"verdict_1","verdict_2","similarity_scale","similarity_binary_0","similarity_binary_1","feature_vector_1","feature_vector_2","score","response","status","last_error"
"SH-16-04-30406-325","ME-16-02-59812-881","1","0","0","{""מותג הרכב"": ""רנו"", ""מספר רישוי"": ""88-687-10"", ""מיקום הנשק ברכב"": ""תא מטען"", ""מספר כלי נשק"": 2, ""מספר עבירה"": ""144 א"", ""סוג עבירה"": ""החזקה נשק"", ""סוג הנשק [תת מקלע מאולתר]"": 1.0, ""סטטוס הנשק"": ""נשק מופרד מתחמושת"", ""תכנון"": ""לא"", ""אופן החזקת הנשק"": ""ברכב"", ""אופן קבלת הנשק"": ""רכש"", ""כמות תחמושת"": ""מחסנית ריקה ובה 0 כדורים, 2 מחסניות"", ""שימוש"": ""לא""}","{""מקום עבודה"": ""בית ספר יסודי"", ""תפקיד בעבודה"": ""מאבטחת"", ""סוג האקדח"": ""תארוס 9 מ\\""מ"", ""תקופת העבירות"": ""יולי 2015 - פברואר 2016"", ""סוגי סמים"": ""חשיש, הרואין"", ""כמות סם הרואין"": ""ארבע חבילות"", ""מחיר מכירת הנשק"": ""8,000 ₪"", ""סכום כסף במזומן"": ""8,000 ₪"", ""שם הקונה"": ""מחמוד צאלוק"", ""סיבת מכירת הנשק"": ""צורך בכסף לרכישת סמים"", ""תיאור האירוע המזויף"": ""שוד בו נגנב האקדח"", ""תגובת מעבידה לאירוע השוד"": ""פנייה מיידית למשטרה"", ""תאריך הדיווח על השוד"": ""18.2.16"", ""מספר עבירה"": ""144 ב"", ""סוג עבירה"": ""סחר בנשק"", ""עבירות נוספות"": ""הנאשם הואשם והורשע בנוסף לעבירת נשק (סחר בנשק לפי סעיף 144(ב2)), גם בעבירות מסירת ידיעה כוזבת על עבירת פשע (סעיף 243 לחוק העונשין) ושיבוש הליכי משפט (סעיף 244 לחוק העונשין). אלו אינן עבירות נשק."", ""סוג הנשק [אקדח]"": 1.0, ""סטטוס הנשק"": ""נשק מופרד מתחמושת"", ""תכנון"": ""לא"", ""אופן החזקת הנשק"": ""בבית"", ""כמות תחמושת"": ""2 מחסניות, 20 כדורים"", ""מטרה-סיבת העבירה"": ""בצע כסף"", ""שימוש"": ""לא""}","15.0","1. **סוג העבירה וחומרתה**: תיק 1 עוסק בהחזקה של נשק (144א), בעוד תיק 2 עוסק בסחר בנשק (144ב) — עבירה חמורה יותר, עם מוטיב מסחרי ומעורבות בפשע נוסף. הבדל מהותי בדרגת החומרה ובמטרה.

2. **תפקיד הנאשם ומעורבותו**: בתיק 1 — החזקה סתמית, ללא מוטיב מסחרי או פשע נוסף; בתיק 2 — נשק מופעל כחלק מפעילות מסחרית, עם שיבוש הליכים וידיעה כוזבת. מעורבות פעילה, מכוונת ומעורבת בפשע.

3. **שיטת הביצוע (MO)**: בתיק 1 — נשק מוחזק ברכב, ללא תכנון, ללא שימוש; בתיק 2 — נשק מוחזק בבית, נמכר, עם תיאור מזויף של שוד, ומעורבות בפשע נוסף. דפוס ביצוע שונה, עם אלמנטים של הונאה ומסחר.

4. **נסיבות הליבה**: בתיק 1 — נשק תקין, מחסניות ריקות, אין תכנון; בתיק 2 — נשק מופרד מתחמושת, תחמושת נמצאת, מטרת עבירה — רכישת סמים, עם עבירות נוספות. סיבת העבירה ועוצמת הפעילות פשעיות שונות.

5. **ישימות כתקדים**: בית המשפט לא יראה את תיק 1 כתקדים לתיק 2 — הבדל במערכת העבירות (החזקה מול סחר), במעורבות, בקושי, ובמונח של עבירות נלוות. אין דמיון מהותי שיאפשר שימוש בתקדים.

SIMILARITY_SCORE: 15","ok",""
"ME-16-05-25902-514","ME-16-11-56385-886","3","1","1","{""מקום רכישת הנשק"": ""קלנסוואה"", ""מקום החזקת הנשק"": ""מקלט בבית"", ""תאריך גניבת הנשק"": ""31.12.13"", ""מספר סידורי של הנשק"": ""682663"", ""סוג הנשק"": ""ברטה"", ""תאריך תחילת החזקת הנשק"": ""פברואר 2016"", ""תאריך נשיאת הנשק"": ""8.5.16"", ""שעת נשיאת הנשק"": ""06:00"", ""מספר עבירה"": ""144 א, 144 ב"", ""סוג עבירה"": ""החזקה נשק, נשיאת נשק"", ""סוג הנשק [אקדח]"": 1.0, ""סטטוס הנשק"": ""נשק עם מחסנית בהכנס"", ""תכנון"": ""לא"", ""אופן החזקת הנשק"": ""בבית, על גופו"", ""אופן קבלת הנשק"": ""רכש"", ""כמות תחמושת"": ""מחסנית ובה 7 כדורים"", ""מטרה-סיבת העבירה"": ""הגנה עצמית"", ""שימוש"": ""לא""}","{""תאריך גניבת הנשק"": ""14.10.07"", ""תאריך החזקת הנשק"": ""18.11.16"", ""דגם הנשק"": ""יריחו"", ""מצב הנשק"": ""דרוך, טעון ומוכן לירי"", ""מספר עבירה"": ""144 א"", ""סוג עבירה"": ""החזקה נשק"", ""סוג הנשק [אקדח]"": 1.0, ""סטטוס הנשק"": ""נשק עם כדור בקנה"", ""תכנון"": ""לא"", ""אופן החזקת הנשק"": ""על גופו"", ""שימוש"": ""לא"", ""כמות תחמושת"": ""ללא""}","35.0","1. **סוג העבירה וחומרתה**: תיק 1 כולל עבירות 144(א) ו-144(ב) — החזקה ונשיאה — בעוד תיק 2 כולל רק 144(א) — החזקה בלבד. הבדל מהותי, שכן נשיאה (144ב) מוסיפה ממד של סיכון ציבורי ומעורבות פעילה, ומעוררת ענישה חמורה יותר.  
2. **תפקיד הנאשם ומעורבותו**: בשתיהן הנשק היה ""על גופו"", אך בתיק 1 יש תיעוד של ""רכישה"" ו""נשיאה"" בזמני ספציפיים, מה שמעיד על מעורבות פעילה; בתיק 2 אין תיעוד של רכישה או תכנון — מעורבות פסיבית יותר.  
3. **שיטת הביצוע (MO)**: שניהם כוללים נשק אקדח טעון עם מחסנית, מחזיקים אותו על גופם — דפוס דומה, אך בתיק 1 יש תיעוד של תאריך נשיאה וזמן, מה שמעיד על תכנון או מודעות — בעוד בתיק 2 אין כל זה.  
4. **נסיבות הליבה**: בתיק 1 יש מטרת ""הגנה עצמית"" ו-7 כדורים — סיבה מוסברת וכמות מוגבלת; בתיק 2 — נשק ""דרוך וטעון ומוכן לירי"" — סיכון גבוה יותר, אך ללא מטרה מוסברת. סדרי גודל דומים, אך סיכון נפשי/ציבורי גבוה יותר בתיק 2.  
5. **ישימות כתקדים**: בהיותו כולל עבירה של נשיאה (144ב), תיק 1 לא יכול לשמש כתקדים לתיק 2 (שנשא רק 144א), אך גם להיפך — תיק 2 לא רלוונטי לתיק 1, שכן הוא חסר את הממד של נשיאה. הבדל מהותי במערכת העבירות.

SIMILARITY_SCORE: 35","ok",""
"ME-18-06-36728-73","ME-16-09-398-589","3","1","1","{""מיקום האירוע"": ""כפר קרע"", ""תאריך האירוע"": ""24.5.18"", ""שעת האירוע"": ""בסמוך לשעה 14:00"", ""זירת האירוע"": ""פנצ'רייה של משפחת עסלי"", ""סוג הרכב של המתלונן"": ""רכב פרטי"", ""מספר פגיעות"": ""פגיעה אחת"", ""מיקום הפגיעה בגוף"": ""ירך רגל ימין"", ""תוצאת הפגיעה"": ""פצע ירי"", ""משך אשפוז המתלונן"": ""עד ליום 31.5.18"", ""סוג המחלוקת"": ""ויכוח בכביש"", ""מספר עבירה"": ""144 ב"", ""סוג עבירה"": ""נשיאת נשק"", ""עבירות נוספות"": ""הנאשם הורשע בנוסף לעבירת נשק (סעיף 144(ב)), גם בעבירת פציעה לפי סעיף 334 לחוק העונשין. עבירה זו אינה עבירת נשק ומהווה עבירה נוספת."", ""סוג הנשק [אקדח]"": 1.0, ""סטטוס הנשק"": ""נשק עם כדור בקנה"", ""תכנון"": ""לא"", ""אופן החזקת הנשק"": ""על גופו, מוסלק - מוסתר"", ""מטרה-סיבת העבירה"": ""סגירת חשבון"", ""שימוש"": ""לא"", ""כמות תחמושת"": ""ללא""}","{""מיקום האירוע"": ""גינה ציבורית בבת-ים"", ""תאריך האירוע"": ""לילה שבין 10.8.16 ל-11.8.16"", ""מרחק ירי"": ""10 מטר"", ""פצעים"": ""פצעי כניסה ויציאה בשוק הימנית"", ""טיפול רפואי"": ""טופל בבית חולים"", ""מספר נפגעים"": 1, ""זהות הנפגע"": ""וויליאם קניסופה"", ""הפתעה"": ""כן"", ""מספר תוקפים"": 2, ""זהות תוקף נוסף"": ""לא ידועה"", ""מספר עבירה"": ""144 ב"", ""סוג עבירה"": ""נשיאת נשק"", ""עבירות נוספות"": ""הנאשם הורשע בנוסף לעבירת נשק (נשיאת נשק שלא כדין לפי סעיף 144(ב)), גם בעבירה של חבלה חמורה בנסיבות מחמירות לפי סעיפים 333 + 335(א)(2+1) לחוק העונשין. זוהי עבירת אלימות חמורה שאינה עבירת נשק."", ""סוג הנשק [אקדח]"": 1.0, ""סטטוס הנשק"": ""נשק עם כדור בקנה"", ""תכנון"": ""כן"", ""אופן החזקת הנשק"": ""על גופו"", ""שימוש"": ""לא"", ""כמות תחמושת"": ""ללא""}","85.0","1. **סוג העבירה וחומרתה**:  
שני התיקים עוסקים בעבירת נשק לפי סעיף 144(ב) — נשיאה — ובהם שימוש בנשק בירי. בנוסף, שניהם כוללים עבירה נוספת של פגיעה/חבלה חמורה. חומרת העבירה דומה — ירי שגרם לפצעים חמורים, עם אשפוז/טיפול רפואי. הבדל קטן: בתיק 2 הוחלפה ""פציעה"" ב""חבלה חמורה בנסיבות מחמירות"", מה שמעיד על חומרה רבה יותר, אך מהות העבירה זהה.

2. **תפקיד הנאשם ומעורבותו**:  
בתיק 1 — נאשם יחיד, מעורב ישירות בירי. בתיק 2 — נאשם אחד מתוך שני תוקפים, אך גם הוא נושא נשק ומשתמש בו. מעורבות פעילה בשני המקרים, אם כי בתיק 2 יש שיתוף פעולה עם תוקף נוסף — אך זה לא מפחית את מעורבותו של הנאשם. דמיון גבוה.

3. **שיטת הביצוע (MO)**:  
שניהם כוללים ירי מטווח קרוב (10 מטר בתיק 2, לא מפורט בתיק 1 אך נגזר מההקשר), נשק מוסתר על הגוף, שימוש ביריה בנסיבות סכסוך. בתיק 2 יש תכנון, בתיק 1 אין — אך זה לא מפריע לדמיון מהותי, שכן עיקר הדמיון בפעולה עצמה — נשיאה + שימוש ביריה בנסיבות אלימות.

4. **נסיבות הליבה**:  
ההבדל העיקרי הוא בתכנון (כן בתיק 2, לא בתיק 1) ובהפתעה (כן בתיק 2). אך היקף הפגיעה דומה — פצעי ירי ברגל/שוק, אשפוז/טיפול. כמות הנשק — אקדח אחד בכל מקרה. סיבה — סכסוך. דמיון גבוה בנסיבות הליבה, עם הבדלים שוליים.

5. **ישימות כתקדים**:  
בית המשפט יראה את שני התיקים כרלוונטיים זה לזה — שניהם עוסקים בנשיאה של נשק עם כדור בקנה, שימוש ביריה בנסיבות אלימות, עבירה נוספת של פגיעה חמורה. הבדלים בפרטים (תוקף נוסף, תכנון) אינם מונעים מהן לשמש כתקדים ענייניים — במיוחד בהקשר של ענישה, שם חשוב הדפוס של נשק + אלימות.

SIMILARITY_SCORE: 85","ok",""
"SH-17-10-10556-234","ME-16-11-13999-863","1","0","0","{""קוטר הקליעים"": ""8 מ\\""מ"", ""מיקום החזקת הנשק"": ""בחצר הסמוכה לבית, מתחת למזרון בערימת זבל"", ""מרחק החזקת הנשק מהבית"": ""100 מטרים"", ""בעלות הנשק"": ""בבעלות אחר"", ""מספר עבירה"": ""144 א"", ""סוג עבירה"": ""החזקה נשק"", ""סוג הנשק [אקדח]"": 1.0, ""סטטוס הנשק"": ""נשק עם מחסנית בהכנס"", ""תכנון"": ""לא"", ""אופן החזקת הנשק"": ""מוסלק - מוסתר"", ""כמות תחמושת"": ""מחסנית ובה 10 כדורים, מחסנית ריקה ובה 0 כדורים"", ""שימוש"": ""לא""}","{""סוג הרכב"": ""מאזדה"", ""שם הנהג"": ""זבידאת סלאמה"", ""מיקום האירוע"": ""סמוך לישוב ראמה"", ""זמן האירוע"": ""26.10.16 בשעה 20:00"", ""סוג האקדח"": ""STAR"", ""קליבר האקדח"": ""9 מ\\""מ פאראבלום"", ""מיקום התקרית"": ""תחנת דלק סמוכה למחסום משטרתי"", ""פעולת הנאשם במעצר"": ""נסיעה לתוך תחנת דלק וניסיון להמשיך בנסיעה"", ""מספר עבירה"": ""144 א, 144 ב"", ""סוג עבירה"": ""החזקה נשק, נשיאת נשק, הובלת נשק"", ""סוג הנשק [אקדח]"": 1.0, ""סטטוס הנשק"": ""נשק עם מחסנית בהכנס"", ""תכנון"": ""לא"", ""אופן החזקת הנשק"": ""ברכב, על גופו"", ""כמות תחמושת"": ""מחסנית ובה כדורים, מחסנית נוספת ובה כדורים"", ""שימוש"": ""לא""}","25.0","1. **סוג העבירה וחומרתה**: תיק 1 עוסק בהחזקה בלבד (144א), בעוד תיק 2 כולל גם נשיאה והובלה (144ב) — חומרה רבה יותר. זה הבדל מהותי בתקיפות העבירה, ולכן לא ניתן לראות בהם עבירות דומות בחומרתן.

2. **תפקיד הנאשם ומעורבותו**: בתיק 1 — החזקה פסיבית, נשק לא בבעלותו, מוסתר מחוץ לבית. בתיק 2 — נשק על גופו ברכב, תוך נסיעה פעילה, מה שמעיד על מעורבות פעילה ומעורבות בפעילות ניידת. מעורבותו של הנאשם בתיק 2 היא דינמית ופעילה יותר.

3. **שיטת הביצוע (MO)**: בתיק 1 — נשק מוסתר בחצר, ללא תכנון, ללא שימוש. בתיק 2 — נשק נושא על גופו ברכב, בנסיעה, בקרבת מחסום — סגנון ביצוע דינמי, עם סיכון גבוה יותר. אין דפוס דומה.

4. **נסיבות הליבה**: בתיק 1 — כמות תחמושת קטנה (10 כדורים), נשק לא בבעלותו, ללא תכנון. בתיק 2 — כמות תחמושת גדולה יותר (מחסניות עם כדורים), נשק ברכב, בקרבת מחסום — נסיבות מחמירות יותר. גם סדר הגודל של התחמושת שונה.

5. **ישימות כתקדים**: מכיוון שתיק 1 הוא 144א בלבד, והוא מוגדר כהחזקה פסיבית, הוא לא יתאים כתקדים לתיק 2 שכולל 144ב — עבירה של נשיאה/הובלה. בית המשפט לא יראה בהם דמיון מהותי לצורכי ענישה.

SIMILARITY_SCORE: 25","ok",""
"SH-17-10-10556-234","m08000207-175","1","0","0","{""קוטר הקליעים"": ""8 מ\\""מ"", ""מיקום החזקת הנשק"": ""בחצר הסמוכה לבית, מתחת למזרון בערימת זבל"", ""מרחק החזקת הנשק מהבית"": ""100 מטרים"", ""בעלות הנשק"": ""בבעלות אחר"", ""מספר עבירה"": ""144 א"", ""סוג עבירה"": ""החזקה נשק"", ""סוג הנשק [אקדח]"": 1.0, ""סטטוס הנשק"": ""נשק עם מחסנית בהכנס"", ""תכנון"": ""לא"", ""אופן החזקת הנשק"": ""מוסלק - מוסתר"", ""כמות תחמושת"": ""מחסנית ובה 10 כדורים, מחסנית ריקה ובה 0 כדורים"", ""שימוש"": ""לא""}","{""זמן האירוע"": ""12.7.08 בשעה 00:55"", ""מיקום האירוע"": ""סמוך לצומת הערבה"", ""סוג הנשק [קוטר]"": ""0.9 מ\\""מ"", ""משקל החשיש"": ""1.36 גרם נטו"", ""מספר עבירה"": ""144 ב"", ""סוג עבירה"": ""נשיאת נשק"", ""עבירות נוספות"": ""הנאשם הורשע בנוסף לעבירות נשק (סעיף 144(ב) לחוק העונשין) גם בשתי עבירות של החזקת סם לצריכה עצמית בלבד, לפי סעיף 7(א)+(ג) סיפא לפקודת הסמים המסוכנים."", ""סוג הנשק [אקדח]"": 1.0, ""סטטוס הנשק"": ""נשק עם מחסנית בהכנס"", ""תכנון"": ""לא"", ""אופן החזקת הנשק"": ""ברכב"", ""כמות תחמושת"": ""מחסנית ובה 15 כדורים, מחסנית ובה 10 כדורים"", ""שימוש"": ""לא""}","15.0","1. **סוג העבירה וחומרתה**: תיק 1 עוסק בהחזקה של נשק (144א), בעוד תיק 2 עוסק בנשיאה/הובלה של נשק (144ב) — עבירה חמורה יותר. ההבדל בין ""החזקה"" ל""נשיאה"" הוא מהותי בחוק, ולכן אין דמיון מהותי בדרגת החומרה.

2. **תפקיד הנאשם ומעורבותו**: בתיק 1 הנשק לא בבעלותו, והחזקה מוסתרת — מעורבות פסיבית/שומרת. בתיק 2 הנשיאה נעשתה ברכב, ככל הנראה בפעילות ניידת — מעורבות פעילה. אין דמיון במעורבות.

3. **שיטת הביצוע (MO)**: בתיק 1 הנשק מוסתר בחצר, בתיק 2 נושא ברכב — דפוסי ביצוע שונים. אין דמיון ב-MO.

4. **נסיבות הליבה**: כמות התחמושת דומה (10-15 כדורים), אך בתיק 2 יש גם עבירות סמים — נושא נוסף שלא קיים בתיק 1. אין דמיון בנסיבות הליבה.

5. **ישימות כתקדים**: מאחר ועבירה 144א לא יכולה לשמש כתקדים לעבירה 144ב (הבדל מהותי בחומרה ובהגדרה), ובנוסף אין דמיון במעורבות, MO או נסיבות — אין יישום כתקדים.

SIMILARITY_SCORE: 15","ok",""
"SH-18-06-11098-353","ME-16-03-54615-517","1","0","0","{""סוג רובה"": ""גליל"", ""מספר סידורי נשק"": ""נמחק"", ""תאריך תפיסה"": ""23/05/18"", ""סוג תחמושת"": ""מחסניות ותחמושת"", ""מספר עבירה"": ""144 א"", ""סוג עבירה"": ""החזקה נשק"", ""סוג הנשק [רובה סער]"": 1.0, ""סטטוס הנשק"": ""נשק מופרד מתחמושת"", ""תכנון"": ""לא"", ""אופן החזקת הנשק"": ""בבית, מוסלק - מוסתר"", ""שימוש"": ""לא"", ""כמות תחמושת"": ""ללא""}","{""מיקום המפגשים"": ""סמוך לביתו של מחמד"", ""מספר תתי מקלע שהועברו"": 2, ""סכום התשלום"": ""3000 ₪"", ""תקלות בנשק"": ""שני תתי מקלע לא ירו"", ""משך הזמן להשגת הנשק"": ""שלושה ימים"", ""משך הזמן להחלפת הנשק"": ""כשבוע"", ""מספר עבירה"": ""144 ב"", ""סוג עבירה"": ""סחר בנשק"", ""סוג הנשק [תת מקלע]"": 1.0, ""סטטוס הנשק"": ""תקול"", ""תכנון"": ""כן"", ""מטרה-סיבת העבירה"": ""בצע כסף"", ""שימוש"": ""לא"", ""כמות תחמושת"": ""ללא""}","15.0","1. **סוג העבירה וחומרתה**: תיק 1 עוסק בהחזקה של נשק (144א), בעוד תיק 2 עוסק בסחר בנשק (144ב) – עבירה חמורה יותר, עם מוטיב כספי ותכנון. ההבדל מהותי – 144א לא יכול לשמש כתקדים ל-144ב.  
2. **תפקיד הנאשם ומעורבותו**: בתיק 1 – החזקה פסיבית, בבית, מוסתר; בתיק 2 – מעורבות פעילה בסחר, תכנון, ומעורבות במתן/קבלה של נשק. דרגת מעורבות ותפקיד שונים.  
3. **שיטת הביצוע (MO)**: בתיק 1 – נשק מוסתר בבית, ללא תכנון או שימוש; בתיק 2 – עיסוק מסחרי, תכנון, ניסיון שימוש, נשק תקול. אין דפוס דומה.  
4. **נסיבות הליבה**: כמות נשק (רובה אחד מול שני תת-מקלעים), סטטוס (תקין מול תקול), תכנון (לא מול כן), מטרת העבירה (החזקה מול רווח כספי). הבדלים משמעותיים.  
5. **ישימות כתקדים**: אין דמיון מהותי – עבירה שונה, רמת חומרה שונה, ניסיון שימוש, תכנון, מוטיב כספי. בית משפט לא יראה ב-144א תקדים ל-144ב.

SIMILARITY_SCORE: 15","ok",""
"ME-17-05-633-549","ME-19-04-1316-977","3","1","1","{""סוג הנשק [אקדח חצי אוטומטי]"": 1.0, ""סוג הנשק [אקדח חלוואני]"": 1.0, ""מחיר רכישה תת מקלע"": ""7,000 ₪"", ""מחיר מכירה אקדח חלוואני"": ""14,000 ₪"", ""שותפים לעבירה"": ""נצרי ח'ליפה"", ""מיקום עבירה"": ""בית רביע חוסיין"", ""שנת עבירה"": ""2013, 2015"", ""סוג תחמושת"": ""כדור או קלע"", ""פונקציונליות הנשק"": ""מנגנון הדק חסר, מנגנון הדק מאולתר"", ""מספר עבירה"": ""144 א, 144 ב"", ""סוג עבירה"": ""החזקה נשק, סחר בנשק"", ""סוג הנשק [אקדח]"": 1.0, ""סוג הנשק [תת מקלע מאולתר]"": 1.0, ""סטטוס הנשק"": ""נשק מופרד מתחמושת"", ""תכנון"": ""כן"", ""אופן החזקת הנשק"": ""מוסלק - מוסתר"", ""אופן קבלת הנשק"": ""רכש"", ""כמות תחמושת"": ""2 מחסניות, מאות כדורים, 2 מחסניות ריקה ובהן 0 כדורים"", ""מטרה-סיבת העבירה"": ""בצע כסף"", ""שימוש"": ""לא""}","{""מיקום העסקה"": ""א-ראם"", ""סוג התחמושת"": ""כדורי M16, כדורי 5.56 מ\\""מ"", ""כמות כדורים נוספת"": ""1,100 כדורים"", ""מחיר העסקה"": ""17,000 ₪, 19,000 ₪"", ""תאריכים רלוונטיים"": ""10.2.2019, 14.2.2019, 17.2.2019, 18.2.2019, 26.2.2019, 3.3.2019, 13.3.2019, 17.3.2019, 18.3.2019"", ""זהות הסוכן"": ""לוחם מספר 188, עלי"", ""תפקיד הסוכן"": ""שוטר, סוכן מטעם משטרת ישראל"", ""סוג הנשק המוצע למכירה"": ""קרלו"", ""מצב הנשק"": ""מקולקל"", ""התקשרות עם צד שלישי"": ""האחר"", ""מידע על צד שלישי"": ""האחר מתעכב, הנשק מקולקל"", ""הבטחת נשק נוסף"": ""הבטחה להשיג אקדח בעתיד"", ""תקופה עתידית להשגת נשק"": ""עד לחודש הרמדאן"", ""מספר עבירה"": ""144 ב"", ""סוג עבירה"": ""סחר בנשק, ניסיון לסחר בנשק"", ""סוג הנשק [אקדח]"": 1.0, ""סוג הנשק [תת מקלע מאולתר]"": 1.0, ""סטטוס הנשק"": ""תקול"", ""תכנון"": ""לא"", ""אופן החזקת הנשק"": ""ברכב"", ""כמות תחמושת"": ""מחסנית, 900 כדורים"", ""מטרה-סיבת העבירה"": ""בצע כסף"", ""שימוש"": ""לא""}","35.0","1. **סוג העבירה וחומרתה**:  
שני התיקים עוסקים בסחר בנשק (144ב), אך תיק 1 כולל גם החזקה (144א), בעוד תיק 2 מוגדר כניסיון לסחר. חומרת העבירה דומה, אך היות שתיק 2 הוא ניסיון, יש הבדל מהותי במערכת הענישה — ניסיון בדרך כלל מוענק בפחת מהעבירה המושלמת.

2. **תפקיד הנאשם ומעורבותו**:  
בתיק 1 הנאשם הוא יזם/סוחר (רכש, מוסתר, תכנון), בתיק 2 הסוכן הוא שוטר/סוכן של משטרה, והעבירה מתבצעת במסגרת חקירה — כלומר, מעורבות פסיבית/מונעת. זה הבדל מהותי בתפקיד ובהקשר.

3. **שיטת הביצוע (MO)**:  
בתיק 1 יש תכנון, נשק מפורק, מוסתר, ומעורבות ישירה. בתיק 2 אין תכנון, הנשק מקולקל, והעבירה מתבצעת דרך סוכן — דפוס ביצוע שונה לחלוטין, גם אם המטרה זהה (""בצע כסף"").

4. **נסיבות הליבה**:  
כמות התחמושת דומה (מאות-אלפי כדורים), אך בתיק 1 יש מחסניות ריקות ומנגנון מאולתר, ובתיק 2 הנשק מקולקל ומעורבות של צד שלישי. גם אם הסכומים דומים, ההקשר של נשק מקולקל וסוכן משטרה מפחית את החומרה.

5. **ישימות כתקדים**:  
בית המשפט לא יראה את התיקים כרלוונטיים זה לזה — אחד הוא עבירה מושלמת עם תכנון וניהול, השני הוא ניסיון עם סוכן משטרה ונשק לא תקין. ההבדלים במעורבות, במערכת הענישה, ובמצב הנשק מונעים את השימוש באחד כתקדים לשני.

SIMILARITY_SCORE: 35","ok",""
"ME-16-04-12480-812","ME-13-10-28139-807","3","1","1","{""מיקום האירועים"": ""טירת הכרמל, בית המתלונן, אתר בניה"", ""סוג הרכב"": ""רכב פרטי"", ""סוג הנשק באירוע הראשון"": ""נשק חם"", ""כמות הקליעים באירוע השני"": ""12 קליעים"", ""מיקום התחמושת באירוע השלישי"": ""בזחל של כלי עבודה, מתחת לתקרה אקוסטית"", ""סכום החוב"": ""300 שקלים"", ""זמן המעשה מהוויכוח"": ""פחות משעה וחצי"", ""זמן המעשה מהאירוע הקודם"": ""יומיים, יום אחד"", ""מספר עבירה"": ""144 א, 144 ב"", ""סוג עבירה"": ""החזקה נשק, נשיאת נשק, הובלת נשק"", ""עבירות נוספות"": ""הנאשם הורשע בנוסף לעבירות נשק (סעיף 144) גם בעבירות של ניסיון חבלה חמורה בנסיבות מחמירות (סעיפים 25 + 335 + 333 לחוק העונשין) ואיומים (סעיף 192 לחוק העונשין)."", ""סוג הנשק [תת מקלע מאולתר]"": 1.0, ""סוג הנשק - אם לא נמצא בטבלה"": ""נשק"", ""סטטוס הנשק"": ""נשק עם כדור בקנה"", ""תכנון"": ""כן"", ""אופן החזקת הנשק"": ""ברכב, על גופו, מוסלק - מוסתר"", ""כמות תחמושת"": ""17 כדורים"", ""שימוש"": ""לא""}","{""מיקום האירוע"": ""רהט"", ""קורבן"": ""מתלונן ובנו קטין"", ""גיל הקורבן"": ""18"", ""סוג הרכב"": ""רכב פרטי"", ""מיקום פגיעת הירי"": ""דלת הנהג"", ""מספר יריות"": ""מספר יריות"", ""פגיעה ברכב"": ""כן"", ""נזק לרכב"": ""קליעים חדרו לדלת הנהג"", ""התנהלות הנאשם לאחר הירי"": ""נמלט מהמקום"", ""סוג המחלוקת"": ""שימוש בספסל בטון"", ""פעולה שקדמה לאירוע"": ""מריחת שמן על הספסל"", ""מספר עבירה"": ""144 א"", ""סוג עבירה"": ""החזקה נשק"", ""עבירות נוספות"": ""הנאשם הורשע, בנוסף לעבירות נשק לפי סעיף 144(א), גם בעבירת ניסיון לחבלה חמורה בנסיבות מחמירות לפי סעיפים 333+335(א)(1) ו-25 לחוק העונשין. מדובר בעבירת אלימות חמורה שאינה עבירת נשק."", ""סוג הנשק [אקדח]"": 1.0, ""סטטוס הנשק"": ""נשק עם כדור בקנה"", ""תכנון"": ""כן"", ""אופן החזקת הנשק"": ""על גופו"", ""מטרה-סיבת העבירה"": ""פגיעה בכבוד"", ""שימוש"": ""לא"", ""כמות תחמושת"": ""ללא""}","55.0","1. **סוג העבירה וחומרתה**:  
שני התיקים כוללים עבירות לפי סעיף 144, אך תיק 1 כולל גם 144(ב) (נשיאה/הובלה), בעוד תיק 2 מוגבל ל-144(א) (החזקה בלבד). בנוסף, שניהם כוללים ניסיון חבלה חמורה — אך בתקיפה אלימה (בתיק 2) לעומת ניסיון חבלה עם נשק (בתיק 1). חומרת העבירה דומה, אך הבדל בתקיפה (נשיאה מול החזקה) פוגע בדמיון מהותי.

2. **תפקיד הנאשם ומעורבותו**:  
בשני התיקים הנאשם מעורב ישירות, מחזיק נשק, מתכנן ומשתמש בו — מעורבות פעילה ומרכזית. אין הבדל מהותי במעורבות.

3. **שיטת הביצוע (MO)**:  
שניהם כוללים תכנון, שימוש בנשק עם כדור בקנה, ירי ברכב, סכסוך כמניע, ונמלט לאחר הירי. דפוס דומה מאוד — גם בהקשר של נשק, גם בהקשר של התנהגות לאחר הירי.

4. **נסיבות הליבה**:  
בשני התיקים יש ירי, תכנון, נשק עם כדור בקנה, סכסוך כמניע. אך בתקיף 1 יש כמות תחמושת גדולה יותר (17 כדורים מול כמות לא מדויקת בתקיף 2), ובהקשר של נשק — תיק 1 כולל נשק מאולתר (תת-מקלע, רובה סער) ועבירה של נשיאה/הובלה, בעוד תיק 2 מוגבל לאקדח ולחזקה בלבד. גם נסיבות המחמירות שונות — בתקיף 1 יש עבירות נוספות של איומים, בתקיף 2 יש פגיעה בקטין.

5. **ישימות כתקדים**:  
בבית המשפט, תיק 2 (החזקה בלבד) לא ייחשב כתקדים רלוונטי לתיק 1 (שכולל גם נשיאה/הובלה), שכן הבדל זה מהותי לפי עקרונות הענישה. גם אם הדפוס דומה, הבדל בתקיפה ובסוג העבירה מפחית את הרלוונטיות.

SIMILARITY_SCORE: 55","ok",""
"ME-17-05-633-549","ME-09-05-16192-355","1","0","0","{""סוג הנשק [אקדח חצי אוטומטי]"": 1.0, ""סוג הנשק [אקדח חלוואני]"": 1.0, ""מחיר רכישה תת מקלע"": ""7,000 ₪"", ""מחיר מכירה אקדח חלוואני"": ""14,000 ₪"", ""שותפים לעבירה"": ""נצרי ח'ליפה"", ""מיקום עבירה"": ""בית רביע חוסיין"", ""שנת עבירה"": ""2013, 2015"", ""סוג תחמושת"": ""כדור או קלע"", ""פונקציונליות הנשק"": ""מנגנון הדק חסר, מנגנון הדק מאולתר"", ""מספר עבירה"": ""144 א, 144 ב"", ""סוג עבירה"": ""החזקה נשק, סחר בנשק"", ""סוג הנשק [אקדח]"": 1.0, ""סוג הנשק [תת מקלע מאולתר]"": 1.0, ""סטטוס הנשק"": ""נשק מופרד מתחמושת"", ""תכנון"": ""כן"", ""אופן החזקת הנשק"": ""מוסלק - מוסתר"", ""אופן קבלת הנשק"": ""רכש"", ""כמות תחמושת"": ""2 מחסניות, מאות כדורים, 2 מחסניות ריקה ובהן 0 כדורים"", ""מטרה-סיבת העבירה"": ""בצע כסף"", ""שימוש"": ""לא""}","{""זמן האירוע"": ""19.5.09, 23:30"", ""מיקום האירוע"": ""אום אל פחם"", ""סוג הרכב"": ""טויוטה"", ""בעלות הרכב"": ""בן משפחת הנאשם, אחמד מחאג'נה"", ""פעולת המילוט"": ""ניסיון להימלט מהשוטרים על ידי נסיעה לאחור"", ""תגובת השוטרים"": ""רדיפה אחר הרכב ודימום הרכב"", ""סוג התחמושת"": ""כדורי 9 מ\\""מ"", ""מספר עבירה"": ""144 ב"", ""סוג עבירה"": ""נשיאת נשק, הובלת נשק"", ""סוג הנשק [תת מקלע]"": 1.0, ""סטטוס הנשק"": ""נשק עם מחסנית בהכנס"", ""תכנון"": ""לא"", ""אופן החזקת הנשק"": ""ברכב"", ""כמות תחמושת"": ""מחסנית ובה 10 כדורים"", ""שימוש"": ""לא""}","25.0","1. **סוג העבירה וחומרתה**:  
תיק 1 כולל עבירות של החזקה וסחר בנשק (144א ו-144ב), בעוד תיק 2 מוגדר כנשיאה/הובלה בלבד (144ב). ההבדל בין החזקה לסחר לנשיאה/הובלה הוא מהותי – סחר מעיד על עבירה מסחרית ומעורבות רחבה יותר, מה שמעיד על חומרה רבה יותר. לכן, אין דמיון מהותי בדרגת החומרה.

2. **תפקיד הנאשם ומעורבותו**:  
בתיק 1, הנאשם מעורב ברכישת נשק, תכנון, וסחר – מעורבות פעילה ויזמיתית. בתיק 2, הנשק נמצא ברכב של בן משפחה, והנאשם נוהג ברכב עם נשק – מעורבות פסיבית יותר, אולי אפילו לא מודעת. אין דמיון במעורבות.

3. **שיטת הביצוע (MO)**:  
בתיק 1 – נשק מפורק, מוסתר, רכוש, תכנון. בתיק 2 – נשק מוכן לשימוש (מחסנית בהכנס), נושא ברכב, ללא תכנון, ניסיון בריחה. סגנון ביצוע שונה לחלוטין – אחד מוסתר ומעורב, השני פתאומי ומעורב בבריחה.

4. **נסיבות הליבה**:  
כמות תחמושת: בתיק 1 – מאות כדורים, בתיק 2 – 10 כדורים. תכנון: כן מול לא. שימוש: לא בשני המקרים, אך בתיק 2 הנשק היה מוכן לשימוש. סדרי גודל ונסיבות שונות – אין דמיון מהותי.

5. **ישימות כתקדים**:  
בית המשפט לא יראה בתיק 2 תקדים לתיק 1 – הבדלים במעורבות, חומרה, תכנון, וסוג העבירה (סחר מול נשיאה). תקדים של 144ב לא רלוונטי לתיק 144א+ב עם סחר, במיוחד כשמדובר במעורבות מסחרית ותכנון.

SIMILARITY_SCORE: 25","ok",""
"ME-16-05-336-804","ME-15-12-39071-113","1","0","0","{""זמן האירוע"": ""שעת ערב"", ""מיקום האירוע"": ""טקס חינה"", ""תאריך האירוע"": ""24/04/16"", ""סוג הנשק המדויק"": ""תת מקלע מאולתר מסוג קרל גוסטב"", ""פעולה במהלך האירוע"": ""פריקת נשק"", ""התנהלות במהלך נסיעה"": ""הימלטות מהמשטרה"", ""מספר כביש"": ""24"", ""מעורבות צד שלישי"": ""רדואן סמארה"", ""מספר עבירה"": ""144 ב"", ""סוג עבירה"": ""נשיאת נשק, הובלת נשק"", ""סוג הנשק [תת מקלע מאולתר]"": 1.0, ""סטטוס הנשק"": ""נשק מופרד מתחמושת"", ""תכנון"": ""לא"", ""אופן החזקת הנשק"": ""ברכב, על גופו"", ""כמות תחמושת"": ""2 מחסניות ריקות ובהן 0 כדורים, 26 כדורים"", ""שימוש"": ""לא""}","{""מותג הרכב"": ""מזדה 3"", ""מספר רישוי"": ""71-098-16"", ""מיקום האירוע"": ""כביש מספר 1, בסמוך למחלף הראל"", ""זמן האירוע"": ""22:30"", ""תאריך האירוע"": ""12.10.13"", ""מיקום הנשק ברכב"": ""מתחת לשטיח שמתחת למושב הסמוך לנהג"", ""סוג הנשק"": ""אקדח חצי אוטומטי מסוג סטאר"", ""מספר עבירה"": ""144 א"", ""סוג עבירה"": ""החזקה נשק"", ""סוג הנשק [אקדח]"": 1.0, ""סטטוס הנשק"": ""תקין"", ""תכנון"": ""לא"", ""אופן החזקת הנשק"": ""ברכב, מוסלק - מוסתר"", ""מטרה-סיבת העבירה"": ""הגנה עצמית"", ""שימוש"": ""לא"", ""כמות תחמושת"": ""ללא""}","20.0","1. **סוג העבירה וחומרתה**: תיק 1 עוסק בנשיאה והובלת נשק (144(ב)) — עבירה חמורה יותר — בעוד תיק 2 עוסק בהחזקה בלבד (144(א)), שמהווה עבירה פחות חמורה. ההבדל מהותי בחומרה ובסוג העבירה מפחית דמיון מהותי.

2. **תפקיד הנאשם ומעורבותו**: בתיק 1 הנאשם מעורב בפעולה פעילה — פריקת נשק, הימלטות, נסיעה עם נשק — בעוד בתיק 2 הנשק מוסתר, ללא שימוש, ובמטרה של הגנה עצמית — מעורבות פסיבית יותר. ההבדל במעורבות פוגע בדמיון.

3. **שיטת הביצוע (MO)**: בתיק 1 יש נשק מאולתר, פריקה, הימלטות — דפוס של עבירה אגרסיבית. בתיק 2 — נשק פרטי, מוסתר, ללא שימוש — דפוס של אחסון. אין דמיון בדפוס ביצוע.

4. **נסיבות הליבה**: בתיק 1 — כמות תחמושת (26 כדורים), נשק מאולתר, פריקה, נסיעה בכביש 24 עם רדואן סמארה — נסיבות מחמירות. בתיק 2 — נשק תקין, מוסתר, ללא תחמושת מוזכרת, מטרה של הגנה — נסיבות קלות יותר. אין דמיון בנסיבות.

5. **ישימות כתקדים**: בהתחשב בהבדלים מהותיים בסוג העבירה (144(ב) מול 144(א)), בדפוס הביצוע, בחומרה ובנסיבות — בית משפט לא יראה בתיק 2 תקדים רלוונטי לתיק 1. ההבדלים מהותיים מדי.

SIMILARITY_SCORE: 20","ok",""
"ME-16-10-12213-904","ME-09-05-16192-355","3","1","1","{""סוג הרכב"": ""סובארו"", ""בעלות על הרכב"": ""רשום על שם אחיו, מג'ד"", ""מיקום החזקת הנשק"": ""מתחת לכיסא הנוסע שליד הנהג"", ""מיקום המחסנית"": ""מתחת לכיסא הנוסע שליד הנהג"", ""מיקום הכדור"": ""במכנסי הנאשם"", ""סוג התחמושת"": ""כדור 9 מ\\""מ"", ""מיקום החזקת הנשק בעת המעצר"": ""במוסך"", ""מיקום המחסנית בעת המעצר"": ""במוסך"", ""מיקום הכדור בעת המעצר"": ""במכנסי הנאשם"", ""מספר עבירה"": ""144 ב"", ""סוג עבירה"": ""נשיאת נשק"", ""סוג הנשק [תת מקלע מאולתר]"": 1.0, ""סטטוס הנשק"": ""נשק מופרד מתחמושת"", ""תכנון"": ""כן"", ""אופן החזקת הנשק"": ""ברכב, מוסלק - מוסתר"", ""כמות תחמושת"": ""מחסנית ריקה ובה 0 כדורים, 1 כדור"", ""שימוש"": ""לא""}","{""זמן האירוע"": ""19.5.09, 23:30"", ""מיקום האירוע"": ""אום אל פחם"", ""סוג הרכב"": ""טויוטה"", ""בעלות הרכב"": ""בן משפחת הנאשם, אחמד מחאג'נה"", ""פעולת המילוט"": ""ניסיון להימלט מהשוטרים על ידי נסיעה לאחור"", ""תגובת השוטרים"": ""רדיפה אחר הרכב ודימום הרכב"", ""סוג התחמושת"": ""כדורי 9 מ\\""מ"", ""מספר עבירה"": ""144 ב"", ""סוג עבירה"": ""נשיאת נשק, הובלת נשק"", ""סוג הנשק [תת מקלע]"": 1.0, ""סטטוס הנשק"": ""נשק עם מחסנית בהכנס"", ""תכנון"": ""לא"", ""אופן החזקת הנשק"": ""ברכב"", ""כמות תחמושת"": ""מחסנית ובה 10 כדורים"", ""שימוש"": ""לא""}","45.0","1. **סוג העבירה וחומרתה**:  
שניהם涉及 עבירה לפי סעיף 144(ב) – נשיאת/הובלת נשק, כלומר עבירה חמורה יותר מהחזקה בלבד. חומרתה דומה, אך תיק 2 כולל הובלה ומחסנית מוכנה (10 כדורים), בעוד תיק 1 מוגבל לכדור בודד ומחסנית ריקה – מה שמעיד על חומרה נמוכה יותר בפועל.

2. **תפקיד הנאשם ומעורבותו**:  
בשני התיקים הנאשם הוא נושא/הוביל את הנשק ברכב, אך בתיק 2 יש ניסיון מילוט ותגובה של שוטרים – מעורבות פעילה וסיכון גבוה יותר. בתיק 1, הנשק היה מוסתר ומעורבותו של הנאשם נראית פסיבית יותר (החזקה ברכב של אחר).

3. **שיטת הביצוע (MO)**:  
בדמיון חלקי – שניהם השתמשו ברכב כאמצעי להובלת נשק, אך בתיק 2 הנשק היה מוכן לשימוש (מחסנית עם כדורים), ובתיק 1 – נשק מופרד ומחסנית ריקה. גם הפעולה של ניסיון מילוט בתיק 2 מוסיפה ממד של סיכון ותכנון דינמי שלא קיים בתיק 1.

4. **נסיבות הליבה**:  
ההבדל המהותי הוא בכמות התחמושת: 1 כדור מול 10 כדורים – סדר גודל שונה. בנוסף, בתיק 2 יש תכנון מינימלי (או לא), אך ניסיון מילוט – מה שמעיד על התנהגות סוחפת. בתיק 1 יש תכנון, אך נשק לא מוכן לשימוש – מה שמאפשר למתן ענישה קלה יותר.

5. **ישימות כתקדים**:  
בית המשפט יראה את שני התיקים כרלוונטיים זה לזה רק באופן מוגבל – הם נוגעים לאותו סעיף (144ב), אך ההבדלים במעורבות, בהכנה, בכמות התחמושת ובנסיבות המעצר מונעים מהם לשמש כתקדים מדויקים זה לזה. תקדים רלוונטי יידרש להשוואה של עבירות דומות בהיקף, סיכון ותפקוד.

SIMILARITY_SCORE: 45","ok",""
"ME-16-10-9348-780","SH-10-02-25802-731","1","0","0","{""סוג תחמושת"": ""כדורי צייד קליבר 12 מ\\""מ"", ""מקום החזקת התחמושת"": ""מחסן הבית"", ""סכום כסף נגנב"": ""3500 ₪"", ""סכום שיק נגנב"": ""500 ₪"", ""מקום העצירה"": ""קריית גת"", ""מעורבים נוספים"": ""מוחמד יונס, הקטין פ. י."", ""מקום מגורי הקטין"": ""ערערה"", ""מספר עבירה"": ""144 ב"", ""סוג עבירה"": ""נשיאת נשק"", ""סוג הנשק [רובה צייד]"": 1.0, ""סטטוס הנשק"": ""נשק מופרד מתחמושת"", ""תכנון"": ""לא"", ""אופן החזקת הנשק"": ""בבית, ברכב"", ""כמות תחמושת"": ""75 כדורים"", ""שימוש"": ""לא""}","{""מיקום האירוע"": ""כפר מגדל שמס"", ""תאריך האירוע"": ""16/07/09"", ""שעת האירוע"": ""11:00"", ""פוטנציאל לפגיעה באדם"": ""כן"", ""מספר עבירה"": ""144 א"", ""סוג עבירה"": ""החזקה נשק"", ""סוג הנשק [רובה צייד]"": 1.0, ""סוג הנשק - אם לא נמצא בטבלה"": ""אבזר ותחמושת של כלי נשק"", ""סטטוס הנשק"": ""תקול"", ""תכנון"": ""לא"", ""אופן החזקת הנשק"": ""בבית"", ""שימוש"": ""לא"", ""כמות תחמושת"": ""ללא""}","15.0","1. **סוג העבירה וחומרתה**: תיק 1 עוסק בנשיאת נשק (144ב), שמהווה עבירה חמורה יותר מהחזקה בלבד (144א) בתיק 2 — הבדל מהותי בחומרה ובחשיבות ענישתית.  
2. **תפקיד הנאשם ומעורבותו**: בתיק 1 יש מעורבות פעילה (נשיאה, עם תחמושת וכסף נגנב), בעוד בתיק 2 מדובר בהחזקה פסיבית של נשק תקול — הבדל במעורבות ובהקשר פשעי.  
3. **שיטת הביצוע (MO)**: אין דפוס דומה — תיק 1 כולל נסיעה, נשק מופרד מתחמושת, סכום נגנבה, וקשר לסכסוך; תיק 2 — נשק תקול בבית, ללא תכנון או שימוש.  
4. **נסיבות הליבה**: כמות התחמושת, נסיבות הסכסוך, נגנבה ומקום העצירה בתיק 1 מוסיפים חומרה; בתיק 2 אין שום נסיבה מחמירה — הבדל ניכר בנסיבות.  
5. **ישימות כתקדים**: הבדל בין 144(א) ל-144(ב) מונע שימוש בתיק 2 כתקדים לתיק 1, שכן עבירה של ""החזקה"" לא מספקת למדידת עונש עבור ""נשיאה"" — לא רלוונטי עניינית.

SIMILARITY_SCORE: 15","ok",""
"ME-16-05-25902-514","ME-12-05-33444-999","3","1","1","{""מקום רכישת הנשק"": ""קלנסוואה"", ""מקום החזקת הנשק"": ""מקלט בבית"", ""תאריך גניבת הנשק"": ""31.12.13"", ""מספר סידורי של הנשק"": ""682663"", ""סוג הנשק"": ""ברטה"", ""תאריך תחילת החזקת הנשק"": ""פברואר 2016"", ""תאריך נשיאת הנשק"": ""8.5.16"", ""שעת נשיאת הנשק"": ""06:00"", ""מספר עבירה"": ""144 א, 144 ב"", ""סוג עבירה"": ""החזקה נשק, נשיאת נשק"", ""סוג הנשק [אקדח]"": 1.0, ""סטטוס הנשק"": ""נשק עם מחסנית בהכנס"", ""תכנון"": ""לא"", ""אופן החזקת הנשק"": ""בבית, על גופו"", ""אופן קבלת הנשק"": ""רכש"", ""כמות תחמושת"": ""מחסנית ובה 7 כדורים"", ""מטרה-סיבת העבירה"": ""הגנה עצמית"", ""שימוש"": ""לא""}","{""מותג הנשק"": ""ברטה"", ""דגם הנשק"": ""9 מ\\""מ"", ""מספר סידורי של הנשק"": ""D60383Y"", ""מיקום החזקת הנשק ברכב"": ""מתחת למושב הקדמי הימני, בתיק שחור ליד כיסא הנהג, בתא האחסון של דלת הנהג"", ""מקור הנשק"": ""נגנב"", ""בעלות מקורית של הנשק"": ""מר יוסף פלדמן"", ""תאריך הגניבה"": ""11.5.12"", ""מיקום הגניבה"": ""רחובות"", ""מספר עבירה"": ""144 א"", ""סוג עבירה"": ""החזקה נשק"", ""סוג הנשק [אקדח]"": 1.0, ""סטטוס הנשק"": ""נשק עם מחסנית בהכנס"", ""תכנון"": ""לא"", ""אופן החזקת הנשק"": ""ברכב, מוסלק - מוסתר"", ""כמות תחמושת"": ""מחסנית ובה כדורים, מחסנית ובה כדורים, מחסנית ובה כדורים"", ""מטרה-סיבת העבירה"": ""הגנה עצמית"", ""שימוש"": ""לא""}","55.0","1. **סוג העבירה וחומרתה**:  
תיק 1 כולל עבירות 144(א) ו-144(ב) — החזקה ונשיאה — בעוד תיק 2 כולל רק 144(א) — החזקה בלבד. זה הבדל מהותי בחומרה, שכן נשיאה מוסיפה ממד של סיכון ציבורי ומעורבות פעילה.  
**ציון: 60**

2. **תפקיד הנאשם ומעורבותו**:  
בשני התיקים הנאשם מחזיק נשק שנגנב, אך בתיק 1 הוא גם נושא אותו (מעורבות פעילה), ובתיק 2 החזקה מוסתרת ברכב (מעורבות פסיבית יותר). אין עדות ליזום או מסירה — אך ההבדל בנשיאה מוסיף ממד של סיכון.  
**ציון: 70**

3. **שיטת הביצוע (MO)**:  
בשני התיקים הנשק מוסתר (בבית/ברכב), עם מחסניות, ללא תכנון, למטרת הגנה עצמית. דפוס החזקה דומה — אך בתיק 1 יש גם נשיאה, מה שמשנה את הדפוס.  
**ציון: 75**

4. **נסיבות הליבה**:  
כמות תחמושת דומה (מחסניות עם כדורים), נשק נגנב, אין שימוש. בתיק 1 יש תאריך נגיבה מוקדם יותר, אך זה לא משפיע על העניין. הבדל מרכזי — בתיק 1 הנשק נושא, ובתיק 2 הוא מוסתר.  
**ציון: 65**

5. **ישימות כתקדים**:  
בית המשפט לא יראה בתיק 2 תקדים לתיק 1, שכן עבירה של 144(ב) (נשיאה) לא יכולה להיקבע על סמך תקדים של 144(א) בלבד — זה הבדל משפטי מהותי. גם אם המטרות דומות, הממד של ""נשיאה"" מוסיף סיכון שמעיד על מעורבות פעילה.  
**ציון: 40**

SIMILARITY_SCORE: 55","ok",""
"ME-15-08-44579-251","ME-14-12-6904-57","2","0","1","{""סוג הקטנוע"": ""גוימקס"", ""מספר לוחית רישוי"": ""3689624"", ""מצב לוחית רישוי"": ""מזויפת"", ""מצב רישיון נהיגה של ג'וודת"": ""ללא רישיון נהיגה"", ""מיקום האירוע"": ""כביש 4, חדרה, קרבת אזור התעשייה הצפוני"", ""זמן האירוע"": ""10.08.15, 22:05"", ""פעולת השוטר רועי"": ""הבחין בקטנוע, חשד בגניבה, הדליק אורות כחולים, קרא לעצור"", ""תגובת ג'וודת להוראת השוטר"": ""לא שעה, הגביר מהירות, נסע לאזור התעשייה"", ""מסלול המרדף"": ""מכביש 4 לצומת נחל חדרה, פנה ימינה ושמאלה, חזר לכביש 4 לצפון"", ""תיאור המרדף"": ""שתי ניידות נוספות הצטרפו, הפעילו סירנות ואורות כחולים"", ""אירוע בצומת בנימינה"": ""הקטנוע עבר באור אדום, רכב אחר נאלץ לבלום"", ""חסימת המשטרה בצומת בית חנניה"": ""ניידות משטרה ביצעו חסימה, ג'וודת פגע בשתי ניידות"", ""תיאור הבריחה"": ""ג'וודת והנאשם ירדו מהקטנוע והחלו בבריחה רגלית"", ""מיקום זריקת השקית"": ""בשדה חשוף סמוך לצומת"", ""תוצאת המרדף"": ""הנאשם וג'וודת נתפסו על ידי השוטרים לאחר מספר דקות"", ""מספר עבירה"": ""144 ב"", ""סוג עבירה"": ""נשיאת נשק"", ""סוג הנשק [אקדח]"": 1.0, ""סטטוס הנשק"": ""נשק מופרד מתחמושת"", ""תכנון"": ""לא"", ""אופן החזקת הנשק"": ""על גופו, מוסלק - מוסתר"", ""כמות תחמושת"": ""מחסנית ריקה ובה 0 כדורים"", ""שימוש"": ""לא""}","{""מיקום החזקת הנשק"": ""ארון בגדים בחדר השינה"", ""מחיר הנשק"": ""4000 ש\\""ח"", ""מועד רכישת הנשק"": ""כחודש ימים עובר ליום 18.11.2014"", ""מקום מגורים"": ""תל אביב"", ""כמות קנאביס"": ""0.3027 גרם נטו"", ""סוג הנשק"": ""רובה מאולתר מדגם קרל גוסטב"", ""תיאור האופן שבו נשא הנאשם את הנשק"": ""בתוך תיק גב, עטוף בבגדים"", ""מספר עבירה"": ""144 ב"", ""סוג עבירה"": ""נשיאת נשק, הובלת נשק"", ""עבירות נוספות"": ""הנאשם הואשם והורשע בנוסף לעבירת נשק (סעיף 144(ב) לחוק העונשין) גם בעבירה של החזקת סם לצריכה עצמית לפי סעיף 7(א) לפקודת הסמים המסוכנים."", ""סוג הנשק [תת מקלע מאולתר]"": 1.0, ""סטטוס הנשק"": ""נשק מופרד מתחמושת"", ""תכנון"": ""כן"", ""אופן החזקת הנשק"": ""בבית, על גופו, מוסלק - מוסתר"", ""אופן קבלת הנשק"": ""רכש"", ""כמות תחמושת"": ""מחסנית וכדורים, כדורים"", ""שימוש"": ""לא""}","25.0","1. **סוג העבירה וחומרתה**:  
שניהם涉及 עבירה לפי סעיף 144(ב) – נשיאת/הובלת נשק – אך בתקנים שונים: תיק 1 מתאר נשק מופרד מתחמושת (מחסנית ריקה), ותיק 2 מתאר נשק עם תחמושת (מחסנית וכדורים). חומרת העבירה בתקין 2 גבוהה יותר, שכן יש תחמושת – מה שמגדיל את הסיכון הפוטנציאלי.  
**→ דמיון חלקי, אך לא מלא.**

2. **תפקיד הנאשם ומעורבותו**:  
בתיק 1 – הנאשם מעורב בבריחה דרמטית, מרדף, פגיעה בניידות, ועבירה נלווית של נהיגה ללא רישיון ולחימה עם משטרה. בתקין 2 – הנאשם רכש נשק, החזיק אותו בבית ובתיק גב, ומעורב גם בהחזקת סם. מעורבותו פסיבית יותר, ללא התנהגות אלימה או בריחה.  
**→ מעורבות שונה מהותית: פעילה/פוגענית מול פסיבית/מאורגנת.**

3. **שיטת הביצוע (MO)**:  
תיק 1 – עבירה במרחב ציבורי, עם נשק מוסתר על הגוף, תוך בריחה ותוקפנות. תיק 2 – עבירה במרחב פרטי, עם נשק עטוף בתיק גב, לאחר רכישה מכוונת. אין דפוס דומה – אחד מתרחש במרחב ציבורי בדחיפות, השני במרחב פרטי בתכנון.  
**→ אין דמיון בדפוס ביצוע.**

4. **נסיבות הליבה**:  
בתקין 1 – נשק ריק, ללא תכנון, עם עבירות נוספות של נהיגה ובריחה. בתקין 2 – נשק עם תחמושת, תכנון, עבירה נוספת של סמים. עניינים מרכזיים שונים: סיכון מיידי מול סיכון אסטרטגי.  
**→ נסיבות שונות מהותית – לא ניתן להשוות.**

5. **ישימות כתקדים**:  
בית משפט לא יראה את התיקים כרלוונטיים זה לזה לצורכי ענישה – אחד עוסק בבריחה ותוקפנות עם נשק ריק, והשני בתכנון, רכישה וحياית נשק עם תחמושת. ההבדלים במעורבות, סיכון, ותפקוד של הנשק מונעים שימוש בתקין אחד כתקדים למשנהו.  
**→ לא רלוונטי כתקדים ענייני.**

SIMILARITY_SCORE: 25","ok",""
"ME-17-05-633-549","ME-16-03-54615-517","2","0","1","{""סוג הנשק [אקדח חצי אוטומטי]"": 1.0, ""סוג הנשק [אקדח חלוואני]"": 1.0, ""מחיר רכישה תת מקלע"": ""7,000 ₪"", ""מחיר מכירה אקדח חלוואני"": ""14,000 ₪"", ""שותפים לעבירה"": ""נצרי ח'ליפה"", ""מיקום עבירה"": ""בית רביע חוסיין"", ""שנת עבירה"": ""2013, 2015"", ""סוג תחמושת"": ""כדור או קלע"", ""פונקציונליות הנשק"": ""מנגנון הדק חסר, מנגנון הדק מאולתר"", ""מספר עבירה"": ""144 א, 144 ב"", ""סוג עבירה"": ""החזקה נשק, סחר בנשק"", ""סוג הנשק [אקדח]"": 1.0, ""סוג הנשק [תת מקלע מאולתר]"": 1.0, ""סטטוס הנשק"": ""נשק מופרד מתחמושת"", ""תכנון"": ""כן"", ""אופן החזקת הנשק"": ""מוסלק - מוסתר"", ""אופן קבלת הנשק"": ""רכש"", ""כמות תחמושת"": ""2 מחסניות, מאות כדורים, 2 מחסניות ריקה ובהן 0 כדורים"", ""מטרה-סיבת העבירה"": ""בצע כסף"", ""שימוש"": ""לא""}","{""מיקום המפגשים"": ""סמוך לביתו של מחמד"", ""מספר תתי מקלע שהועברו"": 2, ""סכום התשלום"": ""3000 ₪"", ""תקלות בנשק"": ""שני תתי מקלע לא ירו"", ""משך הזמן להשגת הנשק"": ""שלושה ימים"", ""משך הזמן להחלפת הנשק"": ""כשבוע"", ""מספר עבירה"": ""144 ב"", ""סוג עבירה"": ""סחר בנשק"", ""סוג הנשק [תת מקלע]"": 1.0, ""סטטוס הנשק"": ""תקול"", ""תכנון"": ""כן"", ""מטרה-סיבת העבירה"": ""בצע כסף"", ""שימוש"": ""לא"", ""כמות תחמושת"": ""ללא""}","65.0","1. **סוג העבירה וחומרתה**:  
שני התיקים עוסקים בסחר בנשק (144ב), אך תיק 1 כולל גם החזקה (144א), בעוד תיק 2 מוגבל לסחר. חומרת העבירה דומה — סחר בנשק מאולתר — אך היעדר החזקה בתיק 2 מפחית מעט את הדמיון מהותי.

2. **תפקיד הנאשם ומעורבותו**:  
בשני התיקים הנאשם מעורב במכירה/מסירה של נשק מאולתר, ובעיקרון הוא יזם/סוחר (לא שליח). המטרה — ""בצע כסף"" — זהה, מה שמעיד על מעורבות פעילה ומעורבות דומה.

3. **שיטת הביצוע (MO)**:  
בדמיון גבוה: נשק מאולתר (תת מקלע), תכנון, מטרת רווח, נשק לא פונקציונלי (תקול/מאולתר). גם בתקנים טכניים — נשק מפורק/תקול — הדמיון ברור. הבדל קטן: בתיק 1 יש רכישה, בתיק 2 יש החלפה/מסירה.

4. **נסיבות הליבה**:  
כמות תחמושת בתיק 1 מפורטת וגדולה (מאות כדורים), בתיק 2 אין תחמושת מוזכרת — זה הבדל מהותי. גם שימוש — בתיק 1 ""לא"", בתיק 2 ""ניסיון לירי"" — מה שמעיד על ניסיון שימוש, מה שמאחד את העבירה. תכנון ומקום (בית פרטי/קרוב לבית) דומים.

5. **ישימות כתקדים**:  
בית המשפט יראה את התיקים כקרובים — שניהם עוסקים בסחר בנשק מאולתר, תכנון, מטרת רווח. אך הבדלים בפרטים (תחמושת, שימוש, היעדר החזקה בתיק 2) מפחיתים את היכולת להשתמש באחד כתקדים ענייני למשנהו, במיוחד לגבי ענישה. תקדים רלוונטי, אך לא מושלם.

SIMILARITY_SCORE: 65","ok",""
"ME-20-01-62688-591","ME-16-09-398-589","3","1","1","{""סוג הרכב"": ""הונדה שחורה"", ""מספר רישוי"": ""60-201-70"", ""זמן האירוע"": ""16.1.20 בשעה 14:55"", ""מיקום האירוע"": ""עסק בו עבד המתלונן"", ""פגיעה פיזית"": ""שבר פמור שליש פרוקסימלי אספקט קדמי של להקורטקס"", ""אורך הפגיעה"": ""כ 7 ס\\""מ"", ""טיפול רפואי"": ""ניתוח לשחזור ולקיבוע השבר באמצעות מסמר"", ""מקום אשפוז"": ""בית חולים רמב\\""ם"", ""תאריך שחרור מהאשפוז"": ""21.1.20"", ""מקום מעצר הנאשם"": ""תחנת דלק פז בצומת האצטדיון בחיפה"", ""זמן מעצר"": ""סמוך לשעה 15:50 באותו יום"", ""כמות סם"": ""1.5 גרם קוקאין"", ""סכום כסף נמצא"": ""1,950 ₪"", ""מספר עבירה"": ""144 ב"", ""סוג עבירה"": ""נשיאת נשק, הובלת נשק"", ""עבירות נוספות"": ""הנאשם הורשע, בנוסף לעבירות נשק לפי סעיף 144, גם בעבירה של חבלה בכוונה מחמירה לפי סעיף 329(א)(1) לחוק העונשין, ובעבירה של החזקת סם מסוכן לצריכה עצמית לפי סעיפים 7(א) + 7(ג) סיפא לפקודת הסמים המסוכנים."", ""סוג הנשק [אקדח]"": 1.0, ""סטטוס הנשק"": ""נשק עם כדור בקנה"", ""תכנון"": ""כן"", ""אופן החזקת הנשק"": ""ברכב, על גופו"", ""שימוש"": ""לא"", ""כמות תחמושת"": ""ללא""}","{""מיקום האירוע"": ""גינה ציבורית בבת-ים"", ""תאריך האירוע"": ""לילה שבין 10.8.16 ל-11.8.16"", ""מרחק ירי"": ""10 מטר"", ""פצעים"": ""פצעי כניסה ויציאה בשוק הימנית"", ""טיפול רפואי"": ""טופל בבית חולים"", ""מספר נפגעים"": 1, ""זהות הנפגע"": ""וויליאם קניסופה"", ""הפתעה"": ""כן"", ""מספר תוקפים"": 2, ""זהות תוקף נוסף"": ""לא ידועה"", ""מספר עבירה"": ""144 ב"", ""סוג עבירה"": ""נשיאת נשק"", ""עבירות נוספות"": ""הנאשם הורשע בנוסף לעבירת נשק (נשיאת נשק שלא כדין לפי סעיף 144(ב)), גם בעבירה של חבלה חמורה בנסיבות מחמירות לפי סעיפים 333 + 335(א)(2+1) לחוק העונשין. זוהי עבירת אלימות חמורה שאינה עבירת נשק."", ""סוג הנשק [אקדח]"": 1.0, ""סטטוס הנשק"": ""נשק עם כדור בקנה"", ""תכנון"": ""כן"", ""אופן החזקת הנשק"": ""על גופו"", ""שימוש"": ""לא"", ""כמות תחמושת"": ""ללא""}","90.0","1. **סוג העבירה וחומרתה**:  
שני התיקים עוסקים בעבירה לפי סעיף 144(ב) — נשיאת נשק — עם שימוש ביריה, ובהקשר של חבלה חמורה. גם בשתיהן יש תכנון, שימוש בנשק, ופצעים חמורים. חומרת העבירה דומה מאוד — נשק עם כדור בקנה/מחסנית בהכנס, ירי, פציעות רציניות.

2. **תפקיד הנאשם ומעורבותו**:  
בשני המקרים הנאשם מעורב ישירות ביצירת הפגיעה — הוא היורה. אין הבדל בין ""שליח"" ל""יזם""; בשתיהן מעורבות פעילה ומיידית. אין הבדל מהותי בתפקיד.

3. **שיטת הביצוע (MO)**:  
בדומה: נשק אקדח, נושא על גופו, ירי במרחק קצר (10 מטר / לא מפורט אך נגזר מההקשר), תכנון, סכסוך כدافع. גם בשתיהן יש ירי בפומבי (מקום עבודה / גינה ציבורית), עם פגיעה פיזית חמורה.

4. **נסיבות הליבה**:  
בשתיהן יש פגיעה חמורה (שבר פמור / פצעי כניסה ויציאה), טיפול רפואי, אשפוז. כמות הסם בתיק 1 לא רלוונטית לתיק 2, אך היא לא מוסיפה או מפחיתה מהעבירה של נשק. תכנון, מטרה (סכסוך), שימוש בנשק — זהים. הבדל במקומם (חיפה / בת-ים) לא מהותי.

5. **ישימות כתקדים**:  
בית המשפט יראה את שני התיקים כרלוונטיים זה לזה — עבירה זהה (144ב), תכנון, שימוש, פגיעה חמורה, נשק אקדח. גם אם יש הבדלים בפרטים (כגון כמות הסם או שם הנפגע), הם לא משפיעים על הערכת העונש בעבירה של נשק. תקדים רלוונטי.

SIMILARITY_SCORE: 90","ok",""
"ME-16-06-42987-901","ME-16-06-44840-433","3","1","1","{""שנת לידה"": ""1997"", ""מקום האירוע"": ""שכונת גילה, ירושלים"", ""סוג הרימון"": ""רימון הלם"", ""מטרת השימוש בנשק"": ""הטלת אימה"", ""מקום השימוש בנשק"": ""חצר בית משפחה"", ""תוצאת השימוש בנשק"": ""הרימון התפוצץ"", ""שותפים לאירוע"": ""אמיר סלמה"", ""סוג הנשק הנוסף"": ""רימון גז"", ""כמות הרימונים הנוספים"": ""שני רימוני הלם"", ""סוג הסם בתיק הסמים"": ""חשיש"", ""כמות הסם"": ""גרמים בודדים"", ""תקופת המכירות"": ""מאי ויוני 2016"", ""מחיר הסם"": ""בין 100 ל-400 שקלים"", ""סוג הפריט המוגנב"": ""אופניים חשמליים"", ""שווי הפריט המוגנב"": ""3,000 שקלים"", ""תאריך הגניבה"": ""17.5.16"", ""מספר עבירה"": ""144 ב"", ""סוג עבירה"": ""נשיאת נשק"", ""עבירות נוספות"": ""הנאשם הורשע בנוסף לעבירות נשק (סעיף 144) גם בעבירות נוספות: איומים (סעיף 192), ניסיון לחבלה מחמירה (סעיף 329(א)(2)), ניסיון תקיפה בנסיבות מחמירות (סעיפים 382(א)+25), חמש עבירות של סחר בסמים (סעיפים 13+19א' לפקודת הסמים המסוכנים), החזקת סם שלא לשימוש עצמי (סעיפים 7(א)+7(ג) לפקודת הסמים המסוכנים), ועבירת גניבה (סעיף 384)."", ""סוג הנשק [רימון הלם/גז]"": 1.0, ""סוג הנשק - אם לא נמצא בטבלה"": ""כלי נשק מאולתר שבו כדור בקליבר 9 מ\\""מ"", ""סטטוס הנשק"": ""תקול"", ""תכנון"": ""לא"", ""אופן החזקת הנשק"": ""על גופו"", ""שימוש"": ""לא"", ""כמות תחמושת"": ""ללא""}","{""שנת לידה"": ""1993"", ""מיקום האירוע"": ""רחוב האפרסמון, ירושלים"", ""תאריך האירוע"": ""5.6.16"", ""מעורבים נוספים"": ""אלירון גולד, רן אברג'יל, יוני אברג'יל, נתי קורקוס"", ""סוגי רימונים"": ""רימון הלם, רימון גז"", ""הדרכה בשימוש בנשק"": ""הנאשם הסביר לאלירון כיצד להשתמש ברימון הגז"", ""העברת נשק"": ""הנאשם העביר רימוני הלם בין מקומות מסתור"", ""מספר עבירה"": ""144 א, 144 ב"", ""סוג עבירה"": ""החזקה נשק, נשיאת נשק"", ""עבירות נוספות"": ""הנאשם הורשע בנוסף לעבירות נשק (סעיף 144) גם בסיוע לנסיון לתקיפה לפי סעיפים 379 + 25 + 31 לחוק העונשין. זוהי עבירה שאינה עבירת נשק."", ""סוג הנשק [רימון הלם/גז]"": 1.0, ""סטטוס הנשק"": ""נשק מופרד מתחמושת"", ""תכנון"": ""כן"", ""אופן החזקת הנשק"": ""מוסלק - מוסתר"", ""שימוש"": ""זריקת רימון"", ""כמות תחמושת"": ""ללא""}","45.0","1. **סוג העבירה וחומרתה**:  
שני התיקים עוסקים בנשיאה והחזקה של רימונים (הלם וגז), אך תיק 2 כולל גם עבירה של סיוע לנסיון תקיפה — מה שמוסיף ממד של התערבות פעילה בתקיפה. בעוד ששני התיקים כוללים עבירות נשק, תיק 2 משלב תכנון וסיוע, מה שמעיד על חומרה גבוהה יותר ומעורבות ארגונית.

2. **תפקיד הנאשם ומעורבותו**:  
בתיק 1 הנאשם מעורב ישירות בסיוע לתקיפה, אך גם בפעילות סחר בסמים ובעבירות גניבה — כלומר, מעורבות רחבה אך לא בהכרח מרכזית בתקיפה עצמה. בתיק 2, הנאשם מעורב באופן אקטיבי בהעברת נשק, הדרכה בשימוש בו, וסיוע לתקיפה — מעורבות מרכזית ומעורבת בתרחיש תקיפה.

3. **שיטת הביצוע (MO)**:  
בתיק 1: נשק על גופו, ניסיון לירי ללא הצלחה, שימוש בנשק כחלק מסכסוך. בתיק 2: נשק מוסתר, תכנון, העברת נשק בין מקומות, הדרכה בשימוש, וזריקת רימון. הדמיון במשתמשי רימונים קיים, אך בתיק 2 יש דפוס של תכנון וארגון — מה שמעיד על MO שונה.

4. **נסיבות הליבה**:  
שתיהן נוגעות לסכסוך, אך בתיק 2 יש תכנון, עזרה לתקיפה, ומעורבות של שותפים רבים — מה שמחמיר את העבירה. בתיק 1 יש שימוש נשק כחלק ממערכת עבירות רחבה (סמים, גניבה), אך ללא תכנון ברור. כמות הרימונים דומה (2–3), אך בשני המקרים אין תחמושת נלווה.

5. **ישימות כתקדים**:  
למרות הדמיון בסוג הנשק (רימונים), ההבדלים במעורבות, תכנון, ותפקידו של הנאשם (מעורב בתקיפה מול מעורב בעבירות נשק/סמים) מפחיתים את הרלוונטיות של תיק 1 כתקדים לתיק 2. בנוסף, תיק 2 כולל עבירה של סיוע לתקיפה — שמאפשרת למשפט לשקול את המקרה כחלק מתרחיש פשע מאורגן, מה שלא קיים בתיק 1.

SIMILARITY_SCORE: 45","ok",""
"ME-21-10-18557-340","SH-11-01-41775-497","1","0","0","{""סוג הרכב"": ""מאזדה בצבע כחול"", ""מיקום האירוע"": ""כפר אבו סנאן"", ""זמן האירוע"": ""16.9.2021, סמוך לשעה 19:00"", ""מעורבים נוספים"": ""ג'יהאד סואעד, מוחמד פעאור"", ""סוג המאזדה"": ""מאזדה לבנה"", ""מיקום ישיבת הנאשם ברכב"": ""מושב הנוסע"", ""מיקום ישיבת ג'יהאד ברכב"": ""מושב הנהג"", ""מיקום ישיבת א' במאזדה"": ""מושב הנוסע ליד הנהג"", ""מיקום ישיבת מוחמד פעאור במאזדה"": ""מושב הנהג"", ""כיוון ירי הנאשם"": ""כלפי מעלה"", ""מטרת ירי הנאשם"": ""הפחדה או הקנטה של א'"", ""סכסוך קיים"": ""בין הנאשם לא'"", ""מספר עבירה"": ""144 א, 144 ב"", ""סוג עבירה"": ""החזקה נשק, נשיאת נשק, הובלת נשק"", ""עבירות נוספות"": ""הנאשם הורשע בנוסף לעבירות נשק (סעיף 144(א) ו-144(ב) לחוק העונשין) גם בעבירה של ירי מנשק חם לפי סעיף 340א(ב)(1) ו-(2) לחוק העונשין, שהיא עבירה שאינה לפי סעיף 144 ולכן נחשבת לעבירה נוספת."", ""סוג הנשק [תת מקלע מאולתר]"": 1.0, ""סטטוס הנשק"": ""נשק עם כדור בקנה"", ""תכנון"": ""לא"", ""אופן החזקת הנשק"": ""בבית, ברכב"", ""כמות תחמושת"": ""מחסנית ולכל הפחות 2 כדורים"", ""מטרה-סיבת העבירה"": ""הפחדה/הקנטה"", ""שימוש"": ""לא""}","{""משך זמן ההחזקה"": ""כשנה וחצי"", ""תאריך תחילת ההחזקה"": ""1.6.08"", ""מספר עבירה"": ""144 א, 144 ב"", ""סוג עבירה"": ""החזקה נשק"", ""סוג הנשק [אקדח]"": 1.0, ""סטטוס הנשק"": ""נשק מופרד מתחמושת"", ""תכנון"": ""לא"", ""אופן החזקת הנשק"": ""בבית, ברכב"", ""כמות תחמושת"": ""מחסנית, 34 כדורים"", ""שימוש"": ""לא""}","35.0","1. **סוג העבירה וחומרתה**:  
שני התיקים כוללים עבירות לפי סעיף 144(א) ו-144(ב) — החזקה ונשיאה/הובלת נשק — אך בתיק 1 יש עבירה נוספת של ירי מנשק חם (סעיף 340א), מה שמגדיל משמעותית את חומרת העבירה. לכן, למרות הדמיון בסעיף 144, החומרה בפועל שונה.

2. **תפקיד הנאשם ומעורבותו**:  
בתיק 1, הנאשם היה יושב במושב הנוסע וירד בנשק — מעורבות פעילה ומעורבת בפעולה. בתיק 2, אין מידע על מעורבות פעילה או שימוש — רק החזקה ממושכת. ההבדל במעורבות הוא מהותי.

3. **שיטת הביצוע (MO)**:  
בתיק 1: ירי בזיקה, מתוך סכסוך, עם נשק מאולתר. בתיק 2: נשק מופרד מתחמושת, ללא שימוש, בהחזקה ממושכת. אין דפוס דומה — אחד הוא עבירה אימפולסיבית עם נשק מאולתר, השני הוא החזקה סטטית.

4. **נסיבות הליבה**:  
כמות תחמושת: בתיק 1 — ""לפחות 2 כדורים"", בתיק 2 — 34 כדורים — אך הבדל זה לא מהותי בהקשר של עבירה לפי 144. חשוב יותר: בתיק 1 היה שימוש בפועל בנשק (ירי), ובתיק 2 — אין שימוש. תכנון לא היה בשני המקרים, אך היעדר תכנון לא מגדיר דמיון.

5. **ישימות כתקדים**:  
בית המשפט לא יראה בתיק 2 תקדים לתיק 1 — כי בתיק 1 יש עבירה נוספת (ירי), נשק מאולתר, ומעורבות פעילה. תקדים רלוונטי חייב להיות דומה בהיקף העבירה, בהקשר, ובמעורבות — כאן אין דמיון מהותי.

SIMILARITY_SCORE: 35","ok",""
"ME-16-06-42987-901","ME-14-10-31218-522","1","0","0","{""שנת לידה"": ""1997"", ""מקום האירוע"": ""שכונת גילה, ירושלים"", ""סוג הרימון"": ""רימון הלם"", ""מטרת השימוש בנשק"": ""הטלת אימה"", ""מקום השימוש בנשק"": ""חצר בית משפחה"", ""תוצאת השימוש בנשק"": ""הרימון התפוצץ"", ""שותפים לאירוע"": ""אמיר סלמה"", ""סוג הנשק הנוסף"": ""רימון גז"", ""כמות הרימונים הנוספים"": ""שני רימוני הלם"", ""סוג הסם בתיק הסמים"": ""חשיש"", ""כמות הסם"": ""גרמים בודדים"", ""תקופת המכירות"": ""מאי ויוני 2016"", ""מחיר הסם"": ""בין 100 ל-400 שקלים"", ""סוג הפריט המוגנב"": ""אופניים חשמליים"", ""שווי הפריט המוגנב"": ""3,000 שקלים"", ""תאריך הגניבה"": ""17.5.16"", ""מספר עבירה"": ""144 ב"", ""סוג עבירה"": ""נשיאת נשק"", ""עבירות נוספות"": ""הנאשם הורשע בנוסף לעבירות נשק (סעיף 144) גם בעבירות נוספות: איומים (סעיף 192), ניסיון לחבלה מחמירה (סעיף 329(א)(2)), ניסיון תקיפה בנסיבות מחמירות (סעיפים 382(א)+25), חמש עבירות של סחר בסמים (סעיפים 13+19א' לפקודת הסמים המסוכנים), החזקת סם שלא לשימוש עצמי (סעיפים 7(א)+7(ג) לפקודת הסמים המסוכנים), ועבירת גניבה (סעיף 384)."", ""סוג הנשק [רימון הלם/גז]"": 1.0, ""סוג הנשק - אם לא נמצא בטבלה"": ""כלי נשק מאולתר שבו כדור בקליבר 9 מ\\""מ"", ""סטטוס הנשק"": ""תקול"", ""תכנון"": ""לא"", ""אופן החזקת הנשק"": ""על גופו"", ""שימוש"": ""לא"", ""כמות תחמושת"": ""ללא""}","{""שנת לידה"": 1983, ""זמן האירוע"": ""02:45"", ""תאריך האירוע"": ""29/5/14"", ""מיקום האירוע"": ""דיר אל אסד"", ""סוג הרימון"": ""M7290"", ""צבע הרימון"": ""שחור"", ""מספר הרימון"": ""E386201"", ""פגיעה פוטנציאלית"": ""פגיעה גופנית"", ""מטרת הפעולה"": ""השלכת רימון למרפסת"", ""תוצאת הפעולה"": ""התפוצצות וקול נפץ עז"", ""מספר עבירה"": ""144 א"", ""סוג עבירה"": ""החזקה נשק"", ""סוג הנשק [רימון הלם/גז]"": 1.0, ""תכנון"": ""לא"", ""שימוש"": ""זריקת רימון"", ""סטטוס הנשק"": ""נשק עם כדור בקנה"", ""כמות תחמושת"": ""ללא""}","15.0","1. **סוג העבירה וחומרתה**:  
תיק 1 עוסק בנשיאה של נשק (סעיף 144(ב)) — עבירה חמורה יותר, עם נשק על גופו, תוך ניסיון שימוש. תיק 2 עוסק בהחזקה בלבד (סעיף 144(א)) — עבירה פחות חמורה, עם נשק שנמצא בסמוך לבית, ללא ניסיון נישוא או שימוש ישיר. ההבדל בין 144(א) ל-144(ב) הוא מהותי ומשפיע על ענישה — לכן דמיון נמוך.

2. **תפקיד הנאשם ומעורבותו**:  
בתיק 1 — הנאשם מעורב באופן פעיל, נושא נשק, מנסה לירות, מעורב גם בסחר בסמים ובהטרדות. בתיק 2 — מעורבות פסיבית יותר: החזקה של רימון שנזרק (אך לא בהכרח על ידי הנאשם עצמו), ללא עדות לניהול או יזמות. אין דמיון במעורבות.

3. **שיטת הביצוע (MO)**:  
בתיק 1 — נשק מופרד מתחמושת, נושא על גופו, ניסיון ירי. בתיק 2 — רימון מוכן לשימוש, זורקים אותו למרפסת. סגנון ביצוע שונה: ניסיון ירי מול זריקת רימון. אין דפוס דומה.

4. **נסיבות הליבה**:  
בתיק 1 — נשק מופרד, ניסיון ירי, עבירות נוספות רציניות (חבלה, איומים, סמים, גניבה). בתיק 2 — רימון מוכן, התפוצץ, אך ללא נפגעים, ללא עבירות נוספות. כמות וסיכון שונים — אין דמיון בנסיבות.

5. **ישימות כתקדים**:  
בית המשפט לא יראה בתיק 2 תקדים לתיק 1 — הבדל מהותי בסוג העבירה (החזקה מול נשיאה), במעורבות, ובנסיבות. תקדים רלוונטי חייב להיות דומה בפרמטרים עיקריים — כאן אין שום דמיון מהותי.

SIMILARITY_SCORE: 15","ok",""
"ME-18-05-32659-754","ME-15-02-9111-399","2","0","1","{""מיקום האירוע"": ""ירכא"", ""זמן האירוע"": ""05.05.2018 בשעה 00:25"", ""פרטי הנשק [תת מקלע]"": ""פאראבלום 9 מילימטר"", ""פרטי הנשק [רימוני גז]"": ""שני רימוני גז מדמיע"", ""פרטי הנשק [מחסנית]"": ""מחסנית ריקה לתת מקלע מסוג עוזי"", ""פרטי הנשק [כדורים לאקדח]"": ""9 כדורים לאקדח 9 מילימטר פאראבלום"", ""פרטי הנשק [כדורים בערכה]"": ""10 כדורים בקוטר 5.56 מילימטר"", ""פרטי הנשק [ערכה לניקוי]"": ""ערכה לניקוי של נשק"", ""פעילות משטרתית"": ""הקמת מחסומים באזור ירכא"", ""התנהגות הנאשם בעת המעצר"": ""סירוב לצאת מהרכב, דחיפת שוטרים, ניסיון להשתחרר מאחיזתם"", ""מספר עבירה"": ""144 ב"", ""סוג עבירה"": ""נשיאת נשק, הובלת נשק"", ""עבירות נוספות"": ""הנאשם הורשע בנוסף לעבירות נשק (סעיף 144) גם בעבירה של הפרעה לשוטר במילוי תפקידו לפי סעיף 275 לחוק העונשין."", ""סוג הנשק [תת מקלע מאולתר]"": 1.0, ""סוג הנשק [רימון הלם/גז]"": 1.0, ""סטטוס הנשק"": ""נשק מופרד מתחמושת"", ""תכנון"": ""לא"", ""אופן החזקת הנשק"": ""ברכב"", ""כמות תחמושת"": ""מחסנית ריקה ובה 0 כדורים, 9 כדורים, 10 כדורים"", ""שימוש"": ""לא""}","{""מיקום האירוע"": ""כפר בענה"", ""זמן האירוע"": ""25.1.15, סמוך לשעה 15:00"", ""סיבת המעצר"": ""מנוסה משוטרים"", ""סוג האקדח"": ""FN"", ""מספר האקדח"": ""74423"", ""קליבר"": ""9 מ\\""מ"", ""מספר עבירה"": ""144 א, 144 ב"", ""סוג עבירה"": ""החזקה נשק, נשיאת נשק"", ""סוג הנשק [אקדח]"": 1.0, ""סטטוס הנשק"": ""נשק מופרד מתחמושת"", ""תכנון"": ""לא"", ""אופן החזקת הנשק"": ""על גופו"", ""כמות תחמושת"": ""מחסנית ובה 13 כדורים"", ""שימוש"": ""לא""}","85.0","1. **סוג העבירה וחומרתה**:  
שני התיקים כוללים עבירה לפי סעיף 144(ב) — נשיאת נשק — מה שהופך אותם דומים בחומרה. תיק 2 כולל גם 144(א) — החזקה — אך זה לא מפחית את הדמיון, שכן 144(ב) היא עבירה חמורה יותר ומעוררת עניין משפטי דומה. דמיון גבוה.

2. **תפקיד הנאשם ומעורבותו**:  
בשני המקרים הנאשם היה בבעלות/נשיאה ישירה של הנשק — לא שליח או מחזיק פסיבי. התנהגות ניצבת (תיק 1: סירוב לצאת, דחיפת שוטרים; תיק 2: מנוסה) מעידה על מעורבות פעילה ומעורבות ישירה. דמיון גבוה.

3. **שיטת הביצוע (MO)**:  
בשני המקרים הנשק היה מופרד מתחמושת, נשא על גופו/ברכב, ללא תכנון מוקדם. אין סימנים של ארגון או תכנון — דפוס של נשק נישא בזמני אמת. דמיון גבוה.

4. **נסיבות הליבה**:  
בשני המקרים: נשק קל (אקדח/תת-מקלע), תחמושת מוגבלת (מחסניות עם כדורים), אין שימוש בנשק. בתקיף 1 יש רימוני גז וערכה — אך אלו לא משנים את עקרון העבירה. כמות התחמושת דומה בסדר גודל (10-13 כדורים). דמיון גבוה.

5. **ישימות כתקדים**:  
השיקול המרכזי במשפטים על עבירות נשק לפי 144(ב) הוא: מהות הנשק, אופן החזקה, כמות התחמושת, התנהגות הנאשם, והאם היה תכנון או שימוש. כל הפרמטרים דומים. בית משפט יראה בתקיף 2 כתקדים רלוונטי לתיק 1 — במיוחד לגבי ענישה לפי 144(ב). דמיון גבוה.

SIMILARITY_SCORE: 85","ok",""
"ME-16-05-336-804","ME-16-11-69158-529","3","1","1","{""זמן האירוע"": ""שעת ערב"", ""מיקום האירוע"": ""טקס חינה"", ""תאריך האירוע"": ""24/04/16"", ""סוג הנשק המדויק"": ""תת מקלע מאולתר מסוג קרל גוסטב"", ""פעולה במהלך האירוע"": ""פריקת נשק"", ""התנהלות במהלך נסיעה"": ""הימלטות מהמשטרה"", ""מספר כביש"": ""24"", ""מעורבות צד שלישי"": ""רדואן סמארה"", ""מספר עבירה"": ""144 ב"", ""סוג עבירה"": ""נשיאת נשק, הובלת נשק"", ""סוג הנשק [תת מקלע מאולתר]"": 1.0, ""סטטוס הנשק"": ""נשק מופרד מתחמושת"", ""תכנון"": ""לא"", ""אופן החזקת הנשק"": ""ברכב, על גופו"", ""כמות תחמושת"": ""2 מחסניות ריקות ובהן 0 כדורים, 26 כדורים"", ""שימוש"": ""לא""}","{""מיקום האירוע"": ""טייבה"", ""תאריך האירוע"": ""23.11.16"", ""סוג התחמושת"": ""9 מ\\""מ"", ""מיקום החבייה"": ""מתחת למושב הנהג ומושב סמוך"", ""סוג האירוע"": ""אירוע משפחתי"", ""מיקום טמינת הנשק"": ""באדמה סמוך לבית הנאשם"", ""סוג הנשק המדויק"": ""קרל גוסטב"", ""מספר עבירה"": ""144 ב"", ""סוג עבירה"": ""נשיאת נשק"", ""עבירות נוספות"": ""הנאשם הורשע בנוסף לעבירות נשק (סעיף 144) גם בעבירה של ירי באזור מגורים לפי סעיף 340א לחוק העונשין."", ""סוג הנשק [תת מקלע]"": 1.0, ""סטטוס הנשק"": ""נשק עם כדור בקנה"", ""תכנון"": ""כן"", ""אופן החזקת הנשק"": ""בבית, ברכב, מוסלק - מוסתר"", ""שימוש"": ""לא"", ""כמות תחמושת"": ""ללא""}","70.0","1. **סוג העבירה וחומרתה**:  
שניהם涉及 עבירה לפי סעיף 144(ב) – נשיאת נשק, מה שהופך אותם למחולקים בדינמיקה עניינית זהה. עם זאת, תיק 2 כולל עבירה נוספת (340א – ירי באזור מגורים), מה שמגביר את חומרתה. דמיון גבוה, אך לא מלא.

2. **תפקיד הנאשם ומעורבותו**:  
בשני התיקים הנאשם הוא יזם/נשא נשק באופן פעיל (לא שליח או מחזיק פסיבי). בתיק 2 יש תכנון ויעד ספציפי (חתונה), ובתיק 1 אין תכנון, אך יש פריקה ובריחה – מעורבות פעילה גם שם. דמיון גבוה.

3. **שיטת הביצוע (MO)**:  
בשני התיקים הנשק מאולתר (קרל גוסטב), מוסתר ברכב/במקום סמוך לבית, ומשתמשים בו (אך בתיק 1 – נקירה בלבד, בתיק 2 – ירי). הדפוס דומה, אך שימוש בתקיפה (יירוט) בתיק 2 מעלה את המורכבות. דמיון בינוני-גבוה.

4. **נסיבות הליבה**:  
בשני התיקים יש תחמושת (26 כדורים vs. 9 מ""מ), אך בתיק 2 יש כדור בקנה – מצב מסוכן יותר. תכנון בתיק 2, עבירה נוספת, ויעד ספציפי (חתונה) – פורש כחומרה נוספת. דמיון במבנה, אך הבדלים משמעותיים בחומרה.

5. **ישימות כתקדים**:  
בשניהם עבירה לפי 144(ב), מה שמאפשר שימוש כתקדים ענייני. עם זאת, הבדלים במשמעויות (תכנון, ירי, עבירה נוספת) עלולים להפחית את הרלוונטיות. בית המשפט עשוי להתייחס לתקדים, אך עם התאמה.

SIMILARITY_SCORE: 70","ok",""
"SH-17-10-10556-234","m07001074-98","2","0","1","{""קוטר הקליעים"": ""8 מ\\""מ"", ""מיקום החזקת הנשק"": ""בחצר הסמוכה לבית, מתחת למזרון בערימת זבל"", ""מרחק החזקת הנשק מהבית"": ""100 מטרים"", ""בעלות הנשק"": ""בבעלות אחר"", ""מספר עבירה"": ""144 א"", ""סוג עבירה"": ""החזקה נשק"", ""סוג הנשק [אקדח]"": 1.0, ""סטטוס הנשק"": ""נשק עם מחסנית בהכנס"", ""תכנון"": ""לא"", ""אופן החזקת הנשק"": ""מוסלק - מוסתר"", ""כמות תחמושת"": ""מחסנית ובה 10 כדורים, מחסנית ריקה ובה 0 כדורים"", ""שימוש"": ""לא""}","{""מיקום מציאת הנשק"": ""שטח אדמה הסמוך לכפר מגוריו"", ""מיקום החזקת הנשק"": ""מעל ארון בגדים בבית הנאשם"", ""תאריך מציאת הנשק"": ""31/1/07"", ""תאריך תפיסת הנשק"": ""4/2/07"", ""סוג הצו לחיפוש"": ""צו בית משפט"", ""מספר עבירה"": ""144 א"", ""סוג עבירה"": ""החזקה נשק"", ""סוג הנשק [תת מקלע]"": 1.0, ""סטטוס הנשק"": ""נשק מפורק"", ""תכנון"": ""לא"", ""אופן החזקת הנשק"": ""בבית, מוסלק - מוסתר"", ""אופן קבלת הנשק"": ""מצא"", ""כמות תחמושת"": ""2 מחסניות ריקות ובהן 0 כדורים"", ""שימוש"": ""לא""}","85.0","1. **סוג העבירה וחומרתה** — שניהם עבירות לפי סעיף 144(א) — ""החזקה נשק"" — ללא שימוש או נשיאה. חומרה זהה, אין הבדל מהותי.  
2. **תפקיד הנאשם ומעורבותו** — בשתיהן מעורבות פסיבית: נשק לא בבעלותו (תיק 1) או נמצא (תיק 2), ללא יזמות או סחר. דמיון גבוה.  
3. **שיטת הביצוע (MO)** — שניהם מוסתרים בבית או בסמוך לו, ללא תכנון, ללא שימוש. דפוס אחיד של ""הסתרה פסיבית"".  
4. **נסיבות הליבה** — כמות תחמושת זעומה (אחת מחסנית עם כדורים, שארן ריקות) — סדר גודל זהה. נשק לא מוכן לשימוש (מפורק/מחסנית ריקה).  
5. **ישימות כתקדים** — שניהם עבירות 144(א) עם נשק לא מוכן לשימוש, ללא תכנון או שימוש — בית המשפט יראה בהם דמיון מהותי לצורכי ענישה.

SIMILARITY_SCORE: 85","ok",""
"SH-19-07-60805-168","ME-14-10-31218-522","1","0","0","{""סוג הרכב"": ""לקסוס"", ""מספר רישוי"": ""72-111-79"", ""מיקום החזקת הנשק"": ""תחת שטיח הגלגל הרזרבי"", ""סוג האקדח"": ""גז/הזנקה"", ""שינוי בייעוד הנשק"": ""מסוגל לירות כדורי אקדח"", ""סוג המחסנית"": ""סמית' אנד ווסון"", ""קוטר הכדורים"": ""9 מ\\""מ פאראבלום"", ""מספר עבירה"": ""144 א"", ""סוג עבירה"": ""החזקה נשק"", ""סוג הנשק [אקדח]"": 1.0, ""סטטוס הנשק"": ""נשק עם מחסנית בהכנס"", ""תכנון"": ""לא"", ""אופן החזקת הנשק"": ""ברכב, מוסלק - מוסתר"", ""כמות תחמושת"": ""מחסנית ובה 10 כדורים"", ""שימוש"": ""לא""}","{""שנת לידה"": 1983, ""זמן האירוע"": ""02:45"", ""תאריך האירוע"": ""29/5/14"", ""מיקום האירוע"": ""דיר אל אסד"", ""סוג הרימון"": ""M7290"", ""צבע הרימון"": ""שחור"", ""מספר הרימון"": ""E386201"", ""פגיעה פוטנציאלית"": ""פגיעה גופנית"", ""מטרת הפעולה"": ""השלכת רימון למרפסת"", ""תוצאת הפעולה"": ""התפוצצות וקול נפץ עז"", ""מספר עבירה"": ""144 א"", ""סוג עבירה"": ""החזקה נשק"", ""סוג הנשק [רימון הלם/גז]"": 1.0, ""תכנון"": ""לא"", ""שימוש"": ""זריקת רימון"", ""סטטוס הנשק"": ""נשק עם כדור בקנה"", ""כמות תחמושת"": ""ללא""}","25.0","1. **סוג העבירה וחומרתה**:  
שניהם תחת סעיף 144(א) — ""החזקה נשק"" — אך הנשק שונה מהותית: אקדח מותאם (עם תחמושת) מול רימון הלם/גז שנשאף לשימוש מיידי. חומרת העבירה בתקיף רימון (שנזרק ופוצץ) גבוהה יותר, גם אם התחילה כ""החזקה"".

2. **תפקיד הנאשם ומעורבותו**:  
בתיק 1 — החזקה פסיבית, נשק מוסתר ברכב ללא תכנון או שימוש. בתיק 2 — מעורבות פעילה: רימון נזרק למרפסת, עם מטרה להילחם או להרתיע. מעורבות פסיבית מול פעילה — הבדל מהותי.

3. **שיטת הביצוע (MO)**:  
בתיק 1 — נשק מוסתר ברכב, ללא תכנון או שימוש. בתיק 2 — שימוש מיידי ברימון, עם מטרה ספציפית. דפוסי ביצוע שונים לחלוטין — אחד נטוי להסתרה, השני נטוי לתקיפה.

4. **נסיבות הליבה**:  
בתיק 1 — תחמושת מוגבלת (10 כדורים), נשק מוסתר, ללא תכנון או שימוש. בתיק 2 — רימון שפוצץ, עם פגיעה פוטנציאלית גופנית, ותוצאת הפעולה — קול נפץ עז. נסיבות מחמירות בהרבה בתיק 2.

5. **ישימות כתקדים**:  
בית המשפט לא יראה בתיק 1 תקדים לתיק 2 — הבדלים בסוג הנשק, במעורבות, בהקשר ובחומרה הם מהותיים. ענישה בתיק 2 תידרש להיות חמורה בהרבה, גם אם שניהם תחת 144(א).

SIMILARITY_SCORE: 25","ok",""
"ME-16-06-44840-433","SH-11-05-24791-315","1","0","0","{""שנת לידה"": ""1993"", ""מיקום האירוע"": ""רחוב האפרסמון, ירושלים"", ""תאריך האירוע"": ""5.6.16"", ""מעורבים נוספים"": ""אלירון גולד, רן אברג'יל, יוני אברג'יל, נתי קורקוס"", ""סוגי רימונים"": ""רימון הלם, רימון גז"", ""הדרכה בשימוש בנשק"": ""הנאשם הסביר לאלירון כיצד להשתמש ברימון הגז"", ""העברת נשק"": ""הנאשם העביר רימוני הלם בין מקומות מסתור"", ""מספר עבירה"": ""144 א, 144 ב"", ""סוג עבירה"": ""החזקה נשק, נשיאת נשק"", ""עבירות נוספות"": ""הנאשם הורשע בנוסף לעבירות נשק (סעיף 144) גם בסיוע לנסיון לתקיפה לפי סעיפים 379 + 25 + 31 לחוק העונשין. זוהי עבירה שאינה עבירת נשק."", ""סוג הנשק [רימון הלם/גז]"": 1.0, ""סטטוס הנשק"": ""נשק מופרד מתחמושת"", ""תכנון"": ""כן"", ""אופן החזקת הנשק"": ""מוסלק - מוסתר"", ""שימוש"": ""זריקת רימון"", ""כמות תחמושת"": ""ללא""}","{""מיקום החזקת הנשק"": ""כפר עין-נקובא"", ""סוג האקדח"": ""FN"", ""סוג המחסניות"": ""תואמות לאקדח FN"", ""זמן החזקת הנשק"": ""19/07/09 בשעה 21:00"", ""מספר עבירה"": ""144 א"", ""סוג עבירה"": ""החזקה נשק"", ""סוג הנשק [אקדח]"": 1.0, ""סטטוס הנשק"": ""נשק מופרד מתחמושת"", ""תכנון"": ""לא"", ""אופן החזקת הנשק"": ""בבית"", ""אופן קבלת הנשק"": ""מאחר"", ""כמות תחמושת"": ""2 מחסניות"", ""שימוש"": ""לא""}","15.0","1. **סוג העבירה וחומרתה**: תיק 1 כולל עבירות נשק לפי 144(א) ו-144(ב) + עבירות נוספות (סיוע לתקיפה), בעוד תיק 2 מוגבל להחזקה לפי 144(א) בלבד — חומרה נמוכה יותר ועבירה מוגבלת יותר.  
2. **תפקיד הנאשם ומעורבותו**: בתיק 1 הנאשם מעורב בפעילות ארגונית — העברת נשק, הדרכה, תכנון — בעוד בתיק 2 החזקה פסיבית בבית, ללא מעורבות בפעולה.  
3. **שיטת הביצוע (MO)**: בתיק 1 — שימוש בנשק (זריקה), תכנון, מעורבות בקבוצה; בתיק 2 — החזקה סטטית, ללא תכנון או שימוש. דפוסים שונים לחלוטין.  
4. **נסיבות הליבה**: בתיק 1 — רימונים, תכנון, מטרה של סכסוך, שימוש; בתיק 2 — אקדח, מחסניות, ללא תכנון או שימוש. סדרי גודל ונסיבות שונות.  
5. **ישימות כתקדים**: בית המשפט לא יראה בתיק 2 תקדים לתיק 1 — הבדלים מהותיים בעבירה, בחומרה, במעורבות ובשימוש.  

SIMILARITY_SCORE: 15","ok",""
"ME-16-08-229-604","ME-16-05-19384-544","1","0","0","{""מקום האירוע"": ""תל אביב, מחנה פליטים קלנדיה, רמאללה, סטח מרחבה"", ""סוג הרכב"": ""קטנוע סאן יאנג"", ""מספר רכב"": ""ל.ז. 5018278"", ""סוג הנשק [M16]"": 1.0, ""סוג הנשק [אקדח בלגי]"": 1.0, ""אופן ירי"": ""ירי לעבר כוחות צה\\""ל"", ""מרחק ירי"": ""250 מטר"", ""מספר יריות"": ""8"", ""מקום החזקת הנשק"": ""בבית ג'ודה אבו עיישה"", ""מקום ייצור הנשק"": ""חנות האטליז המשפחתית"", ""זמן האירועים"": ""29.6.2016, 4.7.2016, 1.3.2016, 13.4.2016, 1.7.2016, 11.7.2016"", ""סוג הפרעה"": ""ידוי אבנים, ידוי בקבוקי תבערה"", ""מרחק ידוי"": ""20 מטר"", ""מספר ידויים"": ""3"", ""מטרה ידוי"": ""הפרעה לשוטרים וכוחות ביטחון"", ""מקום ידוי"": ""מחנה קלנדיה, שער שכם"", ""מקום רכישת הנשק"": ""כפר עקב"", ""מקום ירי"": ""בכניסה לבית הנאשם"", ""מספר עבירה"": ""144 א, 144 ב"", ""סוג עבירה"": ""החזקה נשק, נשיאת נשק, ייצור נשק"", ""עבירות נוספות"": ""הנאשם הורשע, בנוסף לעבירות נשק לפי סעיף 144, גם בעבירות נוספות שאינן עבירות נשק: חבלה בכוונה מחמירה (סעיף 329(א)(2)), גניבת רכב (סעיף 413ב(א)), הפרעה לשוטר בנסיבות מחמירות (סעיף 275א), ניסיון הצתה (סעיף 448(א)), וירי בשטח בנוי (סעיף 340א)."", ""סוג הנשק [אקדח]"": 1.0, ""סוג הנשק [בקבוק תבערה]"": 1.0, ""סוג הנשק [רובה סער]"": 1.0, ""סטטוס הנשק"": ""נשק עם כדור בקנה"", ""תכנון"": ""כן"", ""אופן החזקת הנשק"": ""בבית, ברכב, מוסלק - מוסתר"", ""אופן קבלת הנשק"": ""מאחר"", ""מטרה-סיבת העבירה"": ""פיגוע"", ""שימוש"": ""לא"", ""כמות תחמושת"": ""ללא""}","{""מקום החבייה"": ""שכונה סמוכה למקום מגוריו"", ""מחיר נשק קרל גוסטב"": ""3000 ₪"", ""מחיר מכירה נשק קרל גוסטב לחרוב"": ""3500 ₪"", ""תאריך פיגוע ירי על ידי חרוב"": ""9.3.16"", ""מיקום פיגוע ירי"": ""ירושלים, צומת רמות ושמעון הצדיק"", ""סוג תחמושת"": ""כדורי תחמושת לנשק קרל גוסטב"", ""מספר כדורים שנמכרו"": ""10"", ""מקום חיפוש נשק על ידי כוחות הביטחון"": ""קלנדיה"", ""תאריך החלטה לירות על כוחות הביטחון"": ""14.11.15"", ""מספר כדורים שנורו"": ""5"", ""מספר רכבים של כוחות הביטחון שנזוהו"": ""3"", ""מספר נשקים שנמכרו למחיסן"": ""2"", ""מחיר נשק למחיסן"": ""4000 ₪ לכל נשק"", ""מספר נשקים שנרכשו מאחר"": ""לא צוין מספר מדויק"", ""מספר עבירה"": ""144 א, 144 ב"", ""סוג עבירה"": ""נשיאת נשק, סחר בנשק"", ""עבירות נוספות"": ""הנאשם הורשע גם בעבירת ניסיון לחבלה חמורה לפי סעיף 333 בצירוף סעיף 25 לחוק העונשין, שאינה עבירת נשק לפי סעיף 144."", ""סוג הנשק - אם לא נמצא בטבלה"": ""רובה מסוג תבור, קרל גוסטב"", ""סטטוס הנשק"": ""נשק מופרד מתחמושת"", ""תכנון"": ""כן"", ""אופן החזקת הנשק"": ""בבית, על גופו, מוסלק - מוסתר"", ""אופן קבלת הנשק"": ""רכש"", ""כמות תחמושת"": ""10 כדורים"", ""מטרה-סיבת העבירה"": ""בצע כסף"", ""שימוש"": ""לא""}","35.0","1. **סוג העבירה וחומרתה**:  
שני התיקים כוללים עבירות לפי סעיף 144(א) ו-144(ב) — החזקה ונשיאה של נשק — אך בתיק 1 יש גם ייצור נשק ועבירות נוספות חמורות (חבלה, גניבה, ירי בשטח בנוי), בעוד בתיק 2 העבירה המרכזית היא סחר בנשק (שאינה מופיעה בתיק 1) וניסיון לחבלה. חומרת העבירה דומה ברמה הכללית, אך היקף העבירות וההשלכות שונות.

2. **תפקיד הנאשם ומעורבותו**:  
בתיק 1 הנאשם מעורב ישירות בפיגוע — ירי, ידוי, תכנון — כמפעיל/מבצע. בתיק 2 הוא סוחר — מכר נשק למחיסן ולחרוב, שיצרו את הפיגוע. מעורבותו פסיבית יותר, אך מכוונת ומעורבת בפיגוע. הבדל מהותי: יזם/מבצע מול סוחר/מספק.

3. **שיטת הביצוע (MO)**:  
בתיק 1: ירי ישירות, תכנון, שימוש בנשק בפועל, נשק מוסתר בבית וברכב. בתיק 2: סחר, מכירה, אספקה של נשק למשתמש סופי. דפוס שונה — ביצוע מול אספקה. אין דמיון ב- MO.

4. **נסיבות הליבה**:  
בשני התיקים יש תכנון, נשק עם כדור בקנה, שימוש בפועל (ירי), אך בתיק 1 יש כמות גדולה יותר של יריות, עבירות נוספות, ופיגוע כמטרה. בתיק 2 — מטרת רווח, כמות תחמושת מוגבלת (10 כדורים), ועבירה אחת נוספת (ניסיון לחבלה). הבדלים משמעותיים בנסיבות מחמירות.

5. **ישימות כתקדים**:  
בית המשפט לא יראה בתיק 2 תקדים לתיק 1 — כי בתיק 2 מדובר בסחר, לא ביצוע פיגוע, ועבירות נשק שונות במקומן (סחר ≠ ייצור/שימוש). גם אם שניהם כוללים 144(א) ו-(ב), ההקשר, המטרה והמעורבות הם שונים מהותית — לא רלוונטי כתקדים ענייני.

SIMILARITY_SCORE: 35","ok",""
"ME-16-02-18397-87","ME-20-01-62688-591","1","0","0","{""מיקום האירוע"": ""כפר דבוריה"", ""סוג הרכב"": ""קטנוע"", ""פעולת המעצר"": ""פניית פרסה ורדיפה שוטרית"", ""התנהגות במהלך המעצר"": ""סירוב לפתוח את תא האופנוע"", ""מצב הנשק"": ""חסר חלק פנימי חיוני לפעולת ירי"", ""מספר עבירה"": ""144 ב"", ""סוג עבירה"": ""נשיאת נשק, הובלת נשק"", ""עבירות נוספות"": ""הנאשם הורשע בנוסף לעבירות נשק (סעיף 144(ב) לחוק העונשין) גם בעבירות תעבורה: נהיגה ללא רישיון נהיגה (סעיף 10(א) לפקודת התעבורה), נהיגה ללא ביטוח (סעיף 2(א)(ב) לפקודת ביטוח רכב מנועי), וללא רישיון רכב (סעיף 2 לפקודת התעבורה)."", ""סוג הנשק [אקדח]"": 1.0, ""סטטוס הנשק"": ""תקול"", ""תכנון"": ""לא"", ""אופן החזקת הנשק"": ""ברכב, על גופו, מוסלק - מוסתר"", ""כמות תחמושת"": ""כדורים"", ""שימוש"": ""לא""}","{""סוג הרכב"": ""הונדה שחורה"", ""מספר רישוי"": ""60-201-70"", ""זמן האירוע"": ""16.1.20 בשעה 14:55"", ""מיקום האירוע"": ""עסק בו עבד המתלונן"", ""פגיעה פיזית"": ""שבר פמור שליש פרוקסימלי אספקט קדמי של להקורטקס"", ""אורך הפגיעה"": ""כ 7 ס\\""מ"", ""טיפול רפואי"": ""ניתוח לשחזור ולקיבוע השבר באמצעות מסמר"", ""מקום אשפוז"": ""בית חולים רמב\\""ם"", ""תאריך שחרור מהאשפוז"": ""21.1.20"", ""מקום מעצר הנאשם"": ""תחנת דלק פז בצומת האצטדיון בחיפה"", ""זמן מעצר"": ""סמוך לשעה 15:50 באותו יום"", ""כמות סם"": ""1.5 גרם קוקאין"", ""סכום כסף נמצא"": ""1,950 ₪"", ""מספר עבירה"": ""144 ב"", ""סוג עבירה"": ""נשיאת נשק, הובלת נשק"", ""עבירות נוספות"": ""הנאשם הורשע, בנוסף לעבירות נשק לפי סעיף 144, גם בעבירה של חבלה בכוונה מחמירה לפי סעיף 329(א)(1) לחוק העונשין, ובעבירה של החזקת סם מסוכן לצריכה עצמית לפי סעיפים 7(א) + 7(ג) סיפא לפקודת הסמים המסוכנים."", ""סוג הנשק [אקדח]"": 1.0, ""סטטוס הנשק"": ""נשק עם כדור בקנה"", ""תכנון"": ""כן"", ""אופן החזקת הנשק"": ""ברכב, על גופו"", ""שימוש"": ""לא"", ""כמות תחמושת"": ""ללא""}","35.0","1. **סוג העבירה וחומרתה**:  
שני התיקים עוסקים בעבירה לפי סעיף 144(ב) — נשיאת/הובלת נשק — מה שהופך אותם לאותו סוג עבירה. עם זאת, בתיק 2 יש שימוש בנשק (ירי) ופגיעה פיזית חמורה, מה שמגדיל משמעותית את חומרת העבירה. לכן, למרות השוות הסעיף, החומרה בפועל שונה.

2. **תפקיד הנאשם ומעורבותו**:  
בתיק 1 — הנאשם נעצר במהלך רדיפה, נושא נשק תקול, ללא תכנון, ללא שימוש. בתיק 2 — הנאשם השתמש בנשק בכוונה, בתכנון, כחלק מסכסוך, וגרם לפציעה חמורה. מעורבותו פעילה, מכוונת ומסוכנת בהרבה.

3. **שיטת הביצוע (MO)**:  
בתיק 1 — נשק מוסתר, ללא תכנון, ללא שימוש. בתיק 2 — נשק עם מחסנית, תכנון, שימוש בפועל, נשק פעיל. הדפוס שונה מהותית: אחד הוא נושא נשק תקול ברכב, השני הוא משתמש בנשק בפיגוע.

4. **נסיבות הליבה**:  
בתיק 1 — אין תחמושת, נשק תקול, אין פגיעה. בתיק 2 — נשק פעיל, תחמושת, פגיעה חמורה, טיפול רפואי, נסיבות מחמירות (תכנון, סכסוך, שימוש). ההבדל בנסיבות הוא מהותי ומשפיע על עונש.

5. **ישימות כתקדים**:  
בית המשפט לא יראה בתיק 1 תקדים רלוונטי לתיק 2, שכן התיק השני כולל שימוש בנשק, פגיעה, תכנון — גורמים שמעלים את החומרה בצורה משמעותית. תקדים של נשק תקול ללא שימוש לא יתאים להערכות ענישה של נשק פעיל עם פגיעה.

SIMILARITY_SCORE: 35","ok",""
"sh-10-05-7434-952","ME-15-06-12109-344","1","0","0","{""שנת לידה"": 1961, ""מיקום האירוע"": ""רחוב אורלנסקי 11, פתח תקווה"", ""תאריך האירוע"": ""14.4.10"", ""מודלי הנשק"": [""ברטה חצי אוטומטי"", ""לאמה חצי אוטומטי""], ""מספר עבירה"": ""144 א"", ""סוג עבירה"": ""החזקה נשק"", ""סוג הנשק [אקדח]"": 1.0, ""סטטוס הנשק"": ""נשק מפורק"", ""תכנון"": ""לא"", ""אופן החזקת הנשק"": ""בבית, מוסלק - מוסתר"", ""מטרה-סיבת העבירה"": ""אספנות"", ""שימוש"": ""לא"", ""כמות תחמושת"": ""ללא""}","{""מיקום האירוע"": ""כפר עזריה"", ""תאריך האירוע"": ""2.5.13"", ""הקשר לאירוע"": ""חתונה"", ""מעורבים נוספים"": ""עמאר זלום, אחי הנאשם"", ""מקום החזקת הנשק"": ""רכב של עמאר זלום"", ""מספר עבירה"": ""144 ב"", ""סוג עבירה"": ""נשיאת נשק, הובלת נשק"", ""סוג הנשק [אקדח]"": 1.0, ""סטטוס הנשק"": ""תקין"", ""תכנון"": ""כן"", ""אופן החזקת הנשק"": ""ברכב, מוסלק - מוסתר"", ""שימוש"": ""לא"", ""כמות תחמושת"": ""ללא""}","25.0","1. **סוג העבירה וחומרתה**: תיק 1 עוסק בהחזקה נשק לפי 144(א), בעוד תיק 2 עוסק בנשיאה/הובלה לפי 144(ב) — עבירה חמורה יותר, עם ניסיון לשליטה ותפקוד במרחב ציבורי. דמיון מינימלי.

2. **תפקיד הנאשם ומעורבותו**: בתיק 1 — החזקה בבעלות פרטית בבית, ללא מעורבות נוספת; בתיק 2 — נשק נושא ברכב של אחר, בהקשר של אירוע ציבורי (חתונה), עם תכנון. מעורבות פעילה יותר ותפקיד שונה.

3. **שיטת הביצוע (MO)**: שניהם נשק מוסתר, תקין, לא בשימוש — דמיון בדפוס מוסתרות, אך הבדל מהותי במרחב (בית מול רכב במרחב ציבורי) ובתפקוד (החזקה מול הובלה).

4. **נסיבות הליבה**: בתיק 2 יש תכנון, נסיעה ברכב, קשר לאירוע ציבורי — נסיבות מחמירות. בתיק 1 — חוסר תכנון, נשק בבית. סדר גודל דומה (אקדח אחד), אך הבדל במשמעות הפעילה.

5. **ישימות כתקדים**: מכיוון שמדובר בעבירות שונות לפי סעיף 144 (א) מול (ב), ובנסיבות שונות (החזקה במרחב פרטי מול הובלה במרחב ציבורי), בית המשפט לא יראה את התיק הראשון כתקדים רלוונטי לתיק השני — ענישה עשויה להיות קשוחה יותר בתיק 2.

SIMILARITY_SCORE: 25","ok",""
"ME-16-06-44840-433","SH-09-05-9349-998","1","0","0","{""שנת לידה"": ""1993"", ""מיקום האירוע"": ""רחוב האפרסמון, ירושלים"", ""תאריך האירוע"": ""5.6.16"", ""מעורבים נוספים"": ""אלירון גולד, רן אברג'יל, יוני אברג'יל, נתי קורקוס"", ""סוגי רימונים"": ""רימון הלם, רימון גז"", ""הדרכה בשימוש בנשק"": ""הנאשם הסביר לאלירון כיצד להשתמש ברימון הגז"", ""העברת נשק"": ""הנאשם העביר רימוני הלם בין מקומות מסתור"", ""מספר עבירה"": ""144 א, 144 ב"", ""סוג עבירה"": ""החזקה נשק, נשיאת נשק"", ""עבירות נוספות"": ""הנאשם הורשע בנוסף לעבירות נשק (סעיף 144) גם בסיוע לנסיון לתקיפה לפי סעיפים 379 + 25 + 31 לחוק העונשין. זוהי עבירה שאינה עבירת נשק."", ""סוג הנשק [רימון הלם/גז]"": 1.0, ""סטטוס הנשק"": ""נשק מופרד מתחמושת"", ""תכנון"": ""כן"", ""אופן החזקת הנשק"": ""מוסלק - מוסתר"", ""שימוש"": ""זריקת רימון"", ""כמות תחמושת"": ""ללא""}","{""שנת לידה"": ""1979"", ""מקום האירוע"": ""ג'לג'וליה"", ""מיקום הנשק בבית"": ""במקפיא"", ""סוג האקדח"": ""CZ"", ""מספר סידורי של הנשק"": ""1066A"", ""סוג התחמושת"": ""9 מ\\""מ"", ""מיקום התחמושת בבית"": ""בתוך נעל בחדרו"", ""מספר עבירה"": ""144 א"", ""סוג עבירה"": ""החזקה נשק"", ""סוג הנשק [אקדח]"": 1.0, ""סטטוס הנשק"": ""נשק מופרד מתחמושת"", ""תכנון"": ""לא"", ""אופן החזקת הנשק"": ""בבית, מוסלק - מוסתר"", ""כמות תחמושת"": ""מחסנית ריקה ובה 0 כדורים, 26 כדורים"", ""שימוש"": ""לא""}","15.0","1. **סוג העבירה וחומרתה**:  
תיק 1 כולל עבירות נשק לפי סעיפים 144(א) ו-144(ב) — החזקה ונשיאה/הובלה — עם שימוש בפועל ברימונים, ועבירה נוספת של סיוע לתקיפה. תיק 2 מוגבל ל-144(א) בלבד — החזקה בלבד, ללא נסיעה או שימוש. ההבדל בין 144(א) ל-144(ב) הוא מהותי, ועבירה נוספת של סיוע לתקיפה מוסיפה חומרה לא קיימת בתיק 2.  
→ **הבדל מהותי בחומרה ובסוג העבירה**.

2. **תפקיד הנאשם ומעורבותו**:  
בתיק 1, הנאשם מעורב בפעולה קבוצתית, מעביר נשק, מדריך אחרים בשימוש בו, ומעורב בתקיפה — מעורבות פעילה ומרכזית. בתיק 2, הנאשם מחזיק נשק בבית, ללא עדות לפעילות קבוצתית או מעורבות בפעולה — מעורבות פסיבית.  
→ **הבדל מהותי במעורבות ובתפקיד**.

3. **שיטת הביצוע (MO)**:  
בתיק 1: נשק מוסתר, מועבר בין מקומות, עם תכנון, ומשתמשים בו בפועל. בתיק 2: נשק מוסתר בבית, ללא תכנון, ללא תנועה, ללא שימוש.  
→ **דפוס ביצוע שונה לחלוטין — תכנון, תנועה, שימוש מול אחסון פסיבי**.

4. **נסיבות הליבה**:  
בתיק 1: שימוש בפועל ברימונים, תכנון, עבירה נוספת של סיוע לתקיפה, עבירה קבוצתית. בתיק 2: נשק מופרד מתחמושת, תחמושת מוסתרת, ללא שימוש, ללא תכנון.  
→ **הבדלים מהותיים בכמות, תכנון, שימוש, ונסיבות מחמירות**.

5. **ישימות כתקדים**:  
בית המשפט לא יראה בתיק 2 תקדים לתיק 1 — הבדלים במעורבות, סעיף עבירה (144א בלבד מול 144א+ב+עבירה נוספת), שימוש בפועל, ותכנון. תקדים רלוונטי חייב להיות דומה בפרמטרים עיקריים של עבירה, מעורבות, וסיכון.  
→ **לא רלוונטי כתקדים ענייני**.

SIMILARITY_SCORE: 15","ok",""
"ME-16-08-44157-713","ME-15-11-45465-294","3","1","1","{""מיקום העבירה"": ""לוד"", ""מספר עבירות נשק שנידונו"": 3, ""סוגי תחמושת"": ""טוטו, 100 כדורים"", ""מחירים מבוקשים לנשק"": ""10,500 ₪, 10,000 ₪"", ""סוגי נשק נוספים שהוצעו"": ""אקדח 14, אקדח 7, קאנס"", ""תכונות נוספות של הנשק"": ""משתיק קול, כוונת טלסקופית"", ""מספר שותפים בעסקת הנשק"": ""מספר"", ""מספר עבירה"": ""144 ב"", ""סוג עבירה"": ""סחר בנשק"", ""עבירות נוספות"": ""הנאשם הורשע בנוסף לעבירות נשק (סחר בנשק לפי סעיף 144(ב2)), גם בעבירה של קשירת קשר לביצוע פשע לפי סעיף 449(א)(1) לחוק העונשין, שהיא עבירה שאינה עבירת נשק."", ""סוג הנשק [רובה צלפים]"": 1.0, ""סוג הנשק - אם לא נמצא בטבלה"": ""קרל גוסטב מאולתר, מיני עוזי, אקדח 14, אקדח 7"", ""סטטוס הנשק"": ""נשק מופרד מתחמושת"", ""תכנון"": ""כן"", ""אופן החזקת הנשק"": ""בבית"", ""כמות תחמושת"": ""מחסנית"", ""מטרה-סיבת העבירה"": ""בצע כסף"", ""שימוש"": ""לא""}","{""מיקום העסקה"": ""תחנת אוטובוס סמוכה לאוניברסיטת חיפה"", ""תאריך העסקה"": ""30.6.15"", ""זמן העסקה"": ""צהריים"", ""סכום העסקה"": ""8,000 ₪"", ""סוג הסוכן"": ""סוכן משטרתי"", ""שם הסוכן"": ""נעים סביחי"", ""אופן התשלום"": ""מזומן"", ""אופן האחסון ברכב"": ""תת-מקלע ושלוש המחסניות בתיק, תמ"", ""ק נוסף עטוף בבד"": ""ק נוסף עטוף בבד"", ""מספר עבירה"": ""144 ב"", ""סוג עבירה"": ""נשיאת נשק, סחר בנשק"", ""סוג הנשק [תת מקלע]"": 1.0, ""סוג הנשק - אם לא נמצא בטבלה"": ""מחסניות מאולתרות (המותאמות לקרל גוסטב) ומחסנית צולבת (לעוזי)"", ""סטטוס הנשק"": ""נשק מופרד מתחמושת"", ""תכנון"": ""כן"", ""אופן החזקת הנשק"": ""ברכב"", ""כמות תחמושת"": ""2 מחסניות מאולתרות + מחסנית צולבת"", ""מטרה-סיבת העבירה"": ""בצע כסף"", ""שימוש"": ""לא""}","85.0","1. **סוג העבירה וחומרתה**:  
שני התיקים עוסקים בעבירה לפי סעיף 144(ב) – סחר בנשק, עם תכנון ומטרה כלכלית. גם בתקיפה יש עבירה נוספת (קשר לביצוע פשע בתיק 1), אך זו לא עבירת נשק. הדמיון בחומרה גבוה – שניהם עבירות נשק חמורות עם מוטיב כלכלי.

2. **תפקיד הנאשם ומעורבותו**:  
בתיק 1 – נאשם כנראה יזם/סוחר (הציע נשק, תכנן, היה עם שותפים). בתיק 2 – נאשם נושא ונשא נשק למכירה (סוכן משטרתי היה במעגל), כלומר גם כאן מעורבות פעילה. דמיון גבוה – שניהם מעורבים ישירות במכירת נשק.

3. **שיטת הביצוע (MO)**:  
בתיק 1 – נשק מופרד מתחמושת, בבית או סמוך לו. בתיק 2 – נשק ברכב, מחסניות בתיק, עטוף בבד – סגנון סמוי. דמיון חלקי – שניהם מוכנים למכירה, אך אופן האחסון שונה (בית מול רכב), עם נטייה לסמויות.

4. **נסיבות הליבה**:  
כמות תחמושת: מחסנית אחת מול 3 מחסניות – סדר גודל דומה. נשק: תת-מקלע בשתיהן, בתיק 1 גם אקדח ורובה צלפים – חומרה רבה יותר. תכנון – כן בשני התיקים. שימוש – לא בשני התיקים. דמיון גבוה במאפיינים מרכזיים.

5. **ישימות כתקדים**:  
שני התיקים הם 144(ב) – סחר בנשק, עם תכנון ומטרה כלכלית. הבדלים בפרטים (מקום, אופן אחסון) אינם מהותיים לתקדים ענייני. בית משפט יראה בהם דמיון מהותי לצורכי ענישה.

SIMILARITY_SCORE: 85","ok",""
"ME-15-06-12109-344","ME-12-04-33577-700","1","0","0","{""מיקום האירוע"": ""כפר עזריה"", ""תאריך האירוע"": ""2.5.13"", ""הקשר לאירוע"": ""חתונה"", ""מעורבים נוספים"": ""עמאר זלום, אחי הנאשם"", ""מקום החזקת הנשק"": ""רכב של עמאר זלום"", ""מספר עבירה"": ""144 ב"", ""סוג עבירה"": ""נשיאת נשק, הובלת נשק"", ""סוג הנשק [אקדח]"": 1.0, ""סטטוס הנשק"": ""תקין"", ""תכנון"": ""כן"", ""אופן החזקת הנשק"": ""ברכב, מוסלק - מוסתר"", ""שימוש"": ""לא"", ""כמות תחמושת"": ""ללא""}","{""מיקום האירוע"": ""בית שאן"", ""תאריך האירוע"": ""13/4/12"", ""שעת האירוע"": ""02:00 לפנות בוקר"", ""סוג המפגש"": ""ויכוח"", ""פרטי התקרית"": ""המתלונן זרק כוס לעבר הנאשם, הנאשם שלף אקדח וירה שלוש יריות"", ""מספר יריות"": 3, ""מיקום פגיעות היריות"": ""אחת ליד הראש, אחת ליד הגב, אחת שרטה את הברך הימנית"", ""מספר עבירה"": ""144 א, 144 ב"", ""סוג עבירה"": ""החזקה נשק, נשיאת נשק"", ""עבירות נוספות"": ""הנאשם הורשע בנוסף לעבירות נשק (סעיף 144(א) ו-144(ב)), גם בעבירות של חבלה בכוונה מחמירה (סעיף 329(א)(2)) ויריות באזור מגורים (סעיף 340(א)), שהן אינן עבירות נשק לפי סעיף 144."", ""סוג הנשק [אקדח]"": 1.0, ""סטטוס הנשק"": ""נשק עם כדור בקנה"", ""תכנון"": ""כן"", ""אופן החזקת הנשק"": ""על גופו"", ""שימוש"": ""לא"", ""כמות תחמושת"": ""ללא""}","25.0","1. **סוג העבירה וחומרתה**:  
תיק 1 עוסק אך ורק בנשיאה/הובלה של נשק (144ב), בעוד תיק 2 כולל גם החזקה (144א) וגם נשיאה (144ב), אך חשוב יותר — הוא כולל שימוש בנשק ביריות, עבירות חבלה ויריות באזור מגורים. חומרת העבירה בתיק 2 גבוהה בהרבה, וכוללת פגיעה בפיזי של אדם — מה שמקנה לו ממד ענייני שונה.

2. **תפקיד הנאשם ומעורבותו**:  
בתיק 1 הנאשם מעורב כנשא/מובל נשק (אף שברכב של אחר), ללא שימוש. בתיק 2 — הנאשם הוא היוזם של הפעולה, שילף וירה בנשק, ובכך מפגין מעורבות פעילה וסיכון גבוה. מעורבותו בתיק 2 היא פלילית-פעילה, בעוד בתיק 1 — פסיבית-אקטיבית (נשיאה), אך לא פוגעת.

3. **שיטת הביצוע (MO)**:  
בתיק 1 — נשק מוסתר ברכב, ללא שימוש, בהקשר של חתונה (הסתברות למשתתף בתרחיש של ""הצגה"" או ""ביטחון""). בתיק 2 — נשק על גופו, בשעה מאוחרת, בעקבות סכסוך, עם שימוש מיידי. דפוס הביצוע שונה: אחד הוא ""נשיאה מוסתרת"", השני הוא ""שימוש מיידי בעקבות סכסוך"".

4. **נסיבות הליבה**:  
בתיק 1 — אין שימוש, אין פגיעה, אין נזק. בתיק 2 — יריות, פגיעות, נשק עם כדור בקנה, סיכון לחיי אדם. סדרי גודל שונים — תכנון קיים בשני התיקים, אך ההבדל במשמעויות של ""שימוש"" ו""פגיעה"" הוא מהותי.

5. **ישימות כתקדים**:  
בית המשפט לא יראה בתיק 1 תקדים רלוונטי לתיק 2, שכן עבירות הנשק בתיק 2 הן חלק ממעגל פלילי רציני יותר, כולל עבירות פיזיות וסיכון. תקדים של ""נשיאה ללא שימוש"" אינו רלוונטי לענישה של ""נשיאה עם שימוש ופגיעה"".

SIMILARITY_SCORE: 25","ok",""
"ME-17-08-28615-573","ME-16-05-336-804","2","0","1","{""מיקום האירוע"": ""תחנת דלק ליד קיבוץ בית העמק"", ""זמן האירוע"": ""30.7.2017, מ-19:57 עד 23:04"", ""התנהלות הנאשם במהלך האירוע"": ""הנאשם הגיע למתחם, הכניס את התיק לפח אשפה, שהה במקום ולבסוף ניסה לברוח עם התיק כשהוא רואה את השוטרים"", ""אופן התגובה למשטרה"": ""הנאשם ניסה לברוח ולהסתיר את התיק במיכל מחזור לאחר שהבחין בניידת משטרה"", ""מספר שוטרים במעורבות"": ""5 שוטרים"", ""סוג הניידת"": ""ניידת משטרה"", ""מיקום התיק במהלך האירוע"": ""הוכנס לפח אשפה ולאחר מכן למיכל מחזור"", ""מרחק הנאשם מהפח במהלך האירוע"": ""מטרים ספורים"", ""מספר עבירה"": ""144 א, 144 ב"", ""סוג עבירה"": ""החזקה נשק, נשיאת נשק"", ""עבירות נוספות"": ""הנאשם הורשע בנוסף לעבירות נשק (סעיף 144) גם בעבירת הפרעה לשוטר במילוי תפקידו לפי סעיף 275 לחוק העונשין."", ""סוג הנשק [תת מקלע מאולתר]"": 1.0, ""סוג הנשק [רימון הלם/גז]"": 1.0, ""סטטוס הנשק"": ""נשק עם מחסנית בהכנס"", ""תכנון"": ""לא"", ""אופן החזקת הנשק"": ""מוסלק - מוסתר"", ""כמות תחמושת"": ""מחסנית ובה 9 כדורים, 50 כדורים"", ""שימוש"": ""לא""}","{""זמן האירוע"": ""שעת ערב"", ""מיקום האירוע"": ""טקס חינה"", ""תאריך האירוע"": ""24/04/16"", ""סוג הנשק המדויק"": ""תת מקלע מאולתר מסוג קרל גוסטב"", ""פעולה במהלך האירוע"": ""פריקת נשק"", ""התנהלות במהלך נסיעה"": ""הימלטות מהמשטרה"", ""מספר כביש"": ""24"", ""מעורבות צד שלישי"": ""רדואן סמארה"", ""מספר עבירה"": ""144 ב"", ""סוג עבירה"": ""נשיאת נשק, הובלת נשק"", ""סוג הנשק [תת מקלע מאולתר]"": 1.0, ""סטטוס הנשק"": ""נשק מופרד מתחמושת"", ""תכנון"": ""לא"", ""אופן החזקת הנשק"": ""ברכב, על גופו"", ""כמות תחמושת"": ""2 מחסניות ריקות ובהן 0 כדורים, 26 כדורים"", ""שימוש"": ""לא""}","40.0","1. **סוג העבירה וחומרתה**:  
שני התיקים עוסקים בעבירות לפי סעיף 144, אך תיק 1 כולל גם 144(א) (החזקה) ו-144(ב) (נשיאה/הובלה), בעוד תיק 2 מוגדר רק כ-144(ב). הבדל זה מהותי — החזקה בלבד (א) איננה תקדים לנשיאה (ב). עם זאת, שניהם כוללים נשק מאולתר, מה שמצביע על דמיון בזיקה לאיום ציבורי.

2. **תפקיד הנאשם ומעורבותו**:  
בשני המקרים הנאשם מעורב ישירות בנשיאה/הובלה של נשק מאולתר, אך בתיק 1 הוא מנסה להסתיר את הנשק (מעורבות פסיבית-הסתרה), ובתיק 2 הוא נושא אותו ברכב ומבצע פריקה (מעורבות אקטיבית יותר). אין הבדל דרמטי בתפקיד, אך הפעולה בתיק 2 מראה מעורבות פעילה יותר.

3. **שיטת הביצוע (MO)**:  
בשני המקרים יש נשק מאולתר (תת מקלע), אך בתיק 1 הנשק מוסתר בפח אשפה ומיכל מחזור, ובתיק 2 הוא נושא ברכב ומשתמש בפריקה. הדפוס שונה: מסתור מול נסיעה ופעולה. אין דמיון בדפוס ביצוע.

4. **נסיבות הליבה**:  
כמות התחמושת דומה (סדר גודל של עשרות כדורים), אך בתיק 1 יש מחסנית עם כדורים, ובתיק 2 מחסניות ריקות + כדורים נפרדים. בתיק 1 יש ניסיון בריחה עם הנשק, ובתיק 2 בריחה מהמשטרה לאחר פריקה. אין תכנון בשני המקרים, אך בתיק 2 יש מעורבות של צד שלישי — מה שמאפשר הבדל בנסיבות.

5. **ישימות כתקדים**:  
הבדל המהותי במערכת העבירות (144א+ב מול 144ב בלבד) מפחית את היכולת להשתמש באחד כתקדים לשני. בנוסף, סגנון הביצוע וההקשר (תחנת דלק מול טקס חינה) שונים. בית המשפט לא יראה בהם תקדים רלוונטיים, גם אם הם דומים בחלק מהפרטים.

SIMILARITY_SCORE: 40","ok",""
"ME-16-05-25902-514","SH-17-08-47445-166","1","0","0","{""מקום רכישת הנשק"": ""קלנסוואה"", ""מקום החזקת הנשק"": ""מקלט בבית"", ""תאריך גניבת הנשק"": ""31.12.13"", ""מספר סידורי של הנשק"": ""682663"", ""סוג הנשק"": ""ברטה"", ""תאריך תחילת החזקת הנשק"": ""פברואר 2016"", ""תאריך נשיאת הנשק"": ""8.5.16"", ""שעת נשיאת הנשק"": ""06:00"", ""מספר עבירה"": ""144 א, 144 ב"", ""סוג עבירה"": ""החזקה נשק, נשיאת נשק"", ""סוג הנשק [אקדח]"": 1.0, ""סטטוס הנשק"": ""נשק עם מחסנית בהכנס"", ""תכנון"": ""לא"", ""אופן החזקת הנשק"": ""בבית, על גופו"", ""אופן קבלת הנשק"": ""רכש"", ""כמות תחמושת"": ""מחסנית ובה 7 כדורים"", ""מטרה-סיבת העבירה"": ""הגנה עצמית"", ""שימוש"": ""לא""}","{""תאריך המעצר"": ""09.08.2018"", ""מיקום החזקת הנשק"": ""כסיפה"", ""סוג הנשק [חפץ דמוי תת מקלע]"": 1.0, ""סוג האקדח"": ""FN"", ""אופן הפזורה"": ""סביב הישוב"", ""מספר עבירה"": ""144 א"", ""סוג עבירה"": ""החזקה נשק"", ""סוג הנשק [אקדח]"": 1.0, ""סוג הנשק - אם לא נמצא בטבלה"": ""חפץ דמוי תת מקלע מאולתר"", ""סטטוס הנשק"": ""תקין"", ""תכנון"": ""לא"", ""אופן החזקת הנשק"": ""בבית"", ""שימוש"": ""לא"", ""כמות תחמושת"": ""ללא""}","25.0","1. **סוג העבירה וחומרתה**: תיק 1 כולל עבירות 144(א) ו-144(ב) — החזקה ונשיאה — בעוד תיק 2 כולל רק 144(א) — החזקה בלבד. הבדל מהותי, שכן נשיאה (144ב) מתייחסת לנשיאה במרחב ציבורי או במעגל ציבורי, ומעידה על סיכון גבוה יותר. לכן, עבירה אחת איננה תקדים לעבירה השנייה.

2. **תפקיד הנאשם ומעורבותו**: בתקיף 1 הנאשם רכש את הנשק, החזיק אותו בבית ונאשא אותו — מעורבות פעילה ומעורבות במעגל ציבורי. בתקיף 2 — החזקה בלבד, ללא רכישה מפורשת או נשיאה — מעורבות פסיבית יותר. אין דמיון במעורבות.

3. **שיטת הביצוע (MO)**: בתקיף 1 — נשק רכוש, מחוסן בבית, נושא ב-06:00 (בצורך ספציפי), עם תחמושת מוכנה. בתקיף 2 — נשק מאולתר, מחוסן בכסיפה, ללא נסיעה או נשיאה. אין דפוס דומה — אחד מוכן לשימוש, השני מוחזק בדימוי של נשק, אך לא נושא.

4. **נסיבות הליבה**: בתקיף 1 — 7 כדורים, נשק רגיל (ברטה), מטרת הגנה עצמית. בתקיף 2 — נשק מאולתר, ללא תחמושת מפורטת, ללא מטרה מפורטת. סדרי גודל שונים, חומרה שונה. אין דמיון בנסיבות.

5. **ישימות כתקדים**: במשפט, בית המשפט לא ישתמש בתיק 2 (החזקה בלבד) כתקדים לתיק 1 (החזקה + נשיאה), שכן העבירה בתקיף 1 חמורה יותר, ומעורבת במעגל ציבורי. הבדל מהותי בתקיפיות ובמונחי ענישה.

SIMILARITY_SCORE: 25","ok",""
"ME-16-05-336-804","ME-14-12-6904-57","3","1","1","{""זמן האירוע"": ""שעת ערב"", ""מיקום האירוע"": ""טקס חינה"", ""תאריך האירוע"": ""24/04/16"", ""סוג הנשק המדויק"": ""תת מקלע מאולתר מסוג קרל גוסטב"", ""פעולה במהלך האירוע"": ""פריקת נשק"", ""התנהלות במהלך נסיעה"": ""הימלטות מהמשטרה"", ""מספר כביש"": ""24"", ""מעורבות צד שלישי"": ""רדואן סמארה"", ""מספר עבירה"": ""144 ב"", ""סוג עבירה"": ""נשיאת נשק, הובלת נשק"", ""סוג הנשק [תת מקלע מאולתר]"": 1.0, ""סטטוס הנשק"": ""נשק מופרד מתחמושת"", ""תכנון"": ""לא"", ""אופן החזקת הנשק"": ""ברכב, על גופו"", ""כמות תחמושת"": ""2 מחסניות ריקות ובהן 0 כדורים, 26 כדורים"", ""שימוש"": ""לא""}","{""מיקום החזקת הנשק"": ""ארון בגדים בחדר השינה"", ""מחיר הנשק"": ""4000 ש\\""ח"", ""מועד רכישת הנשק"": ""כחודש ימים עובר ליום 18.11.2014"", ""מקום מגורים"": ""תל אביב"", ""כמות קנאביס"": ""0.3027 גרם נטו"", ""סוג הנשק"": ""רובה מאולתר מדגם קרל גוסטב"", ""תיאור האופן שבו נשא הנאשם את הנשק"": ""בתוך תיק גב, עטוף בבגדים"", ""מספר עבירה"": ""144 ב"", ""סוג עבירה"": ""נשיאת נשק, הובלת נשק"", ""עבירות נוספות"": ""הנאשם הואשם והורשע בנוסף לעבירת נשק (סעיף 144(ב) לחוק העונשין) גם בעבירה של החזקת סם לצריכה עצמית לפי סעיף 7(א) לפקודת הסמים המסוכנים."", ""סוג הנשק [תת מקלע מאולתר]"": 1.0, ""סטטוס הנשק"": ""נשק מופרד מתחמושת"", ""תכנון"": ""כן"", ""אופן החזקת הנשק"": ""בבית, על גופו, מוסלק - מוסתר"", ""אופן קבלת הנשק"": ""רכש"", ""כמות תחמושת"": ""מחסנית וכדורים, כדורים"", ""שימוש"": ""לא""}","40.0","1. **סוג העבירה וחומרתה**:  
שני התיקים עוסקים בעבירה לפי סעיף 144(ב) — נשיאת/הובלת נשק — מה שמקנה להם דמיון מהותי ביחס לסוג העבירה. חומרתה דומה — שניהם נוגעים לנשק מאולתר (קרל גוסטב), אך בתיק 1 היה שימוש בנקירה, ובתיק 2 נמצאה תחמושת ועבירה נוספת (קנאביס), מה שמעיד על חומרה מתונה יותר בתיק 2.

2. **תפקיד הנאשם ומעורבותו**:  
בתיק 1 הנאשם היה מעורב בפעולה דינמית — פריקה, הימלטות, נסיעה בכביש — מה שמעיד על מעורבות פעילה וסיכון ציבורי. בתיק 2 — הנשק היה מוסתר בבית, נרכש, ולא נעשה בו שימוש — מעורבות פסיבית יותר, עם תכנון. ההבדל במעורבות הוא מהותי.

3. **שיטת הביצוע (MO)**:  
בתיק 1 — נשק נישא ברכב, נפרק, נקף, עם הימלטות — סגנון פשע דינמי. בתיק 2 — נשק נרכש, נחצה בבית, מוסתר — סגנון אחסון/החזקה. אין דמיון בדפוס ביצוע — הבדל מהותי.

4. **נסיבות הליבה**:  
בתיק 1 — כמות תחמושת מוגבלת (26 כדורים), שימוש בנקירה, הימלטות — סיכון מיידי. בתיק 2 — תכנון, רכישה, תחמושת, עבירה נוספת — סיכון מתמשך. סדרי גודל דומים, אך נסיבות שונות: אחד פשע ביצועי, השני פשע אחסון/הכנה.

5. **ישימות כתקדים**:  
בית המשפט לא יראה את התיקים כרלוונטיים זה לזה לצורכי ענישה — אחד עוסק בפעולה פשענית דינמית עם סיכון ציבורי מיידי, והשני בבעלות נשק מוסתר עם תכנון ועבירה נוספת. ההבדלים במעורבות, MO ונסיבות מונעים מהן לשמש כתקדים זה לזה.

SIMILARITY_SCORE: 40","ok",""
"SH-19-07-60805-168","ME-20-01-17935-7","1","0","0","{""סוג הרכב"": ""לקסוס"", ""מספר רישוי"": ""72-111-79"", ""מיקום החזקת הנשק"": ""תחת שטיח הגלגל הרזרבי"", ""סוג האקדח"": ""גז/הזנקה"", ""שינוי בייעוד הנשק"": ""מסוגל לירות כדורי אקדח"", ""סוג המחסנית"": ""סמית' אנד ווסון"", ""קוטר הכדורים"": ""9 מ\\""מ פאראבלום"", ""מספר עבירה"": ""144 א"", ""סוג עבירה"": ""החזקה נשק"", ""סוג הנשק [אקדח]"": 1.0, ""סטטוס הנשק"": ""נשק עם מחסנית בהכנס"", ""תכנון"": ""לא"", ""אופן החזקת הנשק"": ""ברכב, מוסלק - מוסתר"", ""כמות תחמושת"": ""מחסנית ובה 10 כדורים"", ""שימוש"": ""לא""}","{""מיקום האירוע"": ""חניון עפר פתוח באום אל פחם"", ""זמן האירוע"": ""29.12.19 בסביבות השעה 22:00"", ""תיאור המעורבים"": ""הנאשם, אחיו קיס והייתם אג'באריה יחד עם רמי אג'באריה"", ""תגובת הנאשם לפקודת שוטר"": ""לא ציית לפקודה לזרוק את הנשק עד שהשוטר ירה באוויר"", ""אופן תגובת השוטר"": ""ירי באוויר לאחר שהנאשם לא ציית לפקודה"", ""מספר עבירה"": ""144 א, 144 ב"", ""סוג עבירה"": ""החזקה נשק, נשיאת נשק"", ""עבירות נוספות"": ""הנאשם הואשם והורשע בנוסף לעבירות נשק (סעיפים 144(א) ו-144(ב) בצירוף סעיף 25), גם בעבירה של הפרעה לשוטר במילוי תפקידו לפי סעיף 275 לחוק העונשין. זוהי עבירה שאינה עבירת נשק."", ""סוג הנשק [תת מקלע מאולתר]"": 1.0, ""סטטוס הנשק"": ""תקול"", ""תכנון"": ""לא"", ""אופן החזקת הנשק"": ""על גופו"", ""שימוש"": ""לא"", ""כמות תחמושת"": ""ללא""}","25.0","1. **סוג העבירה וחומרתה**: תיק 1 עוסק בהחזקה בלבד (144א), בעוד תיק 2 כולל גם נשיאה (144ב) — חומרה גבוהה יותר. עבירה נוספת בתיק 2 (הפרעה לשוטר) מוסיפה ממד של התנהגות סותרת. דמיון חלקי אך לא מהותי.  
2. **תפקיד הנאשם ומעורבותו**: בתיק 1 — החזקה מוסתרת ברכב, ללא התנהגות סותרת. בתיק 2 — נשק על גופו, התנגדות לפקודת שוטר, מעורבות פיזית ופעילה. מעורבות בתיק 2 עוצמתית ופעילה יותר.  
3. **שיטת הביצוע (MO)**: בתיק 1 — נשק מוסתר ברכב, ללא תכנון או שימוש. בתיק 2 — נשק על גופו, התנהגות סותרת, ירי באוויר של שוטר. דפוס完全不同 — מוסתר מול פומבי/פעיל.  
4. **נסיבות הליבה**: בתיק 1 — תחמושת מוגבלת (10 כדורים), נשק מותאם אך לא בשימוש. בתיק 2 — נשק תקול, אך נושא אותו על גופו, עם התנהגות סותרת. סדרי גודל דומים בתחמושת, אך ההקשר הפיזי וההתנהגותי שונה.  
5. **ישימות כתקדים**: הבדל מהותי בין 144א ל-144ב, ובהקשר של התנהגות סותרת בתיק 2 — בית המשפט לא יראה את תיק 1 כתקדים רלוונטי לתיק 2.  
SIMILARITY_SCORE: 25","ok",""
"ME-15-12-39071-113","ME-09-11-7566-913","3","1","1","{""מותג הרכב"": ""מזדה 3"", ""מספר רישוי"": ""71-098-16"", ""מיקום האירוע"": ""כביש מספר 1, בסמוך למחלף הראל"", ""זמן האירוע"": ""22:30"", ""תאריך האירוע"": ""12.10.13"", ""מיקום הנשק ברכב"": ""מתחת לשטיח שמתחת למושב הסמוך לנהג"", ""סוג הנשק"": ""אקדח חצי אוטומטי מסוג סטאר"", ""מספר עבירה"": ""144 א"", ""סוג עבירה"": ""החזקה נשק"", ""סוג הנשק [אקדח]"": 1.0, ""סטטוס הנשק"": ""תקין"", ""תכנון"": ""לא"", ""אופן החזקת הנשק"": ""ברכב, מוסלק - מוסתר"", ""מטרה-סיבת העבירה"": ""הגנה עצמית"", ""שימוש"": ""לא"", ""כמות תחמושת"": ""ללא""}","{""זמן העבירה"": ""17:00"", ""תאריך העבירה"": ""05.11.09"", ""מיקום החזקת הנשק"": ""מתחת לריפוד במושב שליד הנהג"", ""דגם הנשק"": ""webiey"", ""מספר עבירה"": ""144 א, 144 ב"", ""סוג עבירה"": ""החזקה נשק, נשיאת נשק, הובלת נשק"", ""סוג הנשק [אקדח]"": 1.0, ""סטטוס הנשק"": ""תקול"", ""תכנון"": ""לא"", ""אופן החזקת הנשק"": ""ברכב, מוסלק - מוסתר"", ""שימוש"": ""לא"", ""כמות תחמושת"": ""ללא""}","35.0","1. **סוג העבירה וחומרתה**:  
תיק 1 עוסק רק בהחזקה לפי 144(א), בעוד תיק 2 כולל גם נשיאה והובלה לפי 144(ב) — עבירות חומרות יותר. זה פער מהותי, שכן 144(ב) מחייבת מעורבות פעילה בנשיאה/הובלה, בעוד 144(א) מתמקדת רק בהחזקה.  
2. **תפקיד הנאשם ומעורבותו**:  
בשניהם הנשק היה מוסתר ברכב, אך בתיק 2 יש מעורבות פעילה יותר (נשיאה/הובלה), מה שמעיד על מעורבות רצינית יותר בהקשר פלילי.  
3. **שיטת הביצוע (MO)**:  
דפוס דומה — נשק מוסתר מתחת לריפוד במושב הנהג — אך בתיק 2 הנשק היה תקול, מה שעשוי להצביע על ניסיון להימנע מהזדהות עם נשק פעיל, אך גם על חוסר רצינות או סיכון נמוך יותר.  
4. **נסיבות הליבה**:  
הנשיאה/הובלה בתיק 2 מוסיפה נסיבות מחמירות (הובלת נשק במרחב ציבורי), בעוד בתיק 1 אין הוכחה לפעילות מעבר להחזקה. גם סטטוס הנשק (תקין מול תקול) משפיע על חומרת העבירה.  
5. **ישימות כתקדים**:  
בית המשפט לא יראה בתיק 1 תקדים רלוונטי לתיק 2, שכן ההבדל בין 144(א) ל-144(ב) הוא מהותי בחוק ובמערכת הענישות — עבירה של נשיאה/הובלה דורשת ענישה חמורה יותר, והחזקה בלבד לא מספקת כתקדים.  

SIMILARITY_SCORE: 35","ok",""
"ME-19-04-1316-977","SH-11-05-24791-315","1","0","0","{""מיקום העסקה"": ""א-ראם"", ""סוג התחמושת"": ""כדורי M16, כדורי 5.56 מ\\""מ"", ""כמות כדורים נוספת"": ""1,100 כדורים"", ""מחיר העסקה"": ""17,000 ₪, 19,000 ₪"", ""תאריכים רלוונטיים"": ""10.2.2019, 14.2.2019, 17.2.2019, 18.2.2019, 26.2.2019, 3.3.2019, 13.3.2019, 17.3.2019, 18.3.2019"", ""זהות הסוכן"": ""לוחם מספר 188, עלי"", ""תפקיד הסוכן"": ""שוטר, סוכן מטעם משטרת ישראל"", ""סוג הנשק המוצע למכירה"": ""קרלו"", ""מצב הנשק"": ""מקולקל"", ""התקשרות עם צד שלישי"": ""האחר"", ""מידע על צד שלישי"": ""האחר מתעכב, הנשק מקולקל"", ""הבטחת נשק נוסף"": ""הבטחה להשיג אקדח בעתיד"", ""תקופה עתידית להשגת נשק"": ""עד לחודש הרמדאן"", ""מספר עבירה"": ""144 ב"", ""סוג עבירה"": ""סחר בנשק, ניסיון לסחר בנשק"", ""סוג הנשק [אקדח]"": 1.0, ""סוג הנשק [תת מקלע מאולתר]"": 1.0, ""סטטוס הנשק"": ""תקול"", ""תכנון"": ""לא"", ""אופן החזקת הנשק"": ""ברכב"", ""כמות תחמושת"": ""מחסנית, 900 כדורים"", ""מטרה-סיבת העבירה"": ""בצע כסף"", ""שימוש"": ""לא""}","{""מיקום החזקת הנשק"": ""כפר עין-נקובא"", ""סוג האקדח"": ""FN"", ""סוג המחסניות"": ""תואמות לאקדח FN"", ""זמן החזקת הנשק"": ""19/07/09 בשעה 21:00"", ""מספר עבירה"": ""144 א"", ""סוג עבירה"": ""החזקה נשק"", ""סוג הנשק [אקדח]"": 1.0, ""סטטוס הנשק"": ""נשק מופרד מתחמושת"", ""תכנון"": ""לא"", ""אופן החזקת הנשק"": ""בבית"", ""אופן קבלת הנשק"": ""מאחר"", ""כמות תחמושת"": ""2 מחסניות"", ""שימוש"": ""לא""}","15.0","1. **סוג העבירה וחומרתה**: תיק 1 עוסק בסחר בנשק (144ב) — עבירה חמורה יותר, עם מוטיב פיננסי ומעורבות פעילה במכירה. תיק 2 עוסק בהחזקה בלבד (144א) — עבירה פחות חמורה, ללא סחר או ניסיון. הבדל מהותי בדרגת החומרה והמטרה.

2. **תפקיד הנאשם ומעורבותו**: בתיק 1 — הסוכן הוא שוטר/סוכן של משטרת ישראל, מעורב במכירה ובהבטחת נשק עתידי — מעורבות פעילה ומאורגנת. בתיק 2 — החזקה פסיבית בבית, ללא סחר או תכנון — מעורבות מינימלית, אולי אפילו אקזוטית.

3. **שיטת הביצוע (MO)**: בתיק 1 — סחר מבוקר, עם תאריכים מרובים, מחירים, תקשורת עם צד שלישי, הבטחה עתידית — סגנון מסחרי. בתיק 2 — החזקה חד-פעמית, ללא תכנון או תקשורת — סגנון פסיבי. אין דמיון בדפוס ביצוע.

4. **נסיבות הליבה**: בתיק 1 — כמות תחמושת גדולה (900-1,100 כדורים), נשק מקולקל אך מוצע למכירה, מטרה פיננסית. בתיק 2 — תחמושת מינימלית (2 מחסניות), נשק תקין, ללא מטרה פיננסית או שימוש. הבדלים דרמטיים בכמות, סטטוס נשק, מטרה.

5. **ישימות כתקדים**: בית משפט לא יראה את תיק 2 כתקדים לתיק 1 — הבדלים בדרגת החומרה, במעורבות, בדפוס, ובנסיבות. עבירה של 144א לא רלוונטית לעונש ב-144ב, ובפרט כשאין דמיון במעורבות או בדפוס.

SIMILARITY_SCORE: 15","ok",""
"ME-15-12-39071-113","ME-13-02-28360-614","1","0","0","{""מותג הרכב"": ""מזדה 3"", ""מספר רישוי"": ""71-098-16"", ""מיקום האירוע"": ""כביש מספר 1, בסמוך למחלף הראל"", ""זמן האירוע"": ""22:30"", ""תאריך האירוע"": ""12.10.13"", ""מיקום הנשק ברכב"": ""מתחת לשטיח שמתחת למושב הסמוך לנהג"", ""סוג הנשק"": ""אקדח חצי אוטומטי מסוג סטאר"", ""מספר עבירה"": ""144 א"", ""סוג עבירה"": ""החזקה נשק"", ""סוג הנשק [אקדח]"": 1.0, ""סטטוס הנשק"": ""תקין"", ""תכנון"": ""לא"", ""אופן החזקת הנשק"": ""ברכב, מוסלק - מוסתר"", ""מטרה-סיבת העבירה"": ""הגנה עצמית"", ""שימוש"": ""לא"", ""כמות תחמושת"": ""ללא""}","{""מיקום האירוע"": ""רהט"", ""תאריך האירוע"": ""9/2/13"", ""התנהגות במהלך המעצר"": ""ניסיון בריחה"", ""מצב הנהגה"": ""נהיגה תחת השפעת אלכוהול"", ""שימוש בנשק"": ""ירי באוויר"", ""מספר יריות"": ""שלוש"", ""התערבות שוטרים"": ""ניידת משטרה עם אורות כחולים דולקים וסירנה"", ""אופן העצירה"": ""נסיעה על המדרכה וחסימת נתיב על ידי ניידת משטרה"", ""מספר עבירה"": ""144 ב"", ""סוג עבירה"": ""נשיאת נשק"", ""עבירות נוספות"": ""הנאשם הורשע בנוסף לעבירות נשק (סעיף 144(ב) לחוק העונשין) גם בעבירות נוספות: הפרעה לשוטר במילוי תפקידו (סעיף 275 לחוק העונשין), נהיגה ללא רישיון (סעיף 10(א) לפקודת התעבורה), נהיגה ללא ביטוח (סעיף 2 לפקודת ביטוח רכב מנועי), ונהיגה תחת השפעת משקאות משכרים (תקנה 26(2) לתקנות התעבורה)."", ""סוג הנשק - אם לא נמצא בטבלה"": ""נשק"", ""סטטוס הנשק"": ""נשק עם כדור בקנה"", ""תכנון"": ""לא"", ""אופן החזקת הנשק"": ""ברכב"", ""שימוש"": ""לא"", ""כמות תחמושת"": ""ללא""}","15.0","1. **סוג העבירה וחומרתה**: תיק 1 עוסק בהחזקה נשק (144א) ללא שימוש, בעוד תיק 2 עוסק בנשיאה/הובלה של נשק (144ב) עם שימוש ביריה באוויר — עבירה חמורה יותר. ההבדל בין 144א ל-144ב הוא מהותי בחוק, ולכן אין דמיון מהותי בדרגת החומרה.

2. **תפקיד הנאשם ומעורבותו**: בתיק 1, הנאשם מחזיק נשק מוסתר, ללא התערבות פעילה או שימוש — מעורבות פסיבית. בתיק 2, הנאשם נושא נשק ברכב, יורה באוויר, נוהג תחת השפעה, ומנצל את הנשק כחלק מהתנהגות סוערת — מעורבות פעילה ומעורבת במעשים נוספים. אין דמיון במעורבות.

3. **שיטת הביצוע (MO)**: בתיק 1 — נשק מוסתר ברכב, ללא תכנון, ללא שימוש. בתיק 2 — נשק ברכב, עם כדור בקנה, ירי באוויר, התנהגות סוערת, ניסיון בריחה. הדפוס שונה: אחד פסיבי-הסתרה, השני אגרסיבי-פעילה. אין דמיון ב-MO.

4. **נסיבות הליבה**: בתיק 1 — כמות נשק אחת, ללא שימוש, מטרה של הגנה עצמית. בתיק 2 — שימוש ביריה, נשק מוכן לירי, עבירות נוספות (נהיגה תחת השפעה, הפרעה, ללא רישיון), התערבות שוטרים. נסיבות מחמירות מאוד בתיק 2, אין דמיון בנסיבות.

5. **ישימות כתקדים**: בית משפט לא יראה בתיק 1 תקדים לתיק 2 — הבדל מהותי בסוג העבירה (144א מול 144ב), בהיקף העבירות, ובשימוש בנשק. תקדים רלוונטי חייב להיות דומה בדרגת החומרה ובמעורבות — כאן אין שום דמיון מהותי.

SIMILARITY_SCORE: 15","ok",""
"ME-16-02-59812-881","ME-22-03-52964-443","3","1","1","{""מקום עבודה"": ""בית ספר יסודי"", ""תפקיד בעבודה"": ""מאבטחת"", ""סוג האקדח"": ""תארוס 9 מ\\""מ"", ""תקופת העבירות"": ""יולי 2015 - פברואר 2016"", ""סוגי סמים"": ""חשיש, הרואין"", ""כמות סם הרואין"": ""ארבע חבילות"", ""מחיר מכירת הנשק"": ""8,000 ₪"", ""סכום כסף במזומן"": ""8,000 ₪"", ""שם הקונה"": ""מחמוד צאלוק"", ""סיבת מכירת הנשק"": ""צורך בכסף לרכישת סמים"", ""תיאור האירוע המזויף"": ""שוד בו נגנב האקדח"", ""תגובת מעבידה לאירוע השוד"": ""פנייה מיידית למשטרה"", ""תאריך הדיווח על השוד"": ""18.2.16"", ""מספר עבירה"": ""144 ב"", ""סוג עבירה"": ""סחר בנשק"", ""עבירות נוספות"": ""הנאשם הואשם והורשע בנוסף לעבירת נשק (סחר בנשק לפי סעיף 144(ב2)), גם בעבירות מסירת ידיעה כוזבת על עבירת פשע (סעיף 243 לחוק העונשין) ושיבוש הליכי משפט (סעיף 244 לחוק העונשין). אלו אינן עבירות נשק."", ""סוג הנשק [אקדח]"": 1.0, ""סטטוס הנשק"": ""נשק מופרד מתחמושת"", ""תכנון"": ""לא"", ""אופן החזקת הנשק"": ""בבית"", ""כמות תחמושת"": ""2 מחסניות, 20 כדורים"", ""מטרה-סיבת העבירה"": ""בצע כסף"", ""שימוש"": ""לא""}","{""מיקום האירוע"": ""מפעל מזון בדיר אל אסד"", ""זמן האירוע"": ""9.3.22 בשעה 12:10"", ""סוג הנשק"": ""אקדח חצי אוטומטי D.D.G מודל 19 קליבר 9 מ\\""מ פרבלום"", ""תיאור התפיסה"": ""הנאשם ניסה להשליך את הנשק והתחמושת לתוך ארגז עופות אך נתפס על ידי השוטרים"", ""מספר עבירה"": ""144 א, 144 ב"", ""סוג עבירה"": ""החזקה נשק, נשיאת נשק, הובלת נשק"", ""עבירות נוספות"": ""הנאשם הורשע בנוסף לעבירות נשק גם בעבירת הפרעה לשוטר במילוי תפקידו לפי סעיף 275 לחוק העונשין. לא צוינו עבירות נוספות שאינן עבירות נשק או הפרעה לשוטר."", ""סוג הנשק [אקדח]"": 1.0, ""סטטוס הנשק"": ""נשק עם מחסנית בהכנס"", ""תכנון"": ""כן"", ""אופן החזקת הנשק"": ""על גופו, מוסלק - מוסתר"", ""כמות תחמושת"": ""מחסנית ובה 16 כדורים, מחסנית נוספת ובה 16 כדורים"", ""מטרה-סיבת העבירה"": ""הגנה עצמית"", ""שימוש"": ""לא""}","25.0","1. **סוג העבירה וחומרתה**:  
תיק 1 עוסק בסחר בנשק (144(ב2)) – עבירה חמורה יותר, עם מוטיב כלכלי ומעורבות פעילה במכירה. תיק 2 עוסק בהחזקה ונשיאה (144(א)+(ב)) – עבירה פחות חמורה, עם מוטיב של הגנה עצמית. חומרת העבירה וסיבה להתקפה שונים מהותית.

2. **תפקיד הנאשם ומעורבותו**:  
בתיק 1 – נאשם שימש כמאבטחת, השתמש בנשק שנקבל בעבודה, ומכרו במתכוון. בתיק 2 – נאשם נושא נשק מוסתר, ללא קשר למשרה או סמכות רשמית. מעורבותו של התיק 1 היא יזמית ומעורבת יותר, בעוד התיק 2 הוא פסיבי יותר (החזקה), אך עם תכנון.

3. **שיטת הביצוע (MO)**:  
בתיק 1 – נשק מופרד מתחמושת, נמכר בכסף, עם תיאור מזויף של שוד. בתיק 2 – נשק מוכן לשימוש (מחסנית בהכנס), מוסתר על הגוף, ניסיון להשליך. סגנון הביצוע שונה: מסחר מול נישוא/הובלה מוסתרת.

4. **נסיבות הליבה**:  
בשני התיקים יש נשק 9 מ""מ, אך בתיק 1 יש תכנון חלקי (שוד מזויף), סיבה כלכלית, ועבירות נוספות לא קשורות לנשק (שיבוש הליכים). בתיק 2 – תכנון ברור, מטרה של הגנה, עבירה נוספת של הפרעה לשוטר. כמות התחמושת דומה, אך הסיבה וההקשר שונים.

5. **ישימות כתקדים**:  
בית משפט לא יראה את התיק 1 כתקדים לתיק 2 – הם נבדלים בהרחבת העבירה (סחר מול החזקה), בהקשר (עיסוק מול הגנה), ובעבירות נוספות. גם הבחנה בין 144(א) ל-144(ב) היא מהותית, וכאן התיק 1 הוא 144(ב) בלבד, בעוד התיק 2 כולל גם 144(א). לא רלוונטי כתקדים.

SIMILARITY_SCORE: 25","ok",""
"ME-20-01-62688-591","ME-17-05-35227-215","1","0","0","{""סוג הרכב"": ""הונדה שחורה"", ""מספר רישוי"": ""60-201-70"", ""זמן האירוע"": ""16.1.20 בשעה 14:55"", ""מיקום האירוע"": ""עסק בו עבד המתלונן"", ""פגיעה פיזית"": ""שבר פמור שליש פרוקסימלי אספקט קדמי של להקורטקס"", ""אורך הפגיעה"": ""כ 7 ס\\""מ"", ""טיפול רפואי"": ""ניתוח לשחזור ולקיבוע השבר באמצעות מסמר"", ""מקום אשפוז"": ""בית חולים רמב\\""ם"", ""תאריך שחרור מהאשפוז"": ""21.1.20"", ""מקום מעצר הנאשם"": ""תחנת דלק פז בצומת האצטדיון בחיפה"", ""זמן מעצר"": ""סמוך לשעה 15:50 באותו יום"", ""כמות סם"": ""1.5 גרם קוקאין"", ""סכום כסף נמצא"": ""1,950 ₪"", ""מספר עבירה"": ""144 ב"", ""סוג עבירה"": ""נשיאת נשק, הובלת נשק"", ""עבירות נוספות"": ""הנאשם הורשע, בנוסף לעבירות נשק לפי סעיף 144, גם בעבירה של חבלה בכוונה מחמירה לפי סעיף 329(א)(1) לחוק העונשין, ובעבירה של החזקת סם מסוכן לצריכה עצמית לפי סעיפים 7(א) + 7(ג) סיפא לפקודת הסמים המסוכנים."", ""סוג הנשק [אקדח]"": 1.0, ""סטטוס הנשק"": ""נשק עם כדור בקנה"", ""תכנון"": ""כן"", ""אופן החזקת הנשק"": ""ברכב, על גופו"", ""שימוש"": ""לא"", ""כמות תחמושת"": ""ללא""}","{""תאריך העבירה"": ""7 במאי 2017"", ""זמן העבירה"": ""צהריים"", ""סוג הרכב"": ""אופנוע"", ""דגם הרכב"": ""קואנג יאנג טיו"", ""מיקום הנשק ברכב"": ""תא מטען"", ""מספר עבירה"": ""144 ב"", ""סוג עבירה"": ""נשיאת נשק, הובלת נשק"", ""סוג הנשק [תת מקלע מאולתר]"": 1.0, ""סטטוס הנשק"": ""נשק עם מחסנית בהכנס"", ""תכנון"": ""כן"", ""אופן החזקת הנשק"": ""ברכב"", ""שימוש"": ""לא"", ""כמות תחמושת"": ""ללא""}","45.0","1. **סוג העבירה וחומרתה**: שני התיקים עוסקים בעבירה לפי סעיף 144(ב) — נשיאת/הובלת נשק — מה שמקנה להם בסיס משותף. עם זאת, בתיק 1 יש שימוש בנשק (ירי) ופגיעה פיזית חמורה, בעוד בתיק 2 אין שימוש — מה שמפחית משמעותית את החומרה.  
2. **תפקיד הנאשם ומעורבותו**: בתיק 1 הנאשם מעורב בפעולה אלימה ישירה (חבלה + ירי), ובתיק 2 אין הוכחה למעורבות פעילה — רק נשיאה. זה מבדיל בין מעורבות פלילית פעילה לפסיבית.  
3. **שיטת הביצוע (MO)**: בשני המקרים יש תכנון, נשק עם מחסנית בהכנס, והחזקתו ברכב — דפוס דומה. אך בתיק 1 הנשק היה ""על גופו"", ובתיק 2 ""בתא מטען"" — הבדל במעורבות ישירה.  
4. **נסיבות הליבה**: בתיק 1 יש נשק אקדח, שימוש, פגיעה חמורה, סכום כסף וסם — סימנים של עבירה מאורגנת/אשראי. בתיק 2 — תת-מקלע מאולתר, ללא שימוש, ללא פגיעה — עבירה פחות חמורה.  
5. **ישימות כתקדים**: למרות הדמיון בסעיף 144(ב), ההבדלים בחומרה, בשימוש בנשק, ובמעורבות הפעילה מונעים מהתיק השני לשמש כתקדים רלוונטי לתיק הראשון — בית המשפט יראה בהם עבירות שונות בהקשר ענישה.

SIMILARITY_SCORE: 45","ok",""
"ME-16-06-64845-657","ME-12-03-13401-281","1","0","0","{""סוג תחמושת"": ""כדורי רובה"", ""קוטר תחמושת"": ""9 מ\\""מ"", ""מיקום האירוע"": ""כפר כנא, אזור המשתלה, קצה צפוני"", ""תאריך האירוע"": ""22/6/16"", ""שעת האירוע"": ""22:30"", ""מספר עבירה"": ""144 ב"", ""סוג עבירה"": ""נשיאת נשק, הובלת נשק"", ""סוג הנשק [אקדח]"": 1.0, ""סטטוס הנשק"": ""נשק מופרד מתחמושת"", ""תכנון"": ""לא"", ""אופן החזקת הנשק"": ""ברכב, על גופו, מוסלק - מוסתר"", ""כמות תחמושת"": ""מחסנית ריקה ובה 0 כדורים, 11 כדורים"", ""שימוש"": ""לא""}","{""סוג האקדח"": ""CZ קליבר 9 מ\\""מ"", ""מקור הנשק"": ""נגנב"", ""תאריך גניבת הנשק"": ""3.2.12"", ""מיקום הגניבה"": ""ביישוב ציפורי"", ""מיקום הירי"": ""רחוב שיבת ציון בחיפה"", ""זמן הירי"": ""סמוך לשעה 00:38"", ""זמן המעצר"": ""סמוך לשעה 1:50"", ""מצב הנשק בעת המעצר"": ""טעון עם כדור בקנה ופטיש האקדח משוך לאחור"", ""מספר כדורים שנורו"": ""11"", ""מספר עבירה"": ""144 א, 144 ב"", ""סוג עבירה"": ""החזקה נשק, נשיאת נשק, הובלת נשק"", ""עבירות נוספות"": ""הנאשם הורשע גם בעבירה של ירי באזור מגורים לפי סעיף 340א לחוק העונשין, שהיא עבירה שאינה לפי סעיף 144."", ""סוג הנשק [אקדח]"": 1.0, ""סטטוס הנשק"": ""נשק עם כדור בקנה"", ""תכנון"": ""לא"", ""אופן החזקת הנשק"": ""ברכב"", ""כמות תחמושת"": ""2 מחסניות ובהן כדורים, 11 כדורים"", ""שימוש"": ""לא""}","25.0","1. **סוג העבירה וחומרתה**:  
תיק 1 עוסק בנשיאה והובלת נשק (144ב) ללא שימוש, בעוד תיק 2 כולל גם החזקה (144א) ושימוש בנשק (ירי), עם עבירה נוספת לפי סעיף 340א — מה שמעיד על חומרה רבה יותר. ההבדל בין 144ב ל-144א+שימוש הוא מהותי, ומשנה את הסביבה הענישתית.

2. **תפקיד הנאשם ומעורבותו**:  
בשניהם הנאשם מחזיק/נשא נשק, אך בתיק 2 הוא ביצע ירי — מעורבות פעילה וסיכון ממשי לציבור, לעומת תקיפה פוטנציאלית בתיק 1. ההבדל במעורבות הוא מהותי מבחינת ענישה.

3. **שיטת הביצוע (MO)**:  
שתיהן מתבצעות ברכב, אך בתיק 2 יש נשק טעון עם כדור בקנה ופיגוע ירי — דפוס סיכון גבוה. בתיק 1 הנשק מופרד מתחמושת, ללא שימוש. אין דמיון בדפוס ביצוע.

4. **נסיבות הליבה**:  
בשניהם קוטר 9 מ״מ, כמות תחמושת דומה (11 כדורים), אך בתיק 2 יש ירי, נשק נגנב, ופיגוע במרחב מגורים — נסיבות מחמירות קיצוניות שלא קיימות בתיק 1. סדר הגודל של הסיכון שונה.

5. **ישימות כתקדים**:  
בית המשפט לא יראה בתיק 1 תקדים לתיק 2 — הבדלים במעורבות, שימוש, סיכון ועבירות נוספות פוגעים בדמיון מהותי. תקדים יתאים רק אם העבירה והנסיבות זהות או דומות מאוד — כאן זה לא המצב.

SIMILARITY_SCORE: 25","ok",""
"SH-14-02-28659-762","ME-16-05-19384-544","1","0","0","{""מיקום החזקת הנשק"": ""עליית גג של המקלחת"", ""משך זמן החזקת הנשק"": ""כשנתיים"", ""תאריך תחילת החזקת הנשק"": ""11.2.12"", ""מיקום הבית"": ""עזריה"", ""מספר עבירה"": ""144 א"", ""סוג עבירה"": ""החזקה נשק"", ""סוג הנשק [תת מקלע מאולתר]"": 1.0, ""סטטוס הנשק"": ""נשק מופרד מתחמושת"", ""תכנון"": ""לא"", ""אופן החזקת הנשק"": ""בבית, מוסלק - מוסתר"", ""כמות תחמושת"": ""מחסנית וכדורים"", ""מטרה-סיבת העבירה"": ""הגנה עצמית"", ""שימוש"": ""לא""}","{""מקום החבייה"": ""שכונה סמוכה למקום מגוריו"", ""מחיר נשק קרל גוסטב"": ""3000 ₪"", ""מחיר מכירה נשק קרל גוסטב לחרוב"": ""3500 ₪"", ""תאריך פיגוע ירי על ידי חרוב"": ""9.3.16"", ""מיקום פיגוע ירי"": ""ירושלים, צומת רמות ושמעון הצדיק"", ""סוג תחמושת"": ""כדורי תחמושת לנשק קרל גוסטב"", ""מספר כדורים שנמכרו"": ""10"", ""מקום חיפוש נשק על ידי כוחות הביטחון"": ""קלנדיה"", ""תאריך החלטה לירות על כוחות הביטחון"": ""14.11.15"", ""מספר כדורים שנורו"": ""5"", ""מספר רכבים של כוחות הביטחון שנזוהו"": ""3"", ""מספר נשקים שנמכרו למחיסן"": ""2"", ""מחיר נשק למחיסן"": ""4000 ₪ לכל נשק"", ""מספר נשקים שנרכשו מאחר"": ""לא צוין מספר מדויק"", ""מספר עבירה"": ""144 א, 144 ב"", ""סוג עבירה"": ""נשיאת נשק, סחר בנשק"", ""עבירות נוספות"": ""הנאשם הורשע גם בעבירת ניסיון לחבלה חמורה לפי סעיף 333 בצירוף סעיף 25 לחוק העונשין, שאינה עבירת נשק לפי סעיף 144."", ""סוג הנשק - אם לא נמצא בטבלה"": ""רובה מסוג תבור, קרל גוסטב"", ""סטטוס הנשק"": ""נשק מופרד מתחמושת"", ""תכנון"": ""כן"", ""אופן החזקת הנשק"": ""בבית, על גופו, מוסלק - מוסתר"", ""אופן קבלת הנשק"": ""רכש"", ""כמות תחמושת"": ""10 כדורים"", ""מטרה-סיבת העבירה"": ""בצע כסף"", ""שימוש"": ""לא""}","15.0","1. **סוג העבירה וחומרתה**: תיק 1 עוסק בהחזקה של נשק מאולתר ללא תכנון או שימוש, לפי סעיף 144(א) בלבד. תיק 2 כולל נסיעה, סחר, תכנון, שימוש בנשק (יריה), ועבירה נוספת של ניסיון לחבלה — חומרה משמעותית גבוהה יותר, וכולל גם 144(ב). אין דמיון מהותי בחומרה או בסוג העבירה.

2. **תפקיד הנאשם ומעורבותו**: בתיק 1 — החזקה פסיבית, מוסתרת, למטרת הגנה עצמית. ב תיק 2 — מעורבות אקטיבית, מסחר, רכישה, תכנון פיגוע, שימוש באלימות. התפקיד הוא של יזם/פועל, לא של מחזיק פסיבי — הבדל מהותי.

3. **שיטת הביצוע (MO)**: בתיק 1 — נשק מופרד מתחמושת, מוסתר בבית. ב תיק 2 — נשק עם כדור בקנה, מוסתר אך מוכן לשימוש, נמכר, נירא. דפוס ביצוע שונה — אחד פסיבי-הגנתי, השני אגרסיבי-תקיפי.

4. **נסיבות הליבה**: ב תיק 1 — תחמושת מוגבלת, אין שימוש, אין תכנון. ב תיק 2 — תכנון, שימוש, פיגוע, תחמושת מוכנה, סחר, עבירות נוספות. סדרי גודל שונים לגמרי — אחד מוגבל, השני פלילי-ביטחוני.

5. **ישימות כתקדים**: בית המשפט לא יראה בתיק 1 תקדים לתיק 2 — הבדלים במעורבות, חומרה, תכנון, שימוש, וסוג עבירה (144א מול 144א+ב+חבלה). אין בסיס משפטי להשוואה.

SIMILARITY_SCORE: 15","ok",""
"ME-20-01-62688-591","ME-22-03-52964-443","2","0","1","{""סוג הרכב"": ""הונדה שחורה"", ""מספר רישוי"": ""60-201-70"", ""זמן האירוע"": ""16.1.20 בשעה 14:55"", ""מיקום האירוע"": ""עסק בו עבד המתלונן"", ""פגיעה פיזית"": ""שבר פמור שליש פרוקסימלי אספקט קדמי של להקורטקס"", ""אורך הפגיעה"": ""כ 7 ס\\""מ"", ""טיפול רפואי"": ""ניתוח לשחזור ולקיבוע השבר באמצעות מסמר"", ""מקום אשפוז"": ""בית חולים רמב\\""ם"", ""תאריך שחרור מהאשפוז"": ""21.1.20"", ""מקום מעצר הנאשם"": ""תחנת דלק פז בצומת האצטדיון בחיפה"", ""זמן מעצר"": ""סמוך לשעה 15:50 באותו יום"", ""כמות סם"": ""1.5 גרם קוקאין"", ""סכום כסף נמצא"": ""1,950 ₪"", ""מספר עבירה"": ""144 ב"", ""סוג עבירה"": ""נשיאת נשק, הובלת נשק"", ""עבירות נוספות"": ""הנאשם הורשע, בנוסף לעבירות נשק לפי סעיף 144, גם בעבירה של חבלה בכוונה מחמירה לפי סעיף 329(א)(1) לחוק העונשין, ובעבירה של החזקת סם מסוכן לצריכה עצמית לפי סעיפים 7(א) + 7(ג) סיפא לפקודת הסמים המסוכנים."", ""סוג הנשק [אקדח]"": 1.0, ""סטטוס הנשק"": ""נשק עם כדור בקנה"", ""תכנון"": ""כן"", ""אופן החזקת הנשק"": ""ברכב, על גופו"", ""שימוש"": ""לא"", ""כמות תחמושת"": ""ללא""}","{""מיקום האירוע"": ""מפעל מזון בדיר אל אסד"", ""זמן האירוע"": ""9.3.22 בשעה 12:10"", ""סוג הנשק"": ""אקדח חצי אוטומטי D.D.G מודל 19 קליבר 9 מ\\""מ פרבלום"", ""תיאור התפיסה"": ""הנאשם ניסה להשליך את הנשק והתחמושת לתוך ארגז עופות אך נתפס על ידי השוטרים"", ""מספר עבירה"": ""144 א, 144 ב"", ""סוג עבירה"": ""החזקה נשק, נשיאת נשק, הובלת נשק"", ""עבירות נוספות"": ""הנאשם הורשע בנוסף לעבירות נשק גם בעבירת הפרעה לשוטר במילוי תפקידו לפי סעיף 275 לחוק העונשין. לא צוינו עבירות נוספות שאינן עבירות נשק או הפרעה לשוטר."", ""סוג הנשק [אקדח]"": 1.0, ""סטטוס הנשק"": ""נשק עם מחסנית בהכנס"", ""תכנון"": ""כן"", ""אופן החזקת הנשק"": ""על גופו, מוסלק - מוסתר"", ""כמות תחמושת"": ""מחסנית ובה 16 כדורים, מחסנית נוספת ובה 16 כדורים"", ""מטרה-סיבת העבירה"": ""הגנה עצמית"", ""שימוש"": ""לא""}","35.0","1. **סוג העבירה וחומרתה**:  
שני התיקים כוללים עבירות לפי סעיף 144, אך תיק 1 מתמקד בעיקר ב-144(ב) (נשיאה/הובלה + שימוש ביריה), בעוד תיק 2 כולל גם 144(א) (החזקה) ו-144(ב) — אך ללא שימוש. החומרה ב-144(ב) עם שימוש (תיק 1) היא חמורה בהרבה מהחזקה או נשיאה ללא שימוש (תיק 2). הבדל מהותי.

2. **תפקיד הנאשם ומעורבותו**:  
בשני התיקים הנאשם הוא יזם/משתתף פעיל — בתקיף 1 הוא ירה, בתקיף 2 ניסה להסתיר נשק. אין הבדל מהותי בתפקיד, אך בתקיף 1 יש מעורבות פיזית ישירה (ירי) ובתקיף 2 — ניסיון הסתרה. דרגת מעורבות פעילה משותפת, אך בתקיף 1 היא חמורה יותר.

3. **שיטת הביצוע (MO)**:  
בשני המקרים יש תכנון, נשק אקדח עם מחסניות, והחזקת הנשק על הגוף. בתקיף 1 — שימוש ביריה, בתקיף 2 — ניסיון הסתרה. דפוס דומה במאפיינים טכניים, אך שונה בפעולה הסופית — שימוש מול ניסיון הסתרה. לא זהה, אך דומה בחלק מהאפקטים.

4. **נסיבות הליבה**:  
בתקיף 1 יש פגיעה פיזית חמורה (שבר עם ניתוח), סכום כסף, סם, וסכסוך כמטרה. בתקיף 2 — אין פגיעה, אין סם, יש תחמושת כפולה, ומטרת ""הגנה עצמית"". הבדלים מהותיים בנסיבות — תקיף 1 כולל אלימות פיזית ועבירות נוספות חמות, תקיף 2 — עבירות נשק עם הפרעה לשוטר בלבד.

5. **ישימות כתקדים**:  
בית המשפט לא יראה את תקיף 2 כתקדים רלוונטי לתקיף 1 — כי תקיף 1 כולל שימוש בנשק, פגיעה חמורה, עבירות נוספות (חבלה, סמים), וסכסוך כמטרה. תקיף 2, אף שכולל גם 144(ב), הוא חסר את המרכיבים החמורים — שימוש, פגיעה, סם. הבדל מהותי בדרישות הענישה.

SIMILARITY_SCORE: 35","ok",""
"ME-19-01-53615-8","ME-16-11-69158-529","3","1","1","{""תאריך האירוע"": ""8.1.19"", ""שעת האירוע"": ""שעת לילה"", ""מיקום האירוע"": ""עיר לוד"", ""סוג הרכב"": ""מאזדה"", ""מרחק נסיעה לאחר ירי"": ""עשרות מטרים"", ""מיקום עצירת הרכב"": ""חניית עפר סמוכה"", ""תגובת הנאשם להגעת השוטרים"": ""השליך את הנשק ארצה ונעצר"", ""סוג הנשק המדויק"": ""תת מקלע מאולתר מסוג קרלו"", ""מספר עבירה"": ""144 ב"", ""סוג עבירה"": ""נשיאת נשק, הובלת נשק"", ""עבירות נוספות"": ""הנאשם הורשע בנוסף לעבירת נשק (סעיף 144) גם בעבירה של ירי מנשק חם באזור מגורים, לפי סעיף 340א(ב)(1) לחוק העונשין."", ""סוג הנשק [תת מקלע מאולתר]"": 1.0, ""סטטוס הנשק"": ""נשק עם כדור בקנה"", ""תכנון"": ""לא"", ""אופן החזקת הנשק"": ""ברכב, על גופו"", ""כמות תחמושת"": ""מחסנית טעונה בכדורים"", ""שימוש"": ""לא""}","{""מיקום האירוע"": ""טייבה"", ""תאריך האירוע"": ""23.11.16"", ""סוג התחמושת"": ""9 מ\\""מ"", ""מיקום החבייה"": ""מתחת למושב הנהג ומושב סמוך"", ""סוג האירוע"": ""אירוע משפחתי"", ""מיקום טמינת הנשק"": ""באדמה סמוך לבית הנאשם"", ""סוג הנשק המדויק"": ""קרל גוסטב"", ""מספר עבירה"": ""144 ב"", ""סוג עבירה"": ""נשיאת נשק"", ""עבירות נוספות"": ""הנאשם הורשע בנוסף לעבירות נשק (סעיף 144) גם בעבירה של ירי באזור מגורים לפי סעיף 340א לחוק העונשין."", ""סוג הנשק [תת מקלע]"": 1.0, ""סטטוס הנשק"": ""נשק עם כדור בקנה"", ""תכנון"": ""כן"", ""אופן החזקת הנשק"": ""בבית, ברכב, מוסלק - מוסתר"", ""שימוש"": ""לא"", ""כמות תחמושת"": ""ללא""}","85.0","1. **סוג העבירה וחומרתה**: שני התיקים עוסקים בעבירה 144(ב) — נשיאת/הובלת נשק — עם שימוש בפועל (ירי), ועבירה נוספת של ירי באזור מגורים (340א). חומרת העבירה זהה, ובהקשר של ענישה — זהות מהותית.

2. **תפקיד הנאשם ומעורבותו**: בשתיהן הנאשם מעורב ישירות — נושא/הוביל נשק, השתמש בו. אין הבדל במעורבות פסיבית/פעילה; בשתיהן מעורבות פעילה ומיידית.

3. **שיטת הביצוע (MO)**: בשתיהן נשק מאולתר (תת-מקלע) עם כדור בקנה, בשימוש בפועל. בתקיף 1 — נשק ברכב, נזרק לאחר ירי; בתקיף 2 — נשק מוסתר ברכב ובאדמה, עם תכנון. יש דמיון בדפוס שימוש, אך בתקיף 2 יש תכנון — הבדל מהותי אך לא קריטי בעניין ענישה.

4. **נסיבות הליבה**: בשתיהן ירי באזור מגורים, עם תחמושת טעונה. בתקיף 2 יש תכנון וקשר לאירוע משפחתי (חתונה), מה שעשוי להקל; בתקיף 1 — אין תכנון, אך נשק נזרק — סימן של ניסיון להימלט. סדר גודל התחמושת לא מפורט, אך בשני המקרים יש שימוש בפועל — דמיון ענייני.

5. **ישימות כתקדים**: למרות הבדלים בפרטים (תכנון, מיקום החביה, מטרה), שני התיקים זהים במרכיבים המשפטיים המרכזיים: עבירה 144(ב) עם שימוש בפועל, עבירה נוספת של ירי באזור מגורים. בית משפט יראה בהם תקדים רלוונטי — במיוחד בהקשר של ענישה, שכן החומרה וההשלכות החברתיות זהות.

SIMILARITY_SCORE: 85","ok",""
"ME-15-12-39071-113","sh-10-05-7434-952","3","1","1","{""מותג הרכב"": ""מזדה 3"", ""מספר רישוי"": ""71-098-16"", ""מיקום האירוע"": ""כביש מספר 1, בסמוך למחלף הראל"", ""זמן האירוע"": ""22:30"", ""תאריך האירוע"": ""12.10.13"", ""מיקום הנשק ברכב"": ""מתחת לשטיח שמתחת למושב הסמוך לנהג"", ""סוג הנשק"": ""אקדח חצי אוטומטי מסוג סטאר"", ""מספר עבירה"": ""144 א"", ""סוג עבירה"": ""החזקה נשק"", ""סוג הנשק [אקדח]"": 1.0, ""סטטוס הנשק"": ""תקין"", ""תכנון"": ""לא"", ""אופן החזקת הנשק"": ""ברכב, מוסלק - מוסתר"", ""מטרה-סיבת העבירה"": ""הגנה עצמית"", ""שימוש"": ""לא"", ""כמות תחמושת"": ""ללא""}","{""שנת לידה"": 1961, ""מיקום האירוע"": ""רחוב אורלנסקי 11, פתח תקווה"", ""תאריך האירוע"": ""14.4.10"", ""מודלי הנשק"": [""ברטה חצי אוטומטי"", ""לאמה חצי אוטומטי""], ""מספר עבירה"": ""144 א"", ""סוג עבירה"": ""החזקה נשק"", ""סוג הנשק [אקדח]"": 1.0, ""סטטוס הנשק"": ""נשק מפורק"", ""תכנון"": ""לא"", ""אופן החזקת הנשק"": ""בבית, מוסלק - מוסתר"", ""מטרה-סיבת העבירה"": ""אספנות"", ""שימוש"": ""לא"", ""כמות תחמושת"": ""ללא""}","90.0","1. **סוג העבירה וחומרתה** — שני התיקים עוסקים בהחזקה של נשק לפי סעיף 144(א) בלבד, ללא נסיעה או נשיאה — חומרה זהה. אין הבדל מהותי בדרישות החוק או בהערכה של חומרת העבירה.

2. **תפקיד הנאשם ומעורבותו** — בשתיהן מעורבות פסיבית: החזקה מוסתרת, ללא שימוש או תכנון. אין ראיות ליזמות או מעורבות בפעילות פלילית רחבה — דמיון גבוה.

3. **שיטת הביצוע (MO)** — הנשק מוסתר (מתחת לשטיח / בבית), תקין, לא נועד לשימוש מיידי — דפוס זהה של מחבוא וניהול סיכון. אין הבדל מהותי בדפוס הביצוע.

4. **נסיבות הליבה** — בשני המקרים: נשק חצי אוטומטי, ללא תכנון, ללא שימוש, מוסתר. הבדל במקומם (רכב מול בית) אינו מהותי בחוק — הכוונה להגנה עצמית בתיק 1 לא מוסיפה חומרה או הבדל משפטי.

5. **ישימות כתקדים** — מאחר ושתיהן עבירות 144(א) עם דפוס זהה של מחבוא, חוסר תכנון, חוסר שימוש — בית המשפט יראה בהן תקדים רלוונטי זה לזה לענישה, במיוחד בהקשר של עונש מינימלי או סנקציה מופחתת.

SIMILARITY_SCORE: 90","ok",""
"ME-16-06-44840-433","ME-12-09-51207-971","1","0","0","{""שנת לידה"": ""1993"", ""מיקום האירוע"": ""רחוב האפרסמון, ירושלים"", ""תאריך האירוע"": ""5.6.16"", ""מעורבים נוספים"": ""אלירון גולד, רן אברג'יל, יוני אברג'יל, נתי קורקוס"", ""סוגי רימונים"": ""רימון הלם, רימון גז"", ""הדרכה בשימוש בנשק"": ""הנאשם הסביר לאלירון כיצד להשתמש ברימון הגז"", ""העברת נשק"": ""הנאשם העביר רימוני הלם בין מקומות מסתור"", ""מספר עבירה"": ""144 א, 144 ב"", ""סוג עבירה"": ""החזקה נשק, נשיאת נשק"", ""עבירות נוספות"": ""הנאשם הורשע בנוסף לעבירות נשק (סעיף 144) גם בסיוע לנסיון לתקיפה לפי סעיפים 379 + 25 + 31 לחוק העונשין. זוהי עבירה שאינה עבירת נשק."", ""סוג הנשק [רימון הלם/גז]"": 1.0, ""סטטוס הנשק"": ""נשק מופרד מתחמושת"", ""תכנון"": ""כן"", ""אופן החזקת הנשק"": ""מוסלק - מוסתר"", ""שימוש"": ""זריקת רימון"", ""כמות תחמושת"": ""ללא""}","{""מיקום העבירה"": ""מפעל אם. סי. במעלות, כפר פסוטה"", ""תאריך ייצור הנשק"": ""אוגוסט 2008"", ""תאריך תפיסת הנשק"": ""15/8/11"", ""תאריך הירי"": ""11/8/11"", ""מקום הירי"": ""חתונה בכפר פסוטה"", ""מספר עבירה"": ""144 א, 144 ב"", ""סוג עבירה"": ""החזקה נשק, ייצור נשק"", ""עבירות נוספות"": ""הנאשם הואשם והורשע גם בעבירה של ירי באזור מגורים לפי סעיף 340א לחוק העונשין, שהיא עבירה שאינה לפי סעיף 144 (עבירות נשק)."", ""סוג הנשק - אם לא נמצא בטבלה"": ""נשק (כלי שסוגל לירות קליע שבכוחו להמית אדם, שיוצר על ידי הנאשם)"", ""סטטוס הנשק"": ""נשק עם כדור בקנה"", ""תכנון"": ""לא"", ""אופן החזקת הנשק"": ""בבית"", ""אופן קבלת הנשק"": ""ייצר"", ""מטרה-סיבת העבירה"": ""ציד"", ""שימוש"": ""לא"", ""כמות תחמושת"": ""ללא""}","30.0","1. **סוג העבירה וחומרתה**:  
שני התיקים כוללים עבירות לפי סעיף 144(א) ו-144(ב) — החזקה ונשיאה/הובלה של נשק — אך בתיק 2 יש גם עבירה של ייצור נשק (144(ב) במשמעות רחבה יותר), בעוד בתיק 1 יש עבירה של סיוע לתקיפה — עבירה שונה מהותית. חומרת העבירה דומה, אך היקף העבירות שונה.

2. **תפקיד הנאשם ומעורבותו**:  
בתיק 1 — הנאשם מעורב בפעילות קבוצתית, מעביר נשק, מדריך בשימוש, מעורב בתכנון — מעורבות פעילה ומרכזית. בתיק 2 — הנאשם יצר את הנשק, החזיק אותו בבית, השתמש בו בירידת חתונה — מעורבות אישית, אך לא קבוצתית או תכנונית. דרגת המעורבות שונה.

3. **שיטת הביצוע (MO)**:  
בתיק 1 — נשק מוסתר, מועבר בין מקומות, מוכן לשימוש בתקיפה. בתיק 2 — נשק יוצר, נשמר בבית, משמש בירידת חתונה — אין תכנון, אין תנועה, אין מטרת תקיפה. דפוסי ביצוע שונים מהותית.

4. **נסיבות הליבה**:  
בתיק 1 — נשק מופרד מתחמושת, מוסתר, מטרת סכסוך, שימוש בזריקה. בתיק 2 — נשק עם כדור בקנה, שימוש בירידת חתונה, ללא תכנון. סדרי גודל, מטרה, וסיכון שונים — אין דמיון מהותי.

5. **ישימות כתקדים**:  
בית המשפט לא יראה את התיקים כרלוונטיים זה לזה — אחד עוסק בפעילות ארגונית עם נשק מוכן לתקיפה, השני ביצירת נשק לשימוש אישי ברגעים לא-תקיפתיים. ההבדלים מהותיים גם בהקשר ענישה.

SIMILARITY_SCORE: 30","ok",""
"ME-16-05-19384-544","ME-16-03-54615-517","3","1","1","{""מקום החבייה"": ""שכונה סמוכה למקום מגוריו"", ""מחיר נשק קרל גוסטב"": ""3000 ₪"", ""מחיר מכירה נשק קרל גוסטב לחרוב"": ""3500 ₪"", ""תאריך פיגוע ירי על ידי חרוב"": ""9.3.16"", ""מיקום פיגוע ירי"": ""ירושלים, צומת רמות ושמעון הצדיק"", ""סוג תחמושת"": ""כדורי תחמושת לנשק קרל גוסטב"", ""מספר כדורים שנמכרו"": ""10"", ""מקום חיפוש נשק על ידי כוחות הביטחון"": ""קלנדיה"", ""תאריך החלטה לירות על כוחות הביטחון"": ""14.11.15"", ""מספר כדורים שנורו"": ""5"", ""מספר רכבים של כוחות הביטחון שנזוהו"": ""3"", ""מספר נשקים שנמכרו למחיסן"": ""2"", ""מחיר נשק למחיסן"": ""4000 ₪ לכל נשק"", ""מספר נשקים שנרכשו מאחר"": ""לא צוין מספר מדויק"", ""מספר עבירה"": ""144 א, 144 ב"", ""סוג עבירה"": ""נשיאת נשק, סחר בנשק"", ""עבירות נוספות"": ""הנאשם הורשע גם בעבירת ניסיון לחבלה חמורה לפי סעיף 333 בצירוף סעיף 25 לחוק העונשין, שאינה עבירת נשק לפי סעיף 144."", ""סוג הנשק - אם לא נמצא בטבלה"": ""רובה מסוג תבור, קרל גוסטב"", ""סטטוס הנשק"": ""נשק מופרד מתחמושת"", ""תכנון"": ""כן"", ""אופן החזקת הנשק"": ""בבית, על גופו, מוסלק - מוסתר"", ""אופן קבלת הנשק"": ""רכש"", ""כמות תחמושת"": ""10 כדורים"", ""מטרה-סיבת העבירה"": ""בצע כסף"", ""שימוש"": ""לא""}","{""מיקום המפגשים"": ""סמוך לביתו של מחמד"", ""מספר תתי מקלע שהועברו"": 2, ""סכום התשלום"": ""3000 ₪"", ""תקלות בנשק"": ""שני תתי מקלע לא ירו"", ""משך הזמן להשגת הנשק"": ""שלושה ימים"", ""משך הזמן להחלפת הנשק"": ""כשבוע"", ""מספר עבירה"": ""144 ב"", ""סוג עבירה"": ""סחר בנשק"", ""סוג הנשק [תת מקלע]"": 1.0, ""סטטוס הנשק"": ""תקול"", ""תכנון"": ""כן"", ""מטרה-סיבת העבירה"": ""בצע כסף"", ""שימוש"": ""לא"", ""כמות תחמושת"": ""ללא""}","40.0","1. **סוג העבירה וחומרתה**:  
שני התיקים עוסקים בסחר בנשק (סעיף 144(ב)), אך תיק 1 כולל גם נישוא נשק (144(א)) וניסיון לחבלה חמורה — עבירה חמורה בהרבה. לכן, חומרת העבירה בתיק 1 גבוהה משמעותית, מה שמפחית את הדמיון מהותי.

2. **תפקיד הנאשם ומעורבותו**:  
בשני התיקים הנאשם הוא סוחר — לא יזם עבירה, אלא מפיץ נשק במתן תמורה. מעורבותו פעילה ומעורבת במתן נשק למשתמש סופי. דמיון גבוה במשימה, אך בתיק 1 יש מעורבות ישירה בפיגוע ירי, מה שמגדיל את התחייבותו.

3. **שיטת הביצוע (MO)**:  
בשני המקרים יש תכנון, עיסוק סחרי בנשק, ותשלום בכסף. אך בתיק 1 הנשק היה פעיל ומשתמש בפועל בפיגוע, בעוד בתיק 2 הנשק היה תקול ולא ירה. דמיון במבנה הסחר, אך לא בהשלכות או ביצוע.

4. **נסיבות הליבה**:  
בשני המקרים יש כמות קטנה של נשק (2 נשקים), תכנון, מטרה כלכלית. אך בתיק 1 יש שימוש בפועל בפיגוע ירי, נשק פעיל, ועבירה נוספת חמורה (ניסיון לחבלה). בתיק 2 — נשק תקול, ניסיון ירי כושל. הבדל מהותי במשמעויות.

5. **ישימות כתקדים**:  
בית המשפט לא יראה בתיק 2 תקדים רלוונטי לתיק 1 — כי בתיק 1 יש עבירה חמורה נוספת, שימוש בפועל, ועבירה של נישוא נשק. תקדים של סחר בנשק תקול ובלעדית לא יתאים להערכות ענישה בתיק שבו נשק שימש בפיגוע.

SIMILARITY_SCORE: 40","ok",""
"ME-12-05-33444-999","ME-17-04-613-913","1","0","0","{""מותג הנשק"": ""ברטה"", ""דגם הנשק"": ""9 מ\\""מ"", ""מספר סידורי של הנשק"": ""D60383Y"", ""מיקום החזקת הנשק ברכב"": ""מתחת למושב הקדמי הימני, בתיק שחור ליד כיסא הנהג, בתא האחסון של דלת הנהג"", ""מקור הנשק"": ""נגנב"", ""בעלות מקורית של הנשק"": ""מר יוסף פלדמן"", ""תאריך הגניבה"": ""11.5.12"", ""מיקום הגניבה"": ""רחובות"", ""מספר עבירה"": ""144 א"", ""סוג עבירה"": ""החזקה נשק"", ""סוג הנשק [אקדח]"": 1.0, ""סטטוס הנשק"": ""נשק עם מחסנית בהכנס"", ""תכנון"": ""לא"", ""אופן החזקת הנשק"": ""ברכב, מוסלק - מוסתר"", ""כמות תחמושת"": ""מחסנית ובה כדורים, מחסנית ובה כדורים, מחסנית ובה כדורים"", ""מטרה-סיבת העבירה"": ""הגנה עצמית"", ""שימוש"": ""לא""}","{""שנת לידה"": ""1994"", ""זמן האירוע"": ""18.3.17, סמוך לשעה 22:00"", ""מקום האירוע"": ""מכפר סאלם אל אום אל פחם"", ""סוג הרכב"": ""מאזדה"", ""שמות נוסעים ברכב"": ""מוחמד גמאסייה, בדרן מחאמיד"", ""מיקום הנאשם ברכב"": ""מושב אחורי"", ""סוג האקדח"": ""ברטה"", ""קליבר האקדח"": ""9 מ\\""מ פאראבלום"", ""אופן הסתרת הנשק"": ""בחלק הקדמי של מכנסיו, מוסתר בתוך חם צוואר"", ""מספר עבירה"": ""144 ב"", ""סוג עבירה"": ""נשיאת נשק, הובלת נשק"", ""סוג הנשק [אקדח]"": 1.0, ""סטטוס הנשק"": ""נשק עם מחסנית בהכנס"", ""תכנון"": ""לא"", ""אופן החזקת הנשק"": ""ברכב, על גופו, מוסלק - מוסתר"", ""כמות תחמושת"": ""מחסנית ובה 15 כדורים"", ""שימוש"": ""לא""}","35.0","1. **סוג העבירה וחומרתה**: תיק 1 עוסק בהחזקה בלבד (144א), תיק 2 בנשיאה והובלה (144ב) — עבירה חמורה יותר. הבדל מהותי בחומרה ובסוג העבירה, אף שמדובר באותו נשק ובדפוס דומה של הסתרה.

2. **תפקיד הנאשם ומעורבותו**: בתיק 1 — החזקה ברכב, לא מוזכר תפקיד או מעורבות פעילה; בתיק 2 — הנשק על גופו של הנאשם, ברכב עם נוסעים נוספים, מה שמעיד על מעורבות ישירה ופעילה יותר. הבדל במעורבות.

3. **שיטת הביצוע (MO)**: דפוס דומה — נשק מוסתר ברכב, עם מחסניות, ללא שימוש. אך בתיק 2 הנשק על גופו, מה שמעיד על ניידות וסיכון גבוה יותר — הבדל בדפוס ביצוע.

4. **נסיבות הליבה**: כמות תחמושת דומה (מחסניות עם כדורים), אין תכנון, אין שימוש. אך בתיק 2 יש נסיעה עם נוסעים נוספים, מה שמאפשר עניין במעורבות קבוצתית — נסיבה שיכולה להחמיר.

5. **ישימות כתקדים**: בהיותו 144א, תיק 1 כמעט לא יכול לשמש כתקדים לתיק 144ב, שכן בית המשפט יבחין בהבדל מהותי בין החזקה לנשיאה/הובלה — עבירה חמורה יותר עם סיכון ציבורי גבוה יותר.

SIMILARITY_SCORE: 35","ok",""
"ME-17-04-613-913","ME-12-04-33577-700","1","0","0","{""שנת לידה"": ""1994"", ""זמן האירוע"": ""18.3.17, סמוך לשעה 22:00"", ""מקום האירוע"": ""מכפר סאלם אל אום אל פחם"", ""סוג הרכב"": ""מאזדה"", ""שמות נוסעים ברכב"": ""מוחמד גמאסייה, בדרן מחאמיד"", ""מיקום הנאשם ברכב"": ""מושב אחורי"", ""סוג האקדח"": ""ברטה"", ""קליבר האקדח"": ""9 מ\\""מ פאראבלום"", ""אופן הסתרת הנשק"": ""בחלק הקדמי של מכנסיו, מוסתר בתוך חם צוואר"", ""מספר עבירה"": ""144 ב"", ""סוג עבירה"": ""נשיאת נשק, הובלת נשק"", ""סוג הנשק [אקדח]"": 1.0, ""סטטוס הנשק"": ""נשק עם מחסנית בהכנס"", ""תכנון"": ""לא"", ""אופן החזקת הנשק"": ""ברכב, על גופו, מוסלק - מוסתר"", ""כמות תחמושת"": ""מחסנית ובה 15 כדורים"", ""שימוש"": ""לא""}","{""מיקום האירוע"": ""בית שאן"", ""תאריך האירוע"": ""13/4/12"", ""שעת האירוע"": ""02:00 לפנות בוקר"", ""סוג המפגש"": ""ויכוח"", ""פרטי התקרית"": ""המתלונן זרק כוס לעבר הנאשם, הנאשם שלף אקדח וירה שלוש יריות"", ""מספר יריות"": 3, ""מיקום פגיעות היריות"": ""אחת ליד הראש, אחת ליד הגב, אחת שרטה את הברך הימנית"", ""מספר עבירה"": ""144 א, 144 ב"", ""סוג עבירה"": ""החזקה נשק, נשיאת נשק"", ""עבירות נוספות"": ""הנאשם הורשע בנוסף לעבירות נשק (סעיף 144(א) ו-144(ב)), גם בעבירות של חבלה בכוונה מחמירה (סעיף 329(א)(2)) ויריות באזור מגורים (סעיף 340(א)), שהן אינן עבירות נשק לפי סעיף 144."", ""סוג הנשק [אקדח]"": 1.0, ""סטטוס הנשק"": ""נשק עם כדור בקנה"", ""תכנון"": ""כן"", ""אופן החזקת הנשק"": ""על גופו"", ""שימוש"": ""לא"", ""כמות תחמושת"": ""ללא""}","25.0","1. **סוג העבירה וחומרתה**:  
תיק 1 עוסק בנשיאה והובלת נשק (144ב) ללא שימוש, בעוד תיק 2 כולל גם החזקה (144א) וגם נשיאה (144ב), אך חשוב יותר — נשק נפצע בפועל ביריות, עם נזק גופני ועבירות נוספות (חבלה, יריות באזור מגורים). החומרה בתקיף 2 הרבה יותר גבוהה, גם מהיבט ענייני וגם מהיבט ענישה.

2. **תפקיד הנאשם ומעורבותו**:  
בתיק 1 הנאשם היה נוסע במושב האחורי, נושא נשק מוסתר — מעורבות פסיבית יחסית, ללא התערבות ישירה בפעולה. בתיק 2 — הנאשם שלף את הנשק והשתמש בו בזעם, מעורבות פעילה ומעוררת עניין במעורבות מוטיבציונית (סכסוך). הבדל מהותי במעורבות.

3. **שיטת הביצוע (MO)**:  
בתיק 1 — נשק מוסתר במכנסיים, נושא ברכב, ללא שימוש. בתיק 2 — נשק עם כדור בקנה, נשלף בזעם, נורה בזעם. אין דמיון בדפוס ביצוע — אחד הוא נושא נשק בדרכו, השני הוא משתמש בו בפעולה פיזית.

4. **נסיבות הליבה**:  
בתיק 1 — 15 כדורים, ללא תכנון, ללא שימוש. בתיק 2 — יריות בפועל, תכנון (לפחות רגשי), נזק גופני, עבירות נוספות. הבדל קיצוני בהיקף הנזק, בתרומת הנשק לנזק, ובנסיבות הממחירות.

5. **ישימות כתקדים**:  
בית המשפט לא יראה את תיק 1 כתקדים לתיק 2 — כי תקיף 2 כולל שימוש בנשק, עבירות נוספות, ותכנון, מה שמקנה לו דרגה עניינית שונה. תקיף 1 הוא נושא נשק מוסתר, ללא עבירה נוספת — הוא לא מתייחס למשהו שקרוי ""שימוש בנשק"" או ""הפעלת נשק בזעם"".

SIMILARITY_SCORE: 25","ok",""
"ME-21-10-18557-340","ME-16-10-9348-780","1","0","0","{""סוג הרכב"": ""מאזדה בצבע כחול"", ""מיקום האירוע"": ""כפר אבו סנאן"", ""זמן האירוע"": ""16.9.2021, סמוך לשעה 19:00"", ""מעורבים נוספים"": ""ג'יהאד סואעד, מוחמד פעאור"", ""סוג המאזדה"": ""מאזדה לבנה"", ""מיקום ישיבת הנאשם ברכב"": ""מושב הנוסע"", ""מיקום ישיבת ג'יהאד ברכב"": ""מושב הנהג"", ""מיקום ישיבת א' במאזדה"": ""מושב הנוסע ליד הנהג"", ""מיקום ישיבת מוחמד פעאור במאזדה"": ""מושב הנהג"", ""כיוון ירי הנאשם"": ""כלפי מעלה"", ""מטרת ירי הנאשם"": ""הפחדה או הקנטה של א'"", ""סכסוך קיים"": ""בין הנאשם לא'"", ""מספר עבירה"": ""144 א, 144 ב"", ""סוג עבירה"": ""החזקה נשק, נשיאת נשק, הובלת נשק"", ""עבירות נוספות"": ""הנאשם הורשע בנוסף לעבירות נשק (סעיף 144(א) ו-144(ב) לחוק העונשין) גם בעבירה של ירי מנשק חם לפי סעיף 340א(ב)(1) ו-(2) לחוק העונשין, שהיא עבירה שאינה לפי סעיף 144 ולכן נחשבת לעבירה נוספת."", ""סוג הנשק [תת מקלע מאולתר]"": 1.0, ""סטטוס הנשק"": ""נשק עם כדור בקנה"", ""תכנון"": ""לא"", ""אופן החזקת הנשק"": ""בבית, ברכב"", ""כמות תחמושת"": ""מחסנית ולכל הפחות 2 כדורים"", ""מטרה-סיבת העבירה"": ""הפחדה/הקנטה"", ""שימוש"": ""לא""}","{""סוג תחמושת"": ""כדורי צייד קליבר 12 מ\\""מ"", ""מקום החזקת התחמושת"": ""מחסן הבית"", ""סכום כסף נגנב"": ""3500 ₪"", ""סכום שיק נגנב"": ""500 ₪"", ""מקום העצירה"": ""קריית גת"", ""מעורבים נוספים"": ""מוחמד יונס, הקטין פ. י."", ""מקום מגורי הקטין"": ""ערערה"", ""מספר עבירה"": ""144 ב"", ""סוג עבירה"": ""נשיאת נשק"", ""סוג הנשק [רובה צייד]"": 1.0, ""סטטוס הנשק"": ""נשק מופרד מתחמושת"", ""תכנון"": ""לא"", ""אופן החזקת הנשק"": ""בבית, ברכב"", ""כמות תחמושת"": ""75 כדורים"", ""שימוש"": ""לא""}","30.0","1. **סוג העבירה וחומרתה**:  
התיק הראשון כולל עבירות נשק לפי סעיף 144(א) ו-(ב) + ירי מנשק חם (סעיף 340א), כלומר עבירה חמורה עם שימוש בפועל. התיק השני מוגבל ל-144(ב) בלבד, ללא שימוש, ועבירה אחת. ההבדל בחומרה ובסוג העבירה (שימוש מול החזקה/נשיאה) מהותי.

2. **תפקיד הנאשם ומעורבותו**:  
בתיק 1, הנאשם ישב במושב הנוסע אך ירה — מעורבות פעילה ומעורבת בפעולה. בתיק 2, אין מידע על מעורבות פעילה — רק נשיאת נשק. אין סימן ליזמות או מעורבות בפעולה פיזית.

3. **שיטת הביצוע (MO)**:  
בתיק 1 — ירי בפומבי, מתוך רכב, בזיקה לסכסוך, כחלק מהתנהגות אגרסיבית. בתיק 2 — נשק מופרד מתחמושת, לא ניצל, לא נורה. אין דפוס דומה — אחד פעל, השני לא.

4. **נסיבות הליבה**:  
כמות תחמושת: 2 כדורים מול 75 — סדרי גודל שונים. שימוש: כן מול לא. תכנון: לא בשני המקרים. סיבה: סכסוך בשני המקרים — זה דמיון, אך לא מספיק כדי לשקול דמיון מהותי.

5. **ישימות כתקדים**:  
בית המשפט לא יראה בתיק 2 תקדים לתיק 1 — כי התיק 2 אינו כולל ירי, אינו כולל עבירה לפי 144(א), והנשיאה שלו היא ללא שימוש. ההבדלים מהותיים ומשפיעים על ענישה.

SIMILARITY_SCORE: 30","ok",""
"SH-16-04-30406-325","SH-16-11-7544-55","3","1","1","{""מותג הרכב"": ""רנו"", ""מספר רישוי"": ""88-687-10"", ""מיקום הנשק ברכב"": ""תא מטען"", ""מספר כלי נשק"": 2, ""מספר עבירה"": ""144 א"", ""סוג עבירה"": ""החזקה נשק"", ""סוג הנשק [תת מקלע מאולתר]"": 1.0, ""סטטוס הנשק"": ""נשק מופרד מתחמושת"", ""תכנון"": ""לא"", ""אופן החזקת הנשק"": ""ברכב"", ""אופן קבלת הנשק"": ""רכש"", ""כמות תחמושת"": ""מחסנית ריקה ובה 0 כדורים, 2 מחסניות"", ""שימוש"": ""לא""}","{""מיקום האירוע"": ""מחלף להב-שומריה, כביש 6 לכוון צפון"", ""תאריך האירוע"": ""26.10.16"", ""שם השוטר"": ""מיכאל אדרי"", ""קוטר הקליעים"": ""9 מ\\""מ"", ""מספר עבירה"": ""144 א"", ""סוג עבירה"": ""החזקה נשק"", ""סוג הנשק [תת מקלע מאולתר]"": 1.0, ""סטטוס הנשק"": ""נשק מופרד מתחמושת"", ""תכנון"": ""לא"", ""אופן החזקת הנשק"": ""על גופו, מוסלק - מוסתר"", ""כמות תחמושת"": ""מחסנית ובה 10 כדורים"", ""שימוש"": ""לא""}","75.0","1. **סוג העבירה וחומרתה** — שני התיקים עוסקים בעבירה 144(א) — ""החזקה נשק"", ללא שימוש או נסיעה עם נשק. חומרתם זהה: החזקה בלבד, ללא נסיעה או שימוש.  
2. **תפקיד הנאשם ומעורבותו** — בשתיהן מעורבות פסיבית: החזקה של נשק ללא תכנון או שימוש. אין הבדל במעורבות — לא יזם, לא סוחר, לא שליח.  
3. **שיטת הביצוע (MO)** — דפוס שונה: באחד הנשק ברכב (תא מטען), בשני על גופו (מוסתר). אמצעי החזקה שונה, אך לא מהותי מבחינת עבירה — שניהם ""החזקה"".  
4. **נסיבות הליבה** — כמות תחמושת: בתיק 1 — 2 מחסניות ריקות (0 כדורים), בתיק 2 — מחסנית אחת עם 10 כדורים. נשק בתיק 1 תקין, בתיק 2 מופרד מתחמושת. אין תכנון בשני המקרים.  
5. **ישימות כתקדים** — למרות הבדלים בפרטים טכניים (מקום החזקה, כמות תחמושת), שניהם עבירות 144(א) עם נשק מאולתר, ללא תכנון או שימוש — לכן רלוונטיים זה לזה כתקדים ענייני.

SIMILARITY_SCORE: 75","ok",""
"SH-16-11-7544-55","ME-13-10-28139-807","1","0","0","{""מיקום האירוע"": ""מחלף להב-שומריה, כביש 6 לכוון צפון"", ""תאריך האירוע"": ""26.10.16"", ""שם השוטר"": ""מיכאל אדרי"", ""קוטר הקליעים"": ""9 מ\\""מ"", ""מספר עבירה"": ""144 א"", ""סוג עבירה"": ""החזקה נשק"", ""סוג הנשק [תת מקלע מאולתר]"": 1.0, ""סטטוס הנשק"": ""נשק מופרד מתחמושת"", ""תכנון"": ""לא"", ""אופן החזקת הנשק"": ""על גופו, מוסלק - מוסתר"", ""כמות תחמושת"": ""מחסנית ובה 10 כדורים"", ""שימוש"": ""לא""}","{""מיקום האירוע"": ""רהט"", ""קורבן"": ""מתלונן ובנו קטין"", ""גיל הקורבן"": ""18"", ""סוג הרכב"": ""רכב פרטי"", ""מיקום פגיעת הירי"": ""דלת הנהג"", ""מספר יריות"": ""מספר יריות"", ""פגיעה ברכב"": ""כן"", ""נזק לרכב"": ""קליעים חדרו לדלת הנהג"", ""התנהלות הנאשם לאחר הירי"": ""נמלט מהמקום"", ""סוג המחלוקת"": ""שימוש בספסל בטון"", ""פעולה שקדמה לאירוע"": ""מריחת שמן על הספסל"", ""מספר עבירה"": ""144 א"", ""סוג עבירה"": ""החזקה נשק"", ""עבירות נוספות"": ""הנאשם הורשע, בנוסף לעבירות נשק לפי סעיף 144(א), גם בעבירת ניסיון לחבלה חמורה בנסיבות מחמירות לפי סעיפים 333+335(א)(1) ו-25 לחוק העונשין. מדובר בעבירת אלימות חמורה שאינה עבירת נשק."", ""סוג הנשק [אקדח]"": 1.0, ""סטטוס הנשק"": ""נשק עם כדור בקנה"", ""תכנון"": ""כן"", ""אופן החזקת הנשק"": ""על גופו"", ""מטרה-סיבת העבירה"": ""פגיעה בכבוד"", ""שימוש"": ""לא"", ""כמות תחמושת"": ""ללא""}","25.0","1. **סוג העבירה וחומרתה**:  
שניהם מתייחסים להחזקה לפי סעיף 144(א), אך תיק 2 כולל שימוש בנשק (ירי) ועבירה נוספת של ניסיון לחבלה חמורה — מה שמעיד על חומרה רבה יותר. דמיון בסיסי בעבירה, אך חומרה שונה מהותית.

2. **תפקיד הנאשם ומעורבותו**:  
בשני התיקים הנאשם החזיק נשק על גופו, אך בתיק 2 היה מעורב בפעולה אלימה ישירה (ירי), עם תכנון ובריחת מהמקום — מעורבות פעילה ומסוכנת. בתיק 1 — החזקה פסיבית, ללא שימוש או תכנון.

3. **שיטת הביצוע (MO)**:  
בתיק 1 — נשק מופרד מתחמושת, מוסתר, ללא תכנון. בתיק 2 — נשק עם כדור בקנה, תכנון, שימוש בירי, סכסוך כמניע. דפוס ביצוע שונה מהותית — אחד פסיבי, השני אלים ומעורב.

4. **נסיבות הליבה**:  
בתיק 2 — נשק בשימוש, תכנון, נזק לרכב, נסיגה, עבירה נוספת אלימה. בתיק 1 — תחמושת מוגבלת, נשק מופרד, ללא שימוש. סדרי גודל ונסיבות שונות — נשק בתיק 2 הוא כלי לפגיעה, בתיק 1 — סתם החזקה.

5. **ישימות כתקדים**:  
בית המשפט לא יראה בתיק 1 תקדים רלוונטי לתיק 2 — כי עבירה של ""החזקה בלבד"" (144א) לא משקפת את החומרה של שימוש בנשק ועבירה נוספת אלימה. הבדל מהותי בעוצמה ובהקשר.

SIMILARITY_SCORE: 25","ok",""
"ME-16-04-12480-812","SH-16-05-42991-439","1","0","0","{""מיקום האירועים"": ""טירת הכרמל, בית המתלונן, אתר בניה"", ""סוג הרכב"": ""רכב פרטי"", ""סוג הנשק באירוע הראשון"": ""נשק חם"", ""כמות הקליעים באירוע השני"": ""12 קליעים"", ""מיקום התחמושת באירוע השלישי"": ""בזחל של כלי עבודה, מתחת לתקרה אקוסטית"", ""סכום החוב"": ""300 שקלים"", ""זמן המעשה מהוויכוח"": ""פחות משעה וחצי"", ""זמן המעשה מהאירוע הקודם"": ""יומיים, יום אחד"", ""מספר עבירה"": ""144 א, 144 ב"", ""סוג עבירה"": ""החזקה נשק, נשיאת נשק, הובלת נשק"", ""עבירות נוספות"": ""הנאשם הורשע בנוסף לעבירות נשק (סעיף 144) גם בעבירות של ניסיון חבלה חמורה בנסיבות מחמירות (סעיפים 25 + 335 + 333 לחוק העונשין) ואיומים (סעיף 192 לחוק העונשין)."", ""סוג הנשק [תת מקלע מאולתר]"": 1.0, ""סוג הנשק - אם לא נמצא בטבלה"": ""נשק"", ""סטטוס הנשק"": ""נשק עם כדור בקנה"", ""תכנון"": ""כן"", ""אופן החזקת הנשק"": ""ברכב, על גופו, מוסלק - מוסתר"", ""כמות תחמושת"": ""17 כדורים"", ""שימוש"": ""לא""}","{""סוג האקדח"": ""בראונינג"", ""קליבר התחמושת"": ""9 מ\\""מ"", ""התערבות צד שלישי"": ""נאשמת 2 ניסתה להעלים את הנשק"", ""מיקום האירוע"": ""בבית הנאשם"", ""תאריך האירוע"": ""15.5.16"", ""מספר עבירה"": ""144 א"", ""סוג עבירה"": ""החזקה נשק"", ""עבירות נוספות"": ""הנאשם הורשע בנוסף לעבירות נשק (סעיף 144(א)), גם בעבירה של שיבוש הליכי משפט לפי סעיף 244 לחוק העונשין."", ""סוג הנשק [אקדח]"": 1.0, ""סטטוס הנשק"": ""נשק עם מחסנית בהכנס"", ""תכנון"": ""כן"", ""אופן החזקת הנשק"": ""בבית, מוסלק - מוסתר"", ""כמות תחמושת"": ""מחסנית ובה 13 כדורים"", ""שימוש"": ""לא""}","35.0","1. **סוג העבירה וחומרתה**:  
תיק 1 כולל עבירות נשק חמור לפי סעיפים 144(א) ו-(ב) — החזקה, נשיאה והובלה — עם שימוש ביריה, ועבירות נוספות חמורות (ניסיון חבלה, איומים). תיק 2 מוגבל להחזקה בלבד לפי 144(א), ללא שימוש או הובלה. ההבדל מהותי — עבירה של 144(ב) עם שימוש נשק היא חמורה בהרבה.

2. **תפקיד הנאשם ומעורבותו**:  
בתיק 1 הנאשם מעורב בפעולה אגרסיבית — ירי, תכנון, עבירות נוספות — מעורבות פעילה ומרכזית. בתיק 2 — החזקה מוסתרת בבית, ללא שימוש, עם התערבות של צד שלישי (נאשמת 2). מעורבות פסיבית יותר, אולי הגנה או ניסיון להסתיר.

3. **שיטת הביצוע (MO)**:  
בשני התיקים יש תכנון, נשק מוסתר, וקשר לסכסוך. אך בתיק 1 יש נשק מגוון (אקדח, תת-מקלע, רובה סער), שימוש ביריה, ומעורבות במרחב ציבורי/בניה. בתיק 2 — אקדח אחד, מחסנית, בבית פרטי, ללא שימוש. דפוס שונה בהיקף ובסיכון.

4. **נסיבות הליבה**:  
בתיק 1 — 17 כדורים, נשק עם כדור בקנה, ירי, עבירות נוספות חמורות. בתיק 2 — 13 כדורים, נשק עם מחסנית, ללא ירי, עבירה נוספת של שיבוש הליכים. סדר גודל דומה בתחמושת, אך ההבדל בשימוש ובעבירות נוספות מכריע.

5. **ישימות כתקדים**:  
בית המשפט לא יראה בתיק 2 תקדים לתיק 1 — הבדלים מהותיים במעורבות, עבירה (144א בלבד מול 144א+ב+שימוש), ועבירות נוספות. תקדים רלוונטי חייב להיות דומה בהיקף ובחומרה — כאן אין זה כך.

SIMILARITY_SCORE: 35","ok",""
"ME-16-05-9968-487","ME-13-04-35007-454","3","1","1","{""מיקום רכישת הנשק"": ""ברטעה"", ""מחיר הנשק"": ""7300 שקלים"", ""מספר סידורי של הנשק"": ""41814"", ""מיקום המסתור"": ""גג בית חברו אחסאן דיב"", ""תאריך העברת הנשק לכוחות הביטחון"": ""22.4.16"", ""קשר משפחתי"": ""מהדי קרוב משפחה של הנאשם ושל סמיר"", ""מקום מגורים משותף"": ""ג'דיידה"", ""מספר עבירה"": ""144 א, 144 ב"", ""סוג עבירה"": ""החזקה נשק, נשיאת נשק"", ""סוג הנשק [תת מקלע מאולתר]"": 1.0, ""סטטוס הנשק"": ""נשק עם מחסנית בהכנס"", ""תכנון"": ""לא"", ""אופן החזקת הנשק"": ""מוסלק - מוסתר"", ""אופן קבלת הנשק"": ""מאחר"", ""כמות תחמושת"": ""מחסנית"", ""מטרה-סיבת העבירה"": ""ירי בחתונה"", ""שימוש"": ""לא""}","{""תאריך האירוע"": ""6/4/13"", ""שעת האירוע"": ""16:30"", ""מיקום האירוע"": ""מרכז הכפר דבוריה"", ""הקשר לאירועים אחרים"": ""סכסוך בכפר דבוריה"", ""מעורבות אחרים"": ""נוכחות אחרים מהסכסוך בקרבת מקום"", ""תגובת הנאשם לאחר האירוע"": ""נמלט מהמקום"", ""מספר עבירה"": ""144 א, 144 ב"", ""סוג עבירה"": ""החזקה נשק, נשיאת נשק"", ""סוג הנשק [אקדח]"": 1.0, ""סטטוס הנשק"": ""נשק עם כדור בקנה"", ""תכנון"": ""כן"", ""אופן החזקת הנשק"": ""על גופו"", ""מטרה-סיבת העבירה"": ""הפחדה"", ""שימוש"": ""לא"", ""כמות תחמושת"": ""ללא""}","35.0","1. **סוג העבירה וחומרתה**:  
שניהם נוגעים ל-144(א) ו-144(ב) — החזקה ונשיאה של נשק — אך סוג הנשק שונה (תת-מקלע מאולתר מול אקדח), והסטטוס שונה (מופרד מתחמושת מול עם מחסנית בהכנס). חומרת העבירה דומה, אך ההבדלים בטכנולוגיה ובמצב הנשק עשויה להשפיע על הערכת הסיכון.

2. **תפקיד הנאשם ומעורבותו**:  
בתיק 1 — הנשק נמסר מאחר, והנאשם שמר אותו מוסתר בגג; מעורבות פסיבית יותר. בתיק 2 — הנשק היה על גופו, בתכנון, ובהקשר של סכסוך; מעורבות פעילה ומיידית. ההבדל במעורבות מהותי — אחד שומר נשק, השני נושא אותו במערכת סכסוך.

3. **שיטת הביצוע (MO)**:  
בתיק 1 — נשק מוסתר, ללא תכנון, מטרת ""חתונה"" (שאינה רצינית או אגרסיבית). בתיק 2 — נשק על גופו, בתכנון, בהקשר של סכסוך, נמלט. דפוסי הביצוע שונים — אחד של אחסון, השני של נשק נושא למשימה.

4. **נסיבות הליבה**:  
כמות תחמושת: מחסנית (נמוכה) בתיק 1, מחסנית בהכנס בתיק 2 — דומה. תכנון: לא בתיק 1, כן בתיק 2 — הבדל מהותי. שימוש: לא בשני — זהה. מטרה: חתונה מול סכסוך — הבדל רציני בהקשר.

5. **ישימות כתקדים**:  
למרות שהעבירות זהות בפקודת 144, ההבדלים בהקשר, תכנון, סיבה, סטטוס הנשק, ומעורבות הנאשם — פוגעים ביכולת של תיק 1 לשמש כתקדים לתיק 2. בית המשפט יראה בהם מקרים שונים בהקשר של ענישה — במיוחד בגלל התכנון והקשר לסכסוך בתיק 2.

SIMILARITY_SCORE: 35","ok",""
"ME-16-11-69158-529","ME-14-12-6904-57","2","0","1","{""מיקום האירוע"": ""טייבה"", ""תאריך האירוע"": ""23.11.16"", ""סוג התחמושת"": ""9 מ\\""מ"", ""מיקום החבייה"": ""מתחת למושב הנהג ומושב סמוך"", ""סוג האירוע"": ""אירוע משפחתי"", ""מיקום טמינת הנשק"": ""באדמה סמוך לבית הנאשם"", ""סוג הנשק המדויק"": ""קרל גוסטב"", ""מספר עבירה"": ""144 ב"", ""סוג עבירה"": ""נשיאת נשק"", ""עבירות נוספות"": ""הנאשם הורשע בנוסף לעבירות נשק (סעיף 144) גם בעבירה של ירי באזור מגורים לפי סעיף 340א לחוק העונשין."", ""סוג הנשק [תת מקלע]"": 1.0, ""סטטוס הנשק"": ""נשק עם כדור בקנה"", ""תכנון"": ""כן"", ""אופן החזקת הנשק"": ""בבית, ברכב, מוסלק - מוסתר"", ""שימוש"": ""לא"", ""כמות תחמושת"": ""ללא""}","{""מיקום החזקת הנשק"": ""ארון בגדים בחדר השינה"", ""מחיר הנשק"": ""4000 ש\\""ח"", ""מועד רכישת הנשק"": ""כחודש ימים עובר ליום 18.11.2014"", ""מקום מגורים"": ""תל אביב"", ""כמות קנאביס"": ""0.3027 גרם נטו"", ""סוג הנשק"": ""רובה מאולתר מדגם קרל גוסטב"", ""תיאור האופן שבו נשא הנאשם את הנשק"": ""בתוך תיק גב, עטוף בבגדים"", ""מספר עבירה"": ""144 ב"", ""סוג עבירה"": ""נשיאת נשק, הובלת נשק"", ""עבירות נוספות"": ""הנאשם הואשם והורשע בנוסף לעבירת נשק (סעיף 144(ב) לחוק העונשין) גם בעבירה של החזקת סם לצריכה עצמית לפי סעיף 7(א) לפקודת הסמים המסוכנים."", ""סוג הנשק [תת מקלע מאולתר]"": 1.0, ""סטטוס הנשק"": ""נשק מופרד מתחמושת"", ""תכנון"": ""כן"", ""אופן החזקת הנשק"": ""בבית, על גופו, מוסלק - מוסתר"", ""אופן קבלת הנשק"": ""רכש"", ""כמות תחמושת"": ""מחסנית וכדורים, כדורים"", ""שימוש"": ""לא""}","45.0","1. **סוג העבירה וחומרתה**:  
שניהם涉及 סעיף 144(ב) – נשיאת נשק, מה שמקנה להם דמיון מהותי בחומרה. אך תיק 1 כולל ירי באזור מגורים (סעיף 340א) – עבירה חמורה ומסוכנת יותר, בעוד תיק 2 כולל רק החזקת סם לצריכה עצמית – עבירה פחות חמורה. דמיון חלקי, אך לא זהה בחומרה.

2. **תפקיד הנאשם ומעורבותו**:  
בשני התיקים הנאשם הוא יזם/מחזיק נשק באופן פעיל – רכש (תיק 2) או טמם (תיק 1) – ועמד במעורבות ישירה. אין הבדל מהותי בתפקיד, אך בתקיפה בתקיפה (תיק 1) יש מעורבות פסיבית פחות – הוא השתמש בנשק, בעוד בתיק 2 הוא לא השתמש בו.

3. **שיטת הביצוע (MO)**:  
שניהם השתמשו בנשק מאולתר מדגם קרל גוסטב, עם תכנון. אך בדפוס ההסתרה – תיק 1 מוסתר ברכב ובאדמה, תיק 2 בתיק גב ובארון – יש הבדל בדפוס. שימוש בנשק בתקיפה (תיק 1) לעומת חוסר שימוש (תיק 2) מפריד בין הדפוסים.

4. **נסיבות הליבה**:  
בשני התיקים יש תכנון, אך בתקיפה (תיק 1) יש שימוש בנשק ועבירה נוספת חמורה (ירי באזור מגורים), בעוד בתיק 2 יש סם בצורת החזקה עצמית. כמות התחמושת בתיק 2 מפורטת יותר, אך סדר הגודל אינו מובהק. הבדל מהותי בנסיבות.

5. **ישימות כתקדים**:  
בית המשפט לא יראה את התיקים כרלוונטיים זה לזה לצורכי ענישה – תקיפה עם ירי (תיק 1) מצריכה ענישה קשוחה בהרבה מהחזקה עם סם לצריכה עצמית (תיק 2). גם אם שניהם 144(ב), ההבדלים בנסיבות, שימוש, ועבירות נוספות מונעים מהן לשמש כתקדים זה לזה.

SIMILARITY_SCORE: 45","ok",""
"SH-11-05-24791-315","ME-16-10-9348-780","1","0","0","{""מיקום החזקת הנשק"": ""כפר עין-נקובא"", ""סוג האקדח"": ""FN"", ""סוג המחסניות"": ""תואמות לאקדח FN"", ""זמן החזקת הנשק"": ""19/07/09 בשעה 21:00"", ""מספר עבירה"": ""144 א"", ""סוג עבירה"": ""החזקה נשק"", ""סוג הנשק [אקדח]"": 1.0, ""סטטוס הנשק"": ""נשק מופרד מתחמושת"", ""תכנון"": ""לא"", ""אופן החזקת הנשק"": ""בבית"", ""אופן קבלת הנשק"": ""מאחר"", ""כמות תחמושת"": ""2 מחסניות"", ""שימוש"": ""לא""}","{""סוג תחמושת"": ""כדורי צייד קליבר 12 מ\\""מ"", ""מקום החזקת התחמושת"": ""מחסן הבית"", ""סכום כסף נגנב"": ""3500 ₪"", ""סכום שיק נגנב"": ""500 ₪"", ""מקום העצירה"": ""קריית גת"", ""מעורבים נוספים"": ""מוחמד יונס, הקטין פ. י."", ""מקום מגורי הקטין"": ""ערערה"", ""מספר עבירה"": ""144 ב"", ""סוג עבירה"": ""נשיאת נשק"", ""סוג הנשק [רובה צייד]"": 1.0, ""סטטוס הנשק"": ""נשק מופרד מתחמושת"", ""תכנון"": ""לא"", ""אופן החזקת הנשק"": ""בבית, ברכב"", ""כמות תחמושת"": ""75 כדורים"", ""שימוש"": ""לא""}","15.0","1. **סוג העבירה וחומרתה** — תיק 1 עוסק בהחזקה של אקדח (144א), תיק 2 בנשיאה של רובה צייד (144ב). מדובר בעבירות שונות מהותית לפי חוק — 144ב מצריכה מעורבות פעילה יותר (נשיאה/הובלה) ומעוררת חומרה רבה יותר. דמיון אפס בפרמטר זה.

2. **תפקיד הנאשם ומעורבותו** — בתיק 1: החזקה ביתייה, ללא תכנון, נשק תקין, לא נוצל. בתיק 2: נשיאה ברכב ובבית, עם תחמושת נפרדת, נשק לא מוכן לשימוש מיידי, אך מעורבות בפעולה (נשיאה) ובהקשר של סכסוך. מעורבות בתיק 2 פעילה יותר — אין דמיון מהותי.

3. **שיטת הביצוע (MO)** — בתיק 1: נשק מוחזק בבית, ללא תכנון, ללא שימוש. בתיק 2: נשק מוחזק בבית וברכב, עם תחמושת נפרדת, בהקשר של סכסוך. אין דפוס דומה — הבדל במאפיינים של ביצוע.

4. **נסיבות הליבה** — כמות תחמושת: 2 מחסניות מול 75 כדורים — סדרי גודל שונים. נשק: אקדח מול רובה צייד — סוג שונה. תכנון: בשני המקרים ""לא"", אך בתיק 2 יש מוטיבציה (סכסוך) ומעורבים נוספים — נסיבות מחמירות יותר. אין דמיון מהותי.

5. **ישימות כתקדים** — מאחר ומדובר בעבירות שונות לפי סעיף 144 (א) מול (ב), ובנוסף נשק שונה, סיבות שונות, ומעורבות שונה — בית משפט לא יראה את התיק הראשון כתקדים רלוונטי לתיק השני. אין בסיס להשוואה עניינית.

SIMILARITY_SCORE: 15","ok",""
"ME-15-12-39071-113","ME-10-08-17917-313","3","1","1","{""מותג הרכב"": ""מזדה 3"", ""מספר רישוי"": ""71-098-16"", ""מיקום האירוע"": ""כביש מספר 1, בסמוך למחלף הראל"", ""זמן האירוע"": ""22:30"", ""תאריך האירוע"": ""12.10.13"", ""מיקום הנשק ברכב"": ""מתחת לשטיח שמתחת למושב הסמוך לנהג"", ""סוג הנשק"": ""אקדח חצי אוטומטי מסוג סטאר"", ""מספר עבירה"": ""144 א"", ""סוג עבירה"": ""החזקה נשק"", ""סוג הנשק [אקדח]"": 1.0, ""סטטוס הנשק"": ""תקין"", ""תכנון"": ""לא"", ""אופן החזקת הנשק"": ""ברכב, מוסלק - מוסתר"", ""מטרה-סיבת העבירה"": ""הגנה עצמית"", ""שימוש"": ""לא"", ""כמות תחמושת"": ""ללא""}","{""קוטר תחמושת"": ""6.35 מ\\""מ"", ""מקום החזקת הנשק"": ""מחסן בית הנאשם"", ""תאריכים נוספים של החזקת הנשק"": ""23.7.10 עד 24.7.10"", ""פרטי נסיעה עם הנשק"": ""נסע לעתלית עם בני משפחתו"", ""כמות סם"": ""15.05 גרם"", ""סוג סם"": ""קנבוס"", ""מחיר תמורת סם"": ""150 ₪"", ""מקום תפיסת הסם"": ""בבית הנאשם"", ""תקופות נוספות של החזקת סם"": ""קדם למועד התפיסה"", ""מספר עבירה"": ""144 א"", ""סוג עבירה"": ""החזקה נשק"", ""עבירות נוספות"": ""הנאשם הורשע בנוסף לעבירות נשק גם בעבירה של החזקת סם מסוכן לצריכה עצמית."", ""סוג הנשק [אקדח]"": 1.0, ""סוג הנשק - אם לא נמצא בטבלה"": ""אקדח עט"", ""סטטוס הנשק"": ""נשק מופרד מתחמושת"", ""תכנון"": ""לא"", ""אופן החזקת הנשק"": ""בבית, מוסלק - מוסתר"", ""אופן קבלת הנשק"": ""מאחר"", ""כמות תחמושת"": ""3 כדורים"", ""מטרה-סיבת העבירה"": ""הגנה עצמית"", ""שימוש"": ""לא""}","90.0","1. **סוג העבירה וחומרתה** — שני התיקים עוסקים בהחזקה של נשק לפי סעיף 144(א), ללא שימוש או נשיאה. חומרת העבירה זהה — החזקה מוסתרת, ללא תכנון, ללא שימוש. דמיון גבוה.

2. **תפקיד הנאשם ומעורבותו** — בשתיהן הנאשם מחזיק נשק באופן פסיבי, ללא מעורבות בפעילות פלילית פעילה (כמו מכירה או שימוש). גם בתקיפה וגם בתקיפה נוספת — מעורבות זהה: מחזיק/מאחסן. דמיון גבוה.

3. **שיטת הביצוע (MO)** — הנשק מוסתר (תחת שטיח / במחסן), מופרד מתחמושת (בתיק 2), ללא תכנון. דפוס אחסון מוסתר ופסיבי — דמיון גבוה.

4. **נסיבות הליבה** — בשתיהן: מטרה של הגנה עצמית, ללא שימוש, תחמושת מוגבלת (3 כדורים / לא מוזכרת בתקיפה 1), נשק תקין. בתקיפה 2 יש עבירה נוספת (סם), אך היא לא משפיעה על עבירת הנשק. דמיון גבוה.

5. **ישימות כתקדים** — שני התיקים הם 144(א) עם נשק מוסתר, ללא תכנון או שימוש, מטרה של הגנה עצמית. בית המשפט יראה בהם תקדים רלוונטי זה לזה לענישה, שכן הנסיבות המהותיות זהות. דמיון גבוה.

SIMILARITY_SCORE: 90","ok",""
"ME-22-03-52964-443","SH-17-08-47445-166","1","0","0","{""מיקום האירוע"": ""מפעל מזון בדיר אל אסד"", ""זמן האירוע"": ""9.3.22 בשעה 12:10"", ""סוג הנשק"": ""אקדח חצי אוטומטי D.D.G מודל 19 קליבר 9 מ\\""מ פרבלום"", ""תיאור התפיסה"": ""הנאשם ניסה להשליך את הנשק והתחמושת לתוך ארגז עופות אך נתפס על ידי השוטרים"", ""מספר עבירה"": ""144 א, 144 ב"", ""סוג עבירה"": ""החזקה נשק, נשיאת נשק, הובלת נשק"", ""עבירות נוספות"": ""הנאשם הורשע בנוסף לעבירות נשק גם בעבירת הפרעה לשוטר במילוי תפקידו לפי סעיף 275 לחוק העונשין. לא צוינו עבירות נוספות שאינן עבירות נשק או הפרעה לשוטר."", ""סוג הנשק [אקדח]"": 1.0, ""סטטוס הנשק"": ""נשק עם מחסנית בהכנס"", ""תכנון"": ""כן"", ""אופן החזקת הנשק"": ""על גופו, מוסלק - מוסתר"", ""כמות תחמושת"": ""מחסנית ובה 16 כדורים, מחסנית נוספת ובה 16 כדורים"", ""מטרה-סיבת העבירה"": ""הגנה עצמית"", ""שימוש"": ""לא""}","{""תאריך המעצר"": ""09.08.2018"", ""מיקום החזקת הנשק"": ""כסיפה"", ""סוג הנשק [חפץ דמוי תת מקלע]"": 1.0, ""סוג האקדח"": ""FN"", ""אופן הפזורה"": ""סביב הישוב"", ""מספר עבירה"": ""144 א"", ""סוג עבירה"": ""החזקה נשק"", ""סוג הנשק [אקדח]"": 1.0, ""סוג הנשק - אם לא נמצא בטבלה"": ""חפץ דמוי תת מקלע מאולתר"", ""סטטוס הנשק"": ""תקין"", ""תכנון"": ""לא"", ""אופן החזקת הנשק"": ""בבית"", ""שימוש"": ""לא"", ""כמות תחמושת"": ""ללא""}","25.0","1. **סוג העבירה וחומרתה**: תיק 1 כולל עבירות נשק נפוצות וחומרות יותר (144א+ב — החזקה, נשיאה, הובלה), בעוד תיק 2 מוגבל רק להחזקה (144א) — מהותית פחות חמורה. הבדל זה מונע שימוש בתיק 2 כתקדים לתיק 1.

2. **תפקיד הנאשם ומעורבותו**: בתיק 1 הנאשם מעורב באופן פעיל — ניסה להשליך את הנשק, נעצר במקום, עם תכנון. בתיק 2 — נשק נמצאו ""בסביבת הישוב"", ללא מעורבות פעילה או ניסיון להסתיר/להתיר. מעורבות פסיבית מול פעילה — הבדל מהותי.

3. **שיטת הביצוע (MO)**: בתיק 1 — נשק מוסתר על גופו, עם תכנון, ניסיון פיזור. בתיק 2 — נשק נמצאו בבית, ללא תכנון, ללא ניסיון סתירה. סגנון ביצוע שונה — אין דפוס משותף.

4. **נסיבות הליבה**: בתיק 1 — כמות תחמושת גדולה (32 כדורים), נשק מוסתר, תכנון, הפרעה לשוטר. בתיק 2 — נשק נמצאו בבית, ללא תכנון, ללא תחמושת מפורטת, ללא עבירות נוספות. הבדלים משמעותיים בנסיבות מחמירות.

5. **ישימות כתקדים**: בית המשפט לא יראה בתיק 2 תקדים רלוונטי לתיק 1 — הבדלים בסוג העבירה, רמת החומרה, מעורבות, תכנון ונסיבות. תקדים מוטעה עלול להוביל לפסיקה לא הוגנת.

SIMILARITY_SCORE: 25","ok",""
"ME-15-12-39071-113","SH-11-12-35552-181","3","1","1","{""מותג הרכב"": ""מזדה 3"", ""מספר רישוי"": ""71-098-16"", ""מיקום האירוע"": ""כביש מספר 1, בסמוך למחלף הראל"", ""זמן האירוע"": ""22:30"", ""תאריך האירוע"": ""12.10.13"", ""מיקום הנשק ברכב"": ""מתחת לשטיח שמתחת למושב הסמוך לנהג"", ""סוג הנשק"": ""אקדח חצי אוטומטי מסוג סטאר"", ""מספר עבירה"": ""144 א"", ""סוג עבירה"": ""החזקה נשק"", ""סוג הנשק [אקדח]"": 1.0, ""סטטוס הנשק"": ""תקין"", ""תכנון"": ""לא"", ""אופן החזקת הנשק"": ""ברכב, מוסלק - מוסתר"", ""מטרה-סיבת העבירה"": ""הגנה עצמית"", ""שימוש"": ""לא"", ""כמות תחמושת"": ""ללא""}","{""מיקום החזקת הנשק"": ""בארון הבגדים בחדר השינה"", ""אופן אריזת הנשק"": ""עטוף בגרב"", ""מיקום הבית"": ""עיר לוד"", ""תאריך העבירה"": ""14/12/11"", ""מספר עבירה"": ""144 א"", ""סוג עבירה"": ""החזקה נשק"", ""סוג הנשק [אקדח]"": 1.0, ""סטטוס הנשק"": ""תקין"", ""תכנון"": ""כן"", ""אופן החזקת הנשק"": ""בבית, מוסלק - מוסתר"", ""אופן קבלת הנשק"": ""רכש"", ""שימוש"": ""לא"", ""כמות תחמושת"": ""ללא""}","55.0","1. **סוג העבירה וחומרתה** — שני התיקים עוסקים בהחזקה של נשק (144א), ללא שימוש, ובשניהם הנשק תקין. חומרת העבירה זהה, אך אין כאן נושא של נשיאה או הובלה — כלומר, אין הבדל מהותי בדרישות הפליליות.  
2. **תפקיד הנאשם ומעורבותו** — בתרשים אין מידע על זהות הנאשם או מעורבותו בפעילות פלילית רחבה; שניהם מוצגים כמחזיקים פסיביים, ללא הוכחה של יזמות או מעורבות בפושע.  
3. **שיטת הביצוע (MO)** — בשני המקרים הנשק מוסתר (במכונית/בבית), אך בדרכים שונות (תחת שטיח/בעטיפה בגרב). אין סימן לדפוס ספציפי או סגנון ביצוע משותף — רק התחבורה הפיזית של הסתרה.  
4. **נסיבות הליבה** — בתקיף 1 יש תכנון שלילית, בתקיף 2 יש תכנון חיובי — פער מהותי. כמו כן, מיקום החזקה שונה (רכב מול בית), ובסעיף 1 יש מטרה של ""הגנה עצמית"" (אך לא נמצאה תוקפנות), בעוד בתקיף 2 אין מטרה מוזכרת.  
5. **ישימות כתקדים** — למרות ששני התיקים הם 144א, הבדלים בנסיבות (תכנון, מיקום, מטרה) ועדר דפוס משותף מפחיתים את הרלוונטיות הדינמית של תקדים. בית המשפט יראה בהם מקרים נפרדים, גם אם דומים במבנה הפלילי.

SIMILARITY_SCORE: 55","ok",""
"ME-16-11-69158-529","ME-16-10-12213-904","1","0","0","{""מיקום האירוע"": ""טייבה"", ""תאריך האירוע"": ""23.11.16"", ""סוג התחמושת"": ""9 מ\\""מ"", ""מיקום החבייה"": ""מתחת למושב הנהג ומושב סמוך"", ""סוג האירוע"": ""אירוע משפחתי"", ""מיקום טמינת הנשק"": ""באדמה סמוך לבית הנאשם"", ""סוג הנשק המדויק"": ""קרל גוסטב"", ""מספר עבירה"": ""144 ב"", ""סוג עבירה"": ""נשיאת נשק"", ""עבירות נוספות"": ""הנאשם הורשע בנוסף לעבירות נשק (סעיף 144) גם בעבירה של ירי באזור מגורים לפי סעיף 340א לחוק העונשין."", ""סוג הנשק [תת מקלע]"": 1.0, ""סטטוס הנשק"": ""נשק עם כדור בקנה"", ""תכנון"": ""כן"", ""אופן החזקת הנשק"": ""בבית, ברכב, מוסלק - מוסתר"", ""שימוש"": ""לא"", ""כמות תחמושת"": ""ללא""}","{""סוג הרכב"": ""סובארו"", ""בעלות על הרכב"": ""רשום על שם אחיו, מג'ד"", ""מיקום החזקת הנשק"": ""מתחת לכיסא הנוסע שליד הנהג"", ""מיקום המחסנית"": ""מתחת לכיסא הנוסע שליד הנהג"", ""מיקום הכדור"": ""במכנסי הנאשם"", ""סוג התחמושת"": ""כדור 9 מ\\""מ"", ""מיקום החזקת הנשק בעת המעצר"": ""במוסך"", ""מיקום המחסנית בעת המעצר"": ""במוסך"", ""מיקום הכדור בעת המעצר"": ""במכנסי הנאשם"", ""מספר עבירה"": ""144 ב"", ""סוג עבירה"": ""נשיאת נשק"", ""סוג הנשק [תת מקלע מאולתר]"": 1.0, ""סטטוס הנשק"": ""נשק מופרד מתחמושת"", ""תכנון"": ""כן"", ""אופן החזקת הנשק"": ""ברכב, מוסלק - מוסתר"", ""כמות תחמושת"": ""מחסנית ריקה ובה 0 כדורים, 1 כדור"", ""שימוש"": ""לא""}","65.0","1. **סוג העבירה וחומרתה**: שניהם涉及 סעיף 144(ב) — נשיאת נשק, מה שמקנה להם דמיון מהותי ביחס לסוג העבירה. עם זאת, בתיק 1 היה שימוש ביריה (סעיף 340א) ובנוסף נשק עם כדור בקנה — חומרה רבה יותר. בתיק 2 — נשק מופרד מתחמושת, ותחמושת מוגבלת (כדור אחד), ללא שימוש. חומרה נמוכה יותר.  
2. **תפקיד הנאשם ומעורבותו**: בשני התיקים הנאשם הוא החזיק והביא את הנשק — מעורבות פעילה. אין הבדל מהותי בתפקיד.  
3. **שיטת הביצוע (MO)**: שניהם השתמשו ברכב (מתחת לכיסא) להסתרת נשק מאולתר, עם תכנון. דפוס דומה מאוד — גם מיקום החביה, גם אופן ההסתרה.  
4. **נסיבות הליבה**: בתיק 1 — נשק עם כדור בקנה, שימוש ביריה, עבירה נוספת. בתיק 2 — נשק מופרד, תחמושת מינימלית, ללא שימוש. הבדל מהותי בחומרה ובסיכון.  
5. **ישימות כתקדים**: למרות הדמיון ב- MO ובתפקיד, הבדל חמור בחומרה (שימוש, סיכון, עבירה נוספת) מפחית את היכולת להשתמש בתיק 2 כתקדים לתיק 1. בית המשפט יראה בהם עבירות שונות בהיקף הסיכון וההשפעה.

SIMILARITY_SCORE: 65","ok",""
"ME-16-03-59260-279","ME-16-08-54879-35","2","0","1","{""מיקום החזקת הנשק"": ""מחסן חנות דגים"", ""כתובת החנות"": ""רחוב נווה שאנן 37, תל-אביב"", ""סוג האקדח"": ""גלוק"", ""צבע האקדח"": ""שחור"", ""מספר רישום האקדח"": ""F.V.458"", ""סוג התחמושת"": ""כדורי קליבר 9 מ\\""מ"", ""מיקום הירי"": ""רחוב התחייה 19, תל אביב-יפו"", ""סוג הרכב"": ""מרצדס"", ""מיקום נוסף שהוזכר"": ""רחוב המנוע 2, תל אביב-יפו"", ""מספר עבירה"": ""144 א, 144 ב"", ""סוג עבירה"": ""החזקה נשק, נשיאת נשק"", ""סוג הנשק [אקדח]"": 1.0, ""סטטוס הנשק"": ""נשק עם מחסנית בהכנס"", ""תכנון"": ""כן"", ""אופן החזקת הנשק"": ""ברכב, על גופו, מוסלק - מוסתר"", ""כמות תחמושת"": ""מחסנית ובה 14 כדורים"", ""שימוש"": ""לא""}","{""כתובת האירוע"": ""רחוב ברזילי 12, חיפה"", ""תאריך האירוע"": ""17.8.16"", ""שעת האירוע"": ""סמוך לשעה 11:00"", ""מקום מגורי הנאשם"": ""רחוב ברזילי 12, חיפה"", ""קוטר הנשק"": ""9 מ\\""מ"", ""כוח הכדור"": ""בכוחו להמית אדם"", ""מספר עבירה"": ""144 ב"", ""סוג עבירה"": ""נשיאת נשק, הובלת נשק"", ""סוג הנשק [תת מקלע מאולתר]"": 1.0, ""סטטוס הנשק"": ""נשק מופרד מתחמושת"", ""תכנון"": ""לא"", ""כמות תחמושת"": ""מחסנית ובה 7 כדורים"", ""שימוש"": ""לא"", ""אופן החזקת הנשק"": ""על גופו""}","50.0","1. **סוג העבירה וחומרתה**:  
תיק 1 כולל עבירות 144(א) ו-144(ב) — החזקה ונשיאה — בעוד תיק 2 כולל רק 144(ב) — נשיאה/הובלה. ההבדל במעורבות (החזקה בלבד מול נשיאה) הוא מהותי, ותיק 1 חמור יותר.  
**ציון: 60**

2. **תפקיד הנאשם ומעורבותו**:  
בשני התיקים הנאשם מחזיק את הנשק באופן פעיל (ברכב/בסמוך לבית), אך בתיק 1 יש תכנון ומעורבות רחבה יותר (החזקה במחסן, נסיעה, ירי), בעוד בתיק 2 אין תכנון.  
**ציון: 55**

3. **שיטת הביצוע (MO)**:  
בשני התיקים הנשק מוסתר, אך בתיק 1 יש שימוש ברכב, תכנון, ומעורבות במרחב עירוני רחב (תל אביב), בעוד בתיק 2 הנשק מופרד מתחמושת, ללא תכנון, ובסביבה מוגבלת (חיפה). דפוסי ביצוע שונים.  
**ציון: 40**

4. **נסיבות הליבה**:  
כמות התחמושת דומה (14 vs 7 כדורים), אך בתיק 1 יש נשק עם מחסנית בהכנס, תכנון, וסיבה של סכסוך — מה שמגביר חומרה. בתיק 2 הנשק מופרד, ללא תכנון, ועבירה מוגבלת יותר.  
**ציון: 50**

5. **ישימות כתקדים**:  
ההבדלים במעורבות (החזקה מול נשיאה בלבד), בדפוס ביצוע, ובתכנון — פוגעים ביכולת של תיק 2 לשמש כתקדים לתיק 1. בית המשפט יראה בהם עבירות שונות בהקשר ענישה.  
**ציון: 45**

SIMILARITY_SCORE: 50","ok",""
"SH-18-07-52337-770","SH-16-11-7544-55","3","1","1","{""תאריך המעצר"": ""15.07.18"", ""מיקום המעצר"": ""רהט"", ""מיקום החזקת הנשק"": ""חדר השינה"", ""משך זמן החזקת הנשק לפני המעצר"": ""עשרה ימים"", ""זהות המחזיק המקורי"": ""לא ידועה"", ""מספר עבירה"": ""144 א"", ""סוג עבירה"": ""החזקה נשק"", ""סוג הנשק [תת מקלע מאולתר]"": 1.0, ""סטטוס הנשק"": ""תקין"", ""תכנון"": ""לא"", ""אופן החזקת הנשק"": ""בבית, מוסלק - מוסתר"", ""שימוש"": ""לא"", ""כמות תחמושת"": ""ללא""}","{""מיקום האירוע"": ""מחלף להב-שומריה, כביש 6 לכוון צפון"", ""תאריך האירוע"": ""26.10.16"", ""שם השוטר"": ""מיכאל אדרי"", ""קוטר הקליעים"": ""9 מ\\""מ"", ""מספר עבירה"": ""144 א"", ""סוג עבירה"": ""החזקה נשק"", ""סוג הנשק [תת מקלע מאולתר]"": 1.0, ""סטטוס הנשק"": ""נשק מופרד מתחמושת"", ""תכנון"": ""לא"", ""אופן החזקת הנשק"": ""על גופו, מוסלק - מוסתר"", ""כמות תחמושת"": ""מחסנית ובה 10 כדורים"", ""שימוש"": ""לא""}","85.0","1. **סוג העבירה וחומרתה** — שני התיקים עוסקים בעבירה 144(א) — החזקת נשק — ללא שימוש או תכנון, ובשניהם הנשק הוא תת-מקלע מאולתר. חומרת העבירה זהה, ואין הבדל בדרישות החוקיות או בהערכות סיכון.  
2. **תפקיד הנאשם ומעורבותו** — אין מידע על זהות הנשא או מעורבותו ביצירת הנשק, אך בשתיהן החזקה היא פסיבית (לא יזם, לא שולח), והנשא הוא החזיק/החזיק. אין הבדל מהותי בתפקיד.  
3. **שיטת הביצוע (MO)** — בשני המקרים הנשק מוסתר: באחד בבית, באחר על הגוף — אך בשניהם מוסלק ומוסתר, ללא תכנון או שימוש. דפוס החזקה דומה, אם כי מיקום החזקה שונה (בית מול גוף).  
4. **נסיבות הליבה** — בתקיף 2 יש תחמושת (10 כדורים), בתקיף 1 אין מידע על תחמושת — אך זה לא מגדיל את החומרה לפי 144(א). אין תכנון, אין שימוש, הנשק תקין/מופרד — הבדל מינימלי.  
5. **ישימות כתקדים** — מאחר ושתיהן עבירות 144(א) עם נשק מאולתר, ללא תכנון או שימוש, ובשניהם החזקה מוסתרת — בית המשפט יראה בהן תיקים דומים בצורת ענישה, גם אם מיקום החזקה שונה.  

SIMILARITY_SCORE: 85","ok",""
"ME-16-06-42987-901","ME-12-03-13401-281","1","0","0","{""שנת לידה"": ""1997"", ""מקום האירוע"": ""שכונת גילה, ירושלים"", ""סוג הרימון"": ""רימון הלם"", ""מטרת השימוש בנשק"": ""הטלת אימה"", ""מקום השימוש בנשק"": ""חצר בית משפחה"", ""תוצאת השימוש בנשק"": ""הרימון התפוצץ"", ""שותפים לאירוע"": ""אמיר סלמה"", ""סוג הנשק הנוסף"": ""רימון גז"", ""כמות הרימונים הנוספים"": ""שני רימוני הלם"", ""סוג הסם בתיק הסמים"": ""חשיש"", ""כמות הסם"": ""גרמים בודדים"", ""תקופת המכירות"": ""מאי ויוני 2016"", ""מחיר הסם"": ""בין 100 ל-400 שקלים"", ""סוג הפריט המוגנב"": ""אופניים חשמליים"", ""שווי הפריט המוגנב"": ""3,000 שקלים"", ""תאריך הגניבה"": ""17.5.16"", ""מספר עבירה"": ""144 ב"", ""סוג עבירה"": ""נשיאת נשק"", ""עבירות נוספות"": ""הנאשם הורשע בנוסף לעבירות נשק (סעיף 144) גם בעבירות נוספות: איומים (סעיף 192), ניסיון לחבלה מחמירה (סעיף 329(א)(2)), ניסיון תקיפה בנסיבות מחמירות (סעיפים 382(א)+25), חמש עבירות של סחר בסמים (סעיפים 13+19א' לפקודת הסמים המסוכנים), החזקת סם שלא לשימוש עצמי (סעיפים 7(א)+7(ג) לפקודת הסמים המסוכנים), ועבירת גניבה (סעיף 384)."", ""סוג הנשק [רימון הלם/גז]"": 1.0, ""סוג הנשק - אם לא נמצא בטבלה"": ""כלי נשק מאולתר שבו כדור בקליבר 9 מ\\""מ"", ""סטטוס הנשק"": ""תקול"", ""תכנון"": ""לא"", ""אופן החזקת הנשק"": ""על גופו"", ""שימוש"": ""לא"", ""כמות תחמושת"": ""ללא""}","{""סוג האקדח"": ""CZ קליבר 9 מ\\""מ"", ""מקור הנשק"": ""נגנב"", ""תאריך גניבת הנשק"": ""3.2.12"", ""מיקום הגניבה"": ""ביישוב ציפורי"", ""מיקום הירי"": ""רחוב שיבת ציון בחיפה"", ""זמן הירי"": ""סמוך לשעה 00:38"", ""זמן המעצר"": ""סמוך לשעה 1:50"", ""מצב הנשק בעת המעצר"": ""טעון עם כדור בקנה ופטיש האקדח משוך לאחור"", ""מספר כדורים שנורו"": ""11"", ""מספר עבירה"": ""144 א, 144 ב"", ""סוג עבירה"": ""החזקה נשק, נשיאת נשק, הובלת נשק"", ""עבירות נוספות"": ""הנאשם הורשע גם בעבירה של ירי באזור מגורים לפי סעיף 340א לחוק העונשין, שהיא עבירה שאינה לפי סעיף 144."", ""סוג הנשק [אקדח]"": 1.0, ""סטטוס הנשק"": ""נשק עם כדור בקנה"", ""תכנון"": ""לא"", ""אופן החזקת הנשק"": ""ברכב"", ""כמות תחמושת"": ""2 מחסניות ובהן כדורים, 11 כדורים"", ""שימוש"": ""לא""}","45.0","1. **סוג העבירה וחומרתה**:  
התיק הראשון עוסק בנשיאה של נשק (144ב) עם רימונים, תוך ניסיון שימוש (ללא הצלחה), בעוד התיק השני כולל גם החזקה (144א) ונשיאה (144ב) של אקדח טעון עם ירי בפועל. חומרת העבירה בתקיף השני גבוהה יותר עקב ירי בפועל באזור מגורים, אך שניהם נוגעים לנשיאה של נשק מוגדר — דמיון חלקי, אך לא מלא.

2. **תפקיד הנאשם ומעורבותו**:  
בשני התיקים הנאשם מעורב ישירות — באחד כמי שמחזיק ונושא נשק (במקרה של רימון) ובשני כמי שמשתמש באקדח בפועל. אין סימן לשליחות או מעורבות פסיבית — דמיון גבוה במעורבות.

3. **שיטת הביצוע (MO)**:  
בשני המקרים אין תכנון מוקדם, אך בשני המקרים יש שימוש בפועל או ניסיון שימוש בנשק. התיק הראשון כולל רימונים (נפץ), התיק השני — ירי באקדח. סגנון הביצוע שונה: אחד מתקיף דרך פיצוץ, השני דרך ירי. דמיון חלקי.

4. **נסיבות הליבה**:  
בשני המקרים יש שימוש בנשק באזור מגורים (חצר בית/רחוב מגורים), אך בתיק השני יש ירי בפועל, כמות תחמושת גדולה (11 כדורים), ונשק טעון. בתיק הראשון — רימון התפוצץ, אך ללא נפגעים. הבדל מהותי בחומרה ובסיכון — דמיון חלקי.

5. **ישימות כתקדים**:  
הבדל מהותי בין 144א (החזקה) ל-144ב (נשיאה/הובלה) לא קיים כאן — התיק השני כולל את שניהם, והתיק הראשון רק 144ב. עם זאת, הבדל בדפוס השימוש (רימון vs. ירי באקדח) ובחומרה (ניסיון vs. ביצוע) מפחית את הרלוונטיות הדינמית. בית המשפט יראה בהם תיקים שונים בהקשר ענישה — דמיון נמוך.

SIMILARITY_SCORE: 45","ok",""
"SH-20-02-52091-995","SH-16-11-7544-55","3","1","1","{""מיקום החזקת הנשק"": ""ארון במטבח"", ""מיקום הבית"": ""שבט אלאעצם"", ""תאריך החזקת הנשק"": ""מיום 14.02.20"", ""תאריך התגלית"": ""16.02.20"", ""שעת התגלית"": ""סמוך לשעה 15:00"", ""סוג הפעילות המשטרתית"": ""חיפוש יזום"", ""מיקום התגלית"": ""בית הנאשם"", ""מספר עבירה"": ""144 א"", ""סוג עבירה"": ""החזקה נשק"", ""סוג הנשק [תת מקלע מאולתר]"": 1.0, ""סטטוס הנשק"": ""נשק מופרד מתחמושת"", ""תכנון"": ""לא"", ""אופן החזקת הנשק"": ""בבית, מוסלק - מוסתר"", ""כמות תחמושת"": ""20 כדורים"", ""שימוש"": ""לא""}","{""מיקום האירוע"": ""מחלף להב-שומריה, כביש 6 לכוון צפון"", ""תאריך האירוע"": ""26.10.16"", ""שם השוטר"": ""מיכאל אדרי"", ""קוטר הקליעים"": ""9 מ\\""מ"", ""מספר עבירה"": ""144 א"", ""סוג עבירה"": ""החזקה נשק"", ""סוג הנשק [תת מקלע מאולתר]"": 1.0, ""סטטוס הנשק"": ""נשק מופרד מתחמושת"", ""תכנון"": ""לא"", ""אופן החזקת הנשק"": ""על גופו, מוסלק - מוסתר"", ""כמות תחמושת"": ""מחסנית ובה 10 כדורים"", ""שימוש"": ""לא""}","90.0","1. **סוג העבירה וחומרתה** — שני התיקים עוסקים בעבירה 144(א) — ""החזקה נשק"" — ללא שימוש, ללא תכנון, עם נשק מאולתר מופרד מתחמושת. חומרת העבירה זהה, אין הבדל בדרישות החוק או במדידת הסיכון.  
2. **תפקיד הנאשם ומעורבותו** — בשתיהן מעורבות פסיבית: החזקה מוסתרת, ללא ניסיון שימוש או הובלה. אין הבדל במעורבות — לא יזם, לא סוחר, לא שליח.  
3. **שיטת הביצוע (MO)** — בשתיהן נשק מאולתר מוסתר, מופרד מתחמושת, ללא תכנון. ההבדל ב""איך"" — בבית מול ""על גופו"" — אינו מהותי מבחינה משפטית, שכן עבירה 144(א) לא תלויה בזירה או בדרכים של החזקה.  
4. **נסיבות הליבה** — כמות תחמושת: 20 כדורים מול 10 — סדר גודל זהה (עשרות, לא מאות או אלפים). אין שימוש, אין תכנון, אין נסיבות מחמירות (כגון נשק מוכן לירי או נשק עם תחמושת מוכנה).  
5. **ישימות כתקדים** — שני התיקים זהים בפרמטרים המשפטיים המכריעים: עבירה 144(א), נשק מאולתר, מופרד, ללא תכנון או שימוש. בית משפט יראה בהם תקדים רלוונטי — גם אם התרחשו בזירות שונות, הבדלים אלו אינם מהותיים לענישה.

SIMILARITY_SCORE: 90","ok",""
"SH-14-02-28659-762","SH-16-05-42991-439","2","0","1","{""מיקום החזקת הנשק"": ""עליית גג של המקלחת"", ""משך זמן החזקת הנשק"": ""כשנתיים"", ""תאריך תחילת החזקת הנשק"": ""11.2.12"", ""מיקום הבית"": ""עזריה"", ""מספר עבירה"": ""144 א"", ""סוג עבירה"": ""החזקה נשק"", ""סוג הנשק [תת מקלע מאולתר]"": 1.0, ""סטטוס הנשק"": ""נשק מופרד מתחמושת"", ""תכנון"": ""לא"", ""אופן החזקת הנשק"": ""בבית, מוסלק - מוסתר"", ""כמות תחמושת"": ""מחסנית וכדורים"", ""מטרה-סיבת העבירה"": ""הגנה עצמית"", ""שימוש"": ""לא""}","{""סוג האקדח"": ""בראונינג"", ""קליבר התחמושת"": ""9 מ\\""מ"", ""התערבות צד שלישי"": ""נאשמת 2 ניסתה להעלים את הנשק"", ""מיקום האירוע"": ""בבית הנאשם"", ""תאריך האירוע"": ""15.5.16"", ""מספר עבירה"": ""144 א"", ""סוג עבירה"": ""החזקה נשק"", ""עבירות נוספות"": ""הנאשם הורשע בנוסף לעבירות נשק (סעיף 144(א)), גם בעבירה של שיבוש הליכי משפט לפי סעיף 244 לחוק העונשין."", ""סוג הנשק [אקדח]"": 1.0, ""סטטוס הנשק"": ""נשק עם מחסנית בהכנס"", ""תכנון"": ""כן"", ""אופן החזקת הנשק"": ""בבית, מוסלק - מוסתר"", ""כמות תחמושת"": ""מחסנית ובה 13 כדורים"", ""שימוש"": ""לא""}","45.0","1. **סוג העבירה וחומרתה**: שניהם עבירות לפי סעיף 144(א) – החזקה בלבד, ללא נסיעה או שימוש. חומרה דומה, אך תיק 2 כולל עבירה נוספת (שיבוש הליכי משפט), מה שמגדיל את החומרה הכללית — אך לא משפיע על דמיון העבירה העיקרית.  
2. **תפקיד הנאשם ומעורבותו**: בשתיהן מעורבות פסיבית — החזקה בבית, ללא שימוש. אין הבדל מהותי בתפקיד.  
3. **שיטת הביצוע (MO)**: שניהם מוסתרים בבית, אך תיק 2 מתאפיין בתכנון ובהשתתפות צד שלישי (נאשמת 2), מה שמעיד על ארגון וסיכון גבוה יותר — דפוס שונה.  
4. **נסיבות הליבה**: כמות תחמושת דומה (מחסנית + כדורים), אך תיק 2 כולל נשק מוכן לפעולה (מחסנית בהכנס) ותכנון, בעוד תיק 1 — נשק מופרד מתחמושת וبدون תכנון. נסיבות מחמירות יותר בתיק 2.  
5. **ישימות כתקדים**: למרות ששתיהן 144(א), הבדלים במעורבות, תכנון, סטטוס הנשק ונסיבות מחמירות (תכנון, שיבוש הליכים) מפחיתים את הרלוונטיות של תיק 1 כתקדים לתיק 2. בית המשפט יראה בהם מקרים שונים בהקשר של ענישה.

SIMILARITY_SCORE: 45","ok",""
"ME-14-10-31218-522","ME-17-05-35227-215","1","0","0","{""שנת לידה"": 1983, ""זמן האירוע"": ""02:45"", ""תאריך האירוע"": ""29/5/14"", ""מיקום האירוע"": ""דיר אל אסד"", ""סוג הרימון"": ""M7290"", ""צבע הרימון"": ""שחור"", ""מספר הרימון"": ""E386201"", ""פגיעה פוטנציאלית"": ""פגיעה גופנית"", ""מטרת הפעולה"": ""השלכת רימון למרפסת"", ""תוצאת הפעולה"": ""התפוצצות וקול נפץ עז"", ""מספר עבירה"": ""144 א"", ""סוג עבירה"": ""החזקה נשק"", ""סוג הנשק [רימון הלם/גז]"": 1.0, ""תכנון"": ""לא"", ""שימוש"": ""זריקת רימון"", ""סטטוס הנשק"": ""נשק עם כדור בקנה"", ""כמות תחמושת"": ""ללא""}","{""תאריך העבירה"": ""7 במאי 2017"", ""זמן העבירה"": ""צהריים"", ""סוג הרכב"": ""אופנוע"", ""דגם הרכב"": ""קואנג יאנג טיו"", ""מיקום הנשק ברכב"": ""תא מטען"", ""מספר עבירה"": ""144 ב"", ""סוג עבירה"": ""נשיאת נשק, הובלת נשק"", ""סוג הנשק [תת מקלע מאולתר]"": 1.0, ""סטטוס הנשק"": ""נשק עם מחסנית בהכנס"", ""תכנון"": ""כן"", ""אופן החזקת הנשק"": ""ברכב"", ""שימוש"": ""לא"", ""כמות תחמושת"": ""ללא""}","15.0","1. **סוג העבירה וחומרתה**: תיק 1 עוסק בהחזקה של רימון הלם (144א), בעוד תיק 2 עוסק בנשיאה והובלה של תת-מקלע מאולתר (144ב). מדובר בעבירות שונות מהותית — החזקה בלבד מול נסיעה עם נשק, מה שמעיד על מעורבות פעילה וסיכון גבוה יותר. חומרת העבירה בתיק 2 גבוהה יותר.

2. **תפקיד הנאשם ומעורבותו**: בתיק 1 הנאשם היה פעיל ישירות — זרק רימון. בתיק 2, למרות שאין שימוש נשק, הנשק היה מוכן למשתמש (מחסנית בהכנס) ונהג ברכב — מעורבות פסיבית יותר אך עם תכנון. ההבדל במעורבות הוא מהותי: עבירה פסיבית (החזקה/הובלה) מול עבירה פעילה (שימוש).

3. **שיטת הביצוע (MO)**: בתיק 1 — שימוש מיידי בנשק (זריקה), בתיק 2 — נשק מוכן למשתמש אך לא ניצל. אין דפוס דומה: אחד מתרחש בפעולה מיידית, השני בתכנון ובהובלה. אין דמיון בדפוס ביצוע.

4. **נסיבות הליבה**: בתיק 1 — נשק מופעל, נגרם נזק פוטנציאלי (פגיעה גופנית), ללא תכנון. בתיק 2 — נשק מוכן, עם תכנון, אך לא ניצל. סדרי גודל שונים: רימון הלם מול תת-מקלע — נשק עוצמתי יותר. נסיבות מחמירות בתיק 2 (תכנון, נשק מוכן) אך אין שימוש.

5. **ישימות כתקדים**: אין סיבה שבית משפט יראה את התיקים כרלוונטיים — עבירה של 144א (החזקה) לא תקדים לעבירה של 144ב (נשיאה/הובלה), ובפרט כאשר התיק השני כולל תכנון ונשק עוצמתי יותר. ההבדלים מהותיים ומעידים על סיכונים שונים.

SIMILARITY_SCORE: 15","ok",""
"SH-16-11-7544-55","SH-15-03-49530-992","3","1","1","{""מיקום האירוע"": ""מחלף להב-שומריה, כביש 6 לכוון צפון"", ""תאריך האירוע"": ""26.10.16"", ""שם השוטר"": ""מיכאל אדרי"", ""קוטר הקליעים"": ""9 מ\\""מ"", ""מספר עבירה"": ""144 א"", ""סוג עבירה"": ""החזקה נשק"", ""סוג הנשק [תת מקלע מאולתר]"": 1.0, ""סטטוס הנשק"": ""נשק מופרד מתחמושת"", ""תכנון"": ""לא"", ""אופן החזקת הנשק"": ""על גופו, מוסלק - מוסתר"", ""כמות תחמושת"": ""מחסנית ובה 10 כדורים"", ""שימוש"": ""לא""}","{""שנת לידה"": ""1992"", ""מיקום החזקת הנשק"": ""גג מחסן סמוך לבית בג'לג'וליה"", ""סוג הרובה"": ""קרל גוסטב"", ""קוטר כדורים במחסנית"": ""9 מ\\""מ"", ""קוטר כדורים בתפזורת"": ""5.56 מ\\""מ"", ""מספר עבירה"": ""144 א"", ""סוג עבירה"": ""החזקה נשק"", ""סוג הנשק [תת מקלע מאולתר]"": 1.0, ""סטטוס הנשק"": ""נשק עם מחסנית בהכנס"", ""תכנון"": ""לא"", ""אופן החזקת הנשק"": ""מוסלק - מוסתר"", ""כמות תחמושת"": ""מחסנית ובה כדורים, מחסנית טעונה בכדורים, כדורים"", ""שימוש"": ""לא""}","85.0","1. **סוג העבירה וחומרתה** — שני התיקים עוסקים בהחזקה של נשק לפי סעיף 144(א), ללא שימוש או נסיעה עם הנשק. חומרתם זהה — החזקה בלבד, ללא נסיעה או שימוש.  
2. **תפקיד הנאשם ומעורבותו** — אין מידע על תפקידי הנאשמים, אך בשני המקרים מדובר בהחזקה מוסתרת, ללא מעורבות פעילה בפעילות פלילית נוספת — מעורבות פסיבית דומה.  
3. **שיטת הביצוע (MO)** — בשני המקרים: נשק מאולתר (תת-מקלע), מוסתר, ללא תכנון מוקדם. הבדל קטן: באחד הנשק מופרד מתחמושת, בשני — מחסנית טעונה.  
4. **נסיבות הליבה** — כמות התחמושת דומה (מחסניות עם כדורים), אין שימוש, אין תכנון. הבדל במקומם: אחד על גופו, השני בגג מחסן — אך זה לא משפיע על חומרת העבירה לפי 144(א).  
5. **ישימות כתקדים** — שכן, כי מדובר באותה עבירה (144א), אותו סוג נשק, חוסר תכנון, חוסר שימוש, וההבדלים בפרטים טכניים (מקום החזקה, סטטוס תחמושת) אינם מהותיים לצורכי ענישה לפי סעיף 144(א).

SIMILARITY_SCORE: 85","ok",""
"ME-16-11-13999-863","ME-21-10-18557-340","1","0","0","{""סוג הרכב"": ""מאזדה"", ""שם הנהג"": ""זבידאת סלאמה"", ""מיקום האירוע"": ""סמוך לישוב ראמה"", ""זמן האירוע"": ""26.10.16 בשעה 20:00"", ""סוג האקדח"": ""STAR"", ""קליבר האקדח"": ""9 מ\\""מ פאראבלום"", ""מיקום התקרית"": ""תחנת דלק סמוכה למחסום משטרתי"", ""פעולת הנאשם במעצר"": ""נסיעה לתוך תחנת דלק וניסיון להמשיך בנסיעה"", ""מספר עבירה"": ""144 א, 144 ב"", ""סוג עבירה"": ""החזקה נשק, נשיאת נשק, הובלת נשק"", ""סוג הנשק [אקדח]"": 1.0, ""סטטוס הנשק"": ""נשק עם מחסנית בהכנס"", ""תכנון"": ""לא"", ""אופן החזקת הנשק"": ""ברכב, על גופו"", ""כמות תחמושת"": ""מחסנית ובה כדורים, מחסנית נוספת ובה כדורים"", ""שימוש"": ""לא""}","{""סוג הרכב"": ""מאזדה בצבע כחול"", ""מיקום האירוע"": ""כפר אבו סנאן"", ""זמן האירוע"": ""16.9.2021, סמוך לשעה 19:00"", ""מעורבים נוספים"": ""ג'יהאד סואעד, מוחמד פעאור"", ""סוג המאזדה"": ""מאזדה לבנה"", ""מיקום ישיבת הנאשם ברכב"": ""מושב הנוסע"", ""מיקום ישיבת ג'יהאד ברכב"": ""מושב הנהג"", ""מיקום ישיבת א' במאזדה"": ""מושב הנוסע ליד הנהג"", ""מיקום ישיבת מוחמד פעאור במאזדה"": ""מושב הנהג"", ""כיוון ירי הנאשם"": ""כלפי מעלה"", ""מטרת ירי הנאשם"": ""הפחדה או הקנטה של א'"", ""סכסוך קיים"": ""בין הנאשם לא'"", ""מספר עבירה"": ""144 א, 144 ב"", ""סוג עבירה"": ""החזקה נשק, נשיאת נשק, הובלת נשק"", ""עבירות נוספות"": ""הנאשם הורשע בנוסף לעבירות נשק (סעיף 144(א) ו-144(ב) לחוק העונשין) גם בעבירה של ירי מנשק חם לפי סעיף 340א(ב)(1) ו-(2) לחוק העונשין, שהיא עבירה שאינה לפי סעיף 144 ולכן נחשבת לעבירה נוספת."", ""סוג הנשק [תת מקלע מאולתר]"": 1.0, ""סטטוס הנשק"": ""נשק עם כדור בקנה"", ""תכנון"": ""לא"", ""אופן החזקת הנשק"": ""בבית, ברכב"", ""כמות תחמושת"": ""מחסנית ולכל הפחות 2 כדורים"", ""מטרה-סיבת העבירה"": ""הפחדה/הקנטה"", ""שימוש"": ""לא""}","55.0","1. **סוג העבירה וחומרתה**:  
שני התיקים כוללים עבירות לפי סעיף 144(א) ו-144(ב) — החזקה, נשיאה והובלת נשק — אך בתיק 2 יש עבירה נוספת של ירי מנשק חם (סעיף 340א), שמעידה על חומרה רבה יותר. הבדל זה מהותי, שכן ירי הוא מעשה פלילי פעיל ומסוכן, בעוד בתיק 1 אין שימוש בנשק.

2. **תפקיד הנאשם ומעורבותו**:  
בתיק 1, הנאשם הוא הנהג, מעורב ישירות בהובלת הנשק. בתיק 2, הנאשם יושב במושב הנוסע, אך ביצע ירי — כלומר מעורבות פעילה ופוגעת. גם אם הוא לא הנהג, הפעולה שלו (ירי) מעידה על מעורבות מרכזית ופעילה, מה שמאחד את התפקידים בפועל.

3. **שיטת הביצוע (MO)**:  
בתיק 1 — נסיעה ברכב עם נשק, ניסיון להימלט. בתיק 2 — נסיעה ברכב עם נשק, אך עם ירי בכוונה (הפחדה/הקנטה). הדפוס דומה ביחס לנשיאה והובלה ברכב, אך בתיק 2 יש אלמנט של שימוש פלילי פעיל — מה שמשנה את אופי הפעולה.

4. **נסיבות הליבה**:  
כמות התחמושת דומה (מחסניות עם כדורים), אין תכנון בשתיהן, אך בתיק 2 יש סכסוך כמotive, ועבירה נוספת של ירי — מה שמגדיל את החומרה. גם הסביבה (תחנת דלק מול כפר) שונה, אך לא מהותית.

5. **ישימות כתקדים**:  
בית המשפט יראה את התיקים כקרובים ביחס לנשיאה והובלת נשק, אך לא זהים. עבירה של ירי בתיק 2 מוסיפה ממד של חומרה שלא קיים בתיק 1, ולכן התיק השני לא יכול לשמש כתקדים לתיק הראשון — אך אולי להפך, בתנאי שהעבירה של ירי לא תיחשב כהבדל מהותי. עם זאת, הבדל זה מונע שימוש ישיר כתקדים.

SIMILARITY_SCORE: 55","ok",""
"ME-16-10-12213-904","ME-16-01-189-123","3","1","1","{""סוג הרכב"": ""סובארו"", ""בעלות על הרכב"": ""רשום על שם אחיו, מג'ד"", ""מיקום החזקת הנשק"": ""מתחת לכיסא הנוסע שליד הנהג"", ""מיקום המחסנית"": ""מתחת לכיסא הנוסע שליד הנהג"", ""מיקום הכדור"": ""במכנסי הנאשם"", ""סוג התחמושת"": ""כדור 9 מ\\""מ"", ""מיקום החזקת הנשק בעת המעצר"": ""במוסך"", ""מיקום המחסנית בעת המעצר"": ""במוסך"", ""מיקום הכדור בעת המעצר"": ""במכנסי הנאשם"", ""מספר עבירה"": ""144 ב"", ""סוג עבירה"": ""נשיאת נשק"", ""סוג הנשק [תת מקלע מאולתר]"": 1.0, ""סטטוס הנשק"": ""נשק מופרד מתחמושת"", ""תכנון"": ""כן"", ""אופן החזקת הנשק"": ""ברכב, מוסלק - מוסתר"", ""כמות תחמושת"": ""מחסנית ריקה ובה 0 כדורים, 1 כדור"", ""שימוש"": ""לא""}","{""מחיר יחידתי לכדור אקסטזי"": ""50 ₪"", ""מחיר יחידתי מוזל לכדור אקסטזי ברכישה של 100 כדורים"": ""35 ₪"", ""כמות כדורי אקסטזי שהנאשם ביקש לרכוש"": ""20-30"", ""סוג הסם"": ""אקסטזי"", ""מקום הרכישה"": ""טול-כרם"", ""מקום העצירה"": ""מחסום תאנים"", ""זמן העצירה"": ""21:25"", ""סוג התחמושת"": ""9 מ\\""מ"", ""כמות התחמושת"": ""50 כדורים"", ""מיקום החבייה ברכב"": ""דפנות הדלת הימנית הקדמית"", ""מספר עבירה"": ""144 א, 144 ב"", ""סוג עבירה"": ""נשיאת נשק, הובלת נשק"", ""עבירות נוספות"": ""הנאשם הורשע גם בעבירה של קשירת קשר לסחר בסם מסוכן לפי סעיפים 13+19א לפקודת הסמים המסוכנים, יחד עם סעיף 499(א)(1) לחוק העונשין. זוהי עבירה שאינה עבירת נשק לפי סעיף 144."", ""סוג הנשק [תת מקלע מאולתר]"": 1.0, ""סטטוס הנשק"": ""נשק מופרד מתחמושת"", ""תכנון"": ""לא"", ""אופן החזקת הנשק"": ""ברכב, מוסלק - מוסתר"", ""אופן קבלת הנשק"": ""רכש"", ""כמות תחמושת"": ""מחסנית ריקה ובה 0 כדורים, 50 כדורים"", ""שימוש"": ""לא""}","35.0","1. **סוג העבירה וחומרתה**:  
תיק 1 עוסק בנשיאה של נשק (144ב) עם תכנון, בעוד תיק 2 כולל גם הובלת נשק (144א+ב) אך ללא תכנון, ומשולב בעבירה של קשירת קשר לסחר בסם — מה שמחמיר את העניין. עבירה של 144ב בלבד (תיק 1) אינה מהותית דומה להובלה + קשר לסחר (תיק 2).

2. **תפקיד הנאשם ומעורבותו**:  
בתיק 1 הנאשם מחזיק נשק מוסתר ברכב שרשום לאחיו — מעורבות פסיבית יחסית. בתיק 2 הנאשם רכש את הנשק ומעורב בסחר בסמים — מעורבות אקטיבית ומעורבת במערכת פשע רחבה יותר.

3. **שיטת הביצוע (MO)**:  
שניהם משתמשים בנשק מאולתר (תת מקלע) ומחבאים אותו ברכב, אך בתיק 2 יש חבייה מדויקת בדפנות דלת, ובתיק 1 — מתחת לכיסא. ההבדל בדפוס החביה ובהקשר (רכישה מול החזקה נפוצה) מפחית דמיון.

4. **נסיבות הליבה**:  
בתקין 1: כדור אחד, מחסנית ריקה, תכנון. בתיק 2: 50 כדורים, מחסנית ריקה, ללא תכנון, אך עם עבירה נוספת של סחר בסמים. כמות התחמושת ועבירה נוספת בתקין 2 מוסיפות ממד של סיכון ותכנון ארגוני — מה שמחמיר באופן מהותי.

5. **ישימות כתקדים**:  
בית המשפט לא יראה בתיק 1 תקדים רלוונטי לתיק 2 — כי הראשון הוא נושא נשק עם תכנון אך ללא עבירות נוספות או כמות תחמושת משמעותית, בעוד השני כולל עבירה של קשר לסחר בסמים, כמות גדולה של תחמושת, והובלה — מה שמקנה לו סמכות ענישה שונה.

SIMILARITY_SCORE: 35","ok",""
"SH-15-12-65958-120","ME-16-05-9983-155","2","0","1","{""מיקום החזקת הנשק"": ""טייבה"", ""סוגי נשק נוספים"": ""אקדח זיג זאוור, קרלו"", ""קוטר תחמושת"": ""9 מ\\""מ, 7.65 מ\\""מ"", ""מספר כדורים במחסנית"": ""8, 15, 6"", ""מיקומי החזקת הנשק"": ""מעל ארון במטבח, בספרייה"", ""סוגי מחסניות"": ""מחסנית טעונה, מחסנית ריקה"", ""מספר עבירה"": ""144 א"", ""סוג עבירה"": ""החזקה נשק"", ""סוג הנשק [אקדח]"": 1.0, ""סוג הנשק [תת מקלע מאולתר]"": 1.0, ""סטטוס הנשק"": ""נשק עם מחסנית בהכנס"", ""תכנון"": ""כן"", ""אופן החזקת הנשק"": ""בבית, מוסלק - מוסתר"", ""אופן קבלת הנשק"": ""רכש"", ""כמות תחמושת"": ""מחסנית ובה 8 כדורים, מחסנית ובה 15 כדורים, מחסנית ריקה ובה 0 כדורים, מחסנית ובה 6 כדורים"", ""מטרה-סיבת העבירה"": ""הגנה עצמית"", ""שימוש"": ""לא""}","{""תאריך העבירה"": ""אפריל 2016"", ""מחיר הנשק"": ""7300 שקלים"", ""מיקום החזקת הנשק"": ""גג בית חבר"", ""משך החזקת הנשק"": ""כשבוע"", ""קשר עם קרוב משפחה"": ""קרוב משפחה רכש והעביר לנאשם"", ""מספר עבירה"": ""144 א, 144 ב"", ""סוג עבירה"": ""החזקה נשק, נשיאת נשק"", ""סוג הנשק [תת מקלע מאולתר]"": 1.0, ""סטטוס הנשק"": ""נשק מופרד מתחמושת"", ""תכנון"": ""לא"", ""אופן החזקת הנשק"": ""מוסלק - מוסתר"", ""אופן קבלת הנשק"": ""מאחר"", ""כמות תחמושת"": ""מחסנית"", ""שימוש"": ""לא""}","35.0","1. **סוג העבירה וחומרתה**:  
תיק 1 עוסק בהחזקה בלבד (144א), בעוד תיק 2 כולל גם נשיאה/הובלה (144ב) — עבירה חמורה יותר. זה פער מהותי, שכן 144ב מתייחס לפעילות אקטיבית בנשיאה, בעוד 144א הוא רק החזקה סטטית.  
→ **הבדל מהותי**.

2. **תפקיד הנאשם ומעורבותו**:  
בתיק 1 — הנאשם החזיק נשק בביתו, מוסתר, מתוך מטרה של הגנה עצמית (מעורבות פסיבית-הגנתית). בתיק 2 — הנשק נמסר לו על ידי קרוב משפחה, והחזקה הייתה לזמן קצר בגג בית חבר (מעורבות פסיבית, אך עם נסיעה/הובלה).  
→ **מעורבות דומה, אך לא זהה — פער קל**.

3. **שיטת הביצוע (MO)**:  
בשני התיקים — הנשק מוסתר, לא נשתמש בו, אך בתיק 2 יש נסיעה/הובלה (144ב) ובתיק 1 אין. גם בתקנון — תיק 1 מתוכנן, תיק 2 לא.  
→ **דפוס שונה — פער מהותי**.

4. **נסיבות הליבה**:  
בשני התיקים — נשק מאולתר, תחמושת מוגבלת, לא נעשה שימוש. אך בתיק 1 יש תכנון, כמות תחמושת מפורטת ומשתנה, ובתיק 2 — נשק מופרד מתחמושת, החזקה קצרה, וקשר עם קרוב משפחה.  
→ **הבדלים משמעותיים בהקשר — פער בינוני**.

5. **ישימות כתקדים**:  
בשיקול ענישה, בית המשפט לא יראה בתיק 1 (החזקה בלבד, תכנון, הגנה עצמית) תקדים לתיק 2 (נשיאה, הובלה, חוסר תכנון, נשק מופרד). ההבדלים במעורבות, סעיף העבירה, ונסיבות הפעולה מונעים שימוש בתקדים.  
→ **לא רלוונטי כתקדים**.

SIMILARITY_SCORE: 35","ok",""
"ME-18-04-19642-504","ME-16-07-45228-25","1","0","0","{""מיקום האירוע"": ""יער הסמוך לכפר קרע"", ""תאריך האירוע"": ""1.4.18"", ""שעת האירוע"": ""17:00"", ""סוג הנשק"": ""אקדח FN בקוטר 9 מ\\""מ"", ""מספר יריות"": ""11 יריות באוויר"", ""השפעת אלכוהול"": ""הנאשם היה תחת השפעת משקאות אלכוהליים"", ""זיכרון הנאשם"": ""הנאשם אינו זוכר את כל פרטי האירוע"", ""התנהגות במהלך מעצר"": ""הנאשם ניסה להימלט על ידי ניסיון להתניע את רכב המתלוננת"", ""מיקום הנשק בעת המעצר"": ""האקדח הושלך מתחת למושב הרכב"", ""מספר עבירה"": ""144 א, 144 ב"", ""סוג עבירה"": ""נשיאת נשק, הובלת נשק"", ""עבירות נוספות"": ""הנאשם הורשע בנוסף לעבירות נשק (סעיפים 144(א) ו-144(ב) לחוק העונשין) גם בעבירה של מעשי פזיזות ורשלנות לפי סעיף 338(א)(5) לחוק העונשין, שהיא עבירה שאינה עבירת נשק."", ""סוג הנשק [אקדח]"": 1.0, ""סטטוס הנשק"": ""נשק עם כדור בקנה"", ""תכנון"": ""לא"", ""אופן החזקת הנשק"": ""ברכב, על גופו, מוסלק - מוסתר"", ""כמות תחמושת"": ""2 מחסניות, 40 כדורים"", ""מטרה-סיבת העבירה"": ""אלימות במשפחה"", ""שימוש"": ""לא""}","{""מיקום האירוע"": ""כפר זלפה"", ""זמן האירוע"": ""שעת ליל"", ""תאריך האירוע"": ""19.7.16"", ""קוטר הכדורים"": ""9 מ\\""מ"", ""פעולת הנאשם בעת גילוי"": ""התרחקות מהשוטרים בהליכה מהירה ולאחר מכן בריצה"", ""מקום הסתרת הנשק"": ""מתחת לשמיכה על מזרן בחדר"", ""מספר עבירה"": ""144 ב"", ""סוג עבירה"": ""נשיאת נשק"", ""סוג הנשק [אקדח]"": 1.0, ""סטטוס הנשק"": ""נשק עם מחסנית בהכנס"", ""תכנון"": ""לא"", ""אופן החזקת הנשק"": ""על גופו, מוסלק - מוסתר"", ""כמות תחמושת"": ""מחסנית ובה 10 כדורים"", ""שימוש"": ""לא""}","65.0","1. **סוג העבירה וחומרתה**:  
שני התיקים עוסקים בנשיאה/הובלה של נשק (144(ב)), אך תיק 1 כולל גם עבירה של ירי באוויר ועבירה נוספת שאינה עבירת נשק — מה שמגדיל את חומרתו. לכן, בעוד שבסיס העבירה זהה, חומרת התיק הראשון גבוהה יותר.

2. **תפקיד הנאשם ומעורבותו**:  
בשני המקרים הנאשם הוא החוזק/נושא הנשק, ללא עדות למשתתף אחר או לארגון — מעורבות ישירה ופעילה. אין הבדל מהותי בתפקיד.

3. **שיטת הביצוע (MO)**:  
בשני המקרים הנשק מוסתר (מתחת למושב/שמיכה), אין תכנון, והנאשם נמלט או ניסה להימלט. דפוס דומה של התנהגות, אך בתיק 1 יש שימוש בנשק (ירי באוויר), מה שמשנה את האופי.

4. **נסיבות הליבה**:  
בתיק 1: כמות תחמושת גדולה (40 כדורים), ירי, אלכוהול, סכסוך — נסיבות מחמירות. בתיק 2: תחמושת מוגבלת (10 כדורים), אין שימוש, אין אלכוהול — נסיבות פחות מחמירות. הבדל מהותי בדרישות ענישה.

5. **ישימות כתקדים**:  
בית המשפט יראה את התיקים כקרובים בהקשר של עבירה של 144(ב), אך הבדלים בנסיבות (שימוש, כמות, אלכוהול, עבירה נוספת) מפחיתים את הרלוונטיות של תיק 2 כתקדים לתיק 1. תקדים רלוונטי אך לא מדויק.

SIMILARITY_SCORE: 65","ok",""
"ME-15-03-29911-554","ME-16-02-18397-87","1","0","0","{""מיקום האירועים"": ""פוריידיס"", ""זמן האירועים"": ""5.3.15, שעות הערב"", ""מספר כדורים שנורו"": ""מספר רב של כדורים, שני כדורים נוספים"", ""מיקום ירי ספציפי"": ""בשטח חווה, בשכונות מגורים, ליד מגרש בית הספר התיכון"", ""זהות נוסע נוסף"": ""לא ידועה למאשימה"", ""סוג האקדח"": ""יריחו"", ""מצב הנשק בסיום האירועים"": ""דרוך ומוכן לירי"", ""מספר עבירה"": ""144 א, 144 ב"", ""סוג עבירה"": ""החזקה נשק, נשיאת נשק"", ""עבירות נוספות"": ""מעובדות כתב האישום ודברי השופט עולה כי הנאשם הורשע גם בעבירה של ירי באזור מגורים לפי סעיף 340א לחוק העונשין, בנוסף לעבירות הנשק לפי סעיף 144."", ""סוג הנשק [אקדח]"": 1.0, ""סטטוס הנשק"": ""נשק עם כדור בקנה"", ""תכנון"": ""לא"", ""אופן החזקת הנשק"": ""ברכב, על גופו"", ""כמות תחמושת"": ""מחסנית ובה 12 כדורים, מחסנית נוספת, 20 כדורים, 24 כדורים"", ""שימוש"": ""לא""}","{""מיקום האירוע"": ""כפר דבוריה"", ""סוג הרכב"": ""קטנוע"", ""פעולת המעצר"": ""פניית פרסה ורדיפה שוטרית"", ""התנהגות במהלך המעצר"": ""סירוב לפתוח את תא האופנוע"", ""מצב הנשק"": ""חסר חלק פנימי חיוני לפעולת ירי"", ""מספר עבירה"": ""144 ב"", ""סוג עבירה"": ""נשיאת נשק, הובלת נשק"", ""עבירות נוספות"": ""הנאשם הורשע בנוסף לעבירות נשק (סעיף 144(ב) לחוק העונשין) גם בעבירות תעבורה: נהיגה ללא רישיון נהיגה (סעיף 10(א) לפקודת התעבורה), נהיגה ללא ביטוח (סעיף 2(א)(ב) לפקודת ביטוח רכב מנועי), וללא רישיון רכב (סעיף 2 לפקודת התעבורה)."", ""סוג הנשק [אקדח]"": 1.0, ""סטטוס הנשק"": ""תקול"", ""תכנון"": ""לא"", ""אופן החזקת הנשק"": ""ברכב, על גופו, מוסלק - מוסתר"", ""כמות תחמושת"": ""כדורים"", ""שימוש"": ""לא""}","25.0","1. **סוג העבירה וחומרתה**:  
שני התיקים עוסקים בעבירות לפי סעיף 144, אך תיק 1 כולל גם 144(א) (החזקה) ו-144(ב) (נשיאה/הובלה) ועבירה של ירי באזור מגורים (340א) — מה שמעיד על חומרה רבה. תיק 2 עוסק רק ב-144(ב) — נשיאה/הובלה — ללא שימוש בנשק, ועם נשק תקול. חומרה נמוכה יותר, ועבירות נוספות הן תעבורה — לא פליליות קשורות לנשק.  
→ דמיון חלקי, אך לא מהותי.

2. **תפקיד הנאשם ומעורבותו**:  
בתיק 1 — הנאשם ירה, נושא נשק מוכן לירי, עם תחמושת רבה — מעורבות פעילה וסיכון גבוה. בתיק 2 — נושא נשק תקול, מוסתר, ללא שימוש — מעורבות פסיבית יותר, אולי אינטנסיבית פחות.  
→ דמיון מוגבל.

3. **שיטת הביצוע (MO)**:  
בתיק 1 — ירי במרחב ציבורי, נשק מוכן לירי, תחמושת רבה. בתיק 2 — נשק תקול, מוסתר, ללא ירי, נושא בקטנוע. אין דפוס דומה — אחד פשע אלים, השני נושא נשק לא פעיל.  
→ דמיון נמוך.

4. **נסיבות הליבה**:  
בתיק 1 — ירי, תחמושת גדולה (כ-56 כדורים), נשק מוכן לירי, סיכון ציבורי. בתיק 2 — נשק תקול, תחמושת לא מדויקת (רק ""כדורים""), ללא ירי, נושא בקטנוע. הבדלים מהותיים בקיצוניות, סיכון, ותכנון.  
→ דמיון נמוך.

5. **ישימות כתקדים**:  
בית המשפט לא יראה בתיק 2 תקדים לתיק 1 — כי הוא כולל עבירה פחות חמורה (רק 144ב, נשק תקול, ללא שימוש), ועבירות לא רלוונטיות (תעבורה). גם הבדל בנסיבות — ירי מול נושא מוסתר — מונע השוואה מהותית.  
→ לא רלוונטי כתקדים.

SIMILARITY_SCORE: 25","ok",""
"ME-16-11-69158-529","ME-16-01-3772-806","3","1","1","{""מיקום האירוע"": ""טייבה"", ""תאריך האירוע"": ""23.11.16"", ""סוג התחמושת"": ""9 מ\\""מ"", ""מיקום החבייה"": ""מתחת למושב הנהג ומושב סמוך"", ""סוג האירוע"": ""אירוע משפחתי"", ""מיקום טמינת הנשק"": ""באדמה סמוך לבית הנאשם"", ""סוג הנשק המדויק"": ""קרל גוסטב"", ""מספר עבירה"": ""144 ב"", ""סוג עבירה"": ""נשיאת נשק"", ""עבירות נוספות"": ""הנאשם הורשע בנוסף לעבירות נשק (סעיף 144) גם בעבירה של ירי באזור מגורים לפי סעיף 340א לחוק העונשין."", ""סוג הנשק [תת מקלע]"": 1.0, ""סטטוס הנשק"": ""נשק עם כדור בקנה"", ""תכנון"": ""כן"", ""אופן החזקת הנשק"": ""בבית, ברכב, מוסלק - מוסתר"", ""שימוש"": ""לא"", ""כמות תחמושת"": ""ללא""}","{""מיקום האירועים"": ""כפר סאלם, מעאוויה, אלרוחה"", ""שותף לעבירה"": ""מחמד ג'בארין"", ""תאריך תפיסת הנשק"": ""20.12.15"", ""כמות יריות באירוע"": ""כ-20 כדורים"", ""מיקום תפיסת הנשק"": ""בסמוך לבית הנאשם"", ""מספר עבירה"": ""144 א, 144 ב"", ""סוג עבירה"": ""החזקה נשק, נשיאת נשק, הובלת נשק"", ""סוג הנשק [תת מקלע מאולתר]"": 1.0, ""סוג הנשק - אם לא נמצא בטבלה"": ""רובה MP5"", ""סטטוס הנשק"": ""נשק עם כדור בקנה"", ""תכנון"": ""כן"", ""אופן החזקת הנשק"": ""מוסלק - מוסתר"", ""כמות תחמושת"": ""מחסנית וכדורים, מחסנית וכדורים"", ""שימוש"": ""לא""}","90.0","1. **סוג העבירה וחומרתה**:  
שני התיקים כוללים עבירה לפי סעיף 144(ב) — נשיאת נשק — מה שהופך אותם למחולקים בדרישת עונש חמורה יותר בהשוואה להחזקה בלבד (144א). בנוסף, שניהם כוללים שימוש בנשק (ירי), מה שמגביר את החומרה. דמיון גבוה.

2. **תפקיד הנאשם ומעורבותו**:  
בתיק 1, הנאשם מעורב ישירות באירוע משפחתי (חתונה) ומשתמש בנשק — מעורבות פעילה. בתיק 2, יש שותף, אך הנשק מוסתר סמוך לבית, והשימוש ביריות (כ-20 כדורים) מעיד על מעורבות פעילה גם שם. דמיון גבוה.

3. **שיטת הביצוע (MO)**:  
שניהם כוללים נשק מאולתר (תת מקלע), עם כדור בקנה, מוסתר סמוך לבית, בתכנון, ושימוש ביריות. הדפוס זהה כמעט — נשק מאולתר, מוסתר, בשימוש באירוע חברתי/משפחתי. דמיון גבוה.

4. **נסיבות הליבה**:  
בשני התיקים יש תכנון, שימוש בנשק, כמות תחמושת משמעותית (בתיק 2 מוזכרת כמות של ""מחסניות וכדורים""), והנשיאה/הובלה מוסתרת. הבדל קטן: בתיק 1 יש ירי באזור מגורים (סעיף 340א), מה שמגביר את החומרה, אך זה לא מפריד מהדימוי הכללי. דמיון גבוה.

5. **ישימות כתקדים**:  
השיקולים המשפטיים עקרוניים: שניהם涉及 144(ב) + שימוש + תכנון + נשק מאולתר + מוסתר. בית משפט יראה בהם תקדים רלוונטי — במיוחד לגבי ענישה, היות ששני התיקים מתארים עבירה דומה בדרישת עונש, סיבה, ותפיסה. דמיון גבוה.

SIMILARITY_SCORE: 90","ok",""
"ME-17-02-54432-484","ME-16-05-25902-514","3","1","1","{""תאריך האירוע"": ""16.02.17"", ""מיקום האירוע"": ""נהריה, צומת הרחובות הגעתון והרצל"", ""סוג הרכב"": ""מאזדה"", ""מספר כדורים במחסנית"": ""7 כדורים 0.22 מ\\""מ"", ""מספר האקדח"": ""82233"", ""סוג האקדח"": ""ברטה"", ""מיקום החזקת הנשק לפני המעצר"": ""תחתוניו של הנאשם"", ""מקום מגורים"": ""כפר קאסם"", ""תקופת החזקת הנשק"": ""מאז ועד יום 16.02.17"", ""מספר נוסעים ברכב"": ""3 נוסעים נוספים"", ""מספר עבירה"": ""144 א, 144 ב"", ""סוג עבירה"": ""החזקה נשק, נשיאת נשק"", ""סוג הנשק [אקדח]"": 1.0, ""סטטוס הנשק"": ""נשק עם מחסנית בהכנס"", ""תכנון"": ""כן"", ""אופן החזקת הנשק"": ""ברכב, על גופו, מוסלק - מוסתר"", ""כמות תחמושת"": ""מחסנית ובה 7 כדורים"", ""מטרה-סיבת העבירה"": ""הגנה עצמית"", ""שימוש"": ""לא""}","{""מקום רכישת הנשק"": ""קלנסוואה"", ""מקום החזקת הנשק"": ""מקלט בבית"", ""תאריך גניבת הנשק"": ""31.12.13"", ""מספר סידורי של הנשק"": ""682663"", ""סוג הנשק"": ""ברטה"", ""תאריך תחילת החזקת הנשק"": ""פברואר 2016"", ""תאריך נשיאת הנשק"": ""8.5.16"", ""שעת נשיאת הנשק"": ""06:00"", ""מספר עבירה"": ""144 א, 144 ב"", ""סוג עבירה"": ""החזקה נשק, נשיאת נשק"", ""סוג הנשק [אקדח]"": 1.0, ""סטטוס הנשק"": ""נשק עם מחסנית בהכנס"", ""תכנון"": ""לא"", ""אופן החזקת הנשק"": ""בבית, על גופו"", ""אופן קבלת הנשק"": ""רכש"", ""כמות תחמושת"": ""מחסנית ובה 7 כדורים"", ""מטרה-סיבת העבירה"": ""הגנה עצמית"", ""שימוש"": ""לא""}","90.0","1. **סוג העבירה וחומרתה** — שני התיקים כוללים עבירות 144(א) ו-144(ב), כלומר החזקה ונשיאה של נשק — חומרה זהה. אין הבדל מהותי בדרישות החוק או בהערכות העונשיות.

2. **תפקיד הנאשם ומעורבותו** — בשתיהן הנאשם הוא החזק את הנשק באופן אישי, לא שליח או מוסדר. בתקיף 1 יש רמז לתכנון, בתקיף 2 אין — אך זה לא משנה את התפקיד הבסיסי: החזקה ונשיאה ישירות.

3. **שיטת הביצוע (MO)** — בשתיהן: נשק מסוג ברטה, מחסנית עם 7 כדורים, מוסתר על הגוף, לא נוצל. הבדל במקורות (גניבה מול רכישה) אינו מהותי בעניין ענישה, אך הבדל בתקופה (החזקה ממארס 2016 מול ""מאז ועד 16.2.17"") לא משפיע על הדמיון המהותי.

4. **נסיבות הליבה** — כמות תחמושת זהה (7 כדורים), אין שימוש, מטרה זהה (""הגנה עצמית""), סטטוס נשק זהה. הבדל בתקופה של החזקה או בזמני נשיאה אינו מהותי בעניין ענישה. תכנון בתקיף 1 אינו מוסבר בפירוט, ולכן לא מוסבר כמחמיר מהותי.

5. **ישימות כתקדים** — שני התיקים זהים בפרמטרים המשפטיים המרכזיים: עבירה, נשק, תחמושת, מטרה, חוסר שימוש. בית משפט יראה בהם תקדים רלוונטי — במיוחד כי שניהם כוללים גם 144(ב), מה שמאפשר השוואה ישירה.

SIMILARITY_SCORE: 90","ok",""
"SH-17-10-10556-234","ME-09-06-10774-130","2","0","1","{""קוטר הקליעים"": ""8 מ\\""מ"", ""מיקום החזקת הנשק"": ""בחצר הסמוכה לבית, מתחת למזרון בערימת זבל"", ""מרחק החזקת הנשק מהבית"": ""100 מטרים"", ""בעלות הנשק"": ""בבעלות אחר"", ""מספר עבירה"": ""144 א"", ""סוג עבירה"": ""החזקה נשק"", ""סוג הנשק [אקדח]"": 1.0, ""סטטוס הנשק"": ""נשק עם מחסנית בהכנס"", ""תכנון"": ""לא"", ""אופן החזקת הנשק"": ""מוסלק - מוסתר"", ""כמות תחמושת"": ""מחסנית ובה 10 כדורים, מחסנית ריקה ובה 0 כדורים"", ""שימוש"": ""לא""}","{""סוג אקדח"": ""ברטה"", ""מיקום האירוע"": ""כפר מושרייפה"", ""נסיעה ברכב"": ""כן"", ""מספר עבירה"": ""144 א, 144 ב"", ""סוג עבירה"": ""החזקה נשק, נשיאת נשק"", ""סוג הנשק [אקדח]"": 1.0, ""סטטוס הנשק"": ""תקין"", ""תכנון"": ""לא"", ""אופן החזקת הנשק"": ""ברכב"", ""שימוש"": ""לא"", ""כמות תחמושת"": ""ללא""}","45.0","1. **סוג העבירה וחומרתה**:  
תיק 1 עוסק בהחזקה בלבד (144א), בעוד תיק 2 כולל גם נשיאה (144ב) — עבירה חמורה יותר. זה פער מהותי, שכן 144ב מתייחסת להובלה/נשיאה במרחב ציבורי, מה שמעיד על מעורבות פעילה וסיכון גבוה יותר.  
**ציון: 40**

2. **תפקיד הנאשם ומעורבותו**:  
בשני התיקים אין עדות ליצירת קשר עם יזם או סוחר — הנשק לא בבעלותו, ולא היה שימוש בו. מעורבות פסיבית בשתיהן, אך בתיק 2 יש נסיעה ברכב עם הנשק — מעורבות פעילה יותר.  
**ציון: 60**

3. **שיטת הביצוע (MO)**:  
בתיק 1 הנשק מוסתר בחצר, בתיק 2 נישא ברכב — דפוסי אחסון שונים. אין סימן לתכנון בשתיהן, אך אופן החזקה (מוסתר מול נישא) שונה מהותית.  
**ציון: 50**

4. **נסיבות הליבה**:  
בשתיהן אין שימוש בנשק, אך בתיק 1 יש תחמושת (10 כדורים), ובתיק 2 אין מידע על תחמושת. בתיק 1 הנשק מוסתר סמוך לבית, בתיק 2 נישא ברכב — נסיבות שונות.  
**ציון: 55**

5. **ישימות כתקדים**:  
בשיפוט יש הבחנה חדה בין 144א ל-144ב. תיק 1 (החזקה בלבד) לא יתאים כתקדים לתיק 2 (כולל נשיאה), שכן הנשיאה מוסיפה ממד של סיכון ציבורי ומעורבות פעילה.  
**ציון: 30**

SIMILARITY_SCORE: 45","ok",""
"sh-10-05-7434-952","ME-21-10-18557-340","1","0","0","{""שנת לידה"": 1961, ""מיקום האירוע"": ""רחוב אורלנסקי 11, פתח תקווה"", ""תאריך האירוע"": ""14.4.10"", ""מודלי הנשק"": [""ברטה חצי אוטומטי"", ""לאמה חצי אוטומטי""], ""מספר עבירה"": ""144 א"", ""סוג עבירה"": ""החזקה נשק"", ""סוג הנשק [אקדח]"": 1.0, ""סטטוס הנשק"": ""נשק מפורק"", ""תכנון"": ""לא"", ""אופן החזקת הנשק"": ""בבית, מוסלק - מוסתר"", ""מטרה-סיבת העבירה"": ""אספנות"", ""שימוש"": ""לא"", ""כמות תחמושת"": ""ללא""}","{""סוג הרכב"": ""מאזדה בצבע כחול"", ""מיקום האירוע"": ""כפר אבו סנאן"", ""זמן האירוע"": ""16.9.2021, סמוך לשעה 19:00"", ""מעורבים נוספים"": ""ג'יהאד סואעד, מוחמד פעאור"", ""סוג המאזדה"": ""מאזדה לבנה"", ""מיקום ישיבת הנאשם ברכב"": ""מושב הנוסע"", ""מיקום ישיבת ג'יהאד ברכב"": ""מושב הנהג"", ""מיקום ישיבת א' במאזדה"": ""מושב הנוסע ליד הנהג"", ""מיקום ישיבת מוחמד פעאור במאזדה"": ""מושב הנהג"", ""כיוון ירי הנאשם"": ""כלפי מעלה"", ""מטרת ירי הנאשם"": ""הפחדה או הקנטה של א'"", ""סכסוך קיים"": ""בין הנאשם לא'"", ""מספר עבירה"": ""144 א, 144 ב"", ""סוג עבירה"": ""החזקה נשק, נשיאת נשק, הובלת נשק"", ""עבירות נוספות"": ""הנאשם הורשע בנוסף לעבירות נשק (סעיף 144(א) ו-144(ב) לחוק העונשין) גם בעבירה של ירי מנשק חם לפי סעיף 340א(ב)(1) ו-(2) לחוק העונשין, שהיא עבירה שאינה לפי סעיף 144 ולכן נחשבת לעבירה נוספת."", ""סוג הנשק [תת מקלע מאולתר]"": 1.0, ""סטטוס הנשק"": ""נשק עם כדור בקנה"", ""תכנון"": ""לא"", ""אופן החזקת הנשק"": ""בבית, ברכב"", ""כמות תחמושת"": ""מחסנית ולכל הפחות 2 כדורים"", ""מטרה-סיבת העבירה"": ""הפחדה/הקנטה"", ""שימוש"": ""לא""}","20.0","1. **סוג העבירה וחומרתה**: תיק 1 עוסק בהחזקה בלבד (144א), בעוד תיק 2 כולל גם נשיאה והובלה (144ב) וירי מנשק חם (סעיף 340א) — עבירה חמורה בהרבה. חומרת העבירה בתקיף 2 גבוהה משמעותית, ולא ניתן להשוות בין החזקה לירי עם נשק.

2. **תפקיד הנאשם ומעורבותו**: בתיק 1 — החזקה פסיבית בבית, ללא שימוש. בתיק 2 — מעורבות פעילה ברכב, ירי מכוון, עם מטרת הפחדה, ובמעורבות עם אחרים. מעורבות פסיבית מול מעורבות אגרסיבית — הבדל מהותי.

3. **שיטת הביצוע (MO)**: בתיק 1 — נשק מוסתר בבית, ללא תכנון או שימוש. בתיק 2 — נשק ברכב, עם תחמושת, ירי בפועל, בנסיבות של סכסוך. דפוס ביצוע שונה לחלוטין — מוסתר מול פומבי/פעילה.

4. **נסיבות הליבה**: בתיק 1 — אין תחמושת, אין שימוש, אין תכנון. בתיק 2 — יש תחמושת, יש ירי, יש סכסוך, יש מעורבות של אחרים. סדרי גודל שונים — עבירה מינימלית מול עבירה חמורה עם נזק פוטנציאלי.

5. **ישימות כתקדים**: בית המשפט לא יראה בתיק 1 תקדים לתיק 2 — הבדלים מהותיים במעורבות, בדפוס, בחומרה, ובעבירות. עבירה של 144א לבדה לא רלוונטית לעבירה של 144ב + ירי.

SIMILARITY_SCORE: 20","ok",""
"SH-10-02-25802-731","ME-13-04-35007-454","1","0","0","{""מיקום האירוע"": ""כפר מגדל שמס"", ""תאריך האירוע"": ""16/07/09"", ""שעת האירוע"": ""11:00"", ""פוטנציאל לפגיעה באדם"": ""כן"", ""מספר עבירה"": ""144 א"", ""סוג עבירה"": ""החזקה נשק"", ""סוג הנשק [רובה צייד]"": 1.0, ""סוג הנשק - אם לא נמצא בטבלה"": ""אבזר ותחמושת של כלי נשק"", ""סטטוס הנשק"": ""תקול"", ""תכנון"": ""לא"", ""אופן החזקת הנשק"": ""בבית"", ""שימוש"": ""לא"", ""כמות תחמושת"": ""ללא""}","{""תאריך האירוע"": ""6/4/13"", ""שעת האירוע"": ""16:30"", ""מיקום האירוע"": ""מרכז הכפר דבוריה"", ""הקשר לאירועים אחרים"": ""סכסוך בכפר דבוריה"", ""מעורבות אחרים"": ""נוכחות אחרים מהסכסוך בקרבת מקום"", ""תגובת הנאשם לאחר האירוע"": ""נמלט מהמקום"", ""מספר עבירה"": ""144 א, 144 ב"", ""סוג עבירה"": ""החזקה נשק, נשיאת נשק"", ""סוג הנשק [אקדח]"": 1.0, ""סטטוס הנשק"": ""נשק עם כדור בקנה"", ""תכנון"": ""כן"", ""אופן החזקת הנשק"": ""על גופו"", ""מטרה-סיבת העבירה"": ""הפחדה"", ""שימוש"": ""לא"", ""כמות תחמושת"": ""ללא""}","25.0","1. **סוג העבירה וחומרתה**:  
תיק 1 עוסק בהחזקה בלבד (144א), בעוד תיק 2 כולל גם נשיאה (144ב) — עבירה חמורה יותר. הבדל מהותי בחומרה ובתוקף הפלילי, שכן 144ב מתייחס לנשיאה/הובלה, מה שמעיד על מעורבות פעילה וסיכון גבוה יותר.

2. **תפקיד הנאשם ומעורבותו**:  
בתיק 1 — החזקה פסיבית בבית, ללא תכנון או שימוש. בתיק 2 — נשק על גופו, תוך תכנון, בהקשר של סכסוך, ונמלט מהמקום — מעורבות פעילה, מכוונת ומסוכנת יותר.

3. **שיטת הביצוע (MO)**:  
בדמיון מינימלי: תיק 1 — נשק תקול בבית, ללא תכנון; תיק 2 — נשק מוכן לשימוש (מחסנית בהכנס), על גופו, בהקשר של סכסוך. דפוסי ביצוע שונים — אחד פסיבי, השני אגרסיבי-מוכן.

4. **נסיבות הליבה**:  
בשני התיקים אין שימוש בנשק, אך בתיק 2 יש תכנון, סכסוך, נסיעה עם נשק, ובריחה — נסיבות מחמירות. כמות וסוג הנשק שונים (רובה צייד תקול מול אקדח מוכן לשימוש), ועוצמת הסיכון שונה.

5. **ישימות כתקדים**:  
בית המשפט לא יראה בתיק 1 תקדים רלוונטי לתיק 2 — הבדלים מהותיים בעבירה (144א vs 144א+ב), בהקשר, בתכנון, ובמצב הנשק. ענישה בתיק 2 תשתמע מהעבירה החמורה יותר, וההשוואה לא תישען על תיק 1.

SIMILARITY_SCORE: 25","ok",""
"ME-16-10-12213-904","ME-15-02-9111-399","1","0","0","{""סוג הרכב"": ""סובארו"", ""בעלות על הרכב"": ""רשום על שם אחיו, מג'ד"", ""מיקום החזקת הנשק"": ""מתחת לכיסא הנוסע שליד הנהג"", ""מיקום המחסנית"": ""מתחת לכיסא הנוסע שליד הנהג"", ""מיקום הכדור"": ""במכנסי הנאשם"", ""סוג התחמושת"": ""כדור 9 מ\\""מ"", ""מיקום החזקת הנשק בעת המעצר"": ""במוסך"", ""מיקום המחסנית בעת המעצר"": ""במוסך"", ""מיקום הכדור בעת המעצר"": ""במכנסי הנאשם"", ""מספר עבירה"": ""144 ב"", ""סוג עבירה"": ""נשיאת נשק"", ""סוג הנשק [תת מקלע מאולתר]"": 1.0, ""סטטוס הנשק"": ""נשק מופרד מתחמושת"", ""תכנון"": ""כן"", ""אופן החזקת הנשק"": ""ברכב, מוסלק - מוסתר"", ""כמות תחמושת"": ""מחסנית ריקה ובה 0 כדורים, 1 כדור"", ""שימוש"": ""לא""}","{""מיקום האירוע"": ""כפר בענה"", ""זמן האירוע"": ""25.1.15, סמוך לשעה 15:00"", ""סיבת המעצר"": ""מנוסה משוטרים"", ""סוג האקדח"": ""FN"", ""מספר האקדח"": ""74423"", ""קליבר"": ""9 מ\\""מ"", ""מספר עבירה"": ""144 א, 144 ב"", ""סוג עבירה"": ""החזקה נשק, נשיאת נשק"", ""סוג הנשק [אקדח]"": 1.0, ""סטטוס הנשק"": ""נשק מופרד מתחמושת"", ""תכנון"": ""לא"", ""אופן החזקת הנשק"": ""על גופו"", ""כמות תחמושת"": ""מחסנית ובה 13 כדורים"", ""שימוש"": ""לא""}","25.0","1. **סוג העבירה וחומרתה**:  
תיק 1 עוסק בנשיאה של נשק (144ב) בלבד, בעוד תיק 2 כולל גם החזקה (144א) ונשיאה (144ב) — מה שמעיד על מעורבות רחבה יותר. בנוסף, הנשק בתיק 2 הוא אקדח רגיל (FN), בעוד בתיק 1 מדובר בתת-מקלע מאולתר — עבירה חמורה יותר לפי עקרונות הענישה. דמיון חלקי, אך לא מהותי.

2. **תפקיד הנאשם ומעורבותו**:  
בתיק 1 הנשק מוסתר ברכב, והנאשם לא נושא אותו על גופו — מעורבות פסיבית יותר (אף שהתקנון מתייחס לנשיאה). בתיק 2 הנשק נמצא ""על גופו"" — מעורבות ישירה ופעילה. ההבדל במעורבות פיזית ובהקשר של ""נשיאה"" מפחית את הדמיון.

3. **שיטת הביצוע (MO)**:  
בתיק 1 יש תכנון, נשק מוסתר ברכב סמוך לבית; בתיק 2 אין תכנון, נשק על גופו, בנסיבות של סכסוך. דפוסי ביצוע שונים — אחד מתוכנן ומוסתר, השני ספונטני ופיזי. אין דמיון ב-MO.

4. **נסיבות הליבה**:  
כמות התחמושת בתיק 2 (13 כדורים) גדולה משמעותית מהתיק 1 (1 כדור + מחסנית ריקה). גם הסיבה — סכסוך מול תכנון — שונה. אין דמיון בנסיבות המפחיתות או מחמירות.

5. **ישימות כתקדים**:  
בהתחשב בהבדלים בסוג העבירה (מאולתר מול אקדח), במעורבות (נשיאה מוסתרת מול נשיאה על גופו), בתקנון (144ב בלבד מול 144א+ב), ובנסיבות — בית המשפט לא יראה את התיקים כרלוונטיים זה לזה. אין בסיס לתקדים ענייני.

SIMILARITY_SCORE: 25","ok",""
"ME-16-05-25902-514","SH-11-01-41775-497","3","1","1","{""מקום רכישת הנשק"": ""קלנסוואה"", ""מקום החזקת הנשק"": ""מקלט בבית"", ""תאריך גניבת הנשק"": ""31.12.13"", ""מספר סידורי של הנשק"": ""682663"", ""סוג הנשק"": ""ברטה"", ""תאריך תחילת החזקת הנשק"": ""פברואר 2016"", ""תאריך נשיאת הנשק"": ""8.5.16"", ""שעת נשיאת הנשק"": ""06:00"", ""מספר עבירה"": ""144 א, 144 ב"", ""סוג עבירה"": ""החזקה נשק, נשיאת נשק"", ""סוג הנשק [אקדח]"": 1.0, ""סטטוס הנשק"": ""נשק עם מחסנית בהכנס"", ""תכנון"": ""לא"", ""אופן החזקת הנשק"": ""בבית, על גופו"", ""אופן קבלת הנשק"": ""רכש"", ""כמות תחמושת"": ""מחסנית ובה 7 כדורים"", ""מטרה-סיבת העבירה"": ""הגנה עצמית"", ""שימוש"": ""לא""}","{""משך זמן ההחזקה"": ""כשנה וחצי"", ""תאריך תחילת ההחזקה"": ""1.6.08"", ""מספר עבירה"": ""144 א, 144 ב"", ""סוג עבירה"": ""החזקה נשק"", ""סוג הנשק [אקדח]"": 1.0, ""סטטוס הנשק"": ""נשק מופרד מתחמושת"", ""תכנון"": ""לא"", ""אופן החזקת הנשק"": ""בבית, ברכב"", ""כמות תחמושת"": ""מחסנית, 34 כדורים"", ""שימוש"": ""לא""}","85.0","1. **סוג העבירה וחומרתה**:  
שני התיקים כוללים עבירות לפי סעיף 144(א) ו-144(ב) — החזקה ונשיאה של נשק — ולכן זהים בחומרה ובסוג. אין הבדל מהותי בתקנות הפליליות.

2. **תפקיד הנאשם ומעורבותו**:  
בשני המקרים הנאשם הוא החזיק ונשא את הנשק — מעורבות פעילה, לא שליח או מחזיק פסיבי. אין הבדל במעורבות.

3. **שיטת הביצוע (MO)**:  
בדומה — נשק אקדח, מחסנית עם כדורים, החזקה בבית, ללא תכנון, ללא שימוש. ההבדל ב-“ברכב” מול “על גופו” הוא שולי, לא מהותי.

4. **נסיבות הליבה**:  
ההבדל בكمות התחמושת (7 מול 34 כדורים) הוא משמעותי, אך לא מהותי לתקדים — כי גם 7 כדורים הם כמות מסוכנת. סטטוס הנשק (עם מחסנית/מופרד) לא משנה את העבירה. מטרת ""הגנה עצמית"" בתיק 1 לא קיימת בתיק 2 — אך זו נסיבה מקלה, לא מהותית להגדרת העבירה.

5. **ישימות כתקדים**:  
בית המשפט יראה את שני התיקים כרלוונטיים — אותו סוג עבירה, אותו סעיף, דפוס דומה של החזקה ונשיאה, ללא שימוש או תכנון. ההבדלים הם שוליים ומעריכים את העונש, לא את התוקף כתקדים.

SIMILARITY_SCORE: 85","ok",""
"ME-18-05-32659-754","ME-16-08-54879-35","3","1","1","{""מיקום האירוע"": ""ירכא"", ""זמן האירוע"": ""05.05.2018 בשעה 00:25"", ""פרטי הנשק [תת מקלע]"": ""פאראבלום 9 מילימטר"", ""פרטי הנשק [רימוני גז]"": ""שני רימוני גז מדמיע"", ""פרטי הנשק [מחסנית]"": ""מחסנית ריקה לתת מקלע מסוג עוזי"", ""פרטי הנשק [כדורים לאקדח]"": ""9 כדורים לאקדח 9 מילימטר פאראבלום"", ""פרטי הנשק [כדורים בערכה]"": ""10 כדורים בקוטר 5.56 מילימטר"", ""פרטי הנשק [ערכה לניקוי]"": ""ערכה לניקוי של נשק"", ""פעילות משטרתית"": ""הקמת מחסומים באזור ירכא"", ""התנהגות הנאשם בעת המעצר"": ""סירוב לצאת מהרכב, דחיפת שוטרים, ניסיון להשתחרר מאחיזתם"", ""מספר עבירה"": ""144 ב"", ""סוג עבירה"": ""נשיאת נשק, הובלת נשק"", ""עבירות נוספות"": ""הנאשם הורשע בנוסף לעבירות נשק (סעיף 144) גם בעבירה של הפרעה לשוטר במילוי תפקידו לפי סעיף 275 לחוק העונשין."", ""סוג הנשק [תת מקלע מאולתר]"": 1.0, ""סוג הנשק [רימון הלם/גז]"": 1.0, ""סטטוס הנשק"": ""נשק מופרד מתחמושת"", ""תכנון"": ""לא"", ""אופן החזקת הנשק"": ""ברכב"", ""כמות תחמושת"": ""מחסנית ריקה ובה 0 כדורים, 9 כדורים, 10 כדורים"", ""שימוש"": ""לא""}","{""כתובת האירוע"": ""רחוב ברזילי 12, חיפה"", ""תאריך האירוע"": ""17.8.16"", ""שעת האירוע"": ""סמוך לשעה 11:00"", ""מקום מגורי הנאשם"": ""רחוב ברזילי 12, חיפה"", ""קוטר הנשק"": ""9 מ\\""מ"", ""כוח הכדור"": ""בכוחו להמית אדם"", ""מספר עבירה"": ""144 ב"", ""סוג עבירה"": ""נשיאת נשק, הובלת נשק"", ""סוג הנשק [תת מקלע מאולתר]"": 1.0, ""סטטוס הנשק"": ""נשק מופרד מתחמושת"", ""תכנון"": ""לא"", ""כמות תחמושת"": ""מחסנית ובה 7 כדורים"", ""שימוש"": ""לא"", ""אופן החזקת הנשק"": ""על גופו""}","75.0","1. **סוג העבירה וחומרתה** — שני התיקים עוסקים בעבירה 144(ב) — נשיאה/הובלת נשק, ולא רק החזקה (144א), מה שהופך אותם למקבילים מהותית. חומרת העבירה זהה, אף שבחיפה היה נשק עם כוח להמית, ובירכא היה תת-מקלע מאולתר — אך שניהם מוגדרים כנשק מסוכן לפי החוק.

2. **תפקיד הנאשם ומעורבותו** — בירכא: הנאשם התנהג באלימות מול שוטרים, ניסה להשתחרר — מעורבות פעילה ומעורבות במעצר. בחיפה: אין מידע על התנהגות, אך הנשק היה ""סמוך לבית"" — אולי מעורבות פסיבית יותר. עם זאת, אין סימן ל""שליח"" או ""מחזיק"" — שניהם נראים כמי שמשתמש או אחראי ישירות לנשק.

3. **שיטת הביצוע (MO)** — בירכא: נשק ברכב, נעצר במחסום, התנהגות התנגדותית. בחיפה: נשק סמוך לבית, לא נעצר במחסום, לא התנגד. דפוס שונה — אך לא בהכרח מהותי, שכן הבדל זה נובע מהנסיבות של המעצר, לא מהעבירה עצמה.

4. **נסיבות הליבה** — בירכא: כמות תחמושת גדולה יותר (19 כדורים + מחסנית ריקה), רימוני גז, ערכת ניקוי — נשק מוכן לשימוש. בחיפה: מחסנית עם 7 כדורים — פחות מוכן. עם זאת, שניהם ""נשא/הוביל"" נשק מופרד מתחמושת, ללא שימוש. אין תכנון בשתיהן. הבדל בكمות, אך לא בהכרח מהותי בעיניו של בית המשפט.

5. **ישימות כתקדים** — שני התיקים הם 144(ב), נשק מאולתר, ללא תכנון, ללא שימוש. ההבדלים בפרטים (מקום, התנהגות, כמות תחמושת) הם שוליים. בית משפט יראה בהם תיקים דומים מספיק לצורכי ענישה — במיוחד בהקשר של עבירות נשק מאולתר.

SIMILARITY_SCORE: 75","ok",""
"ME-17-05-35227-215","ME-15-02-9111-399","1","0","0","{""תאריך העבירה"": ""7 במאי 2017"", ""זמן העבירה"": ""צהריים"", ""סוג הרכב"": ""אופנוע"", ""דגם הרכב"": ""קואנג יאנג טיו"", ""מיקום הנשק ברכב"": ""תא מטען"", ""מספר עבירה"": ""144 ב"", ""סוג עבירה"": ""נשיאת נשק, הובלת נשק"", ""סוג הנשק [תת מקלע מאולתר]"": 1.0, ""סטטוס הנשק"": ""נשק עם מחסנית בהכנס"", ""תכנון"": ""כן"", ""אופן החזקת הנשק"": ""ברכב"", ""שימוש"": ""לא"", ""כמות תחמושת"": ""ללא""}","{""מיקום האירוע"": ""כפר בענה"", ""זמן האירוע"": ""25.1.15, סמוך לשעה 15:00"", ""סיבת המעצר"": ""מנוסה משוטרים"", ""סוג האקדח"": ""FN"", ""מספר האקדח"": ""74423"", ""קליבר"": ""9 מ\\""מ"", ""מספר עבירה"": ""144 א, 144 ב"", ""סוג עבירה"": ""החזקה נשק, נשיאת נשק"", ""סוג הנשק [אקדח]"": 1.0, ""סטטוס הנשק"": ""נשק מופרד מתחמושת"", ""תכנון"": ""לא"", ""אופן החזקת הנשק"": ""על גופו"", ""כמות תחמושת"": ""מחסנית ובה 13 כדורים"", ""שימוש"": ""לא""}","35.0","1. **סוג העבירה וחומרתה**:  
תיק 1 עוסק בנשיאה/הובלה של תת-מקלע מאולתר (144(ב)), בעוד תיק 2 כולל גם החזקה (144(א)) וגם נשיאה (144(ב)) של אקדח. ההבדל בסוג הנשק (תת-מקלע מאולתר מול אקדח) ובהקשר של החזקה versus נשיאה/הובלה מפחית דמיון מהותי, למרות ששתיהן עבירות נשק.

2. **תפקיד הנאשם ומעורבותו**:  
בתיק 1, הנשיאה נעשתה ברכב (מעורבות פעילה, תכנון), ובתיק 2 — הנשק היה על גופו, ללא תכנון, בעקבות מעצר נגרם מסיבה של סכסוך. מעורבותו של הנאשם בתיק 2 נראית פחות מכוונת ופחות מוכנה, מה שמפחית דמיון.

3. **שיטת הביצוע (MO)**:  
בתיק 1 — נשק בתא מטען באופנוע, עם תכנון; בתיק 2 — נשק על גופו, ללא תכנון, בעקבות נסיגה משוטרים. דפוסי הביצוע שונים: תכנון מול רגש/תגובה, נשק מאולתר מול נשק סטנדרטי, נשק ברכב מול נשק על הגוף.

4. **נסיבות הליבה**:  
בתיק 1 — נשק עם מחסנית בהכנס, תכנון, ללא שימוש; בתיק 2 — נשק מופרד מתחמושת, עם מחסנית של 13 כדורים, ללא תכנון, נסיבות של סכסוך. הבדלים משמעותיים בדרישת תכנון, סדר גודל של תחמושת, ונסיבות ענייניות (סכסוך מול תכנון).

5. **ישימות כתקדים**:  
ההבדלים במעורבות, תכנון, סוג הנשק, ועקרונות עבירה (144(א) vs 144(ב)) מפחיתים מאוד את הסיכוי שבית המשפט יראה בתיק 2 כתקדים רלוונטי לתיק 1. גם אם שניהם נשק, ההבדלים מהותיים.

SIMILARITY_SCORE: 35","ok",""
"ME-16-04-12480-812","ME-12-03-15148-775","1","0","0","{""מיקום האירועים"": ""טירת הכרמל, בית המתלונן, אתר בניה"", ""סוג הרכב"": ""רכב פרטי"", ""סוג הנשק באירוע הראשון"": ""נשק חם"", ""כמות הקליעים באירוע השני"": ""12 קליעים"", ""מיקום התחמושת באירוע השלישי"": ""בזחל של כלי עבודה, מתחת לתקרה אקוסטית"", ""סכום החוב"": ""300 שקלים"", ""זמן המעשה מהוויכוח"": ""פחות משעה וחצי"", ""זמן המעשה מהאירוע הקודם"": ""יומיים, יום אחד"", ""מספר עבירה"": ""144 א, 144 ב"", ""סוג עבירה"": ""החזקה נשק, נשיאת נשק, הובלת נשק"", ""עבירות נוספות"": ""הנאשם הורשע בנוסף לעבירות נשק (סעיף 144) גם בעבירות של ניסיון חבלה חמורה בנסיבות מחמירות (סעיפים 25 + 335 + 333 לחוק העונשין) ואיומים (סעיף 192 לחוק העונשין)."", ""סוג הנשק [תת מקלע מאולתר]"": 1.0, ""סוג הנשק - אם לא נמצא בטבלה"": ""נשק"", ""סטטוס הנשק"": ""נשק עם כדור בקנה"", ""תכנון"": ""כן"", ""אופן החזקת הנשק"": ""ברכב, על גופו, מוסלק - מוסתר"", ""כמות תחמושת"": ""17 כדורים"", ""שימוש"": ""לא""}","{""סוג הרכב"": ""הונדה סיוויק"", ""פרטי הנשק הנוסף"": ""אקדח דמה עם משתיק קול"", ""פריטים נוספים ברכב"": ""זוגות של כפפות בד, לוחיות זיהוי מקוריות"", ""תאריך העבירה"": ""2.3.2012"", ""משך זמן החזקת הנשק"": ""לילה אחד"", ""מספר עבירה"": ""144 א"", ""סוג עבירה"": ""החזקה נשק"", ""עבירות נוספות"": ""הנאשם הורשע בנוסף לעבירת החזקת נשק שלא כדין (סעיף 144(א)), גם בעבירה של שינוי זהות של כלי רכב לפי סעיף 413ט' לחוק העונשין. זו עבירה שאינה עבירת נשק."", ""סוג הנשק [אקדח]"": 1.0, ""סטטוס הנשק"": ""נשק מופרד מתחמושת"", ""תכנון"": ""לא"", ""אופן החזקת הנשק"": ""ברכב"", ""כמות תחמושת"": ""מחסנית ובה 11 כדורים"", ""שימוש"": ""לא""}","25.0","1. **סוג העבירה וחומרתה**: תיק 1 כולל עבירות נשק חמור (144א+ב) עם שימוש בנשק, תכנון, ועבירות נוספות חמורות (חבלה, איומים). תיק 2 מוגבל להחזקה בלבד (144א) ללא שימוש, ללא תכנון, ועם נשק מופרד מתחמושת — חומרה נמוכה בהרבה.  
2. **תפקיד הנאשם ומעורבותו**: בתיק 1 הנאשם מעורב באופן פעיל, תכנן, השתמש בנשק, ומעורב בעבירות נוספות — מעורבות מרכזית. בתיק 2 — החזקה פסיבית ללילה אחד, ללא תכנון או שימוש — מעורבות מינימלית.  
3. **שיטת הביצוע (MO)**: בתיק 1 — נשק מוסתר, עם תכנון, עם תחמושת, עם שימוש. בתיק 2 — נשק מופרד, ללא תכנון, ללא שימוש, עם פריטים נוספים (כפפות, לוחיות) שמעידים על ניסיון להסתיר זהות — דפוס שונה.  
4. **נסיבות הליבה**: בתיק 1 — 17 כדורים, נשק עם כדור בקנה, שימוש בירי, סכסוך כמטרה. בתיק 2 — 11 כדורים, נשק מופרד, ללא שימוש, חוסר תכנון — סדר גודל ונסיבות שונות.  
5. **ישימות כתקדים**: בית המשפט לא יראה בתיק 2 תקדים לתיק 1 — הבדלים מהותיים במעורבות, חומרה, שימוש, תכנון, וסוג העבירה (144א בלבד מול 144א+ב עם שימוש).  

SIMILARITY_SCORE: 25","ok",""
"ME-16-02-59812-881","ME-16-03-54615-517","1","0","0","{""מקום עבודה"": ""בית ספר יסודי"", ""תפקיד בעבודה"": ""מאבטחת"", ""סוג האקדח"": ""תארוס 9 מ\\""מ"", ""תקופת העבירות"": ""יולי 2015 - פברואר 2016"", ""סוגי סמים"": ""חשיש, הרואין"", ""כמות סם הרואין"": ""ארבע חבילות"", ""מחיר מכירת הנשק"": ""8,000 ₪"", ""סכום כסף במזומן"": ""8,000 ₪"", ""שם הקונה"": ""מחמוד צאלוק"", ""סיבת מכירת הנשק"": ""צורך בכסף לרכישת סמים"", ""תיאור האירוע המזויף"": ""שוד בו נגנב האקדח"", ""תגובת מעבידה לאירוע השוד"": ""פנייה מיידית למשטרה"", ""תאריך הדיווח על השוד"": ""18.2.16"", ""מספר עבירה"": ""144 ב"", ""סוג עבירה"": ""סחר בנשק"", ""עבירות נוספות"": ""הנאשם הואשם והורשע בנוסף לעבירת נשק (סחר בנשק לפי סעיף 144(ב2)), גם בעבירות מסירת ידיעה כוזבת על עבירת פשע (סעיף 243 לחוק העונשין) ושיבוש הליכי משפט (סעיף 244 לחוק העונשין). אלו אינן עבירות נשק."", ""סוג הנשק [אקדח]"": 1.0, ""סטטוס הנשק"": ""נשק מופרד מתחמושת"", ""תכנון"": ""לא"", ""אופן החזקת הנשק"": ""בבית"", ""כמות תחמושת"": ""2 מחסניות, 20 כדורים"", ""מטרה-סיבת העבירה"": ""בצע כסף"", ""שימוש"": ""לא""}","{""מיקום המפגשים"": ""סמוך לביתו של מחמד"", ""מספר תתי מקלע שהועברו"": 2, ""סכום התשלום"": ""3000 ₪"", ""תקלות בנשק"": ""שני תתי מקלע לא ירו"", ""משך הזמן להשגת הנשק"": ""שלושה ימים"", ""משך הזמן להחלפת הנשק"": ""כשבוע"", ""מספר עבירה"": ""144 ב"", ""סוג עבירה"": ""סחר בנשק"", ""סוג הנשק [תת מקלע]"": 1.0, ""סטטוס הנשק"": ""תקול"", ""תכנון"": ""כן"", ""מטרה-סיבת העבירה"": ""בצע כסף"", ""שימוש"": ""לא"", ""כמות תחמושת"": ""ללא""}","45.0","1. **סוג העבירה וחומרתה**:  
שני התיקים עוסקים בסחר בנשק לפי סעיף 144(ב) — עבירה חמורה, עם מטרה של רכישת כסף. חומרת העבירה זהה, אך בתיק 2 הנשק תקול ולא ירה, מה שעשוי להקל מעט — אך לא משנה את הסוג או את הדרישה להענישה כסחר.

2. **תפקיד הנאשם ומעורבותו**:  
בתיק 1 — מאבטחת שמכרה נשק שקיבלה בעבודתה, מעורבות פעילה ויזמית. בתיק 2 — לא מופיע תפקיד מקצועי, אך מעורבות יזמית (התכנון, העברת נשק). גם כאן מעורבות פעילה, אך אין קשר מקצועי לנשק.

3. **שיטת הביצוע (MO)**:  
בתיק 1 — נשק מופרד מתחמושת, נמכר במחירים גבוהים, עם שוד מזויף. בתיק 2 — נשק תקול, נמכר במחירים נמוכים, עם ניסיון ירי. דפוס שונה: אחד מזוייף ומעורב בפשע נוסף, השני פרקטי ותקול. אין דמיון בדפוס ביצוע.

4. **נסיבות הליבה**:  
כמות תחמושת — בתיק 1 יש תחמושת (20 כדורים), בתיק 2 — אין תחמושת או נשק לא ירה. תכנון — בתיק 2 יש תכנון, בתיק 1 אין. שימוש — בתיק 1 לא היה שימוש, בתיק 2 היה ניסיון ירי. סיבה — שתיהן ""בצע כסף"", אך הנסיבות השונות משפיעות על הערכת הסיכון והחומרה.

5. **ישימות כתקדים**:  
השאלה היא האם בית המשפט יראה בתקדים זה רלוונטי לתקדים אחר. למרות ששני התיקים הם 144(ב), הבדלים בדפוס ביצוע, תכנון, תקינות הנשק, ומעורבות נוספת (שוד מזויף בתיק 1) מפחיתים את הדמיון. תקדים בתיק 2 לא יתאים לתיק 1, כי הוא תקול ומעורב בנסיון ירי, בעוד תיק 1 הוא מזוייף ומעורב בפשע נוסף.

SIMILARITY_SCORE: 45","ok",""
"SH-23-03-19819-247","SH-16-11-7544-55","3","1","1","{""מיקום החיפוש"": ""בית הנאשם ברהט"", ""זמן החיפוש"": ""15.2.23 בסמוך לשעה 13:04"", ""מיקום הנשק בבית"": ""עטוף בשקית שחורה מעל ארון, שהיה מעל מקרר המטבח"", ""מספר עבירה"": ""144 א"", ""סוג עבירה"": ""החזקה נשק"", ""סוג הנשק - אם לא נמצא בטבלה"": ""רובה דמוי רובה סער W300326 מסוג M-16 – רובה אויר שהוסב לירי תחמושת בקליבר 5.56X45"", ""סטטוס הנשק"": ""נשק מופרד מתחמושת"", ""תכנון"": ""לא"", ""אופן החזקת הנשק"": ""בבית, מוסלק - מוסתר"", ""כמות תחמושת"": ""3 מחסניות ובהן כמה עשרות כדורים"", ""שימוש"": ""לא""}","{""מיקום האירוע"": ""מחלף להב-שומריה, כביש 6 לכוון צפון"", ""תאריך האירוע"": ""26.10.16"", ""שם השוטר"": ""מיכאל אדרי"", ""קוטר הקליעים"": ""9 מ\\""מ"", ""מספר עבירה"": ""144 א"", ""סוג עבירה"": ""החזקה נשק"", ""סוג הנשק [תת מקלע מאולתר]"": 1.0, ""סטטוס הנשק"": ""נשק מופרד מתחמושת"", ""תכנון"": ""לא"", ""אופן החזקת הנשק"": ""על גופו, מוסלק - מוסתר"", ""כמות תחמושת"": ""מחסנית ובה 10 כדורים"", ""שימוש"": ""לא""}","85.0","1. **סוג העבירה וחומרתה** — שני התיקים עוסקים בהחזקה של נשק מאולתר לפי סעיף 144(א), ללא שימוש או נסיעה עם הנשק. חומרת העבירה זהה — החזקה בלבד, ללא נסיעה או שימוש. דמיון גבוה.

2. **תפקיד הנאשם ומעורבותו** — בשני המקרים הנאשם הוא החוזק הנשק, ללא רמז ליזום או מעורבות בפעילות ארגונית. מעורבות פסיבית-אינדיבידואלית. דמיון גבוה.

3. **שיטת הביצוע (MO)** — הנשק מוסתר (בבית או על הגוף), מופרד מתחמושת, ללא תכנון. דפוס החזקה דומה — מוסתר, לא מוכן לשימוש מיידי. דמיון גבוה.

4. **נסיבות הליבה** — כמות התחמושת שונה (עשרות כדורים מול 10 כדורים), אך סדר הגודל דומה (מחסניות). אין שימוש, אין תכנון. נסיבות דומות — החזקה מוסתרת, ללא נסיעה או איום. דמיון גבוה.

5. **ישימות כתקדים** — שני התיקים הם 144(א) — החזקה בלבד, ללא נסיעה או שימוש. אין הבדל מהותי במעורבות או בדפוס. בית המשפט יראה בהם תקדים רלוונטי זה לזה לענישה. דמיון גבוה.

SIMILARITY_SCORE: 85","ok",""
"ME-15-12-39071-113","ME-16-10-12213-904","1","0","0","{""מותג הרכב"": ""מזדה 3"", ""מספר רישוי"": ""71-098-16"", ""מיקום האירוע"": ""כביש מספר 1, בסמוך למחלף הראל"", ""זמן האירוע"": ""22:30"", ""תאריך האירוע"": ""12.10.13"", ""מיקום הנשק ברכב"": ""מתחת לשטיח שמתחת למושב הסמוך לנהג"", ""סוג הנשק"": ""אקדח חצי אוטומטי מסוג סטאר"", ""מספר עבירה"": ""144 א"", ""סוג עבירה"": ""החזקה נשק"", ""סוג הנשק [אקדח]"": 1.0, ""סטטוס הנשק"": ""תקין"", ""תכנון"": ""לא"", ""אופן החזקת הנשק"": ""ברכב, מוסלק - מוסתר"", ""מטרה-סיבת העבירה"": ""הגנה עצמית"", ""שימוש"": ""לא"", ""כמות תחמושת"": ""ללא""}","{""סוג הרכב"": ""סובארו"", ""בעלות על הרכב"": ""רשום על שם אחיו, מג'ד"", ""מיקום החזקת הנשק"": ""מתחת לכיסא הנוסע שליד הנהג"", ""מיקום המחסנית"": ""מתחת לכיסא הנוסע שליד הנהג"", ""מיקום הכדור"": ""במכנסי הנאשם"", ""סוג התחמושת"": ""כדור 9 מ\\""מ"", ""מיקום החזקת הנשק בעת המעצר"": ""במוסך"", ""מיקום המחסנית בעת המעצר"": ""במוסך"", ""מיקום הכדור בעת המעצר"": ""במכנסי הנאשם"", ""מספר עבירה"": ""144 ב"", ""סוג עבירה"": ""נשיאת נשק"", ""סוג הנשק [תת מקלע מאולתר]"": 1.0, ""סטטוס הנשק"": ""נשק מופרד מתחמושת"", ""תכנון"": ""כן"", ""אופן החזקת הנשק"": ""ברכב, מוסלק - מוסתר"", ""כמות תחמושת"": ""מחסנית ריקה ובה 0 כדורים, 1 כדור"", ""שימוש"": ""לא""}","25.0","1. **סוג העבירה וחומרתה**: תיק 1 עוסק בהחזקה של נשק (144א), בעוד תיק 2 עוסק בנשיאה/הובלה של נשק (144ב) — עבירה חמורה יותר, עם רמת מעורבות פעילה. הבדל מהותי בתקיפה הפלילית, ולכן לא דומים בחומרה או בסוג.

2. **תפקיד הנאשם ומעורבותו**: בתיק 1 — החזקה פסיבית, ללא תכנון, מטרה של הגנה עצמית. בתיק 2 — נשק מאולתר, עם תכנון, נושא נשק ברכב סמוך לבית, עם תחמושת נפרדת — מעורבות פעילה ומעורבות מכוונת. הבדל מהותי במעורבות.

3. **שיטת הביצוע (MO)**: שניהם מוסתרים ברכב, אך בתיק 2 יש תכנון, נשק מאולתר, ותחמושת נפרדת — דפוס סיכון גבוה יותר. בתיק 1 — נשק תקין, ללא תכנון. דפוס שונה.

4. **נסיבות הליבה**: בתיק 2 — כמות תחמושת זעירה (כדור אחד), אך נשק מאולתר ותכנון — מחמירים. בתיק 1 — נשק תקין, ללא תכנון, מטרה של הגנה — מקלים. הבדל בנסיבות.

5. **ישימות כתקדים**: מאחר ו-144א ≠ 144ב, ובית המשפט לא ישתמש בתיק 1 כתקדים לתיק 2 — הבדל מהותי בתקיפה, במעורבות, ובתכנון. אין רלוונטיות עניינית.

SIMILARITY_SCORE: 25","ok",""
"ME-16-08-44157-713","ME-17-05-35227-215","2","0","1","{""מיקום העבירה"": ""לוד"", ""מספר עבירות נשק שנידונו"": 3, ""סוגי תחמושת"": ""טוטו, 100 כדורים"", ""מחירים מבוקשים לנשק"": ""10,500 ₪, 10,000 ₪"", ""סוגי נשק נוספים שהוצעו"": ""אקדח 14, אקדח 7, קאנס"", ""תכונות נוספות של הנשק"": ""משתיק קול, כוונת טלסקופית"", ""מספר שותפים בעסקת הנשק"": ""מספר"", ""מספר עבירה"": ""144 ב"", ""סוג עבירה"": ""סחר בנשק"", ""עבירות נוספות"": ""הנאשם הורשע בנוסף לעבירות נשק (סחר בנשק לפי סעיף 144(ב2)), גם בעבירה של קשירת קשר לביצוע פשע לפי סעיף 449(א)(1) לחוק העונשין, שהיא עבירה שאינה עבירת נשק."", ""סוג הנשק [רובה צלפים]"": 1.0, ""סוג הנשק - אם לא נמצא בטבלה"": ""קרל גוסטב מאולתר, מיני עוזי, אקדח 14, אקדח 7"", ""סטטוס הנשק"": ""נשק מופרד מתחמושת"", ""תכנון"": ""כן"", ""אופן החזקת הנשק"": ""בבית"", ""כמות תחמושת"": ""מחסנית"", ""מטרה-סיבת העבירה"": ""בצע כסף"", ""שימוש"": ""לא""}","{""תאריך העבירה"": ""7 במאי 2017"", ""זמן העבירה"": ""צהריים"", ""סוג הרכב"": ""אופנוע"", ""דגם הרכב"": ""קואנג יאנג טיו"", ""מיקום הנשק ברכב"": ""תא מטען"", ""מספר עבירה"": ""144 ב"", ""סוג עבירה"": ""נשיאת נשק, הובלת נשק"", ""סוג הנשק [תת מקלע מאולתר]"": 1.0, ""סטטוס הנשק"": ""נשק עם מחסנית בהכנס"", ""תכנון"": ""כן"", ""אופן החזקת הנשק"": ""ברכב"", ""שימוש"": ""לא"", ""כמות תחמושת"": ""ללא""}","45.0","1. **סוג העבירה וחומרתה**:  
שני התיקים עוסקים בעבירה לפי סעיף 144(ב) — נשיאה/הובלה של נשק, ולא רק החזקה (144א), מה שהופך אותם למחולקים מהותית מתקנים של החזקה בלבד. עם זאת, תיק 1 כולל גם עבירה של סחר בנשק וקשר לביצוע פשע — מה שמעיד על חומרה רבה יותר. דמיון מהותי קיים, אך לא מלא.

2. **תפקיד הנאשם ומעורבותו**:  
בתיק 1 — הנאשם מעורב בסחר, תכנון, וקשירת קשר — מעורבות פעילה ויזמיתית. בתיק 2 — מעורבות של הובלה/נשיאה, ללא רמז לסחר או תכנון קבוצתי. דמיון חלקי — שניהם מעורבים בפעולה, אך רמת היזמות וההשתתפות שונה.

3. **שיטת הביצוע (MO)**:  
בתיק 1 — נשק מופרד מתחמושת, מוחזק בבית, תכנון, סחר. בתיק 2 — נשק עם מחסנית בהכנס, מוחזק ברכב, בשעת הובלה. סגנון ביצוע שונה: אחד ארגוני/מסחרי, השני אופרטיבי/תעבורה. דמיון מינימלי.

4. **נסיבות הליבה**:  
כמות תחמושת בתיק 1 — ""מחסנית"" (הכוונה למחסנית של תת-מקלע, כלומר כמות משמעותית), בתיק 2 — לא מוזכרת כמות. תכנון קיים בשני התיקים, אך בתיק 1 יש גם מטרה כספית ועבירות נוספות. דמיון חלקי, אך הבדלים משמעותיים בקונטקסט.

5. **ישימות כתקדים**:  
בית המשפט יראה את התיקים כקרובים בהיבט של עבירה לפי 144(ב), אך לא ישתמש בתיק 2 כתקדים לתיק 1 — כי התיק 1 כולל סחר וקשר, מה שמעיד על חומרה רבה יותר. גם הבדלי MO ונסיבות מפחיתים את הרלוונטיות הדינמית. תקדים חלקי, אך לא מהותי.

SIMILARITY_SCORE: 45","ok",""
"ME-10-08-17917-313","ME-16-04-12480-812","1","0","0","{""קוטר תחמושת"": ""6.35 מ\\""מ"", ""מקום החזקת הנשק"": ""מחסן בית הנאשם"", ""תאריכים נוספים של החזקת הנשק"": ""23.7.10 עד 24.7.10"", ""פרטי נסיעה עם הנשק"": ""נסע לעתלית עם בני משפחתו"", ""כמות סם"": ""15.05 גרם"", ""סוג סם"": ""קנבוס"", ""מחיר תמורת סם"": ""150 ₪"", ""מקום תפיסת הסם"": ""בבית הנאשם"", ""תקופות נוספות של החזקת סם"": ""קדם למועד התפיסה"", ""מספר עבירה"": ""144 א"", ""סוג עבירה"": ""החזקה נשק"", ""עבירות נוספות"": ""הנאשם הורשע בנוסף לעבירות נשק גם בעבירה של החזקת סם מסוכן לצריכה עצמית."", ""סוג הנשק [אקדח]"": 1.0, ""סוג הנשק - אם לא נמצא בטבלה"": ""אקדח עט"", ""סטטוס הנשק"": ""נשק מופרד מתחמושת"", ""תכנון"": ""לא"", ""אופן החזקת הנשק"": ""בבית, מוסלק - מוסתר"", ""אופן קבלת הנשק"": ""מאחר"", ""כמות תחמושת"": ""3 כדורים"", ""מטרה-סיבת העבירה"": ""הגנה עצמית"", ""שימוש"": ""לא""}","{""מיקום האירועים"": ""טירת הכרמל, בית המתלונן, אתר בניה"", ""סוג הרכב"": ""רכב פרטי"", ""סוג הנשק באירוע הראשון"": ""נשק חם"", ""כמות הקליעים באירוע השני"": ""12 קליעים"", ""מיקום התחמושת באירוע השלישי"": ""בזחל של כלי עבודה, מתחת לתקרה אקוסטית"", ""סכום החוב"": ""300 שקלים"", ""זמן המעשה מהוויכוח"": ""פחות משעה וחצי"", ""זמן המעשה מהאירוע הקודם"": ""יומיים, יום אחד"", ""מספר עבירה"": ""144 א, 144 ב"", ""סוג עבירה"": ""החזקה נשק, נשיאת נשק, הובלת נשק"", ""עבירות נוספות"": ""הנאשם הורשע בנוסף לעבירות נשק (סעיף 144) גם בעבירות של ניסיון חבלה חמורה בנסיבות מחמירות (סעיפים 25 + 335 + 333 לחוק העונשין) ואיומים (סעיף 192 לחוק העונשין)."", ""סוג הנשק [תת מקלע מאולתר]"": 1.0, ""סוג הנשק - אם לא נמצא בטבלה"": ""נשק"", ""סטטוס הנשק"": ""נשק עם כדור בקנה"", ""תכנון"": ""כן"", ""אופן החזקת הנשק"": ""ברכב, על גופו, מוסלק - מוסתר"", ""כמות תחמושת"": ""17 כדורים"", ""שימוש"": ""לא""}","15.0","1. **סוג העבירה וחומרתה**: תיק 1 עוסק בחזקת נשק לפי 144(א) בלבד, ללא שימוש או תכנון, ובנוסף בהחזקת סם לצריכה עצמית — עבירה פחות חמורה. תיק 2 כולל עבירות נשק לפי 144(א) ו-(ב) (נשיאה/הובלה), עם שימוש ביריה, תכנון, ועבירות נוספות חמורות (חבלה, איומים) — חומרה מהותית גבוהה. אין דמיון בדרגת החומרה.

2. **תפקיד הנאשם ומעורבותו**: בתיק 1 — מחזיק פסיבי, ללא מעורבות בפעולה. בתיק 2 — מעורב פעיל, מוביל נשק, משתמש בו, מתכנן — מעורבות אגרסיבית ומעורבת בפוגענות. הבדל מהותי בתפקיד.

3. **שיטת הביצוע (MO)**: בתיק 1 — נשק מוסתר בבית, ללא תכנון, ללא שימוש. בתיק 2 — נשק נושא עם כדור בקנה, נישא ברכב ובעצם, מוסתר אך מוכן לשימוש, עם ירי בפועל. סגנון ביצוע שונה — פסיבי מול אגרסיבי/מעורב.

4. **נסיבות הליבה**: בתיק 1 — תחמושת מוגבלת (3 כדורים), נשק מופרד, מטרת הגנה עצמית, סם בצורת צריכה. בתיק 2 — תחמושת גדולה (17 כדורים), נשק מוכן לשימוש, מטרת סכסוך, ירי בפועל, עבירות מחמירות. הבדלים מהותיים בכמות, תכנון, שימוש, ונסיבות.

5. **ישימות כתקדים**: בית משפט לא יראה את תיק 1 כתקדים לתיק 2 — הבדלים במעורבות, חומרה, שימוש, ועבירות נוספות מונעים כל שימוש כתקדים ענייני. הבדל בין 144(א) ל-144(ב) + שימוש + תכנון + עבירות נוספות — מונע כל דמיון מהותי.

SIMILARITY_SCORE: 15","ok",""
"ME-20-07-29529-567","ME-16-08-54879-35","2","0","1","{""תאריך האירוע"": ""30.06.2020"", ""מיקום האירוע"": ""כביש 70 לכיוון צפון"", ""זמן האירוע"": ""שעת ערב"", ""זהות הנהג"": ""פאדי"", ""סוג הרכב"": ""רכב פרטי"", ""סיבת העצירה"": ""חשד להימצאות נשק"", ""מיקום העצירה"": ""סמוך למחלף סומך"", ""תוצאת העצירה"": ""פקק תנועה, עצירת הנאשם והנהג"", ""מספר עבירה"": ""144 ב"", ""סוג עבירה"": ""נשיאת נשק, הובלת נשק"", ""סוג הנשק [אקדח]"": 1.0, ""סטטוס הנשק"": ""נשק מופרד מתחמושת"", ""תכנון"": ""כן"", ""אופן החזקת הנשק"": ""ברכב, על גופו, מוסלק - מוסתר"", ""כמות תחמושת"": ""2 מחסניות"", ""שימוש"": ""לא""}","{""כתובת האירוע"": ""רחוב ברזילי 12, חיפה"", ""תאריך האירוע"": ""17.8.16"", ""שעת האירוע"": ""סמוך לשעה 11:00"", ""מקום מגורי הנאשם"": ""רחוב ברזילי 12, חיפה"", ""קוטר הנשק"": ""9 מ\\""מ"", ""כוח הכדור"": ""בכוחו להמית אדם"", ""מספר עבירה"": ""144 ב"", ""סוג עבירה"": ""נשיאת נשק, הובלת נשק"", ""סוג הנשק [תת מקלע מאולתר]"": 1.0, ""סטטוס הנשק"": ""נשק מופרד מתחמושת"", ""תכנון"": ""לא"", ""כמות תחמושת"": ""מחסנית ובה 7 כדורים"", ""שימוש"": ""לא"", ""אופן החזקת הנשק"": ""על גופו""}","45.0","1. **סוג העבירה וחומרתה** — שני התיקים עוסקים בעבירה 144(ב) — נשיאת/הובלת נשק — מה שמקנה להם דמיון מהותי ביחס לסוג העבירה. עם זאת, בתקין 1 הנשק אקדח תקין, ובתקין 2 — תת-מקלע מאולתר מופרד מתחמושת, מה שעשוי להצביע על חומרה שונה (אך לא בהכרח).

2. **תפקיד הנאשם ומעורבותו** — בתקין 1, הנאשם נעצר בזמן נהיגה, עם נשק מוסתר ברכב — מעורבות פעילה בהובלה. בתקין 2, הנשק נמצא ""סמוך לבית"", ללא הוכחה לפעילות ניידת — מעורבות פסיבית יותר. זה מפחית את הדמיון במעורבות.

3. **שיטת הביצוע (MO)** — בתקין 1 יש תכנון, נשק מוסתר, ובהקשר של תנועה — סימן לפעילות מבוקרת. בתקין 2 — אין תכנון, נשק מופרד מתחמושת, ומצוי בקרבת מקום מגורים — סימן למאגר או אחסון. דפוסי ביצוע שונים.

4. **נסיבות הליבה** — כמות תחמושת דומה (2 מחסניות מול מחסנית אחת עם 7 כדורים), אך בתקין 1 הנשק מוכן לשימוש, ובתקין 2 — מופרד. גם נושא ""שימוש"" זהה (לא), אך הבדל בסטטוס הנשק ובהקשר (רכב מול בית) מפחית דמיון.

5. **ישימות כתקדים** — למרות ששני התיקים הם 144(ב), ההבדלים בדפוס ביצוע, תכנון, ותפקוד הנשק (מאולתר מול תקין, מופרד מול מוכן) מפחיתים את הסיכוי שבית המשפט יראה בהם תקדים ענייני זה לזה. הם נמצאים בטווח דומה, אך לא זהים.

SIMILARITY_SCORE: 45","ok",""
"SH-09-05-9349-998","ME-20-07-29529-567","1","0","0","{""שנת לידה"": ""1979"", ""מקום האירוע"": ""ג'לג'וליה"", ""מיקום הנשק בבית"": ""במקפיא"", ""סוג האקדח"": ""CZ"", ""מספר סידורי של הנשק"": ""1066A"", ""סוג התחמושת"": ""9 מ\\""מ"", ""מיקום התחמושת בבית"": ""בתוך נעל בחדרו"", ""מספר עבירה"": ""144 א"", ""סוג עבירה"": ""החזקה נשק"", ""סוג הנשק [אקדח]"": 1.0, ""סטטוס הנשק"": ""נשק מופרד מתחמושת"", ""תכנון"": ""לא"", ""אופן החזקת הנשק"": ""בבית, מוסלק - מוסתר"", ""כמות תחמושת"": ""מחסנית ריקה ובה 0 כדורים, 26 כדורים"", ""שימוש"": ""לא""}","{""תאריך האירוע"": ""30.06.2020"", ""מיקום האירוע"": ""כביש 70 לכיוון צפון"", ""זמן האירוע"": ""שעת ערב"", ""זהות הנהג"": ""פאדי"", ""סוג הרכב"": ""רכב פרטי"", ""סיבת העצירה"": ""חשד להימצאות נשק"", ""מיקום העצירה"": ""סמוך למחלף סומך"", ""תוצאת העצירה"": ""פקק תנועה, עצירת הנאשם והנהג"", ""מספר עבירה"": ""144 ב"", ""סוג עבירה"": ""נשיאת נשק, הובלת נשק"", ""סוג הנשק [אקדח]"": 1.0, ""סטטוס הנשק"": ""נשק מופרד מתחמושת"", ""תכנון"": ""כן"", ""אופן החזקת הנשק"": ""ברכב, על גופו, מוסלק - מוסתר"", ""כמות תחמושת"": ""2 מחסניות"", ""שימוש"": ""לא""}","15.0","1. **סוג העבירה וחומרתה**: תיק 1 עוסק בהחזקה של נשק מופרד מתחמושת בבית (144א), בעוד תיק 2 עוסק בנשיאה והובלה של נשק תקין ברכב (144ב). מדובר בעבירות שונות מהותית — 144ב חמורה יותר ומעורבת בפעילות מובילה, בעוד 144א היא עבירה פסיבית. דמיון אפס בפרמטר זה.

2. **תפקיד הנאשם ומעורבותו**: בתיק 1, הנאשם מחזיק נשק בבית — מעורבות פסיבית, ללא תכנון. בתיק 2, הנאשם נושא נשק ברכב, בתכנון, תוך נסיעה — מעורבות פעילה ומעורבת בפעילות מובילה. אין דמיון במעורבות.

3. **שיטת הביצוע (MO)**: בתיק 1 — נשק מוסתר במקפיא, תחמושת בנעל; בתיק 2 — נשק על גופו ברכב, מוסתר. דפוס מוסתרות דומה, אך ההקשר (בית מול רכב/נסיעה) שונה מהותית. דמיון חלקי אך לא מהותי.

4. **נסיבות הליבה**: בתיק 1 — תחמושת מופרדת, מחסנית ריקה, אין שימוש. בתיק 2 — נשק תקין, 2 מחסניות, תכנון. הבדלים מהותיים בכמות, תכנון, וסיכון. אין דמיון בנסיבות הליבה.

5. **ישימות כתקדים**: בית המשפט לא יראה בתיק 1 תקדים לתיק 2 — עבירה של 144א לא רלוונטית לענישה של 144ב, שמעורבת בפעילות מובילה, תכנון, וסיכון גבוה יותר. אין יישום כתקדים.

SIMILARITY_SCORE: 15","ok",""
"ME-22-03-46930-359","ME-16-03-59260-279","1","0","0","{""תאריך לידה הנאשם"": ""2/8/82"", ""מחיר רכישת הנשק"": ""12000 ₪"", ""מיקום החזקת הנשק"": ""שטח פתוח מכפר מגוריו"", ""פרטי הפגישה"": ""נפגש עם עטאללה באוגוסט 16', קיבל את הנשק והמחסנית"", ""פרטי המסירה לחמאדה"": ""מסר את הנשק והמחסנית לחמאדה בתמורה לרכב יגואר"", ""מספר רישוי הרכב"": ""65-947-64"", ""סכום תשלום לעטאללה"": ""16000 ₪"", ""תאריך גילוי העבירות"": ""פברואר - מרץ 22'"", ""תאריך מעצר הנאשם"": ""2/3/22"", ""תאריך הגשת כתב האישום"": ""22/3/22"", ""מספר עבירה"": ""144 א, 144 ב"", ""סוג עבירה"": ""החזקה נשק, סחר בנשק"", ""סוג הנשק [אקדח]"": 1.0, ""סטטוס הנשק"": ""נשק מופרד מתחמושת"", ""תכנון"": ""כן"", ""אופן קבלת הנשק"": ""רכש"", ""כמות תחמושת"": ""מחסנית"", ""מטרה-סיבת העבירה"": ""בצע כסף"", ""שימוש"": ""לא""}","{""מיקום החזקת הנשק"": ""מחסן חנות דגים"", ""כתובת החנות"": ""רחוב נווה שאנן 37, תל-אביב"", ""סוג האקדח"": ""גלוק"", ""צבע האקדח"": ""שחור"", ""מספר רישום האקדח"": ""F.V.458"", ""סוג התחמושת"": ""כדורי קליבר 9 מ\\""מ"", ""מיקום הירי"": ""רחוב התחייה 19, תל אביב-יפו"", ""סוג הרכב"": ""מרצדס"", ""מיקום נוסף שהוזכר"": ""רחוב המנוע 2, תל אביב-יפו"", ""מספר עבירה"": ""144 א, 144 ב"", ""סוג עבירה"": ""החזקה נשק, נשיאת נשק"", ""סוג הנשק [אקדח]"": 1.0, ""סטטוס הנשק"": ""נשק עם מחסנית בהכנס"", ""תכנון"": ""כן"", ""אופן החזקת הנשק"": ""ברכב, על גופו, מוסלק - מוסתר"", ""כמות תחמושת"": ""מחסנית ובה 14 כדורים"", ""שימוש"": ""לא""}","45.0","1. **סוג העבירה וחומרתה**:  
שני התיקים כוללים עבירות לפי סעיפים 144(א) ו-144(ב) — החזקה ונשיאה/הובלה של נשק. חומרתם זהה, אך בתקיף 2 יש נשק עם תחמושת מוכנה (מחסנית בהכנס), בעוד בתקיף 1 הנשק היה מופרד — מה שמאפשר הבחנה בדרישות הוכחה, אך לא בהכרח בהערכה ענישתית.

2. **תפקיד הנאשם ומעורבותו**:  
בתקיף 1 הנאשם הוא סוחר — רכש, מסר, וקיבל תשלום — מעורבות פעילה ומרכזית. בתקיף 2, מעורבותו נראית כשליח/מחזיק — נושא נשק ברכב או על גופו, ככל הנראה מתוך סכסוך, לא מסחר. הבדל מהותי בתפקיד.

3. **שיטת הביצוע (MO)**:  
בתקיף 1 — עבירה מונעת, מסחרית, עם תכנון, עיסוק במכירה. בתקיף 2 — עבירה רגשית/סכסוכית, עם נשק מוכן לשימוש, מוסתר, אך ללא סחר. דפוסי ביצוע שונים — מסחר מול נשק למשתמש אישי.

4. **נסיבות הליבה**:  
בתקיף 1 — תכנון, סיבה כלכלית, תחמושת במחסנית (לא מוכנה). בתקיף 2 — תכנון, סיבה רגשית, תחמושת מוכנה (14 כדורים), נשק מוסתר. חומרה דומה, אך מטרות שונות וסיכון שונה.

5. **ישימות כתקדים**:  
הבדלים במעורבות, מטרה, ותפקוד הנשק (מסחר מול שימוש פוטנציאלי) מפחיתים את הרלוונטיות הדינמית. בית משפט לא יראה בתקיף 1 תקדים רלוונטי לתקיף 2, כי המוטיבציה והדפוס הם שונים מהותית — גם אם הסעיפים זהים.

SIMILARITY_SCORE: 45","ok",""
"ME-16-02-18397-87","ME-12-03-13401-281","1","0","0","{""מיקום האירוע"": ""כפר דבוריה"", ""סוג הרכב"": ""קטנוע"", ""פעולת המעצר"": ""פניית פרסה ורדיפה שוטרית"", ""התנהגות במהלך המעצר"": ""סירוב לפתוח את תא האופנוע"", ""מצב הנשק"": ""חסר חלק פנימי חיוני לפעולת ירי"", ""מספר עבירה"": ""144 ב"", ""סוג עבירה"": ""נשיאת נשק, הובלת נשק"", ""עבירות נוספות"": ""הנאשם הורשע בנוסף לעבירות נשק (סעיף 144(ב) לחוק העונשין) גם בעבירות תעבורה: נהיגה ללא רישיון נהיגה (סעיף 10(א) לפקודת התעבורה), נהיגה ללא ביטוח (סעיף 2(א)(ב) לפקודת ביטוח רכב מנועי), וללא רישיון רכב (סעיף 2 לפקודת התעבורה)."", ""סוג הנשק [אקדח]"": 1.0, ""סטטוס הנשק"": ""תקול"", ""תכנון"": ""לא"", ""אופן החזקת הנשק"": ""ברכב, על גופו, מוסלק - מוסתר"", ""כמות תחמושת"": ""כדורים"", ""שימוש"": ""לא""}","{""סוג האקדח"": ""CZ קליבר 9 מ\\""מ"", ""מקור הנשק"": ""נגנב"", ""תאריך גניבת הנשק"": ""3.2.12"", ""מיקום הגניבה"": ""ביישוב ציפורי"", ""מיקום הירי"": ""רחוב שיבת ציון בחיפה"", ""זמן הירי"": ""סמוך לשעה 00:38"", ""זמן המעצר"": ""סמוך לשעה 1:50"", ""מצב הנשק בעת המעצר"": ""טעון עם כדור בקנה ופטיש האקדח משוך לאחור"", ""מספר כדורים שנורו"": ""11"", ""מספר עבירה"": ""144 א, 144 ב"", ""סוג עבירה"": ""החזקה נשק, נשיאת נשק, הובלת נשק"", ""עבירות נוספות"": ""הנאשם הורשע גם בעבירה של ירי באזור מגורים לפי סעיף 340א לחוק העונשין, שהיא עבירה שאינה לפי סעיף 144."", ""סוג הנשק [אקדח]"": 1.0, ""סטטוס הנשק"": ""נשק עם כדור בקנה"", ""תכנון"": ""לא"", ""אופן החזקת הנשק"": ""ברכב"", ""כמות תחמושת"": ""2 מחסניות ובהן כדורים, 11 כדורים"", ""שימוש"": ""לא""}","25.0","1. **סוג העבירה וחומרתה**:  
תיק 1 עוסק בנשיאה והובלה של נשק תקול (סעיף 144(ב)), ללא שימוש. תיק 2 כולל גם החזקה (144(א)) ונשיאה/הובלה (144(ב)), אך חשוב יותר — נשק פעיל עם כדור בקנה, ושימוש ביריה (11 כדורים) באזור מגורים — עבירה חמורה במיוחד. חומרת העבירה בתיק 2 גבוהה בהרבה.

2. **תפקיד הנאשם ומעורבותו**:  
בשני התיקים הנאשם הוא החזיק/נשא נשק, אך בתיק 2 הוא השתמש בו בפועל — מעורבות פעילה ומסוכנת. בתיק 1 — נשק תקול, ללא שימוש — מעורבות פסיבית יחסית. הבדל מהותי במעורבות.

3. **שיטת הביצוע (MO)**:  
בשני התיקים הנשק היה ברכב, אך בתיק 2 יש תכנון מוסתר (נשא נשק נגנב, ירה בשעה מאוחרת, באזור מגורים). בתיק 1 — רדיפה שוטרית, נשק תקול, סירוב לפקודת פתיחה — לא מעיד על תכנון או סיכון רציני. דפוס שונה.

4. **נסיבות הליבה**:  
בתיק 2 — נשק פעיל, ירי, 11 כדורים, נגנב, באזור מגורים — נסיבות מחמירות קיצוניות. בתיק 1 — נשק תקול, ללא שימוש, עבירות תעבורה — נסיבות מקלות יחסית. הבדל סדרי גודל בקיצוניות.

5. **ישימות כתקדים**:  
בית המשפט לא יראה בתיק 1 תקדים לתיק 2 — הבדלים מהותיים בסטטוס הנשק, בשימוש, בחומרה, ובנסיבות. ענישה בתיק 2 תישען על ירי וסיכון ציבורי, לא על החזקה או נשיאה של נשק תקול.

SIMILARITY_SCORE: 25","ok",""
"ME-17-10-62597-895","SH-15-12-65958-120","1","0","0","{""תאריך העבירה"": ""דצמבר 2016"", ""מיקום העבירה"": ""מחוץ ליישוב לקיה"", ""סוג האקדח"": ""FN"", ""מעורבות בפרשייה מורכבת"": ""כן"", ""מספר עבירה"": ""144 ב"", ""סוג עבירה"": ""נשיאת נשק, הובלת נשק"", ""סוג הנשק [אקדח]"": 1.0, ""סטטוס הנשק"": ""נשק מופרד מתחמושת"", ""תכנון"": ""לא"", ""אופן החזקת הנשק"": ""על גופו"", ""כמות תחמושת"": ""מחסנית, כדורים"", ""שימוש"": ""לא""}","{""מיקום החזקת הנשק"": ""טייבה"", ""סוגי נשק נוספים"": ""אקדח זיג זאוור, קרלו"", ""קוטר תחמושת"": ""9 מ\\""מ, 7.65 מ\\""מ"", ""מספר כדורים במחסנית"": ""8, 15, 6"", ""מיקומי החזקת הנשק"": ""מעל ארון במטבח, בספרייה"", ""סוגי מחסניות"": ""מחסנית טעונה, מחסנית ריקה"", ""מספר עבירה"": ""144 א"", ""סוג עבירה"": ""החזקה נשק"", ""סוג הנשק [אקדח]"": 1.0, ""סוג הנשק [תת מקלע מאולתר]"": 1.0, ""סטטוס הנשק"": ""נשק עם מחסנית בהכנס"", ""תכנון"": ""כן"", ""אופן החזקת הנשק"": ""בבית, מוסלק - מוסתר"", ""אופן קבלת הנשק"": ""רכש"", ""כמות תחמושת"": ""מחסנית ובה 8 כדורים, מחסנית ובה 15 כדורים, מחסנית ריקה ובה 0 כדורים, מחסנית ובה 6 כדורים"", ""מטרה-סיבת העבירה"": ""הגנה עצמית"", ""שימוש"": ""לא""}","25.0","1. **סוג העבירה וחומרתה**: תיק 1 עוסק בנשיאה/הובלה של נשק (144(ב)), בעוד תיק 2 עוסק בהחזקה בלבד (144(א)) — הבדל מהותי בחומרה ובתקיפה המשפטית. עבירה של 144(ב) נחשבת חמורה יותר ומעוררת סיכון גבוה יותר לציבור.

2. **תפקיד הנאשם ומעורבותו**: בתיק 1 הנאשם נושא נשק על גופו — מעורבות פעילה ומיידית; בתיק 2 הנשק מוסתר בבית — מעורבות פסיבית, נטועה בביטחון עצמי. הבדל במעורבות ובתפקיד.

3. **שיטת הביצוע (MO)**: בתיק 1 — נשק מופרד מתחמושת, ללא תכנון, על גופו; בתיק 2 — נשק עם מחסניות טעונות, מוסתר, בתכנון, למטרת הגנה עצמית. דפוסים שונים: אחד אקראי/אקטיבי, השני מודע/הכנה.

4. **נסיבות הליבה**: בתיק 1 — כמות תחמושת מוגבלת (מחסנית אחת), ללא שימוש; בתיק 2 — מספר נשקים, מחסניות טעונות, תכנון, מטרה מוגדרת (הגנה עצמית). סדרי גודל שונים, נסיבות מקלות (הגנה) מול נסיבות ניטרליות.

5. **ישימות כתקדים**: אין דמיון מהותי — הבדל בין 144(א) ל-144(ב) הוא קריטי, והנסיבות השונות (תכנון, מטרה, אופן החזקה) מונעות מהן לשמש כתקדים זה לזה. בית משפט לא יראה בהן דמיון משפטי רלוונטי.

SIMILARITY_SCORE: 25","ok",""
"ME-13-02-28360-614","ME-16-06-44840-433","1","0","0","{""מיקום האירוע"": ""רהט"", ""תאריך האירוע"": ""9/2/13"", ""התנהגות במהלך המעצר"": ""ניסיון בריחה"", ""מצב הנהגה"": ""נהיגה תחת השפעת אלכוהול"", ""שימוש בנשק"": ""ירי באוויר"", ""מספר יריות"": ""שלוש"", ""התערבות שוטרים"": ""ניידת משטרה עם אורות כחולים דולקים וסירנה"", ""אופן העצירה"": ""נסיעה על המדרכה וחסימת נתיב על ידי ניידת משטרה"", ""מספר עבירה"": ""144 ב"", ""סוג עבירה"": ""נשיאת נשק"", ""עבירות נוספות"": ""הנאשם הורשע בנוסף לעבירות נשק (סעיף 144(ב) לחוק העונשין) גם בעבירות נוספות: הפרעה לשוטר במילוי תפקידו (סעיף 275 לחוק העונשין), נהיגה ללא רישיון (סעיף 10(א) לפקודת התעבורה), נהיגה ללא ביטוח (סעיף 2 לפקודת ביטוח רכב מנועי), ונהיגה תחת השפעת משקאות משכרים (תקנה 26(2) לתקנות התעבורה)."", ""סוג הנשק - אם לא נמצא בטבלה"": ""נשק"", ""סטטוס הנשק"": ""נשק עם כדור בקנה"", ""תכנון"": ""לא"", ""אופן החזקת הנשק"": ""ברכב"", ""שימוש"": ""לא"", ""כמות תחמושת"": ""ללא""}","{""שנת לידה"": ""1993"", ""מיקום האירוע"": ""רחוב האפרסמון, ירושלים"", ""תאריך האירוע"": ""5.6.16"", ""מעורבים נוספים"": ""אלירון גולד, רן אברג'יל, יוני אברג'יל, נתי קורקוס"", ""סוגי רימונים"": ""רימון הלם, רימון גז"", ""הדרכה בשימוש בנשק"": ""הנאשם הסביר לאלירון כיצד להשתמש ברימון הגז"", ""העברת נשק"": ""הנאשם העביר רימוני הלם בין מקומות מסתור"", ""מספר עבירה"": ""144 א, 144 ב"", ""סוג עבירה"": ""החזקה נשק, נשיאת נשק"", ""עבירות נוספות"": ""הנאשם הורשע בנוסף לעבירות נשק (סעיף 144) גם בסיוע לנסיון לתקיפה לפי סעיפים 379 + 25 + 31 לחוק העונשין. זוהי עבירה שאינה עבירת נשק."", ""סוג הנשק [רימון הלם/גז]"": 1.0, ""סטטוס הנשק"": ""נשק מופרד מתחמושת"", ""תכנון"": ""כן"", ""אופן החזקת הנשק"": ""מוסלק - מוסתר"", ""שימוש"": ""זריקת רימון"", ""כמות תחמושת"": ""ללא""}","30.0","1. **סוג העבירה וחומרתה**:  
תיק 1 עוסק בנשיאה של אקדח עם כדור בקנה וירי באוויר (144(ב)), בעוד תיק 2 כולל החזקה ונשיאה של רימונים (144(א) ו-144(ב)), אך הנשק מופרד מתחמושת. חומרה של ירי באוויר (תיק 1) עשויה להיראות חמורה יותר מהחזקת רימונים מופרדים (תיק 2), אך גם השניים מתייחסים לנשיאה/החזקה של נשק. עם זאת, הבדל בסוג הנשק (אקדח עם כדור מול רימונים מופרדים) ובחומרה של השימוש (ירי מול זריקת רימון) מפחית דמיון מהותי.

2. **תפקיד הנאשם ומעורבותו**:  
בתיק 1, הנאשם מעורב ישירות ופעיל — נוהג תחת השפעה, יורה באוויר, מנסה לברוח. בתיק 2, הנאשם מעורב בתכנון, מעביר נשק, מדריך אחרים — מעורבות ארגונית ומעורבת יותר. מעורבות פעילה בשני המקרים, אך בתיק 2 יש אופי של תכנון וסיוע, בעוד תיק 1 הוא מעורבות פרטנית ומיידית — הבדל מהותי במעורבות.

3. **שיטת הביצוע (MO)**:  
בתיק 1 — נשק ברכב, ירי באוויר, נסיעה לא חוקית, ניסיון בריחה. בתיק 2 — נשק מוסתר, מעבר בין מקומות, הדרכה בשימוש, זריקת רימון. סגנון ביצוע שונה: אחד פורע-סדר/תוקפני, השני ארגוני/מוכן. אין דפוס דומה — סגנון ביצוע שונה.

4. **נסיבות הליבה**:  
בתיק 1 — אין תכנון, נשק מוכן לשימוש, ירי. בתיק 2 — תכנון, נשק מופרד, שימוש בזריקה. כמות הנשק (רימונים) ותפקודו (הלם/גז) שונה מהאקדח. נסיבות מחמירות בתיק 1 (נהיגה תחת השפעה, הפרעה לשוטר), בתיק 2 — נסיבות של תכנון וסיוע לתקיפה. אין דמיון מהותי בסביבה או בהקשר.

5. **ישימות כתקדים**:  
בית משפט לא יראה את התיקים כרלוונטיים זה לזה לצורכי ענישה: תחום נשק — כן, אך סוג הנשק, תכנון, תפקוד, ומעורבות הם שונים. תקדים של 144(ב) עם ירי (תיק 1) לא מתאים לתיק 144(א)+(ב) עם רימונים מופרדים ותכנון (תיק 2). הבדלים מהותיים בפרמטרים המשפטיים עיקריים.

SIMILARITY_SCORE: 30","ok",""
"SH-18-06-11098-353","SH-16-11-7544-55","3","1","1","{""סוג רובה"": ""גליל"", ""מספר סידורי נשק"": ""נמחק"", ""תאריך תפיסה"": ""23/05/18"", ""סוג תחמושת"": ""מחסניות ותחמושת"", ""מספר עבירה"": ""144 א"", ""סוג עבירה"": ""החזקה נשק"", ""סוג הנשק [רובה סער]"": 1.0, ""סטטוס הנשק"": ""נשק מופרד מתחמושת"", ""תכנון"": ""לא"", ""אופן החזקת הנשק"": ""בבית, מוסלק - מוסתר"", ""שימוש"": ""לא"", ""כמות תחמושת"": ""ללא""}","{""מיקום האירוע"": ""מחלף להב-שומריה, כביש 6 לכוון צפון"", ""תאריך האירוע"": ""26.10.16"", ""שם השוטר"": ""מיכאל אדרי"", ""קוטר הקליעים"": ""9 מ\\""מ"", ""מספר עבירה"": ""144 א"", ""סוג עבירה"": ""החזקה נשק"", ""סוג הנשק [תת מקלע מאולתר]"": 1.0, ""סטטוס הנשק"": ""נשק מופרד מתחמושת"", ""תכנון"": ""לא"", ""אופן החזקת הנשק"": ""על גופו, מוסלק - מוסתר"", ""כמות תחמושת"": ""מחסנית ובה 10 כדורים"", ""שימוש"": ""לא""}","85.0","1. **סוג העבירה וחומרתה** — שני התיקים עוסקים בהחזקה של נשק לפי סעיף 144(א), ללא שימוש או נסיעה עם הנשק — חומרה זהה.  
2. **תפקיד הנאשם ומעורבותו** — אין מידע על תפקידי נאשמים, אך בשתיהן החזקה מוסתרת — מעורבות פסיבית דומה.  
3. **שיטת הביצוע (MO)** — שניהם מוסתרים, אך אחד בבית והשני על הגוף — דפוס דומה אך לא זהה.  
4. **נסיבות הליבה** — כמות תחמושת דומה (מחסניות), נשק תקין/מופרד, ללא תכנון או שימוש — נסיבות כמעט זהות.  
5. **ישימות כתקדים** — שניהם 144(א) עם נסיבות דומות —完全可以 לשמש כתקדים ענייני זה לזה.

SIMILARITY_SCORE: 85","ok",""
"ME-14-07-13179-197","m08000207-175","1","0","0","{""קרבת משפחה"": ""בני דודים"", ""מיקום האירוע"": ""כפר יפיע, אכסאל"", ""סכום החוב"": ""2,000 ₪"", ""מקום עבודה"": ""מגרש לפירוק כלי רכב"", ""סוג הנשק במגרש"": ""אקדח גלוק"", ""מספר יריות"": ""3 יריות"", ""מטרת הירי"": ""הפחדה או הקנטה"", ""זמן הירי"": ""סמוך לשעה 22:30"", ""זמן האירוע במגרש"": ""בין 12.02.13 ל-13.02.13"", ""זמן הירי במגרש"": ""סמוך לשעה 00:12"", ""מספר אנשים במגרש"": ""שלושה"", ""פעולה לאחר הירי"": ""איסוף תרמילי האקדח"", ""מספר עבירה"": ""144 א, 144 ב"", ""סוג עבירה"": ""החזקה נשק, נשיאת נשק"", ""עבירות נוספות"": ""הנאשם הורשע, בנוסף לעבירות נשק לפי סעיף 144, גם בעבירות נוספות: ירי באזור מגורים (סעיף 340א), שיבוש מהלכי משפט (סעיף 244), הפרת הוראה חוקית (סעיף 287(א)), גניבה (סעיף 384), ואיומים (סעיף 192)."", ""סוג הנשק [אקדח]"": 1.0, ""סטטוס הנשק"": ""נשק עם כדור בקנה"", ""תכנון"": ""לא"", ""אופן החזקת הנשק"": ""על גופו"", ""כמות תחמושת"": ""שלוש מחסניות ובהן כדורים"", ""מטרה-סיבת העבירה"": ""בצע כסף"", ""שימוש"": ""לא""}","{""זמן האירוע"": ""12.7.08 בשעה 00:55"", ""מיקום האירוע"": ""סמוך לצומת הערבה"", ""סוג הנשק [קוטר]"": ""0.9 מ\\""מ"", ""משקל החשיש"": ""1.36 גרם נטו"", ""מספר עבירה"": ""144 ב"", ""סוג עבירה"": ""נשיאת נשק"", ""עבירות נוספות"": ""הנאשם הורשע בנוסף לעבירות נשק (סעיף 144(ב) לחוק העונשין) גם בשתי עבירות של החזקת סם לצריכה עצמית בלבד, לפי סעיף 7(א)+(ג) סיפא לפקודת הסמים המסוכנים."", ""סוג הנשק [אקדח]"": 1.0, ""סטטוס הנשק"": ""נשק עם מחסנית בהכנס"", ""תכנון"": ""לא"", ""אופן החזקת הנשק"": ""ברכב"", ""כמות תחמושת"": ""מחסנית ובה 15 כדורים, מחסנית ובה 10 כדורים"", ""שימוש"": ""לא""}","15.0","1. **סוג העבירה וחומרתה**:  
תיק 1 כולל עבירות נשק לפי סעיפים 144(א) ו-144(ב) — החזקה ונשיאה — עם שימוש בפועל (ירי), ועבירות נוספות חמורות (ירי באזור מגורים, איומים, גניבה). תיק 2 כולל רק 144(ב) — נשיאה — ללא שימוש, ועבירות סמים לצריכה עצמית. חומרה וסוג העבירה שונים מהותית — שימוש בנשק מול נשיאה בלבד, עם עבירות נלוות שונות.

2. **תפקיד הנאשם ומעורבותו**:  
בתיק 1 הנאשם מעורב בפעולה פיזית ישירה (ירי, איסוף תרמילים), ובתיק 2 — נושא נשק ברכב ללא שימוש. מעורבותה של הנאשם בתיק 1 פעילה ופוגעת, בעוד בתיק 2 — פסיבית ומעורבת בסם, לא בנשק ככלי פגיעה.

3. **שיטת הביצוע (MO)**:  
בתיק 1 — ירי בלילה, במרחב פתוח, כחלק מסכסוך, עם נשק מוכן לירי (כדור בקנה). בתיק 2 — נשיאה ברכב, ללא שימוש, ללא סימן של התערבות פיזית או סיכון. דפוס ביצוע שונה לחלוטין — עבירה פוגעת מול עבירה של נשיאה סטטית.

4. **נסיבות הליבה**:  
בתיק 1 — יריות, תחמושת מרובה, סכסוך, עבירות נוספות חמורות. בתיק 2 — תחמושת מוגבלת, אין ירי, אין סכסוך, עבירות סמים נלוות. סדרי גודל ונסיבות שונות — התנהגות פוגעת מול התנהגות של נשיאה סתמית.

5. **ישימות כתקדים**:  
בית משפט לא יראה בתיק 2 תקדים לתיק 1 — הבדל מהותי בין נשיאה ללא שימוש לבין נשיאה עם שימוש בפועל, עבירות נוספות, וסיכון ציבורי. גם ההקשר (סכסוך מול סם) מפריד בין התיקים. אין דמיון מהותי שמאפשר שימוש בתקדים.

SIMILARITY_SCORE: 15","ok",""
"SH-17-04-19242-11","SH-16-11-7544-55","3","1","1","{""סוג רובה סער"": ""קלאצ'ניקוב"", ""מיקום החזקת הנשק"": ""ארון בחדר שינה"", ""מקור הנשק"": ""מורש מדודו"", ""שנת קבלת הנשק"": ""2000"", ""סוג הפעילות המשטרתית"": ""חיפוש יזום"", ""תאריך המעצר"": ""02/04/17"", ""מספר עבירה"": ""144 א"", ""סוג עבירה"": ""החזקה נשק"", ""סוג הנשק [רובה סער]"": 1.0, ""סטטוס הנשק"": ""נשק מופרד מתחמושת"", ""תכנון"": ""לא"", ""אופן החזקת הנשק"": ""בבית, מוסלק - מוסתר"", ""אופן קבלת הנשק"": ""מאחר"", ""כמות תחמושת"": ""2 מחסניות ובהן כדורים"", ""שימוש"": ""לא""}","{""מיקום האירוע"": ""מחלף להב-שומריה, כביש 6 לכוון צפון"", ""תאריך האירוע"": ""26.10.16"", ""שם השוטר"": ""מיכאל אדרי"", ""קוטר הקליעים"": ""9 מ\\""מ"", ""מספר עבירה"": ""144 א"", ""סוג עבירה"": ""החזקה נשק"", ""סוג הנשק [תת מקלע מאולתר]"": 1.0, ""סטטוס הנשק"": ""נשק מופרד מתחמושת"", ""תכנון"": ""לא"", ""אופן החזקת הנשק"": ""על גופו, מוסלק - מוסתר"", ""כמות תחמושת"": ""מחסנית ובה 10 כדורים"", ""שימוש"": ""לא""}","85.0","1. **סוג העבירה וחומרתה** — שני התיקים עוסקים בעבירה 144(א) — ""החזקה נשק"" — ללא שימוש, ללא תכנון, ועם נשק מופרד מתחמושת. חומרתם זהה: עבירה פלילית של החזקה, לא של נשיאה או שימוש.  
2. **תפקיד הנאשם ומעורבותו** — בשתיהן מעורבות פסיבית: החזקה בבית או על הגוף, ללא יזום או פעילות אגרסיבית. אין הבדל מהותי בתפקיד — שניהם מחזיקים, לא יזמים או שותפים בפעילות פלילית רחבה.  
3. **שיטת הביצוע (MO)** — בשתיהן הנשק מוסתר ומופרד מתחמושת, אך בתקיפה אחת הוא בבית (ארון) והשני על הגוף בכביש — דפוס שונה במעט, אך לא מהותי מבחינת סיכון או מטרה.  
4. **נסיבות הליבה** — כמות התחמושת דומה (מחסניות עם כדורים), אין שימוש, אין תכנון. ההבדל במקומם (בית מול כביש) לא מהותי בעניין ענישה — שניהם נשק מוסתר, ללא סיכון מיידי.  
5. **ישימות כתקדים** — שכן, כי מדובר באותה עבירה (144א), ללא שימוש או תכנון, עם נשק מופרד מתחמושת, ובשניהם מעורבות פסיבית. בית המשפט יראה בהם תיקים דומים לצורכי ענישה, גם אם הסביבה שונה.

SIMILARITY_SCORE: 85","ok",""
"ME-14-10-31218-522","ME-14-12-6904-57","1","0","0","{""שנת לידה"": 1983, ""זמן האירוע"": ""02:45"", ""תאריך האירוע"": ""29/5/14"", ""מיקום האירוע"": ""דיר אל אסד"", ""סוג הרימון"": ""M7290"", ""צבע הרימון"": ""שחור"", ""מספר הרימון"": ""E386201"", ""פגיעה פוטנציאלית"": ""פגיעה גופנית"", ""מטרת הפעולה"": ""השלכת רימון למרפסת"", ""תוצאת הפעולה"": ""התפוצצות וקול נפץ עז"", ""מספר עבירה"": ""144 א"", ""סוג עבירה"": ""החזקה נשק"", ""סוג הנשק [רימון הלם/גז]"": 1.0, ""תכנון"": ""לא"", ""שימוש"": ""זריקת רימון"", ""סטטוס הנשק"": ""נשק עם כדור בקנה"", ""כמות תחמושת"": ""ללא""}","{""מיקום החזקת הנשק"": ""ארון בגדים בחדר השינה"", ""מחיר הנשק"": ""4000 ש\\""ח"", ""מועד רכישת הנשק"": ""כחודש ימים עובר ליום 18.11.2014"", ""מקום מגורים"": ""תל אביב"", ""כמות קנאביס"": ""0.3027 גרם נטו"", ""סוג הנשק"": ""רובה מאולתר מדגם קרל גוסטב"", ""תיאור האופן שבו נשא הנאשם את הנשק"": ""בתוך תיק גב, עטוף בבגדים"", ""מספר עבירה"": ""144 ב"", ""סוג עבירה"": ""נשיאת נשק, הובלת נשק"", ""עבירות נוספות"": ""הנאשם הואשם והורשע בנוסף לעבירת נשק (סעיף 144(ב) לחוק העונשין) גם בעבירה של החזקת סם לצריכה עצמית לפי סעיף 7(א) לפקודת הסמים המסוכנים."", ""סוג הנשק [תת מקלע מאולתר]"": 1.0, ""סטטוס הנשק"": ""נשק מופרד מתחמושת"", ""תכנון"": ""כן"", ""אופן החזקת הנשק"": ""בבית, על גופו, מוסלק - מוסתר"", ""אופן קבלת הנשק"": ""רכש"", ""כמות תחמושת"": ""מחסנית וכדורים, כדורים"", ""שימוש"": ""לא""}","25.0","1. **סוג העבירה וחומרתה**: תיק 1 עוסק בהחזקה של רימון (סעיף 144(א)), בעוד תיק 2 עוסק בנשיאה והובלה של רובה מאולתר (סעיף 144(ב)) — עבירה חמורה יותר, עם נשק נייד ומעורבות פעילה. הבדל מהותי בחומרה ובמונחانون.

2. **תפקיד הנאשם ומעורבותו**: בתיק 1 — מעורבות פעילה (זריקה), אך עבירה של החזקה בלבד; בתיק 2 — נושא נשק מוסתר, עם תכנון ורכישה — מעורבות מתקדמת ומעורבת יותר. הבדל במעורבות ובתפקיד.

3. **שיטת הביצוע (MO)**: בתיק 1 — שימוש מיידי בנשק (זריקה); בתיק 2 — נשק מוסתר, לא נוצל, עם תכנון. דפוסי ביצוע שונים: אחד אימפולסיבי, השני מוכן ומוכן למשימה.

4. **נסיבות הליבה**: בתיק 1 — נשק מוכן לשימוש, פגיעה פוטנציאלית; בתיק 2 — נשק מופרד מתחמושת, לא נוצל, אך עם תכנון ורכישה. סדרי גודל שונים: נשק נייד מול נשק מוסתר; תכנון מול פעלול.

5. **ישימות כתקדים**: בית המשפט לא יראה בתיק 1 תקדים לתיק 2 — הבדל מהותי בסעיף (א) מול (ב), בהיקף העבירה, במעורבות ובשימוש. גם הבדל בדפוס התנהגותי ובחומרה.

SIMILARITY_SCORE: 25","ok",""
"ME-16-10-9348-780","ME-17-05-35227-215","1","0","0","{""סוג תחמושת"": ""כדורי צייד קליבר 12 מ\\""מ"", ""מקום החזקת התחמושת"": ""מחסן הבית"", ""סכום כסף נגנב"": ""3500 ₪"", ""סכום שיק נגנב"": ""500 ₪"", ""מקום העצירה"": ""קריית גת"", ""מעורבים נוספים"": ""מוחמד יונס, הקטין פ. י."", ""מקום מגורי הקטין"": ""ערערה"", ""מספר עבירה"": ""144 ב"", ""סוג עבירה"": ""נשיאת נשק"", ""סוג הנשק [רובה צייד]"": 1.0, ""סטטוס הנשק"": ""נשק מופרד מתחמושת"", ""תכנון"": ""לא"", ""אופן החזקת הנשק"": ""בבית, ברכב"", ""כמות תחמושת"": ""75 כדורים"", ""שימוש"": ""לא""}","{""תאריך העבירה"": ""7 במאי 2017"", ""זמן העבירה"": ""צהריים"", ""סוג הרכב"": ""אופנוע"", ""דגם הרכב"": ""קואנג יאנג טיו"", ""מיקום הנשק ברכב"": ""תא מטען"", ""מספר עבירה"": ""144 ב"", ""סוג עבירה"": ""נשיאת נשק, הובלת נשק"", ""סוג הנשק [תת מקלע מאולתר]"": 1.0, ""סטטוס הנשק"": ""נשק עם מחסנית בהכנס"", ""תכנון"": ""כן"", ""אופן החזקת הנשק"": ""ברכב"", ""שימוש"": ""לא"", ""כמות תחמושת"": ""ללא""}","35.0","1. **סוג העבירה וחומרתה** — שניהם涉及 עבירה לפי סעיף 144(ב) — נשיאה/הובלה של נשק, מה שמקנה להם דמיון מהותי ביחס לסוג העבירה. עם זאת, הנשק בתיק 1 הוא רובה צייד (נפוץ יותר, פחות מסוכן), ובתיק 2 — תת-מקלע מאולתר (מסוכן יותר, חומרה גבוהה יותר). חומרה שונה — פגיעה בדמיון.

2. **תפקיד הנאשם ומעורבותו** — בתיק 1 יש מעורבות של קטין ומעורבים נוספים, ובתיק 2 אין מידע על מעורבים — אך גם כאן, אין מידע ברור על תפקידי הנאשמים (יזמים/שליחים). לא ניתן להעריך דמיון ברור — נוטה לאי-דמיון.

3. **שיטת הביצוע (MO)** — בתיק 1: נשק מופרד מתחמושת, בחזקה בבית וברכב, ללא תכנון. בתיק 2: נשק עם מחסנית בהכנס, ברכב (אופנוע), עם תכנון. דפוס שונה — נשק מאולתר vs. רובה צייד, עם תכנון מול ללא — דמיון נמוך.

4. **נסיבות הליבה** — כמות תחמושת בתיק 1: 75 כדורים (סדר גודל גבוה), בתיק 2: אין מידע. שימוש — בשני המקרים לא. תכנון — רק בתיק 2. נשק בתיק 2 מסוכן יותר. נסיבות שונות — דמיון נמוך.

5. **ישימות כתקדים** — למרות ששני התיקים הם 144(ב), ההבדלים בחומרה, בסוג הנשק, בתכנון ובצורת החזקה מונעים מהם לשמש כתקדים זה לזה. בית המשפט יראה בהם עבירות שונות בהקשר ענישה — דמיון נמוך.

SIMILARITY_SCORE: 35","ok",""
"ME-16-06-42987-901","ME-12-04-33577-700","2","0","1","{""שנת לידה"": ""1997"", ""מקום האירוע"": ""שכונת גילה, ירושלים"", ""סוג הרימון"": ""רימון הלם"", ""מטרת השימוש בנשק"": ""הטלת אימה"", ""מקום השימוש בנשק"": ""חצר בית משפחה"", ""תוצאת השימוש בנשק"": ""הרימון התפוצץ"", ""שותפים לאירוע"": ""אמיר סלמה"", ""סוג הנשק הנוסף"": ""רימון גז"", ""כמות הרימונים הנוספים"": ""שני רימוני הלם"", ""סוג הסם בתיק הסמים"": ""חשיש"", ""כמות הסם"": ""גרמים בודדים"", ""תקופת המכירות"": ""מאי ויוני 2016"", ""מחיר הסם"": ""בין 100 ל-400 שקלים"", ""סוג הפריט המוגנב"": ""אופניים חשמליים"", ""שווי הפריט המוגנב"": ""3,000 שקלים"", ""תאריך הגניבה"": ""17.5.16"", ""מספר עבירה"": ""144 ב"", ""סוג עבירה"": ""נשיאת נשק"", ""עבירות נוספות"": ""הנאשם הורשע בנוסף לעבירות נשק (סעיף 144) גם בעבירות נוספות: איומים (סעיף 192), ניסיון לחבלה מחמירה (סעיף 329(א)(2)), ניסיון תקיפה בנסיבות מחמירות (סעיפים 382(א)+25), חמש עבירות של סחר בסמים (סעיפים 13+19א' לפקודת הסמים המסוכנים), החזקת סם שלא לשימוש עצמי (סעיפים 7(א)+7(ג) לפקודת הסמים המסוכנים), ועבירת גניבה (סעיף 384)."", ""סוג הנשק [רימון הלם/גז]"": 1.0, ""סוג הנשק - אם לא נמצא בטבלה"": ""כלי נשק מאולתר שבו כדור בקליבר 9 מ\\""מ"", ""סטטוס הנשק"": ""תקול"", ""תכנון"": ""לא"", ""אופן החזקת הנשק"": ""על גופו"", ""שימוש"": ""לא"", ""כמות תחמושת"": ""ללא""}","{""מיקום האירוע"": ""בית שאן"", ""תאריך האירוע"": ""13/4/12"", ""שעת האירוע"": ""02:00 לפנות בוקר"", ""סוג המפגש"": ""ויכוח"", ""פרטי התקרית"": ""המתלונן זרק כוס לעבר הנאשם, הנאשם שלף אקדח וירה שלוש יריות"", ""מספר יריות"": 3, ""מיקום פגיעות היריות"": ""אחת ליד הראש, אחת ליד הגב, אחת שרטה את הברך הימנית"", ""מספר עבירה"": ""144 א, 144 ב"", ""סוג עבירה"": ""החזקה נשק, נשיאת נשק"", ""עבירות נוספות"": ""הנאשם הורשע בנוסף לעבירות נשק (סעיף 144(א) ו-144(ב)), גם בעבירות של חבלה בכוונה מחמירה (סעיף 329(א)(2)) ויריות באזור מגורים (סעיף 340(א)), שהן אינן עבירות נשק לפי סעיף 144."", ""סוג הנשק [אקדח]"": 1.0, ""סטטוס הנשק"": ""נשק עם כדור בקנה"", ""תכנון"": ""כן"", ""אופן החזקת הנשק"": ""על גופו"", ""שימוש"": ""לא"", ""כמות תחמושת"": ""ללא""}","35.0","1. **סוג העבירה וחומרתה**:  
שני התיקים כוללים עבירות לפי סעיף 144, אך תיק 1 מתמקד בנשיאה (144ב) עם נשק מאולתר ורימונים, בעוד תיק 2 כולל גם החזקה (144א) ואקדח עם כדור בקנה. החומרה בתקיפה בתקיף 2 גבוהה יותר — יריות בפועל, פגיעות, ותכנון — בעוד בתקיף 1 היה ניסיון לירי שלא הצלח. דמיון חלקי, אך לא זהה.

2. **תפקיד הנאשם ומעורבותו**:  
בשני התיקים הנאשם מעורב ישירות ופעיל — נושא נשק, משתמש בו או מנסה להשתמש. אין הבדל מהותי בתפקיד — שניהם יזמים/משתמשים. דמיון גבוה.

3. **שיטת הביצוע (MO)**:  
בתקיף 1: שימוש ברימונים (הלם/גז) במרחב פרטי (חצר בית), ללא ירי בפועל. בתקיף 2: יריות באקדח בלילה, באירוע סכסוך, עם פגיעות. סגנון ביצוע שונה — אחד פוצץ רימונים, השני יורה באקדח. אין דפוס דומה. דמיון נמוך.

4. **נסיבות הליבה**:  
בתקיף 2: תכנון, יריות בפועל, פגיעות, יריות באזור מגורים — נסיבות מחמירות. בתקיף 1: ניסיון לירי, נשק מופרד מתחמושת, רימונים — חומרה נמוכה יותר. גם כמות הסם/הנשיאה שונה. דמיון נמוך.

5. **ישימות כתקדים**:  
בשיקול ענישה, בית המשפט לא יראה את תיק 1 כתקדים לתיק 2 — הבדלים מהותיים בסוג הנשק, בשימוש בפועל, בתכנון, ובנסיבות. תקיפת נשק באקדח עם יריות ופגיעות (תקיף 2) היא עבירה חמורה בהרבה מהחזקה/נשיאה של רימונים עם ניסיון לירי (תקיף 1). אין רלוונטיות מהותית.

SIMILARITY_SCORE: 35","ok",""
"ME-15-08-44579-251","SH-17-04-19242-11","1","0","0","{""סוג הקטנוע"": ""גוימקס"", ""מספר לוחית רישוי"": ""3689624"", ""מצב לוחית רישוי"": ""מזויפת"", ""מצב רישיון נהיגה של ג'וודת"": ""ללא רישיון נהיגה"", ""מיקום האירוע"": ""כביש 4, חדרה, קרבת אזור התעשייה הצפוני"", ""זמן האירוע"": ""10.08.15, 22:05"", ""פעולת השוטר רועי"": ""הבחין בקטנוע, חשד בגניבה, הדליק אורות כחולים, קרא לעצור"", ""תגובת ג'וודת להוראת השוטר"": ""לא שעה, הגביר מהירות, נסע לאזור התעשייה"", ""מסלול המרדף"": ""מכביש 4 לצומת נחל חדרה, פנה ימינה ושמאלה, חזר לכביש 4 לצפון"", ""תיאור המרדף"": ""שתי ניידות נוספות הצטרפו, הפעילו סירנות ואורות כחולים"", ""אירוע בצומת בנימינה"": ""הקטנוע עבר באור אדום, רכב אחר נאלץ לבלום"", ""חסימת המשטרה בצומת בית חנניה"": ""ניידות משטרה ביצעו חסימה, ג'וודת פגע בשתי ניידות"", ""תיאור הבריחה"": ""ג'וודת והנאשם ירדו מהקטנוע והחלו בבריחה רגלית"", ""מיקום זריקת השקית"": ""בשדה חשוף סמוך לצומת"", ""תוצאת המרדף"": ""הנאשם וג'וודת נתפסו על ידי השוטרים לאחר מספר דקות"", ""מספר עבירה"": ""144 ב"", ""סוג עבירה"": ""נשיאת נשק"", ""סוג הנשק [אקדח]"": 1.0, ""סטטוס הנשק"": ""נשק מופרד מתחמושת"", ""תכנון"": ""לא"", ""אופן החזקת הנשק"": ""על גופו, מוסלק - מוסתר"", ""כמות תחמושת"": ""מחסנית ריקה ובה 0 כדורים"", ""שימוש"": ""לא""}","{""סוג רובה סער"": ""קלאצ'ניקוב"", ""מיקום החזקת הנשק"": ""ארון בחדר שינה"", ""מקור הנשק"": ""מורש מדודו"", ""שנת קבלת הנשק"": ""2000"", ""סוג הפעילות המשטרתית"": ""חיפוש יזום"", ""תאריך המעצר"": ""02/04/17"", ""מספר עבירה"": ""144 א"", ""סוג עבירה"": ""החזקה נשק"", ""סוג הנשק [רובה סער]"": 1.0, ""סטטוס הנשק"": ""נשק מופרד מתחמושת"", ""תכנון"": ""לא"", ""אופן החזקת הנשק"": ""בבית, מוסלק - מוסתר"", ""אופן קבלת הנשק"": ""מאחר"", ""כמות תחמושת"": ""2 מחסניות ובהן כדורים"", ""שימוש"": ""לא""}","25.0","1. **סוג העבירה וחומרתה** — תיק 1 עוסק בנשיאה של נשק (144ב), שמהווה עבירה חמורה יותר מהחזקה (144א) בתיק 2. גם אם שניהם מוסתרים ומופרדים מתחמושת, ההבדל בתקיפה (נשיאה/הובלה מול החזקה בבעלות) הוא מהותי ומשפיע על ענישה.  
2. **תפקיד הנאשם ומעורבותו** — בתיק 1, הנאשם מעורב בבריחה פעילה, מרדף, פגיעה בניידות, ומעורבות בפעולה דינמית — מעורבות פעילה ומעוררת סיכון. בתיק 2 — החזקה פסיבית בבית, ללא תכנון או שימוש, ובעלות מורשת.  
3. **שיטת הביצוע (MO)** — אין דמיון בדפוס: תיק 1 — עבירה דינמית, עם מרדף, עבירות תנועה, פגיעה במשטרה. תיק 2 — חיפוש יזום, החזקה סטטית, ללא כל פעילות חיצונית.  
4. **נסיבות הליבה** — בתיק 1: נשק מוסתר על גופו, מחסנית ריקה — אך מעורבות בפעולה פלילית רצינית. בתיק 2: נשק מוסתר בבית, עם תחמושת — אך ללא כל שימוש או תכנון. סדרי גודל שונים: תחמושת קיימת מול אפס, אך ההבדל במעורבות ובסיכון הוא מהותי יותר.  
5. **ישימות כתקדים** — בית המשפט לא יראה בתיק 2 תקדים לתיק 1, שכן ההבדל בתקיפה (144א מול 144ב) ובמעורבות (פסיבית מול דינמית) הוא מהותי. ענישה בתיק 1 תשתען על סיכון ציבורי ומעורבות פעילה — לא על החזקה סטטית.

SIMILARITY_SCORE: 25","ok",""
"ME-15-06-12109-344","SH-14-11-8987-965","1","0","0","{""מיקום האירוע"": ""כפר עזריה"", ""תאריך האירוע"": ""2.5.13"", ""הקשר לאירוע"": ""חתונה"", ""מעורבים נוספים"": ""עמאר זלום, אחי הנאשם"", ""מקום החזקת הנשק"": ""רכב של עמאר זלום"", ""מספר עבירה"": ""144 ב"", ""סוג עבירה"": ""נשיאת נשק, הובלת נשק"", ""סוג הנשק [אקדח]"": 1.0, ""סטטוס הנשק"": ""תקין"", ""תכנון"": ""כן"", ""אופן החזקת הנשק"": ""ברכב, מוסלק - מוסתר"", ""שימוש"": ""לא"", ""כמות תחמושת"": ""ללא""}","{""שנת לידה"": ""1985"", ""מקום מגורים"": ""ירושלים"", ""סוג האקדח"": ""קולט 45"", ""מיקום האירוע"": ""רח' דוד רזיאל 28, ירושלים"", ""תאריך האירוע"": ""מאי 2014"", ""זמן החזקת הנשק לאחר הגניבה"": ""חודש ימים"", ""מטרת הכניסה לבית המתלונן"": ""ניקיון הבית"", ""מספר עבירה"": ""144 א"", ""סוג עבירה"": ""החזקה נשק"", ""עבירות נוספות"": ""הנאשם הורשע גם בעבירת גניבה לפי סעיף 384 לחוק העונשין, בנוסף לעבירת החזקת נשק שלא כדין לפי סעיף 144(א)."", ""סוג הנשק [אקדח]"": 1.0, ""סטטוס הנשק"": ""תקול"", ""תכנון"": ""לא"", ""אופן החזקת הנשק"": ""בבית, על גופו"", ""אופן קבלת הנשק"": ""גנב"", ""שימוש"": ""לא"", ""כמות תחמושת"": ""ללא""}","25.0","1. **סוג העבירה וחומרתה**: תיק 1 עוסק בנשיאת נשק והובלתו (144(ב)), בעוד תיק 2 עוסק בהחזקה בלבד (144(א)) — הבדל מהותי בחומרה ובתוקף הפלילי; 144(ב) מתייחס לפעילות מוטיבית ומעורבת, בעוד 144(א) הוא עבירה פסיבית יותר.  
2. **תפקיד הנאשם ומעורבותו**: בתיק 1 הנאשם מעורב באופן פעיל בהובלת נשק ברכב, כחלק מתכנון, ובתיק 2 הנשק נגנב ונשמר בבית — מעורבות פחות מוטיבית, אך עם רכיב של פשע נוסף (גניבה).  
3. **שיטת הביצוע (MO)**: בתיק 1 הנשק מוסתר ברכב, בתכנון, ובתיק 2 הנשק נישא על גופו בבית — דפוסי מחיה שונים, אך שניהם לא השתמשו בנשק.  
4. **נסיבות הליבה**: בתיק 1 יש תכנון, נשק תקין, וקשר לאירוע חברתי; בתיק 2 אין תכנון, נשק תקול, גניבה, והחזקתו נמשכה חודש. הבדלים משמעותיים בנסיבות.  
5. **ישימות כתקדים**: הבדל מהותי בסעיף (א) מול (ב) מונע את השימוש בתיק 2 כתקדים לתיק 1 — בית המשפט לא יראה בהם עניינים דומים לצורכי ענישה או פסיקה.

SIMILARITY_SCORE: 25","ok",""
"ME-21-10-18557-340","ME-16-12-50986-619","3","1","1","{""סוג הרכב"": ""מאזדה בצבע כחול"", ""מיקום האירוע"": ""כפר אבו סנאן"", ""זמן האירוע"": ""16.9.2021, סמוך לשעה 19:00"", ""מעורבים נוספים"": ""ג'יהאד סואעד, מוחמד פעאור"", ""סוג המאזדה"": ""מאזדה לבנה"", ""מיקום ישיבת הנאשם ברכב"": ""מושב הנוסע"", ""מיקום ישיבת ג'יהאד ברכב"": ""מושב הנהג"", ""מיקום ישיבת א' במאזדה"": ""מושב הנוסע ליד הנהג"", ""מיקום ישיבת מוחמד פעאור במאזדה"": ""מושב הנהג"", ""כיוון ירי הנאשם"": ""כלפי מעלה"", ""מטרת ירי הנאשם"": ""הפחדה או הקנטה של א'"", ""סכסוך קיים"": ""בין הנאשם לא'"", ""מספר עבירה"": ""144 א, 144 ב"", ""סוג עבירה"": ""החזקה נשק, נשיאת נשק, הובלת נשק"", ""עבירות נוספות"": ""הנאשם הורשע בנוסף לעבירות נשק (סעיף 144(א) ו-144(ב) לחוק העונשין) גם בעבירה של ירי מנשק חם לפי סעיף 340א(ב)(1) ו-(2) לחוק העונשין, שהיא עבירה שאינה לפי סעיף 144 ולכן נחשבת לעבירה נוספת."", ""סוג הנשק [תת מקלע מאולתר]"": 1.0, ""סטטוס הנשק"": ""נשק עם כדור בקנה"", ""תכנון"": ""לא"", ""אופן החזקת הנשק"": ""בבית, ברכב"", ""כמות תחמושת"": ""מחסנית ולכל הפחות 2 כדורים"", ""מטרה-סיבת העבירה"": ""הפחדה/הקנטה"", ""שימוש"": ""לא""}","{""זמן האירוע"": ""15.12.16, בסמוך לשעה 14:45"", ""מיקום האירוע"": ""שכונה 20 ברהט"", ""סוג הרכב"": ""ב.מ.וו"", ""בעלות על הרכב"": ""הרכב שייך לנאשם"", ""פעולת הנאשם"": ""נסיעה מהירה ליד בתי המתלוננים, ירי באוויר"", ""כוונת הנאשם"": ""להקניט ולהפחיד את המתלוננים"", ""זיהוי הנאשם"": ""נעשה קשה על ידי חבישת כובעים וחם-צוואר"", ""תגובת המתלוננים"": ""ניסיון להסתתר והשלכת צינור לעבר הרכב"", ""מספר עבירה"": ""144 ב"", ""סוג עבירה"": ""נשיאת נשק, הובלת נשק"", ""עבירות נוספות"": ""הנאשם הורשע גם בעבירות שאינן לפי סעיף 144 לחוק העונשין: קשירת קשר לפשע (סעיף 449(א)(1)), איומים (סעיף 192), וירי באזור מגורים (סעיף 340א')."", ""סוג הנשק - אם לא נמצא בטבלה"": ""נשק"", ""סטטוס הנשק"": ""נשק עם כדור בקנה"", ""תכנון"": ""כן"", ""אופן החזקת הנשק"": ""ברכב, על גופו"", ""מטרה-סיבת העבירה"": ""הפחדה ואיומים"", ""שימוש"": ""לא"", ""כמות תחמושת"": ""ללא""}","75.0","1. **סוג העבירה וחומרתה**:  
שני התיקים כוללים עבירות לפי סעיף 144(ב) — נשיאת/הובלת נשק — וכן עבירה נוספת של ירי מנשק חם (סעיף 340א). למרות שהנשק שונה (תת-מקלע מאולתר מול רובה סער), החומרה דומה — שניהם נשק חם עם תחמושת מוכנה לשימוש, והשימוש בפועל מתרחש באוויר כחלק מההפגנה/הפחדה. דמיון גבוה.

2. **תפקיד הנאשם ומעורבותו**:  
בתיק 1, הנאשם ישב במושב הנוסע וירה — מעורבות פעילה אך לא בהכרח יזם. בתיק 2, הנאשם נוהג ברכב שלו, ירה באוויר, ומעורב בתכנון — מעורבות יזמית ופעילה. הבדל קיים, אך לא מהותי — בשני המקרים מדובר במעורבות ישירה ופעילה ביצוע העבירה.

3. **שיטת הביצוע (MO)**:  
שניהם כוללים ירי באוויר מתוך רכב, כחלק מהפחדה/הקנטה, בנסיבות של סכסוך. בתיק 2 יש תכנון וחבישה, ובתיק 1 אין תכנון — אך הדפוס הבסיסי (רכב + ירי באוויר + סכסוך) זהה. דמיון גבוה.

4. **נסיבות הליבה**:  
כמות תחמושת — בתיק 1: מחסנית + 2 כדורים; בתיק 2: כדור בקנה — סדר גודל דומה. שימוש בנשק — כן בשני המקרים. תכנון — רק בתיק 2. נסיבות מחמירות — בתיק 2 יש ירי באזור מגורים וקשירת קשר, מה שמגביר את החומרה. עם זאת, ה""ליבה"" של העבירה — ירי מתוך רכב בסכסוך — זהה. דמיון בינוני-גבוה.

5. **ישימות כתקדים**:  
השאלה היא האם בית משפט יראה את התיקים כרלוונטיים זה לזה. למרות הבדלים בפרטים (תכנון, סוג נשק, עבירות נוספות), היסוד הענייני — עבירה לפי 144(ב) + ירי באוויר מתוך רכב בסכסוך — זהה. לכן, תיק 2 יכול לשמש כתקדים לתיק 1, ובמיוחד בהקשר של ענישה — שכן החומרה והדפוס דומים. דמיון גבוה.

SIMILARITY_SCORE: 75","ok",""
"ME-13-10-53169-537","ME-13-10-28139-807","1","0","0","{""מיקום החזקת הנשק"": ""מתחת לכיסא הנהג"", ""מיקום התחמושת"": ""בכיס האחורי, מתחת לכיסא הנהג"", ""סוג התחמושת"": ""כדורי אקדח"", ""מספר כדורים בכיס האחורי"": 2, ""מספר כדורים בשקית"": 17, ""סוג המחסנית"": ""מחסנית לאקדח"", ""פרטי יריות"": ""15 יריות לכיוון שאינו ידוע"", ""מספר עבירה"": ""144 ב"", ""סוג עבירה"": ""נשיאת נשק"", ""עבירות נוספות"": ""הנאשם הורשע גם בירי בנשק (כ-15 יריות לכיוון שאינו ידוע), שהיא עבירה לפי סעיף 340א לחוק העונשין (ירי באזור מגורים או ירי מנשק חם), בנוסף לעבירות הנשק לפי סעיף 144."", ""סוג הנשק [אקדח]"": 1.0, ""סטטוס הנשק"": ""נשק עם כדור בקנה"", ""תכנון"": ""כן"", ""אופן החזקת הנשק"": ""ברכב, על גופו, מוסלק - מוסתר"", ""כמות תחמושת"": ""מחסנית ריקה ובה 0 כדורים, 2 כדורים, 17 כדורים, מחסנית"", ""שימוש"": ""לא""}","{""מיקום האירוע"": ""רהט"", ""קורבן"": ""מתלונן ובנו קטין"", ""גיל הקורבן"": ""18"", ""סוג הרכב"": ""רכב פרטי"", ""מיקום פגיעת הירי"": ""דלת הנהג"", ""מספר יריות"": ""מספר יריות"", ""פגיעה ברכב"": ""כן"", ""נזק לרכב"": ""קליעים חדרו לדלת הנהג"", ""התנהלות הנאשם לאחר הירי"": ""נמלט מהמקום"", ""סוג המחלוקת"": ""שימוש בספסל בטון"", ""פעולה שקדמה לאירוע"": ""מריחת שמן על הספסל"", ""מספר עבירה"": ""144 א"", ""סוג עבירה"": ""החזקה נשק"", ""עבירות נוספות"": ""הנאשם הורשע, בנוסף לעבירות נשק לפי סעיף 144(א), גם בעבירת ניסיון לחבלה חמורה בנסיבות מחמירות לפי סעיפים 333+335(א)(1) ו-25 לחוק העונשין. מדובר בעבירת אלימות חמורה שאינה עבירת נשק."", ""סוג הנשק [אקדח]"": 1.0, ""סטטוס הנשק"": ""נשק עם כדור בקנה"", ""תכנון"": ""כן"", ""אופן החזקת הנשק"": ""על גופו"", ""מטרה-סיבת העבירה"": ""פגיעה בכבוד"", ""שימוש"": ""לא"", ""כמות תחמושת"": ""ללא""}","45.0","1. **סוג העבירה וחומרתה**:  
תיק 1 עוסק בנשיאה של נשק (144ב) עם שימוש ביריות, בעוד תיק 2 עוסק בהחזקה בלבד (144א) — הבדל מהותי בחומרה ובסוג העבירה, גם אם שניהם כוללים ירי. עבירה לפי 144ב מוגדרת כחמורה יותר, ותוקפת את עקרון התחזקות הנשק במרחב הציבורי.

2. **תפקיד הנאשם ומעורבותו**:  
בשני התיקים הנאשם מעורב ישירות ופעיל — בתקיף 1 הוא נושא ונשא נשק וירד, בתקיף 2 הוא החזיק נשק עם כדור בקנה וירד. אין הבדל מהותי במעורבות — שניהם מעורבים בפעולה פלילית ישירה.

3. **שיטת הביצוע (MO)**:  
שניהם כוללים ירי מרכב, נשק מוסתר, תכנון, ותוקפנות. אך בתקיף 1 יש שימוש במחסניות ותחמושת מפוזרת, ובתקיף 2 יש נשק עם כדור בקנה ופיגוע אלימות חמורה (חבלה) — דפוס שונה בחלק מהפרטים, אך דמיון בדפוס עיקרי של ירי מרכב.

4. **נסיבות הליבה**:  
בשני התיקים יש תכנון, ירי, נשק מוסתר, ופיגוע במרחב ציבורי. אך בתקיף 1 יש כמות תחמושת גדולה יותר (19 כדורים + מחסניות), ובתקיף 2 יש נזק לרכב ועבירה נוספת של חבלה — מה שמעיד על נסיבות שונות. הבדל בדרישות ענישה.

5. **ישימות כתקדים**:  
בית המשפט לא יראה את תיק 2 (144א) כתקדים לתיק 1 (144ב) — הבדל מהותי בסוג העבירה. גם אם יש דמיון בדפוס, הבדל בתקיפה (החזקה מול נשיאה) מונע שימוש כתקדים ענייני. עבירה נוספת של חבלה בתקיף 2 גם היא לא רלוונטית לתיק 1.

SIMILARITY_SCORE: 45","ok",""
"SH-15-12-65958-120","SH-16-09-33552-535","3","1","1","{""מיקום החזקת הנשק"": ""טייבה"", ""סוגי נשק נוספים"": ""אקדח זיג זאוור, קרלו"", ""קוטר תחמושת"": ""9 מ\\""מ, 7.65 מ\\""מ"", ""מספר כדורים במחסנית"": ""8, 15, 6"", ""מיקומי החזקת הנשק"": ""מעל ארון במטבח, בספרייה"", ""סוגי מחסניות"": ""מחסנית טעונה, מחסנית ריקה"", ""מספר עבירה"": ""144 א"", ""סוג עבירה"": ""החזקה נשק"", ""סוג הנשק [אקדח]"": 1.0, ""סוג הנשק [תת מקלע מאולתר]"": 1.0, ""סטטוס הנשק"": ""נשק עם מחסנית בהכנס"", ""תכנון"": ""כן"", ""אופן החזקת הנשק"": ""בבית, מוסלק - מוסתר"", ""אופן קבלת הנשק"": ""רכש"", ""כמות תחמושת"": ""מחסנית ובה 8 כדורים, מחסנית ובה 15 כדורים, מחסנית ריקה ובה 0 כדורים, מחסנית ובה 6 כדורים"", ""מטרה-סיבת העבירה"": ""הגנה עצמית"", ""שימוש"": ""לא""}","{""סוג האקדח"": ""ברטה"", ""קליבר אקדח"": ""0.22"", ""סוג רובה"": ""דמוי M-16"", ""קליבר רובה"": ""5.56 מ\\""מ"", ""סוג תחמושת [9 מ\\""מ]"": 4, ""סוג תחמושת [5.56 מ\\""מ]"": 60, ""מיקום החזקת הנשק"": ""במחסן"", ""אופן הסתרת הנשק"": ""עטוף ומוסלק בבור באדמה"", ""מספר עבירה"": ""144 א"", ""סוג עבירה"": ""החזקה נשק"", ""סוג הנשק [אקדח]"": 1.0, ""סוג הנשק [רובה סער מאולתר]"": 1.0, ""סטטוס הנשק"": ""נשק מופרד מתחמושת"", ""תכנון"": ""כן"", ""אופן החזקת הנשק"": ""מוסלק - מוסתר"", ""כמות תחמושת"": ""מחסנית, מחסנית ריקה ובה 0 כדורים, 4 כדורים, 60 כדורים"", ""שימוש"": ""לא""}","65.0","1. **סוג העבירה וחומרתה**: שניהם עבירות 144(א) — ""החזקה נשק"" בלבד, ללא נסיעה או נשיאה. חומרה דומה — לא נשק בשימוש, לא נשק מוכן לפעולה מיידית (אך בתיק 1 יש מחסניות טעונות). דמיון גבוה.

2. **תפקיד הנאשם ומעורבותו**: אין מידע על תפקיד או מעורבות פעילה — שניהם נראים כמחזיקים פסיביים. אין הבדל מהותי. דמיון גבוה.

3. **שיטת הביצוע (MO)**: שניהם מוסתרים במרחב פרטי/קרוב לבית, עם תכנון. בתיק 1 — מוסתר בבית, בתיק 2 — בבור באדמה מחוץ לבית. דמיון מובהק אך לא זהה — שיטת הסתרה שונה.

4. **נסיבות הליבה**: כמות תחמושת — תיק 2 כולל 60 כדורים (5.56 מ""מ) — סדר גודל גבוה יותר. בתקיף 1 — עד 15 כדורים. נשק בתיק 2 — רובה מאולתר (דמוי M-16) — חומרה פוטנציאלית גבוהה יותר. תכנון קיים בשני התיקים. דמיון חלקי — חומרה וסוג נשק שונים.

5. **ישימות כתקדים**: שניהם 144(א) — זהה מבחינה חוקית. אך הבדלים בסוג נשק (תת-מקלע vs. רובה מאולתר) ובקנה תחמושת (9 מ""מ vs. 5.56 מ""מ) עלולים להפחית את הרלוונטיות. עם זאת, היות ששני התיקים עוסקים בהחזקה מוסתרת עם תכנון — יש בסיס לתקדים, אך לא מושלם.

SIMILARITY_SCORE: 65","ok",""
"ME-16-05-9968-487","SH-11-01-41775-497","2","0","1","{""מיקום רכישת הנשק"": ""ברטעה"", ""מחיר הנשק"": ""7300 שקלים"", ""מספר סידורי של הנשק"": ""41814"", ""מיקום המסתור"": ""גג בית חברו אחסאן דיב"", ""תאריך העברת הנשק לכוחות הביטחון"": ""22.4.16"", ""קשר משפחתי"": ""מהדי קרוב משפחה של הנאשם ושל סמיר"", ""מקום מגורים משותף"": ""ג'דיידה"", ""מספר עבירה"": ""144 א, 144 ב"", ""סוג עבירה"": ""החזקה נשק, נשיאת נשק"", ""סוג הנשק [תת מקלע מאולתר]"": 1.0, ""סטטוס הנשק"": ""נשק עם מחסנית בהכנס"", ""תכנון"": ""לא"", ""אופן החזקת הנשק"": ""מוסלק - מוסתר"", ""אופן קבלת הנשק"": ""מאחר"", ""כמות תחמושת"": ""מחסנית"", ""מטרה-סיבת העבירה"": ""ירי בחתונה"", ""שימוש"": ""לא""}","{""משך זמן ההחזקה"": ""כשנה וחצי"", ""תאריך תחילת ההחזקה"": ""1.6.08"", ""מספר עבירה"": ""144 א, 144 ב"", ""סוג עבירה"": ""החזקה נשק"", ""סוג הנשק [אקדח]"": 1.0, ""סטטוס הנשק"": ""נשק מופרד מתחמושת"", ""תכנון"": ""לא"", ""אופן החזקת הנשק"": ""בבית, ברכב"", ""כמות תחמושת"": ""מחסנית, 34 כדורים"", ""שימוש"": ""לא""}","85.0","1. **סוג העבירה וחומרתה**:  
שני התיקים כוללים עבירות לפי סעיפים 144(א) ו-144(ב) — החזקה ונשיאה/הובלה של נשק — ולכן דומים בחומרה ובסוג. עם זאת, תיק 1 כולל נשק מאולתר (תת-מקלע), בעוד תיק 2 כולל אקדח — הבדל בסוג הנשק, אך לא בהכרח בדרישות הענישה.

2. **תפקיד הנאשם ומעורבותו**:  
בשני התיקים הנאשם הוא החוזק/נושא — אין הבדל במעורבות. אין רמז ליזום או מסחר, אלא החזקה פסיבית/אקטיבית של נשק. דמיון גבוה.

3. **שיטת הביצוע (MO)**:  
בשני המקרים הנשק היה מופרד מתחמושת, לא נועד לשימוש מיידי, והחזקה הייתה מוסתרת (בגג/בבית/ברכב). אין תכנון, אין שימוש. דפוס דומה מאוד.

4. **נסיבות הליבה**:  
בשני המקרים כמות התחמושת היא ""מחסנית"" — סדר גודל דומה. אין שימוש, אין תכנון. בתקיף 1 יש מטרה (""חתונה"") — אולי מקלית, אך לא מהותית. בתקיף 2 יש תקופת החזקה ארוכה (שנה וחצי) — אולי מחמירה, אך לא מבדילה מהותית.

5. **ישימות כתקדים**:  
השוני בסוג הנשק (מאולתר מול אקדח) לא מונע שימוש כתקדים, כי הפסיקה מתייחסת לרוב למאפיינים של העבירה — החזקה, נשיאה, חוסר תכנון, חוסר שימוש. גם אם הנשק שונה, העבירה והנסיבות דומות מספיק כדי שבית המשפט יראה בהם רלוונטיות הדדית.

SIMILARITY_SCORE: 85","ok",""
"ME-19-04-1316-977","ME-16-05-19384-544","1","0","0","{""מיקום העסקה"": ""א-ראם"", ""סוג התחמושת"": ""כדורי M16, כדורי 5.56 מ\\""מ"", ""כמות כדורים נוספת"": ""1,100 כדורים"", ""מחיר העסקה"": ""17,000 ₪, 19,000 ₪"", ""תאריכים רלוונטיים"": ""10.2.2019, 14.2.2019, 17.2.2019, 18.2.2019, 26.2.2019, 3.3.2019, 13.3.2019, 17.3.2019, 18.3.2019"", ""זהות הסוכן"": ""לוחם מספר 188, עלי"", ""תפקיד הסוכן"": ""שוטר, סוכן מטעם משטרת ישראל"", ""סוג הנשק המוצע למכירה"": ""קרלו"", ""מצב הנשק"": ""מקולקל"", ""התקשרות עם צד שלישי"": ""האחר"", ""מידע על צד שלישי"": ""האחר מתעכב, הנשק מקולקל"", ""הבטחת נשק נוסף"": ""הבטחה להשיג אקדח בעתיד"", ""תקופה עתידית להשגת נשק"": ""עד לחודש הרמדאן"", ""מספר עבירה"": ""144 ב"", ""סוג עבירה"": ""סחר בנשק, ניסיון לסחר בנשק"", ""סוג הנשק [אקדח]"": 1.0, ""סוג הנשק [תת מקלע מאולתר]"": 1.0, ""סטטוס הנשק"": ""תקול"", ""תכנון"": ""לא"", ""אופן החזקת הנשק"": ""ברכב"", ""כמות תחמושת"": ""מחסנית, 900 כדורים"", ""מטרה-סיבת העבירה"": ""בצע כסף"", ""שימוש"": ""לא""}","{""מקום החבייה"": ""שכונה סמוכה למקום מגוריו"", ""מחיר נשק קרל גוסטב"": ""3000 ₪"", ""מחיר מכירה נשק קרל גוסטב לחרוב"": ""3500 ₪"", ""תאריך פיגוע ירי על ידי חרוב"": ""9.3.16"", ""מיקום פיגוע ירי"": ""ירושלים, צומת רמות ושמעון הצדיק"", ""סוג תחמושת"": ""כדורי תחמושת לנשק קרל גוסטב"", ""מספר כדורים שנמכרו"": ""10"", ""מקום חיפוש נשק על ידי כוחות הביטחון"": ""קלנדיה"", ""תאריך החלטה לירות על כוחות הביטחון"": ""14.11.15"", ""מספר כדורים שנורו"": ""5"", ""מספר רכבים של כוחות הביטחון שנזוהו"": ""3"", ""מספר נשקים שנמכרו למחיסן"": ""2"", ""מחיר נשק למחיסן"": ""4000 ₪ לכל נשק"", ""מספר נשקים שנרכשו מאחר"": ""לא צוין מספר מדויק"", ""מספר עבירה"": ""144 א, 144 ב"", ""סוג עבירה"": ""נשיאת נשק, סחר בנשק"", ""עבירות נוספות"": ""הנאשם הורשע גם בעבירת ניסיון לחבלה חמורה לפי סעיף 333 בצירוף סעיף 25 לחוק העונשין, שאינה עבירת נשק לפי סעיף 144."", ""סוג הנשק - אם לא נמצא בטבלה"": ""רובה מסוג תבור, קרל גוסטב"", ""סטטוס הנשק"": ""נשק מופרד מתחמושת"", ""תכנון"": ""כן"", ""אופן החזקת הנשק"": ""בבית, על גופו, מוסלק - מוסתר"", ""אופן קבלת הנשק"": ""רכש"", ""כמות תחמושת"": ""10 כדורים"", ""מטרה-סיבת העבירה"": ""בצע כסף"", ""שימוש"": ""לא""}","30.0","1. **סוג העבירה וחומרתה**:  
תיק 1 עוסק בסחר בנשק (144ב) עם ניסיון, תוך החזקה ברכב ובהבטחה להשלמת עסקה; תיק 2 כולל גם 144א (נשיאה) ו-144ב (סחר), אך עם שימוש בפועל בנשק (ירי בפיגוע), תכנון מוקדם, ועבירה נוספת של ניסיון לחבלה — מה שמעיד על חומרה רבה יותר. הדמיון במערכת העבירות קיים, אך חומרת העבירה בתקין 2 גבוהה משמעותית.

2. **תפקיד הנאשם ומעורבותו**:  
בתיק 1, הסוכן הוא שוטר/סוכן של משטרת ישראל, והעבירה מתבצעת במערכת של משלוח/מסירה; בתיק 2, הנאשם הוא מבצע ירי בפועל, עם תכנון ומעורבות ישירה בפיגוע — מעורבות פסיבית מול פעילה, עם ניסיון לפגוע בלוחמים. אין דמיון במעורבות.

3. **שיטת הביצוע (MO)**:  
בתיק 1 — עסקאות נשק עם סוכן, נשק מקולקל, תכנון מינימלי; בתיק 2 — רכישת נשק, מסלוק, תכנון ירי, שימוש בפועל. סגנון ביצוע שונה מהותית — אחד הוא סחר פסיבי, השני פשע מוטיבציה פוליטית עם שימוש נשק.

4. **נסיבות הליבה**:  
בשני התיקים יש מטרה של ""בצע כסף"", אך בתיק 2 יש שימוש בפועל, תכנון, ועבירה נוספת (חבלה). כמות התחמושת בתיק 1 גדולה יותר (900-1100 כדורים), אך בתיק 2 יש נשק עם כדור בקנה וירי בפועל — מה שמעיד על סיכון ממשי. אין דמיון בנסיבות הליבה.

5. **ישימות כתקדים**:  
בית המשפט לא יראה את תיק 1 כתקדים לתיק 2 — הבדלים מהותיים במעורבות, שימוש, תכנון, ועבירות נוספות. תקדים של סחר נשק ללא שימוש או תכנון לא רלוונטי לעבירה עם שימוש בפועל ותכנון פיגועי.

SIMILARITY_SCORE: 30","ok",""
"SH-16-02-10948-419","SH-16-11-19417-55","3","1","1","{""סוג הנשק [אוטומטי]"": 1.0, ""קוטר הנשק"": ""9 ממ"", ""מיקום החזקת הנשק"": ""ארון הבגדים"", ""מספר עבירה"": ""144 א"", ""סוג עבירה"": ""החזקה נשק"", ""סוג הנשק [אקדח]"": 1.0, ""סטטוס הנשק"": ""תקין"", ""תכנון"": ""לא"", ""אופן החזקת הנשק"": ""בבית"", ""שימוש"": ""לא"", ""כמות תחמושת"": ""ללא""}","{""זמן המעצר"": ""26.10.16, 05:00 בבוקר"", ""דגם הנשק"": ""ברטה F84"", ""קליבר הנשק"": ""9 מ\\""מ קצר"", ""מספר סידורי של הנשק"": ""D79906Y"", ""סוג הרכב"": ""מרצדס"", ""מספר רישוי הרכב"": ""53-321-59"", ""מיקום החזקת הנשק"": ""מתחת לכיסא הנהג"", ""מספר עבירה"": ""144 א"", ""סוג עבירה"": ""החזקה נשק"", ""סוג הנשק [אקדח]"": 1.0, ""סטטוס הנשק"": ""נשק מופרד מתחמושת"", ""תכנון"": ""לא"", ""אופן החזקת הנשק"": ""ברכב, מוסלק - מוסתר"", ""כמות תחמושת"": ""מחסנית ובה כדורים"", ""שימוש"": ""לא""}","85.0","1. **סוג העבירה וחומרתה** — שני התיקים עוסקים בהחזקה של נשק לפי סעיף 144(א), ללא שימוש או נסיעה עם נשק — חומרה זהה. אין הבדל מהותי בסוג העבירה.

2. **תפקיד הנאשם ומעורבותו** — אין מידע על תפקידי הנאשמים, אך בשני המקרים מדובר בהחזקה פסיבית (בבית או ברכב), ללא מעורבות פעילה בפיגוע או במעורבות עם אחרים — דמיון גבוה.

3. **שיטת הביצוע (MO)** — בשני המקרים הנשק מוסתר (ארון בגדים / מתחת לכיסא נהג), ללא תכנון, ללא שימוש. הדמיון בדפוס הפעולה גבוה, אם כי ברכב יש מוסתרות מוסברת יותר — אך לא מהותית.

4. **נסיבות הליבה** — בשני המקרים: נשק 9 ממ, תקין או מופרד מתחמושת, ללא שימוש. בתיק 2 יש תחמושת (מחסנית), אך זה לא מגדיל חומרה משמעותית בהחזקה לפי 144(א). אין הבדל מהותי בנסיבות.

5. **ישימות כתקדים** — מאחר ושתיהן עבירות 144(א) עם דפוס דומה של החזקה מוסתרת, ללא תכנון או שימוש, בית המשפט יראה בהן תיקים דומים למדי לצורכי ענישה — תקדים רלוונטי.

SIMILARITY_SCORE: 85","ok",""
"ME-22-03-52964-443","ME-17-05-35227-215","3","1","1","{""מיקום האירוע"": ""מפעל מזון בדיר אל אסד"", ""זמן האירוע"": ""9.3.22 בשעה 12:10"", ""סוג הנשק"": ""אקדח חצי אוטומטי D.D.G מודל 19 קליבר 9 מ\\""מ פרבלום"", ""תיאור התפיסה"": ""הנאשם ניסה להשליך את הנשק והתחמושת לתוך ארגז עופות אך נתפס על ידי השוטרים"", ""מספר עבירה"": ""144 א, 144 ב"", ""סוג עבירה"": ""החזקה נשק, נשיאת נשק, הובלת נשק"", ""עבירות נוספות"": ""הנאשם הורשע בנוסף לעבירות נשק גם בעבירת הפרעה לשוטר במילוי תפקידו לפי סעיף 275 לחוק העונשין. לא צוינו עבירות נוספות שאינן עבירות נשק או הפרעה לשוטר."", ""סוג הנשק [אקדח]"": 1.0, ""סטטוס הנשק"": ""נשק עם מחסנית בהכנס"", ""תכנון"": ""כן"", ""אופן החזקת הנשק"": ""על גופו, מוסלק - מוסתר"", ""כמות תחמושת"": ""מחסנית ובה 16 כדורים, מחסנית נוספת ובה 16 כדורים"", ""מטרה-סיבת העבירה"": ""הגנה עצמית"", ""שימוש"": ""לא""}","{""תאריך העבירה"": ""7 במאי 2017"", ""זמן העבירה"": ""צהריים"", ""סוג הרכב"": ""אופנוע"", ""דגם הרכב"": ""קואנג יאנג טיו"", ""מיקום הנשק ברכב"": ""תא מטען"", ""מספר עבירה"": ""144 ב"", ""סוג עבירה"": ""נשיאת נשק, הובלת נשק"", ""סוג הנשק [תת מקלע מאולתר]"": 1.0, ""סטטוס הנשק"": ""נשק עם מחסנית בהכנס"", ""תכנון"": ""כן"", ""אופן החזקת הנשק"": ""ברכב"", ""שימוש"": ""לא"", ""כמות תחמושת"": ""ללא""}","35.0","1. **סוג העבירה וחומרתה**:  
התיק הראשון כולל עבירות 144(א) ו-144(ב) — החזקה, נשיאה והובלה — בעוד התיק השני מוגבל ל-144(ב) בלבד. זה הבדל מהותי, שכן 144(א) מתייחס להחזקה סטטית, בעוד 144(ב) מתייחס לנשיאה/הובלה — עבירה חמורה יותר. גם אם שניהם כוללים ""הובלה"", התיק הראשון כולל עבירה נוספת (החזקה) שמערבת מעורבות רצינית יותר.

2. **תפקיד הנאשם ומעורבותו**:  
בתיק 1, הנאשם נאשם בהחזקה מוסתרת על גופו, ניסה להשליך את הנשק — מעורבות פעילה ומעורבות ישירה. בתיק 2, הנשק היה בתא מטען באופנוע — מעורבות פחות ישירה, אולי שליח או מוביל. אין מידע על ניסיון להסתיר או להשליך — מעורבות פסיבית יותר.

3. **שיטת הביצוע (MO)**:  
בשני התיקים יש תכנון, אך הדפוס שונה: תיק 1 — נשק מוסתר על הגוף, ניסיון להשליך; תיק 2 — נשק בתא מטען באופנוע. אין דמיון בדפוס ביצוע — אחד מתייחס להסתרה פיזית, השני להובלה ברכב.

4. **נסיבות הליבה**:  
בתיק 1 — כמות תחמושת גדולה (32 כדורים), נשק אקדח חצי אוטומטי, עבירה נוספת (הפרעה לשוטר), מטרה של ""הגנה עצמית"" — עניינים שמעריכים את החומרה. בתיק 2 — נשק מאולתר (תת-מקלע), אך אין מידע על כמות תחמושת או עבירות נוספות. חומרה נמוכה יותר, גם אם יש תכנון.

5. **ישימות כתקדים**:  
בית המשפט לא יראה את התיק השני כתקדים לתיק הראשון — הבדלים מהותיים במעורבות, בסוג העבירה (144א vs 144ב), בכמות תחמושת, ובנוכחות עבירה נוספת. גם אם שניהם נוגעים לנשיאה/הובלה, התיק הראשון כולל רכיב של החזקה מוסתרת ומעורבות ישירה — מה שמעיד על סיכון גבוה יותר.

SIMILARITY_SCORE: 35","ok",""
"ME-18-04-19642-504","ME-21-10-18557-340","3","1","1","{""מיקום האירוע"": ""יער הסמוך לכפר קרע"", ""תאריך האירוע"": ""1.4.18"", ""שעת האירוע"": ""17:00"", ""סוג הנשק"": ""אקדח FN בקוטר 9 מ\\""מ"", ""מספר יריות"": ""11 יריות באוויר"", ""השפעת אלכוהול"": ""הנאשם היה תחת השפעת משקאות אלכוהליים"", ""זיכרון הנאשם"": ""הנאשם אינו זוכר את כל פרטי האירוע"", ""התנהגות במהלך מעצר"": ""הנאשם ניסה להימלט על ידי ניסיון להתניע את רכב המתלוננת"", ""מיקום הנשק בעת המעצר"": ""האקדח הושלך מתחת למושב הרכב"", ""מספר עבירה"": ""144 א, 144 ב"", ""סוג עבירה"": ""נשיאת נשק, הובלת נשק"", ""עבירות נוספות"": ""הנאשם הורשע בנוסף לעבירות נשק (סעיפים 144(א) ו-144(ב) לחוק העונשין) גם בעבירה של מעשי פזיזות ורשלנות לפי סעיף 338(א)(5) לחוק העונשין, שהיא עבירה שאינה עבירת נשק."", ""סוג הנשק [אקדח]"": 1.0, ""סטטוס הנשק"": ""נשק עם כדור בקנה"", ""תכנון"": ""לא"", ""אופן החזקת הנשק"": ""ברכב, על גופו, מוסלק - מוסתר"", ""כמות תחמושת"": ""2 מחסניות, 40 כדורים"", ""מטרה-סיבת העבירה"": ""אלימות במשפחה"", ""שימוש"": ""לא""}","{""סוג הרכב"": ""מאזדה בצבע כחול"", ""מיקום האירוע"": ""כפר אבו סנאן"", ""זמן האירוע"": ""16.9.2021, סמוך לשעה 19:00"", ""מעורבים נוספים"": ""ג'יהאד סואעד, מוחמד פעאור"", ""סוג המאזדה"": ""מאזדה לבנה"", ""מיקום ישיבת הנאשם ברכב"": ""מושב הנוסע"", ""מיקום ישיבת ג'יהאד ברכב"": ""מושב הנהג"", ""מיקום ישיבת א' במאזדה"": ""מושב הנוסע ליד הנהג"", ""מיקום ישיבת מוחמד פעאור במאזדה"": ""מושב הנהג"", ""כיוון ירי הנאשם"": ""כלפי מעלה"", ""מטרת ירי הנאשם"": ""הפחדה או הקנטה של א'"", ""סכסוך קיים"": ""בין הנאשם לא'"", ""מספר עבירה"": ""144 א, 144 ב"", ""סוג עבירה"": ""החזקה נשק, נשיאת נשק, הובלת נשק"", ""עבירות נוספות"": ""הנאשם הורשע בנוסף לעבירות נשק (סעיף 144(א) ו-144(ב) לחוק העונשין) גם בעבירה של ירי מנשק חם לפי סעיף 340א(ב)(1) ו-(2) לחוק העונשין, שהיא עבירה שאינה לפי סעיף 144 ולכן נחשבת לעבירה נוספת."", ""סוג הנשק [תת מקלע מאולתר]"": 1.0, ""סטטוס הנשק"": ""נשק עם כדור בקנה"", ""תכנון"": ""לא"", ""אופן החזקת הנשק"": ""בבית, ברכב"", ""כמות תחמושת"": ""מחסנית ולכל הפחות 2 כדורים"", ""מטרה-סיבת העבירה"": ""הפחדה/הקנטה"", ""שימוש"": ""לא""}","85.0","1. **סוג העבירה וחומרתה**:  
שני התיקים כוללים עבירות לפי סעיפים 144(א) ו-144(ב) — החזקה, נשיאה והובלת נשק — מה שהופך אותם למקבילים בחומרה. בנוסף, שניהם כוללים שימוש בנשק (ירי באוויר/לכיוון מעלה), ועבירה נוספת שאינה עבירת נשק (338(א)(5) vs. 340א). חומרה דומה, אם כי סעיף 340א (ירי מנשק חם) חמור יותר מ-338, אך זה לא מפריע לדמיון מהותי.

2. **תפקיד הנאשם ומעורבותו**:  
בשני המקרים הנאשם היה פעיל — נושא/הוביל נשק, ירה, והיה מעורב ישירות בפעולה. אין הבדל בין יזם לשליח — שניהם ביצעו את העבירה באופן פעיל, גם אם בתקיפה לא מכוונת (הפחדה/קנטה).

3. **שיטת הביצוע (MO)**:  
בדמיון גבוה: נשק נושא ברכב, ירי באוויר/לכיוון מעלה, ללא תכנון, מתוך סכסוך. גם בשתיהן הנשק הוסתר (תחת מושב/ברכב), והשימוש היה ספונטני. דפוס דומה של התנהגות — ירי כהפגנה או פחדה, לא כהתקפה ישירה.

4. **נסיבות הליבה**:  
כמות תחמושת שונה (40 כדורים מול ""לפחות 2""), אך סדר גודל זהה — נשק מוכן לשימוש. שימוש בנשק היה דומה (ירי באוויר/למעלה), סיבה — סכסוך. אין נסיבות מחמירות יוצאות דופן באחד מהתיקים (כמו פגיעה, תכנון, נשק מלחמתי). גם הרגשת האשמה/זיכרון — שניהם לא זוכרים או לא מציינים זיכרון מדויק.

5. **ישימות כתקדים**:  
בית המשפט יראה את שני התיקים כרלוונטיים זה לזה — אותו סוג עבירה (144א+ב), שימוש בנשק, סיבה דומה (סכסוך), סגנון ביצוע דומה (נשיאה ברכב, ירי באוויר), ועבירה נוספת דומה (אך לא זהה). הבדל בסוג הנשק (אקדח vs. תת-מקלע מאולתר) לא מפריע לדמיון מהותי, כי הפסיקה מתייחסת לסוג העבירה ולא לסוג הנשק.

SIMILARITY_SCORE: 85","ok",""
"ME-16-03-59260-279","SH-11-12-35552-181","2","0","1","{""מיקום החזקת הנשק"": ""מחסן חנות דגים"", ""כתובת החנות"": ""רחוב נווה שאנן 37, תל-אביב"", ""סוג האקדח"": ""גלוק"", ""צבע האקדח"": ""שחור"", ""מספר רישום האקדח"": ""F.V.458"", ""סוג התחמושת"": ""כדורי קליבר 9 מ\\""מ"", ""מיקום הירי"": ""רחוב התחייה 19, תל אביב-יפו"", ""סוג הרכב"": ""מרצדס"", ""מיקום נוסף שהוזכר"": ""רחוב המנוע 2, תל אביב-יפו"", ""מספר עבירה"": ""144 א, 144 ב"", ""סוג עבירה"": ""החזקה נשק, נשיאת נשק"", ""סוג הנשק [אקדח]"": 1.0, ""סטטוס הנשק"": ""נשק עם מחסנית בהכנס"", ""תכנון"": ""כן"", ""אופן החזקת הנשק"": ""ברכב, על גופו, מוסלק - מוסתר"", ""כמות תחמושת"": ""מחסנית ובה 14 כדורים"", ""שימוש"": ""לא""}","{""מיקום החזקת הנשק"": ""בארון הבגדים בחדר השינה"", ""אופן אריזת הנשק"": ""עטוף בגרב"", ""מיקום הבית"": ""עיר לוד"", ""תאריך העבירה"": ""14/12/11"", ""מספר עבירה"": ""144 א"", ""סוג עבירה"": ""החזקה נשק"", ""סוג הנשק [אקדח]"": 1.0, ""סטטוס הנשק"": ""תקין"", ""תכנון"": ""כן"", ""אופן החזקת הנשק"": ""בבית, מוסלק - מוסתר"", ""אופן קבלת הנשק"": ""רכש"", ""שימוש"": ""לא"", ""כמות תחמושת"": ""ללא""}","25.0","1. **סוג העבירה וחומרתה**: תיק 1 כולל עבירות 144(א) ו-144(ב) — החזקה ונשיאה/הובלה — בעוד תיק 2 כולל רק 144(א) — החזקה בלבד. ההבדל מהותי: 144(ב) מתייחס לנשיאה פעילה, ומעיד על מעורבות רצינית יותר. לכן, חומרה שונה.

2. **תפקיד הנאשם ומעורבותו**: בתיק 1, הנשק היה ברכב ובהקשר של סכסוך, עם תכנון — מעורבות פעילה. בתיק 2, הנשק היה בארון בבית, עטוף בגרב — מעורבות פסיבית, ללא רמז לנשיאה או שימוש. הבדל מהותי במעורבות.

3. **שיטת הביצוע (MO)**: בתיק 1 — נשק מוסתר ברכב, עם תכנון, בקשר לסכסוך. בתיק 2 — נשק מוסתר בבית, עטוף בגרב, ללא קשר לפעילות חיצונית. דפוסי ביצוע שונים — אחד קשור לפעילות חיצונית, השני פנימי ופסיבי.

4. **נסיבות הליבה**: בתיק 1 — כמות תחמושת (14 כדורים), נשק עם מחסנית בהכנס, מיקום ברכב וברחוב — מצב של הכנה לפעילות. בתיק 2 — נשק ביתי, ללא תחמושת מוזכרת, ללא קשר לפעילות חיצונית. נסיבות מחמירות בתיק 1, פסיביות בתיק 2.

5. **ישימות כתקדים**: בית המשפט לא יראה בתיק 2 תקדים לתיק 1 — הבדלים מהותיים במעורבות, סעיף עבירה, נסיבות, ותכנון. תקדים רלוונטי חייב להיות דומה בפרמטרים עיקריים — כאן אין דמיון מהותי.

SIMILARITY_SCORE: 25","ok",""
"ME-16-06-44840-433","ME-14-10-31218-522","1","0","0","{""שנת לידה"": ""1993"", ""מיקום האירוע"": ""רחוב האפרסמון, ירושלים"", ""תאריך האירוע"": ""5.6.16"", ""מעורבים נוספים"": ""אלירון גולד, רן אברג'יל, יוני אברג'יל, נתי קורקוס"", ""סוגי רימונים"": ""רימון הלם, רימון גז"", ""הדרכה בשימוש בנשק"": ""הנאשם הסביר לאלירון כיצד להשתמש ברימון הגז"", ""העברת נשק"": ""הנאשם העביר רימוני הלם בין מקומות מסתור"", ""מספר עבירה"": ""144 א, 144 ב"", ""סוג עבירה"": ""החזקה נשק, נשיאת נשק"", ""עבירות נוספות"": ""הנאשם הורשע בנוסף לעבירות נשק (סעיף 144) גם בסיוע לנסיון לתקיפה לפי סעיפים 379 + 25 + 31 לחוק העונשין. זוהי עבירה שאינה עבירת נשק."", ""סוג הנשק [רימון הלם/גז]"": 1.0, ""סטטוס הנשק"": ""נשק מופרד מתחמושת"", ""תכנון"": ""כן"", ""אופן החזקת הנשק"": ""מוסלק - מוסתר"", ""שימוש"": ""זריקת רימון"", ""כמות תחמושת"": ""ללא""}","{""שנת לידה"": 1983, ""זמן האירוע"": ""02:45"", ""תאריך האירוע"": ""29/5/14"", ""מיקום האירוע"": ""דיר אל אסד"", ""סוג הרימון"": ""M7290"", ""צבע הרימון"": ""שחור"", ""מספר הרימון"": ""E386201"", ""פגיעה פוטנציאלית"": ""פגיעה גופנית"", ""מטרת הפעולה"": ""השלכת רימון למרפסת"", ""תוצאת הפעולה"": ""התפוצצות וקול נפץ עז"", ""מספר עבירה"": ""144 א"", ""סוג עבירה"": ""החזקה נשק"", ""סוג הנשק [רימון הלם/גז]"": 1.0, ""תכנון"": ""לא"", ""שימוש"": ""זריקת רימון"", ""סטטוס הנשק"": ""נשק עם כדור בקנה"", ""כמות תחמושת"": ""ללא""}","25.0","1. **סוג העבירה וחומרתה**:  
תיק 1 כולל עבירות נשק לפי 144(א) ו-144(ב) – החזקה ונשיאה/הובלה – וכן עבירה נוספת של סיוע לתקיפה. תיק 2 כולל רק 144(א) – החזקה בלבד. ההבדל במעורבות (נשיאה/הובלה מול החזקה בלבד) הוא מהותי ומשפיע על חומרת העבירה והענישה.  
→ דמיון חלקי, אך לא מהותי.

2. **תפקיד הנאשם ומעורבותו**:  
בתיק 1 הנאשם מעורב באופן פעיל – מעביר נשק, מדריך בשימוש, מעורב בתכנון ובעבירה נוספת. בתיק 2 – מעורבות פסיבית יותר: החזקה וזריקה, ללא תכנון או עזרה לתקיפה.  
→ דמיון נמוך.

3. **שיטת הביצוע (MO)**:  
שניהם כוללים זריקת רימון, אך בתיק 1 יש תכנון, הדרכה, מעבר נשק ומעורבות קבוצתית. בתיק 2 – זריקת רימון ללא תכנון, ללא מעורבות נוספת.  
→ דמיון מינימלי.

4. **נסיבות הליבה**:  
בשני התיקים יש שימוש ברימון (סוג דומה), אך בתיק 1 יש תכנון, נשק מופרד מתחמושת, מטרת סכסוך; בתיק 2 – אין תכנון, נשק סמוך לבית, מטרה של השלכה למרפסת.  
→ דמיון בפרטים טכניים, אך לא בנסיבות מהותיות.

5. **ישימות כתקדים**:  
בית המשפט לא יראה בתיק 2 תקדים לתיק 1 – כי הוא חסר את היבטים של נשיאה, תכנון, עזרה לתקיפה, ומעורבות קבוצתית. ההבדלים מהותיים מבחינת ענישה ותפקוד פלילי.  
→ לא רלוונטי כתקדים.

SIMILARITY_SCORE: 25","ok",""
"sh-10-05-7434-952","SH-18-06-11098-353","3","1","1","{""שנת לידה"": 1961, ""מיקום האירוע"": ""רחוב אורלנסקי 11, פתח תקווה"", ""תאריך האירוע"": ""14.4.10"", ""מודלי הנשק"": [""ברטה חצי אוטומטי"", ""לאמה חצי אוטומטי""], ""מספר עבירה"": ""144 א"", ""סוג עבירה"": ""החזקה נשק"", ""סוג הנשק [אקדח]"": 1.0, ""סטטוס הנשק"": ""נשק מפורק"", ""תכנון"": ""לא"", ""אופן החזקת הנשק"": ""בבית, מוסלק - מוסתר"", ""מטרה-סיבת העבירה"": ""אספנות"", ""שימוש"": ""לא"", ""כמות תחמושת"": ""ללא""}","{""סוג רובה"": ""גליל"", ""מספר סידורי נשק"": ""נמחק"", ""תאריך תפיסה"": ""23/05/18"", ""סוג תחמושת"": ""מחסניות ותחמושת"", ""מספר עבירה"": ""144 א"", ""סוג עבירה"": ""החזקה נשק"", ""סוג הנשק [רובה סער]"": 1.0, ""סטטוס הנשק"": ""נשק מופרד מתחמושת"", ""תכנון"": ""לא"", ""אופן החזקת הנשק"": ""בבית, מוסלק - מוסתר"", ""שימוש"": ""לא"", ""כמות תחמושת"": ""ללא""}","90.0","1. **סוג העבירה וחומרתה**: שני התיקים עוסקים בהחזקה של נשק לפי סעיף 144(א) – עבירה זהה, חומרה זהה. אין הבדל מהותי בתקיפת הסעיף או בדרישות הראיה.

2. **תפקיד הנאשם ומעורבותו**: אין מידע על מעורבות פעילה או יזמות – שניהם מתארים החזקה פסיבית בבית, ללא שימוש או תכנון. מעורבות זהה – מחזיק/אחסן.

3. **שיטת הביצוע (MO)**: דפוס זהה – נשק מוסלק ומוסתר בבית, ללא תכנון או שימוש. הבדל בסוג הנשק (אקדח מול רובה סער) אינו מהותי בהקשר של סעיף 144(א), שכן הסעיף לא מבדיל בין סוגי נשק בהחזקה.

4. **נסיבות הליבה**: כמות תחמושת לא מפורטת בתיק 1, אך בתיק 2 מוזכרת ""תחמושת ומחסניות"" – אך זה לא מגדיל חומרה בהחזקה לפי 144(א). אין נסיבות מחמירות (כגון שימוש, תכנון, נשק לא תקין) בשני התיקים.

5. **ישימות כתקדים**: בית המשפט יראה את שני התיקים כרלוונטיים זה לזה – עבירה זהה, מעורבות זהה, נסיבות דומות. הבדל בסוג הנשק אינו מונע שימוש כתקדים בהקשר של ענישה לפי 144(א).

SIMILARITY_SCORE: 90","ok",""
"SH-19-07-60805-168","SH-16-11-7544-55","2","0","1","{""סוג הרכב"": ""לקסוס"", ""מספר רישוי"": ""72-111-79"", ""מיקום החזקת הנשק"": ""תחת שטיח הגלגל הרזרבי"", ""סוג האקדח"": ""גז/הזנקה"", ""שינוי בייעוד הנשק"": ""מסוגל לירות כדורי אקדח"", ""סוג המחסנית"": ""סמית' אנד ווסון"", ""קוטר הכדורים"": ""9 מ\\""מ פאראבלום"", ""מספר עבירה"": ""144 א"", ""סוג עבירה"": ""החזקה נשק"", ""סוג הנשק [אקדח]"": 1.0, ""סטטוס הנשק"": ""נשק עם מחסנית בהכנס"", ""תכנון"": ""לא"", ""אופן החזקת הנשק"": ""ברכב, מוסלק - מוסתר"", ""כמות תחמושת"": ""מחסנית ובה 10 כדורים"", ""שימוש"": ""לא""}","{""מיקום האירוע"": ""מחלף להב-שומריה, כביש 6 לכוון צפון"", ""תאריך האירוע"": ""26.10.16"", ""שם השוטר"": ""מיכאל אדרי"", ""קוטר הקליעים"": ""9 מ\\""מ"", ""מספר עבירה"": ""144 א"", ""סוג עבירה"": ""החזקה נשק"", ""סוג הנשק [תת מקלע מאולתר]"": 1.0, ""סטטוס הנשק"": ""נשק מופרד מתחמושת"", ""תכנון"": ""לא"", ""אופן החזקת הנשק"": ""על גופו, מוסלק - מוסתר"", ""כמות תחמושת"": ""מחסנית ובה 10 כדורים"", ""שימוש"": ""לא""}","75.0","1. **סוג העבירה וחומרתה** — שני התיקים עוסקים בהחזקה של נשק לפי סעיף 144(א), ללא שימוש או נסיעה עם נשק. חומרת העבירה זהה — החזקה בלבד, ללא נסיעה או שימוש.  
2. **תפקיד הנאשם ומעורבותו** — אין מידע על תפקידי הנאשמים, אך בשני המקרים מדובר בהחזקה מוסתרת, ללא מעורבות פעילה בפעילות פלילית נוספת — מעורבות פסיבית דומה.  
3. **שיטת הביצוע (MO)** — בשני המקרים הנשק מוסתר (ברכב או על הגוף), ללא תכנון, עם מחסנית של 10 כדורים 9 מ""מ. דפוס החזקה דומה, אך סוג הנשק שונה (אקדח מול תת-מקלע מאולתר) — הבדל מהותי במאפיין טכני, אך לא בהכרח במאפיין משפטי.  
4. **נסיבות הליבה** — כמות התחמושת זהה (10 כדורים), אין שימוש, אין תכנון. ההבדל במקומם של הנשק (רכב מול גוף) אינו מהותי בעניין ענישה.  
5. **ישימות כתקדים** — למרות הבדל בסוג הנשק, שני התיקים הם 144(א) — החזקה בלבד — ללא נסיעה או שימוש. בית משפט יראה בהם דמיון מהותי להערכה של ענישה, שכן המרכיבים המשפטיים המרכזיים (החזקה, חוסר תכנון, חוסר שימוש) זהים.

SIMILARITY_SCORE: 75","ok",""
"SH-14-11-8987-965","ME-16-12-50986-619","1","0","0","{""שנת לידה"": ""1985"", ""מקום מגורים"": ""ירושלים"", ""סוג האקדח"": ""קולט 45"", ""מיקום האירוע"": ""רח' דוד רזיאל 28, ירושלים"", ""תאריך האירוע"": ""מאי 2014"", ""זמן החזקת הנשק לאחר הגניבה"": ""חודש ימים"", ""מטרת הכניסה לבית המתלונן"": ""ניקיון הבית"", ""מספר עבירה"": ""144 א"", ""סוג עבירה"": ""החזקה נשק"", ""עבירות נוספות"": ""הנאשם הורשע גם בעבירת גניבה לפי סעיף 384 לחוק העונשין, בנוסף לעבירת החזקת נשק שלא כדין לפי סעיף 144(א)."", ""סוג הנשק [אקדח]"": 1.0, ""סטטוס הנשק"": ""תקול"", ""תכנון"": ""לא"", ""אופן החזקת הנשק"": ""בבית, על גופו"", ""אופן קבלת הנשק"": ""גנב"", ""שימוש"": ""לא"", ""כמות תחמושת"": ""ללא""}","{""זמן האירוע"": ""15.12.16, בסמוך לשעה 14:45"", ""מיקום האירוע"": ""שכונה 20 ברהט"", ""סוג הרכב"": ""ב.מ.וו"", ""בעלות על הרכב"": ""הרכב שייך לנאשם"", ""פעולת הנאשם"": ""נסיעה מהירה ליד בתי המתלוננים, ירי באוויר"", ""כוונת הנאשם"": ""להקניט ולהפחיד את המתלוננים"", ""זיהוי הנאשם"": ""נעשה קשה על ידי חבישת כובעים וחם-צוואר"", ""תגובת המתלוננים"": ""ניסיון להסתתר והשלכת צינור לעבר הרכב"", ""מספר עבירה"": ""144 ב"", ""סוג עבירה"": ""נשיאת נשק, הובלת נשק"", ""עבירות נוספות"": ""הנאשם הורשע גם בעבירות שאינן לפי סעיף 144 לחוק העונשין: קשירת קשר לפשע (סעיף 449(א)(1)), איומים (סעיף 192), וירי באזור מגורים (סעיף 340א')."", ""סוג הנשק - אם לא נמצא בטבלה"": ""נשק"", ""סטטוס הנשק"": ""נשק עם כדור בקנה"", ""תכנון"": ""כן"", ""אופן החזקת הנשק"": ""ברכב, על גופו"", ""מטרה-סיבת העבירה"": ""הפחדה ואיומים"", ""שימוש"": ""לא"", ""כמות תחמושת"": ""ללא""}","20.0","1. **סוג העבירה וחומרתה**: תיק 1 עוסק בהחזקה של נשק לא כדין (144א), ללא שימוש, בעוד תיק 2 עוסק בנשיאה והובלה של נשק (144ב) עם שימוש בפועל (ירי באוויר) ותכנון. ההבדל בין 144א ל-144ב מהותי בחומרה ובהקשר משפטי — עבירה של 144ב נוטה להיקבע כחמורה יותר, במיוחד עם שימוש.  
2. **תפקיד הנאשם ומעורבותו**: בתיק 1 הנאשם היה מחזיק נשק שנגנב, ללא תכנון או שימוש — מעורבות פסיבית-אקטיבית. בתיק 2 הנאשם יצר סיטואציה של איום ופחד, עם תכנון, נסיעה מכוונת, וירי — מעורבות אקטיבית, מכוונת ומעורבת בפשע נוסף.  
3. **שיטת הביצוע (MO)**: בתיק 1 — נשק נגנב, נשמר בבית או על גופו, ללא שימוש. בתיק 2 — נשק נושא ברכב, עם כדור בקנה, ירי באוויר כחלק מהתנהגות אגרסיבית. הדפוסים שונים: אחד של מחזיק/נשא פסיבי, השני של נושא אגרסיבי עם מטרה.  
4. **נסיבות הליבה**: בתיק 1 — נשק תקול, ללא שימוש, ללא תכנון. בתיק 2 — נשק פעיל, עם תכנון, שימוש, סכסוך, ועבירות נוספות (איומים, קשר לפשע). סדרי גודל שונים — עבירה מינורית מול עבירה חמורה עם נזק חברתי.  
5. **ישימות כתקדים**: בית המשפט לא יראה את תיק 1 כתקדים רלוונטי לתיק 2 — הבדלים מהותיים במעורבות, חומרה, שימוש, תכנון, וסוג העבירה (144א מול 144ב). אין דמיון מהותי שיאפשר השוואה עניינית.

SIMILARITY_SCORE: 20","ok",""
"SH-16-09-33552-535","ME-16-11-56385-886","1","0","0","{""סוג האקדח"": ""ברטה"", ""קליבר אקדח"": ""0.22"", ""סוג רובה"": ""דמוי M-16"", ""קליבר רובה"": ""5.56 מ\\""מ"", ""סוג תחמושת [9 מ\\""מ]"": 4, ""סוג תחמושת [5.56 מ\\""מ]"": 60, ""מיקום החזקת הנשק"": ""במחסן"", ""אופן הסתרת הנשק"": ""עטוף ומוסלק בבור באדמה"", ""מספר עבירה"": ""144 א"", ""סוג עבירה"": ""החזקה נשק"", ""סוג הנשק [אקדח]"": 1.0, ""סוג הנשק [רובה סער מאולתר]"": 1.0, ""סטטוס הנשק"": ""נשק מופרד מתחמושת"", ""תכנון"": ""כן"", ""אופן החזקת הנשק"": ""מוסלק - מוסתר"", ""כמות תחמושת"": ""מחסנית, מחסנית ריקה ובה 0 כדורים, 4 כדורים, 60 כדורים"", ""שימוש"": ""לא""}","{""תאריך גניבת הנשק"": ""14.10.07"", ""תאריך החזקת הנשק"": ""18.11.16"", ""דגם הנשק"": ""יריחו"", ""מצב הנשק"": ""דרוך, טעון ומוכן לירי"", ""מספר עבירה"": ""144 א"", ""סוג עבירה"": ""החזקה נשק"", ""סוג הנשק [אקדח]"": 1.0, ""סטטוס הנשק"": ""נשק עם כדור בקנה"", ""תכנון"": ""לא"", ""אופן החזקת הנשק"": ""על גופו"", ""שימוש"": ""לא"", ""כמות תחמושת"": ""ללא""}","40.0","1. **סוג העבירה וחומרתה** — שני התיקים עוסקים בהחזקה של נשק לפי סעיף 144(א), ללא נסיעה או נשיאה (144ב), ולכן חומרתם זהה. אין הבדל מהותי בסוג העבירה.

2. **תפקיד הנאשם ומעורבותו** — בשני המקרים מדובר בהחזקה פסיבית (לא יזם, לא סוחר, לא מפעיל), אך בתיק 1 הנשק מוסתר בבור באדמה — מעורבות אקטיבית יותר בתכנון הסתרה; בתיק 2 הנשק על גופו — מעורבות פסיבית יותר. הבדל קל, אך לא מהותי.

3. **שיטת הביצוע (MO)** — בתיק 1: נשק מופרד מתחמושת, מוסתר בבור באדמה, בתכנון. בתיק 2: נשק טעון ומוכן לירי, על גופו, ללא תכנון. דפוסי ביצוע שונים — אחד מוסתר ומעורב בתכנון, השני מוכן לירי ופתוח. הבדל מהותי.

4. **נסיבות הליבה** — בתיק 1: כמות תחמושת גדולה (60 כדורים 5.56 מ""מ + 4 כדורים 9 מ""מ), נשק מאולתר (רובה סער), סמוך לבית. בתיק 2: נשק יחיד (יריחו), טעון, אך ללא תחמושת נוספת. הבדל ניכר בכמות, סיכון ותכנון — מהותי.

5. **ישימות כתקדים** — למרות ששני התיקים הם 144(א), הבדלים בדפוס הסתרה, כמות תחמושת, מצב הנשק (טעון/לא טעון), ותכנון — מונעים מהן לשמש כתקדים זה לזה. בית המשפט יראה בהם מקרים שונים בהקשר של ענישה.

SIMILARITY_SCORE: 40","ok",""
"ME-17-08-28615-573","ME-17-05-35227-215","3","1","1","{""מיקום האירוע"": ""תחנת דלק ליד קיבוץ בית העמק"", ""זמן האירוע"": ""30.7.2017, מ-19:57 עד 23:04"", ""התנהלות הנאשם במהלך האירוע"": ""הנאשם הגיע למתחם, הכניס את התיק לפח אשפה, שהה במקום ולבסוף ניסה לברוח עם התיק כשהוא רואה את השוטרים"", ""אופן התגובה למשטרה"": ""הנאשם ניסה לברוח ולהסתיר את התיק במיכל מחזור לאחר שהבחין בניידת משטרה"", ""מספר שוטרים במעורבות"": ""5 שוטרים"", ""סוג הניידת"": ""ניידת משטרה"", ""מיקום התיק במהלך האירוע"": ""הוכנס לפח אשפה ולאחר מכן למיכל מחזור"", ""מרחק הנאשם מהפח במהלך האירוע"": ""מטרים ספורים"", ""מספר עבירה"": ""144 א, 144 ב"", ""סוג עבירה"": ""החזקה נשק, נשיאת נשק"", ""עבירות נוספות"": ""הנאשם הורשע בנוסף לעבירות נשק (סעיף 144) גם בעבירת הפרעה לשוטר במילוי תפקידו לפי סעיף 275 לחוק העונשין."", ""סוג הנשק [תת מקלע מאולתר]"": 1.0, ""סוג הנשק [רימון הלם/גז]"": 1.0, ""סטטוס הנשק"": ""נשק עם מחסנית בהכנס"", ""תכנון"": ""לא"", ""אופן החזקת הנשק"": ""מוסלק - מוסתר"", ""כמות תחמושת"": ""מחסנית ובה 9 כדורים, 50 כדורים"", ""שימוש"": ""לא""}","{""תאריך העבירה"": ""7 במאי 2017"", ""זמן העבירה"": ""צהריים"", ""סוג הרכב"": ""אופנוע"", ""דגם הרכב"": ""קואנג יאנג טיו"", ""מיקום הנשק ברכב"": ""תא מטען"", ""מספר עבירה"": ""144 ב"", ""סוג עבירה"": ""נשיאת נשק, הובלת נשק"", ""סוג הנשק [תת מקלע מאולתר]"": 1.0, ""סטטוס הנשק"": ""נשק עם מחסנית בהכנס"", ""תכנון"": ""כן"", ""אופן החזקת הנשק"": ""ברכב"", ""שימוש"": ""לא"", ""כמות תחמושת"": ""ללא""}","35.0","1. **סוג העבירה וחומרתה**:  
התיק הראשון כולל עבירות 144(א) ו-144(ב) — החזקה ונשיאה — בעוד התיק השני מוגדר רק כ-144(ב) — נשיאה/הובלה. ההבדל בין החזקה לנשיאה הוא מהותי בחוק, ותיק 144(א) לא ייחשב תקדים לתיק 144(ב). עם זאת, היות והתיק הראשון כולל גם 144(ב), יש כאן חפיפה חלקית, אך לא מלאה.

2. **תפקיד הנאשם ומעורבותו**:  
בתיק 1 הנאשם היה מעורב בפעולה מכוונת — הכניסה של הנשק לפח, ניסיון בריחה, הסתרה — מה שמעיד על מעורבות פעילה ומעורבות ישירה. בתיק 2, הנשק הובל ברכב, אך אין מידע על מעורבות ישירה או התנהגות פסיבית/פעילה — אך היות שמדובר בהובלה, יש מעורבות פעילה. דמיון חלקית, אך לא מדויק.

3. **שיטת הביצוע (MO)**:  
בתיק 1 — נשק מוסתר בפח אשפה, ניסיון בריחה, התנהגות מוטה. בתיק 2 — נשק מוסתר בתא מטען באופנוע, עם תכנון. סגנון הסתרה שונה (פח אשפה מול תא מטען), אך שניהם מוסתרים. תכנון קיים רק בתיק 2 — מה שמעיד על רמת חומרה גבוהה יותר. דמיון מוגבל.

4. **נסיבות הליבה**:  
בשני התיקים — נשק מאולתר עם מחסנית, ללא שימוש. בתיק 1 — כמות תחמושת גדולה (59 כדורים), עבירה נוספת (הפרעה לשוטר), נוכחות שוטרים, ניסיון בריחה. בתיק 2 — אין מידע על כמות תחמושת, אין עבירות נוספות, יש תכנון. הבדלים משמעותיים בנסיבות מחמירות — התיק הראשון חמור יותר.

5. **ישימות כתקדים**:  
בית המשפט לא יראה את התיק הראשון כתקדים רלוונטי לתיק השני, כי: (א) התיק הראשון כולל עבירה של החזקה (144א) שאינה רלוונטית לתיק 144ב, (ב) התיק השני כולל תכנון — שמאפשר ענישה קשוחה יותר, (ג) התיק הראשון כולל עבירה נוספת ונסיבות מחמירות שאינן קיימות בתיק השני. לכן, אין דמיון מהותי שיאפשר שימוש כתקדים.

SIMILARITY_SCORE: 35","ok",""
"SH-16-11-7544-55","ME-16-10-12213-904","1","0","0","{""מיקום האירוע"": ""מחלף להב-שומריה, כביש 6 לכוון צפון"", ""תאריך האירוע"": ""26.10.16"", ""שם השוטר"": ""מיכאל אדרי"", ""קוטר הקליעים"": ""9 מ\\""מ"", ""מספר עבירה"": ""144 א"", ""סוג עבירה"": ""החזקה נשק"", ""סוג הנשק [תת מקלע מאולתר]"": 1.0, ""סטטוס הנשק"": ""נשק מופרד מתחמושת"", ""תכנון"": ""לא"", ""אופן החזקת הנשק"": ""על גופו, מוסלק - מוסתר"", ""כמות תחמושת"": ""מחסנית ובה 10 כדורים"", ""שימוש"": ""לא""}","{""סוג הרכב"": ""סובארו"", ""בעלות על הרכב"": ""רשום על שם אחיו, מג'ד"", ""מיקום החזקת הנשק"": ""מתחת לכיסא הנוסע שליד הנהג"", ""מיקום המחסנית"": ""מתחת לכיסא הנוסע שליד הנהג"", ""מיקום הכדור"": ""במכנסי הנאשם"", ""סוג התחמושת"": ""כדור 9 מ\\""מ"", ""מיקום החזקת הנשק בעת המעצר"": ""במוסך"", ""מיקום המחסנית בעת המעצר"": ""במוסך"", ""מיקום הכדור בעת המעצר"": ""במכנסי הנאשם"", ""מספר עבירה"": ""144 ב"", ""סוג עבירה"": ""נשיאת נשק"", ""סוג הנשק [תת מקלע מאולתר]"": 1.0, ""סטטוס הנשק"": ""נשק מופרד מתחמושת"", ""תכנון"": ""כן"", ""אופן החזקת הנשק"": ""ברכב, מוסלק - מוסתר"", ""כמות תחמושת"": ""מחסנית ריקה ובה 0 כדורים, 1 כדור"", ""שימוש"": ""לא""}","35.0","1. **סוג העבירה וחומרתה**: תיק 1 הוא 144(א) – החזקה בלבד, תיק 2 הוא 144(ב) – נשיאה/הובלה. זהו הבדל מהותי בחומרה ובמשמעות המשפטית – 144(ב) מתייחס לפעילות אקטיבית יותר, ומעורר חשש גבוה יותר לביטחון הציבור.  
2. **תפקיד הנאשם ומעורבותו**: בתיק 1, הנשק היה על גופו – מעורבות ישירה ופיזית. בתיק 2, הנשק היה ברכב, אך הכדור היה במכנסיים – מעורבות מעורבת, אך עם רמז לתכנון (הנשיאה ברכב סמוך לבית).  
3. **שיטת הביצוע (MO)**: בשני התיקים – נשק מאולתר, מוסלק, מוסתר, 9 מ""מ, מופרד מתחמושת. אך בתיק 2 יש תכנון, ובתיק 1 אין. גם המיקום (על גוף מול ברכב) שונה.  
4. **נסיבות הליבה**: כמות התחמושת דומה (10 כדורים מול 1 כדור + מחסנית ריקה) – אך בתיק 2 יש תכנון, ובתיק 1 אין. גם נסיבות החזקה (ברכב סמוך לבית מול על גוף בכביש) שונות.  
5. **ישימות כתקדים**: הבדל בפרק 144(א) מול 144(ב) מונע כמעט תמיד שימוש בתיק אחד כתקדים לשני – הם נוגעים למשמעויות משפטיות שונות. גם הבדלים במעורבות ותכנון מפחיתים את הרלוונטיות.

SIMILARITY_SCORE: 35","ok",""
"ME-15-02-9111-399","ME-14-07-13179-197","1","0","0","{""מיקום האירוע"": ""כפר בענה"", ""זמן האירוע"": ""25.1.15, סמוך לשעה 15:00"", ""סיבת המעצר"": ""מנוסה משוטרים"", ""סוג האקדח"": ""FN"", ""מספר האקדח"": ""74423"", ""קליבר"": ""9 מ\\""מ"", ""מספר עבירה"": ""144 א, 144 ב"", ""סוג עבירה"": ""החזקה נשק, נשיאת נשק"", ""סוג הנשק [אקדח]"": 1.0, ""סטטוס הנשק"": ""נשק מופרד מתחמושת"", ""תכנון"": ""לא"", ""אופן החזקת הנשק"": ""על גופו"", ""כמות תחמושת"": ""מחסנית ובה 13 כדורים"", ""שימוש"": ""לא""}","{""קרבת משפחה"": ""בני דודים"", ""מיקום האירוע"": ""כפר יפיע, אכסאל"", ""סכום החוב"": ""2,000 ₪"", ""מקום עבודה"": ""מגרש לפירוק כלי רכב"", ""סוג הנשק במגרש"": ""אקדח גלוק"", ""מספר יריות"": ""3 יריות"", ""מטרת הירי"": ""הפחדה או הקנטה"", ""זמן הירי"": ""סמוך לשעה 22:30"", ""זמן האירוע במגרש"": ""בין 12.02.13 ל-13.02.13"", ""זמן הירי במגרש"": ""סמוך לשעה 00:12"", ""מספר אנשים במגרש"": ""שלושה"", ""פעולה לאחר הירי"": ""איסוף תרמילי האקדח"", ""מספר עבירה"": ""144 א, 144 ב"", ""סוג עבירה"": ""החזקה נשק, נשיאת נשק"", ""עבירות נוספות"": ""הנאשם הורשע, בנוסף לעבירות נשק לפי סעיף 144, גם בעבירות נוספות: ירי באזור מגורים (סעיף 340א), שיבוש מהלכי משפט (סעיף 244), הפרת הוראה חוקית (סעיף 287(א)), גניבה (סעיף 384), ואיומים (סעיף 192)."", ""סוג הנשק [אקדח]"": 1.0, ""סטטוס הנשק"": ""נשק עם כדור בקנה"", ""תכנון"": ""לא"", ""אופן החזקת הנשק"": ""על גופו"", ""כמות תחמושת"": ""שלוש מחסניות ובהן כדורים"", ""מטרה-סיבת העבירה"": ""בצע כסף"", ""שימוש"": ""לא""}","40.0","1. **סוג העבירה וחומרתה**:  
שני התיקים כוללים עבירות לפי סעיף 144(א) ו-144(ב) — החזקה ונשיאה של נשק — אך בתיק 2 יש שימוש בנשק (ירי), עבירות נוספות חמורות (ירי באזור מגורים, שיבוש משפט, גניבה), ותפיסה של נשק עם כדור בקנה — מה שמעיד על סיכון גבוה יותר. לכן, חומרת העבירה בתיק 2 גבוהה משמעותית.

2. **תפקיד הנאשם ומעורבותו**:  
בשני התיקים הנאשם מחזיק ונושא נשק על גופו, אך בתיק 2 הוא גם יורה — מעורבות פעילה ופוגעת. בתיק 1 אין שימוש, והמעורבות מוגבלת להחזקה. זה מבדיל בין מעורבות פסיבית (תיק 1) לפעילה (תיק 2).

3. **שיטת הביצוע (MO)**:  
בשני המקרים נשק אקדח (אך דגמים שונים), מחזיקים על גופם, ללא תכנון מוקדם, ובסיבה של סכסוך. עם זאת, בתיק 2 יש ירי, איסוף תרמילים, ומעורבות במעגל עבירות רחב יותר — מה שמציג דפוס סיכוני ומעורב יותר.

4. **נסיבות הליבה**:  
כמות התחמושת בתיק 2 (שלוש מחסניות) גדולה יותר, אך החשיבות העיקרית היא בשימוש בנשק — שמעיד על סיכון רציני. בתיק 1 הנשק מופרד מתחמושת, ובתיק 2 יש כדור בקנה — מצב מסוכן יותר. גם נסיבות הירי באזור מגורים (סעיף 340א) מוסיפות חומרה.

5. **ישימות כתקדים**:  
בית המשפט לא יראה בתיק 1 תקדים רלוונטי לתיק 2, שכן התיק השני כולל שימוש בנשק, עבירות נוספות, וסיכון גבוה יותר. ענישה בתיק 2 תישען על עבירות נשק עם שימוש, ולא רק על החזקה. לכן, הדמיון אינו מהותי לצורכי ענישה.

SIMILARITY_SCORE: 40","ok",""
"SH-20-02-52091-995","ME-17-05-35227-215","1","0","0","{""מיקום החזקת הנשק"": ""ארון במטבח"", ""מיקום הבית"": ""שבט אלאעצם"", ""תאריך החזקת הנשק"": ""מיום 14.02.20"", ""תאריך התגלית"": ""16.02.20"", ""שעת התגלית"": ""סמוך לשעה 15:00"", ""סוג הפעילות המשטרתית"": ""חיפוש יזום"", ""מיקום התגלית"": ""בית הנאשם"", ""מספר עבירה"": ""144 א"", ""סוג עבירה"": ""החזקה נשק"", ""סוג הנשק [תת מקלע מאולתר]"": 1.0, ""סטטוס הנשק"": ""נשק מופרד מתחמושת"", ""תכנון"": ""לא"", ""אופן החזקת הנשק"": ""בבית, מוסלק - מוסתר"", ""כמות תחמושת"": ""20 כדורים"", ""שימוש"": ""לא""}","{""תאריך העבירה"": ""7 במאי 2017"", ""זמן העבירה"": ""צהריים"", ""סוג הרכב"": ""אופנוע"", ""דגם הרכב"": ""קואנג יאנג טיו"", ""מיקום הנשק ברכב"": ""תא מטען"", ""מספר עבירה"": ""144 ב"", ""סוג עבירה"": ""נשיאת נשק, הובלת נשק"", ""סוג הנשק [תת מקלע מאולתר]"": 1.0, ""סטטוס הנשק"": ""נשק עם מחסנית בהכנס"", ""תכנון"": ""כן"", ""אופן החזקת הנשק"": ""ברכב"", ""שימוש"": ""לא"", ""כמות תחמושת"": ""ללא""}","25.0","1. **סוג העבירה וחומרתה**: תיק 1 עוסק בהחזקה של נשק (144א), בעוד תיק 2 עוסק בנשיאה/הובלה (144ב) — עבירה חמורה יותר, עם מוטיבציה פעילה. הבדל מהותי בחומרה ובהקשר משפטי.  
2. **תפקיד הנאשם ומעורבותו**: בתיק 1 — החזקה פסיבית בבית, ללא תכנון; בתיק 2 — נסיעה עם נשק ברכב, עם תכנון — מעורבות פעילה ומעורבות בפעילות מובנית.  
3. **שיטת הביצוע (MO)**: בתיק 1 — נשק מוסתר בבית, מופרד מתחמושת; בתיק 2 — נשק ברכב עם מחסנית, מוכן לשימוש. דפוסי ביצוע שונים — אחד סטטי, השני נייד ומעורב בפעילות.  
4. **נסיבות הליבה**: כמות תחמושת (20 כדורים) בתיק 1 לא רלוונטית בתיק 2 (אין מידע), אך בתיק 2 יש תכנון ותאורה של נשק מוכן לשימוש — נסיבות מחמירות.  
5. **ישימות כתקדים**: בית המשפט לא יראה בתיק 1 תקדים לתיק 2 — הבדל מהותי בין 144א ל-144ב, ובהקשר של תכנון, ניוד, וסיכון.  

SIMILARITY_SCORE: 25","ok",""
"SH-16-11-19417-55","SH-16-11-7544-55","3","1","1","{""זמן המעצר"": ""26.10.16, 05:00 בבוקר"", ""דגם הנשק"": ""ברטה F84"", ""קליבר הנשק"": ""9 מ\\""מ קצר"", ""מספר סידורי של הנשק"": ""D79906Y"", ""סוג הרכב"": ""מרצדס"", ""מספר רישוי הרכב"": ""53-321-59"", ""מיקום החזקת הנשק"": ""מתחת לכיסא הנהג"", ""מספר עבירה"": ""144 א"", ""סוג עבירה"": ""החזקה נשק"", ""סוג הנשק [אקדח]"": 1.0, ""סטטוס הנשק"": ""נשק מופרד מתחמושת"", ""תכנון"": ""לא"", ""אופן החזקת הנשק"": ""ברכב, מוסלק - מוסתר"", ""כמות תחמושת"": ""מחסנית ובה כדורים"", ""שימוש"": ""לא""}","{""מיקום האירוע"": ""מחלף להב-שומריה, כביש 6 לכוון צפון"", ""תאריך האירוע"": ""26.10.16"", ""שם השוטר"": ""מיכאל אדרי"", ""קוטר הקליעים"": ""9 מ\\""מ"", ""מספר עבירה"": ""144 א"", ""סוג עבירה"": ""החזקה נשק"", ""סוג הנשק [תת מקלע מאולתר]"": 1.0, ""סטטוס הנשק"": ""נשק מופרד מתחמושת"", ""תכנון"": ""לא"", ""אופן החזקת הנשק"": ""על גופו, מוסלק - מוסתר"", ""כמות תחמושת"": ""מחסנית ובה 10 כדורים"", ""שימוש"": ""לא""}","90.0","1. **סוג העבירה וחומרתה** — שני התיקים עוסקים בעבירה 144(א) — ""החזקה נשק"" — ללא שימוש או נסיעה עם נשק. חומרתם זהה, שכן אין הבדל משפטי בין החזקת אקדח להחזקה תת-מקלע מאולתר בתקיפה זו, כל עוד אין נסיעה או שימוש.  
2. **תפקיד הנאשם ומעורבותו** — אין מידע על זהות הנאשם או תפקודו (למשל: סוחר, שליח, יזם), אך בשני המקרים מדובר בהחזקה פסיבית — ללא מעורבות פעילה בפעילות פלילית נוספת.  
3. **שיטת הביצוע (MO)** — דפוס דומה: נשק מוסתר, מופרד מתחמושת, ללא תכנון. ההבדל במקומם (ברכב מול על הגוף) אינו מהותי מבחינה פלילית, שכן עבירה 144(א) לא מבדילה בין מיקום החזקה.  
4. **נסיבות הליבה** — כמות התחמושת דומה (מחסנית עם כדורים — בתיק 2 מפורטות 10 כדורים, אך זה לא משנה את העבירה). אין שימוש, אין תכנון — נסיבות זהות.  
5. **ישימות כתקדים** — שכן, שני התיקים זהים מהותית מבחינת העבירה, חומרתה, ונסיבות הביצוע. בית משפט יראה בהם תקדים רלוונטי זה לזה, במיוחד בהקשר של ענישה או החלטה על שחרור.

SIMILARITY_SCORE: 90","ok",""
"ME-19-01-53615-8","SH-15-12-65958-120","1","0","0","{""תאריך האירוע"": ""8.1.19"", ""שעת האירוע"": ""שעת לילה"", ""מיקום האירוע"": ""עיר לוד"", ""סוג הרכב"": ""מאזדה"", ""מרחק נסיעה לאחר ירי"": ""עשרות מטרים"", ""מיקום עצירת הרכב"": ""חניית עפר סמוכה"", ""תגובת הנאשם להגעת השוטרים"": ""השליך את הנשק ארצה ונעצר"", ""סוג הנשק המדויק"": ""תת מקלע מאולתר מסוג קרלו"", ""מספר עבירה"": ""144 ב"", ""סוג עבירה"": ""נשיאת נשק, הובלת נשק"", ""עבירות נוספות"": ""הנאשם הורשע בנוסף לעבירת נשק (סעיף 144) גם בעבירה של ירי מנשק חם באזור מגורים, לפי סעיף 340א(ב)(1) לחוק העונשין."", ""סוג הנשק [תת מקלע מאולתר]"": 1.0, ""סטטוס הנשק"": ""נשק עם כדור בקנה"", ""תכנון"": ""לא"", ""אופן החזקת הנשק"": ""ברכב, על גופו"", ""כמות תחמושת"": ""מחסנית טעונה בכדורים"", ""שימוש"": ""לא""}","{""מיקום החזקת הנשק"": ""טייבה"", ""סוגי נשק נוספים"": ""אקדח זיג זאוור, קרלו"", ""קוטר תחמושת"": ""9 מ\\""מ, 7.65 מ\\""מ"", ""מספר כדורים במחסנית"": ""8, 15, 6"", ""מיקומי החזקת הנשק"": ""מעל ארון במטבח, בספרייה"", ""סוגי מחסניות"": ""מחסנית טעונה, מחסנית ריקה"", ""מספר עבירה"": ""144 א"", ""סוג עבירה"": ""החזקה נשק"", ""סוג הנשק [אקדח]"": 1.0, ""סוג הנשק [תת מקלע מאולתר]"": 1.0, ""סטטוס הנשק"": ""נשק עם מחסנית בהכנס"", ""תכנון"": ""כן"", ""אופן החזקת הנשק"": ""בבית, מוסלק - מוסתר"", ""אופן קבלת הנשק"": ""רכש"", ""כמות תחמושת"": ""מחסנית ובה 8 כדורים, מחסנית ובה 15 כדורים, מחסנית ריקה ובה 0 כדורים, מחסנית ובה 6 כדורים"", ""מטרה-סיבת העבירה"": ""הגנה עצמית"", ""שימוש"": ""לא""}","25.0","1. **סוג העבירה וחומרתה**: תיק 1 עוסק בנשיאה והובלת נשק (144ב) עם שימוש ביריה — עבירה חמורה עם נזק פוטנציאלי. תיק 2 עוסק בהחזקה בלבד (144א) ללא שימוש, ובמקרה של תכנון — אך ללא ביצוע. ההבדל בין 144א ל-144ב הוא מהותי, ועבירה עם שימוש (יריה) מוסיפה חומרה משמעותית.  
2. **תפקיד הנאשם ומעורבותו**: בתיק 1 — מעורבות פעילה, ירי, נסיעה, ניסיון בריחה — מעורבות פלילית ישירה. בתיק 2 — החזקה מוסתרת בבית, מטרת הגנה עצמית — מעורבות פסיבית, לא פעילה.  
3. **שיטת הביצוע (MO)**: בתיק 1 — נשק נישא ברכב, בשעת לילה, עם ירי — דפוס של עבירה דינמית. בתיק 2 — נשק מוסתר בבית, ללא תנועה או שימוש — דפוס של אחסון. אין דמיון בדפוס ביצוע.  
4. **נסיבות הליבה**: בתיק 1 — נשק טעון, ירי באזור מגורים, נסיעה קצרה — נסיבות מחמירות. בתיק 2 — נשק מוסתר, תכנון, כמות תחמושת נמוכה יחסית — נסיבות פחות מחמירות, אף שמתוכננות.  
5. **ישימות כתקדים**: בית המשפט לא יראה בתיק 2 תקדים לתיק 1 — הבדל מהותי בסוג העבירה (החזקה מול נשיאה+שימוש), בחומרה, ובמעורבות. תקדים רלוונטי חייב להיות דומה בדפוס עבירה, לא רק בסוג נשק.

SIMILARITY_SCORE: 25","ok",""
"SH-14-02-28659-762","SH-17-10-10556-234","3","1","1","{""מיקום החזקת הנשק"": ""עליית גג של המקלחת"", ""משך זמן החזקת הנשק"": ""כשנתיים"", ""תאריך תחילת החזקת הנשק"": ""11.2.12"", ""מיקום הבית"": ""עזריה"", ""מספר עבירה"": ""144 א"", ""סוג עבירה"": ""החזקה נשק"", ""סוג הנשק [תת מקלע מאולתר]"": 1.0, ""סטטוס הנשק"": ""נשק מופרד מתחמושת"", ""תכנון"": ""לא"", ""אופן החזקת הנשק"": ""בבית, מוסלק - מוסתר"", ""כמות תחמושת"": ""מחסנית וכדורים"", ""מטרה-סיבת העבירה"": ""הגנה עצמית"", ""שימוש"": ""לא""}","{""קוטר הקליעים"": ""8 מ\\""מ"", ""מיקום החזקת הנשק"": ""בחצר הסמוכה לבית, מתחת למזרון בערימת זבל"", ""מרחק החזקת הנשק מהבית"": ""100 מטרים"", ""בעלות הנשק"": ""בבעלות אחר"", ""מספר עבירה"": ""144 א"", ""סוג עבירה"": ""החזקה נשק"", ""סוג הנשק [אקדח]"": 1.0, ""סטטוס הנשק"": ""נשק עם מחסנית בהכנס"", ""תכנון"": ""לא"", ""אופן החזקת הנשק"": ""מוסלק - מוסתר"", ""כמות תחמושת"": ""מחסנית ובה 10 כדורים, מחסנית ריקה ובה 0 כדורים"", ""שימוש"": ""לא""}","70.0","1. **סוג העבירה וחומרתה**: שניהם עבירות 144(א) — החזקת נשק — ללא שימוש או נסיעה עם הנשק, מה שמקטין את החומרה. דמיון גבוה בסוג העבירה, אך נשק מאולתר (תיק 1) מול אקדח (תיק 2) יוצר הבדל בדרגת הסיכון, אם כי שניהם מוגדרים כעבירה של החזקה בלבד.

2. **תפקיד הנאשם ומעורבותו**: בשני המקרים מדובר בהחזקה פסיבית — נשק מוסתר, ללא תכנון או שימוש. אין ראיות ליזמות או מעורבות בפעילות פלילית רחבה. דמיון גבוה במעורבות.

3. **שיטת הביצוע (MO)**: שניהם מוסתרים בקרבה לבית (על גג מקלחת / בחצר סמוכה), אך בדרכים שונות — מוסתר במבנה מול מוסתר בערימת זבל. סגנון ההסתרה דומה, אך לא זהה. דמיון בינוני-גבוה.

4. **נסיבות הליבה**: כמות התחמושת דומה (מחסניות + כדורים), אין שימוש, אין תכנון. נשק מאולתר מול אקדח — הבדל מהותי בסוג, אך לא בהכרח בהיקף הסיכון במערכת של החזקה בלבד. דמיון בינוני.

5. **ישימות כתקדים**: מכיוון ששני התיקים הם 144(א) — החזקה בלבד — ובהקשר דומה (הסתרה, ללא שימוש, ללא תכנון), הם יכולים לשמש כתקדים זה לזה, אם כי הבדל בסוג הנשק (מאולתר מול אקדח) עלול להפחית את הרלוונטיות. עם זאת, במערכת הענישה של 144(א), הבדל זה לא בהכרח מכריע.

SIMILARITY_SCORE: 70","ok",""
"m07001074-98","ME-17-05-35227-215","1","0","0","{""מיקום מציאת הנשק"": ""שטח אדמה הסמוך לכפר מגוריו"", ""מיקום החזקת הנשק"": ""מעל ארון בגדים בבית הנאשם"", ""תאריך מציאת הנשק"": ""31/1/07"", ""תאריך תפיסת הנשק"": ""4/2/07"", ""סוג הצו לחיפוש"": ""צו בית משפט"", ""מספר עבירה"": ""144 א"", ""סוג עבירה"": ""החזקה נשק"", ""סוג הנשק [תת מקלע]"": 1.0, ""סטטוס הנשק"": ""נשק מפורק"", ""תכנון"": ""לא"", ""אופן החזקת הנשק"": ""בבית, מוסלק - מוסתר"", ""אופן קבלת הנשק"": ""מצא"", ""כמות תחמושת"": ""2 מחסניות ריקות ובהן 0 כדורים"", ""שימוש"": ""לא""}","{""תאריך העבירה"": ""7 במאי 2017"", ""זמן העבירה"": ""צהריים"", ""סוג הרכב"": ""אופנוע"", ""דגם הרכב"": ""קואנג יאנג טיו"", ""מיקום הנשק ברכב"": ""תא מטען"", ""מספר עבירה"": ""144 ב"", ""סוג עבירה"": ""נשיאת נשק, הובלת נשק"", ""סוג הנשק [תת מקלע מאולתר]"": 1.0, ""סטטוס הנשק"": ""נשק עם מחסנית בהכנס"", ""תכנון"": ""כן"", ""אופן החזקת הנשק"": ""ברכב"", ""שימוש"": ""לא"", ""כמות תחמושת"": ""ללא""}","15.0","1. **סוג העבירה וחומרתה**: תיק 1 עוסק בהחזקה של נשק לפי 144(א), בעוד תיק 2 עוסק בנשיאה/הובלה לפי 144(ב) — עבירה חמורה יותר ובעלת ממד תנועה. ההבדל חוקי מהותי, ולא ניתן להתייחס לתיק 1 כתקדים לתיק 2.  
2. **תפקיד הנאשם ומעורבותו**: בתיק 1, הנאשם מצא נשק והחזיקו בביתו — מעורבות פסיבית; בתיק 2, הנשק נושא ברכב — מעורבות פעילה ומעורבת בתכנון.  
3. **שיטת הביצוע (MO)**: בתיק 1 — נשק מוסתר בבית, מפורק, ללא תחמושת; בתיק 2 — נשק מאולתר, עם מחסנית, ברכב, בתכנון. דפוסי ביצוע שונים לגמרי.  
4. **נסיבות הליבה**: בתיק 1 — אין תחמושת, אין תכנון, אין שימוש; בתיק 2 — תכנון, נשק מוכן לשימוש, נושא ברכב. נסיבות מחמירות בתיק 2.  
5. **ישימות כתקדים**: בהתחשב בהבדל העבירה (144א מול 144ב), במעורבות, ובנסיבות — בית משפט לא יראה בתיק 1 תקדים רלוונטי לתיק 2.  

SIMILARITY_SCORE: 15","ok",""
"SH-18-07-52337-770","ME-16-06-50916-362","1","0","0","{""תאריך המעצר"": ""15.07.18"", ""מיקום המעצר"": ""רהט"", ""מיקום החזקת הנשק"": ""חדר השינה"", ""משך זמן החזקת הנשק לפני המעצר"": ""עשרה ימים"", ""זהות המחזיק המקורי"": ""לא ידועה"", ""מספר עבירה"": ""144 א"", ""סוג עבירה"": ""החזקה נשק"", ""סוג הנשק [תת מקלע מאולתר]"": 1.0, ""סטטוס הנשק"": ""תקין"", ""תכנון"": ""לא"", ""אופן החזקת הנשק"": ""בבית, מוסלק - מוסתר"", ""שימוש"": ""לא"", ""כמות תחמושת"": ""ללא""}","{""סוג הרכב"": ""סקודה"", ""מועד פסילת הנהיגה"": ""3.2.15"", ""תקופת הפסילה"": ""24 חודשים"", ""מועד תוקף רישיון הנהיגה"": ""2002"", ""מקום האירוע"": ""כפר ג'דידה-מכר"", ""סוג הנשק המדויק"": ""קרל גוסטב"", ""כמות יריות"": ""לא פחות משלושה כדורים"", ""היכרות עם הנאסר"": ""היכרות מוקדמת"", ""זמן האירוע"": ""12.6.16, שעה 18:25"", ""תיאור האירוע"": ""הנאשם נסע לבית אחיו, נשא נשק וירה במהלך ויכוח עם נאסר וקבוצת אנשים"", ""התנהלות הנאשם לאחר הירי"": ""המשיך בנסיעתו, עצר וירה שוב, ולאחר מכן נמלט"", ""מספר עבירה"": ""144 ב"", ""סוג עבירה"": ""נשיאת נשק, הובלת נשק"", ""עבירות נוספות"": ""הנאשם הורשע, בנוסף לעבירות נשק לפי סעיף 144, גם בעבירות נוספות שאינן עבירות נשק: איומים (סעיף 192 לחוק העונשין), ירי באזור מגורים (סעיף 340א לחוק העונשין), מעשה פזיזות ורשלנות (סעיף 338(א)(5) לחוק העונשין), נהיגה בזמן פסילה (סעיף 67 לפקודת התעבורה), ונהיגה ללא רישיון נהיגה (סעיפים 10א ו-62(1) לפקודת התעבורה)."", ""סוג הנשק [תת מקלע]"": 1.0, ""סטטוס הנשק"": ""נשק עם כדור בקנה"", ""תכנון"": ""לא"", ""אופן החזקת הנשק"": ""בבית, ברכב, על גופו"", ""מטרה-סיבת העבירה"": ""הפחדה"", ""שימוש"": ""לא"", ""כמות תחמושת"": ""ללא""}","15.0","1. **סוג העבירה וחומרתה**: תיק 1 עוסק בהחזקה של נשק מאולתר (144א), ללא שימוש או תכנון, בעוד תיק 2 עוסק בנשיאה והובלה של נשק כבד (קרל גוסטב) עם שימוש בירי, עבירות נוספות וסיכון ציבורי גבוה — חומרה וסוג עבירה שונים מהותית.  
2. **תפקיד הנאשם ומעורבותו**: בתיק 1 — מחזיק פסיבי, ללא ידיעה על המקור; בתיק 2 — נושא נשק באופן פעיל, ירה, נמלט — מעורבות אגרסיבית ופעילה.  
3. **שיטת הביצוע (MO)**: בתיק 1 — נשק מוסתר בבית; בתיק 2 — נשק נישא ברכב, נורה בפומבי, עם התנהגות פוגענית — דפוס ביצוע שונה לחלוטין.  
4. **נסיבות הליבה**: בתיק 1 — נשק לא נשתמש, לא תכנון, כמות מינימלית (נשא נשק אחד); בתיק 2 — ירי במרחב מגורים, נשק כבד, עבירות נוספות, סיכון גבוה — נסיבות מחמירות קיצוניות.  
5. **ישימות כתקדים**: בית המשפט לא יראה בתיק 1 תקדים רלוונטי לתיק 2 — הבדלים מהותיים במעורבות, חומרה, שימוש, ונסיבות — אין שום בסיס להשוואה עניינית.

SIMILARITY_SCORE: 15","ok",""
"SH-17-11-53539-235","m07001074-98","3","1","1","{""סוג הנשק [קליעי ספוג]"": 2.0, ""סוג הנשק [אגרופן]"": 1.0, ""סוג הנשק [סכין קומנדו]"": 1.0, ""כלי נשק נוספים"": ""קליעי ספוג, אגרופן, סכין קומנדו"", ""כמות כלי נשק"": 5, ""כמות כדורים"": 28, ""קוטר כדורים"": ""9 מ\\""מ"", ""קוטר קליעי ספוג"": ""40 מ\\""מ"", ""מיקום החזקת הנשק"": ""בית הנאשם"", ""תקופת החזקת הנשק"": ""2012-2017"", ""חוסר רישיון נשק"": ""כן"", ""מספר עבירה"": ""144 א"", ""סוג עבירה"": ""החזקה נשק"", ""סוג הנשק [אקדח]"": 1.0, ""סוג הנשק - אם לא נמצא בטבלה"": ""אקדח אויר"", ""סטטוס הנשק"": ""נשק מופרד מתחמושת"", ""תכנון"": ""כן"", ""אופן החזקת הנשק"": ""בבית, מוסלק - מוסתר"", ""כמות תחמושת"": ""מחסנית ריקה ובה 0 כדורים, 28 כדורים"", ""מטרה-סיבת העבירה"": ""הגנה עצמית"", ""שימוש"": ""לא""}","{""מיקום מציאת הנשק"": ""שטח אדמה הסמוך לכפר מגוריו"", ""מיקום החזקת הנשק"": ""מעל ארון בגדים בבית הנאשם"", ""תאריך מציאת הנשק"": ""31/1/07"", ""תאריך תפיסת הנשק"": ""4/2/07"", ""סוג הצו לחיפוש"": ""צו בית משפט"", ""מספר עבירה"": ""144 א"", ""סוג עבירה"": ""החזקה נשק"", ""סוג הנשק [תת מקלע]"": 1.0, ""סטטוס הנשק"": ""נשק מפורק"", ""תכנון"": ""לא"", ""אופן החזקת הנשק"": ""בבית, מוסלק - מוסתר"", ""אופן קבלת הנשק"": ""מצא"", ""כמות תחמושת"": ""2 מחסניות ריקות ובהן 0 כדורים"", ""שימוש"": ""לא""}","45.0","1. **סוג העבירה וחומרתה**:  
שניהם עבירות לפי סעיף 144(א) – החזקת נשק ללא רישיון. חומרה זהה, שכן אין שימוש בנשק או נסיבות מחמירות נוספות.  
2. **תפקיד הנאשם ומעורבותו**:  
בשני המקרים הנאשם הוא החזקן – לא יזם, לא סוחר, לא נושא/הוביל. מעורבות פסיבית – החזקה במרחב פרטי.  
3. **שיטת הביצוע (MO)**:  
בדומה – נשק מוסתר בבית, מופרד/מפורק, ללא תחמושת פעילה. אך בתיק 1 יש תכנון ותאורה של מטרה (""הגנה עצמית""), בעוד בתיק 2 אין תכנון, והנשק נמצא בזמני.  
4. **נסיבות הליבה**:  
בתיק 1 – כמות גדולה של תחמושת (28 כדורים), נשק מגוון (אקדח, סכין, קליעי ספוג), תכנון. בתיק 2 – נשק מפורק, תחמושת אפס, נמצאו בזמני. סדרי גודל שונים.  
5. **ישימות כתקדים**:  
למרות ששני התיקים הם 144(א), ההבדלים במעורבות, תכנון, כמות תחמושת וסוג הנשק (אקדח vs תת-מקלע) מקטינים את הרלוונטיות הדינמית. בית משפט לא יראה בהם תקדים זה לזה, במיוחד בהקשר של ענישה.

SIMILARITY_SCORE: 45","ok",""
"ME-16-11-69158-529","ME-12-03-13401-281","3","1","1","{""מיקום האירוע"": ""טייבה"", ""תאריך האירוע"": ""23.11.16"", ""סוג התחמושת"": ""9 מ\\""מ"", ""מיקום החבייה"": ""מתחת למושב הנהג ומושב סמוך"", ""סוג האירוע"": ""אירוע משפחתי"", ""מיקום טמינת הנשק"": ""באדמה סמוך לבית הנאשם"", ""סוג הנשק המדויק"": ""קרל גוסטב"", ""מספר עבירה"": ""144 ב"", ""סוג עבירה"": ""נשיאת נשק"", ""עבירות נוספות"": ""הנאשם הורשע בנוסף לעבירות נשק (סעיף 144) גם בעבירה של ירי באזור מגורים לפי סעיף 340א לחוק העונשין."", ""סוג הנשק [תת מקלע]"": 1.0, ""סטטוס הנשק"": ""נשק עם כדור בקנה"", ""תכנון"": ""כן"", ""אופן החזקת הנשק"": ""בבית, ברכב, מוסלק - מוסתר"", ""שימוש"": ""לא"", ""כמות תחמושת"": ""ללא""}","{""סוג האקדח"": ""CZ קליבר 9 מ\\""מ"", ""מקור הנשק"": ""נגנב"", ""תאריך גניבת הנשק"": ""3.2.12"", ""מיקום הגניבה"": ""ביישוב ציפורי"", ""מיקום הירי"": ""רחוב שיבת ציון בחיפה"", ""זמן הירי"": ""סמוך לשעה 00:38"", ""זמן המעצר"": ""סמוך לשעה 1:50"", ""מצב הנשק בעת המעצר"": ""טעון עם כדור בקנה ופטיש האקדח משוך לאחור"", ""מספר כדורים שנורו"": ""11"", ""מספר עבירה"": ""144 א, 144 ב"", ""סוג עבירה"": ""החזקה נשק, נשיאת נשק, הובלת נשק"", ""עבירות נוספות"": ""הנאשם הורשע גם בעבירה של ירי באזור מגורים לפי סעיף 340א לחוק העונשין, שהיא עבירה שאינה לפי סעיף 144."", ""סוג הנשק [אקדח]"": 1.0, ""סטטוס הנשק"": ""נשק עם כדור בקנה"", ""תכנון"": ""לא"", ""אופן החזקת הנשק"": ""ברכב"", ""כמות תחמושת"": ""2 מחסניות ובהן כדורים, 11 כדורים"", ""שימוש"": ""לא""}","55.0","1. **סוג העבירה וחומרתה**:  
שני התיקים כוללים עבירות לפי סעיף 144 – אך תיק 1 מוגדר כ-144(ב) בלבד (נשיאה), בעוד תיק 2 כולל גם 144(א) (החזקה) וגם 144(ב) (נשיאה/הובלה). הבדל זה מהותי, שכן 144(א) הוא עבירה פחות חמורה. עם זאת, שניהם כוללים ירי באזור מגורים (340א), מה שמגדיל את החומרה והדמיון.

2. **תפקיד הנאשם ומעורבותו**:  
בשני המקרים הנאשם הוא יזם/משתתף פעיל – בתקיף 1 נושא נשק לחתונה (תכנון), בתקיף 2 ירה במרחב ציבורי (ללא תכנון). מעורבותם פעילה, אך בתקיף 1 יש מוטיבציה ספציפית (אירוע משפחתי), ובתקיף 2 אין תכנון – מה שמאפשר הבחנה במעורבות.

3. **שיטת הביצוע (MO)**:  
בשני המקרים הנשק היה טעון עם כדור בקנה, נישא ברכב, ונעשה בו שימוש בירי. עם זאת, בתקיף 1 הנשק היה מאולתר (תת-מקלע) וטמון באדמה, בעוד בתקיף 2 אקדח נגנב, נישא ברכב, ונורה במרחב ציבורי. הדמיון ב-“MO” חלקי – אמצעים דומים (רכב, נשק טעון), אך סגנון ותכלית שונים.

4. **נסיבות הליבה**:  
בשני המקרים יש ירי באזור מגורים, אך בתקיף 1 יש תכנון וקשר לאירוע משפחתי, ובתקיף 2 אין תכנון, אך יש כמות תחמושת (11 כדורים) ומקור נגנוב. סדר גודל התחמושת דומה (כ-10 כדורים), אך בתקיף 2 יש נגניבה – נסיבה מחמירה נוספת.

5. **ישימות כתקדים**:  
בית המשפט יראה בתקיף 2 כרלוונטי יותר כתקדים לתיק 1, שכן הוא כולל גם 144(ב) וגם ירי, אך הבדל במקור הנשק (נגנוב מול מאולתר/טמון) ובתכנון מפחית את הדמיון. תקיף 1 לא יכול לשמש כתקדים לתיק 2, שכן הוא לא כולל 144(א). עם זאת, בהקשר של ענישה על ירי + נשיאת נשק – יש דמיון מהותי מסוים.

SIMILARITY_SCORE: 55","ok",""
"ME-21-06-43085-219","SH-17-08-47445-166","1","0","0","{""קליבר הכדורים"": ""9 מ\\""מ"", ""מספר נפגעים"": 0, ""נזק לרכוש"": ""רכב המנהל נפגע ממספר כדורים, כדור אחד חדר לקרוואן ופגע בארון"", ""מיקום האירוע"": ""בית הספר הטכנולוגי בערוער"", ""קשר למנהל"": ""היכרות מוקדמת וקרבה משפחתית"", ""זמן האירוע"": ""23.05.21, סמוך לשעה 11:50 ושוב בסמוך לשעה 12:50"", ""סיבת הוויכוח"": ""לא מצוין במפורש, אך התפתח משיחה בין הנאשם למנהל"", ""מספר עבירה"": ""144 א, 144 ב"", ""סוג עבירה"": ""החזקה נשק, נשיאת נשק"", ""עבירות נוספות"": ""הנאשם הורשע בנוסף לעבירות נשק (סעיף 144) גם בעבירות נוספות: ירי מנשק חם (סעיף 340א(ב)(1)), היזק בזדון (סעיף 452), חבלה במזיד (סעיף 413ה'), נהיגה ללא רישיון נהיגה (פקודת התעבורה סעיף 10(א)), ונהיגה ללא פוליסת ביטוח בתוקף (פקודת ביטוח רכב מנועי סעיפים 2(א) ו-2(ב))."", ""סוג הנשק [אקדח]"": 1.0, ""סטטוס הנשק"": ""נשק עם כדור בקנה"", ""תכנון"": ""כן"", ""אופן החזקת הנשק"": ""ברכב, על גופו"", ""שימוש"": ""לא"", ""כמות תחמושת"": ""ללא""}","{""תאריך המעצר"": ""09.08.2018"", ""מיקום החזקת הנשק"": ""כסיפה"", ""סוג הנשק [חפץ דמוי תת מקלע]"": 1.0, ""סוג האקדח"": ""FN"", ""אופן הפזורה"": ""סביב הישוב"", ""מספר עבירה"": ""144 א"", ""סוג עבירה"": ""החזקה נשק"", ""סוג הנשק [אקדח]"": 1.0, ""סוג הנשק - אם לא נמצא בטבלה"": ""חפץ דמוי תת מקלע מאולתר"", ""סטטוס הנשק"": ""תקין"", ""תכנון"": ""לא"", ""אופן החזקת הנשק"": ""בבית"", ""שימוש"": ""לא"", ""כמות תחמושת"": ""ללא""}","15.0","1. **סוג העבירה וחומרתה**: תיק 1 כולל עבירות נשק חמור (144א+ב) עם שימוש בפועל (ירי), עבירות חבלה, היזק, ונהיגה לא חוקית — חומרה גבוהה. תיק 2 הוא רק 144א (החזקה בלבד), ללא שימוש, ללא נפגעים, ללא תכנון — חומרה נמוכה. הבדל מהותי בדרישות הפליליות והענישה.

2. **תפקיד הנאשם ומעורבותו**: בתיק 1 — מעורבות פעילה, יזם, ביצוע ירי, נסיעה עם נשק, סכסוך אישי. בתיק 2 — החזקה פסיבית בבית, ללא קשר לפעילות פלילית נוספת. אין דמיון במעורבות.

3. **שיטת הביצוע (MO)**: תיק 1 — נשק עם כדור בקנה, נישא על גופו, ניצל בירי, תכנון. תיק 2 — נשק מאולתר, נח בבית, ללא תכנון או שימוש. דפוסי ביצוע שונים לחלוטין.

4. **נסיבות הליבה**: תיק 1 — נשק 9מ""מ, ירי, נזק לרכוש, סכסוך אישי, תכנון. תיק 2 — נשק מאולתר, החזקה בכסיפה, ללא נפגעים, ללא תכנון. סדרי גודל שונים — אחד פלילי-עוצמתי, השני מינימלי.

5. **ישימות כתקדים**: בית המשפט לא יראה בתיק 2 תקדים לתיק 1 — הבדלים מהותיים במעורבות, חומרה, שימוש, תכנון. עבירה של 144א בלבד לא תקדים עבירה של 144ב עם שימוש ועבירות נוספות.

SIMILARITY_SCORE: 15","ok",""
"ME-16-05-19384-544","m08000207-175","1","0","0","{""מקום החבייה"": ""שכונה סמוכה למקום מגוריו"", ""מחיר נשק קרל גוסטב"": ""3000 ₪"", ""מחיר מכירה נשק קרל גוסטב לחרוב"": ""3500 ₪"", ""תאריך פיגוע ירי על ידי חרוב"": ""9.3.16"", ""מיקום פיגוע ירי"": ""ירושלים, צומת רמות ושמעון הצדיק"", ""סוג תחמושת"": ""כדורי תחמושת לנשק קרל גוסטב"", ""מספר כדורים שנמכרו"": ""10"", ""מקום חיפוש נשק על ידי כוחות הביטחון"": ""קלנדיה"", ""תאריך החלטה לירות על כוחות הביטחון"": ""14.11.15"", ""מספר כדורים שנורו"": ""5"", ""מספר רכבים של כוחות הביטחון שנזוהו"": ""3"", ""מספר נשקים שנמכרו למחיסן"": ""2"", ""מחיר נשק למחיסן"": ""4000 ₪ לכל נשק"", ""מספר נשקים שנרכשו מאחר"": ""לא צוין מספר מדויק"", ""מספר עבירה"": ""144 א, 144 ב"", ""סוג עבירה"": ""נשיאת נשק, סחר בנשק"", ""עבירות נוספות"": ""הנאשם הורשע גם בעבירת ניסיון לחבלה חמורה לפי סעיף 333 בצירוף סעיף 25 לחוק העונשין, שאינה עבירת נשק לפי סעיף 144."", ""סוג הנשק - אם לא נמצא בטבלה"": ""רובה מסוג תבור, קרל גוסטב"", ""סטטוס הנשק"": ""נשק מופרד מתחמושת"", ""תכנון"": ""כן"", ""אופן החזקת הנשק"": ""בבית, על גופו, מוסלק - מוסתר"", ""אופן קבלת הנשק"": ""רכש"", ""כמות תחמושת"": ""10 כדורים"", ""מטרה-סיבת העבירה"": ""בצע כסף"", ""שימוש"": ""לא""}","{""זמן האירוע"": ""12.7.08 בשעה 00:55"", ""מיקום האירוע"": ""סמוך לצומת הערבה"", ""סוג הנשק [קוטר]"": ""0.9 מ\\""מ"", ""משקל החשיש"": ""1.36 גרם נטו"", ""מספר עבירה"": ""144 ב"", ""סוג עבירה"": ""נשיאת נשק"", ""עבירות נוספות"": ""הנאשם הורשע בנוסף לעבירות נשק (סעיף 144(ב) לחוק העונשין) גם בשתי עבירות של החזקת סם לצריכה עצמית בלבד, לפי סעיף 7(א)+(ג) סיפא לפקודת הסמים המסוכנים."", ""סוג הנשק [אקדח]"": 1.0, ""סטטוס הנשק"": ""נשק עם מחסנית בהכנס"", ""תכנון"": ""לא"", ""אופן החזקת הנשק"": ""ברכב"", ""כמות תחמושת"": ""מחסנית ובה 15 כדורים, מחסנית ובה 10 כדורים"", ""שימוש"": ""לא""}","15.0","1. **סוג העבירה וחומרתה**:  
תיק 1 עוסק בנשיאה וסחר בנשק (144א+ב) עם תכנון, שימוש בירי, ועבירה נוספת של ניסיון לחבלה — עבירה חמורה עם מטרה פוליטית/אימפריאלית. תיק 2 עוסק בנשיאה בלבד (144ב) ללא תכנון, ללא שימוש, ועם עבירות סמים נלוות — עבירה פחות חמורה, ללא מטרה פוליטית. דמיון נמוך.

2. **תפקיד הנאשם ומעורבותו**:  
בתיק 1 — הנאשם יזם, סוחר, השתתף בפיגוע ירי. בתיק 2 — נושא נשק ללא תכנון או שימוש, מעורבות פסיבית יותר. אין דמיון במעורבות.

3. **שיטת הביצוע (MO)**:  
תיק 1 — תכנון, מכירה, שימוש בירי, נשק כבד (קרל גוסטב). תיק 2 — נשק קל (אקדח), ללא תכנון, ללא שימוש, נושא ברכב. סגנון ביצוע שונה לחלוטין.

4. **נסיבות הליבה**:  
תיק 1 — תחמושת מוגבלת אך בשימוש, נשק עם כדור בקנה, מטרה פיננסית/פוליטית, פיגוע ירי. תיק 2 — תחמושת גדולה יותר אך לא נורו, נשק ללא כדור בקנה, מטרה לא ברורה, ללא פיגוע. הבדלים מהותיים.

5. **ישימות כתקדים**:  
בית המשפט לא יראה בתיק 2 תקדים לתיק 1 — הבדלים בדרישות ההליך (144ב בלבד מול 144א+ב), חומרה, תכנון, שימוש, ועבירות נלוות. אין רלוונטיות עניינית.

SIMILARITY_SCORE: 15","ok",""
"SH-11-05-24791-315","ME-16-02-59812-881","1","0","0","{""מיקום החזקת הנשק"": ""כפר עין-נקובא"", ""סוג האקדח"": ""FN"", ""סוג המחסניות"": ""תואמות לאקדח FN"", ""זמן החזקת הנשק"": ""19/07/09 בשעה 21:00"", ""מספר עבירה"": ""144 א"", ""סוג עבירה"": ""החזקה נשק"", ""סוג הנשק [אקדח]"": 1.0, ""סטטוס הנשק"": ""נשק מופרד מתחמושת"", ""תכנון"": ""לא"", ""אופן החזקת הנשק"": ""בבית"", ""אופן קבלת הנשק"": ""מאחר"", ""כמות תחמושת"": ""2 מחסניות"", ""שימוש"": ""לא""}","{""מקום עבודה"": ""בית ספר יסודי"", ""תפקיד בעבודה"": ""מאבטחת"", ""סוג האקדח"": ""תארוס 9 מ\\""מ"", ""תקופת העבירות"": ""יולי 2015 - פברואר 2016"", ""סוגי סמים"": ""חשיש, הרואין"", ""כמות סם הרואין"": ""ארבע חבילות"", ""מחיר מכירת הנשק"": ""8,000 ₪"", ""סכום כסף במזומן"": ""8,000 ₪"", ""שם הקונה"": ""מחמוד צאלוק"", ""סיבת מכירת הנשק"": ""צורך בכסף לרכישת סמים"", ""תיאור האירוע המזויף"": ""שוד בו נגנב האקדח"", ""תגובת מעבידה לאירוע השוד"": ""פנייה מיידית למשטרה"", ""תאריך הדיווח על השוד"": ""18.2.16"", ""מספר עבירה"": ""144 ב"", ""סוג עבירה"": ""סחר בנשק"", ""עבירות נוספות"": ""הנאשם הואשם והורשע בנוסף לעבירת נשק (סחר בנשק לפי סעיף 144(ב2)), גם בעבירות מסירת ידיעה כוזבת על עבירת פשע (סעיף 243 לחוק העונשין) ושיבוש הליכי משפט (סעיף 244 לחוק העונשין). אלו אינן עבירות נשק."", ""סוג הנשק [אקדח]"": 1.0, ""סטטוס הנשק"": ""נשק מופרד מתחמושת"", ""תכנון"": ""לא"", ""אופן החזקת הנשק"": ""בבית"", ""כמות תחמושת"": ""2 מחסניות, 20 כדורים"", ""מטרה-סיבת העבירה"": ""בצע כסף"", ""שימוש"": ""לא""}","20.0","1. **סוג העבירה וחומרתה**: תיק 1 עוסק בהחזקה של נשק (144א), ללא תכנון או שימוש, בעוד תיק 2 עוסק בסחר בנשק (144ב), עם מטרה מסחרית, עבירות נוספות (שיבוש משפט, ידיעה כוזבת) וקשר לסמים — חומרה מהותית גבוהה יותר. אין דמיון מהותי בעבירה עצמה.

2. **תפקיד הנאשם ומעורבותו**: בתיק 1 — החזקה פסיבית, לא יזם. בתיק 2 — מאבטחת שמכרה נשק בעבור סמים, מעורבת במערכת פשע, יזמה את העבירה. מעורבות פעילה ומעורבות פלילית רחבה יותר — לא דומים.

3. **שיטת הביצוע (MO)**: בתיק 1 — נשק נחטף או נתקבל מאחר, נשמר בבית. בתיק 2 — נשק נלקח מהעבודה, נמכר במתן ידיעה כוזבת, עם תכנון מוטה (אף ש""תכנון: לא"" מופיע, יש סימנים של תכנון עקיף). סגנון ביצוע שונה — לא דומים.

4. **נסיבות הליבה**: כמות תחמושת דומה (2 מחסניות), אך בתיק 2 יש קשר לסמים, סכום כסף, עבירות נוספות, ותיעוד של שוד מזויף — נסיבות מחמירות משמעותיות. אין דמיון בנסיבות הליבה.

5. **ישימות כתקדים**: בית משפט לא יראה בתיק 1 תקדים לתיק 2 — הבדל מהותי בין 144א ל-144ב, עבירות נוספות, מטרה מסחרית, וקשר לסמים. לא רלוונטי כתקדים ענייני.

SIMILARITY_SCORE: 20","ok",""
"ME-16-01-31498-921","ME-16-10-9348-780","1","0","0","{""תפקיד הנאשם"": ""חייל קרבי"", ""יחידה"": ""גדוד נצח יהודה"", ""מיקום הבסיס"": ""נווה יאיר"", ""תאריך הגניבה"": ""06.01.16"", ""תאריך המעצר"": ""07.01.16"", ""אופן המעצר"": ""במהלך פעילות משטרתית"", ""מקום המגורים של הנאשם"": ""אשדוד"", ""אופן ההחבאה"": ""בתיק גב"", ""מספר עבירה"": ""144 ב"", ""סוג עבירה"": ""נשיאת נשק, הובלת נשק"", ""עבירות נוספות"": ""הנאשם הורשע גם בעבירת גניבה לפי סעיף 384 לחוק העונשין, בנוסף לעבירות נשק לפי סעיף 144."", ""סוג הנשק [רימון הלם/גז]"": 1.0, ""סוג הנשק - אם לא נמצא בטבלה"": ""ארבעה רימוני יד/מדוכה מספר 400 ושלושה רימוני יד הלם סינוור M7290"", ""סטטוס הנשק"": ""נשק מופרד מתחמושת"", ""תכנון"": ""כן"", ""אופן החזקת הנשק"": ""מוסלק - מוסתר"", ""אופן קבלת הנשק"": ""גנב"", ""מטרה-סיבת העבירה"": ""בצע כסף"", ""שימוש"": ""לא"", ""כמות תחמושת"": ""ללא""}","{""סוג תחמושת"": ""כדורי צייד קליבר 12 מ\\""מ"", ""מקום החזקת התחמושת"": ""מחסן הבית"", ""סכום כסף נגנב"": ""3500 ₪"", ""סכום שיק נגנב"": ""500 ₪"", ""מקום העצירה"": ""קריית גת"", ""מעורבים נוספים"": ""מוחמד יונס, הקטין פ. י."", ""מקום מגורי הקטין"": ""ערערה"", ""מספר עבירה"": ""144 ב"", ""סוג עבירה"": ""נשיאת נשק"", ""סוג הנשק [רובה צייד]"": 1.0, ""סטטוס הנשק"": ""נשק מופרד מתחמושת"", ""תכנון"": ""לא"", ""אופן החזקת הנשק"": ""בבית, ברכב"", ""כמות תחמושת"": ""75 כדורים"", ""שימוש"": ""לא""}","35.0","1. **סוג העבירה וחומרתה**:  
שניהם涉及 עבירה לפי סעיף 144(ב) – נשיאת נשק, מה שהופך אותם למחולקים בדרגת החומרה. עם זאת, תיק 1 כולל גם עבירת גניבה ותכנון, בעוד תיק 2 נוגע לתחמושת בכמות גדולה (75 כדורים) אך ללא תכנון ובעיקר מסובך בסכסוך – מה שמשאיר את העבירה פחות מוצלחת אך עם רמת סיכון גבוהה יותר.

2. **תפקיד הנאשם ומעורבותו**:  
בתיק 1 – חייל קרבי שגנב נשק מבסיסו, מעורבות פעילה ומיידית במערכת הביטחון. בתיק 2 – לא צוין תפקיד, אך מעורבות עם ק틴 ומעורבים נוספים, ומעורבות נראית פחות ארגונית. ההבדל במעמד ובמעורבות פוטנציאלי מפחית דמיון מהותי.

3. **שיטת הביצוע (MO)**:  
בתיק 1 – גניבה מבסיס, נשק מוסתר בתיק גב, תכנון. בתיק 2 – נשק נחזה בבית/ברכב, ללא תכנון, עם תחמושת בכמות משמעותית. הדפוס שונה – אחד פלילי-מilitרי, השני אזרח-פנימי. אין דמיון בדפוס ביצוע.

4. **נסיבות הליבה**:  
בשני התיקים – נשק מופרד מתחמושת, אין שימוש בנשק. אך בתיק 2 יש כמות תחמושת גדולה (75 כדורים) וסיבה של סכסוך, בעוד בתיק 1 – תכנון, גניבה, מטרה פיננסית. הבדלים משמעותיים בהקשר, בהיקף ובמטרה.

5. **ישימות כתקדים**:  
השאלה היא האם בית משפט יראה את התיקים כרלוונטיים לצורכי ענישה. למרות ששתיהן עבירות 144(ב), ההבדלים במעורבות, בדפוס, בהקשר, ובמטרות מפחיתים מאוד את היכולת להשתמש באחד כתקדים לעניין ענישה. הם נמצאים בקוטב שונה של הספקטרום הפלילי.

SIMILARITY_SCORE: 35","ok",""
"ME-09-11-7566-913","ME-16-06-50916-362","1","0","0","{""זמן העבירה"": ""17:00"", ""תאריך העבירה"": ""05.11.09"", ""מיקום החזקת הנשק"": ""מתחת לריפוד במושב שליד הנהג"", ""דגם הנשק"": ""webiey"", ""מספר עבירה"": ""144 א, 144 ב"", ""סוג עבירה"": ""החזקה נשק, נשיאת נשק, הובלת נשק"", ""סוג הנשק [אקדח]"": 1.0, ""סטטוס הנשק"": ""תקול"", ""תכנון"": ""לא"", ""אופן החזקת הנשק"": ""ברכב, מוסלק - מוסתר"", ""שימוש"": ""לא"", ""כמות תחמושת"": ""ללא""}","{""סוג הרכב"": ""סקודה"", ""מועד פסילת הנהיגה"": ""3.2.15"", ""תקופת הפסילה"": ""24 חודשים"", ""מועד תוקף רישיון הנהיגה"": ""2002"", ""מקום האירוע"": ""כפר ג'דידה-מכר"", ""סוג הנשק המדויק"": ""קרל גוסטב"", ""כמות יריות"": ""לא פחות משלושה כדורים"", ""היכרות עם הנאסר"": ""היכרות מוקדמת"", ""זמן האירוע"": ""12.6.16, שעה 18:25"", ""תיאור האירוע"": ""הנאשם נסע לבית אחיו, נשא נשק וירה במהלך ויכוח עם נאסר וקבוצת אנשים"", ""התנהלות הנאשם לאחר הירי"": ""המשיך בנסיעתו, עצר וירה שוב, ולאחר מכן נמלט"", ""מספר עבירה"": ""144 ב"", ""סוג עבירה"": ""נשיאת נשק, הובלת נשק"", ""עבירות נוספות"": ""הנאשם הורשע, בנוסף לעבירות נשק לפי סעיף 144, גם בעבירות נוספות שאינן עבירות נשק: איומים (סעיף 192 לחוק העונשין), ירי באזור מגורים (סעיף 340א לחוק העונשין), מעשה פזיזות ורשלנות (סעיף 338(א)(5) לחוק העונשין), נהיגה בזמן פסילה (סעיף 67 לפקודת התעבורה), ונהיגה ללא רישיון נהיגה (סעיפים 10א ו-62(1) לפקודת התעבורה)."", ""סוג הנשק [תת מקלע]"": 1.0, ""סטטוס הנשק"": ""נשק עם כדור בקנה"", ""תכנון"": ""לא"", ""אופן החזקת הנשק"": ""בבית, ברכב, על גופו"", ""מטרה-סיבת העבירה"": ""הפחדה"", ""שימוש"": ""לא"", ""כמות תחמושת"": ""ללא""}","25.0","1. **סוג העבירה וחומרתה**:  
תיק 1 עוסק בהחזקה, נשיאה והובלת נשק (144א+ב) ללא שימוש, ותיק 2 עוסק בנשיאה והובלת נשק (144ב בלבד) עם שימוש ירי בפועל, כולל עבירות נוספות חמורות (איומים, ירי באזור מגורים, נהיגה פסולה). החומרה בתיק 2 גבוהה בהרבה, גם בגלל השימוש וגם בגלל העבירות הנלוות.

2. **תפקיד הנאשם ומעורבותו**:  
בתיק 1 — מעורבות פסיבית/הסתרה (נשיאה מוסתרת ברכב, ללא שימוש). בתיק 2 — מעורבות אקטיבית, ירי בזעם, נסיגה וירידת נשק בפועל. התפקיד הוא של מבצע עבירה עם מטרה (סכסוך), לא רק אחסון או תנועה.

3. **שיטת הביצוע (MO)**:  
בתיק 1 — נשק מוסתר ברכב, ללא תכנון, ללא שימוש. בתיק 2 — נשק מוכן לירי (כדור בקנה), נישא על הגוף, בשימוש בפועל, תוך התנהלות פליליית דינמית (נמלט, עצר וירה שוב). סגנון完全不同 — פסיבי מול אגרסיבי.

4. **נסיבות הליבה**:  
בתיק 1 — נשק תקול, ללא ירי, ללא תכנון. בתיק 2 — נשק פעיל, ירי בפועל, סכסוך, נסיגה, עבירות נוספות. סדרי גודל שונים: חומרה, סיכון, עוצמה פלילית. גם כמות הירי (3 כדורים) מוסיפה חומרה.

5. **ישימות כתקדים**:  
בית המשפט לא יראה בתיק 1 תקדים לתיק 2 — הבדלים מהותיים במעורבות, שימוש, עבירות נוספות, וסיכון ציבורי. עבירה 144א (החזקה) בתיק 1 לא רלוונטית לעבירה 144ב עם שימוש בתיק 2. גם הבדל בדפוס התנהגות (הסתרה מול ירי) מונע שימוש בתקדים.

SIMILARITY_SCORE: 25","ok",""
"ME-20-01-17935-7","SH-23-03-19819-247","2","0","1","{""מיקום האירוע"": ""חניון עפר פתוח באום אל פחם"", ""זמן האירוע"": ""29.12.19 בסביבות השעה 22:00"", ""תיאור המעורבים"": ""הנאשם, אחיו קיס והייתם אג'באריה יחד עם רמי אג'באריה"", ""תגובת הנאשם לפקודת שוטר"": ""לא ציית לפקודה לזרוק את הנשק עד שהשוטר ירה באוויר"", ""אופן תגובת השוטר"": ""ירי באוויר לאחר שהנאשם לא ציית לפקודה"", ""מספר עבירה"": ""144 א, 144 ב"", ""סוג עבירה"": ""החזקה נשק, נשיאת נשק"", ""עבירות נוספות"": ""הנאשם הואשם והורשע בנוסף לעבירות נשק (סעיפים 144(א) ו-144(ב) בצירוף סעיף 25), גם בעבירה של הפרעה לשוטר במילוי תפקידו לפי סעיף 275 לחוק העונשין. זוהי עבירה שאינה עבירת נשק."", ""סוג הנשק [תת מקלע מאולתר]"": 1.0, ""סטטוס הנשק"": ""תקול"", ""תכנון"": ""לא"", ""אופן החזקת הנשק"": ""על גופו"", ""שימוש"": ""לא"", ""כמות תחמושת"": ""ללא""}","{""מיקום החיפוש"": ""בית הנאשם ברהט"", ""זמן החיפוש"": ""15.2.23 בסמוך לשעה 13:04"", ""מיקום הנשק בבית"": ""עטוף בשקית שחורה מעל ארון, שהיה מעל מקרר המטבח"", ""מספר עבירה"": ""144 א"", ""סוג עבירה"": ""החזקה נשק"", ""סוג הנשק - אם לא נמצא בטבלה"": ""רובה דמוי רובה סער W300326 מסוג M-16 – רובה אויר שהוסב לירי תחמושת בקליבר 5.56X45"", ""סטטוס הנשק"": ""נשק מופרד מתחמושת"", ""תכנון"": ""לא"", ""אופן החזקת הנשק"": ""בבית, מוסלק - מוסתר"", ""כמות תחמושת"": ""3 מחסניות ובהן כמה עשרות כדורים"", ""שימוש"": ""לא""}","25.0","1. **סוג העבירה וחומרתה**: תיק 1 כולל עבירות נשק כבדות יותר — 144(א) ו-144(ב) (החזקה ונשיאה/הובלה), עם עבירה נוספת של הפרעה לשוטר, בעוד תיק 2 מוגבל רק להחזקה (144א) ללא נסיעה או נסיעה עם נשק. ההבדל במעורבות פיזית ובסיכון ציבורי מהותי — לכן דמיון חלקי אך לא מלא.

2. **תפקיד הנאשם ומעורבותו**: בתיק 1 הנאשם היה במעורבות פעילה — נושא נשק בפומבי, לא ציית לפקודה, ניצל נשק בפומבי. בתיק 2 — נשק מוסתר בבית, ללא מעורבות פעילה או התנגשות עם סמכות. מעורבות בתיק 1 היא אקטיבית וסיכוןית, בתיק 2 — פסיבית ומסתתרת. דמיון נמוך.

3. **שיטת הביצוע (MO)**: בתיק 1 — נשק על גופו, בפומבי, עם התנגשות עם שוטר. בתיק 2 — נשק מוסתר בבית, מופרד מתחמושת, ללא התערבות. סגנון ביצוע שונה לחלוטין — אין דמיון ב-MO.

4. **נסיבות הליבה**: בתיק 1 — נשק תקול, אך בשימוש פוטנציאלי בפומבי; בתיק 2 — נשק מופרד מתחמושת, אך כמות תחמושת גדולה. סדר גודל של תחמושת בתיק 2 גבוה, אך אין שימוש או נסיעה. הבדלים מהותיים בנסיבות — אין דמיון בנסיבות הליבה.

5. **ישימות כתקדים**: בית המשפט לא יראה בתיק 2 תקדים לתיק 1 — כי התיק 1 כולל עבירה של נשיאה/הובלה (144ב) ופריעה לשוטר, שמעידים על סיכון גבוה ומעורבות אקטיבית, בעוד תיק 2 הוא החזקה מוסתרת בבית. ההבדלים מהותיים מדי כדי להצדיק שימוש כתקדים.

SIMILARITY_SCORE: 25","ok",""
"SH-17-08-47445-166","SH-16-11-7544-55","3","1","1","{""תאריך המעצר"": ""09.08.2018"", ""מיקום החזקת הנשק"": ""כסיפה"", ""סוג הנשק [חפץ דמוי תת מקלע]"": 1.0, ""סוג האקדח"": ""FN"", ""אופן הפזורה"": ""סביב הישוב"", ""מספר עבירה"": ""144 א"", ""סוג עבירה"": ""החזקה נשק"", ""סוג הנשק [אקדח]"": 1.0, ""סוג הנשק - אם לא נמצא בטבלה"": ""חפץ דמוי תת מקלע מאולתר"", ""סטטוס הנשק"": ""תקין"", ""תכנון"": ""לא"", ""אופן החזקת הנשק"": ""בבית"", ""שימוש"": ""לא"", ""כמות תחמושת"": ""ללא""}","{""מיקום האירוע"": ""מחלף להב-שומריה, כביש 6 לכוון צפון"", ""תאריך האירוע"": ""26.10.16"", ""שם השוטר"": ""מיכאל אדרי"", ""קוטר הקליעים"": ""9 מ\\""מ"", ""מספר עבירה"": ""144 א"", ""סוג עבירה"": ""החזקה נשק"", ""סוג הנשק [תת מקלע מאולתר]"": 1.0, ""סטטוס הנשק"": ""נשק מופרד מתחמושת"", ""תכנון"": ""לא"", ""אופן החזקת הנשק"": ""על גופו, מוסלק - מוסתר"", ""כמות תחמושת"": ""מחסנית ובה 10 כדורים"", ""שימוש"": ""לא""}","65.0","1. **סוג העבירה וחומרתה**:  
שניהם涉及 עבירה לפי סעיף 144(א) – ""החזקה נשק"" – ללא שימוש או תכנון. חומרת העבירה זהה, אך תיק 2 כולל תחמושת (10 כדורים), מה שמגביר את החומרה במעט. עם זאת, זה לא משנה את הסוג הבסיסי של העבירה.

2. **תפקיד הנאשם ומעורבותו**:  
בשני המקרים מדובר בהחזקה פסיבית – לא נשקה, לא השתמש, לא תכנן. אין הבדל במעורבות פעילה/פסיבית. בתקיפה של תקן 144(א) – החזקה בלבד – אין הבחנה בין ""בבית"" ל""על גופו"", כל עוד אין שימוש או תכנון.

3. **שיטת הביצוע (MO)**:  
בדמיון מוגבל: תיק 1 – נשק בבית, תקין, ללא תחמושת; תיק 2 – נשק מוסתר על גופו, מופרד מתחמושת, עם מחסנית. הדמיון ב-“החזקה מוסתרת” קיים, אך בדפוס ביצוע – נשק בבית מול נשק על גוף – יש הבדל במערכת הסיכון והסיכון למשטרה.

4. **נסיבות הליבה**:  
ההבדל המהותי הוא ב**תחמושת** – תיק 2 כולל 10 כדורים, מה שמגביר את הסיכון והחומרה. בנוסף, נשק בתיק 2 הוא ""תת מקלע מאולתר"" (כפי שמסומן), בעוד שבטיק 1 הוא ""חפץ דמוי תת מקלע מאולתר"" – פירוט טכני שעשוי להצביע על הבדל בתקנות, אך לא בהכרח בהערכה פלילית.

5. **ישימות כתקדים**:  
בית המשפט עשוי להתייחס לשני התיקים כרלוונטיים – שניהם 144(א), ללא תכנון או שימוש – אך הבדל ב**תחמושת** ו**צורת החזקה** (על גוף מול בבית) עלול להפחית את רמת הדמיון. תקדים של ""החזקה בבית"" לא יתאים תמיד להחזקה ""על גוף"" – במיוחד אם יש תחמושת.

SIMILARITY_SCORE: 65","ok",""
"ME-16-11-13999-863","m01008097-376","1","0","0","{""סוג הרכב"": ""מאזדה"", ""שם הנהג"": ""זבידאת סלאמה"", ""מיקום האירוע"": ""סמוך לישוב ראמה"", ""זמן האירוע"": ""26.10.16 בשעה 20:00"", ""סוג האקדח"": ""STAR"", ""קליבר האקדח"": ""9 מ\\""מ פאראבלום"", ""מיקום התקרית"": ""תחנת דלק סמוכה למחסום משטרתי"", ""פעולת הנאשם במעצר"": ""נסיעה לתוך תחנת דלק וניסיון להמשיך בנסיעה"", ""מספר עבירה"": ""144 א, 144 ב"", ""סוג עבירה"": ""החזקה נשק, נשיאת נשק, הובלת נשק"", ""סוג הנשק [אקדח]"": 1.0, ""סטטוס הנשק"": ""נשק עם מחסנית בהכנס"", ""תכנון"": ""לא"", ""אופן החזקת הנשק"": ""ברכב, על גופו"", ""כמות תחמושת"": ""מחסנית ובה כדורים, מחסנית נוספת ובה כדורים"", ""שימוש"": ""לא""}","{""מיקום האירוע"": ""באר שבע, רחוב מבצע יואב"", ""מצב הנאשם בזמן האירוע"": ""שיכור"", ""ניסיון למנוע את האירוע"": ""ניסה להשיב את ניצרת הרימון למקומה"", ""מיקום זריקת הרימון"": ""למקום שומם מאדם"", ""תוצאת האירוע"": ""לא נגרמה פגיעה באדם או רכוש"", ""הודאה בביצוע המעשים"": ""הנאשם הודה בביצוע המעשים"", ""מספר עבירה"": ""144 א, 144 ב"", ""סוג עבירה"": ""החזקה נשק, נשיאת נשק"", ""עבירות נוספות"": ""הנאשם הורשע בנוסף לעבירות נשק (סעיף 144(א) ו-144(ב)), גם בעבירת מעשה פזיזות ורשלנות לפי סעיף 338(5) לחוק העונשין, שהיא עבירה שאינה עבירת נשק."", ""סוג הנשק [רימון רסס]"": 1.0, ""סוג הנשק - אם לא נמצא בטבלה"": ""כדורי רובה ושתי מחסניות"", ""סטטוס הנשק"": ""נשק מופרד מתחמושת"", ""תכנון"": ""לא"", ""אופן החזקת הנשק"": ""בבית, על גופו"", ""כמות תחמושת"": ""כדורים, 2 מחסניות"", ""שימוש"": ""זריקת רימון""}","35.0","1. **סוג העבירה וחומרתה**: שני התיקים כוללים עבירות לפי סעיף 144(א) ו-144(ב) — החזקה ונשיאה/הובלת נשק — אך בתקיפה שונה: באחד אקדח עם תחמושת מוכנה, בשני רימון רסס מופרד מתחמושת. חומרת העבירה דומה, אך סיכון פוטנציאלי של רימון רסס גבוה יותר, אם כי כאן לא נגרם נזק.  
2. **תפקיד הנאשם ומעורבותו**: בשתיהן מעורבות פעילה — נהיגה עם נשק/זריקת רימון — אך בתקיף השני יש מוטיבציה פסיכולוגית (מצוקת נפש) ותפילה להפחתת נזק (השבת הרימון), מה שמאפיין מעורבות מורכבת יותר.  
3. **שיטת הביצוע (MO)**: אין דפוס דומה — נשק נישא ברכב מול זריקת רימון במרחב ציבורי. אמצעים, מיקום, ותפקוד נשק שונים לחלוטין.  
4. **נסיבות הליבה**: כמות תחמושת דומה (מחסניות/כדורים), אך בתקיף הראשון נשק מוכן לשימוש, בתקיף השני מופרד. אין תכנון בשני המקרים, אך בתקיף השני יש ניסיון להפחית נזק — נסיבה מקלה.  
5. **ישימות כתקדים**: למרות ששתיהן עבירות לפי סעיף 144, הבדלים מהותיים בסוג הנשק, בדפוס ביצוע, ובנסיבות — בעיקר הבדל בין נשק ידני מוכן לשימוש לבין רימון רסס שנזרק במצוקה. בית המשפט לא יראה בתקיף השני תקדים רלוונטי לתקיף הראשון, כי הסיכון, המוטיבציה, והדפוס שונים.

SIMILARITY_SCORE: 35","ok",""
"ME-16-06-50916-362","ME-15-03-29911-554","3","1","1","{""סוג הרכב"": ""סקודה"", ""מועד פסילת הנהיגה"": ""3.2.15"", ""תקופת הפסילה"": ""24 חודשים"", ""מועד תוקף רישיון הנהיגה"": ""2002"", ""מקום האירוע"": ""כפר ג'דידה-מכר"", ""סוג הנשק המדויק"": ""קרל גוסטב"", ""כמות יריות"": ""לא פחות משלושה כדורים"", ""היכרות עם הנאסר"": ""היכרות מוקדמת"", ""זמן האירוע"": ""12.6.16, שעה 18:25"", ""תיאור האירוע"": ""הנאשם נסע לבית אחיו, נשא נשק וירה במהלך ויכוח עם נאסר וקבוצת אנשים"", ""התנהלות הנאשם לאחר הירי"": ""המשיך בנסיעתו, עצר וירה שוב, ולאחר מכן נמלט"", ""מספר עבירה"": ""144 ב"", ""סוג עבירה"": ""נשיאת נשק, הובלת נשק"", ""עבירות נוספות"": ""הנאשם הורשע, בנוסף לעבירות נשק לפי סעיף 144, גם בעבירות נוספות שאינן עבירות נשק: איומים (סעיף 192 לחוק העונשין), ירי באזור מגורים (סעיף 340א לחוק העונשין), מעשה פזיזות ורשלנות (סעיף 338(א)(5) לחוק העונשין), נהיגה בזמן פסילה (סעיף 67 לפקודת התעבורה), ונהיגה ללא רישיון נהיגה (סעיפים 10א ו-62(1) לפקודת התעבורה)."", ""סוג הנשק [תת מקלע]"": 1.0, ""סטטוס הנשק"": ""נשק עם כדור בקנה"", ""תכנון"": ""לא"", ""אופן החזקת הנשק"": ""בבית, ברכב, על גופו"", ""מטרה-סיבת העבירה"": ""הפחדה"", ""שימוש"": ""לא"", ""כמות תחמושת"": ""ללא""}","{""מיקום האירועים"": ""פוריידיס"", ""זמן האירועים"": ""5.3.15, שעות הערב"", ""מספר כדורים שנורו"": ""מספר רב של כדורים, שני כדורים נוספים"", ""מיקום ירי ספציפי"": ""בשטח חווה, בשכונות מגורים, ליד מגרש בית הספר התיכון"", ""זהות נוסע נוסף"": ""לא ידועה למאשימה"", ""סוג האקדח"": ""יריחו"", ""מצב הנשק בסיום האירועים"": ""דרוך ומוכן לירי"", ""מספר עבירה"": ""144 א, 144 ב"", ""סוג עבירה"": ""החזקה נשק, נשיאת נשק"", ""עבירות נוספות"": ""מעובדות כתב האישום ודברי השופט עולה כי הנאשם הורשע גם בעבירה של ירי באזור מגורים לפי סעיף 340א לחוק העונשין, בנוסף לעבירות הנשק לפי סעיף 144."", ""סוג הנשק [אקדח]"": 1.0, ""סטטוס הנשק"": ""נשק עם כדור בקנה"", ""תכנון"": ""לא"", ""אופן החזקת הנשק"": ""ברכב, על גופו"", ""כמות תחמושת"": ""מחסנית ובה 12 כדורים, מחסנית נוספת, 20 כדורים, 24 כדורים"", ""שימוש"": ""לא""}","75.0","1. **סוג העבירה וחומרתה**:  
שני התיקים כוללים עבירות לפי סעיף 144 — אך תיק 1 מוגדר כ-144(ב) בלבד (נשיאה/הובלה), בעוד תיק 2 כולל גם 144(א) (החזקה) וגם 144(ב). זה הבדל מהותי: 144(א) לבדו לא יתאים כתקדים לתיק 144(ב), אך כאן יש גם 144(ב) — לכן דמיון חלקי. חומרת העבירה דומה — שניהם כוללים ירי, נשק עם כדור בקנה, ועבירות נוספות דומות (340א).

2. **תפקיד הנאשם ומעורבותו**:  
בשני המקרים הנאשם הוא יזם הפעולה — נושא נשק, יורה, ומעורב ישירות. אין זיקה לשליח או מחזיק פסיבי. מעורבות פעילה זהה — דמיון גבוה.

3. **שיטת הביצוע (MO)**:  
שניהם כוללים נשק נישא ברכב/על גופו, ירי במהלך סכסוך, ללא תכנון מוקדם, ובהקשר של עימות פיזי/מילולי. דפוס דומה — דמיון גבוה.

4. **נסיבות הליבה**:  
בשני המקרים יש ירי באזור מגורים, נשק עם כדור בקנה, עבירות נוספות דומות (340א), ועבירות תנועה/איומים. כמות תחמושת בתיק 2 גדולה יותר, אך זה לא מכריע — הבדל כמותי, לא מהותי. דמיון גבוה.

5. **ישימות כתקדים**:  
הבדל המהותי הוא שתקנים של 144(א) + 144(ב) יכולים להיחשב רלוונטיים לתיק 144(ב) — אך לא להפך. מאחר שתיק 2 כולל גם 144(ב), הוא יכול לשמש כתקדים לתיק 1. דמיון רלוונטי, אך לא מושלם — כי יש הבדלים בפרטים (סוג נשק, כמות תחמושת, עבירות נוספות).

SIMILARITY_SCORE: 75","ok",""
"SH-16-11-49772-358","ME-17-02-54432-484","1","0","0","{""מיקום האירוע"": ""חנות לארג' קפה, רחוב רוטשילד 62, כפר סבא"", ""תאריך האירוע"": ""18.11.16"", ""שעת האירוע"": ""13:30"", ""מיקום הסלקת הנשק"": ""סמטה סמוכה לרחוב וייצמן 113, כפר סבא"", ""סוג הנשק המדויק"": ""אקדח"", ""מספר עבירה"": ""144 א"", ""סוג עבירה"": ""החזקה נשק"", ""עבירות נוספות"": ""הנאשם הורשע גם בעבירת גניבה לפי סעיפים 383(א)(1) ו-384 לחוק העונשין, בנוסף לעבירות הנשק לפי סעיף 144."", ""סוג הנשק [אקדח]"": 1.0, ""סטטוס הנשק"": ""תקין"", ""תכנון"": ""לא"", ""אופן החזקת הנשק"": ""מוסלק - מוסתר"", ""אופן קבלת הנשק"": ""גנב"", ""שימוש"": ""לא"", ""כמות תחמושת"": ""ללא""}","{""תאריך האירוע"": ""16.02.17"", ""מיקום האירוע"": ""נהריה, צומת הרחובות הגעתון והרצל"", ""סוג הרכב"": ""מאזדה"", ""מספר כדורים במחסנית"": ""7 כדורים 0.22 מ\\""מ"", ""מספר האקדח"": ""82233"", ""סוג האקדח"": ""ברטה"", ""מיקום החזקת הנשק לפני המעצר"": ""תחתוניו של הנאשם"", ""מקום מגורים"": ""כפר קאסם"", ""תקופת החזקת הנשק"": ""מאז ועד יום 16.02.17"", ""מספר נוסעים ברכב"": ""3 נוסעים נוספים"", ""מספר עבירה"": ""144 א, 144 ב"", ""סוג עבירה"": ""החזקה נשק, נשיאת נשק"", ""סוג הנשק [אקדח]"": 1.0, ""סטטוס הנשק"": ""נשק עם מחסנית בהכנס"", ""תכנון"": ""כן"", ""אופן החזקת הנשק"": ""ברכב, על גופו, מוסלק - מוסתר"", ""כמות תחמושת"": ""מחסנית ובה 7 כדורים"", ""מטרה-סיבת העבירה"": ""הגנה עצמית"", ""שימוש"": ""לא""}","25.0","1. **סוג העבירה וחומרתה**:  
תיק 1 עוסק בהחזקה בלבד (144א), בעוד תיק 2 כולל גם נשיאה/הובלה (144ב) — עבירה חמורה יותר. ההבדל מהותי, שכן 144ב מתייחס לנוע עם נשק, מה שמעיד על מעורבות פעילה וסיכון גבוה יותר.  
**ציון: נמוך**

2. **תפקיד הנאשם ומעורבותו**:  
בתיק 1 — הנשק נגנב, והנאשם היה החוזק (לא יזם). בתיק 2 — הנשק נשא על גופו, בתכנון, ברכב עם נוסעים, מתוך מטרה של הגנה עצמית — מעורבות פעילה ומעורבות במרחב ציבורי.  
**ציון: נמוך**

3. **שיטת הביצוע (MO)**:  
בשני התיקים — הנשק מוסתר, לא נשתמש. אך בתיק 2 יש תכנון, נסיעה ברכב עם נשק, ומחסנית עם תחמושת — דפוס סיכוני ומעורב. בתיק 1 — נשק נגנב, נחטף, לא נועד לשימוש.  
**ציון: בינוני נמוך**

4. **נסיבות הליבה**:  
בתיק 2 — כמות תחמושת (7 כדורים), תכנון, נסיעה ברכב עם אנשים, מטרה של הגנה עצמית — נסיבות שמאששות עבירה חמורה. בתיק 1 — נשק נגנב, לא נועד לשימוש, אין תכנון.  
**ציון: נמוך**

5. **ישימות כתקדים**:  
בית המשפט לא יראה בתיק 1 תקדים לתיק 2 — הבדל מהותי בין 144א ל-144ב, ובין עבירה פסיבית (החזקה לאחר גניבה) לבין עבירה פעילה (נשיאה בתכנון).  
**ציון: נמוך**

SIMILARITY_SCORE: 25","ok",""
"ME-14-02-51828-88","ME-14-03-48488-922","1","0","0","{""תאריך העבירה"": ""19.2.14"", ""שעת העבירה"": ""23:12"", ""סוג הרכב"": ""רנו מגאן"", ""מספר רכב"": ""98-057-36"", ""מיקום העבירה"": ""כביש הכניסה לכפר חורפיש"", ""פוטנציאל הנשק"": ""סוגל לירות כדור שבכוחו להמית אדם"", ""מספר עבירה"": ""144 ב"", ""סוג עבירה"": ""נשיאת נשק, הובלת נשק"", ""סוג הנשק - אם לא נמצא בטבלה"": ""שני רובי ציד מאולתרים"", ""סטטוס הנשק"": ""תקין"", ""תכנון"": ""לא"", ""אופן החזקת הנשק"": ""ברכב"", ""מטרה-סיבת העבירה"": ""נסיבות כלכליות"", ""שימוש"": ""לא"", ""כמות תחמושת"": ""ללא""}","{""תאריך האירוע"": ""4.1.2014"", ""מיקום האירוע"": ""רחוב מוהליבר 38, תל אביב"", ""זמן הפעלת המטען"": ""סמוך לתאריך 4.1.14"", ""סוג המטען"": ""מטען חבלה מצינור מתכת"", ""מרכיבי המטען"": ""חומר נפיץ, פתיל, 47 קליעי נק\\""ל"", ""השפעת המטען"": ""נזק לתחתית וכסא נהג הרכב ונזקים לסביבה במרחק של כ-10 מטר"", ""זיהוי המתלוננים"": ""יורם וגיל כהן"", ""תאריך החזקת נשק נוסף"": ""25.2.2014"", ""מיקום החזקת הנשק הנוסף"": ""בבית הנאשם"", ""מספר עבירה"": ""144 א, 144 ב"", ""סוג עבירה"": ""החזקה נשק, נשיאת נשק"", ""עבירות נוספות"": ""הנאשם הורשע גם בעבירה של היזק בזדון בחומר נפיץ לפי סעיף 454 לחוק העונשין, שהיא עבירה שאינה לפי סעיף 144 (עבירות נשק)."", ""סוג הנשק [מטען חבלה]"": 1.0, ""סוג הנשק [מטען חבלה מאולתר]"": 1.0, ""סוג הנשק - אם לא נמצא בטבלה"": ""מכשיר טלפון נייד המשמש בין היתר כמערכת הפעלה במטעני חבלה מאולתרים"", ""סטטוס הנשק"": ""נשק מופרד מתחמושת"", ""תכנון"": ""כן"", ""אופן החזקת הנשק"": ""בבית, ברכב, מוסלק - מוסתר"", ""אופן קבלת הנשק"": ""ייצר"", ""מטרה-סיבת העבירה"": ""אות אזהרה"", ""שימוש"": ""הפעלת מטען"", ""כמות תחמושת"": ""ללא""}","25.0","1. **סוג העבירה וחומרתה**:  
התיק הראשון עוסק בנשיאה והובלת נשק (144ב) ללא שימוש, בעוד התיק השני כולל גם החזקה (144א) ונשיאה (144ב), אך בנוסף — עבירה חמורה של היזק בזדון בחומר נפיץ (סעיף 454), שמעידה על נזק ממשי ותכנון. חומרת העבירה בתיק 2 גבוהה משמעותית.

2. **תפקיד הנאשם ומעורבותו**:  
בתיק 1 — מעורבות פסיבית יחסית (נשיאה בהקשר של ביצוע כסף, ללא תכנון). בתיק 2 — מעורבות אקטיבית ויצירתית (ייצר מטען, תכנן, הפעיל). הבדל מהותי במעורבות.

3. **שיטת הביצוע (MO)**:  
בתיק 1 — נשק מוחזק ברכב, ללא תכנון. בתיק 2 — נשק מאולתר, מוסתר, מופרד מתחמושת, עם תכנון ותוצאת נזק. דפוס ביצוע שונה לחלוטין — אחד פסיבי, השני אגרסיבי ומעורב.

4. **נסיבות הליבה**:  
בתיק 1 — נשק תקין, ללא שימוש, ללא נזק. בתיק 2 — מטען חבלה, נזק ממשי, תכנון, ייצור עצמי. סדרי גודל שונים — אחד מתרחש ברכב, השני בפיגוע עם נזק פיזי.

5. **ישימות כתקדים**:  
בית המשפט לא יראה בתיק 1 תקדים לתיק 2 — הבדלים במעורבות, חומרה, תכנון, תוצאות. עבירה של 144ב בלבד (בלי תכנון או נזק) לא רלוונטית לעבירה של 454 + 144א/ב עם תכנון ונזק.

SIMILARITY_SCORE: 25","ok",""
"ME-14-12-6904-57","ME-18-04-19642-504","1","0","0","{""מיקום החזקת הנשק"": ""ארון בגדים בחדר השינה"", ""מחיר הנשק"": ""4000 ש\\""ח"", ""מועד רכישת הנשק"": ""כחודש ימים עובר ליום 18.11.2014"", ""מקום מגורים"": ""תל אביב"", ""כמות קנאביס"": ""0.3027 גרם נטו"", ""סוג הנשק"": ""רובה מאולתר מדגם קרל גוסטב"", ""תיאור האופן שבו נשא הנאשם את הנשק"": ""בתוך תיק גב, עטוף בבגדים"", ""מספר עבירה"": ""144 ב"", ""סוג עבירה"": ""נשיאת נשק, הובלת נשק"", ""עבירות נוספות"": ""הנאשם הואשם והורשע בנוסף לעבירת נשק (סעיף 144(ב) לחוק העונשין) גם בעבירה של החזקת סם לצריכה עצמית לפי סעיף 7(א) לפקודת הסמים המסוכנים."", ""סוג הנשק [תת מקלע מאולתר]"": 1.0, ""סטטוס הנשק"": ""נשק מופרד מתחמושת"", ""תכנון"": ""כן"", ""אופן החזקת הנשק"": ""בבית, על גופו, מוסלק - מוסתר"", ""אופן קבלת הנשק"": ""רכש"", ""כמות תחמושת"": ""מחסנית וכדורים, כדורים"", ""שימוש"": ""לא""}","{""מיקום האירוע"": ""יער הסמוך לכפר קרע"", ""תאריך האירוע"": ""1.4.18"", ""שעת האירוע"": ""17:00"", ""סוג הנשק"": ""אקדח FN בקוטר 9 מ\\""מ"", ""מספר יריות"": ""11 יריות באוויר"", ""השפעת אלכוהול"": ""הנאשם היה תחת השפעת משקאות אלכוהליים"", ""זיכרון הנאשם"": ""הנאשם אינו זוכר את כל פרטי האירוע"", ""התנהגות במהלך מעצר"": ""הנאשם ניסה להימלט על ידי ניסיון להתניע את רכב המתלוננת"", ""מיקום הנשק בעת המעצר"": ""האקדח הושלך מתחת למושב הרכב"", ""מספר עבירה"": ""144 א, 144 ב"", ""סוג עבירה"": ""נשיאת נשק, הובלת נשק"", ""עבירות נוספות"": ""הנאשם הורשע בנוסף לעבירות נשק (סעיפים 144(א) ו-144(ב) לחוק העונשין) גם בעבירה של מעשי פזיזות ורשלנות לפי סעיף 338(א)(5) לחוק העונשין, שהיא עבירה שאינה עבירת נשק."", ""סוג הנשק [אקדח]"": 1.0, ""סטטוס הנשק"": ""נשק עם כדור בקנה"", ""תכנון"": ""לא"", ""אופן החזקת הנשק"": ""ברכב, על גופו, מוסלק - מוסתר"", ""כמות תחמושת"": ""2 מחסניות, 40 כדורים"", ""מטרה-סיבת העבירה"": ""אלימות במשפחה"", ""שימוש"": ""לא""}","35.0","1. **סוג העבירה וחומרתה**:  
שני התיקים כוללים עבירה לפי סעיף 144(ב) — נשיאת/הובלת נשק, אך תיק 2 כולל גם 144(א) — החזקה, ובהקשר של שימוש בפועל (ירי באוויר), מה שמגביר חומרה. תקן עבירה זהה בחלק, אך תקן עבירה רלוונטי יותר בתקיפה בפועל בתיק 2.

2. **תפקיד הנאשם ומעורבותו**:  
בתיק 1 — נאשם רכש נשק מאולתר, תכנן, החזיק בבית ונסע עמו — מעורבות מכוונת ומעשית. בתיק 2 — נאשם השתמש בנשק בזעם, תחת השפעת אלכוהול, ללא תכנון — מעורבות פסיבית-אימפולסיבית. הבדל מהותי במעורבות.

3. **שיטת הביצוע (MO)**:  
בתיק 1 — נשק מאולתר, מוסתר בתיק, מופרד מתחמושת, רכישה מכוונת. בתיק 2 — נשק סטנדרטי, עם תחמושת בקנה, שימוש מיידי, נטישת הנשק במעצר. דפוסי ביצוע שונים — תכנון מול אימפולסיביות.

4. **נסיבות הליבה**:  
בתיק 1 — כמות תחמושת מוגבלת, אין שימוש, נשק מאולתר. בתיק 2 — תחמושת גדולה, שימוש בפועל, סיבה סכסוך, אלכוהול. נסיבות מחמירות יותר בתיק 2, מה שמעיד על סיכון גבוה יותר.

5. **ישימות כתקדים**:  
בית המשפט לא יראה בתיק 1 תקדים רלוונטי לתיק 2 — הבדלים מהותיים במעורבות, תכנון, שימוש, וסיכון. תקדים של נשק מאולתר ללא שימוש לא מתאים לתקיפת נשק סטנדרטי עם שימוש בפועל.

SIMILARITY_SCORE: 35","ok",""
"ME-18-10-30972-637","ME-14-11-7498-539","3","1","1","{""מחיר הנשק"": ""7,000-8,000 ₪"", ""מיקום העסקה"": ""שכם"", ""תאריך העסקה"": ""לפני 8.9.2018"", ""שיטת הובלת הנשק"": ""הסעה על ידי צד שלישי"", ""מעורבים נוספים"": ""אימן, עמרו כשאן, יוסף"", ""סוג הנשק מפורט"": ""M-16"", ""מספר עבירה"": ""144 ב"", ""סוג עבירה"": ""ניסיון לסחר בנשק"", ""סוג הנשק [רובה סער]"": 1.0, ""סטטוס הנשק"": ""תקין"", ""תכנון"": ""לא"", ""אופן קבלת הנשק"": ""רכש"", ""שימוש"": ""לא"", ""מטרה-סיבת העבירה"": ""בצע כסף"", ""כמות תחמושת"": ""ללא""}","{""מיקום האירועים"": ""בסיס צה\\""ל בבא\\""פ דרום סמוך לצאלים, רהט"", ""תאריכים רלוונטיים"": ""23.10.14, 26.10.14"", ""סוגי נשק נוספים"": ""מיקרו תבור עם כוונת מארס"", ""כוונת צלפים"": ""טרג'יקון, מארס"", ""סוג תחמושת"": ""5.56 מ\\""מ"", ""מספר נאשמים"": 4, ""מיקום החזקת הנשק"": ""בתא מטען של רכב, בבית הנאשם 3, במחסן הנאשם 4"", ""שיטת העברת הנשק"": ""מסירה יד ביד, העברה ברכב"", ""פעילות משטרתית"": ""עצירה ותפיסת נשק על ידי בלשי מג\\""ב דרום"", ""מספר עבירה"": ""144 א, 144 ב"", ""סוג עבירה"": ""החזקה נשק, נשיאת נשק, הובלת נשק, ניסיון לסחר בנשק"", ""עבירות נוספות"": ""הנאשם הורשע גם בעבירת קשירת קשר לביצוע פשע (סעיף 499(א)(1) לחוק העונשין) ובעבירת גניבה (סעיף 384 לחוק העונשין), שהן אינן עבירות נשק לפי סעיף 144."", ""סוג הנשק [רובה סער]"": 1.0, ""סטטוס הנשק"": ""נשק עם מחסנית בהכנס"", ""תכנון"": ""כן"", ""אופן החזקת הנשק"": ""ברכב"", ""אופן קבלת הנשק"": ""מאחר"", ""כמות תחמושת"": ""מחסנית ובה 29 כדורים"", ""מטרה-סיבת העבירה"": ""בצע כסף"", ""שימוש"": ""לא""}","45.0","1. **סוג העבירה וחומרתה**:  
שני התיקים עוסקים בעבירות לפי סעיף 144, אך תיק 2 כולל גם 144(א) (החזקה) ו-144(ב) (נשיאה/הובלה), בעוד תיק 1 מוגדר כ-144(ב) בלבד. בנוסף, תיק 2 כולל עבירות נוספות (קשר, גניבה) שמעידות על רמת חומרה גבוהה יותר. הדמיון חלקי אך לא מלא.

2. **תפקיד הנאשם ומעורבותו**:  
בשני התיקים מעורבים צדדים נוספים, אך בתיק 2 יש מעורבות ארגונית וקשירת קשר, בעוד בתיק 1 אין תכנון. בתיק 2 הנשק מועבר בדרכים שונות (יד ביד, רכב), ובתיק 1 — הסעה על ידי צד שלישי. מעורבות בתיק 2 רחבה ומעורבת יותר.

3. **שיטת הביצוע (MO)**:  
שניהם כוללים העברת נשק (ברכב/ביד), אך בתיק 2 יש תכנון, שימוש ברכב לתחבורה, ומחסניות עם תחמושת — מה שמעיד על מבנה מבצעי. בתיק 1 אין תכנון, וההובלה היא דרך צד שלישי — דפוס פשוט יותר.

4. **נסיבות הליבה**:  
בשני התיקים הנשק הוא רובה סער (M-16/מיקרו תבור), עם תחמושת 5.56 מ""מ, ומטרת העבירה — ""בצע כסף"". אך בתיק 2 יש כמות תחמושת מדויקת (29 כדורים), תכנון, ומשתתפים רבים — מה שמעיד על עבירה מסודרת. בתיק 1 — אין תכנון, אין כמות תחמושת, והעבירה נראית פרטנית.

5. **ישימות כתקדים**:  
בית המשפט יראה בתיק 2 כעבירה מורכבת יותר — עם תכנון, קשר, ועבירות נוספות — ולכן הוא לא יתאים כתקדים לתיק 1, שמתמקד ב-144(ב) בלבד, ללא תכנון או עבירות נוספות. ההבדלים מהותיים ביחס לתקדים ענייני.

SIMILARITY_SCORE: 45","ok",""
"ME-17-02-54432-484","ME-16-07-45228-25","3","1","1","{""תאריך האירוע"": ""16.02.17"", ""מיקום האירוע"": ""נהריה, צומת הרחובות הגעתון והרצל"", ""סוג הרכב"": ""מאזדה"", ""מספר כדורים במחסנית"": ""7 כדורים 0.22 מ\\""מ"", ""מספר האקדח"": ""82233"", ""סוג האקדח"": ""ברטה"", ""מיקום החזקת הנשק לפני המעצר"": ""תחתוניו של הנאשם"", ""מקום מגורים"": ""כפר קאסם"", ""תקופת החזקת הנשק"": ""מאז ועד יום 16.02.17"", ""מספר נוסעים ברכב"": ""3 נוסעים נוספים"", ""מספר עבירה"": ""144 א, 144 ב"", ""סוג עבירה"": ""החזקה נשק, נשיאת נשק"", ""סוג הנשק [אקדח]"": 1.0, ""סטטוס הנשק"": ""נשק עם מחסנית בהכנס"", ""תכנון"": ""כן"", ""אופן החזקת הנשק"": ""ברכב, על גופו, מוסלק - מוסתר"", ""כמות תחמושת"": ""מחסנית ובה 7 כדורים"", ""מטרה-סיבת העבירה"": ""הגנה עצמית"", ""שימוש"": ""לא""}","{""מיקום האירוע"": ""כפר זלפה"", ""זמן האירוע"": ""שעת ליל"", ""תאריך האירוע"": ""19.7.16"", ""קוטר הכדורים"": ""9 מ\\""מ"", ""פעולת הנאשם בעת גילוי"": ""התרחקות מהשוטרים בהליכה מהירה ולאחר מכן בריצה"", ""מקום הסתרת הנשק"": ""מתחת לשמיכה על מזרן בחדר"", ""מספר עבירה"": ""144 ב"", ""סוג עבירה"": ""נשיאת נשק"", ""סוג הנשק [אקדח]"": 1.0, ""סטטוס הנשק"": ""נשק עם מחסנית בהכנס"", ""תכנון"": ""לא"", ""אופן החזקת הנשק"": ""על גופו, מוסלק - מוסתר"", ""כמות תחמושת"": ""מחסנית ובה 10 כדורים"", ""שימוש"": ""לא""}","35.0","1. **סוג העבירה וחומרתה**:  
תיק 1 כולל עבירות 144(א) ו-144(ב) — החזקה ונשיאה — בעוד תיק 2 כולל רק 144(ב) — נשיאה. ההבדל מהותי: החזקה בלבד (144א) איננה שווה לנשיאה (144ב) במדידת הסיכון והמעורבות. לכן, חומרת העבירה שונה.

2. **תפקיד הנאשם ומעורבותו**:  
בתיק 1 — הנשק היה על גופו בזמן נסיעה ברכב עם נוסעים נוספים, במרחב ציבורי, תוך תכנון — מעורבות פעילה ומעורבות במרחב ציבורי. בתיק 2 — הנשק היה מוסתר בבית, לא על גופו בזמן התרחשות האירוע, והנאשם נמלט — מעורבות פחות ישירה, ללא תכנון. הבדל במעורבות.

3. **שיטת הביצוע (MO)**:  
בתיק 1 — נשק מוסתר על גופו ברכב, במרחב ציבורי, עם תכנון. בתיק 2 — נשק מוסתר בבית, לא על גופו, ללא תכנון, נמלט. דפוסי ביצוע שונים: אחד מכוון לפעילות חיצונית, השני סמוי ופסיבי יותר.

4. **נסיבות הליבה**:  
כמות תחמושת דומה (7 vs 10 כדורים), אך סדר גודל זהה. בשני המקרים — נשק עם מחסנית בהכנס, ללא שימוש. אך בתיק 1 — תכנון, נסיעה ברכב עם נוסעים, מיקום ציבורי — נסיבות מחמירות. בתיק 2 — נסיבות פחות מחמירות, ללא תכנון, נמלט — אולי מקלות.

5. **ישימות כתקדים**:  
בשיקול ענישה, בית המשפט לא יראה בתיק 2 (נשיאה בלבד, ללא תכנון, בבית) תקדים רלוונטי לתיק 1 (נשיאה + החזקה, עם תכנון, ברכב ציבורי). ההבדלים במעורבות, תכנון, ומקום הפעולה מונעים את היחס כתקדים ענייני.

SIMILARITY_SCORE: 35","ok",""
"ME-09-06-10774-130","SH-20-02-52091-995","1","0","0","{""סוג אקדח"": ""ברטה"", ""מיקום האירוע"": ""כפר מושרייפה"", ""נסיעה ברכב"": ""כן"", ""מספר עבירה"": ""144 א, 144 ב"", ""סוג עבירה"": ""החזקה נשק, נשיאת נשק"", ""סוג הנשק [אקדח]"": 1.0, ""סטטוס הנשק"": ""תקין"", ""תכנון"": ""לא"", ""אופן החזקת הנשק"": ""ברכב"", ""שימוש"": ""לא"", ""כמות תחמושת"": ""ללא""}","{""מיקום החזקת הנשק"": ""ארון במטבח"", ""מיקום הבית"": ""שבט אלאעצם"", ""תאריך החזקת הנשק"": ""מיום 14.02.20"", ""תאריך התגלית"": ""16.02.20"", ""שעת התגלית"": ""סמוך לשעה 15:00"", ""סוג הפעילות המשטרתית"": ""חיפוש יזום"", ""מיקום התגלית"": ""בית הנאשם"", ""מספר עבירה"": ""144 א"", ""סוג עבירה"": ""החזקה נשק"", ""סוג הנשק [תת מקלע מאולתר]"": 1.0, ""סטטוס הנשק"": ""נשק מופרד מתחמושת"", ""תכנון"": ""לא"", ""אופן החזקת הנשק"": ""בבית, מוסלק - מוסתר"", ""כמות תחמושת"": ""20 כדורים"", ""שימוש"": ""לא""}","25.0","1. **סוג העבירה וחומרתה**: תיק 1 כולל עבירות 144(א) ו-144(ב) — החזקה ונשיאה/הובלה, בעוד תיק 2 כולל רק 144(א) — החזקה בלבד. ההבדל מהותי: נסיעה ברכב עם נשק (תיק 1) מעלה את החומרה ומעיד על ניידות וסיכון ציבורי, בעוד החזקה בבית (תיק 2) מוגדרת כפחות מסוכנת.  
2. **תפקיד הנאשם ומעורבותו**: בשתיהן מעורבות פסיבית — החזקה ללא שימוש — אך בתיק 1 יש מעורבות פעילה יותר (הובלה ברכב), בעוד בתיק 2 הנשק מוסתר בבית, ללא תכנון או תנועה.  
3. **שיטת הביצוע (MO)**: דפוס שונה — תיק 1: נשק ברכב, נייד, נושא סיכון ציבורי; תיק 2: נשק מוסתר בבית, מופרד מתחמושת, חוסר תכנון. אין דמיון בדפוס ביצוע.  
4. **נסיבות הליבה**: בתיק 1 — נשק תקין, נסיעה ברכב, ללא תכנון; בתיק 2 — נשק מאולתר, מופרד מתחמושת, 20 כדורים, מוסתר בבית. הבדלים משמעותיים בכמות, סטטוס, ומקום — אין דמיון מהותי.  
5. **ישימות כתקדים**: בית המשפט לא יראה בתיק 2 תקדים לתיק 1 — הבדל מהותי בעבירה (144(ב) מול 144(א) בלבד), בהקשר (נייד מול סטטי), ובחומרה. תקדים לא רלוונטי.

SIMILARITY_SCORE: 25","ok",""
"SH-15-03-49530-992","ME-16-05-9983-155","2","0","1","{""שנת לידה"": ""1992"", ""מיקום החזקת הנשק"": ""גג מחסן סמוך לבית בג'לג'וליה"", ""סוג הרובה"": ""קרל גוסטב"", ""קוטר כדורים במחסנית"": ""9 מ\\""מ"", ""קוטר כדורים בתפזורת"": ""5.56 מ\\""מ"", ""מספר עבירה"": ""144 א"", ""סוג עבירה"": ""החזקה נשק"", ""סוג הנשק [תת מקלע מאולתר]"": 1.0, ""סטטוס הנשק"": ""נשק עם מחסנית בהכנס"", ""תכנון"": ""לא"", ""אופן החזקת הנשק"": ""מוסלק - מוסתר"", ""כמות תחמושת"": ""מחסנית ובה כדורים, מחסנית טעונה בכדורים, כדורים"", ""שימוש"": ""לא""}","{""תאריך העבירה"": ""אפריל 2016"", ""מחיר הנשק"": ""7300 שקלים"", ""מיקום החזקת הנשק"": ""גג בית חבר"", ""משך החזקת הנשק"": ""כשבוע"", ""קשר עם קרוב משפחה"": ""קרוב משפחה רכש והעביר לנאשם"", ""מספר עבירה"": ""144 א, 144 ב"", ""סוג עבירה"": ""החזקה נשק, נשיאת נשק"", ""סוג הנשק [תת מקלע מאולתר]"": 1.0, ""סטטוס הנשק"": ""נשק מופרד מתחמושת"", ""תכנון"": ""לא"", ""אופן החזקת הנשק"": ""מוסלק - מוסתר"", ""אופן קבלת הנשק"": ""מאחר"", ""כמות תחמושת"": ""מחסנית"", ""שימוש"": ""לא""}","35.0","1. **סוג העבירה וחומרתה**:  
תיק 1 עוסק בהחזקה בלבד (144א), בעוד תיק 2 כולל גם נשיאה (144ב) — עבירה חמורה יותר. הבדל מהותי במדרגת החומרה, אף שסוג הנשק זהה.

2. **תפקיד הנאשם ומעורבותו**:  
בשניהם הנאשם לא יזם את רכישת הנשק — תיק 1 לא מציין מקור, תיק 2 מציין קבלת הנשק מאחר (קרוב משפחה). מעורבות פסיבית בשתיהן, אך ב-2 יש נגיעה במעורבות ביצועית יותר (נשיאה).

3. **שיטת הביצוע (MO)**:  
שניהם מוסלים ומוסתרים, אך ב-1 הנשק עם מחסנית טעונה, וב-2 הנשק מופרד מתחמושת — דפוס ביצוע שונה. גם קיום תכנון: ""לא"" בשניהם.

4. **נסיבות הליבה**:  
כמות תחמושת דומה (מחסניות), אך ב-1 יש גם כדורים נפרדים — סדר גודל דומה. אין שימוש בנשק בשניהם. תכנון לא קיים. נסיבות מחמירות ב-2 (נשיאה + תקיפה פוטנציאלית).

5. **ישימות כתקדים**:  
בגלל הבדל מהותי בין 144א ל-144ב, בית המשפט לא יראה בתיק 1 תקדים רלוונטי לתיק 2. גם אם הנשק זהה, העבירה ב-2 חמורה יותר ומעורבת בפעולה (נשיאה).

SIMILARITY_SCORE: 35","ok",""
