verdict,domain,rep,n_neighbors,actual_low,actual_high,pred_low,pred_high,sigma_low,sigma_high,mean_sim,err_low,err_high,iou
תפ_19835-04-13,weapon,Gemini,25,6.0,15.0,18.91373495198829,39.22797273767375,9.97468796504432,14.932702367622545,93.68994180000001,12.913734951988289,24.227972737673753,0.0
תפח_30145-08-13,weapon,Gemini,17,120.0,168.0,23.94342148283252,50.631767120045204,13.672137200896515,19.29985567473871,93.41964905882352,96.05657851716748,117.3682328799548,0.0
תפ_36831-09-13,drugs,Gemini,4,24.0,55.0,17.0,45.5,13.665650368716449,25.703842125254347,94.4519875,7.0,9.5,0.5657894736842105
תפ_5911-11-16,drugs,Gemini,99,6.0,12.0,11.0,24.0,10.239265944636427,18.419296474182072,94.80679370707071,5.0,12.0,0.05555555555555555
תפ_28787-04-22,weapon,Gemini,259,16.0,36.0,23.158966441933636,45.067947147453204,14.786796955442641,19.707379916770062,94.49466520849421,7.158966441933636,9.067947147453204,0.4417592165324766
תפ_35431-03-21,weapon,Gemini,238,28.0,50.0,21.695484144949276,42.98919179180605,13.699103502161757,18.96801773068535,94.12916241596639,6.304515855050724,7.01080820819395,0.5295689164431104
תפ_16760-09-22,weapon,Gemini,159,16.0,36.0,21.139671437516316,42.19303616433861,11.500133713663624,16.07980670086067,94.64896425786164,5.139671437516316,6.193036164338608,0.5673389090614771
תפ_63155-05-23,weapon,Gemini,258,34.0,50.0,22.652476870514008,45.0694161719082,24.468503526039306,31.98209515952044,94.30221018217055,11.347523129485992,4.930583828091798,0.40476850936358477
תפ_18210-05-23,weapon,Gemini,120,30.0,54.0,27.19302172936435,49.962881623353326,15.773903818226692,20.71851024245389,94.09298308333332,2.80697827063565,4.037118376646674,0.7446897379411336
תפ_31935-12-21,weapon,Gemini,30,10.0,18.0,35.30914772147891,59.876343096008085,22.868610218667275,30.529202777377307,94.03872096666667,25.309147721478908,41.876343096008085,0.0
תפ_10650-11-21,weapon,Gemini,148,30.0,60.0,31.859556282217603,55.08172107599622,19.93048547522878,27.292268569448566,94.35263102702703,1.8595562822176035,4.918278924003779,0.7740721597926206
תפ_1580-11-23,weapon,Gemini,166,22.0,50.0,28.271867438159724,51.00799609542667,23.473302612743414,31.36987792164159,94.0028503614458,6.271867438159724,1.0079960954266696,0.7490394196952433
תפ_35295-09-23,weapon,Gemini,29,24.0,60.0,46.67361263443994,76.79432557727735,19.070867274377125,23.598101457320922,96.02998072413794,22.67361263443994,16.79432557727735,0.2524208278038072
תפ_10875-12-21,weapon,Gemini,126,15.0,32.0,20.730418522735288,39.97181451264831,14.584634970525729,18.406500393603693,94.40344703968253,5.730418522735288,7.971814512648308,0.45129205455040644
תפ_21029-10-19,weapon,Gemini,26,12.0,24.0,14.68338079332607,35.01444970259483,12.581862121239043,18.650475508318564,94.74175542307691,2.6833807933260694,11.014449702594831,0.40481607542514914
תפ_57001-11-21,weapon,Gemini,91,36.0,72.0,32.55532608996536,56.90651208668962,17.182175254603063,23.831575023900378,94.24828862637362,3.4446739100346377,15.093487913310383,0.5300211667200789
תפ_59067-10-21,weapon,Gemini,167,22.0,44.0,24.036237226462163,48.50462487925966,15.383714851580242,21.651247235817767,94.16046291616767,2.0362372264621627,4.504624879259659,0.7532180841827283
תפ_14115-07-19,weapon,Gemini,159,18.0,36.0,16.038015003648976,37.774502105779106,7.72163135865537,11.643006063988958,94.94746703144654,1.961984996351024,1.7745021057791064,0.8281006914974792
תפ_7735-04-19,weapon,Gemini,184,12.0,36.0,18.283916906387077,40.35485920935573,10.848597983777008,14.931158980689215,93.96631000543478,6.283916906387077,4.35485920935573,0.6247988382805115
תפ_28845-04-22,weapon,Gemini,112,24.0,50.0,28.214804604248055,51.68017240824507,26.388622074674533,34.03378423548805,94.02269689285713,4.214804604248055,1.6801724082450704,0.7870325037882642
תפ_34669-01-23,weapon,Gemini,115,42.0,50.0,32.70084116752253,55.94147502002191,19.443066029697086,26.603528910138774,94.06222264347825,9.299158832477467,5.941475020021912,0.34422469071942513
תפ_58027-12-21,weapon,Gemini,55,28.0,50.0,26.451438251900818,46.385522114912845,14.08702585788289,18.512859055619234,93.86924141818183,1.548561748099182,3.6144778850871546,0.7807492581323744
תפ_21503-07-23,drugs,Gemini,84,12.0,24.0,10.0,24.0,9.832612679692186,16.986672780571098,94.94208910714285,2.0,0.0,0.8571428571428571
תפ_42164-10-19,drugs,Gemini,108,20.0,40.0,14.5,30.0,12.305869070498309,20.59356470860272,94.8710540740741,5.5,10.0,0.39215686274509803
תפ_25631-03-22,weapon,Gemini,72,12.0,90.0,38.20802448524001,63.75559271917208,18.655668056043556,26.13541643601553,93.93026415277777,26.20802448524001,26.24440728082792,0.32753292607605217
תפ_52848-09-22,weapon,Gemini,89,32.0,62.0,33.12374730285852,60.72944730471296,18.58777462431036,26.169931119244694,95.02728380898877,1.1237473028585185,1.2705526952870372,0.9201900000618148
עפ_6029-03,drugs,Gemini,71,10.0,20.0,10.0,24.0,8.933020174310364,15.194461242502504,95.0781766478873,0.0,4.0,0.7142857142857143
תפ_59971-01-17,drugs,Gemini,72,30.0,48.0,10.0,24.0,9.663792676216149,16.603677266359767,95.29893391666666,20.0,24.0,0.0
תפ_22417-12-21,weapon,Gemini,298,13.0,36.0,18.666926818470813,39.32486654721045,10.300157233910866,14.63464485570799,94.78726461073826,5.666926818470813,3.3248665472104477,0.6584296695462607
תפ_52789-09-22,weapon,Gemini,76,60.0,96.0,37.24974012936403,65.62283367236692,20.598603313058714,27.55119573496934,94.98653742105265,22.750259870635972,30.377166327633077,0.09570738384388454
תפ_25639-03-21,weapon,Gemini,177,18.0,36.0,23.296847072300352,46.82134471173512,15.014298355098633,21.069348748111306,94.27569742937854,5.296847072300352,10.821344711735122,0.4407550395289965
תפ_69640-10-18,weapon,Gemini,47,15.0,36.0,30.831879402159363,56.933716233330394,20.31488202942917,27.710068476550212,94.36547455319149,15.831879402159363,20.933716233330394,0.12324499381556918
תפ_59422-07-14,weapon,Gemini,3,48.0,84.0,24.0,48.0,0.0,0.0,93.382175,24.0,36.0,0.0
תפ_63355-02-23,weapon,Gemini,177,30.0,50.0,24.253294531199007,46.55136142275455,15.742684156139822,21.065664033100855,94.23750363276835,5.746705468800993,3.448638577245447,0.6428535659760798
תפ_46108-06-20,weapon,Gemini,199,10.0,36.0,19.852392864023397,41.783234667904395,20.51906293274103,26.331283322352235,94.50002149748744,9.852392864023397,5.783234667904395,0.5080542400639577
תפ_59260-03-16,weapon,Gemini,75,12.0,30.0,20.534819946680447,43.690278627926816,13.38035707877617,17.528622941412777,94.68363073333333,8.534819946680447,13.690278627926816,0.2986777164205314
תפ_23648-12-19,weapon,Gemini,112,12.0,24.0,23.84231093504802,48.14119317903449,16.224133160548963,23.735945089372667,94.12589319642858,11.842310935048019,24.141193179034488,0.004363139428486178
תפ_4248-06-16,weapon,Gemini,135,10.0,24.0,16.45738678470051,37.74857190289684,8.20627749943939,12.331751650330625,94.83687995555556,6.45738678470051,13.748571902896842,0.271819870287165
תפ_19759-07-21,weapon,Gemini,162,16.0,30.0,18.618352626312507,38.31451152007419,9.552987181549016,12.066297136924625,94.06184547530864,2.6183526263125074,8.314511520074191,0.5100558604407959
תפ_23253-12-15,weapon,Gemini,91,28.0,54.0,28.342587447591505,53.997344547500276,36.64874870042094,47.7377840609498,93.75485634065934,0.34258744759150517,0.002655452499723765,0.9867214269195681
תפ_27277-01-15,weapon,Gemini,204,6.0,36.0,17.560223543541518,39.07856374676658,9.676191217136433,14.897967731274857,94.38079255882354,11.560223543541518,3.0785637467665765,0.5574539631655249
תפ_66319-05-20,weapon,Gemini,153,18.0,36.0,23.97957761697075,51.81952250796359,15.398936935601622,58.54760850322114,94.24482209803922,5.979577616970751,15.81952250796359,0.35542850672119225
תפ_50626-09-22,weapon,Gemini,44,36.0,84.0,39.49386463298226,67.03684646506147,18.579514178455746,23.146764941838573,96.09717965909091,3.493864632982259,16.963153534938527,0.5738121215016503
תפ_53377-09-22,weapon,Gemini,69,40.0,66.0,35.8902773583729,64.73441527184185,20.19935302513178,28.288154795661935,94.23130685507248,4.109722641627101,1.2655847281581458,0.8214760250778992
תפ_11545-01-19,drugs,Gemini,14,18.0,36.0,13.0,24.0,9.191833109797379,13.952726308093748,96.20620707142857,5.0,12.0,0.2608695652173913
תפ_59811-06-20,drugs,Gemini,13,14.0,24.0,18.0,36.0,4.822285544202301,10.388888009928696,97.25697776923076,4.0,12.0,0.2727272727272727
תפ_17304-12-17,weapon,Gemini,32,54.0,84.0,41.74763064154668,95.11619711800782,18.59057220743891,115.35473481288057,94.67538340625,12.252369358453322,11.116197118007818,0.5621286457681389
תפ_21696-04-20,weapon,Gemini,14,36.0,54.0,43.56664519811075,76.19660351704258,19.502485451231856,33.00958426065412,94.27285485714287,7.5666451981107485,22.196603517042576,0.259558119070078
תפ_48352-05-15,drugs,Gemini,4,0.0,8.0,0.0,13.5,3.031088913245535,4.9180788932265,97.23456025,0.0,5.5,0.5925925925925926
תפ_11104-07-19,weapon,Gemini,75,9.0,30.0,22.086752917653925,43.73929469108159,13.662054506308095,18.2525785088634,94.07412930666665,13.086752917653925,13.73929469108159,0.22778951480490464
תפ_33420-12-20,weapon,Gemini,241,22.0,50.0,18.35962365002841,38.65494734408248,9.659234133693884,13.489651444601165,94.40168967634855,3.6403763499715893,11.34505265591752,0.526382719341372
תפ_44129-09-19,drugs,Gemini,48,24.0,60.0,24.0,57.0,13.10825651598598,21.149886721524854,95.40490789583333,0.0,3.0,0.9166666666666666
תפ_49305-06-16,drugs,Gemini,29,36.0,60.0,30.0,60.0,11.820798293469315,17.92586132272902,95.25286203448275,6.0,0.0,0.8
תפ_31334-11-15,weapon,Gemini,9,12.0,42.0,24.762117158094,50.73139746694582,21.42572585456702,25.454874136085426,93.74176377777778,12.762117158094,8.731397466945822,0.4450622484411301
תפ_44157-08-16,weapon,Gemini,133,18.0,36.0,20.42153314559389,43.56220495977577,13.987824106918316,21.36976762092444,94.27473802255639,2.421533145593891,7.5622049597757695,0.6094336102429391
תפ_3910-02-23,weapon,Gemini,82,30.0,42.0,24.26082730639673,44.9717349466878,9.336367456742957,12.965961248613056,94.19414187804878,5.739172693603269,2.9717349466878034,0.5794048338400756
תפ_52964-03-22,weapon,Gemini,120,30.0,45.0,23.224494262735515,42.74411120739839,12.307831179104358,15.998402698047354,94.55696005833333,6.775505737264485,2.25588879260161,0.5852498381054524
תפ_3526-04-21,drugs,Gemini,97,4.0,12.0,9.0,24.0,9.49153708441847,15.878885849955022,94.6761465257732,5.0,12.0,0.15
תפ_69278-05-18,drugs,Gemini,113,18.0,48.0,18.0,36.0,11.099786608116043,17.72634189010134,95.46719642477876,0.0,12.0,0.6
תפ_18689-01-17,weapon,Gemini,46,8.0,18.0,33.83053862328198,61.67030036359773,22.772234611191443,32.18169706073446,93.80933623913043,25.83053862328198,43.67030036359773,0.0
תפ_20477-02-20,weapon,Gemini,100,10.0,30.0,26.698281692387134,51.2172643000507,14.443029460608322,20.186371640292368,94.51965012,16.698281692387134,21.2172643000507,0.08010522686749019
תפ_35843-03-22,weapon,Gemini,46,34.0,58.0,38.30083304821125,65.9814624638019,18.98095005599971,25.76651011445401,94.69854719565217,4.300833048211253,7.981462463801904,0.6159557892039857
תפ_37966-04-23,weapon,Gemini,81,32.0,54.0,30.33434828905935,51.746487558651175,16.750743579188455,21.63847133113946,93.92818735802469,1.6656517109406508,2.253512441348825,0.8343944126213249
תפ_1197-11-21,drugs,Gemini,79,8.0,24.0,10.0,24.0,9.340674354898693,15.659921318941235,95.1197570886076,2.0,0.0,0.875
תפ_30197-04-17,drugs,Gemini,98,8.0,20.0,10.0,24.0,9.53655912877699,16.68031233695807,95.00711903061224,2.0,4.0,0.625
תפ_51810-03-15,drugs,Gemini,36,3.0,8.0,9.5,24.0,8.283555030940356,15.241547951261948,94.5580646111111,6.5,16.0,0.0
תפ_62794-11-21,drugs,Gemini,10,12.0,36.0,21.0,51.0,17.861690849412884,30.10132887432048,95.3219144,9.0,15.0,0.38461538461538464
תפ_1631-01-22,weapon,Gemini,218,10.0,30.0,17.852044469244063,39.22011463533607,9.705560262468973,14.74184896590055,94.63200324770641,7.852044469244063,9.220114635336067,0.4157394891279906
תפ_52479-01-18,weapon,Gemini,185,12.0,36.0,16.15553154408895,37.20006678201467,8.873446735958627,13.361003185983662,94.69029661621623,4.1555315440889515,1.200066782014673,0.7874768201040672
תפ_18912-06-23,weapon,Gemini,184,24.0,48.0,19.234860320258143,39.573230466502075,10.094588976615407,12.511609684223655,94.27688191847827,4.765139679741857,8.426769533497925,0.5413924854837288
תפ_16996-08-12,weapon,Gemini,23,6.0,15.0,20.64518002739031,43.64515691785552,10.375009964237817,14.928310096727134,93.7288685652174,14.64518002739031,28.645156917855523,0.0
תפ_27685-11-15,weapon,Gemini,11,30.0,60.0,25.11650430419207,49.208658450278946,14.465119060052274,17.963691571501474,93.65559118181818,4.88349569580793,10.791341549721054,0.5506517643123512
תפ_1589-02-16,weapon,Gemini,117,18.0,30.0,19.661838296647538,42.69307160274253,24.630764426079388,32.88249578036479,93.82677947008547,1.661838296647538,12.693071602742528,0.41866649356835206
תפ_57539-11-15,weapon,Gemini,4,18.0,36.0,46.36690543532459,85.61879136629614,29.189039038652847,49.08156476723211,93.26409000000001,28.36690543532459,49.618791366296136,0.0
תפ_3531-12-13,weapon,Gemini,62,48.0,96.0,24.58533854965138,61.19960521390671,16.99752078390162,89.14368465599718,93.78033166129032,23.41466145034862,34.80039478609329,0.18483046682345186
תפ_52077-12-20,weapon,Gemini,108,28.0,58.0,24.48173627341417,54.74407759631086,15.950691338741823,68.59738391693165,94.2083867037037,3.518263726585829,3.2559224036891408,0.7978956730714587
תפ_36287-01-22,weapon,Gemini,54,48.0,84.0,30.312924826510162,54.20395843229342,18.128570316723685,24.62445643248468,93.62833779629628,17.687075173489838,29.79604156770658,0.11555776529537735
תפ_62452-10-20,weapon,Gemini,71,30.0,60.0,32.584881985958305,55.29115199526073,19.801003663504698,25.918026514246336,93.93044454929577,2.5848819859583045,4.7088480047392665,0.7568756669767477
תפ_395-05-17,weapon,Gemini,155,36.0,72.0,18.354196032824,40.52188825249779,9.348028666963783,14.302039906022676,94.06616678064518,17.645803967176,31.47811174750221,0.08429155531464445
תפ_43009-08-20,weapon,Gemini,79,18.0,36.0,19.482790870842543,41.32230999084237,10.958779886168653,14.554265022587044,95.16483462025317,1.4827908708425426,5.3223099908423706,0.7082149725152881
תפ_31862-05-13,weapon,Gemini,145,12.0,36.0,19.18220428553363,41.856775943168365,13.209869117169431,17.78675374538729,94.2435908137931,7.182204285533629,5.8567759431683655,0.5632823767200661
תפ_31498-01-16,weapon,Gemini,11,12.0,36.0,19.055692463467814,45.02317695529403,10.099504938362077,17.875603208917024,93.45556036363637,7.055692463467814,9.023176955294034,0.5131034957499992
תפ_37386-11-13,weapon,Gemini,8,7.0,18.0,18.92939917812184,43.02473584412424,8.422440263961509,12.52746981636755,93.312492375,11.929399178121841,25.024735844124237,0.0
תפ_1506-02-24,drugs,Gemini,18,9.0,18.0,6.5,18.0,6.124228346453632,9.96738508497082,95.00438972222221,2.5,0.0,0.782608695652174
תפ_9675-11-17,drugs,Gemini,21,10.0,24.0,14.0,36.0,12.93801724567691,19.187344657647078,94.90827652380952,4.0,12.0,0.38461538461538464
תפ_15023-05-20,drugs,Gemini,38,7.0,20.0,11.5,28.5,12.534495339151164,22.58282692716217,95.59809039473684,4.5,8.5,0.3953488372093023
תפ_40313-09-15,weapon,Gemini,127,16.0,40.0,18.858491653782902,41.30242263821832,11.49867298599977,16.338831228542997,94.39574210236223,2.8584916537829024,1.3024226382183173,0.8355527313927512
תפ_46737-07-22,weapon,Gemini,158,16.0,36.0,20.271557687979396,41.09752516224553,12.900268228425563,17.916044705999887,94.04278103164557,4.271557687979396,5.097525162245532,0.626692959179938
תפ_17856-06-17,weapon,Gemini,171,24.0,60.0,17.415371488963853,39.24304505803872,10.07930321017752,15.30878662900467,94.4212991111111,6.584628511036147,20.756954941961283,0.3579471182680004
תפ_23992-11-21,weapon,Gemini,151,10.0,24.0,16.332482697963965,35.75718765559182,7.573599808597416,9.684963479997062,94.28327729801323,6.332482697963965,11.75718765559182,0.29768456884971434
תפ_32227-11-20,weapon,Gemini,95,18.0,60.0,23.72192192991386,47.009214239932696,15.777117972669968,22.239955559054028,94.0147520736842,5.7219219299138615,12.990785760067304,0.5544593407147341
תפ_46930-03-22,weapon,Gemini,284,42.0,60.0,23.634654552368787,47.2641428928046,20.797574780312964,28.219972393616,94.20866238732394,18.365345447631213,12.7358571071954,0.1447571259947291
תפ_17137-11-21,weapon,Gemini,145,20.0,40.0,17.8408444792363,39.06449237668811,9.657167281603606,13.62050632788018,94.50399555862069,2.1591555207637008,0.9355076233118922,0.8603438140421997
תפ_34694-09-21,weapon,Gemini,165,12.0,24.0,17.943226920142628,43.68481164064595,9.868323142909974,54.86808489576212,94.58268370909092,5.943226920142628,19.684811640645947,0.19115698551566
תפ_34792-10-18,drugs,Gemini,80,0.0,6.0,10.0,24.0,10.154924913557952,17.495066268808472,95.113753525,10.0,18.0,0.0
תפח_53698-03-17,weapon,Gemini,35,96.0,132.0,34.408086276321896,65.17962765808328,21.090746592682173,30.750397375895975,93.81120785714286,61.591913723678104,66.82037234191672,0.0
תפ_3728-01-15,weapon,Gemini,4,18.0,42.0,11.967412672408969,32.0032542692343,5.11737237261468,10.805091392487155,94.309455,6.032587327591031,9.996745730765703,0.4662686606548036
תפ_40450-09-15,weapon,Gemini,21,6.0,24.0,18.022412099219185,40.68073753189408,8.400680244565232,12.049783355378826,93.54354328571428,12.022412099219185,16.68073753189408,0.17236046076827335
תפ_1219-06-23,weapon,Gemini,209,14.0,28.0,29.805914246057657,52.95467740306819,23.260992776337407,31.505049101084538,94.1300983014354,15.805914246057657,24.95467740306819,0.0
תפ_31736-06-21,drugs,Gemini,17,9.0,20.0,20.0,46.0,10.357953332190386,17.137748456122488,94.36855505882353,11.0,26.0,0.0
תפ_66114-01-23,drugs,Gemini,13,6.0,16.0,9.0,24.0,9.539081865684805,16.114971538675075,94.617738,3.0,8.0,0.3888888888888889
תפ_33898-01-22,drugs,Gemini,24,30.0,50.0,18.0,32.0,13.356685279913824,25.396303318046552,95.25571674999999,12.0,18.0,0.0625
תפ_59274-02-22,drugs,Gemini,23,30.0,50.0,12.0,30.0,12.554757192648195,23.186268017399204,94.85783295652175,18.0,20.0,0.0
תפ_28100-07-20,weapon,Gemini,116,14.0,36.0,20.19307366493679,43.40715124758114,12.926412967245097,20.926224735686702,94.39054303448275,6.19307366493679,7.40715124758114,0.5375198094498662
תפ_44840-06-16,weapon,Gemini,74,6.0,20.0,16.3884229783209,37.75346573847733,9.44357740091646,14.106198742079993,94.14436901351353,10.3884229783209,17.75346573847733,0.11373804205891024
תפ_11843-03-20,weapon,Gemini,145,8.0,24.0,17.37125826587853,38.809755159211306,7.991832929877384,11.52468064509653,94.32541802068964,9.37125826587853,14.809755159211306,0.21515074364814124
תפ_41694-03-20,weapon,Gemini,81,18.0,36.0,27.235338336569725,52.54580464295725,27.604468955130656,36.87146116824777,94.0942597654321,9.235338336569725,16.54580464295725,0.25371131904484673
תפ_61158-05-20,drugs,Gemini,12,16.0,40.0,18.0,42.0,13.136833289986171,18.573427853312975,95.08431133333335,2.0,2.0,0.8461538461538461
תפ_44620-01-22,weapon,Gemini,277,20.0,48.0,20.373007452657806,44.82786405426848,14.60221558250298,45.383940930511216,94.10555922382672,0.37300745265780577,3.172135945731519,0.8733877357718098
תפ_53496-03-18,weapon,Gemini,59,15.0,36.0,17.61494781303088,40.498176822121124,7.503441707676542,12.638659269473472,93.41825689830509,2.6149478130308808,4.498176822121124,0.7210339905957134
תפ_29947-07-23,weapon,Gemini,49,42.0,72.0,32.76334160957508,54.76680112061029,17.090347178467432,22.596196323641355,94.02453763265306,9.236658390424921,17.23319887938971,0.32537941925568825
תפ_7617-07-23,weapon,Gemini,73,18.0,36.0,22.968243713479417,41.69876626932192,9.620632890771294,12.453026771595187,93.89575675342465,4.968243713479417,5.698766269321922,0.5498917596984871
תפ_46896-11-15,drugs,Gemini,16,18.0,36.0,18.0,42.0,10.419332992087353,20.018643654104043,94.0288920625,0.0,6.0,0.75
תפ_49875-05-23,drugs,Gemini,47,12.0,24.0,15.0,30.0,10.925692472250407,19.194248987796392,94.3751275319149,3.0,6.0,0.5
תפ_35202-10-15,drugs,Gemini,42,28.0,54.0,8.5,20.0,8.02843585718446,13.333248299048572,94.66261833333333,19.5,34.0,0.0
תפ_49244-01-22,drugs,Gemini,110,6.0,18.0,10.0,24.0,9.473215831058543,17.13944751609645,95.38385312727273,4.0,6.0,0.4444444444444444
תפ_522-05-17,weapon,Gemini,39,48.0,96.0,32.341390105128795,59.01381774545479,18.808526889703078,28.187103797886376,94.52544730769229,15.658609894871205,36.98618225454521,0.17301379599151662
תפ_26549-09-21,weapon,Gemini,101,14.0,38.0,20.355695245534033,42.00756128989144,12.558554161182371,15.9634360665208,94.61719868316833,6.355695245534033,4.0075612898914414,0.6299836166326339
תפ_32775-09-23,weapon,Gemini,48,60.0,96.0,43.38190280477264,70.42056540898197,36.5723218051879,47.10913286514151,93.77198281250001,16.618097195227357,25.57943459101803,0.19804147174533618
תפח_39094-05-12,weapon,Gemini,32,240.0,324.0,32.60622634972998,60.11526280745354,44.16092730004659,56.859810815175074,93.71543884375001,207.39377365027002,263.8847371925465,0.0
תפ_10896-06-20,weapon,Gemini,222,22.0,48.0,17.314197181993727,38.63891095251211,10.101390269793558,14.573029334863966,94.69271162162163,4.685802818006273,9.361089047487887,0.542234826026728
תפ_26478-04-22,weapon,Gemini,216,15.0,36.0,20.821856328699972,41.890343203863814,13.91674290287391,19.268193707551173,94.07528177314815,5.8218563286999725,5.890343203863814,0.5644458888542231
תפ_18013-01-15,weapon,Gemini,95,24.0,48.0,23.521811765323093,47.81015611647524,14.247266346143391,21.339742227542256,94.04540686315791,0.47818823467690663,0.1898438835247589,0.972709086481519
תפ_10316-06-13,drugs,Gemini,44,6.0,24.0,10.0,25.0,10.534746718823005,20.049461050855008,94.79061570454546,4.0,1.0,0.7368421052631579
תפ_49932-08-21,drugs,Gemini,98,10.0,18.0,8.0,20.0,8.491911284734732,14.017422371672186,95.12144912244898,2.0,2.0,0.6666666666666666
תפ_38687-04-20,weapon,Gemini,238,16.0,40.0,17.726748969379948,39.228433890336376,11.084715290484947,15.53658343259993,94.5998312352941,1.7267489693799476,0.7715661096636239,0.8959035383731845
תפ_983-05-15,weapon,Gemini,72,24.0,48.0,26.62070618751369,51.87781163304888,14.457792977414561,21.02115336723675,94.90735304166667,2.62070618751369,3.8778116330488785,0.7668928283861909
תפ_24239-05-17,drugs,Gemini,59,7.0,20.0,12.0,24.0,10.106329274791822,17.116798020952665,95.06320320338985,5.0,4.0,0.47058823529411764
תפ_50970-11-21,drugs,Gemini,42,42.0,72.0,27.5,60.0,13.135285085818056,21.161456855231577,95.53229935714286,14.5,12.0,0.4044943820224719
תפ_52569-05-16,drugs,Gemini,64,36.0,56.0,22.0,47.0,8.838613791200519,12.973822426693491,94.77921189062499,14.0,9.0,0.3235294117647059
תפ_13153-08-15,weapon,Gemini,149,9.0,36.0,15.853501198166263,36.70730088640069,8.697867469563144,12.711242849875974,94.54562573825504,6.8535011981662635,0.707300886400688,0.7271187794305165
תפ_41276-06-17,weapon,Gemini,135,10.0,30.0,17.337730767408278,39.26398680803594,8.305702339840062,12.038187979163373,93.96834016296297,7.337730767408278,9.263986808035938,0.43269118851279154
תפ_57914-10-13,weapon,Gemini,24,6.0,12.0,23.604850468232023,50.54533734105702,17.227592128778635,33.29078013004001,93.51289566666667,17.604850468232023,38.54533734105702,0.0
תפ_27929-03-19,weapon,Gemini,60,9.0,36.0,27.666280900537096,52.607306555622145,13.319743073931852,19.53856585206692,94.16922771666667,18.666280900537096,16.607306555622145,0.19110832008927334
תפ_41775-01-11,weapon,Gemini,92,5.0,18.0,15.078862777658555,35.740944559451556,6.342714961377773,9.134542295537324,94.27422689130435,10.078862777658555,17.740944559451556,0.09502431575230556
תפ_35074-05-17,drugs,Gemini,78,6.0,24.0,9.0,24.0,8.085180963732665,14.004325667792752,94.62993453846154,3.0,0.0,0.8333333333333334
תפ_40063-03-18,drugs,Gemini,48,6.0,24.0,9.0,22.0,8.74044617313988,13.941781230850271,94.70187287499999,3.0,2.0,0.7222222222222222
תפ_12743-08-22,weapon,Gemini,28,72.0,108.0,32.569787141412284,60.25626098709996,41.6048435906696,53.197492556376325,93.89302260714284,39.430212858587716,47.74373901290004,0.0
תפ_13785-04-15,weapon,Gemini,13,10.0,36.0,15.306506501291896,35.99237314823215,5.953468483350568,11.176899253508413,94.383955,5.306506501291896,0.007626851767852827,0.7956102556515481
תפ_30003-03-22,drugs,Gemini,5,30.0,60.0,42.0,75.0,15.357083056361972,21.536945001554887,95.59588299999999,12.0,15.0,0.4
תפ_6968-01-24,weapon,Gemini,170,30.0,42.0,22.884740053404933,43.67912330599336,13.03142993266531,17.127024922588337,94.92161679411765,7.115259946595067,1.6791233059933575,0.5770789089648174
תפ_19384-05-16,weapon,Gemini,164,40.0,60.0,27.401427066444775,52.81952184311672,24.35065384446961,33.136902135908585,94.08704220731708,12.598572933555225,7.180478156883282,0.3932540810681006
תפ_39998-08-15,weapon,Gemini,103,24.0,48.0,20.90624294798475,44.472877892143416,11.30834177264304,17.01112730707513,94.08118936893204,3.093757052015249,3.5271221078565844,0.7556308212566862
תפ_18557-10-21,weapon,Gemini,165,27.0,52.0,28.21335998554742,50.16607522300219,17.801868434040383,24.12193085574549,94.51043103030302,1.2133599855474202,1.8339247769978115,0.8781086094981907
תפ_39808-05-23,weapon,Gemini,105,36.0,54.0,32.905242920582154,57.60396734937354,29.589380334360307,38.22667089019051,93.81168465714285,3.094757079417846,3.6039673493735407,0.7287825754684456
תפ_10180-01-24,weapon,Gemini,231,32.0,48.0,25.172662833379178,47.36394481396246,16.280197955995618,22.18288857919341,94.59009158008658,6.827337166620822,0.6360551860375381,0.6730502424272388
תפ_61452-12-22,weapon,Gemini,201,24.0,44.0,19.46052213257593,40.70749701591656,12.68825274140461,18.036115239550156,94.1110033482587,4.539477867424068,3.292502984083441,0.6808415853906822
תפח_56363-07-20,weapon,Gemini,3,36.0,56.0,40.4575746271814,67.11899817488036,14.267289706021797,20.28683207293725,93.570305,4.457574627181401,11.11899817488036,0.49945134112204925
תפ_14553-12-23,drugs,Gemini,107,28.0,48.0,18.0,36.0,10.824027774153922,17.546623815905022,95.56095085981308,10.0,12.0,0.26666666666666666
תפ_16540-08-21,drugs,Gemini,109,48.0,84.0,15.0,30.0,11.714421643349644,20.395549833043784,94.49363081651377,33.0,54.0,0.0
תפ_35364-01-18,weapon,Gemini,60,42.0,72.0,29.736164242039003,55.846924051301045,42.67727407206583,55.79475035042873,93.71851026666668,12.263835757960997,16.153075948698955,0.3276305570228036
תפ_52390-06-19,weapon,Gemini,160,30.0,60.0,24.847481685628097,48.89904227705207,15.834377158574949,23.137813173191194,94.28399804375,5.152518314371903,11.100957722947932,0.5376298252101416
תפ_54607-07-19,weapon,Gemini,153,20.0,30.0,19.77359482908537,43.120776079940995,12.50596166945869,18.139427532829203,94.04650309803921,0.22640517091463153,13.120776079940995,0.4283172299282818
תפ_59967-01-13,weapon,Gemini,37,10.0,24.0,14.470017217640873,34.43516203613349,6.126377843265254,10.238927993558118,93.93325686486487,4.470017217640873,10.435162036133491,0.3900110328004646
תפ_21459-01-16,weapon,Gemini,118,20.0,40.0,16.342781454095256,37.15408717396922,7.536962447179398,12.082415921085031,94.22206914406779,3.657218545904744,2.8459128260307835,0.7251100606220138
תפ_23872-02-19,weapon,Gemini,159,18.0,36.0,23.52704930656739,47.549050353670616,15.77348961282441,22.91323496102414,94.30400146540879,5.527049306567388,11.549050353670616,0.42211003548827103
תפ_45965-07-16,weapon,Gemini,10,6.0,18.0,14.82263196643273,35.428506445580226,6.236184731067546,6.740919818541087,93.6154148,8.82263196643273,17.428506445580226,0.10796905508755332
תפ_50986-12-16,weapon,Gemini,28,15.0,42.0,30.70467333360863,82.4978285480864,17.05344988737541,126.8090069147057,93.64161971428571,15.704673333608628,40.4978285480864,0.16734355622039637
תפ_9111-02-15,weapon,Gemini,82,10.0,36.0,17.605901682553245,39.75669310515491,10.220210698522274,15.170971882656906,94.17830837804877,7.605901682553245,3.756693105154909,0.618149948734063
תפ_16161-04-21,weapon,Gemini,66,60.0,96.0,35.18373379394636,62.76353379579311,18.728792720505954,25.963101598770884,95.5745826969697,24.81626620605364,33.23646620420689,0.045440701447041924
תפ_42991-05-16,weapon,Gemini,125,10.0,24.0,15.737834668157243,36.760824367254685,7.485880041785335,10.677377955284715,94.49072039999997,5.737834668157243,12.760824367254685,0.30874106187672534
תפ_55664-02-14,weapon,Gemini,134,12.0,36.0,16.502549879550386,37.90851065782782,9.055400513420375,13.384331999050806,94.40519237313433,4.502549879550386,1.9085106578278186,0.7525500164000661
תפ_16779-09-22,weapon,Gemini,201,14.0,34.0,18.817742918792597,39.834607613791775,11.335536762903033,15.788967752376248,93.81367176616918,4.817742918792597,5.834607613791775,0.5876712860582551
תפ_51088-03-21,weapon,Gemini,17,9.0,36.0,43.85691146920671,72.93563867451014,54.55171191957592,69.74655055899821,93.43710311764706,34.85691146920671,36.935638674510145,0.0
תפ_17860-01-19,weapon,Gemini,141,12.0,36.0,17.755139245306566,39.73478751374999,22.112610812926082,29.31195806783186,94.6547534680851,5.755139245306566,3.7347875137499926,0.6578330822130234
תפ_21813-09-16,weapon,Gemini,147,8.0,24.0,15.758923162416739,36.11712756491799,9.449050606296863,14.019115883765007,94.58569141496598,7.758923162416739,12.117127564917993,0.29309810607630243
תפ_35397-07-21,weapon,Gemini,165,12.0,30.0,27.96558293914815,50.22866126838761,23.129408769917006,30.54169289007026,94.14046656969697,15.965582939148149,20.22866126838761,0.05321706262662589
תפ_4102-11-20,weapon,Gemini,161,24.0,54.0,16.56745806570807,38.17310629183886,8.901702482498386,13.222477772509373,94.08546808695652,7.43254193429193,15.826893708161137,0.37863061281592764
תפ_38883-05-22,weapon,Gemini,122,18.0,36.0,29.808942092125676,52.68467724601268,20.139390967205664,27.837736969265443,93.85476781967213,11.808942092125676,16.684677246012683,0.17849547406660796
תפ_52322-10-23,weapon,Gemini,135,28.0,48.0,26.269727351557044,48.28956274209994,16.55711484909736,21.99932160071379,94.19660495555557,1.7302726484429556,0.28956274209993893,0.9082720031862556
תפ_5649-09-21,drugs,Gemini,60,36.0,72.0,18.0,40.0,14.256567687287927,24.08745639447129,94.26508425,18.0,32.0,0.07407407407407407
תפ_15387-01-21,weapon,Gemini,91,12.0,30.0,23.21604153916833,46.094279503959136,26.843672994907113,34.34026725050888,94.52164152747253,11.21604153916833,16.094279503959136,0.19897644295559597
תפ_61106-05-20,weapon,Gemini,202,16.0,36.0,19.120600487786316,40.429897806178005,11.514975991767047,15.041345006414812,94.00340325247525,3.120600487786316,4.429897806178005,0.6909320557184281
תפ_5275-07-21,weapon,Gemini,119,108.0,156.0,33.71222044167493,60.164202437254474,19.750670286528948,27.710667293381846,94.09383631092439,74.28777955832507,95.83579756274553,0.0
תפ_28991-04-22,weapon,Gemini,100,32.0,48.0,32.8370592590472,56.70204999480724,20.49004392381822,27.7859298926633,94.06368132,0.8370592590472015,8.70204999480724,0.6138332949751251
תפ_60842-12-14,drugs,Gemini,14,48.0,108.0,13.0,36.0,16.82139065813137,23.45468927484634,95.91886635714285,35.0,72.0,0.0
תפ_49293-04-21,drugs,Gemini,5,15.0,30.0,24.0,48.0,11.384199576606166,16.714065932620944,95.80338600000002,9.0,18.0,0.18181818181818182
תפ_18203-04-19,drugs,Gemini,19,15.0,36.0,24.0,50.0,16.42358280102611,27.887387313822277,95.00043768421052,9.0,14.0,0.34285714285714286
תפ_7027-07-19,drugs,Gemini,84,24.0,50.0,9.0,24.0,11.625949355330016,19.382425795168558,94.67653302380953,15.0,26.0,0.0
תפ_19908-10-21,drugs,Gemini,19,24.0,54.0,14.0,36.0,13.277978352944933,17.48636191966744,94.74417257894738,10.0,18.0,0.3
תפ_54337-05-21,weapon,Gemini,69,54.0,90.0,34.78048081609434,62.31177484893738,19.794310920098035,27.579592100701632,94.5323365362319,19.21951918390566,27.688225151062618,0.15052240533379982
תפ_1178-06-21,weapon,Gemini,155,20.0,42.0,26.14173636555843,46.961341630009265,15.341338603110088,20.830542692041252,94.62847870322582,6.14173636555843,4.961341630009265,0.5881852562110842
תפ_46916-07-22,weapon,Gemini,85,28.0,52.0,22.904944562085866,42.874856766310295,14.77569312304624,21.853903074388683,94.45691585882354,5.095055437914134,9.125143233689705,0.511250332485247
תפ_2144-04-21,weapon,Gemini,208,12.0,30.0,17.232843965036796,38.06343914698203,8.983413329674592,13.42711171313848,94.62404716346153,5.232843965036796,8.063439146982027,0.48984924679218916
תפ_54202-01-23,weapon,Gemini,134,20.0,50.0,29.265978792344182,54.124541275159174,17.31095099298641,24.34236845923976,94.33216141791046,9.265978792344182,4.124541275159174,0.6075985326943887
תפ_15710-09-21,weapon,Gemini,119,19.0,42.0,23.16606993153337,42.58919772849602,11.942994793521871,15.939933858711505,94.53910937815124,4.166069931533372,0.5891977284960177,0.7984133366992395
תפ_1057-05-15,drugs,Gemini,76,18.0,42.0,14.0,30.0,10.627173070917044,18.57156555305483,94.83430125,4.0,12.0,0.42857142857142855
תפ_66982-09-16,drugs,Gemini,47,3.0,5.0,15.0,30.0,9.576359151307937,16.739448748666575,94.72393374468085,12.0,25.0,0.0
תפ_7166-09-15,weapon,Gemini,3,7.0,18.0,10.600685220692707,30.834605552973215,3.2998316455372216,6.599663291074443,94.11499199999999,3.600685220692707,12.834605552973215,0.31044418850826233
תפ_30015-07-16,weapon,Gemini,91,24.0,42.0,21.250633151121235,43.78644828701928,13.919550799404094,21.24015786766208,93.59751849450548,2.749366848878765,1.786448287019283,0.7987285967449743
תפ_45597-11-14,weapon,Gemini,72,20.0,40.0,23.844233332379414,47.64995403462799,13.060689002584137,17.740798127758417,93.94070180555555,3.844233332379414,7.649954034627989,0.5842963300187617
תפ_1118-10-18,weapon,Gemini,167,9.0,36.0,17.94366667472454,39.810005082017796,9.83364443865876,14.92657876989531,94.3300422754491,8.94366667472454,3.8100050820177955,0.5860542144413344
תפ_2058-09-17,weapon,Gemini,21,30.0,60.0,72.40309037466591,110.30001466016552,71.54327298423698,92.73188132491951,93.52659466666667,42.40309037466591,50.300014660165516,0.0
תפ_19821-02-17,weapon,Gemini,13,24.0,48.0,28.706624280885308,54.95723308159897,21.246371078931777,32.784034214969395,93.92876761538461,4.706624280885308,6.957233081598972,0.6232267486005623
תפ_7074-11-23,weapon,Gemini,48,16.0,32.0,17.499314465455583,39.2122968395072,10.706124123603276,16.139676245376037,93.8917614375,1.4993144654555834,7.2122968395071965,0.6246984361265074
תפ_12834-03-18,drugs,Gemini,58,28.0,52.0,22.0,47.0,9.972450159708576,14.495242977112085,95.84596353448276,6.0,5.0,0.6333333333333333
תפ_16097-08-21,drugs,Gemini,59,22.0,46.0,24.0,48.0,9.404931869212115,14.030806995976578,96.62490288135594,2.0,2.0,0.8461538461538461
תפ_2211-11-19,drugs,Gemini,65,24.0,48.0,22.0,46.0,9.043537036479561,13.59423825043049,96.05283269230769,2.0,2.0,0.8461538461538461
תפ_59804-01-17,drugs,Gemini,7,12.0,36.0,16.0,36.0,6.895724792084097,10.728561917439192,94.03755071428573,4.0,0.0,0.8333333333333334
תפ_46638-05-22,weapon,Gemini,40,18.0,40.0,32.11847970701001,57.64513806280866,29.757257518124884,37.476626048778726,94.5394331,14.11847970701001,17.645138062808662,0.19880168611100613
תפ_67356-12-21,weapon,Gemini,115,30.0,42.0,23.10006363909952,44.52217239844836,11.838229060834497,17.419715922928784,94.09928870434781,6.89993636090048,2.5221723984483617,0.5601689420404548
תפ_23075-10-23,weapon,Gemini,32,30.0,42.0,30.262094367753832,51.681682676600076,14.706370855856996,20.497880035201202,93.73813096875,0.2620943677538321,9.681682676600076,0.5413742930992291
תפ_66893-12-21,weapon,Gemini,297,30.0,42.0,23.061384986910866,45.566723199833476,14.395278650752186,20.06952228660814,94.27773988888887,6.938615013089134,3.5667231998334756,0.5332068279298099
תפ_12615-11-21,weapon,Gemini,121,20.0,40.0,23.037602469405165,43.13143268699866,13.033495435932167,18.46995947603134,94.94313362809918,3.037602469405165,3.1314326869986573,0.7333050987424911
תפ_13471-01-22,weapon,Gemini,67,13.0,36.0,19.724570369062988,37.3178538410924,8.506153342552244,10.120261487820697,95.37475588059701,6.724570369062988,1.3178538410924006,0.6692790300201052
תפ_33009-05-16,weapon,Gemini,25,24.0,60.0,24.748238018571758,50.3861166571413,15.997299772149049,32.234739024847094,93.69510348000001,0.7482380185717581,9.6138833428587,0.7121632955158206
תפ_41754-05-22,weapon,Gemini,270,26.0,48.0,26.46768780538791,49.39597791736537,20.893078447737654,27.770300228120423,94.28380351481482,0.46768780538791077,1.3959779173653715,0.9203424738501741
תפ_13373-10-23,drugs,Gemini,54,18.0,48.0,13.0,29.0,11.332728136830937,20.507150213438806,94.60587272222222,5.0,19.0,0.3142857142857143
תפ_20538-11-17,drugs,Gemini,31,18.0,36.0,10.0,30.0,11.767519098059921,20.927753431356717,94.19866806451613,8.0,6.0,0.46153846153846156
תפ_14615-05-21,drugs,Gemini,15,11.0,27.0,9.0,24.0,6.651983831075425,10.613618086632329,96.39566640000001,2.0,3.0,0.7222222222222222
תפ_34668-04-22,drugs,Gemini,8,9.0,27.0,13.5,31.0,3.960744879438715,4.06201920231798,96.50565999999999,4.5,4.0,0.6136363636363636
תפ_26565-12-20,weapon,Gemini,141,20.0,40.0,16.351213956646657,37.8257964390865,8.900418180656109,12.99694492701045,94.40589030496454,3.6487860433533434,2.1742035609134973,0.7537721558479983
תפ_51828-02-14,weapon,Gemini,102,12.0,28.0,18.661893592405352,40.702840683838225,10.061861712940328,14.491323684534482,94.44786089215687,6.661893592405352,12.702840683838225,0.3253373598262933
תפ_18957-11-20,weapon,Gemini,262,12.0,30.0,19.019513056353254,40.18475924692642,9.749096560606697,14.207144606485429,94.51252515267176,7.019513056353254,10.184759246926419,0.3895895241625731
תפ_23537-02-14,weapon,Gemini,85,6.0,24.0,21.20715725278793,44.20768378839045,25.852753127871267,33.85776068315075,93.6671594235294,15.20715725278793,20.207683788390447,0.07309636361837475
תפ_17023-12-18,drugs,Gemini,85,10.0,24.0,12.0,30.0,11.804731911472201,19.235873349796517,95.18741121176471,2.0,6.0,0.6
תפ_49401-08-15,drugs,Gemini,40,6.0,24.0,8.0,24.0,5.898304841223451,9.250641869621806,96.448584575,2.0,0.0,0.8888888888888888
תפ_24215-06-13,weapon,Gemini,85,24.0,48.0,25.940752848526245,51.73719331001428,14.953769588752353,22.382345984384788,94.62276128235293,1.9407528485262446,3.737193310014277,0.7952948557166905
תפ_48057-03-21,weapon,Gemini,118,16.0,40.0,23.66572261808325,47.333649909232776,15.579101935654595,22.47547100501886,93.76608994915254,7.665722618083251,7.333649909232776,0.5213014579927278
תפ_30350-12-20,weapon,Gemini,22,72.0,120.0,44.51614579173178,77.75472910295824,20.903803679341774,26.541562603858605,94.53200231818181,27.48385420826822,42.24527089704176,0.07623788111137396
תפ_57283-05-21,weapon,Gemini,41,48.0,96.0,30.373270720091945,55.583436695406405,25.733267782992424,34.649859025940486,93.81829548780487,17.626729279908055,40.416563304593595,0.11555408563882386
תפ_13270-02-20,weapon,Gemini,41,12.0,24.0,23.217772358347464,47.154277183194964,15.969110575230859,22.093414783584816,93.91083526829269,11.217772358347464,23.154277183194964,0.022251279341521202
תפ_31218-10-14,weapon,Gemini,63,8.0,20.0,15.940932183954242,36.89725489746026,7.965945406427976,11.978060064238045,94.13476326984129,7.940932183954242,16.897254897460257,0.1404655158577884
תפ_44862-06-20,weapon,Gemini,146,12.0,36.0,19.528038233604114,42.366828142290174,12.061392963716212,17.266116645384095,93.97474813013697,7.528038233604114,6.366828142290174,0.5424327390800592
תפ_10182-01-24,weapon,Gemini,117,24.0,36.0,27.148179325413206,48.85877626183974,14.489334988272129,20.201931862815645,94.36202076068376,3.1481793254132064,12.858776261839743,0.35608432938732637
תפ_33666-05-15,drugs,Gemini,11,36.0,60.0,12.0,36.0,18.192269723317935,30.53706594770059,94.62929663636365,24.0,24.0,0.0
תפ_42697-05-18,weapon,Gemini,195,18.0,24.0,17.253626043936634,39.1802176741413,9.34576517780708,13.934019404982728,94.39972706153847,0.7463739560633655,15.180217674141304,0.27364034051397135
תפ_6153-02-21,weapon,Gemini,316,36.0,70.0,20.77471720851773,45.396306888270885,15.048874536646931,43.58273379156056,94.51683058227849,15.225282791482272,24.603693111729115,0.19088375638335148
תפ_69980-11-20,weapon,Gemini,74,18.0,36.0,15.019145477848863,35.49577780688004,5.816025315866423,9.18418981651779,94.06600908108108,2.9808545221511373,0.5042221931199578,0.8338925275139949
תפ_15744-02-20,drugs,Gemini,4,30.0,54.0,14.0,36.0,2.598076211353316,1.7320508075688772,94.24732625,16.0,18.0,0.15
תפ_8254-02-20,weapon,Gemini,126,12.0,36.0,16.260461266538435,37.59252302636158,8.883416682938554,12.580734490581198,94.27331607142858,4.260461266538435,1.592523026361583,0.7713010051071889
תפ_1294-04-22,weapon,Gemini,114,20.0,36.0,26.938596805176235,51.609412689280276,17.16537346427545,24.60147733329463,93.95567528070178,6.9385968051762354,15.609412689280276,0.2866678759234513
תפ_61820-08-21,drugs,Gemini,12,15.0,36.0,22.0,48.0,16.93840967216882,22.257957378579615,95.19409958333334,7.0,12.0,0.42424242424242425
תפח_17865-11-21,weapon,Gemini,4,84.0,132.0,32.687520897091474,61.830900048315414,14.517231140957975,23.382685902179844,93.45108100000002,51.312479102908526,70.16909995168459,0.0
תפ_23749-12-19,weapon,Gemini,245,30.0,54.0,23.539943605047583,47.11180855292346,16.56027371621672,23.18286000297492,94.10158642857142,6.460056394952417,6.888191447076537,0.561778623488008
תפ_74740-06-20,drugs,Gemini,3,50.0,75.0,30.0,60.0,4.714045207910317,0.0,95.87212333333333,20.0,15.0,0.2222222222222222
תפ_18397-02-16,weapon,Gemini,126,12.0,36.0,15.512337650898143,37.07707828727366,7.430881644570924,10.818843149569465,94.43554360317461,3.512337650898143,1.0770782872736575,0.8169876137244872
תפ_1641-04-19,weapon,Gemini,139,15.0,36.0,18.397935339891465,40.484928073659376,22.67323227801039,30.305002018686974,94.64144227338129,3.3979353398914647,4.4849280736593755,0.6906852791278472
תפ_40892-01-24,drugs,Gemini,81,20.0,42.0,12.0,30.0,10.24725568371363,18.303175927892987,95.15834877777779,8.0,12.0,0.3333333333333333
תפ_6659-02-21,drugs,Gemini,55,15.0,36.0,10.0,24.0,7.662164206709389,14.256377433298447,95.5976624,5.0,12.0,0.34615384615384615
תפ_51663-11-23,weapon,Gemini,97,15.0,36.0,22.135053627699868,40.94604292763532,8.8612670286575,11.44356830740894,94.14885675257732,7.135053627699868,4.946042927635318,0.5343761440220419
תפ_11739-03-21,drugs,Gemini,34,48.0,96.0,10.0,24.0,11.631302473576806,20.575205961205363,94.51274738235294,38.0,72.0,0.0
תפ_26792-04-16,drugs,Gemini,87,36.0,60.0,24.0,48.0,11.061974851741326,16.57089407126382,94.86400242528734,12.0,12.0,0.3333333333333333
תפ_17766-12-20,weapon,Gemini,215,18.0,36.0,20.05429525881616,42.919526361400855,12.259298741145923,17.62065507088473,94.22629405581395,2.054295258816161,6.919526361400855,0.6398879541259246
תפ_41967-08-17,weapon,Gemini,98,12.0,24.0,22.85529390701838,46.927028567564925,16.18178502505985,22.4443246565317,93.61911549999999,10.855293907018378,22.927028567564925,0.03277421927740672
תפ_31419-11-20,drugs,Gemini,77,28.0,50.0,22.0,46.0,9.710291560291385,14.550636831923843,96.74566041558441,6.0,4.0,0.6428571428571429
תפ_4488-05-22,drugs,Gemini,70,48.0,96.0,15.0,35.0,12.82488811265193,20.606047259808694,94.76136454285714,33.0,61.0,0.0
תפ_45456-12-21,weapon,Gemini,140,72.0,120.0,31.307872099865264,55.58490309474892,26.336963820176884,36.53321873895827,94.03086952142857,40.692127900134736,64.41509690525109,0.0
תפ_18846-06-20,drugs,Gemini,8,12.0,28.0,13.0,30.0,12.718097341976904,27.65863337187866,95.762752625,1.0,2.0,0.8333333333333334
תפ_47757-02-18,drugs,Gemini,109,36.0,60.0,16.0,36.0,12.370871625544106,21.31880721607256,94.8949284495413,20.0,24.0,0.0
תפ_20733-12-22,weapon,Gemini,24,54.0,90.0,41.04058981857398,68.12756841796136,37.50812411998233,44.22260608431946,94.31967587499999,12.959410181426023,21.872431582038644,0.2885567527388433
תפ_4459-03-24,weapon,Gemini,101,18.0,30.0,27.901512312423844,49.808169304729546,16.047467819237703,21.355294956615573,94.08755340594058,9.901512312423844,19.808169304729546,0.06597323057080601
תפ_26552-06-23,weapon,Gemini,194,22.0,44.0,22.180304522505015,42.879817519553484,10.604384496994724,14.226647242523638,94.72678812371133,0.18030452250501483,1.1201824804465161,0.940886954411294
תפ_20451-09-20,weapon,Gemini,171,18.0,40.0,17.074924718532067,38.660527526752986,8.929972003669473,12.452754667126092,94.29036188888888,0.925075281467933,1.3394724732470138,0.901219615337728
תפ_13281-07-13,weapon,Gemini,7,12.0,24.0,23.823962006072833,49.94817079567618,20.371047882638116,39.521629314509156,93.4561307142857,11.823962006072833,25.948170795676177,0.00463890591393736
תפ_40932-03-18,weapon,Gemini,138,30.0,60.0,31.890637895998847,63.10236926332568,20.79508776798749,63.15807176430822,94.96972743478261,1.8906378959988466,3.102369263325677,0.8491646588917637
תפ_61452-02-16,weapon,Gemini,123,24.0,60.0,24.35716570249518,53.921307879414584,17.345493682813856,65.14665447028545,93.76230423577236,0.3571657024951804,6.078692120585416,0.8212261715810946
תפ_35473-12-21,weapon,Gemini,189,24.0,45.0,31.08009448059943,53.60323464332295,25.297205412117904,33.785758097745195,94.32763213227514,7.080094480599431,8.60323464332295,0.47021569389682294
תפ_64581-08-23,weapon,Gemini,126,30.0,60.0,28.944729201396395,50.19630218582169,17.751449112064947,24.434511484249544,94.1641866984127,1.0552707986036047,9.803697814178307,0.6503341193447206
תפ_40118-06-21,weapon,Gemini,26,20.0,40.0,25.775122386129297,48.988428437681634,17.896191456258318,24.69557251361361,94.39063619230771,5.775122386129297,8.988428437681634,0.49070882350351885
תפ_7774-03-23,weapon,Gemini,28,24.0,46.0,20.73090155865062,43.59380986647979,11.662997479382462,18.255834963213314,93.58129267857144,3.2690984413493815,2.4061901335202123,0.7754059731081355
תפ_31216-01-22,weapon,Gemini,65,28.0,48.0,30.623129183673328,55.894693071883886,24.53826380436367,32.120335868906494,94.22983535384616,2.6231291836733277,7.894693071883886,0.6229454029677594
תפ_17707-04-14,weapon,Gemini,82,36.0,60.0,28.3730131585757,54.58657485521262,15.496636621519425,22.644765302335514,94.50376074390245,7.626986841424301,5.413425144787382,0.5876808609180673
תפ_40898-11-19,drugs,Gemini,4,0.0,6.0,14.0,38.0,5.629165124598851,10.712142642814275,94.761055,14.0,32.0,0.0
תפ_3295-04-18,weapon,Gemini,235,18.0,36.0,18.155081459585514,40.184446652429806,10.177736022699703,14.83501907162882,94.50759645957447,0.15508145958551367,4.184446652429806,0.8043887152109777
תפ_51886-02-24,drugs,Gemini,17,40.0,65.0,30.0,60.0,16.3707055437449,25.70473816271702,94.78648670588234,10.0,5.0,0.5714285714285714
תפ_56762-03-21,weapon,Gemini,71,20.0,30.0,19.89545415786217,43.39441869354957,10.561652440849084,14.636317207295724,94.80816664788732,0.10454584213783136,13.394418693549568,0.4255506656394669
תפ_43597-08-21,weapon,Gemini,199,18.0,36.0,19.103436804340735,41.44117990677377,10.159255606734561,14.6094740287141,94.85848724120603,1.1034368043407348,5.441179906773769,0.7208068562613901
תפ_22588-03-22,weapon,Gemini,94,15.0,30.0,21.206852001071987,39.97183925846486,11.041712754472746,14.281921827329034,95.0098070319149,6.2068520010719865,9.971839258464861,0.35212256125456776
תפ_34027-04-18,weapon,Gemini,110,24.0,48.0,26.25994681412504,51.641748925812166,15.825559930297505,24.240566027267473,94.76535496363637,2.2599468141250405,3.6417489258121662,0.7864934033017665
תפ_60765-03-22,weapon,Gemini,69,30.0,42.0,30.338851990376043,57.496112633534175,19.44116334425782,29.354713809750248,94.77290684057971,0.3388519903760425,15.496112633534175,0.42410169630313693
תפ_54432-02-17,weapon,Gemini,138,10.0,30.0,15.867716205308113,36.66188366605806,8.391742372988483,11.849897882056405,93.84260049275362,5.867716205308113,6.66188366605806,0.5300557144311228
תפ_26702-01-23,weapon,Gemini,165,60.0,96.0,26.6458052646554,49.20978311418856,18.13010423363577,23.741611828841886,93.97765576363636,33.3541947353446,46.79021688581144,0.0
תפח_54962-08-15,weapon,Gemini,11,120.0,168.0,53.55494686357271,100.00021297591978,49.77237442797307,66.67895203606682,94.57096718181816,66.44505313642729,67.99978702408022,0.0
תפ_40536-10-20,weapon,Gemini,121,16.0,40.0,18.78291315564564,41.03104272211587,8.602261747846981,14.056026720456147,94.73373423140498,2.782913155645641,1.0310427221158704,0.8476309628766788
תפ_23282-05-17,drugs,Gemini,46,8.0,20.0,12.0,26.0,10.43505434428791,18.137940266928165,94.45045841304348,4.0,6.0,0.4444444444444444
תפ_32174-07-20,drugs,Gemini,66,12.0,36.0,12.0,30.0,7.657198609268369,14.630872927064097,95.74386846969696,0.0,6.0,0.75
תפ_20770-11-22,weapon,Gemini,130,20.0,30.0,15.663706854529035,36.444291907793826,7.40422476554421,10.673142757939713,94.91972977692306,4.336293145470965,6.444291907793826,0.48121840527434634
תפ_950-09-17,weapon,Gemini,94,9.0,36.0,19.545177079092582,42.97872118101563,24.397706368683767,31.504131455695262,94.17777992553194,10.545177079092582,6.978721181015629,0.4842684582873869
תפ_70062-03-23,weapon,Gemini,100,40.0,70.0,37.08651548806451,64.8230568573791,19.81665965797465,28.062758239346326,95.30681611000001,2.9134845119354935,5.1769431426209,0.7541910929660899
תפ_7196-03-21,weapon,Gemini,80,72.0,120.0,39.44063732845123,68.95482080784693,21.153604893729106,27.900616032625514,95.0152737625,32.55936267154877,51.04517919215307,0.0
תפ_1106-03-18,weapon,Gemini,91,13.0,36.0,17.58777410089907,40.87968445725491,8.702269891698533,13.045127103342999,94.27722650549451,4.587774100899068,4.8796844572549105,0.6604172987441995
תפ_9785-12-15,weapon,Gemini,90,16.0,40.0,16.57089804854462,38.50243714096633,7.367638615284554,11.136775914858742,94.43356002222221,0.5708980485446205,1.4975628590336711,0.9138141288509045
תפ_52091-02-20,weapon,Gemini,137,18.0,36.0,16.19262208766596,37.3955959604081,7.905085899500427,12.171484148339308,94.78369570802921,1.80737791233404,1.3955959604081016,0.8489375173517626
תפ_7108-02-16,weapon,Gemini,53,20.0,42.0,26.95246015887317,53.147812099108904,17.679960115227672,27.65273131728225,94.17524366037735,6.952460158873169,11.147812099108904,0.4539527313638702
תפ_66542-05-20,weapon,Gemini,149,8.0,24.0,16.61297649818303,37.75299584373204,9.352218352275772,14.613433976729274,94.4055489194631,8.61297649818303,13.752995843732037,0.24827830920337954
תפ_28615-08-17,weapon,Gemini,241,16.0,40.0,17.71227622325584,39.62235791328418,9.565201892288183,14.364728127012334,94.48259223236516,1.7122762232558415,0.37764208671581656,0.9129200704178476
תפ_44422-01-17,drugs,Gemini,59,6.0,18.0,14.0,30.0,11.41137490233912,19.07150999623103,95.24363444067798,8.0,12.0,0.16666666666666666
תפ_45012-03-20,drugs,Gemini,73,29.0,54.0,22.0,46.0,9.22956324430444,14.333389338030152,96.86608136986301,7.0,8.0,0.53125
תפ_9355-10-19,weapon,Gemini,30,20.0,46.0,21.153552740691296,43.141345812549744,6.655073252789934,10.001610981348065,94.62487596666666,1.1535527406912962,2.858654187450256,0.8456843489176327
תפ_41052-11-19,weapon,Gemini,131,12.0,30.0,21.24481069862467,43.550201157843944,14.320256672979054,19.843120516977436,94.07143931297709,9.244810698624669,13.550201157843944,0.277500268780335
תפ_45971-11-13,weapon,Gemini,203,15.0,35.0,21.269609849583784,44.503750708623926,26.292664017278327,34.92074899649014,94.12138025123151,6.269609849583784,9.503750708623926,0.46537778487949444
תפ_59970-03-19,drugs,Gemini,26,9.0,24.0,8.0,18.0,2.993335793324503,4.346153846153847,95.96327526923075,1.0,6.0,0.5625
תפ_71830-10-21,drugs,Gemini,21,8.0,20.0,8.0,18.0,3.2057205104203494,4.611923814401239,95.4718778095238,0.0,2.0,0.8333333333333334
תפ_3451-02-14,weapon,Gemini,145,12.0,36.0,16.49880303584343,38.29712215515703,8.794101363252425,12.864074910602339,94.47262211724137,4.49880303584343,2.2971221551570267,0.7415715244085089
תפ_58511-01-20,weapon,Gemini,136,16.0,36.0,19.397203595611085,41.797314011673244,11.465362214485095,16.584349774394124,94.1888585514706,3.397203595611085,5.797314011673244,0.6435862430048406
תפ_29898-02-14,weapon,Gemini,69,8.0,18.0,15.223836752596426,35.55668601733453,7.200288215660108,10.781050222419925,94.59220076811594,7.223836752596426,17.556686017334528,0.10074372679128502
תפ_15423-12-19,weapon,Gemini,20,24.0,54.0,20.179139555399054,38.87947660670337,6.391204894227691,6.915742910201333,94.90845835,3.820860444600946,15.12052339329663,0.4399496763565837
תפ_52223-10-23,weapon,Gemini,28,24.0,42.0,20.71241763561825,42.933351893091405,9.689569397142519,11.033113424448,94.04751128571426,3.2875823643817483,0.9333518930914053,0.8100469490361952
תפ_32907-12-20,weapon,Gemini,186,14.0,30.0,18.40963088773909,40.168339797120964,10.633092974491733,14.817193571792547,94.38142270967744,4.409630887739091,10.168339797120964,0.44291572190361417
תפ_6904-12-14,drugs,Gemini,10,12.0,36.0,15.0,38.0,12.806638903318856,17.412639087743134,95.0063787,3.0,2.0,0.8076923076923077
תפ_68389-07-20,weapon,Gemini,270,15.0,40.0,19.740605254204326,41.80028660169179,18.1021548710074,24.241282567580086,94.47488957037037,4.7406052542043255,1.8002866016917878,0.7559394810545341
תפ_7053-03-21,weapon,Gemini,74,18.0,30.0,20.463483905226674,43.14919703059978,12.238887119566593,19.980345528811405,94.30515974324325,2.463483905226674,13.14919703059978,0.379197637330924
תפ_28107-06-20,drugs,Gemini,35,3.0,18.0,7.0,20.0,8.787560781570498,14.218585135846187,95.08284354285715,4.0,2.0,0.6470588235294118
תפ_1108-05-15,drugs,Gemini,6,18.0,40.0,33.0,60.0,15.14100392972672,18.424771972054966,95.08280183333333,15.0,20.0,0.16666666666666666
תפ_30617-02-22,weapon,Gemini,110,14.0,30.0,34.017811156586944,56.72696971885035,32.821960245850114,42.8606477315374,93.73084019090909,20.017811156586944,26.72696971885035,0.0
תפ_4460-04-18,drugs,Gemini,66,20.0,46.0,22.0,47.0,8.744839748229937,13.152911530393355,95.90049906060607,2.0,1.0,0.8888888888888888
תפ_69281-11-20,drugs,Gemini,22,14.0,30.0,19.0,40.0,7.096151907958739,9.27328429699492,97.19601309090909,5.0,10.0,0.4230769230769231
תפ_43394-11-19,drugs,Gemini,64,30.0,50.0,22.0,46.0,9.041989181555959,13.506328088622015,96.62979453125,8.0,4.0,0.5714285714285714
תפ_3772-01-16,weapon,Gemini,134,18.0,48.0,21.960343760445934,45.6453880671787,16.031936896966013,22.2907899390317,94.6226694477612,3.9603437604459337,2.3546119328212995,0.7895014768910922
תפ_24420-01-20,weapon,Gemini,60,30.0,66.0,19.90525739585439,41.90586905402374,8.673458876877717,12.908395201056818,94.68141741666666,10.094742604145608,24.09413094597626,0.25829125799159935
תפ_43084-09-20,drugs,Gemini,51,24.0,48.0,12.0,28.0,9.400156239754502,16.91530795504913,95.09192627450982,12.0,20.0,0.1111111111111111
תפ_40922-11-15,weapon,Gemini,85,14.0,36.0,29.868304878376968,56.63785578454738,18.938633369650372,27.27017205184126,94.35464670588236,15.868304878376968,20.637855784547376,0.14380871197198555
תפ_13236-03-18,drugs,Gemini,23,12.0,36.0,24.0,60.0,10.765940834018545,17.383911472158204,94.22538686956523,12.0,24.0,0.25
תפ_2599-09-17,drugs,Gemini,25,36.0,84.0,18.0,45.0,12.830214339596981,21.129467574929567,94.26387847999999,18.0,39.0,0.13636363636363635
תפ_19610-08-21,weapon,Gemini,22,24.0,50.0,29.329710825499433,56.74992118367838,15.476455057829774,20.982479901334766,93.7127269090909,5.329710825499433,6.7499211836783815,0.6311553868655428
תפ_46379-02-21,weapon,Gemini,127,30.0,50.0,29.528332788585704,54.902581118428834,21.731125154570368,30.14671792499481,94.21843482677161,0.4716672114142959,4.902581118428834,0.7882006883521205
תפ_12325-09-15,weapon,Gemini,3,22.0,48.0,15.272900723625543,35.23423561793516,3.7712361663282534,4.109609335312651,93.48425800000001,6.727099276374457,12.765764382064837,0.40438156483635856
תפ_64303-01-22,weapon,Gemini,64,24.0,50.0,28.662887187875885,51.010734801576056,17.486204104504072,22.20623658703507,93.9352911875,4.662887187875885,1.0107348015760564,0.7899493652752871
תפ_50148-01-14,weapon,Gemini,29,72.0,120.0,44.520112582015265,75.91785272630558,24.974612555450925,35.55899788462631,94.51269313793104,27.479887417984735,44.08214727369442,0.05190591640140772
תפ_9179-04-16,weapon,Gemini,201,15.0,48.0,21.448582749668127,44.07371850203323,21.9569571576884,29.327144996195596,94.16272734328358,6.448582749668127,3.9262814979667695,0.6856101743140941
תפ_40011-04-14,weapon,Gemini,21,12.0,50.0,29.135199386029864,53.89143421913987,19.430788855719562,23.591766118106303,94.31684076190474,17.135199386029864,3.8914342191398674,0.4980684238411005
תפ_70111-03-23,weapon,Gemini,105,55.0,85.0,38.08757434020494,65.39526635861621,20.208653093760248,29.22904466714906,95.02633860952382,16.912425659795062,19.60473364138379,0.22158876272998124
תפ_15392-04-17,drugs,Gemini,10,33.0,54.0,20.0,43.0,12.898061869908982,24.16298822579691,94.3284743,13.0,11.0,0.29411764705882354
תפ_29529-07-20,weapon,Gemini,165,18.0,40.0,17.105217274945392,38.53780286303926,8.273657401368814,11.688415776352308,94.28574362424243,0.8947827250546077,1.4621971369607394,0.8970516606197788
תפ_68529-11-21,weapon,Gemini,49,36.0,72.0,34.48876102956186,60.00584885455454,21.24396673055622,31.495700902561396,94.15751448979591,1.5112389704381428,11.994151145445457,0.6399641684315752
תפ_12406-11-15,weapon,Gemini,3,18.0,84.0,57.12652367793305,86.9086942379066,27.85677655436824,31.496031496047245,93.75060666666667,39.12652367793305,2.9086942379066016,0.38998672982086313
תפ_45465-11-15,weapon,Gemini,25,24.0,60.0,24.9997187873125,47.82905659311126,13.226276875976852,18.925369217006047,94.28308248000002,0.9997187873124993,12.170943406888739,0.634148272383299
תפ_1847-05-14,weapon,Gemini,18,20.0,60.0,30.73278031100536,57.203698188007806,20.650531335644718,28.26855339615225,94.31535116666667,10.73278031100536,2.796301811992194,0.6617729469250612
תפ_1956-04-21,weapon,Gemini,8,48.0,72.0,41.99945898653287,71.77358881873575,18.122844699439433,25.39685019840059,93.376716875,6.000541013467128,0.22641118126425397,0.7924386699581142
תפ_40983-10-20,weapon,Gemini,79,18.0,36.0,19.30181130903429,38.144685584570155,8.447525044550313,12.552022813812705,94.56070546835441,1.3018113090342887,2.144685584570155,0.8289128475529898
תפ_12540-12-18,weapon,Gemini,84,18.0,42.0,17.738316916008486,39.16364167725082,7.356825004691893,10.820813016177008,94.36860011904761,0.26168308399151385,2.8363583227491773,0.8723072345799101
תפ_20307-05-20,weapon,Gemini,27,14.0,30.0,18.6951539099962,38.96130339947649,13.41896371206153,15.280100833485406,94.7222742962963,4.6951539099962005,8.961303399476492,0.4528948632642674
תפ_24896-04-20,weapon,Gemini,19,14.0,36.0,14.803059560017035,36.668165039474204,5.107704245478567,5.546079946239786,94.8418410526316,0.8030595600170347,0.6681650394742036,0.9350973227462719
תפ_35007-04-13,weapon,Gemini,39,7.0,30.0,15.71340790909638,36.65303138768289,9.952550147468227,14.702484505164056,94.18688051282052,8.71340790909638,6.653031387682887,0.4817919592813673
תפ_8123-04-14,drugs,Gemini,7,0.0,12.0,6.0,20.0,4.593695768803865,6.180945043652553,95.15026057142856,6.0,8.0,0.3
תפ_31811-03-21,weapon,Gemini,183,18.0,40.0,18.08673593762,40.052003218347636,19.95191897386429,26.501595378692457,94.73019569945355,0.08673593761999854,0.05200321834763599,0.9937085463577204
תפ_53539-11-17,weapon,Gemini,121,6.0,18.0,16.413506487047982,37.77553706019165,8.138528100467612,12.359188442851643,94.70850820661158,10.413506487047982,19.775537060191652,0.04992814157465727
תפ_8333-11-20,weapon,Gemini,70,30.0,48.0,27.496784367598444,49.18934688803862,11.981831484138212,16.625533595856066,94.07111132857143,2.503215632401556,1.1893468880386209,0.8297774863176816
תפ_57267-09-20,weapon,Gemini,155,18.0,40.0,17.72676726706037,39.55059226930461,11.130219665500286,14.974795334740897,94.4247301032258,0.27323273293962913,0.4494077306953912,0.9675556542555084
תפ_57526-07-21,weapon,Gemini,47,30.0,50.0,21.129461284851743,44.57994606217876,8.722573909625117,13.160017364706794,93.95314382978722,8.870538715148257,5.420053937821237,0.5050112228951489
תפ_13142-02-15,weapon,Gemini,208,20.0,48.0,23.52840189042888,47.145625276489255,27.006419338112494,35.167046090512756,94.15542977403847,3.5284018904288814,0.8543747235107446,0.8434722637878705
תפ_17474-08-14,weapon,Gemini,61,24.0,48.0,27.775471229728584,53.72778301301281,32.34981631208994,41.63858267020051,94.02457672131148,3.775471229728584,5.727783013012811,0.6803241520371192
תפ_17919-01-15,weapon,Gemini,69,24.0,48.0,25.737387571900307,51.098970117820485,14.372179595099679,21.52583282200597,93.88801621739131,1.7373875719003067,3.0989701178204854,0.8215298342079662
תפ_25546-11-23,weapon,Gemini,110,18.0,40.0,22.432244316091634,43.84624409106128,10.040582940503205,13.379075805954898,94.14418751818182,4.432244316091634,3.84624409106128,0.6797024597467156
תפ_16420-10-16,weapon,Gemini,4,72.0,120.0,24.06461343779597,58.29431245699804,10.618380290797651,19.8997487421324,94.47214650000001,47.93538656220403,61.70568754300196,0.0
תפ_28332-02-21,weapon,Gemini,4,18.0,48.0,20.35956402989654,54.53720575140659,7.262919523166975,20.346989949375804,95.1943875,2.3595640298965392,6.537205751406589,0.7565010898251128
תפ_30191-05-15,weapon,Gemini,26,36.0,720.0,32.04544575009761,64.62664344824101,16.198107859402963,32.55373345916222,93.96242184615386,3.9545542499023867,655.373356551759,0.04161124200922473
תפ_32339-12-19,weapon,Gemini,136,20.0,50.0,20.405635946355364,43.40197690242222,20.679189847128054,26.967248333839365,94.31924030882354,0.40563594635536404,6.59802309757778,0.7665446985355618
תפ_3686-01-16,weapon,Gemini,42,18.0,48.0,29.63529769101047,55.36810988660146,18.06463577710985,27.509233659045037,94.2435550952381,11.635297691010472,7.368109886601459,0.4914538724254366
תפ_14044-03-20,weapon,Gemini,182,15.0,36.0,15.804019688379327,36.67676493559493,8.186269249575332,12.326075360805874,94.73308654395603,0.8040196883793271,0.6767649355949317,0.9316879327531621
תפ_36982-03-18,weapon,Gemini,31,48.0,84.0,29.65643952072022,55.63203544687701,16.228595925168428,25.616234446570093,94.06773854838711,18.34356047927978,28.367964553122988,0.14044047499955342
תפ_39183-11-13,weapon,Gemini,96,36.0,72.0,24.328461008300017,48.45948047028254,28.67628684267427,37.79302184266297,93.7706530625,11.671538991699983,23.540519529717457,0.2613609867399465
תפ_16651-01-24,drugs,Gemini,10,60.0,96.0,25.0,48.0,9.65867485734974,10.12719112093773,95.2945615,35.0,48.0,0.0
תפ_48983-06-18,drugs,Gemini,73,0.0,8.0,10.0,24.0,9.986592625927246,16.517537607100795,95.19257847945204,10.0,16.0,0.0
תפ_50860-02-20,drugs,Gemini,53,0.0,14.0,8.0,20.0,9.510744144544278,17.232520772101548,94.3739854528302,8.0,6.0,0.3
תפ_41762-12-20,weapon,Gemini,235,12.0,30.0,17.09962146774081,38.38215459747061,10.204934940901426,14.740182298617238,94.7336080042553,5.0996214677408105,8.38215459747061,0.4889812348190854
תפ_45713-07-17,weapon,Gemini,23,24.0,48.0,20.69869420064159,41.62888134547826,10.578181346758758,15.884983576120266,93.74317343478262,3.30130579935841,6.371118654521737,0.6457156838956966
תפ_70166-03-23,weapon,Gemini,142,66.0,102.0,33.08850388990915,59.12714180205323,24.93644371107007,32.92584226818851,94.94469281690141,32.91149611009085,42.87285819794677,0.0
תפ_52165-12-17,drugs,Gemini,19,12.0,36.0,15.0,36.0,7.354498124228449,13.408766306055734,94.95390826315789,3.0,0.0,0.875
תפ_6749-09-22,drugs,Gemini,35,12.0,24.0,12.0,28.0,8.243736026430575,13.953684320725083,95.07140011428572,0.0,4.0,0.75
תפ_33928-09-12,weapon,Gemini,7,4.0,18.0,5.524829886819381,21.086891496487823,2.718042512920064,10.682810911908524,93.87408057142856,1.524829886819381,3.086891496487823,0.7301017926955798
תפ_4734-12-22,weapon,Gemini,86,42.0,84.0,28.264686661424374,49.64081915070007,18.4292494785862,25.243497789295816,94.1981965116279,13.735313338575626,34.35918084929993,0.13709116703595692
תפ_17941-11-18,weapon,Gemini,20,30.0,60.0,36.18803940812369,99.38818852616672,22.837688149197593,144.96565110397705,94.77462704999999,6.188039408123693,39.388188526166715,0.34317022965510435
תפ_51506-01-22,weapon,Gemini,9,28.0,58.0,33.069777907163136,62.6744215744046,19.65128086171924,24.055491403558285,94.20454288888888,5.069777907163136,4.674421574404597,0.7189801865718635
תפ_24044-06-22,weapon,Gemini,210,24.0,46.0,26.65973252580592,50.23918006871584,21.489044827982642,28.850387783935357,94.22726902380954,2.6597325258059215,4.239180068715839,0.7370759079950399
תפ_40082-02-22,drugs,Gemini,13,16.0,32.0,15.0,36.0,15.821115393918733,21.46029773088493,95.83480807692307,1.0,4.0,0.7619047619047619
תפ_69777-03-23,weapon,Gemini,75,15.0,32.0,23.172206170883282,41.929093439119,14.947314883356885,20.23879662650151,94.33400917333333,8.172206170883282,9.929093439119,0.3278162277937242
תפ_47284-06-18,weapon,Gemini,180,21.0,48.0,18.0278196865693,40.002767601737474,9.391740198207,13.948108195100232,94.87508164444444,2.9721803134307017,7.9972323982625255,0.6340135219733156
תפ_61118-07-23,weapon,Gemini,126,20.0,40.0,28.233609347226544,48.940698170939285,15.480626144967847,20.727636638915705,94.57137965873014,8.233609347226544,8.940698170939285,0.40656899786158723
תפ_64119-05-21,weapon,Gemini,36,20.0,40.0,25.32234872965092,44.05649374799061,13.594973426569682,17.914147109663542,94.74893088888888,5.322348729650919,4.056493747990608,0.6101326080229409
תפ_43338-05-16,weapon,Gemini,130,7.0,20.0,16.25467122779444,37.50388955115006,8.041905776662025,12.403816934968567,94.68142353846154,9.25467122779444,17.50388955115006,0.12278200673147775
תפ_13939-07-18,drugs,Gemini,5,5.0,18.0,8.0,18.0,2.280350850198276,8.138795979750322,95.362986,3.0,0.0,0.7692307692307693
תפ_62134-03-19,drugs,Gemini,4,3.0,12.0,8.5,18.0,1.6393596310755,2.598076211353316,95.1745415,5.5,6.0,0.23333333333333334
תפ_63305-08-22,weapon,Gemini,26,34.0,46.0,33.1160706599758,59.935679762653635,23.506042279989185,27.727995166912656,94.30225323076924,0.8839293400242028,13.935679762653635,0.4474338143430228
תפ_7942-05-18,weapon,Gemini,16,10.0,30.0,20.32714048176181,42.56934318412651,7.138966574371952,8.896760295186107,95.24951737500001,10.327140481761809,12.56934318412651,0.2969927721156042
תפ_3256-16,drugs,Gemini,11,12.0,36.0,18.0,36.0,18.026610266102452,29.950924046507637,96.00412127272729,6.0,0.0,0.75
תפח_52360-06-20,weapon,Gemini,67,84.0,120.0,39.38416849693995,65.53695441621183,29.231083221992154,40.12265112117789,93.9049941641791,44.61583150306005,54.46304558378817,0.0
תפ_50330-07-18,weapon,Gemini,128,15.0,30.0,26.916697124155924,51.670041515345865,16.694402174526758,24.88422287996641,94.57231654687502,11.916697124155924,21.670041515345865,0.08408233938196552
תפ_21594-06-16,weapon,Gemini,175,8.0,18.0,17.41972351609718,39.690740713333255,9.541857945978052,14.370075483022179,94.52267758857143,9.419723516097179,21.690740713333255,0.018310600220798293
תפ_1139-06-23,weapon,Gemini,119,54.0,28.0,26.899382349205197,48.25224311063011,17.23294011433079,24.255553950896864,94.65167129411766,27.100617650794803,20.25224311063011,0.0
תפ_15842-11-20,weapon,Gemini,15,48.0,84.0,21.21371374511879,46.88275363866117,20.406534901022923,30.033018866278198,93.74151673333334,26.78628625488121,37.11724636133883,0.0
תפ_60820-07-14,weapon,Gemini,3,48.0,84.0,58.07032910316411,98.0824153149074,18.547236990991408,24.166091947189145,93.45239133333332,10.070329103164113,14.082415314907394,0.5177400237946937
תפ_6514-03-23,weapon,Gemini,34,12.0,36.0,31.76902957715121,57.968064400152734,17.467938995014954,26.55100529834871,94.14996014705882,19.76902957715121,21.968064400152734,0.092041517911612
תפ_10171-06-22,weapon,Gemini,91,12.0,30.0,21.076652601099774,39.49469791831402,8.978015252798535,11.586337097724563,94.71086661538465,9.076652601099774,9.494697918314017,0.32454793376567526
תפ_54132-03-21,weapon,Gemini,47,80.0,108.0,30.648401927610205,54.84178791016808,15.955290634470469,22.048610849218203,93.59851174468086,49.35159807238979,53.15821208983192,0.0
תפ_28615-01-22,drugs,Gemini,7,12.0,30.0,15.0,36.0,8.813255322964103,12.563309066240372,95.4549742857143,3.0,6.0,0.625
תפ_32659-05-18,weapon,Gemini,130,16.0,48.0,15.704645547625702,37.30163833564242,7.736033416276812,11.238535249587155,94.48174138461539,0.2953544523742977,10.698361664357577,0.6595883122154853
תפ_51306-12-18,weapon,Gemini,90,84.0,144.0,32.71854451060935,59.26416476980937,20.27557370061052,28.585554929321976,94.01574514444445,51.28145548939065,84.73583523019063,0.0
תפ_51228-09-11,weapon,Gemini,6,5.0,30.0,5.465536949929501,17.59490752447564,2.9860788111948193,9.706813185707357,94.32660249999999,0.46553694992950057,12.40509247552436,0.4851748229818456
תפ_46250-11-21,weapon,Gemini,172,13.0,36.0,24.933867681842404,47.363377029270424,16.52984071691421,23.34357495945098,94.85355612790697,11.933867681842404,11.363377029270424,0.3220327358609592
תפ_30538-02-19,drugs,Gemini,11,18.0,54.0,12.0,36.0,18.509769589271873,30.059995106205918,96.0634208181818,6.0,18.0,0.42857142857142855
תפ_68096-11-21,weapon,Gemini,98,30.0,50.0,29.307587473444247,53.16322456693734,17.335329248385722,24.05784236498864,94.23994379591835,0.6924125265557528,3.1632245669373376,0.8383762681171587
תפ_3002-09-20,weapon,Gemini,6,30.0,60.0,14.964171685432941,35.99999999999999,2.516611478423583,0.0,93.819351,15.035828314567059,24.000000000000007,0.13322725981836253
תפ_50071-08-16,weapon,Gemini,7,24.0,48.0,12.26307182375857,34.11437792812701,1.2777531299998799,4.199125273342591,93.738259,11.73692817624143,13.885622071872987,0.28302314844316245
תפ_60581-11-15,weapon,Gemini,83,9.0,24.0,14.706406849041986,35.31159438394819,6.028672960357106,9.362879981934187,93.88778666265061,5.706406849041986,11.31159438394819,0.35321284660072594
תפ_66310-07-17,weapon,Gemini,170,12.0,36.0,17.86700296189862,40.13809041670592,20.797811469905106,27.95671147082531,94.59058345294117,5.867002961898621,4.138090416705921,0.6444288425249924
תפ_16020-10-22,drugs,Gemini,10,12.0,30.0,17.0,36.0,11.273420066687837,13.821722034536798,95.69580140000001,5.0,6.0,0.5416666666666666
תפ_37104-06-22,weapon,Gemini,269,32.0,48.0,30.53505977601862,55.45374347433678,28.16226007095072,37.378451409692765,94.21218757620818,1.4649402239813796,7.4537434743367825,0.6420884904558538
תפ_33337-07-23,weapon,Gemini,124,30.0,42.0,26.36141010476678,47.39597051610117,16.295884949431855,23.790015033550656,93.95946139516128,3.6385898952332205,5.395970516101173,0.5704896972096382
תפ_39568-06-21,drugs,Gemini,10,8.0,24.0,16.0,42.0,18.50513442264065,30.40328929573246,96.22460650000001,8.0,18.0,0.23529411764705882
תפ_65884-10-13,drugs,Gemini,64,18.0,60.0,10.5,27.0,10.991018616778655,19.406822405004252,94.61284079687499,7.5,33.0,0.18181818181818182
תפ_29772-11-13,weapon,Gemini,83,6.0,18.0,17.8808104921446,39.771187381558136,10.603299524538754,15.720126239761834,94.76644092771085,11.880810492144601,21.771187381558136,0.0035293253538513838
תפ_39500-07-20,weapon,Gemini,214,16.0,40.0,17.246035403693938,38.447076849639956,9.364188673997818,13.374213831020827,94.5355661682243,1.2460354036939378,1.5529231503600442,0.8833767269144174
תפ_13502-02-12,weapon,Gemini,6,3.0,6.0,5.828335715516593,21.941659298905215,2.7938424357067015,9.140872800534726,94.78140150000002,2.8283357155165927,15.941659298905215,0.00906279021148528
תפ_25852-11-10,weapon,Gemini,12,4.0,8.0,4.415102604894866,16.078734156464115,2.5644470922381863,8.513061859414755,94.74225424999999,0.41510260489486583,8.078734156464115,0.29679412996987126
תפ_59464-09-23,weapon,Gemini,103,28.0,46.0,26.399021940203482,48.073363426682334,16.982566898767377,23.489247434258225,94.08975089320387,1.6009780597965175,2.0733634266823344,0.8304750578571891
תפ_27103-01-18,drugs,Gemini,92,9.0,24.0,9.0,24.0,9.210082212810573,15.76907957080555,95.05825933695652,0.0,0.0,1.0
תפ_66306-03-19,drugs,Gemini,11,10.0,24.0,14.0,36.0,18.156345793192624,29.274421181932702,96.36293254545454,4.0,12.0,0.38461538461538464
תפ_18320-05-19,drugs,Gemini,33,6.0,12.0,8.0,18.0,4.592084058064149,6.288298635125236,95.97049963636364,2.0,6.0,0.3333333333333333
תפ_32041-03-21,drugs,Gemini,7,5.0,18.0,15.0,30.0,5.969309261650337,9.207361739612583,96.64540914285713,10.0,12.0,0.12
תפ_23142-09-14,drugs,Gemini,13,36.0,72.0,18.0,42.0,8.727973120541757,15.779546344563796,94.14129238461538,18.0,30.0,0.1111111111111111
תפ_7109-02-21,weapon,Gemini,17,20.0,40.0,42.25854043956021,73.43322281190895,22.923069777577382,29.814072058904735,93.65947541176469,22.258540439560207,33.43322281190895,0.0
תפ_50487-06-22,weapon,Gemini,150,36.0,60.0,28.782284171076142,53.85224686566825,17.64921905732187,24.42424660500754,94.32480122000001,7.217715828923858,6.147753134331751,0.5718626873119197
תפ_6431-05-13,drugs,Gemini,3,0.0,8.0,16.0,40.0,4.988876515698588,7.717224601860151,94.55221,16.0,32.0,0.0
תפ_45480-02-19,drugs,Gemini,72,22.0,46.0,22.0,46.0,9.59880996674993,14.392534930594925,96.22781131944446,0.0,0.0,1.0
תפ_6970-05-22,drugs,Gemini,67,22.0,46.0,22.0,46.0,9.6752112447675,14.300704034687437,96.56778807462689,0.0,0.0,1.0
תפ_51199-04-23,weapon,Gemini,138,36.0,58.0,28.827631654880104,53.16303625401572,31.14730131700134,40.777136850556936,93.9458193768116,7.172368345119896,4.836963745984278,0.588331946551979
תפ_48978-07-21,weapon,Gemini,264,24.0,48.0,23.284655561041426,46.24746570643295,20.36628228154401,27.303302516047914,94.2832741401515,0.7153444389585744,1.7525342935670523,0.9001479126208117
תפ_17057-08-20,weapon,Gemini,165,18.0,36.0,17.16591231912164,36.8300737759252,8.378445387268334,10.621277395727319,94.58522344242424,0.8340876808783584,0.8300737759252002,0.9153708404775237
תפ_17701-07-21,drugs,Gemini,9,9.0,24.0,16.0,36.0,12.15435704024398,15.102938966707729,94.98643722222222,7.0,12.0,0.2962962962962963
תפ_3384-12-23,weapon,Gemini,221,22.0,36.0,18.801113640127628,39.962746159057346,9.966765682670385,13.450104273543227,94.57410241176473,3.198886359872372,3.962746159057346,0.661574667619645
תפ_6832-11-23,weapon,Gemini,194,20.0,36.0,26.216066391848475,48.780227549317715,18.079738005488753,24.380083220930487,94.07668495360825,6.216066391848475,12.780227549317715,0.33995330965975873
תפ_21991-04-20,drugs,Gemini,57,25.0,50.0,22.0,48.0,9.398434085007505,14.19409923392396,96.65673624561403,3.0,2.0,0.8214285714285714
תפ_58723-03-16,drugs,Gemini,56,6.0,18.0,22.0,46.0,11.463103521600893,19.37637421064685,95.03626876785714,16.0,28.0,0.0
תפ_6852-03-21,weapon,Gemini,78,18.0,40.0,20.57286331761926,40.19189208632006,9.264832094590808,12.611475316738098,94.0089332948718,2.572863317619259,0.19189208632005972,0.8754159675441275
תפ_17856-11-21,weapon,Gemini,212,25.0,50.0,18.64071340365617,38.945771298324274,9.726889754719274,13.63940440842596,94.76841352830188,6.3592865963438285,11.054228701675726,0.44470945649478544
תפ_21971-07-18,weapon,Gemini,32,30.0,60.0,35.03859572067112,61.827584252104465,23.924666109216655,33.822145112337274,95.41330971875,5.038595720671118,1.8275842521044652,0.7842695217334446
תפ_54460-03-21,drugs,Gemini,6,30.0,60.0,30.0,54.0,16.041612554021285,20.268338746812862,95.76644666666665,0.0,6.0,0.8
תפ_17655-10-22,weapon,Gemini,201,24.0,50.0,19.91742192820398,40.73251361185767,10.95734747900463,14.121606383037822,94.62919353731343,4.082578071796021,9.26748638814233,0.5562194028691068
תפ_12376-04-20,weapon,Gemini,148,14.0,36.0,22.06846055115338,45.101737995570446,29.48660647905825,38.218435751135814,93.99829085135134,8.068460551153379,9.101737995570446,0.4479344353949214
תפ_24551-06-22,drugs,Gemini,98,30.0,60.0,18.0,36.0,11.907708576038537,19.616990655186665,95.03230919387758,12.0,24.0,0.14285714285714285
תפ_31746-10-22,drugs,Gemini,61,8.0,24.0,23.0,48.0,9.07456643479871,13.690497550954461,96.40215518032784,15.0,24.0,0.025
תפ_45561-04-17,weapon,Gemini,27,8.0,24.0,30.97367084301132,57.180200949208526,21.06434065400407,26.33580756204621,93.95913625925925,22.97367084301132,33.180200949208526,0.0
תפ_50556-08-17,weapon,Gemini,184,28.0,48.0,20.513778808487793,42.94875724094409,21.578295665067568,28.455340510907305,94.3457481304348,7.486221191512207,5.05124275905591,0.5438636739764101
תפ_30678-02-22,drugs,Gemini,77,6.0,14.0,10.0,24.0,10.29487654367055,18.95177678065751,94.88321584415584,4.0,10.0,0.2222222222222222
תפ_33040-09-24,drugs,Gemini,36,24.0,48.0,30.0,60.0,12.873194467670764,19.451962832184606,95.17998991666667,6.0,12.0,0.5
תפ_48071-01-23,drugs,Gemini,13,15.0,30.0,10.0,24.0,11.728688340028258,22.768191244461615,95.4553266153846,5.0,6.0,0.45
תפ_59009-05-21,drugs,Gemini,10,9.0,24.0,16.5,39.0,7.172168430816443,14.681961721786365,95.1860066,7.5,15.0,0.25
תפ_27992-01-24,drugs,Gemini,28,26.0,56.0,21.0,48.0,14.435774368999157,25.608313382292756,95.14872503571429,5.0,8.0,0.6285714285714286
תפ_8203-05-23,drugs,Gemini,4,24.0,60.0,33.0,60.0,4.9749371855331,8.48528137423857,95.7021835,9.0,0.0,0.75
תפ_61299-12-19,weapon,Gemini,203,16.0,36.0,20.179636537646587,42.54875861695074,19.771391161640526,25.86626473119317,94.70667960098521,4.179636537646587,6.548758616950742,0.5958984256330724
תפ_50716-11-19,weapon,Gemini,110,13.0,36.0,19.08444533576047,38.71842932861965,9.461976974420452,12.508274946960526,94.88203279090907,6.084445335760471,2.7184293286196493,0.6577211402803584
תפ_13154-01-18,weapon,Gemini,28,12.0,36.0,22.243380758818507,45.11060993336529,14.041302050212654,19.959525371642098,93.98869275000001,10.243380758818507,9.11060993336529,0.4154746550687688
תפ_5013-12,weapon,Gemini,4,36.0,72.0,19.45411205003274,42.440211164705374,5.722761571129799,9.836157786453,93.18279875,16.54588794996726,29.559788835294626,0.12256356141202839
תפ_5085-07-17,weapon,Gemini,151,9.0,30.0,17.518784460132522,39.254847843361105,19.698570575887313,26.080719668440004,94.58768247682119,8.518784460132522,9.254847843361105,0.4125360538742971
תפ_38368-09-21,weapon,Gemini,70,26.0,52.0,25.301567799588227,47.94916497197413,15.652058611425852,21.142031837174063,93.87751885714287,0.6984322004117729,4.0508350280258725,0.8221143776238518
תפ_44725-12-14,weapon,Gemini,6,7.0,24.0,15.76602056678676,34.21698276239764,8.493461537493937,15.902480589168752,93.962896,8.76602056678676,10.216982762397642,0.30253094198924635
תפח_15217-03-19,weapon,Gemini,31,252.0,336.0,31.464878765685707,57.425312254958364,18.074824247889424,25.628458752388774,93.52470774193546,220.5351212343143,278.5746877450416,0.0
תפ_6985-07-22,drugs,Gemini,8,30.0,48.0,29.0,56.0,15.426742203070615,20.17269193736919,94.90856075,1.0,8.0,0.6666666666666666
תפ_37495-01-20,drugs,Gemini,68,30.0,54.0,22.0,46.0,9.785093440188398,14.840581636910303,96.52548061764706,8.0,8.0,0.5
תפ_26709-06-14,drugs,Gemini,32,6.0,18.0,8.5,24.0,5.6977928840911725,8.248046643751477,95.169552375,2.5,6.0,0.5277777777777778
תפ_64711-01-19,drugs,Gemini,32,10.0,24.0,6.0,18.0,4.162589150696955,6.527510891411825,95.60833978125,4.0,6.0,0.4444444444444444
תפ_34108-01-23,drugs,Gemini,63,10.0,24.0,22.0,46.0,10.062190091533038,15.52626007210547,94.84691912698413,12.0,22.0,0.05555555555555555
תפ_57912-07-14,drugs,Gemini,38,6.0,12.0,11.0,26.0,10.032806298143429,18.12928715177679,94.44007628947368,5.0,14.0,0.05
תפ_40256-11-14,weapon,Gemini,59,30.0,60.0,29.540962400713997,56.05199704509138,16.778137236067778,25.15602561654869,94.61453825423729,0.4590375992860025,3.948002954908617,0.8553125475540985
תפ_35227-05-17,weapon,Gemini,54,12.0,36.0,16.592881073921127,37.90281889439534,6.832705983447657,10.855532810166094,93.72957996296293,4.592881073921127,1.9028188943953381,0.7492280668448036
תפ_36091-07-15,weapon,Gemini,201,54.0,84.0,18.437343472979208,40.74765274832754,9.618090283495356,14.666548532301329,94.18664015422884,35.56265652702079,43.25234725167246,0.0
תפ_17260-12-23,weapon,Gemini,154,12.0,28.0,25.779540137103858,48.45428260237729,15.939800733632048,21.34653027697741,94.37272753896104,13.779540137103858,20.45428260237729,0.060910809495709
תפ_37551-01-16,drugs,Gemini,87,24.0,60.0,12.0,36.0,11.728644615010666,18.957601970709586,94.95862155172415,12.0,24.0,0.25
תפ_37175-07-20,weapon,Gemini,63,48.0,108.0,26.848985866460115,51.978366552696116,15.336750744743803,22.732009767673457,94.19309695238096,21.151014133539885,56.021633447303884,0.04902423703725285
תפ_4411-07-19,weapon,Gemini,66,60.0,96.0,31.279256645474206,57.69781267525521,17.93821658708214,25.737978284449596,94.67352977272726,28.720743354525794,38.30218732474479,0.0
תפ_21355-08-18,drugs,Gemini,40,6.0,18.0,9.5,24.0,8.74128137060008,15.528502020478344,94.9651589,3.5,6.0,0.4722222222222222
תפ_56900-11-18,weapon,Gemini,78,32.0,64.0,15.177674201959654,35.475856775648616,6.81130089302758,9.789475288797673,94.16003897435895,16.822325798040346,28.524143224351384,0.0711940023100688
תפ_39424-11-22,drugs,Gemini,96,10.0,24.0,10.5,27.0,9.999734154452419,17.814555802418987,94.87618728125001,0.5,3.0,0.7941176470588235
תפ_5775-02-18,drugs,Gemini,28,30.0,60.0,22.0,42.0,22.49838429573038,33.40253870346885,94.24288067857142,8.0,18.0,0.3157894736842105
תפ_22297-11-20,drugs,Gemini,5,24.0,48.0,14.0,36.0,5.81033561853358,10.461357464497617,94.471826,10.0,12.0,0.35294117647058826
תפ_371-10-15,weapon,Gemini,24,96.0,168.0,28.684647645304146,52.81470362444277,18.8804719809178,27.692758780751497,93.80343079166668,67.31535235469585,115.18529637555723,0.0
תפ_43643-10-15,weapon,Gemini,119,8.0,24.0,21.26230932445486,44.5816388955862,12.49545076457995,18.175474045806197,94.46564603361344,13.262309324454861,20.581638895586202,0.07483783554255842
תפ_4612-07-22,weapon,Gemini,143,38.0,60.0,27.64519829193086,49.2101536617824,17.32030479208897,23.990078963994968,94.45690562237762,10.35480170806914,10.7898463382176,0.34647573373897816
תפ_18484-07-23,weapon,Gemini,69,84.0,108.0,26.21230360844592,50.11591718061988,15.839538796567426,22.009707430404948,93.80725581159422,57.78769639155408,57.88408281938012,0.0
תפ_73275-01-23,weapon,Gemini,83,48.0,84.0,33.86423232365815,56.62020203969945,19.268100304904195,25.383818080645092,94.23851489156624,14.13576767634185,27.37979796030055,0.17193717059142918
תפ_6047-11-19,drugs,Gemini,24,14.0,24.0,8.0,18.0,4.119735698102758,5.47912705942592,94.82110870833334,6.0,6.0,0.25
תפ_67473-10-21,drugs,Gemini,101,8.0,18.0,10.0,24.0,9.88675213890247,17.397310287926317,95.17330220792078,2.0,6.0,0.5
תפ_12411-02-21,weapon,Gemini,154,22.0,40.0,26.304727048109804,49.55858709500151,30.54636008905978,39.2531844499092,93.91986874025973,4.304727048109804,9.558587095001513,0.49695120089716793
תפ_1127-05-20,drugs,Gemini,39,36.0,60.0,24.0,50.0,12.836912587780786,19.959953331987567,94.94956630769231,12.0,10.0,0.3888888888888889
תפ_45055-01-22,drugs,Gemini,46,28.0,58.0,11.0,24.0,12.059399302253446,20.951977226897853,94.95344682608695,17.0,34.0,0.0
תפ_27330-02-19,weapon,Gemini,122,21.0,48.0,24.98425366292141,49.15169294654098,15.507185095067884,21.92120365258419,94.31647305737705,3.984253662921411,1.151692946540983,0.8175617139894441
תפ_52205-06-22,drugs,Gemini,60,6.0,18.0,22.0,47.0,10.356747666242633,16.108615707130145,94.9527358,16.0,29.0,0.0
תפ_53517-08-15,drugs,Gemini,82,12.0,30.0,22.0,46.0,10.377267747401012,16.40361315953549,95.5995334390244,10.0,16.0,0.23529411764705882
תפ_34242-02-16,weapon,Gemini,130,18.0,48.0,22.934441139283663,46.488803184888454,24.082487683330218,31.293957486197378,93.79938036923078,4.934441139283663,1.5111968151115462,0.7851454015201597
תפ_45432-11-15,weapon,Gemini,56,24.0,60.0,24.03216196703943,48.35812761780083,16.619993108252704,26.81217740398674,94.58004066071427,0.03216196703942842,11.641872382199168,0.6757212680767056
תפ_21471-09-22,drugs,Gemini,60,22.0,46.0,22.0,48.0,8.998688176000371,13.274568417340982,96.31509385,0.0,2.0,0.9230769230769231
תפ_30575-03-20,weapon,Gemini,178,12.0,36.0,22.42341432293469,45.91451272531769,27.295130420620854,35.752187951442046,94.27758266292133,10.42341432293469,9.914512725317692,0.40031787533040936
תפ_54272-09-14,weapon,Gemini,4,48.0,96.0,39.502283597988566,65.86388909782946,24.994999499899976,30.0,93.26418125000001,8.497716402011434,30.136110902170543,0.31618780785259254
תפ_189-01-16,drugs,Gemini,10,12.0,36.0,19.0,44.0,12.280472303620899,18.94835085172322,94.6799322,7.0,8.0,0.53125
תפח_34802-06-19,weapon,Gemini,24,264.0,360.0,44.96915191814534,74.00825006699912,69.92723152201388,83.03186093636319,93.865421875,219.03084808185466,285.99174993300085,0.0
תפ_33024-01-18,drugs,Gemini,18,24.0,48.0,14.5,36.0,16.59698395923819,27.29225684971137,95.82485100000001,9.5,12.0,0.3582089552238806
תפ_8900-11-22,drugs,Gemini,5,6.0,12.0,18.0,40.0,5.851495535331117,12.874781551544865,94.3565756,12.0,28.0,0.0
תפ_35299-09-23,drugs,Gemini,39,14.0,28.0,15.0,30.0,9.819274207221605,16.493737978546008,95.00530712820512,1.0,2.0,0.8125
תפ_59329-02-18,drugs,Gemini,106,0.0,9.0,10.0,24.0,9.912562734449661,17.53571598180867,95.14430749056604,10.0,15.0,0.0
תפ_13-02-14,weapon,Gemini,93,9.0,18.0,23.58819112490836,48.37515187359806,13.614873560034592,19.93185291312257,94.16935616129032,14.58819112490836,30.375151873598057,0.0
תפ_33916-02-22,drugs,Gemini,68,20.0,46.0,22.0,46.0,9.776160450237555,14.504704820771646,96.48616352941178,2.0,0.0,0.9230769230769231
תפ_54845-01-19,drugs,Gemini,26,1.0,14.0,21.0,46.0,7.261493643929491,12.489285348678285,94.30540807692306,20.0,32.0,0.0
תפ_48176-01-22,weapon,Gemini,78,72.0,48.0,34.75448701830851,62.15840421202094,20.023527417268713,28.09411720330909,94.78266884615384,37.24551298169149,14.15840421202094,0.0
תפ_38014-02-22,drugs,Gemini,91,16.0,36.0,12.0,30.0,10.084499889771845,17.968212482706587,94.70769308791206,4.0,6.0,0.5833333333333334
תפ_46786-01-23,drugs,Gemini,62,25.0,50.0,12.0,28.0,12.510765395467898,21.35980840720506,95.07868753225806,13.0,22.0,0.07894736842105263
תפ_16690-05-19,drugs,Gemini,43,9.0,24.0,8.0,24.0,4.9926934174695425,7.988228223883037,96.13312304651161,1.0,0.0,0.9375
תפ_46039-04-17,drugs,Gemini,26,6.0,18.0,7.5,22.0,4.096650385216955,7.503943736305139,95.46302749999998,1.5,4.0,0.65625
תפ_72132-02-19,drugs,Gemini,8,12.0,36.0,13.5,27.0,8.816709987291178,16.23845743905498,94.5560265,1.5,9.0,0.5625
תפ_28796-07-22,weapon,Gemini,41,72.0,144.0,38.091093093279696,63.419435323992985,23.36954500095065,32.6463391856555,94.23600619512194,33.908906906720304,80.58056467600701,0.0
תפ_44169-08-22,weapon,Gemini,108,22.0,40.0,28.908467718418986,51.15835313120202,16.926379258861438,22.240877586158085,94.19162481481482,6.908467718418986,11.15835313120202,0.38038953131794306
תפ_12158-04-23,drugs,Gemini,7,20.0,48.0,30.0,60.0,17.127373960286796,22.569620180721714,94.75817057142856,10.0,12.0,0.45
תפ_40650-03-22,drugs,Gemini,58,12.0,24.0,23.0,47.0,16.666350571715164,24.536609062875815,94.45808886206898,11.0,23.0,0.02857142857142857
תפ_59888-08-22,drugs,Gemini,11,16.0,30.0,18.0,36.0,8.472610221587097,14.424497069308147,94.22139181818183,2.0,6.0,0.6
תפ_17677-04-17,drugs,Gemini,66,22.0,46.0,22.0,46.0,8.481492842938192,12.132579896687059,96.39183466666667,0.0,0.0,1.0
תפ_27735-02-21,drugs,Gemini,68,24.0,48.0,22.0,47.0,10.133750864038173,16.214894206181153,96.42695105882353,2.0,1.0,0.8846153846153846
תפ_808-06-16,weapon,Gemini,99,24.0,48.0,19.786726927317996,42.76805643587043,9.99577504871982,14.114237956421912,94.73842553535354,4.213273072682004,5.231943564129573,0.6652208124708128
תפ_51523-10-17,weapon,Gemini,205,9.0,24.0,18.77570889948718,40.72563691874731,10.846672457064368,16.73770354049913,94.21469040000001,9.775708899487181,16.725636918747313,0.16467096039372753
תפ_25624-03-22,weapon,Gemini,122,30.0,60.0,30.09079292109487,54.146807603222285,17.24912120106655,24.197904142753938,93.96399590163935,0.09079292109487014,5.853192396777715,0.8018671560709139
תפ_34737-09-21,weapon,Gemini,181,12.0,24.0,22.585906541150912,45.41321768726836,15.019507476445998,19.83766264438259,94.51652853038675,10.585906541150912,21.413217687268357,0.04232137928421987
תפ_38574-12-18,drugs,Gemini,6,10.0,30.0,19.5,42.0,9.067647005823629,13.296825017858795,96.94025316666666,9.5,12.0,0.328125
תפ_37083-11-14,weapon,Gemini,20,7.0,30.0,13.339241612775417,35.825115151210525,7.2484481097680495,11.384199576606166,94.1133339,6.339241612775417,5.825115151210525,0.5779945127651955
תפ_57965-03-15,weapon,Gemini,98,12.0,36.0,19.367709691652525,42.25883606841569,11.37253023656892,16.48787938448275,93.63997066326527,7.367709691652525,6.25883606841569,0.549667220204426
תפ_2077-10-23,weapon,Gemini,78,30.0,55.0,26.603846413107007,46.95110724639697,11.58268590417467,16.06391327369188,94.12680142307691,3.396153586892993,8.048892753603027,0.5969508227417537
תפ_23408-05-15,drugs,Gemini,6,24.0,40.0,22.5,55.0,13.059692016106489,23.56315391076123,94.30016083333334,1.5,15.0,0.49230769230769234
תפ_30433-06-22,weapon,Gemini,208,14.0,30.0,18.89583342763899,40.508188701929214,11.325126171626275,15.459450651949414,94.56361780288461,4.8958334276389905,10.508188701929214,0.41889571170711
תפ_14802-02-23,weapon,Gemini,89,11.0,24.0,18.920232504741985,36.93661897528495,9.325544871378153,12.305940935183079,94.21979549438203,7.9202325047419855,12.93661897528495,0.19585311023377927
תפ_37722-09-23,weapon,Gemini,43,30.0,60.0,41.79226745933939,70.78065406725747,19.579075153928493,24.552699362204454,95.8181661627907,11.792267459339392,10.780654067257473,0.4464796594638113
תפ_66430-05-20,weapon,Gemini,29,20.0,40.0,29.34787973611023,52.93841998785249,16.225741061915276,21.33332094728138,94.94572006896551,9.34787973611023,12.938419987852491,0.32339499793305854
תפ_11220-12-18,drugs,Gemini,108,24.0,60.0,12.0,30.0,12.602130783099675,21.949999296943098,94.89695158333335,12.0,30.0,0.125
תפ_54036-06-19,drugs,Gemini,88,10.0,36.0,12.0,30.0,10.020639856840274,18.41407059473186,95.23595815909093,2.0,6.0,0.6923076923076923
תפ_16129-03-22,weapon,Gemini,17,20.0,36.0,16.589403821578838,37.62590025899664,7.3144876856691905,12.19223191344152,95.09472147058824,3.4105961784211623,1.6259002589966371,0.7605829253744297
תפ_7467-12-20,weapon,Gemini,27,42.0,60.0,45.479039440189254,77.25500454720367,22.089045382857222,31.963756910443177,93.88814451851852,3.479039440189254,17.25500454720367,0.411883667193074
תפ_47474-01-14,drugs,Gemini,10,66.0,102.0,13.0,36.0,12.843675486401859,25.961702563583923,95.4777815,53.0,66.0,0.0
תפ_50474-09-22,weapon,Gemini,91,32.0,62.0,32.644649120438416,59.197491442387985,17.524271987233202,24.56760472713489,95.06794732967033,0.6446491204384159,2.802508557612015,0.8850947440649857
תפ_58774-07-22,weapon,Gemini,100,54.0,70.0,35.46929716326287,59.36857231765869,29.329812478091302,38.5453122960497,93.95887521,18.530702836737127,10.631427682341311,0.15547243110114395
תפ_36422-07-13,drugs,Gemini,4,24.0,55.0,24.0,51.5,7.794228634059948,21.878928218722233,94.24932500000001,0.0,3.5,0.8870967741935484
תפ_13301-07-18,weapon,Gemini,158,24.0,50.0,27.39841408216961,52.6007182351881,19.26695799978851,26.22756478635896,94.352882778481,3.3984140821696087,2.600718235188097,0.7902453963559265
תפ_56149-01-15,weapon,Gemini,71,24.0,54.0,20.836772603019373,43.91560045964313,12.010740415986445,16.049603232968934,93.71679490140845,3.163227396980627,10.08439954035687,0.6005326387942677
תפ_31276-05-19,drugs,Gemini,74,6.0,12.0,10.0,24.0,10.213820682964556,17.669088160008027,94.95786068918919,4.0,12.0,0.1111111111111111
תפ_18833-05-13,weapon,Gemini,86,8.0,18.0,17.038618826536233,38.31501936670966,10.550792700502546,15.776031823540098,94.57020461627907,9.038618826536233,20.315019366709663,0.031713031808896175
תפ_39071-12-15,weapon,Gemini,11,6.0,20.0,9.228732550740704,23.57348504067363,3.8804447218932805,9.566643149873668,94.98268327272727,3.2287325507407036,3.5734850406736314,0.6129272266900572
תפ_3013-04-18,weapon,Gemini,98,9.0,24.0,16.607618678607732,37.55561651951427,10.17846273789853,14.89161522742354,94.43865765306123,7.607618678607732,13.555616519514267,0.2588766142149472
תפח_34198-06-18,weapon,Gemini,4,12.0,24.0,27.41703705995633,55.34595819487544,12.519984025548915,19.615045245933032,93.43642875,15.417037059956328,31.345958194875443,0.0
תפ_19412-05-18,drugs,Gemini,51,9.0,20.0,8.0,20.0,12.38008222857018,21.086792687277434,95.51501880392154,1.0,0.0,0.9166666666666666
תפ_54179-08-22,drugs,Gemini,23,10.0,24.0,8.0,18.0,3.7813591139406784,5.672205306887107,96.10813673913046,2.0,6.0,0.5
תפ_182-11-12,weapon,Gemini,55,42.0,84.0,22.657028746718613,46.72208399558832,11.727540518436516,17.607718067290552,93.65147663636363,19.342971253281387,37.27791600441168,0.07697840354180308
תפ_4632-02-22,drugs,Gemini,59,30.0,48.0,14.0,30.0,10.333619058672321,17.987866573518524,94.94396601694915,16.0,18.0,0.0
תפ_14963-02-23,drugs,Gemini,64,14.0,28.0,12.0,26.0,10.070842814779704,17.904150182290138,95.3475858125,2.0,2.0,0.75
תפ_35695-12-15,weapon,Gemini,9,12.0,24.0,9.896867513087848,32.40302495007235,4.130584510098023,10.583005244258363,94.3125511111111,2.103132486912152,8.40302495007235,0.5331874192029035
תפ_44579-08-15,weapon,Gemini,10,7.0,30.0,10.276490950714969,33.267398752649115,3.874274125562103,7.4859869088851605,93.829673,3.276490950714969,3.2673987526491146,0.7508740867344499
תפ_43844-05-15,weapon,Gemini,136,16.0,40.0,20.519408447462077,43.91406018306634,15.323315949173688,21.981486981007308,94.22113922794118,4.519408447462077,3.91406018306634,0.6978773931409499
תפ_53715-12-15,weapon,Gemini,65,14.0,36.0,16.510226705284975,38.13212290548006,8.150739611410597,12.167898400269864,93.63833041538463,2.5102267052849747,2.1321229054800597,0.8076277984764108
תפ_15747-08-22,drugs,Gemini,67,24.0,72.0,18.0,40.0,15.27042927514715,24.412153100038683,94.62918420895522,6.0,32.0,0.2962962962962963
תפ_33439-01-21,drugs,Gemini,105,20.0,40.0,18.0,40.0,10.517942773252091,16.860925053234585,96.08435006666666,2.0,0.0,0.9090909090909091
תפ_63328-04-21,weapon,Gemini,36,15.0,30.0,19.833744999348966,43.8905820845559,12.827800635175247,17.959058376701655,94.4712253888889,4.833744999348966,13.890582084555902,0.35188820256015646
תפ_19130-12-21,weapon,Gemini,111,16.0,40.0,22.24321611178401,44.467855270428124,14.743044372088058,18.988345371902877,94.48094086486485,6.243216111784012,4.4678552704281245,0.6237485655149232
תפ_41952-02-22,weapon,Gemini,99,30.0,42.0,24.35954796796225,46.60433504690737,12.59574493754055,16.70997739545682,93.75464780808079,5.64045203203775,4.604335046907373,0.5394522301972537
תפ_31425-08-20,drugs,Gemini,56,24.0,72.0,12.5,30.0,11.505087051440528,20.225262037605248,94.38991296428571,11.5,42.0,0.10084033613445378
תפ_22021-09-22,drugs,Gemini,83,18.0,30.0,9.0,24.0,8.665540681160643,14.690497361574925,95.29151591566264,9.0,6.0,0.2857142857142857
תפ_4730-11-21,drugs,Gemini,37,27.0,54.0,15.0,30.0,9.538358222192757,16.17408942525989,95.07862656756758,12.0,24.0,0.07692307692307693
תפ_12035-06-20,weapon,Gemini,80,12.0,36.0,15.995277446114912,36.43472118094869,7.177210025490407,10.6499339786686,93.6396738,3.995277446114912,0.43472118094869217,0.8187006680265461
תפ_46550-12-16,weapon,Gemini,124,12.0,32.0,15.741253067561786,36.91095823511222,7.111312088875739,11.66794750414216,94.2647284112903,3.741253067561786,4.9109582351122185,0.6526744888328448
תפ_12233-08-12,weapon,Gemini,15,5.0,30.0,4.490723995654825,13.398720543734601,2.36267268622258,7.01300379453927,94.91926926666665,0.5092760043451747,16.6012794562654,0.32924182333924285
תפ_57474-07-15,weapon,Gemini,132,18.0,48.0,18.18944328724821,39.97827306333859,11.040878525850628,17.086010675102465,94.64399121969697,0.1894432872482099,8.021726936661409,0.7262943258696793
תפ_52145-01-20,drugs,Gemini,8,6.0,18.0,13.0,32.0,12.183492931011205,26.757008427699834,94.7955055,7.0,14.0,0.19230769230769232
תפ_38355-09-23,weapon,Gemini,26,28.0,58.0,45.33887398795544,75.82628230401403,17.387040334618,22.410901827237097,95.60624861538463,17.338873987955438,17.82628230401403,0.2647315534910796
תפ_69933-03-23,weapon,Gemini,27,42.0,64.0,47.458206382784574,77.7269123648233,17.006010395585438,19.866840665407555,96.35778896296296,5.458206382784574,13.726912364823306,0.46300652707683926
תפ_32882-09-21,weapon,Gemini,50,48.0,72.0,21.338378556244628,44.264397941527875,12.48839461259933,17.074437033179162,93.85867788,26.661621443755372,27.735602058472125,0.0
תפ_34630-12-21,weapon,Gemini,72,24.0,48.0,19.046081935676597,41.20734107872583,18.508959917354144,25.89978013634693,94.06252626388888,4.953918064323403,6.7926589212741675,0.5943009523097487
תא_40004-08-18,drugs,Gemini,15,8.0,18.0,15.0,36.0,17.343074186032368,29.82497089502166,94.60893206666667,7.0,18.0,0.10714285714285714
תפ_9582-10-20,drugs,Gemini,10,8.0,20.0,13.5,36.0,17.1697408250678,24.830626250660696,94.4019711,5.5,16.0,0.23214285714285715
תפ_12606-07-22,weapon,Gemini,46,54.0,96.0,37.26867022238244,63.806785258948764,20.515531946301017,27.691215261279215,94.01629830434781,16.73132977761756,32.193214741051236,0.16697706822034394
תפ_43471-12-22,weapon,Gemini,10,18.0,36.0,29.371186095075508,55.249441644915294,15.569521508382971,25.92990551467552,93.74555799999999,11.371186095075508,19.249441644915294,0.17795740317705816
תפ_53669-03-22,weapon,Gemini,80,36.0,50.0,34.004829951237824,62.026008300493814,17.68985849999937,25.79176225076526,94.79541407500001,1.9951700487621764,12.026008300493814,0.4996221010231614
תפ_44381-05-20,weapon,Gemini,154,13.0,39.0,16.500037143263466,37.634045632309466,8.386275019517624,11.847060477740104,94.69866006493507,3.500037143263466,1.3659543676905344,0.8128464803479231
תפ_62070-05-20,drugs,Gemini,84,14.0,36.0,21.0,46.0,10.87703769321371,17.54188379493006,94.9372981547619,7.0,10.0,0.46875
תפ_64941-05-17,weapon,Gemini,131,6.0,18.0,15.603251412488659,36.86242865413479,7.763512649814566,11.913470244431773,93.94403325954198,9.603251412488659,18.86242865413479,0.07765910500339829
תפ_9983-05-16,weapon,Gemini,22,9.0,36.0,10.862134878650073,28.72977813425596,6.241192140836795,10.747669361038927,94.77388745454546,1.8621348786500729,7.270221865744041,0.6617645650224402
תפ_9264-02-21,drugs,Gemini,9,14.0,36.0,16.0,40.0,10.749676997731399,10.404177698417444,95.40714655555556,2.0,4.0,0.7692307692307693
תפ_9873-02-17,weapon,Gemini,27,10.0,24.0,38.2409094615043,66.91851663710533,46.60736973462724,59.794710530342115,93.74808111111112,28.2409094615043,42.91851663710533,0.0
תפ_12154-12-14,weapon,Gemini,79,10.0,24.0,19.901520360945675,42.77534308796218,28.9314368875475,38.4121177069541,93.77538186075951,9.901520360945675,18.775343087962177,0.1250476502428933
תפ_57498-03-19,weapon,Gemini,47,24.0,48.0,35.800027843181006,64.27974832771365,47.029690207121476,60.52052018541233,93.59881427659575,11.800027843181006,16.279748327713648,0.3028810422935303
תפ_34866-09-22,drugs,Gemini,4,6.0,24.0,9.5,27.0,0.82915619758885,1.299038105676658,95.05721125000001,3.5,3.0,0.6904761904761905
תפ_21384-01-23,drugs,Gemini,71,18.0,42.0,14.0,30.0,10.240240586838478,18.38500290128403,95.18992118309859,4.0,12.0,0.42857142857142855
תפ_39034-01-18,drugs,Gemini,66,10.0,36.0,12.0,29.0,10.794909608787451,19.255167577057577,94.67848296969696,2.0,7.0,0.6538461538461539
תפ_14373-03-22,weapon,Gemini,19,48.0,96.0,39.019672938431135,65.8200863289141,27.6576819061369,31.488642810365473,94.28940868421051,8.980327061568865,30.1799136710859,0.3127410327016725
תפ_7317-01-15,weapon,Gemini,57,36.0,60.0,30.97791746336255,56.26928941830477,20.435893202748737,28.92043404028518,94.4659905614035,5.022082536637448,3.7307105816952273,0.6984091990199822
תפ_59004-08-23,weapon,Gemini,101,17.0,30.0,22.246665670452124,40.754535377439524,12.246167993556965,15.356553740026328,94.79688083168317,5.246665670452124,10.754535377439524,0.3263938530623283
תפ_31249-06-14,weapon,Gemini,44,24.0,60.0,18.99586382747524,41.28541053447795,17.904980492764608,23.574339512933854,93.5777915,5.00413617252476,18.714589465522053,0.4215528516867089
תפ_4475-11-18,weapon,Gemini,116,12.0,36.0,21.06944950625744,43.94060714502819,31.71450847108348,41.58215368822029,94.15236786206897,9.069449506257438,7.9406071450281885,0.4674472976030019
תפ_4133-01-20,weapon,Gemini,224,16.0,36.0,17.256430660474017,38.76870766455599,8.807372721409406,13.203596515249169,94.62588598660714,1.2564306604740167,2.76870766455599,0.8232162148009862
תפ_61841-07-22,drugs,Gemini,17,46.0,60.0,16.0,36.0,12.41329792593104,16.871589108058014,95.73659352941178,30.0,24.0,0.0
תפ_26417-03-17,weapon,Gemini,53,15.0,30.0,25.250011215042836,48.98206679136339,14.216777677551613,20.609215536767522,94.34551424528306,10.250011215042836,18.982066791363387,0.1397792787036833
תפ_34938-09-18,drugs,Gemini,9,36.0,60.0,18.0,48.0,19.145318223433716,27.26006440034783,95.10876155555555,18.0,12.0,0.2857142857142857
תפ_37987-11-23,drugs,Gemini,6,36.0,66.0,16.5,39.0,9.5524865872714,16.76305461424021,95.75855366666666,19.5,27.0,0.06060606060606061
תפ_69158-11-16,weapon,Gemini,209,16.0,40.0,18.88184286684956,41.187577564634324,19.79838281498719,26.86853938086968,94.47493501913875,2.88184286684956,1.1875775646343243,0.8384354183707716
תפ_17935-01-20,weapon,Gemini,55,10.0,36.0,18.95520330225195,42.1852984438948,11.046947149430656,15.643486749633228,94.25540199999999,8.955203302251949,6.185298443894801,0.5295833042362627
תפ_50809-07-17,weapon,Gemini,116,12.0,36.0,21.44459234409772,44.58798100451641,23.575220520541315,30.831244238340197,93.97485469827586,9.444592344097721,8.587981004516408,0.4466495685598021
תפ_47348-11-21,weapon,Gemini,97,10.0,36.0,20.301335744335248,39.05922926120115,9.766440311645335,13.709006855175748,94.83132161855669,10.301335744335248,3.0592292612011533,0.5402298909773581
תפ_70374-11-20,drugs,Gemini,94,0.0,14.0,9.5,24.0,9.841368557459287,17.926412630678282,94.70589745744681,9.5,10.0,0.1875
תפ_24548-06-13,weapon,Gemini,53,18.0,36.0,30.06702943566025,57.56605133327807,14.826971661254547,23.138938315275713,94.54637458490568,12.067029435660249,21.566051333278068,0.1499510404605291
תפ_25537-07-24,drugs,Gemini,67,11.0,22.0,10.0,24.0,9.931666728691704,18.011580146691973,94.83415746268658,1.0,2.0,0.7857142857142857
תפ_17030-02-22,weapon,Gemini,40,20.0,42.0,19.710993401768917,39.3234098071764,9.183919370290662,13.132949973254295,94.498429575,0.289006598231083,2.6765901928236033,0.866948005152906
תפ_15209-10-23,weapon,Gemini,81,19.0,40.0,27.772538538170245,48.199074401485504,16.628415181075813,23.2518336289565,93.87867012345679,8.772538538170245,8.199074401485504,0.41876195435865193
תפ_9632-08-23,weapon,Gemini,132,8.0,18.0,19.183839083583397,38.875937414952496,8.619397875889208,10.923168000793254,94.50791888636363,11.183839083583397,20.875937414952496,0.0
תפ_7867-04-22,drugs,Gemini,57,27.0,55.0,23.0,48.0,8.58183498204038,12.301235965497735,96.93206403508769,4.0,7.0,0.65625
תפ_633-05-17,weapon,Gemini,65,36.0,72.0,23.295694162149243,46.573126079246336,14.01120430776192,19.443865493400324,94.36666846153845,12.704305837850757,25.426873920753664,0.21708811772098777
תפ_7089-08-23,weapon,Gemini,174,28.0,50.0,26.51146483894969,48.58998878774447,16.16435682286478,22.4108397700614,94.34135310919541,1.4885351610503115,1.410011212255533,0.8765973972650138
תפ_3986-06-22,weapon,Gemini,114,12.0,36.0,19.385147440592256,39.31786371866709,10.017805017027804,13.909960316218331,95.0907680350877,7.385147440592256,3.317863718667091,0.6082046799308957
תפ_2724-08-19,weapon,Gemini,54,9.0,36.0,16.279942151941178,38.6648040578786,7.933278002366096,10.81354634874648,93.76270233333335,7.279942151941178,2.664804057878598,0.6647627879012207
תפ_26036-08-21,weapon,Gemini,77,20.0,50.0,19.681079683533312,40.91042108564071,10.064926686213521,11.841919930216765,94.61059031168831,0.31892031646668784,9.089578914359294,0.6896822468405619
תפ_53339-09-22,weapon,Gemini,9,30.0,60.0,14.254076955510074,31.672526768866703,3.018461712712472,5.613035973473372,93.949683,15.745923044489926,28.327473231133297,0.03656122026962046
תפ_13995-12-22,weapon,Gemini,98,30.0,60.0,27.973462722704404,50.55766133289397,16.561878342871168,21.010650102807556,94.05495825510205,2.0265372772955956,9.442338667106029,0.6418945999344052
תפ_32883-03-22,weapon,Gemini,19,90.0,150.0,46.47724550678674,75.37308676399884,27.668897105522856,40.441058645598424,94.39813310526314,43.52275449321326,74.62691323600116,0.0
תפ_39345-03-20,weapon,Gemini,114,30.0,60.0,32.32390560182555,58.24491043300714,44.129420347742645,57.35627386285836,93.83340558771927,2.323905601825551,1.755089566992858,0.8640334943727197
תפ_30039-04-20,drugs,Gemini,68,20.0,46.0,22.0,46.0,10.361502142237805,16.07558783439826,96.43850394117648,2.0,0.0,0.9230769230769231
תפ_26839-11-16,drugs,Gemini,30,10.0,36.0,9.5,24.0,7.846372127012302,13.948954560587447,95.22073280000001,0.5,12.0,0.5283018867924528
תפ_998-08-14,weapon,Gemini,28,12.0,30.0,23.641202118318642,47.08054045598231,11.02756287024213,16.856386181564563,94.08261685714285,11.641202118318642,17.08054045598231,0.1812628254590356
תפ_30966-07-22,weapon,Gemini,79,21.0,24.0,20.36891974686931,38.7468698358288,9.814233521709724,12.265463541916922,94.53156386075949,0.6310802531306905,14.746869835828797,0.1632390982388315
תפ_17715-07-18,drugs,Gemini,9,28.0,52.0,10.0,24.0,13.878662902117672,26.076809620810597,94.69882555555556,18.0,28.0,0.0
תפ_8188-06-23,weapon,Gemini,99,28.0,46.0,28.59255508196474,51.52722017863806,17.484320376691578,25.103532178235223,94.0336466969697,0.5925550819647398,5.527220178638061,0.7398853237171065
תפ_20387-03-23,weapon,Gemini,113,36.0,72.0,24.762819311052034,48.380653421848635,14.234589610849417,18.823293847254337,93.77675640707966,11.237180688947966,23.619346578151365,0.262095519700339
תפ_18039-10-21,weapon,Gemini,89,40.0,60.0,31.316415672376607,56.37829950877155,17.930612941123577,24.965053216157887,94.82045550561797,8.683584327623393,3.6217004912284523,0.570999053733972
תפ_36698-12-18,weapon,Gemini,139,12.0,36.0,16.88650852699159,38.498443088704846,8.691921865684577,12.619439204912725,94.99552148920864,4.886508526991591,2.498443088704846,0.7213062068977054
תפ_66922-03-22,drugs,Gemini,21,6.0,18.0,10.0,20.0,12.303604545305259,22.075422148592057,94.53107357142858,4.0,2.0,0.5714285714285714
תפ_13-05-32,weapon,Gemini,82,12.0,36.0,17.64827760805931,38.91039205462771,9.861481137841555,14.45031385450689,94.4266171707317,5.64827760805931,2.9103920546277067,0.6819567085714306
תפ_30340-08-20,weapon,Gemini,79,30.0,60.0,21.698633115035335,45.03368768448412,14.08541708730393,19.711905165548256,93.85729307594937,8.301366884964665,14.966312315515879,0.3925104743555679
תפ_12761-11-15,weapon,Gemini,9,12.0,36.0,15.49711757057995,35.646126549184174,5.559998223643024,10.446808243149475,94.60254222222221,3.4971175705799507,0.35387345081582566,0.8395420407751759
תפ_40567-08-16,drugs,Gemini,30,8.0,24.0,6.5,24.0,3.5301872786329933,5.9506302187247355,96.2831265,1.5,0.0,0.9142857142857143
תפ_17098-06-12,drugs,Gemini,3,36.0,72.0,3.0,12.0,2.0548046676563256,2.8284271247461903,95.03713499999999,33.0,60.0,0.0
תפ_39941-11-19,weapon,Gemini,58,20.0,44.0,17.420160550527633,40.00533851928211,8.011955988607086,12.41026051269133,93.78438863793103,2.5798394494723667,3.9946614807178875,0.75265084115018
תפ_57996-05-20,weapon,Gemini,152,24.0,48.0,20.070053090593895,43.07806505289385,11.599346564363945,16.867126510388527,94.50783923026316,3.9299469094061052,4.921934947106152,0.6830684324168491
תפ_14885-06-24,weapon,Gemini,3,8.0,18.0,12.33997740420839,27.444628963590887,8.259674462242577,9.285592184789413,94.09691666666667,4.3399774042083905,9.444628963590887,0.29108411409596574
תפ_23328-12-22,weapon,Gemini,92,6.0,12.0,23.800329416450374,42.308678632990436,13.054284472930297,15.189084697599482,94.21008025000002,17.800329416450374,30.308678632990436,0.0
תפ_49344-11-23,weapon,Gemini,103,30.0,48.0,34.73646609056212,58.27090077524761,28.317807112165543,37.00686630146646,93.907842815534,4.736466090562118,10.270900775247611,0.46915851797161967
תפ_13048-04-21,drugs,Gemini,56,24.0,48.0,24.0,48.0,9.27800160462964,14.62602473298182,95.51543278571428,0.0,0.0,1.0
תפ_14578-04-19,drugs,Gemini,68,22.0,46.0,22.0,46.0,9.823045074358154,14.587071526161191,96.61254866176469,0.0,0.0,1.0
תפ_25425-02-22,weapon,Gemini,18,54.0,96.0,30.99987754504206,58.57141486972856,18.662119155069842,24.886904682811764,94.13306388888888,23.00012245495794,37.42858513027144,0.0703293270392888
תפ_34353-03-17,drugs,Gemini,68,10.0,36.0,20.0,44.0,11.53162493764093,18.077543468476883,94.92172848529412,10.0,8.0,0.47058823529411764
תפ_72146-11-20,weapon,Gemini,82,36.0,60.0,25.261397020026653,59.02152805246308,16.06937665720424,76.75946596808069,94.58350317073172,10.738602979973347,0.9784719475369172,0.6627073652252191
תפ_19408-11-14,drugs,Gemini,15,10.0,18.0,1.0,12.0,5.7255761476223705,7.7189521453512215,95.0994008,9.0,6.0,0.11764705882352941
תפ_48281-08-18,drugs,Gemini,5,6.0,13.0,24.0,48.0,19.734234213670415,26.832815729997478,95.48485580000002,18.0,35.0,0.0
תפ_43245-08-20,weapon,Gemini,30,20.0,84.0,40.43507353894148,68.5099964360769,25.035086489875674,32.463808909135864,94.02914796666664,20.43507353894148,15.490003563923096,0.438670670267741
תפ_6929-10-15,drugs,Gemini,13,5.0,15.0,9.0,20.0,3.3477007918444524,6.48712881301785,95.74589807692308,4.0,5.0,0.4
תפ_9860-10-15,drugs,Gemini,7,6.0,18.0,8.0,18.0,1.761261143705422,2.5475077857324298,94.32767242857143,2.0,0.0,0.8333333333333334
תפ_18327-09-22,weapon,Gemini,111,14.0,36.0,19.592868214836123,39.381081624727116,10.102357407692539,13.780768674531064,94.79554308108109,5.592868214836123,3.3810816247271163,0.6464315440827978
תפ_6968-02-22,weapon,Gemini,85,14.0,30.0,21.96117723868491,40.67373846336075,11.683448796419093,15.296425165291735,95.07883004705884,7.961177238684911,10.673738463360749,0.3013759309501095
תפ_16753-02-22,weapon,Gemini,142,30.0,48.0,26.438795570237534,47.79393477165071,16.385639708386275,23.157328274371004,94.33976866901408,3.5612044297624657,0.20606522834928853,0.8252755466243099
תפ_28234-05-21,drugs,Gemini,41,36.0,60.0,24.0,48.0,9.067464767570058,14.893474610067916,94.3101467804878,12.0,12.0,0.3333333333333333
תפ_63100-02-24,weapon,Gemini,113,24.0,40.0,22.949115081787262,42.09639680714126,12.083849636508544,15.909510934607663,94.95177038053099,1.0508849182127378,2.096396807141261,0.8356277527798369
תפ_7811-10-23,weapon,Gemini,80,30.0,48.0,27.515787330413904,48.31536662465216,13.022090605966463,17.421067526130535,94.26478855,2.484212669586096,0.3153666246521567,0.8654021192143164
תפ_21339-07-21,drugs,Gemini,79,0.0,8.0,10.0,24.0,10.013498340469278,17.871212256801154,94.90069543037974,10.0,16.0,0.0
תפ_26856-05-16,drugs,Gemini,7,18.0,40.0,12.0,36.0,3.7742413753208304,7.171371656006362,95.996082,6.0,4.0,0.6428571428571429
תפ_32156-02-19,drugs,Gemini,8,18.0,36.0,16.0,36.0,5.797359312652615,8.181534085976786,96.79538,2.0,0.0,0.9
תפ_1410-03-24,weapon,Gemini,24,10.0,22.0,24.1749897700429,44.06213550933763,7.228296057086268,9.094316754007538,93.65256683333332,14.174989770042899,22.06213550933763,0.0
תפ_40634-03-20,weapon,Gemini,39,11.0,30.0,16.257369188411698,36.60903194113182,6.847546194724712,10.112061135477106,93.79217574358975,5.2573691884116975,6.609031941131818,0.5366321867682802
תפ_35389-01-21,drugs,Gemini,64,30.0,54.0,22.0,46.0,9.45378355144119,14.316311924143557,96.56215917187501,8.0,8.0,0.5
תפ_25332-01-18,drugs,Gemini,43,6.0,15.0,8.0,18.0,11.113164884404977,18.53472323469373,95.67362472093023,2.0,3.0,0.5833333333333334
תפ_5391-02-20,drugs,Gemini,42,24.0,54.0,14.0,29.0,10.252149821560296,18.207359405139904,94.68047404761904,10.0,25.0,0.125
תפ_55035-10-18,drugs,Gemini,5,18.0,48.0,36.0,60.0,16.497272501841024,21.425218785347326,94.82077479999998,18.0,12.0,0.2857142857142857
תפח_31041-04-13,weapon,Gemini,5,72.0,180.0,44.43549191557929,71.6197601014648,29.241067011995305,41.61538177164785,93.80156720000001,27.56450808442071,108.3802398985352,0.0
תפ_22464-07-12,drugs,Gemini,7,8.0,18.0,6.0,18.0,2.1852940772540506,3.958973274443148,95.13913771428574,2.0,0.0,0.8333333333333334
תפ_61720-01-23,drugs,Gemini,11,8.0,18.0,6.0,18.0,3.9312269655344823,7.083912632282966,95.20638909090907,2.0,0.0,0.8333333333333334
תפ_17916-05-19,weapon,Gemini,142,10.0,24.0,16.1059132678782,37.18530614726997,8.417260701836083,12.904713888634278,94.84623378169015,6.105913267878201,13.18530614726997,0.29038064494684923
תפ_1363-04-22,weapon,Gemini,129,12.0,30.0,24.852014164454303,44.740547097885525,12.560670622526128,16.711250985507668,94.28515966666667,12.852014164454303,14.740547097885525,0.15723579145316627
תפ_13749-03-17,drugs,Gemini,6,15.0,36.0,18.0,39.0,9.494150245750744,13.569778512889918,96.31574166666667,3.0,3.0,0.75
תפ_27625-02-21,weapon,Gemini,159,6.0,24.0,16.258727987725877,37.28033232012524,8.589878072500404,14.39367776951414,94.56696184905661,10.258727987725877,13.28033232012524,0.24748049135314074
תפ_13632-08-17,weapon,Gemini,222,15.0,30.0,21.54205673942302,45.07832167773809,14.205451141707425,21.56476430034884,94.11209885135136,6.542056739423021,15.078321677738089,0.2811973138393878
תפ_21162-10-19,drugs,Gemini,18,24.0,48.0,24.0,52.5,14.773286702694158,23.645856787392514,94.35390583333333,0.0,4.5,0.8421052631578947
תפ_32817-12-14,drugs,Gemini,72,5.0,12.0,10.0,24.0,10.054327733510556,17.330478530932464,95.22982644444444,5.0,12.0,0.10526315789473684
תפ_12109-06-15,weapon,Gemini,128,8.0,30.0,15.922727503036308,36.86374227736512,8.653922859569237,14.236278687191222,93.900205234375,7.922727503036308,6.8637422773651195,0.48771473780803043
תפ_44380-08-16,weapon,Gemini,126,14.0,36.0,15.349967885329555,36.050842379767815,7.876763221083765,12.519996603066277,94.91328085714287,1.349967885329555,0.050842379767814805,0.9364736167003467
תפ_52416-06-20,weapon,Gemini,22,15.0,40.0,16.337016075584508,38.94678548531097,5.004956221273019,5.414435861886198,95.2159495,1.3370160755845077,1.0532145146890315,0.9043907763890584
תפ_35186-03-18,weapon,Gemini,58,24.0,48.0,30.230807061292936,56.04550971574912,19.56594994234255,27.719505531670887,95.26704198275863,6.230807061292936,8.04550971574912,0.5544986831641563
תפ_1715-07-21,weapon,Gemini,4,26.0,48.0,23.100072060288483,45.54652369764993,7.46240577829965,5.545268253204709,97.06706874999999,2.8999279397115174,2.4534763023500687,0.7850032235023565
תפ_6875-02-22,weapon,Gemini,5,33.0,50.0,46.24642633083381,78.55547185793523,54.02814081568974,73.3473925916934,96.199747,13.246426330833813,28.55547185793523,0.08239567094973155
תפ_60429-12-21,weapon,Gemini,182,12.0,36.0,23.068810219668066,43.98403386391065,13.200987116962683,18.29916575846072,94.58962043956043,11.068810219668066,7.984033863910653,0.4043014034862847
תפ_27986-11-22,weapon,Gemini,99,32.0,54.0,30.38852765003128,52.58824357279985,18.325392720634202,24.35315619611923,94.37811993939394,1.6114723499687216,1.411756427200153,0.8719593283994049
תפ_1990-11-22,drugs,Gemini,24,48.0,78.0,33.0,68.5,23.657715443381257,32.64813994191196,95.14611254166668,15.0,9.5,0.45555555555555555
תפ_17573-10-22,weapon,Gemini,77,20.0,36.0,21.256681766097593,40.28358941866498,10.68420018441741,16.59651848142152,94.60617655844158,1.2566817660975929,4.283589418664981,0.7268594295413804
תפ_41189-09-15,drugs,Gemini,81,5.0,12.0,9.0,22.0,10.460295009278953,18.39649509702596,94.89837202469137,4.0,10.0,0.17647058823529413
תפ_57687-05-22,weapon,Gemini,30,30.0,40.0,21.07648192399229,44.20006041571126,8.02226069550639,12.557600620076007,94.62953946666666,8.92351807600771,4.200060415711263,0.4324590159598872
תפ_33458-08-14,weapon,Gemini,18,48.0,84.0,43.95251256098392,77.03325210760832,17.373528892336164,30.54666537336111,94.59456438888888,4.047487439016081,6.96674789239168,0.7249706277283905
תפח_41585-03-16,weapon,Gemini,59,48.0,84.0,40.3946488661206,70.23576440357813,40.93711238416001,54.29463070413043,94.15880355932202,7.605351133879402,13.76423559642187,0.5099320112182731
תפ_19705-09-23,drugs,Gemini,11,10.0,22.0,10.0,30.0,3.5114923483323577,6.381792281739725,95.19510181818181,0.0,8.0,0.6
תפ_67471-06-18,drugs,Gemini,25,9.0,18.0,9.0,24.0,5.8806802327621925,8.80327211893396,95.02847856,0.0,6.0,0.6
תפ_8008-07-19,weapon,Gemini,123,12.0,30.0,20.149420032447193,43.25449503829863,11.090998387178832,16.027419660598262,94.3259936097561,8.149420032447193,13.254495038298629,0.3151732240588787
תפ_10300-06-20,weapon,Gemini,84,24.0,60.0,22.846948982116757,46.106329688037704,12.207646947341232,17.327232704539952,93.94258,1.153051017883243,13.893670311962296,0.5950071146888326
תפ_42118-11-23,drugs,Gemini,12,30.0,60.0,23.0,48.0,12.102570893088055,13.97219461008979,95.89949591666668,7.0,12.0,0.4864864864864865
תפ_19827-06-15,drugs,Gemini,61,7.0,18.0,10.0,24.0,9.552046991088757,16.73626782096636,95.2074811147541,3.0,6.0,0.47058823529411764
תפ_27961-04-18,drugs,Gemini,47,6.0,18.0,24.0,60.0,13.226686058242086,21.3593497051754,95.4057084255319,18.0,42.0,0.0
תפ_25806-05-22,drugs,Gemini,23,10.0,24.0,12.0,30.0,10.26952472104816,19.21473520893115,95.02761865217393,2.0,6.0,0.6
תפ_45025-05-22,weapon,Gemini,104,21.0,36.0,20.964698947865458,41.15934364668978,14.101268879915333,19.577997458051108,94.27548711538462,0.03530105213454249,5.159343646689777,0.7427711764036761
תפ_62279-07-22,weapon,Gemini,37,22.0,46.0,33.51077923584842,60.3757805246281,22.439171895466043,30.03956485266753,94.03915562162163,11.510779235848418,14.375780524628098,0.3254453875182156
תפ_3742-07-18,weapon,Gemini,72,6.0,18.0,17.437880937015017,40.11950334890504,14.484559680425306,19.775080769606088,93.60831788888889,11.437880937015017,22.11950334890504,0.016475007189781468
תפ_45433-09-17,drugs,Gemini,28,24.0,30.0,12.0,26.0,9.499731467740743,17.617064721109333,94.13609757142858,12.0,4.0,0.1111111111111111
תפ_10347-10-23,weapon,Gemini,62,24.0,48.0,25.084848926216242,45.16913448660592,9.819613938339067,13.092254503777236,94.09515025806452,1.0848489262162424,2.8308655133940803,0.8368452316829033
תפ_29457-07-16,drugs,Gemini,17,24.0,54.0,24.0,60.0,13.801358942166493,20.749953099542612,94.10720076470588,0.0,6.0,0.8333333333333334
תפח_51122-01-13,weapon,Gemini,4,36.0,72.0,39.94887569603162,65.94793922057147,22.44994432064365,35.4964786985977,93.5277425,3.948875696031621,6.05206077942853,0.7221962090149958
תפ_59045-12-20,drugs,Gemini,22,3.0,12.0,29.0,56.0,15.227204884516437,24.476164826788107,94.37781536363636,26.0,44.0,0.0
תפח_63773-04-21,weapon,Gemini,7,120.0,168.0,37.382550470773,67.92708692069392,15.928411274018691,20.413081040132585,93.73145842857143,82.617449529227,100.07291307930608,0.0
תפ_29832-08-15,drugs,Gemini,19,6.0,14.0,8.0,24.0,3.3692433206903623,5.692489098185783,96.27979115789473,2.0,10.0,0.3333333333333333
תפ_50998-03-23,weapon,Gemini,39,42.0,66.0,27.5857625244394,52.60423170665251,13.896063892915015,19.859996497507225,94.824589,14.4142374755606,13.395768293347487,0.2760495171457978
תפ_54615-03-16,weapon,Gemini,18,20.0,40.0,29.112505438641612,53.48785179795851,10.821788720498619,16.319343971321917,94.41060116666668,9.112505438641612,13.487851797958513,0.32511773603889726
תפ_35106-03-18,weapon,Gemini,33,36.0,72.0,31.830326358577587,57.18211561113672,20.137817171698906,27.865609533509453,95.05782445454545,4.169673641422413,14.817884388863277,0.5273160992100772
תפ_47668-04-18,drugs,Gemini,22,48.0,96.0,18.0,35.0,11.507902423196775,22.201928290910022,95.13311250000001,30.0,61.0,0.0
תפ_60015-05-22,drugs,Gemini,24,16.0,32.0,15.0,36.0,7.989141936959744,14.204606060476769,96.07886679166667,1.0,4.0,0.7619047619047619
תפ_14684-07-24,weapon,Gemini,74,18.0,30.0,19.231057069059133,37.13807952632329,8.15250233826747,9.823683015612549,94.92806145945946,1.2310570690591334,7.138079526323288,0.5626971565317631
תפ_29620-01-23,weapon,Gemini,117,13.0,36.0,23.26312625209195,42.572607766493356,11.360186567513345,15.072275772701639,94.679079,10.26312625209195,6.5726077664933555,0.43069836277135176
תפ_51607-08-21,weapon,Gemini,99,36.0,60.0,22.325038913811362,40.95969529987589,12.95700155896575,15.614136055861104,95.15295562626264,13.674961086188638,19.04030470012411,0.13164433769499173
תפ_45339-12-20,weapon,Gemini,4,36.0,72.0,80.22342112025697,126.01296823822743,77.34823850612243,99.09086738948247,93.8808315,44.22342112025697,54.01296823822743,0.0
תפ_24361-06-21,weapon,Gemini,33,72.0,108.0,35.722148260991034,61.40519400253748,22.26763495692435,27.982612993352152,93.96665106060607,36.277851739008966,46.59480599746252,0.0
תפ_34197-11-21,drugs,Gemini,60,30.0,48.0,23.0,48.0,9.374374053177572,14.297348238980076,96.61972373333332,7.0,0.0,0.72
תפ_46267-08-23,weapon,Gemini,30,48.0,72.0,45.639876921654924,76.41971233016989,18.981277325008687,24.15082239225452,94.74258916666665,2.360123078345076,4.419712330169887,0.7797312650138674
תפ_50631-06-23,drugs,Gemini,11,20.0,42.0,15.0,36.0,10.233634385069301,15.287871279693023,95.704745,5.0,6.0,0.5925925925925926
תפ_6322-04-16,drugs,Gemini,7,18.0,42.0,24.0,48.0,11.984684103522483,17.815379734994167,95.96341128571429,6.0,6.0,0.6
תפ_45048-06-14,drugs,Gemini,6,8.0,14.0,16.5,36.0,4.705198071164368,7.951240294584375,95.13835916666666,8.5,22.0,0.0
תפ_68905-01-24,drugs,Gemini,4,15.0,30.0,18.0,36.0,4.69041575982343,10.23474474522936,94.50675899999999,3.0,6.0,0.5714285714285714
תפ_16541-01-21,drugs,Gemini,10,22.0,48.0,15.0,38.0,10.830050784737807,11.357816691600547,96.1334405,7.0,10.0,0.48484848484848486
תפ_28148-07-20,weapon,Gemini,101,24.0,54.0,26.51234291971381,51.30169745712418,35.20289754674602,46.94475705214411,93.88143476237624,2.5123429197138094,2.6983025428758225,0.8263118179136789
תפ_12401-05-22,weapon,Gemini,9,30.0,48.0,28.460781558337025,45.021323955462364,10.263202878893768,10.671295292038195,94.215691,1.5392184416629746,2.978676044537636,0.7687781371762946
תפ_38193-11-23,weapon,Gemini,106,48.0,84.0,23.03251710155087,44.94005621801106,10.178331572820055,14.492301021330064,94.19074752830188,24.96748289844913,39.05994378198894,0.0
תפ_15172-01-16,drugs,Gemini,7,8.0,24.0,10.0,24.0,1.7261494247992246,5.314592925068078,95.60682014285713,2.0,0.0,0.875
תפ_29401-11-12,drugs,Gemini,9,10.0,24.0,8.0,24.0,3.744955454745048,5.92129448643299,95.369104,2.0,0.0,0.875
תפ_24302-05-16,weapon,Gemini,36,8.0,18.0,17.86526398316282,41.107979377494935,10.104393372790806,19.699830794535607,94.34699955555556,9.86526398316282,23.107979377494935,0.004069593474761169
תפ_28659-02-14,weapon,Gemini,4,8.0,24.0,13.052232954980584,33.13393292869851,2.9154759474226504,5.196152422706632,93.59160125,5.052232954980584,9.133932928698513,0.43557715682924414
תפ_69941-03-23,weapon,Gemini,73,62.0,92.0,34.91246208497939,61.528109774089025,18.706982930403722,26.58922811929172,95.25359046575343,27.08753791502061,30.471890225910975,0.0
תפ_52782-09-22,weapon,Gemini,37,84.0,120.0,44.353094403565805,76.40806399750373,16.906523392937373,22.502430677894342,96.01612751351352,39.646905596434195,43.59193600249627,0.0
תפ_26164-01-21,weapon,Gemini,57,13.0,36.0,16.50522936764545,37.43069093706353,6.5977975563550375,8.769683923014112,94.40429026315789,3.5052293676454482,1.430690937063531,0.7979623123461994
תפ_11370-07-16,drugs,Gemini,50,16.0,30.0,10.0,29.0,8.729009107567709,15.501290268877622,95.38302918,6.0,1.0,0.65
תפ_3667-07-15,drugs,Gemini,36,30.0,50.0,18.0,42.0,13.142969767940107,22.271681072109885,94.38147947222221,12.0,8.0,0.375
תפ_20644-11-22,weapon,Gemini,14,54.0,72.0,21.33453667499637,46.052224812806784,10.606120681868905,15.526967981350305,95.17219707142856,32.66546332500363,25.947775187193216,0.0
תפ_3068-11-15,weapon,Gemini,96,10.0,36.0,19.643085880103303,41.48336567085875,13.051114788485396,20.28844729766179,93.99148003124999,9.643085880103303,5.483365670858753,0.5195414712295764
תפ_23659-04-22,drugs,Gemini,60,6.0,20.0,22.0,46.0,10.26347352940947,16.293241611853123,96.07235065,16.0,26.0,0.0
תפ_52567-05-23,drugs,Gemini,55,29.0,42.0,22.0,48.0,9.710759134856895,15.212065676585816,95.72877183636363,7.0,6.0,0.5
תפ_43271-05-21,weapon,Gemini,26,60.0,96.0,33.54486973908797,61.842426494604204,24.218067488951473,31.831309249239343,94.16370865384614,26.45513026091203,34.157573505395796,0.029500002432262952
תפ_69110-11-20,weapon,Gemini,57,15.0,36.0,18.766980401703464,40.315781567306075,8.288206530829912,12.323834029856323,94.56133885964913,3.7669804017034636,4.315781567306075,0.6807224004710177
תפ_41242-02-17,weapon,Gemini,54,12.0,30.0,18.70597716339053,42.51762477004485,11.91236000915244,17.270829455141612,93.92212083333334,6.7059771633905285,12.517624770044847,0.37008197465273684
תפ_16520-01-18,weapon,Gemini,20,60.0,108.0,35.06444357674539,68.29735360833511,19.666913840254654,29.99599973329777,94.0515116,24.93555642325461,39.702646391664885,0.11376280671918759
תפ_46118-07-24,drugs,Gemini,59,45.0,66.0,24.0,48.0,9.02430565207953,13.7566781463594,96.51249276271187,21.0,18.0,0.07142857142857142
תפ_41522-05-18,weapon,Gemini,24,16.0,40.0,17.36740122606171,39.98059815429232,6.793455797064309,8.916179893255233,95.40466441666666,1.367401226061709,0.019401845707676557,0.9422165386762756
תפ_31034-06-17,weapon,Gemini,138,14.0,36.0,16.567007701971292,37.91830217324563,8.595424797659271,12.674327352133032,94.04782389130435,2.567007701971292,1.9183021732456282,0.8124737348525487
תפ_59488-11-21,weapon,Gemini,77,30.0,60.0,34.141830843591535,59.82811995671198,19.439723516458688,27.624600806924725,94.61402894805195,4.141830843591535,0.1718800432880201,0.8562096371040149
תפ_27780-05-15,weapon,Gemini,127,6.0,20.0,15.577610572433663,36.412535207807764,7.583621497848507,11.22650756330499,94.86737484251967,9.577610572433663,16.412535207807764,0.1454133763380234
תפ_30972-10-18,weapon,Gemini,21,8.0,30.0,34.66575830874491,64.18765531913706,16.040057565732678,21.951502926351615,94.4890462857143,26.665758308744913,34.187655319137065,0.0
תפ_28157-02-23,drugs,Gemini,63,6.0,16.0,10.0,30.0,10.340194732697414,17.926925379582794,94.24423866666665,4.0,14.0,0.25
תפ_14944-08-18,drugs,Gemini,10,12.0,36.0,6.0,18.0,7.889233169326409,15.131424255502187,94.7882448,6.0,18.0,0.2
תפ_34974-01-12,drugs,Gemini,4,6.0,18.0,6.0,18.0,3.2691742076555053,8.317902379807062,94.255142,0.0,0.0,1.0
תפ_10108-11-21,drugs,Gemini,66,9.0,18.0,13.0,29.0,16.45476867977386,25.842307159038878,94.46264365151515,4.0,11.0,0.25
תפ_35488-11-23,weapon,Gemini,32,24.0,40.0,30.044038605510025,52.07444182932739,30.212205211635908,40.578037759821505,93.52937162500001,6.044038605510025,12.074441829327391,0.3546272248265924
תפ_2802-11-19,drugs,Gemini,22,30.0,52.0,24.0,55.0,14.582977169991588,22.89849141517644,94.94678727272726,6.0,3.0,0.7096774193548387
תפ_9384-04-20,weapon,Gemini,36,12.0,30.0,14.202739664916763,32.911448869384785,5.350882585559549,9.098229375970787,95.36518158333332,2.2027396649167628,2.9114488693847846,0.7554359544264325
תפח_2690-09-19,weapon,Gemini,9,216.0,300.0,62.85658337426821,93.02844695980667,70.03561704105266,77.7809523161672,93.55804233333333,153.1434166257318,206.97155304019333,0.0
תפ_53239-10-21,weapon,Gemini,81,12.0,30.0,18.07737026500054,39.761252150465566,10.494030499119281,15.185907841883125,94.54507206172839,6.077370265000539,9.761252150465566,0.42947017196410986
תפ_36505-12-20,weapon,Gemini,39,72.0,120.0,33.27368858093334,58.12455371626323,20.508909883642882,27.973877172752896,94.31841810256411,38.72631141906666,61.87544628373677,0.0
תפ_17642-11-20,drugs,Gemini,4,42.0,72.0,21.0,45.0,15.297058540778355,33.13608305156178,95.36673225,21.0,27.0,0.058823529411764705
תפ_46497-09-16,drugs,Gemini,29,24.0,54.0,25.0,60.0,11.782511880193312,17.495642399541996,94.79519017241378,1.0,6.0,0.8055555555555556
תפח_4633-09-16,weapon,Gemini,8,108.0,168.0,38.39891609733565,67.48362480302981,15.410528057143273,22.43288601584736,93.493119,69.60108390266436,100.51637519697019,0.0
תפ_41600-02-21,weapon,Gemini,73,42.0,78.0,30.568513468628243,56.17023191975896,33.29738287781099,42.86262624760858,93.76027283561643,11.431486531371757,21.82976808024104,0.29875158794330847
תפ_39953-08-24,drugs,Gemini,9,18.0,36.0,8.0,18.0,4.901498888913951,10.4538964323014,94.96611011111112,10.0,18.0,0.0
תפ_45228-07-16,weapon,Gemini,127,10.0,30.0,16.706565311581233,37.897811895116064,7.871062438276539,10.786936020760363,94.13429658267715,6.706565311581233,7.897811895116064,0.4765045638129772
תפ_25502-05-22,drugs,Gemini,33,30.0,60.0,24.0,60.0,11.424282613867092,16.403542809789,94.863666,6.0,0.0,0.8333333333333334
תפ_47344-10-15,drugs,Gemini,27,20.0,40.0,30.0,60.0,9.96289412064884,14.506514311715083,94.71391574074072,10.0,20.0,0.25
תפ_21296-11-14,weapon,Gemini,53,24.0,60.0,28.170183529867934,66.52119258242932,36.52124522513696,102.56771070594723,93.75484732075472,4.170183529867934,6.521192582429322,0.7485635876375875
תפ_20068-10-22,weapon,Gemini,97,38.0,66.0,21.218180944310113,40.95632583226239,11.46167374021776,14.559964296473822,94.01985547422683,16.781819055689887,25.043674167737613,0.06601620690276006
תפ_70392-03-23,weapon,Gemini,35,66.0,102.0,34.251258182624,59.47456621279703,16.68321899150063,20.861643350064877,95.11425925714286,31.748741817376,42.52543378720297,0.0
תפ_38303-12-13,weapon,Gemini,51,6.0,24.0,14.508974885904138,34.564062191652965,5.99891057647763,9.405553506046,94.37441935294116,8.508974885904138,10.564062191652965,0.33227154633731837
תפ_28889-07-14,weapon,Gemini,59,12.0,36.0,16.89026998094844,39.42341877942838,9.05592443145617,13.546370933563447,93.93108945762711,4.890269980948439,3.4234187794283812,0.6968398131813778
תפ_5037-10-16,weapon,Gemini,129,20.0,40.0,23.25523266997161,47.13642830792485,18.250103618182408,25.05403091073189,94.39407120930233,3.2552326699716083,7.136428307924852,0.6170586320359004
תפ_51971-12-21,weapon,Gemini,37,24.0,48.0,22.628414029827972,45.38998710178766,23.567443590053276,32.67915167168524,94.04583305405407,1.3715859701720277,2.6100128982123394,0.8430685857373948
תפ_52790-03-18,weapon,Gemini,71,36.0,72.0,24.888674877269484,50.14098913803346,17.37122826726966,25.689638925168545,93.96584084507042,11.111325122730516,21.85901086196654,0.30016114174658703
תפ_52785-01-20,drugs,Gemini,6,24.0,48.0,13.5,33.0,8.938058451861282,12.522202504174556,96.8003025,10.5,15.0,0.2608695652173913
תפ_824-06-17,drugs,Gemini,55,8.0,20.0,24.0,48.0,9.430739259210096,13.519914909996796,96.70070387272729,16.0,28.0,0.0
תפ_20513-06-20,drugs,Gemini,90,25.0,45.0,14.5,33.0,13.440109493969034,22.98819074177537,95.10884773333333,10.5,12.0,0.26229508196721313
תפ_8633-04-15,drugs,Gemini,61,36.0,60.0,16.0,36.0,13.954219307993037,22.309722772371224,94.75176050819672,20.0,24.0,0.0
תפ_54664-10-22,weapon,Gemini,23,42.0,84.0,32.709425127846174,54.06189699130995,16.623599049803264,25.038118387785374,93.93323713043478,9.290574872153826,29.93810300869005,0.2351679040715622
תפ_24822-01-21,weapon,Gemini,36,15.0,36.0,20.330068967345706,43.111096970400624,11.442151873934066,18.119885400122712,93.71989302777779,5.3300689673457065,7.111096970400624,0.5574286570585927
תפ_42006-10-16,drugs,Gemini,17,1.0,12.0,8.0,20.0,14.791749313413376,24.817116539928676,94.56794364705881,7.0,8.0,0.21052631578947367
תפ_8444-04-23,drugs,Gemini,16,15.0,30.0,24.5,49.0,12.831692941697131,23.588927487276738,94.64670674999999,9.5,19.0,0.16176470588235295
תפ_39727-12-20,weapon,Gemini,80,14.0,28.0,22.4773629811366,57.10091091237532,14.96491208627702,79.45394794313243,94.2406665875,8.4773629811366,29.10091091237532,0.12813272160514166
תפ_64689-11-15,weapon,Gemini,77,9.0,30.0,15.360788949024437,36.33872104841303,7.474451904322394,10.587562276256884,93.86598585714286,6.360788949024437,6.338721048413028,0.5354753437460217
תפ_42653-08-23,drugs,Gemini,41,26.0,48.0,14.0,28.0,9.351615193226738,16.28106786214305,95.19411473170733,12.0,20.0,0.058823529411764705
תפ_10812-12-21,drugs,Gemini,65,28.0,60.0,24.0,48.0,9.837087171702233,14.258359947846976,96.39378370769231,4.0,12.0,0.5555555555555556
תפ_2330-02-20,drugs,Gemini,49,10.0,24.0,8.0,20.0,9.964785978643325,17.809604361042844,95.17220151020406,2.0,4.0,0.625
תפ_38435-11-17,drugs,Gemini,8,6.0,24.0,6.0,22.0,0.9682458365518543,2.331844763272204,96.088457,0.0,2.0,0.8888888888888888
תפ_51912-09-23,weapon,Gemini,8,54.0,84.0,41.39567114589988,156.6433767453025,14.210471491122313,215.06045661627337,93.898860625,12.604328854100117,72.6433767453025,0.2603088698726815
תפח_34989-04-17,weapon,Gemini,5,12.0,36.0,27.577955563209358,60.27639595607748,21.301643129110957,33.31306050185122,94.5066848,15.577955563209358,24.27639595607748,0.1744547054517726
תפ_46183-11-15,weapon,Gemini,27,42.0,84.0,35.25194910457884,62.68839410275817,16.782151339042603,24.23994141793932,94.2275587037037,6.748050895421159,21.311605897241833,0.4243942829045787
תפ_7813-06-22,weapon,Gemini,76,21.0,24.0,22.101482666531137,41.85795551124155,11.549514026063052,15.370420517012738,93.78895544736842,1.1014826665311368,17.85795551124155,0.09102125721025933
תפ_15709-10-19,drugs,Gemini,34,22.0,34.0,14.5,27.0,10.914935324993406,20.585567053988484,95.22992829411764,7.5,7.0,0.2564102564102564
תפ_63505-01-17,weapon,Gemini,41,6.0,14.0,12.830116209229097,33.086481914810875,7.419125725570789,13.676469064338821,94.27133748780487,6.830116209229097,19.086481914810875,0.04319068805060326
תפ_51209-04-23,weapon,Gemini,81,20.0,40.0,35.12196831728489,58.31540641465021,19.741153803227938,27.598880715261874,94.01138818518518,15.121968317284889,18.315406414650212,0.1273125392413939
תפ_32685-07-15,weapon,Gemini,31,72.0,144.0,42.71079442678758,98.48602729376515,22.594880305612907,119.27352068557619,94.42522780645162,29.28920557321242,45.51397270623485,0.26148914036669874
תפ_20425-02-20,weapon,Gemini,58,20.0,40.0,27.787870011705067,52.985116321699714,17.23638720832309,23.38419234959899,95.09194460344828,7.787870011705067,12.985116321699714,0.37023152712852536
תפ_48621-05-22,weapon,Gemini,48,60.0,96.0,42.54857488039052,70.48249515785518,37.10766406874582,47.4286013099925,93.780867375,17.451425119609482,25.517504842144817,0.1961125476897625
תפ_28736-03-20,drugs,Gemini,49,6.0,12.0,20.0,46.0,11.545935276440222,17.512154403539117,94.64488646938776,14.0,34.0,0.0
תפ_59602-07-15,drugs,Gemini,15,0.0,12.0,4.0,12.0,4.951318567367238,8.55154307063286,95.91960799999998,4.0,0.0,0.6666666666666666
תפ_16273-02-16,drugs,Gemini,3,36.0,72.0,30.0,60.0,4.898979485566356,2.8284271247461903,96.30206500000001,6.0,12.0,0.5714285714285714
תפ_56566-08-20,drugs,Gemini,6,2.0,12.0,19.5,42.0,7.023769168568493,8.414603707576225,95.324416,17.5,30.0,0.0
תפ_52126-11-23,weapon,Gemini,74,18.0,36.0,20.965578401294756,39.3967063965253,10.95632640923421,15.062761322897021,95.18603444594594,2.9655784012947564,3.3967063965253033,0.7026512080918559
תפ_47276-02-22,weapon,Gemini,70,36.0,60.0,36.273315349871304,62.2403144271417,19.07694409276201,27.211102175998917,94.35742778571431,0.2733153498713037,2.2403144271416977,0.9042073301372858
תפ_71059-03-19,drugs,Gemini,33,0.0,12.0,10.0,24.0,13.553688772391189,22.373037360506483,94.89865457575759,10.0,12.0,0.08333333333333333
תפ_15376-06-13,weapon,Gemini,35,12.0,18.0,21.64859257591359,65.0863310428829,17.911483034349665,117.18165211259284,94.43075614285713,9.64859257591359,47.086331042882904,0.0
תפ_43525-01-21,drugs,Gemini,50,10.0,30.0,9.0,23.0,8.683409468636153,15.731102949253113,94.62344416,1.0,7.0,0.6190476190476191
תפ_21280-11-18,drugs,Gemini,50,8.0,18.0,9.0,24.0,11.387993677553567,19.727392123643714,94.99009660000002,1.0,6.0,0.5625
תפ_56328-06-22,weapon,Gemini,118,9.0,24.0,28.92479716992091,51.27844997593621,18.15248896160779,24.781973737979374,94.1049857457627,19.92479716992091,27.278449975936212,0.0
תפ_65292-07-23,drugs,Gemini,54,9.0,22.0,10.0,24.0,10.384134384414535,19.20770343003664,94.72411264814812,1.0,2.0,0.8
תפ_686-05-21,drugs,Gemini,72,26.0,54.0,22.0,46.0,8.84266409705431,13.447421330206723,96.41704663888889,4.0,8.0,0.625
תפ_13113-07-22,drugs,Gemini,15,15.0,30.0,18.0,36.0,12.558485400539173,24.591236017916806,95.49818886666665,3.0,6.0,0.5714285714285714
תפ_28715-03-22,weapon,Gemini,73,16.0,30.0,19.088992134596495,36.724919083985554,8.249169027337468,9.899532848062606,94.97561921917809,3.088992134596495,6.724919083985554,0.5264680562171458
תפ_70450-03-23,weapon,Gemini,47,60.0,96.0,34.05720581616551,55.17912957477828,17.498315252280022,22.452605886421992,94.7857990425532,25.942794183834494,40.82087042522172,0.0
תפ_22981-12-22,drugs,Gemini,13,0.0,10.0,6.0,18.0,4.120952380301192,6.169211586388745,95.99790376923076,6.0,8.0,0.2222222222222222
תפ_54351-11-21,drugs,Gemini,3,6.0,18.0,0.0,10.0,4.714045207910316,7.118052168020874,94.89542833333333,6.0,8.0,0.2222222222222222
תפ_1516-10-16,drugs,Gemini,11,9.0,24.0,14.0,36.0,11.516427361536811,14.72165998545248,95.87521854545453,5.0,12.0,0.37037037037037035
תפ_3818-01-24,drugs,Gemini,41,18.0,36.0,18.0,36.0,7.532361275792216,12.288956074619447,95.68658707317074,0.0,0.0,1.0
תפ_46662-04-15,drugs,Gemini,31,24.0,48.0,22.0,46.0,6.020257167095145,10.266683333995507,96.89565558064518,2.0,2.0,0.8461538461538461
תפ_62573-05-18,drugs,Gemini,102,1.0,12.0,11.5,24.0,9.708837933829923,17.49063845831118,94.70464530392157,10.5,12.0,0.021739130434782608
תפ_49734-12-22,weapon,Gemini,29,84.0,108.0,50.06171966646066,83.67741906715165,37.70843775920968,52.24318877030208,93.6277631724138,33.93828033353934,24.322580932848354,0.0
תפ_16595-03-21,drugs,Gemini,6,9.0,24.0,6.0,18.0,3.253203549323856,3.760171390892826,96.54690133333334,3.0,6.0,0.5
תפ_22971-02-22,weapon,Gemini,47,48.0,84.0,32.852039653325676,56.25217674240648,18.73094625662645,25.268947191531385,93.97659208510638,15.147960346674324,27.747823257593517,0.16133931219298456
תפ_29216-07-16,drugs,Gemini,56,18.0,36.0,10.0,24.0,7.872711847688489,14.718099367091929,95.32278848214287,8.0,12.0,0.23076923076923078
תפ_57425-01-22,drugs,Gemini,66,24.0,50.0,10.5,24.0,9.928486254314503,17.85003466029513,94.37140406060605,13.5,26.0,0.0
תפ_60454-06-16,drugs,Gemini,105,8.0,18.0,10.0,24.0,9.791912068136304,17.328743505341723,95.20742778095236,2.0,6.0,0.5
תפ_63303-06-22,weapon,Gemini,86,15.0,30.0,21.856358493082347,40.13406986233997,11.507686663818363,14.420817534615878,94.37497627906977,6.856358493082347,10.13406986233997,0.3240080715745844
תפ_19272-12-19,weapon,Gemini,29,14.0,36.0,12.743830820476111,33.69948712253174,5.360488734883539,9.004688962179015,94.76408882758622,1.256169179523889,2.3005128774682575,0.8470650075884527
תפ_8310-10-18,weapon,Gemini,17,6.0,30.0,14.423955675099045,37.82389925608402,12.004612723599148,18.220487347202052,94.35210670588236,8.423955675099045,7.823899256084019,0.48944487284735116
תפ_54807-01-21,weapon,Gemini,22,12.0,36.0,15.894184635443331,35.67031247725413,4.332512106968057,7.720317725658962,95.78072522727271,3.894184635443331,0.3296875227458713,0.8240053267421166
תפ_12469-10-16,drugs,Gemini,20,6.0,18.0,22.0,44.0,13.230551764760229,21.538976298793774,94.43672605,16.0,26.0,0.0
תפ_65302-03-22,drugs,Gemini,42,15.0,36.0,27.5,60.0,13.305838999248522,20.940905948647814,95.30653602380953,12.5,24.0,0.18888888888888888
תפ_47304-02-18,drugs,Gemini,71,12.0,30.0,10.0,24.0,10.061997854957434,16.918793875250554,94.98394236619718,2.0,6.0,0.6
תפ_21059-03-16,drugs,Gemini,64,30.0,48.0,22.0,46.0,8.982825953416608,13.116328980987783,95.719680828125,8.0,2.0,0.6153846153846154
תפ_45561-07-21,weapon,Gemini,89,14.0,38.0,22.96993773493573,45.315854548807934,14.75111879207735,18.94536627169799,94.67309159550561,8.96993773493573,7.315854548807934,0.47995057077682085
תפ_18510-10-14,drugs,Gemini,3,6.0,18.0,14.0,32.0,6.236095644623236,12.684198393626966,96.43113366666667,8.0,14.0,0.15384615384615385
תפ_46173-08-15,drugs,Gemini,60,6.0,18.0,10.0,24.0,9.743316797796437,16.875121398740283,94.98771198333336,4.0,6.0,0.4444444444444444
תפ_70373-03-23,weapon,Gemini,67,46.0,76.0,33.43835903659141,57.879421527289,17.985378086248957,24.0892008334058,95.19198085074626,12.561640963408593,18.120578472711003,0.2791109848772528
תפ_27405-05-22,drugs,Gemini,7,48.0,72.0,17.0,40.0,11.319118736880174,17.979580254345457,95.01643571428572,31.0,32.0,0.0
תפ_47668-06-16,weapon,Gemini,10,24.0,48.0,22.056433070634654,41.71063421892321,8.848163651289457,9.4424573072903,94.2102675,1.9435669293653461,6.289365781076789,0.6826599544751367
תפ_24895-03-20,drugs,Gemini,33,8.0,18.0,10.0,24.0,11.876777813854623,21.450607411222098,95.32622724242424,2.0,6.0,0.5
תפ_16826-04-18,drugs,Gemini,21,54.0,90.0,54.0,90.0,9.675224923703999,12.564031012515319,96.16724238095239,0.0,0.0,1.0
תפ_737-10-13,drugs,Gemini,12,60.0,90.0,54.0,90.0,6.576473218982953,9.027735042633894,95.10562499999999,6.0,0.0,0.8333333333333334
תפ_39792-12-21,weapon,Gemini,31,42.0,72.0,21.179583968037207,44.62929317710058,13.25943796355114,19.72843729983306,93.57991296774195,20.820416031962793,27.37070682289942,0.05173694712469337
תפ_3197-06-22,weapon,Gemini,41,20.0,48.0,17.316160532545304,37.07818133324692,6.223862658273729,8.40214697357858,95.23466809756097,2.683839467454696,10.921818666753083,0.5565855391520075
תפ_65958-12-15,weapon,Gemini,13,18.0,36.0,17.05996835581591,36.406285353223204,3.0749993986625666,7.053472853137015,95.76061384615384,0.9400316441840886,0.406285353223204,0.9304096486381506
תפ_66475-11-16,drugs,Gemini,3,5.0,12.0,6.0,18.0,2.160246899469287,4.898979485566356,96.144797,1.0,6.0,0.46153846153846156
תפ_23782-02-20,weapon,Gemini,39,24.0,60.0,33.06910664774831,59.47711415552312,19.784672541821706,27.552734686263907,95.54613943589743,9.069106647748313,0.5228858444768818,0.7335557641048557
תפ_37047-07-20,weapon,Gemini,165,36.0,90.0,25.191016944287938,52.595299362243466,24.6935033819538,61.51159267209597,94.1593740969697,10.808983055712062,37.404700637756534,0.2560648012016724
תפ_10971-03-11,drugs,Gemini,5,4.0,8.0,9.0,18.0,6.590902821313633,7.493997598078078,95.1951408,5.0,10.0,0.0
תפ_41599-03-22,weapon,Gemini,99,8.0,18.0,21.85845039133047,40.357180952141036,9.7476893261565,12.771064631711976,94.38736626262626,13.858450391330472,22.357180952141036,0.0
תפ_5000-12,weapon,Gemini,104,12.0,48.0,17.96607048801024,39.19931357748991,9.915676280248087,14.420714550121803,94.56322626923075,5.966070488010239,8.80068642251009,0.589812308041102
תפ_37387-04-18,weapon,Gemini,14,18.0,36.0,20.049386208335136,42.29356103848723,7.7791584456449385,9.757257895159535,95.41778299999999,2.049386208335136,6.293561038487233,0.6565778383167046
תפ_48367-11-11,weapon,Gemini,13,12.0,42.0,26.612879090017604,51.217264891092654,15.588647059952422,21.618532483625298,93.46654684615383,14.612879090017604,9.217264891092654,0.3923557890310001
תפ_4435-07-19,drugs,Gemini,32,14.0,36.0,13.0,36.0,7.960841664045329,11.510185706581801,96.58620521875,1.0,0.0,0.9565217391304348
תפ_74036-12-19,drugs,Gemini,23,18.0,48.0,22.0,46.0,5.88227287836096,9.577857261227383,97.18049547826088,4.0,2.0,0.8
תפ_7420-05-19,drugs,Gemini,36,8.0,20.0,9.5,24.0,13.725792383072454,23.39137951901232,95.53316313888888,1.5,4.0,0.65625
תפ_22765-09-19,weapon,Gemini,14,9.0,24.0,19.711095892225888,38.58279767151846,15.484851056593923,23.491205475536532,94.21362364285714,10.711095892225888,14.582797671518463,0.14497966539193674
תפ_33798-05-18,drugs,Gemini,5,10.0,24.0,5.0,18.0,2.8000000000000003,4.454211490264017,95.256606,5.0,6.0,0.42105263157894735
תפ_13481-02-13,weapon,Gemini,150,8.0,24.0,17.639146873909286,39.63292000745083,10.042109118883122,15.555914916483982,94.72441387333332,9.639146873909286,15.632920007450828,0.20108333737740544
תפ_37468-09-16,drugs,Gemini,56,36.0,84.0,24.0,48.0,9.313813939629718,12.994492063162447,95.14178685714286,12.0,36.0,0.2
תפ_11362-10-15,weapon,Gemini,9,12.0,36.0,24.107580392768064,46.171916116337215,12.935738607954837,15.860503004493758,93.85714611111112,12.107580392768064,10.171916116337215,0.34801734754189867
תפ_22405-05-23,weapon,Gemini,43,78.0,120.0,43.40343143037826,74.85866225436062,35.71655435891206,46.69956217809481,94.37871644186045,34.59656856962174,45.141337745639376,0.0
תפח_2606-05-16,weapon,Gemini,7,180.0,252.0,68.80321185121122,104.98051426472632,37.08567026191532,50.31168160698317,94.16945785714287,111.19678814878878,147.0194857352737,0.0
תפ_26943-07-17,drugs,Gemini,15,6.0,18.0,6.0,24.0,3.409789827345179,4.529410067056808,95.52290066666667,0.0,6.0,0.6666666666666666
תפ_38366-02-17,drugs,Gemini,34,8.0,24.0,8.0,24.0,11.320282192919736,21.121661096467967,95.1779505,0.0,0.0,1.0
תפ_5214-02-24,weapon,Gemini,34,46.0,69.0,43.60119582257175,74.76439314549575,19.420942571889316,24.335618306077624,96.21865935294119,2.3988041774282465,5.764393145495745,0.7380500711036139
תפ_39831-02-22,weapon,Gemini,13,48.0,62.0,16.86452819313793,37.989928699205166,4.122388002145927,6.498065255982424,94.95431115384615,31.13547180686207,24.010071300794834,0.0
תפ_28844-03-22,weapon,Gemini,54,48.0,84.0,31.392992428223323,58.486569211250355,37.66002436061678,49.10870895192169,93.7642833888889,16.607007571776677,25.513430788749645,0.1993378771248782
תפ_55287-10-23,drugs,Gemini,86,6.0,12.0,10.0,24.0,9.94884155821469,17.616831674500993,94.91507768604652,4.0,12.0,0.1111111111111111
תפ_1647-05-15,weapon,Gemini,18,8.0,30.0,18.572681456437998,39.38191074456412,16.055074963972153,17.568560583828553,95.60386755555555,10.572681456437998,9.381910744564117,0.36413711824546596
תפ_32787-10-18,weapon,Gemini,9,17.0,40.0,13.822256813852668,33.196551524462734,3.510126444206959,4.988876515698588,94.90807666666666,3.1777431861473318,6.803448475537266,0.6187145854893091
תפ_20197-01-22,drugs,Gemini,66,22.0,46.0,22.0,47.0,9.387693426970646,14.219525434460435,96.66627874242424,0.0,1.0,0.96
תפ_4764-08-22,weapon,Gemini,12,30.0,60.0,16.91743461611554,37.42156442909269,7.029204949510451,10.311805532172013,94.58567450000002,13.08256538388446,22.57843557090731,0.1722637536312732
תפ_7279-05-21,weapon,Gemini,7,10.0,16.0,26.6195227468391,52.801847697321456,20.444050079998078,32.56390890641518,94.24419885714285,16.6195227468391,36.801847697321456,0.0
תפ_7430-02-18,drugs,Gemini,44,7.0,20.0,8.0,18.0,12.410568510096613,19.86154295188951,94.6029910909091,1.0,2.0,0.7692307692307693
תפ_43983-05-19,drugs,Gemini,10,18.0,42.0,11.0,30.0,8.321057625085889,15.900943368240767,95.47661300000001,7.0,12.0,0.3870967741935484
תפ_58591-08-18,drugs,Gemini,6,36.0,72.0,17.0,36.0,5.955856128401879,15.765644787180623,94.38791400000001,19.0,36.0,0.0
תפ_67234-06-20,drugs,Gemini,22,10.0,24.0,12.0,36.0,8.116914285654442,15.562191946567753,95.16977881818183,2.0,12.0,0.46153846153846156
תפ_62597-10-17,weapon,Gemini,43,6.0,30.0,12.237393493895866,31.781724839039757,8.648786870542677,15.467616514103463,93.95626402325581,6.2373934938958655,1.7817248390397573,0.6889611388299071
תפ_42581-06-21,weapon,Gemini,20,72.0,108.0,46.98536521248982,78.99359532027859,28.297703086999835,41.237452637135576,93.80164815,25.014634787510182,29.006404679721413,0.11462160422060233
תפ_59812-02-16,weapon,Gemini,53,18.0,36.0,23.79734468275145,47.989043630210176,11.463067756595981,15.98780239935113,93.55601664150943,5.797344682751451,11.989043630210176,0.4069037835189887
תפ_56624-12-19,drugs,Gemini,54,18.0,36.0,24.0,50.0,13.162902519713661,21.17796432236834,94.98724999999997,6.0,14.0,0.375
תפ_21284-10-19,drugs,Gemini,90,9.0,24.0,19.0,41.0,11.449966305411632,18.92733342595528,95.78062362222222,10.0,17.0,0.15625
תפ_11027-10-23,weapon,Gemini,5,12.0,36.0,15.16675638199311,36.99558504077042,3.54400902933387,8.352245207128439,95.288512,3.1667563819931104,0.9955850407704219,0.8334769353878169
תפ_11134-01-19,weapon,Gemini,10,9.0,24.0,16.45520759652581,36.23168624892797,4.224926034855522,7.507329751649383,94.8528212,7.45520759652581,12.231686248927971,0.2770593173888086
תפ_25835-05-18,drugs,Gemini,120,8.0,18.0,10.0,24.0,9.154097443221806,16.282710667043943,95.37509013333332,2.0,6.0,0.5
תפ_46939-09-23,drugs,Gemini,7,15.0,36.0,24.0,48.0,11.88550823997228,13.97957694025722,95.83792571428572,9.0,12.0,0.36363636363636365
תפ_25458-11-18,drugs,Gemini,23,22.0,46.0,22.0,48.0,7.545952482343399,12.501946918323652,97.47772504347827,0.0,2.0,0.9230769230769231
תפ_59337-11-23,drugs,Gemini,8,32.0,52.0,27.0,52.0,4.02336923485777,4.910129835350589,98.03389849999999,5.0,0.0,0.8
תפ_36801-10-22,drugs,Gemini,47,20.0,50.0,10.0,24.0,10.395222986186909,18.34173367502437,94.8367385319149,10.0,26.0,0.1
תפ_17415-10-21,drugs,Gemini,47,9.0,24.0,10.0,24.0,8.289903429369138,15.38752471011472,95.44734327659573,1.0,0.0,0.9333333333333333
תפ_33726-11-21,weapon,Gemini,88,18.0,36.0,17.737944174196492,38.58302019986413,6.9190922677702,9.57255352514341,95.05447561363638,0.2620558258035075,2.58302019986413,0.8635132814020757
תפ_13704-12-23,drugs,Gemini,9,9.0,18.0,8.0,18.0,5.020943790086668,9.404490653110589,95.6891211111111,1.0,0.0,0.9
תפ_30009-08-23,drugs,Gemini,8,18.0,36.0,8.0,18.0,4.090767042988393,7.896795236043543,94.72294500000001,10.0,18.0,0.0
תפח_10713-11-21,weapon,Gemini,3,252.0,300.0,173.66520315118262,245.17758110942162,40.792156108742276,50.27922035990614,94.56991,78.33479684881738,54.822418890578376,0.0
תפ_36823-02-21,drugs,Gemini,31,36.0,72.0,24.0,48.0,13.908650988521476,24.334856147618506,94.58361825806452,12.0,24.0,0.25
תפ_57272-12-20,weapon,Gemini,11,20.0,48.0,16.04622762300738,34.785227396755474,5.806807062789567,7.19963268117212,93.60810809090908,3.953772376992621,13.214772603244526,0.4627067884917758
תפ_35441-01-20,drugs,Gemini,5,2.0,12.0,0.0,12.0,4.0,5.425863986500215,95.15278699999999,2.0,0.0,0.8333333333333334
תפ_5496-11-20,drugs,Gemini,90,5.0,15.0,10.0,26.0,9.772498574830376,17.47728331574348,95.20049457777779,5.0,11.0,0.23809523809523808
תפ_58603-06-21,drugs,Gemini,14,12.0,24.0,30.0,55.0,15.021243460580779,23.313852411939866,94.89788528571428,18.0,31.0,0.0
תפ_42116-04-17,drugs,Gemini,16,3.0,12.0,27.5,60.0,14.589700990767426,25.1417854377926,94.175347375,24.5,48.0,0.0
תפ_36543-01-14,drugs,Gemini,5,5.0,18.0,6.0,18.0,1.3564659966250536,3.4871191548325386,94.83998999999999,1.0,0.0,0.9230769230769231
תפ_34526-06-18,weapon,Gemini,130,12.0,36.0,22.200620310459257,45.95539381363585,31.150639910985866,40.5815484057215,94.02881756153846,10.200620310459257,9.955393813635851,0.40639728006921744
תפ_35568-01-23,drugs,Gemini,12,14.0,24.0,12.0,36.0,18.20485283287582,29.73342208506934,95.22298241666665,2.0,12.0,0.4166666666666667
תפ_49772-11-16,weapon,Gemini,6,7.0,24.0,9.164667725480632,25.33385873013711,2.852873794770615,6.073622386096199,93.32962433333334,2.1646677254806317,1.3338587301371092,0.8091767528530761
תפ_30310-09-23,drugs,Gemini,28,9.0,20.0,11.0,24.0,12.245573960931885,22.609822680256762,94.69222803571428,2.0,4.0,0.6
תפ_18216-09-16,drugs,Gemini,5,0.0,12.0,0.0,12.0,2.4,3.2,96.761221,0.0,0.0,1.0
תפ_57043-06-16,drugs,Gemini,8,0.0,8.0,0.0,12.0,3.7332961307670196,4.769696007084728,96.480488375,0.0,4.0,0.6666666666666666
תפ_60101-01-17,drugs,Gemini,48,0.0,24.0,10.0,24.0,11.67730170030731,20.60136482466365,95.23722908333333,10.0,0.0,0.5833333333333334
תפ_6415-10-23,weapon,Gemini,95,48.0,72.0,30.280170551572557,53.22814714258419,16.462444458898773,22.121187246794783,93.7726334,17.719829448427443,18.77185285741581,0.1253156403490824
תפ_42225-09-17,drugs,Gemini,12,9.0,18.0,8.0,18.0,4.185789451624786,7.864741996192034,95.18136416666665,1.0,0.0,0.9
תפ_47766-07-12,weapon,Gemini,8,8.0,18.0,8.22146153199499,20.328863501981644,2.449489742783178,6.333196270446701,95.461682375,0.22146153199498997,2.328863501981644,0.7931419198885027
תפ_37454-03-20,drugs,Gemini,13,54.0,90.0,54.0,90.0,7.112785388041126,8.24979827617822,94.64458846153846,0.0,0.0,1.0
תפ_37474-03-20,drugs,Gemini,17,45.0,75.0,54.0,90.0,10.349932717966624,13.159916071292407,96.05564294117647,9.0,15.0,0.4666666666666667
תפ_38680-05-20,drugs,Gemini,5,14.0,30.0,6.0,18.0,7.310266752998826,8.522910301065007,95.88560420000002,8.0,12.0,0.16666666666666666
תפ_51811-03-21,drugs,Gemini,3,8.0,18.0,6.0,18.0,7.483314773547883,9.568466729604882,95.64413366666668,2.0,0.0,0.8333333333333334
תפ_25934-06-19,drugs,Gemini,15,16.0,40.0,12.0,24.0,8.795453370918407,13.317657451669195,94.27127573333333,4.0,16.0,0.2857142857142857
תפ_17776-11-21,weapon,Gemini,34,18.0,36.0,18.879609021395346,36.242456416777884,11.287068878829107,14.248201489126284,94.08589635294118,0.8796090213953462,0.242456416777884,0.9384915379520244
תפ_38624-05-24,weapon,Gemini,15,18.0,30.0,19.49794238843323,40.220339131033896,5.795017016560195,8.830251034559174,93.74647053333332,1.4979423884332306,10.220339131033896,0.4726326429869442
תפ_62092-06-16,drugs,Gemini,22,7.0,18.0,8.0,24.0,3.2565889978359945,5.804671814670754,96.0934358181818,1.0,6.0,0.5882352941176471
תפ_7906-06-15,drugs,Gemini,24,15.0,30.0,7.0,24.0,3.290347837066605,6.271490829318195,95.61587316666667,8.0,6.0,0.391304347826087
תפ_51471-12-21,weapon,Gemini,7,32.0,72.0,58.90188995723961,89.45708313861118,80.1488411313219,102.76583248595134,93.43035499999999,26.90188995723961,17.457083138611182,0.22796336547683976
תפ_10938-11-23,weapon,Gemini,93,12.0,30.0,18.045986853683857,35.755673008079114,8.148480462151374,10.192765724683344,95.29050373118281,6.045986853683857,5.755673008079114,0.5032066716127419
תפ_49995-09-17,weapon,Gemini,19,6.0,18.0,22.240877744316478,43.55766170594114,20.959134489753072,27.823344589662913,94.72316594736843,16.240877744316478,25.557661705941143,0.0
תפ_10205-08-21,weapon,Gemini,51,18.0,34.0,24.00382148633608,43.82733747668104,13.595943262702091,19.178174670666067,94.44381368627451,6.003821486336079,9.827337476681038,0.38703867646788065
תפ_34561-01-23,drugs,Gemini,59,27.0,50.0,23.0,48.0,8.883361139917735,12.794780428171228,96.73610432203388,4.0,2.0,0.7777777777777778
תפ_9228-05-21,drugs,Gemini,31,18.0,40.0,24.0,48.0,15.188787693298355,24.91596698966703,94.9326894516129,6.0,8.0,0.5333333333333333
תפ_51006-11-21,drugs,Gemini,11,9.0,24.0,10.0,24.0,2.7990553306073913,5.726551181099499,94.32775681818181,1.0,0.0,0.9333333333333333
תפ_33495-01-21,drugs,Gemini,3,6.0,18.0,6.0,18.0,3.39934634239519,1.8856180831641267,95.50452200000001,0.0,0.0,1.0
תפ_34787-05-20,drugs,Gemini,64,26.0,48.0,22.0,46.0,9.547565441481666,14.415423800893784,96.57748400000001,4.0,2.0,0.7692307692307693
תפ_41339-06-20,drugs,Gemini,34,9.0,12.0,19.0,41.0,7.6323954436082815,12.965752066255106,95.37778073529412,10.0,29.0,0.0
תפ_54723-06-22,drugs,Gemini,4,6.0,12.0,5.0,17.0,9.836157786453,20.850659461993043,94.9203535,1.0,5.0,0.5
תפ_10810-11-20,drugs,Gemini,8,24.0,48.0,16.5,39.0,7.857122564908861,15.409007106234977,95.545548125,7.5,9.0,0.47619047619047616
תפ_53373-04-13,drugs,Gemini,86,8.0,18.0,10.0,24.0,10.157341149730934,17.88038269868952,95.20268233720931,2.0,6.0,0.5
תפ_12681-12-17,weapon,Gemini,4,6.0,12.0,10.450186200506055,23.558667224442814,5.431390245600108,10.712142642814275,94.69384225,4.450186200506055,11.558667224442814,0.08826488819928786
תפ_43794-10-18,drugs,Gemini,19,24.0,60.0,20.0,40.0,10.402695154718053,18.68636014320772,94.27806573684211,4.0,20.0,0.4
תפ_6163-03-19,drugs,Gemini,10,0.0,6.0,7.5,19.0,3.78021163428716,4.94064773081425,94.06591799999998,7.5,13.0,0.0
תפ_54543-06-21,drugs,Gemini,24,18.0,44.0,24.5,55.0,13.29310337062878,19.85463666809902,94.49064966666667,6.5,11.0,0.527027027027027
תפ_21906-07-18,weapon,Gemini,36,40.0,84.0,34.206991906952155,62.119923282368475,21.09831483528694,28.920535550767553,95.47659213888888,5.793008093047845,21.880076717631525,0.44423753714644293
תפ_24748-11-21,weapon,Gemini,29,24.0,48.0,18.3498239222861,39.938888274138066,8.079862962542135,12.49475514222705,94.02003465517241,5.650176077713901,8.061111725861934,0.5375647089704229
תפ_6695-10-23,weapon,Gemini,47,24.0,48.0,26.461116274172035,47.080215013720625,18.281338398353906,26.994173037881605,93.86946095744683,2.461116274172035,0.9197849862793746,0.859129114147858
תפ_28544-01-21,drugs,Gemini,64,22.0,48.0,23.0,48.0,9.749799677429275,15.344028447066142,96.755284125,1.0,0.0,0.9615384615384616
תפ_12194-06-23,drugs,Gemini,6,28.0,60.0,21.0,46.0,6.855654600401044,13.828312341794359,94.91176166666666,7.0,14.0,0.46153846153846156
תפ_50998-12-18,drugs,Gemini,33,12.0,30.0,7.0,24.0,3.801551082598893,6.106492954089696,96.23200724242426,5.0,6.0,0.5217391304347826
תפ_38531-11-18,drugs,Gemini,80,18.0,30.0,10.0,24.0,9.872911171483313,17.854691260282266,94.5664503,8.0,6.0,0.3
תפ_12122-04-13,weapon,Gemini,12,108.0,156.0,36.88988413670749,72.22537056463905,19.206480387850576,30.199337741083,94.21852516666668,71.11011586329252,83.77462943536095,0.0
תפח_18488-12-15,weapon,Gemini,3,72.0,120.0,61.65973218180764,139.8936724608444,42.23742416388575,14.966629547095765,94.10369866666667,10.340267818192359,19.893672460844414,0.6135444517916205
תפ_54719-09-20,weapon,Gemini,89,14.0,36.0,18.2120058778332,40.12148183233621,9.57980980840204,13.459698713507732,94.70250165168541,4.2120058778331995,4.121481832336208,0.6809718620230324
תפ_20216-02-22,weapon,Gemini,25,18.0,36.0,23.319742318223668,43.4646545266549,11.040579694925444,15.704063168492414,94.68798104000001,5.319742318223668,7.464654526654897,0.4979552213639257
תפ_31234-07-19,drugs,Gemini,5,0.0,6.0,3.0,12.0,3.847076812334269,2.8,94.50702679999999,3.0,6.0,0.25
תפ_41688-08-17,drugs,Gemini,15,8.0,15.0,3.0,12.0,10.423477773223718,15.55720626162251,95.41124566666667,5.0,3.0,0.3333333333333333
תפ_15135-09-21,weapon,Gemini,21,8.0,18.0,13.120089417207652,31.989674487004542,2.7709212430430767,5.884758745057298,94.88450276190476,5.120089417207652,13.989674487004542,0.20341712370611142
תפ_15972-06-20,drugs,Gemini,35,6.0,18.0,6.0,18.0,3.9289610196434315,5.710999054813583,95.6126932,0.0,0.0,1.0
תפ_54826-08-16,drugs,Gemini,15,6.0,12.0,5.0,12.0,3.9530578880996248,4.445222154178574,94.93945319999997,1.0,0.0,0.8571428571428571
תפ_45537-07-17,drugs,Gemini,12,10.0,30.0,14.0,27.0,12.968712349342937,23.47279749459408,94.83649874999999,4.0,3.0,0.65
תפ_5151-10-19,weapon,Gemini,74,18.0,42.0,18.9680218749806,40.46326016486094,6.3628418199965155,9.247707156653632,94.42417598648647,0.9680218749806002,1.536739835139059,0.8956349287450142
תפ_51933-05-12,drugs,Gemini,20,10.0,24.0,5.5,12.0,4.4170125650715555,6.6211781428987395,95.75687280000001,4.5,12.0,0.10810810810810811
תפ_42761-01-18,drugs,Gemini,27,66.0,102.0,54.0,85.0,11.445822762499969,15.9890222971639,95.94889270370369,12.0,17.0,0.3958333333333333
תפ_67527-03-18,drugs,Gemini,21,54.0,90.0,48.0,84.0,13.92366620993277,17.745747789987615,96.24593723809524,6.0,6.0,0.7142857142857143
תפ_741-01-16,weapon,Gemini,7,24.0,54.0,18.15508802570546,44.623432872920404,3.103651568914347,5.540205551332948,94.09216371428572,5.84491197429454,9.376567127079596,0.5753517511135217
תפח_47805-04-13,weapon,Gemini,15,84.0,84.0,37.179407498594124,70.44127687080545,23.524927677300568,41.12938933009663,93.81428840000002,46.820592501405876,13.558723129194547,0.0
תפ_43875-08-17,drugs,Gemini,8,0.0,10.0,8.0,18.0,3.112474899497183,5.70087712549569,95.212856875,8.0,8.0,0.1111111111111111
תפ_26210-11-21,weapon,Gemini,89,48.0,66.0,35.26859867657387,61.62255518321189,20.43535136487462,30.735449321086385,93.91159424719103,12.731401323426127,4.377444816788113,0.44327803473210314
תפ_2275-06-17,drugs,Gemini,52,18.0,36.0,11.5,30.0,9.945022691344699,16.92351398037024,94.89294746153847,6.5,6.0,0.4897959183673469
תפ_40639-10-17,drugs,Gemini,33,6.0,15.0,8.0,18.0,4.298973760127677,5.995100540164863,95.76087657575758,2.0,3.0,0.5833333333333334
תפ_15263-09-18,drugs,Gemini,28,40.0,72.0,30.0,60.0,12.434060774619802,19.75151763737642,94.07091703571427,10.0,12.0,0.47619047619047616
תפ_12213-10-16,weapon,Gemini,142,15.0,36.0,17.39143246126038,38.72035093606014,8.514888299527009,12.219160176605564,94.29277870422537,2.3914324612603792,2.720350936060143,0.7844979860922088
תפ_42359-08-18,drugs,Gemini,7,16.0,36.0,16.0,36.0,6.249897958350673,8.675557971822274,94.96310742857143,0.0,0.0,1.0
תפ_49845-08-20,drugs,Gemini,3,14.0,30.0,10.0,24.0,9.877021593352703,14.817407180595245,96.40814,4.0,6.0,0.5
תפ_8843-02-15,drugs,Gemini,25,28.0,52.0,14.0,30.0,8.82487393677666,13.842889871699477,96.15848052,14.0,22.0,0.05263157894736842
תפ_34344-01-15,weapon,Gemini,134,12.0,36.0,16.7878834969356,38.316471149013644,9.137038057746135,13.391021153684555,94.51413176865672,4.787883496935599,2.316471149013644,0.7300415163673828
ת_פ_24817-06-10,weapon,Gemini,110,12.0,36.0,25.032576819060715,49.841600953526225,26.296813432319418,35.02283198615695,93.83175100000001,13.032576819060715,13.841600953526225,0.2898245027848722
תפ_31467-07-14,weapon,Gemini,28,21.0,48.0,24.996485772293163,77.92272726891682,18.754965328941452,129.2023211707838,94.02277725,3.9964857722931626,29.922727268916816,0.40411827281276663
תפ_3549-03-13,weapon,Gemini,6,4.0,9.0,3.178817314286145,14.010013465490909,1.2133516482134197,7.520342781785652,94.41015633333332,0.8211826857138549,5.010013465490909,0.4616295310508106
תפ_53127-06-16,drugs,Gemini,68,6.0,16.0,9.0,22.0,9.766953586095369,15.809172362772433,94.83702977941176,3.0,6.0,0.4375
תפ_24614-07-23,weapon,Gemini,10,18.0,36.0,14.989216661688145,34.296438879510745,4.556314299957807,7.211102550927978,95.8694114,3.010783338311855,1.7035611204892547,0.7756226227793804
תפ_56739-09-20,weapon,Gemini,27,18.0,36.0,17.55021435822647,41.16774817933952,11.224972160321823,15.760118791026613,93.84644537037038,0.44978564177353064,5.167748179339519,0.7621456218222404
תפ_33342-01-14,weapon,Gemini,4,3.0,18.0,7.632511609955375,24.424727633670013,1.6583123951777,7.794228634059948,94.69534900000001,4.632511609955375,6.424727633670013,0.4839029259700649
תפ_7133-07-20,weapon,Gemini,19,19.0,48.0,17.175908376996894,37.2363736017885,14.245376369981864,21.210461015963215,94.77467415789474,1.8240916230031061,10.7636263982115,0.5916272837762796
תפ_68789-07-19,weapon,Gemini,11,8.0,28.0,39.13528465263835,71.47404158216412,16.739126234885678,21.533368301620236,93.81087181818181,31.135284652638347,43.47404158216412,0.0
תפ_37340-06-12,drugs,Gemini,19,0.0,12.0,6.0,18.0,5.070691408214537,6.943778977040849,95.5491842631579,6.0,6.0,0.3333333333333333
תפ_48316-03-20,drugs,Gemini,5,1.0,12.0,6.0,12.0,2.9393876913398134,2.4,94.7866592,5.0,0.0,0.5454545454545454
תפ_33882-04-16,weapon,Gemini,12,72.0,168.0,31.096099197846797,113.4862130020045,21.468969855739857,186.66339282843387,93.93137000000002,40.9039008021532,54.513786997995496,0.3030316357600237
תפ_17277-05-20,weapon,Gemini,4,16.0,36.0,13.06126626224567,29.65151938589126,6.832825184358224,10.770329614269007,93.6257185,2.9387337377543297,6.348480614108741,0.5951295979089961
תפ_42879-09-21,drugs,Gemini,9,7.0,18.0,7.0,18.0,2.4037008503093262,3.9845380171202462,95.15154999999999,0.0,0.0,1.0
תפ_42613-02-23,weapon,Gemini,127,19.0,32.0,25.323944590787246,45.205591550684666,12.668285636617211,16.538439921588438,94.00423492125982,6.323944590787246,13.205591550684666,0.2547569054604429
תפ_21605-07-13,drugs,Gemini,16,6.0,18.0,6.5,17.0,2.315032397181517,4.06201920231798,95.108579375,0.5,1.0,0.875
תפ_57910-06-24,drugs,Gemini,65,22.0,46.0,22.0,48.0,8.595113514745512,12.824772625641685,96.36380220000001,0.0,2.0,0.9230769230769231
תפ_54083-05-20,weapon,Gemini,132,15.0,30.0,21.095274861021984,41.4486132135723,12.04124187817763,16.77268450078037,94.88396228030304,6.095274861021984,11.448613213572301,0.33668022845176965
תפ_30377-04-18,drugs,Gemini,41,6.0,15.0,8.0,18.0,8.406606280141581,15.457873901549869,95.51537302439023,2.0,3.0,0.5833333333333334
תפ_7926-08-19,drugs,Gemini,32,8.0,18.0,8.0,18.0,3.556326888448248,5.123475382979799,95.554103,0.0,0.0,1.0
תפ_52504-10-20,drugs,Gemini,59,40.0,60.0,22.0,48.0,10.217120104740996,15.789497926066353,96.07708181355932,18.0,12.0,0.21052631578947367
תפ_56456-03-19,drugs,Gemini,7,0.0,10.0,0.0,12.0,2.821202522590214,2.7774602993176543,95.95668085714286,0.0,2.0,0.8333333333333334
תפ_47589-10-22,drugs,Gemini,8,9.0,24.0,10.5,25.0,5.979130371550699,11.59471862530523,95.210461125,1.5,1.0,0.84375
תפ_60057-12-19,drugs,Gemini,7,9.0,26.0,6.0,24.0,2.1852940772540506,4.642307659791977,94.56043057142857,3.0,2.0,0.75
תפ_73906-12-20,drugs,Gemini,62,30.0,54.0,22.0,48.0,8.881577233347976,13.003371451077333,96.86231514516126,8.0,6.0,0.5625
תפ_28032-06-19,drugs,Gemini,3,1.0,9.0,3.0,15.0,1.699673171197595,4.189935029992178,94.44437999999998,2.0,6.0,0.42857142857142855
תפ_51797-01-21,drugs,Gemini,6,29.0,49.0,13.5,33.0,7.783529619223745,12.328828005937952,96.56752,15.5,16.0,0.11267605633802817
תפ_49472-07-18,drugs,Gemini,10,8.0,20.0,7.0,24.0,5.30659966456864,8.935323161475472,96.9952685,1.0,4.0,0.7058823529411765
תפ_49416-04-18,weapon,Gemini,23,18.0,42.0,20.90623051746762,41.229657866700755,7.9673245741318475,10.244644504363924,95.36669630434784,2.9062305174676197,0.7703421332992448,0.846809472884714
תפ_42197-05-22,weapon,Gemini,102,14.0,30.0,20.85745549426058,39.457023637140495,11.88712856209393,15.20508272129167,95.04431591176471,6.857455494260581,9.457023637140495,0.35913642678953694
תפ_1062-06-18,drugs,Gemini,8,0.0,12.0,1.5,12.0,3.570714214271425,5.830951894845301,95.46021999999999,1.5,0.0,0.875
תפ_6677-02-21,drugs,Gemini,4,3.0,12.0,2.0,12.0,4.092676385936225,6.0,95.013521,1.0,0.0,0.9
תפ_44477-08-20,drugs,Gemini,42,30.0,54.0,24.0,48.0,8.25146863860474,11.686790224849474,94.68589126190477,6.0,6.0,0.6
תפ_24207-06-13,weapon,Gemini,26,24.0,48.0,36.33418307653056,62.84806525813563,19.595464998838636,26.293856010584022,94.90299615384616,12.334183076530557,14.848065258135627,0.3002933825906907
תפ_46967-02-21,drugs,Gemini,86,36.0,60.0,18.0,36.0,13.178913004185008,22.501403117118013,95.02616041860466,18.0,24.0,0.0
תפ_19883-06-19,drugs,Gemini,6,0.0,12.0,0.0,12.0,2.9674156357941426,2.140872096444188,94.79536666666667,0.0,0.0,1.0
תפ_32956-11-20,drugs,Gemini,6,24.0,48.0,13.5,33.0,8.938058451861282,12.522202504174556,95.53431,10.5,15.0,0.2608695652173913
תפ_4435-11-17,drugs,Gemini,20,54.0,90.0,48.0,84.0,19.093192504136127,27.788261910382232,95.66452425,6.0,6.0,0.7142857142857143
תפ_49087-01-17,drugs,Gemini,3,8.0,24.0,26.0,48.0,18.184242262647807,27.27636339397171,94.14283466666666,18.0,24.0,0.0
תפ_45874-03-19,drugs,Gemini,6,6.0,18.0,30.0,57.0,12.298373876248844,25.317977802344327,95.75545983333335,24.0,39.0,0.0
תפ_71968-02-19,drugs,Gemini,3,12.0,24.0,9.0,26.0,5.185449728701348,8.055363982396383,94.28621833333334,3.0,2.0,0.7058823529411765
תפ_28847-09-20,drugs,Gemini,10,20.0,45.0,14.0,27.0,4.874423042781576,10.205880657738458,97.3736195,6.0,18.0,0.22580645161290322
תפ_50777-11-23,drugs,Gemini,41,12.0,24.0,20.0,46.0,7.541911449790318,11.39768389175499,96.80070114634147,8.0,22.0,0.11764705882352941
תפ_20811-11-15,weapon,Gemini,9,12.0,42.0,18.774592307137688,39.449311765311776,9.797958971132712,20.04685868683362,94.374845,6.774592307137688,2.5506882346882236,0.6891573152724696
תפ_27581-02-13,weapon,Gemini,3,24.0,8.0,22.35342876684288,55.845463934465485,14.142135623730951,20.28683207293725,93.76196666666665,1.6465712331571183,47.845463934465485,0.0
תפ_50774-11-15,drugs,Gemini,34,6.0,24.0,7.5,24.0,4.115125278210048,6.5625154473372325,95.61944373529411,1.5,0.0,0.9166666666666666
תפ_52101-02-15,weapon,Gemini,9,24.0,60.0,26.009164331271812,54.208094568703956,12.464269922115696,24.09241466612354,94.21787499999999,2.009164331271812,5.791905431296044,0.7833036177064484
תפח_53498-02-20,weapon,Gemini,37,120.0,156.0,33.72648120735932,56.74162154459735,13.941178736845774,20.146577557739,93.82196667567565,86.27351879264069,99.25837845540265,0.0
תפ_42156-05-22,drugs,Gemini,39,48.0,84.0,30.0,60.0,13.21331585849409,20.628424247055378,95.47569305128204,18.0,24.0,0.2222222222222222
תפ_3766-09-21,drugs,Gemini,45,9.0,24.0,10.0,24.0,8.193764566899503,14.977612923589957,95.44926824444444,1.0,0.0,0.9333333333333333
תפ_59586-01-14,drugs,Gemini,5,6.0,12.0,6.0,20.0,5.4258639865002145,6.572670690061994,96.21895880000002,0.0,8.0,0.42857142857142855
תפ_9270-02-21,drugs,Gemini,31,34.0,64.0,25.0,60.0,11.77945088106034,17.936006026281824,95.38305696774194,9.0,4.0,0.6666666666666666
תפ_59541-10-18,drugs,Gemini,17,9.0,18.0,6.0,15.0,4.442637079646872,6.2035819544634005,96.227865,3.0,3.0,0.5
תפ_37850-05-17,drugs,Gemini,63,12.0,36.0,9.0,24.0,9.21272357319921,15.15190571887181,94.94547126984129,3.0,12.0,0.4444444444444444
תפ_44501-11-16,drugs,Gemini,11,13.0,30.0,10.0,24.0,4.3370401606823865,6.734639700891685,95.108984,3.0,6.0,0.55
תפ_47640-06-18,drugs,Gemini,11,10.0,24.0,10.0,30.0,3.3377381364883307,6.459025333938768,95.5255928181818,0.0,6.0,0.7
תפ_3256-09-21,weapon,Gemini,10,9.0,20.0,15.621537919290937,35.33161650999238,3.7960505792204615,6.003332407921454,93.631789,6.621537919290937,15.33161650999238,0.1662815527883567
תפ_54202-12-21,weapon,Gemini,8,24.0,50.0,20.21579151174603,42.071140050498514,5.8723398232731725,7.647507763971214,94.499553875,3.78420848825397,7.928859949501486,0.6067356148687063
תפ_35208-03-22,drugs,Gemini,29,7.0,20.0,6.0,24.0,3.586206896551724,6.036748343177683,95.45948403448274,1.0,4.0,0.7222222222222222
תפ_12143-06-20,drugs,Gemini,73,36.0,60.0,16.0,36.0,13.003225778745463,22.009133367437787,94.85730991780821,20.0,24.0,0.0
תפ_4719-02-23,drugs,Gemini,18,8.0,18.0,8.0,20.0,10.826921179274477,16.546231527987807,94.90361616666667,0.0,2.0,0.8333333333333334
תפ_26032-04-14,drugs,Gemini,4,24.0,50.0,21.0,46.0,6.06217782649107,8.986100377805714,93.99623,3.0,4.0,0.7586206896551724
תפ_37694-03-15,drugs,Gemini,18,16.0,36.0,11.0,30.0,6.237332842461939,11.096796334478203,94.9695,5.0,6.0,0.56
תפ_12028-05-22,weapon,Gemini,151,36.0,60.0,31.794995464738456,55.3992553750589,25.849934491150833,34.08903457081564,94.48888958278144,4.205004535261544,4.6007446249411,0.6877947972249461
תפ_23532-07-18,weapon,Gemini,9,24.0,60.0,45.66970015331962,72.30739441898476,45.06785008308152,54.74880910819368,93.80692944444444,21.669700153319617,12.307394418984757,0.2966481636825477
תפח_39587-07-21,weapon,Gemini,6,16.0,36.0,28.251487178227165,50.432135886307485,13.856406460551018,21.768989156340925,93.56122233333333,12.251487178227165,14.432135886307485,0.22503723984355442
תפ_24634-04-23,weapon,Gemini,34,54.0,72.0,46.4933687627848,77.71041621848309,19.012288868720717,24.204720864135712,96.11759052941176,7.506631237215203,5.71041621848309,0.5766080224449388
תפח_30875-04-17,weapon,Gemini,47,72.0,120.0,18.675660914665016,42.095095910545446,8.864351727720354,12.473784188742586,94.3904083829787,53.324339085334984,77.90490408945456,0.0
תפ_398-09-16,weapon,Gemini,35,24.0,48.0,29.23712517032569,77.62253928463483,22.32487401980132,115.92980282771755,93.91612985714286,5.23712517032569,29.622539284634826,0.34990649603665236
תפ_34003-04-18,weapon,Gemini,13,60.0,108.0,45.232944996998235,74.8006442996494,17.568126059840242,24.693146403201453,95.7389373846154,14.767055003001765,33.199355700350594,0.2358027519204395
תפ_12130-05-22,drugs,Gemini,78,14.0,30.0,18.0,36.0,12.825153006432156,21.841311760246544,95.23183239743591,4.0,6.0,0.5454545454545454
תפ_28744-03-21,weapon,Gemini,84,18.0,36.0,21.55026309363314,43.856832483829926,14.266236721857718,18.096193583796076,94.92829641666665,3.5502630936331414,7.856832483829926,0.5588363120426016
תפ_41271-08-14,weapon,Gemini,87,12.0,48.0,22.65834728184313,46.224121749867294,15.519880575901237,21.788853312709804,93.83958393103447,10.658347281843131,1.7758782501327062,0.6546048463340045
תפ_57220-05-15,weapon,Gemini,14,60.0,96.0,31.19509758770417,59.104707562337396,19.54756104625697,25.225917996685677,94.6045535,28.80490241229583,36.895292437662604,0.0
תפח_16644-04-16,weapon,Gemini,10,48.0,96.0,50.61913106509294,87.81274435071923,14.395832730342487,26.169447835214253,93.61018709999999,2.6191310650929367,8.187255649280772,0.7748669434505477
תפ_20482-10-16,drugs,Gemini,50,24.0,48.0,24.0,48.0,8.516454661418683,12.079221829240492,96.30537190000001,0.0,0.0,1.0
תפ_14998-08-16,drugs,Gemini,8,0.0,12.0,0.0,12.0,3.605551275463989,3.5333235062756425,95.27336812499999,0.0,0.0,1.0
תפ_19830-10-20,drugs,Gemini,26,0.0,12.0,0.5,12.0,7.882645157214437,13.417786041240959,95.69211696153845,0.5,0.0,0.9583333333333334
תפ_28045-11-18,drugs,Gemini,4,8.0,20.0,8.5,18.0,4.602988159880492,7.794228634059948,94.55815000000001,0.5,2.0,0.7916666666666666
תפ_9369-01-13,drugs,Gemini,3,3.0,10.0,8.0,18.0,0.0,0.9428090415820634,95.24244333333333,5.0,8.0,0.13333333333333333
תפ_17610-09-15,drugs,Gemini,10,6.0,14.0,7.0,18.0,2.9,6.452906321960671,95.0798759,1.0,4.0,0.5833333333333334
תפ_19691-03-18,drugs,Gemini,47,6.0,15.0,8.0,20.0,7.522171844760631,12.923180768564803,95.14361325531915,2.0,5.0,0.5
תפ_21477-06-19,drugs,Gemini,31,60.0,96.0,30.0,60.0,11.481696060812721,18.429549181640382,94.91028599999999,30.0,36.0,0.0
תפ_33866-12-15,drugs,Gemini,26,36.0,84.0,24.5,52.0,14.944918591814957,23.227585110363314,94.41725423076923,11.5,32.0,0.2689075630252101
תפ_37900-06-22,weapon,Gemini,17,50.0,80.0,37.812447631138,66.26499283318596,21.26826509958019,25.68372985449649,93.85193782352941,12.187552368862,13.735007166814043,0.38554009227591274
תפ_63413-01-22,drugs,Gemini,23,48.0,84.0,30.0,65.0,17.374992350163552,24.565101962021995,95.38282626086958,18.0,19.0,0.3148148148148148
תפ_4338-04-13,weapon,Gemini,8,12.0,36.0,20.817575543477126,46.807098577598275,16.19365230576475,24.8746859276655,93.449678625,8.817575543477126,10.807098577598275,0.4361875903754365
תפ_1338-12-20,drugs,Gemini,4,15.0,30.0,39.0,78.0,18.186533479473212,29.8496231131986,94.24440125000001,24.0,48.0,0.0
תפ_26547-09-21,weapon,Gemini,8,6.0,20.0,12.7831773683641,32.68126861096688,4.621620386834038,9.324028099485759,94.37422125,6.7831773683641,12.681268610966882,0.27048273966514275
תפ_50059-04-15,drugs,Gemini,12,18.0,40.0,18.0,33.0,14.343746217622353,26.326344009164828,94.91907541666666,0.0,7.0,0.6818181818181818
תפ_56878-01-14,drugs,Gemini,7,6.0,18.0,6.0,18.0,2.602981022612657,7.45872998983235,94.66689485714286,0.0,0.0,1.0
תפ_57031-01-14,drugs,Gemini,6,3.0,15.0,6.0,18.0,0.6871842709362768,3.2145502536643185,95.56555600000002,3.0,3.0,0.6
תפ_13177-04-21,weapon,Gemini,74,24.0,50.0,33.52295295717939,61.63760216092663,20.57119423223281,28.60729102996378,95.25078358108108,9.522952957179392,11.637602160926633,0.43778152955573263
תפ_23533-01-24,weapon,Gemini,5,18.0,36.0,16.385142596199245,31.752810154431565,4.664761515876241,6.740919818541086,95.66596320000001,1.6148574038007553,4.247189845568435,0.7011424998565982
תפ_55185-02-20,weapon,Gemini,50,15.0,36.0,17.990339071899076,41.03690647377232,11.343791253368513,16.27298374607435,94.76368076,2.9903390718990757,5.036906473772319,0.6916974159830602
תפח_31367-12-17,weapon,Gemini,4,48.0,72.0,37.1172617856277,74.94364196788712,35.24202037341219,41.21589499210226,94.21156,10.882738214372303,2.9436419678871175,0.6344778401835025
תפ_41876-08-23,drugs,Gemini,3,30.0,60.0,36.0,60.0,5.656854249492381,5.656854249492381,96.45793666666667,6.0,0.0,0.8
תפ_69945-03-23,weapon,Gemini,91,38.0,60.0,28.416021841427423,49.74597236914897,15.091765353187386,20.1856496461292,94.21022191208793,9.583978158572577,10.254027630851027,0.3718965454629046
תפ_28246-06-21,weapon,Gemini,17,84.0,120.0,32.800130031604894,59.33770894555417,24.5225692247791,34.94018616144653,94.91361082352941,51.199869968395106,60.66229105444583,0.0
תפ_49990-03-13,weapon,Gemini,4,42.0,84.0,13.834589773031306,28.148604116981076,6.0,14.168627315304754,94.75956875,28.165410226968696,55.851395883018924,0.0
תפ_60637-11-14,weapon,Gemini,9,8.0,20.0,32.17535416178326,74.15325612443343,26.221280585729513,52.14509671206979,94.21416277777777,24.17535416178326,54.153256124433426,0.0
תפ_46914-06-18,drugs,Gemini,6,6.0,15.0,7.0,16.0,6.986097305044895,8.144527815247077,94.78752249999998,1.0,1.0,0.8
תפ_11017-08-14,drugs,Gemini,18,30.0,60.0,30.0,60.0,12.651550434435368,18.343179174347675,94.53329972222224,0.0,0.0,1.0
תפ_613-04-17,weapon,Gemini,21,10.0,30.0,14.346587339489208,36.33282244212108,8.232175136802738,13.789476417324394,94.38418800000001,4.346587339489208,6.332822442121078,0.5944449249569287
תפ_48224-08-18,drugs,Gemini,5,9.0,24.0,11.0,27.0,8.957678270623477,13.865064009949611,96.24336400000001,2.0,3.0,0.7222222222222222
תפ_62062-06-20,weapon,Gemini,59,24.0,48.0,19.37196549913648,41.32550234927509,8.166185420063156,10.575075986356207,93.81224281355932,4.628034500863521,6.674497650724909,0.6051935681701268
תפ_43085-06-21,weapon,Gemini,6,48.0,84.0,38.6737763971473,65.08995679383136,14.406788523316205,22.02271554554524,93.59267933333332,9.3262236028527,18.910043206168638,0.3770434736318022
תפ_44415-01-17,drugs,Gemini,38,6.0,18.0,10.0,24.0,11.857212585793894,20.068528717256438,95.63234781578947,4.0,6.0,0.4444444444444444
תפ_67387-08-23,weapon,Gemini,8,24.0,48.0,15.242565728418628,34.897804386890485,4.683748498798798,8.366600265340756,95.3420775,8.757434271581372,13.102195613109515,0.3326818668562466
תפ_47396-07-19,drugs,Gemini,3,6.0,18.0,6.0,18.0,4.109609335312651,6.599663291074443,96.49613033333333,0.0,0.0,1.0
תפ_6800-09-13,drugs,Gemini,8,6.0,18.0,0.0,12.0,3.8547859862773186,4.769696007084728,96.063343125,6.0,6.0,0.3333333333333333
תפ_55353-01-21,drugs,Gemini,5,0.0,18.0,6.0,18.0,9.951884243699782,15.357083056361974,94.75895399999999,6.0,0.0,0.6666666666666666
תפ_25009-02-23,weapon,Gemini,11,20.0,40.0,15.887024350086477,32.84776815713559,3.541956316141483,6.564366617649345,95.35070636363638,4.112975649913523,7.15223184286441,0.5328155406311982
תפ_48069-09-23,weapon,Gemini,28,18.0,36.0,22.72208364117645,42.696271173493116,6.3111296249449,8.523975789812294,95.15721232142857,4.72208364117645,6.696271173493116,0.5376486298496325
תפ_52188-03-22,weapon,Gemini,15,66.0,96.0,46.99869996947653,77.51998150753515,14.870403117901308,16.81930108205715,95.72868826666667,19.001300030523467,18.48001849246485,0.23509542604704817
תפ_57341-02-23,drugs,Gemini,66,18.0,36.0,12.0,30.0,10.854239205195345,19.316731971737667,94.85352768181819,6.0,6.0,0.5
תפ_20354-10-21,drugs,Gemini,22,16.0,36.0,22.5,48.0,13.420411246177553,22.919910864782757,95.20373754545454,6.5,12.0,0.421875
תפ_58966-01-18,drugs,Gemini,20,54.0,90.0,27.0,66.0,17.515992692394,23.413671220037237,95.93664530000002,27.0,24.0,0.19047619047619047
תפ_1316-04-19,weapon,Gemini,7,45.0,70.0,34.116787736809826,50.33978624103397,17.515008141707543,10.743768958264667,94.56654657142857,10.883212263190174,19.66021375896603,0.1488101511611781
תפ_229-08-16,weapon,Gemini,7,84.0,120.0,22.290668946648758,45.16342017096274,8.85483840989242,9.062143729802118,94.39524414285715,61.70933105335124,74.83657982903726,0.0
תפ_41294-08-14,weapon,Gemini,4,12.0,54.0,33.71875558187068,74.86709167445446,16.97056274847714,18.0,95.39060724999999,21.71875558187068,20.867091674454457,0.32260510034648926
תפ_36381-05-15,weapon,Gemini,28,24.0,48.0,31.403772761057013,57.06581768028712,19.105774316810557,27.950028293950854,94.84027435714286,7.403772761057013,9.065817680287118,0.5019149200969911
תפ_1169-07-20,drugs,Gemini,5,6.0,18.0,6.0,15.0,2.7129319932501077,2.6832815729997477,94.39154780000001,0.0,3.0,0.75
תפ_36431-04-15,drugs,Gemini,6,0.0,10.0,7.5,21.0,7.624886155798582,14.452988925785867,94.74083066666667,7.5,11.0,0.11904761904761904
תפ_51123-01-12,drugs,Gemini,15,0.0,8.0,5.0,18.0,5.713142742834281,7.013003794539272,94.72766206666667,5.0,10.0,0.16666666666666666
תפ_10686-05-20,weapon,Gemini,21,28.0,60.0,27.038591191785788,46.60955597348117,9.843906456842515,11.631531154873924,95.07804847619047,0.9614088082142125,13.390444026518828,0.5645861826404561
תפ_42324-09-20,weapon,Gemini,12,24.0,60.0,47.998678306841484,78.54199873537087,25.079318615588868,30.7620798314346,93.80710599999999,23.998678306841484,18.541998735370868,0.2200381718936819
תפ_34823-01-23,drugs,Gemini,23,3.0,9.0,24.0,45.0,15.802777865925128,25.708486458608146,94.3874225652174,21.0,36.0,0.0
תפ_19902-12-16,drugs,Gemini,15,54.0,90.0,54.0,90.0,10.703270528207721,14.979986648859205,96.20554699999998,0.0,0.0,1.0
תפ_50916-06-16,weapon,Gemini,39,28.0,48.0,23.880520625848327,66.96992173935035,17.658868436313213,111.08461748570812,94.26010702564102,4.119479374151673,18.969921739350355,0.4641512641894904
תפ_21873-05-14,drugs,Gemini,18,6.0,24.0,8.0,24.0,4.307615994440028,4.5487754423241595,95.8976788888889,2.0,0.0,0.8888888888888888
תפ_3673-04-18,drugs,Gemini,35,18.0,30.0,6.0,18.0,2.878491668515698,5.044617256572209,95.37427805714285,12.0,12.0,0.0
תפ_33318-10-23,weapon,Gemini,53,48.0,72.0,24.04872549854558,45.502119461833615,14.514352528937787,21.313273023577867,93.81421418867923,23.95127450145442,26.497880538166385,0.0
תפ_38578-12-20,drugs,Gemini,17,18.0,48.0,22.0,46.0,4.884124412858134,7.163923457712155,97.49314082352942,4.0,2.0,0.8
תפ_15148-03-12,weapon,Gemini,31,24.0,48.0,17.242170538875584,38.69899073584767,6.902170555462313,10.000624330146389,94.3354562580645,6.757829461124416,9.301009264152327,0.47789427906237963
תפ_39312-12-15,drugs,Gemini,6,6.0,18.0,8.5,18.0,1.7716909687891083,3.3541019662496847,95.79952066666665,2.5,0.0,0.7916666666666666
תפ_39647-01-20,drugs,Gemini,40,18.0,30.0,10.0,24.0,12.034299938093616,21.602878859078018,94.956798725,8.0,6.0,0.3
תפ_20778-11-12,weapon,Gemini,14,18.0,45.0,28.076468603567022,51.24801084046138,19.751517637376423,26.44362505638077,93.99843971428572,10.076468603567022,6.248010840461383,0.5090088389840687
תפ_5076-04-22,drugs,Gemini,11,26.0,48.0,10.0,24.0,6.109199133240525,13.0485425550104,95.73816363636364,16.0,24.0,0.0
תפ_65763-12-19,drugs,Gemini,7,10.0,26.0,10.0,24.0,7.925675146674398,12.871420643726747,96.2863662857143,0.0,2.0,0.875
תפ_58626-07-22,weapon,Gemini,29,30.0,60.0,30.914074244459233,54.66029948524621,20.667516891464665,23.788005450843706,93.87947055172417,0.9140742444592327,5.339700514753787,0.791540841359566
תפ_45516-08-21,drugs,Gemini,4,12.0,24.0,16.0,30.0,2.598076211353316,8.842369591913696,96.60190000000001,4.0,6.0,0.4444444444444444
תפ_63642-12-18,weapon,Gemini,69,12.0,36.0,18.116344092719125,39.38010573585119,7.299198783260169,9.957629202379103,94.86892156521739,6.116344092719125,3.3801057358511883,0.653162412147453
תפ_38154-09-17,weapon,Gemini,20,24.0,48.0,30.05996295252734,56.02668069915916,16.740669042783207,24.563387388550467,94.78225775,6.059962952527339,8.026680699159158,0.5601591128344333
תפ_1838-02-16,drugs,Gemini,20,8.0,20.0,7.0,24.0,3.3537292675468007,6.397460433640836,95.48415109999999,1.0,4.0,0.7058823529411765
תפ_41375-05-22,weapon,Gemini,6,8.0,20.0,19.675933946449547,43.12467585639193,5.283622494715786,5.8594652770823155,94.35815316666667,11.675933946449547,23.12467585639193,0.009226164958088293
תפ_39259-05-22,drugs,Gemini,14,3.0,12.0,6.5,16.5,3.2482334288291637,4.453844933748542,95.61103642857142,3.5,4.5,0.4074074074074074
תפ_18094-06-24,weapon,Gemini,17,20.0,36.0,18.12494963986499,40.25349074750622,8.021165772256596,10.992290472280542,94.9355111764706,1.8750503601350097,4.25349074750622,0.7230481179111723
תפ_27470-02-18,drugs,Gemini,20,12.0,24.0,7.5,24.0,3.320767983464066,6.119436248544468,96.04227230000001,4.5,0.0,0.7272727272727273
תפ_6997-06-18,drugs,Gemini,20,36.0,60.0,24.0,60.0,8.83742043811428,14.247368178018002,94.3915116,12.0,0.0,0.6666666666666666
תפ_12111-12-12,drugs,Gemini,5,6.0,18.0,6.0,12.0,3.4292856398964493,4.6475800154489,94.11574879999999,0.0,6.0,0.5
תפ_51504-02-20,drugs,Gemini,14,6.0,12.0,3.0,12.0,4.1997327417397425,5.981263261559521,94.5022672857143,3.0,0.0,0.6666666666666666
תפ_63084-07-21,weapon,Gemini,11,25.0,40.0,18.246535846554252,40.45661480966732,7.055857422520821,10.857453546788085,94.91904881818182,6.753464153445748,0.4566148096673217,0.675369053163309
תפ_8684-06-16,weapon,Gemini,10,6.0,18.0,21.546346537492752,42.68813701458096,5.478138369920935,8.209750300709517,94.18691,15.546346537492752,24.68813701458096,0.0
תפ_11734-06-22,weapon,Gemini,18,25.0,50.0,40.15594288360609,70.14760147693633,36.15279645280604,43.22268637282915,94.48572050000001,15.155942883606087,20.14760147693633,0.21804164106974216
תפ_1094-05-15,weapon,Gemini,10,38.0,70.0,33.865106325908684,69.0295140221699,11.849472562101658,25.04715552712523,94.57618160000001,4.134893674091316,0.9704859778300943,0.8587133063689637
תפ_39214-12-15,drugs,Gemini,59,15.0,30.0,12.0,28.0,9.691566329257228,17.161717918305783,94.88974344067796,3.0,2.0,0.7222222222222222
תפ_7544-11-16,weapon,Gemini,13,13.0,36.0,17.153894818041003,38.263816794426894,6.600161375111581,12.22472032327319,94.35049084615383,4.153894818041003,2.2638167944268943,0.7459722074186502
תפ_57270-05-13,weapon,Gemini,7,9.0,24.0,15.216667059421919,37.55048940028007,10.077252622027656,18.101753213093893,93.35009357142859,6.216667059421919,13.550489400280071,0.30764211490160726
תפ_3214-11-12,weapon,Gemini,9,5.0,30.0,5.180457644961962,14.643217518387551,2.6010444246043614,8.508528764034066,94.96100555555557,0.1804576449619617,15.356782481612449,0.3785103949370236
תפ_67454-11-20,weapon,Gemini,6,20.0,48.0,34.19843636936659,63.09338811459518,22.479620400116488,30.280173197802036,94.68077733333332,14.19843636936659,15.093388114595179,0.3202710261242837
תפ_4531-05-21,weapon,Gemini,38,50.0,75.0,37.317984634786555,65.85214674067156,21.489819144650937,30.089294623994245,94.29388671052632,12.682015365213445,9.147853259328443,0.42068203059291875
תפ_15587-10-21,drugs,Gemini,23,8.0,24.0,8.0,18.0,3.819163696695261,5.672205306887107,96.34128669565219,0.0,6.0,0.625
תפ_56059-07-17,drugs,Gemini,25,3.0,16.0,8.0,18.0,3.497656358191868,5.5891323119067415,95.2497414,5.0,2.0,0.5333333333333333
תפ_27294-04-19,weapon,Gemini,82,14.0,36.0,18.25459142868958,40.7514172461416,8.630123425483779,11.79752467004302,94.82838406097561,4.254591428689579,4.7514172461415995,0.663344614905211
תפ_36328-09-15,weapon,Gemini,18,24.0,48.0,15.305867303916736,36.485263315652595,5.756370598661609,9.267625849638561,93.68143316666666,8.694132696083264,11.514736684347405,0.3818808540270078
תפ_23577-02-19,drugs,Gemini,16,15.0,30.0,17.0,36.0,7.74571454095747,11.28588028245914,96.69243287500001,2.0,6.0,0.6190476190476191
תפ_48239-03-20,drugs,Gemini,4,14.0,28.0,15.5,30.0,2.48746859276655,0.8660254037844386,97.21653375,1.5,2.0,0.78125
תפ_49294-07-20,weapon,Gemini,6,18.0,40.0,12.798996722378835,39.70618656357084,6.191391873668904,8.94427190999916,94.86935466666667,5.201003277621165,0.29381343642916136,0.7979921307325076
תפ_5341-07-19,drugs,Gemini,11,0.0,12.0,3.0,18.0,2.5968830649246724,4.179841430026418,95.8504309090909,3.0,6.0,0.5
תפ_7325-10-16,drugs,Gemini,5,4.0,18.0,6.0,20.0,2.8000000000000003,3.0983866769659336,95.348477,2.0,2.0,0.75
תפ_73652-01-18,drugs,Gemini,4,20.0,60.0,33.0,61.0,8.645808232895291,8.602325267042627,96.92304125000001,13.0,1.0,0.6585365853658537
תפ_20767-09-16,drugs,Gemini,10,1.0,12.0,1.5,12.0,3.7363083384538807,7.854298186343578,95.64227709999997,0.5,0.0,0.9545454545454546
תפ_49034-02-19,drugs,Gemini,14,18.0,40.0,26.5,51.0,7.244984190346266,11.085244835420843,97.72303692857143,8.5,11.0,0.4090909090909091
תפ_42734-08-23,drugs,Gemini,8,40.0,70.0,16.0,39.0,10.099504938362077,20.512191496766015,96.83272674999999,24.0,31.0,0.0
תפ_15105-08-14,weapon,Gemini,21,24.0,48.0,27.057164041213113,51.897821863449096,7.81880981019954,13.780264569665464,95.41774233333334,3.057164041213113,3.8978218634490958,0.7506978882184911
תפ_15425-02-14,drugs,Gemini,15,12.0,30.0,12.0,30.0,6.371464161050861,9.574038971208662,95.65915246666668,0.0,0.0,1.0
תפ_67105-12-14,drugs,Gemini,3,0.0,8.0,0.0,12.0,0.0,1.8856180831641267,94.03705500000001,0.0,4.0,0.6666666666666666
תפ_34271-10-18,drugs,Gemini,22,6.0,15.0,6.5,18.0,4.040088371507086,5.273706805566118,95.68990377272729,0.5,3.0,0.7083333333333334
תפ_26069-10-19,weapon,Gemini,25,14.0,38.0,17.03509686764574,39.093196815215684,5.7304799100947905,7.0635968174861175,94.34163816,3.0350968676457413,1.0931968152156841,0.8354815564847375
תפ_15458-12-19,drugs,Gemini,7,18.0,36.0,10.0,24.0,2.7774602993176543,5.827450872677468,95.1653357142857,8.0,12.0,0.23076923076923078
תפ_49910-06-21,drugs,Gemini,8,8.0,16.0,10.0,27.0,2.8476964374736293,5.5677643628300215,95.238663125,2.0,11.0,0.3157894736842105
תפ_14611-12-21,drugs,Gemini,12,0.0,12.0,6.0,15.0,5.780114377953279,8.459051693633013,96.10167374999999,6.0,3.0,0.4
תפ_21009-03-15,weapon,Gemini,11,8.0,30.0,14.135268520490108,37.73088734670682,8.410933459069366,11.519297499241569,94.02576036363638,6.135268520490108,7.730887346706822,0.5336110992754196
תפ_63029-12-20,drugs,Gemini,6,6.0,18.0,7.0,18.0,5.95585612840188,7.695597587076797,96.54030083333333,1.0,0.0,0.9166666666666666
תפ_38340-03-19,weapon,Gemini,8,12.0,36.0,24.28468204261238,47.76234248083955,11.821590417536889,20.496569834974828,95.18321875,12.284682042612381,11.76234248083955,0.327588103706136
תפ_28397-10-19,drugs,Gemini,6,23.0,51.0,20.0,41.0,5.649483752226097,10.482790129010926,96.61394066666666,3.0,10.0,0.5806451612903226
תפ_51296-08-21,weapon,Gemini,4,21.0,50.0,26.114437249197447,45.84083712282274,4.242640687119285,10.988630487917955,93.9460125,5.114437249197447,4.159162877177259,0.680220685297424
תפ_36033-05-22,drugs,Gemini,13,4.0,12.0,6.0,15.0,3.624375073658384,4.2090350831706,94.79223753846153,2.0,3.0,0.5454545454545454
תפ_5778-09-20,drugs,Gemini,8,27.0,54.0,14.0,34.0,9.726735063730276,18.733325919334238,94.780860625,13.0,20.0,0.175
תפ_42827-10-18,drugs,Gemini,6,6.0,12.0,4.5,18.0,9.633564011078949,13.466006584482772,95.02493466666668,1.5,6.0,0.4444444444444444
תפ_33475-10-17,drugs,Gemini,8,9.0,24.0,12.0,36.0,5.2544623892459255,10.720890821195784,95.23520875,3.0,12.0,0.4444444444444444
תפ_51036-08-15,drugs,Gemini,8,16.0,36.0,14.0,35.0,4.710360920354193,6.837397165588672,95.5816375,2.0,1.0,0.8636363636363636
תפ_16723-07-14,drugs,Gemini,8,5.0,10.0,6.5,19.0,2.958039891549808,6.5752851649187045,95.63073575000001,1.5,9.0,0.25
תפח_13491-09-20,weapon,Gemini,4,192.0,264.0,204.80025461567925,264.50627621985217,50.19960159204453,51.61395160225576,93.5181565,12.80025461567925,0.5062762198521682,0.8164775309218252
תפ_30278-05-12,drugs,Gemini,17,18.0,30.0,22.0,46.0,5.424537356893414,7.131003510913759,96.6171085882353,4.0,16.0,0.2857142857142857
תפ_47908-06-19,drugs,Gemini,17,12.0,30.0,22.0,46.0,3.933706705247174,5.7297861938286685,96.32889064705881,10.0,16.0,0.23529411764705882
תפ_33541-02-20,drugs,Gemini,24,24.0,48.0,13.0,36.0,12.822438557293053,22.042887489820586,94.86673,11.0,12.0,0.34285714285714286
תפ_35571-06-24,drugs,Gemini,10,24.0,50.0,24.0,47.0,8.614522621712709,13.594116374373144,95.21352379999999,0.0,3.0,0.8846153846153846
תפ_26347-11-23,weapon,Gemini,9,27.0,54.0,20.819320265456987,40.41773766952048,13.208676534856517,19.344824171395878,95.81293277777779,6.180679734543013,13.582262330479523,0.4043840505036982
תפ_8416-07-21,weapon,Gemini,3,72.0,120.0,45.30351109379337,68.4780348058446,43.27688631231329,60.53832578531462,96.475342,26.696488906206632,51.5219651941554,0.0
תפ_16958-01-14,drugs,Gemini,34,12.0,36.0,18.0,36.0,6.751393550882124,11.141159388768818,96.03404541176471,6.0,0.0,0.75
תפ_22526-02-21,weapon,Gemini,12,36.0,72.0,33.88721541742436,70.99301441439273,28.58272594106836,37.94733192202055,94.78411958333332,2.1127845825756424,1.0069855856072678,0.9181437356952081
תפ_61392-09-16,drugs,Gemini,19,26.0,50.0,25.0,50.0,16.965828455458794,27.617389840581392,94.73884878947369,1.0,0.0,0.96
תפ_50551-03-18,weapon,Gemini,20,15.0,40.0,37.719121886428,67.85571891344316,18.936472744415735,24.442330085325334,95.762573,22.719121886428,27.855718913443155,0.04315291061137927
תפ_22715-06-17,drugs,Gemini,22,8.0,24.0,6.5,24.0,3.566661517464937,6.156364710304367,96.21993499999999,1.5,0.0,0.9142857142857143
תפ_6110-09-17,drugs,Gemini,10,6.0,12.0,8.0,24.0,3.477067730142742,3.515679166249389,94.2951809,2.0,12.0,0.2222222222222222
תפ_40390-08-15,weapon,Gemini,15,48.0,96.0,46.59697549869445,80.93769989358228,14.903541711806477,26.236530935997532,94.2414306,1.403024501305552,15.062300106417723,0.6667142391800698
תפ_6316-09-20,drugs,Gemini,30,10.0,20.0,15.5,30.0,12.367924464337397,23.542774310225678,95.37113623333333,5.5,10.0,0.225
תפ_54205-05-15,drugs,Gemini,9,6.0,18.0,9.0,24.0,5.3495124965380985,7.60116950066092,95.62040844444444,3.0,6.0,0.5
תפ_40240-09-12,weapon,Gemini,6,48.0,84.0,46.70750318798015,77.3928082106898,21.2184406171194,23.142073276946377,95.34476933333333,1.2924968120198486,6.607191789310207,0.7881694904701612
תפ_37696-03-23,drugs,Gemini,5,8.0,24.0,9.0,20.0,6.8527366796047255,9.558242516278815,94.999306,1.0,4.0,0.6875
תפ_2679-03-18,drugs,Gemini,8,5.0,15.0,21.0,46.0,5.629165124598851,8.48528137423857,96.36932575,16.0,31.0,0.0
תפ_30643-03-18,drugs,Gemini,8,16.0,38.0,10.0,30.0,8.2915619758885,15.5161206491829,95.28890774999999,6.0,8.0,0.5
תפ_23190-04-21,drugs,Gemini,18,23.0,48.0,21.0,45.5,6.736898579401044,11.191514642799696,97.48764055555554,2.0,2.5,0.8333333333333334
תפ_23774-03-17,drugs,Gemini,36,10.0,24.0,19.0,40.0,11.617754611895629,18.72312889331149,95.31985074999999,9.0,16.0,0.16666666666666666
תפ_28139-10-13,weapon,Gemini,10,36.0,72.0,36.8811266238751,139.75269865979277,10.20588065773846,194.77001822662544,94.234738,0.8811266238750974,67.75269865979277,0.3384863606418606
תפ_35865-07-17,drugs,Gemini,44,10.0,20.0,18.0,36.0,11.917480563240144,20.676972459299854,94.91985999999999,8.0,16.0,0.07692307692307693
תפ_32560-12-16,weapon,Gemini,7,18.0,42.0,18.55849787430379,37.90448467009139,1.3997084244475304,5.855400437691199,95.60680857142859,0.5584978743037894,4.095515329908608,0.8060827831578168
תפ_50068-09-23,weapon,Gemini,11,18.0,42.0,18.17838037317127,39.17761979892973,4.65681762722389,7.227129787037014,94.82785109090909,0.17838037317126876,2.822380201070267,0.8749683094066026
תפ_9211-05-21,weapon,Gemini,10,12.0,24.0,15.017997687895633,35.75293760549813,7.280109889280518,12.451505933018705,95.36205609999999,3.017997687895633,11.752937605498133,0.37814279906268466
תפ_44540-10-20,drugs,Gemini,48,30.0,66.0,24.0,57.0,13.047988350699889,20.95720465814402,95.30177220833333,6.0,9.0,0.6428571428571429
תפ_19393-03-17,drugs,Gemini,9,8.0,18.0,12.0,36.0,6.226189211609734,12.594335391382003,95.07146055555556,4.0,18.0,0.21428571428571427
תפ_43263-03-21,drugs,Gemini,9,12.0,36.0,16.0,36.0,3.832930735702298,8.799551054765924,95.95409844444444,4.0,0.0,0.8333333333333334
תפ_23443-04-21,drugs,Gemini,40,16.0,30.0,9.5,24.0,8.304215796810677,13.63671514698463,94.980455875,6.5,6.0,0.3902439024390244
תפ_17822-05-15,drugs,Gemini,9,12.0,36.0,8.0,18.0,5.377134947805716,13.521815934734487,95.19759388888889,4.0,18.0,0.21428571428571427
תפ_36953-04-14,drugs,Gemini,7,10.0,24.0,6.0,12.0,3.6922422809485957,8.32993127835043,94.33892914285714,4.0,12.0,0.1111111111111111
תפ_42223-07-16,weapon,Gemini,16,12.0,36.0,13.248790599739856,35.14418440987297,2.9414866564375233,3.3888604279314896,94.77873775,1.2487905997398556,0.8558155901270297,0.9123080754222131
תפ_54879-08-16,weapon,Gemini,20,12.0,36.0,13.827372429287646,35.979130120512366,4.347413023856832,5.095095681142799,94.9913117,1.8273724292876459,0.02086987948763408,0.92298990380103
תפ_76327-07-19,drugs,Gemini,5,0.0,12.0,6.0,15.0,4.560701700396552,6.29285308902091,96.034252,6.0,3.0,0.4
תפ_23322-02-16,drugs,Gemini,4,6.0,12.0,7.0,18.0,3.344772040064913,3.0,93.922276,1.0,6.0,0.4166666666666667
תפ_28371-03-17,drugs,Gemini,7,8.0,20.0,6.0,20.0,0.9035079029052513,2.5872528966106905,96.8146862857143,2.0,0.0,0.8571428571428571
תפ_8689-04-21,drugs,Gemini,7,6.0,18.0,6.0,20.0,0.9897433186107869,2.321153829895989,97.187275,0.0,2.0,0.8571428571428571
תפ_12672-11-21,drugs,Gemini,10,20.0,40.0,10.0,21.0,7.378346698278688,13.362634470792054,96.7835475,10.0,19.0,0.03333333333333333
תפ_51352-12-21,drugs,Gemini,7,12.0,24.0,12.0,24.0,5.421047417431508,8.998866141727785,96.907922,0.0,0.0,1.0
תפ_60803-01-19,drugs,Gemini,20,9.0,18.0,6.0,18.0,3.7798809505062456,5.040833264451424,95.12868795,3.0,0.0,0.75
תפ_7414-01-15,drugs,Gemini,5,8.0,18.0,0.0,12.0,7.756287771866127,11.454256850621082,95.1444808,8.0,6.0,0.2222222222222222
תפ_20367-05-16,weapon,Gemini,19,10.0,36.0,16.457800434976477,38.271624793060944,8.222999971534474,12.519679799079054,94.20221747368421,6.457800434976477,2.271624793060944,0.6912301541940387
תפ_6270-11-19,drugs,Gemini,11,16.0,32.0,10.0,24.0,3.9375286959468574,8.52027237371635,94.83275345454545,6.0,8.0,0.36363636363636365
תפ_36111-05-22,weapon,Gemini,5,24.0,45.0,19.237089169635425,42.13107806498111,2.7129319932501073,6.196773353931867,95.6023092,4.762910830364575,2.8689219350188893,0.7037666738966287
תפ_45226-12-22,weapon,Gemini,10,18.0,40.0,23.78560019833979,46.41925329027154,11.447270417003349,10.476640682967036,94.9910735,5.78560019833979,6.419253290271541,0.5705427808411389
תפ_14810-04-16,weapon,Gemini,9,36.0,60.0,39.25670629871885,138.93590993337347,9.843215373488933,203.52450029964996,94.43271488888888,3.2567062987188535,78.93590993337347,0.20151659138883116
תפ_14411-11-21,weapon,Gemini,9,18.0,36.0,14.732050873022363,31.666027753051004,3.7416573867739413,5.559998223643024,94.58145366666666,3.267949126977637,4.333972246948996,0.642564436818035
תפ_42106-01-22,weapon,Gemini,14,15.0,30.0,14.074093522598211,31.334221307729024,4.165578089092381,8.967059900842981,95.49393671428571,0.9259064774017887,1.334221307729024,0.8690549795883981
תפ_45597-05-15,weapon,Gemini,26,10.0,24.0,11.120196813606551,29.955026339820588,6.279957788272562,10.151514883891458,94.77513646153847,1.120196813606551,5.955026339820588,0.645441552772676
תפ_11042-06-20,weapon,Gemini,14,15.0,40.0,15.629646444798318,38.15742140688145,2.7701027756664733,3.7884087446217483,95.54732385714284,0.6296464447983183,1.842578593118553,0.9011109984833251
תפ_51473-05-20,weapon,Gemini,22,25.0,50.0,22.930265035422277,44.14854111876846,5.953677938193797,9.219096242972523,95.3340004090909,2.069734964577723,5.851458881231537,0.7073782267844665
תפ_1788-06-17,drugs,Gemini,3,6.0,18.0,8.0,20.0,0.9428090415820634,0.9428090415820634,96.84582,2.0,2.0,0.7142857142857143
תפ_11217-09-21,drugs,Gemini,11,0.0,12.0,6.0,18.0,4.30644337539164,5.772548315050016,95.72290109090909,6.0,6.0,0.3333333333333333
תפ_52781-10-18,drugs,Gemini,3,5.0,12.0,0.0,18.0,2.8284271247461903,2.8284271247461903,95.06273866666668,5.0,6.0,0.3888888888888889
תפ_1870-04-16,drugs,Gemini,11,8.0,30.0,18.0,36.0,5.206480386645946,6.620778711284772,95.90863136363636,10.0,6.0,0.42857142857142855
תפ_13519-11-23,drugs,Gemini,9,1.0,12.0,6.0,18.0,4.46661138716484,5.9711239300197345,96.42234655555556,5.0,6.0,0.35294117647058826
תפ_33839-04-18,drugs,Gemini,6,8.0,20.0,6.0,22.0,0.9428090415820634,2.4267032964268394,96.94054899999999,2.0,2.0,0.75
תפ_41269-05-16,drugs,Gemini,21,10.0,24.0,14.0,36.0,13.072274237541706,19.22418167303182,95.76359066666667,4.0,12.0,0.38461538461538464
תפ_52515-03-20,weapon,Gemini,16,7.0,20.0,18.19149861632406,36.34710118859115,9.491566980746645,16.936923421920522,93.893469375,11.191498616324061,16.347101188591147,0.061624532251212734
תפ_15783-08-22,drugs,Gemini,7,3.0,8.0,0.0,12.0,2.2587697572631282,1.6035674514745464,95.52792785714287,3.0,4.0,0.4166666666666667
תפ_37002-02-16,drugs,Gemini,3,5.0,18.0,10.0,24.0,6.164414002968976,8.219218670625303,94.54027666666667,5.0,6.0,0.42105263157894735
תפ_37825-05-15,drugs,Gemini,3,16.0,36.0,6.0,18.0,3.0912061651652345,10.198039027185569,93.90877166666667,10.0,18.0,0.06666666666666667
תפ_51938-04-21,drugs,Gemini,7,12.0,36.0,9.0,27.0,2.962348764761103,6.253162465211226,96.021602,3.0,9.0,0.5555555555555556
תפ_54327-08-20,drugs,Gemini,24,10.0,24.0,21.0,46.0,7.403077438170936,12.426450284239126,96.58081983333334,11.0,22.0,0.08333333333333333
תפ_45794-05-23,drugs,Gemini,11,8.0,18.0,6.0,18.0,5.547689564506312,6.555547773570889,96.0548308181818,2.0,0.0,0.8333333333333334
תפ_14751-12-20,drugs,Gemini,11,12.0,24.0,12.0,24.0,9.42390138718418,15.502599088939787,96.52108718181817,0.0,0.0,1.0
תפ_3593-09-21,drugs,Gemini,7,18.0,36.0,12.0,24.0,4.746642207381757,7.772268862134539,96.25893057142858,6.0,12.0,0.25
תפ_15486-01-18,drugs,Gemini,6,1.0,16.0,5.5,15.0,3.34995854037363,6.743309441381303,94.33734566666665,4.5,1.0,0.6333333333333333
תפ_72283-01-23,weapon,Gemini,16,24.0,55.0,19.30835546277039,39.850745129897035,8.868615661420897,9.243240773668076,94.7803355,4.69164453722961,15.149254870102965,0.4441024036693876
תפ_41950-02-19,drugs,Gemini,3,7.0,24.0,6.0,15.0,1.4142135623730951,2.3570226039551585,94.82052666666668,1.0,9.0,0.4444444444444444
תפ_33848-05-14,drugs,Gemini,6,18.0,40.0,25.0,51.0,11.100550536897808,16.522711641858304,95.492685,7.0,11.0,0.45454545454545453
תפ_43752-01-19,weapon,Gemini,9,20.0,38.0,19.771230213749472,43.94165836727055,11.643893116719179,12.558996578617592,94.1643528888889,0.22876978625052757,5.9416583672705485,0.7447116735239881
תפ_9109-02-16,drugs,Gemini,16,60.0,96.0,15.0,33.0,12.469807286000854,21.8317429446208,94.2469883125,45.0,63.0,0.0
תפ_16980-01-14,drugs,Gemini,4,6.0,18.0,3.5,12.0,3.0413812651491097,2.179449471770337,94.3727935,2.5,6.0,0.41379310344827586
תפ_20872-02-14,drugs,Gemini,6,7.0,12.0,6.0,16.5,2.924988129130708,4.561310727801336,94.49573833333334,1.0,4.5,0.47619047619047616
תפ_29911-03-15,weapon,Gemini,35,18.0,48.0,24.07128928054002,67.06043821375411,18.883963610234296,116.90395150528926,94.40211445714287,6.071289280540022,19.06043821375411,0.48773944120115004
תפ_65963-10-21,drugs,Gemini,3,24.0,48.0,18.0,42.0,14.89966442575134,25.45584412271571,95.68022,6.0,6.0,0.6
תפ_520-07-17,weapon,Gemini,12,12.0,36.0,15.186033988038194,34.4067928275462,4.355711448457327,8.67307455417179,94.69768783333332,3.1860339880381936,1.593207172453802,0.8008649516461669
תפ_54308-12-18,weapon,Gemini,12,36.0,84.0,23.512071848465574,46.46190802124225,10.370899457402697,14.602130742539673,93.72013250000002,12.487928151534426,37.53809197875775,0.17295861076664865
תפ_2101-10-19,weapon,Gemini,23,15.0,40.0,17.736519822650912,38.85217700207866,6.071720060992176,9.422051117404278,94.59689447826088,2.736519822650912,1.1478229979213381,0.84462628717711
תפ_1054-08-21,drugs,Gemini,6,0.0,8.0,7.0,18.0,6.708203932499369,9.480975102218595,95.85981166666666,7.0,10.0,0.05555555555555555
תפ_40908-02-21,drugs,Gemini,27,8.0,18.0,18.0,34.0,12.693927779420196,23.78504561823938,95.35838859259259,10.0,16.0,0.0
תפ_60494-05-12,weapon,Gemini,4,6.0,24.0,14.450313718624447,31.343182522230187,6.417748826496718,11.789826122551595,94.1248235,8.450313718624447,7.343182522230187,0.3768148011008045
תפ_20154-07-20,weapon,Gemini,21,24.0,48.0,16.9244344592273,36.59960330384492,4.1736675878400815,6.701947461241593,95.28484209523809,7.0755655407727005,11.400396696155077,0.40545049091105395
תפ_53625-07-22,drugs,Gemini,11,18.0,36.0,20.0,45.0,4.185768884807759,9.820706746041015,96.90080672727272,2.0,9.0,0.5925925925925926
תפ_60183-03-21,drugs,Gemini,8,22.0,48.0,19.0,40.5,4.284784125250653,10.259142264341596,97.43503375,3.0,7.5,0.6379310344827587
תפ_18593-06-21,drugs,Gemini,10,6.0,18.0,10.5,24.0,6.32771680782255,8.129575634681062,95.6714016,4.5,6.0,0.4166666666666667
תפ_59087-01-18,drugs,Gemini,10,7.0,15.0,0.0,12.0,3.3000000000000003,5.8275209137333865,96.6038136,7.0,3.0,0.3333333333333333
תפ_14786-08-19,weapon,Gemini,11,10.0,24.0,12.002107856270573,27.23593618226363,4.640817824763716,6.719897677300483,94.94137636363635,2.002107856270573,3.235936182263629,0.6960975033126237
תפ_6532-03-14,weapon,Gemini,5,8.0,18.0,14.883959557960974,29.137297045723454,4.454211490264018,4.48998886412873,95.36879400000001,6.883959557960974,11.137297045723454,0.14741905908302833
תפ_42431-08-23,drugs,Gemini,3,15.0,30.0,20.0,42.0,4.496912521077347,7.483314773547883,96.99699500000001,5.0,12.0,0.37037037037037035
תפ_17618-11-13,weapon,Gemini,7,8.0,16.0,9.328193792211636,22.822482509581597,3.4106675389466634,8.530856358190638,96.05968785714288,1.3281937922116356,6.822482509581597,0.45011395381816466
תפ_53805-09-16,drugs,Gemini,15,14.0,36.0,14.0,36.0,10.370899457402697,14.504252250058718,96.18002759999999,0.0,0.0,1.0
תפ_10838-04-23,weapon,Gemini,3,36.0,60.0,15.328765039457794,31.344155764935877,0.4714045207910317,4.109609335312651,93.24465866666667,20.671234960542208,28.655844235064123,0.0
תפ_51716-06-17,weapon,Gemini,5,9.0,20.0,14.053214886277457,31.82728683742549,6.374950980203691,9.927738916792686,94.607456,5.053214886277457,11.82728683742549,0.26051212989415584
תפ_46548-03-17,drugs,Gemini,14,9.0,18.0,14.0,36.0,9.269216112861905,13.17019671958825,95.33230007142858,5.0,18.0,0.14814814814814814
תפ_31228-01-22,weapon,Gemini,12,24.0,48.0,19.882974473599738,40.562250730090256,7.813805446487361,10.331653089199015,94.03124116666665,4.117025526400262,7.4377492699097445,0.5890470424952761
תפ_56177-03-18,weapon,Gemini,20,84.0,132.0,43.906158435756105,74.51239971225533,17.82442144923644,23.667012908265377,95.99197269999999,40.093841564243895,57.48760028774467,0.0
תפ_11033-11-23,weapon,Gemini,7,10.0,24.0,17.66918373086647,39.117791369249716,4.948716593053936,8.13157112614726,94.30383585714286,7.669183730866472,15.117791369249716,0.21742089531623207
תפ_49203-01-22,weapon,Gemini,15,18.0,36.0,18.243956664905102,37.569513763256936,5.836284967530477,8.397354080634896,94.792778,0.24395666490510237,1.5695137632569356,0.9073318606634494
תפ_22537-01-18,drugs,Gemini,16,48.0,84.0,51.0,87.5,11.928006696426692,15.808299837427173,95.04028912499999,3.0,3.5,0.8354430379746836
תפ_47466-10-18,drugs,Gemini,4,22.0,48.0,46.5,79.5,3.6742346141747673,6.363961030678928,95.60557250000001,24.5,31.5,0.02608695652173913
תפ_14836-08-12,weapon,Gemini,6,6.0,15.0,8.795451982955003,20.885330009587808,2.494438257849294,6.992058987801011,96.39865666666667,2.7954519829550026,5.885330009587808,0.41682300715191256
תפ_19218-01-16,drugs,Gemini,3,6.0,24.0,6.0,18.0,2.160246899469287,5.734883511361751,95.70166133333333,0.0,6.0,0.6666666666666666
תפ_27295-12-17,drugs,Gemini,4,6.0,18.0,7.0,22.0,1.920286436967152,5.722761571129799,96.114906,1.0,4.0,0.6875
תפ_336-05-16,weapon,Gemini,7,18.0,36.0,17.865011509907998,44.634995907677876,7.925675146674398,11.86144500265547,95.279975,0.13498849009200242,8.634995907677876,0.6723948633118936
תפ_51038-08-23,drugs,Gemini,6,8.0,20.0,20.0,54.0,13.27173270107897,27.28654532101042,94.9911525,12.0,34.0,0.0
תפ_9258-10-11,weapon,Gemini,3,5.0,12.0,7.97093641839629,17.722024012987937,3.0912061651652345,8.48528137423857,94.50842333333334,2.97093641839629,5.722024012987937,0.3166998881223956
תפ_9851-11-21,drugs,Gemini,23,24.0,48.0,18.0,34.0,13.680944483696056,26.099707028898404,95.03771056521738,6.0,14.0,0.3333333333333333
תפ_35608-04-18,weapon,Gemini,31,24.0,72.0,41.429103001066764,68.97452426266653,19.238683715176876,24.29514153457896,95.65363138709675,17.429103001066764,3.0254757373334655,0.5738629429499952
תפ_38550-12-23,weapon,Gemini,5,22.0,45.0,17.49458451080492,36.13745309686567,3.7735924528226414,6.196773353931867,94.75246280000002,4.50541548919508,8.86254690313433,0.5139879854721434
תפ_58061-02-19,weapon,Gemini,8,10.0,26.0,16.55754410690931,37.28908502360893,10.170422803403996,15.998046755776157,94.747066875,6.557544106909312,11.289085023608934,0.3460158479084815
תפ_29305-05-23,weapon,Gemini,23,13.0,28.0,24.27276954023406,44.3286171261403,5.374799420357352,7.716380827906659,94.04054939130437,11.272769540234059,16.3286171261403,0.11897207095859892
תפ_1969-02-17,drugs,Gemini,7,6.0,24.0,8.0,20.0,1.3997084244475304,2.099562636671296,96.69544442857143,2.0,4.0,0.6666666666666666
תפ_35359-03-20,drugs,Gemini,5,10.0,20.0,10.0,36.0,9.682974749528164,19.2,95.096895,0.0,16.0,0.38461538461538464
תפ_36728-06-18,weapon,Gemini,12,18.0,48.0,34.49333229113447,65.36555097115138,25.950139156124425,31.837696036128133,94.60790716666666,16.49333229113447,17.36555097115138,0.285158040642068
תפ_63018-05-18,weapon,Gemini,30,18.0,36.0,15.097387929083819,37.56657170689029,6.358633675737439,8.484037298886003,94.74508156666666,2.902612070916181,1.5665717068902865,0.8010971906233273
תפ_42779-07-18,drugs,Gemini,6,8.0,22.0,7.0,18.0,4.533823502911814,6.599663291074443,96.15229833333335,1.0,4.0,0.6666666666666666
תפ_29194-12-12,weapon,Gemini,10,12.0,12.0,5.138913454665503,18.467163020091355,1.7776388834631178,8.891006692158093,94.45667290000002,6.861086545334497,6.4671630200913555,0.0
תפ_400-11-23,weapon,Gemini,6,8.0,24.0,22.34747862205804,43.307084355529994,14.884742374510738,22.47220505424423,95.78170066666667,14.347478622058041,19.307084355529994,0.04680424362718955
תפ_24302-08-20,drugs,Gemini,4,6.0,15.0,7.5,9.5,6.18465843842649,6.363961030678928,95.4969575,1.5,5.5,0.2222222222222222
תפ_50074-12-12,drugs,Gemini,9,1.0,15.0,6.0,18.0,5.546659544154971,8.612365500033823,94.82528266666667,5.0,3.0,0.5294117647058824
תפ_56293-06-21,drugs,Gemini,20,18.0,36.0,18.0,35.0,11.9870763741623,23.124662159694356,95.36289059999999,0.0,1.0,0.9444444444444444
תפ_24047-02-18,weapon,Gemini,4,18.0,40.0,14.654651424295796,40.86154954288841,5.545268253204709,11.521718621802913,94.25314275,3.345348575704204,0.8615495428884117,0.8394736340197388
תפ_47161-08-17,weapon,Gemini,6,10.0,36.0,13.069776314679666,31.577205435742286,2.3392781412697,5.08811250749125,95.38677683333333,3.0697763146796664,4.422794564257714,0.7118241969639469
תפ_59614-09-23,weapon,Gemini,5,34.0,58.0,20.30949555121555,39.87723849357756,3.6660605559646715,7.694153624668538,95.9280168,13.690504448784448,18.122761506422442,0.15593419561586958
תפ_33183-03-18,drugs,Gemini,5,6.0,18.0,0.0,10.0,10.119288512538814,17.267310155319503,94.271122,6.0,8.0,0.2222222222222222
תפ_46786-04-18,drugs,Gemini,7,48.0,78.0,48.0,78.0,12.96148139681572,15.042796092672209,95.40820357142857,0.0,0.0,1.0
תפ_12791-05-20,weapon,Gemini,16,22.0,48.0,22.79262305953007,44.334793114105366,5.905505905508858,8.02242949486002,94.8312388125,0.7926230595300687,3.6652068858946336,0.8285450020990499
תפ_61759-02-19,weapon,Gemini,14,42.0,66.0,28.578040422707367,53.06565170752401,11.26422003785546,16.109953825039288,95.10069257142857,13.421959577292633,12.934348292475988,0.29569941907153807
תפ_65378-12-19,weapon,Gemini,8,8.0,20.0,8.096344448601398,21.10131146253125,1.0532687216470449,4.115519408288582,94.33043325,0.09634444860139801,1.1013114625312497,0.9085850363486242
תפ_30327-02-21,weapon,Gemini,43,12.0,30.0,18.416743594803144,41.023097137610186,7.087569386277652,8.821099146752719,94.6325538372093,6.416743594803144,11.023097137610186,0.3991047664649977
תפ_8718-02-14,weapon,Gemini,5,25.0,50.0,15.951647671718497,39.50515846842775,10.910545357588685,19.61224107541002,94.33940019999997,9.048352328281503,10.494841531572249,0.4260164582583741
תפ_44666-10-18,drugs,Gemini,17,5.0,18.0,15.0,36.0,11.848232899355509,16.915830713261563,95.19430035294118,10.0,18.0,0.0967741935483871
תפ_40331-03-18,drugs,Gemini,33,6.0,15.0,8.0,18.0,3.3822851855242355,4.805491196350294,95.82267390909091,2.0,3.0,0.5833333333333334
תפ_12748-07-20,drugs,Gemini,22,8.0,18.0,20.0,35.0,13.701360250985037,25.935234019309785,94.58529336363635,12.0,17.0,0.0
תפ_630-02-18,weapon,Gemini,19,12.0,36.0,14.137948346652081,36.36087728307625,4.302289540565433,5.019629060027943,94.51240021052631,2.137948346652081,0.360877283076249,0.8974246452337622
תפ_21536-06-20,drugs,Gemini,7,13.0,30.0,20.0,45.0,3.9538150008851565,10.038700623291923,96.88490857142857,7.0,15.0,0.3125
תפ_26717-06-14,drugs,Gemini,20,6.0,15.0,8.0,24.0,3.3834154341434335,5.796550698475776,96.4123503,2.0,9.0,0.3888888888888889
תפ_53431-02-22,weapon,Gemini,6,24.0,40.0,68.55317607213996,105.40138045474653,30.38457210859192,42.485291572496,95.327156,44.55317607213996,65.40138045474653,0.0
תפ_33338-02-20,drugs,Gemini,4,14.0,36.0,13.5,36.0,3.3541019662496847,5.196152422706632,96.84290725,0.5,0.0,0.9777777777777777
תפ_68958-01-19,drugs,Gemini,10,21.0,48.0,24.0,61.0,13.124404748406688,18.805318396666408,95.2980933,3.0,13.0,0.6
תפ_17780-09-16,drugs,Gemini,13,66.0,108.0,54.0,90.0,7.07525063850272,8.447540869718367,95.93170723076923,12.0,18.0,0.4444444444444444
תפ_10767-02-15,drugs,Gemini,11,15.0,24.0,8.0,18.0,4.448047208263661,5.032128182944745,94.14966636363634,7.0,6.0,0.1875
תפ_33888-10-14,drugs,Gemini,5,42.0,66.0,9.0,20.0,25.13165334791963,40.017995951821476,93.95340200000001,33.0,46.0,0.0
תפ_39589-07-13,drugs,Gemini,17,7.0,18.0,7.0,18.0,2.246103893180798,3.942493195321421,94.88691782352942,0.0,0.0,1.0
תפ_11406-06-20,drugs,Gemini,9,5.0,12.0,6.0,16.0,1.9309052441091963,1.9688939051854832,95.21397,1.0,4.0,0.5454545454545454
תפ_57729-11-19,weapon,Gemini,4,16.0,44.0,15.807030349977207,38.37748831657167,2.8613807855648994,5.545268253204709,93.50017725000001,0.19296965002279265,5.622511683428328,0.7937258328710179
תפ_13322-07-22,drugs,Gemini,11,6.0,14.0,18.0,36.0,7.139692333117041,13.825356988800275,96.1436680909091,12.0,22.0,0.0
תפ_49625-04-17,drugs,Gemini,5,30.0,60.0,28.0,60.0,13.386560424545209,20.450916849862747,96.4891468,2.0,0.0,0.9375
תפ_70345-03-23,weapon,Gemini,16,10.0,22.0,24.73236204800782,54.60425366079173,8.882699125265923,19.120403859489997,95.22751525000001,14.732362048007818,32.60425366079173,0.0
תפ_28931-09-20,drugs,Gemini,12,9.0,20.0,8.0,18.0,6.383028713358224,7.554891719203452,94.511575,1.0,2.0,0.75
תפ_52099-10-20,weapon,Gemini,3,42.0,78.0,41.288651340971356,75.05153512129515,8.48528137423857,11.313708498984761,94.09769533333333,0.7113486590286442,2.948464878704854,0.9003083876943481
תפ_10096-07-19,weapon,Gemini,10,8.0,20.0,9.27862724594688,25.25077785720351,2.6,5.660388679233963,95.4198188,1.2786272459468808,5.250777857203509,0.621500829864094
תפ_19417-11-16,weapon,Gemini,6,15.0,30.0,13.717702926227464,31.211275303039997,5.241395064505462,10.498677165349081,94.35972433333332,1.2822970737725363,1.2112753030399972,0.8574577951775175
תפ_3170-10-24,drugs,Gemini,7,20.0,40.0,16.0,36.0,3.5050983275386565,8.3397254396151,95.05653199999999,4.0,4.0,0.6666666666666666
תפ_58605-05-19,drugs,Gemini,6,18.0,36.0,13.5,33.0,5.821416398857661,11.930353445448855,94.92340300000001,4.5,3.0,0.6666666666666666
תפ_68763-07-20,weapon,Gemini,29,18.0,40.0,13.678062399487988,34.41404209987587,9.009969376027644,14.868428113888955,94.23944334482759,4.321937600512012,5.585957900124129,0.6235879116876483
תפ_36827-11-15,drugs,Gemini,7,6.0,18.0,9.0,18.0,5.774680837545067,7.068181072487418,95.25433928571428,3.0,0.0,0.75
תפ_11167-01-23,weapon,Gemini,18,20.0,36.0,18.857459457789084,39.88289207832833,8.224661800244133,11.886292551392295,94.77380805555555,1.1425405422109165,3.8828920783283323,0.7609831525830283
תפ_524-11-23,weapon,Gemini,6,7.0,22.0,22.573003125222193,43.77257009539361,14.701662793333579,22.140962540554153,95.66305,15.573003125222193,21.77257009539361,0.0
תפ_49632-01-18,weapon,Gemini,9,34.0,62.0,30.360733338450775,54.64799612141026,27.42982066526129,35.09985754956849,94.74878177777777,3.6392666615492253,7.352003878589741,0.6526066593858033
תפ_22611-02-17,drugs,Gemini,7,6.0,18.0,14.0,30.0,8.790068607380093,14.558818072682596,94.35682742857144,8.0,12.0,0.16666666666666666
תפ_46018-03-14,drugs,Gemini,5,18.0,56.0,24.0,44.0,7.756287771866126,12.302845199383759,94.423952,6.0,12.0,0.5263157894736842
תפ_2312-01-21,weapon,Gemini,10,6.0,18.0,21.444940467369694,43.69134125597552,14.738046003456494,24.616254792311523,94.35760300000001,15.444940467369694,25.691341255975523,0.0
תפ_36868-09-18,drugs,Gemini,14,12.0,30.0,9.0,24.0,3.0438965360946453,6.4606343278634295,94.06212357142856,3.0,6.0,0.5714285714285714
תפ_39193-12-15,weapon,Gemini,24,12.0,36.0,19.01936520132823,41.012433030419245,7.601968860470001,9.890722364361912,94.27128466666666,7.019365201328231,5.0124330304192455,0.585288203194394
תפ_39880-12-20,drugs,Gemini,6,10.0,24.0,6.0,15.5,2.0615528128088303,3.4034296427770228,94.80419266666667,4.0,8.5,0.3055555555555556
תפ_17081-12-16,drugs,Gemini,3,9.0,20.0,9.0,18.0,16.30950643030009,23.366642891095847,94.68577666666668,0.0,2.0,0.8181818181818182
תפ_45195-11-20,drugs,Gemini,5,24.0,60.0,24.0,48.0,7.2277243998370615,13.350655414622908,95.5559192,0.0,12.0,0.6666666666666666
תפ_62687-10-18,drugs,Gemini,3,10.0,24.0,5.0,12.0,0.4714045207910317,2.8284271247461903,96.22803466666669,5.0,12.0,0.10526315789473684
תפ_6553-05-14,drugs,Gemini,6,6.0,12.0,10.0,27.0,4.958158260214505,3.901566636906542,96.02027500000001,4.0,15.0,0.09523809523809523
תפ_31640-02-23,weapon,Gemini,3,7.0,24.0,7.292208284618818,21.861930986446062,3.39934634239519,10.198039027185569,94.11488000000001,0.29220828461881787,2.138069013553938,0.8570425118721908
תפ_25852-02-20,drugs,Gemini,8,0.0,6.0,8.0,22.0,3.605551275463989,5.09288719686584,94.5781425,8.0,16.0,0.0
תפ_24906-07-16,weapon,Gemini,6,2.0,12.0,3.4841349142869484,13.0564278691809,1.118033988749895,7.71182353417285,95.70175433333333,1.4841349142869484,1.0564278691809008,0.7702184816355102
תפ_50121-12-11,weapon,Gemini,6,2.0,12.0,3.4817904463887475,12.749087937911408,1.118033988749895,7.71182353417285,95.48647083333333,1.4817904463887475,0.7490879379114084,0.7924588209542899
תפ_39800-09-18,weapon,Gemini,6,10.0,30.0,19.653369339406787,41.50222611849317,9.213516640723503,13.901438774457844,96.04984583333334,9.653369339406787,11.50222611849317,0.32844125433152466
תפ_70531-11-19,drugs,Gemini,11,10.0,24.0,9.0,20.0,32.18079094405736,46.73611518739996,95.83017181818181,1.0,4.0,0.6666666666666666
תפ_28624-07-24,weapon,Gemini,6,14.0,30.0,20.09483809212292,33.51142676131415,6.368324391514267,9.591663046625438,95.40279399999999,6.09483809212292,3.511426761314148,0.5076595386410347
תפ_16058-02-19,drugs,Gemini,14,16.0,32.0,19.0,41.0,7.185941490301798,10.865832988345268,97.05771628571428,3.0,9.0,0.52
תפ_35798-12-16,drugs,Gemini,3,0.0,8.0,0.0,9.0,0.0,1.247219128924647,94.12668000000001,0.0,1.0,0.8888888888888888
תפ_41326-11-15,weapon,Gemini,4,15.0,40.0,11.739976026218375,31.94729656226066,5.0990195135927845,9.807522622966516,95.0532465,3.2600239737816246,8.05270343773934,0.5996915139910567
תפ_35202-05-15,drugs,Gemini,3,0.0,12.0,7.0,18.0,2.6246692913372702,6.79869268479038,96.19723366666666,7.0,6.0,0.2777777777777778
תפ_29373-12-23,drugs,Gemini,7,9.0,30.0,10.0,24.0,2.4327694808466287,5.390846361175202,94.70567657142855,1.0,6.0,0.6666666666666666
תפ_53948-11-14,drugs,Gemini,17,0.0,12.0,6.0,18.0,4.994114182774382,7.027380952032037,96.19306170588234,6.0,6.0,0.3333333333333333
תפ_266-06-18,drugs,Gemini,13,3.0,15.0,9.0,20.0,6.434926885650577,10.656553391107034,94.71105461538463,6.0,5.0,0.35294117647058826
תפ_47284-03-19,drugs,Gemini,17,18.0,36.0,18.0,34.0,12.478077662257464,24.044364992431664,95.46448747058822,0.0,2.0,0.8888888888888888
תפ_5779-09-21,weapon,Gemini,5,12.0,36.0,15.809400852483417,33.517488175858084,2.1354156504062622,3.878143885933063,95.14778199999999,3.8094008524834173,2.482511824141916,0.7378369718072778
תפ_54418-06-19,weapon,Gemini,33,12.0,24.0,12.466644214645113,31.52953786588268,6.466413899805644,10.120849204162997,95.54035260606062,0.46664421464511285,7.529537865882681,0.5905595854115523
תפ_51953-01-23,drugs,Gemini,3,12.0,24.0,8.0,30.0,3.858612300930075,7.483314773547883,95.17766666666667,4.0,6.0,0.5454545454545454
תפ_36782-07-17,drugs,Gemini,7,6.0,15.0,8.0,18.0,4.025429372458678,5.993193418115152,95.03806085714284,2.0,3.0,0.5833333333333334
תפ_58372-12-14,drugs,Gemini,7,0.0,10.0,6.0,16.0,5.398412465054624,13.255726525328052,94.69034571428573,6.0,6.0,0.25
תפ_48598-11-20,weapon,Gemini,3,24.0,54.0,18.231258377971745,34.471264374971135,4.0276819911981905,6.599663291074444,93.61977,5.768741622028255,19.528735625028865,0.2927490289041195
תפ_811-04-23,weapon,Gemini,3,15.0,26.0,24.957994039982196,48.81000251779744,8.602325267042627,12.036980056845191,93.41272333333332,9.957994039982196,22.810002517797443,0.03081945822007248
תפ_40327-10-19,drugs,Gemini,20,28.0,50.0,16.0,36.0,9.486305919587455,14.131878855976652,96.40048585,12.0,14.0,0.23529411764705882
תפ_19391-11-24,drugs,Gemini,4,6.0,14.0,18.0,39.0,4.242640687119285,6.708203932499369,94.840171,12.0,25.0,0.0
תפ_20796-10-23,drugs,Gemini,4,18.0,42.0,15.0,33.0,6.708203932499369,12.24744871391589,94.89916500000001,3.0,9.0,0.5555555555555556
תפ_41687-01-22,drugs,Gemini,9,18.0,42.0,20.0,42.0,32.48171375397336,48.15715015562187,95.01047166666666,2.0,0.0,0.9166666666666666
תפ_28811-02-18,drugs,Gemini,6,9.0,30.0,18.0,48.0,5.507570547286102,5.934831271588285,97.2274935,9.0,18.0,0.3076923076923077
תפ_9968-05-16,weapon,Gemini,21,10.0,24.0,13.917987113578567,37.124095043509065,4.5089983100060245,6.278495132895051,94.3528557142857,3.917987113578567,13.124095043509065,0.3716995118269986
תפ_29577-11-16,drugs,Gemini,3,6.0,12.0,18.0,36.0,3.39934634239519,6.79869268479038,96.08701,12.0,24.0,0.0
תפ_21113-08-12,weapon,Gemini,4,12.0,36.0,13.471594689646674,31.241129965666875,2.598076211353316,7.14142842854285,94.77208125,1.4715946896466736,4.758870034333125,0.7403973031675083
תפ_38631-06-20,drugs,Gemini,9,12.0,36.0,12.0,32.0,5.754225500544023,11.508451001088046,94.45739222222223,0.0,4.0,0.8333333333333334
תפ_9705-01-21,drugs,Gemini,5,0.0,10.0,6.0,12.0,8.380930735902785,19.1666376811375,95.15567300000001,6.0,2.0,0.3333333333333333
תפ_42707-08-21,drugs,Gemini,5,4.0,12.0,3.0,12.0,3.9496835316262997,5.878775382679628,96.00484200000001,1.0,0.0,0.8888888888888888
תפ_9986-02-22,weapon,Gemini,7,18.0,30.0,14.903057065293925,30.548317256171035,3.1815796359028696,5.421047417431507,93.70238699999997,3.0969429347060746,0.5483172561710354,0.767005460669635
תפ_54421-06-15,drugs,Gemini,7,0.0,12.0,0.0,12.0,2.948538205792899,3.81190401832181,96.03962357142858,0.0,0.0,1.0
תפ_13065-08-15,drugs,Gemini,7,8.0,24.0,10.0,24.0,1.7261494247992246,5.314592925068078,94.996398,2.0,0.0,0.875
תפ_61181-07-23,weapon,Gemini,4,36.0,72.0,41.51812564953554,73.23999539786452,23.296995514443488,29.017236257093817,95.32435224999999,5.518125649535541,1.2399953978645186,0.8185251911232084
תפ_27050-03-20,weapon,Gemini,23,15.0,40.0,19.049364720176733,40.27188243027191,7.415816133271864,9.955857202049417,94.99652326086955,4.049364720176733,0.2718824302719085,0.829009684483478
תפ_31602-06-20,drugs,Gemini,4,12.0,30.0,18.0,39.0,6.5383484153110105,12.84523257866513,95.095715,6.0,9.0,0.4444444444444444
תפ_20825-08-14,drugs,Gemini,5,1.0,3.0,6.0,16.0,6.8,14.987995196156154,94.60982320000001,5.0,13.0,0.0
תפ_54230-03-21,weapon,Gemini,27,12.0,36.0,19.856320464619984,39.50632253693087,7.704593965653414,8.329793486852342,94.80845392592593,7.856320464619984,3.506322536930867,0.5869079559328586
תפ_6678-12-20,drugs,Gemini,9,12.0,36.0,10.0,24.0,9.177266598624136,17.008349438357737,95.44113355555555,2.0,12.0,0.46153846153846156
תפ_691-09-19,drugs,Gemini,8,10.0,36.0,17.0,36.0,16.24807680927192,23.515952032609693,94.88985925,7.0,0.0,0.7307692307692307
תפ_4606-08-20,drugs,Gemini,7,6.0,18.0,5.0,18.0,3.880879344916036,4.389226141639205,94.91220085714288,1.0,0.0,0.9230769230769231
תפ_47168-03-18,drugs,Gemini,4,1.0,12.0,17.0,36.0,2.449489742783178,0.0,96.30048125,16.0,24.0,0.0
תפ_21679-04-15,drugs,Gemini,6,3.0,18.0,5.0,19.0,2.852873794770615,3.605551275463989,96.17085650000001,2.0,1.0,0.8125
תפ_3429-07-20,weapon,Gemini,16,48.0,72.0,27.036475358505673,51.744319674839666,14.941422079239981,21.248161685190556,94.3911174375,20.963524641494327,20.255680325160334,0.08327460324105113
תפ_30094-09-19,drugs,Gemini,3,7.0,18.0,6.0,18.0,3.39934634239519,3.39934634239519,96.55107500000001,1.0,0.0,0.9166666666666666
תפ_69899-11-20,drugs,Gemini,9,0.0,18.0,6.0,14.0,3.8873012632302,5.613035973473372,94.64109,6.0,4.0,0.4444444444444444
תפח_35048-04-17,weapon,Gemini,3,54.0,96.0,8.90830294720007,25.237270497102564,3.39934634239519,8.640987597877148,95.798205,45.09169705279993,70.76272950289743,0.0
תפ_2482-05-20,drugs,Gemini,10,6.0,18.0,8.0,19.0,4.715930449020639,6.273754856543249,96.045181,2.0,1.0,0.7692307692307693
תפ_68368-12-19,weapon,Gemini,12,20.0,42.0,18.79966114393452,42.01830287469073,7.146774719332413,11.718930554164631,95.120158,1.2003388560654784,0.01830287469073255,0.9475145124814964
תפ_68942-01-19,drugs,Gemini,10,21.0,48.0,24.0,61.0,13.124404748406688,18.805318396666408,95.11737450000001,3.0,13.0,0.6
תפ_1203-08-19,weapon,Gemini,14,30.0,54.0,21.508728551290623,44.944926399428546,7.66951292921712,9.493284414763513,94.7553727142857,8.491271448709377,9.055073600571454,0.4599674230360779
תפ_51943-05-20,drugs,Gemini,10,16.0,36.0,10.0,24.0,3.1320919526731648,5.986651818838306,95.3343985,6.0,12.0,0.3076923076923077
תפ_66150-06-22,weapon,Gemini,9,22.0,42.0,15.133537227692072,34.96684578190909,3.634539385288028,5.342584568965026,95.79173122222223,6.866462772307928,7.033154218090907,0.4826406025907665
תפ_22029-03-21,weapon,Gemini,18,9.0,36.0,21.469156750495287,40.70856453610502,7.543495276571353,9.299044156375547,94.57157972222222,12.469156750495287,4.708564536105023,0.45826241149955366
תפ_61816-07-23,drugs,Gemini,5,6.0,18.0,8.0,20.0,1.8547236990991407,3.4871191548325386,95.2066928,2.0,2.0,0.7142857142857143
תפ_15059-08-20,drugs,Gemini,3,15.0,42.0,24.0,48.0,12.96148139681572,24.166091947189145,95.53159466666666,9.0,6.0,0.5454545454545454
תפ_59796-01-22,weapon,Gemini,12,60.0,108.0,49.189843684871775,74.20300494500083,10.04987562112089,21.246404924650715,94.02976058333333,10.810156315128225,33.79699505499917,0.2415059886747363
תפ_2717-07-16,drugs,Gemini,11,18.0,36.0,6.0,18.0,5.009082659620331,9.344640926733717,95.63813045454545,12.0,18.0,0.0
תפ_41833-08-23,drugs,Gemini,4,36.0,84.0,47.0,80.0,12.835497652993435,12.336429791475327,96.18036775,11.0,4.0,0.6875
תפ_41946-07-16,drugs,Gemini,4,6.0,24.0,6.0,17.0,2.8284271247461903,7.262919523166975,96.39005025,0.0,7.0,0.6111111111111112
תפ_63000-01-18,weapon,Gemini,6,8.0,20.0,13.010929320887206,31.98191518321221,4.123105625617661,6.6332495807108,93.61206566666665,5.010929320887206,11.981915183212209,0.29143088138370515
תפ_13549-10-21,drugs,Gemini,11,0.0,18.0,6.0,18.0,4.588883441499623,5.39972451087909,96.13151418181816,6.0,0.0,0.6666666666666666
תפ_23836-05-13,drugs,Gemini,4,0.0,18.0,4.5,18.0,11.031205736455105,16.635804759614125,94.2199695,4.5,0.0,0.75
תפ_42231-01-20,drugs,Gemini,21,24.0,42.0,48.0,78.0,15.812822375335875,20.293090543569843,95.54469628571428,24.0,36.0,0.0
תפ_4415-02-18,drugs,Gemini,11,54.0,90.0,48.0,78.0,15.161935810465005,20.079182097859672,95.75667372727274,6.0,12.0,0.5714285714285714
תפ_43990-06-23,weapon,Gemini,11,36.0,54.0,20.080888153266834,41.17311786435309,7.69243483683861,8.621518341475397,94.08323945454545,15.919111846733166,12.826882135646912,0.15251336437487895
תפ_42497-03-21,drugs,Gemini,25,12.0,24.0,18.0,34.0,12.712576450114273,24.187798576968515,95.25636376,6.0,10.0,0.2727272727272727
תפ_3503-09-20,drugs,Gemini,11,12.0,24.0,12.0,24.0,9.42390138718418,15.502599088939785,96.598358,0.0,0.0,1.0
תפ_11199-09-21,drugs,Gemini,12,42.0,84.0,49.5,82.5,14.311029157805374,18.01388353465182,94.72760341666668,7.5,1.5,0.7857142857142857
תפ_22433-05-18,drugs,Gemini,16,45.0,75.0,51.0,87.5,11.890121950594114,15.455581516073732,95.65925656249999,6.0,12.5,0.5647058823529412
תפ_1390-04-22,weapon,Gemini,3,22.0,38.0,28.19366885829787,51.1517802962055,3.265986323710904,6.182412330330469,94.92110333333333,6.193668858297869,13.151780296205501,0.3363887571209007
תפ_18114-03-14,weapon,Gemini,4,4.0,9.0,4.8062128103165,21.173493100340284,1.0897247358851685,9.0,95.226456,0.8062128103164996,12.173493100340284,0.24420117475112868
תפ_20012-01-16,weapon,Gemini,4,6.0,12.0,4.221336819531927,19.8427410884824,0.82915619758885,9.807522622966516,95.22275825,1.7786631804680733,7.8427410884823985,0.384088389026956
תפ_12010-07-24,drugs,Gemini,4,6.0,18.0,5.5,16.0,3.5619517121937516,4.58257569495584,95.06602600000001,0.5,2.0,0.8
תפ_57002-03-23,weapon,Gemini,19,18.0,36.0,17.42046761709895,35.910990532720845,4.344576649155567,8.406566487621644,95.60987336842106,0.5795323829010499,0.08900946727915482,0.9640172940630373
תפ_46546-02-21,weapon,Gemini,8,48.0,84.0,45.93846742999669,71.47239424844645,11.913752557443855,28.5657137141714,93.956835625,2.0615325700033083,12.527605751553551,0.6166959831498032
תפ_9210-02-20,drugs,Gemini,8,6.0,18.0,12.0,24.0,4.841229182759271,8.422440263961509,96.85409625,6.0,6.0,0.3333333333333333
תפ_51094-10-14,weapon,Gemini,11,0.0,12.0,10.158993714832867,28.674354770396334,4.937627496000098,9.433543106234797,94.12290981818181,10.158993714832867,16.674354770396334,0.06420393065192193
תפ_19214-08-15,drugs,Gemini,11,6.0,15.0,7.0,18.0,10.124840576236984,14.518156201947004,94.94857963636365,1.0,3.0,0.6666666666666666
תפ_50301-09-22,weapon,Gemini,6,18.0,36.0,22.122374178060692,43.66964571065014,4.775516260631468,8.214147686901072,94.160389,4.122374178060692,7.669645710650137,0.5406239719226662
תפ_32793-08-18,drugs,Gemini,3,10.0,24.0,9.0,20.0,1.699673171197595,4.988876515698588,94.74408533333333,1.0,4.0,0.6666666666666666
תפ_50359-08-19,drugs,Gemini,8,10.0,20.0,24.0,54.0,9.041570660012562,11.6940155635265,94.747613375,14.0,34.0,0.0
תפ_16835-07-16,weapon,Gemini,10,24.0,60.0,11.1842492447768,30.7831854389305,3.1,6.708203932499369,94.041669,12.8157507552232,29.2168145610695,0.1389548523578675
תפ_4353-02-23,weapon,Gemini,9,12.0,36.0,21.606455656089658,43.783054229558296,16.013882865952418,26.82361222578917,93.96567399999999,9.606455656089658,7.783054229558296,0.45286850785171934
תפ_38135-04-15,weapon,Gemini,3,20.0,45.0,12.33957281233965,35.41199196764057,2.0548046676563256,4.109609335312651,94.45484533333332,7.66042718766035,9.588008032359433,0.47188580477182107
תפ_6136-07-14,weapon,Gemini,8,10.0,36.0,26.471400642498633,54.33094302037442,13.071318793450033,21.756823642250723,94.52501675,16.471400642498633,18.33094302037442,0.2149424015889317
תפ_70231-02-19,drugs,Gemini,7,36.0,60.0,24.0,54.0,11.575836902790225,14.119027543549528,95.52310114285714,12.0,6.0,0.5
תפ_43195-09-15,drugs,Gemini,5,8.0,18.0,9.0,24.0,3.8157568056677826,8.634813257969162,95.03985680000001,1.0,6.0,0.5625
תפ_33835-10-15,drugs,Gemini,25,0.0,12.0,0.0,12.0,4.629643614793691,5.850675174712745,95.83054655999999,0.0,0.0,1.0
תפ_31892-08-21,drugs,Gemini,12,0.0,10.0,7.5,19.0,4.231987975198207,5.734883511361751,94.82699699999999,7.5,9.0,0.13157894736842105
תפ_28288-11-15,drugs,Gemini,3,0.0,18.0,1.0,18.0,4.4969125210773475,4.898979485566356,95.30278166666666,1.0,0.0,0.9444444444444444
תפ_35342-09-23,drugs,Gemini,7,16.0,32.0,15.0,30.0,6.534055214873869,10.287698221365048,97.25268257142856,1.0,2.0,0.8235294117647058
תפ_12546-04-16,drugs,Gemini,3,6.0,18.0,10.0,22.0,5.887840577551898,11.430952132988164,94.66870533333334,4.0,4.0,0.5
תפ_10552-11-21,weapon,Gemini,16,24.0,36.0,16.887037623685746,38.7929283732459,11.27497228377968,21.365494962672877,94.4191413125,7.112962376314254,2.7929283732459,0.5477978566217832
תפ_55670-06-17,weapon,Gemini,10,48.0,84.0,50.54803552231272,89.06029201279026,14.745846872933411,25.98768939324926,93.77111810000001,2.5480355223127233,5.060292012790256,0.8147035210384527
תפ_9160-02-15,drugs,Gemini,9,45.0,85.0,54.0,90.0,13.224556283251582,17.857460314638498,95.41086655555556,9.0,5.0,0.6888888888888889
תפ_52355-03-22,weapon,Gemini,15,19.0,42.0,45.47905722386669,76.0817392851192,20.16223091712709,23.712162842445785,95.00221153333332,26.47905722386669,34.0817392851192,0.0
תפ_50520-12-17,drugs,Gemini,6,9.0,24.0,8.5,19.0,4.58257569495584,9.480975102218595,96.63459499999999,0.5,5.0,0.6451612903225806
תפ_7498-11-14,weapon,Gemini,3,36.0,72.0,36.39434970154,70.70534763073103,16.97056274847714,28.705400188814647,93.47630866666667,0.39434970154000126,1.2946523692689738,0.9530832758108618
תפ_1470-07-16,drugs,Gemini,8,9.0,24.0,8.5,18.0,4.183300132670378,8.290619699395215,95.48748825,0.5,6.0,0.5806451612903226
תפ_809-09-18,drugs,Gemini,4,24.0,42.0,24.5,47.5,3.5619517121937516,4.656984002549289,95.1191175,0.5,5.5,0.7446808510638298
תפ_36886-11-17,drugs,Gemini,4,10.0,24.0,3.0,11.0,9.836157786453,21.696773953747133,94.6853435,7.0,13.0,0.047619047619047616
תפ_75514-07-24,drugs,Gemini,18,56.0,88.0,48.0,78.0,22.620050103098063,30.85894831905366,96.34916994444444,8.0,10.0,0.55
תפ_39990-12-18,weapon,Gemini,9,6.0,18.0,35.71557295775063,59.09858128909684,27.275458149845086,32.75498265743533,93.87198233333334,29.71557295775063,41.09858128909684,0.0
תפ_51145-02-15,weapon,Gemini,7,36.0,72.0,39.87259421116667,158.99490072238103,7.761758689832071,227.11536221731467,94.31688799999999,3.872594211166671,86.99490072238103,0.26120925014078406
תפ_52725-01-21,drugs,Gemini,4,6.0,12.0,4.0,18.0,5.894913061275798,10.428326807307105,96.6707975,2.0,6.0,0.42857142857142855
תפ_65630-05-23,weapon,Gemini,11,42.0,78.0,21.81253109098649,48.107709270234196,12.015829779472417,20.669776714359728,94.67624590909091,20.18746890901351,29.892290729765804,0.10870233859661199
תפ_14449-06-13,drugs,Gemini,4,6.0,12.0,8.0,18.0,2.179449471770337,3.570714214271425,94.22730499999999,2.0,6.0,0.3333333333333333
תפ_46386-01-14,drugs,Gemini,5,12.0,24.0,6.0,18.0,0.9797958971132712,2.5298221281347035,94.95309800000001,6.0,6.0,0.3333333333333333
תפ_35979-08-19,weapon,Gemini,4,12.0,36.0,15.295493610698758,37.35520757197502,4.866980583482946,9.219544457292887,94.88995,3.295493610698758,1.355207571975022,0.8165780670707593
תפ_35396-04-22,weapon,Gemini,6,20.0,40.0,18.30148163213119,37.04313067589288,4.487637339278753,5.385164807134504,93.96951999999999,1.698518367868811,2.9568693241071173,0.7854513560303901
תפ_48512-04-15,drugs,Gemini,6,0.0,12.0,6.0,16.5,3.4480268109295333,5.024937810560445,96.17901583333332,6.0,4.5,0.36363636363636365
תפ_553-06-14,weapon,Gemini,9,6.0,36.0,7.968782382482116,23.288200644783235,2.8674417556808756,7.489910909490096,94.22278611111112,1.9687823824821162,12.711799355216765,0.5106472754100373
תפ_70546-07-17,drugs,Gemini,4,6.0,20.0,8.0,18.0,5.494315243958978,7.794228634059948,95.78387749999999,2.0,2.0,0.7142857142857143
תפ_2200-02-18,drugs,Gemini,8,6.0,24.0,6.0,22.0,0.9682458365518543,2.331844763272204,95.2423175,0.0,2.0,0.8888888888888888
תפ_60792-07-18,weapon,Gemini,12,26.0,52.0,20.412857912245734,45.250246823369636,8.870597499605086,13.99603118347801,94.09771366666666,5.587142087754266,6.749753176630364,0.6094330018806162
תפ_54676-12-22,drugs,Gemini,8,0.0,6.0,10.0,24.0,6.5717197140474575,10.073945354229394,95.842005,10.0,18.0,0.0
תפ_28360-02-13,weapon,Gemini,9,6.0,24.0,12.66878392591438,31.295946431901562,6.629526173411688,12.19997976116516,94.40590911111111,6.668783925914379,7.295946431901562,0.44794592305886
תפ_41216-03-22,weapon,Gemini,17,14.0,24.0,17.0924607710049,37.840339262875936,4.345781074650324,6.944166853352332,95.60115994117646,3.0924607710049017,13.840339262875936,0.2897416497655084
תפ_1175-08-21,drugs,Gemini,18,10.0,24.0,5.5,12.0,4.148478822798771,5.70574758954123,96.16623583333335,4.5,12.0,0.10810810810810811
תפ_52455-07-12,weapon,Gemini,4,8.0,16.0,8.925864757099315,21.069430826869027,3.0,8.584142356694699,96.0341975,0.9258647570993155,5.069430826869027,0.5412733987127576
תפ_54272-11-23,drugs,Gemini,3,18.0,36.0,10.0,20.0,5.887840577551898,14.636332266733431,96.56110333333334,8.0,16.0,0.07692307692307693
תפ_55366-02-17,drugs,Gemini,17,20.0,50.0,30.0,72.0,17.587153222665364,24.16666467804152,95.1777785882353,10.0,22.0,0.38461538461538464
תפ_22978-11-21,drugs,Gemini,20,9.0,20.0,8.0,18.0,2.3108440016582685,3.6314597615834874,96.0277134,1.0,2.0,0.75
תפ_3537-01-23,weapon,Gemini,13,16.0,30.0,21.225623537935675,40.23370972288041,14.213503038978576,19.41633546373354,94.96265515384616,5.225623537935675,10.233709722880413,0.36207318493131657
תפ_63073-07-22,drugs,Gemini,10,0.0,8.0,6.0,15.0,2.808914381037628,3.5832945734337835,95.12378600000001,6.0,7.0,0.13333333333333333
תפ_30913-02-21,drugs,Gemini,14,14.0,30.0,6.0,18.0,4.046288296648156,5.81518069629932,95.93927449999998,8.0,12.0,0.16666666666666666
תפ_25269-01-20,drugs,Gemini,8,3.0,12.0,0.0,12.0,3.6890886408434267,3.5333235062756425,95.662806875,3.0,0.0,0.75
תפ_3618-03-23,drugs,Gemini,5,9.0,24.0,10.0,24.0,4.0,9.879271228182775,95.756533,1.0,0.0,0.9333333333333333
תפ_35907-11-14,drugs,Gemini,3,8.0,20.0,8.0,18.0,2.357022603955158,3.7712361663282534,94.64576,0.0,2.0,0.8333333333333334
תפ_62866-06-20,drugs,Gemini,5,14.0,30.0,6.0,15.0,2.33238075793812,2.925747767665559,96.07887380000001,8.0,15.0,0.041666666666666664
תפ_47067-01-16,drugs,Gemini,5,0.0,12.0,6.0,15.0,3.6660605559646724,3.2,95.786583,6.0,3.0,0.4
תפ_3001-08-12,drugs,Gemini,4,10.0,30.0,15.5,30.0,0.82915619758885,1.4142135623730951,96.74625225,5.5,0.0,0.725
תפ_41851-06-12,weapon,Gemini,4,12.0,40.0,22.243873169062923,41.04070205496962,13.219304066402286,28.96118091514916,94.445235,10.243873169062923,1.0407020549696213,0.6114220929413978
תפ_62958-09-17,weapon,Gemini,4,6.0,12.0,33.96695686479959,64.41339862909564,18.0,26.622359023948274,95.40907375,27.96695686479959,52.41339862909564,0.0
תפ_51354-02-17,drugs,Gemini,4,15.0,36.0,12.0,29.0,16.813313177360374,29.02046691560975,94.7875735,3.0,7.0,0.5833333333333334
תפ_1352-08-22,drugs,Gemini,5,54.0,96.0,36.0,72.0,11.48216007552586,11.832159566199232,95.534859,18.0,24.0,0.3
תפ_41855-07-16,weapon,Gemini,9,20.0,48.0,25.536760927838863,49.81444048179959,11.88836966675134,12.838983845026036,95.35995199999999,5.536760927838863,1.8144404817995934,0.7534348694510621
תפ_12466-10-21,weapon,Gemini,7,22.0,45.0,24.56657278344671,44.34565087911991,3.282607226593159,6.62709343128183,94.28370842857143,2.566572783446709,0.6543491208800916,0.8599599172031825
תפ_56677-02-23,weapon,Gemini,13,28.0,42.0,26.28026185826813,45.01001972996367,10.661549561543785,10.178873584813857,94.05748592307694,1.7197381417318702,3.0100197299636733,0.7474736243738012
תפ_31661-09-17,weapon,Gemini,5,6.0,30.0,36.32854392300439,67.7433578651355,17.045820602130014,25.056735621385318,94.87350219999999,30.32854392300439,37.74335786513549,0.0
תפ_50082-03-16,drugs,Gemini,4,18.0,48.0,29.0,55.0,41.24318125460256,57.60859310901456,95.979219,11.0,7.0,0.5135135135135135
תפ_30310-09-19,drugs,Gemini,3,24.0,48.0,12.0,36.0,6.599663291074444,13.59738536958076,96.391572,12.0,12.0,0.3333333333333333
תפ_44694-10-18,drugs,Gemini,4,8.0,18.0,12.0,27.0,12.439855304624729,19.209372712298546,97.31848500000001,4.0,9.0,0.3157894736842105
תפ_22426-12-15,drugs,Gemini,4,6.0,12.0,7.5,24.0,1.7853571071357126,3.840572873934304,95.7502085,1.5,12.0,0.25
תפ_53860-09-14,weapon,Gemini,3,8.0,24.0,10.083283803753254,26.806947878629778,10.198039027185569,15.4344492037203,93.71830833333333,2.083283803753254,2.806947878629778,0.7399773895295486
תפ_62059-03-14,drugs,Gemini,8,12.0,48.0,10.5,30.0,3.112474899497183,7.262919523166975,95.39520825,1.5,18.0,0.48
תפ_3622-10-13,weapon,Gemini,10,8.0,24.0,11.40378197133231,34.10763603141154,8.823264701911645,19.734234213670415,94.3887144,3.403781971332309,10.107636031411538,0.4824725614189077
תפ_12543-08-23,weapon,Gemini,5,24.0,42.0,21.884569007416594,48.17970730149149,13.386560424545209,24.21239352067449,93.5840328,2.1154309925834056,6.17970730149149,0.6845371870151356
תפ_27864-06-19,drugs,Gemini,4,12.0,30.0,11.0,24.0,13.06713434537198,20.92844953645635,97.1186965,1.0,6.0,0.631578947368421
תפ_63360-04-21,weapon,Gemini,35,18.0,45.0,21.222071321134607,43.20860829840628,9.504284748019105,11.53719804699175,94.89480917142858,3.2220713211346066,1.7913917015937173,0.8143161843433954
תפ_4676-01-20,weapon,Gemini,6,24.0,48.0,48.74414129215813,61.96761315645017,32.68876803361601,38.27386691841953,94.71614483333333,24.744141292158133,13.96761315645017,0.0
תפ_29550-06-13,drugs,Gemini,8,9.0,28.0,7.5,18.0,3.0,5.3091901453988255,94.871883125,1.5,10.0,0.43902439024390244
תפ_42291-02-16,weapon,Gemini,9,12.0,36.0,18.146900847976973,39.408057780102546,11.631162909068205,18.517925916444142,93.70485222222223,6.146900847976973,3.4080577801025456,0.6513814037922767
תפ_64660-01-22,drugs,Gemini,8,33.0,60.0,9.0,24.0,2.4717149916606487,2.9154759474226504,95.310255,24.0,36.0,0.0
תפ_13718-09-16,drugs,Gemini,16,48.0,84.0,54.0,90.0,10.59167568187395,13.869931506680198,95.80793374999999,6.0,6.0,0.7142857142857143
תפ_26647-05-17,drugs,Gemini,6,8.0,18.0,10.0,25.0,10.776775440218142,16.54958878307521,94.70094266666666,2.0,7.0,0.47058823529411764
תפ_13223-02-22,drugs,Gemini,3,15.0,30.0,20.0,42.0,5.887840577551898,5.734883511361751,96.02601800000001,5.0,12.0,0.37037037037037035
תפ_3510-06-15,weapon,Gemini,6,12.0,36.0,23.965143402401317,49.955479457567876,11.718930554164631,14.142135623730951,94.41212733333334,11.965143402401317,13.955479457567876,0.3170782392843433
תפ_41886-08-15,weapon,Gemini,5,12.0,36.0,9.695959407614385,26.557327226064377,8.818163074019441,12.83744522870497,93.55478000000001,2.304040592385615,9.442672773935623,0.5534255155566621
תפ_51207-09-12,weapon,Gemini,9,6.0,12.0,14.34855266738768,33.33404949291581,9.706813185707357,11.274356350191843,93.69338433333333,8.34855266738768,21.33404949291581,0.0
תפ_21557-06-16,drugs,Gemini,6,6.0,16.0,6.0,21.0,2.6246692913372702,7.06320670013903,96.10730000000001,0.0,5.0,0.6666666666666666
תפ_3491-09-16,drugs,Gemini,6,2.0,10.0,6.0,18.0,2.034425935955617,5.82141639885766,96.34275016666668,4.0,8.0,0.25
תפ_45759-12-17,drugs,Gemini,4,5.0,10.0,6.0,21.0,3.570714214271425,4.9749371855331,94.92469,1.0,11.0,0.25
תפ_30580-02-21,drugs,Gemini,12,120.0,180.0,27.0,54.0,16.335671601335118,25.509802037648196,94.40502333333335,93.0,126.0,0.0
תפ_46978-01-22,drugs,Gemini,15,54.0,78.0,48.0,78.0,24.783507060588143,33.56082372184701,94.76710293333335,6.0,0.0,0.8
תפ_44962-08-23,weapon,Gemini,12,12.0,36.0,14.358057036461524,32.60656004836733,4.406434688800762,8.142822333537405,94.90846291666666,2.358057036461524,3.393439951632672,0.7603542921627419
תפ_14824-12-13,weapon,Gemini,3,10.0,30.0,9.270814398377588,27.81244319513277,0.9428090415820634,2.8284271247461903,96.45946166666666,0.7291856016224116,2.1875568048672314,0.8592929571598145
תפ_21748-05-16,weapon,Gemini,3,10.0,30.0,9.341319221360596,28.023957664081784,0.9428090415820634,2.8284271247461903,94.64718333333333,0.658680778639404,1.9760423359182155,0.8724641160396911
תפ_55287-02-17,drugs,Gemini,17,30.0,60.0,36.0,72.0,18.687004903117433,26.74084262621247,95.77937023529411,6.0,12.0,0.5714285714285714
תפ_18449-04-23,weapon,Gemini,11,15.0,30.0,15.65735627414761,35.760225672338976,3.867644979305936,5.077905470461434,95.32937500000001,0.6573562741476096,5.760225672338976,0.690871282047892
תפ_52219-06-17,weapon,Gemini,5,12.0,48.0,13.4764519698427,36.328391519631225,5.878775382679628,7.58946638440411,94.11559400000002,1.4764519698426994,11.671608480368775,0.6347760986052369
תפ_22642-11-23,weapon,Gemini,10,8.0,20.0,14.348029074885815,32.733006732150855,4.313930922024598,7.696752561957543,94.6646696,6.348029074885815,12.733006732150855,0.22851936225639286
תפ_7832-07-20,drugs,Gemini,4,18.0,36.0,15.0,36.0,6.708203932499369,12.99038105676658,95.55420724999999,3.0,0.0,0.8571428571428571
תפ_58413-06-17,weapon,Gemini,5,4.0,20.0,17.29097944116377,38.122130323068646,19.103926298015285,30.838936427834213,94.23456100000001,13.29097944116377,18.122130323068646,0.07939189415160185
תפ_17410-08-13,drugs,Gemini,12,9.0,18.0,12.0,30.0,11.653564070942226,17.616871648129433,95.29939925000001,3.0,12.0,0.2857142857142857
תפ_29090-08-15,drugs,Gemini,3,2.0,14.0,6.0,12.0,2.8284271247461903,5.656854249492381,94.29297466666667,4.0,2.0,0.5
תפ_4413-05-13,drugs,Gemini,7,6.0,18.0,6.0,18.0,2.602981022612657,7.45872998983235,95.17760742857142,0.0,0.0,1.0
תפ_24000-05-20,weapon,Gemini,4,20.0,40.0,16.914679411309457,37.3178046318436,1.7320508075688772,4.9749371855331,94.43802500000001,3.085320588690543,2.6821953681563997,0.750165221457984
תפ_33552-09-16,weapon,Gemini,8,18.0,42.0,16.349845503824046,35.183559463470985,2.8256636388643286,6.6332495807108,95.32518887500001,1.6501544961759542,6.816440536529015,0.6699203104617866
תפ_56668-06-17,drugs,Gemini,6,0.0,6.0,0.0,8.5,3.72677996249965,6.011562932290478,94.98167016666667,0.0,2.5,0.7058823529411765
תפ_44279-06-21,drugs,Gemini,4,8.0,20.0,9.5,20.0,1.118033988749895,3.570714214271425,96.14252225,1.5,0.0,0.875
תפ_44658-09-22,drugs,Gemini,12,11.0,24.0,8.0,19.0,2.1343747458109497,3.3124344857252983,95.1423845,3.0,5.0,0.5
תפ_47627-07-15,drugs,Gemini,3,24.0,48.0,18.0,36.0,9.568466729604882,13.199326582148887,95.459714,6.0,12.0,0.4
תפ_37958-02-19,drugs,Gemini,5,24.0,40.0,54.0,78.0,31.90987308028661,40.725422035873365,95.7453212,30.0,38.0,0.0
תפ_3884-10-23,weapon,Gemini,9,24.0,48.0,14.925752924545552,33.6168795289555,4.148478822798771,7.529366376043296,94.44813155555556,9.074247075454448,14.3831204710445,0.2907663931703685
תפ_57089-02-19,drugs,Gemini,4,6.0,24.0,0.0,12.0,3.031088913245535,1.299038105676658,96.42556375000001,6.0,12.0,0.25
תפ_57185-01-24,drugs,Gemini,6,6.0,20.0,5.5,15.5,2.943920288775949,3.6514837167011076,96.08663833333334,0.5,4.5,0.6551724137931034
תפ_69797-03-23,weapon,Gemini,18,28.0,48.0,41.83482466697728,72.63371536949273,16.62374101795678,23.10316369763038,96.36450333333332,13.834824666977283,24.633715369492734,0.1381282127643945
תפ_33745-01-13,drugs,Gemini,5,42.0,72.0,48.0,84.0,11.128342194594843,15.829087149927503,94.492152,6.0,12.0,0.5714285714285714
תפ_56694-07-20,drugs,Gemini,3,6.0,20.0,3.0,15.0,3.7416573867739413,5.0990195135927845,93.976925,3.0,5.0,0.5294117647058824
תפ_7871-06-14,drugs,Gemini,6,8.0,18.0,9.5,21.0,4.017323597731316,8.615231988880057,95.366011,1.5,3.0,0.6538461538461539
תפ_27542-11-14,drugs,Gemini,4,3.0,12.0,6.0,17.0,2.8284271247461903,7.262919523166975,96.232775,3.0,5.0,0.42857142857142855
תפ_14786-03-20,drugs,Gemini,4,8.0,14.0,9.5,20.0,1.118033988749895,1.7320508075688772,95.33723625,1.5,6.0,0.375
תפ_65985-03-17,drugs,Gemini,7,8.0,18.0,8.0,18.0,2.821202522590214,4.0,95.49016628571428,0.0,0.0,1.0
תפ_44882-08-13,drugs,Gemini,14,14.0,30.0,27.0,49.0,16.607872487812173,25.545976958721116,95.06760871428573,13.0,19.0,0.08571428571428572
תפ_8917-06-22,drugs,Gemini,9,15.0,30.0,11.0,27.0,4.546060565661952,7.573508083534211,96.37472377777777,4.0,3.0,0.631578947368421
תפ_57939-01-21,drugs,Gemini,10,6.0,18.0,7.0,18.0,6.352952069707436,9.033271832508971,95.76104269999999,1.0,0.0,0.9166666666666666
תפ_64832-01-15,weapon,Gemini,4,36.0,84.0,23.72842876129638,70.1336176139377,12.0,20.068632240389476,94.1276575,12.271571238703618,13.866382386062298,0.5663303098363341
תפ_24053-04-20,drugs,Gemini,5,8.0,18.0,12.0,24.0,5.6000000000000005,9.329523031752482,94.07360899999999,4.0,6.0,0.375
תפ_22140-04-18,drugs,Gemini,3,48.0,84.0,54.0,90.0,14.142135623730951,22.627416997969522,96.43491833333333,6.0,6.0,0.7142857142857143
תפ_59067-03-21,drugs,Gemini,15,10.0,27.0,9.0,24.0,6.651983831075426,10.613618086632329,95.88082200000001,1.0,3.0,0.7777777777777778
תפ_69202-11-18,drugs,Gemini,6,12.0,24.0,18.0,48.0,5.507570547286102,5.934831271588285,97.40003000000002,6.0,24.0,0.16666666666666666
תפ_47753-11-14,drugs,Gemini,4,0.0,12.0,0.0,13.5,3.031088913245535,5.889609494694874,96.74787,0.0,1.5,0.8888888888888888
תפ_54338-03-21,weapon,Gemini,6,48.0,96.0,87.47107412040897,136.06111355493695,12.84523257866513,19.519221295943137,94.01323983333333,39.47107412040897,40.06111355493695,0.09685235100133335
תפ_26521-02-14,weapon,Gemini,9,7.0,30.0,9.643975843018495,31.30849776301559,2.260776661041756,3.7712361663282534,94.250186,2.643975843018495,1.3084977630155912,0.8374036254906867
תפ_37871-05-19,weapon,Gemini,6,96.0,144.0,79.9338500801851,128.9495182098347,18.466185312619388,23.600847442411894,95.70783,16.066149919814904,15.050481790165293,0.5143046406109041
תפ_116-07-16,drugs,Gemini,7,9.0,20.0,6.0,20.0,5.283783431116265,8.80630571852711,96.13601785714285,3.0,0.0,0.7857142857142857
תפ_36797-07-23,drugs,Gemini,3,9.0,24.0,14.0,36.0,7.118052168020874,7.542472332656507,95.96264333333333,5.0,12.0,0.37037037037037035
תפ_8999-05-14,weapon,Gemini,5,12.0,36.0,51.65455663500102,83.25316068116929,51.805791182067665,71.804178151414,95.7104618,39.65455663500102,47.25316068116929,0.0
תפ_26620-12-16,drugs,Gemini,3,30.0,60.0,24.0,72.0,14.142135623730951,19.79898987322333,95.46679333333333,6.0,12.0,0.625
תפ_26762-06-14,drugs,Gemini,14,6.0,12.0,8.0,24.0,4.233611860782127,4.060762972443399,94.92314328571429,2.0,12.0,0.2222222222222222
תפ_52256-03-20,weapon,Gemini,10,10.0,24.0,17.685890976670628,35.11715841825845,2.8301943396169813,6.10655385630881,95.1212865,7.685890976670628,11.117158418258448,0.2513862801748883
תפח_1010-09,weapon,Gemini,5,36.0,60.0,100.8824406229466,143.7194453947334,50.684908996662905,65.9017450451807,95.4609028,64.8824406229466,83.71944539473341,0.0
תפח_1103-06,weapon,Gemini,5,36.0,60.0,101.4667551377274,144.40248404095814,50.684908996662905,65.9017450451807,95.15677980000001,65.4667551377274,84.40248404095814,0.0
תפ_68645-11-20,drugs,Gemini,13,20.0,36.0,18.0,48.0,12.874450640316303,20.733302257122645,96.39379384615384,2.0,12.0,0.5333333333333333
תפ_11608-07-16,drugs,Gemini,17,24.0,42.0,36.0,72.0,16.89106149646933,22.121401433545817,95.63304576470588,12.0,30.0,0.125
תפ_29520-01-21,drugs,Gemini,4,9.0,30.0,24.0,48.0,7.3484692283495345,14.696938456699069,97.11227224999999,15.0,18.0,0.15384615384615385
תפ_30684-06-21,weapon,Gemini,8,60.0,108.0,31.293177453509212,54.65773700475553,30.80761878172346,42.04759208325728,94.29127112500001,28.706822546490788,53.34226299524447,0.0
תפ_13365-08-13,drugs,Gemini,6,0.0,24.0,3.0,13.5,3.7712361663282534,5.112620550059322,97.12682249999999,3.0,10.5,0.4375
תפ_27340-04-18,drugs,Gemini,4,8.0,18.0,8.0,18.0,0.8660254037844386,2.598076211353316,96.25229,0.0,0.0,1.0
תפ_29671-12-13,weapon,Gemini,3,10.0,36.0,18.0,42.61426695839417,0.0,3.7712361663282534,94.69725,8.0,6.614266958394168,0.5519057050389173
תפ_36909-07-20,weapon,Gemini,4,54.0,60.0,51.93875472463074,85.1816949342236,23.637893307145628,27.617928959282953,95.0447735,2.0612452753692594,25.1816949342236,0.1804894501560542
תפ_36369-08-17,weapon,Gemini,4,6.0,22.0,10.725712325271639,30.89413355873234,4.205650960315181,7.14142842854285,94.26866,4.725712325271639,8.894133558732339,0.4528893382904495
תפ_54487-02-16,drugs,Gemini,5,8.0,20.0,9.0,20.0,4.409081537009721,8.0,96.69574859999999,1.0,0.0,0.9166666666666666
תפ_26087-05-16,weapon,Gemini,7,36.0,60.0,17.806404081923024,44.502858393902066,7.925675146674398,11.86144500265547,94.59174857142857,18.193595918076976,15.497141606097934,0.20152011718582136
תפ_39950-12-15,weapon,Gemini,5,6.0,20.0,11.894703243920954,31.34222354512994,5.513619500836088,12.092973166264779,94.05273,5.894703243920954,11.34222354512994,0.31983368553453767
תפ_43941-10-14,drugs,Gemini,4,0.0,12.0,6.0,12.0,2.165063509461097,2.598076211353316,95.36675749999999,6.0,0.0,0.5
תפ_65070-08-21,weapon,Gemini,6,108.0,156.0,48.23400943718265,80.48664189089112,26.46853477873933,39.84414079329049,95.46076916666665,59.76599056281735,75.51335810910888,0.0
תפ_7089-03-21,weapon,Gemini,7,18.0,30.0,16.931321563815587,31.82966399013975,7.1799039275023215,12.06783547539593,94.40118,1.0686784361844133,1.8296639901397498,0.8054587320262536
תפ_8290-04-15,weapon,Gemini,4,7.0,16.0,19.76179730128227,40.632567108543014,5.0990195135927845,8.54400374531753,95.31342775000002,12.761797301282272,24.632567108543014,0.0
תפ_16505-02-18,weapon,Gemini,6,10.0,30.0,16.28022370000351,37.028604478519725,8.914719413544221,15.304320377665327,94.73237999999999,6.280223700003511,7.028604478519725,0.5076020965455291
תפ_26596-01-24,drugs,Gemini,3,20.0,50.0,10.0,20.0,4.988876515698588,8.055363982396383,96.70457166666667,10.0,30.0,0.0
תפ_8858-10-19,drugs,Gemini,4,0.0,12.0,4.0,13.5,4.0,3.031088913245535,96.120025,4.0,1.5,0.5925925925925926
תפ_53784-12-13,weapon,Gemini,3,4.0,18.0,8.004785141670153,26.671878163918638,2.943920288775949,6.79869268479038,93.87361133333333,4.004785141670153,8.671878163918638,0.44086399838884194
תפ_1158-05-20,weapon,Gemini,4,28.0,48.0,12.74555894579438,29.97492775167503,1.299038105676658,4.242640687119285,94.835925,15.25444105420562,18.02507224832497,0.05601926147796444
תפ_30558-12-21,drugs,Gemini,8,9.0,20.0,8.0,18.0,1.3228756555322954,3.605551275463989,96.3165845,1.0,2.0,0.75
תפ_53169-10-13,weapon,Gemini,3,6.0,30.0,13.676830660125956,33.154800330679194,4.189935029992179,4.714045207910317,94.95224,7.676830660125956,3.154800330679194,0.6011154249376787
תפ_36704-02-22,weapon,Gemini,6,84.0,108.0,82.66165520847744,135.64616911762326,19.519221295943137,22.561028345356956,95.087664,1.3383447915225588,27.64616911762326,0.4529625399820321
תפ_54179-09-14,drugs,Gemini,5,0.0,18.0,6.0,18.0,4.749736834815167,5.71314274283428,95.227067,6.0,0.0,0.6666666666666666
תפ_7086-04-23,drugs,Gemini,9,14.0,24.0,9.0,24.0,7.8943642970362715,11.79558402408019,96.23181933333333,5.0,0.0,0.6666666666666666
תפ_56726-02-23,drugs,Gemini,3,9.0,24.0,8.0,18.0,1.247219128924647,0.9428090415820634,96.00387166666667,1.0,6.0,0.5625
תפ_30669-04-15,weapon,Gemini,6,12.0,20.0,16.153593232705983,36.916032273000525,1.863389981249825,4.123105625617661,94.12541833333334,4.153593232705983,16.916032273000525,0.1543747706356142
תפ_34829-07-15,drugs,Gemini,4,8.0,14.0,18.0,42.0,8.246211251235321,14.394009170484782,95.0837055,10.0,28.0,0.0
תפ_44427-10-18,drugs,Gemini,4,12.0,24.0,11.0,27.0,13.06713434537198,20.3654118544163,96.93785000000001,1.0,3.0,0.75
תפ_30013-04-21,drugs,Gemini,5,8.0,24.0,9.0,24.0,2.244994432064365,3.2,95.16623,1.0,0.0,0.9375
תפ_37364-07-15,drugs,Gemini,3,2.0,5.0,6.0,18.0,2.8284271247461903,10.198039027185569,94.31009333333333,4.0,13.0,0.0
תפ_29504-09-13,drugs,Gemini,5,6.0,16.0,10.0,24.0,4.0,6.6211781428987395,96.448819,4.0,8.0,0.3333333333333333
תפ_52882-04-15,drugs,Gemini,4,30.0,70.0,14.0,36.0,46.75133687928079,65.9147176281595,95.90046875,16.0,34.0,0.10714285714285714
תפ_41088-05-20,drugs,Gemini,7,6.0,20.0,4.0,18.0,2.6726124191242437,3.5456210417116734,95.75822985714287,2.0,2.0,0.75
תפ_46903-02-13,drugs,Gemini,3,0.0,12.0,0.0,12.0,2.8284271247461903,1.4142135623730951,95.43212133333333,0.0,0.0,1.0
תפ_40076-02-19,weapon,Gemini,4,8.0,18.0,12.268720741737546,28.631754252026624,1.0897247358851685,2.598076211353316,95.54880499999999,4.268720741737546,10.631754252026624,0.277789236351508
תפ_24079-11-19,drugs,Gemini,4,10.0,22.0,10.0,27.0,6.139014578904337,12.031209415515965,94.8855815,0.0,5.0,0.7058823529411765
תפ_45550-02-13,weapon,Gemini,3,12.0,36.0,12.0,28.49928257855388,0.0,5.656854249492381,94.56759666666666,0.0,7.500717421446119,0.687470107439745
תפ_53788-02-16,drugs,Gemini,8,0.0,8.0,1.5,12.0,3.570714214271425,5.545268253204709,95.909677375,1.5,4.0,0.5416666666666666
תפ_10902-08-22,drugs,Gemini,5,12.0,27.0,9.0,18.0,10.4,15.697133496278868,94.13004020000001,3.0,9.0,0.3333333333333333
תפ_52204-12-21,drugs,Gemini,3,10.0,20.0,10.0,24.0,5.2493385826745405,5.656854249492381,95.64288666666666,0.0,4.0,0.7142857142857143
תפ_21800-08-23,drugs,Gemini,6,10.0,20.0,7.0,21.0,6.548960901462833,11.01135777277262,95.72467733333333,3.0,1.0,0.7142857142857143
תפ_6421-12-11,weapon,Gemini,5,42.0,120.0,55.724476845945176,90.57277658566755,21.525798475317938,28.18794068391659,94.3420832,13.724476845945176,29.427223414332445,0.44677307358618434
תפ_9649-10-22,drugs,Gemini,4,15.0,34.0,7.0,18.0,3.278719262151,5.196152422706632,94.74484149999999,8.0,16.0,0.1111111111111111
תפ_4712-02-24,drugs,Gemini,3,8.0,20.0,6.0,18.0,3.39934634239519,2.0548046676563256,95.56720166666666,2.0,2.0,0.7142857142857143
תפ_61659-01-20,drugs,Gemini,4,14.0,24.0,16.0,30.0,3.1622776601683795,8.842369591913696,96.80157750000001,2.0,6.0,0.5
תפ_13861-04-17,drugs,Gemini,4,24.0,48.0,15.0,33.0,4.9749371855331,10.428326807307105,94.85041125000001,9.0,15.0,0.2727272727272727
תפ_18944-02-19,drugs,Gemini,3,30.0,48.0,9.0,18.0,3.2998316455372216,5.656854249492381,95.070712,21.0,30.0,0.0
תפ_49374-04-14,drugs,Gemini,3,8.0,18.0,6.0,12.0,2.8284271247461903,11.313708498984761,94.83911266666667,2.0,6.0,0.3333333333333333
תפ_18285-08-16,drugs,Gemini,5,0.0,12.0,0.0,12.0,2.4,3.2,97.13675900000001,0.0,0.0,1.0
תפ_16521-01-22,weapon,Gemini,13,26.0,48.0,26.137133574406526,42.05849639593136,9.891721480417544,10.854606635300083,94.75010453846153,0.1371335744065263,5.941503604068643,0.7236983100693105
תפח_2642-04-19,weapon,Gemini,4,156.0,228.0,23.233692740167633,45.53357777775638,7.46240577829965,5.545268253204709,95.58401475000001,132.76630725983236,182.46642222224364,0.0
תפ_63404-02-24,drugs,Gemini,7,18.0,32.0,15.0,30.0,6.446008098673415,10.287698221365048,96.65486285714285,3.0,2.0,0.7058823529411765
תפ_35684-04-18,weapon,Gemini,10,40.0,80.0,37.92523171975816,71.54912970731243,20.99142682144308,28.47384765008059,95.5688255,2.074768280241841,8.450870292687569,0.7498349009833475
תפ_25474-11-15,drugs,Gemini,5,8.0,20.0,6.0,18.0,2.6832815729997477,8.522910301065007,95.032145,2.0,2.0,0.7142857142857143
תפ_63955-03-17,drugs,Gemini,5,33.0,66.0,30.0,60.0,12.58570617804182,17.798876369029593,95.5453292,3.0,6.0,0.75
תפ_39612-02-20,drugs,Gemini,5,20.0,40.0,0.0,12.0,3.4871191548325386,3.8781438859330635,95.6572148,20.0,28.0,0.0
תפ_15627-03-19,weapon,Gemini,10,24.0,48.0,20.294165968017076,43.36866548120216,5.459853477887479,9.687104830649869,94.7034536,3.705834031982924,4.631334518797843,0.6990825635800552
תפ_620-01-17,drugs,Gemini,16,54.0,90.0,54.0,90.0,7.701207291717319,9.685483661129163,96.2414884375,0.0,0.0,1.0
תפ_30401-06-20,drugs,Gemini,5,12.0,24.0,10.0,24.0,1.7888543819998317,4.8,94.44925500000001,2.0,0.0,0.8571428571428571
תפ_29269-02-14,drugs,Gemini,6,12.0,30.0,16.0,30.0,7.624886155798583,13.58512258154322,95.3883775,4.0,0.0,0.7777777777777778
תפ_41280-09-16,drugs,Gemini,8,66.0,108.0,54.0,90.0,8.584142356694699,10.894379284750462,95.87080425,12.0,18.0,0.4444444444444444
תפ_65260-11-15,drugs,Gemini,4,6.0,12.0,0.0,9.0,2.598076211353316,4.9749371855331,97.05483125,6.0,3.0,0.25
תפ_21678-03-18,drugs,Gemini,4,0.0,9.0,3.0,14.5,4.9749371855331,6.378675411086537,94.885621,3.0,5.5,0.41379310344827586
תפ_35116-09-24,drugs,Gemini,7,18.0,36.0,15.0,30.0,6.446008098673415,10.167976942442426,96.36054142857142,3.0,6.0,0.5714285714285714
תפ_29984-08-16,weapon,Gemini,3,120.0,180.0,68.46041253020869,115.48404193885251,14.966629547095765,20.396078054371138,94.20543466666668,51.539587469791314,64.51595806114749,0.0
תפ_45630-07-18,weapon,Gemini,3,18.0,48.0,41.36127066277793,73.41420995609695,13.021349989749739,10.338708279513883,93.53694999999999,23.361270662777933,25.414209956096954,0.1198019306326254
תפ_3244-06-16,weapon,Gemini,3,18.0,36.0,43.34008965662153,71.73971089913677,38.88444419044716,47.07440918375928,93.73617033333333,25.34008965662153,35.73971089913677,0.0
תפ_24379-12-20,drugs,Gemini,5,7.0,20.0,4.0,12.0,3.794733192202055,5.3814496188294845,95.225536,3.0,8.0,0.3125
תפ_35019-12-13,weapon,Gemini,6,4.0,8.0,3.1101436030120837,13.471074450459176,1.2133516482134197,7.403077438170936,95.27337566666665,0.8898563969879163,5.4710744504591755,0.386065698043491
תפ_17043-07-13,drugs,Gemini,3,8.0,20.0,8.0,24.0,0.4714045207910317,1.8856180831641267,95.35283133333333,0.0,4.0,0.75
תפ_52589-10-20,drugs,Gemini,3,36.0,60.0,42.0,72.0,10.198039027185569,14.079141387961918,96.16335500000001,6.0,12.0,0.5
תפ_16370-02-20,weapon,Gemini,9,20.0,50.0,20.39071585089524,47.210907542589126,5.656854249492381,8.577892918052791,94.36770122222222,0.39071585089524064,2.7890924574108737,0.8940063897231295
תפ_273-10-15,weapon,Gemini,3,24.0,48.0,40.2231337657791,70.14631193522047,31.496031496047245,35.4400902933387,94.31821000000001,16.223133765779103,22.146311935220467,0.16852627887441907
תפ_2816-11-22,drugs,Gemini,5,9.0,24.0,9.0,24.0,2.315167380558045,3.2,94.7681282,0.0,0.0,1.0
תפ_56179-02-18,drugs,Gemini,3,6.0,20.0,10.0,24.0,9.568466729604882,17.663521732655695,93.978088,4.0,4.0,0.5555555555555556
תפ_31007-07-16,drugs,Gemini,6,10.0,30.0,6.0,17.0,1.6749792701868151,4.533823502911814,97.060005,4.0,13.0,0.2916666666666667
תפ_31925-05-20,drugs,Gemini,4,36.0,66.0,29.0,60.0,9.03811374126261,11.521718621802913,97.12055500000001,7.0,6.0,0.6486486486486487
תפ_802-01-20,drugs,Gemini,3,12.0,36.0,18.0,36.0,5.2493385826745405,11.430952132988164,95.48077599999999,6.0,0.0,0.75
תפ_2125-05-20,drugs,Gemini,3,0.0,10.0,0.0,12.0,0.0,1.4142135623730951,97.38117333333332,0.0,2.0,0.8333333333333334
תפ_62238-06-20,weapon,Gemini,6,26.0,56.0,22.679090019576158,42.04801716500195,11.357816691600547,15.293426329272616,95.44145583333334,3.320909980423842,13.951982834998049,0.4816200150125018
תפ_13416-09-16,weapon,Gemini,3,10.0,30.0,6.650997417664771,25.978243213939017,0.9428090415820634,2.8284271247461903,94.64233966666666,3.3490025823352294,4.021756786060983,0.6843223027448466
תפ_61087-12-18,weapon,Gemini,5,9.0,24.0,14.79326103731745,29.026465157989136,4.454211490264018,4.48998886412873,95.457946,5.79326103731745,5.026465157989136,0.45972860862116327
תפ_38478-03-19,drugs,Gemini,3,6.0,24.0,4.0,15.0,3.0912061651652345,2.449489742783178,96.09541,2.0,9.0,0.45
תפ_58773-08-21,weapon,Gemini,11,42.0,70.0,45.97935368429561,77.59770389417,16.311026539640583,28.532133544971696,94.44694909090909,3.97935368429561,7.597703894169996,0.6747807776343228
תפ_6999-09-22,weapon,Gemini,5,12.0,24.0,15.664603269284207,32.10795920864582,3.4409301068170506,5.513619500836088,95.1652216,3.664603269284207,8.107959208645823,0.4145322080786707
תפ_53886-06-16,drugs,Gemini,4,6.0,18.0,8.0,16.5,3.082207001484488,6.832825184358224,94.16787250000002,2.0,1.5,0.7083333333333334
תפ_9532-10-18,drugs,Gemini,9,30.0,60.0,24.0,48.0,8.178562764256865,14.654877416708931,96.46566477777777,6.0,12.0,0.5
תפ_20589-02-18,drugs,Gemini,5,8.0,18.0,10.0,24.0,5.122499389946279,6.013318551349163,96.2310292,2.0,6.0,0.5
תפ_34266-09-18,drugs,Gemini,5,0.0,8.0,10.0,24.0,7.899367063252599,18.00444389588304,94.8891558,10.0,16.0,0.0
תפ_18300-11-18,weapon,Gemini,4,20.0,50.0,17.773972755288725,41.538876629956974,5.477225575051661,8.411301920630361,95.1928175,2.2260272447112754,8.461123370043026,0.6683689697895292
תפ_11597-06-19,drugs,Gemini,6,0.0,8.0,0.0,12.0,2.9674156357941426,1.4624940645653537,95.64693816666666,0.0,4.0,0.6666666666666666
תפ_41901-08-23,weapon,Gemini,7,20.0,45.0,20.41140898913914,39.40788434882016,7.303898874950981,8.101398216433044,94.4230777142857,0.41140898913914015,5.592115651179839,0.7598590143872408
תפ_37065-10-15,weapon,Gemini,3,24.0,60.0,37.11328643452343,66.71623867128662,17.663521732655695,23.170862929310353,94.9593,13.113286434523431,6.716238671286618,0.5357848508525346
תפ_61181-02-19,drugs,Gemini,5,4.0,12.0,1.0,12.0,2.280350850198276,1.9595917942265424,95.65154299999999,3.0,0.0,0.7272727272727273
תפ_50819-09-11,weapon,Gemini,6,2.0,12.0,3.5292320211944723,13.522652128336059,1.118033988749895,7.71182353417285,94.17659366666668,1.5292320211944723,1.522652128336059,0.7351404767288378
תפ_48695-03-20,drugs,Gemini,4,0.0,8.0,12.0,29.0,3.5619517121937516,8.12403840463596,94.76500000000001,12.0,21.0,0.0
תפ_37062-10-20,drugs,Gemini,3,15.0,30.0,24.0,48.0,2.8284271247461903,2.494438257849294,95.13402,9.0,18.0,0.18181818181818182
תפ_10901-10-17,drugs,Gemini,4,6.0,16.0,0.0,12.0,2.598076211353316,3.570714214271425,95.9579915,6.0,4.0,0.375
תפח_36202-01-22,weapon,Gemini,5,168.0,216.0,30.11990233925013,57.865662601606374,12.528367810692659,17.408044117591157,93.791166,137.88009766074987,158.13433739839363,0.0
תפ_63596-02-18,drugs,Gemini,3,10.0,36.0,10.0,24.0,4.08248290463863,4.898979485566356,96.29120666666667,0.0,12.0,0.5384615384615384
תפ_19505-01-18,drugs,Gemini,6,6.0,20.0,3.5,18.0,2.7487370837451075,3.39934634239519,96.03798916666666,2.5,2.0,0.7272727272727273
תפ_57218-12-15,weapon,Gemini,5,18.0,50.0,25.414158508971294,48.721426994884624,11.634431657799189,18.973665961010276,95.4727612,7.414158508971294,1.2785730051153763,0.7283521401847916
תפ_39708-03-24,weapon,Gemini,6,10.0,20.0,12.60348948209771,28.440661600393163,6.264982043070834,8.993825042154693,95.49097166666667,2.603489482097711,8.440661600393163,0.40109789324178
תפ_15596-04-19,drugs,Gemini,4,6.0,12.0,8.5,20.0,4.602988159880492,7.262919523166975,95.7090815,2.5,8.0,0.25
תפ_1515-12-18,drugs,Gemini,9,18.0,36.0,14.0,32.0,4.597369081239378,8.537498983243799,95.20011666666667,4.0,4.0,0.6363636363636364
תפ_14215-07-23,drugs,Gemini,3,10.0,20.0,7.0,14.0,4.9216076867444665,5.887840577551898,95.44569666666666,3.0,6.0,0.3076923076923077
תפ_26654-06-14,weapon,Gemini,3,8.0,24.0,10.0,30.0,0.0,0.0,95.97729166666666,2.0,6.0,0.6363636363636364
תפח_26481-08-13,weapon,Gemini,4,60.0,96.0,74.85445933259359,107.39629043039771,42.0,51.176166327695945,94.90948500000002,14.854459332593592,11.396290430397713,0.44614336850811154
תפ_7165-06-15,weapon,Gemini,3,12.0,36.0,20.0,45.975755191513755,0.0,10.198039027185569,93.67077466666667,8.0,9.975755191513755,0.47092404303632307
תפ_19468-03-18,drugs,Gemini,4,20.0,36.0,26.0,45.0,8.227241335952167,15.556349186104045,94.37769775000001,6.0,9.0,0.4
תפ_7676-03-23,weapon,Gemini,4,20.0,50.0,50.77225842607309,76.12125947713747,19.748417658131498,18.2944663764757,94.344045,30.772258426073087,26.12125947713747,0.0
תפ_10853-08-16,drugs,Gemini,6,0.0,12.0,0.0,12.0,2.23606797749979,3.34995854037363,96.27463733333333,0.0,0.0,1.0
תפ_46424-05-24,drugs,Gemini,7,10.0,24.0,12.0,28.0,11.733433827646325,19.558389817285523,96.23321857142857,2.0,4.0,0.6666666666666666
תפ_16191-10-12,weapon,Gemini,3,12.0,24.0,12.0,32.39250875396809,0.0,5.656854249492381,94.35397999999999,0.0,8.392508753968087,0.5884513840242914
תפ_19260-11-14,drugs,Gemini,4,6.0,18.0,8.0,18.0,2.179449471770337,3.570714214271425,94.546401,2.0,0.0,0.8333333333333334
תפ_35179-09-14,weapon,Gemini,3,10.0,30.0,9.318743720389065,27.9562311611672,0.9428090415820634,2.8284271247461903,95.72394666666666,0.6812562796109347,2.0437688388328006,0.8682369638671196
תפח_39974-12-12,weapon,Gemini,4,120.0,156.0,62.017728245545335,94.68627146112625,34.336569426778794,44.090815370097204,93.76832250000001,57.982271754454665,61.31372853887375,0.0
תפ_55217-12-19,drugs,Gemini,4,5.0,12.0,8.0,18.0,0.8660254037844386,2.179449471770337,95.83614374999999,3.0,6.0,0.3076923076923077
תפ_52402-08-19,drugs,Gemini,8,9.0,20.0,8.0,22.0,3.9823830805184977,8.161456671452713,95.003089875,1.0,2.0,0.7857142857142857
תפ_607-10-13,drugs,Gemini,9,48.0,78.0,54.0,90.0,7.3484692283495345,10.274023338281628,94.54283344444444,6.0,12.0,0.5714285714285714
תפ_48568-10-15,drugs,Gemini,6,6.0,18.0,3.0,15.0,7.156970184527963,10.456258094238748,95.16441566666664,3.0,3.0,0.6
תפ_60476-05-13,drugs,Gemini,3,8.0,27.0,7.0,18.0,3.8586123009300755,7.363574011458174,95.29728333333333,1.0,9.0,0.5
תפ_36416-07-23,weapon,Gemini,3,30.0,60.0,45.927831649015005,81.92783164901502,2.8284271247461903,2.8284271247461903,94.86072666666666,15.927831649015005,21.92783164901502,0.2709947229474181
תפ_7994-06-21,drugs,Gemini,3,6.0,18.0,8.0,16.0,4.0276819911981905,2.943920288775949,94.88688200000001,2.0,2.0,0.6666666666666666
תפ_13179-07-14,weapon,Gemini,3,14.0,40.0,38.0392351310886,64.67189079422494,33.159546974522364,40.792156108742276,94.44317466666666,24.039235131088603,24.671890794224936,0.03869531683500678
תפ_14829-07-16,drugs,Gemini,7,6.0,18.0,8.0,20.0,3.9434782119549316,7.045044574821688,96.5111577142857,2.0,2.0,0.7142857142857143
תפ_58243-03-14,drugs,Gemini,3,18.0,48.0,1.0,10.0,5.436502143433364,14.197026292697903,94.44920333333333,17.0,38.0,0.0
תפ_17462-06-14,drugs,Gemini,3,5.0,13.0,18.0,36.0,4.898979485566356,5.656854249492381,95.37951833333334,13.0,23.0,0.0
תפ_50477-12-22,weapon,Gemini,3,28.0,56.0,25.795238925511093,44.335781311377005,4.320493798938574,6.79869268479038,94.95505000000001,2.204761074488907,11.664218688622995,0.5408346475938288
תפ_1047-02-24,drugs,Gemini,8,6.0,36.0,8.0,19.0,5.84700778176325,10.380269746013347,94.50064437500001,2.0,17.0,0.36666666666666664
תפ_28997-10-16,drugs,Gemini,5,8.0,18.0,6.0,18.0,2.33238075793812,4.1182520563948,95.1247952,2.0,0.0,0.8333333333333334
תפ_30618-02-18,drugs,Gemini,3,8.0,16.0,6.0,18.0,3.7416573867739413,2.8674417556808756,95.19899333333335,2.0,2.0,0.6666666666666666
תפ_54728-02-20,drugs,Gemini,4,0.0,8.0,0.0,10.0,0.0,3.1622776601683795,95.62429650000001,0.0,2.0,0.8
תפ_63470-09-17,weapon,Gemini,3,3.0,12.0,5.0407813186251875,17.149393807790112,0.816496580927726,9.273618495495704,95.021,2.0407813186251875,5.149393807790112,0.49183864523887477
תפ_45136-02-13,drugs,Gemini,3,8.0,18.0,15.0,30.0,8.498365855987975,18.547236990991408,95.434367,7.0,12.0,0.13636363636363635
