"verdict_1","verdict_2","similarity_scale","similarity_binary_0","similarity_binary_1","feature_vector_1","feature_vector_2","score","response","status","last_error"
"SH-16-04-30406-325","ME-16-02-59812-881",1,0,0,"{""אופן החזקת הנשק"": ""ברכב"", ""אופן קבלת הנשק"": ""רכש"", ""כמות תחמושת"": ""מחסנית ובה 0 כדורים, 2 מחסניות"", ""מספר עבירה"": ""144 א"", ""סוג הנשק [תת מקלע מאולתר]"": 2.0, ""סוג עבירה"": ""החזקה נשק"", ""סטטוס הנשק"": ""נשק מופרד מתחמושת"", ""תכנון"": ""לא"", ""תאריך המעצר"": ""06/04/16"", ""סוג הרכב"": ""רנו"", ""מספר רישוי של הרכב"": ""88-687-10"", ""מיקום הנשק ברכב"": ""תא מטען"", ""מספר כלי נשק"": 2, ""שימוש"": ""לא""}","{""אופן קבלת הנשק"": ""עבודה"", ""כמות תחמושת"": ""2 מחסניות, 20 כדורים"", ""מטרה-סיבת העבירה"": ""בצע כסף"", ""מספר עבירה"": ""144 ב"", ""סוג הנשק [אקדח]"": 1.0, ""סוג עבירה"": ""סחר בנשק"", ""סטטוס הנשק"": ""נשק מופרד מתחמושת"", ""עבירות נוספות"": ""מסירת ידיעה כוזבת על עבירת פשע, לפי סעיף 243 סיפא לחוק; שיבוש הליכי משפט, לפי סעיף 244 לחוק."", ""תכנון"": ""כן"", ""סוג הסמים"": ""חשיש, הרואין"", ""כמות הסמים"": ""ארבע חבילות של הרואין"", ""מחיר מכירת הנשק"": ""8,000 ₪"", ""מקום העבודה"": ""בית ספר יסודי"", ""תקופת העבירות"": ""אוגוסט 2014 - פברואר 2016"", ""שם הקונה"": ""מחמוד צאלוק"", ""שם המעביד"": ""שי יהושע לוי"", ""תיאור האירוע"": ""דיווח כוזב על שוד למעביד ולמשטרה"", ""הודאה בחקירה"": ""הודתה בבדיה את אירוע השוד"", ""שימוש"": ""לא""}",20.0,"1. **סוג העבירה וחומרתה**: שני התיקים עוסקים בעבירות נשק, אך סוג העבירה שונה - תיק 1 מתייחס להחזקת נשק לפי סעיף 144(א), בעוד תיק 2 מתייחס לנשיאה/הובלה לפי סעיף 144(ב) וסחר בנשק. חומרת העבירה בתיק 2 גבוהה יותר בשל היותה סחר בנשק וקשורה לעבירות נוספות.

2. **תפקיד הנאשם ומעורבותו**: בתיק 1 הנאשם החזיק בנשק, ואופן קבלת הנשק היה רכישה. בתיק 2 הנאשמת קיבלה את הנשק במסגרת עבודתה וביצעה סחר בנשק. המעורבות בשני התיקים שונה - החזקה פסיבית מול סחר בנשק.

3. **שיטת הביצוע (MO)**: בשני התיקים הנשק היה מופרד מהתחמושת. אולם, שיטת הביצוע שונה - תיק 1 כולל החזקת נשק ברכב, ואילו תיק 2 כולל סחר בנשק ודיווח כוזב על שוד.

4. **נסיבות הליבה**: כמות התחמושת בשני התיקים דומה (מחסניות), אך בתיק 2 היו גם 20 כדורים נוספים. בתיק 2 היה תכנון לעבירה ומטרה ספציפית (בצע כסף), בניגוד לתיק 1.

5. **ישימות כתקדים**: בשל ההבדלים בסוג העבירה (144(א) לעומת 144(ב)), תפקיד הנאשם ונסיבות הליבה, סביר שבית המשפט לא יראה את תיק 1 כתקדים ישיר לתיק 2.

SIMILARITY_SCORE: 20","ok",""
"ME-16-05-25902-514","ME-16-11-56385-886",3,1,1,"{""אופן החזקת הנשק"": ""בבית, על גופו"", ""אופן קבלת הנשק"": ""רכש"", ""כמות תחמושת"": ""מחסנית ובה 7 כדורים"", ""מטרה-סיבת העבירה"": ""הגנה עצמית"", ""מספר עבירה"": ""144 א, 144 ב"", ""סוג הנשק [אקדח]"": 1.0, ""סוג עבירה"": ""החזקה נשק, נשיאת נשק"", ""סטטוס הנשק"": ""נשק עם מחסנית בהכנס"", ""תכנון"": ""לא"", ""תאריך גניבת הנשק"": ""31.12.13"", ""מקום גניבת הנשק"": ""מביתו של דינו תמאם"", ""תאריך רכישת הנשק"": ""במהלך חודש פברואר 2016"", ""מקום החזקת הנשק"": ""במקלט ביתו בקלנסוואה"", ""תאריך נשיאת הנשק לעבודה"": ""מחודש פברואר 2016 ועד ליום 8.5.16"", ""שעה בה נשא הנאשם את הנשק"": ""בסמוך לשעה 06:00"", ""מספר סידורי של הנשק"": ""682663"", ""סוג הנשק"": ""אקדח מסוג ברטה"", ""שימוש"": ""לא""}","{""אופן החזקת הנשק"": ""על גופו"", ""אופן קבלת הנשק"": ""גנב"", ""מספר עבירה"": ""144 א"", ""סוג הנשק [אקדח]"": 1.0, ""סוג עבירה"": ""החזקה נשק"", ""סטטוס הנשק"": ""נשק עם כדור בקנה"", ""תכנון"": ""לא"", ""תאריך גניבת הנשק"": ""14.10.07"", ""תאריך החזקת הנשק"": ""18.11.16"", ""מותג הנשק"": ""יריחו"", ""מצב הנשק בעת המעצר"": ""דרוך, טעון ומוכן לירי"", ""שימוש"": ""לא"", ""כמות תחמושת"": ""ללא""}",40.0,"1. **סוג העבירה וחומרתה**: שני התיקים עוסקים בעבירות נשק, אך תיק 1 כולל הן החזקה והן נשיאה של נשק (סעיפים 144א ו-144ב), בעוד שתיק 2 כולל רק החזקה של נשק (סעיף 144א). חומרת העבירה בתיק 1 גבוהה יותר בשל הימצאות סעיף הנשיאה. 
2. **תפקיד הנאשם ומעורבותו**: בשני התיקים הנאשם היה מעורב באופן פעיל בהחזקת הנשק, אך בתיק 1 הנאשם גם נשא את הנשק, מה שמעיד על מעורבות גבוהה יותר. 
3. **שיטת הביצוע (MO)**: שני התיקים כוללים החזקה של נשק על הגוף, אך אופן קבלת הנשק שונה - רכישה בתיק 1 וגניבה בתיק 2. 
4. **נסיבות הליבה**: בתיק 1 הנשק היה עם מחסנית ובה 7 כדורים, ואילו בתיק 2 היה כדור בקנה אך לא צוינה כמות תחמושת נוספת. שני התיקים לא כוללים שימוש בנשק. 
5. **ישימות כתקדים**: בית משפט עשוי לראות את שני התיקים כקשורים, אך ההבדל בין החזקה בלבד (תיק 2) לבין החזקה ונשיאה (תיק 1) הוא משמעותי. תיק 1 לא יכול לשמש תקדים ישיר לתיק 2 בשל סעיף הנשיאה, אך ישנם קווי דמיון מסוימים.

SIMILARITY_SCORE: 40","ok",""
"ME-18-06-36728-73","ME-16-09-398-589",3,1,1,"{""מיקום האירוע"": ""כפר קרע"", ""תאריך האירוע"": ""24.5.18"", ""שעת האירוע"": ""בסמוך לשעה 14:00"", ""מקום עבודת המתלונן"": ""פנצ'רייה של משפחת עסלי"", ""סוג הרכב של המתלונן"": ""רכב פרטי"", ""מספר פגיעות"": 1, ""מיקום הפגיעה בגוף"": ""ירך רגל ימין"", ""תוצאת הפגיעה"": ""פצע ירי"", ""משך אשפוז המתלונן"": ""עד ליום 31.5.18"", ""מספר עבירה"": ""144 ב"", ""סוג עבירה"": ""נשיאת נשק"", ""עבירות נוספות"": ""עבירות של פציעה, לפי סעיף 334 לחוק העונשין, התשל\""ז-1977"", ""סוג הנשק [אקדח]"": 1.0, ""סטטוס הנשק"": ""נשק עם כדור בקנה"", ""תכנון"": ""לא"", ""אופן החזקת הנשק"": ""על גופו"", ""מטרה-סיבת העבירה"": ""סכסוך"", ""שימוש"": ""כן,ירי"", ""כמות תחמושת"": ""ללא""}","{""אופן החזקת הנשק"": ""על גופו"", ""מטרה-סיבת העבירה"": ""סכסוך"", ""מספר עבירה"": ""144 ב"", ""סוג הנשק [אקדח]"": 1.0, ""סוג עבירה"": ""נשיאת נשק"", ""סטטוס הנשק"": ""נשק עם כדור בקנה"", ""עבירות נוספות"": ""חבלה חמורה בנסיבות מחמירות, עבירה לפי סעיף 333 + 335(א)(2+1) לחוק העונשין, התשל\""ז-1977 (להלן: \""החוק\"");"", ""שימוש"": ""כן,ירי"", ""תכנון"": ""כן"", ""מיקום האירוע"": ""גינה ציבורית בבת-ים"", ""תאריך האירוע"": ""לילה שבין 10.8.16 ל-11.8.16"", ""מרחק ירי"": ""10 מטר"", ""פצעים"": ""פצעי כניסה ויציאה בשוק רגל ימנית"", ""טיפול רפואי"": ""טופל בבית חולים"", ""מספר נפגעים"": 1, ""זהות הנפגע"": ""וויליאם קניסופה"", ""זהות נוספת במקום"": ""אליאס וייסי ותמיר נגוסה"", ""זהות הנאשם"": ""לא ידועה למאשימה"", ""כמות תחמושת"": ""ללא""}",80.0,"1. **סוג העבירה וחומרתה**: שני התיקים עוסקים בעבירה לפי סעיף 144(ב) לחוק העונשין, התשל""ז-1977, כלומר נשיאת נשק, וכוללים גם עבירות נוספות הקשורות לפציעה או חבלה חמורה. חומרת העבירות דומה בשני המקרים.

2. **תפקיד הנאשם ומעורבותו**: בשני התיקים הנאשם הוא מי שנשא את הנשק וירה, כלומר מעורבות פעילה וישירה באירוע.

3. **שיטת הביצוע (MO)**: בשני המקרים הנשק היה אקדח, הנשק היה עם כדור בקנה, והנשק הוחזק על גופו של הנאשם. כמו כן, בשני המקרים נעשה שימוש בנשק - ירי.

4. **נסיבות הליבה**: בשני התיקים מדובר בסכסוך כמטרה/סיבת העבירה, נעשה שימוש בנשק (ירי), וכתוצאה מכך נגרמה פגיעה/חבלה קשה. עם זאת, יש הבדל בתכנון - תיק 1 ללא תכנון, ותיק 2 עם תכנון.

5. **ישימות כתקדים**: בית משפט עשוי לראות את שני התיקים כרלוונטיים זה לזה לצורכי ענישה בשל הדמיון בסוג העבירה, מעורבות הנאשם, ושיטת הביצוע. עם זאת, ההבדל בנוגע לתכנון עשוי להשפיע על חומרת הענישה.

SIMILARITY_SCORE: 80","ok",""
"SH-17-10-10556-234","ME-16-11-13999-863",1,0,0,"{""אופן החזקת הנשק"": ""מוסלק - מוסתר, סמוך לבית"", ""כמות תחמושת"": ""מחסנית ובה 10 כדורים"", ""מספר עבירה"": ""144 א"", ""סוג הנשק [אקדח]"": 2.0, ""סוג עבירה"": ""החזקה נשק"", ""סטטוס הנשק"": ""נשק עם מחסנית בהכנס"", ""תכנון"": ""לא"", ""קוטר הכדורים"": ""8 מ\""מ"", ""מיקום החזקת הנשק"": ""בתוך שקית בחצר, מתחת למזרון בערימת זבל"", ""מרחק החזקת הנשק מהבית"": ""כ-100 מטרים"", ""מצב המחסנית הנוספת"": ""לא טעונה"", ""שימוש"": ""לא""}","{""אופן החזקת הנשק"": ""ברכב"", ""כמות תחמושת"": ""2 מחסניות"", ""מספר עבירה"": ""144 א, 144 ב"", ""סוג הנשק [אקדח]"": 1.0, ""סוג עבירה"": ""החזקה נשק, נשיאת נשק, הובלת נשק"", ""סטטוס הנשק"": ""נשק עם מחסנית בהכנס"", ""תכנון"": ""לא"", ""סוג הרכב"": ""מאזדה"", ""שותף לעבירה"": ""זבידאת סלאמה"", ""מיקום האירוע"": ""מסכנין לראמה"", ""זמן האירוע"": ""26.10.16 סמוך לשעה 20.00"", ""סוג האקדח"": ""STAR"", ""קליבר האקדח"": ""9 מ\""מ פאראבלום"", ""מספר כדורים במחסנית"": ""לא צוין מספר מדויק"", ""תיאור המעשה"": ""נסיעה לכיוון מחסום משטרתי, נסיעה לתוך תחנת דלק, נסיעה לכיוון היציאה מתחנת הדלק"", ""תגובה למחסום משטרתי"": ""פנייה לתוך תחנת דלק והמשך נסיעה"", ""שימוש"": ""לא""}",40.0,"1. **סוג העבירה וחומרתה**: שני התיקים עוסקים בעבירות נשק, אך תיק 1 כולל רק החזקה (144א), בעוד שתיק 2 כולל גם נשיאה והובלה (144א ו-144ב). חומרת העבירה בתיק 2 גבוהה יותר בשל היותה כרוכה בנשיאה והובלה. 
2. **תפקיד הנאשם ומעורבותו**: בשני התיקים הנאשם הוא המחזיק/נושא הנשק, אך בתיק 2 ישנו שותף לעבירה, מה שמעיד על מעורבות מורכבת יותר.
3. **שיטת הביצוע (MO)**: אופן החזקת הנשק שונה — בתיק 1 הנשק הוסתר בחצר, ואילו בתיק 2 הוא הוחזק ברכב. שני המקרים אינם מראים שימוש בנשק.
4. **נסיבות הליבה**: שני התיקים כוללים נשק עם מחסנית טעונה. בתיק 1 כמות התחמושת היא מחסנית אחת עם 10 כדורים, ובתיק 2 מדובר ב-2 מחסניות ללא ציון מספר הכדורים. לא נמצא תכנון מראש בשני המקרים.
5. **ישימות כתקדים**: בשל ההבדל בסעיפי האישום (144א בלבד בתיק 1 לעומת 144א ו-144ב בתיק 2), ובנסיבות שונות (החזקה מוסתרת לעומת החזקה ברכב), תיק 1 לא בהכרח ישמש כתקדים ישיר לתיק 2, במיוחד לגבי סעיף 144ב.

SIMILARITY_SCORE: 40","ok",""
"SH-17-10-10556-234","m08000207-175",1,0,0,"{""אופן החזקת הנשק"": ""מוסלק - מוסתר, סמוך לבית"", ""כמות תחמושת"": ""מחסנית ובה 10 כדורים"", ""מספר עבירה"": ""144 א"", ""סוג הנשק [אקדח]"": 2.0, ""סוג עבירה"": ""החזקה נשק"", ""סטטוס הנשק"": ""נשק עם מחסנית בהכנס"", ""תכנון"": ""לא"", ""קוטר הכדורים"": ""8 מ\""מ"", ""מיקום החזקת הנשק"": ""בתוך שקית בחצר, מתחת למזרון בערימת זבל"", ""מרחק החזקת הנשק מהבית"": ""כ-100 מטרים"", ""מצב המחסנית הנוספת"": ""לא טעונה"", ""שימוש"": ""לא""}","{""אופן החזקת הנשק"": ""ברכב"", ""אופן קבלת הנשק"": ""מצא"", ""כמות תחמושת"": ""מחסנית ובה 15 כדורים, מחסנית וסה 10 כדורים"", ""מספר עבירה"": ""144 ב"", ""סוג הנשק [אקדח]"": 1.0, ""סוג עבירה"": ""נשיאת נשק"", ""סטטוס הנשק"": ""נשק עם מחסנית בהכנס"", ""עבירות נוספות"": ""והחזקת סם לצריכה עצמית בלבד, עבירה לפי סעיף 7(א) + (ג) סיפא לפקודת הסמים המסוכנים, התשל\""ג-1973"", ""תכנון"": ""לא"", ""קוטר האקדח"": ""0.9 מ\""מ"", ""מיקום האירוע"": ""סמוך לצומת הערבה"", ""זמן האירוע"": ""12.7.08 בשעה 00:55"", ""סוג הסם"": ""חשיש"", ""משקל הסם"": ""1.36 גרם נטו"", ""שימוש"": ""לא""}",20.0,"1. **סוג העבירה וחומרתה**: שני התיקים עוסקים בעבירות נשק, אך סוג העבירה שונה - תיק 1 הוא החזקה (144א) ותיק 2 הוא נשיאה (144ב). חומרת העבירה ב-144(ב) נחשבת לחמורה יותר.

2. **תפקיד הנאשם ומעורבותו**: בשני התיקים הנאשם הוא המחזיק/נושא הנשק, אך אין מידע על מעורבותם ברקע או בייזום העבירה. 

3. **שיטת הביצוע (MO)**: אופן החזקת הנשק שונה - מוסתר בחצר (תיק 1) לעומת החזקה ברכב (תיק 2). בשני המקרים הנשק לא נמצא על גופם.

4. **נסיבות הליבה**: בשני התיקים מדובר בנשק עם מחסנית טעונה. כמות התחמושת דומה (10 כדורים ב-תיק 1 לעומת 15+10 כדורים ב-תיק 2). לא היה שימוש בנשק בשני המקרים. 

5. **ישימות כתקדים**: בשל ההבדל בסעיפי העבירה (144א לעומת 144ב), בית המשפט לא יתייחס אליהם כדומים לצורכי ענישה, במיוחד לאור החומרה הגבוהה יותר של נשיאה (144ב) לעומת החזקה (144א).

SIMILARITY_SCORE: 20","ok",""
"SH-18-06-11098-353","ME-16-03-54615-517",1,0,0,"{""אופן החזקת הנשק"": ""מוסלק - מוסתר"", ""כמות תחמושת"": ""מספר מחסניות"", ""מספר עבירה"": ""144 א"", ""סוג הנשק [רובה סער ]"": 1.0, ""סוג עבירה"": ""החזקה נשק"", ""סטטוס הנשק"": ""נשק מופרד מתחמושת"", ""תכנון"": ""לא"", ""סוג רובה"": ""גליל"", ""מספר סידורי נשק"": ""נמחק"", ""תאריך המעצר"": ""23/05/18"", ""הודאה בעובדות"": ""כן"", ""שימוש"": ""לא""}","{""מטרה-סיבת העבירה"": ""בצע כסף"", ""מספר עבירה"": ""144 ב"", ""סוג הנשק [תת מקלע]"": 2.0, ""סוג עבירה"": ""סחר בנשק"", ""סטטוס הנשק"": ""תקול"", ""שימוש"": ""ניסיון לירי ללא הצלחה"", ""תכנון"": ""כן"", ""סוג תת-מקלע"": ""קרלו"", ""מספר תת-מקלעים"": 2, ""מחיר תת-מקלע"": 3000, ""מספר פגישות בין הנאשם למחמד"": 4, ""מיקום הפגישות"": ""סמוך לבית מחמד"", ""תקלות בנשק"": ""שני תת-מקלעים תקולים"", ""תגובת הנאשם לתקלה"": ""סירוב להחליף נשק לאחר החלפה ראשונה"", ""כמות תחמושת"": ""ללא""}",20.0,"1. **סוג העבירה וחומרתה**: 
תיק 1 עוסק בהחזקת נשק (סעיף 144(א)) ללא שימוש, ואילו תיק 2 עוסק בסחר בנשק ונשיאה/הובלה (סעיף 144(ב)) עם ניסיון שימוש. החומרה של תיק 2 גבוהה יותר בשל מעורבות בסחר וניסיון שימוש בנשק.

2. **תפקיד הנאשם ומעורבותו**: 
בניגוד לתיק 1, שבו הנאשם הוא מחזיק נשק, תיק 2 כולל נאשם המעורב בסחר בנשק, מה שמעיד על מעורבות פעילה ורמת אחריות גבוהה יותר.

3. **שיטת הביצוע (MO)**: 
תיק 1 מתאר החזקת נשק מוסלק ללא שימוש, ואילו תיק 2 מתאר סחר בנשק, פגישות מרובות, וניסיון לירי. השיטות שונות, כאשר תיק 2 מראה תכנון מראש.

4. **נסיבות הליבה**: 
תיק 1 כולל החזקת רובה גליל עם מספר מחסניות, ללא שימוש. תיק 2 כולל סחר בשני תת-מקלעים תקולים ללא תחמושת, וניסיון שימוש שלא צלח. הנסיבות שונות, כאשר תיק 2 כולל תכנון ונסיון שימוש.

5. **ישימות כתקדים**: 
בית משפט לא סביר יראה את שני התיקים כרלוונטיים זה לזה לצורכי ענישה בשל ההבדלים המהותיים בסוג העבירה, מעורבות הנאשם, ושיטת הביצוע.

SIMILARITY_SCORE: 20","ok",""
"ME-17-05-633-549","ME-19-04-1316-977",3,1,1,"{""אופן החזקת הנשק"": ""מוסלק - מוסתר"", ""אופן קבלת הנשק"": ""רכש"", ""כמות תחמושת"": ""2 מחסניות, מאות כדורים, 2 מחסניות ובהן 0 כדורים"", ""מטרה-סיבת העבירה"": ""בצע כסף"", ""מספר עבירה"": ""144 א, 144 ב"", ""סוג הנשק [אקדח]"": 2.0, ""סוג הנשק [תת מקלע מאולתר]"": 1.0, ""סוג עבירה"": ""החזקה נשק, סחר בנשק"", ""סטטוס הנשק"": ""נשק מופרד מתחמושת"", ""תכנון"": ""כן"", ""שמות נוספים מעורבים"": ""רביע חוסיין, נצרי ח'ליפה"", ""סוגי נשק נוספים"": ""קרלו-גוסטב, סירקיס, חלוואני"", ""מנגנון הדק"": ""חסר, מאולתר"", ""פרטי תשלום"": ""7,000 ₪ במועד נדחה, 14,000 ₪ במזומן"", ""שנת העבירה"": ""2013, 2015"", ""פרטי תמורה"": ""אקדח תמורת תת מקלע, נשק ומחסניות תמורת כסף"", ""שימוש"": ""לא""}","{""אופן החזקת הנשק"": ""ברכב"", ""אופן קבלת הנשק"": ""מאחר"", ""כמות תחמושת"": ""900 כדורים"", ""מטרה-סיבת העבירה"": ""בצע כסף"", ""מספר עבירה"": ""144 ב"", ""סוג הנשק [תת מקלע מאולתר]"": 1.0, ""סוג עבירה"": ""סחר בנשק, ניסיון לסחר"", ""סטטוס הנשק"": ""תקין"", ""תכנון"": ""כן"", ""סוג תחמושת"": ""כדורי M16 ו-5.56 מ\""מ"", ""מספר תחמושת"": ""1100 כדורים"", ""מחיר העסקה"": ""19000 ₪"", ""מיקום העסקה"": ""א-ראם"", ""זמן העסקה"": ""בין פברואר למרץ 2019"", ""סוג הנשק [אקדח]"": 1.0, ""סוג הנשק [קרלו]"": 1.0, ""סטטוס הנשק [מקולקל]"": 1.0, ""התקשרות עם צד שלישי"": ""האחר"", ""התקשרות עם סוכן"": ""מספר שיחות תיאום"", ""הבטחת נשק נוסף"": ""אקדח ותחמושת תואמת"", ""שימוש"": ""לא""}",70.0,"1. **סוג העבירה וחומרתה**: שני התיקים עוסקים בעבירות נשק חמורות הכוללות סחר בנשק והחזקה/נשיאה. תיק 1 כולל גם החזקה בנשק (144א) בנוסף לנשיאה (144ב), בעוד שתיק 2 כולל רק 144ב. חומרת העבירות דומה בשל מעורבות בסחר בנשק.

2. **תפקיד הנאשם ומעורבותו**: בשני התיקים הנאשמים מעורבים בסחר בנשק ופעילים ברכש או מכירה. תיק 1 מצביע על רכישה ומכירה, ותיק 2 מתאר קבלת נשק מאחר ומכירתו לאחר.

3. **שיטת הביצוע (MO)**: שני התיקים כוללים תכנון מראש ומעורבות בסחר בנשק. אופן קבלת הנשק שונה (רכש מול קבלת מאחר), אך מטרת העבירה דומה (בצע כסף).

4. **נסיבות הליבה**: שני התיקים כוללים כמויות גדולות של תחמושת ונשק מסוגים שונים. תיק 1 מתאר נשק מופרד מתחמושת, ואילו תיק 2 מתאר נשק תקין. שני התיקים מעידים על תכנון ומעורבות בכמות גדולה של נשק.

5. **ישימות כתקדים**: בית משפט עשוי לראות את שני התיקים כרלוונטיים זה לזה בשל הדמיון בסחר בנשק, תכנון מראש, ומעורבות חמורה בנשק ותחמושת. עם זאת, ישנם הבדלים בנסיבות (סטטוס הנשק, אופן קבלת הנשק).

SIMILARITY_SCORE: 70","ok",""
"ME-16-04-12480-812","ME-13-10-28139-807",3,1,1,"{""מיקום האירועים"": ""טירת הכרמל, בית המתלונן, אתר בניה"", ""זמן האירועים"": ""פחות משעה וחצי לאחר הוויכוח, יומיים לאחר האירוע הראשון, יום לאחר הירי השני"", ""סוג הנשק הנוסף"": ""תת מקלע מאולתר"", ""מספר כדורים שנורו"": ""12 קליעים, 2 כדורים"", ""מיקום החזקת הנשק והתחמושת"": ""בזחל של כלי עבודה, מתחת לתקרה אקוסטית במכולה"", ""סכום החוב"": ""300 ₪"", ""סוג העסקה המובילה לסכסוך"": ""עסקת רכב"", ""מספר עבירה"": ""144 א, 144 ב"", ""סוג עבירה"": ""החזקה נשק, נשיאת נשק, הובלת נשק"", ""עבירות נוספות"": ""יסיון חבלה חמורה בנסיבות מחמירות, איומים"", ""סוג הנשק [תת מקלע מאולתר]"": 1.0, ""סטטוס הנשק"": ""נשק עם כדור בקנה"", ""תכנון"": ""כן"", ""אופן החזקת הנשק"": ""ברכב, על גופו, מוסלק - מוסתר"", ""כמות תחמושת"": ""מחסנית + 17 כדורים"", ""מטרה-סיבת העבירה"": ""סכסוך"", ""שימוש"": ""כן,ירי""}","{""אופן החזקת הנשק"": ""על גופו"", ""מטרה-סיבת העבירה"": ""סכסוך"", ""מספר עבירה"": ""144 א"", ""סוג הנשק [אקדח]"": 1.0, ""סוג עבירה"": ""ביצוע עבירות בנשק"", ""סטטוס הנשק"": ""נשק עם כדור בקנה"", ""עבירות נוספות"": ""ניסיון לחבלה חמורה בנסיבות מחמירות לפי סעיפים 333+335(א)(1) ו-25 לפי החוק."", ""שימוש"": ""כן,ירי"", ""תכנון"": ""כן"", ""מיקום האירוע"": ""רהט"", ""קורבנות"": ""המתלונן ובנו"", ""גיל הקטין"": 18, ""מספר קליעים שפגעו"": 3, ""התנהלות הנאשם לאחר האירוע"": ""נמלט מהמקום"", ""פגיעה ברכוש"": ""קליעים חדרו לדלת הנהג"", ""סוג הרכב"": ""רכב פרטי"", ""מיקום הירי"": ""לעבר דלת הנהג"", ""כמות תחמושת"": ""ללא""}",70.0,"1. **סוג העבירה וחומרתה**: שני התיקים כוללים עבירות נשק (סעיף 144) ונסיון לחבלה חמורה. תיק 1 כולל גם איומים בנוסף לעבירות הנשק ונסיון לחבלה חמורה, בעוד שתיק 2 מתמקד בניסיון לחבלה חמורה לפי סעיפים 333+335(א)(1) ו-25. שני התיקים מעידים על רמת חומרה גבוהה בשל השימוש בנשק ונסיון לחבלה חמורה.

2. **תפקיד הנאשם ומעורבותו**: בשני התיקים הנאשם היה מעורב באופן פעיל בעבירות, כולל החזקה ונשיאה של נשק, וכן ביצוע ירי. בשני המקרים הנאשם היה מעורב ישירות באירוע.

3. **שיטת הביצוע (MO)**: שני התיקים כוללים שימוש בנשק חם (תיק 1 - תת מקלע מאולתר, תיק 2 - אקדח) וירי לעבר מטרה. בשני המקרים היה תכנון מראש לביצוע העבירה.

4. **נסיבות הליבה**: שני התיקים כוללים סכסוך כמטרת העבירה, נשק עם כדור בקנה, ותכנון מראש. תיק 1 כולל כמות תחמושת גדולה יותר (""מחסנית + 17 כדורים"") בניגוד לתיק 2 שבו לא צוינה כמות תחמושת. שני התיקים כוללים שימוש בנשק וירי.

5. **ישימות כתקדים**: בית משפט עשוי לראות את שני התיקים כרלוונטיים זה לזה בשל הדמיון בעבירות (נשק חם ונסיון לחבלה חמורה), מעורבות הנאשם, ושיטת הביצוע. עם זאת, ישנו הבדל בסוג הנשק ובכמות התחמושת. תיק 1 כולל גם עבירות נוספות כמו איומים.

SIMILARITY_SCORE: 70","ok",""
"ME-17-05-633-549","ME-09-05-16192-355",1,0,0,"{""אופן החזקת הנשק"": ""מוסלק - מוסתר"", ""אופן קבלת הנשק"": ""רכש"", ""כמות תחמושת"": ""2 מחסניות, מאות כדורים, 2 מחסניות ובהן 0 כדורים"", ""מטרה-סיבת העבירה"": ""בצע כסף"", ""מספר עבירה"": ""144 א, 144 ב"", ""סוג הנשק [אקדח]"": 2.0, ""סוג הנשק [תת מקלע מאולתר]"": 1.0, ""סוג עבירה"": ""החזקה נשק, סחר בנשק"", ""סטטוס הנשק"": ""נשק מופרד מתחמושת"", ""תכנון"": ""כן"", ""שמות נוספים מעורבים"": ""רביע חוסיין, נצרי ח'ליפה"", ""סוגי נשק נוספים"": ""קרלו-גוסטב, סירקיס, חלוואני"", ""מנגנון הדק"": ""חסר, מאולתר"", ""פרטי תשלום"": ""7,000 ₪ במועד נדחה, 14,000 ₪ במזומן"", ""שנת העבירה"": ""2013, 2015"", ""פרטי תמורה"": ""אקדח תמורת תת מקלע, נשק ומחסניות תמורת כסף"", ""שימוש"": ""לא""}","{""אופן החזקת הנשק"": ""ברכב"", ""כמות תחמושת"": ""מחסנית ובה 10 כדורים"", ""מספר עבירה"": ""144 ב"", ""סוג הנשק [תת מקלע]"": 1.0, ""סוג עבירה"": ""נשיאת נשק, הובלת נשק"", ""סטטוס הנשק"": ""נשק עם מחסנית בהכנס"", ""תכנון"": ""לא"", ""מיקום האירוע"": ""אום אל פחם"", ""זמן האירוע"": ""19.5.09 בשעה 23:30"", ""סוג הרכב"": ""טויוטה"", ""בעלות הרכב"": ""בן משפחת הנאשם, אחמד מחאג'נה"", ""פעולת הנאשם בעת עצירה"": ""ניסיון להימלט מהשוטרים"", ""תגובת השוטרים"": ""רדיפה אחר הרכב ודימום הרכב"", ""מצב המחסנית"": ""במצב הכנס"", ""שימוש"": ""לא""}",40.0,"1. **סוג העבירה וחומרתה**: שני התיקים עוסקים בעבירות נשק חמורות, אך סוג העבירה אינו זהה. תיק 1 כולל עבירות של החזקה וסחר בנשק (144 א, 144 ב), בעוד שתיק 2 עוסק בנשיאה והובלה של נשק (144 ב). חומרת העבירות דומה בשל מעורבות בנשק, אך יש הבדל בסוג העבירה.
2. **תפקיד הנאשם ומעורבותו**: בתיק 1 הנאשם היה מעורב ברכישת נשק וסחר בו, מה שמצביע על מעורבות פעילה. בתיק 2 הנאשם היה מעורב בהובלת נשק ברכב, אך אין מידע על כך שהיה שותף לסחר בנשק. שני המקרים מצביעים על מעורבות מסוימת, אך תיק 1 מרמז על מעורבות עמוקה יותר בשוק הנשק.
3. **שיטת הביצוע (MO)**: תיק 1 כולל נשק מוסלק ומוסתר וסחר בנשק, בעוד שתיק 2 כולל נשק ברכב. שני המקרים כוללים החזקת נשק, אך באופן שונה. תיק 1 מרמז על תכנון ומעורבות מורכבת יותר.
4. **נסיבות הליבה**: תיק 1 כולל כמות גדולה של תחמושת (מאות כדורים) ונשק מסוגים שונים, ומצביע על תכנון ומעורבות עמוקה. תיק 2 כולל מחסנית אחת עם 10 כדורים ותת מקלע. שני המקרים כוללים נשק חם, אך בכמויות שונות ובנסיבות שונות. תיק 1 מראה על היקף גדול יותר ומעורבות חמורה יותר.
5. **ישימות כתקדים**: בית משפט עשוי לראות את שני התיקים כרלוונטיים זה לזה במידה מסוימת בשל מעורבות בנשק חם, אך ההבדלים בסוג העבירה, נסיבות הליבה ומידת המעורבות עשויים להפחית מהרלוונטיות של תיק אחד כתקדים ישיר לשני.

SIMILARITY_SCORE: 40","ok",""
"ME-16-05-336-804","ME-15-12-39071-113",1,0,0,"{""אופן החזקת הנשק"": ""ברכב, על גופו"", ""כמות תחמושת"": ""מחסנית ריקה ובה 0 כדורים + מחסנית ריקה ובה 0 כדורים + 26 כדורים"", ""מספר עבירה"": ""144 ב"", ""סוג הנשק [תת מקלע מאולתר]"": 1.0, ""סוג עבירה"": ""נשיאת נשק, הובלת נשק"", ""סטטוס הנשק"": ""נשק מופרד מתחמושת"", ""שימוש"": ""כן,ירי"", ""תכנון"": ""לא"", ""זמן האירוע"": ""שעת ערב"", ""מיקום האירוע"": ""טקס חינה"", ""תאריך האירוע"": ""24/04/16"", ""סוג הנשק"": ""תת מקלע מאולתר מסוג קרל גוסטב"", ""התנהלות במהלך המעצר"": ""ניסיון להימלט, זריקת הנשק מהרכב"", ""מעורבות צד שלישי"": ""רדואן סמארה, נהג הרכב"", ""פעולת השוטרים"": ""רדיפה ותפיסת הנשק והתחמושת""}","{""אופן החזקת הנשק"": ""ברכב, מוסלק - מוסתר"", ""מטרה-סיבת העבירה"": ""הגנה עצמית"", ""מספר עבירה"": ""144 א"", ""סוג הנשק [אקדח]"": 1.0, ""סוג עבירה"": ""החזקה נשק"", ""סטטוס הנשק"": ""תקין"", ""תכנון"": ""לא"", ""סוג רכב"": ""מזדה 3"", ""מספר רישיון רכב"": ""71-098-16"", ""מיקום האירוע"": ""כביש מספר 1, בסמוך למחלף הראל"", ""זמן האירוע"": ""12.10.13, בשעה 22:30"", ""מיקום החזקת הנשק ברכב"": ""מתחת לשטיח שמתחת למושב הסמוך לנהג"", ""סוג הנשק"": ""אקדח חצי אוטומטי מסוג סטאר"", ""שימוש"": ""לא"", ""כמות תחמושת"": ""ללא""}",20.0,"1. **סוג העבירה וחומרתה**: שני התיקים עוסקים בעבירות נשק, אך סוג העבירה שונה - תיק 1: 144(ב) (נשיאה/הובלה) ותיק 2: 144(א) (החזקה בלבד). חומרת העבירה ב-144(ב) נחשבת לחמורה יותר.

2. **תפקיד הנאשם ומעורבותו**: בשני התיקים הנאשם היה מעורב בהחזקת נשק, אך בראשון היה מעורב באופן פעיל יותר (נשיאה, ירי) ובשני החזקה פסיבית יחסית (נשק מוסתר ברכב).

3. **שיטת הביצוע (MO)**: בשני המקרים הנשק הוחזק ברכב, אך באופן שונה - על גופו ומוסלק. 

4. **נסיבות הליבה**: כמות התחמושת שונה (26 כדורים לעומת ללא תחמושת), נעשה שימוש בנשק בתיק 1 אך לא בתיק 2. 

5. **ישימות כתקדים**: בהינתן ההבדלים בסעיפי האישום (144(א) לעומת 144(ב)) ובנסיבות העבירה, לא סביר שבית המשפט יתייחס אליהם כדומים לצורכי ענישה.

SIMILARITY_SCORE: 20","ok",""
"ME-16-10-12213-904","ME-09-05-16192-355",3,1,1,"{""סוג רכב"": ""סובארו"", ""בעלות על הרכב"": ""רשום על שם אחיו, מג'ד"", ""מיקום החזקת הנשק"": ""מתחת לכיסא הנוסע שליד הנהג"", ""מיקום המחסנית"": ""מתחת לכיסא הנוסע שליד הנהג"", ""מקום מגורים"": ""אום-אל-פחם"", ""מקום החזקת הנשק"": ""בית אמו"", ""סוג התחמושת"": ""כדור 9 מ\""מ"", ""מקום התפיסה"": ""במוסך במורד הרחוב"", ""מספר עבירה"": ""144 ב"", ""סוג עבירה"": ""נשיאת נשק"", ""סוג הנשק [תת מקלע מאולתר]"": 1.0, ""סטטוס הנשק"": ""נשק מופרד מתחמושת"", ""תכנון"": ""כן"", ""אופן החזקת הנשק"": ""ברכב, מוסלק - מוסתר"", ""אופן קבלת הנשק"": ""מצא"", ""כמות תחמושת"": ""מחסנית ריקה ובה 0 כדורים + 1 כדור"", ""שימוש"": ""לא""}","{""אופן החזקת הנשק"": ""ברכב"", ""כמות תחמושת"": ""מחסנית ובה 10 כדורים"", ""מספר עבירה"": ""144 ב"", ""סוג הנשק [תת מקלע]"": 1.0, ""סוג עבירה"": ""נשיאת נשק, הובלת נשק"", ""סטטוס הנשק"": ""נשק עם מחסנית בהכנס"", ""תכנון"": ""לא"", ""מיקום האירוע"": ""אום אל פחם"", ""זמן האירוע"": ""19.5.09 בשעה 23:30"", ""סוג הרכב"": ""טויוטה"", ""בעלות הרכב"": ""בן משפחת הנאשם, אחמד מחאג'נה"", ""פעולת הנאשם בעת עצירה"": ""ניסיון להימלט מהשוטרים"", ""תגובת השוטרים"": ""רדיפה אחר הרכב ודימום הרכב"", ""מצב המחסנית"": ""במצב הכנס"", ""שימוש"": ""לא""}",70.0,"1. **סוג העבירה וחומרתה**: שני התיקים עוסקים בעבירת נשיאת נשק לפי סעיף 144(ב) לחוק העונשין, מה שמצביע על דמיון בסוג העבירה. חומרת העבירה דומה בשני המקרים, אך ישנו הבדל קל בנסיבות — תיק 2 כולל גם הובלת נשק.

2. **תפקיד הנאשם ומעורבותו**: בשני התיקים הנאשמים היו מעורבים בנשיאת נשק ברכב, כאשר הרכב לא היה בבעלותם הישירה אלא בבעלות קרוב משפחה. הדבר מרמז על מעורבות דומה.

3. **שיטת הביצוע (MO)**: שני התיקים כוללים נשיאת נשק ברכב, כאשר הנשק מוסתר. עם זאת, יש הבדל במצב הנשק — בתיק 1 הנשק מופרד מהתחמושת, ואילו בתיק 2 הנשק טעון.

4. **נסיבות הליבה**: בתיק 1 כמות התחמושת היא 1 כדור, ואילו בתיק 2 מדובר ב-10 כדורים במחסנית. שני המקרים כוללים תת-מקלע, אך בתיק 1 היה תכנון מראש, בניגוד לתיק 2. 

5. **ישימות כתקדים**: בית המשפט עשוי לראות את שני התיקים כרלוונטיים זה לזה בשל הדמיון בנשיאת נשק ברכב, אך יצטרך להביא בחשבון את ההבדלים בכמות התחמושת, במצב הנשק (טעון/לא טעון), ובתכנון מראש.

SIMILARITY_SCORE: 70","ok",""
"ME-16-10-9348-780","SH-10-02-25802-731",1,0,0,"{""אופן החזקת הנשק"": ""בבית, ברכב"", ""אופן קבלת הנשק"": ""גנב"", ""כמות תחמושת"": ""75 כדורים"", ""מטרה-סיבת העבירה"": ""לעורר את אביו"", ""מספר עבירה"": ""144 ב"", ""סוג הנשק [רובה צייד]"": 1.0, ""סוג עבירה"": ""נשיאת נשק"", ""סטטוס הנשק"": ""נשק מופרד מתחמושת"", ""תכנון"": ""לא"", ""סוג תחמושת"": ""כדורי צייד קליבר 12 מ\""מ"", ""מקום החזקת התחמושת"": ""מחסן הבית"", ""סכום כסף גנוב"": ""3500 ₪"", ""סכום שיק גנוב"": ""500 ₪"", ""מקום העצירה"": ""קריית גת"", ""שותפים לעבירה"": ""מוחמד יונס, הקטין פ. י."", ""מקום מסירת הנשק והתחמושת"": ""בית הקטין בערערה"", ""שימוש"": ""לא""}","{""אופן החזקת הנשק"": ""בבית"", ""מספר עבירה"": ""144 א"", ""סוג הנשק [רובה צייד]"": 1.0, ""סוג עבירה"": ""החזקה נשק"", ""סטטוס הנשק"": ""תקול"", ""עבירות נוספות"": ""החזקת חלק-אבזר תחמושת של כלי נשק"", ""תכנון"": ""לא"", ""תאריך העבירה"": ""16/07/09"", ""שעת העבירה"": ""11:00"", ""מיקום העבירה"": ""כפר מגדל שמס"", ""סוג התחמושת"": ""כדור רובה צייד"", ""פוטנציאל הריגה"": ""כלי נשק ותחמושת בעלי כוח להמית אדם"", ""שימוש"": ""לא"", ""כמות תחמושת"": ""ללא""}",20.0,"1. **סוג העבירה וחומרתה**: שני התיקים עוסקים בעבירות נשק, אך סוג העבירה שונה - תיק 1 הוא 144(ב) (נשיאת נשק) ותיק 2 הוא 144(א) (החזקת נשק). חומרת העבירה ב-144(ב) נחשבת לחמורה יותר.

2. **תפקיד הנאשם ומעורבותו**: בשני התיקים הנאשם החזיק בנשק, אך בתיק 1 הוא גם נשא את הנשק ומעורבותו הייתה פעילה יותר כיוון שהיה מעורב בגניבת הנשק ומסירתו לאחרים. בתיק 2, אין פרטים על מעורבות פעילה נוספת.

3. **שיטת הביצוע (MO)**: בשני התיקים הנשק היה ברשות הנאשם בביתו, אך בתיק 1 הנשק גם הוחזק ברכב ונשא על ידי הנאשם. סוג הנשק בשני התיקים הוא רובה צייד.

4. **נסיבות הליבה**: בתיק 1, הנשק היה מופרד מהתחמושת, והתחמושת (75 כדורים) הוחזקה במחסן הבית. בתיק 2, לא צוינה כמות תחמושת. בשני התיקים לא היה שימוש בנשק. 

5. **ישימות כתקדים**: בהינתן ההבדל בסעיפי האישום (144(ב) לעומת 144(א)), בית המשפט לא יראה את שני התיקים כרלוונטיים זה לזה לצורכי ענישה עקב ההבדל המהותי בין נשיאה להחזקה.

SIMILARITY_SCORE: 20","ok",""
"ME-16-05-25902-514","ME-12-05-33444-999",3,1,1,"{""אופן החזקת הנשק"": ""בבית, על גופו"", ""אופן קבלת הנשק"": ""רכש"", ""כמות תחמושת"": ""מחסנית ובה 7 כדורים"", ""מטרה-סיבת העבירה"": ""הגנה עצמית"", ""מספר עבירה"": ""144 א, 144 ב"", ""סוג הנשק [אקדח]"": 1.0, ""סוג עבירה"": ""החזקה נשק, נשיאת נשק"", ""סטטוס הנשק"": ""נשק עם מחסנית בהכנס"", ""תכנון"": ""לא"", ""תאריך גניבת הנשק"": ""31.12.13"", ""מקום גניבת הנשק"": ""מביתו של דינו תמאם"", ""תאריך רכישת הנשק"": ""במהלך חודש פברואר 2016"", ""מקום החזקת הנשק"": ""במקלט ביתו בקלנסוואה"", ""תאריך נשיאת הנשק לעבודה"": ""מחודש פברואר 2016 ועד ליום 8.5.16"", ""שעה בה נשא הנאשם את הנשק"": ""בסמוך לשעה 06:00"", ""מספר סידורי של הנשק"": ""682663"", ""סוג הנשק"": ""אקדח מסוג ברטה"", ""שימוש"": ""לא""}","{""אופן החזקת הנשק"": ""ברכב, מוסלק - מוסתר"", ""כמות תחמושת"": ""3 מחסניות"", ""מטרה-סיבת העבירה"": ""הגנה עצמית"", ""מספר עבירה"": ""144 א"", ""סוג הנשק [אקדח]"": 1.0, ""סוג עבירה"": ""החזקה נשק"", ""סטטוס הנשק"": ""נשק עם מחסנית בהכנס"", ""תכנון"": ""לא"", ""סוג האקדח"": ""ברטה"", ""מספר סידורי של האקדח"": ""D60383Y"", ""מיקום החזקת הנשק ברכב"": ""מתחת למושב הקדמי הימני, בתיק שחור ליד כיסא הנהג, בתא האחסון של דלת הנהג"", ""תאריך האירוע"": ""11.5.12"", ""מיקום האירוע"": ""רחובות"", ""שימוש"": ""לא""}",40.0,"1. **סוג העבירה וחומרתה**: שני התיקים עוסקים בעבירות נשק, אך תיק 1 כולל הן החזקה והן נשיאה של נשק (סעיפים 144א ו-144ב), בעוד שתיק 2 כולל רק החזקה של נשק (סעיף 144א). חומרת העבירה בתיק 1 גבוהה יותר בשל הימצאותה של עבירת הנשיאה בנוסף להחזקה.

2. **תפקיד הנאשם ומעורבותו**: בשני התיקים הנאשם הוא המחזיק/נושא הנשק, אך בתיק 1 הנאשם גם רכש את הנשק ונשא אותו, מה שמעיד על מעורבות פעילה יותר מאשר בתיק 2, שבו מדובר רק בהחזקה.

3. **שיטת הביצוע (MO)**: בשני התיקים הנשק היה טעון, והמטרה הייתה הגנה עצמית. עם זאת, אופן החזקת הנשק שונה - בתיק 1 הנשק הוחזק בבית ועל גופו, ואילו בתיק 2 הוא הוחזק ברכב ומוסתר.

4. **נסיבות הליבה**: כמות התחמושת שונה בין התיקים - בתיק 1 הייתה מחסנית אחת עם 7 כדורים, ואילו בתיק 2 היו 3 מחסניות. בשני המקרים לא היה שימוש בנשק, והנשק היה מסוג ברטה.

5. **ישימות כתקדים**: בשל ההבדל בסעיפי האישום (144א בלבד בתיק 2 לעומת 144א ו-144ב בתיק 1), תיק 2 לא יכול לשמש תקדים ישיר לתיק 1, במיוחד לגבי עבירת הנשיאה. עם זאת, ישנם קווי דמיון מסוימים בנוגע להחזקת הנשק.

SIMILARITY_SCORE: 40","ok",""
"ME-15-08-44579-251","ME-14-12-6904-57",2,0,1,"{""אופן החזקת הנשק"": ""ברכב, מוסלק - מוסתר"", ""כמות תחמושת"": ""מחסנית ובה 0 כדורים"", ""מספר עבירה"": ""144 ב"", ""סוג הנשק [אקדח]"": 1.0, ""סוג עבירה"": ""נשיאת נשק"", ""סטטוס הנשק"": ""נשק מופרד מתחמושת"", ""תכנון"": ""לא"", ""סוג הרכב"": ""קטנוע"", ""מותג הרכב"": ""גוימקס"", ""מספר לוחית רישוי"": ""3689624"", ""מצב לוחית רישוי"": ""מזויפת"", ""מצב רישיון נהיגה של הנהג"": ""ללא רישיון נהיגה"", ""מיקום האירוע"": ""כביש 4, חדרה, קרבת אזור התעשייה הצפוני"", ""זמן האירוע"": ""10.08.15, 22:05"", ""סוג האקדח"": ""FN"", ""מספר סידורי של האקדח"": ""459238"", ""אופן אחסון הנשק"": ""עטוף בסמרטוט בתוך שקית אשפה"", ""פעולת השוטר"": ""הדלקת אורות כחולים, רדיפה, קריאה לעצור"", ""תגובת הנהג לשוטר"": ""המשך נסיעה, הגברת מהירות, נסיעה באור אדום"", ""תוצאת הרדיפה"": ""פגיעה בניידות משטרה, ניסיון בריחה רגלית, תפיסה של הנאשם והנהג"", ""שימוש"": ""לא""}","{""מיקום הדירה"": ""תל אביב"", ""תאריך רכישת הנשק"": ""18.11.2014"", ""מחיר הנשק"": ""4000 ש\""ח"", ""סוג הנשק"": ""רובה מאולתר מדגם קרל גוסטב"", ""תאריך העבירה"": ""18.11.2014"", ""שעת העבירה"": ""16:40"", ""אופן הסתרת הנשק"": ""עטוף בבגדים בתוך תיק גב"", ""כמות קנאביס"": ""0.3027 גרם נטו"", ""מיקום החזקת הנשק בדירה"": ""מוטמן בארון בגדים בחדר השינה"", ""מספר עבירה"": ""144 ב"", ""סוג עבירה"": ""נשיאת נשק, הובלת נשק"", ""עבירות נוספות"": ""החזקת סם לצריכה עצמית"", ""סוג הנשק [תת מקלע מאולתר]"": 1.0, ""סטטוס הנשק"": ""נשק מופרד מתחמושת"", ""תכנון"": ""כן"", ""אופן החזקת הנשק"": ""בבית, על גופו, מוסלק - מוסתר"", ""אופן קבלת הנשק"": ""רכש"", ""כמות תחמושת"": ""מחסנית"", ""מטרה-סיבת העבירה"": ""הגנה עצמית""}",60.0,"1. **סוג העבירה וחומרתה**: שני התיקים עוסקים בעבירת נשיאת/הובלת נשק לפי סעיף 144(ב) לחוק העונשין, אך סוג הנשק שונה — אקדח (תיק 1) לעומת רובה מאולתר (תיק 2). חומרת העבירה דומה בשל סעיף החוק הזהה.

2. **תפקיד הנאשם ומעורבותו**: בשני התיקים הנאשם היה מעורב באופן פעיל — נשיאת/הובלת נשק. בתיק 2 ישנה גם עבירת החזקת סם לצריכה עצמית, אך היא לא קשורה לנשיאת הנשק.

3. **שיטת הביצוע (MO)**: בשני המקרים הנשק היה מוסלק ומוסתר — ברכב (תיק 1) ובתיק גב (תיק 2). הנשק היה מופרד מתחמושת בשני התיקים.

4. **נסיבות הליבה**: בתיק 1 היו נסיבות מחמירות כמו רישיון נהיגה מבוטל, לוחית רישוי מזויפת, ומרדף משטרתי. בתיק 2, הנשק נרכש והוחזק בבית, עם אינדיקציה לתכנון מראש. כמות התחמושת בשני התיקים אינה זהה — מחסנית ריקה (תיק 1) לעומת מחסנית (תיק 2).

5. **ישימות כתקדים**: בית משפט עשוי לראות את שני התיקים כרלוונטיים זה לזה בשל סעיף החוק הזהה (144(ב)) והעובדה שהנשק היה מוסלק ומופרד מתחמושת בשניהם. עם זאת, נסיבות מחמירות שונות וסוג הנשק השונה עשויים להשפיע על מידת הדמיון.

SIMILARITY_SCORE: 60","ok",""
"ME-17-05-633-549","ME-16-03-54615-517",2,0,1,"{""אופן החזקת הנשק"": ""מוסלק - מוסתר"", ""אופן קבלת הנשק"": ""רכש"", ""כמות תחמושת"": ""2 מחסניות, מאות כדורים, 2 מחסניות ובהן 0 כדורים"", ""מטרה-סיבת העבירה"": ""בצע כסף"", ""מספר עבירה"": ""144 א, 144 ב"", ""סוג הנשק [אקדח]"": 2.0, ""סוג הנשק [תת מקלע מאולתר]"": 1.0, ""סוג עבירה"": ""החזקה נשק, סחר בנשק"", ""סטטוס הנשק"": ""נשק מופרד מתחמושת"", ""תכנון"": ""כן"", ""שמות נוספים מעורבים"": ""רביע חוסיין, נצרי ח'ליפה"", ""סוגי נשק נוספים"": ""קרלו-גוסטב, סירקיס, חלוואני"", ""מנגנון הדק"": ""חסר, מאולתר"", ""פרטי תשלום"": ""7,000 ₪ במועד נדחה, 14,000 ₪ במזומן"", ""שנת העבירה"": ""2013, 2015"", ""פרטי תמורה"": ""אקדח תמורת תת מקלע, נשק ומחסניות תמורת כסף"", ""שימוש"": ""לא""}","{""מטרה-סיבת העבירה"": ""בצע כסף"", ""מספר עבירה"": ""144 ב"", ""סוג הנשק [תת מקלע]"": 2.0, ""סוג עבירה"": ""סחר בנשק"", ""סטטוס הנשק"": ""תקול"", ""שימוש"": ""ניסיון לירי ללא הצלחה"", ""תכנון"": ""כן"", ""סוג תת-מקלע"": ""קרלו"", ""מספר תת-מקלעים"": 2, ""מחיר תת-מקלע"": 3000, ""מספר פגישות בין הנאשם למחמד"": 4, ""מיקום הפגישות"": ""סמוך לבית מחמד"", ""תקלות בנשק"": ""שני תת-מקלעים תקולים"", ""תגובת הנאשם לתקלה"": ""סירוב להחליף נשק לאחר החלפה ראשונה"", ""כמות תחמושת"": ""ללא""}",60.0,"1. **סוג העבירה וחומרתה**: שני התיקים עוסקים בעבירות נשק חמורות, אך תיק 1 כולל גם החזקה בנשק (144א) בנוסף לסחר בנשק (144ב), בעוד שתיק 2 עוסק אך ורק בסחר בנשק (144ב). חומרת העבירות דומה בשל מעורבות בסחר בנשק.

2. **תפקיד הנאשם ומעורבותו**: בשני התיקים הנאשמים מעורבים בסחר בנשק, מה שמצביע על מעורבות פעילה ויזומה. בשניהם המניע הוא בצע כסף.

3. **שיטת הביצוע (MO)**: שני התיקים כוללים רכישה ומכירה של נשק, אך סוג הנשק שונה — תיק 1 כולל אקדח ותת-מקלע מאולתר, בעוד שתיק 2 כולל תת-מקלעים תקולים. בשניהם ישנה עדות לתכנון מראש.

4. **נסיבות הליבה**: תיק 1 כולל כמות גדולה של תחמושת, בעוד שתיק 2 לא כולל תחמושת. בשני התיקים היה שימוש בנשק — בניסיון בלבד בתיק 2. הנשק בתיק 1 היה מופרד מהתחמושת, ובתיק 2 הנשק היה תקול.

5. **ישימות כתקדים**: בית המשפט עשוי לראות את שני התיקים כרלוונטיים זה לזה בשל הדמיון בסחר בנשק ובמניע הכספי, אך ההבדלים בסוג הנשק, בכמות התחמושת ובנסיבות השימוש עשויים להשפיע על מידת הרלוונטיות.

SIMILARITY_SCORE: 60","ok",""
"ME-20-01-62688-591","ME-16-09-398-589",3,1,1,"{""אופן החזקת הנשק"": ""ברכב, על גופו"", ""מטרה-סיבת העבירה"": ""סכסוך"", ""מספר עבירה"": ""144 ב"", ""סוג הנשק [אקדח]"": 1.0, ""סוג עבירה"": ""נשיאת נשק, הובלת נשק"", ""סטטוס הנשק"": ""נשק עם כדור בקנה"", ""עבירות נוספות"": ""חבלה בכוונה מחמירה - עבירה לפי סעיף 329 (א)(1) לחוק העונשין; החזקת סם מסוכן לצריכה עצמית - עבירה לפי סעיף 7(א) + (ג) סיפא לפקודת הסמים המסוכנים [נוסח חדש], התשל\""ג-1973."", ""שימוש"": ""כן,ירי"", ""תכנון"": ""כן"", ""זמן האירוע"": ""16.1.20 בשעה 14:55"", ""מקום האירוע"": ""עסק בו עבד המתלונן"", ""סוג הרכב"": ""הונדה בצבע שחור"", ""מספר רישוי של הרכב"": ""60-201-70"", ""זהות הנהג"": ""לא ידועה"", ""פגיעה פיזית"": ""שבר פמור שליש פרוקסימלי אספקט קדמי של להקורטקס, ספליט שנמשך עד כ 7 ס\""מ מתחת ל- LT"", ""טיפול רפואי"": ""אושפז ונותח לשחזור ולקיבוע השבר באמצעות מסמר, הקליע הושאר בגוף"", ""מקום האישפוז"": ""בית חולים רמב\""ם"", ""תאריך שחרור מהאשפוז"": ""21.1.20"", ""מקום מעצר הנאשם"": ""תחנת דלק פז בצומת האצטדיון בחיפה"", ""זמן מעצר הנאשם"": ""אותו יום, סמוך לשעה 15:50"", ""כמות הסם"": ""1.5 גרם נטו של קוקאין"", ""סכום הכסף שנמצא על הנאשם"": ""1,950 ₪"", ""כמות תחמושת"": ""ללא""}","{""אופן החזקת הנשק"": ""על גופו"", ""מטרה-סיבת העבירה"": ""סכסוך"", ""מספר עבירה"": ""144 ב"", ""סוג הנשק [אקדח]"": 1.0, ""סוג עבירה"": ""נשיאת נשק"", ""סטטוס הנשק"": ""נשק עם כדור בקנה"", ""עבירות נוספות"": ""חבלה חמורה בנסיבות מחמירות, עבירה לפי סעיף 333 + 335(א)(2+1) לחוק העונשין, התשל\""ז-1977 (להלן: \""החוק\"");"", ""שימוש"": ""כן,ירי"", ""תכנון"": ""כן"", ""מיקום האירוע"": ""גינה ציבורית בבת-ים"", ""תאריך האירוע"": ""לילה שבין 10.8.16 ל-11.8.16"", ""מרחק ירי"": ""10 מטר"", ""פצעים"": ""פצעי כניסה ויציאה בשוק רגל ימנית"", ""טיפול רפואי"": ""טופל בבית חולים"", ""מספר נפגעים"": 1, ""זהות הנפגע"": ""וויליאם קניסופה"", ""זהות נוספת במקום"": ""אליאס וייסי ותמיר נגוסה"", ""זהות הנאשם"": ""לא ידועה למאשימה"", ""כמות תחמושת"": ""ללא""}",85.0,"1. **סוג העבירה וחומרתה**: שני התיקים עוסקים בעבירות נשיאת נשק/הובלת נשק לפי סעיף 144(ב) לחוק העונשין, והן כוללות שימוש בנשק וירי. חומרת העבירות דומה בשל השימוש בנשק וגרימת פגיעות גופניות. 
2. **תפקיד הנאשם ומעורבותו**: בשני התיקים הנאשם הוא היוזם והמבצע של עבירת הנשק, ומעורבותו פעילה. בשניהם נעשה שימוש בנשק לצורך ירי.
3. **שיטת הביצוע (MO)**: בשני המקרים מדובר בנשיאת נשק על הגוף, עם כדור בקנה, במטרה לפגוע באחר עקב סכסוך. נעשה שימוש בנשק וירי. 
4. **נסיבות הליבה**: בשני התיקים היה מעורב אקדח עם כדור בקנה, נעשה שימוש בנשק, והיה תכנון מראש. כמו כן, בשני המקרים אירעו פגיעות גופניות כתוצאה מהירי.
5. **ישימות כתקדים**: בהתחשב בדמיון בין שני התיקים מבחינת סוג העבירה, מעורבות הנאשם, שיטת הביצוע ונסיבות הליבה, סביר שדין בית המשפט יראה אותם כרלוונטיים זה לזה לצורכי ענישה.

SIMILARITY_SCORE: 85","ok",""
"ME-16-06-42987-901","ME-16-06-44840-433",3,1,1,"{""אופן קבלת הנשק"": ""מאחר"", ""כמות תחמושת"": ""כדור"", ""מטרה-סיבת העבירה"": ""סכסוך"", ""מספר עבירה"": ""144 ב"", ""סוג הנשק - אם לא נמצא בטבלה"": ""כלי נשק מאולתר"", ""סוג הנשק [רימון הלם/גז]"": 4.0, ""סוג עבירה"": ""נשיאת נשק"", ""סטטוס הנשק"": ""נשק עם כדור בקנה"", ""עבירות נוספות"": ""איומים לפי סעיף 192 לחוק; חבלה מחמירה לפי סעיף 329(א)(2) לחוק וניסיון תקיפה בנסיבות מחמירות לפי סעיפים 382(א) + 25 לחוק העונשין. חמש עבירות של סחר בסמים לפי סעיפים 13+19א' לפקודת הסמים המסוכנים [נוסח חדש] תשל\""ג-1973 ובעבירה אחת של החזקת סם שלא לשימוש עצמי לפי סעיפים 7(א) + 7(ג) רישא לפקודה זו.עבירה של גניבה לפי סעיף 384 לחוק העונשין."", ""שימוש"": ""ניסיון לירי ללא הצלחה, זריקת רימון"", ""תכנון"": ""כן"", ""מקום האירוע"": ""שכונת גילה, ירושלים"", ""סוג הרימון"": ""רימון הלם"", ""תאריך האירוע"": ""לא צוין במפורש"", ""שותפים לעבירה"": ""אמיר סלמה"", ""סוג הסם בתיק הסמים"": ""חשיש"", ""כמות הסם"": ""גרמים בודדים"", ""מחיר הסם"": ""בין 100 ל-400 ש\""ח"", ""זמן המכירות"": ""מאי ויוני 2016"", ""סוג הפריט הגנוב"": ""אופניים חשמליים"", ""שווי הפריט הגנוב"": ""3,000 ש\""ח"", ""תאריך הגניבה"": ""17.5.16""}","{""שנת לידה"": ""1993"", ""מיקום האירוע"": ""רחוב האפרסמון, ירושלים"", ""תאריך האירוע"": ""5.6.16"", ""מעורבים נוספים"": ""אלירון גולד, רן אברג'יל, יוני אברג'יל, נתי קורקוס"", ""פרטי הסדר טיעון"": ""הודאה והרשעה בכתב אישום שתוקן"", ""פרטי הסתרת הנשק"": ""הטמנת רימוני הלם במקום סמוך, העברתם בין שני מקומות מסתור נוספים"", ""מספר עבירה"": ""144 א, 144 ב"", ""סוג עבירה"": ""החזקה נשק, נשיאת נשק"", ""עבירות נוספות"": ""סיוע לנסיון לתקיפה לפי סעיפים 379 + 25 + 31 לחוק"", ""סוג הנשק [רימון רסס]"": 1.0, ""סוג הנשק [רימון הלם/גז]"": 2.0, ""סטטוס הנשק"": ""תקין"", ""תכנון"": ""כן"", ""אופן החזקת הנשק"": ""ברכב, מוסלק - מוסתר"", ""אופן קבלת הנשק"": ""מאחר"", ""מטרה-סיבת העבירה"": ""סכסוך"", ""שימוש"": ""זריקת רימון"", ""כמות תחמושת"": ""ללא""}",70.0,"1. **סוג העבירה וחומרתה**: שני התיקים עוסקים בעבירות נשק חמורות, כאשר תיק 1 מתמקד בנשיאת נשק (144 ב'), ותיק 2 כולל הן החזקה (144 א') והן נשיאת נשק (144 ב'). שני התיקים כוללים עבירות חמורות, אך יש הבדל בסעיפי האישום הנוספים.

2. **תפקיד הנאשם ומעורבותו**: בשני התיקים הנאשם היה מעורב באופן פעיל, קיבל נשק מאחר ומעורב בסכסוך. בשני המקרים מדובר במעורבות פעילה ולא פסיבית.

3. **שיטת הביצוע (MO)**: שני התיקים כוללים שימוש ברימוני הלם, וקבלת הנשק מאחר. כמו כן, בשני התיקים היה תכנון מראש. עם זאת, יש הבדלים בפרטי הביצוע כמו אופן ההחזקה והשימוש בנשק.

4. **נסיבות הליבה**: בשני התיקים מדובר בסכסוך כמניע, ושימוש ברימוני הלם. עם זאת, יש הבדלים בכמות התחמושת (כדור אחד בתיק 1 לעומת ללא בתיק 2) ובסטטוס הנשק (נשק עם כדור בקנה בתיק 1 לעומת תקין בתיק 2).

5. **ישימות כתקדים**: בית משפט עשוי לראות את שני התיקים כרלוונטיים זה לזה בשל הדמיון בעבירות הנשק, מעורבות הנאשם, המניע (סכסוך), ושימוש ברימוני הלם. עם זאת, ההבדלים בסעיפי האישום (144 ב' בלבד בתיק 1 לעומת 144 א' ו-144 ב' בתיק 2) ובנסיבות הפרטניות עשויים להשפיע על מידת הרלוונטיות.

SIMILARITY_SCORE: 70","ok",""
"ME-21-10-18557-340","SH-11-01-41775-497",1,0,0,"{""אופן החזקת הנשק"": ""ברכב, על גופו"", ""כמות תחמושת"": ""מחסנית + 2 כדורים"", ""מטרה-סיבת העבירה"": ""סכסוך"", ""מספר עבירה"": ""144 א, 144 ב"", ""סוג הנשק [תת מקלע מאולתר]"": 1.0, ""סוג עבירה"": ""החזקה נשק, נשיאת נשק, הובלת נשק"", ""סטטוס הנשק"": ""נשק עם כדור בקנה"", ""עבירות נוספות"": ""ירי מנשק חם"", ""שימוש"": ""כן,ירי"", ""תכנון"": ""לא"", ""סוג רכב הנאשם"": ""מאזדה בצבע כחול"", ""מיקום האירוע"": ""כפר אבו סנאן"", ""זמן האירוע"": ""16.9.2021, סמוך לשעה 19:00"", ""סוג רכב המטרה"": ""מאזדה לבנה"", ""מעורבים נוספים"": ""ג'יהאד סואעד, מוחמד פעאור"", ""כוונת הירי"": ""להפחיד או להקניט"", ""מיקום ישיבת הנאשם ברכב"": ""מושב נוסע"", ""מיקום ישיבת ג'יהאד ברכב"": ""מושב נהג"", ""מיקום ישיבת א' במאזדה"": ""מושב נוסע ליד הנהג"", ""מיקום ישיבת מוחמד פעאור במאזדה"": ""מושב נהג"", ""סוג הכדורים"": ""קליבר 9 מ\""מ"", ""סוג המחסנית"": ""מחסנית תואמת לתת מקלע"", ""מיקום הירי"": ""באזור מגורים"", ""סכנה פוטנציאלית"": ""סכנה לחיי אדם""}","{""תקופת החזקת הנשק"": ""כשנה וחצי"", ""תאריך תחילת החזקת הנשק"": ""1.6.08"", ""סוג עבירה"": ""החזקה נשק, נשיאת נשק"", ""סוג הנשק [אקדח]"": 1.0, ""סטטוס הנשק"": ""נשק מופרד מתחמושת"", ""תכנון"": ""לא"", ""אופן החזקת הנשק"": ""בבית, ברכב"", ""כמות תחמושת"": ""מחסנית, 34 כדורים"", ""מטרה-סיבת העבירה"": ""הגנה עצמית"", ""שימוש"": ""לא""}",40.0,"1. **סוג העבירה וחומרתה**: שני התיקים כוללים עבירות של החזקת נשק ונשיאת נשק, אך תיק 1 כולל גם הובלת נשק וירי מנשק חם, מה שהופך אותו לחמור יותר. 
2. **תפקיד הנאשם ומעורבותו**: בתיק 1 הנאשם היה מעורב באופן פעיל בירי והיה נוסע ברכב, בעוד שבתיק 2 אין פרטים על מעורבות פעילה והנשק הוחזק בבית וברכב ללא שימוש.
3. **שיטת הביצוע (MO)**: שני התיקים כוללים החזקת נשק, אך בתיק 1 הנשק שימש לירי, ואילו בתיק 2 לא היה שימוש בנשק. אופן החזקת הנשק דומה (בבית ו/או ברכב).
4. **נסיבות הליבה**: בתיק 1 היו מחסנית + 2 כדורים, והנשק היה עם כדור בקנה. בתיק 2 היו מחסנית ו-34 כדורים, אך הנשק היה מופרד מהתחמושת. שני התיקים כוללים תכנון מועט (""לא"").
5. **ישימות כתקדים**: בית המשפט עשוי לראות את שני התיקים כרלוונטיים חלקית זה לזה, אך ההבדלים בנסיבות (שימוש בנשק וירי בתיק 1) עשויים להפחית מהרלוונטיות.

SIMILARITY_SCORE: 40","ok",""
"ME-16-06-42987-901","ME-14-10-31218-522",1,0,0,"{""אופן קבלת הנשק"": ""מאחר"", ""כמות תחמושת"": ""כדור"", ""מטרה-סיבת העבירה"": ""סכסוך"", ""מספר עבירה"": ""144 ב"", ""סוג הנשק - אם לא נמצא בטבלה"": ""כלי נשק מאולתר"", ""סוג הנשק [רימון הלם/גז]"": 4.0, ""סוג עבירה"": ""נשיאת נשק"", ""סטטוס הנשק"": ""נשק עם כדור בקנה"", ""עבירות נוספות"": ""איומים לפי סעיף 192 לחוק; חבלה מחמירה לפי סעיף 329(א)(2) לחוק וניסיון תקיפה בנסיבות מחמירות לפי סעיפים 382(א) + 25 לחוק העונשין. חמש עבירות של סחר בסמים לפי סעיפים 13+19א' לפקודת הסמים המסוכנים [נוסח חדש] תשל\""ג-1973 ובעבירה אחת של החזקת סם שלא לשימוש עצמי לפי סעיפים 7(א) + 7(ג) רישא לפקודה זו.עבירה של גניבה לפי סעיף 384 לחוק העונשין."", ""שימוש"": ""ניסיון לירי ללא הצלחה, זריקת רימון"", ""תכנון"": ""כן"", ""מקום האירוע"": ""שכונת גילה, ירושלים"", ""סוג הרימון"": ""רימון הלם"", ""תאריך האירוע"": ""לא צוין במפורש"", ""שותפים לעבירה"": ""אמיר סלמה"", ""סוג הסם בתיק הסמים"": ""חשיש"", ""כמות הסם"": ""גרמים בודדים"", ""מחיר הסם"": ""בין 100 ל-400 ש\""ח"", ""זמן המכירות"": ""מאי ויוני 2016"", ""סוג הפריט הגנוב"": ""אופניים חשמליים"", ""שווי הפריט הגנוב"": ""3,000 ש\""ח"", ""תאריך הגניבה"": ""17.5.16""}","{""אופן החזקת הנשק"": ""על גופו"", ""מספר עבירה"": ""144 א"", ""סוג הנשק [רימון הלם/גז]"": 1.0, ""סוג עבירה"": ""החזקה נשק"", ""סטטוס הנשק"": ""תקין"", ""שימוש"": ""זריקת רימון"", ""תכנון"": ""לא"", ""שנת לידה"": 1983, ""תאריך האירוע"": ""29/5/14"", ""שעת האירוע"": ""02:45"", ""מיקום האירוע"": ""בית ד\""ר אמון חסן, דיר אל אסד"", ""סוג הרימון"": ""M7290"", ""צבע הרימון"": ""שחור"", ""פס כתוב על הרימון"": ""כן"", ""מספר סידורי של הרימון"": ""E386201"", ""פוטנציאל נזק"": ""גרימת פגיעה גופנית"", ""מיקום פיצוץ הרימון"": ""מרפסת בית המתלונן"", ""השפעת הפיצוץ"": ""קול נפץ עז שהעיר אנשים"", ""כמות תחמושת"": ""ללא""}",20.0,"1. **סוג העבירה וחומרתה**: שני התיקים עוסקים בעבירות נשק, אך סוג העבירה שונה - תיק 1: נשיאת נשק (144 ב'), ותיק 2: החזקת נשק (144 א'). חומרת העבירה ב-144(ב) נחשבת לחמורה יותר מאשר ב-144(א). 
2. **תפקיד הנאשם ומעורבותו**: בתיק 1 הנאשם הואשם בנשיאת נשק ושימוש בו, ובתיק 2 הנאשם הואשם בהחזקת נשק. בתיק 1 הנאשם היה מעורב באופן פעיל יותר, הן בנשיאת הנשק והן בשימוש בו.
3. **שיטת הביצוע (MO)**: בשני התיקים היה שימוש ברימון הלם, אך בתיק 1 הנשק היה מאולתר ובתיק 2 היה רימון צבאי (M7290). 
4. **נסיבות הליבה**: שני התיקים כוללים שימוש ברימון הלם, אך נסיבות אחרות שונות - בתיק 1 היה ניסיון לירי בנוסף לזריקת רימון, ובתיק 2 רק זריקת רימון ללא תחמושת נוספת. בתיק 1 היה תכנון מראש, ואילו בתיק 2 לא היה תכנון.
5. **ישימות כתקדים**: בהינתן ההבדלים בין סעיף 144(א) ל-144(ב) ונסיבות העבירה השונות, לא סביר שבית המשפט יראה את שני התיקים כרלוונטיים זה לזה לצורכי ענישה.

SIMILARITY_SCORE: 20","ok",""
"ME-18-05-32659-754","ME-15-02-9111-399",2,0,1,"{""אופן החזקת הנשק"": ""ברכב"", ""כמות תחמושת"": ""מחסנית ובה 0 כדורים, 9 כדורים, 10 כדורים"", ""מספר עבירה"": ""144 ב"", ""סוג הנשק [רימון הלם/גז]"": 2.0, ""סוג הנשק [תת מקלע מאולתר]"": 1.0, ""סוג עבירה"": ""נשיאת נשק, הובלת נשק"", ""סטטוס הנשק"": ""נשק מופרד מתחמושת"", ""עבירות נוספות"": ""הפרעה לשוטר במילוי תפקידו לפי סעיף 275 לחוק"", ""תכנון"": ""לא"", ""זמן האירוע"": ""00:25"", ""תאריך האירוע"": ""05.05.2018"", ""מיקום האירוע"": ""ירכא"", ""סוג הרכב"": ""לא צוין"", ""פרטי הנשק הנוספים"": ""תת-מקלע מאולתר פאראבלום 9 מילימטר, רימוני גז מדמיע, מחסנית ריקה לתת מקלע עוזי, כדורים לאקדח 9 מילימטר, ערכה לניקוי נשק עם 10 כדורים 5.56 מילימטר"", ""פעולת המשטרה"": ""הקמת מחסומים, זיהוי ועצירת הנאשם"", ""התנהגות הנאשם בעת המעצר"": ""סירוב לצאת מהרכב, דחיפת שוטרים, ניסיון להשתחרר מאחיזתם"", ""שימוש"": ""לא""}","{""אופן החזקת הנשק"": ""על גופו"", ""כמות תחמושת"": ""מחסנית ובה 13 כדורים"", ""מספר עבירה"": ""144 א, 144 ב"", ""סוג הנשק [אקדח]"": 1.0, ""סטטוס הנשק"": ""נשק מופרד מתחמושת"", ""תכנון"": ""לא"", ""תאריך העבירה"": ""25.1.15"", ""שעת העבירה"": ""סמוך לשעה 15:00"", ""מיקום העבירה"": ""כפר בענה"", ""סיבת הגעת השוטרים"": ""לעכב את יוסף חסארמה לחקירה"", ""פעולת הנאשם בעת העבירה"": ""מנוסה מהשוטרים"", ""סוג האקדח"": ""FN"", ""מספר האקדח"": ""74423"", ""סוג התחמושת"": ""9 מ\""מ"", ""פעולה במהלך המנוסה"": ""זריקת האקדח והמחסנית"", ""שימוש"": ""לא""}",60.0,"1. **סוג העבירה וחומרתה**: שני התיקים עוסקים בעבירות נשק חמורות, אך תיק 1 מתמקד בנשיאת/הובלת נשק (144 ב'), ואילו תיק 2 כולל הן החזקה (144 א') והן נשיאה/הובלה (144 ב'). חומרת העבירות דומה בשל מעורבות נשק ותחמושת.

2. **תפקיד הנאשם ומעורבותו**: בשני התיקים הנאשם היה מעורב באופן פעיל בהחזקת/נשיאת הנשק. אין הבדל משמעותי בתפקיד הנאשם בשני המקרים.

3. **שיטת הביצוע (MO)**: שני התיקים כוללים החזקת נשק ותחמושת, אך בשיטות שונות - תיק 1: החזקה ברכב, ותיק 2: החזקה על הגוף ולאחר מכן זריקה במהלך מנוסה. יש דמיון מסוים בשימוש בנשק חם ותחמושת, אך השיטה שונה.

4. **נסיבות הליבה**: שני התיקים כוללים נשק חם ותחמושת, אך בכמויות שונות. תיק 1 כולל מגוון נשק ותחמושת (תת-מקלע, רימוני גז, כדורים שונים), ואילו תיק 2 כולל אקדח עם מחסנית מלאה. בשני המקרים לא היה שימוש בנשק.

5. **ישימות כתקדים**: בית משפט עשוי לראות את שני התיקים כרלוונטיים זה לזה בשל הדמיון בעבירות נשק חמורות והמעורבות הפעילה של הנאשם. עם זאת, ההבדלים בשיטת הביצוע ובנסיבות הפרטיות עשויים להשפיע על מידת הרלוונטיות.

SIMILARITY_SCORE: 60","ok",""
"ME-16-05-336-804","ME-16-11-69158-529",3,1,1,"{""אופן החזקת הנשק"": ""ברכב, על גופו"", ""כמות תחמושת"": ""מחסנית ריקה ובה 0 כדורים + מחסנית ריקה ובה 0 כדורים + 26 כדורים"", ""מספר עבירה"": ""144 ב"", ""סוג הנשק [תת מקלע מאולתר]"": 1.0, ""סוג עבירה"": ""נשיאת נשק, הובלת נשק"", ""סטטוס הנשק"": ""נשק מופרד מתחמושת"", ""שימוש"": ""כן,ירי"", ""תכנון"": ""לא"", ""זמן האירוע"": ""שעת ערב"", ""מיקום האירוע"": ""טקס חינה"", ""תאריך האירוע"": ""24/04/16"", ""סוג הנשק"": ""תת מקלע מאולתר מסוג קרל גוסטב"", ""התנהלות במהלך המעצר"": ""ניסיון להימלט, זריקת הנשק מהרכב"", ""מעורבות צד שלישי"": ""רדואן סמארה, נהג הרכב"", ""פעולת השוטרים"": ""רדיפה ותפיסת הנשק והתחמושת""}","{""אופן החזקת הנשק"": ""ברכב, מוסלק - מוסתר, סמוך לבית"", ""כמות תחמושת"": ""מחסנית"", ""מטרה-סיבת העבירה"": ""חתונה"", ""מספר עבירה"": ""144 ב"", ""סוג הנשק [תת מקלע]"": 1.0, ""סוג עבירה"": ""נשיאת נשק"", ""סטטוס הנשק"": ""נשק עם כדור בקנה"", ""עבירות נוספות"": ""ירי באזור מגורים"", ""שימוש"": ""כן,ירי"", ""תכנון"": ""כן"", ""סוג תחמושת"": ""9 מ\""מ"", ""מיקום האירוע"": ""רחבת בית משפחת ג'בארה, טייבה"", ""זמן האירוע"": ""21:00"", ""מיקום החזקת הנשק לפני השימוש"": ""טמון באדמה"", ""מיקום החזקת הנשק לאחר השימוש"": ""מתחת למושב הנהג ובשקית מתחת למושב סמוך"", ""סוג האירוע"": ""משפחתי""}",70.0,"1. **סוג העבירה וחומרתה**: שני התיקים עוסקים בעבירות נשיאת/הובלת נשק לפי סעיף 144(ב) לחוק העונשין, והן נחשבות לחמורות. הדמיון קיים הן בסוג העבירה והן ברמת החומרה.

2. **תפקיד הנאשם ומעורבותו**: בשני התיקים הנאשם היה מעורב באופן פעיל בנשיאת/הובלת נשק. בשניהם היה שימוש בנשק, אולם בראשון היה מעורב צד שלישי (נהג הרכב), ואילו בשני לא מצוין מעורבות כזו.

3. **שיטת הביצוע (MO)**: בשני המקרים נשק התת-מקלע הוחזק ברכב. בשניהם נעשה שימוש בנשק (ירי). עם זאת, ישנם הבדלים בפרטי ההחזקה והשימוש.

4. **נסיבות הליבה**: בשני התיקים היה שימוש בנשק באירוע משפחתי/חברתי (טקס חינה/חתונה). כמו כן, בשניהם היה ירי. עם זאת, יש הבדלים בכמות התחמושת ובמידת התכנון (לא מתוכנן לעומת מתוכנן).

5. **ישימות כתקדים**: בית המשפט עשוי לראות בשני התיקים דמיון מסוים בשל סוג העבירה, השימוש בנשק, והקשר לאירוע חברתי. עם זאת, ההבדלים בנסיבות (תכנון, כמות תחמושת) עשויים להשפיע על מידת הדמיון.

SIMILARITY_SCORE: 70","ok",""
"SH-17-10-10556-234","m07001074-98",2,0,1,"{""אופן החזקת הנשק"": ""מוסלק - מוסתר, סמוך לבית"", ""כמות תחמושת"": ""מחסנית ובה 10 כדורים"", ""מספר עבירה"": ""144 א"", ""סוג הנשק [אקדח]"": 2.0, ""סוג עבירה"": ""החזקה נשק"", ""סטטוס הנשק"": ""נשק עם מחסנית בהכנס"", ""תכנון"": ""לא"", ""קוטר הכדורים"": ""8 מ\""מ"", ""מיקום החזקת הנשק"": ""בתוך שקית בחצר, מתחת למזרון בערימת זבל"", ""מרחק החזקת הנשק מהבית"": ""כ-100 מטרים"", ""מצב המחסנית הנוספת"": ""לא טעונה"", ""שימוש"": ""לא""}","{""אופן החזקת הנשק"": ""בבית, מוסלק - מוסתר"", ""אופן קבלת הנשק"": ""מצא"", ""כמות תחמושת"": ""מחסנית ריקה ובה 0 כדורים + מחסנית ריקה ובה 0 כדורים"", ""מספר עבירה"": ""144 א"", ""סוג הנשק [תת מקלע]"": 1.0, ""סוג עבירה"": ""החזקה נשק"", ""סטטוס הנשק"": ""נשק מפורק, תקול"", ""תכנון"": ""לא"", ""מיקום מציאת הנשק"": ""שטח אדמה סמוך לכפר מגוריו"", ""תאריך מציאת הנשק"": ""31/1/07"", ""תאריך תפיסת הנשק"": ""4/2/07"", ""סוג הנשק"": ""עוזי"", ""מיקום החזקת הנשק"": ""מעל ארון בגדים"", ""סיבת חיפוש"": ""צו בית משפט"", ""שימוש"": ""לא""}",40.0,"1. **סוג העבירה וחומרתה**: שני התיקים עוסקים בעבירה של החזקת נשק לפי סעיף 144(א) לחוק העונשין, אך סוג הנשק שונה — אקדח בתיק 1 ותת-מקלע (""עוזי"") בתיק 2. חומרת העבירה עשויה להיות שונה בשל סוג הנשק והנסיבות. 
2. **תפקיד הנאשם ומעורבותו**: בשני התיקים הנאשם הוא מחזיק הנשק, ללא עדות למעורבות פעילה נוספת או תפקיד שונה. 
3. **שיטת הביצוע (MO)**: בשני המקרים הנשק הוחזק באופן מוסתר (מוסלק), אך במיקומים שונים — מחוץ לבית בתיק 1 ובתוך הבית בתיק 2. 
4. **נסיבות הליבה**: בתיק 1 הנשק היה עם מחסנית טעונה (10 כדורים), ואילו בתיק 2 הנשק היה מפורק ועם מחסניות ריקות. נסיבות אלו מצביעות על הבדלים משמעותיים בנוגע לכוונה ולמידת הסיכון. 
5. **ישימות כתקדים**: בית המשפט עשוי לראות הבדלים משמעותיים בין שני התיקים בשל סוג הנשק, מצבו, ונסיבות החזקתו, מה שמקטין את הרלוונטיות של תיק אחד כתקדים לאחר.

SIMILARITY_SCORE: 40","ok",""
"SH-19-07-60805-168","ME-14-10-31218-522",1,0,0,"{""אופן החזקת הנשק"": ""ברכב, מוסלק - מוסתר"", ""כמות תחמושת"": ""מחסנית ובה 10 כדורים"", ""מספר עבירה"": ""144 א"", ""סוג הנשק [אקדח]"": 1.0, ""סוג עבירה"": ""החזקה נשק"", ""סטטוס הנשק"": ""נשק עם מחסנית בהכנס"", ""תכנון"": ""לא"", ""סוג הרכב"": ""לקסוס"", ""מספר רישוי"": ""72-111-79"", ""מיקום החזקת הנשק"": ""תא מטען, מתחת לשטיח הגלגל הרזרבי"", ""סוג האקדח"": ""גז/הזנקה"", ""שינוי בייעוד הנשק"": ""מסוגל לירות כדורי אקדח"", ""סוג המחסנית"": ""סמית' אנד ווסון"", ""קוטר הכדורים"": ""9 מ\""מ פאראבלום"", ""שימוש"": ""לא""}","{""אופן החזקת הנשק"": ""על גופו"", ""מספר עבירה"": ""144 א"", ""סוג הנשק [רימון הלם/גז]"": 1.0, ""סוג עבירה"": ""החזקה נשק"", ""סטטוס הנשק"": ""תקין"", ""שימוש"": ""זריקת רימון"", ""תכנון"": ""לא"", ""שנת לידה"": 1983, ""תאריך האירוע"": ""29/5/14"", ""שעת האירוע"": ""02:45"", ""מיקום האירוע"": ""בית ד\""ר אמון חסן, דיר אל אסד"", ""סוג הרימון"": ""M7290"", ""צבע הרימון"": ""שחור"", ""פס כתוב על הרימון"": ""כן"", ""מספר סידורי של הרימון"": ""E386201"", ""פוטנציאל נזק"": ""גרימת פגיעה גופנית"", ""מיקום פיצוץ הרימון"": ""מרפסת בית המתלונן"", ""השפעת הפיצוץ"": ""קול נפץ עז שהעיר אנשים"", ""כמות תחמושת"": ""ללא""}",40.0,"1. **סוג העבירה וחומרתה**: שני התיקים עוסקים בעבירה של החזקת נשק לפי סעיף 144(א) לחוק העונשין, אך סוג הנשק שונה - אקדח (שנשקו הותאם לירות תחמושת חיה) בתיק 1 לעומת רימון הלם בתיק 2. חומרת העבירה דומה מאחר ששניהם עוסקים בהחזקת נשק ללא רישיון.

2. **תפקיד הנאשם ומעורבותו**: בשני התיקים הנאשם הוא המחזיק בנשק. אין מידע על מעורבותם של גורמים נוספים.

3. **שיטת הביצוע (MO)**: אופן החזקת הנשק שונה - מוסתר ברכב בתיק 1 לעומת החזקה על הגוף בתיק 2. עם זאת, בשני המקרים לא היה שימוש מתוכנן מראש בנשק.

4. **נסיבות הליבה**: בתיק 1 מדובר באקדח עם מחסנית מלאה בת 10 כדורים, ואילו בתיק 2 מדובר ברימון הלם ללא תחמושת נוספת. השימוש בנשק היה רק בתיק 2, שם נזרק הרימון.

5. **ישימות כתקדים**: בית המשפט עשוי לראות את שני התיקים כקשורים לנושא החזקת נשק, אך ההבדלים בסוג הנשק, אופן ההחזקה, והשימוש בפועל עשויים להפחית מהרלוונטיות של האחד לאחר.

SIMILARITY_SCORE: 40","ok",""
"ME-16-06-44840-433","SH-11-05-24791-315",1,0,0,"{""שנת לידה"": ""1993"", ""מיקום האירוע"": ""רחוב האפרסמון, ירושלים"", ""תאריך האירוע"": ""5.6.16"", ""מעורבים נוספים"": ""אלירון גולד, רן אברג'יל, יוני אברג'יל, נתי קורקוס"", ""פרטי הסדר טיעון"": ""הודאה והרשעה בכתב אישום שתוקן"", ""פרטי הסתרת הנשק"": ""הטמנת רימוני הלם במקום סמוך, העברתם בין שני מקומות מסתור נוספים"", ""מספר עבירה"": ""144 א, 144 ב"", ""סוג עבירה"": ""החזקה נשק, נשיאת נשק"", ""עבירות נוספות"": ""סיוע לנסיון לתקיפה לפי סעיפים 379 + 25 + 31 לחוק"", ""סוג הנשק [רימון רסס]"": 1.0, ""סוג הנשק [רימון הלם/גז]"": 2.0, ""סטטוס הנשק"": ""תקין"", ""תכנון"": ""כן"", ""אופן החזקת הנשק"": ""ברכב, מוסלק - מוסתר"", ""אופן קבלת הנשק"": ""מאחר"", ""מטרה-סיבת העבירה"": ""סכסוך"", ""שימוש"": ""זריקת רימון"", ""כמות תחמושת"": ""ללא""}","{""אופן החזקת הנשק"": ""בבית"", ""אופן קבלת הנשק"": ""מאחר"", ""כמות תחמושת"": ""2 מחסניות"", ""מספר עבירה"": ""144 א"", ""סוג הנשק [אקדח]"": 1.0, ""סוג עבירה"": ""החזקה נשק"", ""סטטוס הנשק"": ""נשק מופרד מתחמושת"", ""תכנון"": ""לא"", ""מיקום החזקת הנשק"": ""כפר עין-נקובא"", ""דגם הנשק"": ""אקדח חצי אוטומטי אף-אן (FN)"", ""תאריך האירוע"": ""19/07/09"", ""שעת האירוע"": ""21:00"", ""תאריך הרשעה"": ""09/01/13"", ""סעיף עבירה נוסף"": ""144 א סיפא"", ""סוג עבירה נוספת"": ""החזקת אביזר לנשק"", ""שימוש"": ""לא""}",30.0,"1. **סוג העבירה וחומרתה**: שני התיקים עוסקים בעבירות נשק, אך תיק 1 כולל הן החזקה והן נשיאה (סעיפים 144א ו-144ב), בעוד שתיק 2 כולל רק החזקה (סעיף 144א). חומרת העבירה בתיק 1 גבוהה יותר בשל הימצאות סעיף 144ב והשימוש בפועל בנשק.

2. **תפקיד הנאשם ומעורבותו**: בשני התיקים הנאשם קיבל את הנשק מאחר, אך בתיק 1 הנאשם היה מעורב באופן פעיל יותר, כולל הטמנה ושימוש בנשק, בעוד שבתיק 2 הנאשם החזיק בנשק בביתו ללא עדות לשימוש.

3. **שיטת הביצוע (MO)**: תיק 1 כולל הטמנה והעברה של רימוני הלם, בעוד שתיק 2 כולל החזקת אקדח בבית ללא שימוש. אופן ההחזקה והשימוש שונים.

4. **נסיבות הליבה**: בתיק 1 היו מעורבים רימוני הלם, נעשה שימוש בנשק, והייתה מעורבות נוספת של אנשים. בתיק 2 מדובר באקדח מופרד מתחמושת, ללא שימוש. הכמות והסוג שונים.

5. **ישימות כתקדים**: בשל ההבדלים בסעיפי האישום (144א ו-144ב בתיק 1 לעומת 144א בלבד בתיק 2), השימוש בנשק בתיק 1, והיעדרו בתיק 2, סביר שבית המשפט לא יראה את תיק 2 כתקדים ישיר לתיק 1. עם זאת, שני התיקים עוסקים בעבירות נשק, ויכולים לשמש השוואה חלקית.

SIMILARITY_SCORE: 30","ok",""
"ME-16-08-229-604","ME-16-05-19384-544",1,0,0,"{""מספר עבירה"": ""144 א, 144 ב"", ""סוג עבירה"": ""החזקה נשק, נשיאת נשק, ייצור נשק"", ""עבירות נוספות"": ""בעבירה של חבלה בכוונה מחמירה, לפי סעיף 329(א)(2) בצירוף סעיף 29 לחוק העונשין תשל\""ז – 1977 (להלן: \""החוק\""); בעבירה של גניבת רכב, לפי סעיף 413ב(א) לחוק; בעבירה של ניסיון הצתה, לפי סעיף 448(א) רישא בצירוף סעיף 25 לחוק; ובעבירה של ירי בשטח בנוי, לפי סעיף 340 א לחוק."", ""סוג הנשק [אקדח]"": 1.0, ""סוג הנשק [בקבוק תבערה]"": 1.0, ""סוג הנשק [רובה סער]"": 1.0, ""סוג הנשק - אם לא נמצא בטבלה"": ""בקבוק תבערה"", ""סטטוס הנשק"": ""נשק עם כדור בקנה"", ""תכנון"": ""כן"", ""אופן החזקת הנשק"": ""בבית, ברכב"", ""אופן קבלת הנשק"": ""מאחר"", ""מטרה-סיבת העבירה"": ""פיגוע, חגיגה"", ""שימוש"": ""כן,ירי"", ""כמות תחמושת"": ""ללא""}","{""מחיר נשק קרל גוסטב"": ""4000 ₪"", ""מחיר מכירה לחרוב"": ""3500 ₪"", ""מחיר רכישה מחרוב"": ""3000 ₪"", ""סוג נשק נוסף"": ""תבור"", ""מיקום החבייה"": ""שכונה סמוכה למקום מגוריו"", ""תאריך התקרית"": ""14.11.15"", ""שעת התקרית"": ""בין 1:00 ל-2:00"", ""מספר כדורים שנורו"": ""5"", ""מספר רכבי ביטחון שנפגעו"": ""3"", ""תאריך חיפושי כוחות הביטחון"": ""מרץ 2016"", ""שם השומר הנשק"": ""מחמוד זהאדה"", ""שם הקונה השני"": ""מוראד מחיסן"", ""שם הקונה השלישי"": ""עבד חרוב"", ""תאריך פיגוע ירי חרוב"": ""9.3.16"", ""מיקום פיגוע ירי חרוב"": ""ירושלים, צומת רמות ושמעון הצדיק"", ""מספר כדורי תחמושת שנמכרו לחרוב"": ""10"", ""מספר עבירה"": ""144 א, 144 ב"", ""סוג עבירה"": ""נשיאת נשק, סחר בנשק"", ""עבירות נוספות"": ""ניסיון לחבלה חמורה,רכישת נשק"", ""סוג הנשק [תת מקלע]"": 3.0, ""סוג הנשק [רובה סער]"": 1.0, ""סטטוס הנשק"": ""נשק עם כדור בקנה"", ""תכנון"": ""כן"", ""אופן החזקת הנשק"": ""מוסלק - מוסתר, סמוך לבית"", ""אופן קבלת הנשק"": ""רכש"", ""כמות תחמושת"": ""10 כדורים"", ""מטרה-סיבת העבירה"": ""בצע כסף"", ""שימוש"": ""כן,ירי""}",80.0,"1. **סוג העבירה וחומרתה** — שני התיקים כוללים עבירות של החזקה ונשיאה של נשק (סעיף 144 א ו-144 ב), וכן עבירות נוספות הקשורות לנשק ושימוש בו. חומרת העבירות דומה בשני התיקים, עם שימוש בנשק וירי. 
2. **תפקיד הנאשם ומעורבותו** — בתיק 1 הנאשם היה מעורב בהחזקה, נשיאה וייתכן גם בייצור נשק, וכן בעבירות נוספות כמו חבלה וגניבת רכב. בתיק 2 הנאשם היה מעורב בסחר בנשק, נשיאה ורכישה. בשני המקרים הנאשמים היו מעורבים באופן פעיל.
3. **שיטת הביצוע (MO)** — שני התיקים כוללים החזקה ונשיאה של נשק חם, כולל רובה סער, וכן שימוש בנשק (ירי). אופן קבלת הנשק שונה (מאחר בתיק 1, רכש בתיק 2), אך התכנון והשימוש בנשק דומים.
4. **נסיבות הליבה** — בשני התיקים היה נשק עם כדור בקנה, והיה שימוש בנשק (ירי). בתיק 1 לא מצוינת כמות תחמושת ספציפית, ואילו בתיק 2 מדובר ב-10 כדורים. שני התיקים כוללים תכנון מראש.
5. **ישימות כתקדים** — שני התיקים דומים בעבירות של החזקה ונשיאה של נשק, שימוש בנשק ומעורבות פעילה של הנאשם. הדמיון בעבירות הליבה ובנסיבות המחמירות (שימוש בנשק, תכנון) מצביע על כך שבית משפט עשוי לראות את שני התיקים כרלוונטיים זה לזה לצורכי ענישה.

SIMILARITY_SCORE: 80","ok",""
"ME-16-02-18397-87","ME-20-01-62688-591",1,0,0,"{""אופן החזקת הנשק"": ""ברכב, מוסלק - מוסתר"", ""כמות תחמושת"": ""כדורים"", ""מספר עבירה"": ""144 ב"", ""סוג הנשק [אקדח]"": 1.0, ""סוג עבירה"": ""נשיאת נשק, הובלת נשק"", ""סטטוס הנשק"": ""תקול"", ""עבירות נוספות"": ""נהיגה ללא רישיון, נהיגה ללא ביטוח וללא רישיון רכב"", ""תכנון"": ""לא"", ""מיקום האירוע"": ""לפני הכניסה לכפר דבוריה"", ""תגובת הנאשם לבדיקת שוטרים"": ""סירוב לפתוח את תא האופנוע"", ""אופן גילוי הנשק"": ""בחיפוש על גופו ובתא האופנוע"", ""פרטי הנשק"": ""חסר חלק פנימי לפעולת ירי"", ""סוג הרכב"": ""קטנוע"", ""שימוש"": ""לא""}","{""אופן החזקת הנשק"": ""ברכב, על גופו"", ""מטרה-סיבת העבירה"": ""סכסוך"", ""מספר עבירה"": ""144 ב"", ""סוג הנשק [אקדח]"": 1.0, ""סוג עבירה"": ""נשיאת נשק, הובלת נשק"", ""סטטוס הנשק"": ""נשק עם כדור בקנה"", ""עבירות נוספות"": ""חבלה בכוונה מחמירה - עבירה לפי סעיף 329 (א)(1) לחוק העונשין; החזקת סם מסוכן לצריכה עצמית - עבירה לפי סעיף 7(א) + (ג) סיפא לפקודת הסמים המסוכנים [נוסח חדש], התשל\""ג-1973."", ""שימוש"": ""כן,ירי"", ""תכנון"": ""כן"", ""זמן האירוע"": ""16.1.20 בשעה 14:55"", ""מקום האירוע"": ""עסק בו עבד המתלונן"", ""סוג הרכב"": ""הונדה בצבע שחור"", ""מספר רישוי של הרכב"": ""60-201-70"", ""זהות הנהג"": ""לא ידועה"", ""פגיעה פיזית"": ""שבר פמור שליש פרוקסימלי אספקט קדמי של להקורטקס, ספליט שנמשך עד כ 7 ס\""מ מתחת ל- LT"", ""טיפול רפואי"": ""אושפז ונותח לשחזור ולקיבוע השבר באמצעות מסמר, הקליע הושאר בגוף"", ""מקום האישפוז"": ""בית חולים רמב\""ם"", ""תאריך שחרור מהאשפוז"": ""21.1.20"", ""מקום מעצר הנאשם"": ""תחנת דלק פז בצומת האצטדיון בחיפה"", ""זמן מעצר הנאשם"": ""אותו יום, סמוך לשעה 15:50"", ""כמות הסם"": ""1.5 גרם נטו של קוקאין"", ""סכום הכסף שנמצא על הנאשם"": ""1,950 ₪"", ""כמות תחמושת"": ""ללא""}",40.0,"1. **סוג העבירה וחומרתה** — שני התיקים עוסקים בעבירה לפי סעיף 144(ב) לחוק העונשין, כלומר נשיאת נשק/הובלת נשק, והם זהים מבחינת סוג העבירה. עם זאת, חומרת העבירה שונה משמעותית בין שני התיקים, כאשר בתיק 2 היה שימוש בנשק ופגיעה פיזית קשה, מה שמגביר את חומרת העבירה.

2. **תפקיד הנאשם ומעורבותו** — בשני התיקים הנאשם הוא זה שנשא/הוביל את הנשק. בתיק 2 הנאשם גם השתמש בנשק, מה שמעיד על מעורבות פעילה ומגבירה את חומרת המעשה.

3. **שיטת הביצוע (MO)** — שני התיקים כוללים נשיאת/הובלת נשק ברכב, אך בתיק 1 הנשק היה מוסתר ואילו בתיק 2 הנשק היה על גופו של הנאשם. כמו כן, בתיק 2 היה שימוש בנשק לירי, מה שמצביע על דפוס שונה.

4. **נסיבות הליבה** — בתיק 1 הנשק היה תקול ולא היה שימוש בו, ואילו בתיק 2 הנשק היה תקין ועם כדור בקנה, והיה בו שימוש. כמו כן, בתיק 2 היו נסיבות מחמירות כמו פגיעה פיזית קשה.

5. **ישימות כתקדים** — בית משפט עשוי לראות את שני התיקים כרלוונטיים זה לזה מבחינת סעיף 144(ב), אך ההבדלים בנסיבות ובחומרת העבירה יצטרכו להילקח בחשבון. הדמיון בסוג העבירה ובתפקיד הנאשם מאפשר שימוש בתיק אחד כתקדים עבור התיק השני, אך יש להתחשב בהבדלים המשמעותיים.

SIMILARITY_SCORE: 40","ok",""
"sh-10-05-7434-952","ME-15-06-12109-344",1,0,0,"{""אופן החזקת הנשק"": ""בבית, מוסלק - מוסתר"", ""כמות תחמושת"": ""מחסנית"", ""מספר עבירה"": ""144 א"", ""סוג הנשק [אקדח]"": 2.0, ""סוג עבירה"": ""החזקה נשק"", ""סטטוס הנשק"": ""נשק מופרד מתחמושת"", ""תכנון"": ""לא"", ""שם הנאשם"": ""איגור בן סמיון סבובסקי"", ""שנת לידה"": 1961, ""תאריך העבירה"": ""14.4.10"", ""כתובת האירוע"": ""רחוב אורלנסקי 11, פתח תקווה"", ""סוגי האקדחים"": [""ברטה חצי אוטומטי"", ""לאמה חצי אוטומטי""], ""שימוש"": ""לא"", ""מטרה-סיבת העבירה"": ""אספנות""}","{""תאריך האירוע"": ""2.5.13"", ""מיקום האירוע"": ""כפר עזריה"", ""מעורבים נוספים"": ""עמאר זלום, אחיו של הנאשם"", ""סוג הנשק [אקדח]"": 1.0, ""מספר עבירה"": ""144 ב"", ""סוג עבירה"": ""נשיאת נשק, הובלת נשק"", ""סטטוס הנשק"": ""תקין"", ""תכנון"": ""כן"", ""אופן החזקת הנשק"": ""ברכב"", ""שימוש"": ""לא"", ""כמות תחמושת"": ""ללא""}",20.0,"1. **סוג העבירה וחומרתה**: שני התיקים עוסקים בעבירות נשק, אך סוג העבירה שונה - תיק 1 הוא החזקה (144א) ואילו תיק 2 הוא נשיאה והובלה (144ב), המהווה עבירה חמורה יותר. 
2. **תפקיד הנאשם ומעורבותו**: בתיק 1 הנאשם הוא המחזיק בנשק, ואילו בתיק 2 הנאשם הואשם בנשיאה והובלה, המעיד על מעורבות פעילה יותר. 
3. **שיטת הביצוע (MO)**: אופן החזקת הנשק שונה - בבית (תיק 1) לעומת ברכב (תיק 2). כמו כן, בתיק 2 היה מעורב נוסף.
4. **נסיבות הליבה**: בתיק 1 הנשק היה מופרד מתחמושת, ואילו בתיק 2 הנשק היה תקין אך ללא תחמושת. תיק 2 מעיד על תכנון מראש.
5. **ישימות כתקדים**: בהינתן ההבדלים בסוג העבירה, אופן החזקת הנשק ונסיבות אחרות, לא סביר שבית המשפט יראה את שני התיקים כרלוונטיים זה לזה לצורכי ענישה.

SIMILARITY_SCORE: 20","ok",""
"ME-16-06-44840-433","SH-09-05-9349-998",1,0,0,"{""שנת לידה"": ""1993"", ""מיקום האירוע"": ""רחוב האפרסמון, ירושלים"", ""תאריך האירוע"": ""5.6.16"", ""מעורבים נוספים"": ""אלירון גולד, רן אברג'יל, יוני אברג'יל, נתי קורקוס"", ""פרטי הסדר טיעון"": ""הודאה והרשעה בכתב אישום שתוקן"", ""פרטי הסתרת הנשק"": ""הטמנת רימוני הלם במקום סמוך, העברתם בין שני מקומות מסתור נוספים"", ""מספר עבירה"": ""144 א, 144 ב"", ""סוג עבירה"": ""החזקה נשק, נשיאת נשק"", ""עבירות נוספות"": ""סיוע לנסיון לתקיפה לפי סעיפים 379 + 25 + 31 לחוק"", ""סוג הנשק [רימון רסס]"": 1.0, ""סוג הנשק [רימון הלם/גז]"": 2.0, ""סטטוס הנשק"": ""תקין"", ""תכנון"": ""כן"", ""אופן החזקת הנשק"": ""ברכב, מוסלק - מוסתר"", ""אופן קבלת הנשק"": ""מאחר"", ""מטרה-סיבת העבירה"": ""סכסוך"", ""שימוש"": ""זריקת רימון"", ""כמות תחמושת"": ""ללא""}","{""מיקום החזקת הנשק"": ""מקפיא בבית"", ""מיקום התחמושת"": ""בתוך נעל בחדר"", ""סוג התחמושת"": ""כדורי אקדח 9 מ\""מ"", ""מספר סידורי של הנשק"": ""1066A"", ""יצרן הנשק"": ""CZ"", ""תאריך ושעה"": ""12/5/09, 12:00"", ""מספר עבירה"": ""144 א"", ""סוג עבירה"": ""החזקה נשק"", ""סוג הנשק [אקדח]"": 1.0, ""סטטוס הנשק"": ""נשק מופרד מתחמושת"", ""תכנון"": ""לא"", ""אופן החזקת הנשק"": ""בבית"", ""כמות תחמושת"": ""מחסנית ובה 0 כדורים, 26 כדורים"", ""שימוש"": ""לא""}",20.0,"1. **סוג העבירה וחומרתה**: שני התיקים עוסקים בעבירות נשק, אך תיק 1 כולל הן החזקה והן נשיאה (סעיפים 144א ו-144ב), בעוד שתיק 2 כולל רק החזקה (סעיף 144א). חומרת העבירה בתיק 1 גבוהה יותר בשל הימצאות סעיף הנשיאה והשימוש בפועל בנשק.

2. **תפקיד הנאשם ומעורבותו**: בתיק 1 הנאשם היה מעורב באופן פעיל בהחזקה, העברה ושימוש בנשק, ופעל כחלק מקבוצה. בתיק 2, הנאשם החזיק בנשק בביתו ללא עדות למעורבות פעילה נוספת או שימוש בנשק.

3. **שיטת הביצוע (MO)**: תיק 1 מתאפיין בהטמנה והעברה של רימוני הלם, וכן שימוש בהם. תיק 2 כולל החזקה של אקדח ותחמושת בבית ללא שימוש. השיטות שונות.

4. **נסיבות הליבה**: בתיק 1 מדובר ברימוני הלם ללא תחמושת נוספת, עם שימוש בפועל. בתיק 2 מדובר באקדח עם תחמושת, אך ללא שימוש. נסיבות שונות.

5. **ישימות כתקדים**: בשל ההבדלים בסעיפי האישום (144א ו-144ב בתיק 1 לעומת 144א בלבד בתיק 2), השוני במעורבות הנאשם ובשימוש בנשק, סביר שבית המשפט לא יראה בתיק 2 תקדים ישיר לתיק 1. עם זאת, שני התיקים עוסקים בעבירות נשק, מה שיכול להוות בסיס מסוים להשוואה.

SIMILARITY_SCORE: 20","ok",""
"ME-16-08-44157-713","ME-15-11-45465-294",3,1,1,"{""אופן החזקת הנשק"": ""בבית"", ""כמות תחמושת"": ""מחסנית"", ""מטרה-סיבת העבירה"": ""בצע כסף"", ""מספר עבירה"": ""144 ב"", ""סוג הנשק [תת מקלע מאולתר]"": 1.0, ""סוג הנשק [תת מקלע]"": 1.0, ""סוג עבירה"": ""סחר בנשק"", ""סטטוס הנשק"": ""נשק מופרד מתחמושת"", ""עבירות נוספות"": ""קשירת קשר לביצוע פשע"", ""תכנון"": ""כן"", ""סוגי נשק נוספים"": [""קרל גוסטב מאולתר"", ""מיני עוזי"", ""אקדח 14"", ""אקדח 7"", ""קאנס""], ""מקום המפגש לעסקת נשק"": ""ליד פסי הרכבת בעיר לוד"", ""מחיר נשק קרל גוסטב"": ""10500 שקלים"", ""מחיר נשק אקדח 7"": ""10000 שקלים"", ""תיאור נשק קאנס"": ""מצויד במשתיק קול, כוונת טלסקופית ומחסנית המכילה 100 כדורים"", ""מספר שותפים בעסקת הנשק"": ""מספר שותפים"", ""תפקיד הנאשם בעסקה"": ""העברת הנשק לאחר לצורך העברתו לסוכן"", ""שימוש"": ""לא""}","{""אופן החזקת הנשק"": ""ברכב"", ""כמות תחמושת"": ""3 מחסניות"", ""מטרה-סיבת העבירה"": ""בצע כסף"", ""מספר עבירה"": ""144 ב"", ""סוג הנשק [תת מקלע]"": ""קרל גוסטב"", ""סוג עבירה"": ""נשיאת נשק, סחר בנשק"", ""סטטוס הנשק"": ""נשק מופרד מתחמושת"", ""תכנון"": ""כן"", ""מיקום העסקה"": ""תחנת אוטובוס סמוכה לאוניברסיטת חיפה"", ""סוג המחסניות"": ""מחסניות מאולתרות, מחסנית צולבת"", ""זמן העסקה"": ""30.6.15 בשעת צהריים"", ""סכום העסקה"": ""8,000 ₪"", ""זמן הגעה למקום העסקה"": ""כשעה אחרי השיחה"", ""אופן האחסון ברכב"": ""תת-מקלע עטוף בבד, מונח בתיק"", ""שימוש"": ""לא""}",70.0,"1. **סוג העבירה וחומרתה**: שני התיקים עוסקים בעבירות נשיאת נשק (סעיף 144(ב)) וסחר בנשק, ומצביעים על חומרה דומה. עם זאת, תיק 1 כולל גם עבירת קשירת קשר לביצוע פשע, מה שיכול להעיד על מורכבות גדולה יותר. 
2. **תפקיד הנאשם ומעורבותו**: בתיק 1 הנאשם היה מעורב בהעברת נשק לאחר לצורך העברתו לסוכן, מה שמצביע על תפקיד של מתווך. בתיק 2, הנאשם היה מעורב בעסקת נשק, אך פרטי תפקידו המדויק אינם מפורטים. שני התיקים מצביעים על מעורבות פעילה של הנאשם.
3. **שיטת הביצוע (MO)**: שני התיקים כוללים נשיאת נשק מסוג תת-מקלע (קרל גוסטב בתיק 2, ותת מקלע/תת מקלע מאולתר בתיק 1) והעברתו לאחרים. הנשק הוחזק בנפרד מתחמושת בשני המקרים. 
4. **נסיבות הליבה**: שני התיקים כוללים תכנון מראש, ומטרת העבירה בשניהם היא ""בצע כסף"". כמו כן, בשני התיקים לא היה שימוש בנשק. עם זאת, ישנם הבדלים בכמות התחמושת ובמקום העבירה.
5. **ישימות כתקדים**: בהתחשב בדמיון בסוג העבירה, תפקיד הנאשם, ושיטת הביצוע, בית משפט עשוי לראות את שני התיקים כרלוונטיים זה לזה לצורכי ענישה.

SIMILARITY_SCORE: 70","ok",""
"ME-15-06-12109-344","ME-12-04-33577-700",1,0,0,"{""תאריך האירוע"": ""2.5.13"", ""מיקום האירוע"": ""כפר עזריה"", ""מעורבים נוספים"": ""עמאר זלום, אחיו של הנאשם"", ""סוג הנשק [אקדח]"": 1.0, ""מספר עבירה"": ""144 ב"", ""סוג עבירה"": ""נשיאת נשק, הובלת נשק"", ""סטטוס הנשק"": ""תקין"", ""תכנון"": ""כן"", ""אופן החזקת הנשק"": ""ברכב"", ""שימוש"": ""לא"", ""כמות תחמושת"": ""ללא""}","{""אופן החזקת הנשק"": ""על גופו"", ""מטרה-סיבת העבירה"": ""סכסוך"", ""מספר עבירה"": ""144 א, 144 ב"", ""סוג הנשק [אקדח]"": 1.0, ""סוג עבירה"": ""החזקה נשק, נשיאת נשק"", ""סטטוס הנשק"": ""נשק עם כדור בקנה"", ""עבירות נוספות"": ""חבלה בכוונה מחמירה, עבירה לפי סעיף 329(א)(2) לחוק העונשין ויריות באזור מגורים, עבירה לפי סעיף 340(א) לחוק העונשין."", ""שימוש"": ""כן,ירי"", ""תכנון"": ""כן"", ""מיקום האירוע"": ""בית שאן"", ""תאריך האירוע"": ""13/4/12"", ""שעת האירוע"": ""02:00 לפנות בוקר"", ""פרטי המתלונן"": ""זרק כוס לעבר הנאשם"", ""תיאור התקרית"": ""במהלך ויכוח זרק המתלונן כוס לכיוון הנאשם, הנאשם שלף אקדח וירה שלוש יריות"", ""מספר יריות"": 3, ""מיקום פגיעות הירי"": ""אחת ליד הראש, אחת ליד הגב, שריטה בברך הימנית"", ""כמות תחמושת"": ""ללא""}",40.0,"1. **סוג העבירה וחומרתה**: שני התיקים כוללים עבירות נשיאת נשק לפי סעיף 144(ב) לחוק העונשין, אך תיק 2 כולל בנוסף גם החזקת נשק (144(א)) ושימוש בנשק, מה שהופך אותו לחמור יותר. 
2. **תפקיד הנאשם ומעורבותו**: בשני התיקים הנאשם הוא זה שנשא/החזיק בנשק, אך בתיק 2 הנאשם גם השתמש בנשק באופן פעיל (ירה).
3. **שיטת הביצוע (MO)**: בשני המקרים היה מעורב אקדח, והייתה כוונה תחילה (תכנון). עם זאת, בתיק 1 הנשק היה ברשות הנאשם ברכב ללא שימוש, ואילו בתיק 2 הנשק היה על גופו של הנאשם והוא השתמש בו בוויכוח.
4. **נסיבות הליבה**: שני התיקים כוללים נשיאת נשק (144(ב)), אך הם שונים בנסיבות - תיק 1 ללא שימוש בנשק, ואילו תיק 2 עם שימוש בנשק באירוע אלים. כמו כן, סטטוס הנשק בתיק 2 היה חמור יותר (עם כדור בקנה).
5. **ישימות כתקדים**: בית המשפט עשוי לראות את שני התיקים כקשורים מבחינת נשיאת נשק, אך ההבדלים בנסיבות ובשימוש בנשק עשויים להפחית מהרלוונטיות של תיק 1 כתקדים לתיק 2.

SIMILARITY_SCORE: 40","ok",""
"ME-17-08-28615-573","ME-16-05-336-804",2,0,1,"{""אופן החזקת הנשק"": ""על גופו"", ""כמות תחמושת"": ""מחסנית ובה 9 כדורים, 50 כדורים"", ""מספר עבירה"": ""144 א, 144 ב"", ""סוג הנשק [רימון הלם/גז]"": 1.0, ""סוג הנשק [תת מקלע מאולתר]"": 1.0, ""סוג עבירה"": ""החזקה נשק, נשיאת נשק"", ""סטטוס הנשק"": ""נשק מופרד מתחמושת"", ""עבירות נוספות"": ""הפרעה לשוטר במילוי תפקידו, לפי סעיף 275 לחוק העונשין"", ""תכנון"": ""כן"", ""מיקום האירוע"": ""תחנת דלק ליד קיבוץ בית העמק"", ""זמן האירוע"": ""בין השעות 19:57 ל-23:04"", ""פעולות הנאשם במהלך האירוע"": ""הכניס את התיק לפח אשפה, שהה במקום, ניגש לפיצוצייה, רץ לכיוון הפח והמשיך בריצה עם התיק"", ""תגובת הנאשם להתקרבות שוטרים"": ""החל להימלט ושלח את התיק למיכל מחזור"", ""מספר שוטרים במעורבות"": ""5"", ""סוג הרכב המשטרתי"": ""ניידת משטרה"", ""מיקום המציאת הנאשם"": ""מסתתר בשיחים בקרבת מקום"", ""שימוש"": ""לא""}","{""אופן החזקת הנשק"": ""ברכב, על גופו"", ""כמות תחמושת"": ""מחסנית ריקה ובה 0 כדורים + מחסנית ריקה ובה 0 כדורים + 26 כדורים"", ""מספר עבירה"": ""144 ב"", ""סוג הנשק [תת מקלע מאולתר]"": 1.0, ""סוג עבירה"": ""נשיאת נשק, הובלת נשק"", ""סטטוס הנשק"": ""נשק מופרד מתחמושת"", ""שימוש"": ""כן,ירי"", ""תכנון"": ""לא"", ""זמן האירוע"": ""שעת ערב"", ""מיקום האירוע"": ""טקס חינה"", ""תאריך האירוע"": ""24/04/16"", ""סוג הנשק"": ""תת מקלע מאולתר מסוג קרל גוסטב"", ""התנהלות במהלך המעצר"": ""ניסיון להימלט, זריקת הנשק מהרכב"", ""מעורבות צד שלישי"": ""רדואן סמארה, נהג הרכב"", ""פעולת השוטרים"": ""רדיפה ותפיסת הנשק והתחמושת""}",60.0,"1. **סוג העבירה וחומרתה**: שני התיקים עוסקים בעבירות נשק חמורות, אך יש הבדל בין תיק 1 (144א ו-144ב) לתיק 2 (144ב בלבד). חומרת העבירה דומה בשל מעורבות בנשיאת נשק, אך תיק 2 כולל גם הובלת נשק ושימוש בנשק.

2. **תפקיד הנאשם ומעורבותו**: בתיק 1 הנאשם החזיק בנשק ותחמושת, ניסה להיפטר מהם, והיה מעורב באופן פעיל. בתיק 2 הנאשם נשא נשק, השתמש בו בירי, והיה מעורב עם צד שלישי. בשני המקרים הנאשם היה מעורב באופן פעיל, אך יש הבדל בתפקידו ובמידת המעורבות.

3. **שיטת הביצוע (MO)**: שני התיקים כוללים החזקה/נשיאה של תת-מקלע מאולתר, אך שונות בנסיבות ובאופן השימוש בנשק. תיק 1 כולל ניסיון להיפטר מהנשק, ואילו תיק 2 כולל שימוש בנשק בירי וניסיון להימלט בזמן המעצר.

4. **נסיבות הליבה**: שני התיקים כוללים כמויות תחמושת משמעותיות, אך יש הבדל בכמות התחמושת הפעילה. תיק 1 כלל מחסנית מלאה ותחמושת נוספת, ואילו תיק 2 כלל מחסניות ריקות ותחמושת נוספת. תיק 2 כולל שימוש בנשק, בניגוד לתיק 1.

5. **ישימות כתקדים**: בית משפט עשוי לראות את שני התיקים כרלוונטיים זה לזה בשל הדמיון בנשיאת נשק חם מאולתר, אך ההבדלים בנסיבות ובמידת השימוש בנשק עשויים להפחית מהרלוונטיות.

SIMILARITY_SCORE: 60","ok",""
"ME-16-05-25902-514","SH-17-08-47445-166",1,0,0,"{""אופן החזקת הנשק"": ""בבית, על גופו"", ""אופן קבלת הנשק"": ""רכש"", ""כמות תחמושת"": ""מחסנית ובה 7 כדורים"", ""מטרה-סיבת העבירה"": ""הגנה עצמית"", ""מספר עבירה"": ""144 א, 144 ב"", ""סוג הנשק [אקדח]"": 1.0, ""סוג עבירה"": ""החזקה נשק, נשיאת נשק"", ""סטטוס הנשק"": ""נשק עם מחסנית בהכנס"", ""תכנון"": ""לא"", ""תאריך גניבת הנשק"": ""31.12.13"", ""מקום גניבת הנשק"": ""מביתו של דינו תמאם"", ""תאריך רכישת הנשק"": ""במהלך חודש פברואר 2016"", ""מקום החזקת הנשק"": ""במקלט ביתו בקלנסוואה"", ""תאריך נשיאת הנשק לעבודה"": ""מחודש פברואר 2016 ועד ליום 8.5.16"", ""שעה בה נשא הנאשם את הנשק"": ""בסמוך לשעה 06:00"", ""מספר סידורי של הנשק"": ""682663"", ""סוג הנשק"": ""אקדח מסוג ברטה"", ""שימוש"": ""לא""}","{""אופן החזקת הנשק"": ""בבית"", ""מספר עבירה"": ""144 א"", ""סוג הנשק [אקדח]"": 1.0, ""סוג הנשק [תת מקלע מאולתר]"": 1.0, ""סוג עבירה"": ""החזקה נשק"", ""סטטוס הנשק"": ""תקין"", ""תכנון"": ""לא"", ""תאריך המעצר"": ""09.08.2018"", ""מיקום החזקת הנשק"": ""כסיפה"", ""סוג הנשק [FN]"": 1.0, ""פיזור הנשק"": ""סביב הישוב"", ""שימוש"": ""לא"", ""כמות תחמושת"": ""ללא""}",30.0,"1. **סוג העבירה וחומרתה**: שני התיקים עוסקים בעבירות נשק, אך תיק 1 כולל הן החזקה והן נשיאה של נשק (סעיפים 144א ו-144ב), בעוד שתיק 2 כולל רק החזקה (סעיף 144א). חומרת העבירה בתיק 1 גבוהה יותר בשל הנשיאה. 
2. **תפקיד הנאשם ומעורבותו**: בשני התיקים הנאשם הוא המחזיק בנשק, אך בתיק 1 הוא גם רכש וגם נשא את הנשק, מה שמעיד על מעורבות פעילה יותר מאשר בתיק 2.
3. **שיטת הביצוע (MO)**: שני התיקים כוללים החזקת נשק בבית, אך בתיק 1 הנשק נרכש ונשא, בעוד שבתיק 2 אין פרטים על רכישה או נשיאה. 
4. **נסיבות הליבה**: בתיק 1 הנשק היה עם מחסנית טעונה ו-7 כדורים, והנשק נרכש להגנה עצמית. בתיק 2 לא צוינה כמות תחמושת, אך צוין שהנשק היה תקין. 
5. **ישימות כתקדים**: בית משפט לא יראה את תיק 2 כתקדים ישיר לתיק 1 בשל הנשיאה והרכישה בתיק 1, אך ייתכן ויראה דמיון מסוים בהיבט של החזקת נשק.

SIMILARITY_SCORE: 30","ok",""
"ME-16-05-336-804","ME-14-12-6904-57",3,1,1,"{""אופן החזקת הנשק"": ""ברכב, על גופו"", ""כמות תחמושת"": ""מחסנית ריקה ובה 0 כדורים + מחסנית ריקה ובה 0 כדורים + 26 כדורים"", ""מספר עבירה"": ""144 ב"", ""סוג הנשק [תת מקלע מאולתר]"": 1.0, ""סוג עבירה"": ""נשיאת נשק, הובלת נשק"", ""סטטוס הנשק"": ""נשק מופרד מתחמושת"", ""שימוש"": ""כן,ירי"", ""תכנון"": ""לא"", ""זמן האירוע"": ""שעת ערב"", ""מיקום האירוע"": ""טקס חינה"", ""תאריך האירוע"": ""24/04/16"", ""סוג הנשק"": ""תת מקלע מאולתר מסוג קרל גוסטב"", ""התנהלות במהלך המעצר"": ""ניסיון להימלט, זריקת הנשק מהרכב"", ""מעורבות צד שלישי"": ""רדואן סמארה, נהג הרכב"", ""פעולת השוטרים"": ""רדיפה ותפיסת הנשק והתחמושת""}","{""מיקום הדירה"": ""תל אביב"", ""תאריך רכישת הנשק"": ""18.11.2014"", ""מחיר הנשק"": ""4000 ש\""ח"", ""סוג הנשק"": ""רובה מאולתר מדגם קרל גוסטב"", ""תאריך העבירה"": ""18.11.2014"", ""שעת העבירה"": ""16:40"", ""אופן הסתרת הנשק"": ""עטוף בבגדים בתוך תיק גב"", ""כמות קנאביס"": ""0.3027 גרם נטו"", ""מיקום החזקת הנשק בדירה"": ""מוטמן בארון בגדים בחדר השינה"", ""מספר עבירה"": ""144 ב"", ""סוג עבירה"": ""נשיאת נשק, הובלת נשק"", ""עבירות נוספות"": ""החזקת סם לצריכה עצמית"", ""סוג הנשק [תת מקלע מאולתר]"": 1.0, ""סטטוס הנשק"": ""נשק מופרד מתחמושת"", ""תכנון"": ""כן"", ""אופן החזקת הנשק"": ""בבית, על גופו, מוסלק - מוסתר"", ""אופן קבלת הנשק"": ""רכש"", ""כמות תחמושת"": ""מחסנית"", ""מטרה-סיבת העבירה"": ""הגנה עצמית""}",60.0,"1. **סוג העבירה וחומרתה**: שני התיקים עוסקים בעבירה לפי סעיף 144(ב) - נשיאת נשק/הובלת נשק, מה שמצביע על דמיון בסוג העבירה וחומרתה. שני המקרים כוללים נשק מאולתר מסוג קרל גוסטב, והעבירה היא באותה רמת חומרה.

2. **תפקיד הנאשם ומעורבותו**: בשני התיקים הנאשם היה מעורב באופן פעיל בנשיאת/הובלת הנשק. בתיק הראשון הנאשם היה מעורב ישירות בנשיאת הנשק וירי, ואילו בתיק השני הנאשם רכש והחזיק בנשק. שני התיקים מראים מעורבות פעילה של הנאשם.

3. **שיטת הביצוע (MO)**: שני התיקים כוללים נשק מאולתר מסוג קרל גוסטב, והנשק היה מופרד מהתחמושת. אולם, שיטת ההסתרה והנסיבות שונות - האחד היה בטקס חינה והשני היה בבית או בתיק גב.

4. **נסיבות הליבה**: בתיק הראשון היו 26 כדורים בנוסף למחסניות ריקות, ובתיק השני הייתה מחסנית אחת. כמו כן, בתיק הראשון היה שימוש בנשק (ירי), ואילו בתיק השני לא היה שימוש בנשק. תיק אחד היה ללא תכנון מראש והשני עם תכנון.

5. **ישימות כתקדים**: למרות שישנם הבדלים בנסיבות (כמו שימוש בנשק ורמת התכנון), שני התיקים עוסקים בנשיאת/הובלת נשק מאולתר מסוג קרל גוסטב, מה שעשוי להיחשב לדמיון מהותי מסוים. בית משפט עשוי לראות ביניהם דמיון מסוים לצורכי ענישה, אך יצטרך להתחשב בהבדלים.

SIMILARITY_SCORE: 60","ok",""
"SH-19-07-60805-168","ME-20-01-17935-7",1,0,0,"{""אופן החזקת הנשק"": ""ברכב, מוסלק - מוסתר"", ""כמות תחמושת"": ""מחסנית ובה 10 כדורים"", ""מספר עבירה"": ""144 א"", ""סוג הנשק [אקדח]"": 1.0, ""סוג עבירה"": ""החזקה נשק"", ""סטטוס הנשק"": ""נשק עם מחסנית בהכנס"", ""תכנון"": ""לא"", ""סוג הרכב"": ""לקסוס"", ""מספר רישוי"": ""72-111-79"", ""מיקום החזקת הנשק"": ""תא מטען, מתחת לשטיח הגלגל הרזרבי"", ""סוג האקדח"": ""גז/הזנקה"", ""שינוי בייעוד הנשק"": ""מסוגל לירות כדורי אקדח"", ""סוג המחסנית"": ""סמית' אנד ווסון"", ""קוטר הכדורים"": ""9 מ\""מ פאראבלום"", ""שימוש"": ""לא""}","{""אופן החזקת הנשק"": ""על גופו"", ""מספר עבירה"": ""144 א, 144 ב"", ""סוג הנשק [תת מקלע מאולתר]"": 1.0, ""סוג עבירה"": ""החזקה נשק, נשיאת נשק"", ""סטטוס הנשק"": ""תקול"", ""עבירות נוספות"": ""הפרעה לשוטר"", ""תכנון"": ""לא"", ""מיקום האירוע"": ""חניון עפר פתוח באום אל פחם"", ""זמן האירוע"": ""29.12.19 בשעה 22:00"", ""הזדהות שוטר"": ""השוטר הזדהה בפני קיס"", ""תגובת הנאשם לקריאת השוטר"": ""לא ציית עד ירי באוויר"", ""מעורבים נוספים באירוע"": ""קיס אג'באריה, הייתם אג'באריה, רמי אג'באריה"", ""פעולת נמלט"": ""הנאשם נמלט מאחורי הבית"", ""שימוש"": ""לא"", ""כמות תחמושת"": ""ללא""}",20.0,"1. **סוג העבירה וחומרתה**: שני התיקים עוסקים בעבירות נשק, אך תיק 1 כולל רק החזקה (144א), בעוד שתיק 2 כולל הן החזקה והן נשיאה (144א ו-144ב). חומרת העבירה בתיק 2 גבוהה יותר בשל הימצאותה של עבירת הנשיאה. 
2. **תפקיד הנאשם ומעורבותו**: בשני התיקים הנאשם הוא המחזיק בנשק, אך בתיק 2 ישנה מעורבות נוספת של הנאשם בניסיון נמלטות והפרעה לשוטר, מה שמעיד על מעורבות פעילה יותר.
3. **שיטת הביצוע (MO)**: אופן החזקת הנשק שונה — תיק 1: מוסתר ברכב, תיק 2: על גופו. סוג הנשק שונה גם כן — אקדח לעומת תת-מקלע מאולתר.
4. **נסיבות הליבה**: בתיק 1 הנשק היה עם מחסנית טעונה, ואילו בתיק 2 הנשק היה תקול ללא תחמושת. נסיבות התפיסה והאירוע שונות — תיק 1: החזקה ברכב, תיק 2: אירוע עם שוטרים בחניון.
5. **ישימות כתקדים**: בית המשפט לא יראה את שני התיקים כרלוונטיים זה לזה לצורכי ענישה בשל ההבדלים המשמעותיים בסוג העבירה (144א בלבד לעומת 144א ו-144ב), שיטת הביצוע ונסיבות הליבה.

SIMILARITY_SCORE: 20","ok",""
"ME-15-12-39071-113","ME-09-11-7566-913",3,1,1,"{""אופן החזקת הנשק"": ""ברכב, מוסלק - מוסתר"", ""מטרה-סיבת העבירה"": ""הגנה עצמית"", ""מספר עבירה"": ""144 א"", ""סוג הנשק [אקדח]"": 1.0, ""סוג עבירה"": ""החזקה נשק"", ""סטטוס הנשק"": ""תקין"", ""תכנון"": ""לא"", ""סוג רכב"": ""מזדה 3"", ""מספר רישיון רכב"": ""71-098-16"", ""מיקום האירוע"": ""כביש מספר 1, בסמוך למחלף הראל"", ""זמן האירוע"": ""12.10.13, בשעה 22:30"", ""מיקום החזקת הנשק ברכב"": ""מתחת לשטיח שמתחת למושב הסמוך לנהג"", ""סוג הנשק"": ""אקדח חצי אוטומטי מסוג סטאר"", ""שימוש"": ""לא"", ""כמות תחמושת"": ""ללא""}","{""דגם הנשק"": ""webiey"", ""מיקום החזקת הנשק"": ""מתחת לריפוד במושב שליד הנהג"", ""תאריך העבירה"": ""05.11.09"", ""שעת העבירה"": ""17:00"", ""מספר עבירה"": ""144 א, 144 ב"", ""סוג עבירה"": ""ביצוע עבירות בנשק"", ""סוג הנשק [אקדח]"": 1.0, ""סטטוס הנשק"": ""תקול"", ""תכנון"": ""לא"", ""אופן החזקת הנשק"": ""ברכב, מוסלק - מוסתר"", ""אופן קבלת הנשק"": ""מצא"", ""שימוש"": ""לא"", ""כמות תחמושת"": ""ללא""}",40.0,"1. **סוג העבירה וחומרתה**: שני התיקים עוסקים בעבירות נשק, אך תיק 1 כולל רק החזקה (144א), בעוד שתיק 2 כולל הן החזקה והן נשיאה/הובלה (144א ו-144ב). חומרת העבירה בתיק 2 גבוהה יותר בשל הימצאות סעיף 144ב.
2. **תפקיד הנאשם ומעורבותו**: בשני התיקים הנאשם הוא המחזיק בנשק, אך לא ידוע אם היה מעורב באופן פעיל או פסיבי. אין מידע מספיק כדי לקבוע הבדלים משמעותיים.
3. **שיטת הביצוע (MO)**: בשני המקרים הנשק הוחזק ברכב, מוסתר תחת המושב ליד הנהג. הדמיון בשיטת ההחזקה מרמז על דפוס דומה.
4. **נסיבות הליבה**: בשני התיקים לא היה שימוש בנשק, לא הייתה תחמושת, והנשק היה מוסתר ברכב. עם זאת, סטטוס הנשק שונה - תקין בתיק 1 ותקול בתיק 2.
5. **ישימות כתקדים**: בית משפט עשוי לראות את שני התיקים כרלוונטיים חלקית זה לזה, אך ההבדל בין סעיף 144א לבדו (תיק 1) לבין צירוף של 144א ו-144ב (תיק 2) הוא משמעותי. תיק 1 לא יכול לשמש תקדים ישיר לתיק 2 בשל חומרת העבירה הגבוהה יותר בתיק 2.

SIMILARITY_SCORE: 40","ok",""
"ME-19-04-1316-977","SH-11-05-24791-315",1,0,0,"{""אופן החזקת הנשק"": ""ברכב"", ""אופן קבלת הנשק"": ""מאחר"", ""כמות תחמושת"": ""900 כדורים"", ""מטרה-סיבת העבירה"": ""בצע כסף"", ""מספר עבירה"": ""144 ב"", ""סוג הנשק [תת מקלע מאולתר]"": 1.0, ""סוג עבירה"": ""סחר בנשק, ניסיון לסחר"", ""סטטוס הנשק"": ""תקין"", ""תכנון"": ""כן"", ""סוג תחמושת"": ""כדורי M16 ו-5.56 מ\""מ"", ""מספר תחמושת"": ""1100 כדורים"", ""מחיר העסקה"": ""19000 ₪"", ""מיקום העסקה"": ""א-ראם"", ""זמן העסקה"": ""בין פברואר למרץ 2019"", ""סוג הנשק [אקדח]"": 1.0, ""סוג הנשק [קרלו]"": 1.0, ""סטטוס הנשק [מקולקל]"": 1.0, ""התקשרות עם צד שלישי"": ""האחר"", ""התקשרות עם סוכן"": ""מספר שיחות תיאום"", ""הבטחת נשק נוסף"": ""אקדח ותחמושת תואמת"", ""שימוש"": ""לא""}","{""אופן החזקת הנשק"": ""בבית"", ""אופן קבלת הנשק"": ""מאחר"", ""כמות תחמושת"": ""2 מחסניות"", ""מספר עבירה"": ""144 א"", ""סוג הנשק [אקדח]"": 1.0, ""סוג עבירה"": ""החזקה נשק"", ""סטטוס הנשק"": ""נשק מופרד מתחמושת"", ""תכנון"": ""לא"", ""מיקום החזקת הנשק"": ""כפר עין-נקובא"", ""דגם הנשק"": ""אקדח חצי אוטומטי אף-אן (FN)"", ""תאריך האירוע"": ""19/07/09"", ""שעת האירוע"": ""21:00"", ""תאריך הרשעה"": ""09/01/13"", ""סעיף עבירה נוסף"": ""144 א סיפא"", ""סוג עבירה נוספת"": ""החזקת אביזר לנשק"", ""שימוש"": ""לא""}",20.0,"1. **סוג העבירה וחומרתה**: שני התיקים עוסקים בעבירות נשק, אך סוג העבירה שונה - תיק 1: סחר בנשק (144 ב'), תיק 2: החזקת נשק (144 א'). חומרת העבירה ב-144(ב) גבוהה יותר מאשר ב-144(א). 
2. **תפקיד הנאשם ומעורבותו**: בשני התיקים הנאשם קיבל את הנשק מאחר, אך בתיק 1 הנאשם היה מעורב בסחר בנשק, ואילו בתיק 2 מדובר בהחזקה פשוטה. 
3. **שיטת הביצוע (MO)**: אופן החזקת הנשק שונה - תיק 1: ברכב, תיק 2: בבית. בשני התיקים הנשק התקבל מאחר, אך בתיק 1 היה מעורב תכנון ומספר שיחות תיאום, ואילו בתיק 2 לא היה תכנון.
4. **נסיבות הליבה**: כמות התחמושת משמעותית בתיק 1 (1100 כדורים) לעומת תיק 2 (2 מחסניות, ללא ציון כמות הכדורים המדויקת). בתיק 1 הנשק היה תקין, ואילו בתיק 2 הנשק היה מופרד מהתחמושת. 
5. **ישימות כתקדים**: בהינתן ההבדלים בסעיפי העבירה (144(ב) לעומת 144(א)) ונסיבות העבירה, לא סביר שבית המשפט יראה את תיק 2 כתקדים רלוונטי לתיק 1 לצורכי ענישה.

SIMILARITY_SCORE: 20","ok",""
"ME-15-12-39071-113","ME-13-02-28360-614",1,0,0,"{""אופן החזקת הנשק"": ""ברכב, מוסלק - מוסתר"", ""מטרה-סיבת העבירה"": ""הגנה עצמית"", ""מספר עבירה"": ""144 א"", ""סוג הנשק [אקדח]"": 1.0, ""סוג עבירה"": ""החזקה נשק"", ""סטטוס הנשק"": ""תקין"", ""תכנון"": ""לא"", ""סוג רכב"": ""מזדה 3"", ""מספר רישיון רכב"": ""71-098-16"", ""מיקום האירוע"": ""כביש מספר 1, בסמוך למחלף הראל"", ""זמן האירוע"": ""12.10.13, בשעה 22:30"", ""מיקום החזקת הנשק ברכב"": ""מתחת לשטיח שמתחת למושב הסמוך לנהג"", ""סוג הנשק"": ""אקדח חצי אוטומטי מסוג סטאר"", ""שימוש"": ""לא"", ""כמות תחמושת"": ""ללא""}","{""אופן החזקת הנשק"": ""ברכב"", ""מספר עבירה"": ""144 ב"", ""סוג הנשק [אקדח]"": 1.0, ""סוג עבירה"": ""נשיאת נשק"", ""סטטוס הנשק"": ""נשק עם כדור בקנה"", ""עבירות נוספות"": ""הפרעה לשוטר במילוי תפקידו,נהיגה ללא רישיון,נהיגה ללא ביטוח',נהיגה תחת השפעת משקאות משכרים"", ""שימוש"": ""כן,ירי"", ""תכנון"": ""לא"", ""מקום האירוע"": ""רהט"", ""תאריך האירוע"": ""9/2/13"", ""התנהגות במהלך המעצר"": ""ניסיון להימלט, נסיעה מהירה, נסיעה על המדרכה"", ""מספר יריות"": 3, ""מקום הירי"": ""צריף ברהט"", ""זהות נוסע ברכב"": ""הלאל אבו זעילה"", ""סוג הרכב"": ""רכב גנוב"", ""סוג המשקאות המשכרים"": ""אלכוהוליים"", ""תגובת תושבים"": ""צעקות מתושב השכונה"", ""תגובת המשטרה"": ""ניידת עם אורות כחולים דולקים, סירנה והכריזה"", ""כמות תחמושת"": ""ללא""}",20.0,"1. **סוג העבירה וחומרתה**: שני התיקים עוסקים בעבירות נשק, אך סוג העבירה שונה - תיק 1 הוא החזקה (144א) ותיק 2 הוא נשיאה (144ב). חומרת העבירה ב-144(ב) גבוהה יותר, ובנוסף תיק 2 כולל עבירות נוספות כמו ירי, נהיגה ללא רישיון, והפרעה לשוטר. 
2. **תפקיד הנאשם ומעורבותו**: בשני התיקים הנאשם הוא המחזיק/נושא הנשק, אך בראשון מדובר בהחזקה פסיבית ללא שימוש, ובשני בנשיאה עם שימוש בנשק (ירי). המעורבות של הנאשם בתיק 2 חמורה יותר.
3. **שיטת הביצוע (MO)**: בשני המקרים הנשק הוחזק ברכב, אך בתיק 1 הוא היה מוסתר ואילו בתיק 2 לא מצוין הסתרה. שיטת הביצוע שונה משמעותית בשל השימוש בנשק בתיק 2.
4. **נסיבות הליבה**: בתיק 1 לא היה שימוש בנשק, ואילו בתיק 2 היה ירי. כמו כן, בתיק 2 היו נסיבות מחמירות כמו נהיגה תחת השפעת אלכוהול ונהיגה ללא רישיון וביטוח. 
5. **ישימות כתקדים**: בהינתן ההבדלים בסוג העבירה (144א לעומת 144ב), השימוש בנשק, ונסיבות נוספות, סביר שבית המשפט לא יראה את תיק 1 כתקדים ישיר לתיק 2.

SIMILARITY_SCORE: 20","ok",""
"ME-16-02-59812-881","ME-22-03-52964-443",3,1,1,"{""אופן קבלת הנשק"": ""עבודה"", ""כמות תחמושת"": ""2 מחסניות, 20 כדורים"", ""מטרה-סיבת העבירה"": ""בצע כסף"", ""מספר עבירה"": ""144 ב"", ""סוג הנשק [אקדח]"": 1.0, ""סוג עבירה"": ""סחר בנשק"", ""סטטוס הנשק"": ""נשק מופרד מתחמושת"", ""עבירות נוספות"": ""מסירת ידיעה כוזבת על עבירת פשע, לפי סעיף 243 סיפא לחוק; שיבוש הליכי משפט, לפי סעיף 244 לחוק."", ""תכנון"": ""כן"", ""סוג הסמים"": ""חשיש, הרואין"", ""כמות הסמים"": ""ארבע חבילות של הרואין"", ""מחיר מכירת הנשק"": ""8,000 ₪"", ""מקום העבודה"": ""בית ספר יסודי"", ""תקופת העבירות"": ""אוגוסט 2014 - פברואר 2016"", ""שם הקונה"": ""מחמוד צאלוק"", ""שם המעביד"": ""שי יהושע לוי"", ""תיאור האירוע"": ""דיווח כוזב על שוד למעביד ולמשטרה"", ""הודאה בחקירה"": ""הודתה בבדיה את אירוע השוד"", ""שימוש"": ""לא""}","{""אופן החזקת הנשק"": ""על גופו"", ""כמות תחמושת"": ""מחסנית ובה 16 כדורים, מחסנית ובה 16 כדורים"", ""מטרה-סיבת העבירה"": ""סכסוך"", ""מספר עבירה"": ""144 א, 144 ב"", ""סוג הנשק [אקדח]"": 1.0, ""סוג עבירה"": ""החזקה נשק, נשיאת נשק, הובלת נשק"", ""סטטוס הנשק"": ""נשק עם מחסנית בהכנס"", ""עבירות נוספות"": ""עבירת הפרעה לשוטר במילוי תפקידו לפי סעיף 275 לחוק."", ""תכנון"": ""כן"", ""מודל הנשק"": ""D.D.G מודל 19"", ""קליבר הנשק"": ""9 מ\""מ פרבלום"", ""מקום האירוע"": ""מפעל מזון בדיר אל אסד"", ""תאריך ושעה"": ""9.3.22 בשעה 12:10"", ""תיאור התנהגות הנאשם בעת המעצר"": ""ניסה להשליך את הנשק והתחמושת לתוך ארגז עופות"", ""שימוש"": ""לא""}",60.0,"1. **סוג העבירה וחומרתה**: שני התיקים עוסקים בעבירות נשק חמורות, אך סוג העבירה שונה — תיק 1 מתמקד בסחר בנשק (144 ב), ואילו תיק 2 כולל הן החזקה (144 א) והן נשיאה/הובלה (144 ב). חומרת העבירות דומה בשל מעורבות בנשק.

2. **תפקיד הנאשם ומעורבותו**: בתיק 1 הנאשמת מעורבת בסחר בנשק ודיווח כוזב, ובתיק 2 הנאשם החזיק ונשא נשק. המעורבות בשני התיקים פעילה, אך מטרות ונסיבות שונות.

3. **שיטת הביצוע (MO)**: שני התיקים כוללים נשק אקדח עם תחמושת, אך שיטת הביצוע שונה — תיק 1 מתמקד בסחר בנשק שקיבלה דרך עבודה, ואילו תיק 2 מתמקד בהחזקה ונשיאה של נשק בעת סכסוך.

4. **נסיבות הליבה**: שני התיקים כוללים נשק אקדח עם תחמושת (כמות דומה), אך סטטוס הנשק שונה — מופרד בתיק 1 ועם מחסנית בתיק 2. שני המקרים כוללים תכנון.

5. **ישימות כתקדים**: בית משפט עשוי לראות את שני התיקים כרלוונטיים זה לזה במידה מסוימת בשל מעורבות בנשק אקדח, תכנון, ורמת חומרה דומה, אך ההבדלים בסוג העבירה ובנסיבות מחייבים זהירות בהתייחסות לתיק אחד כתקדים ישיר לשני.

SIMILARITY_SCORE: 60","ok",""
"ME-20-01-62688-591","ME-17-05-35227-215",1,0,0,"{""אופן החזקת הנשק"": ""ברכב, על גופו"", ""מטרה-סיבת העבירה"": ""סכסוך"", ""מספר עבירה"": ""144 ב"", ""סוג הנשק [אקדח]"": 1.0, ""סוג עבירה"": ""נשיאת נשק, הובלת נשק"", ""סטטוס הנשק"": ""נשק עם כדור בקנה"", ""עבירות נוספות"": ""חבלה בכוונה מחמירה - עבירה לפי סעיף 329 (א)(1) לחוק העונשין; החזקת סם מסוכן לצריכה עצמית - עבירה לפי סעיף 7(א) + (ג) סיפא לפקודת הסמים המסוכנים [נוסח חדש], התשל\""ג-1973."", ""שימוש"": ""כן,ירי"", ""תכנון"": ""כן"", ""זמן האירוע"": ""16.1.20 בשעה 14:55"", ""מקום האירוע"": ""עסק בו עבד המתלונן"", ""סוג הרכב"": ""הונדה בצבע שחור"", ""מספר רישוי של הרכב"": ""60-201-70"", ""זהות הנהג"": ""לא ידועה"", ""פגיעה פיזית"": ""שבר פמור שליש פרוקסימלי אספקט קדמי של להקורטקס, ספליט שנמשך עד כ 7 ס\""מ מתחת ל- LT"", ""טיפול רפואי"": ""אושפז ונותח לשחזור ולקיבוע השבר באמצעות מסמר, הקליע הושאר בגוף"", ""מקום האישפוז"": ""בית חולים רמב\""ם"", ""תאריך שחרור מהאשפוז"": ""21.1.20"", ""מקום מעצר הנאשם"": ""תחנת דלק פז בצומת האצטדיון בחיפה"", ""זמן מעצר הנאשם"": ""אותו יום, סמוך לשעה 15:50"", ""כמות הסם"": ""1.5 גרם נטו של קוקאין"", ""סכום הכסף שנמצא על הנאשם"": ""1,950 ₪"", ""כמות תחמושת"": ""ללא""}","{""אופן החזקת הנשק"": ""ברכב"", ""כמות תחמושת"": ""מחסנית"", ""מספר עבירה"": ""144 ב"", ""סוג הנשק [תת מקלע מאולתר]"": 1.0, ""סוג עבירה"": ""נשיאת נשק, הובלת נשק"", ""סטטוס הנשק"": ""נשק עם מחסנית בהכנס"", ""תכנון"": ""כן"", ""תאריך העבירה"": ""7 במאי 2017"", ""שעת העבירה"": ""צהריים"", ""סוג הרכב"": ""אופנוע"", ""דגם הרכב"": ""קואנג יאנג טיו"", ""הודאה בעבירה"": ""הודה"", ""סעיף העבירה"": ""144(ב) רישא וסיפא"", ""שנת החוק"": ""1977"", ""שימוש"": ""לא""}",70.0,"1. **סוג העבירה וחומרתה** — שני התיקים עוסקים בעבירה לפי סעיף 144(ב) לחוק העונשין, התשל""ג-1977, כלומר נשיאת נשק/הובלת נשק, ומהווים עבירות חמורות. חומרת העבירה דומה בשני המקרים.

2. **תפקיד הנאשם ומעורבותו** — בשני התיקים הנאשם הוא זה שנשא/הוביל את הנשק, ומעורבותו הייתה פעילה. 

3. **שיטת הביצוע (MO)** — בשני המקרים הנשק הוחזק ברכב (מכונית/אופנוע). בשניהם היה תכנון מראש. עם זאת, יש הבדל בשימוש בנשק — בתיק 1 היה שימוש בנשק (ירי), ואילו בתיק 2 לא היה שימוש בנשק.

4. **נסיבות הליבה** — בתיק 1 הנשק היה עם כדור בקנה, ובתיק 2 הנשק היה עם מחסנית בהכנס. בשני המקרים היה תכנון. ההבדל המהותי הוא בשימוש בנשק ובכמות התחמושת (ללא בתיק 1, מחסנית בתיק 2).

5. **ישימות כתקדים** — בית משפט עשוי לראות את שני התיקים כרלוונטיים זה לזה לצורכי ענישה בשל הדמיון בסעיף העבירה, בתכנון ובאופן החזקת הנשק. עם זאת, ההבדלים בשימוש בנשק ובנסיבות הליבה (כמות תחמושת) עשויים להשפיע על מידת הדמיון.

SIMILARITY_SCORE: 70","ok",""
"ME-16-06-64845-657","ME-12-03-13401-281",1,0,0,"{""אופן החזקת הנשק"": ""ברכב"", ""כמות תחמושת"": ""מחסנית ובה 0 כדורים, 11 כדורים"", ""מספר עבירה"": ""144 ב"", ""סוג הנשק [אקדח]"": 1.0, ""סוג עבירה"": ""נשיאת נשק, הובלת נשק"", ""סטטוס הנשק"": ""נשק מופרד מתחמושת"", ""תכנון"": ""לא"", ""מיקום האירוע"": ""אזור המשתלה בקצה הצפוני של כפר כנא"", ""זמן האירוע"": ""סמוך לשעה 22:30"", ""אופן החזקת תחמושת"": ""בכיס"", ""קוטר כדורי הרובה"": ""9 מ\""מ"", ""מקום החזקת הנשק"": ""תא הכפפות של הרכב"", ""שימוש"": ""לא""}","{""אופן החזקת הנשק"": ""ברכב"", ""כמות תחמושת"": ""2 מחסניות ובהן כדורים, 11 כדורים"", ""מספר עבירה"": ""144 א, 144 ב"", ""סוג הנשק [אקדח]"": 1.0, ""סוג עבירה"": ""החזקה נשק, נשיאת נשק, הובלת נשק"", ""סטטוס הנשק"": ""נשק עם כדור בקנה"", ""עבירות נוספות"": ""יריות באזור מגורים - עבירה לפי סעיף 340א לחוק."", ""שימוש"": ""כן,ירי"", ""תכנון"": ""לא"", ""סוג הנשק"": ""אקדח CZ קליבר 9 מ\""מ"", ""מקום האירוע"": ""רחוב שיבת ציון, חיפה"", ""זמן האירוע"": ""ליל 25-26.2.12, סמוך לשעה 00:38"", ""מקור הנשק"": ""נגנב בהתפרצות לבית ביישוב ציפורי ב-3.2.12"", ""זמן המעצר"": ""סמוך לשעה 1:50"", ""מקום המעצר"": ""ברכב על ידי שוטרים""}",40.0,"1. **סוג העבירה וחומרתה**: שני התיקים עוסקים בעבירות נשק, אך תיק 1 מתמקד בנשיאה והובלה לפי סעיף 144(ב), בעוד שתיק 2 כולל גם החזקה לפי סעיף 144(א) וגם נשיאה והובלה. חומרת העבירה בתיק 2 גבוהה יותר בשל שימוש בנשק וירי. 
2. **תפקיד הנאשם ומעורבותו**: בשני התיקים הנאשם היה מעורב באופן פעיל בהחזקה/נשיאה/הובלה של נשק. אין הבדל משמעותי בתפקיד הנאשם בשני התיקים.
3. **שיטת הביצוע (MO)**: בשני המקרים הנשק הוחזק ברכב, אך בתיק 2 נעשה שימוש בנשק וישנו גם ירי. כמו כן, סטטוס הנשק שונה - בתיק 1 הנשק מופרד מהתחמושת, ובתיק 2 הנשק היה טעון.
4. **נסיבות הליבה**: כמות התחמושת בשני התיקים דומה (11 כדורים), אך בתיק 2 היו 2 מחסניות. בתיק 2 נעשה שימוש בנשק וישנה עבירה נוספת של יריות באזור מגורים.
5. **ישימות כתקדים**: בית המשפט עשוי לראות את שני התיקים כרלוונטיים זה לזה במידה מסוימת בשל הדמיון בסוג העבירה ובנסיבות מסוימות, אך ההבדלים בשימוש בנשק ובחומרת העבירות בתיק 2 מקטינים את הרלוונטיות של תיק 1 כתקדים.

SIMILARITY_SCORE: 40","ok",""
"SH-14-02-28659-762","ME-16-05-19384-544",1,0,0,"{""מיקום החזקת הנשק"": ""עליית גג של המקלחת"", ""משך זמן החזקת הנשק"": ""כשנתיים"", ""תאריך תחילת החזקת הנשק"": ""11.2.12"", ""מיקום הבית"": ""עזריה"", ""סוג הנשק המדויק"": ""קרל גוסטב"", ""מספר עבירה"": ""144 א"", ""סוג עבירה"": ""החזקה נשק"", ""סטטוס הנשק"": ""נשק מופרד מתחמושת"", ""תכנון"": ""לא"", ""אופן החזקת הנשק"": ""בבית, מוסלק - מוסתר"", ""כמות תחמושת"": ""מחסנית וכדורים"", ""מטרה-סיבת העבירה"": ""הגנה עצמית"", ""שימוש"": ""לא"", ""סוג הנשק [תת מקלע מאולתר]"": 1.0}","{""מחיר נשק קרל גוסטב"": ""4000 ₪"", ""מחיר מכירה לחרוב"": ""3500 ₪"", ""מחיר רכישה מחרוב"": ""3000 ₪"", ""סוג נשק נוסף"": ""תבור"", ""מיקום החבייה"": ""שכונה סמוכה למקום מגוריו"", ""תאריך התקרית"": ""14.11.15"", ""שעת התקרית"": ""בין 1:00 ל-2:00"", ""מספר כדורים שנורו"": ""5"", ""מספר רכבי ביטחון שנפגעו"": ""3"", ""תאריך חיפושי כוחות הביטחון"": ""מרץ 2016"", ""שם השומר הנשק"": ""מחמוד זהאדה"", ""שם הקונה השני"": ""מוראד מחיסן"", ""שם הקונה השלישי"": ""עבד חרוב"", ""תאריך פיגוע ירי חרוב"": ""9.3.16"", ""מיקום פיגוע ירי חרוב"": ""ירושלים, צומת רמות ושמעון הצדיק"", ""מספר כדורי תחמושת שנמכרו לחרוב"": ""10"", ""מספר עבירה"": ""144 א, 144 ב"", ""סוג עבירה"": ""נשיאת נשק, סחר בנשק"", ""עבירות נוספות"": ""ניסיון לחבלה חמורה,רכישת נשק"", ""סוג הנשק [תת מקלע]"": 3.0, ""סוג הנשק [רובה סער]"": 1.0, ""סטטוס הנשק"": ""נשק עם כדור בקנה"", ""תכנון"": ""כן"", ""אופן החזקת הנשק"": ""מוסלק - מוסתר, סמוך לבית"", ""אופן קבלת הנשק"": ""רכש"", ""כמות תחמושת"": ""10 כדורים"", ""מטרה-סיבת העבירה"": ""בצע כסף"", ""שימוש"": ""כן,ירי""}",20.0,"1. **סוג העבירה וחומרתה**: שני התיקים כוללים עבירות נשק, אך תיק 1 כולל רק החזקה בנשק (144א), בעוד שתיק 2 כולל גם נשיאה וסחר בנשק (144א ו-144ב). חומרת העבירות בתיק 2 גבוהה יותר בשל היקף העבירות ומעורבות בסחר בנשק ושימוש בנשק.
2. **תפקיד הנאשם ומעורבותו**: בתיק 1 הנאשם החזיק בנשק, ואילו בתיק 2 הנאשם היה מעורב בסחר בנשק, רכש ומכר נשק, וכן השתמש בו. המעורבות בתיק 2 פעילה ורחבה יותר.
3. **שיטת הביצוע (MO)**: שני התיקים כוללים החזקה/הסלקה של נשק מסוג קרל גוסטב, אך בתיק 2 יש מעורבות בסחר בנשק וירי, מה שמצביע על שיטת ביצוע שונה ומורכבת יותר.
4. **נסיבות הליבה**: בתיק 1 הנשק היה מופרד מתחמושת ולא נעשה בו שימוש, ואילו בתיק 2 הנשק היה עם כדור בקנה ונעשה בו שימוש. כמו כן, בתיק 2 היה תכנון ומטרת העבירה הייתה בצע כסף.
5. **ישימות כתקדים**: בהתחשב בהבדלים בסוג העבירה, תפקיד הנאשם, שיטת הביצוע ונסיבות הליבה, בית המשפט לא סביר שיראה את שני התיקים כרלוונטיים זה לזה לצורכי ענישה, במיוחד בשל העובדה שתיק 1 הוא 144(א) בלבד ואילו תיק 2 כולל גם 144(ב) וסחר בנשק.

SIMILARITY_SCORE: 20","ok",""
"ME-20-01-62688-591","ME-22-03-52964-443",2,0,1,"{""אופן החזקת הנשק"": ""ברכב, על גופו"", ""מטרה-סיבת העבירה"": ""סכסוך"", ""מספר עבירה"": ""144 ב"", ""סוג הנשק [אקדח]"": 1.0, ""סוג עבירה"": ""נשיאת נשק, הובלת נשק"", ""סטטוס הנשק"": ""נשק עם כדור בקנה"", ""עבירות נוספות"": ""חבלה בכוונה מחמירה - עבירה לפי סעיף 329 (א)(1) לחוק העונשין; החזקת סם מסוכן לצריכה עצמית - עבירה לפי סעיף 7(א) + (ג) סיפא לפקודת הסמים המסוכנים [נוסח חדש], התשל\""ג-1973."", ""שימוש"": ""כן,ירי"", ""תכנון"": ""כן"", ""זמן האירוע"": ""16.1.20 בשעה 14:55"", ""מקום האירוע"": ""עסק בו עבד המתלונן"", ""סוג הרכב"": ""הונדה בצבע שחור"", ""מספר רישוי של הרכב"": ""60-201-70"", ""זהות הנהג"": ""לא ידועה"", ""פגיעה פיזית"": ""שבר פמור שליש פרוקסימלי אספקט קדמי של להקורטקס, ספליט שנמשך עד כ 7 ס\""מ מתחת ל- LT"", ""טיפול רפואי"": ""אושפז ונותח לשחזור ולקיבוע השבר באמצעות מסמר, הקליע הושאר בגוף"", ""מקום האישפוז"": ""בית חולים רמב\""ם"", ""תאריך שחרור מהאשפוז"": ""21.1.20"", ""מקום מעצר הנאשם"": ""תחנת דלק פז בצומת האצטדיון בחיפה"", ""זמן מעצר הנאשם"": ""אותו יום, סמוך לשעה 15:50"", ""כמות הסם"": ""1.5 גרם נטו של קוקאין"", ""סכום הכסף שנמצא על הנאשם"": ""1,950 ₪"", ""כמות תחמושת"": ""ללא""}","{""אופן החזקת הנשק"": ""על גופו"", ""כמות תחמושת"": ""מחסנית ובה 16 כדורים, מחסנית ובה 16 כדורים"", ""מטרה-סיבת העבירה"": ""סכסוך"", ""מספר עבירה"": ""144 א, 144 ב"", ""סוג הנשק [אקדח]"": 1.0, ""סוג עבירה"": ""החזקה נשק, נשיאת נשק, הובלת נשק"", ""סטטוס הנשק"": ""נשק עם מחסנית בהכנס"", ""עבירות נוספות"": ""עבירת הפרעה לשוטר במילוי תפקידו לפי סעיף 275 לחוק."", ""תכנון"": ""כן"", ""מודל הנשק"": ""D.D.G מודל 19"", ""קליבר הנשק"": ""9 מ\""מ פרבלום"", ""מקום האירוע"": ""מפעל מזון בדיר אל אסד"", ""תאריך ושעה"": ""9.3.22 בשעה 12:10"", ""תיאור התנהגות הנאשם בעת המעצר"": ""ניסה להשליך את הנשק והתחמושת לתוך ארגז עופות"", ""שימוש"": ""לא""}",60.0,"1. **סוג העבירה וחומרתה**: שני התיקים עוסקים בעבירות נשק חמורות, אך תיק 1 מתמקד ב-144(ב) (נשיאה/הובלה) עם שימוש בנשק, בעוד שתיק 2 כולל הן 144(א) (החזקה) והן 144(ב). חומרת העבירה בשני התיקים גבוהה, אך השימוש בנשק בתיק 1 מוסיף לחומרתו.

2. **תפקיד הנאשם ומעורבותו**: בשני התיקים הנאשם היה מעורב באופן פעיל בהחזקה ונשיאה/הובלה של נשק. בתיק 1 הנאשם השתמש בנשק, מה שמעיד על מעורבות פעילה יותר מאשר בתיק 2.

3. **שיטת הביצוע (MO)**: שני התיקים כוללים נשיאת נשק על הגוף, אך בתיק 1 הנשק היה עם כדור בקנה והיה שימוש בו, בעוד שבתיק 2 הנשק היה עם מחסניות מלאות אך לא נעשה בו שימוש. תכנון היה קיים בשני המקרים.

4. **נסיבות הליבה**: בתיק 1 היה שימוש בנשק ופגיעה פיזית קשה לנפגע, בעוד שבתיק 2 לא היה שימוש בנשק. כמות התחמושת בתיק 2 גדולה משמעותית (32 כדורים לעומת ללא ציון בתיק 1). שני התיקים כוללים סכסוך כמטרה/סיבה.

5. **ישימות כתקדים**: בית משפט עשוי לראות את שני התיקים כרלוונטיים זה לזה במידה מסוימת בשל הדמיון בסוג העבירה (נשק), מעורבות הנאשם, ותכנון. עם זאת, השוני בשימוש בנשק ונסיבות אחרות עשוי להפחית מהרלוונטיות.

SIMILARITY_SCORE: 60","ok",""
"ME-19-01-53615-8","ME-16-11-69158-529",3,1,1,"{""אופן החזקת הנשק"": ""ברכב, על גופו"", ""כמות תחמושת"": ""מחסנית"", ""מטרה-סיבת העבירה"": ""תחושת חוסר אונים וצורך בקבלת עזרה חיצונית במצבו"", ""מספר עבירה"": ""144 ב"", ""סוג הנשק [תת מקלע מאולתר]"": 1.0, ""סוג עבירה"": ""נשיאת נשק, הובלת נשק"", ""סטטוס הנשק"": ""נשק עם כדור בקנה"", ""עבירות נוספות"": ""ירי מנשק חם באזור מגורים"", ""שימוש"": ""כן,ירי"", ""תכנון"": ""לא"", ""סוג הרכב"": ""מאזדה"", ""מיקום האירוע"": ""עיר לוד"", ""תאריך האירוע"": ""8.1.19"", ""זמן האירוע"": ""שעת לילה"", ""מרחק נסיעה לאחר ירי"": ""עשרות מטרים"", ""מקום עצירת הנאשם"": ""חניית עפר סמוכה"", ""סוג הנשק"": ""תת מקלע מאולתר מסוג קרלו"", ""תגובת הנאשם להגעת השוטרים"": ""השלך את הנשק ארצה ונעצר"", ""סיבת הגעת השוטרים"": ""דיווח תושבים""}","{""אופן החזקת הנשק"": ""ברכב, מוסלק - מוסתר, סמוך לבית"", ""כמות תחמושת"": ""מחסנית"", ""מטרה-סיבת העבירה"": ""חתונה"", ""מספר עבירה"": ""144 ב"", ""סוג הנשק [תת מקלע]"": 1.0, ""סוג עבירה"": ""נשיאת נשק"", ""סטטוס הנשק"": ""נשק עם כדור בקנה"", ""עבירות נוספות"": ""ירי באזור מגורים"", ""שימוש"": ""כן,ירי"", ""תכנון"": ""כן"", ""סוג תחמושת"": ""9 מ\""מ"", ""מיקום האירוע"": ""רחבת בית משפחת ג'בארה, טייבה"", ""זמן האירוע"": ""21:00"", ""מיקום החזקת הנשק לפני השימוש"": ""טמון באדמה"", ""מיקום החזקת הנשק לאחר השימוש"": ""מתחת למושב הנהג ובשקית מתחת למושב סמוך"", ""סוג האירוע"": ""משפחתי""}",70.0,"1. **סוג העבירה וחומרתה**: שני התיקים עוסקים בעבירה לפי סעיף 144(ב) לנשיאת/הובלת נשק, והם כוללים גם עבירות נוספות של ירי באזור מגורים. חומרת העבירות דומה בשני התיקים.

2. **תפקיד הנאשם ומעורבותו**: בשני התיקים הנאשם הוא זה שנשא/הוביל את הנשק וגם השתמש בו בירי. מעורבותו של הנאשם בשני המקרים היא פעילה.

3. **שיטת הביצוע (MO)**: בשני התיקים הנשק הוחזק ברכב, נעשה בו שימוש בירי, והוא היה טעון עם כדור בקנה. עם זאת, יש הבדל בתכנון מראש - תיק 1 היה ללא תכנון, ואילו תיק 2 היה מתוכנן.

4. **נסיבות הליבה**: בשני התיקים כמות התחמושת הייתה בגדר מחסנית, נעשה שימוש בנשק בירי, והנשק היה עם כדור בקנה. עם זאת, יש הבדלים בנסיבות - תיק 1 היה ללא תכנון מראש ומטרת העבירה הייתה תחושת חוסר אונים, ואילו תיק 2 היה מתוכנן ומטרת העבירה הייתה אירוע משפחתי (חתונה).

5. **ישימות כתקדים**: בית משפט עשוי לראות את שני התיקים כרלוונטיים זה לזה לצורכי ענישה בשל הדמיון בסוג העבירה, מעורבות הנאשם, ושיטת הביצוע. עם זאת, ההבדלים בנסיבות (תכנון מראש ומטרת העבירה) עשויים להשפיע על מידת הדמיון.

SIMILARITY_SCORE: 70","ok",""
"ME-15-12-39071-113","sh-10-05-7434-952",3,1,1,"{""אופן החזקת הנשק"": ""ברכב, מוסלק - מוסתר"", ""מטרה-סיבת העבירה"": ""הגנה עצמית"", ""מספר עבירה"": ""144 א"", ""סוג הנשק [אקדח]"": 1.0, ""סוג עבירה"": ""החזקה נשק"", ""סטטוס הנשק"": ""תקין"", ""תכנון"": ""לא"", ""סוג רכב"": ""מזדה 3"", ""מספר רישיון רכב"": ""71-098-16"", ""מיקום האירוע"": ""כביש מספר 1, בסמוך למחלף הראל"", ""זמן האירוע"": ""12.10.13, בשעה 22:30"", ""מיקום החזקת הנשק ברכב"": ""מתחת לשטיח שמתחת למושב הסמוך לנהג"", ""סוג הנשק"": ""אקדח חצי אוטומטי מסוג סטאר"", ""שימוש"": ""לא"", ""כמות תחמושת"": ""ללא""}","{""אופן החזקת הנשק"": ""בבית, מוסלק - מוסתר"", ""כמות תחמושת"": ""מחסנית"", ""מספר עבירה"": ""144 א"", ""סוג הנשק [אקדח]"": 2.0, ""סוג עבירה"": ""החזקה נשק"", ""סטטוס הנשק"": ""נשק מופרד מתחמושת"", ""תכנון"": ""לא"", ""שם הנאשם"": ""איגור בן סמיון סבובסקי"", ""שנת לידה"": 1961, ""תאריך העבירה"": ""14.4.10"", ""כתובת האירוע"": ""רחוב אורלנסקי 11, פתח תקווה"", ""סוגי האקדחים"": [""ברטה חצי אוטומטי"", ""לאמה חצי אוטומטי""], ""שימוש"": ""לא"", ""מטרה-סיבת העבירה"": ""אספנות""}",60.0,"1. **סוג העבירה וחומרתה**: שני התיקים עוסקים בעבירה לפי סעיף 144(א) - החזקת נשק, ומהווים עבירות זהות בחומרתן.
2. **תפקיד הנאשם ומעורבותו**: בשני התיקים הנאשם הוא המחזיק בנשק, ללא עדות למעורבות נוספת או שותפים.
3. **שיטת הביצוע (MO)**: בשני המקרים הנשק מוחזק באופן מוסתר, אך במיקומים שונים - ברכב ובבית.
4. **נסיבות הליבה**: בשני התיקים לא נעשה שימוש בנשק. עם זאת, יש הבדל בכמות התחמושת - ללא תחמושת בתיק 1, ומחסנית בתיק 2. כמו כן, יש הבדל בסוג הנשק ובסטטוס הנשק (תקין לעומת מופרד מתחמושת).
5. **ישימות כתקדים**: בית המשפט עשוי לראות את שני התיקים כרלוונטיים זה לזה לצורכי ענישה בשל הדמיון בסעיף העבירה ובחוסר השימוש בנשק, אך יצטרך להתחשב בהבדלים בנסיבות.

SIMILARITY_SCORE: 60","ok",""
"ME-16-06-44840-433","ME-12-09-51207-971",1,0,0,"{""שנת לידה"": ""1993"", ""מיקום האירוע"": ""רחוב האפרסמון, ירושלים"", ""תאריך האירוע"": ""5.6.16"", ""מעורבים נוספים"": ""אלירון גולד, רן אברג'יל, יוני אברג'יל, נתי קורקוס"", ""פרטי הסדר טיעון"": ""הודאה והרשעה בכתב אישום שתוקן"", ""פרטי הסתרת הנשק"": ""הטמנת רימוני הלם במקום סמוך, העברתם בין שני מקומות מסתור נוספים"", ""מספר עבירה"": ""144 א, 144 ב"", ""סוג עבירה"": ""החזקה נשק, נשיאת נשק"", ""עבירות נוספות"": ""סיוע לנסיון לתקיפה לפי סעיפים 379 + 25 + 31 לחוק"", ""סוג הנשק [רימון רסס]"": 1.0, ""סוג הנשק [רימון הלם/גז]"": 2.0, ""סטטוס הנשק"": ""תקין"", ""תכנון"": ""כן"", ""אופן החזקת הנשק"": ""ברכב, מוסלק - מוסתר"", ""אופן קבלת הנשק"": ""מאחר"", ""מטרה-סיבת העבירה"": ""סכסוך"", ""שימוש"": ""זריקת רימון"", ""כמות תחמושת"": ""ללא""}","{""אופן החזקת הנשק"": ""בבית"", ""אופן קבלת הנשק"": ""ייצר"", ""מטרה-סיבת העבירה"": ""חתונה"", ""מספר עבירה"": ""144 א, 144 ב"", ""סוג עבירה"": ""החזקה נשק, ייצור נשק"", ""סטטוס הנשק"": ""נשק עם כדור בקנה"", ""עבירות נוספות"": ""יריות באזור מגורים - עבירה לפי סעיף 340א לחוק."", ""שימוש"": ""כן,ירי"", ""תכנון"": ""לא"", ""מקום עבודה"": ""מפעל אם. סי. במעלות"", ""תקופת ייצור הנשק"": ""אוגוסט 2008"", ""תקופת החזקת הנשק"": ""עד 15/8/11"", ""מקום המעצר"": ""בית הנאשם"", ""תאריך המעצר"": ""15/8/11"", ""מקום הירי"": ""אזור מגורים"", ""תאריך הירי"": ""11/8/11"", ""סוג הנשק"": ""נשק חם"", ""כמות תחמושת"": ""ללא""}",20.0,"1. **סוג העבירה וחומרתה**: שני התיקים כוללים עבירות לפי סעיף 144, אך סוג העבירות שונה — תיק 1 כולל החזקה ונשיאה של רימוני הלם, בעוד תיק 2 כולל החזקה וייצור של נשק חם. חומרת העבירות שונה גם כן, כאשר תיק 2 כולל ירי בנשק חם באזור מגורים, מה שמעיד על חומרה גבוהה יותר.

2. **תפקיד הנאשם ומעורבותו**: בתיק 1 הנאשם היה מעורב בהחזקה והעברה של רימוני הלם, ופעל כחלק מקבוצה. בתיק 2 הנאשם ייצר והחזיק נשק חם, והשתמש בו בירי באזור מגורים. שני הנאשמים היו מעורבים באופן פעיל, אך בדרכים שונות.

3. **שיטת הביצוע (MO)**: תיק 1 כולל הטמנה והעברה של רימוני הלם, ללא שימוש בהם. תיק 2 כולל ייצור נשק חם והחזקתו, עם שימוש בירי. השיטות שונות באופן מהותי.

4. **נסיבות הליבה**: בתיק 1 מדובר ברימוני הלם ללא תחמושת נוספת, עם תכנון מראש. בתיק 2 מדובר בנשק חם עם כדור בקנה, ללא תכנון מראש לירי. הנסיבות שונות — סכסוך מול חתונה, ותכנון מול היעדר תכנון.

5. **ישימות כתקדים**: בית משפט עשוי לראות את שני התיקים כלא רלוונטיים זה לזה לצורכי ענישה בשל ההבדלים בסוג העבירות, חומרתן, ושיטת הביצוע.

SIMILARITY_SCORE: 20","ok",""
"ME-16-05-19384-544","ME-16-03-54615-517",3,1,1,"{""מחיר נשק קרל גוסטב"": ""4000 ₪"", ""מחיר מכירה לחרוב"": ""3500 ₪"", ""מחיר רכישה מחרוב"": ""3000 ₪"", ""סוג נשק נוסף"": ""תבור"", ""מיקום החבייה"": ""שכונה סמוכה למקום מגוריו"", ""תאריך התקרית"": ""14.11.15"", ""שעת התקרית"": ""בין 1:00 ל-2:00"", ""מספר כדורים שנורו"": ""5"", ""מספר רכבי ביטחון שנפגעו"": ""3"", ""תאריך חיפושי כוחות הביטחון"": ""מרץ 2016"", ""שם השומר הנשק"": ""מחמוד זהאדה"", ""שם הקונה השני"": ""מוראד מחיסן"", ""שם הקונה השלישי"": ""עבד חרוב"", ""תאריך פיגוע ירי חרוב"": ""9.3.16"", ""מיקום פיגוע ירי חרוב"": ""ירושלים, צומת רמות ושמעון הצדיק"", ""מספר כדורי תחמושת שנמכרו לחרוב"": ""10"", ""מספר עבירה"": ""144 א, 144 ב"", ""סוג עבירה"": ""נשיאת נשק, סחר בנשק"", ""עבירות נוספות"": ""ניסיון לחבלה חמורה,רכישת נשק"", ""סוג הנשק [תת מקלע]"": 3.0, ""סוג הנשק [רובה סער]"": 1.0, ""סטטוס הנשק"": ""נשק עם כדור בקנה"", ""תכנון"": ""כן"", ""אופן החזקת הנשק"": ""מוסלק - מוסתר, סמוך לבית"", ""אופן קבלת הנשק"": ""רכש"", ""כמות תחמושת"": ""10 כדורים"", ""מטרה-סיבת העבירה"": ""בצע כסף"", ""שימוש"": ""כן,ירי""}","{""מטרה-סיבת העבירה"": ""בצע כסף"", ""מספר עבירה"": ""144 ב"", ""סוג הנשק [תת מקלע]"": 2.0, ""סוג עבירה"": ""סחר בנשק"", ""סטטוס הנשק"": ""תקול"", ""שימוש"": ""ניסיון לירי ללא הצלחה"", ""תכנון"": ""כן"", ""סוג תת-מקלע"": ""קרלו"", ""מספר תת-מקלעים"": 2, ""מחיר תת-מקלע"": 3000, ""מספר פגישות בין הנאשם למחמד"": 4, ""מיקום הפגישות"": ""סמוך לבית מחמד"", ""תקלות בנשק"": ""שני תת-מקלעים תקולים"", ""תגובת הנאשם לתקלה"": ""סירוב להחליף נשק לאחר החלפה ראשונה"", ""כמות תחמושת"": ""ללא""}",60.0,"1. **סוג העבירה וחומרתה** — שני התיקים כוללים עבירות נשיאת/סחר בנשק לפי סעיף 144, אך תיק 1 כולל גם עבירות נוספות כמו ניסיון לחבלה חמורה. חומרת העבירות דומה בשל מעורבות בסחר בנשק ונשיאתו. 
2. **תפקיד הנאשם ומעורבותו** — בשני התיקים הנאשם מעורב בסחר בנשק, אך בראשון יש מעורבות נרחבת יותר הכוללת ירי ומספר עסקאות, ובשני מדובר בניסיון למכור נשק תקול.
3. **שיטת הביצוע (MO)** — שני התיקים כוללים מכירה ומסחר בנשק, אך בשונה מתיק 1 שבו נעשה שימוש בנשק, תיק 2 מתאר ניסיון למכור נשק תקול ללא שימוש.
4. **נסיבות הליבה** — תיק 1 כולל נשק פעיל עם תחמושת ושימוש בנשק, בעוד שבתיק 2 הנשק תקול וללא תחמושת. שני התיקים מראים תכנון מראש.
5. **ישימות כתקדים** — בית המשפט עשוי לראות דמיון בין שני התיקים בשל מעורבות בסחר בנשק ותכנון מראש, אך ההבדלים בנסיבות (שימוש בנשק, כמות תחמושת, סטטוס הנשק) עשויים להשפיע על מידת הדמיון.

SIMILARITY_SCORE: 60","ok",""
"ME-12-05-33444-999","ME-17-04-613-913",1,0,0,"{""אופן החזקת הנשק"": ""ברכב, מוסלק - מוסתר"", ""כמות תחמושת"": ""3 מחסניות"", ""מטרה-סיבת העבירה"": ""הגנה עצמית"", ""מספר עבירה"": ""144 א"", ""סוג הנשק [אקדח]"": 1.0, ""סוג עבירה"": ""החזקה נשק"", ""סטטוס הנשק"": ""נשק עם מחסנית בהכנס"", ""תכנון"": ""לא"", ""סוג האקדח"": ""ברטה"", ""מספר סידורי של האקדח"": ""D60383Y"", ""מיקום החזקת הנשק ברכב"": ""מתחת למושב הקדמי הימני, בתיק שחור ליד כיסא הנהג, בתא האחסון של דלת הנהג"", ""תאריך האירוע"": ""11.5.12"", ""מיקום האירוע"": ""רחובות"", ""שימוש"": ""לא""}","{""שנת לידה"": ""1994"", ""מקום האירוע"": ""מכפר סאלם אל אום אל פחם"", ""זמן האירוע"": ""18.3.17, סמוך לשעה 22:00"", ""סוג הרכב"": ""מאזדה"", ""שמות נוספים ברכב"": ""מוחמד גמאסייה, בדרן מחאמיד"", ""מיקום הנאשם ברכב"": ""מושב אחורי"", ""סוג האקדח"": ""ברטה"", ""קליבר האקדח"": ""9 מ\""מ פאראבלום"", ""אופן הסתרת הנשק"": ""מוסתר בתוך חם צוואר"", ""מספר עבירה"": ""144 ב"", ""סוג עבירה"": ""נשיאת נשק, הובלת נשק"", ""סוג הנשק [אקדח]"": 1.0, ""סטטוס הנשק"": ""נשק עם מחסנית בהכנס"", ""תכנון"": ""לא"", ""אופן החזקת הנשק"": ""ברכב, על גופו"", ""כמות תחמושת"": ""מחסנית ובה 15 כדורים"", ""שימוש"": ""לא""}",40.0,"1. **סוג העבירה וחומרתה**: שני התיקים עוסקים בעבירות נשק, אך סוג העבירה שונה - תיק 1 הוא החזקה (144א) ותיק 2 הוא נשיאה והובלה (144ב). חומרת העבירה ב-144(ב) נחשבת לחמורה יותר.

2. **תפקיד הנאשם ומעורבותו**: בתיק 1 לא מצוין במפורש תפקיד הנאשם, אך הוא היה מעורב בהחזקת נשק ברכב. בתיק 2, הנאשם ישב במושב אחורי והנשק היה מוסתר בתוך חם צוואר, מה שמעיד על נשיאה. אין אינדיקציה ברורה לתפקיד הנאשם כיזם או שליח.

3. **שיטת הביצוע (MO)**: בשני התיקים הנשק הוחזק/נישא ברכב. אופן ההסתרה שונה - בתיק 1 הנשק היה מוסלק, ואילו בתיק 2 הוא היה מוסתר על גופו של הנאשם.

4. **נסיבות הליבה**: שני התיקים כוללים נשק אקדח מסוג ברטה עם מחסנית טעונה. כמות התחמושת שונה - 3 מחסניות בתיק 1 ומחסנית אחת עם 15 כדורים בתיק 2. לא היה שימוש בנשק בשני המקרים, ולא היה תכנון.

5. **ישימות כתקדים**: ההבדל המהותי בין 144(א) ל-144(ב) מקשה על השימוש בתיק 1 כתקדים לתיק 2, שכן מדובר בעבירות שונות ברמת החומרה.

SIMILARITY_SCORE: 40","ok",""
"ME-17-04-613-913","ME-12-04-33577-700",1,0,0,"{""שנת לידה"": ""1994"", ""מקום האירוע"": ""מכפר סאלם אל אום אל פחם"", ""זמן האירוע"": ""18.3.17, סמוך לשעה 22:00"", ""סוג הרכב"": ""מאזדה"", ""שמות נוספים ברכב"": ""מוחמד גמאסייה, בדרן מחאמיד"", ""מיקום הנאשם ברכב"": ""מושב אחורי"", ""סוג האקדח"": ""ברטה"", ""קליבר האקדח"": ""9 מ\""מ פאראבלום"", ""אופן הסתרת הנשק"": ""מוסתר בתוך חם צוואר"", ""מספר עבירה"": ""144 ב"", ""סוג עבירה"": ""נשיאת נשק, הובלת נשק"", ""סוג הנשק [אקדח]"": 1.0, ""סטטוס הנשק"": ""נשק עם מחסנית בהכנס"", ""תכנון"": ""לא"", ""אופן החזקת הנשק"": ""ברכב, על גופו"", ""כמות תחמושת"": ""מחסנית ובה 15 כדורים"", ""שימוש"": ""לא""}","{""אופן החזקת הנשק"": ""על גופו"", ""מטרה-סיבת העבירה"": ""סכסוך"", ""מספר עבירה"": ""144 א, 144 ב"", ""סוג הנשק [אקדח]"": 1.0, ""סוג עבירה"": ""החזקה נשק, נשיאת נשק"", ""סטטוס הנשק"": ""נשק עם כדור בקנה"", ""עבירות נוספות"": ""חבלה בכוונה מחמירה, עבירה לפי סעיף 329(א)(2) לחוק העונשין ויריות באזור מגורים, עבירה לפי סעיף 340(א) לחוק העונשין."", ""שימוש"": ""כן,ירי"", ""תכנון"": ""כן"", ""מיקום האירוע"": ""בית שאן"", ""תאריך האירוע"": ""13/4/12"", ""שעת האירוע"": ""02:00 לפנות בוקר"", ""פרטי המתלונן"": ""זרק כוס לעבר הנאשם"", ""תיאור התקרית"": ""במהלך ויכוח זרק המתלונן כוס לכיוון הנאשם, הנאשם שלף אקדח וירה שלוש יריות"", ""מספר יריות"": 3, ""מיקום פגיעות הירי"": ""אחת ליד הראש, אחת ליד הגב, שריטה בברך הימנית"", ""כמות תחמושת"": ""ללא""}",20.0,"1. **סוג העבירה וחומרתה** — שני התיקים עוסקים בעבירות נשק (סעיף 144), אך תיק 1 מתייחס רק לסעיף 144(ב) (נשיאה והובלה), בעוד שתיק 2 כולל גם סעיף 144(א) (החזקה). חומרת העבירה בתיק 2 גבוהה יותר בשל שימוש בנשק וירי. 
2. **תפקיד הנאשם ומעורבותו** — בשני התיקים הנאשם היה מעורב באופן פעיל — בתיק 1 הנאשם היה ברכב שבו נמצא האקדח, ובתיק 2 הנאשם שלף אקדח וירה. 
3. **שיטת הביצוע (MO)** — בתיק 1 האקדח הוסתר בתוך חם צוואר ברכב, ואילו בתיק 2 הנאשם שלף אקדח וירה. השיטות שונות.
4. **נסיבות הליבה** — בתיק 1 לא היה שימוש בנשק, ואילו בתיק 2 היה שימוש בנשק וירי. כמו כן, בתיק 2 היה תכנון מראש. 
5. **ישימות כתקדים** — בשל ההבדלים בסוג העבירה (144(ב) לעומת 144(א) ו-144(ב)), שימוש בנשק, ונסיבות אחרות, סביר ששני התיקים לא יראו זה את זה כתקדים ענייני.

SIMILARITY_SCORE: 20","ok",""
"ME-21-10-18557-340","ME-16-10-9348-780",1,0,0,"{""אופן החזקת הנשק"": ""ברכב, על גופו"", ""כמות תחמושת"": ""מחסנית + 2 כדורים"", ""מטרה-סיבת העבירה"": ""סכסוך"", ""מספר עבירה"": ""144 א, 144 ב"", ""סוג הנשק [תת מקלע מאולתר]"": 1.0, ""סוג עבירה"": ""החזקה נשק, נשיאת נשק, הובלת נשק"", ""סטטוס הנשק"": ""נשק עם כדור בקנה"", ""עבירות נוספות"": ""ירי מנשק חם"", ""שימוש"": ""כן,ירי"", ""תכנון"": ""לא"", ""סוג רכב הנאשם"": ""מאזדה בצבע כחול"", ""מיקום האירוע"": ""כפר אבו סנאן"", ""זמן האירוע"": ""16.9.2021, סמוך לשעה 19:00"", ""סוג רכב המטרה"": ""מאזדה לבנה"", ""מעורבים נוספים"": ""ג'יהאד סואעד, מוחמד פעאור"", ""כוונת הירי"": ""להפחיד או להקניט"", ""מיקום ישיבת הנאשם ברכב"": ""מושב נוסע"", ""מיקום ישיבת ג'יהאד ברכב"": ""מושב נהג"", ""מיקום ישיבת א' במאזדה"": ""מושב נוסע ליד הנהג"", ""מיקום ישיבת מוחמד פעאור במאזדה"": ""מושב נהג"", ""סוג הכדורים"": ""קליבר 9 מ\""מ"", ""סוג המחסנית"": ""מחסנית תואמת לתת מקלע"", ""מיקום הירי"": ""באזור מגורים"", ""סכנה פוטנציאלית"": ""סכנה לחיי אדם""}","{""אופן החזקת הנשק"": ""בבית, ברכב"", ""אופן קבלת הנשק"": ""גנב"", ""כמות תחמושת"": ""75 כדורים"", ""מטרה-סיבת העבירה"": ""לעורר את אביו"", ""מספר עבירה"": ""144 ב"", ""סוג הנשק [רובה צייד]"": 1.0, ""סוג עבירה"": ""נשיאת נשק"", ""סטטוס הנשק"": ""נשק מופרד מתחמושת"", ""תכנון"": ""לא"", ""סוג תחמושת"": ""כדורי צייד קליבר 12 מ\""מ"", ""מקום החזקת התחמושת"": ""מחסן הבית"", ""סכום כסף גנוב"": ""3500 ₪"", ""סכום שיק גנוב"": ""500 ₪"", ""מקום העצירה"": ""קריית גת"", ""שותפים לעבירה"": ""מוחמד יונס, הקטין פ. י."", ""מקום מסירת הנשק והתחמושת"": ""בית הקטין בערערה"", ""שימוש"": ""לא""}",40.0,"להלן ניתוח הדמיון המהותי בין שני התיקים הנתונים:

1. **סוג העבירה וחומרתה**:
שני התיקים עוסקים בעבירות נשק, אך תיק 1 כולל גם עבירות נוספות כמו ירי מנשק חם, ונשיאת/הובלת נשק (144ב'), בעוד שתיק 2 מתמקד בנשיאת נשק (144ב') בלבד. חומרת העבירה בתיק 1 גבוהה יותר בשל השימוש בנשק וירי.

2. **תפקיד הנאשם ומעורבותו**:
בתיק 1 הנאשם היה מעורב באופן פעיל כנוסע ברכב שבו בוצע הירי, וישב במושב הנוסע ליד הנהג. בתיק 2 הנאשם היה מעורב בגניבת נשק ותחמושת, והחזיק בנשק בביתו ובמכוניתו. בשני המקרים הנאשמים היו מעורבים באופן פעיל, אך בדרכים שונות.

3. **שיטת הביצוע (MO)**:
תיק 1 כולל החזקה ונשיאה של נשק תוך כדי שימוש בירי, בעוד שתיק 2 כולל החזקה ונשיאה של נשק ללא שימוש. אמצעי הביצוע שונים: תיק 1 כולל תת-מקלע מאולתר, ותיק 2 כולל רובה צייד.

4. **נסיבות הליבה**:
תיק 1 התרחש באזור מגורים, כחלק מסכסוך, וכלל ירי. תיק 2 התרחש בבית ובמכונית, ללא שימוש בנשק. כמות התחמושת בשני התיקים משמעותית, אך מטרת החזקה שונה.

5. **ישימות כתקדים**:
בית משפט עשוי לראות את שני התיקים כקשורים באופן חלקי בגלל העיסוק בעבירות נשק, אך ההבדלים בנסיבות ובחומרה עשויים להפחית מהרלוונטיות של האחד כנגד השני.

SIMILARITY_SCORE: 40","ok",""
"SH-16-04-30406-325","SH-16-11-7544-55",3,1,1,"{""אופן החזקת הנשק"": ""ברכב"", ""אופן קבלת הנשק"": ""רכש"", ""כמות תחמושת"": ""מחסנית ובה 0 כדורים, 2 מחסניות"", ""מספר עבירה"": ""144 א"", ""סוג הנשק [תת מקלע מאולתר]"": 2.0, ""סוג עבירה"": ""החזקה נשק"", ""סטטוס הנשק"": ""נשק מופרד מתחמושת"", ""תכנון"": ""לא"", ""תאריך המעצר"": ""06/04/16"", ""סוג הרכב"": ""רנו"", ""מספר רישוי של הרכב"": ""88-687-10"", ""מיקום הנשק ברכב"": ""תא מטען"", ""מספר כלי נשק"": 2, ""שימוש"": ""לא""}","{""אופן החזקת הנשק"": ""על גופו"", ""כמות תחמושת"": ""מחסנית ובה 10 כדורים"", ""מספר עבירה"": ""144 א"", ""סוג הנשק [תת מקלע מאולתר]"": 1.0, ""סוג עבירה"": ""החזקה נשק"", ""סטטוס הנשק"": ""נשק מופרד מתחמושת"", ""תכנון"": ""לא"", ""תאריך האירוע"": ""26.10.16"", ""מיקום האירוע"": ""מחלף להב-שומריה, כביש 6 לכוון צפון"", ""סוג הרכב"": ""רכב פרטי"", ""זיהוי הנאשם"": ""על ידי שוטר"", ""שם השוטר"": ""מיכאל אדרי"", ""קוטר הקליעים"": ""9 מ\""מ"", ""שימוש"": ""לא""}",60.0,"להלן הניתוח לפי הממדים השונים:

1. **סוג העבירה וחומרתה**:
שני התיקים עוסקים בעבירת החזקת נשק לפי סעיף 144(א) לחוק העונשין, והם דומים בחומרת העבירה. עם זאת, יש לציין כי מדובר בשני מקרים שונים של החזקה (ברכב ועל גופו).

2. **תפקיד הנאשם ומעורבותו**:
בשני התיקים הנאשם הוא המחזיק בנשק, אך לא מדובר ביזום או בסחר בנשק. מעורבותם של הנאשמים דומה מבחינת היותם מחזיקים בנשק ללא שימוש בו.

3. **שיטת הביצוע (MO)**:
שיטת הביצוע שונה בין שני התיקים. בתיק 1 הנשק הוחזק ברכב בתא המטען, ואילו בתיק 2 הנשק הוחזק על גופו של הנאשם. 

4. **נסיבות הליבה**:
בתיק 1 היו 2 מחסניות ללא כדורים במחסנית הראשית, ואילו בתיק 2 הייתה מחסנית אחת עם 10 כדורים. הנשק בשני המקרים היה מופרד מהתחמושת, ולא היה שימוש בנשק. 

5. **ישימות כתקדים**:
למרות שישנם כמה דמיון בין שני התיקים, כגון סוג העבירה והעדר שימוש בנשק, ישנם גם הבדלים משמעותיים, כמו אופן החזקת הנשק וכמות התחמושת. בית המשפט עשוי לשקול את הדמיון בין שני התיקים, אך יצטרך להתחשב גם בהבדלים.

SIMILARITY_SCORE: 60","ok",""
"SH-16-11-7544-55","ME-13-10-28139-807",1,0,0,"{""אופן החזקת הנשק"": ""על גופו"", ""כמות תחמושת"": ""מחסנית ובה 10 כדורים"", ""מספר עבירה"": ""144 א"", ""סוג הנשק [תת מקלע מאולתר]"": 1.0, ""סוג עבירה"": ""החזקה נשק"", ""סטטוס הנשק"": ""נשק מופרד מתחמושת"", ""תכנון"": ""לא"", ""תאריך האירוע"": ""26.10.16"", ""מיקום האירוע"": ""מחלף להב-שומריה, כביש 6 לכוון צפון"", ""סוג הרכב"": ""רכב פרטי"", ""זיהוי הנאשם"": ""על ידי שוטר"", ""שם השוטר"": ""מיכאל אדרי"", ""קוטר הקליעים"": ""9 מ\""מ"", ""שימוש"": ""לא""}","{""אופן החזקת הנשק"": ""על גופו"", ""מטרה-סיבת העבירה"": ""סכסוך"", ""מספר עבירה"": ""144 א"", ""סוג הנשק [אקדח]"": 1.0, ""סוג עבירה"": ""ביצוע עבירות בנשק"", ""סטטוס הנשק"": ""נשק עם כדור בקנה"", ""עבירות נוספות"": ""ניסיון לחבלה חמורה בנסיבות מחמירות לפי סעיפים 333+335(א)(1) ו-25 לפי החוק."", ""שימוש"": ""כן,ירי"", ""תכנון"": ""כן"", ""מיקום האירוע"": ""רהט"", ""קורבנות"": ""המתלונן ובנו"", ""גיל הקטין"": 18, ""מספר קליעים שפגעו"": 3, ""התנהלות הנאשם לאחר האירוע"": ""נמלט מהמקום"", ""פגיעה ברכוש"": ""קליעים חדרו לדלת הנהג"", ""סוג הרכב"": ""רכב פרטי"", ""מיקום הירי"": ""לעבר דלת הנהג"", ""כמות תחמושת"": ""ללא""}",20.0,"להלן הניתוח לפי הממדים השונים:

1. **סוג העבירה וחומרתה**:
שני התיקים עוסקים בעבירות נשק, אך תיק 1 מתייחס להחזקת נשק (סעיף 144א), ללא שימוש, ואילו תיק 2 כולל גם שימוש בנשק (ירי) וגם עבירות נוספות כמו ניסיון לחבלה חמורה. חומרת העבירה בתיק 2 גבוהה משמעותית בשל השימוש בנשק ופגיעה באנשים.

2. **תפקיד הנאשם ומעורבותו**:
בשני התיקים הנאשם הוא המחזיק בנשק, אך בתיק 2 הנאשם גם השתמש בנשק באופן פעיל (ירי לעבר רכב) ופגע באנשים, מה שמעיד על מעורבות פעילה ומסוכנת יותר.

3. **שיטת הביצוע (MO)**:
תיק 1 מתאר החזקת נשק ללא שימוש, ואילו תיק 2 כולל שימוש בנשק באופן אלים. אמנם בשני המקרים הנשק הוחזק על גופו של הנאשם, אך אופן השימוש והנסיבות שונות מאוד.

4. **נסיבות הליבה**:
בתיק 1, הנשק היה מופרד מהתחמושת, לא היה שימוש בנשק, והאירוע התרחש במחלף. בתיק 2, הנשק היה עם כדור בקנה, נעשה בו שימוש (ירי), והאירוע כלל ירי לעבר רכב ופגיעה באנשים. הנסיבות בתיק 2 מחמירות בהרבה.

5. **ישימות כתקדים**:
בית המשפט יתקשה לראות בתיק 1 תקדים רלוונטי לתיק 2 בשל ההבדלים המשמעותיים בחומרת העבירה, בשימוש בנשק, וברמת המעורבות של הנאשם. תיק 1 עוסק בהחזקה ללא שימוש, ואילו תיק 2 כולל שימוש אלים בנשק.

SIMILARITY_SCORE: 20","ok",""
"ME-16-04-12480-812","SH-16-05-42991-439",1,0,0,"{""מיקום האירועים"": ""טירת הכרמל, בית המתלונן, אתר בניה"", ""זמן האירועים"": ""פחות משעה וחצי לאחר הוויכוח, יומיים לאחר האירוע הראשון, יום לאחר הירי השני"", ""סוג הנשק הנוסף"": ""תת מקלע מאולתר"", ""מספר כדורים שנורו"": ""12 קליעים, 2 כדורים"", ""מיקום החזקת הנשק והתחמושת"": ""בזחל של כלי עבודה, מתחת לתקרה אקוסטית במכולה"", ""סכום החוב"": ""300 ₪"", ""סוג העסקה המובילה לסכסוך"": ""עסקת רכב"", ""מספר עבירה"": ""144 א, 144 ב"", ""סוג עבירה"": ""החזקה נשק, נשיאת נשק, הובלת נשק"", ""עבירות נוספות"": ""יסיון חבלה חמורה בנסיבות מחמירות, איומים"", ""סוג הנשק [תת מקלע מאולתר]"": 1.0, ""סטטוס הנשק"": ""נשק עם כדור בקנה"", ""תכנון"": ""כן"", ""אופן החזקת הנשק"": ""ברכב, על גופו, מוסלק - מוסתר"", ""כמות תחמושת"": ""מחסנית + 17 כדורים"", ""מטרה-סיבת העבירה"": ""סכסוך"", ""שימוש"": ""כן,ירי""}","{""דגם הנשק"": ""בראונינג"", ""קליבר התחמושת"": ""9 מ\""מ"", ""התערבות צד שלישי"": ""נאשמת 2 ניסתה להעלים את הנשק"", ""אופן ההעלמה"": ""הסלקת הנשק מתחת לחצאית"", ""מספר עבירה"": ""144 א"", ""סוג עבירה"": ""החזקה נשק"", ""עבירות נוספות"": ""שיבוש הליכי משפט, לפי סעיף 244 לחוק"", ""סוג הנשק [אקדח]"": 1.0, ""סטטוס הנשק"": ""נשק עם מחסנית בהכנס"", ""תכנון"": ""כן"", ""אופן החזקת הנשק"": ""בבית, מוסלק - מוסתר"", ""כמות תחמושת"": ""מחסנית ובה 13 כדורים"", ""מטרה-סיבת העבירה"": ""סכסוך"", ""שימוש"": ""לא""}",40.0,"להלן הניתוח הממצה של שני התיקים הנדונים:

1. **סוג העבירה וחומרתה**:
   - שני התיקים כוללים עבירות נשק לפי סעיף 144 לחוק העונשין, אך תיק 1 כולל גם עבירות נוספות כמו ניסיון חבלה חמורה ואיומים, בניגוד לתיק 2 שכולל רק עבירת החזקת נשק וכן עבירת שיבוש הליכי משפט. חומרת העבירות בתיק 1 גבוהה יותר בשל השימוש בנשק וירי.

2. **תפקיד הנאשם ומעורבותו**:
   - בתיק 1, הנאשם היה מעורב באופן פעיל בהחזקת נשק, נשיאתו והובלתו, וכן השתמש בנשק בירי. בתיק 2, הנאשם החזיק בנשק אך לא נושא או הוביל אותו, ולא השתמש בו. המעורבות בתיק 1 פעילה וקשה יותר.

3. **שיטת הביצוע (MO)**:
   - שני התיקים כוללים החזקת נשק באופן מוסתר, אך בתיק 1 הנשק היה ברשותו של הנאשם במהלך סכסוך והוא השתמש בו בירי, בעוד שבתיק 2 הנשק הוסתר בבית ללא עדות לשימוש בו.

4. **נסיבות הליבה**:
   - בתיק 1, כמות התחמושת הייתה גדולה יותר (מחסנית + 17 כדורים) והיה שימוש בנשק. בתיק 2, כמות התחמושת הייתה קטנה יותר (מחסנית עם 13 כדורים) ולא היה שימוש בנשק. שני המקרים כוללים תכנון מראש.

5. **ישימות כתקדים**:
   - בית משפט עשוי לראות את שני התיקים כקשורים זה לזה מבחינת סוג העבירה (עבירות נשק), אך ההבדלים בנסיבות ובחומרה עשויים להפחית מהרלוונטיות של תיק 2 כתקדים לתיק 1, במיוחד בשל השימוש בנשק בתיק 1.

SIMILARITY_SCORE: 40","ok",""
"ME-16-05-9968-487","ME-13-04-35007-454",3,1,1,"{""מיקום רכישת הנשק"": ""ברטעה"", ""מחיר רכישת הנשק"": ""7300 שקלים"", ""תאריך רכישת הנשק"": ""חודש אפריל 2016"", ""מיקום החזקת הנשק"": ""גג בית חברו אחסאן דיב"", ""תאריך גילוי הנשק"": ""22.4.16"", ""מספר סידורי של הנשק"": ""41814"", ""מעורבות קרובי משפחה"": ""כן"", ""מספר מעורבים"": ""3"", ""שמות המעורבים"": ""מהדי בסל, סמיר בסל, אחסאן דיב"", ""מספר עבירה"": ""144 א, 144 ב"", ""סוג עבירה"": ""החזקה נשק, נשיאת נשק"", ""סוג הנשק [תת מקלע מאולתר]"": 1.0, ""סטטוס הנשק"": ""נשק עם מחסנית בהכנס"", ""תכנון"": ""לא"", ""אופן החזקת הנשק"": ""בבית, מוסלק - מוסתר"", ""אופן קבלת הנשק"": ""מאחר"", ""כמות תחמושת"": ""מחסנית"", ""שימוש"": ""לא"", ""מטרה-סיבת העבירה"": ""ירי בחתונה""}","{""אופן החזקת הנשק"": ""על גופו"", ""מטרה-סיבת העבירה"": ""סכסוך"", ""מספר עבירה"": ""144 א, 144 ב"", ""סוג הנשק [אקדח]"": 1.0, ""סוג עבירה"": ""החזקה נשק, נשיאת נשק"", ""סטטוס הנשק"": ""נשק עם מחסנית בהכנס"", ""תכנון"": ""כן"", ""תאריך האירוע"": ""6/4/13"", ""שעת האירוע"": ""16:30"", ""מיקום האירוע"": ""מרכז הכפר דבוריה"", ""התנהלות הנאשם לאחר האירוע"": ""נמלט במהירות מהמקום"", ""מטרת הנשיאה"": ""להפחיד אחרים מעורבים בסכסוך"", ""שימוש"": ""לא"", ""כמות תחמושת"": ""ללא""}",75.0,"להלן הניתוח הממדי של שני התיקים:

1. **סוג העבירה וחומרתה**:
שני התיקים עוסקים בעבירות נשק חמורות הכוללות החזקה ונשיאה לפי סעיף 144(א) ו-144(ב). חומרת העבירות דומה בשל הימצאות מחסנית עם כדורים בנשק בשני המקרים. 
SIMILARITY_SCORE_1: 90 (זהים כמעט בסוג העבירה ובחומרתה)

2. **תפקיד הנאשם ומעורבותו**:
בשני התיקים הנאשם מואשם הן בהחזקה והן בנשיאה, אך בראשון ישנם מעורבים נוספים. אין מידע על תפקידם הספציפי של הנאשמים בכל תיק. 
SIMILARITY_SCORE_2: 80 (מעורבות דומה אך יש הבדל במספר המעורבים)

3. **שיטת הביצוע (MO)**:
שני התיקים כוללים נשק חם עם מחסנית מוכנסת. בראשון הנשק הוחזק בבית חברו של הנאשם, ובשני על גופו של הנאשם. בשניהם לא היה שימוש בנשק.
SIMILARITY_SCORE_3: 70 (דמיון חלקי בשיטת הביצוע)

4. **נסיבות הליבה**:
בשניהם הנשק היה סטטוס דומה (עם מחסנית). בראשון היה תכנון מוקדם פחות, ובשני היה תכנון. הכמות תחמושת דומה (מחסנית/ללא).
SIMILARITY_SCORE_4: 60 (דמיון חלקי בנסיבות)

5. **ישימות כתקדים**:
שני התיקים כוללים עבירות חמורות לפי סעיף 144, אך ישנם הבדלים בנסיבות ובתכנון. בית המשפט עשוי לראות בהם תקדים ענייני אך עם הבדלים משמעותיים.
SIMILARITY_SCORE_5: 70

הציון הסופי מבוסס על הממדים העיקריים:
SIMILARITY_SCORE: 75","ok",""
"ME-16-11-69158-529","ME-14-12-6904-57",2,0,1,"{""אופן החזקת הנשק"": ""ברכב, מוסלק - מוסתר, סמוך לבית"", ""כמות תחמושת"": ""מחסנית"", ""מטרה-סיבת העבירה"": ""חתונה"", ""מספר עבירה"": ""144 ב"", ""סוג הנשק [תת מקלע]"": 1.0, ""סוג עבירה"": ""נשיאת נשק"", ""סטטוס הנשק"": ""נשק עם כדור בקנה"", ""עבירות נוספות"": ""ירי באזור מגורים"", ""שימוש"": ""כן,ירי"", ""תכנון"": ""כן"", ""סוג תחמושת"": ""9 מ\""מ"", ""מיקום האירוע"": ""רחבת בית משפחת ג'בארה, טייבה"", ""זמן האירוע"": ""21:00"", ""מיקום החזקת הנשק לפני השימוש"": ""טמון באדמה"", ""מיקום החזקת הנשק לאחר השימוש"": ""מתחת למושב הנהג ובשקית מתחת למושב סמוך"", ""סוג האירוע"": ""משפחתי""}","{""מיקום הדירה"": ""תל אביב"", ""תאריך רכישת הנשק"": ""18.11.2014"", ""מחיר הנשק"": ""4000 ש\""ח"", ""סוג הנשק"": ""רובה מאולתר מדגם קרל גוסטב"", ""תאריך העבירה"": ""18.11.2014"", ""שעת העבירה"": ""16:40"", ""אופן הסתרת הנשק"": ""עטוף בבגדים בתוך תיק גב"", ""כמות קנאביס"": ""0.3027 גרם נטו"", ""מיקום החזקת הנשק בדירה"": ""מוטמן בארון בגדים בחדר השינה"", ""מספר עבירה"": ""144 ב"", ""סוג עבירה"": ""נשיאת נשק, הובלת נשק"", ""עבירות נוספות"": ""החזקת סם לצריכה עצמית"", ""סוג הנשק [תת מקלע מאולתר]"": 1.0, ""סטטוס הנשק"": ""נשק מופרד מתחמושת"", ""תכנון"": ""כן"", ""אופן החזקת הנשק"": ""בבית, על גופו, מוסלק - מוסתר"", ""אופן קבלת הנשק"": ""רכש"", ""כמות תחמושת"": ""מחסנית"", ""מטרה-סיבת העבירה"": ""הגנה עצמית""}",70.0,"1. **סוג העבירה וחומרתה** — שני התיקים עוסקים בעבירת נשיאת נשק (144 ב'), אך סוג הנשק שונה (תת מקלע לעומת רובה מאולתר). חומרת העבירה דומה בשל סוג העבירה והנסיבות. 
2. **תפקיד הנאשם ומעורבותו** — בשני התיקים הנאשם היה מעורב באופן פעיל בנשיאת/הובלת נשק, אך לא היה מעורב בסחר בנשק. 
3. **שיטת הביצוע (MO)** — בשני המקרים הנשק הוסתר (מוסלק - מוסתר) והיה תכנון מראש. 
4. **נסיבות הליבה** — בשני התיקים כמות התחמושת דומה (מחסנית), אך שימוש בנשק נעשה רק בתיק 1. 
5. **ישימות כתקדים** — בית המשפט יראה את שני התיקים כרלוונטיים זה לזה לצורכי ענישה בשל הדמיון בעבירה (נשיאת נשק), אופן ההסתרה, והתכנון מראש.

SIMILARITY_SCORE: 70","ok",""
"SH-11-05-24791-315","ME-16-10-9348-780",1,0,0,"{""אופן החזקת הנשק"": ""בבית"", ""אופן קבלת הנשק"": ""מאחר"", ""כמות תחמושת"": ""2 מחסניות"", ""מספר עבירה"": ""144 א"", ""סוג הנשק [אקדח]"": 1.0, ""סוג עבירה"": ""החזקה נשק"", ""סטטוס הנשק"": ""נשק מופרד מתחמושת"", ""תכנון"": ""לא"", ""מיקום החזקת הנשק"": ""כפר עין-נקובא"", ""דגם הנשק"": ""אקדח חצי אוטומטי אף-אן (FN)"", ""תאריך האירוע"": ""19/07/09"", ""שעת האירוע"": ""21:00"", ""תאריך הרשעה"": ""09/01/13"", ""סעיף עבירה נוסף"": ""144 א סיפא"", ""סוג עבירה נוספת"": ""החזקת אביזר לנשק"", ""שימוש"": ""לא""}","{""אופן החזקת הנשק"": ""בבית, ברכב"", ""אופן קבלת הנשק"": ""גנב"", ""כמות תחמושת"": ""75 כדורים"", ""מטרה-סיבת העבירה"": ""לעורר את אביו"", ""מספר עבירה"": ""144 ב"", ""סוג הנשק [רובה צייד]"": 1.0, ""סוג עבירה"": ""נשיאת נשק"", ""סטטוס הנשק"": ""נשק מופרד מתחמושת"", ""תכנון"": ""לא"", ""סוג תחמושת"": ""כדורי צייד קליבר 12 מ\""מ"", ""מקום החזקת התחמושת"": ""מחסן הבית"", ""סכום כסף גנוב"": ""3500 ₪"", ""סכום שיק גנוב"": ""500 ₪"", ""מקום העצירה"": ""קריית גת"", ""שותפים לעבירה"": ""מוחמד יונס, הקטין פ. י."", ""מקום מסירת הנשק והתחמושת"": ""בית הקטין בערערה"", ""שימוש"": ""לא""}",20.0,"להלן הניתוח לפי הממדים השונים:

1. **סוג העבירה וחומרתה**: 
תיק 1 עוסק בעבירת החזקת נשק לפי סעיף 144(א) בנשק אקדח, בעוד שתיק 2 עוסק בנשיאת נשק לפי סעיף 144(ב) בנשק רובה צייד. ההבדל בין החזקה לנשיאה הוא מהותי, וכך גם סוג הנשק. חומרת העבירה ב-144(ב) נחשבת לחמורה יותר.

2. **תפקיד הנאשם ומעורבותו**: 
בשני התיקים הנאשם הוא המחזיק/נושא הנשק. אולם, בתיק 2 ישנו מידע על שותפים לעבירה ועל נסיבות גניבת הנשק, מה שמעיד על מעורבות מסוימת ברשת רחבה יותר, בניגוד לתיק 1 שבו הנאשם קיבל את הנשק מאחר.

3. **שיטת הביצוע (MO)**: 
שני התיקים כוללים החזקת נשק בבית, אך בתיק 2 הנשק הוחזק גם ברכב. כמו כן, בתיק 2 ישנה התייחסות לגניבת הנשק ולמסירתו לאחר מכן, בניגוד לתיק 1 שבו הנשק התקבל מאחר.

4. **נסיבות הליבה**: 
בתיק 1 היו 2 מחסניות תחמושת, ואילו בתיק 2 היו 75 כדירים. כמו כן, בתיק 2 ישנה מטרה ספציפית לעבירה - ""לעורר את אביו"", שלא קיימת בתיק 1. בשני המקרים הנשק היה מופרד מהתחמושת ולא נעשה בו שימוש.

5. **ישימות כתקדים**: 
בהתחשב בהבדלים בין סעיף 144(א) ל-144(ב), ובנסיבות העבירה השונות, סביר שבית המשפט לא יראה את שני התיקים כרלוונטיים זה לזה לצורכי ענישה.

SIMILARITY_SCORE: 20","ok",""
"ME-15-12-39071-113","ME-10-08-17917-313",3,1,1,"{""אופן החזקת הנשק"": ""ברכב, מוסלק - מוסתר"", ""מטרה-סיבת העבירה"": ""הגנה עצמית"", ""מספר עבירה"": ""144 א"", ""סוג הנשק [אקדח]"": 1.0, ""סוג עבירה"": ""החזקה נשק"", ""סטטוס הנשק"": ""תקין"", ""תכנון"": ""לא"", ""סוג רכב"": ""מזדה 3"", ""מספר רישיון רכב"": ""71-098-16"", ""מיקום האירוע"": ""כביש מספר 1, בסמוך למחלף הראל"", ""זמן האירוע"": ""12.10.13, בשעה 22:30"", ""מיקום החזקת הנשק ברכב"": ""מתחת לשטיח שמתחת למושב הסמוך לנהג"", ""סוג הנשק"": ""אקדח חצי אוטומטי מסוג סטאר"", ""שימוש"": ""לא"", ""כמות תחמושת"": ""ללא""}","{""מקור הנשק"": ""קיבל מאחר"", ""מיקום החבייה הראשוני"": ""מחסן ביתו"", ""תאריכים של החזקת הנשק"": ""23.7.10 עד 24.7.10"", ""מקום השימוש בנשק"": ""עתלית"", ""סוג הסם"": ""קנבוס"", ""כמות הסם"": ""15.05 גרם"", ""מחיר הסם"": ""150 שקלים"", ""מקום תפיסת הסם"": ""בבית הנאשם"", ""תקופות קבלת הסם"": ""קודם לחודש יולי 2010"", ""סוג עבירה"": ""החזקה נשק"", ""סוג הנשק [אקדח]"": 1.0, ""סטטוס הנשק"": ""נשק מופרד מתחמושת"", ""תכנון"": ""לא"", ""אופן החזקת הנשק"": ""בבית, מוסלק - מוסתר"", ""כמות תחמושת"": ""3 כדורים"", ""מטרה-סיבת העבירה"": ""הגנה עצמית"", ""שימוש"": ""לא"", ""אופן קבלת הנשק"": ""מאחר"", ""עבירות נוספות"": ""הנאשם הורשע בנוסף לעבירות נשק גם בעבירה של החזקת סם מסוכן לצריכה עצמית.""}",80.0,"להלן ניתוח הדמיון המהותי בין שני התיקים הנדונים:

1. **סוג העבירה וחומרתה**:
שני התיקים עוסקים בעבירת החזקת נשק לפי סעיף 144(א) לחוק העונשין, כאשר החומרה נובעת מהחזקת אקדח. הדמיון קיים בסוג העבירה, אך יש לבחון את הנסיבות והפרטים האחרים כדי לקבוע את מידת הדמיון.

2. **תפקיד הנאשם ומעורבותו**:
בשני התיקים הנאשם הוא המחזיק בנשק, ללא עדות למעורבות נוספת כגון סחר או שימוש בנשק. הדמיון קיים ברמת המעורבות.

3. **שיטת הביצוע (MO)**:
שני המקרים כוללים החזקת נשק חם (אקדח) באופן מוסתר, האחד ברכב והשני בבית. אופן ההחזקה דומה מבחינת ההסתרה, אך שונה מבחינת המיקום.

4. **נסיבות הליבה**:
שניהם כוללים החזקת אקדח ללא שימוש, ללא תחמושת (תיק 1) או עם כמות קטנה של תחמושת (תיק 2). הנסיבות של החזקה ""להגנה עצמית"" מופיעות בשני התיקים. 

5. **ישימות כתקדים**:
בהינתן הדמיון בסוג העבירה, תפקיד הנאשם, ושיטת ההחזקה, סביר שבית המשפט יראה את שני התיקים כרלוונטיים זה לזה לצורכי ענישה.

SIMILARITY_SCORE: 80","ok",""
"ME-22-03-52964-443","SH-17-08-47445-166",1,0,0,"{""אופן החזקת הנשק"": ""על גופו"", ""כמות תחמושת"": ""מחסנית ובה 16 כדורים, מחסנית ובה 16 כדורים"", ""מטרה-סיבת העבירה"": ""סכסוך"", ""מספר עבירה"": ""144 א, 144 ב"", ""סוג הנשק [אקדח]"": 1.0, ""סוג עבירה"": ""החזקה נשק, נשיאת נשק, הובלת נשק"", ""סטטוס הנשק"": ""נשק עם מחסנית בהכנס"", ""עבירות נוספות"": ""עבירת הפרעה לשוטר במילוי תפקידו לפי סעיף 275 לחוק."", ""תכנון"": ""כן"", ""מודל הנשק"": ""D.D.G מודל 19"", ""קליבר הנשק"": ""9 מ\""מ פרבלום"", ""מקום האירוע"": ""מפעל מזון בדיר אל אסד"", ""תאריך ושעה"": ""9.3.22 בשעה 12:10"", ""תיאור התנהגות הנאשם בעת המעצר"": ""ניסה להשליך את הנשק והתחמושת לתוך ארגז עופות"", ""שימוש"": ""לא""}","{""אופן החזקת הנשק"": ""בבית"", ""מספר עבירה"": ""144 א"", ""סוג הנשק [אקדח]"": 1.0, ""סוג הנשק [תת מקלע מאולתר]"": 1.0, ""סוג עבירה"": ""החזקה נשק"", ""סטטוס הנשק"": ""תקין"", ""תכנון"": ""לא"", ""תאריך המעצר"": ""09.08.2018"", ""מיקום החזקת הנשק"": ""כסיפה"", ""סוג הנשק [FN]"": 1.0, ""פיזור הנשק"": ""סביב הישוב"", ""שימוש"": ""לא"", ""כמות תחמושת"": ""ללא""}",20.0,"להלן הניתוח לפי הממדים השונים:

1. **סוג העבירה וחומרתה**:
   - שני התיקים עוסקים בעבירות נשק, אך תיק 1 כולל גם עבירות של נשיאה והובלה (144ב), בנוסף להחזקה (144א), בעוד שתיק 2 כולל רק עבירת החזקה (144א). חומרת העבירה בתיק 1 גבוהה יותר בשל היקף העבירות והנסיבות.
   - **מסקנה**: סוג העבירה אינו זהה, וחומרתה בתיק 1 גבוהה יותר.

2. **תפקיד הנאשם ומעורבותו**:
   - בתיק 1, הנאשם נתפס עם נשק על גופו וניסה להיפטר ממנו, מה שמעיד על מעורבות פעילה. בתיק 2, הנאשם החזיק בנשק בביתו ללא עדות לשימוש או כוונה לנשיאה.
   - **מסקנה**: מעורבות הנאשם בתיק 1 פעילה יותר מאשר בתיק 2.

3. **שיטת הביצוע (MO)**:
   - בתיק 1, הנשק הוחזק על גופו של הנאשם ונמצא במצב של מוכנות (עם מחסנית בהכנס). בתיק 2, הנשק הוחזק בבית ללא עדות לשימוש או מוכנות מיידית.
   - **מסקנה**: שיטת הביצוע שונה בין שני התיקים.

4. **נסיבות הליבה**:
   - תיק 1 כולל נסיבות מחמירות כמו החזקת כמויות תחמושת גדולות, ניסיון להיפטר מהנשק בעת המעצר, ותכנון מראש. תיק 2 מתאפיין בהחזקת נשק בבית ללא שימוש או כוונה לנשיאה, ללא תכנון, ובלי תחמושת.
   - **מסקנה**: נסיבות הליבה שונות באופן מהותי בין שני התיקים.

5. **ישימות כתקדים**:
   - בשל ההבדלים בסוג העבירה, תפקיד הנאשם, שיטת הביצוע, ונסיבות הליבה, תיק 2 אינו מהווה תקדים רלוונטי לתיק 1. תיק 1 כולל עבירות חמורות יותר ונסיבות מחמירות שלא קיימות בתיק 2.
   - **מסקנה**: בית המשפט לא יראה את שני התיקים כרלוונטיים זה לזה לצורכי ענישה.

**SIMILARITY_SCORE: 20**","ok",""
"ME-15-12-39071-113","SH-11-12-35552-181",3,1,1,"{""אופן החזקת הנשק"": ""ברכב, מוסלק - מוסתר"", ""מטרה-סיבת העבירה"": ""הגנה עצמית"", ""מספר עבירה"": ""144 א"", ""סוג הנשק [אקדח]"": 1.0, ""סוג עבירה"": ""החזקה נשק"", ""סטטוס הנשק"": ""תקין"", ""תכנון"": ""לא"", ""סוג רכב"": ""מזדה 3"", ""מספר רישיון רכב"": ""71-098-16"", ""מיקום האירוע"": ""כביש מספר 1, בסמוך למחלף הראל"", ""זמן האירוע"": ""12.10.13, בשעה 22:30"", ""מיקום החזקת הנשק ברכב"": ""מתחת לשטיח שמתחת למושב הסמוך לנהג"", ""סוג הנשק"": ""אקדח חצי אוטומטי מסוג סטאר"", ""שימוש"": ""לא"", ""כמות תחמושת"": ""ללא""}","{""מיקום החזקת הנשק"": ""בארון הבגדים בחדר השינה"", ""אופן אריזת הנשק"": ""עטוף בגרב"", ""עיר מגורים"": ""לוד"", ""תאריך העבירה"": ""14/12/11"", ""מספר עבירה"": ""144 א"", ""סוג עבירה"": ""החזקה נשק"", ""סוג הנשק [אקדח]"": 1.0, ""סטטוס הנשק"": ""תקין"", ""תכנון"": ""כן"", ""אופן החזקת הנשק"": ""בבית, מוסלק - מוסתר"", ""אופן קבלת הנשק"": ""רכש"", ""שימוש"": ""לא"", ""כמות תחמושת"": ""ללא""}",70.0,"להלן הניתוח לפי הממדים השונים:

1. **סוג העבירה וחומרתה**: שני התיקים עוסקים בעבירת החזקת נשק לפי סעיף 144(א) ומדובר באקדח חצי אוטומטי. החומרה דומה משום ששניהם עוסקים בהחזקה ללא שימוש. 
2. **תפקיד הנאשם ומעורבותו**: בשני המקרים הנאשם הוא המחזיק בנשק, ללא עדות למעורבות נוספת כמו סחר או שימוש. המעורבות היא יחידנית.
3. **שיטת הביצוע (MO)**: בשני התיקים הנשק מוחזק באופן מוסתר — ברכב או בבית. אופן ההחזקה דומה מבחינת ההסתרה, אך שונה מבחינת המיקום.
4. **נסיבות הליבה**: בשני המקרים אין תחמושת, הנשק תקין, ולא נעשה בו שימוש. עם זאת, תיק 2 כולל תכנון מראש, בניגוד לתיק 1.
5. **ישימות כתקדים**: בית משפט עשוי לראות את שני התיקים כרלוונטיים זה לזה, משום ששניהם עוסקים בהחזקת נשק ללא שימוש או תחמושת. עם זאת, ההבדל בנסיבות (תכנון, מיקום) עשוי להשפיע על גזר הדין.

SIMILARITY_SCORE: 70","ok",""
"ME-16-11-69158-529","ME-16-10-12213-904",1,0,0,"{""אופן החזקת הנשק"": ""ברכב, מוסלק - מוסתר, סמוך לבית"", ""כמות תחמושת"": ""מחסנית"", ""מטרה-סיבת העבירה"": ""חתונה"", ""מספר עבירה"": ""144 ב"", ""סוג הנשק [תת מקלע]"": 1.0, ""סוג עבירה"": ""נשיאת נשק"", ""סטטוס הנשק"": ""נשק עם כדור בקנה"", ""עבירות נוספות"": ""ירי באזור מגורים"", ""שימוש"": ""כן,ירי"", ""תכנון"": ""כן"", ""סוג תחמושת"": ""9 מ\""מ"", ""מיקום האירוע"": ""רחבת בית משפחת ג'בארה, טייבה"", ""זמן האירוע"": ""21:00"", ""מיקום החזקת הנשק לפני השימוש"": ""טמון באדמה"", ""מיקום החזקת הנשק לאחר השימוש"": ""מתחת למושב הנהג ובשקית מתחת למושב סמוך"", ""סוג האירוע"": ""משפחתי""}","{""סוג רכב"": ""סובארו"", ""בעלות על הרכב"": ""רשום על שם אחיו, מג'ד"", ""מיקום החזקת הנשק"": ""מתחת לכיסא הנוסע שליד הנהג"", ""מיקום המחסנית"": ""מתחת לכיסא הנוסע שליד הנהג"", ""מקום מגורים"": ""אום-אל-פחם"", ""מקום החזקת הנשק"": ""בית אמו"", ""סוג התחמושת"": ""כדור 9 מ\""מ"", ""מקום התפיסה"": ""במוסך במורד הרחוב"", ""מספר עבירה"": ""144 ב"", ""סוג עבירה"": ""נשיאת נשק"", ""סוג הנשק [תת מקלע מאולתר]"": 1.0, ""סטטוס הנשק"": ""נשק מופרד מתחמושת"", ""תכנון"": ""כן"", ""אופן החזקת הנשק"": ""ברכב, מוסלק - מוסתר"", ""אופן קבלת הנשק"": ""מצא"", ""כמות תחמושת"": ""מחסנית ריקה ובה 0 כדורים + 1 כדור"", ""שימוש"": ""לא""}",70.0,"1. **סוג העבירה וחומרתה**: שני התיקים עוסקים בעבירת נשיאת נשק לפי סעיף 144(ב) לחוק העונשין, והם דומים בחומרת העבירה. עם זאת, יש הבדל בשימוש בנשק - נעשה שימוש בנשק בתיק 1, אך לא בתיק 2.

2. **תפקיד הנאשם ומעורבותו**: בשני התיקים הנאשם הואשם בנשיאת נשק, אך בתיק 1 הנאשם השתמש בנשק בירי, מה שמעיד על מעורבות פעילה יותר.

3. **שיטת הביצוע (MO)**: שני התיקים כוללים החזקת נשק מוסלק ומוסתר ברכב. עם זאת, בתיק 1 הנשק היה טמון באדמה לפני השימוש, ואילו בתיק 2 הוא הוחזק בבית אמו והיה ברשותו ברכב.

4. **נסיבות הליבה**: בתיק 1, הנשק היה עם כדור בקנה, נעשה בו שימוש, והייתה כוונה תחילה. בתיק 2, הנשק היה מופרד מהתחמושת, לא נעשה בו שימוש, אך הייתה כוונה תחילה. כמות התחמושת בשני התיקים שונה - מחסנית מלאה בתיק 1 לעומת מחסנית ריקה וכדור אחד בתיק 2.

5. **ישימות כתקדים**: בית המשפט עשוי לראות את שני התיקים כרלוונטיים זה לזה, שכן שניהם עוסקים בנשיאת נשק לפי סעיף 144(ב), אך ההבדלים בשימוש בנשק ונסיבות אחרות עשויים להשפיע על קביעת העונש.

SIMILARITY_SCORE: 70","ok",""
"ME-16-03-59260-279","ME-16-08-54879-35",2,0,1,"{""מיקום החזקת הנשק"": ""חנות דגים, רחוב נווה שאנן 37, תל-אביב"", ""סוג האקדח"": ""גלוק"", ""צבע האקדח"": ""שחור"", ""מספר רישום האקדח"": ""F.V.458"", ""זמן האירוע"": ""23.3.16, סמוך לשעה 7:30"", ""מיקום הירי"": ""רחוב התחייה 19, תל אביב-יפו"", ""סוג הרכב"": ""מרצדס"", ""מיקום נוסף"": ""רחוב המנוע 2, תל אביב-יפו"", ""מספר עבירה"": ""144 א, 144 ב"", ""סוג עבירה"": ""החזקה נשק, נשיאת נשק"", ""סוג הנשק [אקדח]"": 1.0, ""סטטוס הנשק"": ""נשק עם מחסנית בהכנס"", ""תכנון"": ""כן"", ""אופן החזקת הנשק"": ""ברכב, מחסן"", ""כמות תחמושת"": ""מחסנית ובה 14 כדורים"", ""מטרה-סיבת העבירה"": ""סכסוך"", ""שימוש"": ""לא""}","{""אופן החזקת הנשק"": ""על גופו, סמוך לבית"", ""כמות תחמושת"": ""מחסנית ובה 7 כדורים"", ""מספר עבירה"": ""144 ב"", ""סוג הנשק [תת מקלע מאולתר]"": 1.0, ""סוג עבירה"": ""נשיאת נשק, הובלת נשק"", ""סטטוס הנשק"": ""נשק מופרד מתחמושת"", ""תכנון"": ""לא"", ""תאריך האירוע"": ""17.8.16"", ""שעת האירוע"": ""סמוך לשעה 11:00"", ""מיקום האירוע"": ""רחוב ברזילי 12, חיפה"", ""קוטר הנשק"": ""9 מ\""מ"", ""כוח הכדור"": ""בכוחו להמית אדם"", ""מצב הנשק"": ""נשק מאולתר"", ""הודאת הנאשם"": ""הנאשם הודה בעובדות כתב האישום"", ""שימוש"": ""לא""}",40.0,"1. **סוג העבירה וחומרתה** — שני התיקים עוסקים בעבירות נשק חמור (סעיף 144 לחוק העונשין), אך תיק 1 כולל גם החזקה (144א) וגם נשיאה (144ב), בעוד שתיק 2 כולל רק נשיאה/הובלה (144ב). חומרת העבירה בשני התיקים דומה בשל הימצאות תחמושת, אך השוני בסעיפים מקטין את הדמיון.

2. **תפקיד הנאשם ומעורבותו** — בשני התיקים הנאשמים מעורבים באופן ישיר בהחזקה/נשיאה, אך אין מידע מפורש על תפקידם ביזימת העבירה. אין הבדל מהותי במידת המעורבות.

3. **שיטת הביצוע (MO)** — בשני המקרים הנשק הוחזק/נישא באופן לא חוקי. תיק 1 כולל החזקה ברכב ובמחסן, בעוד שתיק 2 כולל החזקה על הגוף. אמצעי האחזקה שונים.

4. **נסיבות הליבה** — שני התיקים כוללים נשק עם תחמושת, אך בכמויות שונות (14 כדורים לעומת 7 כדורים). בשניהם לא נעשה שימוש בנשק. תיק 1 כולל תכנון מראש, בניגוד לתיק 2.

5. **ישימות כתקדים** — בית המשפט עשוי לראות את שני התיקים כרלוונטיים זה לזה במידה מסוימת בשל העבירות הדומות, אך ההבדלים בסעיפים, בכמות התחמושת ובנסיבות (תכנון מראש) מקטינים את הדמיון.

SIMILARITY_SCORE: 40","ok",""
"SH-18-07-52337-770","SH-16-11-7544-55",3,1,1,"{""אופן החזקת הנשק"": ""בבית, מוסלק - מוסתר"", ""אופן קבלת הנשק"": ""מאחר"", ""מספר עבירה"": ""144 א"", ""סוג הנשק [תת מקלע מאולתר]"": 1.0, ""סוג עבירה"": ""החזקה נשק"", ""סטטוס הנשק"": ""תקין"", ""תכנון"": ""לא"", ""תאריך המעצר"": ""15.07.18"", ""מיקום המעצר"": ""בית הנאשם, רהט"", ""משך זמן החזקת הנשק לפני המעצר"": ""עשרה ימים"", ""זהות מסר הנשק"": ""לא ידועה"", ""שימוש"": ""לא"", ""כמות תחמושת"": ""ללא""}","{""אופן החזקת הנשק"": ""על גופו"", ""כמות תחמושת"": ""מחסנית ובה 10 כדורים"", ""מספר עבירה"": ""144 א"", ""סוג הנשק [תת מקלע מאולתר]"": 1.0, ""סוג עבירה"": ""החזקה נשק"", ""סטטוס הנשק"": ""נשק מופרד מתחמושת"", ""תכנון"": ""לא"", ""תאריך האירוע"": ""26.10.16"", ""מיקום האירוע"": ""מחלף להב-שומריה, כביש 6 לכוון צפון"", ""סוג הרכב"": ""רכב פרטי"", ""זיהוי הנאשם"": ""על ידי שוטר"", ""שם השוטר"": ""מיכאל אדרי"", ""קוטר הקליעים"": ""9 מ\""מ"", ""שימוש"": ""לא""}",60.0,"להלן הניתוח לפי הממדים השונים:

1. **סוג העבירה וחומרתה**:
שני התיקים עוסקים בעבירת החזקת נשק לפי סעיף 144(א) ומדובר באותו סוג עבירה. חומרת העבירה דומה משום ששני הנאשמים החזיקו בנשק מאותו סוג (תת-מקלע מאולתר). 
2. **תפקיד הנאשם ומעורבותו**:
שני הנאשמים מואשמים בהחזקת נשק, ללא עדות למעורבות נוספת או לתפקיד שונה. אין הבדל משמעותי בתפקידם.
3. **שיטת הביצוע (MO)**:
שני המקרים כוללים החזקת נשק ללא שימוש בו. אופן החזקת הנשק שונה — האחד בביתו והשני על גופו ברכב. 
4. **נסיבות הליבה**:
תיק 1 כולל החזקת נשק ללא תחמושת, ואילו תיק 2 כולל החזקת נשק עם מחסנית מלאה בתחמושת (10 כדורים). הבדל זה משפיע על חומרת העבירה.
5. **ישימות כתקדים**:
הדמיון בין התיקים מוגבל בשל הבדלים בנסיבות החזקת הנשק ונוכחות תחמושת. בית המשפט עשוי לראות את שני התיקים כקשורים אך לא זהים.

SIMILARITY_SCORE: 60","ok",""
"ME-16-06-42987-901","ME-12-03-13401-281",1,0,0,"{""אופן קבלת הנשק"": ""מאחר"", ""כמות תחמושת"": ""כדור"", ""מטרה-סיבת העבירה"": ""סכסוך"", ""מספר עבירה"": ""144 ב"", ""סוג הנשק - אם לא נמצא בטבלה"": ""כלי נשק מאולתר"", ""סוג הנשק [רימון הלם/גז]"": 4.0, ""סוג עבירה"": ""נשיאת נשק"", ""סטטוס הנשק"": ""נשק עם כדור בקנה"", ""עבירות נוספות"": ""איומים לפי סעיף 192 לחוק; חבלה מחמירה לפי סעיף 329(א)(2) לחוק וניסיון תקיפה בנסיבות מחמירות לפי סעיפים 382(א) + 25 לחוק העונשין. חמש עבירות של סחר בסמים לפי סעיפים 13+19א' לפקודת הסמים המסוכנים [נוסח חדש] תשל\""ג-1973 ובעבירה אחת של החזקת סם שלא לשימוש עצמי לפי סעיפים 7(א) + 7(ג) רישא לפקודה זו.עבירה של גניבה לפי סעיף 384 לחוק העונשין."", ""שימוש"": ""ניסיון לירי ללא הצלחה, זריקת רימון"", ""תכנון"": ""כן"", ""מקום האירוע"": ""שכונת גילה, ירושלים"", ""סוג הרימון"": ""רימון הלם"", ""תאריך האירוע"": ""לא צוין במפורש"", ""שותפים לעבירה"": ""אמיר סלמה"", ""סוג הסם בתיק הסמים"": ""חשיש"", ""כמות הסם"": ""גרמים בודדים"", ""מחיר הסם"": ""בין 100 ל-400 ש\""ח"", ""זמן המכירות"": ""מאי ויוני 2016"", ""סוג הפריט הגנוב"": ""אופניים חשמליים"", ""שווי הפריט הגנוב"": ""3,000 ש\""ח"", ""תאריך הגניבה"": ""17.5.16""}","{""אופן החזקת הנשק"": ""ברכב"", ""כמות תחמושת"": ""2 מחסניות ובהן כדורים, 11 כדורים"", ""מספר עבירה"": ""144 א, 144 ב"", ""סוג הנשק [אקדח]"": 1.0, ""סוג עבירה"": ""החזקה נשק, נשיאת נשק, הובלת נשק"", ""סטטוס הנשק"": ""נשק עם כדור בקנה"", ""עבירות נוספות"": ""יריות באזור מגורים - עבירה לפי סעיף 340א לחוק."", ""שימוש"": ""כן,ירי"", ""תכנון"": ""לא"", ""סוג הנשק"": ""אקדח CZ קליבר 9 מ\""מ"", ""מקום האירוע"": ""רחוב שיבת ציון, חיפה"", ""זמן האירוע"": ""ליל 25-26.2.12, סמוך לשעה 00:38"", ""מקור הנשק"": ""נגנב בהתפרצות לבית ביישוב ציפורי ב-3.2.12"", ""זמן המעצר"": ""סמוך לשעה 1:50"", ""מקום המעצר"": ""ברכב על ידי שוטרים""}",40.0,"**ניתוח דמיון מהותי בין שני תיקים פליליים**

### 1. סוג העבירה וחומרתה
שני התיקים עוסקים בעבירות נשק חמורות, כאשר תיק 1 מתמקד בנשיאת נשק (144 ב') ותיק 2 כולל הן החזקה (144 א') והן נשיאה (144 ב'). חומרת העבירות דומה בשל מעורבות נשק חם ותחמושת. עם זאת, תיק 2 כולל גם הובלת נשק.

### 2. תפקיד הנאשם ומעורבותו
בשני התיקים הנאשמים מעורבים באופן ישיר בעבירות הנשק. בתיק 1 הנאשם הואשם בנשיאת נשק מאולתר ושימוש בו, ובתיק 2 הנאשם הואשם בהחזקה, נשיאה והובלה של אקדח. המעורבות בשני המקרים פעילה.

### 3. שיטת הביצוע (MO)
תיק 1 כולל נשיאת נשק מאולתר (רימון הלם) ושימוש בו בניסיון לירי וזריקת רימון. תיק 2 כולל החזקה, נשיאה והובלה של אקדח עם תחמושת וירי. שני התיקים כוללים שימוש בנשק, אך סוג הנשק והנסיבות שונות.

### 4. נסיבות הליבה
בתיק 1, הנאשם השתמש בנשק (רימון הלם) במסגרת סכסוך, עם כמות תחמושת מוגבלת (כדור אחד). בתיק 2, הנאשם החזיק, נשא והוביל אקדח עם תחמושת רבה יותר (2 מחסניות ו-11 כדורים) ושימוש בנשק. שני המקרים כוללים נשק עם כדור בקנה, אך היקף התחמושת והשימוש בנשק שונים.

### 5. ישימות כתקדים
למרות שישנם קווי דמיון מסוימים בין שני התיקים, כגון מעורבות בנשק חם ותחמושת, ישנם גם הבדלים משמעותיים. תיק 1 מתמקד בנשיאת נשק מאולתר במסגרת סכסוך, בעוד שתיק 2 כולל החזקה, נשיאה והובלה של אקדח עם תחמושת רבה יותר. ההבדלים בנסיבות ובסוג הנשק מקשים על השימוש בתיק אחד כתקדים ישיר לשני.

SIMILARITY_SCORE: 40","ok",""
"SH-20-02-52091-995","SH-16-11-7544-55",3,1,1,"{""אופן החזקת הנשק"": ""בבית"", ""כמות תחמושת"": ""20 כדורים"", ""מספר עבירה"": ""144 א"", ""סוג הנשק [תת מקלע מאולתר]"": 1.0, ""סוג עבירה"": ""החזקה נשק"", ""סטטוס הנשק"": ""נשק מופרד מתחמושת"", ""תכנון"": ""לא"", ""סוג הנשק"": ""תת מקלע מאולתר 9 מ\""מ"", ""מיקום החזקת הנשק"": ""ארון במטבח"", ""מיקום הבית"": ""שבט אלאעצם"", ""תאריך החזקת הנשק"": ""מיום 14.02.20"", ""תאריך התגלית"": ""16.02.20"", ""שעת התגלית"": ""סמוך לשעה 15:00"", ""סוג הפעילות המשטרתית"": ""חיפוש יזום"", ""שימוש"": ""לא""}","{""אופן החזקת הנשק"": ""על גופו"", ""כמות תחמושת"": ""מחסנית ובה 10 כדורים"", ""מספר עבירה"": ""144 א"", ""סוג הנשק [תת מקלע מאולתר]"": 1.0, ""סוג עבירה"": ""החזקה נשק"", ""סטטוס הנשק"": ""נשק מופרד מתחמושת"", ""תכנון"": ""לא"", ""תאריך האירוע"": ""26.10.16"", ""מיקום האירוע"": ""מחלף להב-שומריה, כביש 6 לכוון צפון"", ""סוג הרכב"": ""רכב פרטי"", ""זיהוי הנאשם"": ""על ידי שוטר"", ""שם השוטר"": ""מיכאל אדרי"", ""קוטר הקליעים"": ""9 מ\""מ"", ""שימוש"": ""לא""}",70.0,"1. **סוג העבירה וחומרתה** — שני התיקים עוסקים בעבירה לפי סעיף 144(א) לחוק העונשין, שעניינו החזקת נשק ללא רישיון. חומרת העבירה דומה בשני המקרים מאחר והם מתייחסים לאותו סעיף בחוק. 
2. **תפקיד הנאשם ומעורבותו** — בשני התיקים הנאשמים מואשמים בהחזקת נשק, אך יש הבדל במיקום ההחזקה — האחד החזיק בביתו והשני על גופו ברכב. מעורבותם דומה בכך שהם החזיקו בנשק ללא רישיון.
3. **שיטת הביצוע (MO)** — בשני המקרים הנשק היה מופרד מהתחמושת, ומדובר בתת-מקלע מאולתר. עם זאת, מיקום ההחזקה שונה — ארון במטבח בבית לעומת על גופו ברכב.
4. **נסיבות הליבה** — בשני התיקים לא היה שימוש בנשק ולא היה תכנון מראש. כמות התחמושת דומה בסדר גודל (20 כדורים לעומת מחסנית של 10 כדורים). 
5. **ישימות כתקדים** — בית המשפט עשוי לראות את שני התיקים כרלוונטיים זה לזה לצורכי ענישה בשל הדמיון בעבירה, בסוג הנשק ובנסיבות (למשל, אי שימוש בנשק). עם זאת, ישנם הבדלים בנסיבות ההחזקה שיכולים להשפיע על חומרת הענישה.

SIMILARITY_SCORE: 70","ok",""
"SH-14-02-28659-762","SH-16-05-42991-439",2,0,1,"{""מיקום החזקת הנשק"": ""עליית גג של המקלחת"", ""משך זמן החזקת הנשק"": ""כשנתיים"", ""תאריך תחילת החזקת הנשק"": ""11.2.12"", ""מיקום הבית"": ""עזריה"", ""סוג הנשק המדויק"": ""קרל גוסטב"", ""מספר עבירה"": ""144 א"", ""סוג עבירה"": ""החזקה נשק"", ""סטטוס הנשק"": ""נשק מופרד מתחמושת"", ""תכנון"": ""לא"", ""אופן החזקת הנשק"": ""בבית, מוסלק - מוסתר"", ""כמות תחמושת"": ""מחסנית וכדורים"", ""מטרה-סיבת העבירה"": ""הגנה עצמית"", ""שימוש"": ""לא"", ""סוג הנשק [תת מקלע מאולתר]"": 1.0}","{""דגם הנשק"": ""בראונינג"", ""קליבר התחמושת"": ""9 מ\""מ"", ""התערבות צד שלישי"": ""נאשמת 2 ניסתה להעלים את הנשק"", ""אופן ההעלמה"": ""הסלקת הנשק מתחת לחצאית"", ""מספר עבירה"": ""144 א"", ""סוג עבירה"": ""החזקה נשק"", ""עבירות נוספות"": ""שיבוש הליכי משפט, לפי סעיף 244 לחוק"", ""סוג הנשק [אקדח]"": 1.0, ""סטטוס הנשק"": ""נשק עם מחסנית בהכנס"", ""תכנון"": ""כן"", ""אופן החזקת הנשק"": ""בבית, מוסלק - מוסתר"", ""כמות תחמושת"": ""מחסנית ובה 13 כדורים"", ""מטרה-סיבת העבירה"": ""סכסוך"", ""שימוש"": ""לא""}",60.0,"1. **סוג העבירה וחומרתה**: שני התיקים עוסקים בעבירת החזקת נשק לפי סעיף 144(א) לחוק, אך סוג הנשק שונה (תת-מקלע מאולתר לעומת אקדח). החומרה דומה משום ששניהם נשק חם, אך סוג העבירה זהה.

2. **תפקיד הנאשם ומעורבותו**: בשני התיקים הנאשם הוא המחזיק בנשק, ללא עדות למעורבות נוספת כמו סחר או שימוש. המעורבות היא פסיבית, אך יש הבדל בנסיבות — האחד החזיק לצורך הגנה עצמית והשני עקב סכסוך.

3. **שיטת הביצוע (MO)**: שני התיקים כוללים החזקת נשק בבית בצורה מוסתרת. אין דפוס פעולה מורכב או שימוש בנשק.

4. **נסיבות הליבה**: בשני המקרים הנשק היה מוסתר בבית. בתיק הראשון הנשק היה מופרד מהתחמושת, ואילו בשני הנשק היה עם מחסנית מוכנסת. כמו כן, יש הבדל בכמות התחמושת ובמטרת החזקת הנשק (הגנה עצמית לעומת סכסוך).

5. **ישימות כתקדים**: בית המשפט עשוי לראות את שני התיקים כרלוונטיים זה לזה בשל הדמיון בסוג העבירה (החזקה לפי 144(א)) ואופן ההחזקה (מוסתר בבית). עם זאת, ההבדלים בנסיבות (מטרת ההחזקה, סטטוס הנשק ביחס לתחמושת) עשויים להשפיע על מידת הדמיון.

SIMILARITY_SCORE: 60","ok",""
"ME-14-10-31218-522","ME-17-05-35227-215",1,0,0,"{""אופן החזקת הנשק"": ""על גופו"", ""מספר עבירה"": ""144 א"", ""סוג הנשק [רימון הלם/גז]"": 1.0, ""סוג עבירה"": ""החזקה נשק"", ""סטטוס הנשק"": ""תקין"", ""שימוש"": ""זריקת רימון"", ""תכנון"": ""לא"", ""שנת לידה"": 1983, ""תאריך האירוע"": ""29/5/14"", ""שעת האירוע"": ""02:45"", ""מיקום האירוע"": ""בית ד\""ר אמון חסן, דיר אל אסד"", ""סוג הרימון"": ""M7290"", ""צבע הרימון"": ""שחור"", ""פס כתוב על הרימון"": ""כן"", ""מספר סידורי של הרימון"": ""E386201"", ""פוטנציאל נזק"": ""גרימת פגיעה גופנית"", ""מיקום פיצוץ הרימון"": ""מרפסת בית המתלונן"", ""השפעת הפיצוץ"": ""קול נפץ עז שהעיר אנשים"", ""כמות תחמושת"": ""ללא""}","{""אופן החזקת הנשק"": ""ברכב"", ""כמות תחמושת"": ""מחסנית"", ""מספר עבירה"": ""144 ב"", ""סוג הנשק [תת מקלע מאולתר]"": 1.0, ""סוג עבירה"": ""נשיאת נשק, הובלת נשק"", ""סטטוס הנשק"": ""נשק עם מחסנית בהכנס"", ""תכנון"": ""כן"", ""תאריך העבירה"": ""7 במאי 2017"", ""שעת העבירה"": ""צהריים"", ""סוג הרכב"": ""אופנוע"", ""דגם הרכב"": ""קואנג יאנג טיו"", ""הודאה בעבירה"": ""הודה"", ""סעיף העבירה"": ""144(ב) רישא וסיפא"", ""שנת החוק"": ""1977"", ""שימוש"": ""לא""}",20.0,"1. **סוג העבירה וחומרתה**: שני התיקים עוסקים בעבירות נשק, אך סוג העבירה שונה - תיק 1 מתייחס להחזקת נשק (סעיף 144(א)) ואילו תיק 2 מתייחס לנשיאה והובלת נשק (סעיף 144(ב)). חומרת העבירה ב-144(ב) נחשבת לחמורה יותר.

2. **תפקיד הנאשם ומעורבותו**: בשני התיקים הנאשם הוא המחזיק/נושא הנשק, אך אופן החזקת הנשק שונה - על הגוף (תיק 1) לעומת ברשות/ברכב (תיק 2). המעורבות בשני המקרים היא פעילה.

3. **שיטת הביצוע (MO)**: אופן החזקת הנשק שונה בין שני התיקים - על גופו (תיק 1) לעומת ברכב (תיק 2). סוג הנשק שונה גם כן - רימון (תיק 1) לעומת תת-מקלע מאולתר (תיק 2).

4. **נסיבות הליבה**: בשני התיקים הנשק היה תקין/פעיל. תיק 1 כולל שימוש בנשק (זריקת רימון) ואילו תיק 2 לא. כמו כן, תיק 2 כולל כמות תחמושת משמעותית (מחסנית) בניגוד לתיק 1 (""ללא""). תיק 2 מעיד על תכנון מראש.

5. **ישימות כתקדים**: בהינתן ההבדלים בסעיפי העבירה (144(א) לעומת 144(ב)), בית המשפט לא יראה את תיק 1 כתקדים ישיר לתיק 2, במיוחד בשל חומרת העבירה הגבוהה יותר ב-144(ב) והנסיבות השונות.

SIMILARITY_SCORE: 20","ok",""
"SH-16-11-7544-55","SH-15-03-49530-992",3,1,1,"{""אופן החזקת הנשק"": ""על גופו"", ""כמות תחמושת"": ""מחסנית ובה 10 כדורים"", ""מספר עבירה"": ""144 א"", ""סוג הנשק [תת מקלע מאולתר]"": 1.0, ""סוג עבירה"": ""החזקה נשק"", ""סטטוס הנשק"": ""נשק מופרד מתחמושת"", ""תכנון"": ""לא"", ""תאריך האירוע"": ""26.10.16"", ""מיקום האירוע"": ""מחלף להב-שומריה, כביש 6 לכוון צפון"", ""סוג הרכב"": ""רכב פרטי"", ""זיהוי הנאשם"": ""על ידי שוטר"", ""שם השוטר"": ""מיכאל אדרי"", ""קוטר הקליעים"": ""9 מ\""מ"", ""שימוש"": ""לא""}","{""אופן החזקת הנשק"": ""מוסלק - מוסתר, סמוך לבית"", ""כמות תחמושת"": ""2 מחסניות"", ""מספר עבירה"": ""144 א"", ""סוג הנשק [תת מקלע מאולתר]"": 1.0, ""סוג עבירה"": ""החזקה נשק"", ""סטטוס הנשק"": ""נשק עם מחסנית בהכנס"", ""תכנון"": ""לא"", ""תאריך התחלת העבירה"": ""5.3.2015"", ""תאריך סיום העבירה"": ""11.3.2015"", ""מיקום החזקת הנשק"": ""גג מחסן סמוך לבית"", ""מקום מגורים"": ""ג'לג'וליה"", ""סוג הרובה"": ""קרל גוסטב"", ""קוטר כדורים במחסנית ראשונה"": ""לא צוין"", ""קוטר כדורים במחסנית שנייה"": ""9 מ\""מ"", ""קוטר כדורים בתפזורת"": ""5.56 מ\""מ"", ""שימוש"": ""לא""}",75.0,"להלן הניתוח לפי הממדים השונים:

1. **סוג העבירה וחומרתה**: שני התיקים עוסקים בעבירת החזקת נשק לפי סעיף 144(א) לחוק העונשין, והן נחשבות לחמורות. הדמיון בעבירה ובחומרתה הוא גבוה.
2. **תפקיד הנאשם ומעורבותו**: בשני התיקים הנאשם הוא המחזיק בנשק, ללא עדות למעורבות נוספת כגון סחר או שימוש. הדמיון בתפקיד ומעורבות הוא גבוה.
3. **שיטת הביצוע (MO)**: שני המקרים כוללים החזקת נשק בלתי חוקי, אך שיטת ההחזקה שונה - על גופו (תיק 1) לעומת מוסלק סמוך לבית (תיק 2). עם זאת, בשני המקרים הנשק לא נישא באופן גלוי. הדמיון הוא בינוני.
4. **נסיבות הליבה**: שני התיקים כוללים נשק מסוג תת-מקלע מאולתר ותחמושת בקוטר 9 מ""מ. עם זאת, יש הבדל בכמות התחמושת ובסטטוס הנשק (מופרד מתחמושת לעומת עם מחסנית בהכנס). הדמיון הוא בינוני-גבוה.
5. **ישימות כתקדים**: בהתחשב בדמיון בין שני התיקים בעבירה, בחומרתה, בתפקיד הנאשם, ובנסיבות מסוימות, סביר שבית המשפט יראה אותם כרלוונטיים זה לזה לצורכי ענישה.

SIMILARITY_SCORE: 75","ok",""
"ME-16-11-13999-863","ME-21-10-18557-340",1,0,0,"{""אופן החזקת הנשק"": ""ברכב"", ""כמות תחמושת"": ""2 מחסניות"", ""מספר עבירה"": ""144 א, 144 ב"", ""סוג הנשק [אקדח]"": 1.0, ""סוג עבירה"": ""החזקה נשק, נשיאת נשק, הובלת נשק"", ""סטטוס הנשק"": ""נשק עם מחסנית בהכנס"", ""תכנון"": ""לא"", ""סוג הרכב"": ""מאזדה"", ""שותף לעבירה"": ""זבידאת סלאמה"", ""מיקום האירוע"": ""מסכנין לראמה"", ""זמן האירוע"": ""26.10.16 סמוך לשעה 20.00"", ""סוג האקדח"": ""STAR"", ""קליבר האקדח"": ""9 מ\""מ פאראבלום"", ""מספר כדורים במחסנית"": ""לא צוין מספר מדויק"", ""תיאור המעשה"": ""נסיעה לכיוון מחסום משטרתי, נסיעה לתוך תחנת דלק, נסיעה לכיוון היציאה מתחנת הדלק"", ""תגובה למחסום משטרתי"": ""פנייה לתוך תחנת דלק והמשך נסיעה"", ""שימוש"": ""לא""}","{""אופן החזקת הנשק"": ""ברכב, על גופו"", ""כמות תחמושת"": ""מחסנית + 2 כדורים"", ""מטרה-סיבת העבירה"": ""סכסוך"", ""מספר עבירה"": ""144 א, 144 ב"", ""סוג הנשק [תת מקלע מאולתר]"": 1.0, ""סוג עבירה"": ""החזקה נשק, נשיאת נשק, הובלת נשק"", ""סטטוס הנשק"": ""נשק עם כדור בקנה"", ""עבירות נוספות"": ""ירי מנשק חם"", ""שימוש"": ""כן,ירי"", ""תכנון"": ""לא"", ""סוג רכב הנאשם"": ""מאזדה בצבע כחול"", ""מיקום האירוע"": ""כפר אבו סנאן"", ""זמן האירוע"": ""16.9.2021, סמוך לשעה 19:00"", ""סוג רכב המטרה"": ""מאזדה לבנה"", ""מעורבים נוספים"": ""ג'יהאד סואעד, מוחמד פעאור"", ""כוונת הירי"": ""להפחיד או להקניט"", ""מיקום ישיבת הנאשם ברכב"": ""מושב נוסע"", ""מיקום ישיבת ג'יהאד ברכב"": ""מושב נהג"", ""מיקום ישיבת א' במאזדה"": ""מושב נוסע ליד הנהג"", ""מיקום ישיבת מוחמד פעאור במאזדה"": ""מושב נהג"", ""סוג הכדורים"": ""קליבר 9 מ\""מ"", ""סוג המחסנית"": ""מחסנית תואמת לתת מקלע"", ""מיקום הירי"": ""באזור מגורים"", ""סכנה פוטנציאלית"": ""סכנה לחיי אדם""}",40.0,"1. **סוג העבירה וחומרתה** — שני התיקים עוסקים בעבירות נשק חמור (סעיפים 144א ו-144ב), אך תיק 2 כולל גם ירי מנשק חם, מה שמעלה את חומרת העבירה. 
2. **תפקיד הנאשם ומעורבותו** — בשני התיקים הנאשם היה מעורב בנשיאת/הובלת נשק, אך בתי""ס 2 הנאשם ישב במושב הנוסע וירי הנשק, מה שמעיד על מעורבות פעילה יותר. 
3. **שיטת הביצוע (MO)** — שני התיקים כוללים החזקת נשק ברכב, אך תיק 2 כולל גם ירי מהרכב, מה שמצביע על דפוס שונה. 
4. **נסיבות הליבה** — שני התיקים כוללים נשק חם עם תחמושת, אך תיק 2 כולל שימוש בנשק וסכנה מוגברת לחיי אדם. 
5. **ישימות כתקדים** — בית המשפט עשוי לראות את שני התיקים כרלוונטיים חלקית זה לזה, אך ההבדלים בנסיבות (ירי בניגוד לחוסר שימוש בנשק) מצמצמים את הדמיון.

SIMILARITY_SCORE: 40","ok",""
"ME-16-10-12213-904","ME-16-01-189-123",3,1,1,"{""סוג רכב"": ""סובארו"", ""בעלות על הרכב"": ""רשום על שם אחיו, מג'ד"", ""מיקום החזקת הנשק"": ""מתחת לכיסא הנוסע שליד הנהג"", ""מיקום המחסנית"": ""מתחת לכיסא הנוסע שליד הנהג"", ""מקום מגורים"": ""אום-אל-פחם"", ""מקום החזקת הנשק"": ""בית אמו"", ""סוג התחמושת"": ""כדור 9 מ\""מ"", ""מקום התפיסה"": ""במוסך במורד הרחוב"", ""מספר עבירה"": ""144 ב"", ""סוג עבירה"": ""נשיאת נשק"", ""סוג הנשק [תת מקלע מאולתר]"": 1.0, ""סטטוס הנשק"": ""נשק מופרד מתחמושת"", ""תכנון"": ""כן"", ""אופן החזקת הנשק"": ""ברכב, מוסלק - מוסתר"", ""אופן קבלת הנשק"": ""מצא"", ""כמות תחמושת"": ""מחסנית ריקה ובה 0 כדורים + 1 כדור"", ""שימוש"": ""לא""}","{""אופן החזקת הנשק"": ""ברכב, מוסלק - מוסתר"", ""אופן קבלת הנשק"": ""רכש"", ""כמות תחמושת"": ""מחסנית ריקה ובה 0 כדורים + 50 כדורים"", ""מטרה-סיבת העבירה"": ""ציד"", ""מספר עבירה"": ""144 א, 144 ב"", ""סוג הנשק [תת מקלע מאולתר]"": 1.0, ""סוג עבירה"": ""נשיאת נשק, הובלת נשק, רכישת נשק"", ""סטטוס הנשק"": ""נשק מופרד מתחמושת"", ""עבירות נוספות"": ""קשירת קשר לסחר בסם מסוכן"", ""תכנון"": ""לא"", ""סוג הסם"": ""אקסטזי"", ""כמות הסם המבוקשת"": ""20-30 כדורים"", ""מחיר לכדור ברכישה קטנה"": ""50 ₪"", ""מחיר לכדור ברכישה גדולה"": ""35 ₪"", ""כמות כדורים ברכישה גדולה"": ""100 כדורים"", ""מיקום העבירה הראשונה"": ""לא ידוע"", ""מיקום העבירה השנייה"": ""טול-כרם"", ""מיקום המעצר"": ""מחסום תאנים"", ""זמן המעצר"": ""21:25"", ""סוג הנשק המדויק"": ""תת-מקלע מאולתר קרלו"", ""סוג התחמושת"": ""9 מ\""מ"", ""כמות התחמושת"": ""50 כדורים"", ""שימוש"": ""לא""}",55.0,"להלן הניתוח הממצה של שני התיקים הנדונים:

1. **סוג העבירה וחומרתה**:
שני התיקים עוסקים בעבירות נשק חמורות, כאשר בשניהם מדובר בנשיאת/הובלת נשק תוך שימוש בנשק מסוג תת-מקלע מאולתר. עם זאת, תיק 2 כולל עבירות נוספות הקשורות לסמים, מה שמוסיף לחומרתו. דמיון חלקי בגלל עבירות הנשק המשותפות.

2. **תפקיד הנאשם ומעורבותו**:
בשני התיקים הנאשם הואשם בנשיאת/הובלת נשק, אך אופן רכישת הנשק שונה - ""מצא"" בתיק 1 לעומת ""רכש"" בתיק 2. מעורבותו של הנאשם בתיק 2 כוללת גם עבירות סמים, מה שמעיד על מעורבות פלילית רחבה יותר. דמיון חלקי בלבד.

3. **שיטת הביצוע (MO)**:
שני התיקים כוללים החזקת נשק מוסלק ברכב, והנשק מופרד מהתחמושת. עם זאת, נסיבות הרכישה והמטרה שונות. דמיון מסוים בשיטת ההחזקה.

4. **נסיבות הליבה**:
הדמיון קיים בסוג הנשק (תת-מקלע מאולתר) ובסטטוס הנשק (מופרד מתחמושת). כמות התחמושת שונה משמעותית בין התיקים (1 כדור בתיק 1 לעומת 50 כדורים בתיק 2). הבדל משמעותי בכמות התחמושת.

5. **ישימות כתקדים**:
למרות הדמיון בסוג העבירה ובשיטת ההחזקה, ההבדלים בנסיבות (כמות תחמושת, מעורבות בעבירות נוספות) מקשים על השימוש בתיק אחד כתקדים ישיר לשני. עם זאת, הדמיון בעבירת נשיאת הנשק מאפשר שימוש חלקי כתקדים.

SIMILARITY_SCORE: 55","ok",""
"SH-15-12-65958-120","ME-16-05-9983-155",2,0,1,"{""אופן החזקת הנשק"": ""בבית, מוסלק - מוסתר"", ""כמות תחמושת"": ""מחסנית ובה 8 כדורים + מחסנית ובה 15 כדורים + מחסנית ריקה ובה 0 כדורים + מחסנית ובה 6 כדורים"", ""מטרה-סיבת העבירה"": ""הגנה עצמית"", ""מספר עבירה"": ""144 א"", ""סוג הנשק [אקדח]"": 2.0, ""סוג הנשק [תת מקלע מאולתר]"": 1.0, ""סוג עבירה"": ""החזקה נשק"", ""סטטוס הנשק"": ""נשק עם מחסנית בהכנס"", ""תכנון"": ""כן"", ""תאריך העבירה"": ""24.12.15"", ""מיקום העבירה"": ""בית הנאשם בטייבה"", ""סוגי הנשק הנוספים"": ""אקדח זיג זאוור, קרלו"", ""קוטר תחמושת"": ""9 מ\""מ, 7.65 מ\""מ"", ""מספר נשקים"": 3, ""מספר מחסניות"": 4, ""שימוש"": ""לא""}","{""אופן החזקת הנשק"": ""מוסלק - מוסתר"", ""אופן קבלת הנשק"": ""מאחר"", ""כמות תחמושת"": ""מחסנית"", ""מספר עבירה"": ""144 א, 144 ב"", ""סוג הנשק [תת מקלע מאולתר]"": 1.0, ""סוג עבירה"": ""החזקה נשק, נשיאת נשק"", ""סטטוס הנשק"": ""נשק מופרד מתחמושת"", ""תכנון"": ""לא"", ""מחיר הנשק"": ""7300 שקלים"", ""תאריך העבירה"": ""אפריל 2016"", ""מיקום החזקת הנשק"": ""גג בית חבר"", ""מיקום קבלת הנשק"": ""ליד בית הנאשם"", ""משך החזקת הנשק"": ""כשבוע"", ""קשר עם קרוב משפחה"": ""קרוב משפחה רכש והעביר את הנשק"", ""שימוש"": ""לא""}",40.0,"1. **סוג העבירה וחומרתה**: שני התיקים עוסקים בעבירות נשק, אך תיק 1 כולל רק החזקה (144א), בעוד שתיק 2 כולל הן החזקה והן נשיאה (144א ו-144ב). חומרת העבירה בתיק 2 גבוהה יותר בשל הימצאותה של עבירת הנשיאה. 
2. **תפקיד הנאשם ומעורבותו**: בשני התיקים הנאשם החזיק בנשק, אך בתיק 2 הנאשם גם קיבל את הנשק מאחר וגם נשא אותו, מה שמעיד על מעורבות רחבה יותר. 
3. **שיטת הביצוע (MO)**: בשני התיקים הנשק הוחזק באופן מוסלק ומוסתר. עם זאת, תיק 1 כולל מספר נשקים ותחמושת רבה יותר, ותכנון מראש, בעוד שתיק 2 כולל נשק אחד ותחמושת מועטה יותר ללא תכנון.
4. **נסיבות הליבה**: תיק 1 כולל 3 נשקים, 4 מחסניות עם תחמושת רבה, ותכנון מראש. תיק 2 כולל נשק אחד, מחסנית אחת, ללא תכנון מראש. נסיבות אלו מצביעות על חומרה גבוהה יותר בתיק 1 מבחינת הכמות והתכנון, אך חומרת העבירה הכוללת בתיק 2 גבוהה יותר בשל עבירת הנשיאה.
5. **ישימות כתקדים**: בית משפט עשוי לראות את שני התיקים כרלוונטיים חלקית זה לזה, אך ההבדלים בסוג העבירה (144א בלבד לעומת 144א ו-144ב) ונסיבות הליבה (כמות תחמושת, תכנון) יצטרכו להיבחן בקפידה.

SIMILARITY_SCORE: 40","ok",""
"ME-18-04-19642-504","ME-16-07-45228-25",1,0,0,"{""אופן החזקת הנשק"": ""ברכב, על גופו"", ""כמות תחמושת"": ""2 מחסניות, 40 כדורים"", ""מטרה-סיבת העבירה"": ""אלימות כלפי נשים"", ""מספר עבירה"": ""144 א, 144 ב"", ""סוג הנשק [אקדח]"": 1.0, ""סוג עבירה"": ""נשיאת נשק, הובלת נשק"", ""סטטוס הנשק"": ""נשק עם כדור בקנה"", ""עבירות נוספות"": ""במעשי פזיזות ורשלנות, לפי ס' 338(א)(5) לחוק."", ""שימוש"": ""כן,ירי"", ""תכנון"": ""לא"", ""מיקום האירוע"": ""יער הסמוך לכפר קרע"", ""תאריך האירוע"": ""1.4.18"", ""זמן האירוע"": ""17:00"", ""השפעת אלכוהול"": ""הנאשם היה תחת השפעת משקאות אלכוהוליים"", ""זיכרון הנאשם"": ""הנאשם אינו זוכר את כל פרטי האירוע"", ""מספר יריות"": ""11 יריות באוויר"", ""אופן השימוש בנשק"": ""שליפה והצגה לפני ר.ק. וירי באוויר"", ""התנהלות במהלך המעצר"": ""ניסיון להימלט, השלכת הנשק תחת מושב הרכב"", ""מערכת יחסים עם המתלוננת"": ""הנאשם ור.ק. היו זוג לפני האירוע"", ""סכסוך עם המתלוננת"": ""סכסוך כשבועיים לפני האירוע""}","{""מיקום האירוע"": ""כפר זלפה"", ""זמן האירוע"": ""שעת ליל"", ""תאריך האירוע"": ""19.7.16"", ""פעולת הנאשם בעת גילוי"": ""ניסיון להימלט מהשוטרים"", ""מקום החביית הנשק"": ""תחת שמיכה על מזרן בחדר"", ""מספר עבירה"": ""144 ב"", ""סוג עבירה"": ""נשיאת נשק"", ""סוג הנשק [אקדח]"": 1.0, ""סטטוס הנשק"": ""נשק עם מחסנית בהכנס"", ""תכנון"": ""כן"", ""אופן החזקת הנשק"": ""בבית, על גופו, מוסלק - מוסתר"", ""כמות תחמושת"": ""מחסנית ובה 10 כדורים"", ""שימוש"": ""לא""}",40.0,"**ניתוח דמיון מהותי בין שני תיקים פליליים**

### 1. סוג העבירה וחומרתה
שני התיקים עוסקים בעבירות נשק חמור (סעיף 144 לחוק העונשין), אך תיק 1 כולל גם עבירות נוספות כמו מעשי פזיזות ורשלנות. חומרת העבירה בשני התיקים גבוהה, אך השימוש בנשק וירי באוויר בתיק 1 מוסיף לחומרתו.  
**דמיון:** גבוה ביחס לסוג העבירה, שונה בפרטי החומרה.

### 2. תפקיד הנאשם ומעורבותו
בשני התיקים הנאשם הוא המחזיק/נושא הנשק. בתיק 1 הנאשם השתמש בנשק, ירה ופעל באלימות, בעוד שבתיק 2 לא היה שימוש בנשק. מעורבותו של הנאשם בתיק 1 פעילה יותר.  
**דמיון:** נמוך עקב השוני במעורבות ובתוצאות.

### 3. שיטת הביצוע (MO)
בתיק 1 הנשק הוחזק ברכב ועל גופו, עם שימוש באלימות וירי. בתיק 2 הנשק הוחזק בבית באופן מוסתר. שני התיקים כוללים ניסיון להימלט בזמן המעצר.  
**דמיון:** חלקי, בשל דפוס החזקה שונה ושימוש בנשק רק בתיק 1.

### 4. נסיבות הליבה
תיק 1 כולל כמות תחמושת גדולה יותר (40 כדורים) ושימוש בנשק (11 יריות באוויר), בניגוד לתיק 2 (10 כדורים ללא שימוש). בתיק 1 היו נסיבות מחמירות כמו שימוש באלכוהול והתנהגות אלימה.  
**דמיון:** נמוך עקב הבדלים בכמות התחמושת ובשימוש בנשק.

### 5. ישימות כתקדים
בית המשפט יבחין בין שני התיקים בשל השוני בנסיבות ובמידת המעורבות. תיק 1 כולל אלימות וירי, מה שהופך אותו לחמור יותר.  
**דמיון:** לא מספיק כדי להיחשב כתקדים זהה.

### ציון דמיון מהותי
לאחר ניתוח כל הממדים, הדמיון בין שני התיקים אינו גבוה דיו כדי להיחשב כתקדים זהה או דומה מאוד.

SIMILARITY_SCORE: 40","ok",""
"ME-15-03-29911-554","ME-16-02-18397-87",1,0,0,"{""אופן החזקת הנשק"": ""ברכב, על גופו"", ""כמות תחמושת"": ""מחסנית ובה 12 כדורים, מחסנית, 20 כדורים, 24 כדורים"", ""מספר עבירה"": ""144 א, 144 ב"", ""סוג הנשק [אקדח]"": 1.0, ""סוג עבירה"": ""ביצוע עבירות בנשק"", ""סטטוס הנשק"": ""נשק עם כדור בקנה"", ""שימוש"": ""כן,ירי"", ""תכנון"": ""לא"", ""מיקום האירועים"": ""פוריידיס, חווה בבעלות הנאשם, שכונות מגורים, ליד מגרש בית הספר התיכון"", ""זמן האירועים"": ""5.3.15, שעות הערב, סמוך לשעה 19:00, סמוך לשעה 19:14"", ""סוג האקדח"": ""יריחו"", ""מספר כדורים שנורו"": ""מספר רב של כדורים, שני כדורים נוספים"", ""התנהלות במהלך האירוע"": ""ירי בשטח חווה, ירי במהלך נסיעה ברכב, ירי ליד מגרש בית הספר"", ""מעורבות אדם נוסף"": ""אדם נוסף נוהג ברכב, זהותו אינה ידועה למאשימה""}","{""אופן החזקת הנשק"": ""ברכב, מוסלק - מוסתר"", ""כמות תחמושת"": ""כדורים"", ""מספר עבירה"": ""144 ב"", ""סוג הנשק [אקדח]"": 1.0, ""סוג עבירה"": ""נשיאת נשק, הובלת נשק"", ""סטטוס הנשק"": ""תקול"", ""עבירות נוספות"": ""נהיגה ללא רישיון, נהיגה ללא ביטוח וללא רישיון רכב"", ""תכנון"": ""לא"", ""מיקום האירוע"": ""לפני הכניסה לכפר דבוריה"", ""תגובת הנאשם לבדיקת שוטרים"": ""סירוב לפתוח את תא האופנוע"", ""אופן גילוי הנשק"": ""בחיפוש על גופו ובתא האופנוע"", ""פרטי הנשק"": ""חסר חלק פנימי לפעולת ירי"", ""סוג הרכב"": ""קטנוע"", ""שימוש"": ""לא""}",30.0,"1. **סוג העבירה וחומרתה** — שני התיקים עוסקים בעבירות נשק, אך תיק 1 כולל גם עבירה לפי סעיף 144(א) בנוסף ל-144(ב), וגם כולל שימוש בנשק (ירי), מה שמעיד על חומרה גבוהה יותר. תיק 2 מוגבל ל-144(ב) ללא שימוש בנשק. 
2. **תפקיד הנאשם ומעורבותו** — בשני התיקים הנאשם הוא המחזיק/נושא הנשק, אך בתיק 1 הנאשם גם ירה בנשק, מה שמעיד על מעורבות פעילה ואלימה יותר. 
3. **שיטת הביצוע (MO)** — תיק 1 כולל החזקה ברכב ועל הגוף עם ירי, בעוד שתיק 2 כולל החזקה ברכב (קטנוע) באופן מוסתר ללא שימוש בנשק. אמצעי ההחזקה שונים (רכב vs. קטנוע) והתנהלות הנאשם בתיק 1 כללה ירי, בניגוד לתיק 2.
4. **נסיבות הליבה** — תיק 1 כולל כמות גדולה של תחמושת (כ-60 כדורים) ונשק פעיל עם ירי, בעוד שתיק 2 כולל נשק תקול ללא ציון כמות תחמושת מדויקת. נסיבות חמורות יותר בתיק 1 בשל השימוש בנשק וירי.
5. **ישימות כתקדים** — בית משפט עשוי לראות את שני התיקים כשונים בשל השוני בחומרת העבירה (שימוש בנשק וירי בתיק 1 לעומת היעדר שימוש בנשק בתיק 2) ולכן תיק 1 לא בהכרח ישמש כתקדים ענייני לתיק 2 ולהפך.

SIMILARITY_SCORE: 30","ok",""
"ME-16-11-69158-529","ME-16-01-3772-806",3,1,1,"{""אופן החזקת הנשק"": ""ברכב, מוסלק - מוסתר, סמוך לבית"", ""כמות תחמושת"": ""מחסנית"", ""מטרה-סיבת העבירה"": ""חתונה"", ""מספר עבירה"": ""144 ב"", ""סוג הנשק [תת מקלע]"": 1.0, ""סוג עבירה"": ""נשיאת נשק"", ""סטטוס הנשק"": ""נשק עם כדור בקנה"", ""עבירות נוספות"": ""ירי באזור מגורים"", ""שימוש"": ""כן,ירי"", ""תכנון"": ""כן"", ""סוג תחמושת"": ""9 מ\""מ"", ""מיקום האירוע"": ""רחבת בית משפחת ג'בארה, טייבה"", ""זמן האירוע"": ""21:00"", ""מיקום החזקת הנשק לפני השימוש"": ""טמון באדמה"", ""מיקום החזקת הנשק לאחר השימוש"": ""מתחת למושב הנהג ובשקית מתחת למושב סמוך"", ""סוג האירוע"": ""משפחתי""}","{""אופן החזקת הנשק"": ""מוסלק - מוסתר, סמוך לבית"", ""אופן קבלת הנשק"": ""רכש"", ""כמות תחמושת"": ""מחסנית"", ""מספר עבירה"": ""144 א, 144 ב"", ""סוג הנשק [רובה סער ]"": 1.0, ""סוג הנשק [תת מקלע מאולתר]"": 1.0, ""סוג עבירה"": ""החזקה נשק, נשיאת נשק, הובלת נשק"", ""סטטוס הנשק"": ""נשק עם כדור בקנה"", ""שימוש"": ""לא"", ""תכנון"": ""לא"", ""מיקום האירועים"": ""אלרוחה, מעאוויה"", ""שותף לעבירות"": ""מחמד ג'בארין"", ""תאריך תפיסת הנשק"": ""20.12.15"", ""כמות כדורים שנורתה"": ""כ-20 כדורים"", ""מיקום תפיסת הנשק"": ""בסמוך לבית הנאשם"", ""סוג תחמושת"": ""כדורים""}",70.0,"להלן הניתוח הממצה של שני התיקים הנ""ל:

1. **סוג העבירה וחומרתה**:
שני התיקים עוסקים בעבירות נשק חמור (סעיף 144 ב'). תיק 1 מתמקד בנשיאת נשק (144 ב'), ואילו תיק 2 כולל הן החזקה (144 א') והן נשיאה/הובלה (144 ב'). שני התיקים מערבים נשק חם ותחמושת, והעבירות נחשבות חמורות. חומרת העבירה דומה בשני התיקים.

2. **תפקיד הנאשם ומעורבותו**:
בשני התיקים הנאשם הוא המחזיק/נושא הנשק. אין אינדיקציה ברורה למעורבותם של צדדים שלישיים בתיק 1, בעוד שבתיק 2 מוזכר שותף לעבירות. מעורבות הנאשם היא פעילה בשני התיקים.

3. **שיטת הביצוע (MO)**:
שני התיקים כוללים החזקת נשק חם (רובה סער/תת-מקלע) במצב מוסלק ומוסתר בסמוך לבית. בתיק 1 נעשה שימוש בנשק לצורך ירי, ואילו בתיק 2 לא נעשה שימוש בנשק. אופן החזקת הנשק דומה, אך השימוש בו שונה.

4. **נסיבות הליבה**:
שני התיקים כוללים נשק עם כדור בקנה ותחמושת של מחסנית. בתיק 1 נעשה שימוש בנשק בירי באזור מגורים, ואילו בתיק 2 לא נעשה שימוש בנשק. תיק 1 כולל נסיבות מחמירות בשל השימוש בנשק וביצוע עבירת ירי באזור מגורים.

5. **ישימות כתקדים**:
למרות שישנם הבדלים בנסיבות (שימוש בנשק בתיק 1 לעומת אי שימוש בתיק 2), שני התיקים עוסקים בעבירות נשק חמור. בית המשפט עשוי לראות את שני התיקים כרלוונטיים זה לזה לצורכי ענישה בשל הדמיון בסוג העבירה, סוג הנשק, וכמות התחמושת.

SIMILARITY_SCORE: 70","ok",""
"ME-17-02-54432-484","ME-16-05-25902-514",3,1,1,"{""אופן החזקת הנשק"": ""ברכב, על גופו"", ""כמות תחמושת"": ""מחסנית ובה 7 כדורים"", ""מטרה-סיבת העבירה"": ""הגנה עצמית"", ""מספר עבירה"": ""144 א, 144 ב"", ""סוג הנשק [אקדח]"": 1.0, ""סוג עבירה"": ""החזקה נשק, נשיאת נשק"", ""סטטוס הנשק"": ""נשק עם מחסנית בהכנס"", ""תכנון"": ""כן"", ""סוג האקדח"": ""ברטה"", ""מספר סידורי של האקדח"": ""82233"", ""קליבר הכדורים"": ""0.22 מ\""מ"", ""מיקום החזקת הנשק"": ""סמוך לבית הנאשם"", ""תאריך החזקת הנשק"": ""מאז ועד יום 16.02.17"", ""מסלול הנסיעה"": ""מכפר קאסם לנהריה"", ""סוג הרכב"": ""מאזדה"", ""שמות הנוסעים ברכב"": ""אחמד עיסא, עותמאן עיסא, מגארי יאסין"", ""מיקום התפיסה"": ""צומת הרחובות הגעתון והרצל בנהריה"", ""שעת התפיסה"": ""סמוך לפני השעה 16:00"", ""שימוש"": ""לא""}","{""אופן החזקת הנשק"": ""בבית, על גופו"", ""אופן קבלת הנשק"": ""רכש"", ""כמות תחמושת"": ""מחסנית ובה 7 כדורים"", ""מטרה-סיבת העבירה"": ""הגנה עצמית"", ""מספר עבירה"": ""144 א, 144 ב"", ""סוג הנשק [אקדח]"": 1.0, ""סוג עבירה"": ""החזקה נשק, נשיאת נשק"", ""סטטוס הנשק"": ""נשק עם מחסנית בהכנס"", ""תכנון"": ""לא"", ""תאריך גניבת הנשק"": ""31.12.13"", ""מקום גניבת הנשק"": ""מביתו של דינו תמאם"", ""תאריך רכישת הנשק"": ""במהלך חודש פברואר 2016"", ""מקום החזקת הנשק"": ""במקלט ביתו בקלנסוואה"", ""תאריך נשיאת הנשק לעבודה"": ""מחודש פברואר 2016 ועד ליום 8.5.16"", ""שעה בה נשא הנאשם את הנשק"": ""בסמוך לשעה 06:00"", ""מספר סידורי של הנשק"": ""682663"", ""סוג הנשק"": ""אקדח מסוג ברטה"", ""שימוש"": ""לא""}",75.0,"להלן ניתוח הדמיון המהותי בין שני התיקים הנדונים:

1. **סוג העבירה וחומרתה**:
שני התיקים עוסקים בעבירות החזקה ונשיאה של נשק חם (אקדח) לפס""ח 144(א) ו-144(ב). חומרת העבירות דומה בשני התיקים, שכן מדובר באותו סוג עבירה. הדבר מצביע על דמיון מהותי בין התיקים.

2. **תפקיד הנאשם ומעורבותו**:
בשני התיקים הנאשמים מואשמים בהחזקה ונשיאה של נשק, כאשר בראשון הנשק היה ברשותם ברכב ובשני הנשק היה מוחזק בבית. המעורבות בשני המקרים היא ישירה, והנאשמים אינם משמשים כשליחים או מחזיקים פסיביים. הדבר מעיד על דמיון במידת המעורבות.

3. **שיטת הביצוע (MO)**:
שני התיקים כוללים החזקה ונשיאה של אקדח מסוג ברטה עם מחסנית טעונה. בשני המקרים לא היה שימוש בנשק. עם זאת, יש הבדל במיקום החזקת הנשק (ברכב/בבית) ובנסיבות (תכנון מראש קיים בתיק 1 אך לא בתיק 2). הדמיון בשיטת הביצוע הוא חלקי.

4. **נסיבות הליבה**:
שניהם כוללים אקדח עם מחסנית ובה 7 כדורים, ללא שימוש בפועל בנשק. הנסיבות המחמירות דומות (נשק טעון), אך יש הבדלים בנסיבות אחרות (כגון תכנון מראש). הדבר מצביע על דמיון חלקי.

5. **ישימות כתקדים**:
בהינתן הדמיון בסוג העבירה, מעורבות הנאשם, ושיטת הביצוע, סביר שבית המשפט יראה את שני התיקים כרלוונטיים זה לזה לצורכי ענישה, למרות ההבדלים בנסיבות מסוימות.

SIMILARITY_SCORE: 75","ok",""
"SH-17-10-10556-234","ME-09-06-10774-130",2,0,1,"{""אופן החזקת הנשק"": ""מוסלק - מוסתר, סמוך לבית"", ""כמות תחמושת"": ""מחסנית ובה 10 כדורים"", ""מספר עבירה"": ""144 א"", ""סוג הנשק [אקדח]"": 2.0, ""סוג עבירה"": ""החזקה נשק"", ""סטטוס הנשק"": ""נשק עם מחסנית בהכנס"", ""תכנון"": ""לא"", ""קוטר הכדורים"": ""8 מ\""מ"", ""מיקום החזקת הנשק"": ""בתוך שקית בחצר, מתחת למזרון בערימת זבל"", ""מרחק החזקת הנשק מהבית"": ""כ-100 מטרים"", ""מצב המחסנית הנוספת"": ""לא טעונה"", ""שימוש"": ""לא""}","{""אופן החזקת הנשק"": ""ברכב"", ""מספר עבירה"": ""144 א, 144 ב"", ""סוג הנשק [אקדח]"": 1.0, ""סוג עבירה"": ""החזקה נשק, נשיאת נשק"", ""סטטוס הנשק"": ""תקין"", ""תכנון"": ""לא"", ""מותג הנשק"": ""ברטה"", ""מיקום האירוע"": ""כפר מושרייפה"", ""שימוש"": ""לא"", ""כמות תחמושת"": ""ללא""}",40.0,"להלן הניתוח לפי הממדים השונים:

1. **סוג העבירה וחומרתה**:
   - תיק 1 כולל עבירה לפי סעיף 144(א) - החזקת נשק.
   - תיק 2 כולל עבירות לפי סעיפים 144(א) ו-144(ב) - החזקה ונשיאה.
   - חומרת העבירה בתיק 2 גבוהה יותר בשל הימצאות עבירת הנשיאה.

2. **תפקיד הנאשם ומעורבותו**:
   - בשני התיקים הנאשם הוא המחזיק/נושא הנשק, אך בתיק 2 יש מעורבות חמורה יותר בשל הנשיאה.

3. **שיטת הביצוע (MO)**:
   - תיק 1: החזקת נשק מוסתר בחצר.
   - תיק 2: החזקת נשק ברכב ונשיאתו.
   - אמצעי אחסון שונים (שקית בחצר לעומת רכב).

4. **נסיבות הליבה**:
   - תיק 1: נשק עם מחסנית טעונה, כמות תחמושת סבירה (10 כדורים).
   - תיק 2: לא ידועה כמות התחמושת, אך סטטוס הנשק תקין.
   - בתיק 1 יש פרטים נוספים על נסיבות החזקת הנשק.

5. **ישימות כתקדים**:
   - תיק 1 לא יכול לשמש כתקדים ענייני מלא לתיק 2 בשל הימצאות עבירת הנשיאה בתיק 2.
   - עם זאת, ישנם קווים דומים בהחזקת הנשק בשני התיקים.

SIMILARITY_SCORE: 40","ok",""
"sh-10-05-7434-952","ME-21-10-18557-340",1,0,0,"{""אופן החזקת הנשק"": ""בבית, מוסלק - מוסתר"", ""כמות תחמושת"": ""מחסנית"", ""מספר עבירה"": ""144 א"", ""סוג הנשק [אקדח]"": 2.0, ""סוג עבירה"": ""החזקה נשק"", ""סטטוס הנשק"": ""נשק מופרד מתחמושת"", ""תכנון"": ""לא"", ""שם הנאשם"": ""איגור בן סמיון סבובסקי"", ""שנת לידה"": 1961, ""תאריך העבירה"": ""14.4.10"", ""כתובת האירוע"": ""רחוב אורלנסקי 11, פתח תקווה"", ""סוגי האקדחים"": [""ברטה חצי אוטומטי"", ""לאמה חצי אוטומטי""], ""שימוש"": ""לא"", ""מטרה-סיבת העבירה"": ""אספנות""}","{""אופן החזקת הנשק"": ""ברכב, על גופו"", ""כמות תחמושת"": ""מחסנית + 2 כדורים"", ""מטרה-סיבת העבירה"": ""סכסוך"", ""מספר עבירה"": ""144 א, 144 ב"", ""סוג הנשק [תת מקלע מאולתר]"": 1.0, ""סוג עבירה"": ""החזקה נשק, נשיאת נשק, הובלת נשק"", ""סטטוס הנשק"": ""נשק עם כדור בקנה"", ""עבירות נוספות"": ""ירי מנשק חם"", ""שימוש"": ""כן,ירי"", ""תכנון"": ""לא"", ""סוג רכב הנאשם"": ""מאזדה בצבע כחול"", ""מיקום האירוע"": ""כפר אבו סנאן"", ""זמן האירוע"": ""16.9.2021, סמוך לשעה 19:00"", ""סוג רכב המטרה"": ""מאזדה לבנה"", ""מעורבים נוספים"": ""ג'יהאד סואעד, מוחמד פעאור"", ""כוונת הירי"": ""להפחיד או להקניט"", ""מיקום ישיבת הנאשם ברכב"": ""מושב נוסע"", ""מיקום ישיבת ג'יהאד ברכב"": ""מושב נהג"", ""מיקום ישיבת א' במאזדה"": ""מושב נוסע ליד הנהג"", ""מיקום ישיבת מוחמד פעאור במאזדה"": ""מושב נהג"", ""סוג הכדורים"": ""קליבר 9 מ\""מ"", ""סוג המחסנית"": ""מחסנית תואמת לתת מקלע"", ""מיקום הירי"": ""באזור מגורים"", ""סכנה פוטנציאלית"": ""סכנה לחיי אדם""}",20.0,"1. **סוג העבירה וחומרתה**: שני התיקים עוסקים בעבירות נשק, אך תיק 1 מתייחס רק להחזקת נשק (סעיף 144(א)), בעוד שתיק 2 כולל גם החזקה וגם נשיאה/הובלה של נשק (סעיפים 144(א) ו-144(ב)). חומרת העבירה בתיק 2 גבוהה יותר בשל הירי והסכנה לחיי אדם.

2. **תפקיד הנאשם ומעורבותו**: בתיק 1 הנאשם הוא מחזיק נשק בביתו, ללא עדות למעורבות פעילה נוספת. בתיק 2 הנאשם היה מעורב בנשיאת נשק ברכב וכן בירי, אך לא היה הנהג. המעורבות בתיק 2 פעילה יותר.

3. **שיטת הביצוע (MO)**: אופן החזקת הנשק שונה — בבית (תיק 1) לעומת ברכב ועל הגוף (תיק 2). השימוש בנשק בתיק 2 כלל ירי, שלא היה בתיק 1.

4. **נסיבות הליבה**: כמות התחמושת בשני התיקים דומה (מחסנית), אך בתיק 2 היו גם כדורים נוספים והנשק היה טעון. נסיבות חמורות יותר בתיק 2 בשל השימוש בנשק וסכנת חיי אדם.

5. **ישימות כתקדים**: בשל ההבדלים בסעיפי העבירה (144(א) בלבד בתיק 1 לעומת 144(א) ו-144(ב) בתיק 2) ובנסיבות (שימוש בנשק וירי בתיק 2), תיק 1 לא יהווה תקדים ישיר לתיק 2.

SIMILARITY_SCORE: 20","ok",""
"SH-10-02-25802-731","ME-13-04-35007-454",1,0,0,"{""אופן החזקת הנשק"": ""בבית"", ""מספר עבירה"": ""144 א"", ""סוג הנשק [רובה צייד]"": 1.0, ""סוג עבירה"": ""החזקה נשק"", ""סטטוס הנשק"": ""תקול"", ""עבירות נוספות"": ""החזקת חלק-אבזר תחמושת של כלי נשק"", ""תכנון"": ""לא"", ""תאריך העבירה"": ""16/07/09"", ""שעת העבירה"": ""11:00"", ""מיקום העבירה"": ""כפר מגדל שמס"", ""סוג התחמושת"": ""כדור רובה צייד"", ""פוטנציאל הריגה"": ""כלי נשק ותחמושת בעלי כוח להמית אדם"", ""שימוש"": ""לא"", ""כמות תחמושת"": ""ללא""}","{""אופן החזקת הנשק"": ""על גופו"", ""מטרה-סיבת העבירה"": ""סכסוך"", ""מספר עבירה"": ""144 א, 144 ב"", ""סוג הנשק [אקדח]"": 1.0, ""סוג עבירה"": ""החזקה נשק, נשיאת נשק"", ""סטטוס הנשק"": ""נשק עם מחסנית בהכנס"", ""תכנון"": ""כן"", ""תאריך האירוע"": ""6/4/13"", ""שעת האירוע"": ""16:30"", ""מיקום האירוע"": ""מרכז הכפר דבוריה"", ""התנהלות הנאשם לאחר האירוע"": ""נמלט במהירות מהמקום"", ""מטרת הנשיאה"": ""להפחיד אחרים מעורבים בסכסוך"", ""שימוש"": ""לא"", ""כמות תחמושת"": ""ללא""}",30.0,"להלן הניתוח לפי הממדים השונים:

1. **סוג העבירה וחומרתה**: שני התיקים עוסקים בעבירות נשק, אך תיק 1 מתייחס רק להחזקה לפי סעיף 144(א), בעוד שתיק 2 כולל גם החזקה וגם נשיאה לפי סעיפים 144(א) ו-144(ב). חומרת העבירה בתיק 2 גבוהה יותר בשל הנשיאה והתכנון.

2. **תפקיד הנאשם ומעורבותו**: בשני התיקים הנאשם הוא המחזיק/נושא הנשק. בתיק 2, הנאשם נושא את הנשק באופן פעיל לצורך סכסוך, מה שמעיד על מעורבות פעילה יותר בהשוואה לתיק 1.

3. **שיטת הביצוע (MO)**: שני התיקים כוללים החזקת נשק, אך בתיק 1 הנשק היה בבית, ואילו בתיק 2 הנשק היה על גופו של הנאשם. כמו כן, בתיק 2 היה תכנון מראש והנשק היה מוכן לשימוש.

4. **נסיבות הליבה**: בתיק 1 הנשק היה תקול ולא נעשה בו שימוש, ואילו בתיק 2 הנשק היה מוכן לשימוש וניתן היה להשתמש בו לצורך סכסוך. בתיק 2 היה תכנון והתנהלות נמלטת לאחר האירוע.

5. **ישימות כתקדים**: בשל ההבדלים בין שני התיקים מבחינת סעיפי החוק המעורבים (144(א) בלבד בתיק 1 לעומת 144(א) ו-144(ב) בתיק 2), חומרת העבירה, והנסיבות, בית המשפט עשוי לראות את התיקים כשונים.

SIMILARITY_SCORE: 30","ok",""
"ME-16-10-12213-904","ME-15-02-9111-399",1,0,0,"{""סוג רכב"": ""סובארו"", ""בעלות על הרכב"": ""רשום על שם אחיו, מג'ד"", ""מיקום החזקת הנשק"": ""מתחת לכיסא הנוסע שליד הנהג"", ""מיקום המחסנית"": ""מתחת לכיסא הנוסע שליד הנהג"", ""מקום מגורים"": ""אום-אל-פחם"", ""מקום החזקת הנשק"": ""בית אמו"", ""סוג התחמושת"": ""כדור 9 מ\""מ"", ""מקום התפיסה"": ""במוסך במורד הרחוב"", ""מספר עבירה"": ""144 ב"", ""סוג עבירה"": ""נשיאת נשק"", ""סוג הנשק [תת מקלע מאולתר]"": 1.0, ""סטטוס הנשק"": ""נשק מופרד מתחמושת"", ""תכנון"": ""כן"", ""אופן החזקת הנשק"": ""ברכב, מוסלק - מוסתר"", ""אופן קבלת הנשק"": ""מצא"", ""כמות תחמושת"": ""מחסנית ריקה ובה 0 כדורים + 1 כדור"", ""שימוש"": ""לא""}","{""אופן החזקת הנשק"": ""על גופו"", ""כמות תחמושת"": ""מחסנית ובה 13 כדורים"", ""מספר עבירה"": ""144 א, 144 ב"", ""סוג הנשק [אקדח]"": 1.0, ""סטטוס הנשק"": ""נשק מופרד מתחמושת"", ""תכנון"": ""לא"", ""תאריך העבירה"": ""25.1.15"", ""שעת העבירה"": ""סמוך לשעה 15:00"", ""מיקום העבירה"": ""כפר בענה"", ""סיבת הגעת השוטרים"": ""לעכב את יוסף חסארמה לחקירה"", ""פעולת הנאשם בעת העבירה"": ""מנוסה מהשוטרים"", ""סוג האקדח"": ""FN"", ""מספר האקדח"": ""74423"", ""סוג התחמושת"": ""9 מ\""מ"", ""פעולה במהלך המנוסה"": ""זריקת האקדח והמחסנית"", ""שימוש"": ""לא""}",40.0,"להלן ניתוח הדמיון בין שני התיקים על פי הממדים המבוקשים:

1. **סוג העבירה וחומרתה**:
שני התיקים עוסקים בעבירות נשק לפי סעיף 144 לחוק העונשין, אך תיק 1 מתייחס רק לסעיף 144(ב) (נשיאה), בעוד שתיק 2 מתייחס הן לסעיף 144(א) (החזקה) והן ל-144(ב). חומרת העבירה בשני התיקים דומה בכך ששתיהן עוסקות בנשק חם, אך יש הבדל בנסיבות ובפרטים.

2. **תפקיד הנאשם ומעורבותו**:
בשני התיקים הנאשם היה מעורב באופן ישיר בהחזקת הנשק. בתיק 1 הנאשם היה נהג הרכב שבו נמצא הנשק, ובתיק 2 הנאשם החזיק בנשק על גופו והיה מנוסה מהשוטרים. מעורבותו של הנאשם בשני המקרים היא פעילה.

3. **שיטת הביצוע (MO)**:
שיטת הביצוע שונה בין שני התיקים. בתיק 1 הנשק הוחזק ברכב בצורה מוסתרת, ואילו בתיק 2 הנשק היה על גופו של הנאשם והוא זרק אותו במהלך מנוסה. אמצעי הביצוע דומים בכך ששניהם כוללים נשק חם, אך ההקשר והאופן שונים.

4. **נסיבות הליבה**:
בתיק 1 נמצאה מחסנית ריקה עם כדור אחד, ואילו בתיק 2 נמצאה מחסנית עם 13 כדורים. בתיק 1 היה תכנון מראש, ואילו בתיק 2 לא היה תכנון. בשני המקרים הנשק היה מופרד מהתחמושת, ולא היה שימוש בנשק.

5. **ישימות כתקדים**:
בית משפט עשוי לראות את שני התיקים כרלוונטיים זה לזה מבחינת העיסוק בעבירות נשק, אך ההבדלים בנסיבות (כגון כמות התחמושת, תכנון, ושיטת הביצוע) עשויים להשפיע על מידת הדמיון. 

SIMILARITY_SCORE: 40","ok",""
"ME-16-05-25902-514","SH-11-01-41775-497",3,1,1,"{""אופן החזקת הנשק"": ""בבית, על גופו"", ""אופן קבלת הנשק"": ""רכש"", ""כמות תחמושת"": ""מחסנית ובה 7 כדורים"", ""מטרה-סיבת העבירה"": ""הגנה עצמית"", ""מספר עבירה"": ""144 א, 144 ב"", ""סוג הנשק [אקדח]"": 1.0, ""סוג עבירה"": ""החזקה נשק, נשיאת נשק"", ""סטטוס הנשק"": ""נשק עם מחסנית בהכנס"", ""תכנון"": ""לא"", ""תאריך גניבת הנשק"": ""31.12.13"", ""מקום גניבת הנשק"": ""מביתו של דינו תמאם"", ""תאריך רכישת הנשק"": ""במהלך חודש פברואר 2016"", ""מקום החזקת הנשק"": ""במקלט ביתו בקלנסוואה"", ""תאריך נשיאת הנשק לעבודה"": ""מחודש פברואר 2016 ועד ליום 8.5.16"", ""שעה בה נשא הנאשם את הנשק"": ""בסמוך לשעה 06:00"", ""מספר סידורי של הנשק"": ""682663"", ""סוג הנשק"": ""אקדח מסוג ברטה"", ""שימוש"": ""לא""}","{""תקופת החזקת הנשק"": ""כשנה וחצי"", ""תאריך תחילת החזקת הנשק"": ""1.6.08"", ""סוג עבירה"": ""החזקה נשק, נשיאת נשק"", ""סוג הנשק [אקדח]"": 1.0, ""סטטוס הנשק"": ""נשק מופרד מתחמושת"", ""תכנון"": ""לא"", ""אופן החזקת הנשק"": ""בבית, ברכב"", ""כמות תחמושת"": ""מחסנית, 34 כדורים"", ""מטרה-סיבת העבירה"": ""הגנה עצמית"", ""שימוש"": ""לא""}",60.0,"1. **סוג העבירה וחומרתה**: שני התיקים עוסקים בעבירות של החזקת נשק ונשיאת נשק, לפי סעיף 144 לחוק העונשין, והם דומים בכך. עם זאת, תיק 1 כולל גם עבירה לפי סעיף 144(ב) בנשיאת נשק, בנוסף להחזקה, בעוד שתיק 2 לא מפרט את סעיף העבירה הספציפי. חומרת העבירות נראית דומה בשל הדמיון בסוג העבירה.

2. **תפקיד הנאשם ומעורבותו**: בשני התיקים הנאשמים רכשו את הנשק, מה שמצביע על מעורבות פעילה. בשניהם, הנאשם החזיק בנשק והוביל אותו, אם כי באופן שונה במקצת (בבית/בבית וברכב). אין הבדל משמעותי בתפקיד הנאשם.

3. **שיטת הביצוע (MO)**: שני התיקים כוללים החזקת נשק בבית, אך תיק 2 כולל גם החזקה ברכב. כמו כן, בשני המקרים הנשק לא נמצא בשימוש. הדמיון בשיטת הביצוע קיים אך חלקי.

4. **נסיבות הליבה**: תיק 1 כולל מחסנית עם 7 כדורים, בעוד שתיק 2 כולל מחסנית עם 34 כדורים. כמות התחמושת משמעותית יותר בתיק 2. שני התיקים כוללים אקדח, אך סטטוס הנשק שונה: בתיק 1 הנשק היה עם מחסנית בהכנס, ואילו בתיק 2 הנשק היה מופרד מהתחמושת. המטרה בשני התיקים היא הגנה עצמית.

5. **ישימות כתקדים**: בהתחשב בדמיון בסוג העבירה, מעורבות הנאשם, והיעדר שימוש בנשק, יש בסיס מסוים לראות את שני התיקים כרלוונטיים זה לזה. עם זאת, ההבדלים בכמות התחמושת ובסטטוס הנשק עשויים להשפיע על חומרת הענישה.

SIMILARITY_SCORE: 60","ok",""
"ME-18-05-32659-754","ME-16-08-54879-35",3,1,1,"{""אופן החזקת הנשק"": ""ברכב"", ""כמות תחמושת"": ""מחסנית ובה 0 כדורים, 9 כדורים, 10 כדורים"", ""מספר עבירה"": ""144 ב"", ""סוג הנשק [רימון הלם/גז]"": 2.0, ""סוג הנשק [תת מקלע מאולתר]"": 1.0, ""סוג עבירה"": ""נשיאת נשק, הובלת נשק"", ""סטטוס הנשק"": ""נשק מופרד מתחמושת"", ""עבירות נוספות"": ""הפרעה לשוטר במילוי תפקידו לפי סעיף 275 לחוק"", ""תכנון"": ""לא"", ""זמן האירוע"": ""00:25"", ""תאריך האירוע"": ""05.05.2018"", ""מיקום האירוע"": ""ירכא"", ""סוג הרכב"": ""לא צוין"", ""פרטי הנשק הנוספים"": ""תת-מקלע מאולתר פאראבלום 9 מילימטר, רימוני גז מדמיע, מחסנית ריקה לתת מקלע עוזי, כדורים לאקדח 9 מילימטר, ערכה לניקוי נשק עם 10 כדורים 5.56 מילימטר"", ""פעולת המשטרה"": ""הקמת מחסומים, זיהוי ועצירת הנאשם"", ""התנהגות הנאשם בעת המעצר"": ""סירוב לצאת מהרכב, דחיפת שוטרים, ניסיון להשתחרר מאחיזתם"", ""שימוש"": ""לא""}","{""אופן החזקת הנשק"": ""על גופו, סמוך לבית"", ""כמות תחמושת"": ""מחסנית ובה 7 כדורים"", ""מספר עבירה"": ""144 ב"", ""סוג הנשק [תת מקלע מאולתר]"": 1.0, ""סוג עבירה"": ""נשיאת נשק, הובלת נשק"", ""סטטוס הנשק"": ""נשק מופרד מתחמושת"", ""תכנון"": ""לא"", ""תאריך האירוע"": ""17.8.16"", ""שעת האירוע"": ""סמוך לשעה 11:00"", ""מיקום האירוע"": ""רחוב ברזילי 12, חיפה"", ""קוטר הנשק"": ""9 מ\""מ"", ""כוח הכדור"": ""בכוחו להמית אדם"", ""מצב הנשק"": ""נשק מאולתר"", ""הודאת הנאשם"": ""הנאשם הודה בעובדות כתב האישום"", ""שימוש"": ""לא""}",80.0,"1. **סוג העבירה וחומרתה** — שני התיקים עוסקים בעבירת נשיאת/הובלת נשק לפי סעיף 144(ב) לחוק, מה שמצביע על דמיון בסוג העבירה. חומרת העבירה בשני המקרים דומה מאחר והמדובר בנשק חם מאולתר.

2. **תפקיד הנאשם ומעורבותו** — בשני התיקים הנאשם הוא המחזיק/נושא הנשק, ולא מדובר בסיוע או במעורבות אחרת. המעורבות בשני המקרים היא ישירה.

3. **שיטת הביצוע (MO)** — בשני המקרים הנשק הוא מאולתר ונמצא מופרד מהתחמושת. אופן החזקת הנשק שונה (ברכב לעומת על גופו), אך הדמיון באופי הנשק ובסטטוס שלו מצביע על דמיון מסוים בשיטת הביצוע.

4. **נסיבות הליבה** — בשני התיקים לא היה שימוש בנשק. כמו כן, בשניהם לא היה תכנון מראש. כמות התחמושת בשני המקרים כוללת מחסנית עם מספר כדורים, אם כי יש הבדל בכמות הכדורים (19 כדורים בתיק 1 לעומת 7 בתיק 2).

5. **ישימות כתקדים** — בית המשפט יראה את שני התיקים כרלוונטיים זה לזה לצורכי ענישה בשל הדמיון בעבירה, בסוג הנשק ובנסיבות היעדר השימוש בנשק והיעדר תכנון.

SIMILARITY_SCORE: 80","ok",""
"ME-17-05-35227-215","ME-15-02-9111-399",1,0,0,"{""אופן החזקת הנשק"": ""ברכב"", ""כמות תחמושת"": ""מחסנית"", ""מספר עבירה"": ""144 ב"", ""סוג הנשק [תת מקלע מאולתר]"": 1.0, ""סוג עבירה"": ""נשיאת נשק, הובלת נשק"", ""סטטוס הנשק"": ""נשק עם מחסנית בהכנס"", ""תכנון"": ""כן"", ""תאריך העבירה"": ""7 במאי 2017"", ""שעת העבירה"": ""צהריים"", ""סוג הרכב"": ""אופנוע"", ""דגם הרכב"": ""קואנג יאנג טיו"", ""הודאה בעבירה"": ""הודה"", ""סעיף העבירה"": ""144(ב) רישא וסיפא"", ""שנת החוק"": ""1977"", ""שימוש"": ""לא""}","{""אופן החזקת הנשק"": ""על גופו"", ""כמות תחמושת"": ""מחסנית ובה 13 כדורים"", ""מספר עבירה"": ""144 א, 144 ב"", ""סוג הנשק [אקדח]"": 1.0, ""סטטוס הנשק"": ""נשק מופרד מתחמושת"", ""תכנון"": ""לא"", ""תאריך העבירה"": ""25.1.15"", ""שעת העבירה"": ""סמוך לשעה 15:00"", ""מיקום העבירה"": ""כפר בענה"", ""סיבת הגעת השוטרים"": ""לעכב את יוסף חסארמה לחקירה"", ""פעולת הנאשם בעת העבירה"": ""מנוסה מהשוטרים"", ""סוג האקדח"": ""FN"", ""מספר האקדח"": ""74423"", ""סוג התחמושת"": ""9 מ\""מ"", ""פעולה במהלך המנוסה"": ""זריקת האקדח והמחסנית"", ""שימוש"": ""לא""}",70.0,"1. **סוג העבירה וחומרתה**: שני התיקים עוסקים בעבירות נשיאת/הובלת נשק לפי סעיף 144(ב) לחוק העונשין, אך תיק 2 כולל בנוסף גם החזקה לפי סעיף 144(א). חומרת העבירות דומה בשני התיקים. 
2. **תפקיד הנאשם ומעורבותו**: בשני התיקים הנאשם הוא מי שנשא/הוביל את הנשק, ומעורבותו פעילה.
3. **שיטת הביצוע (MO)**: בשני המקרים הנשק הוחזק באופן פיזי, אך באופן שונה — האחד ברכב והשני על הגוף. בשניהם היה שימוש במחסנית, אך בראשון הנשק היה עם מחסנית בהכנס, ובשני הנשק היה מופרד מהתחמושת. 
4. **נסיבות הליבה**: בשני התיקים מדובר בנשק אוטומטי עם מחסנית. בשניהם לא היה שימוש בנשק. בראשון היה תכנון מראש, ובשני לא. 
5. **ישימות כתקדים**: בית המשפט עשוי לראות את שני התיקים כרלוונטיים זה לזה לצורכי ענישה בשל הדמיון בעבירה לפי סעיף 144(ב), אולם ההבדלים בנסיבות (תכנון, אופן החזקה) עשויים להשפיע על מידת הרלוונטיות.

SIMILARITY_SCORE: 70","ok",""
"ME-16-04-12480-812","ME-12-03-15148-775",1,0,0,"{""מיקום האירועים"": ""טירת הכרמל, בית המתלונן, אתר בניה"", ""זמן האירועים"": ""פחות משעה וחצי לאחר הוויכוח, יומיים לאחר האירוע הראשון, יום לאחר הירי השני"", ""סוג הנשק הנוסף"": ""תת מקלע מאולתר"", ""מספר כדורים שנורו"": ""12 קליעים, 2 כדורים"", ""מיקום החזקת הנשק והתחמושת"": ""בזחל של כלי עבודה, מתחת לתקרה אקוסטית במכולה"", ""סכום החוב"": ""300 ₪"", ""סוג העסקה המובילה לסכסוך"": ""עסקת רכב"", ""מספר עבירה"": ""144 א, 144 ב"", ""סוג עבירה"": ""החזקה נשק, נשיאת נשק, הובלת נשק"", ""עבירות נוספות"": ""יסיון חבלה חמורה בנסיבות מחמירות, איומים"", ""סוג הנשק [תת מקלע מאולתר]"": 1.0, ""סטטוס הנשק"": ""נשק עם כדור בקנה"", ""תכנון"": ""כן"", ""אופן החזקת הנשק"": ""ברכב, על גופו, מוסלק - מוסתר"", ""כמות תחמושת"": ""מחסנית + 17 כדורים"", ""מטרה-סיבת העבירה"": ""סכסוך"", ""שימוש"": ""כן,ירי""}","{""אופן החזקת הנשק"": ""ברכב"", ""כמות תחמושת"": ""מחסנית ובה 11 כדורים"", ""מספר עבירה"": ""144 א"", ""סוג הנשק - אם לא נמצא בטבלה"": ""משתיק קול"", ""סוג הנשק [אקדח]"": 2.0, ""סוג עבירה"": ""החזקה נשק"", ""סטטוס הנשק"": ""נשק מופרד מתחמושת"", ""עבירות נוספות"": ""שינוי זהות של כלי רכב, עבירה לפי סעיף 413ט' לחוק העונשין, תשל\""ז - 1977."", ""תכנון"": ""כן"", ""סוג הרכב"": ""הונדה סיוויק"", ""סוג האקדח"": ""ברטה"", ""קוטר האקדח"": ""9 מ\""מ"", ""פריטים נוספים ברכב"": ""כפפות בד"", ""מספר עבירה נוספת"": ""413ט"", ""תאריך העבירה"": ""2.3.2012"", ""פרטי הזיוף"": ""הסרת לוחות זיהוי מקוריות והתקנת לוחות זיהוי שונות"", ""שימוש"": ""לא""}",40.0,"1. **סוג העבירה וחומרתה**: שני התיקים עוסקים בעבירות נשק, אך תיק 1 כולל גם עבירות נוספות כמו ניסיון חבלה ואיומים, וגם החזקה, נשיאה והובלה של נשק (144 א ו-144 ב), בעוד שתיק 2 מתמקד רק בהחזקת נשק (144 א). חומרת העבירות בתיק 1 גבוהה יותר בשל השימוש בנשק וסוג העבירות הנוספות.

2. **תפקיד הנאשם ומעורבותו**: בתיק 1 הנאשם היה מעורב באופן פעיל בשימוש בנשק ובהובלתו, ואף ירה בנשק. בתיק 2, הנאשם החזיק בנשק ברכבו, אך לא השתמש בו. המעורבות בתיק 1 פעילה יותר.

3. **שיטת הביצוע (MO)**: שני התיקים כוללים החזקת נשק, אך בתיק 1 הנשק הוחזק והובל במספר דרכים (ברכב, על גופו, מוסתר) ונשק נוסף אותר במקומות מסתור שונים. בתיק 2 הנשק נמצא ברכב. שני המקרים כוללים תכנון.

4. **נסיבות הליבה**: בתיק 1 היו מחסנית + 17 כדורים, והנשק היה עם כדור בקנה. בתיק 2 היו מחסנית עם 11 כדורים, והנשק היה מופרד מהתחמושת. שני המקרים כוללים כמות תחמושת משמעותית. בתיק 1 היה שימוש בנשק, ואילו בתיק 2 לא.

5. **ישימות כתקדים**: בית משפט עשוי לראות את שני התיקים כקשורים מבחינת סוג העבירה (נשק), אך ההבדלים בנסיבות ובחומרת העבירות (שימוש בנשק, הובלה ונשיאה בתיק 1 לעומת החזקה בלבד בתיק 2) מקטינים את הדמיון.

SIMILARITY_SCORE: 40","ok",""
"ME-16-02-59812-881","ME-16-03-54615-517",1,0,0,"{""אופן קבלת הנשק"": ""עבודה"", ""כמות תחמושת"": ""2 מחסניות, 20 כדורים"", ""מטרה-סיבת העבירה"": ""בצע כסף"", ""מספר עבירה"": ""144 ב"", ""סוג הנשק [אקדח]"": 1.0, ""סוג עבירה"": ""סחר בנשק"", ""סטטוס הנשק"": ""נשק מופרד מתחמושת"", ""עבירות נוספות"": ""מסירת ידיעה כוזבת על עבירת פשע, לפי סעיף 243 סיפא לחוק; שיבוש הליכי משפט, לפי סעיף 244 לחוק."", ""תכנון"": ""כן"", ""סוג הסמים"": ""חשיש, הרואין"", ""כמות הסמים"": ""ארבע חבילות של הרואין"", ""מחיר מכירת הנשק"": ""8,000 ₪"", ""מקום העבודה"": ""בית ספר יסודי"", ""תקופת העבירות"": ""אוגוסט 2014 - פברואר 2016"", ""שם הקונה"": ""מחמוד צאלוק"", ""שם המעביד"": ""שי יהושע לוי"", ""תיאור האירוע"": ""דיווח כוזב על שוד למעביד ולמשטרה"", ""הודאה בחקירה"": ""הודתה בבדיה את אירוע השוד"", ""שימוש"": ""לא""}","{""מטרה-סיבת העבירה"": ""בצע כסף"", ""מספר עבירה"": ""144 ב"", ""סוג הנשק [תת מקלע]"": 2.0, ""סוג עבירה"": ""סחר בנשק"", ""סטטוס הנשק"": ""תקול"", ""שימוש"": ""ניסיון לירי ללא הצלחה"", ""תכנון"": ""כן"", ""סוג תת-מקלע"": ""קרלו"", ""מספר תת-מקלעים"": 2, ""מחיר תת-מקלע"": 3000, ""מספר פגישות בין הנאשם למחמד"": 4, ""מיקום הפגישות"": ""סמוך לבית מחמד"", ""תקלות בנשק"": ""שני תת-מקלעים תקולים"", ""תגובת הנאשם לתקלה"": ""סירוב להחליף נשק לאחר החלפה ראשונה"", ""כמות תחמושת"": ""ללא""}",60.0,"1. **סוג העבירה וחומרתה**: שני התיקים עוסקים בסעיף 144(ב) לחוק, שעוסק בנשיאה/הובלה של נשק, ומהווים עבירת סחר בנשק. חומרת העבירה דומה בשני המקרים, אך סוג הנשק שונה (אקדח לעומת תת-מקלע). 
2. **תפקיד הנאשם ומעורבותו**: בשני התיקים הנאשם מעורב בסחר בנשק, אך בראשון מדובר במעורבות עם קשר לעבודה, ובשני מדובר במספר פגישות עם קונה פוטנציאלי. המעורבות בשני המקרים נראית פעילה.
3. **שיטת הביצוע (MO)**: בשני התיקים ישנו תכנון מראש, אך שיטת הביצוע שונה — האחד קשור לעבודה והשני לפגישות עם קונה. 
4. **נסיבות הליבה**: בשניהם ישנו תכנון, אך הם נבדלים בכמות התחמושת (20 כדורים לעומת ללא תחמושת) ובסטטוס הנשק (מופרד מתחמושת לעומת תקול). כמו כן, נעשה שימוש בנשק בתיק השני (ניסיון לירי), אך לא בראשון.
5. **ישימות כתקדים**: בית המשפט עשוי לראות את שני התיקים כרלוונטיים זה לזה בשל סעיף העבירה הדומה (144(ב)) ומטרת העבירה (בצע כסף), אך יצטרך להתחשב בהבדלים בסוג הנשק, שימוש בנשק, וכמות התחמושת.

SIMILARITY_SCORE: 60","ok",""
"SH-23-03-19819-247","SH-16-11-7544-55",3,1,1,"{""אופן החזקת הנשק"": ""בבית, מוסלק - מוסתר"", ""כמות תחמושת"": ""3 מחסניות"", ""מספר עבירה"": ""144 א"", ""סוג הנשק [רובה סער ]"": 1.0, ""סוג עבירה"": ""החזקה נשק"", ""סטטוס הנשק"": ""נשק מופרד מתחמושת"", ""תכנון"": ""כן"", ""מיקום החזקת הנשק"": ""מעל מקרר המטבח"", ""סוג הנשק"": ""רובה אויר שהוסב לירי תחמושת"", ""קליבר התחמושת"": ""5.56X45"", ""כמות כדורים"": ""כמה עשרות כדורי 5.56 מ\""מ"", ""מיקום המעצר"": ""בית הנאשם ברהט"", ""תאריך המעצר"": ""15.2.23"", ""שעת המעצר"": ""13:04"", ""שימוש"": ""לא""}","{""אופן החזקת הנשק"": ""על גופו"", ""כמות תחמושת"": ""מחסנית ובה 10 כדורים"", ""מספר עבירה"": ""144 א"", ""סוג הנשק [תת מקלע מאולתר]"": 1.0, ""סוג עבירה"": ""החזקה נשק"", ""סטטוס הנשק"": ""נשק מופרד מתחמושת"", ""תכנון"": ""לא"", ""תאריך האירוע"": ""26.10.16"", ""מיקום האירוע"": ""מחלף להב-שומריה, כביש 6 לכוון צפון"", ""סוג הרכב"": ""רכב פרטי"", ""זיהוי הנאשם"": ""על ידי שוטר"", ""שם השוטר"": ""מיכאל אדרי"", ""קוטר הקליעים"": ""9 מ\""מ"", ""שימוש"": ""לא""}",60.0,"1. **סוג העבירה וחומרתה**: שני התיקים עוסקים בעבירת החזקת נשק לפי סעיף 144(א) לחוק העונשין, אך סוג הנשק שונה (רובה סער מוסב לעומת תת-מקלע מאולתר). חומרת העבירה דומה בשל היותם עבירות החזקה ללא שימוש.

2. **תפקיד הנאשם ומעורבותו**: בשני התיקים הנאשמים מואשמים בהחזקה בלבד, ללא עדות למעורבות פעילה נוספת כמו סחר או שימוש בנשק. המעורבות היא פסיבית.

3. **שיטת הביצוע (MO)**: אופן החזקת הנשק שונה - האחד בביתו (תיק 1) והשני על גופו ברכב (תיק 2). סטטוס הנשק בשני המקרים הוא מופרד מתחמושת.

4. **נסיבות הליבה**: כמות התחמושת שונה (כמה עשרות כדורים לעומת 10 כדורים). לא היה שימוש בנשק בשני המקרים. תכנון היה קיים רק בתיק 1.

5. **ישימות כתקדים**: בית המשפט עשוי לראות את שני התיקים כרלוונטיים זה לזה בשל הדמיון בעבירת ההחזקה, אך ההבדלים בכמות התחמושת, סוג הנשק, ונסיבות החזקה (בית לעומת רכב) עשויים להשפיע על קביעת העונש.

SIMILARITY_SCORE: 60","ok",""
"ME-15-12-39071-113","ME-16-10-12213-904",1,0,0,"{""אופן החזקת הנשק"": ""ברכב, מוסלק - מוסתר"", ""מטרה-סיבת העבירה"": ""הגנה עצמית"", ""מספר עבירה"": ""144 א"", ""סוג הנשק [אקדח]"": 1.0, ""סוג עבירה"": ""החזקה נשק"", ""סטטוס הנשק"": ""תקין"", ""תכנון"": ""לא"", ""סוג רכב"": ""מזדה 3"", ""מספר רישיון רכב"": ""71-098-16"", ""מיקום האירוע"": ""כביש מספר 1, בסמוך למחלף הראל"", ""זמן האירוע"": ""12.10.13, בשעה 22:30"", ""מיקום החזקת הנשק ברכב"": ""מתחת לשטיח שמתחת למושב הסמוך לנהג"", ""סוג הנשק"": ""אקדח חצי אוטומטי מסוג סטאר"", ""שימוש"": ""לא"", ""כמות תחמושת"": ""ללא""}","{""סוג רכב"": ""סובארו"", ""בעלות על הרכב"": ""רשום על שם אחיו, מג'ד"", ""מיקום החזקת הנשק"": ""מתחת לכיסא הנוסע שליד הנהג"", ""מיקום המחסנית"": ""מתחת לכיסא הנוסע שליד הנהג"", ""מקום מגורים"": ""אום-אל-פחם"", ""מקום החזקת הנשק"": ""בית אמו"", ""סוג התחמושת"": ""כדור 9 מ\""מ"", ""מקום התפיסה"": ""במוסך במורד הרחוב"", ""מספר עבירה"": ""144 ב"", ""סוג עבירה"": ""נשיאת נשק"", ""סוג הנשק [תת מקלע מאולתר]"": 1.0, ""סטטוס הנשק"": ""נשק מופרד מתחמושת"", ""תכנון"": ""כן"", ""אופן החזקת הנשק"": ""ברכב, מוסלק - מוסתר"", ""אופן קבלת הנשק"": ""מצא"", ""כמות תחמושת"": ""מחסנית ריקה ובה 0 כדורים + 1 כדור"", ""שימוש"": ""לא""}",40.0,"להלן הניתוח לפי הממדים השונים:

1. **סוג העבירה וחומרתה**:
   - תיק 1: עבירת החזקת נשק לפי סעיף 144(א) - חומרתה בינונית.
   - תיק 2: עבירת נשיאת נשק לפי סעיף 144(ב) - חומרתה גבוהה יותר.
   - הדמיון מוגבל בשל סעיפי החוק השונים.

2. **תפקיד הנאשם ומעורבותו**:
   - בשני התיקים הנאשם הוא המחזיק/נושא בנשק. אין מידע על מעורבות נוספת.
   - דמיון חלקי, אך חשוב לציין שהמעורבות בשני המקרים היא יחסית.

3. **שיטת הביצוע (MO)**:
   - בשני התיקים הנשק הוחזק/נישא ברכב, מוסתר.
   - דמיון משמעותי בשיטת הביצוע.

4. **נסיבות הליבה**:
   - תיק 1: נשק תקין ללא תחמושת, ללא תכנון מראש, מטרה של הגנה עצמית.
   - תיק 2: נשק מופרד מתחמושת, תכנון מראש, מציאת הנשק.
   - ישנם הבדלים בנסיבות, במיוחד בנוגע לתכנון ולסטטוס התחמושת.

5. **ישימות כתקדים**:
   - ההבדל המהותי בין סעיף 144(א) ל-144(ב) מקשה על השימוש בתיק 1 כתקדים לתיק 2 ולהפך.
   - למרות דמיון מסוים בשיטת ההחזקה/נשיאה, ההבדלים בעבירות ובנסיבות מקטינים את הרלוונטיות.

SIMILARITY_SCORE: 40","ok",""
"ME-16-08-44157-713","ME-17-05-35227-215",2,0,1,"{""אופן החזקת הנשק"": ""בבית"", ""כמות תחמושת"": ""מחסנית"", ""מטרה-סיבת העבירה"": ""בצע כסף"", ""מספר עבירה"": ""144 ב"", ""סוג הנשק [תת מקלע מאולתר]"": 1.0, ""סוג הנשק [תת מקלע]"": 1.0, ""סוג עבירה"": ""סחר בנשק"", ""סטטוס הנשק"": ""נשק מופרד מתחמושת"", ""עבירות נוספות"": ""קשירת קשר לביצוע פשע"", ""תכנון"": ""כן"", ""סוגי נשק נוספים"": [""קרל גוסטב מאולתר"", ""מיני עוזי"", ""אקדח 14"", ""אקדח 7"", ""קאנס""], ""מקום המפגש לעסקת נשק"": ""ליד פסי הרכבת בעיר לוד"", ""מחיר נשק קרל גוסטב"": ""10500 שקלים"", ""מחיר נשק אקדח 7"": ""10000 שקלים"", ""תיאור נשק קאנס"": ""מצויד במשתיק קול, כוונת טלסקופית ומחסנית המכילה 100 כדורים"", ""מספר שותפים בעסקת הנשק"": ""מספר שותפים"", ""תפקיד הנאשם בעסקה"": ""העברת הנשק לאחר לצורך העברתו לסוכן"", ""שימוש"": ""לא""}","{""אופן החזקת הנשק"": ""ברכב"", ""כמות תחמושת"": ""מחסנית"", ""מספר עבירה"": ""144 ב"", ""סוג הנשק [תת מקלע מאולתר]"": 1.0, ""סוג עבירה"": ""נשיאת נשק, הובלת נשק"", ""סטטוס הנשק"": ""נשק עם מחסנית בהכנס"", ""תכנון"": ""כן"", ""תאריך העבירה"": ""7 במאי 2017"", ""שעת העבירה"": ""צהריים"", ""סוג הרכב"": ""אופנוע"", ""דגם הרכב"": ""קואנג יאנג טיו"", ""הודאה בעבירה"": ""הודה"", ""סעיף העבירה"": ""144(ב) רישא וסיפא"", ""שנת החוק"": ""1977"", ""שימוש"": ""לא""}",60.0,"1. **סוג העבירה וחומרתה**: שני התיקים עוסקים בעבירות נשיאת/הובלת נשק לפי סעיף 144(ב), מה שמצביע על דמיון בסוג העבירה וחומרתה. שני התיקים גם כוללים נשק מסוג תת-מקלע מאולתר, דבר המרמז על חומרת העבירה. עם זאת, תיק 1 כולל גם עבירות נוספות כמו סחר בנשק וקשירת קשר לביצוע פשע, מה שעשוי להצביע על חומרה גדולה יותר.

2. **תפקיד הנאשם ומעורבותו**: בתיק 1, הנאשם היה מעורב בהעברת נשק לאחר לצורך העברתו לסוכן, מה שמצביע על תפקיד פעיל בעסקת הנשק. בתיק 2, אין פרטים מפורשים על תפקיד הנאשם, אך העובדה שהוא נשא/הוביל נשק ברישיון (144(ב)) מרמזת על מעורבות מסוימת. עם זאת, אין די מידע כדי לקבוע אם מדובר במעורבות פעילה או פסיבית.

3. **שיטת הביצוע (MO)**: שני התיקים כוללים נשיאת/הובלת נשק (סעיף 144(ב)), אך בשיטות שונות - תיק 1 מתאר העברת נשק לאחר, בעוד תיק 2 מתאר נשיאה/הובלה ברישיון. כמו כן, סטטוס הנשק שונה - תיק 1 מתאר נשק מופרד מתחמושת, ואילו תיק 2 מתאר נשק עם מחסנית בהכנס.

4. **נסיבות הליבה**: שני התיקים כוללים נשיאת/הובלת נשק עם מחסנית, וכן תכנון מראש. עם זאת, ישנם הבדלים בנסיבות - תיק 1 מתרחש בבית וכולל עסקת נשק, ואילו תיק 2 מתרחש ברכב (אופנוע).

5. **ישימות כתקדים**: בהתחשב בדמיון בסעיף העבירה (144(ב)), סוג הנשק (תת-מקלע מאולתר), וכמות התחמושת (מחסנית), יש בסיס מסוים לראות את שני התיקים כרלוונטיים זה לזה. עם זאת, ההבדלים בתפקיד הנאשם, שיטת הביצוע, ונסיבות הליבה עשויים להפחית מהרלוונטיות.

SIMILARITY_SCORE: 60","ok",""
"ME-10-08-17917-313","ME-16-04-12480-812",1,0,0,"{""מקור הנשק"": ""קיבל מאחר"", ""מיקום החבייה הראשוני"": ""מחסן ביתו"", ""תאריכים של החזקת הנשק"": ""23.7.10 עד 24.7.10"", ""מקום השימוש בנשק"": ""עתלית"", ""סוג הסם"": ""קנבוס"", ""כמות הסם"": ""15.05 גרם"", ""מחיר הסם"": ""150 שקלים"", ""מקום תפיסת הסם"": ""בבית הנאשם"", ""תקופות קבלת הסם"": ""קודם לחודש יולי 2010"", ""סוג עבירה"": ""החזקה נשק"", ""סוג הנשק [אקדח]"": 1.0, ""סטטוס הנשק"": ""נשק מופרד מתחמושת"", ""תכנון"": ""לא"", ""אופן החזקת הנשק"": ""בבית, מוסלק - מוסתר"", ""כמות תחמושת"": ""3 כדורים"", ""מטרה-סיבת העבירה"": ""הגנה עצמית"", ""שימוש"": ""לא"", ""אופן קבלת הנשק"": ""מאחר"", ""עבירות נוספות"": ""הנאשם הורשע בנוסף לעבירות נשק גם בעבירה של החזקת סם מסוכן לצריכה עצמית.""}","{""מיקום האירועים"": ""טירת הכרמל, בית המתלונן, אתר בניה"", ""זמן האירועים"": ""פחות משעה וחצי לאחר הוויכוח, יומיים לאחר האירוע הראשון, יום לאחר הירי השני"", ""סוג הנשק הנוסף"": ""תת מקלע מאולתר"", ""מספר כדורים שנורו"": ""12 קליעים, 2 כדורים"", ""מיקום החזקת הנשק והתחמושת"": ""בזחל של כלי עבודה, מתחת לתקרה אקוסטית במכולה"", ""סכום החוב"": ""300 ₪"", ""סוג העסקה המובילה לסכסוך"": ""עסקת רכב"", ""מספר עבירה"": ""144 א, 144 ב"", ""סוג עבירה"": ""החזקה נשק, נשיאת נשק, הובלת נשק"", ""עבירות נוספות"": ""יסיון חבלה חמורה בנסיבות מחמירות, איומים"", ""סוג הנשק [תת מקלע מאולתר]"": 1.0, ""סטטוס הנשק"": ""נשק עם כדור בקנה"", ""תכנון"": ""כן"", ""אופן החזקת הנשק"": ""ברכב, על גופו, מוסלק - מוסתר"", ""כמות תחמושת"": ""מחסנית + 17 כדורים"", ""מטרה-סיבת העבירה"": ""סכסוך"", ""שימוש"": ""כן,ירי""}",20.0,"1. **סוג העבירה וחומרתה**: שני התיקים כוללים עבירות נשק, אך תיק 1 כולל רק החזקת נשק (144א) בעוד תיק 2 כולל החזקה, נשיאה והובלת נשק (144א ו-144ב) וגם שימוש בנשק. חומרת העבירות בתיק 2 גבוהה יותר בשל השימוש בנשק וסוג הנשק (תת מקלע מאולתר).

2. **תפקיד הנאשם ומעורבותו**: בתיק 1 הנאשם החזיק בנשק ללא שימוש, לצורך הגנה עצמית, וגם היה מעורב בהחזקת סם. בתיק 2 הנאשם היה מעורב באופן פעיל יותר - החזיק, נשא והשתמש בנשק במסגרת סכסוך. המעורבות בתיק 2 פעילה ומסוכנת יותר.

3. **שיטת הביצוע (MO)**: בתיק 1 הנשק הוחזק בבית בצורה מוסתרת ולא נעשה בו שימוש. בתיק 2 הנשק הוחזק, נישא והובל במספר דרכים (ברכב, על גופו) ונעשה בו שימוש. אמצעי הביצוע והשימוש בנשק שונים.

4. **נסיבות הליבה**: בתיק 1 כמות התחמושת הייתה קטנה (3 כדורים) והנשק היה מופרד מהתחמושת. בתיק 2 כמות התחמושת הייתה גדולה יותר (מחסנית + 17 כדורים) והנשק היה עם כדור בקנה. בתיק 2 היה תכנון מראש ושימוש בנשק, מה שמעיד על חומרה גדולה יותר.

5. **ישימות כתקדים**: בהתחשב בהבדלים המהותיים בין שני התיקים, במיוחד בנוגע לשימוש בנשק, סוג העבירות (144א בלבד לעומת 144א ו-144ב), וכמות התחמושת, תיק 1 לא יכול לשמש כתקדים ישיר לתיק 2. עם זאת, שני התיקים עוסקים בעבירות נשק, ולכן יש ביניהם קשר ענייני מסוים.

SIMILARITY_SCORE: 20","ok",""
"ME-20-07-29529-567","ME-16-08-54879-35",2,0,1,"{""מיקום האירוע"": ""כביש 70 לכיוון צפון"", ""תאריך האירוע"": ""30.06.2020"", ""שעת האירוע"": ""שעת ערב"", ""זהות הנהג"": ""פאדי"", ""מיקום הנשק ברכב"": ""מוסלק בין רגלי הנאשם"", ""סיבת עצירת הרכב"": ""חשד להימצאות נשק"", ""השפעה על תנועה"": ""יצירת פקק תנועה"", ""מספר עבירה"": ""144 ב"", ""סוג עבירה"": ""נשיאת נשק, הובלת נשק"", ""סוג הנשק [אקדח]"": 1.0, ""סטטוס הנשק"": ""נשק מופרד מתחמושת"", ""תכנון"": ""כן"", ""אופן החזקת הנשק"": ""ברכב, על גופו, מוסלק - מוסתר"", ""כמות תחמושת"": ""2 מחסניות"", ""שימוש"": ""לא""}","{""אופן החזקת הנשק"": ""על גופו, סמוך לבית"", ""כמות תחמושת"": ""מחסנית ובה 7 כדורים"", ""מספר עבירה"": ""144 ב"", ""סוג הנשק [תת מקלע מאולתר]"": 1.0, ""סוג עבירה"": ""נשיאת נשק, הובלת נשק"", ""סטטוס הנשק"": ""נשק מופרד מתחמושת"", ""תכנון"": ""לא"", ""תאריך האירוע"": ""17.8.16"", ""שעת האירוע"": ""סמוך לשעה 11:00"", ""מיקום האירוע"": ""רחוב ברזילי 12, חיפה"", ""קוטר הנשק"": ""9 מ\""מ"", ""כוח הכדור"": ""בכוחו להמית אדם"", ""מצב הנשק"": ""נשק מאולתר"", ""הודאת הנאשם"": ""הנאשם הודה בעובדות כתב האישום"", ""שימוש"": ""לא""}",80.0,"1. **סוג העבירה וחומרתה** — שני התיקים עוסקים בעבירה לפי סעיף 144(ב) (נשיאת נשק/הובלת נשק), ומדובר באותו סוג עבירה. חומרת העבירה בשני המקרים דומה, כיוון ששניהם כוללים נשק חם ותחמושת.

2. **תפקיד הנאשם ומעורבותו** — בשני התיקים הנאשם הוא זה שנשא את הנשק, כך שמעורבותו דומה. אין הבדל מהותי בתפקיד הנאשם.

3. **שיטת הביצוע (MO)** — בשני המקרים הנשק הוחזק באופן מוסתר, אך יש הבדל בתכנון מראש (כן בתיק 1, לא בתיק 2). אופן ההחזקה דומה בכך שהנשק היה על גופם של הנאשמים.

4. **נסיבות הליבה** — בשני התיקים הנשק היה מופרד מהתחמושת, לא נעשה בו שימוש, ומדובר בנשק חם. כמות התחמושת בשני המקרים אינה זהה אך היא בסדר גודל דומה (2 מחסניות בתיק 1 לעומת מחסנית אחת בת 7 כדורים בתיק 2).

5. **ישימות כתקדים** — בית המשפט יוכל לראות בשני התיקים תקדים ענייני לצורכי ענישה, בשל הדמיון בעבירה, בנסיבות החזקת הנשק ובמידת המעורבות של הנאשמים.

SIMILARITY_SCORE: 80","ok",""
"SH-09-05-9349-998","ME-20-07-29529-567",1,0,0,"{""מיקום החזקת הנשק"": ""מקפיא בבית"", ""מיקום התחמושת"": ""בתוך נעל בחדר"", ""סוג התחמושת"": ""כדורי אקדח 9 מ\""מ"", ""מספר סידורי של הנשק"": ""1066A"", ""יצרן הנשק"": ""CZ"", ""תאריך ושעה"": ""12/5/09, 12:00"", ""מספר עבירה"": ""144 א"", ""סוג עבירה"": ""החזקה נשק"", ""סוג הנשק [אקדח]"": 1.0, ""סטטוס הנשק"": ""נשק מופרד מתחמושת"", ""תכנון"": ""לא"", ""אופן החזקת הנשק"": ""בבית"", ""כמות תחמושת"": ""מחסנית ובה 0 כדורים, 26 כדורים"", ""שימוש"": ""לא""}","{""מיקום האירוע"": ""כביש 70 לכיוון צפון"", ""תאריך האירוע"": ""30.06.2020"", ""שעת האירוע"": ""שעת ערב"", ""זהות הנהג"": ""פאדי"", ""מיקום הנשק ברכב"": ""מוסלק בין רגלי הנאשם"", ""סיבת עצירת הרכב"": ""חשד להימצאות נשק"", ""השפעה על תנועה"": ""יצירת פקק תנועה"", ""מספר עבירה"": ""144 ב"", ""סוג עבירה"": ""נשיאת נשק, הובלת נשק"", ""סוג הנשק [אקדח]"": 1.0, ""סטטוס הנשק"": ""נשק מופרד מתחמושת"", ""תכנון"": ""כן"", ""אופן החזקת הנשק"": ""ברכב, על גופו, מוסלק - מוסתר"", ""כמות תחמושת"": ""2 מחסניות"", ""שימוש"": ""לא""}",20.0,"1. **סוג העבירה וחומרתה**: שני התיקים עוסקים בעבירות נשק, אך סוג העבירה שונה — תיק 1 הוא החזקה (144א) ותיק 2 הוא נשיאה/הובלה (144ב). חומרת העבירה ב-144(ב) נחשבת לחמורה יותר.

2. **תפקיד הנאשם ומעורבותו**: בשני התיקים הנאשם הוא המחזיק בנשק, אך בתיק 2 הנאשם גם נהג הרכב והנשק היה מוסלק לידיו, מה שמעיד על מעורבות פעילה יותר.

3. **שיטת הביצוע (MO)**: ההחזקה בתיק 1 היא בבית, ואילו בתיק 2 הנשק הוחזק והובל ברכב, כאשר הוא מוסלק בין רגלי הנאשם. אלמנט ההסלקה מעיד על דפוס שונה.

4. **נסיבות הליבה**: בשני התיקים הנשק מופרד מהתחמושת ולא נעשה בו שימוש. כמות התחמושת בשני התיקים שונה — בתיק 1 היו 26 כדורים, ואילו בתיק 2 היו 2 מחסניות (ללא ציון כמות הכדורים). תיק 2 מעיד על תכנון מראש.

5. **ישימות כתקדים**: בשל ההבדל בסעיפי האישום (144א לעומת 144ב) ובנסיבות (החזקה בבית לעומת נשיאה ברכב), בית המשפט עשוי לראות את שני התיקים כשונים מבחינת חומרת העבירה ונסיבותיה.

SIMILARITY_SCORE: 20","ok",""
"ME-22-03-46930-359","ME-16-03-59260-279",1,0,0,"{""אופן קבלת הנשק"": ""רכש"", ""כמות תחמושת"": ""מחסנית"", ""מטרה-סיבת העבירה"": ""בצע כסף"", ""מספר עבירה"": ""144 א, 144 ב"", ""סוג הנשק [אקדח]"": 1.0, ""סוג עבירה"": ""החזקה נשק, סחר בנשק"", ""סטטוס הנשק"": ""נשק מופרד מתחמושת"", ""תכנון"": ""כן"", ""תאריך לידה הנאשם"": ""2/8/82"", ""סכום רכישת הנשק"": 12000, ""מיקום החזקת הנשק"": ""שטח פתוח מכפר מגוריו"", ""סוג הנשק"": ""אקדח גלוק"", ""תאריך הפגישה"": ""אוגוסט 2016"", ""סכום תשלום סופי לעטאללה"": 16000, ""תאריך תפיסת הנשק"": ""9/2/17"", ""תאריך גילוי העבירות"": ""פברואר - מרץ 2022"", ""תאריך מעצר הנאשם"": ""2/3/22"", ""תאריך הגשת כתב אישום"": ""22/3/22"", ""סוג הרכב בתמורה לנשק"": ""יגואר"", ""מספר רישוי הרכב"": ""65-947-64"", ""שימוש"": ""לא""}","{""מיקום החזקת הנשק"": ""חנות דגים, רחוב נווה שאנן 37, תל-אביב"", ""סוג האקדח"": ""גלוק"", ""צבע האקדח"": ""שחור"", ""מספר רישום האקדח"": ""F.V.458"", ""זמן האירוע"": ""23.3.16, סמוך לשעה 7:30"", ""מיקום הירי"": ""רחוב התחייה 19, תל אביב-יפו"", ""סוג הרכב"": ""מרצדס"", ""מיקום נוסף"": ""רחוב המנוע 2, תל אביב-יפו"", ""מספר עבירה"": ""144 א, 144 ב"", ""סוג עבירה"": ""החזקה נשק, נשיאת נשק"", ""סוג הנשק [אקדח]"": 1.0, ""סטטוס הנשק"": ""נשק עם מחסנית בהכנס"", ""תכנון"": ""כן"", ""אופן החזקת הנשק"": ""ברכב, מחסן"", ""כמות תחמושת"": ""מחסנית ובה 14 כדורים"", ""מטרה-סיבת העבירה"": ""סכסוך"", ""שימוש"": ""לא""}",70.0,"להלן הניתוח לפי הממדים השונים:

1. **סוג העבירה וחומרתה**:
שני התיקים כוללים עבירות נשק לפי סעיף 144, הן החזקה (א) והן נשיאה/הובלה (ב). חומרת העבירה דומה בשני התיקים, אך יש לציין שהעבירות בשני התיקים כוללות הן החזקה והן נשיאה/הובלה. 
2. **תפקיד הנאשם ומעורבותו**:
בשני התיקים הנאשם מעורב באופן פעיל בהחזקת הנשק. בתיק 1 הנאשם רכש את הנשק, ובתיק 2 הנאשם החזיק בנשק ברכב ובמחסן. אין אינדיקציה ברורה לתפקיד הנאשם כסוחר או מחזיק בלבד.
3. **שיטת הביצוע (MO)**:
שני התיקים כוללים נשק אקדח מסוג גלוק. בתיק 1 הנשק היה מופרד מהתחמושת, ואילו בתיק 2 הנשק היה עם מחסנית. שני התיקים מעידים על תכנון מראש.
4. **נסיבות הליבה**:
בתיק 1 כמות התחמושת היא מחסנית שלמה, ובתיק 2 המחסנית כללה 14 כדורים. בשני המקרים לא נעשה שימוש בנשק. המטרות שונות: בתיק 1 המטרה הייתה בצע כסף, ואילו בתיק 2 המטרה הייתה סכסוך.
5. **ישימות כתקדים**:
שני התיקים כוללים עבירות נשק חמורות עם מאפיינים דומים, כגון החזקת אקדח גלוק, תכנון מראש, ואי שימוש בנשק. עם זאת, ישנם הבדלים בנסיבות ובמטרות.

SIMILARITY_SCORE: 70","ok",""
"ME-16-02-18397-87","ME-12-03-13401-281",1,0,0,"{""אופן החזקת הנשק"": ""ברכב, מוסלק - מוסתר"", ""כמות תחמושת"": ""כדורים"", ""מספר עבירה"": ""144 ב"", ""סוג הנשק [אקדח]"": 1.0, ""סוג עבירה"": ""נשיאת נשק, הובלת נשק"", ""סטטוס הנשק"": ""תקול"", ""עבירות נוספות"": ""נהיגה ללא רישיון, נהיגה ללא ביטוח וללא רישיון רכב"", ""תכנון"": ""לא"", ""מיקום האירוע"": ""לפני הכניסה לכפר דבוריה"", ""תגובת הנאשם לבדיקת שוטרים"": ""סירוב לפתוח את תא האופנוע"", ""אופן גילוי הנשק"": ""בחיפוש על גופו ובתא האופנוע"", ""פרטי הנשק"": ""חסר חלק פנימי לפעולת ירי"", ""סוג הרכב"": ""קטנוע"", ""שימוש"": ""לא""}","{""אופן החזקת הנשק"": ""ברכב"", ""כמות תחמושת"": ""2 מחסניות ובהן כדורים, 11 כדורים"", ""מספר עבירה"": ""144 א, 144 ב"", ""סוג הנשק [אקדח]"": 1.0, ""סוג עבירה"": ""החזקה נשק, נשיאת נשק, הובלת נשק"", ""סטטוס הנשק"": ""נשק עם כדור בקנה"", ""עבירות נוספות"": ""יריות באזור מגורים - עבירה לפי סעיף 340א לחוק."", ""שימוש"": ""כן,ירי"", ""תכנון"": ""לא"", ""סוג הנשק"": ""אקדח CZ קליבר 9 מ\""מ"", ""מקום האירוע"": ""רחוב שיבת ציון, חיפה"", ""זמן האירוע"": ""ליל 25-26.2.12, סמוך לשעה 00:38"", ""מקור הנשק"": ""נגנב בהתפרצות לבית ביישוב ציפורי ב-3.2.12"", ""זמן המעצר"": ""סמוך לשעה 1:50"", ""מקום המעצר"": ""ברכב על ידי שוטרים""}",40.0,"1. **סוג העבירה וחומרתה**: שני התיקים עוסקים בעבירות נשק, אך תיק 1 מתמקד בנשיאה והובלה לפי סעיף 144(ב), בעוד שתיק 2 כולל גם החזקה לפי סעיף 144(א) וגם נשיאה והובלה. חומרת העבירה בשני התיקים גבוהה, אך תיק 2 מחמיר יותר בשל שימוש בנשק וירי.

2. **תפקיד הנאשם ומעורבותו**: בשני התיקים הנאשם הוא המחזיק/נושא/הוביל את הנשק. מעורבותו של הנאשם בשני התיקים פעילה.

3. **שיטת הביצוע (MO)**: בשני התיקים הנשק הוחזק/נישא/הובל ברכב. עם זאת, אופן הגילוי והנסיבות שונות.

4. **נסיבות הליבה**: תיק 1 כולל נשק תקול ללא תחמושת שמוסתר ברכב, ללא תכנון מראש. תיק 2 כולל נשק פעיל עם תחמושת, שימוש בנשק (ירי), ונסיבות מחמירות נוספות (יריות באזור מגורים).

5. **ישימות כתקדים**: בית המשפט עשוי לראות את שני התיקים כרלוונטיים זה לזה במידה מסוימת בשל הדמיון בנשיאה והובלה של נשק. עם זאת, ההבדלים בנסיבות (שימוש בנשק, כמות תחמושת, סטטוס הנשק) עשויים להפחית מהרלוונטיות של תיק 1 כתקדים לתיק 2.

SIMILARITY_SCORE: 40","ok",""
"ME-17-10-62597-895","SH-15-12-65958-120",1,0,0,"{""אופן החזקת הנשק"": ""על גופו"", ""כמות תחמושת"": ""מחסנית, כדורים"", ""מספר עבירה"": ""144 ב"", ""סוג הנשק [אקדח]"": 1.0, ""סוג עבירה"": ""נשיאת נשק, הובלת נשק"", ""סטטוס הנשק"": ""תקין"", ""תכנון"": ""לא"", ""תאריך העבירה"": ""דצמבר 2016"", ""מיקום העבירה"": ""מחוץ ליישוב לקיה"", ""סוג האקדח"": ""FN"", ""מורכבות הפרשייה"": ""מעורבות בפרשייה מורכבת ומסובכת יותר"", ""תאריך לידה"": ""23.2.1998"", ""שימוש"": ""לא""}","{""אופן החזקת הנשק"": ""בבית, מוסלק - מוסתר"", ""כמות תחמושת"": ""מחסנית ובה 8 כדורים + מחסנית ובה 15 כדורים + מחסנית ריקה ובה 0 כדורים + מחסנית ובה 6 כדורים"", ""מטרה-סיבת העבירה"": ""הגנה עצמית"", ""מספר עבירה"": ""144 א"", ""סוג הנשק [אקדח]"": 2.0, ""סוג הנשק [תת מקלע מאולתר]"": 1.0, ""סוג עבירה"": ""החזקה נשק"", ""סטטוס הנשק"": ""נשק עם מחסנית בהכנס"", ""תכנון"": ""כן"", ""תאריך העבירה"": ""24.12.15"", ""מיקום העבירה"": ""בית הנאשם בטייבה"", ""סוגי הנשק הנוספים"": ""אקדח זיג זאוור, קרלו"", ""קוטר תחמושת"": ""9 מ\""מ, 7.65 מ\""מ"", ""מספר נשקים"": 3, ""מספר מחסניות"": 4, ""שימוש"": ""לא""}",40.0,"1. **סוג העבירה וחומרתה**: 
שני התיקים עוסקים בעבירות נשק, אך סוג העבירה שונה - תיק 1 מתייחס לנשיאה והובלה לפי סעיף 144(ב), בעוד שתיק 2 מתייחס להחזקה לפי סעיף 144(א). חומרת העבירה ב-144(ב) נחשבת לחמורה יותר.

2. **תפקיד הנאשם ומעורבותו**: 
בשני התיקים הנאשם הוא המחזיק/נושא הנשק, אך בתיק 1 מדובר בנשיאה פיזית על הגוף, ואילו בתיק 2 - החזקה בבית. המעורבות בשני המקרים אינה פסיבית, אך יש הבדל בין נשיאה פיזית להחזקה.

3. **שיטת הביצוע (MO)**: 
שיטת הביצוע שונה - בתיק 1 הנשק נישא על הגוף, ואילו בתיק 2 הוא הוחזק בבית ומוסתר. בתיק 2 יש תכנון מראש, בניגוד לתיק 1.

4. **נסיבות הליבה**: 
שניהם כוללים נשק אקדחי עם תחמושת, אך בכמויות שונות. בתיק 2 יש מספר נשקים ומחסניות, מה שמעיד על החזקה נרחבת יותר. בשני המקרים לא היה שימוש בנשק.

5. **ישימות כתקדים**: 
בית המשפט יבדיל בין שני התיקים בשל ההבדל בין 144(א) ל-144(ב) ונסיבות החזקה/נשיאה שונות. הדמיון הוא חלקי בלבד.

SIMILARITY_SCORE: 40","ok",""
"ME-13-02-28360-614","ME-16-06-44840-433",1,0,0,"{""אופן החזקת הנשק"": ""ברכב"", ""מספר עבירה"": ""144 ב"", ""סוג הנשק [אקדח]"": 1.0, ""סוג עבירה"": ""נשיאת נשק"", ""סטטוס הנשק"": ""נשק עם כדור בקנה"", ""עבירות נוספות"": ""הפרעה לשוטר במילוי תפקידו,נהיגה ללא רישיון,נהיגה ללא ביטוח',נהיגה תחת השפעת משקאות משכרים"", ""שימוש"": ""כן,ירי"", ""תכנון"": ""לא"", ""מקום האירוע"": ""רהט"", ""תאריך האירוע"": ""9/2/13"", ""התנהגות במהלך המעצר"": ""ניסיון להימלט, נסיעה מהירה, נסיעה על המדרכה"", ""מספר יריות"": 3, ""מקום הירי"": ""צריף ברהט"", ""זהות נוסע ברכב"": ""הלאל אבו זעילה"", ""סוג הרכב"": ""רכב גנוב"", ""סוג המשקאות המשכרים"": ""אלכוהוליים"", ""תגובת תושבים"": ""צעקות מתושב השכונה"", ""תגובת המשטרה"": ""ניידת עם אורות כחולים דולקים, סירנה והכריזה"", ""כמות תחמושת"": ""ללא""}","{""שנת לידה"": ""1993"", ""מיקום האירוע"": ""רחוב האפרסמון, ירושלים"", ""תאריך האירוע"": ""5.6.16"", ""מעורבים נוספים"": ""אלירון גולד, רן אברג'יל, יוני אברג'יל, נתי קורקוס"", ""פרטי הסדר טיעון"": ""הודאה והרשעה בכתב אישום שתוקן"", ""פרטי הסתרת הנשק"": ""הטמנת רימוני הלם במקום סמוך, העברתם בין שני מקומות מסתור נוספים"", ""מספר עבירה"": ""144 א, 144 ב"", ""סוג עבירה"": ""החזקה נשק, נשיאת נשק"", ""עבירות נוספות"": ""סיוע לנסיון לתקיפה לפי סעיפים 379 + 25 + 31 לחוק"", ""סוג הנשק [רימון רסס]"": 1.0, ""סוג הנשק [רימון הלם/גז]"": 2.0, ""סטטוס הנשק"": ""תקין"", ""תכנון"": ""כן"", ""אופן החזקת הנשק"": ""ברכב, מוסלק - מוסתר"", ""אופן קבלת הנשק"": ""מאחר"", ""מטרה-סיבת העבירה"": ""סכסוך"", ""שימוש"": ""זריקת רימון"", ""כמות תחמושת"": ""ללא""}",60.0,"להלן הניתוח לפי הממדים השונים:

1. **סוג העבירה וחומרתה**:
שני התיקים עוסקים בעבירות נשק, אך יש הבדל בין נשיאת נשק (144ב) לבין החזקה ונשיאה (144א ו-144ב). תיק 1 מתמקד בנשיאת נשק (144ב) עם שימוש בנשק, ואילו תיק 2 כולל הן החזקה והן נשיאה. חומרת העבירה בשני התיקים גבוהה בשל שימוש בנשק.

2. **תפקיד הנאשם ומעורבותו**:
בשני התיקים הנאשם מעורב באופן פעיל בעבירה. בתיק 1 הנאשם הואשם בנשיאת נשק וירי, ובתיק 2 הנאשם היה מעורב בהחזקה ונשיאה של רימוני הלם ורימון רסס, וכן בשימוש ברימון.

3. **שיטת הביצוע (MO)**:
שני התיקים כוללים החזקה/נשיאה של נשק באופן מוסתר (תיק 1 - ברכב; תיק 2 - מוסלק ברכב). בשני המקרים נעשה שימוש בנשק. עם זאת, סוג הנשק שונה (אקדח לעומת רימוני הלם/רסס).

4. **נסיבות הליבה**:
שני התיקים כוללים שימוש בנשק, אך סוג הנשק והנסיבות שונות. בתיק 1 מדובר בירי באקדח, ואילו בתיק 2 - בזריקת רימון. שני התיקים לא מדווחים על כמות תחמושת. תיק 1 היה כרוך בנהיגה פרועה ובהפרעות סדר נוספות, ואילו תיק 2 כלל הטמנה והעברה של רימונים.

5. **ישימות כתקדים**:
למרות שישנם הבדלים בין שני התיקים (סוג הנשק, נסיבות השימוש), שניהם עוסקים בעבירות נשק חמורות הכוללות שימוש בנשק. בית המשפט עשוי לראות ביניהם דמיון מסוים, אך יצטרך להתחשב בהבדלים המהותיים.

SIMILARITY_SCORE: 60","ok",""
"SH-18-06-11098-353","SH-16-11-7544-55",3,1,1,"{""אופן החזקת הנשק"": ""מוסלק - מוסתר"", ""כמות תחמושת"": ""מספר מחסניות"", ""מספר עבירה"": ""144 א"", ""סוג הנשק [רובה סער ]"": 1.0, ""סוג עבירה"": ""החזקה נשק"", ""סטטוס הנשק"": ""נשק מופרד מתחמושת"", ""תכנון"": ""לא"", ""סוג רובה"": ""גליל"", ""מספר סידורי נשק"": ""נמחק"", ""תאריך המעצר"": ""23/05/18"", ""הודאה בעובדות"": ""כן"", ""שימוש"": ""לא""}","{""אופן החזקת הנשק"": ""על גופו"", ""כמות תחמושת"": ""מחסנית ובה 10 כדורים"", ""מספר עבירה"": ""144 א"", ""סוג הנשק [תת מקלע מאולתר]"": 1.0, ""סוג עבירה"": ""החזקה נשק"", ""סטטוס הנשק"": ""נשק מופרד מתחמושת"", ""תכנון"": ""לא"", ""תאריך האירוע"": ""26.10.16"", ""מיקום האירוע"": ""מחלף להב-שומריה, כביש 6 לכוון צפון"", ""סוג הרכב"": ""רכב פרטי"", ""זיהוי הנאשם"": ""על ידי שוטר"", ""שם השוטר"": ""מיכאל אדרי"", ""קוטר הקליעים"": ""9 מ\""מ"", ""שימוש"": ""לא""}",70.0,"להלן הניתוח לפי הממדים השונים:

1. **סוג העבירה וחומרתה**: שני התיקים עוסקים בעבירת החזקת נשק לפי סעיף 144(א) לחוק העונשין, והן נחשבות לדומות מבחינת סוג העבירה. עם זאת, יש לבחון את חומרת העבירה על פי הנסיבות והפרטים הספציפיים בכל תיק.

2. **תפקיד הנאשם ומעורבותו**: בשני התיקים הנאשם הוא המחזיק בנשק, ואין מעורבות של גורמים נוספים. אין הבדל משמעותי בתפקיד הנאשם בין שני התיקים.

3. **שיטת הביצוע (MO)**: בשני המקרים הנשק היה מופרד מהתחמושת, והוא לא שימש לביצוע עבירה. עם זאת, אופן החזקת הנשק שונה - ""מוסלק - מוסתר"" בתיק 1 לעומת ""על גופו"" בתיק 2.

4. **נסיבות הליבה**: כמות התחמושת בשני התיקים דומה (מספר מחסניות/מחסנית אחת). סוג הנשק שונה - רובה סער גליל בתיק 1 לעומת תת-מקלע מאולתר בתיק 2. בשני המקרים לא היה שימוש בנשק, ולא היה תכנון מראש.

5. **ישימות כתקדים**: בהתחשב בדמיון בין שני התיקים מבחינת סוג העבירה, מעורבות הנאשם, והנסיבות הדומות, ניתן לראות בהם תקדים רלוונטי זה לזה לצורכי ענישה.

SIMILARITY_SCORE: 70","ok",""
"ME-14-07-13179-197","m08000207-175",1,0,0,"{""אופן החזקת הנשק"": ""על גופו"", ""אופן קבלת הנשק"": ""מאחר"", ""כמות תחמושת"": ""3 מחסניות"", ""מטרה-סיבת העבירה"": ""סכסוך"", ""מספר עבירה"": ""144 א, 144 ב"", ""סוג הנשק [אקדח]"": 1.0, ""סוג עבירה"": ""החזקה נשק, נשיאת נשק"", ""סטטוס הנשק"": ""נשק עם כדור בקנה"", ""עבירות נוספות"": ""ירי באזור מגורים, לפי סעיף 340א לחוק; שיבוש מהלכי משפט, לפי סעיף 244 לחוק; הפרת הוראה חוקית, לפי סעיף 287(א) לחוק; גניבה, לפי סעיף 384 לחוק; ואיומים, לפי סעיף 192 לחוק."", ""שימוש"": ""כן,ירי"", ""תכנון"": ""כן"", ""מיקום האירועים"": ""כפר יפיע, אכסאל, מגרש לפירוק כלי רכב"", ""זמן האירועים"": ""22.06.14, 23.06.14, 13.02.13"", ""קרבה משפחתית"": ""הנאשם והמתלונן הם בני דודים"", ""סוג האקדח"": ""גלוק"", ""כמות היריות"": ""3 יריות באוויר"", ""סכום החוב"": ""2,000 ₪"", ""מעצר הבית"": ""בכפר יפיע תחת פיקוח אמו וסבו"", ""הפרת תנאי מעצר"": ""הנאשם הפר את תנאי מעצר הבית בעת האירועים"", ""מטרת הירי"": ""להפחיד או להקניט את המתלונן"", ""איסוף תרמילים"": ""הנאשם אסף את תרמילי האקדח לאחר הירי""}","{""אופן החזקת הנשק"": ""ברכב"", ""אופן קבלת הנשק"": ""מצא"", ""כמות תחמושת"": ""מחסנית ובה 15 כדורים, מחסנית וסה 10 כדורים"", ""מספר עבירה"": ""144 ב"", ""סוג הנשק [אקדח]"": 1.0, ""סוג עבירה"": ""נשיאת נשק"", ""סטטוס הנשק"": ""נשק עם מחסנית בהכנס"", ""עבירות נוספות"": ""והחזקת סם לצריכה עצמית בלבד, עבירה לפי סעיף 7(א) + (ג) סיפא לפקודת הסמים המסוכנים, התשל\""ג-1973"", ""תכנון"": ""לא"", ""קוטר האקדח"": ""0.9 מ\""מ"", ""מיקום האירוע"": ""סמוך לצומת הערבה"", ""זמן האירוע"": ""12.7.08 בשעה 00:55"", ""סוג הסם"": ""חשיש"", ""משקל הסם"": ""1.36 גרם נטו"", ""שימוש"": ""לא""}",60.0,"1. **סוג העבירה וחומרתה** — שני התיקים עוסקים בעבירות נשק, אך תיק 1 כולל גם החזקה (144א) בנוסף לנשיאה (144ב), בעוד שתיק 2 כולל רק נשיאה (144ב). חומרת העבירות דומה בשל מעורבות נשק חם בשני המקרים. 
2. **תפקיד הנאשם ומעורבותו** — בשני התיקים הנאשם היה מעורב באופן פעיל בנשיאת/החזקת נשק. 
3. **שיטת הביצוע (MO)** — בשני המקרים מדובר בנשק אקדח, אך אופן החזקת הנשק שונה (על גופו מול ברכב). 
4. **נסיבות הליבה** — בשני התיקים יש כמות תחמושת לא מבוטלת, אך רק בתיק 1 נעשה שימוש בנשק (ירי באוויר). 
5. **ישימות כתקדים** — בית משפט עשוי לראות את שני התיקים כרלוונטיים זה לזה בשל הדמיון בנשיאת נשק חם, אך ההבדלים בנסיבות (שימוש בנשק, תכנון) עשויים להשפיע על מידת הרלוונטיות.

SIMILARITY_SCORE: 60","ok",""
"SH-17-04-19242-11","SH-16-11-7544-55",3,1,1,"{""אופן החזקת הנשק"": ""בבית, מוסלק - מוסתר"", ""אופן קבלת הנשק"": ""מאחר"", ""כמות תחמושת"": ""2 מחסניות"", ""מספר עבירה"": ""144 א"", ""סוג הנשק [רובה סער ]"": 1.0, ""סוג עבירה"": ""החזקה נשק"", ""סטטוס הנשק"": ""נשק מופרד מתחמושת"", ""תכנון"": ""לא"", ""סוג רובה סער"": ""קלאצ'ניקוב"", ""מיקום החזקת הנשק"": ""ארון בחדר שינה"", ""מקור הנשק"": ""דודו של הנאשם"", ""שנת קבלת הנשק"": ""2000"", ""תאריך המעצר"": ""02/04/17"", ""סוג הפעילות המשטרתית"": ""חיפוש יזום"", ""שימוש"": ""לא""}","{""אופן החזקת הנשק"": ""על גופו"", ""כמות תחמושת"": ""מחסנית ובה 10 כדורים"", ""מספר עבירה"": ""144 א"", ""סוג הנשק [תת מקלע מאולתר]"": 1.0, ""סוג עבירה"": ""החזקה נשק"", ""סטטוס הנשק"": ""נשק מופרד מתחמושת"", ""תכנון"": ""לא"", ""תאריך האירוע"": ""26.10.16"", ""מיקום האירוע"": ""מחלף להב-שומריה, כביש 6 לכוון צפון"", ""סוג הרכב"": ""רכב פרטי"", ""זיהוי הנאשם"": ""על ידי שוטר"", ""שם השוטר"": ""מיכאל אדרי"", ""קוטר הקליעים"": ""9 מ\""מ"", ""שימוש"": ""לא""}",60.0,"1. **סוג העבירה וחומרתה**: שני התיקים עוסקים בעבירה לפי סעיף 144(א) - החזקת נשק, כך שסוג העבירה זהה. חומרת העבירה דומה משום ששניהם כוללים החזקת נשק ללא שימוש בו.

2. **תפקיד הנאשם ומעורבותו**: בשני התיקים הנאשם הוא מחזיק הנשק, ללא עדות למעורבות פעילה נוספת כמו סחר או ייזום. המעורבות בשני המקרים היא פסיבית - החזקה בלבד.

3. **שיטת הביצוע (MO)**: אופן החזקת הנשק שונה - בבית מוסתר (תיק 1) לעומת על גופו (תיק 2). סוג הנשק שונה - רובה סער קלאצ'ניקוב (תיק 1) לעומת תת-מקלע מאולתר (תיק 2).

4. **נסיבות הליבה**: כמות התחמושת בשני התיקים כוללת מחסניות (2 מחסניות בתיק 1 ומחסנית אחת בתיק 2), אך סוג התחמושת וסוג הנשק שונים. בשני המקרים הנשק מופרד מהתחמושת ולא נעשה בו שימוש. אין עדות לתכנון מראש בשני התיקים.

5. **ישימות כתקדים**: בית המשפט עשוי לראות את שני התיקים כרלוונטיים זה לזה משום ששניהם עוסקים בהחזקת נשק לפי סעיף 144(א) ללא שימוש בנשק. עם זאת, ההבדלים בסוג הנשק ובאופן החזקתו עשויים להשפיע על קביעת העונש.

SIMILARITY_SCORE: 60","ok",""
"ME-14-10-31218-522","ME-14-12-6904-57",1,0,0,"{""אופן החזקת הנשק"": ""על גופו"", ""מספר עבירה"": ""144 א"", ""סוג הנשק [רימון הלם/גז]"": 1.0, ""סוג עבירה"": ""החזקה נשק"", ""סטטוס הנשק"": ""תקין"", ""שימוש"": ""זריקת רימון"", ""תכנון"": ""לא"", ""שנת לידה"": 1983, ""תאריך האירוע"": ""29/5/14"", ""שעת האירוע"": ""02:45"", ""מיקום האירוע"": ""בית ד\""ר אמון חסן, דיר אל אסד"", ""סוג הרימון"": ""M7290"", ""צבע הרימון"": ""שחור"", ""פס כתוב על הרימון"": ""כן"", ""מספר סידורי של הרימון"": ""E386201"", ""פוטנציאל נזק"": ""גרימת פגיעה גופנית"", ""מיקום פיצוץ הרימון"": ""מרפסת בית המתלונן"", ""השפעת הפיצוץ"": ""קול נפץ עז שהעיר אנשים"", ""כמות תחמושת"": ""ללא""}","{""מיקום הדירה"": ""תל אביב"", ""תאריך רכישת הנשק"": ""18.11.2014"", ""מחיר הנשק"": ""4000 ש\""ח"", ""סוג הנשק"": ""רובה מאולתר מדגם קרל גוסטב"", ""תאריך העבירה"": ""18.11.2014"", ""שעת העבירה"": ""16:40"", ""אופן הסתרת הנשק"": ""עטוף בבגדים בתוך תיק גב"", ""כמות קנאביס"": ""0.3027 גרם נטו"", ""מיקום החזקת הנשק בדירה"": ""מוטמן בארון בגדים בחדר השינה"", ""מספר עבירה"": ""144 ב"", ""סוג עבירה"": ""נשיאת נשק, הובלת נשק"", ""עבירות נוספות"": ""החזקת סם לצריכה עצמית"", ""סוג הנשק [תת מקלע מאולתר]"": 1.0, ""סטטוס הנשק"": ""נשק מופרד מתחמושת"", ""תכנון"": ""כן"", ""אופן החזקת הנשק"": ""בבית, על גופו, מוסלק - מוסתר"", ""אופן קבלת הנשק"": ""רכש"", ""כמות תחמושת"": ""מחסנית"", ""מטרה-סיבת העבירה"": ""הגנה עצמית""}",20.0,"1. **סוג העבירה וחומרתה**: שני התיקים עוסקים בעבירות נשק, אך סוג העבירה שונה — תיק 1: החזקה (144א), תיק 2: נשיאה והובלה (144ב). חומרת העבירה ב-144(ב) נחשבת לחמורה יותר.

2. **תפקיד הנאשם ומעורבותו**: בתיק 1 הנאשם החזיק ברימון והשתמש בו, ואילו בתיק 2 הנאשם רכש, החזיק, נשא והוביל רובה מאולתר. בשני המקרים הנאשמים היו מעורבים באופן פעיל.

3. **שיטת הביצוע (MO)**: השימוש בנשק היה שונה — זריקת רימון (תיק 1) לעומת החזקה והובלה של רובה (תיק 2). אמצעי הנשק שונים (רימון לעומת רובה מאולתר).

4. **נסיבות הליבה**: בתיק 1 נעשה שימוש ברימון, ואילו בתיק 2 הנשק הוחזק והובל ללא שימוש. כמו כן, בתיק 2 היה תכנון מראש.

5. **ישימות כתקדים**: בהינתן ההבדלים בסעיפי האישום (144א לעומת 144ב) ובנסיבות העבירה, סביר שבית המשפט לא יראה את שני התיקים כדומים מאוד לצורכי ענישה.

SIMILARITY_SCORE: 20","ok",""
"ME-16-10-9348-780","ME-17-05-35227-215",1,0,0,"{""אופן החזקת הנשק"": ""בבית, ברכב"", ""אופן קבלת הנשק"": ""גנב"", ""כמות תחמושת"": ""75 כדורים"", ""מטרה-סיבת העבירה"": ""לעורר את אביו"", ""מספר עבירה"": ""144 ב"", ""סוג הנשק [רובה צייד]"": 1.0, ""סוג עבירה"": ""נשיאת נשק"", ""סטטוס הנשק"": ""נשק מופרד מתחמושת"", ""תכנון"": ""לא"", ""סוג תחמושת"": ""כדורי צייד קליבר 12 מ\""מ"", ""מקום החזקת התחמושת"": ""מחסן הבית"", ""סכום כסף גנוב"": ""3500 ₪"", ""סכום שיק גנוב"": ""500 ₪"", ""מקום העצירה"": ""קריית גת"", ""שותפים לעבירה"": ""מוחמד יונס, הקטין פ. י."", ""מקום מסירת הנשק והתחמושת"": ""בית הקטין בערערה"", ""שימוש"": ""לא""}","{""אופן החזקת הנשק"": ""ברכב"", ""כמות תחמושת"": ""מחסנית"", ""מספר עבירה"": ""144 ב"", ""סוג הנשק [תת מקלע מאולתר]"": 1.0, ""סוג עבירה"": ""נשיאת נשק, הובלת נשק"", ""סטטוס הנשק"": ""נשק עם מחסנית בהכנס"", ""תכנון"": ""כן"", ""תאריך העבירה"": ""7 במאי 2017"", ""שעת העבירה"": ""צהריים"", ""סוג הרכב"": ""אופנוע"", ""דגם הרכב"": ""קואנג יאנג טיו"", ""הודאה בעבירה"": ""הודה"", ""סעיף העבירה"": ""144(ב) רישא וסיפא"", ""שנת החוק"": ""1977"", ""שימוש"": ""לא""}",70.0,"1. **סוג העבירה וחומרתה**: שני התיקים עוסקים בעבירת נשיאת נשק לפי סעיף 144(ב) לחוק העונשין, מה שמצביע על דמיון בסוג העבירה וחומרתה. שני המקרים כוללים נשיאת נשק ללא רשות, והעונש על עבירה זו נחשב לחמור. 
2. **תפקיד הנאשם ומעורבותו**: בשני התיקים הנאשמים היו מעורבים באופן פעיל בנשיאת הנשק. בתיק 1 הנאשם קיבל את הנשק מגנב, ובתיק 2 הנאשם הודה בעבירה. אין הבדל משמעותי בתפקידם של הנאשמים בשני התיקים.
3. **שיטת הביצוע (MO)**: שני התיקים כוללים נשיאת נשק ברכב, אם כי בתיק 2 מדובר באופנוע. הנשק הוחזק בנפרד מהתחמושת בתיק 1, ואילו בתיק 2 הנשק היה עם מחסנית בהכנס. יש דמיון חלקי בשיטת הביצוע.
4. **נסיבות הליבה**: בתיק 1 כמות התחמושת הייתה 75 כדורים, והנשק היה מופרד ממנה. בתיק 2, כמות התחמושת הייתה מחסנית אחת, והנשק היה טעון. שני המקרים לא כללו שימוש בנשק, אך בתיק 2 היה תכנון מראש. הנסיבות שונות חלקית.
5. **ישימות כתקדים**: בית משפט עשוי לראות את שני התיקים כרלוונטיים זה לזה לצורכי ענישה בשל הדמיון בסעיף העבירה ובמעורבות הנאשם. עם זאת, ההבדלים בנסיבות ובשיטת הביצוע עשויים להשפיע על מידת הדמיון.

SIMILARITY_SCORE: 70","ok",""
"ME-16-06-42987-901","ME-12-04-33577-700",2,0,1,"{""אופן קבלת הנשק"": ""מאחר"", ""כמות תחמושת"": ""כדור"", ""מטרה-סיבת העבירה"": ""סכסוך"", ""מספר עבירה"": ""144 ב"", ""סוג הנשק - אם לא נמצא בטבלה"": ""כלי נשק מאולתר"", ""סוג הנשק [רימון הלם/גז]"": 4.0, ""סוג עבירה"": ""נשיאת נשק"", ""סטטוס הנשק"": ""נשק עם כדור בקנה"", ""עבירות נוספות"": ""איומים לפי סעיף 192 לחוק; חבלה מחמירה לפי סעיף 329(א)(2) לחוק וניסיון תקיפה בנסיבות מחמירות לפי סעיפים 382(א) + 25 לחוק העונשין. חמש עבירות של סחר בסמים לפי סעיפים 13+19א' לפקודת הסמים המסוכנים [נוסח חדש] תשל\""ג-1973 ובעבירה אחת של החזקת סם שלא לשימוש עצמי לפי סעיפים 7(א) + 7(ג) רישא לפקודה זו.עבירה של גניבה לפי סעיף 384 לחוק העונשין."", ""שימוש"": ""ניסיון לירי ללא הצלחה, זריקת רימון"", ""תכנון"": ""כן"", ""מקום האירוע"": ""שכונת גילה, ירושלים"", ""סוג הרימון"": ""רימון הלם"", ""תאריך האירוע"": ""לא צוין במפורש"", ""שותפים לעבירה"": ""אמיר סלמה"", ""סוג הסם בתיק הסמים"": ""חשיש"", ""כמות הסם"": ""גרמים בודדים"", ""מחיר הסם"": ""בין 100 ל-400 ש\""ח"", ""זמן המכירות"": ""מאי ויוני 2016"", ""סוג הפריט הגנוב"": ""אופניים חשמליים"", ""שווי הפריט הגנוב"": ""3,000 ש\""ח"", ""תאריך הגניבה"": ""17.5.16""}","{""אופן החזקת הנשק"": ""על גופו"", ""מטרה-סיבת העבירה"": ""סכסוך"", ""מספר עבירה"": ""144 א, 144 ב"", ""סוג הנשק [אקדח]"": 1.0, ""סוג עבירה"": ""החזקה נשק, נשיאת נשק"", ""סטטוס הנשק"": ""נשק עם כדור בקנה"", ""עבירות נוספות"": ""חבלה בכוונה מחמירה, עבירה לפי סעיף 329(א)(2) לחוק העונשין ויריות באזור מגורים, עבירה לפי סעיף 340(א) לחוק העונשין."", ""שימוש"": ""כן,ירי"", ""תכנון"": ""כן"", ""מיקום האירוע"": ""בית שאן"", ""תאריך האירוע"": ""13/4/12"", ""שעת האירוע"": ""02:00 לפנות בוקר"", ""פרטי המתלונן"": ""זרק כוס לעבר הנאשם"", ""תיאור התקרית"": ""במהלך ויכוח זרק המתלונן כוס לכיוון הנאשם, הנאשם שלף אקדח וירה שלוש יריות"", ""מספר יריות"": 3, ""מיקום פגיעות הירי"": ""אחת ליד הראש, אחת ליד הגב, שריטה בברך הימנית"", ""כמות תחמושת"": ""ללא""}",80.0,"**ניתוח דמיון מהותי בין שני תיקים פליליים**

### 1. סוג העבירה וחומרתה
שני התיקים עוסקים בעבירות נשק חמורות (סעיף 144 ב' בנושא נשיאת נשק). תיק 1 כולל גם עבירות נוספות כמו איומים, חבלה מחמירה, סחר בסמים, והחזקת סם שלא לשימוש עצמי. תיק 2 כולל עבירות נוספות כמו חבלה בכוונה מחמירה ויריות באזור מגורים. שני התיקים דומים בחומרת העבירות.

### 2. תפקיד הנאשם ומעורבותו
בשני התיקים הנאשם היה מעורב באופן פעיל בעבירות. בתיק 1 הנאשם הואשם בנשיאת נשק, איומים, חבלה, סחר בסמים, והחזקת סם. בתיק 2 הנאשם הואשם בנשיאת נשק, חבלה בכוונה מחמירה ויריות באזור מגורים. בשני המקרים הנאשם היה מעורב באופן ישיר ופעיל.

### 3. שיטת הביצוע (MO)
בתיק 1 הנאשם השתמש בכלי נשק מאולתר ורימון הלם, וניסה לירות ללא הצלחה. בתיק 2 הנאשם השתמש באקדח וירה שלוש יריות. שני התיקים כוללים שימוש בנשק חם ומעורבות בסכסוך. אמנם סוג הנשק שונה, אך השימוש בו נעשה במסגרת סכסוך ובאופן מתוכנן.

### 4. נסיבות הליבה
בתיק 1 כמות התחמושת הייתה כדור אחד, והשימוש היה ניסיון לירי ללא הצלחה וזריקת רימון. בתיק 2 לא צוינה כמות התחמושת במפורש, אך היו שלוש יריות. בשני התיקים הנשק היה טעון (עם כדור בקנה), והיה שימוש בנשק. שני התיקים כללו תכנון מראש והיו קשורים לסכסוך.

### 5. ישימות כתקדים
שני התיקים כוללים עבירות נשק חמורות (נשיאת נשק לפי סעיף 144 ב'), מעורבות פעילה של הנאשם, שימוש בנשק חם, וקשר לסכסוך. למרות הבדלים מסוימים (סוג הנשק, מספר היריות), הנסיבות הדומות והחומרה הרבה הופכים אותם לדומים מבחינה מהותית.

SIMILARITY_SCORE: 80","ok",""
"ME-15-08-44579-251","SH-17-04-19242-11",1,0,0,"{""אופן החזקת הנשק"": ""ברכב, מוסלק - מוסתר"", ""כמות תחמושת"": ""מחסנית ובה 0 כדורים"", ""מספר עבירה"": ""144 ב"", ""סוג הנשק [אקדח]"": 1.0, ""סוג עבירה"": ""נשיאת נשק"", ""סטטוס הנשק"": ""נשק מופרד מתחמושת"", ""תכנון"": ""לא"", ""סוג הרכב"": ""קטנוע"", ""מותג הרכב"": ""גוימקס"", ""מספר לוחית רישוי"": ""3689624"", ""מצב לוחית רישוי"": ""מזויפת"", ""מצב רישיון נהיגה של הנהג"": ""ללא רישיון נהיגה"", ""מיקום האירוע"": ""כביש 4, חדרה, קרבת אזור התעשייה הצפוני"", ""זמן האירוע"": ""10.08.15, 22:05"", ""סוג האקדח"": ""FN"", ""מספר סידורי של האקדח"": ""459238"", ""אופן אחסון הנשק"": ""עטוף בסמרטוט בתוך שקית אשפה"", ""פעולת השוטר"": ""הדלקת אורות כחולים, רדיפה, קריאה לעצור"", ""תגובת הנהג לשוטר"": ""המשך נסיעה, הגברת מהירות, נסיעה באור אדום"", ""תוצאת הרדיפה"": ""פגיעה בניידות משטרה, ניסיון בריחה רגלית, תפיסה של הנאשם והנהג"", ""שימוש"": ""לא""}","{""אופן החזקת הנשק"": ""בבית, מוסלק - מוסתר"", ""אופן קבלת הנשק"": ""מאחר"", ""כמות תחמושת"": ""2 מחסניות"", ""מספר עבירה"": ""144 א"", ""סוג הנשק [רובה סער ]"": 1.0, ""סוג עבירה"": ""החזקה נשק"", ""סטטוס הנשק"": ""נשק מופרד מתחמושת"", ""תכנון"": ""לא"", ""סוג רובה סער"": ""קלאצ'ניקוב"", ""מיקום החזקת הנשק"": ""ארון בחדר שינה"", ""מקור הנשק"": ""דודו של הנאשם"", ""שנת קבלת הנשק"": ""2000"", ""תאריך המעצר"": ""02/04/17"", ""סוג הפעילות המשטרתית"": ""חיפוש יזום"", ""שימוש"": ""לא""}",30.0,"להלן הניתוח לפי הממדים השונים:

1. **סוג העבירה וחומרתה**:
   - שני התיקים עוסקים בעבירות נשק, אך סוג העבירה שונה: תיק 1 הוא עבירת נשיאה לפי סעיף 144(ב), בעוד שתיק 2 הוא עבירת החזקה לפי סעיף 144(א). חומרת העבירה בנשיאה (144ב) נחשבת לחמורה יותר מאשר החזקה (144א).

2. **תפקיד הנאשם ומעורבותו**:
   - בשני התיקים הנאשם הוא המחזיק/נושא הנשק. אין מדובר ביזום או סחר בנשק. המעורבות בשני המקרים היא ישירה.

3. **שיטת הביצוע (MO)**:
   - אופן החזקת הנשק שונה: ברכב מוסתר (תיק 1) לעומת בבית מוסתר (תיק 2). אמצעי ההחזקה והנסיבות שונות.

4. **נסיבות הליבה**:
   - כמות התחמושת: בתיק 1 יש מחסנית ריקה, ואילו בתיק 2 יש 2 מחסניות. 
   - הנשק מופרד מתחמושת בשני התיקים.
   - לא היה שימוש בנשק בשני המקרים.
   - תיק 1 כולל נסיבות מחמירות כמו נהיגה ללא רישיון, לוחית רישוי מזויפת, ומרדף משטרתי, שלא קיימות בתיק 2.

5. **ישימות כתקדים**:
   - בשל ההבדלים בסוג העבירה (נשיאה לעומת החזקה) ובנסיבות הליבה (נהיגה ברכב עם לוחית מזויפת ומרדף משטרתי לעומת החזקה בבית), שני התיקים אינם זהים. עם זאת, שניהם עוסקים בעבירות נשק חמורות.

בהתחשב בנתונים:
- ישנם הבדלים מהותיים בין שני התיקים, במיוחד בסוג העבירה (144ב לעומת 144א) ובנסיבות הליבה.
- הדמיון הוא במחזיק/נושא הנשק הישיר ובסטטוס הנשק המופרד מתחמושת.

SIMILARITY_SCORE: 30","ok",""
"ME-15-06-12109-344","SH-14-11-8987-965",1,0,0,"{""תאריך האירוע"": ""2.5.13"", ""מיקום האירוע"": ""כפר עזריה"", ""מעורבים נוספים"": ""עמאר זלום, אחיו של הנאשם"", ""סוג הנשק [אקדח]"": 1.0, ""מספר עבירה"": ""144 ב"", ""סוג עבירה"": ""נשיאת נשק, הובלת נשק"", ""סטטוס הנשק"": ""תקין"", ""תכנון"": ""כן"", ""אופן החזקת הנשק"": ""ברכב"", ""שימוש"": ""לא"", ""כמות תחמושת"": ""ללא""}","{""אופן קבלת הנשק"": ""גנב"", ""מספר עבירה"": ""144 א"", ""סוג הנשק [אקדח]"": 1.0, ""סוג עבירה"": ""החזקה נשק"", ""סטטוס הנשק"": ""תקול"", ""עבירות נוספות"": ""גניבה לפי סעיפים 384"", ""תכנון"": ""לא"", ""שנת לידה"": 1985, ""מקום מגורים"": ""ירושלים"", ""סוג האקדח"": ""קולט 45"", ""מיקום האירוע"": ""רח' דוד רזיאל 28, ירושלים"", ""תאריך האירוע"": ""מאי 2014"", ""הקשר למתלונן"": ""היה אמור לנקות את הבית"", ""משך זמן עד להודאה"": ""חודש ימים"", ""שימוש"": ""לא"", ""כמות תחמושת"": ""ללא""}",20.0,"1. **סוג העבירה וחומרתה**: שני התיקים עוסקים בעבירות נשק, אך סוג העבירה שונה - תיק 1: 144(ב) (נשיאה/הובלה), ותיק 2: 144(א) (החזקה). חומרת העבירה ב-144(ב) נחשבת לחמורה יותר.
2. **תפקיד הנאשם ומעורבותו**: בשני התיקים הנאשם הוא המחזיק/הנושא בנשק, אך אין מידע על מעורבותם בנסיבות דומות.
3. **שיטת הביצוע (MO)**: בשני המקרים מדובר בהחזקה/נשיאה של אקדח, אך תיק 1 כולל נשיאה ברכב עם תכנון מראש, ואילו תיק 2 כולל החזקה ללא תכנון מראש.
4. **נסיבות הליבה**: בשני התיקים לא היה שימוש בנשק, אך הם נבדלים בכך שתיק 1 כולל נשיאה ברכב עם תכנון, ואילו תיק 2 כולל החזקת נשק תקול ללא תכנון. כמו כן, שני התיקים לא כוללים תחמושת.
5. **ישימות כתקדים**: בהינתן ההבדל בין 144(א) ל-144(ב), סביר שבית המשפט לא יראה את תיק 2 כתקדים ישיר לתיק 1 בשל חומרת העבירה והנסיבות השונות.

SIMILARITY_SCORE: 20","ok",""
"ME-21-10-18557-340","ME-16-12-50986-619",3,1,1,"{""אופן החזקת הנשק"": ""ברכב, על גופו"", ""כמות תחמושת"": ""מחסנית + 2 כדורים"", ""מטרה-סיבת העבירה"": ""סכסוך"", ""מספר עבירה"": ""144 א, 144 ב"", ""סוג הנשק [תת מקלע מאולתר]"": 1.0, ""סוג עבירה"": ""החזקה נשק, נשיאת נשק, הובלת נשק"", ""סטטוס הנשק"": ""נשק עם כדור בקנה"", ""עבירות נוספות"": ""ירי מנשק חם"", ""שימוש"": ""כן,ירי"", ""תכנון"": ""לא"", ""סוג רכב הנאשם"": ""מאזדה בצבע כחול"", ""מיקום האירוע"": ""כפר אבו סנאן"", ""זמן האירוע"": ""16.9.2021, סמוך לשעה 19:00"", ""סוג רכב המטרה"": ""מאזדה לבנה"", ""מעורבים נוספים"": ""ג'יהאד סואעד, מוחמד פעאור"", ""כוונת הירי"": ""להפחיד או להקניט"", ""מיקום ישיבת הנאשם ברכב"": ""מושב נוסע"", ""מיקום ישיבת ג'יהאד ברכב"": ""מושב נהג"", ""מיקום ישיבת א' במאזדה"": ""מושב נוסע ליד הנהג"", ""מיקום ישיבת מוחמד פעאור במאזדה"": ""מושב נהג"", ""סוג הכדורים"": ""קליבר 9 מ\""מ"", ""סוג המחסנית"": ""מחסנית תואמת לתת מקלע"", ""מיקום הירי"": ""באזור מגורים"", ""סכנה פוטנציאלית"": ""סכנה לחיי אדם""}","{""אופן החזקת הנשק"": ""ברכב"", ""מטרה-סיבת העבירה"": ""סכסוך"", ""מספר עבירה"": ""144 ב"", ""סוג הנשק - אם לא נמצא בטבלה"": ""כלי נשק"", ""סוג עבירה"": ""נשיאת נשק, הובלת נשק"", ""סטטוס הנשק"": ""נשק עם כדור בקנה"", ""עבירות נוספות"": ""בעבירות של קשירת קשר לפשע, לפי סעיף 449(א)(1) לחוק העונשין; איומים, לפי סעיף 192 לחוק העונשין;  וירי באזור מגורים, לפי סעיף 340 א' לחוק העונשין."", ""שימוש"": ""כן,ירי"", ""תכנון"": ""לא"", ""זמן האירוע"": ""15.12.16 בסמוך לשעה 14:45"", ""מיקום האירוע"": ""שכונה 20 ברהט"", ""כלי רכב מעורב"": ""ב.מ.וו"", ""זיהוי נאשמים"": ""הנאשם ואחרים שזהותם אינה ידועה"", ""קרבה משפחתית"": ""המתלוננים הם קרובי משפחה"", ""כיסוי פנים"": ""חבשו כובעים וחם-צוואר להקשות על זיהוי"", ""פעולת האיום"": ""הוצאת פלג גופו העליון מחלון הגג וירי באוויר"", ""תגובת המתלוננים"": ""ניסו להסתתר מפני הנאשם והאחרים"", ""כמות תחמושת"": ""ללא""}",60.0,"1. **סוג העבירה וחומרתה**: שני התיקים כוללים עבירות נשיאת/הובלת נשק חם (סעיף 144(ב)) ושימוש בו, אך תיק 1 כולל בנוסף החזקה (סעיף 144(א)) והוא חמור יותר בשל היקף העבירות הנוספות. חומרת העבירות דומה בשל שימוש בנשק וסכנה לחיי אדם.
2. **תפקיד הנאשם ומעורבותו**: בשני התיקים הנאשם מעורב באופן פעיל בנשיאת/הובלת נשק וירי, אך בראשון הוא היה במושב הנוסע, ובשני לא מפורט תפקידו המדויק. מעורבותו פעילה בשניהם.
3. **שיטת הביצוע (MO)**: בשני המקרים מדובר בירי מסכסוך, ללא תכנון מראש, והנשק היה ברכב. עם זאת, בראשון הנשק היה תת-מקלע מאולתר ובשני כלי נשק לא מזוהה.
4. **נסיבות הליבה**: בשניהם היה שימוש בנשק וסכסוך, אך בראשון מצוינת כמות תחמושת (מחסנית + 2 כדורים) ובשני לא. בשניהם היה ירי באזור מגורים.
5. **ישימות כתקדים**: בית משפט עשוי לראות ביניהם דמיון בשל סעיף 144(ב), שימוש בנשק, וסכסוך, אך ההבדלים בכמות התחמושת ובסוג הנשק עשויים להשפיע על מידת הדמיון.

SIMILARITY_SCORE: 60","ok",""
"ME-13-10-53169-537","ME-13-10-28139-807",1,0,0,"{""אופן החזקת הנשק"": ""על גופו"", ""כמות תחמושת"": ""מחסנית ריקה ובה 0 כדורים + 2 כדורים + 17 כדורים"", ""מספר עבירה"": ""144 ב"", ""סוג הנשק [אקדח]"": 1.0, ""סוג עבירה"": ""נשיאת נשק"", ""סטטוס הנשק"": ""נשק עם מחסנית בהכנס"", ""שימוש"": ""כן,ירי"", ""תכנון"": ""כן"", ""מיקום התחמושת"": ""בכיס האחורי ומתחת לכיסא הנהג"", ""כמות יריות"": ""15 יריות"", ""כיוון הירי"": ""לא ידוע למאשימה""}","{""אופן החזקת הנשק"": ""על גופו"", ""מטרה-סיבת העבירה"": ""סכסוך"", ""מספר עבירה"": ""144 א"", ""סוג הנשק [אקדח]"": 1.0, ""סוג עבירה"": ""ביצוע עבירות בנשק"", ""סטטוס הנשק"": ""נשק עם כדור בקנה"", ""עבירות נוספות"": ""ניסיון לחבלה חמורה בנסיבות מחמירות לפי סעיפים 333+335(א)(1) ו-25 לפי החוק."", ""שימוש"": ""כן,ירי"", ""תכנון"": ""כן"", ""מיקום האירוע"": ""רהט"", ""קורבנות"": ""המתלונן ובנו"", ""גיל הקטין"": 18, ""מספר קליעים שפגעו"": 3, ""התנהלות הנאשם לאחר האירוע"": ""נמלט מהמקום"", ""פגיעה ברכוש"": ""קליעים חדרו לדלת הנהג"", ""סוג הרכב"": ""רכב פרטי"", ""מיקום הירי"": ""לעבר דלת הנהג"", ""כמות תחמושת"": ""ללא""}",40.0,"להלן הניתוח לפי הממדים השונים:

1. **סוג העבירה וחומרתה**:
שני התיקים עוסקים בעבירות נשק, אך סוג העבירה שונה - תיק 1: 144(ב) (נשיאה/הובלה), תיק 2: 144(א) (החזקה). חומרת העבירה ב-144(ב) נחשבת לחמורה יותר. הבדל זה מצביע על פער מהותי בין שני התיקים.

2. **תפקיד הנאשם ומעורבותו**:
בשני התיקים הנאשם היה מעורב באופן פעיל - החזיק בנשק וירה. אין הבדל משמעותי בתפקיד הנאשם, אך העובדה שבתיק 2 היו קורבנות והנאשם נמלט מהמקום מוסיפה לחומרת המעשה.

3. **שיטת הביצוע (MO)**:
שני התיקים כוללים נשיאת/החזקת נשק אקדחי, ירי, ותכנון מראש. הדמיון בשיטת הביצוע מצביע על קשר ענייני בין שני התיקים.

4. **נסיבות הליבה**:
בתיק 1 היו 19 כדורים, ובתיק 2 לא צוינה כמות תחמושת. בשני המקרים היה שימוש בנשק (ירי), תכנון מראש, והנשק היה על גופם של הנאשמים. ההבדלים בכמות התחמושת המדויקת ובמספר היריות (15 בתיק 1, 3 קליעים שפגעו בתיק 2) קיימים, אך לא משמעותיים דיים כדי להפריד לחלוטין בין התיקים.

5. **ישימות כתקדים**:
למרות הדמיון בשימוש בנשק ובתכנון, ההבדל בסוג העבירה (144(ב) לעומת 144(א)) מהווה מכשול משמעותי לשימוש בתיק אחד כתקדים ישיר לשני. בית המשפט יתייחס אליהם כקשורים אך לא זהים.

SIMILARITY_SCORE: 40","ok",""
"SH-15-12-65958-120","SH-16-09-33552-535",3,1,1,"{""אופן החזקת הנשק"": ""בבית, מוסלק - מוסתר"", ""כמות תחמושת"": ""מחסנית ובה 8 כדורים + מחסנית ובה 15 כדורים + מחסנית ריקה ובה 0 כדורים + מחסנית ובה 6 כדורים"", ""מטרה-סיבת העבירה"": ""הגנה עצמית"", ""מספר עבירה"": ""144 א"", ""סוג הנשק [אקדח]"": 2.0, ""סוג הנשק [תת מקלע מאולתר]"": 1.0, ""סוג עבירה"": ""החזקה נשק"", ""סטטוס הנשק"": ""נשק עם מחסנית בהכנס"", ""תכנון"": ""כן"", ""תאריך העבירה"": ""24.12.15"", ""מיקום העבירה"": ""בית הנאשם בטייבה"", ""סוגי הנשק הנוספים"": ""אקדח זיג זאוור, קרלו"", ""קוטר תחמושת"": ""9 מ\""מ, 7.65 מ\""מ"", ""מספר נשקים"": 3, ""מספר מחסניות"": 4, ""שימוש"": ""לא""}","{""מספר עבירה"": ""144 א"", ""סוג עבירה"": ""החזקה נשק"", ""סוג הנשק [אקדח]"": 1.0, ""סוג הנשק [רובה סער מאולתר]"": 1.0, ""סטטוס הנשק"": ""נשק מופרד מתחמושת"", ""תכנון"": ""כן"", ""אופן החזקת הנשק"": ""מוסלק - מוסתר"", ""כמות תחמושת"": ""מחסנית, מחסנית ובה 0 כדורים, 4 כדורים, 60 כדורים"", ""שימוש"": ""לא""}",80.0,"להלן הניתוח לפי הממדים השונים:

1. **סוג העבירה וחומרתה**: שני התיקים עוסקים בעבירה לפי סעיף 144(א) - החזקת נשק, ללא שימוש. החומרה דומה בשני התיקים, מאחר והעבירה היא אותה עבירה. 
2. **תפקיד הנאשם ומעורבותו**: בשני התיקים הנאשם הוא המחזיק בנשק, ללא עדות למעורבות נוספת כמו סחר או שימוש.
3. **שיטת הביצוע (MO)**: בשני התיקים הנשק מוחזק באופן מוסלק ומוסתר בבית הנאשם. 
4. **נסיבות הליבה**: בשני התיקים ישנו תכנון מראש. כמו כן, בשני המקרים מדובר בנשק אוטומטי ותחמושת. עם זאת, ישנו הבדל בכמות התחמושת ובסטטוס הנשק (עם/בלי מחסנית).
5. **ישימות כתקדים**: בית המשפט עשוי לראות את שני התיקים כרלוונטיים זה לזה לצורכי ענישה, בשל הדמיון בנסיבות ובסוג העבירה.

SIMILARITY_SCORE: 80","ok",""
"ME-16-05-9968-487","SH-11-01-41775-497",2,0,1,"{""מיקום רכישת הנשק"": ""ברטעה"", ""מחיר רכישת הנשק"": ""7300 שקלים"", ""תאריך רכישת הנשק"": ""חודש אפריל 2016"", ""מיקום החזקת הנשק"": ""גג בית חברו אחסאן דיב"", ""תאריך גילוי הנשק"": ""22.4.16"", ""מספר סידורי של הנשק"": ""41814"", ""מעורבות קרובי משפחה"": ""כן"", ""מספר מעורבים"": ""3"", ""שמות המעורבים"": ""מהדי בסל, סמיר בסל, אחסאן דיב"", ""מספר עבירה"": ""144 א, 144 ב"", ""סוג עבירה"": ""החזקה נשק, נשיאת נשק"", ""סוג הנשק [תת מקלע מאולתר]"": 1.0, ""סטטוס הנשק"": ""נשק עם מחסנית בהכנס"", ""תכנון"": ""לא"", ""אופן החזקת הנשק"": ""בבית, מוסלק - מוסתר"", ""אופן קבלת הנשק"": ""מאחר"", ""כמות תחמושת"": ""מחסנית"", ""שימוש"": ""לא"", ""מטרה-סיבת העבירה"": ""ירי בחתונה""}","{""תקופת החזקת הנשק"": ""כשנה וחצי"", ""תאריך תחילת החזקת הנשק"": ""1.6.08"", ""סוג עבירה"": ""החזקה נשק, נשיאת נשק"", ""סוג הנשק [אקדח]"": 1.0, ""סטטוס הנשק"": ""נשק מופרד מתחמושת"", ""תכנון"": ""לא"", ""אופן החזקת הנשק"": ""בבית, ברכב"", ""כמות תחמושת"": ""מחסנית, 34 כדורים"", ""מטרה-סיבת העבירה"": ""הגנה עצמית"", ""שימוש"": ""לא""}",60.0,"להלן הניתוח לפי הממדים השונים:

1. **סוג העבירה וחומרתה**:
שני התיקים עוסקים בעבירות נשק חמורות הכוללות החזקה ונשיאה. סוג העבירה דומה, אך יש לבחון את חומרת העבירה בהתאם לנסיבות. 
2. **תפקיד הנאשם ומעורבותו**:
בתיק 1 מעורבים מספר אנשים, וקיים תפקיד מסוים לכל אחד מהם, בעוד שבתיק 2 אין מידע על מעורבות נוספת. בתיק 1 הנאשם הוא אחד משלושה מעורבים, ואילו בתיק 2 אין מידע על מעורבות נוספת. 
3. **שיטת הביצוע (MO)**:
שני התיקים כוללים החזקת נשק בבית, אך בתיק 1 הנשק היה מוסלק, ואילו בתיק 2 הנשק היה מופרד מהתחמושת. כמו כן, בתיק 2 מוזכרת החזקה גם ברכב.
4. **נסיבות הליבה**:
בתיק 1 הנשק היה עם מחסנית מוכנסת, ואילו בתיק 2 הנשק היה מופרד מהתחמושת, אך כמות התחמושת הייתה גדולה (34 כדורים). בתיק 1 מטרת העבירה הייתה ירי בחתונה, ואילו בתיק 2 מטרת העבירה הייתה הגנה עצמית.
5. **ישימות כתקדים**:
בית המשפט יבחן את הדמיון בין שני התיקים בהתאם לנסיבות העבירה, תפקיד הנאשם, ומטרת העבירה. הדמיון בין שני התיקים הוא חלקי בלבד, שכן שני התיקים כוללים עבירות נשק חמורות, אך שונים בנסיבות ובמטרת העבירה.

SIMILARITY_SCORE: 60","ok",""
"ME-19-04-1316-977","ME-16-05-19384-544",1,0,0,"{""אופן החזקת הנשק"": ""ברכב"", ""אופן קבלת הנשק"": ""מאחר"", ""כמות תחמושת"": ""900 כדורים"", ""מטרה-סיבת העבירה"": ""בצע כסף"", ""מספר עבירה"": ""144 ב"", ""סוג הנשק [תת מקלע מאולתר]"": 1.0, ""סוג עבירה"": ""סחר בנשק, ניסיון לסחר"", ""סטטוס הנשק"": ""תקין"", ""תכנון"": ""כן"", ""סוג תחמושת"": ""כדורי M16 ו-5.56 מ\""מ"", ""מספר תחמושת"": ""1100 כדורים"", ""מחיר העסקה"": ""19000 ₪"", ""מיקום העסקה"": ""א-ראם"", ""זמן העסקה"": ""בין פברואר למרץ 2019"", ""סוג הנשק [אקדח]"": 1.0, ""סוג הנשק [קרלו]"": 1.0, ""סטטוס הנשק [מקולקל]"": 1.0, ""התקשרות עם צד שלישי"": ""האחר"", ""התקשרות עם סוכן"": ""מספר שיחות תיאום"", ""הבטחת נשק נוסף"": ""אקדח ותחמושת תואמת"", ""שימוש"": ""לא""}","{""מחיר נשק קרל גוסטב"": ""4000 ₪"", ""מחיר מכירה לחרוב"": ""3500 ₪"", ""מחיר רכישה מחרוב"": ""3000 ₪"", ""סוג נשק נוסף"": ""תבור"", ""מיקום החבייה"": ""שכונה סמוכה למקום מגוריו"", ""תאריך התקרית"": ""14.11.15"", ""שעת התקרית"": ""בין 1:00 ל-2:00"", ""מספר כדורים שנורו"": ""5"", ""מספר רכבי ביטחון שנפגעו"": ""3"", ""תאריך חיפושי כוחות הביטחון"": ""מרץ 2016"", ""שם השומר הנשק"": ""מחמוד זהאדה"", ""שם הקונה השני"": ""מוראד מחיסן"", ""שם הקונה השלישי"": ""עבד חרוב"", ""תאריך פיגוע ירי חרוב"": ""9.3.16"", ""מיקום פיגוע ירי חרוב"": ""ירושלים, צומת רמות ושמעון הצדיק"", ""מספר כדורי תחמושת שנמכרו לחרוב"": ""10"", ""מספר עבירה"": ""144 א, 144 ב"", ""סוג עבירה"": ""נשיאת נשק, סחר בנשק"", ""עבירות נוספות"": ""ניסיון לחבלה חמורה,רכישת נשק"", ""סוג הנשק [תת מקלע]"": 3.0, ""סוג הנשק [רובה סער]"": 1.0, ""סטטוס הנשק"": ""נשק עם כדור בקנה"", ""תכנון"": ""כן"", ""אופן החזקת הנשק"": ""מוסלק - מוסתר, סמוך לבית"", ""אופן קבלת הנשק"": ""רכש"", ""כמות תחמושת"": ""10 כדורים"", ""מטרה-סיבת העבירה"": ""בצע כסף"", ""שימוש"": ""כן,ירי""}",60.0,"1. **סוג העבירה וחומרתה**: שני התיקים כוללים עבירות נשק חמורות, אך תיק 1 מתמקד בסחר בנשק (144 ב), בעוד שתיק 2 כולל הן החזקה (144 א) והן נשיאה/סחר בנשק (144 ב). חומרת העבירות דומה בשל מעורבות בסחר בנשק.

2. **תפקיד הנאשם ומעורבותו**: בשני התיקים הנאשמים מעורבים בסחר בנשק, אך במידה שונה. בתיק 1 הנאשם הוא סוחר בנשק, ואילו בתיק 2 הנאשם גם רוכש וגם מוכר נשק, וכן השתמש בו.

3. **שיטת הביצוע (MO)**: שני התיקים כוללים תכנון מראש ומעורבות פעילה בסחר בנשק. אופן החזקת הנשק שונה - ברכב (תיק 1) לעומת מוסתר סמוך לבית (תיק 2).

4. **נסיבות הליבה**: כמות התחמושת משמעותית בשני התיקים אך שונה בסדר גודל (1100 כדורים בתיק 1 לעומת 10 כדורים בתיק 2). בתיק 2 נעשה שימוש בנשק, בניגוד לתיק 1.

5. **ישימות כתקדים**: בית המשפט עשוי לראות את שני התיקים כרלוונטיים זה לזה בשל מעורבות בסחר בנשק ותכנון מראש, אך ההבדלים בכמות התחמושת ובשימוש בנשק עשויים להשפיע על קביעת העונש.

SIMILARITY_SCORE: 60","ok",""
"SH-16-02-10948-419","SH-16-11-19417-55",3,1,1,"{""אופן החזקת הנשק"": ""בבית"", ""מספר עבירה"": ""144 א"", ""סוג הנשק [אקדח]"": 1.0, ""סוג עבירה"": ""החזקה נשק"", ""סטטוס הנשק"": ""תקין"", ""תכנון"": ""לא"", ""קוטר הנשק"": ""9 מ\""מ"", ""מיקום החזקת הנשק"": ""ארון הבגדים"", ""סוג הנשק"": ""אוטומטי"", ""שימוש"": ""לא"", ""כמות תחמושת"": ""ללא""}","{""אופן החזקת הנשק"": ""ברכב, מוסלק - מוסתר"", ""כמות תחמושת"": ""מחסנית ובה כדורים"", ""מספר עבירה"": ""144 א"", ""סוג הנשק [אקדח]"": 1.0, ""סוג עבירה"": ""החזקה נשק"", ""סטטוס הנשק"": ""נשק מופרד מתחמושת"", ""תכנון"": ""לא"", ""סוג הרכב"": ""מרצדס"", ""מספר רישוי הרכב"": ""53-321-59"", ""דגם הנשק"": ""ברטה F84"", ""קליבר הנשק"": ""9 מ\""מ קצר"", ""מספר סידורי של הנשק"": ""D79906Y"", ""זמן המעצר"": ""26.10.16, 05:00 בבוקר"", ""מיקום החזקת הנשק"": ""מתחת לכיסא הנהג"", ""שימוש"": ""לא""}",70.0,"1. **סוג העבירה וחומרתה**: שני התיקים עוסקים בעבירה לפי סעיף 144(א) — החזקת נשק. חומרת העבירה דומה בשני המקרים מאחר והם מאותו סעיף. 
2. **תפקיד הנאשם ומעורבותו**: בשני התיקים הנאשם הוא המחזיק בנשק. אין מידע על מעורבות פעילה נוספת.
3. **שיטת הביצוע (MO)**: בשני המקרים הנשק הוחזק בסתר, אך במיקומים שונים — ארון בגדים בבית ומתחת לכיסא הנהג ברכב. 
4. **נסיבות הליבה**: בשני התיקים מדובר בנשק אוטומטי (או דומה) בקוטר 9 מ""מ, אך ב**תיק 1** לא הייתה תחמושת, ואילו ב**תיק 2** הייתה מחסנית עם כדורים. לא היה שימוש בנשק בשני המקרים ולא היה תכנון מראש.
5. **ישימות כתקדים**: בית המשפט עשוי לראות את שני התיקים כרלוונטיים זה לזה לצורכי ענישה בשל הדמיון בסוג העבירה והנסיבות, אך ההבדלים במיקום ההחזקה ובנוכחות תחמושת עשויים להשפיע על מידת הדמיון.

SIMILARITY_SCORE: 70","ok",""
"ME-22-03-52964-443","ME-17-05-35227-215",3,1,1,"{""אופן החזקת הנשק"": ""על גופו"", ""כמות תחמושת"": ""מחסנית ובה 16 כדורים, מחסנית ובה 16 כדורים"", ""מטרה-סיבת העבירה"": ""סכסוך"", ""מספר עבירה"": ""144 א, 144 ב"", ""סוג הנשק [אקדח]"": 1.0, ""סוג עבירה"": ""החזקה נשק, נשיאת נשק, הובלת נשק"", ""סטטוס הנשק"": ""נשק עם מחסנית בהכנס"", ""עבירות נוספות"": ""עבירת הפרעה לשוטר במילוי תפקידו לפי סעיף 275 לחוק."", ""תכנון"": ""כן"", ""מודל הנשק"": ""D.D.G מודל 19"", ""קליבר הנשק"": ""9 מ\""מ פרבלום"", ""מקום האירוע"": ""מפעל מזון בדיר אל אסד"", ""תאריך ושעה"": ""9.3.22 בשעה 12:10"", ""תיאור התנהגות הנאשם בעת המעצר"": ""ניסה להשליך את הנשק והתחמושת לתוך ארגז עופות"", ""שימוש"": ""לא""}","{""אופן החזקת הנשק"": ""ברכב"", ""כמות תחמושת"": ""מחסנית"", ""מספר עבירה"": ""144 ב"", ""סוג הנשק [תת מקלע מאולתר]"": 1.0, ""סוג עבירה"": ""נשיאת נשק, הובלת נשק"", ""סטטוס הנשק"": ""נשק עם מחסנית בהכנס"", ""תכנון"": ""כן"", ""תאריך העבירה"": ""7 במאי 2017"", ""שעת העבירה"": ""צהריים"", ""סוג הרכב"": ""אופנוע"", ""דגם הרכב"": ""קואנג יאנג טיו"", ""הודאה בעבירה"": ""הודה"", ""סעיף העבירה"": ""144(ב) רישא וסיפא"", ""שנת החוק"": ""1977"", ""שימוש"": ""לא""}",70.0,"1. **סוג העבירה וחומרתה**: שני התיקים עוסקים בעבירות נשק חמורות לפי סעיף 144 לחוק העונשין, אך תיק 1 כולל גם החזקה (144א) בנוסף לנשיאה והובלה (144ב), בעוד שתיק 2 מתמקד בנשיאה והובלה (144ב) בלבד. חומרת העבירה בשני התיקים דומה בשל הימצאות תחמושת והעובדה שהנשק היה טעון.

2. **תפקיד הנאשם ומעורבותו**: בשני התיקים הנאשם הוא המחזיק/נושא/הוביל את הנשק, אך אין מידע ישיר על תפקידם ביזימת העבירה. מעורבותם היא פעילה, שכן הם החזיקו/נשאו/הובילו את הנשק.

3. **שיטת הביצוע (MO)**: שני התיקים כוללים נשק טעון, אך שיטת הביצוע שונה — תיק 1: החזקה על הגוף, ניסה להיפטר מהנשק בזמן המעצר; תיק 2: החזקה ברכב (באופנוע ספציפית), הודה בעבירה. שני המקרים כוללים תכנון מראש.

4. **נסיבות הליבה**: שני התיקים כוללים נשק טעון עם תחמושת, אך כמות התחמושת שונה — תיק 1: שתי מחסניות עם 16 כדורים כל אחת; תיק 2: מחסנית אחת (כמות הכדורים לא מצוינת). בשני המקרים לא נעשה שימוש בנשק. שני המקרים כוללים תכנון.

5. **ישימות כתקדים**: בית משפט עשוי לראות את שני התיקים כרלוונטיים זה לזה לצורכי ענישה בשל הדמיון בעבירות (נשיאת/הובלת נשק לפי 144ב), קיום תכנון מראש, והעובדה שהנשק היה טעון. עם זאת, ישנם הבדלים בכמות התחמושת, אופן החזקת הנשק, ונסיבות המעצר.

SIMILARITY_SCORE: 70","ok",""
"ME-18-04-19642-504","ME-21-10-18557-340",3,1,1,"{""אופן החזקת הנשק"": ""ברכב, על גופו"", ""כמות תחמושת"": ""2 מחסניות, 40 כדורים"", ""מטרה-סיבת העבירה"": ""אלימות כלפי נשים"", ""מספר עבירה"": ""144 א, 144 ב"", ""סוג הנשק [אקדח]"": 1.0, ""סוג עבירה"": ""נשיאת נשק, הובלת נשק"", ""סטטוס הנשק"": ""נשק עם כדור בקנה"", ""עבירות נוספות"": ""במעשי פזיזות ורשלנות, לפי ס' 338(א)(5) לחוק."", ""שימוש"": ""כן,ירי"", ""תכנון"": ""לא"", ""מיקום האירוע"": ""יער הסמוך לכפר קרע"", ""תאריך האירוע"": ""1.4.18"", ""זמן האירוע"": ""17:00"", ""השפעת אלכוהול"": ""הנאשם היה תחת השפעת משקאות אלכוהוליים"", ""זיכרון הנאשם"": ""הנאשם אינו זוכר את כל פרטי האירוע"", ""מספר יריות"": ""11 יריות באוויר"", ""אופן השימוש בנשק"": ""שליפה והצגה לפני ר.ק. וירי באוויר"", ""התנהלות במהלך המעצר"": ""ניסיון להימלט, השלכת הנשק תחת מושב הרכב"", ""מערכת יחסים עם המתלוננת"": ""הנאשם ור.ק. היו זוג לפני האירוע"", ""סכסוך עם המתלוננת"": ""סכסוך כשבועיים לפני האירוע""}","{""אופן החזקת הנשק"": ""ברכב, על גופו"", ""כמות תחמושת"": ""מחסנית + 2 כדורים"", ""מטרה-סיבת העבירה"": ""סכסוך"", ""מספר עבירה"": ""144 א, 144 ב"", ""סוג הנשק [תת מקלע מאולתר]"": 1.0, ""סוג עבירה"": ""החזקה נשק, נשיאת נשק, הובלת נשק"", ""סטטוס הנשק"": ""נשק עם כדור בקנה"", ""עבירות נוספות"": ""ירי מנשק חם"", ""שימוש"": ""כן,ירי"", ""תכנון"": ""לא"", ""סוג רכב הנאשם"": ""מאזדה בצבע כחול"", ""מיקום האירוע"": ""כפר אבו סנאן"", ""זמן האירוע"": ""16.9.2021, סמוך לשעה 19:00"", ""סוג רכב המטרה"": ""מאזדה לבנה"", ""מעורבים נוספים"": ""ג'יהאד סואעד, מוחמד פעאור"", ""כוונת הירי"": ""להפחיד או להקניט"", ""מיקום ישיבת הנאשם ברכב"": ""מושב נוסע"", ""מיקום ישיבת ג'יהאד ברכב"": ""מושב נהג"", ""מיקום ישיבת א' במאזדה"": ""מושב נוסע ליד הנהג"", ""מיקום ישיבת מוחמד פעאור במאזדה"": ""מושב נהג"", ""סוג הכדורים"": ""קליבר 9 מ\""מ"", ""סוג המחסנית"": ""מחסנית תואמת לתת מקלע"", ""מיקום הירי"": ""באזור מגורים"", ""סכנה פוטנציאלית"": ""סכנה לחיי אדם""}",85.0,"להלן ניתוח הדמיון המהותי בין שני התיקים הפליליים:

1. **סוג העבירה וחומרתה**:
שני התיקים עוסקים בעבירות נשק חמור (סעיפים 144א ו-144ב), כולל החזקה, נשיאה והובלה של נשק. חומרת העבירות דומה בשל השימוש בנשק חם ותחמושת. הדמיון בסוג העבירה מצביע על רלוונטיות מסוימת.

2. **תפקיד הנאשם ומעורבותו**:
בשני התיקים הנאשם היה מעורב באופן פעיל — החזיק בנשק וירה בו. בשני המקרים הנשק היה ברשותו והוא השתמש בו. המעורבות הפעילה והשימוש בנשק מדגישים דמיון בתפקיד הנאשם.

3. **שיטת הביצוע (MO)**:
שני המקרים כוללים נשיאת נשק חם (אקדח ותת-מקלע) עם כדור בקנה, וירי באוויר. הדמיון בשיטת הביצוע ובאמצעים (נשק חם ותחמושת) מצביע על דפוס פעולה דומה.

4. **נסיבות הליבה**:
שניהם כוללים שימוש בנשק חם, כמות תחמושת לא זניחה, ונסיבות של סכסוך או אלימות. בשני המקרים הנשק היה טעון ומוכן לשימוש. הדמיון בנסיבות הליבה תומך בדמיון המהותי.

5. **ישימות כתקדים**:
בהתחשב בדמיון בסוג העבירה, תפקיד הנאשם, שיטת הביצוע ונסיבות הליבה, סביר שבית המשפט יראה את שני התיקים כרלוונטיים זה לזה לצורכי ענישה.

SIMILARITY_SCORE: 85","ok",""
"ME-16-03-59260-279","SH-11-12-35552-181",2,0,1,"{""מיקום החזקת הנשק"": ""חנות דגים, רחוב נווה שאנן 37, תל-אביב"", ""סוג האקדח"": ""גלוק"", ""צבע האקדח"": ""שחור"", ""מספר רישום האקדח"": ""F.V.458"", ""זמן האירוע"": ""23.3.16, סמוך לשעה 7:30"", ""מיקום הירי"": ""רחוב התחייה 19, תל אביב-יפו"", ""סוג הרכב"": ""מרצדס"", ""מיקום נוסף"": ""רחוב המנוע 2, תל אביב-יפו"", ""מספר עבירה"": ""144 א, 144 ב"", ""סוג עבירה"": ""החזקה נשק, נשיאת נשק"", ""סוג הנשק [אקדח]"": 1.0, ""סטטוס הנשק"": ""נשק עם מחסנית בהכנס"", ""תכנון"": ""כן"", ""אופן החזקת הנשק"": ""ברכב, מחסן"", ""כמות תחמושת"": ""מחסנית ובה 14 כדורים"", ""מטרה-סיבת העבירה"": ""סכסוך"", ""שימוש"": ""לא""}","{""מיקום החזקת הנשק"": ""בארון הבגדים בחדר השינה"", ""אופן אריזת הנשק"": ""עטוף בגרב"", ""עיר מגורים"": ""לוד"", ""תאריך העבירה"": ""14/12/11"", ""מספר עבירה"": ""144 א"", ""סוג עבירה"": ""החזקה נשק"", ""סוג הנשק [אקדח]"": 1.0, ""סטטוס הנשק"": ""תקין"", ""תכנון"": ""כן"", ""אופן החזקת הנשק"": ""בבית, מוסלק - מוסתר"", ""אופן קבלת הנשק"": ""רכש"", ""שימוש"": ""לא"", ""כמות תחמושת"": ""ללא""}",40.0,"1. **סוג העבירה וחומרתה**: שני התיקים עוסקים בעבירות נשק, אך תיק 1 כולל הן החזקה והן נשיאה של נשק (סעיפים 144א ו-144ב), בעוד שתיק 2 כולל רק החזקה של נשק (סעיף 144א). חומרת העבירה בתיק 1 גבוהה יותר בשל הימצאות סעיף 144ב. 

2. **תפקיד הנאשם ומעורבותו**: בשני התיקים הנאשם היה מעורב בהחזקת נשק, אך בתיק 1 הנשק היה קשור לסכסוך ונמצא ברכב, מה שיכול לרמז על מעורבות פעילה יותר. בתיק 2, הנשק הוחזק בבית בצורה מוסתרת ללא עדות לשימוש או מעורבות פעילה נוספת.

3. **שיטת הביצוע (MO)**: שני התיקים כוללים החזקת נשק אקדח ללא שימוש בו. אופן ההחזקה שונה - בתיק 1 הנשק הוחזק ברכב ומחסן, ואילו בתיק 2 הוא הוחזק בבית בצורה מוסתרת.

4. **נסיבות הליבה**: בתיק 1, הנשק היה עם מחסנית מלאה (14 כדורים) והיה קשור לסכסוך. בתיק 2, לא הייתה תחמושת. שני התיקים מעידים על תכנון מראש. 

5. **ישימות כתקדים**: בית משפט עשוי לראות את שני התיקים כקשורים לנושא דומה (עבירות נשק), אך ההבדל בין סעיף 144א לבין 144ב הוא משמעותי. תיק 2, שהוא רק 144א, לא ישמש כתקדים ישיר לתיק 1 בשל הימצאות סעיף 144ב בתיק 1.

SIMILARITY_SCORE: 40","ok",""
"ME-16-06-44840-433","ME-14-10-31218-522",1,0,0,"{""שנת לידה"": ""1993"", ""מיקום האירוע"": ""רחוב האפרסמון, ירושלים"", ""תאריך האירוע"": ""5.6.16"", ""מעורבים נוספים"": ""אלירון גולד, רן אברג'יל, יוני אברג'יל, נתי קורקוס"", ""פרטי הסדר טיעון"": ""הודאה והרשעה בכתב אישום שתוקן"", ""פרטי הסתרת הנשק"": ""הטמנת רימוני הלם במקום סמוך, העברתם בין שני מקומות מסתור נוספים"", ""מספר עבירה"": ""144 א, 144 ב"", ""סוג עבירה"": ""החזקה נשק, נשיאת נשק"", ""עבירות נוספות"": ""סיוע לנסיון לתקיפה לפי סעיפים 379 + 25 + 31 לחוק"", ""סוג הנשק [רימון רסס]"": 1.0, ""סוג הנשק [רימון הלם/גז]"": 2.0, ""סטטוס הנשק"": ""תקין"", ""תכנון"": ""כן"", ""אופן החזקת הנשק"": ""ברכב, מוסלק - מוסתר"", ""אופן קבלת הנשק"": ""מאחר"", ""מטרה-סיבת העבירה"": ""סכסוך"", ""שימוש"": ""זריקת רימון"", ""כמות תחמושת"": ""ללא""}","{""אופן החזקת הנשק"": ""על גופו"", ""מספר עבירה"": ""144 א"", ""סוג הנשק [רימון הלם/גז]"": 1.0, ""סוג עבירה"": ""החזקה נשק"", ""סטטוס הנשק"": ""תקין"", ""שימוש"": ""זריקת רימון"", ""תכנון"": ""לא"", ""שנת לידה"": 1983, ""תאריך האירוע"": ""29/5/14"", ""שעת האירוע"": ""02:45"", ""מיקום האירוע"": ""בית ד\""ר אמון חסן, דיר אל אסד"", ""סוג הרימון"": ""M7290"", ""צבע הרימון"": ""שחור"", ""פס כתוב על הרימון"": ""כן"", ""מספר סידורי של הרימון"": ""E386201"", ""פוטנציאל נזק"": ""גרימת פגיעה גופנית"", ""מיקום פיצוץ הרימון"": ""מרפסת בית המתלונן"", ""השפעת הפיצוץ"": ""קול נפץ עז שהעיר אנשים"", ""כמות תחמושת"": ""ללא""}",60.0,"להלן ניתוח הדמיון בין שני התיקים לפי הממדים המבוקשים:

1. **סוג העבירה וחומרתה**:
שני התיקים עוסקים בעבירות נשק, אך תיק 1 כולל הן החזקה (144א) והן נשיאה (144ב), בעוד שתיק 2 כולל רק החזקה (144א). חומרת העבירה בתיק 1 גבוהה יותר בשל היקף המעורבות (נשיאה והחזקה). 
2. **תפקיד הנאשם ומעורבותו**:
בתיק 1 הנאשם מעורב במספר היבטים של העבירה, כולל החזקה והעברת נשק, וישנם מעורבים נוספים. בתיק 2, הנאשם מואשם בהחזקת נשק, אך אין פרטים רבים על מעורבותו הישירה או שיתוף פעולה עם אחרים. המעורבות בשני התיקים שונה ברמתה.
3. **שיטת הביצוע (MO)**:
שני התיקים כוללים החזקת רימוני הלם/גז ושימוש בהם על ידי זריקה. עם זאת, אופן החזקת הנשק שונה: בתיק 1 הנשק הוסתר ברכב, ואילו בתיק 2 הוא הוחזק על גופו של הנאשם. 
4. **נסיבות הליבה**:
שני התיקים כוללים שימוש ברימוני הלם/גז, אך בתיק 1 היה תכנון מראש, ואילו בתיק 2 לא היה תכנון. כמו כן, בשני המקרים לא מדובר בכמות תחמושת רגילה אלא ברימון בודד.
5. **ישימות כתקדים**:
בית משפט עשוי לראות את שני התיקים כרלוונטיים זה לזה מבחינת סוג העבירה (החזקת נשק) ושימוש בנשק דומה (רימוני הלם/גז). עם זאת, ההבדלים בתפקיד הנאשם, מידת התכנון, וסעיפי האישום (144א בלבד בתיק 2 לעומת 144א ו-144ב בתיק 1) עשויים להפחית מהרלוונטיות של תיק אחד כתקדים לאחר.

SIMILARITY_SCORE: 60","ok",""
"sh-10-05-7434-952","SH-18-06-11098-353",3,1,1,"{""אופן החזקת הנשק"": ""בבית, מוסלק - מוסתר"", ""כמות תחמושת"": ""מחסנית"", ""מספר עבירה"": ""144 א"", ""סוג הנשק [אקדח]"": 2.0, ""סוג עבירה"": ""החזקה נשק"", ""סטטוס הנשק"": ""נשק מופרד מתחמושת"", ""תכנון"": ""לא"", ""שם הנאשם"": ""איגור בן סמיון סבובסקי"", ""שנת לידה"": 1961, ""תאריך העבירה"": ""14.4.10"", ""כתובת האירוע"": ""רחוב אורלנסקי 11, פתח תקווה"", ""סוגי האקדחים"": [""ברטה חצי אוטומטי"", ""לאמה חצי אוטומטי""], ""שימוש"": ""לא"", ""מטרה-סיבת העבירה"": ""אספנות""}","{""אופן החזקת הנשק"": ""מוסלק - מוסתר"", ""כמות תחמושת"": ""מספר מחסניות"", ""מספר עבירה"": ""144 א"", ""סוג הנשק [רובה סער ]"": 1.0, ""סוג עבירה"": ""החזקה נשק"", ""סטטוס הנשק"": ""נשק מופרד מתחמושת"", ""תכנון"": ""לא"", ""סוג רובה"": ""גליל"", ""מספר סידורי נשק"": ""נמחק"", ""תאריך המעצר"": ""23/05/18"", ""הודאה בעובדות"": ""כן"", ""שימוש"": ""לא""}",70.0,"1. **סוג העבירה וחומרתה**: שני התיקים עוסקים בעבירה של החזקת נשק לפי סעיף 144(א) לחוק העונשין, כך שסוג העבירה זהה. חומרת העבירה דומה משום ששניהם עוסקים בהחזקת נשק ללא שימוש בו. 
2. **תפקיד הנאשם ומעורבותו**: בשני התיקים הנאשמים מואשמים בהחזקת נשק, ללא עדות למעורבות פעילה נוספת או תפקיד ספציפי שיכול להעיד על רמת אחריות שונה. 
3. **שיטת הביצוע (MO)**: בשני המקרים הנשק היה מוסלק ומוסתר, והוא היה מופרד מהתחמושת. עם זאת, סוג הנשק שונה - אקדחים חצי אוטומטיים בתיק 1 לעומת רובה גליל בתיק 2.
4. **נסיבות הליבה**: כמות התחמושת משתנה בין ""מחסנית"" ל""מספר מחסניות"", אך בשני המקרים לא היה שימוש בנשק. כמו כן, בשני התיקים לא היה תכנון מראש. 
5. **ישימות כתקדים**: בית משפט עשוי לראות את שני התיקים כרלוונטיים זה לזה לצורכי ענישה בשל הדמיון בסוג העבירה (144(א)), אופן החזקת הנשק, והיעדר שימוש בנשק. עם זאת, ההבדלים בסוג הנשק ובכמות התחמושת עשויים להשפיע על חומרת הענישה.

SIMILARITY_SCORE: 70","ok",""
"SH-19-07-60805-168","SH-16-11-7544-55",2,0,1,"{""אופן החזקת הנשק"": ""ברכב, מוסלק - מוסתר"", ""כמות תחמושת"": ""מחסנית ובה 10 כדורים"", ""מספר עבירה"": ""144 א"", ""סוג הנשק [אקדח]"": 1.0, ""סוג עבירה"": ""החזקה נשק"", ""סטטוס הנשק"": ""נשק עם מחסנית בהכנס"", ""תכנון"": ""לא"", ""סוג הרכב"": ""לקסוס"", ""מספר רישוי"": ""72-111-79"", ""מיקום החזקת הנשק"": ""תא מטען, מתחת לשטיח הגלגל הרזרבי"", ""סוג האקדח"": ""גז/הזנקה"", ""שינוי בייעוד הנשק"": ""מסוגל לירות כדורי אקדח"", ""סוג המחסנית"": ""סמית' אנד ווסון"", ""קוטר הכדורים"": ""9 מ\""מ פאראבלום"", ""שימוש"": ""לא""}","{""אופן החזקת הנשק"": ""על גופו"", ""כמות תחמושת"": ""מחסנית ובה 10 כדורים"", ""מספר עבירה"": ""144 א"", ""סוג הנשק [תת מקלע מאולתר]"": 1.0, ""סוג עבירה"": ""החזקה נשק"", ""סטטוס הנשק"": ""נשק מופרד מתחמושת"", ""תכנון"": ""לא"", ""תאריך האירוע"": ""26.10.16"", ""מיקום האירוע"": ""מחלף להב-שומריה, כביש 6 לכוון צפון"", ""סוג הרכב"": ""רכב פרטי"", ""זיהוי הנאשם"": ""על ידי שוטר"", ""שם השוטר"": ""מיכאל אדרי"", ""קוטר הקליעים"": ""9 מ\""מ"", ""שימוש"": ""לא""}",70.0,"להלן הניתוח לפי הממדים השונים:

1. **סוג העבירה וחומרתה**:
שני התיקים עוסקים בעבירת החזקת נשק (סעיף 144(א)) ולכן מדובר באותו סוג עבירה. חומרת העבירה בשני המקרים דומה משום שמדובר בהחזקת נשק ללא רשות. 
2. **תפקיד הנאשם ומעורבותו**:
שני התיקים מתייחסים לנאשם המחזיק בנשק, ללא עדות למעורבות נוספת או תפקיד שונה. המעורבות בשני המקרים היא החזקה בלבד.
3. **שיטת הביצוע (MO)**:
תיק 1 מתאר החזקת נשק מוסתר ברכב, בעוד תיק 2 מתאר החזקה על גופו של הנאשם. אופן ההחזקה שונה, אך בשני המקרים הנשק לא נישא באופן גלוי.
4. **נסיבות הליבה**:
שניהם כוללים נשק עם תחמושת (10 כדורים), ללא שימוש בפועל. סוג הנשק שונה (אקדח גז מותאם לעומת תת-מקלע מאולתר), אך שניהם מסוגלים לירות תחמושת חיה. 
5. **ישימות כתקדים**:
בית המשפט עשוי לראות את שני התיקים כרלוונטיים זה לזה לצורכי ענישה משום ששניהם עוסקים בהחזקת נשק ללא רשות, עם תחמושת, ללא תכנון מוקדם וללא שימוש בפועל.

SIMILARITY_SCORE: 70","ok",""
"SH-14-11-8987-965","ME-16-12-50986-619",1,0,0,"{""אופן קבלת הנשק"": ""גנב"", ""מספר עבירה"": ""144 א"", ""סוג הנשק [אקדח]"": 1.0, ""סוג עבירה"": ""החזקה נשק"", ""סטטוס הנשק"": ""תקול"", ""עבירות נוספות"": ""גניבה לפי סעיפים 384"", ""תכנון"": ""לא"", ""שנת לידה"": 1985, ""מקום מגורים"": ""ירושלים"", ""סוג האקדח"": ""קולט 45"", ""מיקום האירוע"": ""רח' דוד רזיאל 28, ירושלים"", ""תאריך האירוע"": ""מאי 2014"", ""הקשר למתלונן"": ""היה אמור לנקות את הבית"", ""משך זמן עד להודאה"": ""חודש ימים"", ""שימוש"": ""לא"", ""כמות תחמושת"": ""ללא""}","{""אופן החזקת הנשק"": ""ברכב"", ""מטרה-סיבת העבירה"": ""סכסוך"", ""מספר עבירה"": ""144 ב"", ""סוג הנשק - אם לא נמצא בטבלה"": ""כלי נשק"", ""סוג עבירה"": ""נשיאת נשק, הובלת נשק"", ""סטטוס הנשק"": ""נשק עם כדור בקנה"", ""עבירות נוספות"": ""בעבירות של קשירת קשר לפשע, לפי סעיף 449(א)(1) לחוק העונשין; איומים, לפי סעיף 192 לחוק העונשין;  וירי באזור מגורים, לפי סעיף 340 א' לחוק העונשין."", ""שימוש"": ""כן,ירי"", ""תכנון"": ""לא"", ""זמן האירוע"": ""15.12.16 בסמוך לשעה 14:45"", ""מיקום האירוע"": ""שכונה 20 ברהט"", ""כלי רכב מעורב"": ""ב.מ.וו"", ""זיהוי נאשמים"": ""הנאשם ואחרים שזהותם אינה ידועה"", ""קרבה משפחתית"": ""המתלוננים הם קרובי משפחה"", ""כיסוי פנים"": ""חבשו כובעים וחם-צוואר להקשות על זיהוי"", ""פעולת האיום"": ""הוצאת פלג גופו העליון מחלון הגג וירי באוויר"", ""תגובת המתלוננים"": ""ניסו להסתתר מפני הנאשם והאחרים"", ""כמות תחמושת"": ""ללא""}",20.0,"1. **סוג העבירה וחומרתה**: 
תיק 1 עוסק בעבירה לפי סעיף 144(א) - החזקת נשק, ללא שימוש, ותיק 2 עוסק בעבירה לפי סעיף 144(ב) - נשיאת/הובלת נשק, עם שימוש (ירי). חומרת העבירה בתיק 2 גבוהה יותר בשל השימוש בנשק ונסיבות העבירה.

2. **תפקיד הנאשם ומעורבותו**: 
בתיק 1 הנאשם הוא המחזיק בנשק, ללא עדות למעורבות נוספת. בתיק 2 הנאשם מעורב בנשיאת/הובלת נשק וגם השתמש בו בירי, בנוסף לכך שהיה חלק מקבוצה.

3. **שיטת הביצוע (MO)**: 
בתיק 1 הנשק היה ברשות הנאשם ללא שימוש, ואילו בתיק 2 הנשק נישא ונורו יריות. אמנם בשני המקרים לא מצוינת כמות תחמושת ספציפית, אך השימוש בנשק בתיק 2 מעיד על רמת מעורבות גבוהה יותר.

4. **נסיבות הליבה**: 
בתיק 1 הנשק היה תקול והוחזק ללא שימוש, ואילו בתיק 2 הנשק היה טעון ונעשה בו שימוש. נסיבות העבירה בתיק 2 מחמירות בשל הירי והמעורבות בסכסוך.

5. **ישימות כתקדים**: 
בית המשפט לא סביר יראה את שני התיקים כרלוונטיים זה לזה לצורכי ענישה בשל ההבדלים המהותיים בסוג העבירה, חומרתה, ונסיבותיה. תיק 1 הוא עבירת החזקה ללא שימוש, ואילו תיק 2 כולל נשיאה, הובלה ושימוש בנשק.

SIMILARITY_SCORE: 20","ok",""
"SH-16-09-33552-535","ME-16-11-56385-886",1,0,0,"{""מספר עבירה"": ""144 א"", ""סוג עבירה"": ""החזקה נשק"", ""סוג הנשק [אקדח]"": 1.0, ""סוג הנשק [רובה סער מאולתר]"": 1.0, ""סטטוס הנשק"": ""נשק מופרד מתחמושת"", ""תכנון"": ""כן"", ""אופן החזקת הנשק"": ""מוסלק - מוסתר"", ""כמות תחמושת"": ""מחסנית, מחסנית ובה 0 כדורים, 4 כדורים, 60 כדורים"", ""שימוש"": ""לא""}","{""אופן החזקת הנשק"": ""על גופו"", ""אופן קבלת הנשק"": ""גנב"", ""מספר עבירה"": ""144 א"", ""סוג הנשק [אקדח]"": 1.0, ""סוג עבירה"": ""החזקה נשק"", ""סטטוס הנשק"": ""נשק עם כדור בקנה"", ""תכנון"": ""לא"", ""תאריך גניבת הנשק"": ""14.10.07"", ""תאריך החזקת הנשק"": ""18.11.16"", ""מותג הנשק"": ""יריחו"", ""מצב הנשק בעת המעצר"": ""דרוך, טעון ומוכן לירי"", ""שימוש"": ""לא"", ""כמות תחמושת"": ""ללא""}",40.0,"להלן הניתוח לפי הממדים השונים:

1. **סוג העבירה וחומרתה**: שני התיקים עוסקים בעבירת החזקת נשק לפי סעיף 144(א), אך עם הבדלים בנסיבות. חומרת העבירה דומה, אך לא זהה, בשל סטטוס הנשק והתחמושת. 
2. **תפקיד הנאשם ומעורבותו**: בשני התיקים הנאשם הוא מחזיק נשק, ללא עדות למעורבות נוספת או תפקיד שונה. 
3. **שיטת הביצוע (MO)**: אופן החזקת הנשק שונה - ""מוסלק - מוסתר"" בתיק 1 לעומת ""על גופו"" בתיק 2. 
4. **נסיבות הליבה**: הבדלים משמעותיים - בתיק 1 הנשק מופרד מתחמושת, ואילו בתיק 2 הנשק טעון ומוכן לירי. כמו כן, בתיק 1 יש כמות תחמושת משמעותית, ואילו בתיק 2 לא נמצאה תחמושת. 
5. **ישימות כתקדים**: בהינתן ההבדלים בנסיבות החזקת הנשק, הכמות תחמושת, וסטטוס הנשק, קשה לטעון שיש דמיון מהותי בין שני התיקים.

SIMILARITY_SCORE: 40","ok",""
"ME-17-08-28615-573","ME-17-05-35227-215",3,1,1,"{""אופן החזקת הנשק"": ""על גופו"", ""כמות תחמושת"": ""מחסנית ובה 9 כדורים, 50 כדורים"", ""מספר עבירה"": ""144 א, 144 ב"", ""סוג הנשק [רימון הלם/גז]"": 1.0, ""סוג הנשק [תת מקלע מאולתר]"": 1.0, ""סוג עבירה"": ""החזקה נשק, נשיאת נשק"", ""סטטוס הנשק"": ""נשק מופרד מתחמושת"", ""עבירות נוספות"": ""הפרעה לשוטר במילוי תפקידו, לפי סעיף 275 לחוק העונשין"", ""תכנון"": ""כן"", ""מיקום האירוע"": ""תחנת דלק ליד קיבוץ בית העמק"", ""זמן האירוע"": ""בין השעות 19:57 ל-23:04"", ""פעולות הנאשם במהלך האירוע"": ""הכניס את התיק לפח אשפה, שהה במקום, ניגש לפיצוצייה, רץ לכיוון הפח והמשיך בריצה עם התיק"", ""תגובת הנאשם להתקרבות שוטרים"": ""החל להימלט ושלח את התיק למיכל מחזור"", ""מספר שוטרים במעורבות"": ""5"", ""סוג הרכב המשטרתי"": ""ניידת משטרה"", ""מיקום המציאת הנאשם"": ""מסתתר בשיחים בקרבת מקום"", ""שימוש"": ""לא""}","{""אופן החזקת הנשק"": ""ברכב"", ""כמות תחמושת"": ""מחסנית"", ""מספר עבירה"": ""144 ב"", ""סוג הנשק [תת מקלע מאולתר]"": 1.0, ""סוג עבירה"": ""נשיאת נשק, הובלת נשק"", ""סטטוס הנשק"": ""נשק עם מחסנית בהכנס"", ""תכנון"": ""כן"", ""תאריך העבירה"": ""7 במאי 2017"", ""שעת העבירה"": ""צהריים"", ""סוג הרכב"": ""אופנוע"", ""דגם הרכב"": ""קואנג יאנג טיו"", ""הודאה בעבירה"": ""הודה"", ""סעיף העבירה"": ""144(ב) רישא וסיפא"", ""שנת החוק"": ""1977"", ""שימוש"": ""לא""}",70.0,"1. **סוג העבירה וחומרתה**: שני התיקים עוסקים בעבירות נשק חמורות, אך תיק 1 כולל גם עבירת החזקה לפי סעיף 144(א) בנוסף לנשיאה לפי 144(ב), בעוד שתיק 2 מתמקד בנשיאה והובלה לפי 144(ב). החומרה דומה בשל מעורבות בנשק לא חוקי.

2. **תפקיד הנאשם ומעורבותו**: בשני התיקים הנאשם היה מעורב באופן ישיר בנשק - בתיק 1 הנשק היה על גופו, ובתיק 2 הוא היה ברשותו ברכב. המעורבות פעילה בשני המקרים.

3. **שיטת הביצוע (MO)**: שני התיקים כוללים נשיאת נשק לא חוקי (תת מקלע מאולתר), אך שיטת הביצוע שונה - על גוף (תיק 1) לעומת ברכב (תיק 2). הנשק הופרד מהתחמושת בתיק 1, אך לא בתיק 2.

4. **נסיבות הליבה**: שני התיקים כוללים תכנון מראש ונשק לא חוקי מסוג תת מקלע מאולתר. כמות התחמושת משמעותית בשני התיקים, אך בתיק 1 היו כדורים נוספים. לא נעשה שימוש בנשק בשני המקרים.

5. **ישימות כתקדים**: בית משפט עשוי לראות את שני התיקים כרלוונטיים זה לזה בשל הדמיון בנשיאת נשק לא חוקי מסוג תת מקלע מאולתר ובתכנון מראש. עם זאת, ההבדלים בשיטת הביצוע ובנסיבות הפרטניות (החזקה על הגוף לעומת ברכב, הפרדת תחמושת) עשויים להשפיע על הישימות.

SIMILARITY_SCORE: 70","ok",""
"SH-16-11-7544-55","ME-16-10-12213-904",1,0,0,"{""אופן החזקת הנשק"": ""על גופו"", ""כמות תחמושת"": ""מחסנית ובה 10 כדורים"", ""מספר עבירה"": ""144 א"", ""סוג הנשק [תת מקלע מאולתר]"": 1.0, ""סוג עבירה"": ""החזקה נשק"", ""סטטוס הנשק"": ""נשק מופרד מתחמושת"", ""תכנון"": ""לא"", ""תאריך האירוע"": ""26.10.16"", ""מיקום האירוע"": ""מחלף להב-שומריה, כביש 6 לכוון צפון"", ""סוג הרכב"": ""רכב פרטי"", ""זיהוי הנאשם"": ""על ידי שוטר"", ""שם השוטר"": ""מיכאל אדרי"", ""קוטר הקליעים"": ""9 מ\""מ"", ""שימוש"": ""לא""}","{""סוג רכב"": ""סובארו"", ""בעלות על הרכב"": ""רשום על שם אחיו, מג'ד"", ""מיקום החזקת הנשק"": ""מתחת לכיסא הנוסע שליד הנהג"", ""מיקום המחסנית"": ""מתחת לכיסא הנוסע שליד הנהג"", ""מקום מגורים"": ""אום-אל-פחם"", ""מקום החזקת הנשק"": ""בית אמו"", ""סוג התחמושת"": ""כדור 9 מ\""מ"", ""מקום התפיסה"": ""במוסך במורד הרחוב"", ""מספר עבירה"": ""144 ב"", ""סוג עבירה"": ""נשיאת נשק"", ""סוג הנשק [תת מקלע מאולתר]"": 1.0, ""סטטוס הנשק"": ""נשק מופרד מתחמושת"", ""תכנון"": ""כן"", ""אופן החזקת הנשק"": ""ברכב, מוסלק - מוסתר"", ""אופן קבלת הנשק"": ""מצא"", ""כמות תחמושת"": ""מחסנית ריקה ובה 0 כדורים + 1 כדור"", ""שימוש"": ""לא""}",40.0,"1. **סוג העבירה וחומרתה**: שני התיקים עוסקים בעבירות נשק, אך סוג העבירה שונה - תיק 1 מתייחס להחזקת נשק (144א), בעוד שתיק 2 מתייחס לנשיאת נשק (144ב). חומרת העבירה ב-144(ב) נחשבת לחמורה יותר.

2. **תפקיד הנאשם ומעורבותו**: בשני התיקים הנאשם הוא המחזיק/נושא הנשק, אך ההקשר שונה. בתיק 1 הנשק היה על גופו של הנאשם, ואילו בתיק 2 הנשק הוחזק ברכב.

3. **שיטת הביצוע (MO)**: בשני המקרים מדובר בנשק מופרד מתחמושת, אך אופן החזקת הנשק שונה - על גופו (תיק 1) לעומת מוסתר ברכב (תיק 2).

4. **נסיבות הליבה**: סוג הנשק זהה (תת מקלע מאולתר), אך כמות התחמושת שונה מאוד - מחסנית מלאה (תיק 1) לעומת מחסנית ריקה וכדור בודד (תיק 2). בתיק 2 היה תכנון מראש.

5. **ישימות כתקדים**: בהינתן ההבדלים בסוג העבירה (144א לעומת 144ב) ובנסיבות אחרות, קשה לראות בתיק 1 תקדים ישיר לתיק 2, במיוחד בשל ההבחנה המשפטית בין החזקה לנשיאה.

SIMILARITY_SCORE: 40","ok",""
"ME-15-02-9111-399","ME-14-07-13179-197",1,0,0,"{""אופן החזקת הנשק"": ""על גופו"", ""כמות תחמושת"": ""מחסנית ובה 13 כדורים"", ""מספר עבירה"": ""144 א, 144 ב"", ""סוג הנשק [אקדח]"": 1.0, ""סטטוס הנשק"": ""נשק מופרד מתחמושת"", ""תכנון"": ""לא"", ""תאריך העבירה"": ""25.1.15"", ""שעת העבירה"": ""סמוך לשעה 15:00"", ""מיקום העבירה"": ""כפר בענה"", ""סיבת הגעת השוטרים"": ""לעכב את יוסף חסארמה לחקירה"", ""פעולת הנאשם בעת העבירה"": ""מנוסה מהשוטרים"", ""סוג האקדח"": ""FN"", ""מספר האקדח"": ""74423"", ""סוג התחמושת"": ""9 מ\""מ"", ""פעולה במהלך המנוסה"": ""זריקת האקדח והמחסנית"", ""שימוש"": ""לא""}","{""אופן החזקת הנשק"": ""על גופו"", ""אופן קבלת הנשק"": ""מאחר"", ""כמות תחמושת"": ""3 מחסניות"", ""מטרה-סיבת העבירה"": ""סכסוך"", ""מספר עבירה"": ""144 א, 144 ב"", ""סוג הנשק [אקדח]"": 1.0, ""סוג עבירה"": ""החזקה נשק, נשיאת נשק"", ""סטטוס הנשק"": ""נשק עם כדור בקנה"", ""עבירות נוספות"": ""ירי באזור מגורים, לפי סעיף 340א לחוק; שיבוש מהלכי משפט, לפי סעיף 244 לחוק; הפרת הוראה חוקית, לפי סעיף 287(א) לחוק; גניבה, לפי סעיף 384 לחוק; ואיומים, לפי סעיף 192 לחוק."", ""שימוש"": ""כן,ירי"", ""תכנון"": ""כן"", ""מיקום האירועים"": ""כפר יפיע, אכסאל, מגרש לפירוק כלי רכב"", ""זמן האירועים"": ""22.06.14, 23.06.14, 13.02.13"", ""קרבה משפחתית"": ""הנאשם והמתלונן הם בני דודים"", ""סוג האקדח"": ""גלוק"", ""כמות היריות"": ""3 יריות באוויר"", ""סכום החוב"": ""2,000 ₪"", ""מעצר הבית"": ""בכפר יפיע תחת פיקוח אמו וסבו"", ""הפרת תנאי מעצר"": ""הנאשם הפר את תנאי מעצר הבית בעת האירועים"", ""מטרת הירי"": ""להפחיד או להקניט את המתלונן"", ""איסוף תרמילים"": ""הנאשם אסף את תרמילי האקדח לאחר הירי""}",60.0,"להלן הניתוח לפי הממדים השונים:

1. **סוג העבירה וחומרתה**:
שני התיקים עוסקים בעבירות נשק לפי סעיף 144 לחוק, כאשר בשני המקרים מדובר בעבירות החזקה ונשיאה (144א ו-144ב). חומרת העבירה בשני התיקים גבוהה בשל החזקת נשק חם ותחמושת. עם זאת, תיק 2 כולל עבירות נוספות כמו ירי באזור מגורים, מה שמעיד על חומרה גבוהה יותר.

2. **תפקיד הנאשם ומעורבותו**:
בשני התיקים הנאשם הוא המחזיק והנושא את הנשק. בשניהם מדובר במעורבות פעילה, אך תיק 2 כולל גם שימוש בנשק לצורך ירי, מה שמוסיף לרמת המעורבות והאחריות.

3. **שיטת הביצוע (MO)**:
שני התיקים כוללים החזקת נשק על הגוף, אך שיטת הביצוע שונה. בתיק 1 הנאשם נמלט מהשוטרים וזורק את הנשק, ואילו בתיק 2 הנאשם השתמש בנשק לירי במסגרת סכסוך אישי. כמו כן, בתיק 2 יש עדויות לתכנון מראש.

4. **נסיבות הליבה**:
כמות התחמושת בשני התיקים משמעותית (13 כדורים בתיק 1 ו-3 מחסניות בתיק 2). בתיק 1 הנשק מופרד מהתחמושת, ואילו בתיק 2 הנשק היה עם כדור בקנה. תיק 2 כולל שימוש בנשק לצורך ירי, תכנון, וסכסוך אישי, מה שמעיד על נסיבות מחמירות יותר.

5. **ישימות כתקדים**:
בהתחשב בהבדלים בין שני התיקים, נראה כי הם אינם זהים לחלוטין אך עדיין עוסקים בעבירות דומות. עם זאת, תיק 2 כולל נסיבות מחמירות יותר כמו שימוש בנשק, ירי, ותכנון מראש, מה שעשוי להפחית את ישימותו כתקדים לתיק 1.

SIMILARITY_SCORE: 60","ok",""
"SH-20-02-52091-995","ME-17-05-35227-215",1,0,0,"{""אופן החזקת הנשק"": ""בבית"", ""כמות תחמושת"": ""20 כדורים"", ""מספר עבירה"": ""144 א"", ""סוג הנשק [תת מקלע מאולתר]"": 1.0, ""סוג עבירה"": ""החזקה נשק"", ""סטטוס הנשק"": ""נשק מופרד מתחמושת"", ""תכנון"": ""לא"", ""סוג הנשק"": ""תת מקלע מאולתר 9 מ\""מ"", ""מיקום החזקת הנשק"": ""ארון במטבח"", ""מיקום הבית"": ""שבט אלאעצם"", ""תאריך החזקת הנשק"": ""מיום 14.02.20"", ""תאריך התגלית"": ""16.02.20"", ""שעת התגלית"": ""סמוך לשעה 15:00"", ""סוג הפעילות המשטרתית"": ""חיפוש יזום"", ""שימוש"": ""לא""}","{""אופן החזקת הנשק"": ""ברכב"", ""כמות תחמושת"": ""מחסנית"", ""מספר עבירה"": ""144 ב"", ""סוג הנשק [תת מקלע מאולתר]"": 1.0, ""סוג עבירה"": ""נשיאת נשק, הובלת נשק"", ""סטטוס הנשק"": ""נשק עם מחסנית בהכנס"", ""תכנון"": ""כן"", ""תאריך העבירה"": ""7 במאי 2017"", ""שעת העבירה"": ""צהריים"", ""סוג הרכב"": ""אופנוע"", ""דגם הרכב"": ""קואנג יאנג טיו"", ""הודאה בעבירה"": ""הודה"", ""סעיף העבירה"": ""144(ב) רישא וסיפא"", ""שנת החוק"": ""1977"", ""שימוש"": ""לא""}",20.0,"1. **סוג העבירה וחומרתה**: שני התיקים עוסקים בעבירות נשק, אך סוג העבירה שונה - תיק 1 מתייחס להחזקת נשק (144א), בעוד תיק 2 מתייחס לנשיאה והובלת נשק (144ב), שהיא עבירה חמורה יותר. 
2. **תפקיד הנאשם ומעורבותו**: בשני התיקים הנאשם הוא המחזיק/נושא הנשק, אך ההבדל בעבירה (144א לעומת 144ב) משפיע על רמת המעורבות והאחריות.
3. **שיטת הביצוע (MO)**: שני התיקים כוללים החזקת תת-מקלע מאולתר, אך אופן החזקת הנשק שונה - בבית (תיק 1) לעומת ברכב (תיק 2), וסטטוס הנשק שונה - מופרד מתחמושת (תיק 1) לעומת עם מחסנית (תיק 2).
4. **נסיבות הליבה**: כמות התחמושת אינה זהה - 20 כדורים (תיק 1) לעומת מחסנית מלאה (תיק 2); תיק 2 כולל הובלה על אופנוע ועם תכנון מראש, מה שמעיד על חומרה גדולה יותר.
5. **ישימות כתקדים**: בשל ההבדלים בסוג העבירה (144א לעומת 144ב), נסיבות הליבה, ושיטת הביצוע, תיק 1 לא ייחשב כתקדים ישיר ורלוונטי לתיק 2 לצורכי ענישה.

SIMILARITY_SCORE: 20","ok",""
"SH-16-11-19417-55","SH-16-11-7544-55",3,1,1,"{""אופן החזקת הנשק"": ""ברכב, מוסלק - מוסתר"", ""כמות תחמושת"": ""מחסנית ובה כדורים"", ""מספר עבירה"": ""144 א"", ""סוג הנשק [אקדח]"": 1.0, ""סוג עבירה"": ""החזקה נשק"", ""סטטוס הנשק"": ""נשק מופרד מתחמושת"", ""תכנון"": ""לא"", ""סוג הרכב"": ""מרצדס"", ""מספר רישוי הרכב"": ""53-321-59"", ""דגם הנשק"": ""ברטה F84"", ""קליבר הנשק"": ""9 מ\""מ קצר"", ""מספר סידורי של הנשק"": ""D79906Y"", ""זמן המעצר"": ""26.10.16, 05:00 בבוקר"", ""מיקום החזקת הנשק"": ""מתחת לכיסא הנהג"", ""שימוש"": ""לא""}","{""אופן החזקת הנשק"": ""על גופו"", ""כמות תחמושת"": ""מחסנית ובה 10 כדורים"", ""מספר עבירה"": ""144 א"", ""סוג הנשק [תת מקלע מאולתר]"": 1.0, ""סוג עבירה"": ""החזקה נשק"", ""סטטוס הנשק"": ""נשק מופרד מתחמושת"", ""תכנון"": ""לא"", ""תאריך האירוע"": ""26.10.16"", ""מיקום האירוע"": ""מחלף להב-שומריה, כביש 6 לכוון צפון"", ""סוג הרכב"": ""רכב פרטי"", ""זיהוי הנאשם"": ""על ידי שוטר"", ""שם השוטר"": ""מיכאל אדרי"", ""קוטר הקליעים"": ""9 מ\""מ"", ""שימוש"": ""לא""}",80.0,"1. **סוג העבירה וחומרתה** — שני התיקים עוסקים בעבירה של החזקת נשק לפי סעיף 144(א) לחוק העונשין, כך שסוג העבירה זהה. חומרת העבירה דומה משום ששניהם עוסקים בהחזקת נשק ללא רשות. 
2. **תפקיד הנאשם ומעורבותו** — בשני התיקים הנאשם הוא מחזיק הנשק, כך שמעורבותו דומה. אין הבדל משמעותי בתפקיד או ברמת המעורבות בין הנאשמים בשני התיקים.
3. **שיטת הביצוע (MO)** — אופן החזקת הנשק שונה — האחד החזיק ברכב והשני על גופו. עם זאת, בשני המקרים הנשק היה מופרד מהתחמושת, ומדובר בהחזקה ללא שימוש.
4. **נסיבות הליבה** — כמות התחמושת בשני התיקים דומה (מחסנית עם כדורים). הנשק בשני המקרים היה מופרד מהתחמושת, ולא נעשה בו שימוש. לא היה תכנון מראש בשני המקרים.
5. **ישימות כתקדים** — בית המשפט עשוי לראות את שני התיקים כרלוונטיים זה לזה לצורכי ענישה משום ששניהם עוסקים בהחזקת נשק ללא רשות לפי סעיף 144(א), ונסיבות דומות כמו היעדר שימוש בנשק והפרדה בין הנשק לתחמושת.

SIMILARITY_SCORE: 80","ok",""
"ME-19-01-53615-8","SH-15-12-65958-120",1,0,0,"{""אופן החזקת הנשק"": ""ברכב, על גופו"", ""כמות תחמושת"": ""מחסנית"", ""מטרה-סיבת העבירה"": ""תחושת חוסר אונים וצורך בקבלת עזרה חיצונית במצבו"", ""מספר עבירה"": ""144 ב"", ""סוג הנשק [תת מקלע מאולתר]"": 1.0, ""סוג עבירה"": ""נשיאת נשק, הובלת נשק"", ""סטטוס הנשק"": ""נשק עם כדור בקנה"", ""עבירות נוספות"": ""ירי מנשק חם באזור מגורים"", ""שימוש"": ""כן,ירי"", ""תכנון"": ""לא"", ""סוג הרכב"": ""מאזדה"", ""מיקום האירוע"": ""עיר לוד"", ""תאריך האירוע"": ""8.1.19"", ""זמן האירוע"": ""שעת לילה"", ""מרחק נסיעה לאחר ירי"": ""עשרות מטרים"", ""מקום עצירת הנאשם"": ""חניית עפר סמוכה"", ""סוג הנשק"": ""תת מקלע מאולתר מסוג קרלו"", ""תגובת הנאשם להגעת השוטרים"": ""השלך את הנשק ארצה ונעצר"", ""סיבת הגעת השוטרים"": ""דיווח תושבים""}","{""אופן החזקת הנשק"": ""בבית, מוסלק - מוסתר"", ""כמות תחמושת"": ""מחסנית ובה 8 כדורים + מחסנית ובה 15 כדורים + מחסנית ריקה ובה 0 כדורים + מחסנית ובה 6 כדורים"", ""מטרה-סיבת העבירה"": ""הגנה עצמית"", ""מספר עבירה"": ""144 א"", ""סוג הנשק [אקדח]"": 2.0, ""סוג הנשק [תת מקלע מאולתר]"": 1.0, ""סוג עבירה"": ""החזקה נשק"", ""סטטוס הנשק"": ""נשק עם מחסנית בהכנס"", ""תכנון"": ""כן"", ""תאריך העבירה"": ""24.12.15"", ""מיקום העבירה"": ""בית הנאשם בטייבה"", ""סוגי הנשק הנוספים"": ""אקדח זיג זאוור, קרלו"", ""קוטר תחמושת"": ""9 מ\""מ, 7.65 מ\""מ"", ""מספר נשקים"": 3, ""מספר מחסניות"": 4, ""שימוש"": ""לא""}",30.0,"1. **סוג העבירה וחומרתה**: שני התיקים עוסקים בעבירות נשק, אך סוג העבירה שונה - תיק 1: 144(ב) (נשיאה/הובלה), ותיק 2: 144(א) (החזקה). חומרת העבירה ב-144(ב) נחשבת לחמורה יותר. 
2. **תפקיד הנאשם ומעורבותו**: בשני התיקים הנאשם הוא המחזיק/נושא הנשק, אך בתיק 1 הנאשם גם השתמש בנשק (ירי), מה שמעיד על מעורבות פעילה יותר.
3. **שיטת הביצוע (MO)**: אופן החזקת הנשק שונה - תיק 1: על גופו/ברכב, ותיק 2: בבית, מוסתר. עם זאת, בשני התיקים מדובר בנשק חם (תת מקלע מאולתר).
4. **נסיבות הליבה**: כמות התחמושת בשני התיקים משמעותית. בתיק 1 היה כדור בקנה, ובתיק 2 היו מספר מחסניות עם תחמושת. בתיק 1 היה שימוש בנשק (ירי), ואילו בתיק 2 לא היה שימוש. תיק 1 לא היה מתוכנן מראש, ואילו תיק 2 היה מתוכנן.
5. **ישימות כתקדים**: בשל ההבדלים בסעיף העבירה (144(א) לעומת 144(ב)) ובנסיבות (שימוש בנשק, תכנון), בית המשפט לא יראה את שני התיקים כזהים, אך ייתכן ויראה בהם תקדים חלקי עקב הדמיון בסוג הנשק ובכמות התחמושת.

SIMILARITY_SCORE: 30","ok",""
"SH-14-02-28659-762","SH-17-10-10556-234",3,1,1,"{""מיקום החזקת הנשק"": ""עליית גג של המקלחת"", ""משך זמן החזקת הנשק"": ""כשנתיים"", ""תאריך תחילת החזקת הנשק"": ""11.2.12"", ""מיקום הבית"": ""עזריה"", ""סוג הנשק המדויק"": ""קרל גוסטב"", ""מספר עבירה"": ""144 א"", ""סוג עבירה"": ""החזקה נשק"", ""סטטוס הנשק"": ""נשק מופרד מתחמושת"", ""תכנון"": ""לא"", ""אופן החזקת הנשק"": ""בבית, מוסלק - מוסתר"", ""כמות תחמושת"": ""מחסנית וכדורים"", ""מטרה-סיבת העבירה"": ""הגנה עצמית"", ""שימוש"": ""לא"", ""סוג הנשק [תת מקלע מאולתר]"": 1.0}","{""אופן החזקת הנשק"": ""מוסלק - מוסתר, סמוך לבית"", ""כמות תחמושת"": ""מחסנית ובה 10 כדורים"", ""מספר עבירה"": ""144 א"", ""סוג הנשק [אקדח]"": 2.0, ""סוג עבירה"": ""החזקה נשק"", ""סטטוס הנשק"": ""נשק עם מחסנית בהכנס"", ""תכנון"": ""לא"", ""קוטר הכדורים"": ""8 מ\""מ"", ""מיקום החזקת הנשק"": ""בתוך שקית בחצר, מתחת למזרון בערימת זבל"", ""מרחק החזקת הנשק מהבית"": ""כ-100 מטרים"", ""מצב המחסנית הנוספת"": ""לא טעונה"", ""שימוש"": ""לא""}",85.0,"1. **סוג העבירה וחומרתה**: שני התיקים עוסקים בעבירה לפי סעיף 144(א) - החזקת נשק, ומהווים עבירות זהות בחומרתן.
2. **תפקיד הנאשם ומעורבותו**: בשני התיקים הנאשם הוא מחזיק הנשק, ללא עדות למעורבות נוספת או תפקיד שונה.
3. **שיטת הביצוע (MO)**: בשני המקרים הנשק הוחזק באופן מוסתר, אך במיקומים שונים - האחד בבית והשני בסמוך לבית.
4. **נסיבות הליבה**: בשני התיקים לא היה שימוש בנשק, והוא הוחזק ללא תכנון מראש. כמו כן, בשניהם הנשק היה מופרד מהתחמושת או במחסנית נפרדת. כמות התחמושת בשני המקרים דומה בסדר הגודל.
5. **ישימות כתקדים**: בהינתן הדמיון בסוג העבירה, מעורבות הנאשם, ושיטת ההחזקה, בית המשפט עשוי לראות בתיקים אלו תקדים ענייני לצורכי ענישה.

SIMILARITY_SCORE: 85","ok",""
"m07001074-98","ME-17-05-35227-215",1,0,0,"{""אופן החזקת הנשק"": ""בבית, מוסלק - מוסתר"", ""אופן קבלת הנשק"": ""מצא"", ""כמות תחמושת"": ""מחסנית ריקה ובה 0 כדורים + מחסנית ריקה ובה 0 כדורים"", ""מספר עבירה"": ""144 א"", ""סוג הנשק [תת מקלע]"": 1.0, ""סוג עבירה"": ""החזקה נשק"", ""סטטוס הנשק"": ""נשק מפורק, תקול"", ""תכנון"": ""לא"", ""מיקום מציאת הנשק"": ""שטח אדמה סמוך לכפר מגוריו"", ""תאריך מציאת הנשק"": ""31/1/07"", ""תאריך תפיסת הנשק"": ""4/2/07"", ""סוג הנשק"": ""עוזי"", ""מיקום החזקת הנשק"": ""מעל ארון בגדים"", ""סיבת חיפוש"": ""צו בית משפט"", ""שימוש"": ""לא""}","{""אופן החזקת הנשק"": ""ברכב"", ""כמות תחמושת"": ""מחסנית"", ""מספר עבירה"": ""144 ב"", ""סוג הנשק [תת מקלע מאולתר]"": 1.0, ""סוג עבירה"": ""נשיאת נשק, הובלת נשק"", ""סטטוס הנשק"": ""נשק עם מחסנית בהכנס"", ""תכנון"": ""כן"", ""תאריך העבירה"": ""7 במאי 2017"", ""שעת העבירה"": ""צהריים"", ""סוג הרכב"": ""אופנוע"", ""דגם הרכב"": ""קואנג יאנג טיו"", ""הודאה בעבירה"": ""הודה"", ""סעיף העבירה"": ""144(ב) רישא וסיפא"", ""שנת החוק"": ""1977"", ""שימוש"": ""לא""}",20.0,"1. **סוג העבירה וחומרתה**: שני התיקים עוסקים בעבירות נשק, אך סוג העבירה שונה - תיק 1 הוא החזקה (144א) ותיק 2 הוא נשיאה והובלה (144ב). חומרת העבירה ב-144(ב) נחשבת לחמורה יותר.

2. **תפקיד הנאשם ומעורבותו**: בשני התיקים הנאשם הוא המחזיק/נושא הנשק, אך אופן המעורבות שונה - תיק 1 מצא את הנשק ואחסן אותו, בעוד שתיק 2 כלל נשיאה והובלה על אופנוע, עם תכנון מראש.

3. **שיטת הביצוע (MO)**: אופן החזקת הנשק שונה - בבית (תיק 1) לעומת ברכב (תיק 2). כמו כן, סטטוס הנשק שונה - מפורק ותקול (תיק 1) לעומת עם מחסנית מוכנסת (תיק 2).

4. **נסיבות הליבה**: כמות התחמושת שונה - מחסניות ריקות (תיק 1) לעומת מחסנית מלאה (תיק 2). תיק 2 כלל תכנון מראש והנשק היה שמיש.

5. **ישימות כתקדים**: בשל ההבדלים המהותיים בין שני התיקים, ספק אם בית משפט יראה אותם כרלוונטיים זה לזה לצורכי ענישה. ההבדל בין 144(א) ל-144(ב) הוא מהותי, וכך גם הנסיבות השונות.

SIMILARITY_SCORE: 20","ok",""
"SH-18-07-52337-770","ME-16-06-50916-362",1,0,0,"{""אופן החזקת הנשק"": ""בבית, מוסלק - מוסתר"", ""אופן קבלת הנשק"": ""מאחר"", ""מספר עבירה"": ""144 א"", ""סוג הנשק [תת מקלע מאולתר]"": 1.0, ""סוג עבירה"": ""החזקה נשק"", ""סטטוס הנשק"": ""תקין"", ""תכנון"": ""לא"", ""תאריך המעצר"": ""15.07.18"", ""מיקום המעצר"": ""בית הנאשם, רהט"", ""משך זמן החזקת הנשק לפני המעצר"": ""עשרה ימים"", ""זהות מסר הנשק"": ""לא ידועה"", ""שימוש"": ""לא"", ""כמות תחמושת"": ""ללא""}","{""אופן החזקת הנשק"": ""ברכב"", ""מטרה-סיבת העבירה"": ""סכסוך"", ""מספר עבירה"": ""144 ב"", ""סוג הנשק [תת מקלע]"": 1.0, ""סוג עבירה"": ""נשיאת נשק"", ""סטטוס הנשק"": ""נשק עם כדור בקנה"", ""עבירות נוספות"": ""איומים, עבירה לפי סעיף 192  לחוק העונשין, יריות באזור מגורים, עבירה לפי סעיף 340א לחוק העונשין, מעשה פזיזות ורשלנות, עבירה לפי סעיף 338(א)(5) לחוק העונשין, נהיגה בזמן פסילה, עבירה לפי סעיף 67 לפקודת התעבורה תשכ\""א – 1961 ונהיגה ללא רישיון נהיגה, עבירה לפי סעיף 10א וסעיף 62(1) לפקודת התעבורה [נוסח חדש],תשכ\""א-1961."", ""שימוש"": ""כן,ירי"", ""תכנון"": ""לא"", ""סוג הנשק"": ""קרל גוסטב"", ""מיקום הירי"": ""מחוץ לבית"", ""מספר כדורים שנורו"": ""לפחות שלושה"", ""היכרות עם הנאסר"": ""קיימת"", ""סטטוס רישיון הנהיגה"": ""פסול"", ""תאריך פסילת רישיון הנהיגה"": ""3.2.15"", ""תקופת פסילת רישיון הנהיגה"": ""24 חודשים"", ""מועד העבירה"": ""12.6.16"", ""זמן העבירה"": ""18:25"", ""מקום העבירה"": ""כפר ג'דידה-מכר"", ""סוג הרכב"": ""סקודה"", ""התנהלות במהלך העבירה"": ""נסיעה, עצירה, ירי, נסיעה נוספת, עצירה וירי שנית"", ""תוצאת הירי"": ""הפחדה והקנטת הנוכחים"", ""כמות תחמושת"": ""ללא""}",10.0,"1. **סוג העבירה וחומרתה**: 
תיק 1 עוסק בהחזקת נשק לפי סעיף 144(א) ללא שימוש, ואילו תיק 2 עוסק בנשיאת נשק לפי סעיף 144(ב) עם שימוש (ירי). חומרת העבירה ב-144(ב) גבוהה יותר, ובנוסף ישנן עבירות נוספות בתיק 2.

2. **תפקיד הנאשם ומעורבותו**: 
בשני התיקים הנאשם הוא המחזיק/נושא הנשק, אך בתיק 2 הנאשם השתמש בנשק באופן פעיל (ירי), מה שמעיד על מעורבות פעילה ומסוכנת יותר.

3. **שיטת הביצוע (MO)**: 
בתיק 1 הנשק הוחזק בבית בצורה מוסתרת, ואילו בתיק 2 הנשק נישא ברכב ונורו ממנו יריות. השיטות שונות וגם הנסיבות שונות.

4. **נסיבות הליבה**: 
בתיק 1 לא היה שימוש בנשק והוא הוחזק בבית ללא תחמושת. בתיק 2 היה שימוש בנשק (ירי), הנשק היה עם כדור בקנה, והייתה מעורבות בסכסוך. הנסיבות שונות מאוד.

5. **ישימות כתקדים**: 
בית משפט לא סביר שיראה את שני התיקים כרלוונטיים זה לזה לצורכי ענישה בשל ההבדלים המהותיים בסוג העבירה, שימוש בנשק, ונסיבות הליבה.

SIMILARITY_SCORE: 10","ok",""
"SH-17-11-53539-235","m07001074-98",3,1,1,"{""אופן החזקת הנשק"": ""בבית"", ""כמות תחמושת"": ""מחסנית ובה 0 כדורים, 28 כדורים"", ""מספר עבירה"": ""144 א"", ""סוג הנשק [אקדח]"": 1.0, ""סוג עבירה"": ""החזקה נשק"", ""סטטוס הנשק"": ""נשק מופרד מתחמושת"", ""תכנון"": ""כן"", ""סוגי נשק נוספים"": ""קליעי ספוג, אקדח אויר, אגרופן, סכין קומנדו"", ""קוטר תחמושת"": ""9 ממ, 40 ממ"", ""תקופת החזקת הנשק"": ""2012-2017"", ""מיקום החזקת הנשק"": ""ביתו בא-ראם"", ""חוסר רישיון נשק"": ""לא היה רישיון לשאת נשק"", ""שימוש"": ""לא""}","{""אופן החזקת הנשק"": ""בבית, מוסלק - מוסתר"", ""אופן קבלת הנשק"": ""מצא"", ""כמות תחמושת"": ""מחסנית ריקה ובה 0 כדורים + מחסנית ריקה ובה 0 כדורים"", ""מספר עבירה"": ""144 א"", ""סוג הנשק [תת מקלע]"": 1.0, ""סוג עבירה"": ""החזקה נשק"", ""סטטוס הנשק"": ""נשק מפורק, תקול"", ""תכנון"": ""לא"", ""מיקום מציאת הנשק"": ""שטח אדמה סמוך לכפר מגוריו"", ""תאריך מציאת הנשק"": ""31/1/07"", ""תאריך תפיסת הנשק"": ""4/2/07"", ""סוג הנשק"": ""עוזי"", ""מיקום החזקת הנשק"": ""מעל ארון בגדים"", ""סיבת חיפוש"": ""צו בית משפט"", ""שימוש"": ""לא""}",60.0,"1. **סוג העבירה וחומרתה**: שני התיקים עוסקים בעבירה של החזקת נשק ללא רישיון לפי סעיף 144(א) לחוק העונשין, אך סוג הנשק שונה — אקדח בתיק 1 ותת-מקלע ""עוזי"" בתיק 2. חומרת העבירה דומה משום ששניהם נשק חם, אך תת-מקלע נחשב לחמור יותר.

2. **תפקיד הנאשם ומעורבותו**: בשני התיקים הנאשם הוא מחזיק הנשק, ללא עדות למעורבות פעילה נוספת כמו סחר או שימוש בנשק. מעורבותם היא פסיבית — החזקה בלבד.

3. **שיטת הביצוע (MO)**: אופן החזקת הנשק דומה בכך שנשקו של הנאשם הוחזק בביתו, אך בתיק 2 הנשק היה מוסלק. כמו כן, בתיק 2 הנשק היה מפורק ותקול, ואילו בתיק 1 הוא היה מופרד מהתחמושת אך לא בהכרח מפורק.

4. **נסיבות הליבה**: בתיק 1 היו בנמצא 28 כדורים בנוסף למחסנית ריקה, ואילו בתיק 2 היו שתי מחסניות ריקות ללא תחמושת נוספת. בתיק 1 היה תכנון מראש, ואילו בתיק 2 לא היה תכנון. שני הנאשמים לא השתמשו בנשק.

5. **ישימות כתקדים**: בית המשפט עשוי לראות את שני התיקים כרלוונטיים זה לזה משום ששניהם עוסקים בהחזקת נשק ללא רישיון, אך ההבדלים בסוג הנשק (אקדח לעומת תת-מקלע) ובנסיבות (נוכחות תחמושת, תכנון) עשויים להשפיע על מידת הדמיון.

SIMILARITY_SCORE: 60","ok",""
"ME-16-11-69158-529","ME-12-03-13401-281",3,1,1,"{""אופן החזקת הנשק"": ""ברכב, מוסלק - מוסתר, סמוך לבית"", ""כמות תחמושת"": ""מחסנית"", ""מטרה-סיבת העבירה"": ""חתונה"", ""מספר עבירה"": ""144 ב"", ""סוג הנשק [תת מקלע]"": 1.0, ""סוג עבירה"": ""נשיאת נשק"", ""סטטוס הנשק"": ""נשק עם כדור בקנה"", ""עבירות נוספות"": ""ירי באזור מגורים"", ""שימוש"": ""כן,ירי"", ""תכנון"": ""כן"", ""סוג תחמושת"": ""9 מ\""מ"", ""מיקום האירוע"": ""רחבת בית משפחת ג'בארה, טייבה"", ""זמן האירוע"": ""21:00"", ""מיקום החזקת הנשק לפני השימוש"": ""טמון באדמה"", ""מיקום החזקת הנשק לאחר השימוש"": ""מתחת למושב הנהג ובשקית מתחת למושב סמוך"", ""סוג האירוע"": ""משפחתי""}","{""אופן החזקת הנשק"": ""ברכב"", ""כמות תחמושת"": ""2 מחסניות ובהן כדורים, 11 כדורים"", ""מספר עבירה"": ""144 א, 144 ב"", ""סוג הנשק [אקדח]"": 1.0, ""סוג עבירה"": ""החזקה נשק, נשיאת נשק, הובלת נשק"", ""סטטוס הנשק"": ""נשק עם כדור בקנה"", ""עבירות נוספות"": ""יריות באזור מגורים - עבירה לפי סעיף 340א לחוק."", ""שימוש"": ""כן,ירי"", ""תכנון"": ""לא"", ""סוג הנשק"": ""אקדח CZ קליבר 9 מ\""מ"", ""מקום האירוע"": ""רחוב שיבת ציון, חיפה"", ""זמן האירוע"": ""ליל 25-26.2.12, סמוך לשעה 00:38"", ""מקור הנשק"": ""נגנב בהתפרצות לבית ביישוב ציפורי ב-3.2.12"", ""זמן המעצר"": ""סמוך לשעה 1:50"", ""מקום המעצר"": ""ברכב על ידי שוטרים""}",85.0,"1. **סוג העבירה וחומרתה**: שני התיקים כוללים עבירות נשיאת נשק (144ב), ושתיהן כוללות שימוש בנשק וירי. חומרת העבירות דומה בשל השימוש בנשק ונסיבות הירי. 
2. **תפקיד הנאשם ומעורבותו**: בשני התיקים הנאשם היה מעורב באופן פעיל בנשיאת הנשק ובשימוש בו, מה שמצביע על מעורבות פעילה דומה.
3. **שיטת הביצוע (MO)**: בשני המקרים הנשק הוחזק ברכב והיה בשימוש באירוע ירי. אמנם יש הבדל בתכנון (כן/לא), אך השימוש בנשק ובאופן אחסונו ברכב מראה דפוס דומה.
4. **נסיבות הליבה**: שני התיקים כוללים נשק עם תחמושת מלאה (מחסנית/2 מחסניות), שימוש בנשק, וירי באזור מגורים. הנסיבות מחמירות בשני המקרים בשל הירי באזורים מיושבים.
5. **ישימות כתקדים**: בית המשפט עשוי לראות את שני התיקים כרלוונטיים זה לזה לצורכי ענישה בשל הדמיון בעבירות, בשימוש בנשק ובנסיבות הירי.

SIMILARITY_SCORE: 85","ok",""
"ME-21-06-43085-219","SH-17-08-47445-166",1,0,0,"{""אופן החזקת הנשק"": ""ברכב"", ""מטרה-סיבת העבירה"": ""סכסוך"", ""מספר עבירה"": ""144 א, 144 ב"", ""סוג הנשק [אקדח]"": 1.0, ""סוג עבירה"": ""החזקה נשק, נשיאת נשק"", ""סטטוס הנשק"": ""נשק עם כדור בקנה"", ""עבירות נוספות"": ""ירי מנשק חם, לפי סעיף 340א' (ב)(1) בחוק העונשין; היזק בזדון, לפי סעיף 452 בחוק העונשין; חבלה במזיד, לפי סעיף 413ה' בחוק העונשין; נהיגה ללא רישיון נהיגה, לפי סעיף 10(א) בפקודת התעבורה, התשכ\""א – 1961; ונהיגה ללא פוליסת ביטוח בתוקף, לפי סעיף 2(א) ו – (ב) בפקודת ביטוח רכב מנועי [נוסח משולב] תש\""ל – 1970."", ""שימוש"": ""כן,ירי"", ""תכנון"": ""כן"", ""קליבר הכדורים"": ""9 מ\""מ"", ""מספר נפגעים"": 0, ""מספר עדים במקום"": ""מספר אנשים בחצר, שומר ושניים נוספים בקרוואן"", ""זיקה משפחתית למנהל"": ""קיימת"", ""מיקום האירוע"": ""בית ספר טכנולוגי בערוער"", ""זמן האירוע"": ""23.05.21, סמוך לשעה 12:50"", ""פגיעה ברכוש"": ""רכב המנהל נפגע מכדורים, כדור חדר לקרוואן ופגע בארון"", ""סוג הרכב"": ""לא מצוין"", ""סוג הקרוואן"": ""לא מצוין"", ""כמות תחמושת"": ""ללא""}","{""אופן החזקת הנשק"": ""בבית"", ""מספר עבירה"": ""144 א"", ""סוג הנשק [אקדח]"": 1.0, ""סוג הנשק [תת מקלע מאולתר]"": 1.0, ""סוג עבירה"": ""החזקה נשק"", ""סטטוס הנשק"": ""תקין"", ""תכנון"": ""לא"", ""תאריך המעצר"": ""09.08.2018"", ""מיקום החזקת הנשק"": ""כסיפה"", ""סוג הנשק [FN]"": 1.0, ""פיזור הנשק"": ""סביב הישוב"", ""שימוש"": ""לא"", ""כמות תחמושת"": ""ללא""}",20.0,"1. **סוג העבירה וחומרתה**: שני התיקים עוסקים בעבירות נשק, אך תיק 1 כולל הן החזקה והן נשיאה (144 א ו-144 ב) עם שימוש בנשק, בעוד שתיק 2 כולל רק החזקה (144 א) ללא שימוש. חומרת העבירה בתיק 1 גבוהה יותר בשל הנשיאה והשימוש בנשק.
2. **תפקיד הנאשם ומעורבותו**: בתיק 1 הנאשם היה מעורב באופן פעיל, השתמש בנשק ויזם את האירוע. בתיק 2, הנאשם החזיק בנשק ללא עדות לשימוש או ייזום.
3. **שיטת הביצוע (MO)**: תיק 1 כולל נשיאה והשימוש בנשק ברכב, עם תכנון מראש. תיק 2 כולל החזקה בבית ללא תכנון או שימוש.
4. **נסיבות הליבה**: בתיק 1 היו נסיבות מחמירות כמו שימוש בנשק, תכנון, ופגיעה ברכוש. בתיק 2 לא היה שימוש בנשק ולא תכנון.
5. **ישימות כתקדים**: בהתחשב בהבדלים המהותיים בין שני התיקים, סביר שבית המשפט לא יראה אותם כרלוונטיים זה לזה לצורכי ענישה בשל ההבדלים בסוג העבירה, מעורבות הנאשם, ושיטת הביצוע.

SIMILARITY_SCORE: 20","ok",""
"ME-16-05-19384-544","m08000207-175",1,0,0,"{""מחיר נשק קרל גוסטב"": ""4000 ₪"", ""מחיר מכירה לחרוב"": ""3500 ₪"", ""מחיר רכישה מחרוב"": ""3000 ₪"", ""סוג נשק נוסף"": ""תבור"", ""מיקום החבייה"": ""שכונה סמוכה למקום מגוריו"", ""תאריך התקרית"": ""14.11.15"", ""שעת התקרית"": ""בין 1:00 ל-2:00"", ""מספר כדורים שנורו"": ""5"", ""מספר רכבי ביטחון שנפגעו"": ""3"", ""תאריך חיפושי כוחות הביטחון"": ""מרץ 2016"", ""שם השומר הנשק"": ""מחמוד זהאדה"", ""שם הקונה השני"": ""מוראד מחיסן"", ""שם הקונה השלישי"": ""עבד חרוב"", ""תאריך פיגוע ירי חרוב"": ""9.3.16"", ""מיקום פיגוע ירי חרוב"": ""ירושלים, צומת רמות ושמעון הצדיק"", ""מספר כדורי תחמושת שנמכרו לחרוב"": ""10"", ""מספר עבירה"": ""144 א, 144 ב"", ""סוג עבירה"": ""נשיאת נשק, סחר בנשק"", ""עבירות נוספות"": ""ניסיון לחבלה חמורה,רכישת נשק"", ""סוג הנשק [תת מקלע]"": 3.0, ""סוג הנשק [רובה סער]"": 1.0, ""סטטוס הנשק"": ""נשק עם כדור בקנה"", ""תכנון"": ""כן"", ""אופן החזקת הנשק"": ""מוסלק - מוסתר, סמוך לבית"", ""אופן קבלת הנשק"": ""רכש"", ""כמות תחמושת"": ""10 כדורים"", ""מטרה-סיבת העבירה"": ""בצע כסף"", ""שימוש"": ""כן,ירי""}","{""אופן החזקת הנשק"": ""ברכב"", ""אופן קבלת הנשק"": ""מצא"", ""כמות תחמושת"": ""מחסנית ובה 15 כדורים, מחסנית וסה 10 כדורים"", ""מספר עבירה"": ""144 ב"", ""סוג הנשק [אקדח]"": 1.0, ""סוג עבירה"": ""נשיאת נשק"", ""סטטוס הנשק"": ""נשק עם מחסנית בהכנס"", ""עבירות נוספות"": ""והחזקת סם לצריכה עצמית בלבד, עבירה לפי סעיף 7(א) + (ג) סיפא לפקודת הסמים המסוכנים, התשל\""ג-1973"", ""תכנון"": ""לא"", ""קוטר האקדח"": ""0.9 מ\""מ"", ""מיקום האירוע"": ""סמוך לצומת הערבה"", ""זמן האירוע"": ""12.7.08 בשעה 00:55"", ""סוג הסם"": ""חשיש"", ""משקל הסם"": ""1.36 גרם נטו"", ""שימוש"": ""לא""}",40.0,"1. **סוג העבירה וחומרתה** — שני התיקים כוללים עבירות נשיאת/החזקת נשק (סעיף 144), אך סוג הנשק והעבירות הנוספות שונות. תיק 1 כולל גם סחר בנשק וניסיון לחבלה חמורה, מה שהופך אותו לחמור יותר. 
2. **תפקיד הנאשם ומעורבותו** — בתיק 1 הנאשם מעורב בסחר בנשק ורכישתו, וכן בשימוש בנשק, מה שמעיד על מעורבות פעילה. בתיק 2 הנאשם מצא את הנשק והחזיק בו ברכבו, ללא עדות למעורבות בסחר או שימוש בנשק.
3. **שיטת הביצוע (MO)** — אופן החזקת הנשק שונה: בתיק 1 הנשק הוחזק בסמוך לבית, ואילו בתיק 2 הוא הוחזק ברכב. אופן קבלת הנשק גם הוא שונה: רכישה בתיק 1 ו""מציאה"" בתיק 2.
4. **נסיבות הליבה** — כמות התחמושת בשני התיקים דומה בסדר גודל (כ-10 כדורים). בשני המקרים הנשק היה טעון. בתיק 1 היה שימוש בנשק ונורו 5 כדורים, ואילו בתיק 2 לא היה שימוש בנשק. תיק 1 כלל תכנון מראש, בניגוד לתיק 2.
5. **ישימות כתקדים** — בית המשפט עשוי לראות את שני התיקים כקשורים לנשיאת נשק (144 ב'), אך ההבדלים בנסיבות ובחומרת העבירות עשויים להפחית מהרלוונטיות של תיק אחד כתקדים לאחר.

SIMILARITY_SCORE: 40","ok",""
"SH-11-05-24791-315","ME-16-02-59812-881",1,0,0,"{""אופן החזקת הנשק"": ""בבית"", ""אופן קבלת הנשק"": ""מאחר"", ""כמות תחמושת"": ""2 מחסניות"", ""מספר עבירה"": ""144 א"", ""סוג הנשק [אקדח]"": 1.0, ""סוג עבירה"": ""החזקה נשק"", ""סטטוס הנשק"": ""נשק מופרד מתחמושת"", ""תכנון"": ""לא"", ""מיקום החזקת הנשק"": ""כפר עין-נקובא"", ""דגם הנשק"": ""אקדח חצי אוטומטי אף-אן (FN)"", ""תאריך האירוע"": ""19/07/09"", ""שעת האירוע"": ""21:00"", ""תאריך הרשעה"": ""09/01/13"", ""סעיף עבירה נוסף"": ""144 א סיפא"", ""סוג עבירה נוספת"": ""החזקת אביזר לנשק"", ""שימוש"": ""לא""}","{""אופן קבלת הנשק"": ""עבודה"", ""כמות תחמושת"": ""2 מחסניות, 20 כדורים"", ""מטרה-סיבת העבירה"": ""בצע כסף"", ""מספר עבירה"": ""144 ב"", ""סוג הנשק [אקדח]"": 1.0, ""סוג עבירה"": ""סחר בנשק"", ""סטטוס הנשק"": ""נשק מופרד מתחמושת"", ""עבירות נוספות"": ""מסירת ידיעה כוזבת על עבירת פשע, לפי סעיף 243 סיפא לחוק; שיבוש הליכי משפט, לפי סעיף 244 לחוק."", ""תכנון"": ""כן"", ""סוג הסמים"": ""חשיש, הרואין"", ""כמות הסמים"": ""ארבע חבילות של הרואין"", ""מחיר מכירת הנשק"": ""8,000 ₪"", ""מקום העבודה"": ""בית ספר יסודי"", ""תקופת העבירות"": ""אוגוסט 2014 - פברואר 2016"", ""שם הקונה"": ""מחמוד צאלוק"", ""שם המעביד"": ""שי יהושע לוי"", ""תיאור האירוע"": ""דיווח כוזב על שוד למעביד ולמשטרה"", ""הודאה בחקירה"": ""הודתה בבדיה את אירוע השוד"", ""שימוש"": ""לא""}",20.0,"1. **סוג העבירה וחומרתה**: שני התיקים עוסקים בעבירות נשק, אך סוג העבירה שונה — תיק 1 עוסק בהחזקת נשק לפי סעיף 144(א), ואילו תיק 2 עוסק בסחר בנשק לפי סעיף 144(ב), שהוא חמור יותר. 
2. **תפקיד הנאשם ומעורבותו**: בתיק 1 הנאשם החזיק בנשק, ואילו בתיק 2 הנאשמת סחרה בנשק, מה שמעיד על מעורבות פעילה וחמורה יותר.
3. **שיטת הביצוע (MO)**: בשני התיקים הנשק מופרד מהתחמושת, אך תיק 2 כולל פרטים נוספים על תהליך הסחר בנשק, כגון קבלת הנשק כחלק מעבודה ומכירתו.
4. **נסיבות הליבה**: שני התיקים כוללים נשק אקדחי עם 2 מחסניות, אך בתיק 2 ישנם פרטים נוספים כמו כדורים נוספים ומטרת העבירה (בצע כסף). תיק 2 כולל גם תכנון מראש.
5. **ישימות כתקדים**: בהתחשב בהבדלים בין סעיף 144(א) ל-144(ב) ובנסיבות החמורות יותר בתיק 2 (סחר בנשק, תכנון, מעורבות פעילה), סביר שבית המשפט לא יראה את תיק 1 כתקדים ישיר לתיק 2.

SIMILARITY_SCORE: 20","ok",""
"ME-16-01-31498-921","ME-16-10-9348-780",1,0,0,"{""תפקיד הנאשם"": ""חייל סדיר ולוחם בגדוד נצח יהודה"", ""מיקום העבירה"": ""בסיס צה\""ל בנווה יאיר"", ""תאריך העבירה"": ""06.01.16"", ""שעת העבירה"": ""שעות הערב"", ""תאריך ושעת המעצר"": ""07.01.16, אחר הצהריים סמוך לשעה 20:00"", ""אופן המעצר"": ""פעילות משטרתית"", ""מיקום המעצר"": ""בדרך לביתו באשדוד"", ""אופן החזקת הנשק בעת המעצר"": ""בתיק גב"", ""מספר עבירה"": ""144 ב"", ""סוג עבירה"": ""נשיאת נשק, הובלת נשק"", ""עבירות נוספות"": ""עבירות של גניבה, לפי סעיף 384 לחוק העונשין תשל\""ז-1977 להלן: \""חוק העונשין\"")"", ""סוג הנשק [רימון רסס]"": 4.0, ""סוג הנשק [רימון הלם/גז]"": 3.0, ""סטטוס הנשק"": ""תקין"", ""תכנון"": ""כן"", ""אופן החזקת הנשק"": ""באוטובוס"", ""אופן קבלת הנשק"": ""גנב"", ""מטרה-סיבת העבירה"": ""בצע כסף"", ""שימוש"": ""לא"", ""כמות תחמושת"": ""ללא""}","{""אופן החזקת הנשק"": ""בבית, ברכב"", ""אופן קבלת הנשק"": ""גנב"", ""כמות תחמושת"": ""75 כדורים"", ""מטרה-סיבת העבירה"": ""לעורר את אביו"", ""מספר עבירה"": ""144 ב"", ""סוג הנשק [רובה צייד]"": 1.0, ""סוג עבירה"": ""נשיאת נשק"", ""סטטוס הנשק"": ""נשק מופרד מתחמושת"", ""תכנון"": ""לא"", ""סוג תחמושת"": ""כדורי צייד קליבר 12 מ\""מ"", ""מקום החזקת התחמושת"": ""מחסן הבית"", ""סכום כסף גנוב"": ""3500 ₪"", ""סכום שיק גנוב"": ""500 ₪"", ""מקום העצירה"": ""קריית גת"", ""שותפים לעבירה"": ""מוחמד יונס, הקטין פ. י."", ""מקום מסירת הנשק והתחמושת"": ""בית הקטין בערערה"", ""שימוש"": ""לא""}",60.0,"1. **סוג העבירה וחומרתה**: שני התיקים עוסקים בעבירות לפי סעיף 144(ב) לחוק העונשין, הקשורות לנשיאת/הובלת נשק. חומרת העבירה דומה בשני המקרים, אך סוג הנשק שונה (רימוני רסס והלם/גז מול רובה צייד). 
2. **תפקיד הנאשם ומעורבותו**: בשני התיקים הנאשם הוא המחזיק/נושא הנשק, אך בראשון מדובר בלוחם שגנב נשק, ובשני באדם שגנב נשק לצורך התגרות. המעורבות בשניהם פעילה.
3. **שיטת הביצוע (MO)**: אופן קבלת הנשק דומה (גניבה), אך אופן החזקתו שונה (באוטובוס מול בבית/ברכב). 
4. **נסיבות הליבה**: בשניהם לא היה שימוש בנשק, אך הכמות והסוג שונים (רימונים ללא תחמושת מול רובה עם תחמושת). תכנון היה קיים רק בתיק הראשון.
5. **ישימות כתקדים**: בית המשפט עשוי לראות דמיון מסוים בשל סעיף העבירה הדומה (144(ב)) ונסיבות מסוימות (גניבת נשק), אך ההבדלים בסוג הנשק, בנסיבות ובתכנון עשויים להפחית מהרלוונטיות.

SIMILARITY_SCORE: 60","ok",""
"ME-09-11-7566-913","ME-16-06-50916-362",1,0,0,"{""דגם הנשק"": ""webiey"", ""מיקום החזקת הנשק"": ""מתחת לריפוד במושב שליד הנהג"", ""תאריך העבירה"": ""05.11.09"", ""שעת העבירה"": ""17:00"", ""מספר עבירה"": ""144 א, 144 ב"", ""סוג עבירה"": ""ביצוע עבירות בנשק"", ""סוג הנשק [אקדח]"": 1.0, ""סטטוס הנשק"": ""תקול"", ""תכנון"": ""לא"", ""אופן החזקת הנשק"": ""ברכב, מוסלק - מוסתר"", ""אופן קבלת הנשק"": ""מצא"", ""שימוש"": ""לא"", ""כמות תחמושת"": ""ללא""}","{""אופן החזקת הנשק"": ""ברכב"", ""מטרה-סיבת העבירה"": ""סכסוך"", ""מספר עבירה"": ""144 ב"", ""סוג הנשק [תת מקלע]"": 1.0, ""סוג עבירה"": ""נשיאת נשק"", ""סטטוס הנשק"": ""נשק עם כדור בקנה"", ""עבירות נוספות"": ""איומים, עבירה לפי סעיף 192  לחוק העונשין, יריות באזור מגורים, עבירה לפי סעיף 340א לחוק העונשין, מעשה פזיזות ורשלנות, עבירה לפי סעיף 338(א)(5) לחוק העונשין, נהיגה בזמן פסילה, עבירה לפי סעיף 67 לפקודת התעבורה תשכ\""א – 1961 ונהיגה ללא רישיון נהיגה, עבירה לפי סעיף 10א וסעיף 62(1) לפקודת התעבורה [נוסח חדש],תשכ\""א-1961."", ""שימוש"": ""כן,ירי"", ""תכנון"": ""לא"", ""סוג הנשק"": ""קרל גוסטב"", ""מיקום הירי"": ""מחוץ לבית"", ""מספר כדורים שנורו"": ""לפחות שלושה"", ""היכרות עם הנאסר"": ""קיימת"", ""סטטוס רישיון הנהיגה"": ""פסול"", ""תאריך פסילת רישיון הנהיגה"": ""3.2.15"", ""תקופת פסילת רישיון הנהיגה"": ""24 חודשים"", ""מועד העבירה"": ""12.6.16"", ""זמן העבירה"": ""18:25"", ""מקום העבירה"": ""כפר ג'דידה-מכר"", ""סוג הרכב"": ""סקודה"", ""התנהלות במהלך העבירה"": ""נסיעה, עצירה, ירי, נסיעה נוספת, עצירה וירי שנית"", ""תוצאת הירי"": ""הפחדה והקנטת הנוכחים"", ""כמות תחמושת"": ""ללא""}",30.0,"1. **סוג העבירה וחומרתה**: שני התיקים עוסקים בעבירות נשק, אך תיק 1 כולל הן החזקה (144א) והן נשיאה/הובלה (144ב), בעוד שתיק 2 כולל רק נשיאה/הובלה (144ב) עם שימוש בנשק. חומרת העבירה בתיק 2 גבוהה יותר בשל השימוש בפועל בנשק וירי. 
2. **תפקיד הנאשם ומעורבותו**: בשני התיקים הנאשם היה מעורב באופן פעיל בהחזקה/נשיאה של נשק, אך בתיק 2 הנאשם גם השתמש בנשק בנסיבות מחמירות (ירי באזור מגורים). 
3. **שיטת הביצוע (MO)**: שני התיקים כוללים נשק שהוחזק ברכב, אך בתיק 2 היה שימוש בנשק וירי, בניגוד לתיק 1 שבו לא היה שימוש בנשק. 
4. **נסיבות הליבה**: תיק 1 כולל נשק תקול ללא תחמושת, בעוד שתיק 2 כולל נשק פעיל עם כדור בקנה ושימוש בנשק. תיק 2 כולל נסיבות מחמירות נוספות כמו ירי באזור מגורים והפחדת הנוכחים. 
5. **ישימות כתקדים**: בית משפט לא סביר שיראה את תיק 1 כתקדים ישיר לתיק 2 בשל השוני בנסיבות (שימוש בנשק וירי בתיק 2) ובחומרת העבירה. עם זאת, שני התיקים עוסקים בנשיאת נשק (144ב), מה שיכול להוות בסיס מסוים להשוואה.

SIMILARITY_SCORE: 30","ok",""
"ME-20-01-17935-7","SH-23-03-19819-247",2,0,1,"{""אופן החזקת הנשק"": ""על גופו"", ""מספר עבירה"": ""144 א, 144 ב"", ""סוג הנשק [תת מקלע מאולתר]"": 1.0, ""סוג עבירה"": ""החזקה נשק, נשיאת נשק"", ""סטטוס הנשק"": ""תקול"", ""עבירות נוספות"": ""הפרעה לשוטר"", ""תכנון"": ""לא"", ""מיקום האירוע"": ""חניון עפר פתוח באום אל פחם"", ""זמן האירוע"": ""29.12.19 בשעה 22:00"", ""הזדהות שוטר"": ""השוטר הזדהה בפני קיס"", ""תגובת הנאשם לקריאת השוטר"": ""לא ציית עד ירי באוויר"", ""מעורבים נוספים באירוע"": ""קיס אג'באריה, הייתם אג'באריה, רמי אג'באריה"", ""פעולת נמלט"": ""הנאשם נמלט מאחורי הבית"", ""שימוש"": ""לא"", ""כמות תחמושת"": ""ללא""}","{""אופן החזקת הנשק"": ""בבית, מוסלק - מוסתר"", ""כמות תחמושת"": ""3 מחסניות"", ""מספר עבירה"": ""144 א"", ""סוג הנשק [רובה סער ]"": 1.0, ""סוג עבירה"": ""החזקה נשק"", ""סטטוס הנשק"": ""נשק מופרד מתחמושת"", ""תכנון"": ""כן"", ""מיקום החזקת הנשק"": ""מעל מקרר המטבח"", ""סוג הנשק"": ""רובה אויר שהוסב לירי תחמושת"", ""קליבר התחמושת"": ""5.56X45"", ""כמות כדורים"": ""כמה עשרות כדורי 5.56 מ\""מ"", ""מיקום המעצר"": ""בית הנאשם ברהט"", ""תאריך המעצר"": ""15.2.23"", ""שעת המעצר"": ""13:04"", ""שימוש"": ""לא""}",20.0,"1. **סוג העבירה וחומרתה**: שני התיקים עוסקים בעבירות נשק, אך תיק 1 כולל הן החזקה והן נשיאה (סעיפים 144א ו-144ב), בעוד שתיק 2 כולל רק החזקה (סעיף 144א). חומרת העבירה בתיק 1 גבוהה יותר בשל הימצאות סעיף 144ב.
2. **תפקיד הנאשם ומעורבותו**: בתיק 1 הנאשם החזיק בנשק על גופו ונמלט מהשוטרים, מה שמעיד על מעורבות פעילה. בתיק 2 הנאשם החזיק בנשק בביתו, ללא עדות למעורבות פעילה באירוע פלילי ספציפי.
3. **שיטת הביצוע (MO)**: אופן החזקת הנשק שונה — על הגוף (תיק 1) לעומת מוסתר בבית (תיק 2). סוג הנשק שונה אף הוא — תת-מקלע מאולתר (תיק 1) לעומת רובה סער (תיק 2).
4. **נסיבות הליבה**: בתיק 1 לא היה שימוש בנשק, והנשק היה תקול ללא תחמושת. בתיק 2 הנשק הוחזק בנפרד מהתחמושת, אך נמצאו בביתו של הנאשם כמה עשרות כדורים ו-3 מחסניות. תיק 2 מעיד על תכנון, בניגוד לתיק 1.
5. **ישימות כתקדים**: בשל ההבדלים בסעיפי האישום (144א+144ב מול 144א בלבד), אופן החזקת הנשק, ונסיבות אחרות, סביר שבית המשפט לא יראה את שני התיקים כדומים מאוד לצורכי ענישה.

SIMILARITY_SCORE: 20","ok",""
"SH-17-08-47445-166","SH-16-11-7544-55",3,1,1,"{""אופן החזקת הנשק"": ""בבית"", ""מספר עבירה"": ""144 א"", ""סוג הנשק [אקדח]"": 1.0, ""סוג הנשק [תת מקלע מאולתר]"": 1.0, ""סוג עבירה"": ""החזקה נשק"", ""סטטוס הנשק"": ""תקין"", ""תכנון"": ""לא"", ""תאריך המעצר"": ""09.08.2018"", ""מיקום החזקת הנשק"": ""כסיפה"", ""סוג הנשק [FN]"": 1.0, ""פיזור הנשק"": ""סביב הישוב"", ""שימוש"": ""לא"", ""כמות תחמושת"": ""ללא""}","{""אופן החזקת הנשק"": ""על גופו"", ""כמות תחמושת"": ""מחסנית ובה 10 כדורים"", ""מספר עבירה"": ""144 א"", ""סוג הנשק [תת מקלע מאולתר]"": 1.0, ""סוג עבירה"": ""החזקה נשק"", ""סטטוס הנשק"": ""נשק מופרד מתחמושת"", ""תכנון"": ""לא"", ""תאריך האירוע"": ""26.10.16"", ""מיקום האירוע"": ""מחלף להב-שומריה, כביש 6 לכוון צפון"", ""סוג הרכב"": ""רכב פרטי"", ""זיהוי הנאשם"": ""על ידי שוטר"", ""שם השוטר"": ""מיכאל אדרי"", ""קוטר הקליעים"": ""9 מ\""מ"", ""שימוש"": ""לא""}",40.0,"להלן הניתוח לפי הממדים השונים:

1. **סוג העבירה וחומרתה**: שני התיקים עוסקים בעבירת החזקת נשק לפי סעיף 144(א) לחוק העונשין, אך החומרה עשויה להשתנות בשל הבדלים בנסיבות. 
2. **תפקיד הנאשם ומעורבותו**: בשני המקרים הנאשם הוא המחזיק בנשק, ללא עדות למעורבות נוספת או תפקיד שונה.
3. **שיטת הביצוע (MO)**: בשני התיקים הנשק היה ברשות הנאשם, אך באופן שונה - האחד בביתו והשני על גופו ברכב. 
4. **נסיבות הליבה**: קיימים הבדלים בנסיבות - האחד החזיק בביתו ואילו השני החזיק על גופו ברכב. כמו כן, בתיק 2 הייתה תחמושת (מחסנית עם 10 כדורים), בניגוד לתיק 1 שבו לא הייתה תחמושת.
5. **ישימות כתקדים**: בית המשפט עשוי לראות את שני התיקים כקשורים זה לזה בשל סעיף החוק הדומה, אך ההבדלים בנסיבות (מיקום, תחמושת) עשויים להשפיע על קביעת העונש.

SIMILARITY_SCORE: 40","ok",""
"ME-16-11-13999-863","m01008097-376",1,0,0,"{""אופן החזקת הנשק"": ""ברכב"", ""כמות תחמושת"": ""2 מחסניות"", ""מספר עבירה"": ""144 א, 144 ב"", ""סוג הנשק [אקדח]"": 1.0, ""סוג עבירה"": ""החזקה נשק, נשיאת נשק, הובלת נשק"", ""סטטוס הנשק"": ""נשק עם מחסנית בהכנס"", ""תכנון"": ""לא"", ""סוג הרכב"": ""מאזדה"", ""שותף לעבירה"": ""זבידאת סלאמה"", ""מיקום האירוע"": ""מסכנין לראמה"", ""זמן האירוע"": ""26.10.16 סמוך לשעה 20.00"", ""סוג האקדח"": ""STAR"", ""קליבר האקדח"": ""9 מ\""מ פאראבלום"", ""מספר כדורים במחסנית"": ""לא צוין מספר מדויק"", ""תיאור המעשה"": ""נסיעה לכיוון מחסום משטרתי, נסיעה לתוך תחנת דלק, נסיעה לכיוון היציאה מתחנת הדלק"", ""תגובה למחסום משטרתי"": ""פנייה לתוך תחנת דלק והמשך נסיעה"", ""שימוש"": ""לא""}","{""אופן החזקת הנשק"": ""בבית, על גופו"", ""כמות תחמושת"": ""כדורים, 2 מחסניות"", ""מספר עבירה"": ""144 א, 144 ב"", ""סוג הנשק [רימון רסס]"": 1.0, ""סטטוס הנשק"": ""תקין"", ""עבירות נוספות"": ""עבירת מעשה פזיזות ורשלנות כהגדרתם בס\""ק 338 (5) לחוק העונשין"", ""שימוש"": ""זריקת רימון"", ""תכנון"": ""לא"", ""מיקום האירוע"": ""באר שבע, רח' מבצע יואב"", ""מצב הנאשם בזמן האירוע"": ""שיכור"", ""ניסיון למנוע את האירוע"": ""ניסה להשיב את ניצרת הרימון למקומה"", ""מקום זריקת הרימון"": ""למקום שומם מאדם"", ""תוצאת האירוע"": ""לא נגרמה פגיעה באדם או רכוש"", ""הודאה בביצוע המעשים"": ""הודה בביצוע המעשים ובחזקת הנשק והתחמושת"", ""תגובת התביעה"": ""לא תביא ראיות לסתור""}",40.0,"1. **סוג העבירה וחומרתה**: שני התיקים כוללים עבירות נשק חמורות לפי סעיף 144 לחוק העונשין, הן החזקה והן נשיאה/הובלה. עם זאת, תיק 2 כולל גם שימוש בנשק (זריקת רימון), מה שמגביר את חומרת העבירה. 
2. **תפקיד הנאשם ומעורבותו**: בשני התיקים הנאשם היה מעורב באופן פעיל בהחזקת הנשק, אך בראשון מדובר בנשק אקדח ובשני ברימון רסס. בשניהם הנאשם היה מעורב באופן ישיר, אך השימוש בנשק היה רק בתיק השני.
3. **שיטת הביצוע (MO)**: אופן החזקת הנשק שונה — ברכב (תיק 1) לעומת בבית ועל הגוף (תיק 2). השימוש בנשק היה רק בתיק 2, שם הנאשם זרק רימון.
4. **נסיבות הליבה**: שני התיקים כוללים נשק ותחמושת, אך סוג הנשק שונה (אקדח לעומת רימון). בתיק 2 היה שימוש בנשק, בניגוד לתיק 1. כמו כן, הנסיבות שונות — נסיעה עם נשק (תיק 1) לעומת זריקת רימון במקום שומם (תיק 2).
5. **ישימות כתקדים**: בית משפט עשוי לראות את שני התיקים כרלוונטיים זה לזה במידה מסוימת בשל העבירות המשותפות לפי סעיף 144, אך ההבדלים בשימוש בנשק וסוגו עשויים להפחית מהרלוונטיות.

SIMILARITY_SCORE: 40","ok",""
"ME-16-06-50916-362","ME-15-03-29911-554",3,1,1,"{""אופן החזקת הנשק"": ""ברכב"", ""מטרה-סיבת העבירה"": ""סכסוך"", ""מספר עבירה"": ""144 ב"", ""סוג הנשק [תת מקלע]"": 1.0, ""סוג עבירה"": ""נשיאת נשק"", ""סטטוס הנשק"": ""נשק עם כדור בקנה"", ""עבירות נוספות"": ""איומים, עבירה לפי סעיף 192  לחוק העונשין, יריות באזור מגורים, עבירה לפי סעיף 340א לחוק העונשין, מעשה פזיזות ורשלנות, עבירה לפי סעיף 338(א)(5) לחוק העונשין, נהיגה בזמן פסילה, עבירה לפי סעיף 67 לפקודת התעבורה תשכ\""א – 1961 ונהיגה ללא רישיון נהיגה, עבירה לפי סעיף 10א וסעיף 62(1) לפקודת התעבורה [נוסח חדש],תשכ\""א-1961."", ""שימוש"": ""כן,ירי"", ""תכנון"": ""לא"", ""סוג הנשק"": ""קרל גוסטב"", ""מיקום הירי"": ""מחוץ לבית"", ""מספר כדורים שנורו"": ""לפחות שלושה"", ""היכרות עם הנאסר"": ""קיימת"", ""סטטוס רישיון הנהיגה"": ""פסול"", ""תאריך פסילת רישיון הנהיגה"": ""3.2.15"", ""תקופת פסילת רישיון הנהיגה"": ""24 חודשים"", ""מועד העבירה"": ""12.6.16"", ""זמן העבירה"": ""18:25"", ""מקום העבירה"": ""כפר ג'דידה-מכר"", ""סוג הרכב"": ""סקודה"", ""התנהלות במהלך העבירה"": ""נסיעה, עצירה, ירי, נסיעה נוספת, עצירה וירי שנית"", ""תוצאת הירי"": ""הפחדה והקנטת הנוכחים"", ""כמות תחמושת"": ""ללא""}","{""אופן החזקת הנשק"": ""ברכב, על גופו"", ""כמות תחמושת"": ""מחסנית ובה 12 כדורים, מחסנית, 20 כדורים, 24 כדורים"", ""מספר עבירה"": ""144 א, 144 ב"", ""סוג הנשק [אקדח]"": 1.0, ""סוג עבירה"": ""ביצוע עבירות בנשק"", ""סטטוס הנשק"": ""נשק עם כדור בקנה"", ""שימוש"": ""כן,ירי"", ""תכנון"": ""לא"", ""מיקום האירועים"": ""פוריידיס, חווה בבעלות הנאשם, שכונות מגורים, ליד מגרש בית הספר התיכון"", ""זמן האירועים"": ""5.3.15, שעות הערב, סמוך לשעה 19:00, סמוך לשעה 19:14"", ""סוג האקדח"": ""יריחו"", ""מספר כדורים שנורו"": ""מספר רב של כדורים, שני כדורים נוספים"", ""התנהלות במהלך האירוע"": ""ירי בשטח חווה, ירי במהלך נסיעה ברכב, ירי ליד מגרש בית הספר"", ""מעורבות אדם נוסף"": ""אדם נוסף נוהג ברכב, זהותו אינה ידועה למאשימה""}",70.0,"**ניתוח דמיון בין שני תיקים פליליים**

1. **סוג העבירה וחומרתה**: שני התיקים עוסקים בעבירות נשק חמורות, כאשר בשניהם מדובר בנשיאה ושימוש בנשק (סעיף 144(ב)). עם זאת, תיק 2 כולל גם החזקה (סעיף 144(א)). חומרת העבירות דומה בשל השימוש בנשק ונסיבות חמורות.

2. **תפקיד הנאשם ומעורבותו**: בשני התיקים הנאשם מעורב באופן פעיל בנשיאת ושימוש בנשק. בשניהם הנאשם הוא המבצע העיקרי של העבירה.

3. **שיטת הביצוע (MO)**: בשני המקרים הנשק הוחזק ברכב ועל גופו (במקרה של תיק 2), ונעשה בו שימוש באירועי ירי. דפוס הפעולה כולל נסיעה וירי, אם כי בנסיבות שונות.

4. **נסיבות הליבה**: בשני התיקים נעשה שימוש בנשק באופן חמור, עם ירי מרובה. עם זאת, תיק 2 כולל כמויות תחמושת ספציפיות וגדולות יותר. בשניהם הנשק היה עם כדור בקנה, והיה שימוש בנשק.

5. **ישימות כתקדים**: בית משפט עשוי לראות את שני התיקים כרלוונטיים זה לזה לצורכי ענישה בשל הדמיון בנשיאה ושימוש בנשק, אולם ההבדלים בנסיבות ובסוג הנשק עשויים להשפיע על מידת הרלוונטיות.

SIMILARITY_SCORE: 70","ok",""
"SH-16-11-49772-358","ME-17-02-54432-484",1,0,0,"{""אופן החזקת הנשק"": ""מוסלק - מוסתר"", ""אופן קבלת הנשק"": ""גנב"", ""מטרה-סיבת העבירה"": ""בצע כסף"", ""מספר עבירה"": ""144 א"", ""סוג עבירה"": ""החזקה נשק"", ""סטטוס הנשק"": ""תקין"", ""עבירות נוספות"": ""גניבה"", ""תכנון"": ""לא"", ""מיקום האירוע"": ""חנות לארג' קפה, רחוב רוטשילד 62, כפר סבא"", ""זמן האירוע"": ""18.11.16 בסמוך לשעה 13:30"", ""מיקום הסלקת הנשק"": ""אדנית עץ בסמטה הסמוכה לרחוב וייצמן 113 בכפר סבא"", ""סוג הנשק"": ""אקדח"", ""מקור הנשק"": ""נשכח בשגגה בתא שירותים"", ""שימוש"": ""לא"", ""כמות תחמושת"": ""ללא"", ""סוג הנשק [אקדח]"": 1.0}","{""אופן החזקת הנשק"": ""ברכב, על גופו"", ""כמות תחמושת"": ""מחסנית ובה 7 כדורים"", ""מטרה-סיבת העבירה"": ""הגנה עצמית"", ""מספר עבירה"": ""144 א, 144 ב"", ""סוג הנשק [אקדח]"": 1.0, ""סוג עבירה"": ""החזקה נשק, נשיאת נשק"", ""סטטוס הנשק"": ""נשק עם מחסנית בהכנס"", ""תכנון"": ""כן"", ""סוג האקדח"": ""ברטה"", ""מספר סידורי של האקדח"": ""82233"", ""קליבר הכדורים"": ""0.22 מ\""מ"", ""מיקום החזקת הנשק"": ""סמוך לבית הנאשם"", ""תאריך החזקת הנשק"": ""מאז ועד יום 16.02.17"", ""מסלול הנסיעה"": ""מכפר קאסם לנהריה"", ""סוג הרכב"": ""מאזדה"", ""שמות הנוסעים ברכב"": ""אחמד עיסא, עותמאן עיסא, מגארי יאסין"", ""מיקום התפיסה"": ""צומת הרחובות הגעתון והרצל בנהריה"", ""שעת התפיסה"": ""סמוך לפני השעה 16:00"", ""שימוש"": ""לא""}",20.0,"1. **סוג העבירה וחומרתה**: שני התיקים עוסקים בעבירות נשק, אך תיק 1 כולל רק החזקה (144א) בעוד שתיק 2 כולל הן החזקה והן נשיאה (144א ו-144ב). חומרת העבירה בתיק 2 גבוהה יותר בשל הימצאות תחמושת ונשיאה. 
2. **תפקיד הנאשם ומעורבותו**: בשני התיקים הנאשם הוא המחזיק/נושא הנשק, אך בתיק 2 ישנה מעורבות נוספת של הנאשם בנשיאת הנשק ברכב עם נוסעים נוספים.
3. **שיטת הביצוע (MO)**: אופן החזקת הנשק שונה - מוסתר בתיק 1 וברכב/על גופו בתיק 2. בתיק 2 ישנה גם נשיאה ברכב.
4. **נסיבות הליבה**: בתיק 1 אין תחמושת, ואילו בתיק 2 יש מחסנית עם 7 כדורים. בתיק 2 היה תכנון והנשק היה מוכן לשימוש. 
5. **ישימות כתקדים**: בית המשפט לא יראה את תיק 1 כתקדים ישיר לתיק 2 בשל ההבדלים בעבירות (144ב בתיק 2) ובנסיבות (תחמושת, תכנון).

SIMILARITY_SCORE: 20","ok",""
"ME-14-02-51828-88","ME-14-03-48488-922",1,0,0,"{""תאריך העבירה"": ""19.2.14"", ""שעת העבירה"": ""23:12"", ""סוג הרכב"": ""רנו מגאן"", ""מספר רכב"": ""98-057-36"", ""מיקום העבירה"": ""כביש הכניסה לכפר חורפיש"", ""סוג הכדורים"": ""כדור שבכוחו להמית אדם"", ""מספר עבירה"": ""144 ב"", ""סוג עבירה"": ""נשיאת נשק, הובלת נשק"", ""סוג הנשק [רובה צייד]"": 2.0, ""סטטוס הנשק"": ""תקין"", ""תכנון"": ""לא"", ""אופן החזקת הנשק"": ""ברכב"", ""שימוש"": ""לא"", ""כמות תחמושת"": ""ללא""}","{""אופן החזקת הנשק"": ""על גופו"", ""אופן קבלת הנשק"": ""ייצר"", ""מטרה-סיבת העבירה"": ""בצע כסף"", ""מספר עבירה"": ""144 א, 144 ב"", ""סוג הנשק [מטען חבלה]"": 1.0, ""סוג עבירה"": ""החזקה נשק, נשיאת נשק"", ""סטטוס הנשק"": ""תקין"", ""עבירות נוספות"": ""היזק בזדון בחומר נפיץ"", ""שימוש"": ""הפעלת מטען"", ""תכנון"": ""כן"", ""תאריך יצירת המטען"": ""סמוך ל-4.1.14"", ""תיאור המטען"": ""מטען חבלה מצינור מתכת סגור בשני צדדיו עם חומר נפיץ, פתיל ו-47 קליעי נק'ל"", ""מטרת המטען"": ""לגרום למותו של אדם"", ""מיקום הטמנת המטען"": ""מתחת למושב הנהג"", ""תאריך הפעלת המטען"": ""4.1.2014"", ""מיקום האירוע"": ""רחוב מוהליבר 38, תל אביב"", ""תוצאות התפוצצות המטען"": ""נזק לתחתית וכסא נהג הרכב ונזקים לסביבה ברדיוס של כ-10 מטר"", ""תאריך החזקת נשק נוסף"": ""25.2.2014"", ""תיאור הנשק הנוסף"": ""מכשיר טלפון נייד המשמש כמערכת הפעלה למטעני חבלה מאולתרים"", ""כמות תחמושת"": ""ללא""}",20.0,"1. **סוג העבירה וחומרתה**: שני התיקים עוסקים בעבירות נשק חמורות לפי סעיף 144 לחוק העונשין, אך תיק 1 מתמקד בנשיאת/הובלת נשק (144ב), ואילו תיק 2 כולל הן החזקה (144א) והן נשיאה (144ב). חומרת העבירה בשני התיקים גבוהה, אך תיק 2 כולל גם שימוש בנשק וגרימת נזק.

2. **תפקיד הנאשם ומעורבותו**: בתיק 1 הנאשם היה מעורב בהובלת נשק, ואילו בתיק 2 הנאשם ייצר והפעיל מטען חבלה, וכן החזיק בנשק נוסף. המעורבות בשני המקרים פעילה, אך רמת המעורבות והאחריות שונה.

3. **שיטת הביצוע (MO)**: תיק 1 כולל נשיאת נשק ברכב ללא שימוש, ואילו תיק 2 כולל ייצור והפעלת מטען חבלה וכן החזקת אמצעי הפעלה נוסף. השיטות שונות מאוד.

4. **נסיבות הליבה**: תיק 1 כולל נשיאת נשק ללא תחמושת, ללא תכנון מראש וללא שימוש. תיק 2 כולל תכנון מראש, ייצור והפעלת מטען חבלה, וגרימת נזק רציני. הנסיבות שונות מאוד.

5. **ישימות כתקדים**: בהינתן ההבדלים המשמעותיים בסוג העבירה, שיטת הביצוע, ונסיבות הליבה, סביר שבית המשפט לא יראה את שני התיקים כרלוונטיים זה לזה לצורכי ענישה.

SIMILARITY_SCORE: 20","ok",""
"ME-14-12-6904-57","ME-18-04-19642-504",1,0,0,"{""מיקום הדירה"": ""תל אביב"", ""תאריך רכישת הנשק"": ""18.11.2014"", ""מחיר הנשק"": ""4000 ש\""ח"", ""סוג הנשק"": ""רובה מאולתר מדגם קרל גוסטב"", ""תאריך העבירה"": ""18.11.2014"", ""שעת העבירה"": ""16:40"", ""אופן הסתרת הנשק"": ""עטוף בבגדים בתוך תיק גב"", ""כמות קנאביס"": ""0.3027 גרם נטו"", ""מיקום החזקת הנשק בדירה"": ""מוטמן בארון בגדים בחדר השינה"", ""מספר עבירה"": ""144 ב"", ""סוג עבירה"": ""נשיאת נשק, הובלת נשק"", ""עבירות נוספות"": ""החזקת סם לצריכה עצמית"", ""סוג הנשק [תת מקלע מאולתר]"": 1.0, ""סטטוס הנשק"": ""נשק מופרד מתחמושת"", ""תכנון"": ""כן"", ""אופן החזקת הנשק"": ""בבית, על גופו, מוסלק - מוסתר"", ""אופן קבלת הנשק"": ""רכש"", ""כמות תחמושת"": ""מחסנית"", ""מטרה-סיבת העבירה"": ""הגנה עצמית""}","{""אופן החזקת הנשק"": ""ברכב, על גופו"", ""כמות תחמושת"": ""2 מחסניות, 40 כדורים"", ""מטרה-סיבת העבירה"": ""אלימות כלפי נשים"", ""מספר עבירה"": ""144 א, 144 ב"", ""סוג הנשק [אקדח]"": 1.0, ""סוג עבירה"": ""נשיאת נשק, הובלת נשק"", ""סטטוס הנשק"": ""נשק עם כדור בקנה"", ""עבירות נוספות"": ""במעשי פזיזות ורשלנות, לפי ס' 338(א)(5) לחוק."", ""שימוש"": ""כן,ירי"", ""תכנון"": ""לא"", ""מיקום האירוע"": ""יער הסמוך לכפר קרע"", ""תאריך האירוע"": ""1.4.18"", ""זמן האירוע"": ""17:00"", ""השפעת אלכוהול"": ""הנאשם היה תחת השפעת משקאות אלכוהוליים"", ""זיכרון הנאשם"": ""הנאשם אינו זוכר את כל פרטי האירוע"", ""מספר יריות"": ""11 יריות באוויר"", ""אופן השימוש בנשק"": ""שליפה והצגה לפני ר.ק. וירי באוויר"", ""התנהלות במהלך המעצר"": ""ניסיון להימלט, השלכת הנשק תחת מושב הרכב"", ""מערכת יחסים עם המתלוננת"": ""הנאשם ור.ק. היו זוג לפני האירוע"", ""סכסוך עם המתלוננת"": ""סכסוך כשבועיים לפני האירוע""}",40.0,"1. **סוג העבירה וחומרתה**: שני התיקים כוללים עבירות נשיאת והובלת נשק לפי סעיף 144(ב), מה שמצביע על דמיון מסוים. עם זאת, תיק 2 כולל גם סעיף 144(א) ועבירות נוספות כמו מעשי פזיזות ורשלנות, וכן שימוש בנשק (ירי), מה שמוסיף לחומרתו. תיק 1 כולל החזקת סם לצריכה עצמית, אך זו עבירה פחות חמורה בהשוואה לשימוש בנשק.
2. **תפקיד הנאשם ומעורבותו**: בשני התיקים הנאשם היה מעורב באופן פעיל בנשיאת/הובלת נשק. בראשון, הנשק היה ברשותו לצורך הגנה עצמית, ובשני, הנשק שימש לאלימות כלפי אדם אחר ולירי באוויר. המעורבות בשניהם פעילה, אך מטרת השימוש והתוצאות שונות.
3. **שיטת הביצוע (MO)**: שני התיקים כוללים נשיאת והחזקת נשק, אך באופן ובנסיבות שונות. בראשון, הנשק הוסתר בתיק גב, ובשני, הוא היה ברשות הנאשם ברכב. הראשון לא כלל שימוש בנשק, ואילו השני כלל ירי באוויר. אמצעי הביצוע שונים (רובה מאולתר לעומת אקדח).
4. **נסיבות הליבה**: כמות התחמושת בשני התיקים משמעותית (מחסנית לעומת 2 מחסניות ו-40 כדורים). בשניהם היה תכנון מראש (כן בראשון, לא בשני). בראשון, הנשק היה מופרד מתחמושת, ובשני, היה עם כדור בקנה. הראשון לא כלל שימוש בנשק, ואילו השני כלל ירי. נסיבות העבירה בשני התיקים שונות (הגנה עצמית לעומת אלימות כלפי נשים).
5. **ישימות כתקדים**: בית משפט עשוי לראות את שני התיקים כרלוונטיים זה לזה מבחינת העבירה של נשיאת/הובלת נשק, אך ההבדלים בנסיבות (שימוש בנשק, מטרת העבירה, וכמות התחמושת) עשויים להפחית מהרלוונטיות של האחד לאחר.

SIMILARITY_SCORE: 40","ok",""
"ME-18-10-30972-637","ME-14-11-7498-539",3,1,1,"{""אופן החזקת הנשק"": ""ברכב"", ""אופן קבלת הנשק"": ""רכש"", ""מספר עבירה"": ""144 ב"", ""סוג הנשק [רובה סער ]"": 1.0, ""סוג עבירה"": ""ניסיון לסחר"", ""סטטוס הנשק"": ""תקין"", ""תכנון"": ""כן"", ""מחיר הנשק"": ""7,000-8,000 ₪"", ""מיקום העסקה"": ""שכם"", ""שיטת הובלת הנשק"": ""הסעה על ידי צד שלישי"", ""שם המוכר"": ""סאמי"", ""שם הנהג המוביל"": ""אימן"", ""שם נוסף ברכב"": ""עמרו כשאן"", ""שם נוסף ברכב 2"": ""יוסף"", ""תאריך העסקה"": ""8.9.2018"", ""מקום איסוף הנשק"": ""ג'בעה"", ""סוג הנשק"": ""M-16"", ""שימוש"": ""לא"", ""מטרה-סיבת העבירה"": ""בצע כסף"", ""כמות תחמושת"": ""ללא""}","{""אופן החזקת הנשק"": ""ברכב, מוסלק - מוסתר"", ""אופן קבלת הנשק"": ""מאחר"", ""כמות תחמושת"": ""מחסנית ובה 29 כדורים"", ""מטרה-סיבת העבירה"": ""בצע כסף"", ""מספר עבירה"": ""144 א, 144 ב"", ""סוג הנשק [רובה סער ]"": 2.0, ""סוג עבירה"": ""החזקה נשק, נשיאת נשק, הובלת נשק, ניסיון לסחר"", ""סטטוס הנשק"": ""נשק עם מחסנית בהכנס"", ""עבירות נוספות"": ""עבירות של קשירת קשר לביצוע פשע, גניבה,"", ""תכנון"": ""כן"", ""מקום השירות של יוסף"": ""בסיס צה\""ל בבא\""פ דרום סמוך לצאלים"", ""סוג הנשק הנוסף"": ""מיקרו תבור עם כוונת מארס"", ""מספר נאשמים מעורבים"": 4, ""מקום המפגש למכירת הנשק"": ""רהט"", ""פעולת עצירה"": ""בלשי מג\""ב דרום תפסו את הנשק ועצרו את יוסף והנאשם"", ""מקום החביאה של הנשק הנוסף"": ""במחסן סמוך לבית הנאשם 4"", ""סוג הכוונת על הנשק הראשון"": ""טרג'יקון"", ""תאריך האירועים"": ""23.10.14 ו-26.10.14"", ""סוג הרכב להובלת הנשק"": ""רכב פרטי"", ""שימוש"": ""לא""}",70.0,"1. **סוג העבירה וחומרתה**: שני התיקים עוסקים בעבירות נשק חמורות, כולל הובלה וניסיון לסחר בנשק (סעיף 144(ב)). תיק 2 כולל גם החזקה (סעיף 144(א)), אך החומרה הכללית דומה בשל היקף העבירות. 
2. **תפקיד הנאשם ומעורבותו**: בשני התיקים הנאשמים היו מעורבים באופן פעיל בהובלה וניסיון לסחר בנשק, אם כי בפרטים שונים. 
3. **שיטת הביצוע (MO)**: שני התיקים כוללים הובלת נשק באמצעות רכב, אך בשיטות שונות (הסעה על ידי צד שלישי לעומת הסעה ישירה). 
4. **נסיבות הליבה**: שני התיקים כוללים נשק מסוג רובה סער (M-16/מיקרו תבור) ללא שימוש ממשי בו. תיק 2 כולל מחסנית עם תחמושת, בניגוד לתיק 1. שני התיקים מעידים על תכנון ומטרת בצע כסף. 
5. **ישימות כתקדים**: בית משפט עשוי לראות את שני התיקים כרלוונטיים זה לזה בשל הדמיון בעבירות (נשק, הובלה, ניסיון לסחר) ונסיבות (תכנון, מטרת בצע כסף). עם זאת, ההבדלים בפרטים (כמות תחמושת, סוג הנשק המדויק) עשויים להשפיע על מידת הדמיון.

SIMILARITY_SCORE: 70","ok",""
"ME-17-02-54432-484","ME-16-07-45228-25",3,1,1,"{""אופן החזקת הנשק"": ""ברכב, על גופו"", ""כמות תחמושת"": ""מחסנית ובה 7 כדורים"", ""מטרה-סיבת העבירה"": ""הגנה עצמית"", ""מספר עבירה"": ""144 א, 144 ב"", ""סוג הנשק [אקדח]"": 1.0, ""סוג עבירה"": ""החזקה נשק, נשיאת נשק"", ""סטטוס הנשק"": ""נשק עם מחסנית בהכנס"", ""תכנון"": ""כן"", ""סוג האקדח"": ""ברטה"", ""מספר סידורי של האקדח"": ""82233"", ""קליבר הכדורים"": ""0.22 מ\""מ"", ""מיקום החזקת הנשק"": ""סמוך לבית הנאשם"", ""תאריך החזקת הנשק"": ""מאז ועד יום 16.02.17"", ""מסלול הנסיעה"": ""מכפר קאסם לנהריה"", ""סוג הרכב"": ""מאזדה"", ""שמות הנוסעים ברכב"": ""אחמד עיסא, עותמאן עיסא, מגארי יאסין"", ""מיקום התפיסה"": ""צומת הרחובות הגעתון והרצל בנהריה"", ""שעת התפיסה"": ""סמוך לפני השעה 16:00"", ""שימוש"": ""לא""}","{""מיקום האירוע"": ""כפר זלפה"", ""זמן האירוע"": ""שעת ליל"", ""תאריך האירוע"": ""19.7.16"", ""פעולת הנאשם בעת גילוי"": ""ניסיון להימלט מהשוטרים"", ""מקום החביית הנשק"": ""תחת שמיכה על מזרן בחדר"", ""מספר עבירה"": ""144 ב"", ""סוג עבירה"": ""נשיאת נשק"", ""סוג הנשק [אקדח]"": 1.0, ""סטטוס הנשק"": ""נשק עם מחסנית בהכנס"", ""תכנון"": ""כן"", ""אופן החזקת הנשק"": ""בבית, על גופו, מוסלק - מוסתר"", ""כמות תחמושת"": ""מחסנית ובה 10 כדורים"", ""שימוש"": ""לא""}",70.0,"1. **סוג העבירה וחומרתה**: שני התיקים עוסקים בעבירות נשק, אך תיק 1 כולל הן החזקה (144א) והן נשיאה (144ב), בעוד שתיק 2 כולל רק נשיאה (144ב). חומרת העבירות דומה, אך ההבדל בסעיפי האישום מהווה שיקול.
2. **תפקיד הנאשם ומעורבותו**: בשני התיקים הנאשם הוא המחזיק/נושא הנשק, ומעורבותו פעילה. אין מידע על מעורבות נוספים.
3. **שיטת הביצוע (MO)**: בשני המקרים הנשק הוחזק/נישא באופן מוסתר (על גופו או בבית/רכב). בשניהם היה תכנון מראש.
4. **נסיבות הליבה**: שני התיקים כוללים נשק עם מחסנית טעונה, ללא שימוש בפועל. כמות התחמושת דומה (7 כדורים לעומת 10). הנשק היה מוסתר, אך באופן שונה (ברכב/על גופו לעומת בבית, מוסתר).
5. **ישימות כתקדים**: בית משפט עשוי לראות את שני התיקים כרלוונטיים זה לזה, במיוחד לאור הדמיון בנשיאת נשק (144ב) עם מחסנית טעונה ותכנון מראש. עם זאת, ההבדלים בנסיבות (מיקום, אופן ההחזקה) והעובדה שתיק 1 כולל גם החזקה (144א) עשויים להשפיע.

SIMILARITY_SCORE: 70","ok",""
"ME-09-06-10774-130","SH-20-02-52091-995",1,0,0,"{""אופן החזקת הנשק"": ""ברכב"", ""מספר עבירה"": ""144 א, 144 ב"", ""סוג הנשק [אקדח]"": 1.0, ""סוג עבירה"": ""החזקה נשק, נשיאת נשק"", ""סטטוס הנשק"": ""תקין"", ""תכנון"": ""לא"", ""מותג הנשק"": ""ברטה"", ""מיקום האירוע"": ""כפר מושרייפה"", ""שימוש"": ""לא"", ""כמות תחמושת"": ""ללא""}","{""אופן החזקת הנשק"": ""בבית"", ""כמות תחמושת"": ""20 כדורים"", ""מספר עבירה"": ""144 א"", ""סוג הנשק [תת מקלע מאולתר]"": 1.0, ""סוג עבירה"": ""החזקה נשק"", ""סטטוס הנשק"": ""נשק מופרד מתחמושת"", ""תכנון"": ""לא"", ""סוג הנשק"": ""תת מקלע מאולתר 9 מ\""מ"", ""מיקום החזקת הנשק"": ""ארון במטבח"", ""מיקום הבית"": ""שבט אלאעצם"", ""תאריך החזקת הנשק"": ""מיום 14.02.20"", ""תאריך התגלית"": ""16.02.20"", ""שעת התגלית"": ""סמוך לשעה 15:00"", ""סוג הפעילות המשטרתית"": ""חיפוש יזום"", ""שימוש"": ""לא""}",20.0,"1. **סוג העבירה וחומרתה**: שני התיקים עוסקים בעבירות נשק, אך תיק 1 כולל הן החזקה והן נשיאה (144 א ו-144 ב), בעוד שתיק 2 כולל רק החזקה (144 א). חומרת העבירה בתיק 1 גבוהה יותר בשל הימצאותה של עבירת הנשיאה. 
2. **תפקיד הנאשם ומעורבותו**: בשני התיקים הנאשם הוא המחזיק/נושא הנשק, אך בתיק 1 ישנה מעורבות פעילה יותר בשל נשיאת הנשק. 
3. **שיטת הביצוע (MO)**: אופן החזקת הנשק שונה — ברכב (תיק 1) לעומת בבית (תיק 2). סוג הנשק שונה גם כן — אקדח (תיק 1) לעומת תת-מקלע מאולתר (תיק 2). 
4. **נסיבות הליבה**: בתיק 1 לא צוינה כמות תחמושת, ואילו בתיק 2 נמצאו 20 כדורים. בשני התיקים לא היה שימוש בנשק. 
5. **ישימות כתקדים**: בהינתן ההבדלים בסוג העבירה (144 א+ב לעומת 144 א בלבד), סוג הנשק ואופן החזקתו, סביר שבית המשפט לא יראה את שני התיקים כדומים מאוד לצורכי ענישה.

SIMILARITY_SCORE: 20","ok",""
"SH-15-03-49530-992","ME-16-05-9983-155",2,0,1,"{""אופן החזקת הנשק"": ""מוסלק - מוסתר, סמוך לבית"", ""כמות תחמושת"": ""2 מחסניות"", ""מספר עבירה"": ""144 א"", ""סוג הנשק [תת מקלע מאולתר]"": 1.0, ""סוג עבירה"": ""החזקה נשק"", ""סטטוס הנשק"": ""נשק עם מחסנית בהכנס"", ""תכנון"": ""לא"", ""תאריך התחלת העבירה"": ""5.3.2015"", ""תאריך סיום העבירה"": ""11.3.2015"", ""מיקום החזקת הנשק"": ""גג מחסן סמוך לבית"", ""מקום מגורים"": ""ג'לג'וליה"", ""סוג הרובה"": ""קרל גוסטב"", ""קוטר כדורים במחסנית ראשונה"": ""לא צוין"", ""קוטר כדורים במחסנית שנייה"": ""9 מ\""מ"", ""קוטר כדורים בתפזורת"": ""5.56 מ\""מ"", ""שימוש"": ""לא""}","{""אופן החזקת הנשק"": ""מוסלק - מוסתר"", ""אופן קבלת הנשק"": ""מאחר"", ""כמות תחמושת"": ""מחסנית"", ""מספר עבירה"": ""144 א, 144 ב"", ""סוג הנשק [תת מקלע מאולתר]"": 1.0, ""סוג עבירה"": ""החזקה נשק, נשיאת נשק"", ""סטטוס הנשק"": ""נשק מופרד מתחמושת"", ""תכנון"": ""לא"", ""מחיר הנשק"": ""7300 שקלים"", ""תאריך העבירה"": ""אפריל 2016"", ""מיקום החזקת הנשק"": ""גג בית חבר"", ""מיקום קבלת הנשק"": ""ליד בית הנאשם"", ""משך החזקת הנשק"": ""כשבוע"", ""קשר עם קרוב משפחה"": ""קרוב משפחה רכש והעביר את הנשק"", ""שימוש"": ""לא""}",40.0,"1. **סוג העבירה וחומרתה**: שני התיקים עוסקים בעבירות נשק, אך תיק 1 כולל רק החזקה (144א), בעוד שתיק 2 כולל הן החזקה והן נשיאה (144א ו-144ב). חומרת העבירה בתיק 2 גבוהה יותר בשל היותה כוללת גם נשיאה.
2. **תפקיד הנאשם ומעורבותו**: בשני התיקים הנאשם החזיק בנשק, אך בתיק 2 הנאשם גם קיבל את הנשק מאחר וגם נשא אותו. מעורבותו של הנאשם בתיק 2 רחבה יותר.
3. **שיטת הביצוע (MO)**: בשני התיקים הנשק הוחזק באופן מוסתר. עם זאת, סטטוס הנשק היה שונה - בתיק 1 הנשק היה עם מחסנית מוכנסת, ובתיק 2 הנשק היה מופרד מהתחמושת.
4. **נסיבות הליבה**: שני התיקים כוללים החזקת נשק מאולתר מסוג קרל גוסטב. כמות התחמושת שונה - בתיק 1 היו 2 מחסניות, ובתיק 2 היתה מחסנית אחת. לא היה שימוש בנשק בשני המקרים.
5. **ישימות כתקדים**: בית המשפט עשוי לראות את שני התיקים כרלוונטיים זה לזה במידה מסוימת בשל הדמיון בסוג הנשק ובאופן ההחזקה. עם זאת, ההבדל בין עבירת ההחזקה בלבד (144א) לבין עבירות ההחזקה והנשיאה (144א ו-144ב) הוא משמעותי.

SIMILARITY_SCORE: 40","ok",""
