"verdict_1","verdict_2","similarity_scale","similarity_binary_0","similarity_binary_1","feature_vector_1","feature_vector_2","score","response","status","last_error"
"SH-16-04-30406-325","ME-16-02-59812-881",1,0,0,"{""מספר עבירה"": ""144 א"", ""סוג עבירה"": ""החזקה נשק"", ""סוג הנשק [תת מקלע מאולתר]"": 1.0, ""סטטוס הנשק"": ""נשק מופרד מתחמושת"", ""תכנון"": ""לא"", ""אופן החזקת הנשק"": ""ברכב"", ""אופן קבלת הנשק"": ""רכש"", ""כמות תחמושת"": ""מחסנית ריקה ובה 0 כדורים, 2 מחסניות""}","{""מספר עבירה"": ""144 ב"", ""סוג עבירה"": ""סחר בנשק"", ""עבירות נוספות"": ""כן"", ""סוג הנשק [אקדח]"": 1.0, ""סטטוס הנשק"": ""נשק מופרד מתחמושת"", ""תכנון"": ""לא"", ""אופן החזקת הנשק"": ""בבית"", ""כמות תחמושת"": ""2 מחסניות, 20 כדורים"", ""מטרה-סיבת העבירה"": ""בצע כסף""}",35.0,"1. סוג העבירה וחומרתה — שני התיקים בתחום נשק אך תחת סעיפים שונים: 144א (החזקה) מול 144ב (סחר). סחר במגמת החמרה ותמקם כעבירה חמורה יותר; לכן מבחינת סוג וחומרה הם שונים במידה רבה.

2. תפקיד הנאשם ומעורבותו — בתיק 1 הנאשם כמאחז/מחזיק פסיבי ברכב; בתיק 2 מדובר בפועל סחר/יזם עם מטרה רווחית ועבירות נוספות. הפער בתפקיד ובאחריות פלילית משמעותי ומשנה את מידת האשמה והענישה.

3. שיטת הביצוע (MO) — דמיון חלקי: בשניהם נשק מופרד מתחמושת, שניהם רכשו נשק ולא תכננו מראש. עם זאת סוג הנשק שונה (תת-מקלע מאולתר מול אקדח), וכמות תחמושת ותכליתה שונה (תיק 2 כולל תחמושת ונטייה לסחר), לכן ה-MO קרוב חלקית בלבד.

4. נסיבות הליבה — שונות מהותית: תיק 1 — נשק ברכב, מחסניות ריקות, 0 כדורים; תיק 2 — בבית, 2 מחסניות ו-20 כדורים, מטרה של רווח ועבירות נוספות. אלה נסיבות מחמירות בתיק 2 ולכן אינם דומים מהותית.

5. ישימות כתקדים — שימוש מוגבל: ניתן להסתמך על היבטים נקודתיים משותפים (הפרדת נשק מתחמושת, חוסר תכנון) כקווים להקלות, אך בהערכת חומרה ובעונש לנאשם בסחר התיק 1 ישמש במידה מוגבלת בלבד. בסך הכל בית משפט יראה רלוונטיות חלקית אך לא מספיקה להחלפת תקדים בענישה.

SIMILARITY_SCORE: 35","ok",""
"ME-16-05-25902-514","ME-16-11-56385-886",3,1,1,"{""מספר עבירה"": ""144 א, 144 ב"", ""סוג עבירה"": ""החזקה נשק, נשיאת נשק"", ""סוג הנשק [אקדח]"": 1.0, ""סטטוס הנשק"": ""נשק עם מחסנית בהכנס"", ""תכנון"": ""לא"", ""אופן החזקת הנשק"": ""בבית, על גופו"", ""אופן קבלת הנשק"": ""רכש"", ""כמות תחמושת"": ""מחסנית ובה 7 כדורים"", ""מטרה-סיבת העבירה"": ""הגנה עצמית""}","{""מספר עבירה"": ""144 א"", ""סוג עבירה"": ""החזקה נשק"", ""סוג הנשק [אקדח]"": 1.0, ""סטטוס הנשק"": ""נשק עם כדור בקנה"", ""תכנון"": ""לא"", ""אופן החזקת הנשק"": ""על גופו""}",80.0,"1. סוג העבירה וחומרתה — בשני התיקים מדובר בהחזקה של נשק חם (אקדח), כך שמבחינת סוג העבירה קיים חפיפה מהותית. עם זאת תיק 1 כולל גם אישום נשיאה (144 ב) ולכן חומרתו ברורה גבוהה יותר; לא זהים ברמת חומרה אך קרובים מבחינת האופי הפלילי.

2. תפקיד הנאשם ומעורבותו — בשני המקרים מדובר בנאשם כמחזיק/נושא הנשק באופן אישי (לא סוחר/מוציא לפועל של פשע), כלומר מעורבות פעילה אישית וזהה מבחינת התפקיד הנוכחי. אין הבדל מהותי בתפקיד או ברמת השתתפות שהשפיע על ההשוואה.

3. שיטת הביצוע (MO) — שני המקרים דומים מאד: אקדח, החזקה על הגוף, ללא תכנון מוקדם. מבחינת שיטת הביצוע הדמיון גבוה וההבחנה היחידה היא בפרטי המטען (מחסנית מול כדור בקנה) אך זה אינו משנה את ה-MO הבסיסי.

4. נסיבות הליבה — כאן יש הבדלים משמעותיים ממבחן הסיכון: בתיק 1 יש מחסנית של 7 כדורים ורשימת סעיפים הכוללת נשיאה, רכש כמקור הנשק ומטרה של הגנה עצמית; בתיק 2 נשק עם כדור בקנה (הכן יותר להגבה של הסיכון) וללא צווארון על רישום הרכש או מטרה מפורשת. ההבדלים באמצעי הכוננות והקיום של סעיף הנשיאה משפיעים על ההערכת סכנה והענישה.

5. ישימות כתקדים — בית משפט יראה את שני התיקים כרלוונטיים זה לזה בכל הנוגע לאיסורים על החזקת אקדח ולשאלת המניע והעובדות הבסיסיות, אך ההבדלים (תיק 1 עם נשיאה וסעיפי ענישה נוספים; מצב תחמושת שונה) יגבילו העתקת עונשים מדויקים. כלומר תקדים תיק 1 יהיה רלוונטי לתיק 2 אך לא ישיר ומוחלט — יש צורך בהתאמות נסיבתיות.

SIMILARITY_SCORE: 80","ok",""
"ME-18-06-36728-73","ME-16-09-398-589",3,1,1,"{""מספר עבירה"": ""144 ב"", ""סוג עבירה"": ""נשיאת נשק"", ""עבירות נוספות"": ""כן"", ""סוג הנשק [אקדח]"": 1.0, ""סטטוס הנשק"": ""נשק עם כדור בקנה"", ""תכנון"": ""לא"", ""אופן החזקת הנשק"": ""על גופו, מוסלק - מוסתר"", ""מטרה-סיבת העבירה"": ""סכסוך"", ""שימוש"": ""כן,ירי""}","{""מספר עבירה"": ""144 ב"", ""סוג עבירה"": ""נשיאת נשק"", ""עבירות נוספות"": ""כן"", ""סוג הנשק [אקדח]"": 1.0, ""סטטוס הנשק"": ""נשק עם כדור בקנה"", ""תכנון"": ""כן"", ""אופן החזקת הנשק"": ""על גופו"", ""מטרה-סיבת העבירה"": ""סכסוך"", ""שימוש"": ""כן,ירי""}",85.0,"1. סוג העבירה וחומרתה — שני התיקים הם עבירת נשיאת נשק (סעיף 144ב) עם ירי בפועל; מבחינת סוג העבירה וחומרתה הם זהים במידה רבה שכן בשניהם נשק חם נטען וירי בוצע, מה שמעלה את חומרת המעשים באופן דומה. העונש הצפוי בסיסית דומה בשל זהות סוג העבירה והשימוש בנשק.

2. תפקיד הנאשם ומעורבותו — בשני התיקים המעורבות פעילה: הנשק היה על הגוף ובוצע ירי, כלומר הנאשם היה מועמד כפעיל וביצע את המעשה. אין בתיקי נתונים המצביעים על הבדל מהותי בין יזום פעיל לבין תפקיד פסיבי; שניהם פעילים.

3. שיטת הביצוע (MO) — שיטת הביצוע דומה מאוד: אקדח, נשק עם כדור בקנה, ירי במסגרת סכסוך. הבדל טכני קיים בכך שבתיק 1 צוינה מוסלק/מוסתר בעוד בתיק 2 לא צויין הסתרה; אך האמצעים הבסיסיים והפעולה (ירי מאקדח טעון) זהים.

4. נסיבות הליבה — גם כאן יש דמיון גבוה: כוונה סיבתית זהה (סכסוך), נשק טעון, ירי בוצע וקשור לעבירות נוספות. הבדל מהותי אחד: תכנון – בתיק 2 יש תכנון מראש, בתיק 1 אין; תכנון הוא נסיבה מחמירה שעשויה להבדיל בענישה ובקביעת אשמה קלה/חמורה יותר. ההסתרה בתיק 1 אף היא נסיבת החמרה ביחס לנראות הנשק, אבל פחות מהותית מהתכנון מבחינת תכנון העבירה.

5. ישימות כתקדים — בית משפט יראה את שני התיקים כקרובים ורלוונטיים זה לזה בנוגע לשאלת יסוד העבירה והחומרה הבסיסית (נשק טעון וירי בסכסוך), ולכן ישמשו כתקדימים הדדיים לגבי יסודות ואמצעי עבירה. עם זאת, הבדל בתכנון (וניכוי/הוספת הסתרה) עשוי להניב סטיית ענישה משמעותית, כך שהשימוש כתמרון יש להפעילו בזהירות ובהתאמה לנסיבות המקלות/מחמירות.

SIMILARITY_SCORE: 85","ok",""
"SH-17-10-10556-234","ME-16-11-13999-863",1,0,0,"{""מספר עבירה"": ""144 א"", ""סוג עבירה"": ""החזקה נשק, עבירות אחרות"", ""סוג הנשק [אקדח]"": 1.0, ""סטטוס הנשק"": ""נשק עם מחסנית בהכנס"", ""תכנון"": ""לא"", ""אופן החזקת הנשק"": ""מוסלק - מוסתר, סמוך לבית"", ""כמות תחמושת"": ""מחסנית ובה 10 כדורים, מחסנית ריקה ובה 0 כדורים""}","{""מספר עבירה"": ""144 א, 144 ב"", ""סוג עבירה"": ""החזקה נשק, נשיאת נשק, הובלת נשק"", ""סוג הנשק [אקדח]"": 1.0, ""סטטוס הנשק"": ""נשק עם מחסנית בהכנס"", ""תכנון"": ""לא"", ""אופן החזקת הנשק"": ""ברכב, על גופו"", ""כמות תחמושת"": ""מחסנית ובה כדורים, מחסנית נוספת ובה כדורים""}",70.0,"1. סוג העבירה וחומרתה — שתי תיקים עוסקים בעבירות נשק תחת סעיף 144 (החזקה של אקדח) ולכן מבחינת סוג העבירה יש חפיפה ברורה; עם זאת בתיק 2 נוסף תיאור של נשיאה והובלה (144 ב) שהופך אותו לחמור ובעל ריבוי עבירות ביחס לתיק 1.  
2. תפקיד הנאשם ומעורבותו — בשני המקרים מדובר בהחזקת נשק (האחריות כ""מחזיק/נושא""), אבל בתיק 1 המעורבות פסיבית יותר (נשק מוסלק סמוך לבית) ואילו בתיק 2 המעורבות פעילה יותר (ברכב ועל גופו) מה שמצביע על אחריות ותכליתיות גבוהות יותר אצל הנאשם בתיק 2.  
3. שיטת הביצוע (MO) — דפוס דומה בכך שכל מקרה כולל אקדח עם מחסנית בהכנס וללא תכנון; עם זאת אופן ההחזק (מוסלק בבית לעומת נשיאה/הובלה ברכב ועל הגוף) שונים ומשפיעים על מידת הסכנה הציבורית.  
4. נסיבות הליבה — קיימת שונות מהותית: בתיק 1 מחסנית אחת מלאה ועוד מחסנית ריקה; בתיק 2 לפחות שתי מחסניות עם כדורים — כמות תחמושת גבוהה יותר ותכלית נשיאה/הובלה (ברכב/על הגוף) מהוות נסיבות מחמירות משמעותיות בתיק 2.  
5. ישימות כתקדים — התיקים רלוונטיים זה לזה לנושאים משפטיים בסיסיים (יסוד עבירת החזקה, הוכחת סוג הנשק וכו'), אך לא זהים מבחינת חומרת המעשה ונסיבות המחמירות בתיק 2; לכן תיק 1 יכול לשמש כהשוואה לפרטים מסוימים אך לא יחול באותה מידה בענישה במקרה של נשיאה והובלה.  

SIMILARITY_SCORE: 70","ok",""
"SH-17-10-10556-234","m08000207-175",1,0,0,"{""מספר עבירה"": ""144 א"", ""סוג עבירה"": ""החזקה נשק, עבירות אחרות"", ""סוג הנשק [אקדח]"": 1.0, ""סטטוס הנשק"": ""נשק עם מחסנית בהכנס"", ""תכנון"": ""לא"", ""אופן החזקת הנשק"": ""מוסלק - מוסתר, סמוך לבית"", ""כמות תחמושת"": ""מחסנית ובה 10 כדורים, מחסנית ריקה ובה 0 כדורים""}","{""מספר עבירה"": ""144 ב"", ""סוג עבירה"": ""נשיאת נשק"", ""עבירות נוספות"": ""כן"", ""סוג הנשק [אקדח]"": 1.0, ""סטטוס הנשק"": ""נשק עם מחסנית בהכנס"", ""תכנון"": ""לא"", ""אופן החזקת הנשק"": ""ברכב"", ""כמות תחמושת"": ""מחסנית ובה 15 כדורים, מחסנית ובה כ-10 כדורים""}",60.0,"1. סוג העבירה וחומרתה — שניהם עבירות נשק אך לא זהות מבחינת הזיקה החוקית: תיק 1 מזוהה כ""החזקה/הסתרה"" (144א) ותיק 2 כ""נשיאה"" (144ב). נשיאה ברכב עם מחסניות טעונות ונוספות ובעובדה שיש ""עבירות נוספות"" בתיק 2 מציינת רמת חומרה גבוהה יותר, לכן דמיון חלקי בלבד.

2. תפקיד הנאשם ומעורבותו — אין עדות לסחר/יזמות בשני התיקים; בשניהם מדובר באחזקת נשק בידי פרט. עם זאת, אחזקת נשק מוסלק סמוך לבית מציינת מעורבות יותר פסיבית/אחסונית בעוד נשיאה ברכב מצביעה על מעורבות פעילה ומוכנות לשימוש, ולכן דמיון בינוני-נמוך.

3. שיטת הביצוע (MO) — קווי דמיון: באשׁר שני תיקים מדובר באקדח עם מחסנית בהכנס ובחוסר תכנון מוקדם. הבדל מהותי בדפוס ההחזקה (מוסלק סמוך לבית מול נשיאה ברכב) משפיע על מסקנות הנרתע והסיכון הציבורי, כך שה-MO דומה בחלקו אך שונה בהשלכות המעשיות.

4. נסיבות הליבה — הבדלי כמויות ותצורות ברורים: תיק 1 מחסנית עם 10 כדורים ועוד מחסנית ריקה; תיק 2 מחסנית עם 15 וכ-10 נוספת (סך גדול יותר ועוד מחסנית), ושימוש ברכב — אלה נסיבות מחמירות יותר בתיק 2. אין הוכחה לשימוש פעיל בנשק בשני המקרים, אך משקל הראיות והחומרה שונים במהותם.

5. ישימות כתקדים — עקרונות ענישה ועקרונות כללים בעבירות נשק יוכלו לשמש כהנחיה בין התיקים, אך ההבדלים בסעיפים החוקיים, במיקום הנשק, בכמות התחמושת ובעבירות הנלוות יגבילו ישימות כתיק תקדימי ישיר. כלומר רלוונטיים כנקודות השוואה כלליות אך לא תקדים זהה.

SIMILARITY_SCORE: 60","ok",""
"SH-18-06-11098-353","ME-16-03-54615-517",1,0,0,"{""מספר עבירה"": ""144 א"", ""סוג עבירה"": ""החזקה נשק"", ""סוג הנשק [רובה סער ]"": 1.0, ""סטטוס הנשק"": ""נשק מופרד מתחמושת"", ""תכנון"": ""לא"", ""אופן החזקת הנשק"": ""בבית, מוסלק - מוסתר""}","{""מספר עבירה"": ""144 ב"", ""סוג עבירה"": ""סחר בנשק"", ""סוג הנשק [תת מקלע]"": 1.0, ""סטטוס הנשק"": ""תקול"", ""תכנון"": ""כן"", ""מטרה-סיבת העבירה"": ""בצע כסף"", ""שימוש"": ""כן,ירי""}",30.0,"1. סוג העבירה וחומרתה — שני התיקים עוסקים בנשק אך אינם באותו סוג עבירה: תיק 1 היא החזקה (144א) ותיק 2 הוא סחר/מסחר בנשק (144ב). סחר בנשק נחשב חמור בהרבה מהחזקה פרטית, במיוחד כאשר מלווה בתכנון ובשימוש בפועל, לכן דמיון ברמה זו נמוך.

2. תפקיד הנאשם ומעורבותו — בתיק 1 מדובר במחזיק פרטי, מעורבות פסיבית יחסית; בתיק 2 מדובר ביזם/סוחר עם מטרה כלכלית ושימוש פעיל בנשק. התפקידים מנוגדים ולכן הדמיון נמוך מאוד.

3. שיטת הביצוע (MO) — יש דמיון טכני כללי (כלי נשק אוטומטיים/סמוכים), אך האמצעים והדפוס שונים: אחסון מוסתר בבית ללא תחמושת לעומת סחר מתוכנן ונשיאה/שימוש כולל ירי. דמיון בינוני-נמוך: יש חפיפה בנושא נשק, אך המפעילים ושיטת הביצוע שונים מהותית.

4. נסיבות הליבה — ההבדלים בולטים: בתיק 1 נשק מופרד מתחמושת, ללא תכנון; בתיק 2 נשק ""תקול"" אך עם תכנון, מטרה כלכלית ושימוש ירי — אלה נסיבות מחמירות שמגבירות משמעותית את חומרת העבירה בתיק 2. בסעיף זה הדמיון נמוך מאוד.

5. ישימות כתקדים — בית משפט ייחשב לתיק 2 חמור הרבה יותר ולכן לא יסמוך עליו כתקדים ענייני לענישה של החזקה סלולה, מלבד אולי נקודות צנזורה טכניות (הגדרת סוג הנשק וכד'). באופן כללי התיקים אינם רלוונטיים זה לזה לצורכי ענישה; ישימות מוגבלת מאוד.

SIMILARITY_SCORE: 30","ok",""
"ME-17-05-633-549","ME-19-04-1316-977",3,1,1,"{""מספר עבירה"": ""144 א, 144 ב"", ""סוג עבירה"": ""החזקה נשק, סחר בנשק"", ""סוג הנשק [אקדח]"": 1.0, ""סוג הנשק [תת מקלע מאולתר]"": 1.0, ""סטטוס הנשק"": ""נשק מופרד מתחמושת"", ""תכנון"": ""כן"", ""אופן החזקת הנשק"": ""מוסלק - מוסתר"", ""אופן קבלת הנשק"": ""רכש"", ""כמות תחמושת"": ""2 מחסניות, מאות כדורים, 2 מחסניות ריקה ובה 0 כדורים"", ""מטרה-סיבת העבירה"": ""בצע כסף""}","{""מספר עבירה"": ""144 ב"", ""סוג עבירה"": ""סחר בנשק, ניסיון לסחר"", ""סוג הנשק [אקדח]"": 1.0, ""סוג הנשק [תת מקלע מאולתר]"": 1.0, ""סטטוס הנשק"": ""תקול"", ""תכנון"": ""לא"", ""אופן החזקת הנשק"": ""ברכב"", ""כמות תחמושת"": ""1,100 כדורים, 900 כדורים"", ""מטרה-סיבת העבירה"": ""בצע כסף""}",64.0,"1. סוג העבירה וחומרתה — שני התיקים עוסקים בסחר בנשק (144ב) ושניהם חמורים מבחינת טבע העבירה; עם זאת תיק 1 כולל גם החזקה (144א) ותכנון מפורש וכולל נשק תקין ותת‑מקלע, מה שמגביר את חומרתו ביחס לתיק 2 שבו מצוין ניסיון/סחר בלבד ונשק תקול. הדמיון בפן הענייני קיים (סחר בנשק לשם רווח) אך יש הבדל מהותי ברמת חומרה של העבירה והחשיפה הפלילית.

2. תפקיד הנאשם ומעורבותו — בשני המקרים המטרה היא סחר למטרת רווח, כלומר מעורבות יזמית/מסחרית; עם זאת נתוני תיק 1 מעידים על מעורבות פעילה ומסודרת (רכש, הסתרה, תכנון), בעוד תיק 2 נראה פחות מתוכנן ואולי ניסיון שאינו מתקדם לאותה רמת מעורבות. לכן הדמיון במעורבות קיים ברמה העניינית, אך יש הבדל משמעותי במידת הפעילות וההובלה.

3. שיטת הביצוע (MO) — שניהם כוללים סוגי נשק דומים (אקדח ותת‑מקלע מאולתר) והמניע זהה, אך שיטות הביצוע שונות: תיק 1 רכש, הסתרה ותכנון מסודר; תיק 2 ללא תכנון, נשק ברכב ותקול. לכן דמיון חלקי — אותו תחום פעולה אך MO שונה והבדלים אלה משפיעים על הקמת קביעה עובדתית ושיקולי ענישה.

4. נסיבות הליבה — קיימים הבדלים מהותיים בכמות התחמושת (תיק 2 כמות משמעותית בהרבה), במצב הנשק (תקול בתיק 2 לעומת נשק נפרד מתחמושת בתיק 1) ובתכנון/הסתרה; המניע הכספי זהה, אך הפרטים העובדתיים המרכזיים שונים ודומיננטיים בהכרעת חומרה וניסיון. בסך הכל הנסיבות הקונקרטיות אינן זהות ולכן ההשוואה מוגבלת.

5. ישימות כתקדים — בית משפט ימצא רלוונטיות כללית (סחר בנשק למטרת רווח, סוגי נשק דומים) אך ייתן משקל רב להבדלים המהותיים: תכנון/הסתרה, תקינות הנשק, כמות תחמושת והאם מדובר בניסיון או בעבירה מוחשית. לפיכך תיק 2 יכול להיעזר בתיק 1 כתקדים עקרוני אך לא כתקדים זהה להחלטות ענישה או לקביעה עובדתית ללא התאמות.

SIMILARITY_SCORE: 64","ok",""
"ME-16-04-12480-812","ME-13-10-28139-807",3,1,1,"{""מספר עבירה"": ""144 א, 144 ב"", ""סוג עבירה"": ""החזקה נשק, נשיאת נשק, הובלת נשק"", ""עבירות נוספות"": ""כן"", ""סוג הנשק [תת מקלע מאולתר]"": 1.0, ""סטטוס הנשק"": ""נשק עם כדור בקנה"", ""תכנון"": ""כן"", ""אופן החזקת הנשק"": ""ברכב, על גופו, מוסלק - מוסתר"", ""כמות תחמושת"": ""17 כדורים"", ""מטרה-סיבת העבירה"": ""סכסוך"", ""שימוש"": ""כן,ירי""}","{""מספר עבירה"": ""144 א"", ""סוג עבירה"": ""החזקה נשק"", ""עבירות נוספות"": ""כן"", ""סוג הנשק [אקדח]"": 1.0, ""סטטוס הנשק"": ""נשק עם כדור בקנה"", ""תכנון"": ""כן"", ""אופן החזקת הנשק"": ""על גופו"", ""מטרה-סיבת העבירה"": ""סכסוך"", ""שימוש"": ""כן,ירי""}",75.0,"1. סוג העבירה וחומרתה — שני התיקים עוסקים בעבירות נשק לפי ס'144; מבחינה פורמלית זה אותו תחום פלילי. עם זאת, חומרת התיק הראשון גבוהה יותר בגלל סוג הנשק (תת‑מקלע מאולתר) וכמות התחמושת, כך שלא ניתן לראותם כשווים בחומרה.

2. תפקיד הנאשם ומעורבותו — בשני המקרים הנאשם הוא מחזיק/נושא וככל הנראה משתמש בנשק (ירי), כלומר מעורבות פעילה ודומה מבחינת התפקיד הפושעי. התיק הראשון כולל גם הובלה והסתרה אך מבחינת היותו יוזם/מבצע העבירה שני המקרים קרובים.

3. שיטת הביצוע (MO) — בשניהם יש תכנון, החזקה טעונה ושימוש (ירי) בסכסוך, כלומר דפוס ביצוע יסודי דומה. הבדלים באמצעי (תת‑מקלע מול אקדח) ובמיקום ההחזק (מוסלק ברכב לעומת על הגוף) משפיעים על פרטי ה‑MO אך לא מבטלים את הדמיון הכללי.

4. נסיבות הליבה — כאן יש פער מהותי: נשק מסוג תת‑מקלע, 17 כדורים והסתרה/הובלה בתיק 1 מחמירים משמעותית לעומת אקדח על הגוף בתיק 2; שני התיקים דומים מבחינת תכנון ומניע (סכסוך) אך פרטי הנשק וכמות התחמושת בעייתיים יותר בתיק 1.

5. ישימות כתקדים — סעיפי היסוד (החזקה, נשיאה, שימוש בנשק מתוכנן וירי בסכסוך) הופכים את תיק 1 לרלוונטי כתשתית משפטית לתיק 2, אך שיפוטית בית המשפט ימתן את המשקל עקב הבדלי סכנה (סוג נשק, כמות תחמושת, הסתרה והובלה) וייתכן שיחמיר בענישה בתיק 1. לפיכך תקדים חלקי ורלוונטי אך לא זהה לחלוטין.

SIMILARITY_SCORE: 75","ok",""
"ME-17-05-633-549","ME-09-05-16192-355",1,0,0,"{""מספר עבירה"": ""144 א, 144 ב"", ""סוג עבירה"": ""החזקה נשק, סחר בנשק"", ""סוג הנשק [אקדח]"": 1.0, ""סוג הנשק [תת מקלע מאולתר]"": 1.0, ""סטטוס הנשק"": ""נשק מופרד מתחמושת"", ""תכנון"": ""כן"", ""אופן החזקת הנשק"": ""מוסלק - מוסתר"", ""אופן קבלת הנשק"": ""רכש"", ""כמות תחמושת"": ""2 מחסניות, מאות כדורים, 2 מחסניות ריקה ובה 0 כדורים"", ""מטרה-סיבת העבירה"": ""בצע כסף""}","{""מספר עבירה"": ""144 ב"", ""סוג עבירה"": ""נשיאת נשק, הובלת נשק"", ""סוג הנשק [תת מקלע]"": 1.0, ""סטטוס הנשק"": ""נשק עם מחסנית בהכנס"", ""תכנון"": ""לא"", ""אופן החזקת הנשק"": ""ברכב"", ""כמות תחמושת"": ""מחסנית ובה 10 כדורים""}",34.0,"1. סוג העבירה וחומרתה — בתיק 1 מדובר בעבירות החזקה וסחר (144א ו‑144ב) עם נסיבות מחמירות; בתיק 2 רק נשיאה/הובלה (144ב). רמת החומרה בתיק 1 גבוהה משמעותית ולכן אינם זהים מבחינת סוג העבירה וחומרתה.  

2. תפקיד הנאשם ומעורבותו — בתיק 1 הנאשם ממלא תפקיד יזמי/סוחר (מטרה לביצוע רווח), מעורבות פעילה ותכנון; בתיק 2 עמדת הנאשם נראית כשליח/נושא פסיבי ללא תכנון. הבדלים מהותיים בתפקיד ובמידת האשמה.  

3. שיטת הביצוע (MO) — שניהם כוללים נשק מסוג תת‑מקלע ונשיאת נשק вне מסגרת חוקית, כלומר דמיון בשיטה הבסיסית של החזקת/הובלת נשק; עם זאת הפרטים (נשק נוסף, מוסלק בתיק 1 מול ברכב וטעון בתיק 2) שונים. יש כאן דמיון חלקי בעקרון הפעולה אך הביצוע שונה.  

4. נסיבות הליבה — הפרש גדול בכמויות תחמושת, סוגי נשק (תיק 1 גם אקדח ותת‑מקלע מאולתר), תכנון ומטרה פלילית לעומת חוסר תכנון וכמות קטנה בתיק 2. נסיבות מחמירות בתיק 1 מצביעות על פער מהותי.  

5. ישימות כתקדים — שני התיקים חולקים את הסעיף 144ב ולכן עלולים להיות רלוונטיים מבחינת הפרשנות החוקית של נשיאה/הובלה; עם זאת ההבדלים בענייני תכנון, כמות וניסיון סחר יחייבו הבחנה בשאלת הענישה, ולכן תביעת תקדים ענייני ישקל בצורה מוגבלת.  

SIMILARITY_SCORE: 34","ok",""
"ME-16-05-336-804","ME-15-12-39071-113",1,0,0,"{""מספר עבירה"": ""144 ב"", ""סוג עבירה"": ""נשיאת נשק, הובלת נשק"", ""סוג הנשק [תת מקלע מאולתר]"": 1.0, ""סטטוס הנשק"": ""נשק מופרד מתחמושת"", ""תכנון"": ""לא"", ""אופן החזקת הנשק"": ""ברכב, על גופו"", ""כמות תחמושת"": ""2 מחסניות ריקות ובהן 0 כדורים, 26 כדורים"", ""שימוש"": ""ניסיון לירי ללא הצלחה""}","{""מספר עבירה"": ""144 א"", ""סוג עבירה"": ""החזקה נשק"", ""סוג הנשק [אקדח]"": 1.0, ""סטטוס הנשק"": ""תקין"", ""תכנון"": ""לא"", ""אופן החזקת הנשק"": ""ברכב, מוסלק - מוסתר""}",60.0,"1. סוג העבירה וחומרתה — שני התיקים עוסקים בעבירות נשק (סעיף 144), אבל חומרת המעשה שונה: תיק 1 כולל ניסיון ירי ונשק מסוג תת‑מקלע מאולתר עם תחמושת בפועל, לעומת תיק 2 שהוא החזקה מוסלקת של אקדח תקין ללא ניסיון ירי. כלומר שמדובר באותה קטגוריה אמנם, אך תיק 1 חמור משמעותית יותר מבחינת סיכון ושימוש פעיל בנשק.

2. תפקיד הנאשם ומעורבותו — בשני התיקים הנאשם הוא מחזיק/נושא הנשק, אך בתיק 1 המעורבות פעילה (ניסיון לירי, נשיאה על הגוף/ברכב) בעוד שב‑תיק 2 המעורבות יותר פסיבית/מוסלקת (החזקה מוסתרת ללא ירי). לפיכך דמיון חלקי בתואר (מחזיק נשק) אך שוני בתכלית ובאקטיביות ההתנהלות.

3. שיטת הביצוע (MO) — קיים קווי דמיון טכניים: נשק ברכב, היעדר תכנון מוקדם בשני המקרים; אך השיטות שונות — בתיק 1 נשק מאולתר וניסיון ירי, בתיק 2 נשק תקין מוסתר. ה‑MO דומה מבחינת הובלה/הסתרה ברכב אך שונה מבחינת שימוש בפועל וסכנה מיידית.

4. נסיבות הליבה — הבדלים מהותיים: בתיק 1 יש ניסיון ירי ותחמושת נוכחת (כולל מחסניות וכדורים), בתיק 2 נשק תקין מוסלק אך ללא שימוש; אין תכנון בשניהם, אך נוכחות ניסיון ירי ותחמושת בתיק 1 מהווים נסיבות מחמירות שלא קיימות בתיק 2. בסך‑הכל נסיבות הליבה אינן זהות והטיה חמורה לטובת תיק 1.

5. ישימות כתקדים — בית משפט יכיר ברלוונטיות כללית בין שני המקרים כשמדובר באיסור ונסיבות החזקה/הובלה של נשק, אך לא יחשיב תיק 2 כתקדימיות חזקות לתיק 1 לגבי ענישה או אחריות פלילית עקב ההבדלים במעשיות (ניסיון ירי, סוג נשק, תחמושת). לכן ניתן להשתמש בתיק 2 כתקדים חלקי לנסיבות מסוימות (הובלה/הסתרה, היעדר תכנון) אך לא כתחליף מלא במקרה של ניסיון ירי ותת‑מקלע.

SIMILARITY_SCORE: 60","ok",""
"ME-16-10-12213-904","ME-09-05-16192-355",3,1,1,"{""מספר עבירה"": ""144 ב"", ""סוג עבירה"": ""נשיאת נשק"", ""סוג הנשק [תת מקלע מאולתר]"": 1.0, ""סטטוס הנשק"": ""נשק מופרד מתחמושת"", ""תכנון"": ""כן"", ""אופן החזקת הנשק"": ""ברכב, מוסלק - מוסתר, סמוך לבית"", ""כמות תחמושת"": ""מחסנית ריקה ובה 0 כדורים, 1 כדור""}","{""מספר עבירה"": ""144 ב"", ""סוג עבירה"": ""נשיאת נשק, הובלת נשק"", ""סוג הנשק [תת מקלע]"": 1.0, ""סטטוס הנשק"": ""נשק עם מחסנית בהכנס"", ""תכנון"": ""לא"", ""אופן החזקת הנשק"": ""ברכב"", ""כמות תחמושת"": ""מחסנית ובה 10 כדורים""}",72.0,"1. סוג העבירה וחומרתה — שני התיקים נופלים תחת אותה הוראה (144ב) ועוסקים נשיאת/הובלת נשק מסוג תת‑מקלע; מבחינת יסוד העבירה מדובר במסה דומה של עבירה פלילית, אך חומרת המעשה שונה במקצת (נשק טעון עם מחסנית מוכנס בתיק 2 מסוכן יותר). דמיון מהותי: גבוה.

2. תפקיד הנאשם ומעורבותו — בשני התיקים הנאשם הוא המחזיק/המוביל של הנשק (לא יזם פשע מרוחק או שליח בעל תפקיד שונה); מידת המעורבות מעשית זהה. דמיון מהותי: מאוד גבוה.

3. שיטת הביצוע (MO) — בשני המקרים הנשק נמצא ברכב ותת‑מקלע הוא סוג הנשק; הבדלים במצב ההסתרה (מוסלק בסמוך לבית בתיק 1) ובפרטים טכניים של הנשק (מאולתר לעומת סטנדרטי) מורידים מעט את הדמיון. דמיון מהותי: גבוה‑ממוצע.

4. נסיבות הליבה — הבדלים מהותיים: בתיק 1 הנשק מופרד מתחמושת ומחסנית ריקה/כדור בודד, תכנון קיים והסתרה סמוך לבית; בתיק 2 הנשק עם מחסנית מוכנסת ו‑10 כדורים, ללא תכנון. אלה פקטורים מרכזיים להבחנה בענישה ובקביעת כוונה/סיכון. דמיון מהותי: נמוך‑בינוני.

5. ישימות כתקדים — בית משפט ימצא את התיקים רלוונטיים זה לזה מבחינת יסוד העבירה והנסיבות הכלליות (נשיאת תת‑מקלע ברכב), אך צפוי להבחין ביניהם בענישה ובהשפעה על היקף הענישה בשל טעון/לא טעון, תכנון והסתרה. כלומר תקדימים יכולים להיות שימושיים אך נתונים להבחנה משמעותית. דמיון מהותי: בינוני‑גבוה.

SIMILARITY_SCORE: 72","ok",""
"ME-16-10-9348-780","SH-10-02-25802-731",1,0,0,"{""מספר עבירה"": ""144 ב"", ""סוג עבירה"": ""נשיאת נשק"", ""סוג הנשק [רובה צייד]"": 1.0, ""סטטוס הנשק"": ""נשק מופרד מתחמושת"", ""תכנון"": ""לא"", ""אופן החזקת הנשק"": ""בבית, ברכב"", ""כמות תחמושת"": ""75 כדורים"", ""מטרה-סיבת העבירה"": ""לעורר את אביו""}","{""מספר עבירה"": ""144 א"", ""סוג עבירה"": ""החזקה נשק"", ""סוג הנשק [רובה צייד]"": 1.0, ""סטטוס הנשק"": ""תקול"", ""תכנון"": ""לא"", ""אופן החזקת הנשק"": ""בבית""}",60.0,"1. סוג העבירה וחומרתה — שני התיקים עוסקים בעבירות נשק מאותו פרק חקיקה, אך תתי-סעיפים שונים (144א—החזקה/אחיזה; 144ב—נשיאה/הובלה) שמשקפים בדרך כלל דרגת מסוכנות שונה. לכן מבחינת סוג העבירה יש קרבה פורמלית, אך חומרת העבירה בתיק 1 גבוהה יותר כי כולל נשיאה ברכב/מחוץ לבית.

2. תפקיד הנאשם ומעורבותו — בשני המקרים מדובר בבעל/מחזיק של רובה ציד, כלומר מעורבות ישירה דומה (לא שליח או מתווך). עם זאת בתיק 1 יש אלמנט פעולה (נשיאה גם ברכב) שמצביע על מעורבות יותר אקטיבית מאשר החזקה תקול בבית בתיק 2.

3. שיטת הביצוע (MO) — דפוס דומה מבחינת סוג הנשק וחוסר תכנון משותף, שניהם נשקים מסוג רובה ציד וללא תכנון מוקדם. ההבדלים באמצעי (תיק 1: נשק מופרד מתחמושת + תחמושת זמינה; תיק 2: נשק תקול) צמצמו את הדמיון בפרקטיקה ובסיכון המעשי.

4. נסיבות הליבה — הבדלים מהותיים: בתיק 1 יש 75 כדורים ואחסנה גם ברכב, וכן מניע של עימות משפחתי — אלה נסיבות שמחמירות את הסיכון והענישה הצפויה. בתיק 2 נשק תקול ללא הצגת תחמושת, דבר שמקל מבחינת סכנה ממשית; לכן הנסיבות הליבה אינן תואמות.

5. ישימות כתקדים — כאמור יסודות החוק (אי-רשיון/אחזקת נשק מסוג מסוים, היעדר תכנון) רלוונטיים זה לזה ולכן פסיקה על יסוד מבנה עבירה דומה תוכל לשמש כהשוואה עניינית. אך בפסיקה לנקיטת סנקציות/ענישה בית המשפט יבחין בברור בין קיום תחמושת, נשיאה ברכב ומצב הנשק; כך שהתקדים שימושי רק באופן מוגבל בנושא אשמת יסוד ולא בענישה זהה.

SIMILARITY_SCORE: 60","ok",""
"ME-16-05-25902-514","ME-12-05-33444-999",3,1,1,"{""מספר עבירה"": ""144 א, 144 ב"", ""סוג עבירה"": ""החזקה נשק, נשיאת נשק"", ""סוג הנשק [אקדח]"": 1.0, ""סטטוס הנשק"": ""נשק עם מחסנית בהכנס"", ""תכנון"": ""לא"", ""אופן החזקת הנשק"": ""בבית, על גופו"", ""אופן קבלת הנשק"": ""רכש"", ""כמות תחמושת"": ""מחסנית ובה 7 כדורים"", ""מטרה-סיבת העבירה"": ""הגנה עצמית""}","{""מספר עבירה"": ""144 א"", ""סוג עבירה"": ""החזקה נשק"", ""סוג הנשק [אקדח]"": 1.0, ""סטטוס הנשק"": ""נשק עם מחסנית בהכנס"", ""תכנון"": ""לא"", ""אופן החזקת הנשק"": ""ברכב, מוסלק - מוסתר"", ""כמות תחמושת"": ""מחסנית ובה כדורים, מחסנית ובה כדורים, מחסנית ובה כדורים"", ""מטרה-סיבת העבירה"": ""הגנה עצמית""}",75.0,"1. סוג העבירה וחומרתה — שני התיקים שייכים לאותה משפחת עבירות נשק (החזקה/נשיאה), אך בתיק 1 יש גם סעיף נשיאה (144 ב) ולעתים החזקה על הגוף בבית תיחשב חמור יותר ממוסלק ברכב; הדמיון גבוה אך לא זהה.  
2. תפקיד הנאשם ומעורבותו — בשני המקרים מדובר בעל-חזק/מחזיק פעיל של נשק, לא סוחר/שליח; מעורבות פעילה ושווה מבחינת יזמות.  
3. שיטת הביצוע (MO) — שניהם אקדח עם מחסנית בהכנס וללא תכנון מוקדם, ושניהם מצוטטים במניע של הגנה עצמית; עם זאת ההבדל בהסתרה ברכב לעומת נשיאה על הגוף משפיע על אופיו של ה-MO.  
4. נסיבות הליבה — קיימים פערים משמעותיים: בתיק 1 מחסנית אחת (7 כדורים) ורכישה ידועה, בתיק 2 מספר מחסניות (יותר תחמושת) ומוסלק ברכב; הבדלים אלה קריטיים לענישה ולהערכת הסיכון.  
5. ישימות כתקדים — בית משפט ימצא התאמה משמעותית בעיקר בהיבט החוקי הבסיסי, אבל יגזור את העונש תוך התחשבות בכמות התחמושת, מקום ההסתרה והעובדה שתיק 1 כולל סעיף נשיאה נוסף; לכן רלוונטיות אך מותנית הבדלים עובדתיים.  

SIMILARITY_SCORE: 75","ok",""
"ME-15-08-44579-251","ME-14-12-6904-57",2,0,1,"{""מספר עבירה"": ""144 ב"", ""סוג עבירה"": ""נשיאת נשק"", ""סוג הנשק [אקדח]"": 1.0, ""סטטוס הנשק"": ""נשק מופרד מתחמושת"", ""תכנון"": ""לא"", ""אופן החזקת הנשק"": ""על גופו, מוסלק - מוסתר"", ""כמות תחמושת"": ""מחסנית ריקה ובה 0 כדורים""}","{""מספר עבירה"": ""144 ב"", ""סוג עבירה"": ""נשיאת נשק, הובלת נשק"", ""עבירות נוספות"": ""כן"", ""סוג הנשק [תת מקלע מאולתר]"": 1.0, ""סטטוס הנשק"": ""נשק מופרד מתחמושת"", ""תכנון"": ""כן"", ""אופן החזקת הנשק"": ""בבית, על גופו, מוסלק - מוסתר"", ""אופן קבלת הנשק"": ""רכש"", ""כמות תחמושת"": ""מחסנית וכדורים""}",40.0,"1. סוג העבירה וחומרתה — שניהם דומים מבחינת הסעיף המעורב (144ב נשיאת נשק), אך חומרת המקרה שונה: תיק 2 כולל נשק כבד יותר/מאולתר, תחמושת בפועל ועבירות נלוות, ולכן משקל הענישה והסיכון גבוהים משמעותית ביחס לתיק 1. מסקנה: אותו סוג פורמאלי של עבירה אך רמת חומרה שונה.

2. תפקיד הנאשם ומעורבותו — בתיק 1 הנאשם נראה כ""נשא"" פסיבי (נשק מוסלק על הגוף, ללא תכנון), בעוד שבתיק 2 קיימת מעורבות יזומה: רכישה, אחסנה והובלה — מעורבות פעילה ותכליתית. מסקנה: שונות מהותית במידת היזום והמעורבות.

3. שיטת הביצוע (MO) — קיים דמיון מסוים (הסתרה על הגוף; בכל העתק הנשק מופרד מתחמושת), אך תיק 2 מורכב יותר (אחסון בבית, הובלה, נשק מסוג שונה ועמוס תחמושת). מסקנה: חלקי דמיון בשיטה (הסתרה) אבל שונות מהותית בפרטים והיקף.

4. נסיבות הליבה — הבדלים מהותיים: בתיק 1 מחסנית ריקה ואפס כדורים, אין תכנון; בתיק 2 מחסנית וכדורים בפועל, רכש ותכנון, נשק תת־מקלע מאולתר ועבירות נוספות — נסיבות מחמירות בתיק 2. מסקנה: שונות מהותית בנסיבות הליבה.

5. ישימות כתקדים — בית משפט יכול להפנות לפסיקה על עיקרון עבירה לפי 144ב, אבל ההבחנות בנסיבות (סוג הנשק, תחמושת, תכנון, עבירות נלוות) יגבילו את משקל התיק 1 כתקדים בענישה או בסיקול עובדות. מסקנה: רלוונטיות מוגבלת; לא תקדים מחייב בענישה.

SIMILARITY_SCORE: 40","ok",""
"ME-17-05-633-549","ME-16-03-54615-517",2,0,1,"{""מספר עבירה"": ""144 א, 144 ב"", ""סוג עבירה"": ""החזקה נשק, סחר בנשק"", ""סוג הנשק [אקדח]"": 1.0, ""סוג הנשק [תת מקלע מאולתר]"": 1.0, ""סטטוס הנשק"": ""נשק מופרד מתחמושת"", ""תכנון"": ""כן"", ""אופן החזקת הנשק"": ""מוסלק - מוסתר"", ""אופן קבלת הנשק"": ""רכש"", ""כמות תחמושת"": ""2 מחסניות, מאות כדורים, 2 מחסניות ריקה ובה 0 כדורים"", ""מטרה-סיבת העבירה"": ""בצע כסף""}","{""מספר עבירה"": ""144 ב"", ""סוג עבירה"": ""סחר בנשק"", ""סוג הנשק [תת מקלע]"": 1.0, ""סטטוס הנשק"": ""תקול"", ""תכנון"": ""כן"", ""מטרה-סיבת העבירה"": ""בצע כסף"", ""שימוש"": ""כן,ירי""}",70.0,"1. סוג העבירה וחומרתה — בשני התיקים קיים עיקר העבירה של סחר בנשק (144ב); תיק 1 כולל בנוסף החזקה (144א). מבחינת חומרה שניהם חמורים, אך תיק 2 חמור יותר בפועל בגלל ירי בפועל בעוד תיק 1 כולל שורה ארוכה של נשקים ותחמושת. מסקנה: דמיון גבוה מבחינת הסוג הכללי, אי־שוויון בחומרה בפועל.

2. תפקיד הנאשם ומעורבותו — בשני המקרים מופיעה מעורבות פעילה ותכנון למטרת רווח (סוחר/ממכר). אין אינדיקציה שמדובר בשליח פסיבי באף תיק. מסקנה: דמיון מהותי ברמת המעורבות והכוונה הפלילית.

3. שיטת הביצוע (MO) — בשני המקרים מדובר בסחר מתוכנן במטרה לכסף; לשניהם אמצעי נשק מסוג תת־מקלע (ובתיק 1 גם אקדח). הבדלים משמעותיים: בתיק 1 נשק מוסלק והחזקת תחמושת רבה; בתיק 2 הנשק דווח תקול אך שומש בירי — תבניות ביצוע שונות מבחינת שימוש בפועל. מסקנה: דמיון בינוני־גבוה ב־MO הכללי, אך שוני במאפייני הביצוע.

4. נסיבות הליבה — הבדלים מהותיים: תיק 1 מציין כמות תחמושת רבה, נשק מופרד מתחמושת, ואמצעי ההסלה והרכישה; תיק 2 כולל ירי בפועל ונשק ""תקול"" — גורם מחמיר אחר. גם סוגי הנשק חופפים חלקית. מסקנה: דמיון מתון אך ישנם נסיבות מחמירות/שונות שמבדילות בין התיקים.

5. ישימות כתק precedent — לשיקול בית המשפט יינתן משקל לעובדה שהעבירה המרכזית זהה (סחר נשק) ולתכנון והמניע הדומים; עם זאת, הבדלי חומרה (ירי בפועל בתיק 2, כמות תחמושת ונשק מרובים בתיק 1, עמדות החזקה שונות) יאפשרו הבחנה בענישה. מסקנה: רלוונטי כתקדים עקרוני אך לא זהה — ניתן להצביע עליו, אך הצדדים והבית משפט יבדילו לפי העבירות והנסיבות המחמירות.

SIMILARITY_SCORE: 70","ok",""
"ME-20-01-62688-591","ME-16-09-398-589",3,1,1,"{""מספר עבירה"": ""144 ב"", ""סוג עבירה"": ""נשיאת נשק, הובלת נשק"", ""עבירות נוספות"": ""כן"", ""סוג הנשק [אקדח]"": 1.0, ""סטטוס הנשק"": ""נשק עם כדור בקנה"", ""תכנון"": ""כן"", ""אופן החזקת הנשק"": ""ברכב, על גופו"", ""כמות תחמושת"": ""כדורים"", ""שימוש"": ""כן,ירי""}","{""מספר עבירה"": ""144 ב"", ""סוג עבירה"": ""נשיאת נשק"", ""עבירות נוספות"": ""כן"", ""סוג הנשק [אקדח]"": 1.0, ""סטטוס הנשק"": ""נשק עם כדור בקנה"", ""תכנון"": ""כן"", ""אופן החזקת הנשק"": ""על גופו"", ""מטרה-סיבת העבירה"": ""סכסוך"", ""שימוש"": ""כן,ירי""}",90.0,"1. סוג העבירה וחומרתה — שני התיקים עוסקים באותו סעיף (144ב) ובאותו סוג עבירה של נשיאת/הובלת נשק עם ירי; רמת החומרה זהה כי מדובר בנשק טעון ובשימוש בו. אין הבדל מהותי ברמת העבירה שמצדיק הבחנה עקרונית בין שני המקרים.

2. תפקיד הנאשם ומעורבותו — בשני המקרים המעורבות פעילה: נשיאה על הגוף ותפעול הנשק (ירי). לא ניכר הבדל של יזום מול שליח; שני הנאשמים נראים כפעילים ובעלי שליטה על הנשק, ולכן דמיון מלא בתחום זה.

3. שיטת הביצוע (MO) — דפוס הביצוע זהה: אקדח אחד, טעון עם כדור בקנה, תכנון והוצאה לפועל שכללה ירי. היחס היחידי שונה קלות הוא היות הנשק גם ברכב בתיק 1, אך זו וריאציה טכנית של אותה שיטה ולא שינוי מהותי.

4. נסיבות הליבה — כמויות ואופי הנשק, סטטוסו (טעון), תכנון ושימוש בפועל חופפים לחלוטין; בתיק 2 מצוין מניע (סכסוך) ובתיק 1 לא צויין מניע — זה יכול להשפיע על נסיבות מחמירות/מקלות, אך אינו משנה את ליבת העבירה. ההבדלים הקטנים (הובלה ברכב בתיק 1, פרטי עבירות נוספות שלא פורטו) הם שיפורים עובדתיים שעלולים להשפיע על ענישה נקודתית אך לא על ההשוואה המהותית.

5. ישימות כתקדים — בית משפט ימצא את התיקים רלוונטיים זה לזה לצורכי ענישה וטיעון ראייתי, משום שהיסודות העובדתיים והאחריות הפלילית תואמים במידה רבה. עם זאת ייבחנו הבדלים בנסיבות המחמירות (נוכחות ברכב, מניע, עבירות נוספות) כאשר יתנו פסק דין ענישה מדויק — ולכן מדובר בתקדים חזק אך לא זהה לחלוטין.

SIMILARITY_SCORE: 90","ok",""
"ME-16-06-42987-901","ME-16-06-44840-433",3,1,1,"{""מספר עבירה"": ""144 ב"", ""סוג עבירה"": ""נשיאת נשק"", ""עבירות נוספות"": ""כן"", ""סוג הנשק [רימון הלם/גז]"": 1.0, ""סטטוס הנשק"": ""תקול"", ""תכנון"": ""לא"", ""מטרה-סיבת העבירה"": ""סכסוך"", ""שימוש"": ""ניסיון לירי ללא הצלחה""}","{""מספר עבירה"": ""144 א, 144 ב"", ""סוג עבירה"": ""החזקה נשק, נשיאת נשק"", ""עבירות נוספות"": ""כן"", ""סוג הנשק [רימון הלם/גז]"": 1.0, ""סטטוס הנשק"": ""נשק מופרד מתחמושת"", ""תכנון"": ""כן"", ""אופן החזקת הנשק"": ""מוסלק - מוסתר"", ""מטרה-סיבת העבירה"": ""סכסוך"", ""שימוש"": ""זריקת רימון""}",70.0,"1. סוג העבירה וחומרתה — שני התיקים עוסקים באותה קטגוריית נשק (רימון הלם/גז) והם קשורים לעבירות נשיאה/החזקה; לכן מבחינת סוג העבירה יש התאמה מהותית. עם זאת בחומרה תיק 2 חמור יותר (תכנון, שימוש בזריקה) בעוד תיק 1 כולל נשק תקול וניסיון שימוש שלא הצליח, כך שהחומרה אינה זהה אך קרובה.

2. תפקיד הנאשם ומעורבותו — בשני המקרים הנאשמים מופיעים כמעורבים פעילים (החזקה/נשיאה ושימוש בפועל), לא כשליחים או מחזיקים פסיביים, וזה דומה מהותית. יתרה מזאת, תיק 2 מראה מעורבות מכוונת ומתוכננת יותר בעוד תיק 1 נראה פחות מתוכנן, כך שקיימת הפרדה במידת האשמה האישית.

3. שיטת הביצוע (MO) — הדפוס דומה בעקרון: נשיאה של רימון לשם שימוש בסכסוך. ההבדלים המהותיים הם שבתיק 1 הנשק תקול וניסיון הירי נכשל, ובתיק 2 הנשק הוסלק והושמש בזריקה בפועל; בנוסף בתיק 2 יש הסתרה ותכנון – שינויים טקטיים משמעותיים המשפיעים על הערכת הסיכון והכוונה הפלילית.

4. נסיבות הליבה — שני המקרים נחמדים באותו מוטיב (סכסוך) וסוג הנשק זהה, אבל נסיבות מחמירות בתיק 2 (תכנון, הסתרה, הפרדה מתחמושת ושימוש מוצלח), בעוד בתיק 1 יש הקלה יחסית (תקול, שימוש שנכשל). לכן יש חפיפה בעקרונות הנסיבתיים אך הבדלים מהותיים שמשפיעים על ענישה ואשמה.

5. ישימות כתקדים — בית משפט ימצא את התיק הראשון רלוונטי להשלכת עקרונות כלליים (אותו סוג נשק, מניע של סכסוך, שימוש/ניסיון), אך ירצה להבחין במצבים של תכנון, הסתרה ויעילות הנשק בעת קביעת חומרת הענישה. מסקנה: תקדים רלוונטי במישורים יסודיים, אך התאמות ענישה יסודיות יהיו דרושות.

SIMILARITY_SCORE: 70","ok",""
"ME-21-10-18557-340","SH-11-01-41775-497",1,0,0,"{""מספר עבירה"": ""144 א, 144 ב"", ""סוג עבירה"": ""החזקה נשק, נשיאת נשק, הובלת נשק"", ""עבירות נוספות"": ""כן"", ""סוג הנשק [תת מקלע מאולתר]"": 1.0, ""סטטוס הנשק"": ""נשק עם כדור בקנה"", ""תכנון"": ""לא"", ""אופן החזקת הנשק"": ""בבית, ברכב, על גופו"", ""כמות תחמושת"": ""מחסנית ולכל הפחות שני כדורים"", ""מטרה-סיבת העבירה"": ""סכסוך"", ""שימוש"": ""כן,ירי""}","{""מספר עבירה"": ""144 א, 144 ב"", ""סוג עבירה"": ""החזקה נשק"", ""סוג הנשק [אקדח]"": 1.0, ""סטטוס הנשק"": ""נשק מופרד מתחמושת"", ""תכנון"": ""לא"", ""אופן החזקת הנשק"": ""בבית, ברכב"", ""כמות תחמושת"": ""מחסנית, 34 כדורים""}",60.0,"1. סוג העבירה וחומרתה — שניהם נידונים על יסוד סעיפים דומים (144א/144ב) של החזקה ונשיאה/הובלה של נשק, אך חומרת התיק 1 גבוהה משמעותית: נשק מסוג תת‑מקלע מאולתר, נשק טעון, שימוש בירי ועבירות נוספות מול תיק 2 שבו מדובר בהחזקה בלבד של אקדח מופרד מתחמושת. מבחינה ענישתית התיקים אינם זהים; הם שייכים לאותו תחום אבל ברמות חומרה שונות.

2. תפקיד הנאשם ומעורבותו — בשני התיקים הנאשם משמש כ""מחזיק/נושא"" של נשק ולא כזמם בהכרח סוחר או שליח; כלומר התפקיד התיאורטי דומה (החזקה והובלה). עם זאת, בתיק 1 המעורבות פעילה יותר (נשיאה על הגוף, שימוש בפועל) בעוד שבתיק 2 המעורבות סטאטית ופחות אקטיבית.

3. שיטת הביצוע (MO) — יש חפיפה חלקית: אחסון/הובלה בבית וברכב בשניהם. ההבדלים מהותיים בשיטת ההחזקה והשימוש — בתיק 1 נשק טעון וירי בפועל, בתיק 2 הנשק מופרד מתחמושת ולא נעשה שימוש — כך שהדפוס הכללי שונה בפרקטיקה ובסיכון הנשק.

4. נסיבות הליבה — שונות מהותית: סוג נשק (תת‑מקלע מאולתר מול אקדח), סטטוס תחמושת (טעון מול מופרד), שימוש בירי ושאיפות סכסוכיות בתיק 1 מול היעדר שימוש ועניין לא ידוע בתיק 2; אף שמספר תחמיות בתיק 2 גדול יותר, אלה לא מאזנות את המשקל של ירי ושימוש בנשק בתיק 1. הבדלים אלו מקשים על התאמת נסיבות ענישה באופן ישיר.

5. ישימות כתקדים — התיק 2 יכול להוות תקדים רלוונטי למוקדי היסוד הראייתיים של עבירות החזקה/הובלה (אחזקת נשק בבית/ברכב, היקף תחמושת), אך יעילותו כתקדים לענישה לתיק 1 מוגבלת בשל השימוש בפועל, טעינת הנשק וסיווגו כתת‑מקלע מאולתר ועבירות נוספות. בתי משפט יסתכלו על תיק 2 כנקודת ייחוס חלקית אך לא כתיק שקובע טווח ענישה עיקרי לתיק 1.

SIMILARITY_SCORE: 60","ok",""
"ME-16-06-42987-901","ME-14-10-31218-522",1,0,0,"{""מספר עבירה"": ""144 ב"", ""סוג עבירה"": ""נשיאת נשק"", ""עבירות נוספות"": ""כן"", ""סוג הנשק [רימון הלם/גז]"": 1.0, ""סטטוס הנשק"": ""תקול"", ""תכנון"": ""לא"", ""מטרה-סיבת העבירה"": ""סכסוך"", ""שימוש"": ""ניסיון לירי ללא הצלחה""}","{""מספר עבירה"": ""144 א"", ""סוג עבירה"": ""החזקה נשק"", ""סוג הנשק [רימון הלם/גז]"": 1.0, ""תכנון"": ""לא"", ""אופן החזקת הנשק"": ""על גופו, סמוך לבית"", ""שימוש"": ""זריקת רימון""}",70.0,"1. סוג העבירה וחומרתה — שני התיקים עוסקים בנשק מסוג רימון הלם/גז, אך תיוג העבירה שונה: תיק 1 בגדר נשיאה/שימוש (144ב) עם ניסיון ירי, תיק 2 בגדר החזקה (144א) עם שימוש ממשי (זריקה). השימוש הממשי בתיק 2 מרמז על חומרה מעשית גבוהה יותר, ולכן אינם זהים ברמת העונש הצפויה.

2. תפקיד הנאשם ומעורבותו — בשני המקרים מדובר בפעילות של העבריין עצמו (הנשיאה והניסיון לירי בתיק 1; החזקה על הגוף וזריקה בתיק 2), לא שליח או מחזיק פסיבי. מבחינת מעורבות מדובר בשתיהן מעורבות פעילה ולא פסיבית, דבר שמקרב בין התיקים.

3. שיטת הביצוע (MO) — שיטות הדכא דומות במובהק: נשיאת רימון והפעלתו בנקודת קונפליקט; ההבדל המהותי הוא שהתיק 1 הצביע על כישלון (נשק תקול/ניסיון ירי לא הצליח) בעוד בתיק 2 התקיים שימוש מוצלח (זריקה). לכן ה‑MO קרוב אך לא זהה.

4. נסיבות הליבה — קווי הדמיון חזקים (אותו סוג נשק, חוסר תכנון, מעורבות בעימות), אך קיימים הבדלים מהותיים: סטטוס הנשק (תקול בתיק 1), תוצאות מעשיות שונות (ניסיון כושל מול זריקה שבוצעה), ומיקום/אופן ההחזקה (על הגוף סמוך לבית בתיק 2). נסיבות מחמירות/מקלות אינן תואמות לחלוטין ולכן דמיון חלקי.

5. ישימות כתקדים — בית המשפט ימצא רלוונטיות כללית בין התיקים כיוון שמדובר באותם סוגי כלי נשק ובמעשים אלימים דומים, אבל גבולות הדין שונים (הבחנה בין החזקה לנשיאה/שימוש, וההבדל בין ניסיון לכשירה בפועל) כך שבית המשפט לא יראה את התיקים כזהים וייקח בחשבון הבדלים בחומרת העבירה ובתוצאות. לכן תקדים כן רלוונטי למטרות כלליות של ענישה והבחנה בעונש, אך אינו מוחלט.

SIMILARITY_SCORE: 70","ok",""
"ME-18-05-32659-754","ME-15-02-9111-399",1,0,0,"{""מספר עבירה"": ""144 ב"", ""סוג עבירה"": ""נשיאת נשק, הובלת נשק"", ""עבירות נוספות"": ""כן"", ""סוג הנשק [תת מקלע מאולתר]"": 1.0, ""סוג הנשק [רימון הלם/גז]"": 1.0, ""סטטוס הנשק"": ""נשק מופרד מתחמושת"", ""תכנון"": ""לא"", ""אופן החזקת הנשק"": ""ברכב"", ""כמות תחמושת"": ""מחסנית ריקה ובה 0 כדורים, 9 כדורים, 10 כדורים""}","{""מספר עבירה"": ""144 א, 144 ב"", ""סוג עבירה"": ""החזקה נשק, נשיאת נשק"", ""סוג הנשק [אקדח]"": 1.0, ""סטטוס הנשק"": ""נשק מופרד מתחמושת"", ""תכנון"": ""לא"", ""אופן החזקת הנשק"": ""על גופו"", ""כמות תחמושת"": ""מחסנית ובה 13 כדורים""}",60.0,"1. סוג העבירה וחומרתה — שניהם עבירות נשק (144א/144ב), כלומר מאותו תחום משפטי, אך לא באותו דרג חומרה: תיק 1 כולל תת‑מקלע מאולתר ורימון הלם/גז ועבירות נוספות, דבר שמגביר את חומרת המעשה ביחס לתיק 2 שבו מדובר באקדח בודד. מסקנה: סוג זהה במובן העקרוני, אך חומרת תיק 1 גבוהה משמעותית. 

2. תפקיד הנאשם ומעורבותו — בשני התיקים מדובר בהחזקה/נשיאה של נשק על ידי הנאשם (אקטיבית ולא רק אחיזה שלישי), כלומר מעורבות פעילה ואנחנו לא בעסקת סחר/היענות כשליח בלבד. הבדל מעשי: נשיאה על הגוף (תיק 2) יכולה להעיד על מוכנות מיידית לשימוש בעוד נשיאה ברכב (תיק 1) מסוגלת להצביע על היקשרות שונה מפני שטח/העברה, אך מבחינה תפקידית שניהם בעלים/נשאים פעילים. 

3. שיטת הביצוע (MO) — יש דמיון בסיסי (החזקת נשק לא חוקית) אך שיטות שונות: נשק מאולתר ורימון בתיק 1 מול אקדח על הגוף בתיק 2; אחסון ברכב מול על הגוף. לכן דפוסי סיכונים ואופני ההסתתרות/הולכה שונים והדמיון ביניהם בינוני בלבד. 

4. נסיבות הליבה — הבדלים מהותיים: בתיק 1 מספר סוגי נשק, רימון ומחסניות שונות (מראים סכנה גבוהה יותר) ועבירות נוספות; בתיק 2 אקדח יחיד עם מחסנית מלאה. בשני התיקים אין תכנון, אך נפח הנשק ואופי הכלים בתיק 1 מהווים נסיבות מחמירות שאין בתיק 2. 

5. ישימות כתקדים — עקרונות משפטיים כלליים (מהי החזקה/נשיאה, משמעות הפרדת נשק ותחמושת, דרגת אשמה בסיסית) יהיו רלוונטיים בין התיקים, אך הבדלי סוג הנשק, מספר הכלים ונסיבות המחמירות בתיק 1 מפחיתים את היישום הישיר של פסיקה מתיק 2 לגבי ענישה. לכן תקדים מתיק 2 יהיה רלוונטי באופן חלקי בלבד. 

SIMILARITY_SCORE: 60","ok",""
"ME-16-05-336-804","ME-16-11-69158-529",2,0,1,"{""מספר עבירה"": ""144 ב"", ""סוג עבירה"": ""נשיאת נשק, הובלת נשק"", ""סוג הנשק [תת מקלע מאולתר]"": 1.0, ""סטטוס הנשק"": ""נשק מופרד מתחמושת"", ""תכנון"": ""לא"", ""אופן החזקת הנשק"": ""ברכב, על גופו"", ""כמות תחמושת"": ""2 מחסניות ריקות ובהן 0 כדורים, 26 כדורים"", ""שימוש"": ""ניסיון לירי ללא הצלחה""}","{""מספר עבירה"": ""144 ב"", ""סוג עבירה"": ""נשיאת נשק"", ""עבירות נוספות"": ""כן"", ""סוג הנשק [תת מקלע]"": 1.0, ""סטטוס הנשק"": ""נשק עם כדור בקנה"", ""תכנון"": ""כן"", ""אופן החזקת הנשק"": ""בבית, ברכב, מוסלק - מוסתר, סמוך לבית"", ""מטרה-סיבת העבירה"": ""חתונה"", ""שימוש"": ""כן,ירי""}",65.0,"1. סוג העבירה וחומרתה — שני התיקים נופלים תחת אותה הוראה (סעיף 144ב) והם עבירות נשק חמורות; עם זאת, חומרת תיק 2 גבוהה משמעותית (נשק טעון וירי בפועל ותכנון ועבירות נוספות) בעוד תיק 1 כולל נשק מופרד מתחמושת וניסיון ירי כושל. לכן מבחינת סוג הם דומים, אך מבחינת חומרה יש שונות מהותית שמפחיתה דמיון ענייני.

2. תפקיד הנאשם ומעורבותו — בשני התיקים הנאשם/החזיק פעיל בנשק ובשני המקרים נראות מעורבות פעילה (תיק 1: החזקת הנשק וניסיון ירי; תיק 2: החזקה מתוכננת ושימוש בפועל). על כן מבחינת מעורבות התיקים קרובים יחסית, אם כי בתיק 2 המעורבות נראית מתוכננת ורחבה יותר.

3. שיטת הביצוע (MO) — שתי התיקים כוללים נשק מסוג תת־מקלע ונשיאה/החבאה ברכב/מקום מגורים; עם זאת, תיק 2 מציין הסתרה במספר מקומות ותכנון לקראת אירוע (חתונה), ופגעה בפועל באמצעות ירי, בעוד תיק 1 לא תכנן והירי נכשל. הדמיון בשיטה קיים ברמת ההחזקה והסוג אך שוני משמעותי בסגנון ההסתרה והתכנון.

4. נסיבות הליבה — הבדלים מהותיים: תיק 2 נשק טעון עם כדור בקנה, ירי בפועל ותכנון/מטרה חברתית/אירועית ועבירות נוספות; תיק 1 נשק מופרד מתחמושת, כמות ידועה של כדורים ומחסניות ריקות וניסיון ירי שלא הצליח. ההבדלים בטעינות, שימוש בפועל ובתכנון יוצרים פער מהותי בנסיבות המחמירות/מקלות.

5. ישימות כתקדים — בית משפט עשוי להתחשב בתיק 2 כתקדים בענישה של תיק 1 רק במובן הרחב (אותה הוראה ושימוש בתת־מקלע), אך ההבדלים בחומרה (ירי בפועל, טעינה, תכנון, עבירות נוספות) מקטינים את ישימותו כתקדים ענייני ישיר לצורך קביעת ענישה. משכך, התיקים רלוונטיים זה לזה כבסיס השוואתי, אך לא זהים ויש ליישם התאמות משמעותיות בענישה.

SIMILARITY_SCORE: 65","ok",""
"SH-17-10-10556-234","m07001074-98",2,0,1,"{""מספר עבירה"": ""144 א"", ""סוג עבירה"": ""החזקה נשק, עבירות אחרות"", ""סוג הנשק [אקדח]"": 1.0, ""סטטוס הנשק"": ""נשק עם מחסנית בהכנס"", ""תכנון"": ""לא"", ""אופן החזקת הנשק"": ""מוסלק - מוסתר, סמוך לבית"", ""כמות תחמושת"": ""מחסנית ובה 10 כדורים, מחסנית ריקה ובה 0 כדורים""}","{""מספר עבירה"": ""144 א"", ""סוג עבירה"": ""החזקה נשק"", ""סוג הנשק [תת מקלע]"": 1.0, ""סטטוס הנשק"": ""נשק מפורק"", ""תכנון"": ""לא"", ""אופן החזקת הנשק"": ""בבית, מוסלק - מוסתר"", ""אופן קבלת הנשק"": ""מצא"", ""כמות תחמושת"": ""2 מחסניות ריקות ובהן 0 כדורים""}",75.0,"1. סוג העבירה וחומרתה — שני התיקים עוסקים באותה עבירה לפי סעיף 144א (החזקה נשק) ולכן מבחינת סוג העבירה הם דומים מהותית; עם זאת סוג הנשק שונה (אקדח מול תת‑מקלע) וזו השפעה מהותית על חומרה, ובנוסף בתיק 1 יש תחמושת חיה בתת היחס שמגבירה את המסוכנות. בסיכום: סוג זהה אך חומרה יחסית שונה בפרטי הנשק והתחמושת.

2. תפקיד הנאשם ומעורבותו — בשני המקרים מדובר בהחזקה פסיבית, מוסלקת בבית, ללא תכנון או פעילות יזומה (לא סוחר/שליח) ולכן דמיון גבוה בתפקיד ובמידת המעורבות הפלילית. אין אינדיקציה לשותפים או לפעולה פעילה שמבדילה בין התיקים.

3. שיטת הביצוע (MO) — דפוס ביצוע קרוב: נשק מוסלק/מוסתר בבית, ללא תכנון מוקדם. ההבדל בסטטוס הנשק (מפורק לעומת מנעול עם מחסנית טעונה) משפיע על אופיו של ה‑MO אבל העקרון הפעולה — החזקה נסתרת בבית — דומה מאוד.

4. נסיבות הליבה — כאן יש הבדלים מהותיים: בתיק 1 נשק בפעיל עם מחסנית ובה 10 כדורים, בתיק 2 נשק מפורק ושתי מחסניות ריקות; סוג הנשק שונה (אקדח מול תת‑מקלע) וגם בתיק 2 נאמר שנמצא (אופן קבלה) מה שיכול להקל. הבדלים אלה משפיעים ישירות על הערכת המסוכנות והענישה ולכן הדמיון נמוך יותר בנסיבות הליבה.

5. ישימות כתקדים — בית משפט ימצא ערך תקדימי משמעותי בנסיבות של החזקה מוסלקת בבית ללא תכנון (רלוונטי בנושאי יסוד עבירה והיקף אחריות), אך יכוף התאמות בענישה בעקבות הבדלים בסוג הנשק, בסטטוס התחמושת ובנסיבות המציאה/החזקת הנשק. לכן התיק עשוי לשמש תקדים ענייני אך לא זהה; יש צורך בהתאמות ענישה ונסיבות.

SIMILARITY_SCORE: 75","ok",""
"SH-19-07-60805-168","ME-14-10-31218-522",1,0,0,"{""מספר עבירה"": ""144 א"", ""סוג עבירה"": ""החזקה נשק"", ""סוג הנשק [אקדח]"": 1.0, ""סטטוס הנשק"": ""נשק עם מחסנית בהכנס"", ""תכנון"": ""לא"", ""אופן החזקת הנשק"": ""ברכב, מוסלק - מוסתר"", ""כמות תחמושת"": ""מחסנית ובה 10 כדורים""}","{""מספר עבירה"": ""144 א"", ""סוג עבירה"": ""החזקה נשק"", ""סוג הנשק [רימון הלם/גז]"": 1.0, ""תכנון"": ""לא"", ""אופן החזקת הנשק"": ""על גופו, סמוך לבית"", ""שימוש"": ""זריקת רימון""}",40.0,"1. סוג העבירה וחומרתה — שתיהן עבירת החזקה לפי סעיף 144א (אותו מספר עבירה), לכן מבחינת המסגרת החוקית מדובר באותו סוג עבירה; עם זאת חומרת המעשה שונה: החזקת אקדח טעון שונה ברמת הסיכון ובאופי הפוטנציאל הנזקי מרימון שהושלך בפועל, כך שקיימת דמיון פורמלי אך פער ממשי בחומרה.  

2. תפקיד הנאשם ומעורבותו — בתיק 1 הנאשם מצוי כ""מחזיק"" פסיבי (נשק מוסלק ברכב), בעוד בתיק 2 יש מעורבות פעילה של השלכה/שימוש; זו שונות מהותית בעמדה האשמתית ובדרגת האשמה צפויה.  

3. שיטת הביצוע (MO) — המודוס אופראנדי שונה: החבאה במכונית לעומת החזקת הנשק על הגוף וזריקה בפועל; השיטות אינן דומות בשיקולי סיכון לציבור ובכוונה פועלת.  

4. נסיבות הליבה — תכנון חסר בשני התיקים הוא נקודת דמיון מקילה, אך הבדלים משמעותיים בכמות/מצב הנשק (אקדח עם מחסנית ו-10 כדורים מול רימון שפוצץ/הושלך), שימוש בפועל וחשש לנזק וסיכון לשוהים בקרבת מקום — אלה נסיבות מחמירות בתיק 2.  

5. ישימות כתקדים — ישנו ערך תקדימי חלקי מבחינת פרשנות סעיף 144א ואלמנטים בסיסיים של החזקת נשק, אך ההבדלים בעובדות המהותיות (שימוש בפועל, סוג הנשק וסיכון מיידי) יגבילו מאוד את ישימותו של תיק 1 כתקדים בענישה לתיק 2; בתי משפט יראו רלוונטיות חלקית אך לא דיוק מוחלט.  

SIMILARITY_SCORE: 40","ok",""
"ME-16-06-44840-433","SH-11-05-24791-315",1,0,0,"{""מספר עבירה"": ""144 א, 144 ב"", ""סוג עבירה"": ""החזקה נשק, נשיאת נשק"", ""עבירות נוספות"": ""כן"", ""סוג הנשק [רימון הלם/גז]"": 1.0, ""סטטוס הנשק"": ""נשק מופרד מתחמושת"", ""תכנון"": ""כן"", ""אופן החזקת הנשק"": ""מוסלק - מוסתר"", ""מטרה-סיבת העבירה"": ""סכסוך"", ""שימוש"": ""זריקת רימון""}","{""מספר עבירה"": ""144 א"", ""סוג עבירה"": ""החזקה נשק"", ""סוג הנשק [אקדח]"": 1.0, ""סטטוס הנשק"": ""נשק מופרד מתחמושת"", ""תכנון"": ""לא"", ""אופן החזקת הנשק"": ""בבית"", ""אופן קבלת הנשק"": ""מאחר"", ""כמות תחמושת"": ""2 מחסניות""}",30.0,"1. סוג העבירה וחומרתה — למרות ששני התיקים עוסקים בהחזקה/נשיאת נשק תחת אותם דיני נשק, מדובר בסוגי נשק שונים ובדרגות חומרה שונות: רימון שנזרק (תכנון ושימוש) עולה משמעותית בחומרה על החזקת אקדח בבית שלא נעשה בו שימוש. אם כי מבחינת ניסוח העבירות (סעיף 144א וכו') יש חפיפה פורמלית, ההבדל בחומרה מהותי.  

2. תפקיד הנאשם ומעורבותו — בתיק 1 המעורבות פעילה ויזמית (תכנון, הסתרה, שימוש בפועל); בתיק 2 המעורבות פסיבית יותר (אחזקת נשק בבית, ללא תכנון ושימוש). מעורבות שונה משפיעה מאוד על אשמה ועונש.  

3. שיטת הביצוע (MO) — שיטות ביצוע שונות: תיק 1 מוסלק/מוסתר ומכוון לשימוש תקיפתי (זריקה), תיק 2 נשמר בבית, ללא תכנון ועם קבלת הנשק כמידה מאוחרת/לא יזומה. רק העובדה ששניהם נשק אישי אינה יוצרת דמיון מהותי ב‑MO.  

4. נסיבות הליבה — פערים משמעותיים: שימוש בפועל, תכנון וסכסוך כמניע בתיק 1; בתיק 2 אין תכנון ושימוש, ולעתים נוכחות תחמושת אף מבליטה אופי אחזקתי שונה. נקודת דמיון מצומצמת: בשניהם הוזכר מצב של ""נשק מופרד מתחמושת"", אך פרט לכך נסיבות כמות/סוג הנשק והנזק הפוטנציאלי שונים.  

5. ישימות כתקדים — בית משפט יקבל שחלק מהעקרונות החוקיים (יישום סעיפי החוק, הגדרת אחזקה/נשיאה) רלוונטיים לשניהם, אבל בנושאים של ענישה ומדיניות סנקציה תיק 1 ככל הנראה ייחשב מחמיר משמעותית ולא ישמש כתקדים ענייני אמין לתיק 2. סיכוי גבוה שבית משפט יתייחס לתיק 1 כהשוואה רק בצד התיאורטי, ולא כתקדים ענישתי שמחייב עיצוב עונש זהה.  

SIMILARITY_SCORE: 30","ok",""
"ME-16-08-229-604","ME-16-05-19384-544",1,0,0,"{""מספר עבירה"": ""144 א, 144 ב"", ""סוג עבירה"": ""החזקה נשק, נשיאת נשק, ייצור נשק"", ""עבירות נוספות"": ""כן"", ""סוג הנשק [אקדח]"": 1.0, ""סוג הנשק [בקבוק תבערה]"": 1.0, ""סוג הנשק [רובה סער ]"": 1.0, ""סטטוס הנשק"": ""נשק עם כדור בקנה"", ""תכנון"": ""כן"", ""אופן החזקת הנשק"": ""בבית, ברכב, מוסלק - מוסתר"", ""אופן קבלת הנשק"": ""מאחר"", ""מטרה-סיבת העבירה"": ""פיגוע"", ""שימוש"": ""כן,ירי""}","{""מספר עבירה"": ""144 א, 144 ב"", ""סוג עבירה"": ""נשיאת נשק, סחר בנשק"", ""עבירות נוספות"": ""כן"", ""סוג הנשק [תת מקלע]"": 1.0, ""סוג הנשק [רובה סער ]"": 1.0, ""סטטוס הנשק"": ""נשק עם כדור בקנה"", ""תכנון"": ""כן"", ""אופן החזקת הנשק"": ""על גופו, מוסלק - מוסתר, סמוך לבית"", ""אופן קבלת הנשק"": ""רכש"", ""כמות תחמושת"": ""10 כדורים"", ""מטרה-סיבת העבירה"": ""בצע כסף"", ""שימוש"": ""כן,ירי""}",65.0,"1. סוג העבירה וחומרתה — שני התיקים עוסקים בעבירות נשק (144א/144ב) ונשק טעון + שימוש בירי, ולכן מבחינת יסוד העבירות והחומרה הציבורית יש חפיפה משמעותית. עם זאת בתיק 1 יש ייצור ונשק נוסף ואופי המעשה (פיגוע) שמגבירים את חומרת המקרה מעבר לעבירות סחר/החזקה בתיק 2. 

2. תפקיד הנאשם ומעורבותו — בשני התיקים המעורבות פעילה (נשיאת נשק, ירי), כלומר לא מדובר בהחזקה פסיבית או בשולח בלבד; זה קרוב מבחינת רמת מעורבות. יחד עם זאת בתיק 1 נראה תפקיד של יזום/יצרן/מבצע פוגע בעוד בתיק 2 יש מרכיב סחר/רכש לצד נשיאה, ולכן התפקידי האשמה שונים במידת האחריות והיוזמה.

3. שיטת הביצוע (MO) — קווי דמיון בולטים: תכנון, הסתרת נשק, נשק טעון ושימוש בירי — דפוס ביצועי קרוב מאוד. הבדלים טכניים (נשיאת על הגוף מול אחסון בבית/ברכב, סוגי נשק שונים) קיימים אך אינם הופכים את ה-MO לבלתי דומים מבחינת פרספקטיבה שיפוטית.

4. נסיבות הליבה — יש הבדלים מהותיים: מניע פיגוע לעומת מניע לרווח, ייצור נשק מול רכש/סחר, סוגים מרובים של נשק כולל בקבוק תבערה בתיק 1 וכמות תחמושת מפורשת בתיק 2. אלה נסיבות מחמירות/מאפייני רקע שמשפיעים עמוקות על ענישה והערכת הסיכון, ולכן מצביעות על שונות מהותית.

5. ישימות כתק precedent — בית משפט ימצא שחלק מהעקרונות ועמודי התווך (החזקה נשיאה טעינה ושימוש בירי, תכנון והסתרה) רלוונטיים לשני התיקים ויהוו מסגרת משווה. עם זאת שוני המניע (פיגוע), ייצור מול סחר והיקף הנשק יגבילו את תוקף ההשוואה; התיק ייחשב כרלוונטי במרכיבי היסוד אך ישונה בהסתמך על נסיבות מחמירות במידה ניכרת.

SIMILARITY_SCORE: 65","ok",""
"ME-16-02-18397-87","ME-20-01-62688-591",1,0,0,"{""מספר עבירה"": ""144 ב"", ""סוג עבירה"": ""נשיאת נשק, הובלת נשק"", ""עבירות נוספות"": ""כן"", ""סוג הנשק [אקדח]"": 1.0, ""סטטוס הנשק"": ""תקול"", ""תכנון"": ""לא"", ""אופן החזקת הנשק"": ""ברכב, על גופו, מוסלק - מוסתר"", ""כמות תחמושת"": ""כדורים""}","{""מספר עבירה"": ""144 ב"", ""סוג עבירה"": ""נשיאת נשק, הובלת נשק"", ""עבירות נוספות"": ""כן"", ""סוג הנשק [אקדח]"": 1.0, ""סטטוס הנשק"": ""נשק עם כדור בקנה"", ""תכנון"": ""כן"", ""אופן החזקת הנשק"": ""ברכב, על גופו"", ""כמות תחמושת"": ""כדורים"", ""שימוש"": ""כן,ירי""}",63.0,"1. סוג העבירה וחומרתה  
שני התיקים נושאים את אותה תווית חוקית (עבירות נשיאת/הובלת נשק לפי 144ב) ולכן מבחינת סוג העבירה קיימת חפיפה מהותית. עם זאת חומרת המעשה בתיק 2 גבוהה יותר (נשק טעון וירי) בעוד שבתיק 1 הנשק תקול, כך שהדמיון בחומרה ביניהם מוגבל.  

2. תפקיד הנאשם ומעורבותו  
בשני המקרים הנאשם מופיע כנושא הנשק/מוביל הנשק ולא כצד שלישי זניח, כלומר מעורבות ישירה בשמירה/הובלה. עם זאת בתיק 2 המעורבות פעילה יותר (נורת ירי ותכנון) ואינה זהה למעורבות הפסיבית יותר שבתיק 1.  

3. שיטת הביצוע (MO)  
קיים דמיון בפן המבצעי הבסיסי — נשיאה/הובלה ברכב ועל הגוף בשני המקרים, אך שוני משמעותי בשימוש באמצעים: בתיק 1 הנשק מוסלק/תקול, בתיק 2 הנשק טעון ויורו בו לאחר תכנון. לכן דפוס הביצוע חלקית דומה אך שונים במהות.  

4. נסיבות הליבה  
הבדלים מהותיים: בתיק 2 נשק עם כדור בקנה, תכנון וירי — נסיבות מחמירות שהופכות את המעשה למסוכן הרבה יותר; בתיק 1 הנשק תקול ומוסלק, ללא תכנון וללא ירי. אלו נסיבות ליבה שמקטינות את הדמיון מאוד.  

5. ישימות כתקדים  
בית משפט ימצה כי שני התיקים רלוונטיים ברמה החוקית הכוללת (סעיף זהה) אך לא זהים בעונש ותנאי ענישה עקב המבחנים המחמירים בתיק 2 והקלים יחסית בתיק 1. לפיכך תיק 1 יכול לשמש כהפניה מסוימת אך לא כתקדים שיפוטי קובע עבור תוצאות ענישה בתיק 2.  

SIMILARITY_SCORE: 63","ok",""
"sh-10-05-7434-952","ME-15-06-12109-344",1,0,0,"{""מספר עבירה"": ""144 א"", ""סוג עבירה"": ""החזקה נשק"", ""סוג הנשק [אקדח]"": 1.0, ""סטטוס הנשק"": ""נשק מפורק"", ""תכנון"": ""לא"", ""אופן החזקת הנשק"": ""בבית, מוסלק - מוסתר""}","{""מספר עבירה"": ""144 ב"", ""סוג עבירה"": ""נשיאת נשק, הובלת נשק"", ""סוג הנשק [אקדח]"": 1.0, ""סטטוס הנשק"": ""תקין"", ""תכנון"": ""כן"", ""אופן החזקת הנשק"": ""ברכב, מוסלק - מוסתר""}",60.0,"1. סוג העבירה וחומרתה — שתי התיקים הם עבירות נשק תחת אותן הוראות עיקריות, אך סעיף 144ב (נשיאה/הובלה) נחשב בדרך כלל לחמור יותר מאחזקה בבית לפי 144א. לכן יש זהות תיאורטית בסוג העבירה אך הבדל ברמת חומרה שמטה את המידה כלפי תיק 2.

2. תפקיד הנאשם ומעורבותו — בשני המקרים הנאשם הוא בעל/מחזיק נשק; בתיק 1 זה מחזיק סטטי ובתיק 2 מעורבות פעילה (נשיאה/הובלה) ויזמות (תכנון). משמעותית מבחינת אחריות פלילית: תיק 2 מציג מעורבות פעילה יותר.

3. שיטת הביצוע (MO) — שניהם מוסתרים ומדובר באותו סוג נשק (אקדח) כך שקווי ה‑MO דומים (הסתרה של אקדח). עם זאת, מצב הנשק שונה (מפורק לעומת תקין) וזה משנה את מידת הסכנה והאפשרות לשימוש מידי.

4. נסיבות הליבה — קיימים הבדלים מהותיים: בתיק 2 יש תכנון, נשק תקין וחשיפה ציבורית ברכב — נסיבות מחמירות לעומת נשק מפורק ומחזקה בבית בתיק 1. הכמות זהה (אקדח אחד), אך סטטוס הנשק, התכנון והמיקום מטילים משקל שונה על האשמה והעונש.

5. ישימות כתקדים — בית משפט יראה עלויות של דמיון (אותו סוג נשק, הסתרה), ולכן חלקים מעקרונות פסקי דין לגבי סכנה, הסתרה ואמירה עובדתית יהיו רלוונטיים, אך מבחינת ענישה ותיקון העובדות התיקים לא זהים ותקדים על 144א לא יחול ישירות על תיק 144ב בלי התאמות. כלומר רלוונטיות חלקית ומותנית.

SIMILARITY_SCORE: 60","ok",""
"ME-16-06-44840-433","SH-09-05-9349-998",1,0,0,"{""מספר עבירה"": ""144 א, 144 ב"", ""סוג עבירה"": ""החזקה נשק, נשיאת נשק"", ""עבירות נוספות"": ""כן"", ""סוג הנשק [רימון הלם/גז]"": 1.0, ""סטטוס הנשק"": ""נשק מופרד מתחמושת"", ""תכנון"": ""כן"", ""אופן החזקת הנשק"": ""מוסלק - מוסתר"", ""מטרה-סיבת העבירה"": ""סכסוך"", ""שימוש"": ""זריקת רימון""}","{""מספר עבירה"": ""144 א"", ""סוג עבירה"": ""החזקה נשק"", ""סוג הנשק [אקדח]"": 1.0, ""סטטוס הנשק"": ""נשק מופרד מתחמושת"", ""תכנון"": ""לא"", ""אופן החזקת הנשק"": ""בבית, מוסלק - מוסתר"", ""כמות תחמושת"": ""מחסנית ריקה ובה 0 כדורים, 26 כדורים""}",45.0,"1. סוג העבירה וחומרתה — שניהם מדובר בעבירות נשק (החזקה/נשיאה) אך בתיק 1 יש גם שימוש בנשק (זריקת רימון) ועבירות נוספות, ואילו תיק 2 מתייחס בעיקר להחזקה בבית. משקל חומרתי של תיק 1 גבוה בהרבה. 

2. תפקיד הנאשם ומעורבותו — בתיק 1 המעורבות פעילה ויזם/מבצע (תכנון ויציאה לפעולה), בתיק 2 המעורבות פסיבית יותר (החזקת אקדח מוסלק בבית, ללא תכנון). דמיון נמוך. 

3. שיטת הביצוע (MO) — נקודות דמיון: הסתרה של הנשק ו""הפרדה מתחמושת"" בשני המקרים; הבדל משמעותי: בתיק 1 שימוש תוקפני מתוכנן (זריקה) בעוד שבתיק 2 אין שימוש או תכנון. דמיון בינוני. 

4. נסיבות הליבה — הבדלים מהותיים: סוג נשק שונה (רימון הלם/גז מול אקדח), בתיק 1 תכנון, שימוש וסכסוך כנעיצה לעבירה; בתיק 2 נשק במרחב פרטי, אין ראיה לשימוש מיידי (ומידע על תחמושת סותר). דמיון נמוך מאוד. 

5. ישימות כתקדים — עקרונות כלליים בעבירות נשק עשויים להיות רלוונטיים, אך ההוצאות בעונש ובשיקולי חמרה/הקלה בתיק 1 מציבות אותו כתקדימָה מוגבלת לתיק 2; קשה לראות בתיק 1 תקדים ישיר לענישה של תיק 2. רלוונטיות חלקית אך מצומצמת.

SIMILARITY_SCORE: 45","ok",""
"ME-16-08-44157-713","ME-15-11-45465-294",3,1,1,"{""מספר עבירה"": ""144 ב"", ""סוג עבירה"": ""סחר בנשק"", ""עבירות נוספות"": ""כן"", ""סוג הנשק [רובה צלפים]"": 1.0, ""סטטוס הנשק"": ""נשק מופרד מתחמושת"", ""תכנון"": ""כן"", ""אופן החזקת הנשק"": ""בבית, מוסלק - מוסתר"", ""כמות תחמושת"": ""מחסנית"", ""מטרה-סיבת העבירה"": ""בצע כסף""}","{""מספר עבירה"": ""144 ב"", ""סוג עבירה"": ""נשיאת נשק, סחר בנשק"", ""סוג הנשק [תת מקלע]"": 1.0, ""סטטוס הנשק"": ""נשק מופרד מתחמושת"", ""תכנון"": ""כן"", ""אופן החזקת הנשק"": ""ברכב"", ""כמות תחמושת"": ""2 מחסניות מאולתרות, מחסנית צולבת"", ""מטרה-סיבת העבירה"": ""בצע כסף""}",80.0,"1. סוג העבירה וחומרתה — שני התיקים הם תחת אותו הוראה (144 ב) וסוג העבירה המרכזי זהה — סחר/נשיאת נשק; לכן מבחינת ההבחנה החוקתית והקטגוריית העבירה החומרה דומה. עם זאת סוג הנשק שונה (רובה צלפים מול תת‑מקלע) וזו עלולה להשפיע על חומרת העבירה בפסיקה, כך שקיימת שונות בחומרה העובדתית אף על פי שהקטגוריה החוקית זהה.

2. תפקיד הנאשם ומעורבותו — בשני התיקים מדובר בעבירה מסחרית/יוזמת (מטרה: ""בצע כסף"") ותכנון קיים, כלומר מעורבות פעילה ושוויונית מבחינת תפקיד (סוחר/יזם). לפיכך מבחינת מעורבות עובדתית התיקים קרובים מאוד.

3. שיטת הביצוע (MO) — שני התיקים אופיינו בתכנון והחזקת נשק מופרד מתחמושת ומוסווּת; זה דפוס ביצוע דומה המאפיין סחר נשק מתוכנן. עם זאת אמצעים ספציפיים שונים: אחסון מוסתר בבית לעומת אחסון/הובלה ברכב, וכן סוג הנשק ומצב המחסניות שונה (מחסנית רגילה מול מחסניות מאולתרות/חצייה), מה שמייצר שונות ממשית ב‑MO.

4. נסיבות הליבה — קיימת התאמה בממד התכנון והמטרה, אך הבדלים מהותיים בכמות/איכות האמצעים: תת‑מקלע ומספר מחסניות מאולתרות מעידים על סיכון ופרופיל מסוכן גבוה יותר בתיק 2; רובה צלפים בתיק 1 שונה באופיו (דיוק, טווח) ושימושי. מיקום ההחזקה (מוסתר בבית לעומת ברכב) ושימוש במחסניות מאולתרות מהווים נסיבות מחמירות בתיק 2 שעשויות להביא להבדלי ענישה.

5. ישימות כתקדים — מבחינה עקרונית פסיקה על 144 ב בתיק הראשון תהיה רלוונטית מבחינת יסודות העבירה, הוכחה ותנאים יסודיים; לכן ישימות כתקדים ענייני גבוהה לגבי אשמה ואלמנטים. לגבי ענישה והערכת מסוכנות בית המשפט ידרג במידה ניכרת לפי סוג הנשק, כמות/מחסניות ומצב האחסון, ולכן לא ניתן להסתמך על תיק 1 כתקדים מדויק לענישה בתיק 2 בלי התאמות.

SIMILARITY_SCORE: 80","ok",""
"ME-15-06-12109-344","ME-12-04-33577-700",1,0,0,"{""מספר עבירה"": ""144 ב"", ""סוג עבירה"": ""נשיאת נשק, הובלת נשק"", ""סוג הנשק [אקדח]"": 1.0, ""סטטוס הנשק"": ""תקין"", ""תכנון"": ""כן"", ""אופן החזקת הנשק"": ""ברכב, מוסלק - מוסתר""}","{""מספר עבירה"": ""144 א, 144 ב"", ""סוג עבירה"": ""החזקה נשק, נשיאת נשק"", ""עבירות נוספות"": ""כן"", ""סוג הנשק [אקדח]"": 1.0, ""סטטוס הנשק"": ""נשק עם כדור בקנה"", ""תכנון"": ""כן"", ""אופן החזקת הנשק"": ""על גופו"", ""מטרה-סיבת העבירה"": ""סכסוך"", ""שימוש"": ""כן,ירי""}",60.0,"1. סוג העבירה וחומרתה — שני התיקים עוסקים בעבירות נשק (נשיאה/החזקה) ולכן מבחינת הקטגוריה הפלילית יש חפיפה מהותית, אך חומרת המקרה בתיק 2 גבוהה יותר: נשק טעון וירי מביאים לעבירות נוספות והיחשב כעבירה חמורה משמעותית יותר מבחינת מסגרת הענישה. באופן עקרוני לא זהה ברמת החומרה למרות אותה קטגוריה משפטית. 

2. תפקיד הנאשם ומעורבותו — בתיק 1 מדובר בהובלה/נשיאה מוסלקת ברכב (מאפיין של נשיאה כמעשה מעבר/הסתרה), בתיק 2 המעורבות פעילה יותר (נשיאה על הגוף ושימוש בנשק). לכן מעורבות הנאשם בתיק 2 היא ישירה ואקטיבית בעוד שבתיק 1 מעורבותה יותר של אחזקת/הובלה. 

3. שיטת הביצוע (MO) — שתי תיקים כוללים נשק מסוג אקדח ותכנון מראש, כך שיש דמיון בשיטת הכנה ובכוונה להחזיק נשק, אך אופן ההחזק (מוסתר ברכב מול על הגוף) וכן השימוש בפועל (ירי בתיק 2) יוצרים שונות מהותית בשיטת הביצוע. 

4. נסיבות הליבה — שונות מהותית: בתיק 2 נשק טעון עם כדור בקנה, שימוש ירי ומטרה של סכסוך ועבירות נוספות, בעוד שבתיק 1 נשק תקין אך לא ידוע על טעינה/ירי וללא ציון סכסוך או עבירות נוספות. ההבחנה בכמות/טעינה/ירי היא נסיבת מחמירה מרכזית שנבדלת כהרבה. 

5. ישימות כתקדים — החלטות בתיק 1 יכולות להיות רלוונטיות לעניין יסודות עבירת נשיאה/הובלה ותכנון, אך לא יחולו במלואן על נסיבות הענישה והאחריות בתיק 2 שבו יש טעינה, שימוש ועבירות נלוות. לכן ייחשב תקדים חלקי ורלוונטי בדרך של מבחני יסוד אך פחות כמקדם בענישה חומרה. 

SIMILARITY_SCORE: 60","ok",""
"ME-17-08-28615-573","ME-16-05-336-804",2,0,1,"{""מספר עבירה"": ""144 א, 144 ב"", ""סוג עבירה"": ""החזקה נשק, נשיאת נשק"", ""עבירות נוספות"": ""כן"", ""סוג הנשק [תת מקלע מאולתר]"": 1.0, ""סוג הנשק [רימון הלם/גז]"": 1.0, ""סטטוס הנשק"": ""נשק עם מחסנית בהכנס"", ""תכנון"": ""לא"", ""אופן החזקת הנשק"": ""מוסלק - מוסתר"", ""כמות תחמושת"": ""מחסנית ובה 9 כדורים, 50 כדורים""}","{""מספר עבירה"": ""144 ב"", ""סוג עבירה"": ""נשיאת נשק, הובלת נשק"", ""סוג הנשק [תת מקלע מאולתר]"": 1.0, ""סטטוס הנשק"": ""נשק מופרד מתחמושת"", ""תכנון"": ""לא"", ""אופן החזקת הנשק"": ""ברכב, על גופו"", ""כמות תחמושת"": ""2 מחסניות ריקות ובהן 0 כדורים, 26 כדורים"", ""שימוש"": ""ניסיון לירי ללא הצלחה""}",60.0,"1. סוג העבירה וחומרתה — שני התיקים שייכים לאותה קטגוריית עבירות נשק (החזקה/נשיאה) ולכן מבחינה סוגית הם קרובים; עם זאת בחומרה יש הבדלים מהותיים: תיק 1 כולל נשק טעון עם מחסנית ומטען/רימון, תיק 2 כולל ניסיון ירי שלא הצליח ונשק מופרד מתחמושת. שניהם עבירות חמורות, אבל נקודות החומרה שונות (טעון/מוסלק מול ניסיון שימוש).

2. תפקיד הנאשם ומעורבותו — בשני המקרים הנאשם מופיע כמחזיק/נושא הנשק ולא כנמכר/סוחר, כך שתפקיד המעורבות דומה (אחיזה/נשיאה). עם זאת תיק 2 מראה מעורבות פעילה יותר (ניסיון ירי), בעוד תיק 1 מתאפיין בהחזקת נשק מוסלק ועצם קיומה של תחמושת מרובה — כלומר לאותן קטגוריות אחיזה אך רמת הפעילות שונה.

3. שיטת הביצוע (MO) — קיים דמיון טכני משמעותי: אותן סוגי נשק (תת‑מקלע מאולתר) ונוכחות מחסניות/תחמושת. ההבדלים בולטים בצורת ההחבאה/הנשיאה (מוסלק בתיק 1 vs ברכב/על הגוף בתיק 2) ובכך שתיק 2 כלל ניסיון שימוש. לכן ה‑MO חלקית דומה אך לא זהה.

4. נסיבות הליבה — יש הבדלים מהותיים: סטטוס הנשק (טעון עם מחסנית בתיק 1 מול מופרד/מחסניות ריקות בתיק 2), כמויות תחמושת שונות, קיום רימון בתיק 1 וניסיון ירי בתיק 2. היעדר תכנון בשניהם מדרג אותם קרוב בפן התכנון־כוונה, אבל נסיבות המחמירות/המקלות שונות ומשפיעות מאד על האיזון המשפטי והעונשי.

5. ישימות כתקדים — התיקים יהיו שימושיים זה לזה בהיבטים כלליים (אותו סוג נשק, עקרונות האבחנה בין החזקה לנשיאה וחשיבות סטטוס טעון), אך שיקולי ענישה ישתנו בגלל ניסיון שימוש ו/או מטען/כמויות שונות. לכן בית‑משפט ימצא אותם רלוונטיים באופן חלקי כמקורות השוואה, אך לא תקדים זהה שיחליף דיון בנסיבות המפורטות.

SIMILARITY_SCORE: 60","ok",""
"ME-16-05-25902-514","SH-17-08-47445-166",1,0,0,"{""מספר עבירה"": ""144 א, 144 ב"", ""סוג עבירה"": ""החזקה נשק, נשיאת נשק"", ""סוג הנשק [אקדח]"": 1.0, ""סטטוס הנשק"": ""נשק עם מחסנית בהכנס"", ""תכנון"": ""לא"", ""אופן החזקת הנשק"": ""בבית, על גופו"", ""אופן קבלת הנשק"": ""רכש"", ""כמות תחמושת"": ""מחסנית ובה 7 כדורים"", ""מטרה-סיבת העבירה"": ""הגנה עצמית""}","{""מספר עבירה"": ""144 א"", ""סוג עבירה"": ""החזקה נשק"", ""סוג הנשק [אקדח]"": 1.0, ""סטטוס הנשק"": ""תקין"", ""תכנון"": ""לא"", ""אופן החזקת הנשק"": ""בבית""}",64.0,"1. סוג העבירה וחומרתה — שניהם עוסקים בהחזקה של אקדח (סעיף 144א), אך בתיק 1 נוסף גם סעיף 144ב (נשיאה) ונשק היה טעון/עם מחסנית — אלה מעלים את חומרת התיק הראשון בהשוואה לתיק השני. מסקנה: סוג דומה אך רמת חומרה שונה במידה משמעותית.

2. תפקיד הנאשם ומעורבותו — בשני התיקים מדובר בהחזקה פרטית של נשק (לא סחר, לא שימוש בעבירה פעילה), כלומר מעורבות בעיקרה פסיבית; עם זאת בתיק 1 הנאשם נשא את הנשק על גופו ויש עמידה על מוכןיות לשימוש — מעורבות מעט פעילה יותר. מסקנה: דמיון גבוה במובן של 'לא סחר' אבל הבדל בכיוון האקטיבי/נשיאה.

3. שיטת הביצוע (MO) — שניהם אקדח בבית ולא תכנון מראש, כלומר דפוס בסיסי דומה. ההבדל המהותי הוא בתיק 1 הנשק היה עם מחסנית מוכנס(טעון/נשיאה על גוף) ובתיק 2 רק ""תקין"" מצוין ללא פרטים על מטען/נשיאה. מסקנה: דמיון בינוני-גבוה בתבנית, עם הבדל מהותי בפרטים שיכולים להשפיע על מסקנות.

4. נסיבות הליבה — כאן הפערים הבולטים: בתיק 1 יש מחסנית עם 7 כדורים, נשיאה על הגוף ומטרה מצוטטת (הגנה עצמית); בתיק 2 אין פרטי תחמושת/נשיאה/מניע. אלה נסיבות שקובעות לעתים קרובות מידת האשם והעונש (מחמירות/מקלות). מסקנה: דמיון נמוך יחסית ב""נסיבות הליבה"".

5. ישימות כתקדים — פסיקה בתיק דומה תוכל להיות רלוונטית להוכחת יסודות ההחזקה או להגדרות טכניות (אקדח, תקינות), אך בהנחיה לעונש או לטיפול בסיטואציות של נשיאה טעונה/מניע להגן על עצמי ההשוואה מוגבלת. מסקנה: רלוונטיות חלקית — שימושי כתקדים לפרטים כלליים, פחות כמשקל פסקי דין לענישה.

SIMILARITY_SCORE: 64","ok",""
"ME-16-05-336-804","ME-14-12-6904-57",3,1,1,"{""מספר עבירה"": ""144 ב"", ""סוג עבירה"": ""נשיאת נשק, הובלת נשק"", ""סוג הנשק [תת מקלע מאולתר]"": 1.0, ""סטטוס הנשק"": ""נשק מופרד מתחמושת"", ""תכנון"": ""לא"", ""אופן החזקת הנשק"": ""ברכב, על גופו"", ""כמות תחמושת"": ""2 מחסניות ריקות ובהן 0 כדורים, 26 כדורים"", ""שימוש"": ""ניסיון לירי ללא הצלחה""}","{""מספר עבירה"": ""144 ב"", ""סוג עבירה"": ""נשיאת נשק, הובלת נשק"", ""עבירות נוספות"": ""כן"", ""סוג הנשק [תת מקלע מאולתר]"": 1.0, ""סטטוס הנשק"": ""נשק מופרד מתחמושת"", ""תכנון"": ""כן"", ""אופן החזקת הנשק"": ""בבית, על גופו, מוסלק - מוסתר"", ""אופן קבלת הנשק"": ""רכש"", ""כמות תחמושת"": ""מחסנית וכדורים""}",68.0,"1. סוג העבירה וחומרתה — שניהם מוגדרים תחת סעיף זהה (144ב) ונוגעים לנשיאת/הובלת נשק תת‑מקלע מאולתר, כך שבסיס העבירה זהה. עם זאת, תיק 2 כולל עבירות נוספות ומאפיינים מחמירים (תכנון, חרמות/הסתרה), מה שמעלה את חומרתו יחסית לתיק 1.

2. תפקיד הנאשם ומעורבותו — בשני התיקים המנשאו/הנשיאה ברורה (החזקה והובלה), אך אופיין שונה: תיק 1 כולל ניסיון ירי (מעורבות פעילה של שימוש בנשק), בעוד תיק 2 מתאפיין ביוזמה רכש ותכנון והסתרה (מעורבות ממוקדת בהשגת וניהול הנשק). מסקנה: שניהם מעורבים באופן פעיל בהחזקה, אך סוג הפעילות הפלילית שונה ומשפיע על האשמה והחומרה.

3. שיטת הביצוע (MO) — יש דמיון מהותי בכלי (תת‑מקלע מאולתר) ובעובדה שהנשק מופרד מתחמושת; עם זאת השיטות שונות: תיק 1 נשא/ה במכונית/על הגוף וניסה לירות, תיק 2 רכש, הסתר והחזקת נשק בבית ועל הגוף. דמיון טכני קיים, אך המנגנון והכוונה (ירי ניסיוני מול תכנון והסתרה) שונים.

4. נסיבות הליבה — הבדלים מהותיים: בתיק 1 כמות תחמושת נתונה וניסיון ירי ללא הצלחה; בתיק 2 יש תכנון, רכישה, הסתרה וכמות/מחסנית שונה ועבירות נוספות. נסיבות מחמירות בתיק 2 (תכנון, הסתרה ועבירות נוספות) ונוכחות ניסיון ירי בתיק 1 יוצרים משקל שונה בעינוּשה.

5. ישימות כתקדים — החלטות בענישה ובאבחון היסודות יעזרו זה לזה (אחדות סוג הנשק והיסודות של החזקת נשק), אך בתי המשפט ידרשו התאמות משמעותיות: תיקים עם תכנון/הסתרה ועבירות נוספות יובילו לעונשים מחמירים יותר מאשר מקרה של ניסיון ירי לבד. כלומר תקדים יתאים במכלול היסוד הפלילי, אך שיקולי ענישה יידרשו התאמה.

SIMILARITY_SCORE: 68","ok",""
"SH-19-07-60805-168","ME-20-01-17935-7",1,0,0,"{""מספר עבירה"": ""144 א"", ""סוג עבירה"": ""החזקה נשק"", ""סוג הנשק [אקדח]"": 1.0, ""סטטוס הנשק"": ""נשק עם מחסנית בהכנס"", ""תכנון"": ""לא"", ""אופן החזקת הנשק"": ""ברכב, מוסלק - מוסתר"", ""כמות תחמושת"": ""מחסנית ובה 10 כדורים""}","{""מספר עבירה"": ""144 א, 144 ב"", ""סוג עבירה"": ""החזקה נשק, נשיאת נשק"", ""עבירות נוספות"": ""כן"", ""סוג הנשק [תת מקלע מאולתר]"": 1.0, ""סטטוס הנשק"": ""תקול"", ""תכנון"": ""לא"", ""אופן החזקת הנשק"": ""בבית, על גופו""}",45.0,"1. סוג העבירה וחומרתה — שני המקרים נוגעים לעבירות נשק תחת סעיף 144א, אך תיק 2 כולל גם 144ב ועבירות נוספות; משכך תיק 2 ממעיט בחומרה (נשיאת נשק ובמצב של עבירות מרובות) או מוחמר בפועל מבחינת שילוב עבירות. דמיון חלקי בלבד מאחר שסעיפי החומרה והמסגרת החוקית אינם זהים במלואם.

2. תפקיד הנאשם ומעורבותו — בשני התיקים המעורב הוא מחזיק הנשק ולא יזם/סוחר; שניהם מעורבות פעילה (אחיזה/נשיאה) ולא מעורבות פסיבית בלבד. כאן הדמיון גבוה יחסית.

3. שיטת הביצוע (MO) — השיטות שונות: בתיק 1 נשק יד (אקדח) מוסלק ברכב ומוכן עם מחסנית טעונה; בתיק 2 תת‑מקלע מאולתר שנראה תקול ונמצא על גופו בבית. אין דפוס ביצוע זהה או אמצעים זהים, לכן דמיון נמוך-בינוני.

4. נסיבות הליבה — הבדלים משמעותיים: נשק בתיק 1 טעון וזמין (מחסנית עם 10 כדורים), מוסתר ברכב — גורמי סיכון והצתה גבוהים; בתיק 2 נשק סוג אחר (תת‑מקלע מאולתר), תקול, נוספו עבירות נוספות ונשיאה על הגוף בבית. אלה נסיבות מהותיות שמשפיעות על הקביעה העובדתית והעונשית, כך הדמיון נמוך.

5. ישימות כתקדים — מאחר שהבחינות המכריעות בעבירות נשק הן סוג הנשק, דרגת כשירותו להיריון, מיקום והאם היו עבירות נלוות, בית‑משפט יטה לראות דמיון חלקי בלבד; תיק 1 יכול לשמש כנקודת השוואה לענייני החזקת נשק, אך אינו תקדים ישיר ונוח לענישה של תיק 2 ללא התאמות ושומות עובדתיות. ישימות מוגבלת.

SIMILARITY_SCORE: 45","ok",""
"ME-15-12-39071-113","ME-09-11-7566-913",3,1,1,"{""מספר עבירה"": ""144 א"", ""סוג עבירה"": ""החזקה נשק"", ""סוג הנשק [אקדח]"": 1.0, ""סטטוס הנשק"": ""תקין"", ""תכנון"": ""לא"", ""אופן החזקת הנשק"": ""ברכב, מוסלק - מוסתר""}","{""מספר עבירה"": ""144 א, 144 ב"", ""סוג עבירה"": ""החזקה נשק, נשיאת נשק, הובלת נשק"", ""סוג הנשק [אקדח]"": 1.0, ""סטטוס הנשק"": ""תקול"", ""תכנון"": ""לא"", ""אופן החזקת הנשק"": ""ברכב, מוסלק - מוסתר""}",80.0,"1. סוג העבירה וחומרתה — שני התיקים עוסקים בעבירות נשק (אקדח) ובעיקרון חופפים בעבירת ההחזקה; עם זאת תיק 2 מכיל גם נשיאה והובלה (144 ב) ולכן חומרתו גבוהה יותר מבחינת סיכוני ציבור וצמרת סעיפי האישום. הקירבה גבוהה בקטגוריית העבירה אך לא זהה ברמת החומרה.

2. תפקיד הנאשם ומעורבותו — בשני המקרים מדובר במחזיק/נושא נשק ברכב, ללא תכנון; המעורבות פעילה (החזקה/נשיאה) בשני התיקים והבחנה תפעילתית בין יזם לשליח לא רלוונטית כאן. דמיון גבוה מאוד בממד זה.

3. שיטת הביצוע (MO) — שיטת הביצוע זהה: אקדח מוסלק/מוסתר ברכב; סוג הנשק זהה (אקדח). MO תואם במידה רבה.

4. נסיבות הליבה — קיימים הבדלים מהותיים: בתיק 1 הנשק תקין, בתיק 2 הנשק תקול (פוגע בהערכת הסיכון); תיק 2 גם כולל אישומים נוספים של נשיאה והובלה שעשויים להעיד על סכנה ציבורית/נסיבות מחמירות. שני התיקים שניהם לא מתוכננים והמיקום מוסתר זהה, אך הבדלי תקינות הנשק והסעיפים הנוספים מצריכים הבחנה בנסיבות הליבה.

5. ישימות כתקדים — בית משפט ימצא רלוונטיות משמעותית בין התיקים לגבי יסודות עבירת ההחזקה והמבחנים העובדתיים (אחיזה, הימצאות ברכב, הסתרה), ולכן תיק 1 יכול לשמש תקדים ענייני לפרטים אלה; עם זאת, לצורך ענישה או מסקנות לגבי חומרה מצבים כמו תקינות הנשק והוספת סעיפים בתיק 2 יחייבו התאמות ושיפוט שונה. לכן ישימות כתקדים ענייני גבוהה אך אינה מוחלטת.

SIMILARITY_SCORE: 80","ok",""
"ME-19-04-1316-977","SH-11-05-24791-315",1,0,0,"{""מספר עבירה"": ""144 ב"", ""סוג עבירה"": ""סחר בנשק, ניסיון לסחר"", ""סוג הנשק [אקדח]"": 1.0, ""סוג הנשק [תת מקלע מאולתר]"": 1.0, ""סטטוס הנשק"": ""תקול"", ""תכנון"": ""לא"", ""אופן החזקת הנשק"": ""ברכב"", ""כמות תחמושת"": ""1,100 כדורים, 900 כדורים"", ""מטרה-סיבת העבירה"": ""בצע כסף""}","{""מספר עבירה"": ""144 א"", ""סוג עבירה"": ""החזקה נשק"", ""סוג הנשק [אקדח]"": 1.0, ""סטטוס הנשק"": ""נשק מופרד מתחמושת"", ""תכנון"": ""לא"", ""אופן החזקת הנשק"": ""בבית"", ""אופן קבלת הנשק"": ""מאחר"", ""כמות תחמושת"": ""2 מחסניות""}",30.0,"1. סוג העבירה וחומרתה — שני התיקים עוסקים בעבירות נשק אך לא מאותו סוג משפטי: תיק 1 הוא ניסיון/סחר (עבירה חמורה הרבה יותר), תיק 2 הוא החזקה בלבד (עבירה פחות חמורה). מבחינת חומרה הם רחוקים: סחר עם כלי נשק ותת‑מקלע מיחס דרמטי גבוה יותר מהחזקה ביתית של אקדח מופרד מתחמושת.

2. תפקיד הנאשם ומעורבותו — בתיק 1 נראה נאשם יזם/סוחר (מטרה: בצע כסף), מעורבות פעילה ועסקית; בתיק 2 המעורבות פסיבית יותר (החזקה בלבד, נשק מאוחסן שקיבל מאחר). ההבדל בתפקיד משמעותי לעונש וליסוד הראייתי.

3. שיטת הביצוע (MO) — קווי דמיון מצומצמים: בשניהם אין תכנון לפי הנתונים, ושניהם כוללים אקדח; אבל אמצעי והדפוס שונים לחלוטין (תת‑מקלע מאולתר וברכב מול נשק מופרד בבית). השיטה שונה די הצורך כדי שלא להיחשב זהה.

4. נסיבות הליבה — פערים מהותיים: כמות תחמושת אדירה ותת‑מקלע לא פעיל בתיק 1 מול שתי מחסניות בלבד ונשק מופרד בתיק 2; אחזקת נשק ברכב ובהקשר מסחרי מול אחסון ביתי. נסיבות מחמירות בתיק 1 כמעט ולא קיימות בתיק 2.

5. ישימות כתק precedence — בהיבט העקרוני של התייחסות כללית לעבירות נשק יתכנו לקחים משותפים (עקרונות ענישה, שקילת מסוכנות), אך כתקדים ענייני לצורכי ענישה או יסוד יסודי התיקים לא נראים רלוונטיים זה לזה בשל ההבדלים בסוג העבירה, בכמות, ובתפקיד הנאשם. בית משפט יטה שלא לראות תיק 2 כתקדים משמעותי לתיק 1.

SIMILARITY_SCORE: 30","ok",""
"ME-15-12-39071-113","ME-13-02-28360-614",1,0,0,"{""מספר עבירה"": ""144 א"", ""סוג עבירה"": ""החזקה נשק"", ""סוג הנשק [אקדח]"": 1.0, ""סטטוס הנשק"": ""תקין"", ""תכנון"": ""לא"", ""אופן החזקת הנשק"": ""ברכב, מוסלק - מוסתר""}","{""מספר עבירה"": ""144 ב"", ""סוג עבירה"": ""נשיאת נשק"", ""עבירות נוספות"": ""כן"", ""סטטוס הנשק"": ""נשק עם כדור בקנה"", ""תכנון"": ""לא"", ""אופן החזקת הנשק"": ""ברכב"", ""שימוש"": ""כן,ירי""}",40.0,"1. סוג העבירה וחומרתה — שני התיקים עוסקים בעבירות נשק תחת אותו תחום כללית, אך סעיף 144א (החזקה מוסלקת/מוסתרת) קל יחסית מ-144ב הכולל נשיאה/נשיאת נשק בשימוש. תיק 2 חמור יותר מבחינת ההשלכות הפליליות בגלל נשק טעון ושימוש בירי, ולכן רמת החומרה שונה במידה מהותית.

2. תפקיד הנאשם ומעורבותו — בתיק 1 המעורבות פסיבית (החזקה מוסלקת ברכב, ללא שימוש או תכנון). בתיק 2 המעורבות פעילה ואף אלימה (נשיאה טעונה ושימוש בירי), כלומר התפקיד והמעורבות שונים באופן מהותי.

3. שיטת הביצוע (MO) — קו דומה קיים בעובדה שנשק נמצא/נישא ברכב וללא תכנון. עם זאת, השיטה מתפצלת: בתיק 1 ההחזקת מוסלקת ללא שימוש, בתיק 2 נשיאה פתוחה/פעילה עם ירי ועמידה בעבירות נוספות, כך שיש חפיפה חלקית בלבד.

4. נסיבות הליבה — הבדלים מהותיים: בתיק 2 נשק עם כדור בקנה ושימוש בירי ועבירות נוספות (החמרה רבה), בעוד בתיק 1 נשק תקין אך לא טען/לא שומש ונמצא מוסלק. נסיבות מחמירות בתיק 2 חורצות את אופיו השונה של המקרה.

5. ישימות כתקדים — ניתן להסתמך על תיק 1 כהשוואה נקודתית לעניין ההחזקת נשק ברכב או מוסלק, אך לא כתקדים ראוי לצורכי ענישה במקרה של נשיאה טעונה ושימוש בירי; הערכת חומרה, אחוזי הרשעה וענישה בתיק 2 צפויים להיות שונים במידה רבה. מסקנה: תוקף תקדימי מוגבל וייחוס ענישה מגבוה בתיק 2 ידרוש קייסים דומים יותר לאלה של שימוש וטעינה.

SIMILARITY_SCORE: 40","ok",""
"ME-16-02-59812-881","ME-22-03-52964-443",3,1,1,"{""מספר עבירה"": ""144 ב"", ""סוג עבירה"": ""סחר בנשק"", ""עבירות נוספות"": ""כן"", ""סוג הנשק [אקדח]"": 1.0, ""סטטוס הנשק"": ""נשק מופרד מתחמושת"", ""תכנון"": ""לא"", ""אופן החזקת הנשק"": ""בבית"", ""כמות תחמושת"": ""2 מחסניות, 20 כדורים"", ""מטרה-סיבת העבירה"": ""בצע כסף""}","{""מספר עבירה"": ""144 א, 144 ב"", ""סוג עבירה"": ""החזקה נשק, נשיאת נשק, הובלת נשק"", ""עבירות נוספות"": ""כן"", ""סוג הנשק [אקדח]"": 1.0, ""סטטוס הנשק"": ""נשק עם מחסנית בהכנס"", ""תכנון"": ""כן"", ""אופן החזקת הנשק"": ""על גופו, מוסלק - מוסתר"", ""כמות תחמושת"": ""מחסנית ובה 16 כדורים, מחסנית נוספת ובה 16 כדורים"", ""מטרה-סיבת העבירה"": ""הגנה עצמית""}",34.0,"1. סוג העבירה וחומרתה — התיקים שונים במהות: תיק 1 הוא סחר בנשק (עבירה עניינית חמורה יותר וקיימת רכיב מסחרי/יזום), בעוד תיק 2 מתמקד בהחזקה/נשיאה/הובלה. לא נמצאת התאמה ברמת העבירות ולכן דמיון נמוך מבחינת חומרה וקטגוריית הפשע.

2. תפקיד הנאשם ומעורבותו — בתיק 1 הנאשם מוערך כלקוח/יזם סחר (יזום ומסחרי), בתיק 2 מדובר בעל נשק נשא/מוסלק (מחזיק/נושא, מעורבות אישית אך לא בהכרח סחר). ההבחנה בין יזם סחר לבין מחזיק/נשא מפחיתה מהקירוב של התיקים מבחינת אחריות ותכלית העבירה.

3. שיטת הביצוע (MO) — קיים דמיון טכני מסוים (אקדח ושתי מחסניות בשני התיקים), אך שיטות הביצוע שונות: בתיק 1 נשק מופרד מתחמושת ואחסון בבית ללא תכנון, בתיק 2 נשק עם מחסנית בהכנס, מוסלק על הגוף ותוכנן. לכן דמיון בינוני-נמוך: החומר זהה אך ה-MO התכליתי שונה.

4. נסיבות הליבה — יש הבדלים מהותיים: בתיק 1 מוטיב כלכלי, חוסר תכנון, נשק מופרד; בתיק 2 תכנון, נשיאת נשק מוסתרת ותחמושת מוכנסת (עודף סכנה). הכמויות דומות אך המצב הפעיל של הנשק ותכנון בתיק 2 מהווים נסיבות מחמירות שאינן ב־T1.

5. ישימות כתקדים — שימוש בתיק 1 כתקדים לתיק 2 יהיה מוגבל: למרות שיתכנו עקרונות כלליים (אופי הנשק, שיקולי מסוכנות), הבדלי סעיפים, מניעים ותכנון יצמצמו את הישימות בענישה ובקביעת אשמה. בית המשפט יטה לראותם כעניינים קרובים רק במימד הטכני של חזקת הנשק, לא כתקדים ענייני מלא.

SIMILARITY_SCORE: 34","ok",""
"ME-20-01-62688-591","ME-17-05-35227-215",1,0,0,"{""מספר עבירה"": ""144 ב"", ""סוג עבירה"": ""נשיאת נשק, הובלת נשק"", ""עבירות נוספות"": ""כן"", ""סוג הנשק [אקדח]"": 1.0, ""סטטוס הנשק"": ""נשק עם כדור בקנה"", ""תכנון"": ""כן"", ""אופן החזקת הנשק"": ""ברכב, על גופו"", ""כמות תחמושת"": ""כדורים"", ""שימוש"": ""כן,ירי""}","{""מספר עבירה"": ""144 ב"", ""סוג עבירה"": ""נשיאת נשק, הובלת נשק"", ""סוג הנשק [תת מקלע מאולתר]"": 1.0, ""סטטוס הנשק"": ""נשק עם מחסנית בהכנס"", ""תכנון"": ""כן"", ""אופן החזקת הנשק"": ""ברכב""}",70.0,"1. סוג העבירה וחומרתה — שניהם עבירות לפי סעיף 144ב (נשיאה/הובלה של נשק): מבחינת הסיווג החוקי זהה, אך בחומרה יש הבדלים מהותיים כי בתיק 1 נמצא ירי בפועל (החמרה משמעותית) בעוד שבתיק 2 אין שימוש מעשי בנשק; מצד שני בתיק 2 מדובר בתת‑מקלע מאולתר שיכולת ההסבה והקטלניות שלו עשויה להיחשב כמחמירה בפני עצמה. בסיכום: אותו סוג עבירה, חומרה שונה בעקבות השימוש בפועל ובסוג הנשק.

2. תפקיד הנאשם ומעורבותו — בשני התיקים הנאשמים נתפסו כבעלי/נושאים/מובילים הנשק (לא מתואר סוחר או תיווך), כלומר תפקידם דומה כצורכי יסוד האשמה. עם זאת, בתיק 1 המעורבות פעילה יותר (החזקת על הגוף ושימוש בירי) בעוד שבתיק 2 המצב אינרטי יותר (החזקת ברכב בלבד), ולכן מידת האשמה ועבירות נלוות עשויות להשתנות. בסיכום: תפקיד דומה אך מעורבות פעילה בצד אחד ופסיבית יחסית בצד השני.

3. שיטת הביצוע (MO) — דפוס דומה במובן של נשיאת נשק טעון בתכנון ובהובלה ברכב; שני התיקים מצביעים על תכנון מראש ונשק טעון. הבדלים משמעותיים ב‑MO: בתיק 1 הנשק גם על הגוף ונעשה בו שימוש, בתיק 2 רק ברכב וסוג הנשק שונה (תת‑מקלע מאולתר). בסיכום: דמיון בסיסי בשיטת ההובלה ותכנון, אך הבדלים מהותיים בפרטי הביצוע.

4. נסיבות הליבה — הבדלים מהותיים: בתיק 1 יש ירי, נשק על הגוף וכדור בחץ — נסיבות מחמירות מעשיות; בתיק 2 יש נשק חזק/מאולתר עם מחסנית מוכנסת אך אין אינדיקציה לשימוש או נשיאה על הגוף. כמות הנשק/תחמושת דומה (יחידה אחת) אך סוג הנשק ותוצאותיו שונים ולכן ההקשר המחמיר משתנה. בסיכום: נסיבות ליבה קרובות ביסוד אך נבדלות באופן שיכול להשפיע מהותית על ענישה.

5. ישימות כתקדים — בית המשפט ימצא רלוונטיות בסיסית בין התיקים בכל הנוגע לפרשנות סעיף 144ב ולמסקנות לגבי תכנון ונשיאה טעונה, כך שפסיקה על עבירה מסוג זה תהיה משקלית. יחד עם זאת, ההבדלים (ירי בפועל; נשק מאולתר ותכונותיו; נשיאה על הגוף) יגרמו לדיוק המידות בעונש — כלומר התיק לא יהיה תקדים זהה והיישום יהיה מותאם. בסיכום: תקדים רלוונטי אך לא מקביל במלואו; התאמות ענישה צפויות.

SIMILARITY_SCORE: 70","ok",""
"ME-16-06-64845-657","ME-12-03-13401-281",1,0,0,"{""מספר עבירה"": ""144 ב"", ""סוג עבירה"": ""נשיאת נשק, הובלת נשק"", ""סוג הנשק [אקדח]"": 1.0, ""סטטוס הנשק"": ""נשק מופרד מתחמושת"", ""תכנון"": ""לא"", ""אופן החזקת הנשק"": ""ברכב, על גופו, מוסלק - מוסתר"", ""כמות תחמושת"": ""מחסנית ריקה ובה 0 כדורים, 11 כדורים""}","{""מספר עבירה"": ""144 א, 144 ב"", ""סוג עבירה"": ""החזקה נשק, נשיאת נשק, הובלת נשק"", ""עבירות נוספות"": ""כן"", ""סוג הנשק [אקדח]"": 1.0, ""סטטוס הנשק"": ""נשק עם כדור בקנה"", ""תכנון"": ""לא"", ""אופן החזקת הנשק"": ""ברכב"", ""כמות תחמושת"": ""2 מחסניות ובהן כדורים, 11 כדורים"", ""שימוש"": ""כן,ירי""}",55.0,"1. סוג העבירה וחומרתה  
שני התיקים עוסקים בעבירות נשק לפי סעיפי נשיאה/הובלה (144ב) ובכך שייכים לאותו תחום עונשי. עם זאת בתיק 2 מופיעה גם החזקה (144א) ושימוש בנשק (ירי), שמגבירים את חומרת המעשה ומשנים את מסגרת הענישה והאחריות הפלילית. לכן מבחינת סוג הענישה הם קרובים אך לא שווים בחומרה.

2. תפקיד הנאשם ומעורבותו  
בשני התיקים הנאשם מתגלה כמאחסן/מעביר נשק ברכב — תפקיד מבצעי של החזקה/נשיאה ולא תפקיד של תיווך בלבד. אך בתיק 2 יש מעורבות פעילה (ירי), לעומת מעורבות פסיבית יחסית בתיק 1 (נשק מופרד מתחמושת), ולכן מידת האשמה והכוננות לפגיעה שונה באופן מהותי.

3. שיטת הביצוע (MO)  
הדמיון קיים במאפיין המעשתי המרכזי: נשק מסוג אקדח מוסלק/ברכב בשני המקרים. עם זאת שיטת ההכנה שונה: בתיק 1 הנשק מופרד מתחמושת/לא מוכן לירי; בתיק 2 הנשק טעון (כדור בקנה, שתי מחסניות) ובוצע ירי — שינוי משמעותי ב‑MO ובהכנה לפגיעה.

4. נסיבות הליבה  
כמויות התחמושת בדומה (סך סביב 11 כדורים) משותפות אך הסטטוס שונה — בתיק 2 טעון וירי בוצע, יש עבירות נוספות ונסיבות מחמירות; בתיק 1 אין תכנון ולא נראה ביצוע ירי ולכן נסיבות מקלות יחסית. סיכום: היסודות המהותיים דומים, אך העונש והאחריות יושפעו מאוד מהירי והטענה בתיק 2.

5. ישימות כתקדים  
בית המשפט ימצא ערך תקדימי בתיק 1 ביחס לאלמנטים הבסיסיים של אבחנה בין החזקה ונשיאה, הסתרת נשק והעברת נשק ברכב; עם זאת, כאשר מדובר במעשית טעונה/ירי (תיק 2) היקף הרלוונטיות יקטן וייפלו שיקולים ענישתיים ועונש מחמיר שלא נבחנים בתיק 1. במילים אחרות — חלק מהעקרונות ראויים לציטוט, אך התאמה בענישה או בהכרעה עובדתית מוגבלת.

SIMILARITY_SCORE: 55","ok",""
"SH-14-02-28659-762","ME-16-05-19384-544",1,0,0,"{""מספר עבירה"": ""144 א"", ""סוג עבירה"": ""החזקה נשק"", ""סוג הנשק [תת מקלע מאולתר]"": 1.0, ""סטטוס הנשק"": ""נשק מופרד מתחמושת"", ""תכנון"": ""לא"", ""אופן החזקת הנשק"": ""בבית, מוסלק - מוסתר"", ""כמות תחמושת"": ""מחסנית וכדורים"", ""מטרה-סיבת העבירה"": ""הגנה עצמית""}","{""מספר עבירה"": ""144 א, 144 ב"", ""סוג עבירה"": ""נשיאת נשק, סחר בנשק"", ""עבירות נוספות"": ""כן"", ""סוג הנשק [תת מקלע]"": 1.0, ""סוג הנשק [רובה סער ]"": 1.0, ""סטטוס הנשק"": ""נשק עם כדור בקנה"", ""תכנון"": ""כן"", ""אופן החזקת הנשק"": ""על גופו, מוסלק - מוסתר, סמוך לבית"", ""אופן קבלת הנשק"": ""רכש"", ""כמות תחמושת"": ""10 כדורים"", ""מטרה-סיבת העבירה"": ""בצע כסף"", ""שימוש"": ""כן,ירי""}",28.0,"1. סוג העבירה וחומרתה  
שני התיקים עוסקים בעבירות נשק (סעיף 144 וא), אך תיק 2 כולל גם סעיפים של סחר ונשיאה (144 ב) ושימוש בנשק — כלומר רמת חומרה ועבירות נוספות משמעותית גבוההות בתיק 2. מסקנה: אותו תחום טכני אך פער מהותי בחומרה והיקף העבירות.

2. תפקיד הנאשם ומעורבותו  
בתיק 1 מדובר בהחזקה פסיבית בבית למטרת הגנה עצמית, ללא תכנון עבירה; בתיק 2 הנאשם מעורב פעיל (רכש, נשיאה על גופו, סחר ושימוש). מסקנה: מעורבות שונה במהות — פסיבי מול יזום/מסחרי.

3. שיטת הביצוע (MO)  
יש חפיפה טכנית (שני מקרים כוללים תת‑מקלע מוסתר), אך אופן ההחזק וההפעלה שונים: בית מוסתר ובלתי מתוכנן מול נשיאה מוסתרת על הגוף, תכנון ושימוש בפועל. מסקנה: דמיון טכני חלקי בלבד; השיטות וההקשר שונות.

4. נסיבות הליבה  
פערים משמעותיים: בתיק 2 נשק טעון (כדור בקנה), מספר סוגי נשק, כמות תחמושת מוגדרת, תכנון, מטרה כספית ושימוש בירי — כל אלה כעילות מחמירות. בתיק 1 נשק מופרד מתחמושת, היעד הגנתי וחוסר תכנון מהווים נסיבות מקלות יחסית. מסקנה: נסיבות ליבה מנוגדות.

5. ישימות כתקדים  
בית משפט ייחשיב לחפיפה טכנית (אותו סוג כלי) אך ככלל לא יעניק לתיק 1 משקל תקדימי רב כשמדובר בתיק 2; תיק 1 יכול לשמש להמחשת נסיבות מקילות בקנה מידה מצומצם אך לא כתקדים ענייני לענישה בנסיבות של סחר, נשיאה טעונה ושימוש. מסקנה: ישימות מוגבלת עד זניחה.

SIMILARITY_SCORE: 28","ok",""
"ME-20-01-62688-591","ME-22-03-52964-443",1,0,0,"{""מספר עבירה"": ""144 ב"", ""סוג עבירה"": ""נשיאת נשק, הובלת נשק"", ""עבירות נוספות"": ""כן"", ""סוג הנשק [אקדח]"": 1.0, ""סטטוס הנשק"": ""נשק עם כדור בקנה"", ""תכנון"": ""כן"", ""אופן החזקת הנשק"": ""ברכב, על גופו"", ""כמות תחמושת"": ""כדורים"", ""שימוש"": ""כן,ירי""}","{""מספר עבירה"": ""144 א, 144 ב"", ""סוג עבירה"": ""החזקה נשק, נשיאת נשק, הובלת נשק"", ""עבירות נוספות"": ""כן"", ""סוג הנשק [אקדח]"": 1.0, ""סטטוס הנשק"": ""נשק עם מחסנית בהכנס"", ""תכנון"": ""כן"", ""אופן החזקת הנשק"": ""על גופו, מוסלק - מוסתר"", ""כמות תחמושת"": ""מחסנית ובה 16 כדורים, מחסנית נוספת ובה 16 כדורים"", ""מטרה-סיבת העבירה"": ""הגנה עצמית""}",64.0,"1. סוג העבירה וחומרתה — שני התיקים שייכים לאותו תחום (החזקה/נשיאה/הובלה של אקדח) אך חומרת העבירה שונה: תיק 1 כולל שימוש בפועל בירי (החמרה משמעותית), בעוד תיק 2 מתאר החזקה ונשיאה מתוכננת ללא שימוש בפועל. מבחינה עניינית הם קרובים בסיווג אך לא שווים בחומרה. 

2. תפקיד הנאשם ומעורבותו — בשני המקרים הנאשם מופיע כמחזיק/נושא נשק עם מעורבות פעילה (התכנון ונשיאה על הגוף), אך בתיק 1 המעורבות גבוהה יותר כי בוצע ירי; בתיק 2 המעורבות פעילה אך לא הוכח שימוש. הדמיון הוא גבוה ברמת המעורבות כ""נושא/מחזיק"" אך שיעור הפגיעה שונה.

3. שיטת הביצוע (MO) — שני התיקים מצביעים על תכנון, נשיאת אקדח טעון על הגוף ותחמושת זמינה; הבדלים משמעותיים: בתיק 1 נשק עם כדור בקנה וירי בוצע, בתיק 2 מחסנית מלאה ועוד מחסנית נוספת, הנשק מוסתר. המכנה המשותף ב‑MO גבוה (תכנון ונשיאה טעונה), אבל היישום המעשי שונה.

4. נסיבות הליבה — הבדלים מהותיים: בתיק 1 שימוש בפועל בנשק (ירי) והימצאות כדור בקנה; בתיק 2 כמות תחמושת גדולה יותר, נשק מוסתר ומטרה של ""הגנה עצמית"" שעשויה להוות נסיבה מקלה/הסבר ענייני. אלו נסיבות מהותיות שישנו את ההערכה הענישתית ואינם זהים.

5. ישימות כתקדים — בית משפט ימצא את התיקים רלוונטיים זה לזה במובן הרחב (שיקולים בענישה לעבירות נשק, משקל תכנון/טעינה/הסתרה), אבל ייתן משקל רב להבדלים: שימוש בפועל בירי בתיק 1 והכמות/הסתרה/מטרה בתיק 2. לכן תיק 1 יכול לשמש תקדים חלקי לתיק 2, אך לא תקדים זהה ללא התאמות ענישתיות.

SIMILARITY_SCORE: 64","ok",""
"ME-19-01-53615-8","ME-16-11-69158-529",3,1,1,"{""מספר עבירה"": ""144 ב"", ""סוג עבירה"": ""נשיאת נשק, הובלת נשק"", ""עבירות נוספות"": ""כן"", ""סוג הנשק [תת מקלע מאולתר]"": 1.0, ""סטטוס הנשק"": ""נשק עם כדור בקנה"", ""תכנון"": ""לא"", ""אופן החזקת הנשק"": ""ברכב, על גופו"", ""כמות תחמושת"": ""מחסנית טעונה בכדורים"", ""שימוש"": ""כן,ירי""}","{""מספר עבירה"": ""144 ב"", ""סוג עבירה"": ""נשיאת נשק"", ""עבירות נוספות"": ""כן"", ""סוג הנשק [תת מקלע]"": 1.0, ""סטטוס הנשק"": ""נשק עם כדור בקנה"", ""תכנון"": ""כן"", ""אופן החזקת הנשק"": ""בבית, ברכב, מוסלק - מוסתר, סמוך לבית"", ""מטרה-סיבת העבירה"": ""חתונה"", ""שימוש"": ""כן,ירי""}",77.0,"1. סוג העבירה וחומרתה — שני התיקים עומדים על אותו סעיף (144ב) ומערבים נשיאת/הובלת תת‑מקלע עם כדור בקנה ושימוש ירי; פירוש הדבר שסולם החומרה זהה והנזק המשפטי/חברתי דומה. משכך, מבחינת סיווג וסיפוק יסודות העבירה התיקים מאוד דומים.

2. תפקיד הנאשם ומעורבותו — בשני המקרים הנאשם/המעורבים נושאים את הנשק בפועל ועשו בו שימוש (ירי), כלומר מדובר במעורבות פעילה ולא בפסיבית/שליחות בלבד. עם זאת, בתיק 2 יש אינדיקציה לתכנון ומוסלק־מוסתר, שעשויה להעיד על מעמד ארגוני/יזם יותר מאשר נשא יחיד, ולכן יש כאן הבדל תכליתי בתפקיד/אחריות.

3. שיטת הביצוע (MO) — זו אותה שיטת ביצוע בסיסית: נשיאת תת‑מקלע טעון ושימוש בו (ירי). הבדלים טכניים (נשיאה על הגוף/ברכב לעומת אחסון מוסתר בבית וברכב) קיימים אך אינם משנים את מהות ה‑MO; לכן הדמיון גבוה.

4. נסיבות הליבה — כאן יש הבדלים מהותיים: בתיק 2 תכנון מוקדם, אחסון מוסתר וביצוע במבנה נסיבות (חתונה) ההופכים את המעשה למאורגן ומעורר סיכון שונה; בתיק 1 חוסר תכנון והחזקת הנשק על הגוף/ברכב משקפים פעולה יותר ספונטנית. מאחר שנסיבות אלה הן מרכזיות להערכת חומרה ועונש, הדמיון נמוך עד בינוני בתחום זה.

5. ישימות כתקדים — לאור זהות ההסדר החוקי והשימוש בפועל בנשק, פסק דין בעניין אחד יהיה רלוונטי מבחינת עיקרון והגדרת יסודות העבירה, אך הבדלי התכנון, ההסתרה ומחלוקות נסיבתיות ישפיעו משמעותית על מבחני ענישה ומידת הרף. לכן התקדים יהיה שימושי אך לא מחייב — יש צורך בהתאמה עובדתית ושיקול שונה בענישה.

SIMILARITY_SCORE: 77","ok",""
"ME-15-12-39071-113","sh-10-05-7434-952",3,1,1,"{""מספר עבירה"": ""144 א"", ""סוג עבירה"": ""החזקה נשק"", ""סוג הנשק [אקדח]"": 1.0, ""סטטוס הנשק"": ""תקין"", ""תכנון"": ""לא"", ""אופן החזקת הנשק"": ""ברכב, מוסלק - מוסתר""}","{""מספר עבירה"": ""144 א"", ""סוג עבירה"": ""החזקה נשק"", ""סוג הנשק [אקדח]"": 1.0, ""סטטוס הנשק"": ""נשק מפורק"", ""תכנון"": ""לא"", ""אופן החזקת הנשק"": ""בבית, מוסלק - מוסתר""}",75.0,"1. סוג העבירה וחומרתה — התיקים עוסקים באותה עבירה (144א, החזקת אקדח) ולכן מבחינת סוג העבירה ורמת החומרה הבסיסית הם דומים מאוד. עם זאת נשק תקין גורם למציאות מסוכנת יותר מאשר נשק מפורק, ולכן יש הבדל חומרתי שאי אפשר להתעלם ממנו.

2. תפקיד הנאשם ומעורבותו — בשני המקרים מדובר בעל-ידי החזקה פרטית של הנשק ולא בסחר או בהעברה; מעורבות פעילה/יזומה לא מוצגת בשניהם, כלומר הדמיון גבוה מאוד ברמת התפקיד והמעורבות.

3. שיטת הביצוע (MO) — בשניהם המצב הוא החבאה/הסתרה של אקדח, ואין תכנון, כך שקיימת דמיון משמעותי בשיטת ההחזק/הסתרה. ההבדל במיקום (ברכב לעומת בבית) משפיע על קונטקסט השיטה אך לא מוחק את הדמיון הבסיסי של הסתרת נשק.

4. נסיבות הליבה — כאן יש הבדלים מהותיים: נשק תקין ונשק מפורק שונים בסכנה המיידית ובנגישות לשימוש; בנוסף החזקת נשק ברכב עשויה להיחשב כמחמירה יותר מבחינת סכנה לציבור ביחס להחזקת נשק מוסתר בבית. חוסר תכנון ויחידה של כלי בכל תיק מקלים בדומה, אך ההבדלים במצב הנשק והמיקום הם חומריים.

5. ישימות כתקדים — בית משפט ימצא תיקים אלה רלוונטיים זה לזה מבחינת העקרון והסעיף הפלילי, והוא יחשב לתקדים עזר בענישה, אך יתאים את הענישה לנסיבות (נשק תקין ו/או החזקה ברכב יקבלו משקל מחמיר יותר). לכן התיקים רלוונטים זה לזה אך אינם זהים לחלוטין מבחינת מודול המדינה/עונש.

SIMILARITY_SCORE: 75","ok",""
"ME-16-06-44840-433","ME-12-09-51207-971",1,0,0,"{""מספר עבירה"": ""144 א, 144 ב"", ""סוג עבירה"": ""החזקה נשק, נשיאת נשק"", ""עבירות נוספות"": ""כן"", ""סוג הנשק [רימון הלם/גז]"": 1.0, ""סטטוס הנשק"": ""נשק מופרד מתחמושת"", ""תכנון"": ""כן"", ""אופן החזקת הנשק"": ""מוסלק - מוסתר"", ""מטרה-סיבת העבירה"": ""סכסוך"", ""שימוש"": ""זריקת רימון""}","{""מספר עבירה"": ""144 א, 144 ב"", ""סוג עבירה"": ""החזקה נשק, ייצור נשק"", ""עבירות נוספות"": ""כן"", ""סטטוס הנשק"": ""נשק עם כדור בקנה"", ""תכנון"": ""לא"", ""אופן החזקת הנשק"": ""בבית"", ""אופן קבלת הנשק"": ""ייצר"", ""מטרה-סיבת העבירה"": ""חתונה"", ""שימוש"": ""כן,ירי""}",45.0,"1. סוג העבירה וחומרתה — שני התיקים הם עבירות נשק (החזקה ונשיאה) אך חומרתן שונה: תיק 2 כולל ייצור נשק and נשק טעון שנעשה בו ירי, מה שמגביה משמעותית את המסוכנות והעונש הצפוי. בכך המשותף קיים ברמה של קטגוריית העבירה, אך לא ברמת החומרה המוחלטת.

2. תפקיד הנאשם ומעורבותו — בשני התיקים הנאשם מעורב באופן פעיל (תיק 1 תכנון ושימוש בזריקה; תיק 2 ייצור ושימוש בירי), כלומר אין דמות של ""שליח/מחזיק פסיבי"". עם זאת סוג המעורבות שונה (יוצר/מייצר בתיק 2 מול יוזם/מבצע בתיק 1), לכן דמיון בינוני-גבוה בהיותם פעילים אך לא זהה.

3. שיטת הביצוע (MO) — שיטות הביצוע שונות במהותן: נשק חבלני/רימון מוסלק וזריקה לעומת נשק חם טעון וירי; גם אופן ההחזקה שונה (מוסלק מול בבית) ואופן ההשגה שונה (הובלה/הסתרה מול ייצור). דמיון נמוך באספקט ה‑MO.

4. נסיבות הליבה — הבדלים מרכזיים: בתיק 2 הנשק טעון, מיוצר וכנראה נעשה בו ירי (נסיבות מחמירות), בתיק 1 הנשק מופרד מתחמושת אך תכנון קדם קיים ומטרת סכסוך; מניעים, תכנון, וסכנה ממשית שונים, ולכן דמיון נמוך מאוד בנסיבות המחמירות/המקלות.

5. ישימות כתקדים — בתי משפט ימצאו קשר עובדתי להיבטים יסודיים של עבירות נשק (יסודות העבירה של החזקה/נשיאה), ולכן התיקים רלוונטיים מבחינת עקרונות חקיקה ואלמנטים הוכחתיים. עם זאת כשמדובר בענישה ובמסגרת ההיקפית של העונש התיקים שונים דיים (ייצור, נשק טעון וירי בתיק 2 מהווים שיקול ממדרגה גבוהה), כך שהישימות כתקדים ענייני לענישה מוגבלת עד בינונית.

SIMILARITY_SCORE: 45","ok",""
"ME-16-05-19384-544","ME-16-03-54615-517",3,1,1,"{""מספר עבירה"": ""144 א, 144 ב"", ""סוג עבירה"": ""נשיאת נשק, סחר בנשק"", ""עבירות נוספות"": ""כן"", ""סוג הנשק [תת מקלע]"": 1.0, ""סוג הנשק [רובה סער ]"": 1.0, ""סטטוס הנשק"": ""נשק עם כדור בקנה"", ""תכנון"": ""כן"", ""אופן החזקת הנשק"": ""על גופו, מוסלק - מוסתר, סמוך לבית"", ""אופן קבלת הנשק"": ""רכש"", ""כמות תחמושת"": ""10 כדורים"", ""מטרה-סיבת העבירה"": ""בצע כסף"", ""שימוש"": ""כן,ירי""}","{""מספר עבירה"": ""144 ב"", ""סוג עבירה"": ""סחר בנשק"", ""סוג הנשק [תת מקלע]"": 1.0, ""סטטוס הנשק"": ""תקול"", ""תכנון"": ""כן"", ""מטרה-סיבת העבירה"": ""בצע כסף"", ""שימוש"": ""כן,ירי""}",62.0,"1. סוג העבירה וחומרתה — שני התיקים דומים בסוג העבירה המהותי (סחר בנשק / סעיף 144ב), אך תיק 1 חמור יותר כי כולל גם נשיאה/החזקת נשק (144א) ושימוש בפועל עם נשק טעון. מבחינה תפליגית מדובר באותו תחום עוולה אך בעוצמה שונה.
2. תפקיד הנאשם ומעורבותו — בשני המקרים יש תכנון ומטרה של ""בצע כסף"" כך שמדובר במעורבות יזמית/סחרית ולא רק מחזיק/שליח; אי־הוודאות בפרטים מונעת קביעה מוחלטת, אך אינדיקציות המניע והתכנון דומות. לפיכך דמיון ממוצע-גבוה.
3. שיטת הביצוע (MO) — שניהם מתוכננים וכוללים שימוש בנשק (ירי), אך בתיק 1 יש פירוט של הרכישה, החזקה מוסלקת על הגוף וריבוי סוגי נשק; בתיק 2 ה‑MO מתואר בקווים כלליים בלבד. דמיון חלקי.
4. נסיבות הליבה — הבדלים מהותיים: בתיק 1 נשק טעון עם תחמושת (10 כדורים), רובה תת‑מקלע + רובה סער, מוסלק על הגוף ושימוש בפועל; בתיק 2 נשק תת‑מקלע ""תקול"" אך גם ירי ותכנון. נסיבות אלו מקשות על השוואה צמודה והופכות את תיק 1 לחמור ובעל עומק ראייתי שונה.
5. ישימות כתקדים — בית משפט ימצא את תיק 2 רלוונטי לצורך עקרון הסחר בנשק והיסודות הכוונתיים (תכנון, רווח), אך יישום ענישה ישתנה – תיק 1 מהווה תקדים מחמיר יותר; כלומר, תיק 2 יכול לשמש להשוואה אבל בקביעת ענישה יש להתאים את ההשוואה להבדלים העובדתיים. דמיון עשוי להשפיע אך לא לעשות תיק 2 תקדים זהה לתיק 1.

SIMILARITY_SCORE: 62","ok",""
"ME-12-05-33444-999","ME-17-04-613-913",1,0,0,"{""מספר עבירה"": ""144 א"", ""סוג עבירה"": ""החזקה נשק"", ""סוג הנשק [אקדח]"": 1.0, ""סטטוס הנשק"": ""נשק עם מחסנית בהכנס"", ""תכנון"": ""לא"", ""אופן החזקת הנשק"": ""ברכב, מוסלק - מוסתר"", ""כמות תחמושת"": ""מחסנית ובה כדורים, מחסנית ובה כדורים, מחסנית ובה כדורים"", ""מטרה-סיבת העבירה"": ""הגנה עצמית""}","{""מספר עבירה"": ""144 ב"", ""סוג עבירה"": ""נשיאת נשק, הובלת נשק"", ""סוג הנשק [אקדח]"": 1.0, ""סטטוס הנשק"": ""נשק עם מחסנית בהכנס"", ""תכנון"": ""לא"", ""אופן החזקת הנשק"": ""ברכב, על גופו, מוסלק - מוסתר"", ""כמות תחמושת"": ""מחסנית ובה 15 כדורים""}",75.0,"1. סוג העבירה וחומרתה — שני התיקים נמצאים באותו תחום פלילי (חזקת/נשיאת נשק) ונוגעים לאותה קטגוריית נשק (אקדח) כך שסוג העבירה קרוב מבחינת המסגרת העניינית; עם זאת מדובר בסעיפים שונים (החזקה מול נשיאה/הובלה) שבפערי חומרה ועונש אפשריים יכול להוות הבדל מהותי. סיכום: דמיון גבוה במסגרת התחומית, אבל לא זהות מלאה ברמת הסנקציה.

2. תפקיד הנאשם ומעורבותו — בשני המקרים הנאשם מופיע כמחזיק/נושא הנשק (מעורבות פעילה יחסית), אין עדות ליזום פשע אחר או לשילוח; אין הבדל מהותי בתפקיד או ברמת המעורבות בין התיקים. סיכום: דמיון גבוה.

3. שיטת הביצוע (MO) — בשניהם נשק טעון עם מחסנית מוכנסת ומוסלק/מוסתר ברכב, כלומר דפוס ביצוע דומה; תיק 2 כולל גם נשיאה על הגוף, מה שמייצר אלמנט פרטני של זמינות/ניידות שאינו קיים בתיק 1. סיכום: דמיון גבוה-מבלי מעט הבדלים פרקטיים.

4. נסיבות הליבה — יש הבדלים מהותיים: תיק 1 מציין מספר מחסניות והצדקה של הגנה עצמית (וייתכן חומרה גבוהה בגלל עודפי תחמושת ומניע טיעוני), בעוד תיק 2 מציין מחסנית אחת של 15 כדורים ונשיאה על הגוף; הבדלים בכמות תחמושת, טיעון הגנה עצמית ונשיאה על הגוף משפיעים משמעותית על התממשות יסודות העבירה ועל ענישה. סיכום: דמיון בינוני-נמוך בנסיבות הליבה.

5. ישימות כתקדים — בית משפט ימצא את התיקים רלוונטיים זה לזה כשבניית תקדים ענייני (אותו כלי, טעון, מוסתר/נישא), אך ישיבות עובדתיות כגון מספר מחסניות, נשיאה על הגוף וטיעון הגנה עצמית יחייבו התאמות והבהרות בפסיקה לפני שיחולו לשם קביעת ענישה זהה. סיכום: רלוונטיות תקדימית משמעותית אך בכפוף להבחנות עובדתיות.

SIMILARITY_SCORE: 75","ok",""
"ME-17-04-613-913","ME-12-04-33577-700",1,0,0,"{""מספר עבירה"": ""144 ב"", ""סוג עבירה"": ""נשיאת נשק, הובלת נשק"", ""סוג הנשק [אקדח]"": 1.0, ""סטטוס הנשק"": ""נשק עם מחסנית בהכנס"", ""תכנון"": ""לא"", ""אופן החזקת הנשק"": ""ברכב, על גופו, מוסלק - מוסתר"", ""כמות תחמושת"": ""מחסנית ובה 15 כדורים""}","{""מספר עבירה"": ""144 א, 144 ב"", ""סוג עבירה"": ""החזקה נשק, נשיאת נשק"", ""עבירות נוספות"": ""כן"", ""סוג הנשק [אקדח]"": 1.0, ""סטטוס הנשק"": ""נשק עם כדור בקנה"", ""תכנון"": ""כן"", ""אופן החזקת הנשק"": ""על גופו"", ""מטרה-סיבת העבירה"": ""סכסוך"", ""שימוש"": ""כן,ירי""}",45.0,"1. סוג העבירה וחומרתה — שני התיקים נוגעים בעבירות נשק (144ב קיים בשניהם), כלומר תחום זהה מבחינת יסוד העבירה, אך תיק 2 חמור בהרבה: כולל גם 144א ועבירות נוספות וכן שימוש בנשק (ירי). לפיכך דמיון בסיווג הכללי קיים, אך רמת חומרה שונה במידה מהותית.

2. תפקיד הנאשם ומעורבותו — בתיק 1 מדובר בהחזקה/נשיאה בפועל ללא תכנון וללא שימוש; בתיק 2 המעורבות פעילה ויזמית (תכנון) וכוללת שימוש בנשק בסכסוך. המעורבות בתיק 2 היא פעילה ומבצעת; זהו הבדל מהותי ביחס לאשמה ולאחריות הפלילית.

3. שיטת הביצוע (MO) — שניהם כוללים אקדח שנישא/הוחזק, מוסלק/על הגוף ומחסנית/כדורים קיימים, כך שמבחינת אמצעי הביצוע יש חפיפה. עם זאת, מצב נשק (כדור בקנה) והשימוש בו בתיק 2 מצביעים על שיטת ביצוע מסוכנת ואלימה יותר מאשר אחיזה/הסתרה בתיק 1.

4. נסיבות הליבה — כמות הנשק דומה (אקדח יחיד), אך עוד נתונים מהותיים חורגים: בתיק 2 יש תכנון, מטרה (סכסוך), ירי ויש עבירות נוספות; בתיק 1 אין תכנון ואין שימוש. נסיבות מחמירות בתיק 2 פוגעות בדמיון מהותי לנסיבות בתיק 1.

5. ישימות כתקדים — בית משפט יראה על רמה בסיסית של רלוונטיות בין המקרים כשמדובר ביסודות עבירת נשיאת/החזקה של אקדח, כך שהפסיקה בתיק 1 יכולה לשמש כאינדיקציה לפסיקה על יסודות העבירה. אולם בעבודת הענישה והערכת חומרה התיק 2 שונה מאד בשל תכנון, שימוש ועבירות נוספות, ולכן תיק 1 יהיה תקדים מוגבל בלבד ולא מתאים כהנחיה ישירה לענישה בתיק 2.

SIMILARITY_SCORE: 45","ok",""
"ME-21-10-18557-340","ME-16-10-9348-780",1,0,0,"{""מספר עבירה"": ""144 א, 144 ב"", ""סוג עבירה"": ""החזקה נשק, נשיאת נשק, הובלת נשק"", ""עבירות נוספות"": ""כן"", ""סוג הנשק [תת מקלע מאולתר]"": 1.0, ""סטטוס הנשק"": ""נשק עם כדור בקנה"", ""תכנון"": ""לא"", ""אופן החזקת הנשק"": ""בבית, ברכב, על גופו"", ""כמות תחמושת"": ""מחסנית ולכל הפחות שני כדורים"", ""מטרה-סיבת העבירה"": ""סכסוך"", ""שימוש"": ""כן,ירי""}","{""מספר עבירה"": ""144 ב"", ""סוג עבירה"": ""נשיאת נשק"", ""סוג הנשק [רובה צייד]"": 1.0, ""סטטוס הנשק"": ""נשק מופרד מתחמושת"", ""תכנון"": ""לא"", ""אופן החזקת הנשק"": ""בבית, ברכב"", ""כמות תחמושת"": ""75 כדורים"", ""מטרה-סיבת העבירה"": ""לעורר את אביו""}",40.0,"1. סוג העבירה וחומרתה  
שני התיקים עוסקים בעבירות נשק בסעיף 144, אך חומרתן שונה במידה ניכרת: תיק 1 כולל החזקה, נשיאה, הובלה וגם שימוש בירי (ועבירות נוספות) ונשק מאולתר טעון — מקרה מוחמר; תיק 2 הוא בעיקר נשיאה של רובה צייד כשהנשק מופרד מתחמושת וללא ירי — חומרה נמוכה יותר. באופן ענייני מדובר באותה קטגוריה משפטית אך ברמות חומרה שונות מאוד.

2. תפקיד הנאשם ומעורבותו  
בתיק 1 המעורבות פעילה ואלימה (ירי בשדה/סכסוך), כולל נשיאה על הגוף ושימוש בפועל; בתיק 2 המעורבות פסיבית יותר — אחזקה/נשיאה ללא שימוש פיזי בנשק, המניע ייתכן פזיז אך לא נסגר על אלימות ממשית. מבחינת אחריות פלילית רמת היזמה והסכנה גבוהה בתיק 1 לעומת תיק 2.

3. שיטת הביצוע (MO)  
קיים חפיפה חלקית בשיטות ההחזקה (בית/רכב, היעדר תכנון), אך ההבדלים מהותיים: סוגי הנשק שונים (תת‑מקלע מאולתר מול רובה צייד), מצב הנשק שונה (טעון ובקנה מול מופרד מתחמושת), ותיק 1 כולל שימוש בירי — שינוי מהותי ב‑MO. לכן דמיון בנסיבות הלוגיסטיות בלבד, לא בדפוס הנזק.

4. נסיבות הליבה  
תיק 1 כולל נשק מאולתר, טעון, מחסנית וכדורים, שימוש במטרה של סכסוך ועבירות נוספות — נסיבות מחמירות ברורות; תיק 2 כולל כמות תחמושת גדולה אך נשק מופרד מתחמושת, ללא ירי, ומניע של העוררות/הטרדה משפחתית — נסיבות מקלות יחסית. גורמי הסיכון והאלימות בתיק 1 מצביעים על פער מהותי בנסיבות הליבה.

5. ישימות כתקדים  
בית המשפט יראה רלוונטיות פורמלית (אותו סעיף) אך ככלל לא יחשב תיק 1 כקירוב ענייני לתיק 2 לצורכי ענישה או הרשעה בלי התאמות משמעותיות — תיק 1 מתאים כתקדים לענישה מחמירה במקרים של ירי/נשק טעון/נשק מאולתר; תיק 2 נוטה להישקל בנפרד. כלומר יש בעלות על קטגוריה משותפת אך שימוש כתקדים מוגבל ומותנה.

SIMILARITY_SCORE: 40","ok",""
"SH-16-04-30406-325","SH-16-11-7544-55",3,1,1,"{""מספר עבירה"": ""144 א"", ""סוג עבירה"": ""החזקה נשק"", ""סוג הנשק [תת מקלע מאולתר]"": 1.0, ""סטטוס הנשק"": ""נשק מופרד מתחמושת"", ""תכנון"": ""לא"", ""אופן החזקת הנשק"": ""ברכב"", ""אופן קבלת הנשק"": ""רכש"", ""כמות תחמושת"": ""מחסנית ריקה ובה 0 כדורים, 2 מחסניות""}","{""מספר עבירה"": ""144 א"", ""סוג עבירה"": ""החזקה נשק"", ""סוג הנשק [תת מקלע מאולתר]"": 1.0, ""סטטוס הנשק"": ""נשק מופרד מתחמושת"", ""תכנון"": ""לא"", ""אופן החזקת הנשק"": ""על גופו, מוסלק - מוסתר"", ""כמות תחמושת"": ""מחסנית ובה 10 כדורים""}",75.0,"1. סוג העבירה וחומרתה — שני התיקים עוסקים באותה עבירה (סעיף 144א) ובאותו סוג נשק (תת‑מקלע מאולתר), כך שהיסודות המהותיים של העבירה זהים. עם זאת, נוכחות תחמושת טעונה ותיקון נשק מוסלק על הגוף בתיק 2 מעלה את חומרת האירוע ביחס לתיק 1.

2. תפקיד הנאשם ומעורבותו — בשני המקרים מדובר בהחזקה פעילה של נשק (לא סוחר/שליח), לכן מעורבות הנאשם דומה מבחינת היותו בעל הנשק/מחזיקו. אין הבדל מהותי בתפקיד או ברמת הנטל האשם בין התיקים.

3. שיטת הביצוע (MO) — מבחינת ה‑MO יש דמיון בסיסי: החזקה של תת‑מקלע מאולתר. עם זאת יש הבדל משמעותי באופי ההחזקה: ברכב (תיק 1) לעומת מוסלק על הגוף (תיק 2), וכן בתכולת התחמושת (ריק/מעט מול מגזין טעון). אלה שינויים שמשפיעים על רעיון הכוונה והנכונות לשימוש.

4. נסיבות הליבה — כאן יש שונות מהותית: תיק 2 כולל מגזין טעון (10 כדורים) ונשק מוסלק על הגוף, נסיבות שמחמירות את הסיכון והצד הפלילי; תיק 1 מציג נשק מופרד מתחמושת ומחסניות ריקות/מעטות, מצביע על פחות מוכנות לשימוש מיידי. הבדלים אלה ברמות הסכנה והתכנון הם מהותיים לענישה והבחנה עובדתית.

5. ישימות כתקדים — התיקים רלוונטיים זה לזה ביחס לאבחנה של עבירת ההחזקה והאלמנטים היסודיים (פסיקה על 144א לגבי תת‑מקלע מאולתר תסייע). עם זאת, בית‑המשפט צפוי להבחין בין המקרים כשמדובר בענישה או בהערכת מסוכנות, וייתכן שיוריד או יגביה עונש בהתאם לנוכחות תחמושת ומוסלקות על הגוף בתיק 2.

SIMILARITY_SCORE: 75","ok",""
"SH-16-11-7544-55","ME-13-10-28139-807",1,0,0,"{""מספר עבירה"": ""144 א"", ""סוג עבירה"": ""החזקה נשק"", ""סוג הנשק [תת מקלע מאולתר]"": 1.0, ""סטטוס הנשק"": ""נשק מופרד מתחמושת"", ""תכנון"": ""לא"", ""אופן החזקת הנשק"": ""על גופו, מוסלק - מוסתר"", ""כמות תחמושת"": ""מחסנית ובה 10 כדורים""}","{""מספר עבירה"": ""144 א"", ""סוג עבירה"": ""החזקה נשק"", ""עבירות נוספות"": ""כן"", ""סוג הנשק [אקדח]"": 1.0, ""סטטוס הנשק"": ""נשק עם כדור בקנה"", ""תכנון"": ""כן"", ""אופן החזקת הנשק"": ""על גופו"", ""מטרה-סיבת העבירה"": ""סכסוך"", ""שימוש"": ""כן,ירי""}",52.0,"1. סוג העבירה וחומרתה — שניהם נושאים את אותה תיוג פלילי (החזקה נשק, סעיף 144א), אך חומרת המקרה שונה: תיק 2 מלווה בנשק טעון, תכנון, שימוש ירי ועבירות נוספות ולכן הרבה יותר מחמיר מאשר תיק 1 שבו הנשק מופרד מתחמושת ולא תכנוני. יש דמיון פורמלי בעבירה אך פער מהותי בחומרה.

2. תפקיד הנאשם ומעורבותו — בשני התיקים הנאשם הוא בעל/נושא נשק על גופו (מעורבות פעילה כמאחסן/נושא), כך שהתפקיד דומה; עם זאת תיק 2 מציג מעורבות תוקפנית ומכוונת (תכנון ושימוש), בעוד תיק 1 מעורבות פסיבית יותר (החזקה מוסלקת, ללא שימוש).

3. שיטת הביצוע (MO) — קיים דמיון חלקי: נשק מוחזק על הגוף בשני המקרים. עם זאת סוג הנשק (תת‑מקלע מאולתר מול אקדח), מצב הכוננות (מופרד מתחמושת לעומת כדור בקנה) והשימוש בפועל שונים במידה ניכרת, ולכן ה‑MO הכולל אינו זהה.

4. נסיבות הליבה — פער משמעותי: בתיק 1 נשק מוסלק ותחמושת מופרדת (מחסנית של 10 כדורים), בתיק 2 נשק טעון, תכנון, מטרה של סכסוך ושימוש ירי — נסיבות מחמירות ותוצאתיות שאין בתיק 1. ההבדלים בנסיבות הליבה מהותיים להשוואת ענישה.

5. ישימות כתקדים — חלקית: התיק 1 יכול לשמש כהשוואה מוגבלת לעקרונות היסוד של הוכחת החזקה ואזורי פגיעה (אותו סעיף), אך פערים בחומרה, בכוננות ובשימוש מעכבים שימוש ישיר כתקדים לענישה או להגדרת מעשה מסוכן בתיק 2. בתי המשפט יראו רלוונטיות חלקית אך יטילו משקל נמוך יותר על דמיון זה מול נסיבות המחמירות בתיק 2.

SIMILARITY_SCORE: 52","ok",""
"ME-16-04-12480-812","SH-16-05-42991-439",1,0,0,"{""מספר עבירה"": ""144 א, 144 ב"", ""סוג עבירה"": ""החזקה נשק, נשיאת נשק, הובלת נשק"", ""עבירות נוספות"": ""כן"", ""סוג הנשק [תת מקלע מאולתר]"": 1.0, ""סטטוס הנשק"": ""נשק עם כדור בקנה"", ""תכנון"": ""כן"", ""אופן החזקת הנשק"": ""ברכב, על גופו, מוסלק - מוסתר"", ""כמות תחמושת"": ""17 כדורים"", ""מטרה-סיבת העבירה"": ""סכסוך"", ""שימוש"": ""כן,ירי""}","{""מספר עבירה"": ""144 א"", ""סוג עבירה"": ""החזקה נשק"", ""עבירות נוספות"": ""כן"", ""סוג הנשק [אקדח]"": 1.0, ""סטטוס הנשק"": ""נשק עם מחסנית בהכנס"", ""תכנון"": ""כן"", ""אופן החזקת הנשק"": ""בבית, מוסלק - מוסתר"", ""כמות תחמושת"": ""מחסנית ובה 13 כדורים"", ""מטרה-סיבת העבירה"": ""סכסוך""}",65.0,"1. סוג העבירה וחומרתה — שני התיקים עוסקים בעבירות נשק לפי סעיף 144 (החזקה/נשיאה), אך בתיק 1 מופיעות גם עבירות נוספות וירי בפועל, מה שמגביה משמעותית את חומרת המקרה הראשון; 따라서 מדובר באותו תחום עבירות אך רמות חומרה שונות.  
2. תפקיד הנאשם ומעורבותו — אין תיאור של תפקיד ""מזמין/סוחר"" בשני המקרים, אבל בתיק 1 יש מעורבות פעילה (נשיאה ברכב, על הגוף ושימוש בירי), בעוד בתיק 2 מתמצת החזקה מוסלקת בבית ללא דיווח על שימוש — כלומר פעיל לעומת יחסית פסיבי.  
3. שיטת הביצוע (MO) — דפוס דומה: נשק מוסלק/מוסתר, תכנון מראש, נשק טעון, מטרה סכסוכית; ההבדל הוא בסוג הנשק (תת‑מקלע מאולתר מול אקדח) ובמיקום ההחזק (ברכב/על הגוף מול בבית). מבחינת אמצעי ובניית הכוונה זו התאמה משמעותית.  
4. נסיבות הליבה — כמות תחמושת דומה יחסית (17 vs 13), אך בתיק 1 יש שימוש בירי ואפשרות נשק חצי/אוטומטי שהגבירה את סכנת הנזק, וכן הובלה ברכב ומהלך מוסתר בשטח ציבורי — נסיבות מחמירות יותר בתיק 1 שמשנות את השיקול הענישי.  
5. ישימות כתקדים — בית משפט ימצא רלוונטיות בין המקרים מבחינת יסודות ההחזקה והנסיבות התכנוניות, אך הפגיעה (ירי) והחומרה וההובלה בתיק 1 יוציאו אותו ממסגרת הענישה של תיק 2; כלומר תקדים חלקי ורלוונטי לענישה בסיסית, פחות כקלף שווה במקרה של שימוש בפועל.  

SIMILARITY_SCORE: 65","ok",""
"ME-16-05-9968-487","ME-13-04-35007-454",3,1,1,"{""מספר עבירה"": ""144 א, 144 ב"", ""סוג עבירה"": ""החזקה נשק, נשיאת נשק"", ""סוג הנשק [תת מקלע מאולתר]"": 1.0, ""סטטוס הנשק"": ""נשק עם מחסנית בהכנס"", ""תכנון"": ""לא"", ""אופן החזקת הנשק"": ""מוסלק - מוסתר"", ""אופן קבלת הנשק"": ""מאחר"", ""כמות תחמושת"": ""מחסנית"", ""מטרה-סיבת העבירה"": ""חתונה""}","{""מספר עבירה"": ""144 א, 144 ב"", ""סוג עבירה"": ""החזקה נשק, נשיאת נשק"", ""סוג הנשק [אקדח]"": 1.0, ""סטטוס הנשק"": ""נשק עם כדור בקנה"", ""תכנון"": ""כן"", ""אופן החזקת הנשק"": ""על גופו"", ""מטרה-סיבת העבירה"": ""סכסוך""}",50.0,"1. סוג העבירה וחומרתה — שני התיקים עוסקים באותו חומר פלילי (החזקה ונשיאת נשק לפי ס' 144), ולכן מבחינה פורמלית סוג העבירה זהה. עם זאת חומרת המקרה שונה: בתיק 2 קיימים אלמנטים מחמירים (תכנון, נשק מוכן לירי) בעוד שבתיק 1 יש zwar נשק חזק אך אין תכנון גלוי ומטרתו חגיגית, מה שמקטין מעט את הדמיון בחומרה. בסיכום: דמיון פורמלי גבוה, דמיון מהותי בחומרה בינוני-נמוך.

2. תפקיד הנאשם ומעורבותו — בשני התיקים הנאשם הוא מחזיק/נושא נשק, כלומר תפקיד דומה (נשא/מחזיק). עם זאת בתיק 1 המעורבות נראית פסיבית יותר (קבלת הנשק מאחר, שימוש באירוע), בעוד שבתיק 2 המעורבות אקטיבית ותכנונית. מסקנה: דמיון בסיסי בתפקיד, אך יש שונות מהותית במידת המעורבות.

3. שיטת הביצוע (MO) — גם כאן קיים אלמנט משותף מצומצם: נשיאת נשק שאינה במסגרת רישוי. אך אופן ההחזק וההכנה שונים באופן מהותי: בתיק 1 הנשק מוסלק ומחסנית במצב אחסון; בתיק 2 הנשק נשא על הגוף וכדור בקנה, מה שמצביע על נכונות מיידית לשימוש. לכן דפוס ביצוע דומה ברמת העבירה בלבד, אך שונה מאוד במכשירים ובהכנה.

4. נסיבות הליבה — הבדלים מהותיים: סוג הנשק שונה (תת‑מקלע מאולתר לעומת אקדח), מצב נשק ותחמושת שונים, קיומו של תכנון בתיק 2 וגם המטרה שונה (סכסוך אלים מול חתונה/אירוע). אלה גורמים שמשפיעים ישירות על מינון הענישה והסיכון החברתי, ולכן הדמיון כאן נמוך מאוד.

5. ישימות כתקדים — בית משפט ימצא תועלת בפרקליטויות ובבתי המשפט בהשוואה כי מדובר באותה עבירה פורמלית, ולכן תקדים יכול לשמש להבהרת ההגדרות היסודיות של ההחזקה/נשיאה. עם זאת, נסיבות מחמירות בתיק 2 (תכנון, נשק מוכן, מטרה אלימה) יحدו את משקל התקדים בתיק 1 מבחינת ענישה; כלומר רלוונטיות במסגרת הגדרת העבירה גבוהה, במסגרת ענישה ויחס מחמיר נמוכה‑בינונית.

SIMILARITY_SCORE: 50","ok",""
"ME-16-11-69158-529","ME-14-12-6904-57",2,0,1,"{""מספר עבירה"": ""144 ב"", ""סוג עבירה"": ""נשיאת נשק"", ""עבירות נוספות"": ""כן"", ""סוג הנשק [תת מקלע]"": 1.0, ""סטטוס הנשק"": ""נשק עם כדור בקנה"", ""תכנון"": ""כן"", ""אופן החזקת הנשק"": ""בבית, ברכב, מוסלק - מוסתר, סמוך לבית"", ""מטרה-סיבת העבירה"": ""חתונה"", ""שימוש"": ""כן,ירי""}","{""מספר עבירה"": ""144 ב"", ""סוג עבירה"": ""נשיאת נשק, הובלת נשק"", ""עבירות נוספות"": ""כן"", ""סוג הנשק [תת מקלע מאולתר]"": 1.0, ""סטטוס הנשק"": ""נשק מופרד מתחמושת"", ""תכנון"": ""כן"", ""אופן החזקת הנשק"": ""בבית, על גופו, מוסלק - מוסתר"", ""אופן קבלת הנשק"": ""רכש"", ""כמות תחמושת"": ""מחסנית וכדורים""}",70.0,"1. סוג העבירה וחומרתה — שני התיקים נשאים תחת אותה עבירה (סעיף 144ב, נשיאת/הובלת נשק) ות involve תת‑מקלע, כך מבחינה פורמלית מדובר באותו תחום פלילי; עם זאת, בתיק 1 אירע ירי אמיתי ונשק היה טעון בקנה, מה שמגביה את חומרת המעשים משמעותית ביחס לתיק 2 שבו הנשק מופרד מתחמושת (למרות שיש מחסנית וכדורים). המסקנה: אותם סוג עבירה אך שונות מהותית ברמת הסכנה והחומרה של המעשה.

2. תפקיד הנאשם ומעורבותו — בשני המקרים הנאשם נראה כמאחז/נושא הנשק ולא כמתווך טהור, ושניהם כללו תכנון ואחזקת נשק מוסלק; עם זאת בתיק 1 היו מעורבות פעילה ושימוש (ירי) מה שמציב את הנאשם כיזום/מבצע, בעוד שבתיק 2 המידע מצביע יותר על החזקה/הובלה ורכישה ללא עדות לשימוש. המסקנה: דמיון בתפקיד הבסיסי (מחזיק/נושא) אך הבדלים משמעותיים ברמת הפעילות והיזומה.

3. שיטת הביצוע (MO) — יש דמיון ב‑MO בכל הנוגע להחזקת נשק מוסלק, תכנון וכיסוי (בית/רכב/מוסלק), וכן שימוש בנשק מסוג תת‑מקלע; הבדל בולט הוא בתוצאה: בתיק 1 ירי בפומבי (חתונה), בתיק 2 נשק מופרד מתחמושת ורכושתו מסומנת. המסקנה: דפוסי החזקת ונשיאת הנשק קרובים אך אמצעי ההשפעה והפגיעה שונים.

4. נסיבות הליבה — שניהם כוללים תכנון ומוסלקות, ותיק 2 אף מציג רכישה ומחסנית; אולם בתיק 1 יש נסיבות מחמירות מאוד (נשק טעון, ירי באירוע ציבורי), בעוד שבתיק 2 החומרה נמוכה יחסית למרות קיום תחמושת. המסקנה: חלק מהנסיבות חופפות (תכנון, מוסלקות, סוג נשק), אך הנסיבות המחמירות בתיק 1 מפחיתות התאמה מהותית.

5. ישימות כתקדים — בית משפט ירצה בהחלט בתיקים אלה כנקודות השוואה בענישה ובאחריות, כי הם נוגעים לאותו סעיף ונשק דומה; יחד עם זאת, היעדר ירי ותשתית של הפרדה מתחמושת בתיק 2 יגרמו לכך שתיק 1 ישמש תקדים מחמיר יותר ופחות מתאים להכשרת קביעות מקילות בתיק 2. לפיכך ישימות כתקדים קיימת אך מוגבלת — רלוונטית בעיקר לנושאים של החזקת נשק מוסלק ותכנון, פחות לכיסי החמרה שנובעים מירי בפועל.

SIMILARITY_SCORE: 70","ok",""
"SH-11-05-24791-315","ME-16-10-9348-780",1,0,0,"{""מספר עבירה"": ""144 א"", ""סוג עבירה"": ""החזקה נשק"", ""סוג הנשק [אקדח]"": 1.0, ""סטטוס הנשק"": ""נשק מופרד מתחמושת"", ""תכנון"": ""לא"", ""אופן החזקת הנשק"": ""בבית"", ""אופן קבלת הנשק"": ""מאחר"", ""כמות תחמושת"": ""2 מחסניות""}","{""מספר עבירה"": ""144 ב"", ""סוג עבירה"": ""נשיאת נשק"", ""סוג הנשק [רובה צייד]"": 1.0, ""סטטוס הנשק"": ""נשק מופרד מתחמושת"", ""תכנון"": ""לא"", ""אופן החזקת הנשק"": ""בבית, ברכב"", ""כמות תחמושת"": ""75 כדורים"", ""מטרה-סיבת העבירה"": ""לעורר את אביו""}",52.0,"1. סוג העבירה וחומרתה — שני התיקים עוסקים בעבירות נשק אך תחת הוראות שונות (144א החזקה לעומת 144ב נשיאה). נשיאה בדרך כלל נתפסת כחמורה יותר מאשר החזקה ביתית, ולכן מבחינת סוג וחומרה קיים דמיון חלקי בלבד. 

2. תפקיד הנאשם ומעורבותו — בשני המקרים הנאשם מתואר כמצוין המחזיק/נושא נשק ללא תכנון וללא יצירה של מבצע אלים פעיל; מדובר במעורבות יחסית פסיבית/אחזקתית ולא כיזום פשע. מבחינת תפקיד והיקף המעורבות יש דמיון מהותי גבוהה.

3. שיטת הביצוע (MO) — קיימים אלמנטים דומים: נשק מופרד מתחמושת, חוסר תכנון מוקדם. יחד עם זאת אמצעי הביצוע שונים במידת הניידות (רכב+בית מול רק בית) ובסוג הנשק (אקדח מול רובה), מה שמוריד את מידת הדמיון. 

4. נסיבות הליבה — פערים מהותיים: כמות תחמושת גדולה בתיק 2 (75 כדורים) מול שתי מחסניות בלבד בתיק 1, נוכחות ברכב והיעדר/קיום מטרה/מניע של עידוד/הסתה בתיק 2. אלה נסיבות מחמירות שמבדילות משמעותית בין המקרים. 

5. ישימות כתקדים — בהיבט של עקרונות משפטיים כגון משמעות ההפרדה בין נשק ותחמושת או העדר תכנון, התיק 1 יכול להוות עיון רלוונטי; אולם ההבחנות על נשיאה, כמות תחמושת ומניע מטרת העבירה בתיק 2 יחייבו הסתייגות חזקה. בהתאם, כתקדים ענייני התיקים רלוונטיים במידה מוגבלת אך לא זהים.

SIMILARITY_SCORE: 52","ok",""
"ME-15-12-39071-113","ME-10-08-17917-313",3,1,1,"{""מספר עבירה"": ""144 א"", ""סוג עבירה"": ""החזקה נשק"", ""סוג הנשק [אקדח]"": 1.0, ""סטטוס הנשק"": ""תקין"", ""תכנון"": ""לא"", ""אופן החזקת הנשק"": ""ברכב, מוסלק - מוסתר""}","{""מספר עבירה"": ""144 א"", ""סוג עבירה"": ""החזקה נשק"", ""עבירות נוספות"": ""כן"", ""סוג הנשק [אקדח]"": 1.0, ""סטטוס הנשק"": ""נשק מופרד מתחמושת"", ""תכנון"": ""לא"", ""אופן החזקת הנשק"": ""בבית, מוסלק - מוסתר"", ""אופן קבלת הנשק"": ""מאחר"", ""כמות תחמושת"": ""3 כדורים"", ""מטרה-סיבת העבירה"": ""הגנה עצמית""}",70.0,"1. סוג העבירה וחומרתה — שני התיקים עוסקים באותה עבירה (סעיף 144א, החזקת נשק) וכן בשימוש באותו סוג נשק (אקדח), כך שמבחינת האבחנה העקרונית הם זהים בעבירה הבסיסית. עם זאת, סטטוס הנשק שונה (תקין לעומת מופרד מתחמושת) וגורם זה עשוי להשפיע על חומרת העבירה בפועל ועל ההשפעה על הענישה.

2. תפקיד הנאשם ומעורבותו — בשני המקרים מדובר בהחזקה פרטית של הנשק (לא סחר/הברחה), כלומר מעורבות פעילה דומה של בעלויות והחזקה אישית. אי־הימצאות תפקיד של מתווך/מסחרי מחזק את הדמיון בתיקי אשמה והאחריות הפלילית.

3. שיטת הביצוע (MO) — בשני המקרים הנשק מוסלק ומוחזק בחשאי, כלומר דפוס החבאה דומה (מוסתר). ההבדל במיקום ההחזק — ברכב בתיק 1 ובבית בתיק 2 — חשוב מבחינת סיכון לציבור אך בענייני MO מדובר בשיטות החבאה אישיות דומות.

4. נסיבות הליבה — יש הבדלים מהותיים: בתיק 1 הנשק מוגדר כ""תקין"" (אולי כשיכול לשמש מיד), בתיק 2 הנשק מופרד מתחמושת וקיימת כמות קטנה של תחמושת (3 כדורים) ומטרה מצוינת (הגנה עצמית) וכן יש ""עבירות נוספות"". אלה מבחינות יכולות להצדיק הבדלים משמעותיים בניכוי/החרפה של עונש ובתפיסת הסיכון, ולכן מצמצמות את הדמיון המהותי.

5. ישימות כתקדים — בית משפט ימצא שהתיקים רלוונטיים ותיקים אפשריים כתקדים אחד לשני במישור היסודי (סוג העבירה, החזקה מוסלקת של אקדח), אך ייתן משקל שונה לנסיבות המקלות/מחמירות (תקינות נשק, הפרדה מתחמושת, מטרה של הגנה עצמית, מקום ההחזק והעבירות הנוספות). לכן התיק 1 יכול לשמש כהנחיה כללית אך לא תקדים מדויק לחלוטין לצורכי ענישה.

SIMILARITY_SCORE: 70","ok",""
"ME-22-03-52964-443","SH-17-08-47445-166",1,0,0,"{""מספר עבירה"": ""144 א, 144 ב"", ""סוג עבירה"": ""החזקה נשק, נשיאת נשק, הובלת נשק"", ""עבירות נוספות"": ""כן"", ""סוג הנשק [אקדח]"": 1.0, ""סטטוס הנשק"": ""נשק עם מחסנית בהכנס"", ""תכנון"": ""כן"", ""אופן החזקת הנשק"": ""על גופו, מוסלק - מוסתר"", ""כמות תחמושת"": ""מחסנית ובה 16 כדורים, מחסנית נוספת ובה 16 כדורים"", ""מטרה-סיבת העבירה"": ""הגנה עצמית""}","{""מספר עבירה"": ""144 א"", ""סוג עבירה"": ""החזקה נשק"", ""סוג הנשק [אקדח]"": 1.0, ""סטטוס הנשק"": ""תקין"", ""תכנון"": ""לא"", ""אופן החזקת הנשק"": ""בבית""}",40.0,"1. סוג העבירה וחומרתה — שני התיקים שייכים לאותו תחום עיקרי (החזקה של נשק יד-, סעיף 144), אך בתיק 1 יש גם נשיאה והובלה ועמידה בעבירות נוספות; תיאור הנשק טעון ופעיל (מחסנית בהכנס, תחמושת רב-מספרית) מה שמקנה חומרה גבוהה יותר. לפיכך הם קרובים בסיווג הכללי אך שונים ברמת החומרה המשמעותית.

2. תפקיד הנאשם ומעורבותו — בשני התיקים הנאשם הוא מחזיק הנשק, כלומר אותו ""תפקיד"" יסודי; עם זאת בתיק 1 המעורבות פעילה (נשיאה מוסלקת על הגוף, תכנון והובלה) בעוד בתיק 2 מדובר בהחזקה פסיבית בבית. דמיון בינוני-נמוך.

3. שיטת הביצוע (MO) — תפיסת ה-MO שונה: מוסלק ונשאת על הגוף עם תכנון ותוספת תחמושת בתיק 1, לעומת אחסון בבית ו""תקינות"" בלבד בתיק 2 בלי תכנון. הממדים המעשיים והסכנה הציבורית שונים, ולכן דמיון נמוך.

4. נסיבות הליבה — הבדלים מהותיים בכמות התחמושת, במצב הנשק (טעון עם מחסנית), בהסתרה, בתכנון ובקיום עבירות נוספות בתיק 1 לעומת מצב ביתי פשוט בתיק 2. נסיבות מחמירות רבות בתיק 1 שמקטינות את ההתאמה של התיק הפחות חמור כתקדים ענייני לתיק החמור.

5. ישימות כתקדים — חלקית: לשאלת יסודות ההחזקה (אקטוס ראוס/קיום הנשק) תיקים כאלה יכולים להיות רלוונטיים זה לזה, אך בכל הנוגע לענישה והערכת מסוכנות הציבור בית המשפט ייחשוב את תיק 1 כחמור בהרבה ולכן תוצאות תיק 2 לא יהיו תקדימיות משמעותיות לענישה בתיק 1. בסך הכל תקדימים מועטים ורלוונטיות מוגבלת.

SIMILARITY_SCORE: 40","ok",""
"ME-15-12-39071-113","SH-11-12-35552-181",3,1,1,"{""מספר עבירה"": ""144 א"", ""סוג עבירה"": ""החזקה נשק"", ""סוג הנשק [אקדח]"": 1.0, ""סטטוס הנשק"": ""תקין"", ""תכנון"": ""לא"", ""אופן החזקת הנשק"": ""ברכב, מוסלק - מוסתר""}","{""מספר עבירה"": ""144 א"", ""סוג עבירה"": ""החזקה נשק"", ""סוג הנשק [אקדח]"": 1.0, ""סטטוס הנשק"": ""תקין"", ""תכנון"": ""כן"", ""אופן החזקת הנשק"": ""בבית, מוסלק - מוסתר"", ""אופן קבלת הנשק"": ""רכש""}",70.0,"1. סוג העבירה וחומרתה — שני התיקים עוסקים באותה עבירה (סעיף 144א) ובאותה חומרה: החזקת אקדח תקין. מבחינה זו הם זהים מבחינת המסגרת החוקית והחומרה המצופה.  

2. תפקיד הנאשם ומעורבותו — בשני המקרים מדובר בהחזקה אישית של הנשק ללא נתונים על סחר או שליחות; אין הבדל מהותי בתפקיד או במידת המעורבות. הרמת האחריות העובדתית דומה.  

3. שיטת הביצוע (MO) — בשני המקרים הנשק מוסלק/מוסתר, אך יש הבדל במיקום (ברכב לעומת בבית) ובקיום תכנון. דפוס ההסתרה דומה, אך הניידות והנסיבות הציבוריות ב""רכב"" עשויות לשנות את הערכת הסיכון.  

4. נסיבות הליבה — הבדל מהותי: תיק 2 כולל תכנון ורכישה מפורשת של הנשק, בעוד תיק 1 מציין חוסר תכנון ואופן החזקה ברכב. שניהם נשק תקין ואקדח יחיד, אך תכנון ואופן קבלת הנשק מהווים נסיבות מחמירות שבולטות.  

5. ישימות כתקדים — התיקים יהיו רלוונטיים זה לזה בענף החוקי (אותו סעיף), ובית המשפט ישתמש בהחלטות אחד כדי להשוות עובדות ועונש, אך סביר כי תכנון/רכישה ומיקום יובילו להתאמות ענישה. לכן התקדים רלוונטי אך לא שקול באופן מלא.  

SIMILARITY_SCORE: 70","ok",""
"ME-16-11-69158-529","ME-16-10-12213-904",1,0,0,"{""מספר עבירה"": ""144 ב"", ""סוג עבירה"": ""נשיאת נשק"", ""עבירות נוספות"": ""כן"", ""סוג הנשק [תת מקלע]"": 1.0, ""סטטוס הנשק"": ""נשק עם כדור בקנה"", ""תכנון"": ""כן"", ""אופן החזקת הנשק"": ""בבית, ברכב, מוסלק - מוסתר, סמוך לבית"", ""מטרה-סיבת העבירה"": ""חתונה"", ""שימוש"": ""כן,ירי""}","{""מספר עבירה"": ""144 ב"", ""סוג עבירה"": ""נשיאת נשק"", ""סוג הנשק [תת מקלע מאולתר]"": 1.0, ""סטטוס הנשק"": ""נשק מופרד מתחמושת"", ""תכנון"": ""כן"", ""אופן החזקת הנשק"": ""ברכב, מוסלק - מוסתר, סמוך לבית"", ""כמות תחמושת"": ""מחסנית ריקה ובה 0 כדורים, 1 כדור""}",55.0,"1. סוג העבירה וחומרתה — שני התיקים נושאים את אותה עבירה פורמלית (נשיאת נשק לפי אותן הוראות) ובאופן בסיסי מדובר באותו תחום פלילי; עם זאת בתיק 1 בוצע ירי וקיימות עבירות נוספות שמתארות חומרה ועונש חמור יותר. כלומר סוג העבירה דומה מאוד אך רמת החומרה לא זהה. 

2. תפקיד הנאשם ומעורבותו — בשני התיקים מדובר בהחזקת נשק ונשיאת נשק, אך בתיק 1 המעורבות פעילה (ירי ושימוש) בעוד שבתיק 2 נראה מעורבות פסיבית/אחסון ללא שימוש ידוע. הבדל זה במידת האקטיביות משפיע משמעותית על הדמיון הענייני. 

3. שיטת הביצוע (MO) — קווי הביצוע דומים: תת‑מקלע/תת‑מקלע מאולתר, ניסיון להסתיר הנשק, נשיאה/הסתרה ברכב ותכנון. גם אם בתיק 2 הנשק מופרד בתחמושת ובתיק 1 היה טעון, שיטת ההסתרה וההובלה דומה. 

4. נסיבות הליבה — קיימים הבדלים מהותיים: בתיק 1 נשק טעון וכבר אירע ירי ונוספו עבירות מחמירות (מטרה של חתונה, סכנה לשומעים), בעוד בתיק 2 נשק מופרד/מעט תחמושת ואין שימוש ידוע — אלה נסיבות מחמירות/מקלות שבעלות משקל רב בענישה. 

5. ישימות כתקדים — בית המשפט ימצא רלוונטיות חלקית בין התיקים לנכונות ההעמדה והאופי הבסיסי של העבירה (סעיף/מהות החזקת הנשק, הסתרה ותכנון), אבל מבחינת ענישה והערכת מסוכנות התיקים יובילו להבדלים מהותיים; לכן תקדימים מתוך תיק 2 יהיו רלוונטיים באופן מוגבל בלבד לנסיבות המחמירות של תיק 1. 

SIMILARITY_SCORE: 55","ok",""
"ME-16-03-59260-279","ME-16-08-54879-35",2,0,1,"{""מספר עבירה"": ""144 א, 144 ב"", ""סוג עבירה"": ""החזקה נשק, נשיאת נשק"", ""סוג הנשק [אקדח]"": 1.0, ""סטטוס הנשק"": ""נשק עם מחסנית בהכנס"", ""תכנון"": ""כן"", ""אופן החזקת הנשק"": ""בבית, ברכב, על גופו, מוסלק - מוסתר"", ""כמות תחמושת"": ""מחסנית ובה 14 כדורים"", ""מטרה-סיבת העבירה"": ""סכסוך""}","{""מספר עבירה"": ""144 ב"", ""סוג עבירה"": ""נשיאת נשק, הובלת נשק"", ""סוג הנשק [תת מקלע מאולתר]"": 1.0, ""סטטוס הנשק"": ""נשק מופרד מתחמושת"", ""תכנון"": ""לא"", ""אופן החזקת הנשק"": ""סמוך לבית"", ""כמות תחמושת"": ""מחסנית ובה 7 כדורים""}",55.0,"1. סוג העבירה וחומרתה — שני התיקים נוגעים לעבירות נשק לפי אותן הוראות (החזקה/נשיאה), לכן יש חפיפה תחומית משמעותית; עם זאת סוג הנשק וסטטוסו שונים (אקדח טעון מול תת‑מקלע מאולתר מופרד מתחמושת) מה שמשנה את דרגת הסיכון והחומרה שבהערכה ענישתית. בסיכום: אותו תחום עונשי אך הבדלי נשק וטעינתו מפחיתים את הדמיון בחומרה.

2. תפקיד הנאשם ומעורבותו — בתיק 1 המידע מורה על החזקה מוסלקת, נשיאה ותכנון, כלומר מעורבות פעילה ויזמית; בתיק 2 נראה שימוש כ""הובלה/נשיאה"" בסביבה של בית וללא תכנון, כלומר מעורבות פחות מתוכננת ואולי פונקציונלית. מבחינה מהותית התיקים דומים בכך ששני נאשמים הם מחזיקים/נושאים נשק, אך רמת היוזמה והפעילות שונה ולכן הדמיון חלקי בלבד.

3. שיטת הביצוע (MO) — שיטות שונות: בתיק 1 מוסלק, על הגוף/ברכב וטעון עם מחסנית מוכנסת ותכנון מראש; בתיק 2 נשק מופרד מתחמושת, ללא תכנון, נשיאה/הובלה סמוך לבית. דפוסי הביצוע מבחינת מוכנות לשימוש ותכנון שונים באופן מהותי, ולכן MO שונה במידה ניכרת.

4. נסיבות הליבה — הבדלים מהותיים בכמות התחמושת (14 לעומת 7), סטטוס נשק (טעון לעומת מופרד), סוג הנשק (אקדח סטנדרטי מול תת‑מקלע מאולתר) ומטרה/מניע (סכסוך בתיק 1, בתיק 2 לא צויין). ישנם גם פרמטרים מחמירים בתיק 1 (תכנון, הסתרה, מוכנות לשימוש) שמבדילים אותו מהנסיבות בתיק 2. בסיכום: נסיבות הליבה שונות ומשמעותיות.

5. ישימות כתקדים — כעיקרון פסיקה בשל עבירות נשק יכולה להיות רלוונטית בין תיקים באותו תחום; עם זאת, שיקוליו של בית המשפט בענישה ייתנו משקל רב לפרמטרים שבהם התיקים שונים (טיב הנשק, טעינה, תכנון, הסתרה, מניע). לכן התיק 2 יכול לשמש כתקדים מונחה לעקרונות כלליים, אך לא כתקדים מדויק בענישה פרטנית — הישימות מוגבלת עד בינונית.

SIMILARITY_SCORE: 55","ok",""
"SH-18-07-52337-770","SH-16-11-7544-55",3,1,1,"{""מספר עבירה"": ""144 א"", ""סוג עבירה"": ""החזקה נשק"", ""סוג הנשק [תת מקלע מאולתר]"": 1.0, ""סטטוס הנשק"": ""תקין"", ""תכנון"": ""לא"", ""אופן החזקת הנשק"": ""בבית, מוסלק - מוסתר""}","{""מספר עבירה"": ""144 א"", ""סוג עבירה"": ""החזקה נשק"", ""סוג הנשק [תת מקלע מאולתר]"": 1.0, ""סטטוס הנשק"": ""נשק מופרד מתחמושת"", ""תכנון"": ""לא"", ""אופן החזקת הנשק"": ""על גופו, מוסלק - מוסתר"", ""כמות תחמושת"": ""מחסנית ובה 10 כדורים""}",75.0,"1. סוג העבירה וחומרתה — שני התיקים עוסקים באותה עבירה (החזקה לפי סעיף 144א) ובאותו סוג נשק (תת‑מקלע מאולתר), כלומר מבחינת יסוד העבירה וחומרתה הם זהים במהותם; שני המצבים מצביעים על עבירה כבדה מבחינת סכנת הציבור. הבדלים קלים ב""סטטוס הנשק"" לא שינו את יסוד העבירה.

2. תפקיד הנאשם ומעורבותו — אין בתיקים מידע על תפקיד שונה (למשל סוחר לעומת שליח) ושתיהן חסרות תכנון, כך שמעורבות כעיקרון דומה. עם זאת החזקת הנשק על הגוף בתיק 2 מרמזת מעורבות פעילה/נשיאה מידית לעומת החזקת נשק מוסלק בבית בתיק 1, וזה משמעותי מבחינת התנהגות הנאשם.

3. שיטת הביצוע (MO) — שתי הדרכים דומות בהיותן החזקה מוסלקת של אותו סוג נשק ללא תכנון מוקדם; זו התאמה מהותית בשיטה. הבדל בפרטי ההחזק (מוסתר על הגוף לעומת מוסלק בבית) ובשילוב עם תחמושת משפיע על הדרישה להערכת מיידיות הסיכון אך לא מחליף את התאמת ה‑MO הבסיסית.

4. נסיבות הליבה — יש הבדל מהותי בנסיבות המחמירות: בתיק 1 נשק ""תקין"" מוסלק בבית; בתיק 2 הנשק מופרד מתחמושת אך יש מחסנית עם 10 כדורים והוא נשא על הגוף — עובדה שמגדילה את מידת הסיכון והאפשרות לשימוש מיידי. ההבדל הזה יכול לשאת משקל גדול בענישה והערכת מסוכנות, ולכן אינו זניח.

5. ישימות כתקדים — לענייני יסודות העבירה והכרת חומרת מעשיו של הנאשם התיק הראשון יכול לשמש תקדים רלוונטי לתיק השני; עם זאת, כאשר מדובר בענישה ובהערכת הסיכונים בית המשפט צפוי להעניק משקל שונה לעמידה על הגוף ולנוכחות תחמושת, ולכן לא יראו את התיקים כזהים בענישה. מסקנה: תקדים רלוונטי מבחינה עובדתית-חוקית אך לא מוחלט בענישה.

SIMILARITY_SCORE: 75","ok",""
"ME-16-06-42987-901","ME-12-03-13401-281",1,0,0,"{""מספר עבירה"": ""144 ב"", ""סוג עבירה"": ""נשיאת נשק"", ""עבירות נוספות"": ""כן"", ""סוג הנשק [רימון הלם/גז]"": 1.0, ""סטטוס הנשק"": ""תקול"", ""תכנון"": ""לא"", ""מטרה-סיבת העבירה"": ""סכסוך"", ""שימוש"": ""ניסיון לירי ללא הצלחה""}","{""מספר עבירה"": ""144 א, 144 ב"", ""סוג עבירה"": ""החזקה נשק, נשיאת נשק, הובלת נשק"", ""עבירות נוספות"": ""כן"", ""סוג הנשק [אקדח]"": 1.0, ""סטטוס הנשק"": ""נשק עם כדור בקנה"", ""תכנון"": ""לא"", ""אופן החזקת הנשק"": ""ברכב"", ""כמות תחמושת"": ""2 מחסניות ובהן כדורים, 11 כדורים"", ""שימוש"": ""כן,ירי""}",65.0,"1. סוג העבירה וחומרתה — שני התיקים עוסקים בעבירות נשק תחת אותו מסגרת חוקית (החזקה/נשיאה/הובלה), אך חומרת התיק השני גבוהה משמעותית: אקדח טעון וירי בפועל מול רימון תקול וניסיון ירי כושל. לכן מבחינת סוג העבירה יש חפיפה, אך מבחינת חומרה הם שונים במידה ניכרת.

2. תפקיד הנאשם ומעורבותו — בשני המקרים הנאשם הוא נשא/מחזיק ונראה כי יש מעורבות פעילה, אך בתיק 2 המעורבות פעילה יותר (ירי בפועל, אחסון בתחבורה) בעוד שבתיק 1 המעורבות נמוכה יחסית בשל תקול הנשק והכישלון בפגיעה. כלומר אותו מופע תפקידי אך שונות בעוצמת המעורבות.

3. שיטת הביצוע (MO) — גם כאן דמיון מהותי: נשיאת נשק בהקשר סכסוך ושימוש/ניסיון להשתמש בו. הפרטים הטכניים (סוג הנשק, מקום אחסון, נשק טעון מול תקול) שונים אך הדפוס ההתנהגותי — נשיאת נשק לצורך עימות והפעלתו — דומה.

4. נסיבות הליבה — שונות מהותית: בתיק 2 נשק עם כדור בחבוקה, תחמושת מרובה, נשיאה ברכב וירי בפועל — נסיבות מחמירות; בתיק 1 נשק לא תקין, אין תכנון ומדובר בניסיון כושל. ההבדלים בכמות התחמושת, בציוד ובתוצאה (ירי אמיתי) מקשים על השוואה עניינית.

5. ישימות כתקדים — בתי המשפט יראו הערכה רלוונטית של ""נשיאה ושימוש בכלי ירייה בהקשר סכסוך"" בין התיקים, אך יבחינו ויפרידו את עוצמת המקרה בהתאם לנשק טעון/ירי בפועל ומימדי הסכנה. לפיכך תקדים מתיק 1 יכול לשמש כניצוג לנקודות עובדתיות מסוימות, אך לא יינתן לו משקל שקול להשתלשלות הענישה במקרה של נשק טעון וירי בפועל בתיק 2.

SIMILARITY_SCORE: 65","ok",""
"SH-20-02-52091-995","SH-16-11-7544-55",3,1,1,"{""מספר עבירה"": ""144 א"", ""סוג עבירה"": ""החזקה נשק"", ""סוג הנשק [תת מקלע מאולתר]"": 1.0, ""סטטוס הנשק"": ""נשק מופרד מתחמושת"", ""תכנון"": ""לא"", ""אופן החזקת הנשק"": ""בבית, מוסלק - מוסתר"", ""כמות תחמושת"": ""20 כדורים""}","{""מספר עבירה"": ""144 א"", ""סוג עבירה"": ""החזקה נשק"", ""סוג הנשק [תת מקלע מאולתר]"": 1.0, ""סטטוס הנשק"": ""נשק מופרד מתחמושת"", ""תכנון"": ""לא"", ""אופן החזקת הנשק"": ""על גופו, מוסלק - מוסתר"", ""כמות תחמושת"": ""מחסנית ובה 10 כדורים""}",85.0,"1. סוג העבירה וחומרתה — שניהם אותו סעיף (144א) ואותו סוג נשק (תת‑מקלע מאולתר). רמת החומרה זהה לפי סוג העבירה, ולכן מבחינה זו מדובר בשתי תיקים זהים במהותם.  

2. תפקיד הנאשם ומעורבותו — בשני המקרים מדובר בהחזקה/בעלות של נשק (לא סוחר, לא יזום פעולה פלילית שונה): מעורבות פעילה כאחראי להחזקת הנשק. ההבדל שהנשק בתיק 2 על גופו עשוי להעיד על מעורבות ""פעילה"" יותר אך איננו משנה את סוג התפקיד.  

3. שיטת הביצוע (MO) — דפוס דומה: נשק מוסלק/מוסתר, נשק מופרד מתחמושת, אין תכנון מוקדם. האמצעים זהים (אותו סוג נשק) והנסיבות הטכניות כמעט זהות; מיקום ההחזק (בית לעומת על גוף) הוא שוני פרטי אך לא מהותי בשיטת ההחזק.  

4. נסיבות הליבה — יש הבדל פרקטי: כמות התחמושת בתיק 1 (20 כדורים) גדולה במעט מתיק 2 (מחסנית 10 כדורים); ההחזק על הגוף בתיק 2 מקטין את פער הסיכון הציבורי לעומת נשק עזוב? להפך — נשק על גוף מעלה את הסיכון המשתמע (זמינות מיידית לשימוש) ויכול להיחשב נסיבה מחמירה יחסית. ההבדלים רלוונטיים לענישה אך אינם משנים את עומק הענישה הבסיסי בעבירת החזקת נשק בלתי חוקית.  

5. ישימות כתקדים — תיקים אלה יהיו רלוונטיים זה לזה כתקדימים ענייניים; בית‑משפט ירצה עליהם אך יקל על ההבחנות לגבי מיקום ההחזקה וכמות התחמושת בצמצום/החמרת העונש. מסקנה: רלוונטיים ומשמעותיים כתקדים, אך לא זהים לחלוטין.  

SIMILARITY_SCORE: 85","ok",""
"SH-14-02-28659-762","SH-16-05-42991-439",2,0,1,"{""מספר עבירה"": ""144 א"", ""סוג עבירה"": ""החזקה נשק"", ""סוג הנשק [תת מקלע מאולתר]"": 1.0, ""סטטוס הנשק"": ""נשק מופרד מתחמושת"", ""תכנון"": ""לא"", ""אופן החזקת הנשק"": ""בבית, מוסלק - מוסתר"", ""כמות תחמושת"": ""מחסנית וכדורים"", ""מטרה-סיבת העבירה"": ""הגנה עצמית""}","{""מספר עבירה"": ""144 א"", ""סוג עבירה"": ""החזקה נשק"", ""עבירות נוספות"": ""כן"", ""סוג הנשק [אקדח]"": 1.0, ""סטטוס הנשק"": ""נשק עם מחסנית בהכנס"", ""תכנון"": ""כן"", ""אופן החזקת הנשק"": ""בבית, מוסלק - מוסתר"", ""כמות תחמושת"": ""מחסנית ובה 13 כדורים"", ""מטרה-סיבת העבירה"": ""סכסוך""}",60.0,"1. סוג העבירה וחומרתה — שני התיקים עומדים תחת סעיף 144א (החזקה נשק), כלומר מבחינת הסיווג המשפטי הם זהים; עם זאת תוקף העבירה בתיק 2 חמור יותר (נשק טעון/מחסנית בהכנס, תכנון ועבירות נוספות) ולכן חומרת העבירה אינה שווה בין התיקים. 

2. תפקיד הנאשם ומעורבותו — בשני המקרים מדובר בהחזקה במקום מגורים ומוסלקה, כלומר מעורבותו של הנאשם זהה מבחינת היותו מחזיק/בעל נשק ולא שליח/סוחר; ממד זה דומה מאוד. 

3. שיטת הביצוע (MO) — יש דמיון מהותי בשיטת ההסתרה (בבית, מוסלק/מוסתר), אך שוני של ממש באמצעי ובמצב הנשק (תת‑מקלע מאולתר לעומת אקדח; נשק מופרד מתחמושת לעומת נשק עם מחסנית בהכנס) ובלו""ז (תכנון בתיק 2) שמפחיתים את ההתאמה הטקטית. 

4. נסיבות הליבה — שונות מהותית: בתיק 2 יש טעינות מחמירות (נשק מוכן לשימוש, 13 כדורים), תכנון ומניע של סכסוך וכן עבירות נוספות; בתיק 1 נשק מופרד מתחמושת ומניע מוגדר כהגנה עצמית. הפרשים אלה הם נסיבות מחמירות/מקלות שבמהותם משפיעות רבות על היקף הענישה. 

5. ישימות כתקדים — כתקדים ענייני להכרעת יסוד בעבירת ההחזקה (אישום לפי סעיף) התיקים רלוונטיים זה לזה; לעניין קביעת עונש בית המשפט ישקול את ההבדלים המחמירים בתיק 2 ויחייב התאמות. כלומר התיק 2 יכול לשמש כהתווייה כללית, אך לא כתקדים זהה בענישה מבלי לשקלל את ההבדלים. 

SIMILARITY_SCORE: 60","ok",""
"ME-14-10-31218-522","ME-17-05-35227-215",1,0,0,"{""מספר עבירה"": ""144 א"", ""סוג עבירה"": ""החזקה נשק"", ""סוג הנשק [רימון הלם/גז]"": 1.0, ""תכנון"": ""לא"", ""אופן החזקת הנשק"": ""על גופו, סמוך לבית"", ""שימוש"": ""זריקת רימון""}","{""מספר עבירה"": ""144 ב"", ""סוג עבירה"": ""נשיאת נשק, הובלת נשק"", ""סוג הנשק [תת מקלע מאולתר]"": 1.0, ""סטטוס הנשק"": ""נשק עם מחסנית בהכנס"", ""תכנון"": ""כן"", ""אופן החזקת הנשק"": ""ברכב""}",35.0,"1. סוג העבירה וחומרתה — התיקים עוסקים שניהם בנשק אך בסעיפים שונים: 144א מתמקד בהחזקה ואילו 144ב בנשיאה/הובלה. חומרת המקרה שונה: בתיק 1 היה שימוש פעיל (זריקה) ברימון הלם/גז, בתיק 2 נשק חם תת‑מקלע מאולתר עם מחסנית מוכנסת ותכנון, כך שהסיכונים והכוונה שונים. מסקנה: קשורים מבחינה קטגוריאלית (נשק) אך לא שווים בחומרה או באופי הסיכון.

2. תפקיד הנאשם ומעורבותו — בתיק 1 המעורבות היא פעילה ושימושית (הנשק על הגוף ושימש לזריקה), לעומת תיק 2 שבו התפקיד הוא נשיאה/הובלה, כלומר מעורבות יותר הכנה/לוגיסטית אבל עם אלמנט תכנוני. גם אם בתיק 2 יש תכנון, מדובר באופי שונה של מעורבות (הכנה/הובלה לעומת ביצוע אמיתי). מסקנה: רמת המעורבות שונה ומשקללו שונה בהערכת אשמה ועונש.

3. שיטת הביצוע (MO) — שיטות שונות לחלוטין: רימון הלם/גז שהודח והושלך לעומת נשק חם מאולתר ברכב; אמצעים, דרך נשיאה ושימוש ויכולת הפגיעה שונים מהותית. יש טבע דתי משותף (השמטת נשק מסוכן) אבל ה‑MO אינו דומה מספיק כדי להיחשב זהה. מסקנה: דמיון נמוך בשיטה.

4. נסיבות הליבה — הבדלים מרכזיים: בתיק 1 אין תכנון אך היה שימוש ממשי; בתיק 2 יש תכנון ונשק טעון בעל פוטנציאל קטלני גבוה יותר. סוג הנשק, מצב טעינה, מיקום (על הגוף מול ברכב) ואלמנט התכנון יוצרים נסיבות מחמירות שונות. מסקנה: נסיבות הליבה שונות במידה מהותית.

5. ישימות כתקדים — בתי המשפט יראו חפיפה כללית כ""ענייני נשק"" אבל ככלל לא ייחסו לתיק 2 תקדימיות מחייבת לתיק 1 בשל הבדל בין שימוש פעיל ברימון לבין נשיאה/תכנון של נשק חם טעון; לשיקולי ענישה ייתכן שיעלו מספר עקרונות משותפים, אך התאמה ישירה מוגבלת. מסקנה: תקדים רלוונטי במובנים כלליים בלבד, לא תקדין ענייני חזק.

SIMILARITY_SCORE: 35","ok",""
"SH-16-11-7544-55","SH-15-03-49530-992",3,1,1,"{""מספר עבירה"": ""144 א"", ""סוג עבירה"": ""החזקה נשק"", ""סוג הנשק [תת מקלע מאולתר]"": 1.0, ""סטטוס הנשק"": ""נשק מופרד מתחמושת"", ""תכנון"": ""לא"", ""אופן החזקת הנשק"": ""על גופו, מוסלק - מוסתר"", ""כמות תחמושת"": ""מחסנית ובה 10 כדורים""}","{""מספר עבירה"": ""144 א"", ""סוג עבירה"": ""החזקה נשק"", ""סוג הנשק [תת מקלע מאולתר]"": 1.0, ""סטטוס הנשק"": ""נשק עם מחסנית בהכנס"", ""תכנון"": ""לא"", ""אופן החזקת הנשק"": ""מוסלק - מוסתר, סמוך לבית"", ""כמות תחמושת"": ""מחסנית ובה כדורים, מחסנית טעונה בכדורים, כדורים""}",75.0,"1. סוג העבירה וחומרתה — שני התיקים עוסקים באותה עבירה (החזקה לפי סעיף 144א) ובאותה קטגוריית כלי נשק (תת-מקלע מאולתר), כך שהיסוד החוקי והחומרתי דומה מאוד; עם זאת מצב הנשק (טעון/לא טעון) משפיע על חומרה מעשית אך לא משנה את סוג העבירה. מסקנה: דמיון מהותי גבוה אך לא זהות מוחלטת.

2. תפקיד הנאשם ומעורבותו — בשני המקרים מדובר בהחזקה/אחזקת נשק על ידי בעל/מחזיק; בתיק 1 האחיזה פעילה (על הגוף) בעוד בתיק 2 האחזקת הנשק מוסלקת סמוך לבית, כלומר מעורבות בעלות אופי שונה אך של אותו סוג יסודי של מעורבות. מסקנה: דמיון גבוה.

3. שיטת הביצוע (MO) — בשני המקרים קיימת הסתרה/הסתרה מוסלקת של תת-מקלע מאולתר, ללא תכנון מראש; זהו דפוס ביצוע דומה מבחינת ניסיון להסתיר נשק בלתי חוקי. מסקנה: דמיון מהותי גבוה, אם כי מצב הנשק שונה.

4. נסיבות הליבה — הבדל מהותי: בתיק 1 הנשק מופרד מתחמושת (פחות מיידי לסכן), בתיק 2 הנשק עם מחסנית/טעון (סיכון מיידי גבוה יותר); מיקום (על גוף מול סמוך לבית) וכמות/סטטוס התחמושת מטילים משקל משמעותי בענישה. מסקנה: דמיון בינוני-נמוך מבחינת נסיבות הליבה — יש שונות מהותית שמשפיעה על ענישה.

5. ישימות כתקדים — בית המשפט ימצב את שני המקרים בתוך אותו מסגרת משפטית וילמדו זה מזה מבחינת אשמה ועקרונות, אך יבדיל ביניהם ביחס לנסיבות מחמירות (טעינה, יכולת שימוש מיידית, נשיאה על הגוף) ולכן התאמה כתקדים לענישה תהיה מוגבלת: רלוונטי אך מחייב הבחנות. מסקנה: דמיון ראייתי/עקרוני טוב, אך לא זהות מעשית מלאה.

SIMILARITY_SCORE: 75","ok",""
"ME-16-11-13999-863","ME-21-10-18557-340",1,0,0,"{""מספר עבירה"": ""144 א, 144 ב"", ""סוג עבירה"": ""החזקה נשק, נשיאת נשק, הובלת נשק"", ""סוג הנשק [אקדח]"": 1.0, ""סטטוס הנשק"": ""נשק עם מחסנית בהכנס"", ""תכנון"": ""לא"", ""אופן החזקת הנשק"": ""ברכב, על גופו"", ""כמות תחמושת"": ""מחסנית ובה כדורים, מחסנית נוספת ובה כדורים""}","{""מספר עבירה"": ""144 א, 144 ב"", ""סוג עבירה"": ""החזקה נשק, נשיאת נשק, הובלת נשק"", ""עבירות נוספות"": ""כן"", ""סוג הנשק [תת מקלע מאולתר]"": 1.0, ""סטטוס הנשק"": ""נשק עם כדור בקנה"", ""תכנון"": ""לא"", ""אופן החזקת הנשק"": ""בבית, ברכב, על גופו"", ""כמות תחמושת"": ""מחסנית ולכל הפחות שני כדורים"", ""מטרה-סיבת העבירה"": ""סכסוך"", ""שימוש"": ""כן,ירי""}",60.0,"1. סוג העבירה וחומרתה — שני התיקים שייכים לאותן הוראות (סעיפים 144א/144ב) ולכן מבחינת סוג העבירה יש דמיון גבוה; עם זאת חומרת המעשה שונה: תת‑מקלע מאולתר ושימוש בנשק (ירי) בתיק 2 מהווים החמרה מובהקת יחסית לאחזקת אקדח בתיק 1.  
2. תפקיד הנאשם ומעורבותו — בשני התיקים הנאשמים הם בעלי/נושאי נשק (מעורבות אקטיבית בהחזקת נשק), אך בתיק 2 הייתה מעורבות פעילה יותר (ירי ומטרה של סכסוך) בעוד תיק 1 מוגבל להחזקה/נשיאה; לכן דמיון בינוני‑גבוה לגבי מעורבות הבסיסית, אבל מהותית פחות כשמדובר בשימוש.  
3. שיטת הביצוע (MO) — הדמיון קיים בכך ששניהם נשאו והובילו נשק טעון ברכב ועל הגוף; השוני ניכר בסוג הנשק (אקדח מול תת‑מקלע מאולתר), במצב טעינה (כדור בקנה בשני? — בתיק 2 מוכן יותר) ובשימוש בפועל בתיק 2.  
4. נסיבות הליבה — הבדלים מהותיים: תכנון לא בשניהם (דמיון), אך בתיק 2 יש ירי, מטרה של סכסוך ועירוב ביתי/רב‑מקומי ומהלומות מחמירות; כמויות/תחמושת דומות במובן של טעון ומחסנית אך אין התאמה מלאה.  
5. ישימות כתקדים — תיקים יתאימו זה לזה רק בחלק שנוגע להחזקת נשק ונשיאה טעונה; לגבי ענישה והיקף אחריות פלילית תעיד השונות (סוג נשק, שימוש בירי, עבירות נוספות) על יכולת חיבור מוגבלת. תקדים מתיק 1 יהיה רלוונטי באופן חלקי אך לא ישים ישירות להמסת כל ההחמרות בתיק 2.

SIMILARITY_SCORE: 60","ok",""
"ME-16-10-12213-904","ME-16-01-189-123",3,1,1,"{""מספר עבירה"": ""144 ב"", ""סוג עבירה"": ""נשיאת נשק"", ""סוג הנשק [תת מקלע מאולתר]"": 1.0, ""סטטוס הנשק"": ""נשק מופרד מתחמושת"", ""תכנון"": ""כן"", ""אופן החזקת הנשק"": ""ברכב, מוסלק - מוסתר, סמוך לבית"", ""כמות תחמושת"": ""מחסנית ריקה ובה 0 כדורים, 1 כדור""}","{""מספר עבירה"": ""144 א, 144 ב"", ""סוג עבירה"": ""נשיאת נשק, הובלת נשק"", ""עבירות נוספות"": ""כן"", ""סוג הנשק [תת מקלע מאולתר]"": 1.0, ""סטטוס הנשק"": ""נשק מופרד מתחמושת"", ""תכנון"": ""לא"", ""אופן החזקת הנשק"": ""ברכב, מוסלק - מוסתר"", ""אופן קבלת הנשק"": ""רכש"", ""כמות תחמושת"": ""מחסנית ריקה ובה 0 כדורים, 50 כדורים""}",60.0,"1. סוג העבירה וחומרתה — שני התיקים עוסקים בנשיאת/הובלת נשק מסוג תת־מקלע מאולתר, כלומר סוג העבירה זהה מבחינת קטגוריה העקרונית; עם זאת תיק 2 כולל גם הובלה ועבירות נוספות, מה שמגביה את חומרת התיק לעומת תיק 1. מסקנה: סוג דומה אך חומרה שונה לטובת תיק 2.

2. תפקיד הנאשם ומעורבותו — בשני התיקים המעורבות נראית כ""החזקת/נשיאת נשק ברכב"" (אין אינדיקציה לסוחר/שליח), כלומר דפוס תפקיד דומה (החזקה/הובלה פרטית). לכן מבחינת מעורבות תואם בין התיקים.

3. שיטת הביצוע (MO) — בשניהם הנשק מוסלק/מוסתר ברכב והנשק מופרד מתחמושת; זהו דפוס ביצוע זהה או מאד דומה מבחינת הסתרה והמצב הפיזי של הנשק. הבדל קטן: תיק 1 מציין מיקום סמוך לבית, תיק 2 מתאר רק ברכב — הבדל עובדתי אך לא מהותי ל-MO הבסיסי.

4. נסיבות הליבה — כאן קיימים הבדלים מהותיים: בתיק 1 יש תכנון והכמות בפועל כמעט אפסית (מעט/אפס תחמושת), בעוד בתיק 2 אין תכנון, אך קיימת כמות תחמושת משמעותית (50 כדורים) ועניינים של רכישה ועבירות נוספות וענייני הובלה. אלה גורמים שמגבירים את חומרת התיק 2 ומשפיעים באופן מהותי על ענישה ותיקון סנקציה.

5. ישימות כתקדים — בית משפט ימצא רלוונטיות בסיסית בין התיקים ביחס לשאלות של סוג הנשק, מצב הנשק והעובדה שהנשק מוסתר ברכב; אך הבדלים בנסיבות הליבה (כמות תחמושת, תכנון, הובלה ועבירות נוספות) ידרשו התאמות משמעותיות בענישה. מסקנה: תקדים יכול לשמש כמקור עזר לעקרונות, אך לא כתקדים מחייב ללא התאמות ענישה.

SIMILARITY_SCORE: 60","ok",""
"SH-15-12-65958-120","ME-16-05-9983-155",2,0,1,"{""מספר עבירה"": ""144 א"", ""סוג עבירה"": ""החזקה נשק"", ""סוג הנשק [אקדח]"": 1.0, ""סוג הנשק [תת מקלע מאולתר]"": 1.0, ""סטטוס הנשק"": ""נשק עם מחסנית בהכנס"", ""תכנון"": ""כן"", ""אופן החזקת הנשק"": ""בבית, מוסלק - מוסתר"", ""כמות תחמושת"": ""מחסנית ובה 8 כדורים, מחסנית ובה 15 כדורים, מחסנית ריקה ובה 0 כדורים, מחסנית ובה 6 כדורים"", ""מטרה-סיבת העבירה"": ""הגנה עצמית""}","{""מספר עבירה"": ""144 א, 144 ב"", ""סוג עבירה"": ""החזקה נשק, נשיאת נשק"", ""סוג הנשק [תת מקלע מאולתר]"": 1.0, ""סטטוס הנשק"": ""נשק מופרד מתחמושת"", ""תכנון"": ""לא"", ""אופן החזקת הנשק"": ""מוסלק - מוסתר"", ""אופן קבלת הנשק"": ""מאחר"", ""כמות תחמושת"": ""מחסנית""}",60.0,"1. סוג העבירה וחומרתה — שני התיקים נסבים על עבירות נשק לפי סעיף 144; עם זאת בתיק 2 קיים גם סעיף 144ב (נשיאה) שמגביר חומרה ביחס לתיק 1. מצד שני תיק 1 כולל שתי כלי נשק (אקדח ותת‑מקלע מאולתר) ונשק טעון עם מספר מחסניות, וכן תכנון, ולכן גם הוא בעל חומרה גבוהה; בסך‑הכל מדובר באותו תחום פלילי אך עם הבדלי חומרה מהותיים בין התיקים.

2. תפקיד הנאשם ומעורבותו — בתיק 1 הנאשם נראה כבעל/מחזיק אקטיבי (אחסון מוסתר בבית, תכנון) בעוד שבתיק 2 מדובר במחזיק/מקבל נשק ממקור חיצוני ללא תכנון מראש. כלומר שניים הם מחזיקים אך степות המעורבות והרשלנות/יזמה שונות ויכולות להוות בסיס להבחנה באחריות ובענישה.

3. שיטת הביצוע (MO) — נקודות דמיון: נשק מוסלק/מוסתר בשני התיקים ותת‑מקלע מאולתר מופיע בשניהם, ומצוי מחסנית. נקודות שונות: בתיק 1 הנשק עם מחסנית בהכנסה (טעון) וריבוי מחסניות; בתיק 2 הנשק מופרד מתחמושת ושלא נעשה תכנון. ה‑MO דומה במובן ההסתרה אך שונה במצב טעינה וברמת ההכנה.

4. נסיבות הליבה — הבדלים מהותיים: בתיק 1 יש ריבוי מחסניות, נשק טעון, תכנון ומטרה מוטענת (הגנה עצמית) המשפיעים על הערכת הסיכון והאשם; בתיק 2 יש הפרדה מתחמושת, קבלת הנשק מאחר ואי‑תכנון, אך יש גם עבירת נשיאה נוספת. אלה נסיבות מכריעות בהשוואת חומרת המעשה ובענישה.

5. ישימות כתקדים — התיקים קרובים מבחינת המטרה הכללית (החזקה/הסתרת נשק מאולתר) ולכן פסיקה על מרכיבים כמו הוכחת החזקה וההסתרה תהיה רלוונטית, אך הבדלי טעינה, ריבוי כלי, תכנון וקיום עבירת נשיאה מקשים על התאמה ישירה לצורכי ענישה. לפיכך התיק 2 יכול לשמש כתקדים חלקי לעניין יסודות העבירה וההסתרה, אך לא כתקדים ישיר בעשרת פרטי העונש ללא התאמות.

SIMILARITY_SCORE: 60","ok",""
"ME-18-04-19642-504","ME-16-07-45228-25",1,0,0,"{""מספר עבירה"": ""144 א, 144 ב"", ""סוג עבירה"": ""נשיאת נשק, הובלת נשק"", ""עבירות נוספות"": ""כן"", ""סוג הנשק [אקדח]"": 1.0, ""סטטוס הנשק"": ""נשק עם כדור בקנה"", ""תכנון"": ""לא"", ""אופן החזקת הנשק"": ""ברכב, על גופו, מוסלק - מוסתר"", ""כמות תחמושת"": ""2 מחסניות, 40 כדורים"", ""מטרה-סיבת העבירה"": ""סכסוך"", ""שימוש"": ""כן,ירי""}","{""מספר עבירה"": ""144 ב"", ""סוג עבירה"": ""נשיאת נשק"", ""סוג הנשק [אקדח]"": 1.0, ""סטטוס הנשק"": ""נשק עם מחסנית בהכנס"", ""תכנון"": ""לא"", ""אופן החזקת הנשק"": ""על גופו, מוסלק - מוסתר"", ""כמות תחמושת"": ""מחסנית ובה 10 כדורים""}",51.0,"1. סוג העבירה וחומרתה — שני התיקים עוסקים בהעברה/נשיאה של אקדח (144ב) ולכן מבחינת סוג העבירה יש חפיפה מהותית, אך בתיק 1 יש גם 144א והפעלת הנשק (ירי) והפרות נוספות כך שחומרת המעשה בתיק 1 גבוהה בהרבה. מסקנה: חפיפה חלקית אך מהותית הבדלים בחומרה.
2. תפקיד הנאשם ומעורבותו — בתיק 1 מעורבות פעילה (ירי, הובלה ברכב ומוסלקה) בעוד שבתיק 2 מדובר בנשיאה מוסלקת בלבד ללא שימוש ידוע; אפליית אחריות ותכנון דומים (שניהם ללא תכנון) אך רמת הפגיעה והמעורבות שונה משמעותית. מסקנה: חפיפה נמוכה.
3. שיטת הביצוע (MO) — בשני המקרים אקדח מוסלק על הגוף, נשק טעון, ואין תכנון מוקדם — דפוס ביצוע בסיסי דומה. בתיק 1 נוסף תמרון בהובלה ברכב ושימוש בנשק, אך מבחינת ה-MO של הנשיאה המוסלקת מדובר בהתאמה גבוהה. מסקנה: חפיפה גבוהה.
4. נסיבות הליבה — כמות תחמושת ושימוש בנשק בתיק 1 (2 מחסניות/40 כדורים, ירי, נשק עם כדור בקנה) מהווים נסיבות מחמירות לעומת מחסנית אחת של 10 כדורים בתיק 2; הבדלים אלה הם מהותיים לענישה ולשיקולי סיכונים. מסקנה: חפיפה נמוכה-בינונית.
5. ישימות כתקדים — בית משפט ירבה להיעזר בתיק 1 כנקודת השוואה לראיית נשיאה מוסלקת ולטיפול בעבירת נשק, אך יצטרך לתכלל ולהבחין בין השפעות השונות של הירי, כמות התחמושת והעבירות הנוספות בתיק 1. לכן התיק רלוונטי באופן מוגבל ומתיישם בצורה מותאמת ולא ישירה. מסקנה: חפיפה בינונית.

SIMILARITY_SCORE: 51","ok",""
"ME-15-03-29911-554","ME-16-02-18397-87",1,0,0,"{""מספר עבירה"": ""144 א, 144 ב"", ""סוג עבירה"": ""החזקה נשק, נשיאת נשק"", ""עבירות נוספות"": ""כן"", ""סוג הנשק [אקדח]"": 1.0, ""סטטוס הנשק"": ""נשק עם כדור בקנה"", ""תכנון"": ""לא"", ""אופן החזקת הנשק"": ""ברכב, על גופו"", ""כמות תחמושת"": ""מחסנית ובה 12 כדורים, מחסנית נוספת, 20 כדורים, 24 כדורים"", ""שימוש"": ""כן,ירי""}","{""מספר עבירה"": ""144 ב"", ""סוג עבירה"": ""נשיאת נשק, הובלת נשק"", ""עבירות נוספות"": ""כן"", ""סוג הנשק [אקדח]"": 1.0, ""סטטוס הנשק"": ""תקול"", ""תכנון"": ""לא"", ""אופן החזקת הנשק"": ""ברכב, על גופו, מוסלק - מוסתר"", ""כמות תחמושת"": ""כדורים""}",60.0,"1. סוג העבירה וחומרתה  
שני התיקים שייכים לאותו תחום עבירות נשק (החזקה/נשיאה/הובלה) ולכן מבחינה פורמלית קרובים, אך חומרת המעשה שונה: בתיק 1 יש שימוש בניוייה (ירי) ונשק טעון – זה מהווה החמרה משמעותית לעומת תיק 2 שבו הנשק תקול ולא שימש. מבחינת חומרה עניינית התיקים דומים במין העבירה אך לא ברמת הסכנה והאשמה.

2. תפקיד הנאשם ומעורבותו  
שני הנאשמים הם נושאי/מובילי נשק (החזקת/נשיאה ברכב ועל הגוף), כלומר מעורבות פעילה בשמירה/הובלה של הנשק; עם זאת בתיק 1 המעורבות גבוהה יותר כי בוצע ירי, בעוד בתיק 2 המעורבות יכולה להיות מוגדרת יותר כשמירת אמצעי (כולל הסתרה/הובלה) ללא שימוש. לכן יש דמיון בתפקיד אך הבדל משמעותי בעוצמת המעורבות הפלילית.

3. שיטת הביצוע (MO)  
שתי התיקים כוללים אקדח, נשיאה ברכב ועל הגוף והסתרה/מיסוך – דפוס ביצוע דומה מבחינת ההחזקה וההסתרה. ההבדל העיקרי הוא שהנשק בתיק 1 היה תקין, טעון ונורו בו כדורים, בעוד בתיק 2 נשק תקול; כלומר שיטות ההחבאה וההובלה דומות, אך השימוש הפעיל בנשק בתיק 1 מאפיין MO שונה מבחינת הסכנה.

4. נסיבות הליבה  
יש הבדלים מהותיים: בתיק 1 נשק טעון, מחסניות ותחמושת ניכרת ושימוש ירי – אלה נסיבות מחמירות מאוד; בתיק 2 נשק תקול, תחמושת לא מוגדרת וככל הנראה לא שימש, אך הוא מוסלק/מוסתר ברכב/על הגוף. כמות התחמושת והירי בתיק 1 יוצרים הבדל מהותי בנסיבות הליבה ולכן ההשוואה חלשה יותר בקטע זה.

5. ישימות כתקדים  
בית המשפט ימצא את שני התיקים רלוונטיים מבחינת קטגוריית העבירה והאלמנטים הבסיסיים (אקדח, נשיאה/הובלה, הסתרה), ולכן ניתן להשתמש בתיק אחד כתקדים ענייני, אך בתי המשפט יבדילו ויתנו משקל גדול להימצאות/שימוש בנשק תקין וירי כנסיבות מחמירות. במילים אחרות — תקדים רלוונטי אך יש צורך להבחין ולצמצם השוואה בהתחשב בהבדלים המהותיים.

SIMILARITY_SCORE: 60","ok",""
"ME-16-11-69158-529","ME-16-01-3772-806",3,1,1,"{""מספר עבירה"": ""144 ב"", ""סוג עבירה"": ""נשיאת נשק"", ""עבירות נוספות"": ""כן"", ""סוג הנשק [תת מקלע]"": 1.0, ""סטטוס הנשק"": ""נשק עם כדור בקנה"", ""תכנון"": ""כן"", ""אופן החזקת הנשק"": ""בבית, ברכב, מוסלק - מוסתר, סמוך לבית"", ""מטרה-סיבת העבירה"": ""חתונה"", ""שימוש"": ""כן,ירי""}","{""מספר עבירה"": ""144 א, 144 ב"", ""סוג עבירה"": ""החזקה נשק, נשיאת נשק, הובלת נשק"", ""סוג הנשק [תת מקלע מאולתר]"": 1.0, ""סטטוס הנשק"": ""נשק עם כדור בקנה"", ""תכנון"": ""כן"", ""אופן החזקת הנשק"": ""מוסלק - מוסתר, סמוך לבית"", ""כמות תחמושת"": ""מחסנית וכדורים, מחסנית וכדורים"", ""שימוש"": ""כן,ירי""}",84.0,"1. סוג העבירה וחומרתה — שני התיקים עוסקים בעבירות נשק קשות: נשיאת/החזקה והירי בתת-מקלע טעון. תיק 2 כולל סעיפי החזקה וההובלה בנוסף לנשיאה ואף נשק מאולתר, מה שמחמיר את חומרת המקרה לעומת תיק 1. המסגרת העניינית דומה מאוד אך תיק 2 חמור יותר בעקבות עבירות נוספות והיות הנשק מאולתר.

2. תפקיד הנאשם ומעורבותו — בשני התיקים המידע מצביע על מעורבות פעילה (שימוש בירי), כלומר לא מדובר בסתם שליחות או החזקה פסיבית. חוסר בהבדל בפרופיל התפקיד (לא יוצג סוחר/יזום מול שליח) מחזק דמיון מהותי ברמת המעורבות. פער מועט בלבד כי אין פירוט על יזמות/הנחיה.

3. שיטת הביצוע (MO) — בשני המקרים יש תכנון, נשק מוסלק/מוסתר סמוך לבית ושימוש בירי; אמצעי הביצוע דומים מאד (תת-מקלע, טעון, מוסגר/מוסתר). הבדל טכני — נשק מאולתר בתיק 2 — משפיע על המאפיינים אך לא על דמיון ה‑MO הבסיסי. לכן דמיון גבוה ב‑MO.

4. נסיבות הליבה — נקודות חפיפה חשובות (נשק טעון, תכנון, מוסתרות ושימוש בירי), אך תיק 2 מציג כמות תחמושת ומחסנית, הובלה וסוג נשק מאולתר, ותוספת סעיפים (144א) שמחמירים את התמונה. תיק 1 מציין מטרה/אירוע (חתונה) כנסיבות; זהו הבדל נסיבתי שעשוי להשפיע על ענישה והיקף הנזק. דמיון בינוני‑גבוה אך יש הבדלים מהותיים בנסיבות מחמירות.

5. ישימות כתקדים — בית משפט יראה את שני התיקים כקרובים מבחינת יסודות העבירה והנסיבות של נשיאת ונשיקה, ולכן תיק 1 יכול לשמש כהשוואה עניינית לתיק 2 בתחומים של הוכחה ומבנה העובדות. עם זאת, ההבדלים (החזקה והובלה, נשק מאולתר, כמות תחמושת) מאפשרים לבית המשפט להבחין בענישה ובחומרה, כך שאי־מתינות ביישום תקדים עשויה להתקבל. לכן ישימות התקדים גבוהה אך לא מוחלטת.

SIMILARITY_SCORE: 84","ok",""
"ME-17-02-54432-484","ME-16-05-25902-514",3,1,1,"{""מספר עבירה"": ""144 א, 144 ב"", ""סוג עבירה"": ""החזקה נשק, נשיאת נשק"", ""סוג הנשק [אקדח]"": 1.0, ""סטטוס הנשק"": ""נשק עם מחסנית בהכנס"", ""תכנון"": ""כן"", ""אופן החזקת הנשק"": ""ברכב, על גופו, מוסלק - מוסתר, סמוך לבית"", ""כמות תחמושת"": ""מחסנית ובה 7 כדורים"", ""מטרה-סיבת העבירה"": ""הגנה עצמית""}","{""מספר עבירה"": ""144 א, 144 ב"", ""סוג עבירה"": ""החזקה נשק, נשיאת נשק"", ""סוג הנשק [אקדח]"": 1.0, ""סטטוס הנשק"": ""נשק עם מחסנית בהכנס"", ""תכנון"": ""לא"", ""אופן החזקת הנשק"": ""בבית, על גופו"", ""אופן קבלת הנשק"": ""רכש"", ""כמות תחמושת"": ""מחסנית ובה 7 כדורים"", ""מטרה-סיבת העבירה"": ""הגנה עצמית""}",80.0,"1. סוג העבירה וחומרתה — שני התיקים עוסקים באותם סעיפים (144א, 144ב) ובאותו סוג עבירה (החזקה ונשיאה של אקדח טעון); מבחינת חומרה החוקית הם זהים ולכן ציון חומרתי גבוה של דמיון.

2. תפקיד הנאשם ומעורבותו — בשני המקרים הנאשם הוא מחזיק/נושא נשק פרטי (לא סוחר/מנהל רשת), כלומר מעורבות פעילה בשמירה והובלה של נשק; יש הבדל פרקטי בכך שתיק 1 מצביע על הסתרה ותכנון שמראים רצון אקטיבי להסתיר את המעורבות, אך מבחינה תפקידית הם תואמים.

3. שיטת הביצוע (MO) — דפוס דומה: אקדח פרטי, מחסנית מוכנסת, 7 כדורים; הבדלים בשיטת ההחזקה וההסתרה (ברכב ומוסלק בתיק 1 לעומת בבית/על הגוף בתיק 2) מהווים סטייה במודל הביצוע אך לא משנים את טבע העבירה.

4. נסיבות הליבה — נקודת הבדל מהותית: תכנון וההסתרה בתיק 1 מהוות נסיבות מחמירות ביחס לתיק 2 שבו אין תכנון מצוין ורכישה מפורשת מציגה נסיבות שונות (וייתכן שקלה יותר). עם זאת מטרת העבירה (הגנה עצמית), סוג הנשק וכמות התחמושת זהים, כך שהעיקריות דומות אך יש הבדלים משפיעים על ענישה.

5. ישימות כתקדים — תיקים ייחשבו רלוונטיים זה לזה מאוד בתחום ההוכחה וההגדרה הפלילית (מכשיר/טעון/מספר כדורים, סעיפים זהים), ולכן תקדים עשוי להיות ישים; יחד עם זאת בית המשפט צפוי להבחין בנסיבות מחמירות או מקילות (תכנון, הסתרה, אופן אחזקה ורכישה) בעת קביעת חומרת עונש, כך שלא מדובר בהתאמה מוחלטת.

SIMILARITY_SCORE: 80","ok",""
"SH-17-10-10556-234","ME-09-06-10774-130",2,0,1,"{""מספר עבירה"": ""144 א"", ""סוג עבירה"": ""החזקה נשק, עבירות אחרות"", ""סוג הנשק [אקדח]"": 1.0, ""סטטוס הנשק"": ""נשק עם מחסנית בהכנס"", ""תכנון"": ""לא"", ""אופן החזקת הנשק"": ""מוסלק - מוסתר, סמוך לבית"", ""כמות תחמושת"": ""מחסנית ובה 10 כדורים, מחסנית ריקה ובה 0 כדורים""}","{""מספר עבירה"": ""144 א, 144 ב"", ""סוג עבירה"": ""החזקה נשק, נשיאת נשק"", ""סוג הנשק [אקדח]"": 1.0, ""סטטוס הנשק"": ""תקין"", ""תכנון"": ""לא"", ""אופן החזקת הנשק"": ""ברכב""}",65.0,"1. סוג העבירה וחומרתה — שני התיקים עוסקים בעבירות נשק (אקדח) כך שהם שייכים לאותו תחום יסודי, אך אינם זהים בחומרה: תיק 1 רשום תחת 144א (החזקה) בלבד בעוד תיק 2 כולל גם 144ב (נשיאה) מה שמצביע על דרגה גבוהה יותר של סיכון ופוטנציאל ענישה. כלומר דמיון סקטוריאלי טוב אך חוסר זהות ברמת חומרה.

2. תפקיד הנאשם ומעורבותו — בשני המקרים הנאשם הוא מחזיק הנשק/בעל השליטה עליו (לא רמז להיות שליח או מתווך), אך במידה שונה בפועל: תיק 1 מעורבות פסיבית יותר (מוסלק סמוך לבית), תיק 2 מעורבות פעילה/ניידת (ברכב). מבחינה מהותית זה דומה כ""החזקה"", אבל רמת המעורבות שונה.

3. שיטת הביצוע (MO) — שני המקרים משתמשים בסוג נשק זהה (אקדח) וללא תכנון מוקדם, כך שיש דמיון ב-MO הבסיסי של החזקת נשק פרטי. עם זאת אמצעי ההחזקה שונים (מוסלק בבית מול נשיאה ברכב) והמצב התקין/טעון של הנשק בולט בתיק 1 (מחסנית עם 10 כדורים), ולכן לא זהה מבחינת מוכנות לשימוש.

4. נסיבות הליבה — יש הבדלים מהותיים: בתיק 1 יש נוכחות של מחסנית בה 10 כדורים ומחסנית נוספת ריקה, הנשק מוסלק סמוך לבית; בתיק 2 הנשק ""תקין"" אך אין פרטי תחמושת והעובדה שהוא ברכב מהווה נסיבה מחמירה אופיינית. היעדר תכנון בשניהם מקל מעט, אך הפרטים של טעינות וכושר הנשק בתיק 1 מעניקים לו אופיין חמור שונה.

5. ישימות כתקדים — בית משפט יחשב את התיקים רלוונטיים ברמה של יסודות ההחזקה והטיפול בנשק, אך פחות כתקדים ישיר לצורכי ענישה כשמדובר בנשיאה ברכב (תיק 2) לעומת החזקה מוסלקת סמוך לבית (תיק 1). מסקנה מעשית: שימוש בתיק 1 כתקדים לבעית חומרים/יסודות אפשרי; כהשוואת ענישה לתיק 2 יהיה מוגבל ודורש התאמות.

SIMILARITY_SCORE: 65","ok",""
"sh-10-05-7434-952","ME-21-10-18557-340",1,0,0,"{""מספר עבירה"": ""144 א"", ""סוג עבירה"": ""החזקה נשק"", ""סוג הנשק [אקדח]"": 1.0, ""סטטוס הנשק"": ""נשק מפורק"", ""תכנון"": ""לא"", ""אופן החזקת הנשק"": ""בבית, מוסלק - מוסתר""}","{""מספר עבירה"": ""144 א, 144 ב"", ""סוג עבירה"": ""החזקה נשק, נשיאת נשק, הובלת נשק"", ""עבירות נוספות"": ""כן"", ""סוג הנשק [תת מקלע מאולתר]"": 1.0, ""סטטוס הנשק"": ""נשק עם כדור בקנה"", ""תכנון"": ""לא"", ""אופן החזקת הנשק"": ""בבית, ברכב, על גופו"", ""כמות תחמושת"": ""מחסנית ולכל הפחות שני כדורים"", ""מטרה-סיבת העבירה"": ""סכסוך"", ""שימוש"": ""כן,ירי""}",30.0,"1. סוג העבירה וחומרתה — שני התיקים נוגעים לעבירות נשק (סעיף 144 ואח'), אך חומרת התיק השני גבוהה בהרבה: נשק תת‑מקלע מאולתר, טעון, ועם ירי בפועל לעומת אקדח מפורק ולא טעון במסתור. כלומר מדובר באותה קטגוריה משפטית אבל בפער משמעותי בחומרה ותוצאות הנזק.

2. תפקיד הנאשם ומעורבותו — בתיק 1 נראה מחזיק פסיבי של נשק במקומו (בבית, מוסלק) ללא שימוש; בתיק 2 המעורבות פעילה ורב־תכליתית (הובלה, נשיאה על הגוף ושימוש בירי). זהו פער מהותי באשמה ובאחריות הפלילית.

3. שיטת הביצוע (MO) — נקודת חפיפה אחת היא אחסון/מסתור בבית ושאין תכנון מוקדם, אך התיק השני מוסיף נשיאה ברכב, נשיאה על הגוף ושימוש אמיתי בנשק. כלומר חלק מה‑MO דומה (מסתור בבית) אך התמונה הכוללת שונה בעיקרון.

4. נסיבות הליבה — שונות בצורה מהותית: סוג הנשק, סטטוסו (טעון מול מפורק), כמות תחמושת, מעברי מקומות, מטרה (סכסוך) ושימוש בירי בתיק 2 מול חוסר תכנון ושיעור סיכון נמוך בתיק 1. נסיבות מחמירות בתיק 2 כמעט ולא מתקיימות בתיק 1.

5. ישימות כתקדים — ערך התקדים של תיק 1 לתיק 2 מוגבל: עקרונות כלליים לגבי הוכחת החזקה או פרשנות סעיף 144 עשויים לחול, אך לנוכח ההיבטים המכבידים בתיק 2 (נשיאה, הובלה, נשק קטלני טעון וירי) בית המשפט ירצה תקדימים עם נסיבות דומות יותר. לכן השימוש כתיק תקדים יהיה חלקי ומצומצם.

SIMILARITY_SCORE: 30","ok",""
"SH-10-02-25802-731","ME-13-04-35007-454",1,0,0,"{""מספר עבירה"": ""144 א"", ""סוג עבירה"": ""החזקה נשק"", ""סוג הנשק [רובה צייד]"": 1.0, ""סטטוס הנשק"": ""תקול"", ""תכנון"": ""לא"", ""אופן החזקת הנשק"": ""בבית""}","{""מספר עבירה"": ""144 א, 144 ב"", ""סוג עבירה"": ""החזקה נשק, נשיאת נשק"", ""סוג הנשק [אקדח]"": 1.0, ""סטטוס הנשק"": ""נשק עם כדור בקנה"", ""תכנון"": ""כן"", ""אופן החזקת הנשק"": ""על גופו"", ""מטרה-סיבת העבירה"": ""סכסוך""}",30.0,"1. סוג העבירה וחומרתה — שני התיקים שייכים לאותו תחום (עבירות נשק) אבל לא לאותו סוג עיקרי: תיק 1 הוא החזקה בלבד (144א), תיק 2 משלב החזקה ונשיאה (144א ו‑144ב). חומרת העבירה בתיק 2 גבוהה משמעותית בשל הנשיאה והעמידה בתנאים שמצביעים על סכנה מיידית (נשק טעון, על הגוף), ולכן אינם בעלי אותה רמת חומרה משפטית.

2. תפקיד הנאשם ומעורבותו — בתיק 1 המעורבות פסיבית יחסית (החזקה בבית, ללא תכנון), בתיק 2 ישנה מעורבות אקטיבית וברורה (נשיאה על הגוף, תכנון ומטרה סכסוכית). מבחינת מעורבות פלילית התיקים שונים במהות: נאשם כ""מחזיק"" לעומת ""נושא/מזדמן לבצע"" בפועל.

3. שיטת הביצוע (MO) — קיים חפיפה טכנית (שימוש בנשק פרטי) אך ה‑MO שונה: תיק 1 מציג החזקה סטטית של רובה תקול בבית, תיק 2 נשיאה נושאת אופי תוקפני/מוכן לפגיעה (אקדח טעון על הגוף). לכן רק דמיון חלקי בדפוס (אחזקת נשק) אך לא באופני הביצוע.

4. נסיבות הליבה — הבדלים מהותיים: סוג הנשק (רובה תקול מול אקדח טעון), תכנון (אין מול כן), אופן ההחזק (בבית מול על הגוף), ומטרה (ללא מטרה מוכרת מול סכסוך). נסיבות מחמירות בתיק 2 מרחיקות בין שני המקרים מבחינת קביעת מצבים מחמירים/מרכיב ה""סכנה"".

5. ישימות כתקדים — סביר שבית משפט ימנע מלהשליך ישירות תוצאות עונשיות מתיק 2 על תיק 1; תיקים אלה יכולים לשמש כהשוואה חלקית ליסודות החוק אך לא כתקדים ענייני ישיר לעונש בשל הנסיבות המחמירות בתיק 2. כלומר רלוונטיות מוגבלת בעיקר לעקרונות כלליים אך לא להצטמצמות עונשית.

SIMILARITY_SCORE: 30","ok",""
"ME-16-10-12213-904","ME-15-02-9111-399",1,0,0,"{""מספר עבירה"": ""144 ב"", ""סוג עבירה"": ""נשיאת נשק"", ""סוג הנשק [תת מקלע מאולתר]"": 1.0, ""סטטוס הנשק"": ""נשק מופרד מתחמושת"", ""תכנון"": ""כן"", ""אופן החזקת הנשק"": ""ברכב, מוסלק - מוסתר, סמוך לבית"", ""כמות תחמושת"": ""מחסנית ריקה ובה 0 כדורים, 1 כדור""}","{""מספר עבירה"": ""144 א, 144 ב"", ""סוג עבירה"": ""החזקה נשק, נשיאת נשק"", ""סוג הנשק [אקדח]"": 1.0, ""סטטוס הנשק"": ""נשק מופרד מתחמושת"", ""תכנון"": ""לא"", ""אופן החזקת הנשק"": ""על גופו"", ""כמות תחמושת"": ""מחסנית ובה 13 כדורים""}",55.0,"1. סוג העבירה וחומרתה — שני התיקים עוסקים בעבירות נשק לפי סעיף 144 (נשיאה/החזקה), כך מבחינה פורמלית הם באותו תחום פלילי. עם זאת, חומרת המעשה שונה: תיק 1 כולל נשק תת‑מקלע מאולתר (אשר עשוי להיחשב חמור יותר מבחינת סכנה ציבורית/אחריות פלילית) אך עם כמעט ללא תחמושת מיידית; תיק 2 כולל אקדח עם מחסנית טעונה (סכנה מידית גבוהה יותר). בסך‑הכל דמיון בינוני‑נמוך מבחינת חומרה.

2. תפקיד הנאשם ומעורבותו — בשני המקרים מדובר בהחזקת נשק על ידי החשוד (לא צוינה שותפות בפשיעה מורכבת), כלומר תפקיד בסיסי דומה כ""מחזיק/נושא"". יחד עם זאת אופן המעורבות שונה: תיק 1 נראה כמאחז/הסתרה ברכב (פעולה יותר פסיבית/לוגיסטית) בעוד תיק 2 נשיאה על הגוף (פעולה אקטיבית ומיידית יותר). דמיון ממוצע‑נמוך.

3. שיטת הביצוע (MO) — שיטות הביצוע שונות באופן מהותי: תיק 1 כרוך בהסתרה ותכנון מראש, תיק 2 הוא נשיאה גלויה/על הגוף ללא תכנון לפי הנתונים. סוג הנשק ואופן ההחזקה שונים גם הם, לכן דפוס הביצוע לא דומה. דמיון נמוך.

4. נסיבות הליבה — הבדלים מהותיים: סוג הנשק (תת‑מקלע מאולתר מול אקדח רגיל), כמות התחמושת (כמעט אפס מול מחסנית טעונה 13 כדורים), ועצם התכנון/ההסתרה בתיק 1 מול העדר תכנון בתיק 2 — כל אלה מהווים נסיבות מחמירות/מקילות שונות מאוד מבחינת ענישה וסיכון. דמיון נמוך מאוד.

5. ישימות כתקדים — מבחינה משפטית יש חפיפה פורמלית (שימוש בסעיפי 144 והנוסח הכללי של עבירות נשק), כך שפסק דין על אלמנטים משפטיים כלליים (הגדרת עבירה, הוכחת החזקה/נשיאה) יהיה רלוונטי. עם זאת, בפסיקה ענישה בית‑משפט ישקלל במידה רבה סוג נשק, עומס תחמושת, נשיאה על‑הגוף לעומת הסתרה ותכנון — ולכן פסק דין אחד לא ייחשב תקדים חזק לענישה של האחר. ישימות מוגבלת‑מתונה.

SIMILARITY_SCORE: 55","ok",""
"ME-16-05-25902-514","SH-11-01-41775-497",3,1,1,"{""מספר עבירה"": ""144 א, 144 ב"", ""סוג עבירה"": ""החזקה נשק, נשיאת נשק"", ""סוג הנשק [אקדח]"": 1.0, ""סטטוס הנשק"": ""נשק עם מחסנית בהכנס"", ""תכנון"": ""לא"", ""אופן החזקת הנשק"": ""בבית, על גופו"", ""אופן קבלת הנשק"": ""רכש"", ""כמות תחמושת"": ""מחסנית ובה 7 כדורים"", ""מטרה-סיבת העבירה"": ""הגנה עצמית""}","{""מספר עבירה"": ""144 א, 144 ב"", ""סוג עבירה"": ""החזקה נשק"", ""סוג הנשק [אקדח]"": 1.0, ""סטטוס הנשק"": ""נשק מופרד מתחמושת"", ""תכנון"": ""לא"", ""אופן החזקת הנשק"": ""בבית, ברכב"", ""כמות תחמושת"": ""מחסנית, 34 כדורים""}",65.0,"1. סוג העבירה וחומרתה — שני התיקים נוגעים לאותו סעיף עקרוני (החזקה/נשיאה של נשק) אך יש הבדל מהותי בחומרה: תיק 1 כולל נשיאת נשק טעון על הגוף (מוכן לשימוש) ומכיל אלמנט של נשיאה, בעוד תיק 2 מצביע על נשק מופרד מתחמושת וייתכן שאינו נשיאה פעילה. לכן הם קרובים מבחינת הסוג החוקי אך שונים ברמת העוצמה והסיכון המיידי; דמיון בינוני-גבוה. 

2. תפקיד הנאשם ומעורבותו — בשני המקרים הנאשם הוא בעל/מחזיק נשק פרטי ולא סוחר/שליח, כלומר אותו סוג מעורבות משפטית (החזקה). עם זאת, תיק 1 מציג מעורבות פעילה־אישית (על הגוף), ואילו תיק 2 מציג החזקה פסיבית יותר (בבית/ברכב), מה שמצמצם את הדמיון בענף זה. 

3. שיטת הביצוע (MO) — בשני המקרים מדובר בנשק קל (אקדח), ללא תכנון מוקדם, והחזקה בבית/ברכב; אלה דמיינים מבחינת המנגנון הבסיסי. ההבדל המשמעותי הוא שהנשק בתיק 1 היה טעון ומוכן לשימוש בעוד שבתיק 2 מופרד מתחמושת אך נלווה אליו כמות תחמושת גבוהה, לכן דפוסי הסיכון שונים אך לא זרים זה לזה. 

4. נסיבות הליבה — כאן ניכרות סטיות משמעותיות: בתיק 1 הנשק טעון (מחסנית בהכנס) עם 7 כדורים ועל הגוף, וטענת מטרה (הגנה עצמית); בתיק 2 הנשק מופרד מתחמושת אך ישנה כמות גדולה של תחמושת (מחסנית, 34 כדורים) ואחסון גם ברכב. כמות התחמושת והמצב הטעון/מופרד משפיעים מאוד על השיקולים העובדתיים והעונשיים, ולכן הדמיון נמוך־בינוני. 

5. ישימות כתקדים — בית משפט ימצא בהם קווי דמיון משפטיים חשובים (אותם סעיפים חומרתיים, אותן סוגיות ראייה לגבי החזקה) ולכן ייחשבו רלוונטיים במובן הרחב, אך לא זהים: הבדלי טעינה, נשיאה, כמות תחמושת וטענת הגנה עצמית ישנו את הסנטנציה והערכה העובדתית. לפיכך תיק 2 יכול לשמש כהשוואה אך לא כתיק זהה תקדימית בכל אספקט ענישה. 

SIMILARITY_SCORE: 65","ok",""
"ME-18-05-32659-754","ME-16-08-54879-35",3,1,1,"{""מספר עבירה"": ""144 ב"", ""סוג עבירה"": ""נשיאת נשק, הובלת נשק"", ""עבירות נוספות"": ""כן"", ""סוג הנשק [תת מקלע מאולתר]"": 1.0, ""סוג הנשק [רימון הלם/גז]"": 1.0, ""סטטוס הנשק"": ""נשק מופרד מתחמושת"", ""תכנון"": ""לא"", ""אופן החזקת הנשק"": ""ברכב"", ""כמות תחמושת"": ""מחסנית ריקה ובה 0 כדורים, 9 כדורים, 10 כדורים""}","{""מספר עבירה"": ""144 ב"", ""סוג עבירה"": ""נשיאת נשק, הובלת נשק"", ""סוג הנשק [תת מקלע מאולתר]"": 1.0, ""סטטוס הנשק"": ""נשק מופרד מתחמושת"", ""תכנון"": ""לא"", ""אופן החזקת הנשק"": ""סמוך לבית"", ""כמות תחמושת"": ""מחסנית ובה 7 כדורים""}",75.0,"1. סוג העבירה וחומרתה — שני התיקים הם תחת אותה הוראת סעיף (נשיאה/הובלה של נשק, 144ב), כלומר סוג העבירה זהה מבחינת המסגרת החוקית; עם זאת בתיק 1 ישנה עבירות נוספות ונשק משולב (תת‑מקלע וקלע הלם/גז) מה שמעלה את חומרת המקרה ביחס לתיק 2.

2. תפקיד הנאשם ומעורבותו — בשני התיקים המצב מתאר החזקה/הובלה פרטית של נשק ללא תכנון (אין יזימה עסקית או סחר), כלומר המעורבות העובדתית דומה (אופי פסיבי/חזקת נשק ולא תיווך/סחר).

3. שיטת הביצוע (MO) — ה‑MO דומה: נשק מאולתר מסוג תת‑מקלע, הנשק מופרד מתחמושת בשני המקרים, ואין תכנון; ההבדלים בפריטים נלווים (רימון הלם/גז בתיק 1) והיקף התחמושת מקטינים מעט את דמיון ה‑MO אך הבסיס דומה מאוד.

4. נסיבות הליבה — יש הבדלים מהותיים: בתיק 1 מספר מחסניות/כדורים גדול יותר וקיומו של רימון הלם/גז, וכן החזקת ברכב (ניידות) שעשויים להיחשב כמחמירים; בתיק 2 הכמות קטנה יותר וההחזקת סמוך לבית עשויה להיחשב פחות מאיימת. שניהם ללא תכנון, אך נסיבות המחמירות בתיק 1 מקנות משקל שונה בעונש.

5. ישימות כתקדים — בית משפט ימצא שהתיקים קרובים ומועילים זה לזה לניסוח עקרונות כלליים (אותו סעיף, סוג נשק, הפרדת תחמושת, חוסר תכנון), אך ההבדלים בכמות ובנשק הנוסף בתיק 1 יכבידו על השוואה ישירה בענישה; כלומר תקדים של תיק 1 רלוונטי אך לא שקול-לשקול לדיוק הענישה במקרה קל יותר בתיק 2.

SIMILARITY_SCORE: 75","ok",""
"ME-17-05-35227-215","ME-15-02-9111-399",1,0,0,"{""מספר עבירה"": ""144 ב"", ""סוג עבירה"": ""נשיאת נשק, הובלת נשק"", ""סוג הנשק [תת מקלע מאולתר]"": 1.0, ""סטטוס הנשק"": ""נשק עם מחסנית בהכנס"", ""תכנון"": ""כן"", ""אופן החזקת הנשק"": ""ברכב""}","{""מספר עבירה"": ""144 א, 144 ב"", ""סוג עבירה"": ""החזקה נשק, נשיאת נשק"", ""סוג הנשק [אקדח]"": 1.0, ""סטטוס הנשק"": ""נשק מופרד מתחמושת"", ""תכנון"": ""לא"", ""אופן החזקת הנשק"": ""על גופו"", ""כמות תחמושת"": ""מחסנית ובה 13 כדורים""}",60.0,"1. סוג העבירה וחומרתה  
שני התיקים נופלים באותו תחום עבירות נשק (סעיף 144 וקבוצתו), ולכן מבחינה פורמלית יש חפיפה מסוימת בחומרת האינטרס הציבורי המוגן. עם זאת, סוג הנשק ודרגת המסוכנות שונים (תת‑מקלע מאולתר בפועל טעון מול אקדח מופרד מתחמושת), כך שלא מדובר בעבירות שוות ערך בחומרה.

2. תפקיד הנאשם ומעורבותו  
בשני המקרים נראה כי מדובר בהחזקה/נשיאה על ידי בעל הנשק עצמו ולא בתיווך/הספקה של שליח, כלומר מעורבות פעילה של הנאשם. יחד עם זאת, האופן (ברכב מול על הגוף) ואי־הזיקה לתכנון משפיעים על מידת הסיכון והכוונה, ולכן דמיון בתפקיד קיים אך לא זהה.

3. שיטת הביצוע (MO)  
קיים הבדל מהותי בשיטת הביצוע: נשק מתוחכם וטעון שהוחזק ברכב בתכנון לעומת אקדח מופרד מתחמושת וללא תכנון ושאתו על הגוף. הדפוסים שונים דיים כך שמנגנון האיום והפשיעה איננו זהה.

4. נסיבות הליבה  
נסיבות מרכזיות שונות: בתיק 1 יש תכנון ונשק מסוג תת‑מקלע מאולתר עם מחסנית מוזנת (חומרה מחמירה); בתיק 2 הנשק מופרד מתחמושת אם כי קיימת מחסנית עם 13 כדורים, ואין תכנון. ההבדלים בסוג הנשק, במצבו ובקיום תכנון הם נסיבות בוררות שקובעות הטיה משמעותית בענישה.

5. ישימות כתקדים  
בית משפט ימצא שהפסיקה ההולמת מבחינת עקרונות (עבירות נשק, שקילת נסיבות מחמירות/מקלות) רלוונטית, אך לא ייתן לתיק 1 או 2 משקל הוראה מוחלט בשל ההבדלים בטיב הנשק, במידת המוכנות ובתכנון. לפיכך התיק יכול לשמש כמקור השוואה לעקרונות, אך לא כתקדים זהה לאמצעי ענישה.

SIMILARITY_SCORE: 60","ok",""
"ME-16-04-12480-812","ME-12-03-15148-775",1,0,0,"{""מספר עבירה"": ""144 א, 144 ב"", ""סוג עבירה"": ""החזקה נשק, נשיאת נשק, הובלת נשק"", ""עבירות נוספות"": ""כן"", ""סוג הנשק [תת מקלע מאולתר]"": 1.0, ""סטטוס הנשק"": ""נשק עם כדור בקנה"", ""תכנון"": ""כן"", ""אופן החזקת הנשק"": ""ברכב, על גופו, מוסלק - מוסתר"", ""כמות תחמושת"": ""17 כדורים"", ""מטרה-סיבת העבירה"": ""סכסוך"", ""שימוש"": ""כן,ירי""}","{""מספר עבירה"": ""144 א"", ""סוג עבירה"": ""החזקה נשק"", ""עבירות נוספות"": ""כן"", ""סוג הנשק [אקדח]"": 1.0, ""סטטוס הנשק"": ""נשק מופרד מתחמושת"", ""תכנון"": ""לא"", ""אופן החזקת הנשק"": ""ברכב"", ""כמות תחמושת"": ""מחסנית ובה 11 כדורים""}",60.0,"1. סוג העבירה וחומרתה — שני התיקים שייכים לאותו תחום (עבירות נשק לפי סעיף 144 ומקבילות), אבל חומרת התיק שונה: תיק 1 חמור בהרבה (תת‑מקלע מאולתר, טעון, ירי, תכנון), תיק 2 פחות חמור (אקדח מופרד מתחמושת, אין תכנון/ירי).  
2. תפקיד הנאשם ומעורבותו — בתיק 1 מעורבות פעילה (שימוש בנשק, נשיאה מוסלקת, תכנון) לעומת מעורבות פסיבית/החזקה בתיק 2; לכן תפקיד ואחריות עניינית שונים.  
3. שיטת הביצוע (MO) — MO שונה במידות מהותיות: תיק 1 מאופיין בהסתרה אישית וברכב, תכנון והשימוש בנשק; תיק 2 מציג החזקה ברכב ללא תכנון ועם הנשק מופרד מתחמושת.  
4. נסיבות הליבה — הבדלים מהותיים: סוג הנשק (תת‑מקלע מאולתר מול אקדח), סטטוס (טעון + ירי מול מופרד/מחסנית), תכנון ומניע (סכסוך ותכנון מול אין תכנון). כמות תחמושת דומה סדר גודלית אבל לא מפצה על השוני באלמנטים המחמירים.  
5. ישימות כתקדים — התיקים רלוונטיים זה לזה מבחינת יסודות האשמה כלליים (החזקה/נשיאה), אך מבחינת ענישה והערכת חומרה בתי המשפט יבחינו בבירור: תוצאות ותיק 1 ישמשו תקדים למקרים חמורים דומים, פחות רלוונטי לצמצום עונש בתיק 2. סה""כ תקדים חלקי ורלוונטי רק במישור היסוד הפלילי, פחות במישור הענישה.  

SIMILARITY_SCORE: 60","ok",""
"ME-16-02-59812-881","ME-16-03-54615-517",1,0,0,"{""מספר עבירה"": ""144 ב"", ""סוג עבירה"": ""סחר בנשק"", ""עבירות נוספות"": ""כן"", ""סוג הנשק [אקדח]"": 1.0, ""סטטוס הנשק"": ""נשק מופרד מתחמושת"", ""תכנון"": ""לא"", ""אופן החזקת הנשק"": ""בבית"", ""כמות תחמושת"": ""2 מחסניות, 20 כדורים"", ""מטרה-סיבת העבירה"": ""בצע כסף""}","{""מספר עבירה"": ""144 ב"", ""סוג עבירה"": ""סחר בנשק"", ""סוג הנשק [תת מקלע]"": 1.0, ""סטטוס הנשק"": ""תקול"", ""תכנון"": ""כן"", ""מטרה-סיבת העבירה"": ""בצע כסף"", ""שימוש"": ""כן,ירי""}",40.0,"1. סוג העבירה וחומרתה — שני התיקים עומדים תחת סעיף 144ב (סחר בנשק) ולכן מבחינת הסיווג החוקי זהה, אך חומרת המעשה שונה: תת‑מקלע וירי (תיק 2) מסוכנים ופוטנציאליים חמור יותר מאקדח מופרד מתחמושת שנמצא בבית (תיק 1). הדמיון במהות העבירה קיים ברמת הסעיף, אך לא בשלב ההשפעה והנזק הציבורי.

2. תפקיד הנאשם ומעורבותו — בתיק 1 נראה מעורבות יחסית פסיבית (החזקת נשק בבית לצורך סחר, ללא תכנון), בעוד שבתיק 2 קיימת מעורבות פעילה ואלימה (תכנון ושימוש בירי), כלומר רמת היוזמה והמסוכנות שונה במידה מהותית. לכן דמיון התפקיד נמוך.

3. שיטת הביצוע (MO) — שיטות שונות: תיק 1 ללא תכנון, נשק מופרד מתחמושת ואחסון ביתי; תיק 2 מתוכנן, הנשק תקול אך נעשה בו שימוש ירי. ה‑MO שונה וההשוואה בעייתית.

4. נסיבות הליבה — קיימים הבדלי גורליים: סוג נשק שונה (אקדח מול תת‑מקלע), קיום תחמושת מדווח בתיק 1 לעומת אש בפועל בתיק 2, ותכנון ↔ חוסר תכנון. נסיבות מחמירות בתיק 2 ממצקות את ההבדל בעונש ובאבחנה העובדתית.

5. ישימות כתקדים — מבחינת יסודות הסעיף (קיום סחר בנשק) התיקים יכולים להיות רלוונטיים זה לזה ברמה עקרונית, אבל בהקשר ענישתי ובאבחנת מעורבות/חומרה בית־המשפט יראה הבדלים מהותיים שיפחיתו את תקפותו של תיק 1 כתקדים לתיק 2. מסקנה: רלוונטיות חלקית בלבד.

SIMILARITY_SCORE: 40","ok",""
"SH-23-03-19819-247","SH-16-11-7544-55",3,1,1,"{""מספר עבירה"": ""144 א"", ""סוג עבירה"": ""החזקה נשק"", ""סטטוס הנשק"": ""נשק מופרד מתחמושת"", ""תכנון"": ""לא"", ""אופן החזקת הנשק"": ""בבית, מוסלק - מוסתר"", ""כמות תחמושת"": ""3 מחסניות ובהן כמה עשרות כדורים""}","{""מספר עבירה"": ""144 א"", ""סוג עבירה"": ""החזקה נשק"", ""סוג הנשק [תת מקלע מאולתר]"": 1.0, ""סטטוס הנשק"": ""נשק מופרד מתחמושת"", ""תכנון"": ""לא"", ""אופן החזקת הנשק"": ""על גופו, מוסלק - מוסתר"", ""כמות תחמושת"": ""מחסנית ובה 10 כדורים""}",70.0,"1. סוג העבירה וחומרתה — שניהם עבירת 144א (החזקה נשק), כך מבחינת הסעיף והיסוד הפלילי מדובר באותו סוג עבירה. עם זאת חומרת המקרה יכולה להיות שונה: נשק תת‑מקלע מאולתר (תיק 2) נחשב חמורה יותר מבחינת מסוכנות בהשוואה לנשק לא מפורט בתיק 1, ולכן לא זהים ברמת חומרה.

2. תפקיד הנאשם ומעורבותו — בשני התיקים היותו של הנאשם הוא של מחזיק/מאחסן (לא יזם פשע או סוחר) וללא תכנון מוקדם; זה דומה מבחינת מעורבות פנימית ואחריות אישית. מדובר במעורבות פסיבית יחסית בשני המקרים, ולכן דמיון גבוה בהיבט זה.

3. שיטת הביצוע (MO) — שני המקרים כוללים החזקת נשק מוסלק/מוסתר ואין תכנון, אך שיטת ההחזקה שונה: בתיק 1 הנשק מוסתר בבית, בתיק 2 הנשק מוסתר על הגוף (מוכנות גבוהה יותר). בנוסף, בתיק 2 סוג הנשק (תת‑מקלע מאולתר) ומהירות השימוש האפשרית יוצרים דפוס ביצוע מסוכן שונה; לכן דמיון בינוני בלבד ב‑MO.

4. נסיבות הליבה — יש הבדלים מהותיים: כמות התחמושת בתיק 1 גדולה יותר (מספר מחסניות וכמה עשרות כדורים) אך הנשק לא הוזכר כפיתון אוטומטי; בתיק 2 מחסנית אחת של 10 כדורים אך מדובר בתת‑מקלע מאולתר ונשיאה על הגוף — אלה נסיבות מחמירות שונות. סך הנסיבות הממחישות סכנה מיידית גבוה יותר בתיק 2, כך שהנסיבות הליבה אינן תואמות במלואן.

5. ישימות כתקדים — התיקים יהיו רלוונטיים זה לזה בדרך של קביעת יסודות העבירה והעונש הבסיסי, אך בית המשפט יתחשב בהבדלים מהותיים (סוג הנשק, מוכנות לשימוש, מקום ההחזק והכמות) כגורמי החמרה/הקלה. כלומר תקדים מתיק 1 יכול לשמש כהנחיה כללית, אך לא יחול באופן ישיר על שיקול העונש בתיק 2 ללא התאמות.

SIMILARITY_SCORE: 70","ok",""
"ME-15-12-39071-113","ME-16-10-12213-904",1,0,0,"{""מספר עבירה"": ""144 א"", ""סוג עבירה"": ""החזקה נשק"", ""סוג הנשק [אקדח]"": 1.0, ""סטטוס הנשק"": ""תקין"", ""תכנון"": ""לא"", ""אופן החזקת הנשק"": ""ברכב, מוסלק - מוסתר""}","{""מספר עבירה"": ""144 ב"", ""סוג עבירה"": ""נשיאת נשק"", ""סוג הנשק [תת מקלע מאולתר]"": 1.0, ""סטטוס הנשק"": ""נשק מופרד מתחמושת"", ""תכנון"": ""כן"", ""אופן החזקת הנשק"": ""ברכב, מוסלק - מוסתר, סמוך לבית"", ""כמות תחמושת"": ""מחסנית ריקה ובה 0 כדורים, 1 כדור""}",65.0,"1. סוג העבירה וחומרתה — שניהם עבירות נשק מאותו תחום הפלילי, אך לא זהות מבחינת הסעיף: 144א (החזקה) מול 144ב (נשיאה). שניהם חמורים, אך תיק 2 נטול ספק חמור יותר בשל סעיפי נשיאה בתכנון ובנשק כבד יותר; לכן דמיון בינוני-גבוה בנושא החומרה והסיווג הכללי אך לא זהה.  

2. תפקיד הנאשם ומעורבותו — בשני התיקים מדובר בעמדה של מחזיק/נושא הנשק ולא סוחר/מזמין, כלומר מעורבות אישית דומה (אינטנסיביות על פי המצוי). עם זאת, הקיום של תכנון בתיק 2 מעיד על יזימה ומודעות גבוהה יותר מאשר בתיק 1, מה שמוריד במידה מסוימת את הדמיון בתכלול המעשה.  

3. שיטת הביצוע (MO) — דפוס דומה: נשק מוסלק/מוסתר ברכב בשניהם, כך שיש התאמה במשמעות הענישה ביחס להחבאה ונשיאה מוסתרת. ההבדל בסוגי הנשק (אקדח תקין לעומת תת‑מקלע מאולתר) ובסטטוס התחמושת מקטין את הדמיון באמצעי המסוכן ובנכונות לשימוש.  

4. נסיבות הליבה — כאן הבדלים מהותיים: בתיק 2 קיים תכנון, נשק מסוג חמור יותר, וגם קיום/מיקום נשק סמוך לבית ופרטי תחמושת (אמנם מועט) משפיעים על מסה של נסיבות מחמירות/מקילות. בתיק 1 נשק תקין אך ללא תכנון; ההבדלים בכמות/סטטוס התחמושת ובאופי הנשק מקשים על השוואה ישירה של נסיבות הליבה.  

5. ישימות כתקדים — בית־משפט ימצא שקיימת רלוונטיות בין התיקים במישורים של החבאה ברכב והפרת איסור נשק, ולכן תקדימים עשויים להיות שימושיים במשקל הענישה והערכת הסיכון. עם זאת, השוני בתכנון, בסוג הנשק ובמוכנות לשימוש יוביל להבחנה עניינית וייתכן שידרשו הסתמכויות משלימות; סיכום: רלוונטי אך מוגבל.  

SIMILARITY_SCORE: 65","ok",""
"ME-16-08-44157-713","ME-17-05-35227-215",2,0,1,"{""מספר עבירה"": ""144 ב"", ""סוג עבירה"": ""סחר בנשק"", ""עבירות נוספות"": ""כן"", ""סוג הנשק [רובה צלפים]"": 1.0, ""סטטוס הנשק"": ""נשק מופרד מתחמושת"", ""תכנון"": ""כן"", ""אופן החזקת הנשק"": ""בבית, מוסלק - מוסתר"", ""כמות תחמושת"": ""מחסנית"", ""מטרה-סיבת העבירה"": ""בצע כסף""}","{""מספר עבירה"": ""144 ב"", ""סוג עבירה"": ""נשיאת נשק, הובלת נשק"", ""סוג הנשק [תת מקלע מאולתר]"": 1.0, ""סטטוס הנשק"": ""נשק עם מחסנית בהכנס"", ""תכנון"": ""כן"", ""אופן החזקת הנשק"": ""ברכב""}",44.0,"1. סוג העבירה וחומרתה — יש דמיון פורמלי בכך ששני המקרים הם עבירות נשק תחת אותו סעיף (144ב), אך מהותית הם שונים: תיק 1 הוא סחר/מסחר בנשק (עבירה מסחרית, כבדה יותר), ותיק 2 הוא נשיאה/הובלה (אופי תעבורתי/החזקתי, פחות חמור בדרך כלל). מבחינת חומרה וסנקציות צפויות, ההבדלים מהותיים. 

2. תפקיד הנאשם ומעורבותו — בתיק 1 הנאשם מופיע כיזם/סוחר (מטרה רווחית, מעורבות יזומה ועמוקה), בעוד שבתיק 2 מדובר בהחזקת נשק ברכב\הובלה; זה יכול להעיד על תפקיד שליח/נושא או החזקת ביניים. הפער בתפקיד ובמידת האחראיות מצמצם את הדמיון בין התיקים.

3. שיטת הביצוע (MO) — יש רכיבים משותפים: שניהם מתוכננים, כוללים הסתרה/הסעה ושימוש במחסנית, כלומר דפוס ביצוע של התארגנות והסתרת נשק. עם זאת, סוגי הנשק ושיטת ההחזק (מוסלק בבית מול בברכב; נשק מופרד מתחמושת מול נשק מוכנס מחסנית) שונים דיים כדי להבחין בין MO אופרטיבי. בסך הכול דמיון בינוני-גבוה באלמנט התכנון/הסתרה אך הבדלים טכניים חשובים.

4. נסיבות הליבה — הבדלים משמעותיים: סוג הנשק (רובה צלפים מול תת־מקלע מאולתר), מוכנות הנשק (מופרד מתחמושת לעומת מחסנית בהכנס), כוונה (בצע כסף בתיק 1) וקיום עבירות נוספות בתיק 1. אלה נסיבות מחמירות/מהותיות שמשפיעות הן על אשמה והן על ענישה, ולכן דמיון נמוך בנסיבות הליבה.

5. ישימות כתקדים — מבחינה משפטית בית המשפט ימצא רלוונטיות חלקית: עניין של עבירת נשק מתוכננת יכול להוות קו דומה לשיקולי נחישות/תכנון, אך הבדלים בתפקיד הנאשם, בסוג הנשק, במצב הנשק ובמטרה המסחרית יפחיתו את המשקל התקדימי של תיק 2 לתיק 1. לפיכך התקדים יהיה שימושי במישורים מסוימים (תכנון, הסתרה) אך לא כתקדים ענייני מלא לענישה על סחר.

SIMILARITY_SCORE: 44","ok",""
"ME-10-08-17917-313","ME-16-04-12480-812",1,0,0,"{""מספר עבירה"": ""144 א"", ""סוג עבירה"": ""החזקה נשק"", ""עבירות נוספות"": ""כן"", ""סוג הנשק [אקדח]"": 1.0, ""סטטוס הנשק"": ""נשק מופרד מתחמושת"", ""תכנון"": ""לא"", ""אופן החזקת הנשק"": ""בבית, מוסלק - מוסתר"", ""אופן קבלת הנשק"": ""מאחר"", ""כמות תחמושת"": ""3 כדורים"", ""מטרה-סיבת העבירה"": ""הגנה עצמית""}","{""מספר עבירה"": ""144 א, 144 ב"", ""סוג עבירה"": ""החזקה נשק, נשיאת נשק, הובלת נשק"", ""עבירות נוספות"": ""כן"", ""סוג הנשק [תת מקלע מאולתר]"": 1.0, ""סטטוס הנשק"": ""נשק עם כדור בקנה"", ""תכנון"": ""כן"", ""אופן החזקת הנשק"": ""ברכב, על גופו, מוסלק - מוסתר"", ""כמות תחמושת"": ""17 כדורים"", ""מטרה-סיבת העבירה"": ""סכסוך"", ""שימוש"": ""כן,ירי""}",25.0,"1. סוג העבירה וחומרתה — שני התיקים נופלים בתחום עבירות נשק לפי סעיף 144, אך רמת החומרה שונה משמעותית: תיק 1 היא החזקה בבית של אקדח מופרד מתחמושת בעוד תיק 2 כולל נשיאה והובלה של תת‑מקלע מאולתר ומצב טעון, עם ירי בפועל. לפיכך יש חפיפה פורמלית בסוג הענישה (עבירות נשק) אך לא בשיעור החומרה.

2. תפקיד הנאשם ומעורבותו — בתיק 1 הנאשם מחזיק נשק במצב פסיבי יחסית (מוסלק בבית, ללא תכנון), בעוד בתיק 2 הנאשם נושא ונוהג בנשק באופן אקטיבי ואף יורה; המעורבות בתיק 2 היא יזומה ופעילה. זה יוצר פער מהותי בעובדות הרלוונטיות לענישה.

3. שיטת הביצוע (MO) — המשותף הוא הסתרת הנשק, אך שיטות הביצוע שונות: אחסון ביתי מוסתר לעומת הובלה/נשיאה ברכב ועל הגוף ותכנון מראש בתיק 2. ההבדלים באמצעים ובסיכון לציבור (טעון, ירי) מצביעים על MO שונה במידה רבה.

4. נסיבות הליבה — שונות מהותית: סוג הנשק (אקדח מול תת‑מקלע מאולתר), סטטוס טעון מול מופרד, כמות תחמושת (3 מול 17), תכנון וירי בפועל בתיק 2 מול חוסר תכנון ומטרה של הגנה עצמית בתיק 1. נסיבות מחמירות רבות בתיק 2 שהופכות אותו לשונה מבחינת מסמרים עונשיים ויחס שופט.

5. ישימות כתקדים — בית משפט ימצא עקרונות כלליים משותפים (עבירות נשק, גורמי הקלה/החמרה) אך יתמוך במידה מוגבלת בשיוך ענייני; פסיקה מתיק 2 תתקבל כתקדים לקביעת חומרה כאשר מדובר בשימוש רציני וטעון, אך לא תכריע ישירות בענישה של תיק 1 שבו מצויים נסיבות מקלות ברורות. כלומר רלוונטיות כללית אך לא שקילה ישירה.

SIMILARITY_SCORE: 25","ok",""
"ME-20-07-29529-567","ME-16-08-54879-35",2,0,1,"{""מספר עבירה"": ""144 ב"", ""סוג עבירה"": ""נשיאת נשק, הובלת נשק"", ""סוג הנשק [אקדח]"": 1.0, ""סטטוס הנשק"": ""נשק מופרד מתחמושת"", ""תכנון"": ""כן"", ""אופן החזקת הנשק"": ""ברכב, על גופו, מוסלק - מוסתר"", ""כמות תחמושת"": ""2 מחסניות""}","{""מספר עבירה"": ""144 ב"", ""סוג עבירה"": ""נשיאת נשק, הובלת נשק"", ""סוג הנשק [תת מקלע מאולתר]"": 1.0, ""סטטוס הנשק"": ""נשק מופרד מתחמושת"", ""תכנון"": ""לא"", ""אופן החזקת הנשק"": ""סמוך לבית"", ""כמות תחמושת"": ""מחסנית ובה 7 כדורים""}",65.0,"1. סוג העבירה וחומרתה — שניהם עומדים תחת אותן הוראות (144ב) והעבירה זהה במהותה — נשיאת/הובלת נשק ללא רישיון. עם זאת, חומרת המעשה עלולה להימשך שונה בפועל עקב אופי הנשק (תת–מקלע מאולתר נוטה להיחשב חמור יותר מאקדח), לכן הדמיון גבוה אך לא מוחלט.

2. תפקיד הנאשם ומעורבותו — בשני התיקים מדובר בהחזקת/הובלת נשק ולא הולכת/שיווק שלישי; אין ראיות בתיאורים להבדל בין יזום לספק/שליח, לכן מבחינת תפקיד הפועל הדמיון גבוה.

3. שיטת הביצוע (MO) — בשני המקרים מדובר בהחזקת נשק מופרד מתחמושת והובלה/הסתרה במקום, אך האופן שונה: מוסלק על הגוף/ברכב בתיק 1 לעומת השארה סמוך לבית בתיק 2; כמו כן נשק מאולתר משדר אופי ביצוע שונה. דמיון בינוני־נמוך יחסית ב‑MO.

4. נסיבות הליבה — הבדלים מהותיים: תכנון קיים בתיק 1 ולא בתיק 2; סוג הנשק בתיק 2 חמור יותר מבחינת פוטנציאל נזק; כמויות התחמושת דומות בסדר גודל נמוך אך מבנות שונות (2 מחסניות ללא פרטים מול מחסנית אחת עם 7 כדורים). נסיבות הליבה שונות במידה שמשפיעה על ענישה.

5. ישימות כתקדים — מאחר שמדובר באותה תבנית עבירה הראיות מהתיק השני יהיו רלוונטיות כמשקלו של תקדים, אך בית משפט צפוי להבחין ולפחות להתחשב בהבדלים (שיטת נשק ותכנון) בעת ענישה. לכן התיק יכול לשמש תקדים רלוונטי אך לא זהה.

SIMILARITY_SCORE: 65","ok",""
"SH-09-05-9349-998","ME-20-07-29529-567",1,0,0,"{""מספר עבירה"": ""144 א"", ""סוג עבירה"": ""החזקה נשק"", ""סוג הנשק [אקדח]"": 1.0, ""סטטוס הנשק"": ""נשק מופרד מתחמושת"", ""תכנון"": ""לא"", ""אופן החזקת הנשק"": ""בבית, מוסלק - מוסתר"", ""כמות תחמושת"": ""מחסנית ריקה ובה 0 כדורים, 26 כדורים""}","{""מספר עבירה"": ""144 ב"", ""סוג עבירה"": ""נשיאת נשק, הובלת נשק"", ""סוג הנשק [אקדח]"": 1.0, ""סטטוס הנשק"": ""נשק מופרד מתחמושת"", ""תכנון"": ""כן"", ""אופן החזקת הנשק"": ""ברכב, על גופו, מוסלק - מוסתר"", ""כמות תחמושת"": ""2 מחסניות""}",60.0,"1. סוג העבירה וחומרתה — שניהם עבירות נשק עם אקדח ושניהם עוסקות בהחזקה/הובלה של נשק, אבל תיוג העבירה שונה (144א – החזקה במקום; 144ב – נשיאה/הובלה), ו-144ב משקפת בדרך כלל חומרה גבוהה יותר בגלל נשיאה/הובלה בשטח ציבורי/ברכב. מכאן שיש חפיפה בנושא הבסיסי אך פער בחומרה ובאופי העבירה.

2. תפקיד הנאשם ומעורבותו — בתיק 1 המעורבות נראית פסיבית/סטטית (אחסון מוסתר בבית, ללא תכנון). בתיק 2 מדובר בפעולה אקטיבית/ניידת (ברכב, על גופו) ועם תכנון, כלומר מעורבות יזומה. בשל כך התפקיד והדינמיקה שונה משמעותית.

3. שיטת הביצוע (MO) — הדמיון קיים בכך ששני המקרים כוללים אקדח מופרד מתחמושת ומוסלק/מוסתר, אך שיטות ההסתרה והמיקום שונות (בית מול רכב/אדם) ושיטת ההכנה שונה (תכנון בתיק 2). לפיכך דמיון חלקי ב-MO, אך שונות מהותית ברמת הנגישות לשימוש.

4. נסיבות הליבה — קיימת חשיבות רבה לפקטורים כמו תכנון, כמות תחמושת ונגישות לשימוש: בתיק 1 אין תכנון והנשק במגורים; בשני יש תכנון, נשיאה על הגוף/ברכב, ו־2 מחסניות (יותר מוכנות לשימוש). גם אם בשני המקרים הנשק מופרד מתחמושת, כמות ומוכנות התחמושת בתיק 2 מהווים נסיבות מחמירות יחסית.

5. ישימות כתקדים — בית משפט ימצא קשר ענייני בנושאים מסוימים (המשמעות של ""נשק מופרד מתחמושת"", הוכחת בעלות/החזקה, שאלות הוכחה פרוצדורליות), ולכן פסק דין בתיק 1 יהיה רלוונטי לחלק מהטענות בתיק 2. עם זאת, בהיבט הענישה ובהערכת המסוכנות התנהגותית התיקים שונים דיים — פסק דין על הקלה בתיק 1 יהיה מוגבל בהשפעתו על תיק 2 בגלל התכנון והנשיאה.

SIMILARITY_SCORE: 60","ok",""
"ME-22-03-46930-359","ME-16-03-59260-279",1,0,0,"{""מספר עבירה"": ""144 א, 144 ב"", ""סוג עבירה"": ""החזקה נשק, סחר בנשק"", ""סוג הנשק [אקדח]"": 1.0, ""סטטוס הנשק"": ""נשק מופרד מתחמושת"", ""תכנון"": ""כן"", ""אופן קבלת הנשק"": ""רכש"", ""כמות תחמושת"": ""מחסנית"", ""מטרה-סיבת העבירה"": ""בצע כסף""}","{""מספר עבירה"": ""144 א, 144 ב"", ""סוג עבירה"": ""החזקה נשק, נשיאת נשק"", ""סוג הנשק [אקדח]"": 1.0, ""סטטוס הנשק"": ""נשק עם מחסנית בהכנס"", ""תכנון"": ""כן"", ""אופן החזקת הנשק"": ""בבית, ברכב, על גופו, מוסלק - מוסתר"", ""כמות תחמושת"": ""מחסנית ובה 14 כדורים"", ""מטרה-סיבת העבירה"": ""סכסוך""}",45.0,"1. סוג העבירה וחומרתה — שני התיקים עוסקים בעבירות נשק תחת אותן הוראות (144א/144ב), אבל בתיק 1 מדובר בסחר/החזקה לצורך מסחר בעוד בתיק 2 מדובר בהחזקה/נשיאה לצורך סכסוך. מבחינת חומרה יש חפיפה אך סחר נחשב בדרך כלל לחומרה גבוהה יותר; אינם זהים מבחינת מעמד הענישה.  

2. תפקיד הנאשם ומעורבותו — בתיק 1 המאפיינים מצביעים על שחקן מסחרי/יזם (רכש במטרה לסחור), בעוד בתיק 2 מדובר בעלת נשק שנושא/מסתיר אותו לשימוש אישי/סכסוך. יש כאן הבדל מהותי בתפקיד ובאחריות הפלילית.  

3. שיטת הביצוע (MO) — שני התיקים מראים תכנון ורובה מסוג אקדח, אך שיטות שונות: בתיק 1 רכש ונועד למכירה (החזקה מופרדת מתחמושת), בתיק 2 נשיאה מוסלקת ונשק טעון עם מחסנית בתוך 14 כדורים. דמיון חלקי (תכנון, סוג נשק) אך MO שונה בעניין מוכנות לשימוש ובהסתרה.  

4. נסיבות הליבה — הבדלים מהותיים: בתיק 2 נשק טעון, מחסנית מלאה וכמעט בוודאי נסיבות מחמירות (החזקת נשק מוסלק/נשיאה), בתיק 1 המטרה כלכלית וסחר שמעמיד אותו בחומרה שונה; כמויות, מוכנות לשימוש ומניעים שונים יוצרים פער נסיבתי גדול.  

5. ישימות כתקדים — לשיקולים משפטיים מסוימים (פירוש הוראת החוק, דרישות יסוד של עבירות נשק) התיקים עשויים להיות רלוונטיים זה לזה, אך מבחינת ענישה ותמחור עובדות (סחר מול נשיאה טעונה/מוסלקת) התמיכה כתקדים ענייני מוגבלת. בית משפט כנראה יתחשב בהם באופן מרומז אך לא יראהם כתקדים זהים לענישה.  

SIMILARITY_SCORE: 45","ok",""
"ME-16-02-18397-87","ME-12-03-13401-281",1,0,0,"{""מספר עבירה"": ""144 ב"", ""סוג עבירה"": ""נשיאת נשק, הובלת נשק"", ""עבירות נוספות"": ""כן"", ""סוג הנשק [אקדח]"": 1.0, ""סטטוס הנשק"": ""תקול"", ""תכנון"": ""לא"", ""אופן החזקת הנשק"": ""ברכב, על גופו, מוסלק - מוסתר"", ""כמות תחמושת"": ""כדורים""}","{""מספר עבירה"": ""144 א, 144 ב"", ""סוג עבירה"": ""החזקה נשק, נשיאת נשק, הובלת נשק"", ""עבירות נוספות"": ""כן"", ""סוג הנשק [אקדח]"": 1.0, ""סטטוס הנשק"": ""נשק עם כדור בקנה"", ""תכנון"": ""לא"", ""אופן החזקת הנשק"": ""ברכב"", ""כמות תחמושת"": ""2 מחסניות ובהן כדורים, 11 כדורים"", ""שימוש"": ""כן,ירי""}",60.0,"1. סוג העבירה וחומרתה  
שני התיקים עוסקים בעבירות נשק לפי סעיפי 144 (הובלה/נשיאה/החזקה), כך שיש חפיפה בסוג הענייני. עם זאת, תיק 2 כולל גם החזקה (144א) וירי — מעשה שעלול להיחשב משמעותית חמור יותר מבחינת מסוכנות ועונש, ולכן אין זהה מבחינת חומרה.

2. תפקיד הנאשם ומעורבותו  
בשני המקרים מדובר בנשא/מחזיק/מוביל נשק (לא תיאור של ארגון פלילי או מזימה מתוחכמת), כלומר מעורבות של נשיאה/החזקה. תיק 2 מגלה מעורבות פעילה נוספת (שימוש, ירי) בעוד תיק 1 מצביע על החזקה/נשיאה פסיבית יותר, ולכן קירבה ביניהם מוגבלת.

3. שיטת הביצוע (MO)  
שיטת הביצוע קרובה במובן שהכלים זהים (אקדח), הנשק הוסלק/נישא ברכב ובעיקר מדובר בהובלה/החזקת נשק. עם זאת תיק 2 כולל נשק טעון עם כדור בקנה, שתי מחסניות וכי התבצע ירי — מה שמייצר שינוי מהותי ב‑MO מבחינת המסוכנות והאופי הפלילי.

4. נסיבות הליבה  
יש הבדלים מהותיים: בתיק 1 הנשק דווח כ""תקול"" ולא נעשה שימוש, כמות התחמושת לא מפורטת; בתיק 2 הנשק טעון, יש מחסניות וכדורים רבים, ונעשה ירי. כל אלה מהווים נסיבות מחמירות בתיק 2 שאינן משתקפות בתיק 1, אף על פי שאין תכנון בשניהם.

5. ישימות כתקדים  
בית המשפט יראה קשר ענייני למבחן היסודי של החזקת/נשיאת נשק, כך שעקרונות ופסיקה לגבי קביעת יסוד עבירת 144 עשויים להיות רלוונטיים. עם זאת, אלמנטים מחמירים בתיק 2 (נשק טעון, כדור בקנה, שימוש בפועל) יגבילו את התאמתו של תיק 1 כתקדים ענייני לצורכי ענישה בתיק 2 — כלומר רלוונטי חלקית, לא זהה.

SIMILARITY_SCORE: 60","ok",""
"ME-17-10-62597-895","SH-15-12-65958-120",1,0,0,"{""מספר עבירה"": ""144 ב"", ""סוג עבירה"": ""נשיאת נשק, הובלת נשק"", ""סוג הנשק [אקדח]"": 1.0, ""סטטוס הנשק"": ""נשק מופרד מתחמושת"", ""תכנון"": ""לא"", ""אופן החזקת הנשק"": ""על גופו"", ""כמות תחמושת"": ""מחסנית וכדורים""}","{""מספר עבירה"": ""144 א"", ""סוג עבירה"": ""החזקה נשק"", ""סוג הנשק [אקדח]"": 1.0, ""סוג הנשק [תת מקלע מאולתר]"": 1.0, ""סטטוס הנשק"": ""נשק עם מחסנית בהכנס"", ""תכנון"": ""כן"", ""אופן החזקת הנשק"": ""בבית, מוסלק - מוסתר"", ""כמות תחמושת"": ""מחסנית ובה 8 כדורים, מחסנית ובה 15 כדורים, מחסנית ריקה ובה 0 כדורים, מחסנית ובה 6 כדורים"", ""מטרה-סיבת העבירה"": ""הגנה עצמית""}",35.0,"1. סוג העבירה וחומרתה — התיקים עוסקים שניהם בעבירות נשק אך תתי-העבירה שונים: תיק 1 הוא נשיאה/הובלה (144ב) ותיק 2 הוא החזקה/אחסון (144א). חומרת המקרה בתיק 2 גבוהה יותר בשל נשק מוכן לפעולה, נשק נוסף מסוג שונה ותכנון; לפיכך לא מדובר באותה רמת עבירה מבחינת עונשין וסיווג משפטי.

2. תפקיד הנאשם ומעורבותו — בשני התיקים העוסק הוא בעל-חזקת נשק, אך אופי המעורבות שונה: בתיק 1 מדובר בהעברה/נשיאה פעילה על הגוף, מעורבות רגעית ונסיבתית; בתיק 2 מדובר בהחזקת נשק מוסלק בבית, מה שמרמז על החזקה קבועה ומודעת. מבחינת אחריות פלילית יש חפיפה בסיסית (החזקה/שליטה) אך ההיקף והתכנון שונים באופן מהותי.

3. שיטת הביצוע (MO) — שיטות הביצוע שונות: בתיק 1 אין תכנון ונשק מופרד מתחמושת, בעוד בתיק 2 יש תכנון, הסתרה בבית ונשק במצב מוכנות (מחסנית בהכנס). אלה דפוסים פעולה נבדלים שעלולים לשנות את תפיסת הסיכון והכוונה בעיני בית המשפט.

4. נסיבות הליבה — הבדלים מהותיים: בתיק 2 מגוון נשקים (אקדח ותת־מקלע מאולתר), מספר מחסניות ותחמושת בשפע, תכנון והצגת טענה של הגנה עצמית; בתיק 1 נשק יחיד מופרד מתחמושת וטרם תוכנן. נסיבות אלה הן גורמי החמרה/הקלה מרכזיים שמשפיעים רבות על ענישה והליך.

5. ישימות כתקדים — יש מידה מוגבלת של ישימות כתקדים: עקרונות כלליים של עבירות נשק עשויים להיות רלוונטיים, אך ההבדלים בתת־עבירה, במצב הנשק, בכמות ובתכנון מקשים על שימוש בתיק 1 כתקדים ישיר לתיק 2 לענישה או להרשעה. סיכוי שמחוקק/בית משפט ימצאו את התיקים רלוונטיים לרוב סוגיות רק ברמה העקרונית, לא כתקדים ענייני מלא.

SIMILARITY_SCORE: 35","ok",""
"ME-13-02-28360-614","ME-16-06-44840-433",1,0,0,"{""מספר עבירה"": ""144 ב"", ""סוג עבירה"": ""נשיאת נשק"", ""עבירות נוספות"": ""כן"", ""סטטוס הנשק"": ""נשק עם כדור בקנה"", ""תכנון"": ""לא"", ""אופן החזקת הנשק"": ""ברכב"", ""שימוש"": ""כן,ירי""}","{""מספר עבירה"": ""144 א, 144 ב"", ""סוג עבירה"": ""החזקה נשק, נשיאת נשק"", ""עבירות נוספות"": ""כן"", ""סוג הנשק [רימון הלם/גז]"": 1.0, ""סטטוס הנשק"": ""נשק מופרד מתחמושת"", ""תכנון"": ""כן"", ""אופן החזקת הנשק"": ""מוסלק - מוסתר"", ""מטרה-סיבת העבירה"": ""סכסוך"", ""שימוש"": ""זריקת רימון""}",60.0,"1. סוג העבירה וחומרתה — שני התיקים עוסקים בעבירות נשק (144 ב בשניהם; בתיק 2 נוסף 144 א), ושניהם כוללים שימוש בנשק בפועל, ולכן מבחינת תחום הענישה מדובר בקירבה מהותית. עם זאת סוגי הנשק שונים (אקדח/ירי לעומת רימון הלם/גז/השלכה) וסטטוס התחמושת שונה, מה שמשנה את סיווג הסכנה והחומרה בהשוואה.  
2. תפקיד הנאשם ומעורבותו — בשני המקרים הנאשם מעורב באופן פעיל בשימוש בנשק (ירי/השלכה), כלומר מבחינת מעורבות התיקים דומים במידה גבוהה.    
3. שיטת הביצוע (MO) — שוני מהותי: בתיק 1 נשק נשא ברכב ללא תכנון מוקדם; בתיק 2 נשק מוסלק ומלווה בתכנון והסתרה לפני שימוש (השלכת רימון). לכן דפוס ביצוע ואמצעים שונים והדמיון ביניהם מוגבל.  
4. נסיבות הליבה — קיימים הבדלים ענקיים בפקטורים המחמירים/מקלות: נשק טעון/ירי מול נשק מופרד מתחמושת/רימון, הימצאות תכנון והסתרה בתיק 2, ומטרה של סכסוך בתיק 2; אלה מובילים להבדלים משמעותיים בחומרה ובאחריות.  
5. ישימות כתקדים — התיקים רלוונטיים חלקית: בית המשפט יהסתמך על פסיקה של עבירות נשק כללית לגבי יסודות ועיקרי הענישה, אך יבצע ההבחנות חשובות על בסיס סוג הנשק, תכנון, הסתרה ואופן השימוש; לכן לא מדובר בתקדים תואם לחלוטין אלא בכלי השוואה מוגבל.  

SIMILARITY_SCORE: 60","ok",""
"SH-18-06-11098-353","SH-16-11-7544-55",3,1,1,"{""מספר עבירה"": ""144 א"", ""סוג עבירה"": ""החזקה נשק"", ""סוג הנשק [רובה סער ]"": 1.0, ""סטטוס הנשק"": ""נשק מופרד מתחמושת"", ""תכנון"": ""לא"", ""אופן החזקת הנשק"": ""בבית, מוסלק - מוסתר""}","{""מספר עבירה"": ""144 א"", ""סוג עבירה"": ""החזקה נשק"", ""סוג הנשק [תת מקלע מאולתר]"": 1.0, ""סטטוס הנשק"": ""נשק מופרד מתחמושת"", ""תכנון"": ""לא"", ""אופן החזקת הנשק"": ""על גופו, מוסלק - מוסתר"", ""כמות תחמושת"": ""מחסנית ובה 10 כדורים""}",75.0,"1. סוג העבירה וחומרתה — במשני התיקים מדובר באותו סעיף (החזקה נשק, ס' 144א) ובאופן כללי חומרת העבירה דומה כי מדובר בנשק חם. עם זאת סוגי הנשק שונים (רובה סער מול תת‑מקלע מאולתר) וזו עלולה להשפיע על ההערכה העובדתית והעונשית, אך מבחינת יסוד העבירה הם קרובים במיוחד.

2. תפקיד הנאשם ומעורבותו — בשני התיקים מדובר בהחזקה פעילה של נשק ולא בתיווך/סחר; אין עדות ליזום פעולה פלילית אחרת. ההחזקה על הגוף בתיק 2 מעידה על מעורבות יותר מידית ומודעת לעומת אחזקה מוסלקת בבית בתיק 1, כך שקיים הבדל בעוצמת האשמה אך לא בשייכות החוקית.

3. שיטת הביצוע (MO) — שניהם מוסתרים ומוסלקים, אך המיקום שונה (בית מול על הגוף) והנשק עצמם שונים מבחינת מקור/סוג. לכן דפוס ההחזקות דומה מבחינת הסתרה אך שונה במשמעות המיידיות והסכנה; דמיון חלקי.

4. נסיבות הליבה — כאן ההבדלים בולטים: בתיק 2 יש מחסנית עם 10 כדורים והחזקת הנשק על הגוף, מה שמחמיר את נסיבות המסוכנות; בתיק 1 הנשק מופרד מתחמושת ומאוחסן בבית, נסיבות מקלות יחסית. במישור זה התיקים אינם שווים והשפעתם על ענישה צפויה להשתנות.

5. ישימות כתקדים — תיק 1 יכול לשמש תקדים בנוגע ליסודות ההבחנה והעונש הבסיסי על החזקת נשק מוסלק, אך לא יכסה במלואו את תנאי החמרה כמו נשיאה על הגוף ואספקת תחמושת בתיק 2. לכן התיק רלוונטי מבחינת יסודות העבירה, פחות רלוונטי כתקדים לאנון הענישה במקרה החמור יותר של תיק 2.

SIMILARITY_SCORE: 75","ok",""
"ME-14-07-13179-197","m08000207-175",1,0,0,"{""מספר עבירה"": ""144 א, 144 ב"", ""סוג עבירה"": ""החזקה נשק, נשיאת נשק"", ""עבירות נוספות"": ""כן"", ""סוג הנשק [אקדח]"": 1.0, ""סטטוס הנשק"": ""נשק עם כדור בקנה"", ""תכנון"": ""לא"", ""אופן החזקת הנשק"": ""על גופו"", ""כמות תחמושת"": ""3 מחסניות ובהן כדורים"", ""מטרה-סיבת העבירה"": ""בצע כסף"", ""שימוש"": ""כן,ירי""}","{""מספר עבירה"": ""144 ב"", ""סוג עבירה"": ""נשיאת נשק"", ""עבירות נוספות"": ""כן"", ""סוג הנשק [אקדח]"": 1.0, ""סטטוס הנשק"": ""נשק עם מחסנית בהכנס"", ""תכנון"": ""לא"", ""אופן החזקת הנשק"": ""ברכב"", ""כמות תחמושת"": ""מחסנית ובה 15 כדורים, מחסנית ובה כ-10 כדורים""}",55.0,"1. סוג העבירה וחומרתה  
שני התיקים עוסקים בנשק חם ובהתאם בסעיפי נשיאה/החזקה (144), כלומר שייכים לאותו תחום פלילי. עם זאת תיק 1 חמור משמעותית כי הנשק היה מחוזק בקנה והובער (ירי) והעמידה בעבירות נוספות של ביצוע פשע (ביצע כסף), בעוד תיק 2 מתאר נשק ברכב ללא דיווח על שימוש - לפיכך דומה בסוג אבל לא שווה בחומרה.

2. תפקיד הנאשם ומעורבותו  
בתיק 1 הנאשם מעורב באופן פעיל (שימוש בנשק וביצוע פשע), מה שמצביע על מעורבות יזומה ותוקפנית; בתיק 2 המעורבות נראית פסיבית יחסית (נשק ברכב, לא דיווח על ירי) ולכן תפקיד האחראיות ודרגת המסוכנות שונה. מבחינה עניינית זה מפחית את הדמיון בכל הנוגע לאשמה ועונש.

3. שיטת הביצוע (MO)  
קיימת חפיפה טכנית: אקדח, תחמושות מרובות ומצב טעון/מוכן לשימוש. ההבדל מהותי הוא אופן ההחזקה והשימוש — על הגוף ונעשה ירי בתיק 1, ברכב וללא שימוש בתיק 2. כלומר דפוס דומה ככלל (נשיאת נשק טעון) אך שיטת ביצוע שונה מבחינת מעשית והשלכות.

4. נסיבות הליבה  
הפרטים על כמויות התחמושת דומים בעוצמה (מספר מחסניות וכדורים) אך נסיבות מחמירות בתיק 1: כדור בקנה, ירי ומטרה פלילית (ביצוע כסף). בתיק 2 יש אולי יותר כדורים בסך הכל אך חוסר שימוש והחזקה ברכב מקטינים את חומרת המקרה. לכן נסיבות הליבה אינן חופפות באופן מלא.

5. ישימות כתקדים  
בית משפט ימצא שהמקרים רלוונטיים ברמת העיקרון (נשיאת/החזקה של נשק טעון) ולכן פסיקה על יסודות 144 עשויה לשמש כרקע, אך ענישה ויישום בקשות להחמרה יהיו שונים בגלל השימוש והפגיעה שבתיק 1. לפיכך תיק 1 יכול לשמש כתקדים באופן חלקי להוכחת מסוכנות/כמות תחמושת, אך לא כתקדים ישיר בענישה במקרים ללא ירי או ביצוע פשע.

SIMILARITY_SCORE: 55","ok",""
"SH-17-04-19242-11","SH-16-11-7544-55",3,1,1,"{""מספר עבירה"": ""144 א"", ""סוג עבירה"": ""החזקה נשק"", ""סוג הנשק [רובה סער ]"": 1.0, ""סטטוס הנשק"": ""נשק מופרד מתחמושת"", ""תכנון"": ""לא"", ""אופן החזקת הנשק"": ""בבית, מוסלק - מוסתר"", ""אופן קבלת הנשק"": ""מאחר"", ""כמות תחמושת"": ""2 מחסניות ובהן כדורים""}","{""מספר עבירה"": ""144 א"", ""סוג עבירה"": ""החזקה נשק"", ""סוג הנשק [תת מקלע מאולתר]"": 1.0, ""סטטוס הנשק"": ""נשק מופרד מתחמושת"", ""תכנון"": ""לא"", ""אופן החזקת הנשק"": ""על גופו, מוסלק - מוסתר"", ""כמות תחמושת"": ""מחסנית ובה 10 כדורים""}",75.0,"1. סוג העבירה וחומרתה — שני התיקים עומדים תחת אותה תבנית עבירה (החזקה נשק לפי סעיף 144 א), ולכן מבחינת היסוד הפלילי ורמת החומרה הבסיסית הם קרובים מאוד; עם זאת סוגי הנשק שונים (רובה סער מול תת‑מקלע מאולתר) וייתכן שבתי‑משפט יתפסו את המאולתר כגורם מחמיר, כך שיש הבדל מסוים בחומרה הפוטנציאלית.

2. תפקיד הנאשם ומעורבותו — בשני המקרים מדובר בהחזקה פרטנית ללא אינדיקציה למסחר/הפצה או לתכנון, כלומר מעורבות פסיבית/אקט של החזקת נשק בלבד; הדמיון פה גבוה מאוד.

3. שיטת הביצוע (MO) — בשני המקרים הנשק מוסלק ומופרד מתחמושת (מקטין את המסוכנות המיידית), אך ההחזקות שונות במקום: מוסלק בבית מול מוסלק על הגוף. שניהם מסתירים את הנשק ולכן דפוס דומה, אך נשיאת הנשק על הגוף מעלה את רמת הסיכון והאופי המצוי של העבירה — דמיון בינוני‑גבוה.

4. נסיבות הליבה — שני המקרים ללא תכנון ועם נשק מופרד מתחמושת (נקודות מקלות משותפות). יש הבדל בכמות/צורת התחמושת (שתי מחסניות מול מחסנית אחת של 10 כדורים) ובסוג הנשק; כך שגם אם המגמות דומות (החזקה מוסתרת ללא תכנון), יש הבדלים שעשויים להשפיע על ענישה.

5. ישימות כתקדים — בית‑משפט ימצא ראיות רלוונטיות משני התיקים בנוגע לאלמנטים בסיסיים (הרכיב הפלילי, הימצאות נשק מופרד מתחמושת, היעדר תכנון) ולכן התיקים יהיו תקדימיים זה לזה בתחום הקביעה המבנית של האשמה/הקלה; עם זאת הבדלים במיקום ההחזק והסוג/כמות הנשק ימנעו שוויון מוחלט בעונש וההתאמה תהיה תלויה בנסיבות העובדתיות — רלוונטיות אמיתית אך לא זהות מלאה.

SIMILARITY_SCORE: 75","ok",""
"ME-14-10-31218-522","ME-14-12-6904-57",1,0,0,"{""מספר עבירה"": ""144 א"", ""סוג עבירה"": ""החזקה נשק"", ""סוג הנשק [רימון הלם/גז]"": 1.0, ""תכנון"": ""לא"", ""אופן החזקת הנשק"": ""על גופו, סמוך לבית"", ""שימוש"": ""זריקת רימון""}","{""מספר עבירה"": ""144 ב"", ""סוג עבירה"": ""נשיאת נשק, הובלת נשק"", ""עבירות נוספות"": ""כן"", ""סוג הנשק [תת מקלע מאולתר]"": 1.0, ""סטטוס הנשק"": ""נשק מופרד מתחמושת"", ""תכנון"": ""כן"", ""אופן החזקת הנשק"": ""בבית, על גופו, מוסלק - מוסתר"", ""אופן קבלת הנשק"": ""רכש"", ""כמות תחמושת"": ""מחסנית וכדורים""}",34.0,"1. סוג העבירה וחומרתה  
שני התיקים שייכים לאותו תחום (ענייני נשק) אך אינם זהים מבחינת הסעיף והחומרה: תיק 1 (החזקה/שימוש ברימון) מתמקד בשימוש בנשק יירוט/פיצוץ, בעוד תיק 2 (נשיאה/הובלה של תת‑מקלע מאולתר) כרוך בנשק חם, תכנון והחזקת תחמושת — בדרך כלל נחשבים חמורים יותר. מסקנה: דמיון בתחום הכללי, אך הבדלים מהותיים בחומרה ובסעיפים.

2. תפקיד הנאשם ומעורבותו  
בתיק 1 הנאשם החזיק על גופו ושימש בנשק (זריקה) — מעורבות פעילה בשימוש. בתיק 2 יש מעורבות יזמית יותר (רכישה, תכנון, הסתרה והובלה) וכן עבירות נוספות המצביעות על מעורבות מאורגנת. מסקנה: שניהם מעורבים באופן פעיל, אך התיק השני מעיד על יזמה ותכנון משמעותיים יותר.

3. שיטת הביצוע (MO)  
שיטות הביצוע שונות: תיק 1 כרוך בהחזקת רימון ושימוש מהיר בשטח (זריקה), תיק 2 מתאר אחסון מוסלק, הובלה/נשיאה, רכישה ותכנון של נשק חם. אמצעים ודפוסי פעילות מובחנים באופן מהותי, ולכן ה‑MO אינו דומה במיוחד.

4. נסיבות הליבה  
הבדלים מרכזיים בנסיבות: בתיק 1 אין תכנון אך יש שימוש ממשי בנשק; בתיק 2 יש תכנון, רכש, הסתרה ותחמושת מלווה — גורמים המחמירים את העבירה. כמויות, סוג הנשק וקיומה של תחמושת הופכים את נסיבות התיק השני לחמורות ושונות מהותית.

5. ישימות כתקדים לצורכי ענישה  
בתי‑המשפט ימצאו עקרונות כלליים דומים (הערכת סכנה, נסיבות אישיות, האם נעשה שימוש), אך הפרטים הקונקרטיים – סוג הנשק, תכנון, שימוש בפועל ותחמושת — כה שונים שזה מקשה על יישום תקדים אחד לשני לצורכי ענישה מדויקת. תקדים עשוי להיות רלוונטי מבחינה עקרונית, אך לא מספיק דומה כדי לקבוע ענישה זהה ללא התאמות.

SIMILARITY_SCORE: 34","ok",""
"ME-16-10-9348-780","ME-17-05-35227-215",1,0,0,"{""מספר עבירה"": ""144 ב"", ""סוג עבירה"": ""נשיאת נשק"", ""סוג הנשק [רובה צייד]"": 1.0, ""סטטוס הנשק"": ""נשק מופרד מתחמושת"", ""תכנון"": ""לא"", ""אופן החזקת הנשק"": ""בבית, ברכב"", ""כמות תחמושת"": ""75 כדורים"", ""מטרה-סיבת העבירה"": ""לעורר את אביו""}","{""מספר עבירה"": ""144 ב"", ""סוג עבירה"": ""נשיאת נשק, הובלת נשק"", ""סוג הנשק [תת מקלע מאולתר]"": 1.0, ""סטטוס הנשק"": ""נשק עם מחסנית בהכנס"", ""תכנון"": ""כן"", ""אופן החזקת הנשק"": ""ברכב""}",45.0,"1. סוג העבירה וחומרתה — שניהם צוינו תחת ""144 ב"" (אותו מסגרת חקיקתית של נשיאת/הובלת נשק), לכן מבחינה פורמלית מדובר באותו סוג עבירה; עם זאת החומרה שונה: נשק תת‑מקלע מאולתר טעון ומחסנית בהכנס משמעותו סכנה ופוטנציאל פגיעה גבוהים בהרבה מאשר רובה צייד מופרד מתחמושת. הסיכון והמתח החשוד בעבירה בתיק 2 גבוהים במידה מהותית, לכן הדמיון בחומרה בינוני‑נמוך. 

2. תפקיד הנאשם ומעורבותו — בשני התיקים מדובר בהחזקת/הובלת נשק על־פי הנתונים (אין נתונים על תפקיד מורכב כמו ""סוחר"" או ""מאורגן""); כך מבחינת סוג המעורבות (מחזיק/נושא) יש דמיון בסיסי. יחד עם זאת בתיק 2 יש תיכנון מפורש שעשוי להעיד על מעורבות פעילה ובעלת כוונה פלילית חזקה יותר מאשר חוסר תכנון בתיק 1, ולכן הדמיון בינוני. 

3. שיטת הביצוע (MO) — שיטות ומאפיינים שונים: נשק חוקי לכאורה (רובה צייד) מול תת‑מקלע מאולתר, נשק מופרד מתחמושת לעומת נשק עם מחסנית בשעת הפעולה; אלה שינויי MO משמעותיים שמשפיעים על מסקנות המצב ומדיניות הסיכון. הדמיון נמוך. 

4. נסיבות הליבה — הבדלים מהותיים: בתיק 1 יש 75 כדורים, נשק מופרד, מטרה/מניע מובא (לעורר את האב) ואחסנה גם בבית; בתיק 2 יש תכנון, נשק מאולתר טעון ברכב (מצב מוכנות גבוה), ואין פרטי מניע דומים. הבדלים אלה משפיעים ישירות על הערכת מסוכנות והעונש, לכן הדמיון נמוך מאוד. 

5. ישימות כתקדים — מבחינה חוקית שני התיקים רלוונטיים לפרשנות ההיבט הטכני של סעיף 144ב (הגדרת העבירה), אך בתחשיבים ענישתיים בית המשפט ייחסם כנראה באופן שונה: תיק 2 משמש תקדימית להחמרה/החמרת ענישה בתנאים של נשק טעון ותכנון, בעוד תיק 1 עשוי לשמש כתקדים מקל יותר. לכן המשקל התקדימתי מוגבל: רלוונטיים להיבטי חוק אך לא כתקדים ענישה זהה. 

SIMILARITY_SCORE: 45","ok",""
"ME-16-06-42987-901","ME-12-04-33577-700",1,0,0,"{""מספר עבירה"": ""144 ב"", ""סוג עבירה"": ""נשיאת נשק"", ""עבירות נוספות"": ""כן"", ""סוג הנשק [רימון הלם/גז]"": 1.0, ""סטטוס הנשק"": ""תקול"", ""תכנון"": ""לא"", ""מטרה-סיבת העבירה"": ""סכסוך"", ""שימוש"": ""ניסיון לירי ללא הצלחה""}","{""מספר עבירה"": ""144 א, 144 ב"", ""סוג עבירה"": ""החזקה נשק, נשיאת נשק"", ""עבירות נוספות"": ""כן"", ""סוג הנשק [אקדח]"": 1.0, ""סטטוס הנשק"": ""נשק עם כדור בקנה"", ""תכנון"": ""כן"", ""אופן החזקת הנשק"": ""על גופו"", ""מטרה-סיבת העבירה"": ""סכסוך"", ""שימוש"": ""כן,ירי""}",45.0,"1. סוג העבירה וחומרתה — שני התיקים עוסקים בעבירות נשק לפי סעיפים 144, ולכן מבחינת הקטגוריה הכללית הם קרובים. עם זאת בחומרה יש פער משמעותי: תיק 2 כולל החזקה ונשיאה של אקדח טעון וירי שבוצע, בעוד תיק 1 עוסק ברימון הלם/גז תקול וניסיון ירי כושל, כך שתיק 2 חמור הרבה יותר.

2. תפקיד הנאשם ומעורבותו — בשני המקרים הנאשם פועל באופן פרואקטיבי (החזקה/נשיאה ושימוש בנשק בסכסוך), כלומר מעורבות פעילה וקשר לפעולה אלימה. אך בתיק 2 המעורבות מתאפיינת בתכנון ובמאחז נשק על הגוף עם ירי ממשי, מה שמעלה את מידת האשמה והתכלית ביחס לתיק 1 שבו לא היה תכנון והנשק תקול.

3. שיטת הביצוע (MO) — שניהם מבוצעים במסגרת סכסוך ואפקט של נשק כאמצעי אלימות, ולכן קיימת הזדהות תיאורטית בשיטה (שימוש בנשק בסכסוך בין אנשים). עם זאת האמצעים עצמם שונים במהות: נשק גז/רימון תקול/ניסיון כושל לעומת אקדח נשא וטעון עם ירי ממשי — הבדל מהותי בסכנה ובמידת האינטנסיביות.

4. נסיבות הליבה — יש הבדלים מהותיים: סטטוס הנשק (תקול לעומת טעון עם כדור), תכנון (לא לעומת כן), ושימוש מעשי (ניסיון כושל לעומת ירי שבוצע). אלה נסיבות מחמירות/מהקלות שישפיעו מאוד על הענישה ותוצאת ההכרעה; דמיון כאן נמוך יחסית למרות מטרה זהה (סכסוך).

5. ישימות כתקדים — חלק מהעקרונות (עבירת נשיאה בהקשר של סכסוך, שיקולי מסוכנות והרתעה) עשויים לעבור בין התיקים, אך הבדלים מהותיים בשיטה, בתכנון ובסטטוס הנשק יגבילו מאוד את ערכם התקדימי של הפסקי דין זה כלפי זה לצורכי ענישה. בתי המשפט ירבו להבחין ויתנו משקל רב יותר לעובדות המחמירות בתיק 2, כך שתיק 1 יהיה תקדים מוגבל בלבד.

SIMILARITY_SCORE: 45","ok",""
"ME-15-08-44579-251","SH-17-04-19242-11",1,0,0,"{""מספר עבירה"": ""144 ב"", ""סוג עבירה"": ""נשיאת נשק"", ""סוג הנשק [אקדח]"": 1.0, ""סטטוס הנשק"": ""נשק מופרד מתחמושת"", ""תכנון"": ""לא"", ""אופן החזקת הנשק"": ""על גופו, מוסלק - מוסתר"", ""כמות תחמושת"": ""מחסנית ריקה ובה 0 כדורים""}","{""מספר עבירה"": ""144 א"", ""סוג עבירה"": ""החזקה נשק"", ""סוג הנשק [רובה סער ]"": 1.0, ""סטטוס הנשק"": ""נשק מופרד מתחמושת"", ""תכנון"": ""לא"", ""אופן החזקת הנשק"": ""בבית, מוסלק - מוסתר"", ""אופן קבלת הנשק"": ""מאחר"", ""כמות תחמושת"": ""2 מחסניות ובהן כדורים""}",40.0,"1. סוג העבירה וחומרתה — שני התיקים עוסקים בעבירות נשק תחת אותן הוראות כלליות, אך שונות בסעיפים: תיק 1 (144 ב) נשיאה על הגוף, תיק 2 (144 א) החזקה בבית. חומרת המעשה בתיק 2 גבוהה יותר (רובה סער ומחסניות טעונות) ולכן לא זהים בחומרה למרות קרבה פורמלית.
2. תפקיד הנאשם ומעורבותו — בשני התיקים מדובר ב""מחזיק/נושא"" של נשק ולא בפועל יזום של פגיעה; עם זאת, האקט של נשיאה מוסתרת על הגוף מעיד על מעורבות אקטיבית שונה מהחזקה בבית בפאסיביות יחסית. מסקנה: דמיון חלקי בתכונת היותו מחזיק נשק, אבל שונות בתפקיד-מעשיות.
3. שיטת הביצוע (MO) — דמיון במאפיין ההסתרה (מוסלק/מוסתר) ושלעתים נשק מופרד מתחמושת בשניהם. עם זאת אמצעי הביצוע שונים (אקדח על הגוף לעומת רובה/אחסון בבית) ומשמעותם עובדתית שונה מבחינת סכנה ציבורית.
4. נסיבות הליבה — הבדלים מהותיים: בתיק 1 מחסנית ריקה ואפס כדורים, בתיק 2 שתי מחסניות עם כדורים; סוג הנשק (אקדח מול רובה סער) ומיקום (על גופו מול בבית) מחמירים בתיק 2. שתי התיקים ללא תכנון, אך נסיבות מחמירות/מסוכנות בתיק 2 גדולות יותר ולכן אינם זהים.
5. ישימות כתקדים — מבחינת עקרונות הוכחה ופרשנות מונחי החוק (למשל משמעות ""מופרד מתחמושת"", מהי ""החזקה"" מול ""נשיאה"", תהא/הסתרה) יש ערך תקדימי חלקי ותמיכתי. אך מבחינת ענישה ותמחור פלילי תיקים אלה שונים במידה מהותית; בית המשפט צפוי לראות אותם כרלוונטיים לפרשנות יסודית אך לא כתקדים ישיר ליחס ענישה מלא.

SIMILARITY_SCORE: 40","ok",""
"ME-15-06-12109-344","SH-14-11-8987-965",1,0,0,"{""מספר עבירה"": ""144 ב"", ""סוג עבירה"": ""נשיאת נשק, הובלת נשק"", ""סוג הנשק [אקדח]"": 1.0, ""סטטוס הנשק"": ""תקין"", ""תכנון"": ""כן"", ""אופן החזקת הנשק"": ""ברכב, מוסלק - מוסתר""}","{""מספר עבירה"": ""144 א"", ""סוג עבירה"": ""החזקה נשק"", ""עבירות נוספות"": ""כן"", ""סוג הנשק [אקדח]"": 1.0, ""סטטוס הנשק"": ""תקול"", ""תכנון"": ""לא"", ""אופן החזקת הנשק"": ""בבית"", ""אופן קבלת הנשק"": ""גנב""}",40.0,"1. סוג העבירה וחומרתה — שני התיקים נופלים תחת עבירות נשק (סעיף 144), אבל סעיפים שונים: 144ב (הובלה/נשיאה מוסלקת ברכב) מול 144א (החזקה). העבירה בתיק 1 קשה יותר בד""כ כי נשיאה מוסלקת ברכב מציגה סכנה שונה ומצביעה על מטרת שימוש/העברה; בתיק 2 חומרת העבירה עשויה להיות נמוכה יותר אם הנשק לא תקין ומוחזק בבית, אך העובדה שהוא גנוב יכולה להחמיר את ההליך הפלילי. מסקנה: דמיון חלקי בלבד בחומרה.

2. תפקיד הנאשם ומעורבותו — בתיק 1 הנאשם פועל כמעביר/נושא נשק באופן יזום (הובלה מוסלקת), כלומר מעורבות פעילה ותכליתית. בתיק 2 המעורבות נראית כמאחז/מחזיק בבית; אם מאפיין ""גנב"" מתייחס לנאשם הוא גם עונתי פעיל (גניבה), אך התפקיד בפעולת הנשק שונה (אחיזה סטטית לא הובלה). מסקנה: דמיון בינוני-נמוך בתפקיד ובהיקף המעורבות.

3. שיטת הביצוע (MO) — קווי דמיון טכניים רק בכך ששני המקרים כוללים אקדח; השיטות שונות: נשיאה מוסלקת ברכב ומתכנון מול אחיזה בבית ללא תכנון ונשק תקול. מסקנה: MO שונה באופן מהותי, דמיון נמוך.

4. נסיבות הליבה — הבדלים מובהקים: תכנון/מוסלקות ונשק תקין בתיק 1 מול נשק תקול, חוסר תכנון ואופן קבלת הנשק (גניבה) בתיק 2; גם הימצאות עבירות נוספות בתיק 2 משנה את הפרופיל. אלה פרמטרים מהותיים לענישה ולכן דמיון נמוך מאוד בנסיבות הליבה.

5. ישימות כתקדים — בתי המשפט ישקלו עקרונות כלליים מאחד התיקים בעת בחינת השני (למשל גדר הענישה לעבירות נשק), אבל בשל הבדלים מהותיים בתכנון, מצב הנשק, אופן החזקה והעבירות הנלוות, תיק 1 לא ישמש תקדים ישיר לשליטה בתיק 2; ייתכן שימוש משלים בלבד. מסקנה: רלוונטיות מועטה עד בינונית כתקדים.

SIMILARITY_SCORE: 40","ok",""
"ME-21-10-18557-340","ME-16-12-50986-619",3,1,1,"{""מספר עבירה"": ""144 א, 144 ב"", ""סוג עבירה"": ""החזקה נשק, נשיאת נשק, הובלת נשק"", ""עבירות נוספות"": ""כן"", ""סוג הנשק [תת מקלע מאולתר]"": 1.0, ""סטטוס הנשק"": ""נשק עם כדור בקנה"", ""תכנון"": ""לא"", ""אופן החזקת הנשק"": ""בבית, ברכב, על גופו"", ""כמות תחמושת"": ""מחסנית ולכל הפחות שני כדורים"", ""מטרה-סיבת העבירה"": ""סכסוך"", ""שימוש"": ""כן,ירי""}","{""מספר עבירה"": ""144 ב"", ""סוג עבירה"": ""נשיאת נשק, הובלת נשק"", ""עבירות נוספות"": ""כן"", ""סטטוס הנשק"": ""נשק עם כדור בקנה"", ""תכנון"": ""כן"", ""אופן החזקת הנשק"": ""ברכב, על גופו"", ""מטרה-סיבת העבירה"": ""סכסוך"", ""שימוש"": ""כן,ירי""}",70.0,"1. סוג העבירה וחומרתה — שני התיקים עוסקים בעבירות נשק חמור (נשיאה/הובלה/ירי) והם באותו תחום פלילי; עם זאת בתיק 1 נוסף סעיף החזקה (144א) וסוג הנשק מצוין כתת‑מקלע מאולתר, מה שמחמיר את חומרת המצב. במובן זה הם קרובים מבחינת מהות העבירה אך לא שווים בחומרה.

2. תפקיד הנאשם ומעורבותו — בשני המקרים המעורבות פעילה (נשיאה והשתמשות בנשק, ירי) ולכן מבחינת מעורבות עובדתית הם דומים. עם זאת בתיק 2 יש סימני תכנון המצביעים על יזימה ואירגון גבוהים יותר לעומת חוסר תכנון בתיק 1.

3. שיטת הביצוע (MO) — בשני התיקים יש נשיאה, הובלה ושימוש בירי בהקשר של סכסוך, כך שיש דפוס ביצוע דומה מבחינת פעולה ועניין. הבדלים טכניים קיימים: בתיק 1 הנשק גם הוחזק בבית ובסוג נשק חמור במיוחד; בתיק 2 הדגש על תכנון משנה את אופיו הארגוני.

4. נסיבות הליבה — יש שיתוף מטרתן (סכסוך) ושימוש בנשק עם כדור בקנה בשניהם, אך קיימות הבדלות משמעותיות: בתיק 1 ידוע סוג הנשק ותכולת תחמושת (מפסיקים חומריים), ובתיק 2 יש תכנון שהינו נסיבה מחמירה משל עצמה. לכן נסיבות הליבה חופפות בחלקן אך שונות בכמה פרמטרים מרכזיים שישפיעו על ענישה.

5. ישימות כתקדים — בית המשפט יראה בתיק 2 רלוונטיות לתיק 1 לגבי היסודות של 144ב ושל שימוש בנשק בהקשר של סכסוך, כך שתיק אחד יכול לשמש כתקדים חלקי. עם זאת ההבדלים (החזקה לפי 144א, סוג נשק מאולתר ופרטי תחמושת בתיק 1; ופרמטר התכנון החזק בתיק 2) יגבילו ישימות ישירה לצורכי קביעת חומרת עונש וקביעת נסיבות מחמירות/מקילות.

SIMILARITY_SCORE: 70","ok",""
"ME-13-10-53169-537","ME-13-10-28139-807",2,0,1,"{""מספר עבירה"": ""144 ב"", ""סוג עבירה"": ""החזקה נשק, נשיאת נשק"", ""עבירות נוספות"": ""כן"", ""סוג הנשק [אקדח]"": 1.0, ""סטטוס הנשק"": ""נשק עם כדור בקנה"", ""תכנון"": ""כן"", ""אופן החזקת הנשק"": ""ברכב, על גופו, מוסלק - מוסתר"", ""כמות תחמושת"": ""מחסנית ריקה ובה 0 כדורים, 2 כדורים, 17 כדורים, מחסנית"", ""שימוש"": ""כן,ירי""}","{""מספר עבירה"": ""144 א"", ""סוג עבירה"": ""החזקה נשק"", ""עבירות נוספות"": ""כן"", ""סוג הנשק [אקדח]"": 1.0, ""סטטוס הנשק"": ""נשק עם כדור בקנה"", ""תכנון"": ""כן"", ""אופן החזקת הנשק"": ""על גופו"", ""מטרה-סיבת העבירה"": ""סכסוך"", ""שימוש"": ""כן,ירי""}",80.0,"1. סוג העבירה וחומרתה — שני התיקים עוסקים בהחזקה ונשיאת נשק עם שימוש בפועל (ירי), ולכן מבחינת מהות העבירה ורמת החומרה הם דומים מאוד; הירי מעלה את חומרת המעשה מעבר להחזקה טהורה. ההבחנה במספר סעיף (144א מול 144ב) עשויה לשקף הבדלים פורמליים בעבירות או במידות אשמה, אך מבחינת התוצאה הפלילית העיקרית — נשק טעון וירי — מדובר בחומרה מקבילה.

2. תפקיד הנאשם ומעורבותו — בשני המקרים מדובר במעורבות פעילה: נשיאת נשק וירי מתוך מעשה יזום ומתוכנן, לא מעורבות פסיבית או ממלא תפקיד שליח. קיימת דמיון מהותי בתפקיד ובאחריות הפלילית של הנאשם/ים.

3. שיטת הביצוע (MO) — גם כאן דמיון גבוה: בשניהם נשק חם עם כדור בקנה, תכנון קיים והתרחשה יריה. הבדלים קיימים בשיטת ההסתרה/נשיאה (ברכב ומוסלק בתיק 1 לעומת נשיאה על הגוף בתיק 2), אך לא מדובר בהבדל שמחלחל למהות העבירה כשלעצמה.

4. נסיבות הליבה — יש הבדלים משמעותיים: בתיק 1 יש ריבוי תחמושת (כולל מחסנית עם 17 כדורים) והסוואה/הובלה ברכב, בתיק 2 המטרה צוינה כסכסוך בין אישים והכמות לא מפורטת. הבדלים אלה יכולים להשפיע על החמרה/הקלה בעונש ובאחריות נסיבתית, ולכן הנסיבות אינן זהות למרות האלמנטים המשותפים.

5. ישימות כתקדים — תיקים אלה יהיו רלוונטיים זה לזה כתקדימים כלליים בענייני נשק וירי: קביעות לגבי מסוכנות הנשק, תכנון ושימוש בפועל יהיו ישימות. עם זאת, הבדלי כמות תחמושת, היקף הסתרה/הובלה ומוטיב (סכסוך פרטני) ידרשו התאמות בענישה; כלומר, ניתן להשתמש כתמיכות ענייניות אך לא כעתיקות זהות ללא התאמה.

SIMILARITY_SCORE: 80","ok",""
"SH-15-12-65958-120","SH-16-09-33552-535",3,1,1,"{""מספר עבירה"": ""144 א"", ""סוג עבירה"": ""החזקה נשק"", ""סוג הנשק [אקדח]"": 1.0, ""סוג הנשק [תת מקלע מאולתר]"": 1.0, ""סטטוס הנשק"": ""נשק עם מחסנית בהכנס"", ""תכנון"": ""כן"", ""אופן החזקת הנשק"": ""בבית, מוסלק - מוסתר"", ""כמות תחמושת"": ""מחסנית ובה 8 כדורים, מחסנית ובה 15 כדורים, מחסנית ריקה ובה 0 כדורים, מחסנית ובה 6 כדורים"", ""מטרה-סיבת העבירה"": ""הגנה עצמית""}","{""מספר עבירה"": ""144 א"", ""סוג עבירה"": ""החזקה נשק"", ""סוג הנשק [אקדח]"": 1.0, ""סוג הנשק [רובה סער מאולתר]"": 1.0, ""סטטוס הנשק"": ""נשק מופרד מתחמושת"", ""תכנון"": ""כן"", ""אופן החזקת הנשק"": ""מוסלק - מוסתר, סמוך לבית"", ""כמות תחמושת"": ""מחסנית, מחסנית ריקה ובה 0 כדורים, 4 כדורים, 60 כדורים""}",75.0,"1. סוג העבירה וחומרתה — שני התיקים עוסקים באותו סעיף (144א) של החזקה בנשק, כלומר סוג העבירה ומהות העונש האפשרי דומים מאוד; ההבדלים בכמות/מצב תחמושת ישפיעו על חומרה אך לא ישנו את סיווג העבירה.  
2. תפקיד הנאשם ומעורבותו — בשניהם מדובר בעל/מחזיק נשק הבית (אחזקת נשק מוסלק), לא שליח או סוחר; המידת מעורבות פעילה/יזום זהה (החזקה ותכנון) ולכן דומה מבחינה מהותית.  
3. שיטת הביצוע (MO) — דפוס דומה: נשק מסוג אקדח ובקנה ארוך מאולתר, נשק מוסלק/מוסתר בבית; הבדל מהותי בקשר למוכנות־ירי (בתיק 1 חלק מהנשק עם מחסנית מוכנסת לעומת בתיק 2 נשק מופרד מתחמושת) מצמצם דמיון טקטי אך לא מבטל אותו.  
4. נסיבות הליבה — קיים תכנון בשני המקרים והטענה למטרה זהה (הגנה עצמית) ומיקום אחסון דומה; עם זאת בתיק 2 יש נפח תחמושת גדול משמעותית (כולל מחסנית של 60 כדורים) ונשק מופרד מתחמושת, מה שמעלה את דרגת המסוכנות/כמות החומרה יחסית לתיק 1.  
5. ישימות כתקדים — בית משפט ימצא את התיקים רלוונטיים זה לזה לעניין יסודות העבירה, מוסדות ההענשה והשיקולים (מוסלק, תכנון, טיעון להגנה עצמית), אך ייתן משקל שונה לפרמטרים כמצב מוכנות הלחימה וכמות תחמושת; לכן התיק יכול לשמש תקדים חלקי אך לא זהה בהקשר הענישה.  

SIMILARITY_SCORE: 75","ok",""
"ME-16-05-9968-487","SH-11-01-41775-497",2,0,1,"{""מספר עבירה"": ""144 א, 144 ב"", ""סוג עבירה"": ""החזקה נשק, נשיאת נשק"", ""סוג הנשק [תת מקלע מאולתר]"": 1.0, ""סטטוס הנשק"": ""נשק עם מחסנית בהכנס"", ""תכנון"": ""לא"", ""אופן החזקת הנשק"": ""מוסלק - מוסתר"", ""אופן קבלת הנשק"": ""מאחר"", ""כמות תחמושת"": ""מחסנית"", ""מטרה-סיבת העבירה"": ""חתונה""}","{""מספר עבירה"": ""144 א, 144 ב"", ""סוג עבירה"": ""החזקה נשק"", ""סוג הנשק [אקדח]"": 1.0, ""סטטוס הנשק"": ""נשק מופרד מתחמושת"", ""תכנון"": ""לא"", ""אופן החזקת הנשק"": ""בבית, ברכב"", ""כמות תחמושת"": ""מחסנית, 34 כדורים""}",68.0,"1. סוג העבירה וחומרתה — שני התיקים עומדים תחת אותן הוראות (144א/ב) ולכן מבחינה פורמלית מדובר באותו סוג עבירה של החזקה/נשיאת נשק; חומרת העבירה קרובה מבחינת האיסור היסודי. עם זאת, נשק מסוג תת‑מקלע מאולתר (תיק 1) חמור יותר מבחינת הסכנה הציבורית לעומת אקדח לא טעון (תיק 2), כך שבחומרה מעשית יש הבדל משמעותי.  

2. תפקיד הנאשם ומעורבותו — בשני המקרים נראה שמדובר בהחזקה/בעלות של הנשק (לא סחר או יזום פשע מורכב), כלומר מעורבות ישירה דומה כ""מחזיק/נושא"". בכל זאת תיק 1 מגלם מעורבות פעילה יותר (נשיאה מוסלקת לאירוע ציבורי), בעוד תיק 2 מציג החזקת נשק במקום פרטי/רכב — מעורבות פסיבית יותר.  

3. שיטת הביצוע (MO) — בשני התיקים המעשה העקרוני זה החזקת נשק, כך קיים דמיון מבני; אך ה‑MO שונה: בתיק 1 נשק מוסלק ונשוא לאירוע (הכנה למימוש מיידי), בתיק 2 נשק מופרד מתחמושת ומאוחסן בבית/ברכב (פחות מיידי ומסוכן). ההבדלים באמצעי ובהכנה גוברים על הדמיון הטכני.  

4. נסיבות הליבה — הבדלים מהותיים: בתיק 1 נשק טעון/מחסנית מוכנסת, סוג תת‑מקלע, ונשיאה מוסלקת לאירוע ציבורי (חתונה) – נסיבות מחמירות; בתיק 2 נשק מופרד מתחמושת עם מחסנית ו‑34 כדורים אבל לא טעון ומאוחסן, מה שמצמצם סכנה מידית. חוסר תכנון משותף, אך נסיבות מחמירות/מקלות שונות מאוד.  

5. ישימות כתקדים — יש רלוונטיות: שני התיקים יידונו תחת אותן הוראות וחלק מהקביעות (מהות ההחזקה, היקף אשמה) עשויות להיות ניתנות להשלכה. עם זאת, בתי המשפט ישלבו שיקול נסיבות מעשיות (טעות במשקל החומרה, נשיאה מוסלקת/טעונה, סוג הנשק, סכנה ציבורית) ולכן תקדים אחד לא יכסה את האחר במלואו; ישימות ענישה חלקית אך לא מלאה.  

SIMILARITY_SCORE: 68","ok",""
"ME-19-04-1316-977","ME-16-05-19384-544",1,0,0,"{""מספר עבירה"": ""144 ב"", ""סוג עבירה"": ""סחר בנשק, ניסיון לסחר"", ""סוג הנשק [אקדח]"": 1.0, ""סוג הנשק [תת מקלע מאולתר]"": 1.0, ""סטטוס הנשק"": ""תקול"", ""תכנון"": ""לא"", ""אופן החזקת הנשק"": ""ברכב"", ""כמות תחמושת"": ""1,100 כדורים, 900 כדורים"", ""מטרה-סיבת העבירה"": ""בצע כסף""}","{""מספר עבירה"": ""144 א, 144 ב"", ""סוג עבירה"": ""נשיאת נשק, סחר בנשק"", ""עבירות נוספות"": ""כן"", ""סוג הנשק [תת מקלע]"": 1.0, ""סוג הנשק [רובה סער ]"": 1.0, ""סטטוס הנשק"": ""נשק עם כדור בקנה"", ""תכנון"": ""כן"", ""אופן החזקת הנשק"": ""על גופו, מוסלק - מוסתר, סמוך לבית"", ""אופן קבלת הנשק"": ""רכש"", ""כמות תחמושת"": ""10 כדורים"", ""מטרה-סיבת העבירה"": ""בצע כסף"", ""שימוש"": ""כן,ירי""}",55.0,"1. סוג העבירה וחומרתה — שני התיקים כוללים עבירות סחר בנשק (תיק 1: ניסיון סחר; תיק 2: סחר ונשיאה), ולכן מבחינת הסיווג הענייני יש חפיפה ברמת העבירה העיקרית. עם זאת תיק 2 כולל גם נשיאה, שימוש ו/או עבירות נוספות ולכן חומרת המכלול בתיק 2 גבוהה יותר; לא זהים אך קרובים מבחינת סוג ההרשעה בסחר בנשק.

2. תפקיד הנאשם ומעורבותו — בשני המקרים הנאשמים מעורבים במסחר/העברה של נשק (מניעים כלכליים בשניהם), אך בתיק 1 המעורבות נראית תפקודית/לוגיסטית (החזקת נשק ברכב, ניסיון למכור) ואילו בתיק 2 המעורבות כוללת אחיזה על הגוף, רכישה מאורגנת ושימוש (ירי), כלומר יותר מעורבות פעילה וביצועית ומהותית. תפקידים דומים בתחום הסחר אך דרגת המעורבות שונה.

3. שיטת הביצוע (MO) — שיטות הביצוע שונות: תיק 1 מעמיד דגם של אחסון והעברה בכמות גדולה (ברכב, נשק תקול אבל עם כמויות תחמושת גדולות) בעוד תיק 2 מציג רכישה מתוכננת, הסתרה על הגוף ושימוש פעיל בנשק. מכאן שה־MO איננו דומה במאפיינים קריטיים (תכנון, הסתרה, שימוש בפעולה אלימה).

4. נסיבות הליבה — יש הבדלים מהותיים: בתיק 1 כמויות תחמושת עצומות וחוסר תכנון, נשק תקול; בתיק 2 נשק טעון ונורה בו אש, תכנון קניית הנשק, ואמצעי ההסתרה קרוב לבית — תוספות מחמירות בתיק 2 אך הכמות בתיק 1 היא גורם מחמיר אחר. המניע הכלכלי משותף, אבל נסיבות סיכון ופוטנציאל הנזק שונות במובהק.

5. ישימות כתקדים — חלק מהעקרונות של פסקי דין בסחר בנשק (עונשי יסוד, שיקולי ענישה על מטרה חוצת-כלים) יהיו רלוונטיים לשני התיקים, אך הבדלים מרכזיים (ירי בפועל, נשק טעון, תכנון ושילוב עבירות נוספות בתיק 2 לעומת כמות תחמושת גדולה ונשק תקול בתיק 1) מגבילים את הישימות המעשית של תקדים אחד על השני. כלומר ניתן להיעזר כהנחיה כללית בענישה על סחר, אך התאמות מהותיות יש לעשות ונראה שהתקדימיות אינה ישימה במלואה.

SIMILARITY_SCORE: 55","ok",""
"SH-16-02-10948-419","SH-16-11-19417-55",3,1,1,"{""מספר עבירה"": ""144 א"", ""סוג עבירה"": ""החזקה נשק"", ""סוג הנשק [אקדח]"": 1.0, ""סטטוס הנשק"": ""תקין"", ""תכנון"": ""לא"", ""אופן החזקת הנשק"": ""בבית""}","{""מספר עבירה"": ""144 א"", ""סוג עבירה"": ""החזקה נשק"", ""סוג הנשק [אקדח]"": 1.0, ""סטטוס הנשק"": ""נשק מופרד מתחמושת"", ""תכנון"": ""לא"", ""אופן החזקת הנשק"": ""ברכב, מוסלק - מוסתר"", ""כמות תחמושת"": ""מחסנית ובה כדורים""}",75.0,"1. סוג העבירה וחומרתה — שני התיקים עוסקים בדיוק באותו סעיף (144א) ובאותו סוג נשק (אקדח), ולכן מבחינת הגדרתו החוקית של העבירה והחומרה היסודית הם תואמים במידה רבה. הבדלים בעובדות יכולים להשפיע על ענישה, אבל מבחינת הסיווג הפלילי מדובר באותו סוג עבירה.

2. תפקיד הנאשם ומעורבותו — בשני התיקים מדובר בהחזקה אישית של נשק ולא בעסקה/סחר; אין נתון המעיד על תפקיד יזמי או תיווך, ולכן רמת המעורבות פעילה ושווה בין התיקים. אין אלמנטים שמצביעים על מעורבות מורכבת יותר באחד מהתיקים (כגון שליחות מסחרית).

3. שיטת הביצוע (MO) — שתי התיקים כוללים אקדח, אך דפוס הביצוע שונה: אחזקת נשק בבית לעומת נשק מוסלק ברכב. ההסתרה והניידות בידי נשא ברכב מהווים MO שונה מבחינת סיכון ותכלית (הסוואה וההכנה לשימוש מחוץ לבית), ולכן הדמיון ביניהם בינוני-גבוה אך לא מלא.

4. נסיבות הליבה — כאן יש הבדלים משמעותיים: בתיק 2 יש מחסנית עם כדורים ומיקום מוסתר ברכב (מאפיינים המחמירים את הפוטנציאל השימושי והסכנה הציבורית), בעוד שבתיק 1 הנשק מתואר כ""תקין"" ונמצא בבית — נסיבות חשובות אך פחות ממוקדות בהסתרה וניידות. שניהם לא מתוכננים, אך נוכחות תחמושת ומוסלקות בידי עלולים לגרום לענישה מחמירה יותר בתיק 2.

5. ישימות כתקדים — בהיבט של יסודות העבירה והאפשרות להפנות לפסיקה על סעיף 144א התיקים רלוונטיים זה לזה; עם זאת בית המשפט ככל הנראה ימצא שהתיק 2 מעורב בו נסיבות מחמירות ולכן ישתמש בו בקפידה כשמשקל לעונש. במילים אחרות: תקדים אחד יכול להאיר את האחר, אך לא בהכרח להנחות עונש זהה.

SIMILARITY_SCORE: 75","ok",""
"ME-22-03-52964-443","ME-17-05-35227-215",2,0,1,"{""מספר עבירה"": ""144 א, 144 ב"", ""סוג עבירה"": ""החזקה נשק, נשיאת נשק, הובלת נשק"", ""עבירות נוספות"": ""כן"", ""סוג הנשק [אקדח]"": 1.0, ""סטטוס הנשק"": ""נשק עם מחסנית בהכנס"", ""תכנון"": ""כן"", ""אופן החזקת הנשק"": ""על גופו, מוסלק - מוסתר"", ""כמות תחמושת"": ""מחסנית ובה 16 כדורים, מחסנית נוספת ובה 16 כדורים"", ""מטרה-סיבת העבירה"": ""הגנה עצמית""}","{""מספר עבירה"": ""144 ב"", ""סוג עבירה"": ""נשיאת נשק, הובלת נשק"", ""סוג הנשק [תת מקלע מאולתר]"": 1.0, ""סטטוס הנשק"": ""נשק עם מחסנית בהכנס"", ""תכנון"": ""כן"", ""אופן החזקת הנשק"": ""ברכב""}",70.0,"1. סוג העבירה וחומרתה — שני התיקים עוסקים בעבירות נשק לפי 144 (החזקה/נשיאה/הובלה) כך מבחינת המסגרת החוקית יש חפיפה מהותית, אך בתיק 1 נוספה הוראה 144א (החזקה) ועבירות נוספות שמגבירות את חומרת המצב. סוג הנשק שונה (אקדח לעומת תת‑מקלע מאולתר) ולכן הערכת הסכנה ודרגת האופי הפלילי עלולות להיות שונות בפועל.

2. תפקיד הנאשם ומעורבותו — בשני המקרים הנאשם נמצא כמחזיק/נושא נשק באופן פעיל ותוכנן מראש, כלומר מעורבות פעילה דומה (לא שליח פסיבי). אין בתיקים הבדלי תפקיד מבניים שיביאו להבחנה משמעותית מבחינת אחריות אישית.

3. שיטת הביצוע (MO) — שניהם כוללים תכנון ונשק טעון עם מחסנית בהכנס, כלומר דפוס ביצוע דומה של נשיאה/הובלה של נשק טעון ומוסתר/מוסלק. יש הבדלים טכניים באופן ההסתרה (על גוף מול ברכב) ובסוג הנשק, אבל המודל הפשעי הבסיסי דומה.

4. נסיבות הליבה — כאן יש הסחות מהותיות: תת‑מקלע מאולתר עלול להיחשב מסוכן יותר מאקדח סטנדרטי, בתיק 1 יש מחסניות מרובות ואקדח עם כדור בקנה וכן טענת הגנה עצמית ועבירות נוספות שהופכות את תמונת המעשה שונה; בתיק 2 המיקום ברכב ושיעור תחמושת לא פורטו, מה משפיע על שיקולי סכנה ומניע. אלה הבדלים מהותיים שישפיעו על ענישה והכרעה עובדית.

5. ישימות כתקדים — בית המשפט ימצא רלוונטיות חוקית וטכנית (נשק טעון, תכנון, נשיאה/הובלה), ולכן תיק 1 יכול לשמש תקדים חלקי לתיק 2 בכללי ההכרעה והעבירה. עם זאת, ההבדלים בסוג הנשק, חומרת העבירות הנוספות, נפח התחמושת ואופן ההסתרה יגבילו את המשקל התקדימי; ייתכן שיוקטן או יוגדל עונש בהתאם להבדלים אלה.

SIMILARITY_SCORE: 70","ok",""
"ME-18-04-19642-504","ME-21-10-18557-340",2,0,1,"{""מספר עבירה"": ""144 א, 144 ב"", ""סוג עבירה"": ""נשיאת נשק, הובלת נשק"", ""עבירות נוספות"": ""כן"", ""סוג הנשק [אקדח]"": 1.0, ""סטטוס הנשק"": ""נשק עם כדור בקנה"", ""תכנון"": ""לא"", ""אופן החזקת הנשק"": ""ברכב, על גופו, מוסלק - מוסתר"", ""כמות תחמושת"": ""2 מחסניות, 40 כדורים"", ""מטרה-סיבת העבירה"": ""סכסוך"", ""שימוש"": ""כן,ירי""}","{""מספר עבירה"": ""144 א, 144 ב"", ""סוג עבירה"": ""החזקה נשק, נשיאת נשק, הובלת נשק"", ""עבירות נוספות"": ""כן"", ""סוג הנשק [תת מקלע מאולתר]"": 1.0, ""סטטוס הנשק"": ""נשק עם כדור בקנה"", ""תכנון"": ""לא"", ""אופן החזקת הנשק"": ""בבית, ברכב, על גופו"", ""כמות תחמושת"": ""מחסנית ולכל הפחות שני כדורים"", ""מטרה-סיבת העבירה"": ""סכסוך"", ""שימוש"": ""כן,ירי""}",85.0,"1. סוג העבירה וחומרתה — שתי התיקים עומדים תחת אותן הוראות (144 א', 144 ב') ועוסקים בהחזקת/נשיאה/הובלה של נשק שהוביל לשימוש בירי, לכן מבחינת סוג העבירה ורמת החומרה הם קרובים מאוד. קיים הבדל בטיב הנשק (אקדח לעומת תת‑מקלע מאולתר) שיכול להשפיע על חומרת הענישה, אך זה לא משנה את הסיווג החוקי הבסיסי.

2. תפקיד הנאשם ומעורבותו — בשני התיקים נראה מעורבות פעילה (נשיאה/החזקת נשק שהוביל לשימוש ולירי), כלומר לא מעורבות פסיבית או שליח בלבד. מאפיין זה דומה במידה רבה ובעל חשיבות גדולה בקביעת חומרת העונש.

3. שיטת הביצוע (MO) — דפוס דומה: נשק מוסלק/נשא ברכב/על הגוף, שימוש בפועל בירי בהקשר של סכסוך; תיק 2 כולל גם אחזקה בבית אך זה תוספת טכנית ולא משנה באופן מהותי את דפוס העבירה העיקרי. האמצעים והנסיבות המבצעיות קרובים מאוד.

4. נסיבות הליבה — קיימים הבדלים משמעותיים: כמות התחמושת וארגוני התחמושת גדולים יותר בתיק 1, בעוד שבתיק 2 הנשק עשוי להיות מסוכן יותר מטכנולוגית (תת‑מקלע מאולתר). שניהם נשק טעון ושימשו לירי ללא תכנון, מה שמגביה את חומרת כל אחד, אך בית המשפט יתחשב בהבדלים אלה בעת קביעת העונש.

5. ישימות כתקדים — בית משפט ימצא את התיקים רלוונטיים זה לזה כמקורות השוואה בעיקר ביחס לעובדות המפתח (החזקת נשק טעון, שימוש בירי בהקשר של סכסוך, חוסר תכנון). עם זאת, התאמת העונש תדרוש הורדת או העלאת חומרה לאור הבדלי טיב הנשק וכמות התחמושת, כך שהתקדים יהיה רלוונטי אך לא מוחלט.

SIMILARITY_SCORE: 85","ok",""
"ME-16-03-59260-279","SH-11-12-35552-181",2,0,1,"{""מספר עבירה"": ""144 א, 144 ב"", ""סוג עבירה"": ""החזקה נשק, נשיאת נשק"", ""סוג הנשק [אקדח]"": 1.0, ""סטטוס הנשק"": ""נשק עם מחסנית בהכנס"", ""תכנון"": ""כן"", ""אופן החזקת הנשק"": ""בבית, ברכב, על גופו, מוסלק - מוסתר"", ""כמות תחמושת"": ""מחסנית ובה 14 כדורים"", ""מטרה-סיבת העבירה"": ""סכסוך""}","{""מספר עבירה"": ""144 א"", ""סוג עבירה"": ""החזקה נשק"", ""סוג הנשק [אקדח]"": 1.0, ""סטטוס הנשק"": ""תקין"", ""תכנון"": ""כן"", ""אופן החזקת הנשק"": ""בבית, מוסלק - מוסתר"", ""אופן קבלת הנשק"": ""רכש""}",61.0,"1. סוג העבירה וחומרתה — בשני התיקים העבירה היא החזקה של אקדח, אך בתיק 1 קיים גם סעיף נשיאה (144ב), הנשק היה טעון עם מחסנית ובשל כך חומרת המקרה גבוהה יותר. לפיכך מדובר באותו סוג עקרוני של עבירה, אך רמת החומרה שונה לטובת גורם מחמיר בתיק 1.

2. תפקיד הנאשם ומעורבותו — בשני המקרים מדובר בנתין כאחראי להחזקה (לא סוחר או כומר), כלומר מעמד חוקי דומה של בעלות/החזקה. עם זאת בתיק 1 המעורבות פעילה יותר (נשיאה על הגוף/ברכב, מוסלקים מרובים) בעוד בתיק 2 ההחזקה פסיבית יותר (בבית לאחר רכישה), ולכן יש דמיון בפורמט ההחזק אך הבדל במהות המידתיות.

3. שיטת הביצוע (MO) — שתי פרשיות כוללות אקדח מוסלק ותכנון מוקדם, כלומר דפוס ביצוע דומה מבחינת סוג הנשק וההסתרה. הבדל מהותי הוא שמתי שהתיק 1 מתאר נשיאה ניידת ונשק מוכן לשימוש, בעוד בתיק 2 מדובר באחזקת נשק תקין בבית שהושג ברכישה; הדמיון קיים אך לא מלא.

4. נסיבות הליבה — יש הבדלים מהותיים: בתיק 1 יש מחסנית מוכנסת ו-14 כדורים ומטרה של סכסוך (נסיבות מחמירות ותכנון לשימוש), בעוד בתיק 2 הנשק ""תקין"" אך שמור בבית ורכישתו מציינת מקור שונה וחוסר הוכחה לכוונת שימוש מידית. אלה נסיבות ליבה שמשפיעות מאוד על קביעת חומרה ועונש, ולכן דמיון נמוך יחסית בתחום זה.

5. ישימות כתקדים — פסיקה על החזקה של אקדח מוסלק ותכנון יכולה להיות רלוונטית לשאלות קביעת אשמה והגדרת ההחזקה, כך שתיק 2 יכול לשמש כתקדים חלקי ליסודות המנהגים. עם זאת בענישה ובסייגים מעשיים בית המשפט יבחן את הגורמים המחמירים בתיק 1 (נשיאה, טעינה, כוונה בסכסוך) ולכן תקדימים של תיק 2 יהיו מוגבלים ברלוונטיותם לערעורים/הגנות ולא ישמשו כתקדים ישיר לעונש דומה.

SIMILARITY_SCORE: 61","ok",""
"ME-16-06-44840-433","ME-14-10-31218-522",1,0,0,"{""מספר עבירה"": ""144 א, 144 ב"", ""סוג עבירה"": ""החזקה נשק, נשיאת נשק"", ""עבירות נוספות"": ""כן"", ""סוג הנשק [רימון הלם/גז]"": 1.0, ""סטטוס הנשק"": ""נשק מופרד מתחמושת"", ""תכנון"": ""כן"", ""אופן החזקת הנשק"": ""מוסלק - מוסתר"", ""מטרה-סיבת העבירה"": ""סכסוך"", ""שימוש"": ""זריקת רימון""}","{""מספר עבירה"": ""144 א"", ""סוג עבירה"": ""החזקה נשק"", ""סוג הנשק [רימון הלם/גז]"": 1.0, ""תכנון"": ""לא"", ""אופן החזקת הנשק"": ""על גופו, סמוך לבית"", ""שימוש"": ""זריקת רימון""}",65.0,"1. סוג העבירה וחומרתה  
שני התיקים עוסקים באותה קטגוריה של עבירות נשק (החזקה ושימוש ברימון הלם/גז) והם דומים מבחינת רוח הבסיס של העבירה. עם זאת, תיק 1 כולל גם נשיאה (144ב) ועבירות נוספות, מה שמעלה את חומרת המקרה ביחס לתיק 2 שמצוין רק כהחזקה (144א).

2. תפקיד הנאשם ומעורבותו  
בשני התיקים הנאשם מעורב באופן פעיל (שימוש — זריקת רימון), כלומר מדובר בפעולה ממשית ולא בהחזקה פסיבית. תיק 1 מעיד על מעורבות ממוקדת ומזומנת יותר (תכנון, הסתרה), מה שמצביע על יזמות ואחריות גבוהה יותר מאשר תיק 2 ללא תכנון.

3. שיטת הביצוע (MO)  
המב'""ה המרכזי חופף: אותו סוג נשק ואותו אמצעי ביצוע — זריקה של רימון הלם/גז. הבדל חשוב הוא אופן ההחזקה/הסתרה (תיק 1: מוסלק; תיק 2: על גופו, סמוך לבית), מה שמשנה את מידת ההכנה והסכנה הסובבת הפעולה.

4. נסיבות הליבה  
יש הבדלים מהותיים בנסיבות המקלות/מחמירות: בתיק 1 יש תכנון, הסתרה ומעורבות בעבירות נוספות (ומטרת סכסוך) — כולם שועטים כגורמי החרפה; בתיק 2 החוסר בתכנון והימצאות הנשק על הגוף סמוך לבית מצביעים על דרגת מסוכנות וכוונה נמוכה יותר. מאפיינים אלה משפיעים ישירות על ענישה והערכת המסוכנות.

5. ישימות כתקדים  
התיקים רלוונטיים זה לזה מבחינת יסודות עובדתיים ושלבי היסוד של העבירה (החזקה ושימוש ברימון), כך שפסקי דין מאחד מהם יהיו שימושיים להבהרת היסודות והמאפיינים הטכניים. עם זאת, הבדלי התכנון, ההסתרה והעבירות הנוספות בתיק 1 מצמצמים את התיישנותו כתקדים בענישה — בית משפט יישא ממנו מסקנות עובדתיות אך יהרמז בזהירות בשימוש כהנחייה בענישה מפחיתה.

SIMILARITY_SCORE: 65","ok",""
"sh-10-05-7434-952","SH-18-06-11098-353",1,0,0,"{""מספר עבירה"": ""144 א"", ""סוג עבירה"": ""החזקה נשק"", ""סוג הנשק [אקדח]"": 1.0, ""סטטוס הנשק"": ""נשק מפורק"", ""תכנון"": ""לא"", ""אופן החזקת הנשק"": ""בבית, מוסלק - מוסתר""}","{""מספר עבירה"": ""144 א"", ""סוג עבירה"": ""החזקה נשק"", ""סוג הנשק [רובה סער ]"": 1.0, ""סטטוס הנשק"": ""נשק מופרד מתחמושת"", ""תכנון"": ""לא"", ""אופן החזקת הנשק"": ""בבית, מוסלק - מוסתר""}",80.0,"1. סוג העבירה וחומרתה — שני התיקים מטופלים תחת סעיף 144א (החזקה נשק), כך מבחינה פורמלית זהה. עם זאת, רובה סער נחשב מסוכן יותר מאקדח יחיד ולכן חומרת המעשה בענישה עשויה להיות גבוהה יותר.

2. תפקיד הנאשם ומעורבותו — בשני המקרים מדובר בהחזקה בבית ומוסלק/מוסתר, ללא אינדיקציה לסחר או יזמות; מעורבות הנאשם דומה (מחזיק/מאחסן פסיבי). מבחינת תפקיד ומידת האשמה התיקים דומים מאוד.

3. שיטת הביצוע (MO) — דפוס אחסון זהה: נשק מוסלק בבית, ללא תכנון מוקדם, ועם פגיעה בזמינות מיידית (מפירוק/הפרדה מתחמושת). ה־MO כמעט זהה והמרכיבים האופרטיביים דומים מאד.

4. נסיבות הליבה — כאן קיימת הבדל מהותי: סוג הנשק שונה (אקדח מול רובה סער) וזה משפיע על פוטנציאל המסוכנות והענישה; מצב הנשק (מפורק מול מופרד מתחמושת) דומה בהקטנת הנגישות אבל לא מבטל את חשיבות סוג הנשק. נסיבות ליבה שונות במידה משמעותית.

5. ישימות כתקדים — בית המשפט ימצא קווי דמיון ענייניים (אותו סעיף, אחסון מוסתר בבית, אין תכנון), ולכן התיקים רלוונטיים זה לזה בעקרונות משפטיים; יחד עם זאת ההבחנה בסוג הנשק ובמידת המסוכנות תמנע יישום תקדים זהה בוטה ותחייב הסתכלות פרטנית בענישה. התיק ישמש תקדים חלקי אך לא זהה לחלוטין.

SIMILARITY_SCORE: 80","ok",""
"SH-19-07-60805-168","SH-16-11-7544-55",2,0,1,"{""מספר עבירה"": ""144 א"", ""סוג עבירה"": ""החזקה נשק"", ""סוג הנשק [אקדח]"": 1.0, ""סטטוס הנשק"": ""נשק עם מחסנית בהכנס"", ""תכנון"": ""לא"", ""אופן החזקת הנשק"": ""ברכב, מוסלק - מוסתר"", ""כמות תחמושת"": ""מחסנית ובה 10 כדורים""}","{""מספר עבירה"": ""144 א"", ""סוג עבירה"": ""החזקה נשק"", ""סוג הנשק [תת מקלע מאולתר]"": 1.0, ""סטטוס הנשק"": ""נשק מופרד מתחמושת"", ""תכנון"": ""לא"", ""אופן החזקת הנשק"": ""על גופו, מוסלק - מוסתר"", ""כמות תחמושת"": ""מחסנית ובה 10 כדורים""}",75.0,"1. סוג העבירה וחומרתה — שני התיקים עומדים תחת אותה הוראת חוק (144א: החזקה נשק) ולכן מבחינת הסיווג המשפטי ורמת החומרה הכללית הם דומים במידה רבה. עם זאת, סוגי הנשק שונים (אקדח מוכן לעבודה לעומת תת‑מקלע מאולתר), והמאפיין של נשק אוטומטי/מאולתר מטלטל את הערכת הסיכון ויכול להיתפס כחומרה נוספת בבית המשפט.

2. תפקיד הנאשם ומעורבותו — בשני התיקים מדובר בהחזקה/הימצאות פרטית של נשק ללא תכנון פלילי מפורש; המעורבות היא של בעל נשק/מחזיק ולא של מתווך או מפיץ, כך שמבחינת מעורבות ועומק האשם הדמיון גבוה. אין סימנים לפעילות מסחרית או הסבת נשק, ולכן היבט זה דומה מאוד.

3. שיטת הביצוע (MO) — בשני המקרים מדובר בהסתרת הנשק (מוסלק/מוסתר), כלומר דפוס פעולה דומה מבחינת כוונה להסתיר. עם זאת, הפרש בין נשק ברכב מוסלק לבין נשק על הגוף מוסתר משנה את מידת הנגישות והסכנה המיידית, ובנוסף סטטוס התחמושת שונה, כך שיש דמיון חלקי בלבד ב‑MO.

4. נסיבות הליבה — יש דמיון בכמות התחמושת (מחסנית 10 כדורים), אך קיימות הבדלות מהותיות: הנשק בתיק 1 מזוין/מוכן (מחסנית בהכנס) בעוד בתיק 2 הנשק מופרד מהתחמושת; סוג הנשק שונה ואחת היצירות מאולתרת/תת‑מקלע שנחשבת לעתים מחמירה יותר. לפיכך בנסיבות הליבה יש דמיון חלקי אך גם הבדלים מהותיים שישפיעו על שיקול הענישה.

5. ישימות כתקדים — בית משפט ימצא שקיימת רלוונטיות בין התיקים כי הם תחת אותה עוולה ובשאלות כללי הענישה לגבי החזקת נשק יש יסודות משותפים; עם זאת, ההבדלים בסוג הנשק, במידת המוכנות לשימוש ובמיקום ההחזקתו יובילו לשינויים במשקלם של טיעוני ההגנה והעונש. לפיכך התיק יכול לשמש כהדרכה עקרונית, אבל תאימות מלאה כתקדים ענייני להשוואת ענישה אינה מובטחת.

SIMILARITY_SCORE: 75","ok",""
"SH-14-11-8987-965","ME-16-12-50986-619",1,0,0,"{""מספר עבירה"": ""144 א"", ""סוג עבירה"": ""החזקה נשק"", ""עבירות נוספות"": ""כן"", ""סוג הנשק [אקדח]"": 1.0, ""סטטוס הנשק"": ""תקול"", ""תכנון"": ""לא"", ""אופן החזקת הנשק"": ""בבית"", ""אופן קבלת הנשק"": ""גנב""}","{""מספר עבירה"": ""144 ב"", ""סוג עבירה"": ""נשיאת נשק, הובלת נשק"", ""עבירות נוספות"": ""כן"", ""סטטוס הנשק"": ""נשק עם כדור בקנה"", ""תכנון"": ""כן"", ""אופן החזקת הנשק"": ""ברכב, על גופו"", ""מטרה-סיבת העבירה"": ""סכסוך"", ""שימוש"": ""כן,ירי""}",30.0,"1. סוג העבירה וחומרתה — תיק 1 (החזקה לפי סעיף 144א) שונה בתכלית מתיק 2 (נשיאה/הובלה לפי 144ב) מבחינת יסודות העבירה והחומרה; תיק 2 חמור יותר כי מדובר בנשיאה ברכב/על הגוף ועם כדור, ולא רק בהחזקה בבית. המסקנה: דמיון נמוך מבחינת סוג וחומרת העבירה.

2. תפקיד הנאשם ומעורבותו — בשני התיקים יש בעלות/החזקה של נשק, אך בתיק 2 המעורבות פעילה (תכנון ושימוש בפועל בירי) בעוד שבתיק 1 ההחזקה פסיבית בבית. המעורבות השונה מקטינה את הדמיון המהותי.

3. שיטת הביצוע (MO) — שיטות שונות מאוד: בתיק 1 נשק תקול, בגניבה, מאוחסן בבית; בתיק 2 נשק טעון על גופו/ברכב, הובלה מתוכננת ושימוש בירי. דפוסי ביצוע ואמצעים שונים, ולכן דמיון נמוך.

4. נסיבות הליבה — גורמים מחמירים בתיק 2 (כדור בקנה, תכנון, מטרה של סכסוך ושימוש בירי) מול נסיבות מקלות יחסית בתיק 1 (נשק תקול, החזקת בבית, נשק גנוב אך ללא שימוש). ההבדלים בנסיבות הליבה משמעותיים מאוד.

5. ישימות כתקדים — רק עקרונות כלליים (איסור על נשק, דיון בנסיבות מקילות/מחמירות) יהיו רלוונטיים; לא ייתכן שתיק 1 ישמש תקדים ענייני ישיר לתיק 2 בענישה או בקביעת חומרת אישום. לכן השימוש כתקדים מעשי מוגבל מאד.

SIMILARITY_SCORE: 30","ok",""
"SH-16-09-33552-535","ME-16-11-56385-886",1,0,0,"{""מספר עבירה"": ""144 א"", ""סוג עבירה"": ""החזקה נשק"", ""סוג הנשק [אקדח]"": 1.0, ""סוג הנשק [רובה סער מאולתר]"": 1.0, ""סטטוס הנשק"": ""נשק מופרד מתחמושת"", ""תכנון"": ""כן"", ""אופן החזקת הנשק"": ""מוסלק - מוסתר, סמוך לבית"", ""כמות תחמושת"": ""מחסנית, מחסנית ריקה ובה 0 כדורים, 4 כדורים, 60 כדורים""}","{""מספר עבירה"": ""144 א"", ""סוג עבירה"": ""החזקה נשק"", ""סוג הנשק [אקדח]"": 1.0, ""סטטוס הנשק"": ""נשק עם כדור בקנה"", ""תכנון"": ""לא"", ""אופן החזקת הנשק"": ""על גופו""}",57.0,"1. סוג העבירה וחומרתה  
שני התיקים עוסקים באותה עבירה עניינית (החזקה בלתי חוקית של נשק לפי ס'144א), כך מבחינת המסגרת החוקית חומרת העבירה זהה ברמת הסעיף. עם זאת פרטי המקרה משפיעים על חומרה מעשית: נשק טעון על הגוף מהווה סכנה מיידית בעוד החזקת נשק מוסלק וללא תחמושת מקטינה את הסכנה המיידית; מצד שני נמצאות בתיק 1 גם רובה מאולתר ומספר מחסניות, מה שעשוי להחמיר. לכן מבחינה סוגית דמיון גבוה, אך בהערכת חומרה יש הבדלים מהותיים.

2. תפקיד הנאשם ומעורבותו  
בשני המקרים מדובר בהחזקה אישית של נשק (לא העברה/סחר מורכב), כלומר תפקיד הנאשם כ""מחזיק"" דומה מבחינת אחריות פלילית. עם זאת אופן המעורבות שונה: בתיק 2 נשק על גופו – מעורבות פעילה וסכנה מיידית; בתיק 1 המוסלק סמוך לבית מרמז על החזקת ""מחסן"" פחות מיידי ואף על תכנון לשימוש עתידי או אחסנה. לכן הדמיון תפקידי קיים אך רמת המעורבות וסיכוני הפעולה שונים.

3. שיטת הביצוע (MO)  
השיטות שונות בבירור: תיק 1 – נשק מוסלק, מופרד מתחמושת וכולל תכנון; תיק 2 – נשק נשא על הגוף וטעון בקנה ללא תכנון. אלה דפוסים מנוגדים (stash/הסתרה ותכנון לעומת נשיאה פעילה וטעינה), ולכן מבחינת MO הדמיון נמוך.

4. נסיבות הליבה  
הבדלים מהותיים: בתיק 1 רובה מאולתר נוסף לאקדח, מחסניות במצבים שונים ותכנון – כל אלה מהווים נסיבות מחמירות שונות מאלו בתיק 2. בתיק 2 העמדה המחמירה היא טעינה בקנה ונשיאה על הגוף, מה שמגדיל מידת הסכנה הציבורית. כמויות, סוגי נשק, מצב תחמושת ותכנון אינם דומים דיים, כך שנקודות הליבה שונות באופן מהותי.

5. ישימות כתקדים  
בית המשפט יראה בשני התיקים תקדים רלוונטי במובן הרחב (אותו סעיף עונשי והערכת מסוכנות/אשמה), אך לא ניתן להעביר פסק דין ממקרה אחד לשני ללא התאמות: שיקול העונש ותחשיבי המחמירים/המקלות ישתנו בהתאם לטעינה, סוג הנשק, מספרו ותכנון. לכן כתקדים ענייני יש רלוונטיות חלקית אבל לא מוחלטת; התיק הראשון לא יכריע ישירות בענישה של תיק שני ולהפך מבלי להתייחס להבדלים המהותיים.

SIMILARITY_SCORE: 57","ok",""
"ME-17-08-28615-573","ME-17-05-35227-215",2,0,1,"{""מספר עבירה"": ""144 א, 144 ב"", ""סוג עבירה"": ""החזקה נשק, נשיאת נשק"", ""עבירות נוספות"": ""כן"", ""סוג הנשק [תת מקלע מאולתר]"": 1.0, ""סוג הנשק [רימון הלם/גז]"": 1.0, ""סטטוס הנשק"": ""נשק עם מחסנית בהכנס"", ""תכנון"": ""לא"", ""אופן החזקת הנשק"": ""מוסלק - מוסתר"", ""כמות תחמושת"": ""מחסנית ובה 9 כדורים, 50 כדורים""}","{""מספר עבירה"": ""144 ב"", ""סוג עבירה"": ""נשיאת נשק, הובלת נשק"", ""סוג הנשק [תת מקלע מאולתר]"": 1.0, ""סטטוס הנשק"": ""נשק עם מחסנית בהכנס"", ""תכנון"": ""כן"", ""אופן החזקת הנשק"": ""ברכב""}",70.0,"1. סוג העבירה וחומרתה  
שני התיקים נופלים באותה משפחת עבירות נשק (החזקה/נשיאה של נשק בלתי חוקי) כך שבבסיס סוג העבירה זהה. עם זאת, תיק 1 חמור יותר – מכיל מספר פריטים (תת‑מקלע ורימון) ועבירות נוספות/סעיף 144א בנוסף ל‑144ב, ולכן חומרתו גבוהה יותר מתיק 2.

2. תפקיד הנאשם ומעורבותו  
אין פירוט מפורש על תפקידים של יזם/שליח, אך מבחינת מעורבות: תיק 1 מצביע על החזקה מוסתרת (בעלות/החזקה ישירה), בעוד תיק 2 מציין נשיאה/הובלה ברכב עם תכנון – מרמז על תפקיד של מוביל/מתכנן ולא רק החזקה פסיבית. כלומר המעורבות קרובה אך לא זהה מבחינת יזמה ומטרה.

3. שיטת הביצוע (MO)  
שיטות הביצוע דומות במובן שהשנֵיהם כוללים נשק מסוג תת‑מקלע עם מחסנית מוכנסת ומניעת גילוי (מוסלק/הובלה ברכב), כלומר דפוס נשיאה/הסתרה של נשק חם. יש הבדל מעשי: הסתרה אישית ותוספת רימון בתיק 1 לעומת הובלה ברכב ותכנון בתיק 2, אך מבחינת MO העיקרי – נשיאה/הסתרה של תת‑מקלע – קיימת התאמה גבוהה.

4. נסיבות הליבה  
קיימים הבדלים מהותיים בנסיבות: תיק 1 כולל תחמושת בכמויות ודגם נשק נוסף (רימון) ומהווה נסיבות מחמירות נוספות; תיק 2 מדגיש תכנון והובלה אך לא מציין כמויות תחמושת או רימון. לפיכך חלק מהנסיבות המקלות/מחמירות שונות ומשפיעות על ההערכה והענישה.

5. ישימות כתקדים  
בית משפט ימצא רלוונטיות מהותית בין התיקים בנוגע לעקרונות החוק והיסודות של עבירת נשיאת/החזקה של תת‑מקלע מוסתר עם מחסנית, כך שתיק אחד יכול לשמש כאבן-בוחן להתמצקות עובדתית/משפטית. עם זאת, הבדלים בנסיבות המחמירות (רימון, כמויות תחמושת בתיק 1) ובתכנון בתיק 2 יגבילו את ישימותו של תיק 1 כתקדים בענישה פונקציונלית; הרלוונטיות בינונית‑גבוהה אך לא מוחלטת.

SIMILARITY_SCORE: 70","ok",""
"SH-16-11-7544-55","ME-16-10-12213-904",1,0,0,"{""מספר עבירה"": ""144 א"", ""סוג עבירה"": ""החזקה נשק"", ""סוג הנשק [תת מקלע מאולתר]"": 1.0, ""סטטוס הנשק"": ""נשק מופרד מתחמושת"", ""תכנון"": ""לא"", ""אופן החזקת הנשק"": ""על גופו, מוסלק - מוסתר"", ""כמות תחמושת"": ""מחסנית ובה 10 כדורים""}","{""מספר עבירה"": ""144 ב"", ""סוג עבירה"": ""נשיאת נשק"", ""סוג הנשק [תת מקלע מאולתר]"": 1.0, ""סטטוס הנשק"": ""נשק מופרד מתחמושת"", ""תכנון"": ""כן"", ""אופן החזקת הנשק"": ""ברכב, מוסלק - מוסתר, סמוך לבית"", ""כמות תחמושת"": ""מחסנית ריקה ובה 0 כדורים, 1 כדור""}",66.0,"1. סוג העבירה וחומרתה — שני התיקים עוסקים בעבירות נשק תחת אותן הוראות עניין (144), אך תחת סניפים שונים (החזקה לעומת נשיאה) שגם מבחינה יסודית נבדלים בעובדות וביסודות היסוד. שניהם עבירות חמורות הנשקיות, אך נשיאה מתוכננת נוטה להיחשב חמור יותר.  

2. תפקיד הנאשם ומעורבותו — בשני המקרים הנאשם הוא מחזיק/נושא הנשק (מעורבות פעילה ולא רק אחזקה פסיבית), כך שבמישור זה הדמיון גבוה. עם זאת, קיומו של תכנון בתיק 2 מעיד על רמת יזמה ולקיחת סיכון גבוהה יותר.  

3. שיטת הביצוע (MO) — דפוס דומה של הסתרת נשק ומגוון אמצעים זהים (תת‑מקלע מאולתר, נשק מופרד מתחמושת), מה שמקרב מאוד את המאפיינים הטקטיים והראייתיים בין התיקים. ההבדל במקום ההחזק (על הגוף מול ברכב) ותכולת התחמושת מצמצם במעט את הדמיון.  

4. נסיבות הליבה — כאן קיימים הבדלים מהותיים: בתיק 1 יש מחסנית טעונה בעשרה כדורים והחזקת הנשק על הגוף; בתיק 2 יש תכנון, הנשק ברכב סמוך לבית ותכולת תחמושת מזערית (או מחסנית ריקה + כדור). אלה פועלים כנסיבות מחמירות/מקלות שונות שיכולות להשפיע משמעותית על חומרת העונש.  

5. ישימות כתקדים — התיקים רלוונטיים זה לזה במידה טובה כיוון שסוג הנשק ואופן ההסתרה דומים, ולכן פסיקה בנוגע לאישום, בדיקות ראייתיות ואמות מידה מגמתיות עשויה להיות שימושית. עם זאת שינויים משמעותיים בתכנון, במקום ובהיקף התחמושת יגרמו להתאמות ענישתיות, כך שהתקדים יהיה שימושי אך לא חד־משמעי.  

SIMILARITY_SCORE: 66","ok",""
"ME-15-02-9111-399","ME-14-07-13179-197",1,0,0,"{""מספר עבירה"": ""144 א, 144 ב"", ""סוג עבירה"": ""החזקה נשק, נשיאת נשק"", ""סוג הנשק [אקדח]"": 1.0, ""סטטוס הנשק"": ""נשק מופרד מתחמושת"", ""תכנון"": ""לא"", ""אופן החזקת הנשק"": ""על גופו"", ""כמות תחמושת"": ""מחסנית ובה 13 כדורים""}","{""מספר עבירה"": ""144 א, 144 ב"", ""סוג עבירה"": ""החזקה נשק, נשיאת נשק"", ""עבירות נוספות"": ""כן"", ""סוג הנשק [אקדח]"": 1.0, ""סטטוס הנשק"": ""נשק עם כדור בקנה"", ""תכנון"": ""לא"", ""אופן החזקת הנשק"": ""על גופו"", ""כמות תחמושת"": ""3 מחסניות ובהן כדורים"", ""מטרה-סיבת העבירה"": ""בצע כסף"", ""שימוש"": ""כן,ירי""}",46.0,"1. סוג העבירה וחומרתה — שני התיקים עוסקים באותן עבירות פורמליות (החזקה ונשיאה של נשק), אך חומרת המעשה בתיק 2 גבוהה משמעותית (נשק טעון, שימוש בירי, כוונת ביצוע שוד), כך שמדובר באותו סוג אך שוני מהותי ברמת החומרה.  
2. תפקיד הנאשם ומעורבותו — בשני המקרים מדובר בהחזקה על הגוף (לא סוחר/שליח), כלומר תפקיד דומה מבחינת מעמד ההחזקה; עם זאת בתיק 2 המעורבות פעילה ואלימה (ירי ומטרה לפשיעה) בעוד שבתיק 1 מעורבות פסיבית יותר.  
3. שיטת הביצוע (MO) — דפוס חלקי דומה (אקדח על הגוף), אך יש פער מהותי באמצעים ובשימוש: בתיק 1 נשק מופרד מתחמושת, בתיק 2 נשק טעון, מספר מחסניות ושימוש בפועל.  
4. נסיבות הליבה — שונות מהותית: כמות תחמושת גדולה יותר, נשק טעון וכבר אירע ירי ותכלית פלילית בתיק 2 — אלה נסיבות מחמירות שאין בתיק 1.  
5. ישימות כתקדים — יכולות להיות קביעות כלליות משותפות (בלשון החוק, מרכיבי עבירה של החזקה/נשיאה), אך בענייני ענישה והערכת הסיכון תישקלנה ההבדלות המחמירות בתיק 2 ולכן התאמת התיק 1 כתקדים מעונָייני מוגבלת.  

SIMILARITY_SCORE: 46","ok",""
"SH-20-02-52091-995","ME-17-05-35227-215",1,0,0,"{""מספר עבירה"": ""144 א"", ""סוג עבירה"": ""החזקה נשק"", ""סוג הנשק [תת מקלע מאולתר]"": 1.0, ""סטטוס הנשק"": ""נשק מופרד מתחמושת"", ""תכנון"": ""לא"", ""אופן החזקת הנשק"": ""בבית, מוסלק - מוסתר"", ""כמות תחמושת"": ""20 כדורים""}","{""מספר עבירה"": ""144 ב"", ""סוג עבירה"": ""נשיאת נשק, הובלת נשק"", ""סוג הנשק [תת מקלע מאולתר]"": 1.0, ""סטטוס הנשק"": ""נשק עם מחסנית בהכנס"", ""תכנון"": ""כן"", ""אופן החזקת הנשק"": ""ברכב""}",60.0,"1. סוג העבירה וחומרתה  
שתי התיקים עוסקים בעבירות נשק לפי סעיף 144 אך תחת תתי־סעיפים שונים (החזקה לעומת נשיאה/הובלה). מבחינת סוג העבירה התחום זהה, אך תת־סעיף 144ב נוטה להיחשב חמור יותר מבחינת סכנה ציבורית ולכן יש הבדל רלוונטי בחומרה ובסנקציה האפשרית.

2. תפקיד הנאשם ומעורבותו  
בשני המקרים נראה מעורבות כ""החזקה/אחיזה"" של הנשק (לא שליח/מבצע ירי במעשה), כלומר התפקיד עובדתי דומה — בעל/נשא הנשק. אם ייצגו נתונים שאדם בתיק 2 הוא שליח או סוחר זה ישנה, אבל לפי הנתונים הפשוטים המעורבות פעילה ושוות־ערך.

3. שיטת הביצוע (MO)  
הנשק זהה (תת‑מקלע מאולתר) אך שיטות האחסון/השימוש שונות: מוסלק בבית ללא תכנון מול נשיאה ברכב עם תכנון מראש. הדמיון חלקי — אותו כלי ושייכות לאותה קטגוריה של עבירות, אך דפוס הביצוע וההכנה שונים ומשפיעים על מסקנות הראיות והאינטרפרטציה.

4. נסיבות הליבה  
הבדלים מהותיים: בתיק 1 הנשק מופרד מתחמושת ומוסלק בבית ללא תכנון, בתיק 2 יש מחסנית בהכנס ותכנון והנשיאה ברכב — נסיבות המחמירות את הסיכון בתיק 2 (מוכן לשימוש, תכנון, חשש לשימוש בכביש/ציבור). כמות התחמושת המצוינת בתיק 1 (20 כדורים) אינה מצמצמת את הפער כי בתיק 2 המצב מעיד על מוכנות מידית לפגיעה.

5. ישימות כתקדים  
עקרונות כלליים (הגדרת נשק, אלמנט ההחזקה, מבחני ביקורת ראייתית) יהיו רלוונטיים בין שני התיקים, אך שאלת הענישה וההערכת מסוכנות תידרש להתחשב בהבדלים העובדתיים (טעון מחמיר בתיק 2). לכן תיק 1 יכול לשמש כתקדים ענייני חלקי לפרשנות סעיפים, אך לא כתקדים מלא לשאלות ענישה ומידת מסוכנות.

SIMILARITY_SCORE: 60","ok",""
"SH-16-11-19417-55","SH-16-11-7544-55",3,1,1,"{""מספר עבירה"": ""144 א"", ""סוג עבירה"": ""החזקה נשק"", ""סוג הנשק [אקדח]"": 1.0, ""סטטוס הנשק"": ""נשק מופרד מתחמושת"", ""תכנון"": ""לא"", ""אופן החזקת הנשק"": ""ברכב, מוסלק - מוסתר"", ""כמות תחמושת"": ""מחסנית ובה כדורים""}","{""מספר עבירה"": ""144 א"", ""סוג עבירה"": ""החזקה נשק"", ""סוג הנשק [תת מקלע מאולתר]"": 1.0, ""סטטוס הנשק"": ""נשק מופרד מתחמושת"", ""תכנון"": ""לא"", ""אופן החזקת הנשק"": ""על גופו, מוסלק - מוסתר"", ""כמות תחמושת"": ""מחסנית ובה 10 כדורים""}",60.0,"1. סוג העבירה וחומרתה — שתי התיקים משקפים את אותו סעיף (144א) של החזקת נשק, ולכן מבחינה פורמלית סוג העבירה זהה. עם זאת, סוגי הנשק שונים: אקדח לעומת תת‑מקלע מאולתר; נשק מאולתר ותת‑מקלע נושאים פוטנציאל מסוכנות וחומרה גבוהה יותר ולכן יש פער בחומרה המצטברת בין התיקים.

2. תפקיד הנאשם ומעורבותו — בשני המקרים מדובר בהחזקה פסיבית של נשק ללא תכנון, ולכן מעורבות הנאשם דומה (אחזקה/החזקת נשק ולא יזמה לפגיעה). אין סימנים לתפקיד שונה כגון סוחר/מפיץ או שליח, כך שבממד זה הדמיון גבוה.

3. שיטת הביצוע (MO) — קווי ה‑MO דומים: נשק מוסלק ומופרד מתחמושת, שימוש במחסנית כמקור תחמושת. הבדלים מהותיים בנסיבות (על גוף לעומת ברכב, אופי הנשק) מקטינים את זהות השיטה אך הבסיס הפלילי זהה.

4. נסיבות הליבה — קיימים הבדלים משמעותיים: נשק על הגוף מעלה את מידת המסוכנות והאפשרות לשימוש מיידי; תת‑מקלע מאולתר מטבעו מסוכן יותר מאקדח סטנדרטי; וכמות/ספציפיות התחמושת ברורה יותר בתיק 2. חוסר תכנון משווה לשני התיקים ומטה קל בבחינת נסיבות מקלות, אך סוג הנשק ומיקום ההחזקה הם הבדלי ליבה.

5. ישימות כתקדים — התיקים רלוונטיים זה לזה ברמת העיקרון (אותו סעיף ונסיבות של החזקת נשק מוסלק ומופרד מתחמושת), ולכן בית משפט עשוי להסתכל על התיק האחר כנקודת השוואה. יחד עם זאת, הבדלי סוג הנשק (מאולתר/תת‑מקלע) ומיקום ההחזקה יובילו להבחנה בעונש ובהערכת הסכנה, ולכן התקדים יהיה רק חלקית מחייב/מיישם.

SIMILARITY_SCORE: 60","ok",""
"ME-19-01-53615-8","SH-15-12-65958-120",1,0,0,"{""מספר עבירה"": ""144 ב"", ""סוג עבירה"": ""נשיאת נשק, הובלת נשק"", ""עבירות נוספות"": ""כן"", ""סוג הנשק [תת מקלע מאולתר]"": 1.0, ""סטטוס הנשק"": ""נשק עם כדור בקנה"", ""תכנון"": ""לא"", ""אופן החזקת הנשק"": ""ברכב, על גופו"", ""כמות תחמושת"": ""מחסנית טעונה בכדורים"", ""שימוש"": ""כן,ירי""}","{""מספר עבירה"": ""144 א"", ""סוג עבירה"": ""החזקה נשק"", ""סוג הנשק [אקדח]"": 1.0, ""סוג הנשק [תת מקלע מאולתר]"": 1.0, ""סטטוס הנשק"": ""נשק עם מחסנית בהכנס"", ""תכנון"": ""כן"", ""אופן החזקת הנשק"": ""בבית, מוסלק - מוסתר"", ""כמות תחמושת"": ""מחסנית ובה 8 כדורים, מחסנית ובה 15 כדורים, מחסנית ריקה ובה 0 כדורים, מחסנית ובה 6 כדורים"", ""מטרה-סיבת העבירה"": ""הגנה עצמית""}",54.0,"1. סוג העבירה וחומרתה — שני התיקים בענייני נשק, אך בחוק מדובר בחטיבות שונות (החזקה/נשיאה/הובלה מול החזקה בלבד). בתיק 1 יש שימוש פעיל (ירי) והפרת חוק בזמן נשיאה ברכב/על הגוף, מה שמגביר את חומרת המעשה; בתיק 2 מדובר בהחזקה מוסלקת ומתוכננת ללא שימוש בפועל, אם כי עם כמה כלי נשק ותחמושת. דמיון מהותי בינוני-נמוך.

2. תפקיד הנאשם ומעורבותו — בשני התיקים הנאשם הוא בעל/מחזיק הנשק עצמו (לא שליח או גורם זוטר), כלומר מעורבות ישירה ופרסונלית. ההבחנה היא שאחד ניהל מעשה אלים פעיל והשני היה בעל אמצעי נשק במסתור למטרה (הגנה עצמית) — אך מבחינת היותם ""יוזמי"" החזקה והאחריות הפלילית הדימיון גבוה יחסית.

3. שיטת הביצוע (MO) — שונות בולטת: תיק 1 נשיאה ברכב ועל הגוף ושימוש בירי פתוח; תיק 2 אחסון מוסתר בבית בתכנון מוקדם, ללא שימוש. ישנה חפיפה טכנית (נשק מסוג תת‑מקלע מאולתר קיים בשניהם) אבל דפוס הפעולה שונה, לכן דמיון בינוני-נמוך.

4. נסיבות הליבה — גם כאן הבדלים מהותיים: בתיק 1 נשק טעון עם כדור בקנה ושימוש בפועל (היבט מחמיר); בתיק 2 מספר מחסניות שונות, תכנון ומניע ""הגנה עצמית"" (גורם מקל פוטנציאלי), אחסון מוסתר. ההבדלים בנסיבות המחמירות/המקלות משמעותיים, דמיון נמוך.

5. ישימות כתקדים — חלק מהעקרונות הכלליים (הגדרת נשק, מבחן היותו מסוכן, היגיון בענישה על החזקת נשק בלתי חוקי) יכולים להיות רלוונטיים בין התיקים, אך פסקי דין שדנים בשימוש בפועל, הירי ונשיאה ברכב יקבלו משקל שונה מאשר פסקי דין על החזקה מוסלקת ומתוכננת. כלומר ישימות כתקדים מוגבלת‑מנומקת; רלוונטיות חלקית בעיקר לגבי היבטי הגדרת הנשק והראיות, פחות לגבי ענישה ספציפית.

SIMILARITY_SCORE: 54","ok",""
"SH-14-02-28659-762","SH-17-10-10556-234",3,1,1,"{""מספר עבירה"": ""144 א"", ""סוג עבירה"": ""החזקה נשק"", ""סוג הנשק [תת מקלע מאולתר]"": 1.0, ""סטטוס הנשק"": ""נשק מופרד מתחמושת"", ""תכנון"": ""לא"", ""אופן החזקת הנשק"": ""בבית, מוסלק - מוסתר"", ""כמות תחמושת"": ""מחסנית וכדורים"", ""מטרה-סיבת העבירה"": ""הגנה עצמית""}","{""מספר עבירה"": ""144 א"", ""סוג עבירה"": ""החזקה נשק, עבירות אחרות"", ""סוג הנשק [אקדח]"": 1.0, ""סטטוס הנשק"": ""נשק עם מחסנית בהכנס"", ""תכנון"": ""לא"", ""אופן החזקת הנשק"": ""מוסלק - מוסתר, סמוך לבית"", ""כמות תחמושת"": ""מחסנית ובה 10 כדורים, מחסנית ריקה ובה 0 כדורים""}",65.0,"1. סוג העבירה וחומרתה — שני התיקים נשואיהם תחת סעיף 144א (החזקה נשק) ולכן מבחינה פורמלית זהה. עם זאת סוג הנשק שונה (תת‑מקלע מאולתר בתיק 1 לעומת אקדח בתיק 2) והרזרבות ההשמדה/יכולת האש שונות, כך שחומרת העבירה אינה זהה במלואה ויש הבדלים מהותיים ביחס לסכנה הציבורית.

2. תפקיד הנאשם ומעורבותו — בשני המקרים מדובר בהחזקת נשק מוסתר בבית/סמוך לבית, כלומר מעורבות של בעלות/החזקת נשק פרטית ולא תיווך/סחר. בכך התיקים דומים מאוד מבחינת תפקיד הנאשם והמיקום של המעורבות.

3. שיטת הביצוע (MO) — בשני המקרים נשק מוסלק/מוסתר ללא תכנון מוקדם, מה שמצביע על דפוס אחיד של החבאת נשק בבית לצורכי שימוש עתידי. יש הבדל טכני חשוב: בתיק 2 המחסנית מובנית ובטעינה (כשירות לשימוש), בעוד בתיק 1 הנשק מופרד מתחמושת — דמיון בינוני עד גבוה אך לא זהה.

4. נסיבות הליבה — הבדלים מהותיים: סוג הנשק (נשק אוטומטי מאולתר מול אקדח), מצב מוכנות לאש (טעון בתיק 2), וכמות תחמושת מפורטת בתיק 2 לעומת החזקת תחמושת נפרדת בתיק 1; בנוסף בתיק 1 מצוין יעד ""הגנה עצמית"" שעשוי להיחשב כנסיבות מקלות/מסבירות. לכן בנסיבות הליבה קיימים פערים מהותיים המשפיעים על הערכת הסכנה והענישה.

5. ישימות כתקדים — מכיוון שמדובר באותה הוראה חומרתית והיקף המעשה דומה (החזקת נשק מוסתר בבית), פסיקה בתיק אחד תהיה רלוונטית להנחות משפטיות כלליות (עקרונות הכרעה בענישה והערכת חומרה). עם זאת השוני בסוג הנשק ובמוכנות האש ובנסיבות המקלות משמעותיים ושופט ככל הנראה יבחין בעת בחינת ענישה, כך שתיק 1 ישמש תקדים רק באופן מוגבל ומותאם.

SIMILARITY_SCORE: 65","ok",""
"m07001074-98","ME-17-05-35227-215",1,0,0,"{""מספר עבירה"": ""144 א"", ""סוג עבירה"": ""החזקה נשק"", ""סוג הנשק [תת מקלע]"": 1.0, ""סטטוס הנשק"": ""נשק מפורק"", ""תכנון"": ""לא"", ""אופן החזקת הנשק"": ""בבית, מוסלק - מוסתר"", ""אופן קבלת הנשק"": ""מצא"", ""כמות תחמושת"": ""2 מחסניות ריקות ובהן 0 כדורים""}","{""מספר עבירה"": ""144 ב"", ""סוג עבירה"": ""נשיאת נשק, הובלת נשק"", ""סוג הנשק [תת מקלע מאולתר]"": 1.0, ""סטטוס הנשק"": ""נשק עם מחסנית בהכנס"", ""תכנון"": ""כן"", ""אופן החזקת הנשק"": ""ברכב""}",40.0,"1. סוג העבירה וחומרתה — שני התיקים עוסקים בעבירות נשק תחת אותו תחום פלילי (סכין/נשק — תת־מקלע), אך הם חתומים על תתי סעיפים שונים: החזקה מוסתרת בבית (144א) לעומת נשיאה/הובלה ותכנון (144ב). תיק 2 חמור יותר מבחינת מסוכנות וסיכון ציבורי, לכן לא זהים בחומרה למרות השתייכות לאותו תחום.

2. תפקיד הנאשם ומעורבותו — בתיק 1 מדובר במצב של החזקה פסיבית/מצא בבית ללא תכנון ועם אופי הסתרה פרטית; בתיק 2 מדובר במעורבות פעילה, תכנון והובלה ברכב. ההבחנה בין יזום/נושא נשק לבין מחזיק פסיבי מהותית ליחסיות האשמה ולעונש.

3. שיטת הביצוע (MO) — השיטות שונות: נשק מפורק ומוסתר בבית מול נשק מאולתר, מורכב ועם מחסנית מוכנסת המוהלך ברכב. גם אם סוג הנשק קרוב (תת־מקלע), מצב הנשק והאופן שבו הוחזקו שווים להבדל מהותי ב־MO.

4. נסיבות הליבה — הבדלים מהותיים: בתיק 1 מחסניות ריקות ונשק מפורק, ללא תכנון; בתיק 2 נשק עם מחסנית נכנסת, תכנון והובלה ברכב — כולם נסיבות מחמירות משמעותיות שעשויות להשפיע על הרשעה ועונש. לכן נסיבות הליבה רחוקות זו מזו.

5. ישימות כתקדים — מבחינה משפטית ניתן להסתמך על עקרונות כלליים מפרשנות סעיפי נשק, אך בכל הנוגע לעניין הענישה וההערכת מסוכנות/כוונה התיקים אינם מקבילים ודלילים כתקדים ענייני. בתי משפט ימצאו אותם רלוונטיים לעקרונות אך לא כתקדים ישיר להתאמה כמותית בעונש.

SIMILARITY_SCORE: 40","ok",""
"SH-18-07-52337-770","ME-16-06-50916-362",1,0,0,"{""מספר עבירה"": ""144 א"", ""סוג עבירה"": ""החזקה נשק"", ""סוג הנשק [תת מקלע מאולתר]"": 1.0, ""סטטוס הנשק"": ""תקין"", ""תכנון"": ""לא"", ""אופן החזקת הנשק"": ""בבית, מוסלק - מוסתר""}","{""מספר עבירה"": ""144 ב"", ""סוג עבירה"": ""נשיאת נשק, הובלת נשק"", ""עבירות נוספות"": ""כן"", ""סוג הנשק [תת מקלע]"": 1.0, ""סטטוס הנשק"": ""נשק עם כדור בקנה"", ""תכנון"": ""לא"", ""אופן החזקת הנשק"": ""בבית, ברכב, על גופו"", ""מטרה-סיבת העבירה"": ""סכסוך"", ""שימוש"": ""כן,ירי""}",40.0,"1. סוג העבירה וחומרתה — התיקים נופלים תחת עבירות נשק שונות (החזקה לפי 144א מול נשיאה/הובלה ושימוש לפי 144ב). בשל השימוש בירי והעבירות הנוספות בתיק 2 חומרת המעשה ואופיו פלילית גבוהים באופן מהותי; לכן אינם אותו סוג עבירה ברמת חומרה.

2. תפקיד הנאשם ומעורבותו — בתיק 1 מדובר בהחזקה פסיבית ומוסלקת בבית; בתיק 2 הנאשם נושא/מוביל את הנשק ואף יורה, מעורבות פעילה ותכלית עוינת (סכסוך). מאפיינים אלה שונים במהותם מבחינת אחריות, כוונה ותכנון.

3. שיטת הביצוע (MO) — יש דמיון חלקי: שניהם כוללים תת‑מקלע מאולתר ויעדר תכנון מוקדם. עם זאת אופן ההחזקה שונה משמעותית (מוסלק בבית לעומת נשיאה/הובלה ושימוש פעיל), כך שהדמיון ב‑MO מוגבל.

4. נסיבות הליבה — הבדלים מהותיים: בתיק 2 הנשק היה טעון ונעשה בו שימוש (ירי), פזורה במקומות נוספים וקיימות עבירות נוספות ומניעים של סכסוך; בתיק 1 נשק תקין אבל מוסלק בבית וללא שימוש/תחמושת מצוינת. אלה נסיבות מחמירות שמקטינות את הדמיון המהותי.

5. ישימות כתקדים — רק במידה מצומצמת: פסיקה לגבי מסוכנותו של סוג הנשק או העובדה שמדובר בתת‑מקלע יכולה לשמש נקודת ייחוס, אך ההבדלים המהותיים בשימוש, בטעינה ובמעשים הנלווים יכריעו בענישה ובאחריות פלילית. מסקנה: תקדים מהותי בתיק 1 יהיה מוגבל ברלוונטיות לתיק 2.

SIMILARITY_SCORE: 40","ok",""
"SH-17-11-53539-235","m07001074-98",3,1,1,"{""מספר עבירה"": ""144 א"", ""סוג עבירה"": ""החזקה נשק"", ""סוג הנשק [אקדח]"": 1.0, ""סטטוס הנשק"": ""נשק מופרד מתחמושת"", ""תכנון"": ""כן"", ""אופן החזקת הנשק"": ""בבית, מוסלק - מוסתר"", ""כמות תחמושת"": ""מחסנית ריקה ובה 0 כדורים, 28 כדורים"", ""מטרה-סיבת העבירה"": ""הגנה עצמית""}","{""מספר עבירה"": ""144 א"", ""סוג עבירה"": ""החזקה נשק"", ""סוג הנשק [תת מקלע]"": 1.0, ""סטטוס הנשק"": ""נשק מפורק"", ""תכנון"": ""לא"", ""אופן החזקת הנשק"": ""בבית, מוסלק - מוסתר"", ""אופן קבלת הנשק"": ""מצא"", ""כמות תחמושת"": ""2 מחסניות ריקות ובהן 0 כדורים""}",63.0,"1. סוג העבירה וחומרתה — שני התיקים עומדים תחת אותה הוראה (סעיף 144א) והעבירה בסיסית זהה: החזקת נשק שלא כדין; לכן מבחינת הסיווג החוקי והחומרה הבסיסית מדובר בדמיון גבוה. עם זאת, סוגי הנשק השונים יכולים להשפיע על חומרת הענישה במקרים פרטניים.

2. תפקיד הנאשם ומעורבותו — בשני התיקים המעורבות היא בהחזקה ביתית ואישית של הנשק, אך יש הבדל מהותי בנסיבות הרכישה והתכנון (תיק 1: תכנון ומטרה מוכוונת; תיק 2: נמצא, ללא תכנון). ההבדל בין יזום לרכישה/החזקה פסיבית מוריד באופן משמעותי את הדמיון התפקידי.

3. שיטת הביצוע (MO) — דפוס הדמיה דומה: נשק מוסלק בבית והנשק מופרד מתחמושת/מפורק ושלא היה טעון. זהו דמיון משמעותי בפרקטיקה של הסתרת נשק ושיטת ההחזקתו, אף שיש הבדלים טכניים (מפורק לעומת מופרד מתחמושת).

4. נסיבות הליבה — קיימים הבדלים מהותיים: סוג הנשק (אקדח מול תת-מקלע), מצב הנשק (מפורק) וכמויות התחמושת מוצגות שונה; בנוסף תכנון ומטרה (הגנה עצמית לעומת מציאה) שונים ומצטרפים כנסיבות שמקלות/מחמירות שונות. אלה מרחיקים את הדמיון בעניינים שיכולים להשפיע על מבחן הענישה.

5. ישימות כתקדים — בית משפט ימצא שניתן להשוות מבחינת הסיווג והאלמנטים הבסיסיים של עבירת החזקת נשק, אך ייתן משקל ניכר להבדלים בסוג הנשק, בתכנון ובנסיבות ההשגה; לכן התיק יכול לשמש כהתייחסות עניינית אך רק באופן מוגבל ועם התאמות. בסיכום: רלוונטי אך לא זהה.

SIMILARITY_SCORE: 63","ok",""
"ME-16-11-69158-529","ME-12-03-13401-281",3,1,1,"{""מספר עבירה"": ""144 ב"", ""סוג עבירה"": ""נשיאת נשק"", ""עבירות נוספות"": ""כן"", ""סוג הנשק [תת מקלע]"": 1.0, ""סטטוס הנשק"": ""נשק עם כדור בקנה"", ""תכנון"": ""כן"", ""אופן החזקת הנשק"": ""בבית, ברכב, מוסלק - מוסתר, סמוך לבית"", ""מטרה-סיבת העבירה"": ""חתונה"", ""שימוש"": ""כן,ירי""}","{""מספר עבירה"": ""144 א, 144 ב"", ""סוג עבירה"": ""החזקה נשק, נשיאת נשק, הובלת נשק"", ""עבירות נוספות"": ""כן"", ""סוג הנשק [אקדח]"": 1.0, ""סטטוס הנשק"": ""נשק עם כדור בקנה"", ""תכנון"": ""לא"", ""אופן החזקת הנשק"": ""ברכב"", ""כמות תחמושת"": ""2 מחסניות ובהן כדורים, 11 כדורים"", ""שימוש"": ""כן,ירי""}",60.0,"1. סוג העבירה וחומרתה — בשני התיקים מדובר בעבירות נשק עם ירי, כלומר סוג העבירה על פניו זהה ו חומרת המעשה גבוהה. עם זאת סוג הנשק שונה (תת‑מקלע בתיק 1 לעומת אקדח בתיק 2) וזו הבחנה מהותית אשר משפיעה על סכנת הכלל ועונש צפוי. בסיכום: אותו תחום בסיסי אך הבדל בחומרה לפי סוג הנשק.

2. תפקיד הנאשם ומעורבותו — בשני המקרים הנאשם מעורב באופן אקטיבי (שימוש בירי), כלומר לא מדובר בהחזקה פסיבית בלבד. בתיק 1 יש אינדיקציה לתכנון וייתכן תפקיד יזמי/מארגן, בעוד שבתיק 2 נראה מעורבות פעילה אך ללא תכנון; לכן דמיון גבוה לגבי הפעילות האקטיבית אך שינוי בתוקף היזמה.

3. שיטת הביצוע (MO) — שניהם כוללים נשיאה/הובלה ברכב וירי בפועל, מה שיוצר דמיון תהליכי משמעותי. עם זאת בתיק 1 יש הסתרה בבית/מוסלק והכנה מתוכננת, ובנוסף כלי שונה (תת‑מקלע), כך שהמוטוס אופראנדי לא זהה.

4. נסיבות הליבה — כאן ההבדלים הבולטים: תכנון ומוסלקות ותת‑מקלע בתיק 1 מול חוסר תכנון, אקדח וכמות תחמושת מפורטת בתיק 2. שתי התיקים חולקים עובדת היות הנשק טעון וירי, אך נסיבות המחמירות/המשקליות שונות דיה כדי להשפיע על הענישה והיקף הצורך בעונש.

5. ישימות כתקדים — עקרונית פסיקה על ירי עם נשק טעון ונשיאה בנסיבות רפאות תהיה רלוונטית לשני התיקים מבחינת עקרונות כללי הענישה והסכנה הציבורית. יחד עם זאת הבדלי סוג הנשק, תכנון וההסתרה יגבילו העתקה ישירה של חומרת גזר דין; כלומר תקדים יהיה רלוונטי אך יש להסתייג ולתאים לנסיבות המחריפות/מקלות.

SIMILARITY_SCORE: 60","ok",""
"ME-21-06-43085-219","SH-17-08-47445-166",1,0,0,"{""מספר עבירה"": ""144 א, 144 ב"", ""סוג עבירה"": ""החזקה נשק, נשיאת נשק"", ""עבירות נוספות"": ""כן"", ""סוג הנשק [אקדח]"": 1.0, ""סטטוס הנשק"": ""נשק עם כדור בקנה"", ""תכנון"": ""כן"", ""אופן החזקת הנשק"": ""ברכב, על גופו"", ""מטרה-סיבת העבירה"": ""סכסוך"", ""שימוש"": ""כן,ירי""}","{""מספר עבירה"": ""144 א"", ""סוג עבירה"": ""החזקה נשק"", ""סוג הנשק [אקדח]"": 1.0, ""סטטוס הנשק"": ""תקין"", ""תכנון"": ""לא"", ""אופן החזקת הנשק"": ""בבית""}",30.0,"1. סוג העבירה וחומרתה — שני התיקים עוסקים בעבירות נשק תחת אותו תחום חומרתי (אקדח), אך תיק 1 כולל נשיאה/החזקה טעונה ושימוש (ירי) ועבירות נוספות ולכן חמור בהרבה מתיק 2 שבו נשק מוחזק בבית ללא שימוש. מבחינה ענישתית ורמת הסכנה הציבורית התיקים אינם באותו דרג חומרה.

2. תפקיד הנאשם ומעורבותו — בתיק 1 הנאשם מתקשר כמי שהוביל/ניצל את הנשק (נשיאה ברכב, על גופו, שימוש פעיל), בעוד בתיק 2 מדובר בהחזקה סטטית בבית, ללא מעורבות בפעולה פלילית; זה הבדל מהותי בין מעורבות פעילה ליוצאת מן הכלל פסיבית.

3. שיטת הביצוע (MO) — השיטות שונות: תיק 1 מייצג שימוש אקטיבי ונשיאה מחוץ לבית (הגעה לזירת סכסוך, ירי), תיק 2 משקף אחזקת נשק בבית ללא תכנון או נשיאה – אין דמיון ב‑MO או באמצעים.

4. נסיבות הליבה — קיימים הבדלים משמעותיים: בתיק 1 נשק טעון/כדור בקנה, תכנון, סכסוך ושימוש — נסיבות מחמירות; בתיק 2 נשק תקין אך לא נטען/לא נשא, ללא תכנון וללא שימוש — נסיבות מקלות יחסית.

5. ישימות כתקדים — יכולות להיות אפקטים מצומצמים מבחינת פירוש יסודות העבירה (הגדרת ""החזקה"" או סוג הנשק), אבל בתכלית ענישה והכללה כתקדים מהותי לתיק שכזה אין דמיון מספק; בית־משפט יראה בתיק 1 כמקור להרשעה/ענישה מחמירה ולא כתקדים מקובל להקלת תיק 2.

SIMILARITY_SCORE: 30","ok",""
"ME-16-05-19384-544","m08000207-175",1,0,0,"{""מספר עבירה"": ""144 א, 144 ב"", ""סוג עבירה"": ""נשיאת נשק, סחר בנשק"", ""עבירות נוספות"": ""כן"", ""סוג הנשק [תת מקלע]"": 1.0, ""סוג הנשק [רובה סער ]"": 1.0, ""סטטוס הנשק"": ""נשק עם כדור בקנה"", ""תכנון"": ""כן"", ""אופן החזקת הנשק"": ""על גופו, מוסלק - מוסתר, סמוך לבית"", ""אופן קבלת הנשק"": ""רכש"", ""כמות תחמושת"": ""10 כדורים"", ""מטרה-סיבת העבירה"": ""בצע כסף"", ""שימוש"": ""כן,ירי""}","{""מספר עבירה"": ""144 ב"", ""סוג עבירה"": ""נשיאת נשק"", ""עבירות נוספות"": ""כן"", ""סוג הנשק [אקדח]"": 1.0, ""סטטוס הנשק"": ""נשק עם מחסנית בהכנס"", ""תכנון"": ""לא"", ""אופן החזקת הנשק"": ""ברכב"", ""כמות תחמושת"": ""מחסנית ובה 15 כדורים, מחסנית ובה כ-10 כדורים""}",25.0,"1. סוג העבירה וחומרתה  
התיק הראשון כולל גם סחר בנשק ונשיאה של נשק כבד וכן שימוש בירי — עבירות כבדות וריבוי אישומים; התיק השני מתמקד בנשיאת נשק (144ב) בלבד. מבחינת חומרה התיקים אינם שווים: תיק 1 חמור משמעותית.

2. תפקיד הנאשם ומעורבותו  
בתיק 1 יש אינדיקציה ליזום/סחר (מטרה: בצע כסף) ומעורבות פעילה (תכנון, שימוש בירי). בתיק 2 נראה מחזיק/נשא פסיבי ברכב, ללא תכנון ידוע. הפער בתפקיד ובמניעים משמעותי.

3. שיטת הביצוע (MO)  
שני המקרים דומים במובן הכללי של נשיאת נשק טעון עם תחמושת, אך השיטות שונות — מוסלק על הגוף ותכנון מול אחסון ברכב וחוסר תכנון. סוג הנשק (תת‑מקלע/רובה סער מול אקדח) ושימוש בירי בתיק 1 מחברים מעט בלבד את ה‑MO.

4. נסיבות הליבה  
הבדלים חשובים: נשק חצי/כבד וירי בתיק 1, סחר ותכנון, לעומת אקדח ברכב וללא ירי בתיק 2; כמויות תחמושת שונות ומשמעותיות בהקשר של הסחר/ירי. נסיבות מחמירות בתיק 1 כמעט חסרות בתיק 2 — ההבדלים הליבה מהותיים.

5. ישימות כתקדים  
בית המשפט יזכור כי סוג הנשק, קיומה של פעילות סחר, תכנון ושימוש בירי מהווים שיקולים ענייניים מרכזיים בעונש. פסיקה על נשיאה של אקדח ברכב ללא תכנון ובלי ירי תהיה בעלת שימוש מוגבל כשווה ערך לתיק שכלל סחר וירי — ייתכן שימוש דל להשוואת יסודות מסוימים, אך לא כתקדים לענישה בעבירות החמורות בתיק 1.

SIMILARITY_SCORE: 25","ok",""
"SH-11-05-24791-315","ME-16-02-59812-881",1,0,0,"{""מספר עבירה"": ""144 א"", ""סוג עבירה"": ""החזקה נשק"", ""סוג הנשק [אקדח]"": 1.0, ""סטטוס הנשק"": ""נשק מופרד מתחמושת"", ""תכנון"": ""לא"", ""אופן החזקת הנשק"": ""בבית"", ""אופן קבלת הנשק"": ""מאחר"", ""כמות תחמושת"": ""2 מחסניות""}","{""מספר עבירה"": ""144 ב"", ""סוג עבירה"": ""סחר בנשק"", ""עבירות נוספות"": ""כן"", ""סוג הנשק [אקדח]"": 1.0, ""סטטוס הנשק"": ""נשק מופרד מתחמושת"", ""תכנון"": ""לא"", ""אופן החזקת הנשק"": ""בבית"", ""כמות תחמושת"": ""2 מחסניות, 20 כדורים"", ""מטרה-סיבת העבירה"": ""בצע כסף""}",30.0,"1. סוג העבירה וחומרתה — התיקים שונים מהותית: תיק 1 הוא החזקת נשק (144א) ותיק 2 הוא סחר בנשק (144ב). סחר בנשק נחשב לחומרה גבוהה יותר מבחינת אשמה ועונש צפוי, ולכן דמיון נמוך מאוד יחסית.

2. תפקיד הנאשם ומעורבותו — בתיק 1 מדובר בעיקר בהחזקה פסיבית בבית, בעוד שבתיק 2 יש מעורבות יזומה/מסחרית (מטרה לבצע כסף) ולעיתים עבירות נוספות. ההבחנה בין מחזיק לבין סוחר משמעותית לעניין האשמה והעונש, לכן דמיון נמוך.

3. שיטת הביצוע (MO) — ישנם אלמנטים משותפים: אותו סוג נשק (אקדח), הנשק מופרד מתחמושת, החזקת הנשק בבית וחוסר תכנון מוקדם. עם זאת, היעד המסחרי והכוונה לסחר בתיק 2 משנה את ה-MO העיקרי; לכן דמיון בינוני בתחום זה (היבטי אובייקט/חפץ דומים, היבטי כוונה ופעילות שונים).

4. נסיבות הליבה — מבחינת כמויות/מצב הנשק יש חפיפה חלקית (מחסניות בשני התיקים), אבל בתיק 2 יש תחמושת בפועל (20 כדורים), כוונת רווח ועבירות נוספות שמחמירות את המסגרת. לפיכך הנסיבות החמורות בתיק 2 מבדילות אותו משמעותית; דמיון נמוך-בינוני.

5. ישימות כתק precedent — בית משפט ימצא שהמקרים אינם זהים תכליתית; החלטות בענייני החזקת נשק יכולות להציע נקודות עובדתיות (נשק מופרד, אחסון בבית) אך לא ישמשו תקדים חזק לענישה או לקביעת אשמה בסחר. לכן ישימות מוגבלת ונמוכה.

SIMILARITY_SCORE: 30","ok",""
"ME-16-01-31498-921","ME-16-10-9348-780",1,0,0,"{""מספר עבירה"": ""144 ב"", ""סוג עבירה"": ""נשיאת נשק, הובלת נשק"", ""עבירות נוספות"": ""כן"", ""סוג הנשק [רימון הלם/גז]"": 1.0, ""סטטוס הנשק"": ""נשק מופרד מתחמושת"", ""תכנון"": ""כן"", ""אופן החזקת הנשק"": ""מוסלק - מוסתר"", ""אופן קבלת הנשק"": ""גנב"", ""מטרה-סיבת העבירה"": ""בצע כסף""}","{""מספר עבירה"": ""144 ב"", ""סוג עבירה"": ""נשיאת נשק"", ""סוג הנשק [רובה צייד]"": 1.0, ""סטטוס הנשק"": ""נשק מופרד מתחמושת"", ""תכנון"": ""לא"", ""אופן החזקת הנשק"": ""בבית, ברכב"", ""כמות תחמושת"": ""75 כדורים"", ""מטרה-סיבת העבירה"": ""לעורר את אביו""}",60.0,"1. סוג העבירה וחומרתה — שני התיקים נשענים על אותו עבירת יסוד (ת""ע 144ב - נשיאת/הובלת נשק), כך מבחינה פורמלית מדובר באותו סוג עבירה. עם זאת חומרת המקרה שונה: נשק מסוג רימון הלם/גז מושך משקל שונה מנשק ארוך (רובה ציד) ותחמושת מרובה ב""תיק 2"" מגדילה את הפוטנציאל הנזקי, ולכן הדמיון בנושא החומרה ביניהם חלקי בלבד.

2. תפקיד הנאשם ומעורבותו — בשני המקרים מדובר באדם שמחזיק/נושא נשק (לא מתוארים כשליח/נמנע), כלומר מעורבות פעילה בהחזקת הנשק קיימת בשניהם. עם זאת ב""תיק 1"" יש רכיב יזום ומסחרי (מטרה: בצע כסף) ועבירות נוספות, מה שמגביר אשמה ויוצר פער תפקידי ומידת ההיענות לעבריינות לעומת ""תיק 2"" שמוצג כיותר פסיבי/אישי.

3. שיטת הביצוע (MO) — השיטות שונות במאפיינים מהותיים: בתיק 1 נשק מוסלק/מוסתר, נגנב והיה מתוכנן לשימוש/סחר; בתיק 2 הנשק נמצא בבית/ברכב ללא תכנון מוקדם אך עם תחמושת רבה. לפיכך דפוסי ההחזק וההסוואה שונים באופן מהותי והדמיון בשיטה נמוך-בינוני.

4. נסיבות הליבה — יש הבדלים בולטים: בתיק 1 יש תכנון, רישיון היעדר (גניבה) והסתרה שעשויים להחמיר; בתיק 2 עומד לטובת ההגדרה כ""החזקת נשק ביתית"" אך עם כמות תחמושת גדולה (75 כדורים) שעשויה להחמיר אף היא. המשותף (נשק מופרד מתחמושת) מצמצם מעט את הפער, אך פרטי הנשק, מקורו, והנסיבות המחמירות שונים ולא מאפשרים השוואה מלאה.

5. ישימות כתקדים — מאחר שמדובר באותה הוראת חוק התיקים יהיו רלוונטיים זה לזה במסגרת היסוד הפלילי, אך השוני בעובדות aggravating/mitigating יגביל את ההשלכה הישירה של פסק דין אחד על אחר. סיכום: אפשר להיעזר בתיק אחד כהשוואת ענישה או לפרשנות משפטית של 144ב, אך צפויה התאמה עובדתית והבחנה בין נסיבותיהם.

SIMILARITY_SCORE: 60","ok",""
"ME-09-11-7566-913","ME-16-06-50916-362",1,0,0,"{""מספר עבירה"": ""144 א, 144 ב"", ""סוג עבירה"": ""החזקה נשק, נשיאת נשק, הובלת נשק"", ""סוג הנשק [אקדח]"": 1.0, ""סטטוס הנשק"": ""תקול"", ""תכנון"": ""לא"", ""אופן החזקת הנשק"": ""ברכב, מוסלק - מוסתר""}","{""מספר עבירה"": ""144 ב"", ""סוג עבירה"": ""נשיאת נשק, הובלת נשק"", ""עבירות נוספות"": ""כן"", ""סוג הנשק [תת מקלע]"": 1.0, ""סטטוס הנשק"": ""נשק עם כדור בקנה"", ""תכנון"": ""לא"", ""אופן החזקת הנשק"": ""בבית, ברכב, על גופו"", ""מטרה-סיבת העבירה"": ""סכסוך"", ""שימוש"": ""כן,ירי""}",38.0,"1. סוג העבירה וחומרתה — שניהם עבירות נשק (הובלה/נשיאה/החזקה), אבל חומרת התיק השני גבוהה בהרבה: תת‑מקלע טעון ושימוש בירי מול אקדח תקול שלא בשימוש. לכן זה אותו תחום עקרוני אך לא שוויוני בחומרה.

2. תפקיד הנאשם ומעורבותו — בתיק 1 ההחזקה מוסלקת ברכב ומעורבות נראית פסיבית יחסית; בתיק 2 הנשיאה על הגוף, בבית ושימוש בירי מצביעים על מעורבות פעילה ואמצעים תוקפניים. דמיון חלקי בלבד בקשר להיותם נשאים/מעבירים.

3. שיטת הביצוע (MO) — שניהם כוללים הסתרה והובלה ברכב וללא תכנון מוקדם, כך שיש חפיפה בשיטת ההסתרה/הובלה. עם זאת בתיק 2 נוספות נשיאה על הגוף ובבית ושימוש אמיתי בנשק, מה שמבדיל את ה‑MO מבחינת הנזק והסיכונים.

4. נסיבות הליבה — שונות מהותית: סוג הנשק, היותו טעון וירי בפועל בתיק 2, וגם קיומם של ""עבירות נוספות"" ומניע של סכסוך בתיק 2 מול נשק תקול ותיק ללא שימוש בתיק 1. אלה נסיבות מחמירות שיוצרות פער מהותי.

5. ישימות כתקדים — בית משפט ימצא שהתיק 1 רלוונטי מאוד רק לגבי היבט כללי של הובלה/הסתרה ללא תכנון, אך יהיה מוגבל מאוד כתקדים לענישה בתיק 2 בגלל נשק חמור, טעון ושימוש בירי; לכן ישימות מוגבלת ולא ישירה.

SIMILARITY_SCORE: 38","ok",""
"ME-20-01-17935-7","SH-23-03-19819-247",2,0,1,"{""מספר עבירה"": ""144 א, 144 ב"", ""סוג עבירה"": ""החזקה נשק, נשיאת נשק"", ""עבירות נוספות"": ""כן"", ""סוג הנשק [תת מקלע מאולתר]"": 1.0, ""סטטוס הנשק"": ""תקול"", ""תכנון"": ""לא"", ""אופן החזקת הנשק"": ""בבית, על גופו""}","{""מספר עבירה"": ""144 א"", ""סוג עבירה"": ""החזקה נשק"", ""סטטוס הנשק"": ""נשק מופרד מתחמושת"", ""תכנון"": ""לא"", ""אופן החזקת הנשק"": ""בבית, מוסלק - מוסתר"", ""כמות תחמושת"": ""3 מחסניות ובהן כמה עשרות כדורים""}",65.0,"1. סוג העבירה וחומרתה — שני התיקים עוסקים בהחזקה של נשק לפי סעיף 144 (T1 גם כוללת נשיאה/סעיף 144ב), ולכן מבחינת סוג הענישה הם קרובים; עם זאת T1 חמור יותר במידה כי כולל גם נשיאה/144ב ועבירות נוספות, כך שרמת החומרה הכוללת ב‑T1 גבוהה מ‑T2.

2. תפקיד הנאשם ומעורבותו — בשניהם מדובר כנראה בהחזקה פרטית (לא סחר/העברה), כלומר מעורבות אישית ולא תיווך; עם זאת T1 מעידה על מעורבות פעילה יותר (נשיאה על גופו) בעוד ש‑T2 מתאפיין בהחזקת נשק מוסתר בבית — מעורבות פסיבית יותר מבחינת סיכון מיידי.

3. שיטת הביצוע (MO) — דפוס דומה בכך ששני הנשקים שמורים בבית וללא תכנון מוקדם, אך שיטות ההסתרה ודרגת המוכנות שונות: T1 נשק על הגוף/תקול (פחות מוכן לשימוש אך מסוכן כאמצעי לא חוקי), T2 מוסלק ונפרד מתחמושת (מוסתר אך עם מלאי תחמושת רב), כלומר MO חלקית שונה.

4. נסיבות הליבה — יש הבדלים מהותיים: סוג הנשק (תת‑מקלע מאולתר ב‑T1) ותקינותו שונה ממצב בו הנשק מופרד מתחמושת אך יש כמויות תחמושת משמעותיות ב‑T2; בנוסף T1 כולל נשיאה ועבירות נוספות שמשקלם כמחמירים, בעוד ש‑T2 המטען התחמושתי מהווה שיקול מחמיר שונה.

5. ישימות כתקדים — התיקים קרובים דיים כך שפסק דין בענישה על החזקה בנשק יהיה רלוונטי, אך הבדלי חומרה מהותיים (נשיאה/עבירות נוספות, סוג ותקינות הנשק, כמות תחמושת) יאפשרו לבית המשפט להבחין ולהתאים ענישה; לכן לא מדובר בהתאמה מלאה אך בהחלט רלוונטית להנחיה עניינית.

SIMILARITY_SCORE: 65","ok",""
"SH-17-08-47445-166","SH-16-11-7544-55",3,1,1,"{""מספר עבירה"": ""144 א"", ""סוג עבירה"": ""החזקה נשק"", ""סוג הנשק [אקדח]"": 1.0, ""סטטוס הנשק"": ""תקין"", ""תכנון"": ""לא"", ""אופן החזקת הנשק"": ""בבית""}","{""מספר עבירה"": ""144 א"", ""סוג עבירה"": ""החזקה נשק"", ""סוג הנשק [תת מקלע מאולתר]"": 1.0, ""סטטוס הנשק"": ""נשק מופרד מתחמושת"", ""תכנון"": ""לא"", ""אופן החזקת הנשק"": ""על גופו, מוסלק - מוסתר"", ""כמות תחמושת"": ""מחסנית ובה 10 כדורים""}",60.0,"1. סוג העבירה וחומרתה — שני התיקים נשאו את סעיף 144א (החזקה נשק), כך מבחינת הסיווג הפלילי מדובר באותה עבירה פורמלית. עם זאת, סוג הנשק ופורמותיו (אקדח תקין מול תת‑מקלע מאולתר) משפיעים על חומרה מעשית; תיק 2 חמור יותר מבחינת פוטנציאל נזק.

2. תפקיד הנאשם ומעורבותו — אין נתונים על היינו המזורז/מתווך; בשני המקרים מדובר בהחזקה פרטית של נשק. עם זאת אופן ההחזקה שונה: אחיזה בבית (פסיבית יחסית) מול נשיאה מוסלקת על הגוף (מעורבות פעילה וסיכון מיידי), ולכן דמיון רק חלקי.

3. שיטת הביצוע (MO) — בשני המקרים אין תכנון לפי הנתונים, כך שאופיין הדומה של היעדר תכנון תומך בדמיון. אך אמצעי הביצוע שונים (אקדח תקין מול תת‑מקלע מאולתר, נשק מופרד מתחמושת מול מצב תקין), וכן ההסתרה והנשיאה על הגוף בתיק 2 מהווים MO שונה ובולט.

4. נסיבות הליבה — יש הבדלים מהותיים: תיק 2 כולל נשיאה מוסלקת, מחסנית עם 10 כדורים ו/או נשק מופרד מתחמושת (אז דרגת המוכנות שונה), בעוד תיק 1 נשק במצב תקין אך שמור בבית ללא פרטים על תחמושת. הבדלים אלה משפיעים על סיכון לציבור ועל נסיבות מחמירות/מקלות, ולכן הדמיון נמוך‑בינוני.

5. ישימות כתקדים — מאחר שמדובר באותו סעיף, פסיקה בתיק 1 עשויה להיות רלוונטית באופן עקרוני; עם זאת הבדלים מהותיים בסוג הנשק, בהסתרה, במוכנות ובנסיבות שיפוטיות יגרמו לבית המשפט להתאים את הלכת הענישה/ההערכות לעובדות שונות. לכן ניתן להיעזר כנקודת ייחוס אך לא כתקדים זהה.

SIMILARITY_SCORE: 60","ok",""
"ME-16-11-13999-863","m01008097-376",1,0,0,"{""מספר עבירה"": ""144 א, 144 ב"", ""סוג עבירה"": ""החזקה נשק, נשיאת נשק, הובלת נשק"", ""סוג הנשק [אקדח]"": 1.0, ""סטטוס הנשק"": ""נשק עם מחסנית בהכנס"", ""תכנון"": ""לא"", ""אופן החזקת הנשק"": ""ברכב, על גופו"", ""כמות תחמושת"": ""מחסנית ובה כדורים, מחסנית נוספת ובה כדורים""}","{""מספר עבירה"": ""144 א, 144 ב"", ""סוג עבירה"": ""החזקה נשק, נשיאת נשק"", ""עבירות נוספות"": ""כן"", ""סוג הנשק [רימון רסס]"": 1.0, ""סטטוס הנשק"": ""נשק מופרד מתחמושת"", ""תכנון"": ""לא"", ""אופן החזקת הנשק"": ""בבית, על גופו"", ""כמות תחמושת"": ""כדורים, 2 מחסניות"", ""שימוש"": ""זריקת רימון""}",60.0,"1. סוג העבירה וחומרתה — שתי התיקים עוסקים בעצם באותן הוראות (144א, 144ב) של החזקה ונשיאת נשק, לכן מבחינת מימוש העבירה היסודית יש זהות פונקציונלית. עם זאת, בתיק 2 יש עבירות נוספות ושימוש (זריקת רימון) שמגבירות משמעותית את חומרת המעשה בהשוואה לתיק 1; כלומר סוג זהה אך חומרה שונה.  

2. תפקיד הנאשם ומעורבותו — בשני המקרים הנאשם מופיע כמי שמחזיק ונושא נשק (מעורבות בעלות/נשיאה), ואין ביטוי ברור לתפקיד של שליח/מוכרן או לתכנון מסחרי. יחד עם זאת, בתיק 2 מתגלה מעורבות פעילה יותר (שימוש בפועל), בעוד שבתיק 1 העמדה נראית כעיקרה החזקה ונשיאה בלבד.  

3. שיטת הביצוע (MO) — מבחינת המנגנון החוקי מדובר ב- possession/carry בשני המקרים, אך אמצעי הביצוע שונים: אקדח טעון ונשיאה ברכב מול רימון רסס (מופרד מתחמושת אך עם שימשו בפועל). דפוס הביצוע שונה דיו כדי להשפיע על ההערכה העובדתית והענישתית.  

4. נסיבות הליבה — יש חפיפה בשאלות שהן מרכזיות בבית המשפט (קיום נשק, תחמושת, נשיאה על גוף/ברכב/בבית), אך פרטי המצב טכניים מהותיים: נשק טעון במחסנית בתיק 1 לעומת נשק מופרד מתחמושת ורימון שבוצע בו שימוש בתיק 2; כמויות התחמושת ומעשה הזריקה בתיק 2 מהווים נסיבות מחמירות משמעותיות.  

5. ישימות כתקדים — בית המשפט יראה בתיק 1 תקדים רלוונטי באופן חלקי כשהמדובר בהבחנות ענייניות כלליות לגבי החזקה ונשיאה לפי 144א/ב, אך ההבדלים בנסיבות (סוג הנשק, טעינות, שימוש בפועל, עבירות נוספות) יגבילו את הישימות בענישה ובהערכת המסוכנות. לכן לא ניתן להסתמך על התיק כתקדים תקיף אלא כנקודת השוואה חלקית בלבד.  

SIMILARITY_SCORE: 60","ok",""
"ME-16-06-50916-362","ME-15-03-29911-554",3,1,1,"{""מספר עבירה"": ""144 ב"", ""סוג עבירה"": ""נשיאת נשק, הובלת נשק"", ""עבירות נוספות"": ""כן"", ""סוג הנשק [תת מקלע]"": 1.0, ""סטטוס הנשק"": ""נשק עם כדור בקנה"", ""תכנון"": ""לא"", ""אופן החזקת הנשק"": ""בבית, ברכב, על גופו"", ""מטרה-סיבת העבירה"": ""סכסוך"", ""שימוש"": ""כן,ירי""}","{""מספר עבירה"": ""144 א, 144 ב"", ""סוג עבירה"": ""החזקה נשק, נשיאת נשק"", ""עבירות נוספות"": ""כן"", ""סוג הנשק [אקדח]"": 1.0, ""סטטוס הנשק"": ""נשק עם כדור בקנה"", ""תכנון"": ""לא"", ""אופן החזקת הנשק"": ""ברכב, על גופו"", ""כמות תחמושת"": ""מחסנית ובה 12 כדורים, מחסנית נוספת, 20 כדורים, 24 כדורים"", ""שימוש"": ""כן,ירי""}",75.0,"1. סוג העבירה וחומרתה — שני התיקים עוסקים בעבירות נשק (החזקה/נשיאה) ובירי; מבחינת קטגוריה פלילית הם מאותו תחום ומכילים עבירות חמורות של נשיאת נשק ושימוש בו. עם זאת יש הבדל מהותי בחומרת הנשק עצמו (תת‑מקלע בתיק 1 מול אקדח בתיק 2) ובמספר העבירות (בתיק 2 יש גם 144א), כך שהחומרה איננה זהה לחלוטין.

2. תפקיד הנאשם ומעורבותו — בשני המקרים מדובר במעורבות פעילה: הנשק נשא/הוחזק ונעשה בו שימוש (ירי), כלומר התנהלות יזומה ואלימה של היחיד. מכאן מבחינת מעורבות האישית הם דומים במידה רבה.

3. שיטת הביצוע (MO) — דפוס דומה: נשיאת נשק על גוף/ברכב, נשק טעון עם כדור בקנה, העדר תכנון מוקדם, ושימוש כלפי סכסוך. הבדלים משניים קיימים (תיק 1 מציין החזקת נשק גם בבית; סוג הנשק שונה), אך מבחינת אמצעי הביצוע והנסיבות ההליכיות־מיידיות ה‑MO קרוב.

4. נסיבות הליבה — כאן יש הבדלים מהותיים: בתיק 1 תת‑מקלע (פוטנציאל נזק גבוה יותר) בעוד שבתיק 2 אקדח עם כמות תחמושת גדולה ומספר מחסניות — בפועל גם בתיק 2 יש נסיבות המחמירות (כמות תחמושת רבה). שניהם טעונים ונורו יריות, אבל הכמות והסוג של כלי הנשק/תחמושת משפיעים ישירות על חומרת העונש ואינם מתחלפים פשוט.

5. ישימות כתק precedent — בתי משפט ייחשיבו לתיקים כקרובים מבחינת עקרונות האכיפה והענישה בעבירות נשק ובירי (מעורבות פעילה, נשק טעון, שימוש), ולכן יוכלו לשמש תקדים עקרוני. עם זאת, סיווג חומרת העבירה והוראות הענישה ישתנו בהתאם לסוג הנשק וכמות התחמושת; לכן התיק אינו תקדים זהה ויש צורך בהתאמות ענישה.

SIMILARITY_SCORE: 75","ok",""
"SH-16-11-49772-358","ME-17-02-54432-484",1,0,0,"{""מספר עבירה"": ""144 א"", ""סוג עבירה"": ""החזקה נשק"", ""עבירות נוספות"": ""כן"", ""סוג הנשק [אקדח]"": 1.0, ""סטטוס הנשק"": ""תקין"", ""תכנון"": ""לא"", ""אופן החזקת הנשק"": ""מוסלק - מוסתר"", ""אופן קבלת הנשק"": ""גנב""}","{""מספר עבירה"": ""144 א, 144 ב"", ""סוג עבירה"": ""החזקה נשק, נשיאת נשק"", ""סוג הנשק [אקדח]"": 1.0, ""סטטוס הנשק"": ""נשק עם מחסנית בהכנס"", ""תכנון"": ""כן"", ""אופן החזקת הנשק"": ""ברכב, על גופו, מוסלק - מוסתר, סמוך לבית"", ""כמות תחמושת"": ""מחסנית ובה 7 כדורים"", ""מטרה-סיבת העבירה"": ""הגנה עצמית""}",65.0,"1. סוג העבירה וחומרתה — שני התיקים עוסקים בעבירות נשק לפי סעיף 144 (החזקה) ולכן מבחינה פורמלית יש חפיפה בסיסית, אך תיק 2 כולל גם נשיאה (144ב) ונשק טעון/מוכן לשימוש כך שהחומרה בו גבוהה משמעותית. התיקים דומים ברמה הכללית (עבירת נשק) אך לא זהים בחומרה.  

2. תפקיד הנאשם ומעורבותו — בשני המקרים מדובר במחזיק/נשא של נשק (לא סוחר/יזם), כלומר תפקיד דומה מבחינת מעמד פלילי של הנאשם. עם זאת, המעורבות בתיק 2 פעילה וברורה יותר (החזקת נשק על הגוף/ברכב ותכנון) לעומת החזקת נשק מוסלק בתיק 1, ולכן אחוז דמיון בינוני-גבוה.  

3. שיטת הביצוע (MO) — דפוס דומה בהיבט של נשק מסוג אקדח ומוסלק/מוסתר בשניהם. אך בתיק 2 יש נשיאה על הגוף ובמספר מקומות, נשק עם מחסנית מוכנסת ודפוס מתוכנן, כך שיש שונות ממשית באמצעי הביצוע.  

4. נסיבות הליבה — כאן יש הבדלים מהותיים: בתיק 1 הנשק גנוב והממצא ללא תכנון שנראה פחות מוכן לשימוש; בתיק 2 יש תכנון, נשק טעון עם מחסנית של 7 כדורים ומטרה של הגנה עצמית — גורמים שהופכים את ההערכת מסוכנות וההטבעה העובדתית שונה לחלוטין. דמיון נמוך מאוד בנסיבות המכריעות.  

5. ישימות כתקדים — בית משפט ימצא חפיפה עקרונית בעקרונות (אופי עבירת נשק, שיקולי מסוכנות והחזקה מוסלקת) ולכן חלק מהפסיקה בתיק 1 עשויה להיות רלוונטית לפרשנות החוק. עם זאת, במישורי ענישה והערכת עבירות מחמירות/מקלות התיקים אינם תחליפים זה לזה; התיק 2 ישתקף ככבדי פשע יותר ולכן ישימות כתקדים מוגבלת.  

SIMILARITY_SCORE: 65","ok",""
"ME-14-02-51828-88","ME-14-03-48488-922",1,0,0,"{""מספר עבירה"": ""144 ב"", ""סוג עבירה"": ""נשיאת נשק, הובלת נשק"", ""סטטוס הנשק"": ""תקין"", ""תכנון"": ""לא"", ""אופן החזקת הנשק"": ""ברכב"", ""מטרה-סיבת העבירה"": ""נסיבות כלכליות""}","{""מספר עבירה"": ""144 א, 144 ב"", ""סוג עבירה"": ""החזקה נשק, נשיאת נשק"", ""עבירות נוספות"": ""כן"", ""סוג הנשק [מטען חבלה]"": 1.0, ""סוג הנשק [מטען חבלה מאולתר]"": 1.0, ""סטטוס הנשק"": ""נשק מופרד מתחמושת"", ""תכנון"": ""כן"", ""אופן החזקת הנשק"": ""בבית, ברכב, מוסלק - מוסתר"", ""אופן קבלת הנשק"": ""ייצר"", ""מטרה-סיבת העבירה"": ""אות אזהרה"", ""שימוש"": ""הפעלת מטען""}",25.0,"1. סוג העבירה וחומרתה — שניהם עבירות נשק, אבל סוג הנשק והפעולה שונות מהותית: נשק חם תקין (תיק 1) מול מטען חבלה מאולתר שהופעל (תיק 2). תיק 2 חמור בהרבה (ייצור, שימוש/הפעלה, מטען), לכן הדמיון בחומרה מועט מאוד.

2. תפקיד הנאשם ומעורבותו — בתיק 1 המעורבות נראית כהובלה/החזקה פסיבית ללא תכנון; בתיק 2 יש יזמות מלאה (ייצור, תכנון, הפעלה). תפקידים אלו נבדלים במהות ואינם דומים.

3. שיטת הביצוע (MO) — יש חפיפה חלקית בלבד (החזקת/הסתרת נשק ברכב/בבית), אך שיטות הביצוע מרכזיות שונות: נשא/הובלה של כלי תקין מול ייצור והפעלת מטען מאולתר. ה-MO זהה רק באלמנט ההסתרה/הסעת כלי נשק, לא באופיו העקרוני.

4. נסיבות הליבה — הבדלים מרכזיים: תכנון קיים רק בתיק 2, סטטוס הנשק שונה (נשק תקין מול מטען מופרד מתחמושת/מאולתר), שימוש אופרטיבי בתיק 2 (הפעלת מטען) ומניעים שונים (נסיבות כלכליות לעומת אירוע אזהרה). אלה נסיבות מחמירות בתיק 2 שלא ניתנות להשוואה ממשית לתיק 1.

5. ישימות כתקדים — כתיקח לראיית עבירת נשיאת/החזקה במובנים טכניים (למשל הסתרה/נשיאה ברכב) יכול להיות רלוונטי מאוד במעט; כשמדובר בענישה ובהבחנה בעבירות מסוכנות (ייצור/הפעלה של מטען) התיק 1 לא ישמש תקדים משמעותי לתיק 2. באופן מעשי, בית משפט לא יראה את התיקים כתקדימים ענייניים זה לזה לצורכי ענישה של המקרה החמור יותר.

SIMILARITY_SCORE: 25","ok",""
"ME-14-12-6904-57","ME-18-04-19642-504",1,0,0,"{""מספר עבירה"": ""144 ב"", ""סוג עבירה"": ""נשיאת נשק, הובלת נשק"", ""עבירות נוספות"": ""כן"", ""סוג הנשק [תת מקלע מאולתר]"": 1.0, ""סטטוס הנשק"": ""נשק מופרד מתחמושת"", ""תכנון"": ""כן"", ""אופן החזקת הנשק"": ""בבית, על גופו, מוסלק - מוסתר"", ""אופן קבלת הנשק"": ""רכש"", ""כמות תחמושת"": ""מחסנית וכדורים""}","{""מספר עבירה"": ""144 א, 144 ב"", ""סוג עבירה"": ""נשיאת נשק, הובלת נשק"", ""עבירות נוספות"": ""כן"", ""סוג הנשק [אקדח]"": 1.0, ""סטטוס הנשק"": ""נשק עם כדור בקנה"", ""תכנון"": ""לא"", ""אופן החזקת הנשק"": ""ברכב, על גופו, מוסלק - מוסתר"", ""כמות תחמושת"": ""2 מחסניות, 40 כדורים"", ""מטרה-סיבת העבירה"": ""סכסוך"", ""שימוש"": ""כן,ירי""}",61.0,"1. סוג העבירה וחומרתה — שניהם עבירות נשק מסוג נשיאה/הובלה לפי סעיפים זהים במוצג, ולכן מבחינת הסווג הענייני מדובר באותו תחום פלילי. עם זאת, חומרת המקרה שונה: בתיק 2 נשק טעון וירי בפועל — זה מעלה משמעותית את חומרת העבירה והסיכון ביחס לתיק 1 שבו הנשק מופרד מתחמושת אף שנעשה תכנון ואחסון ביתי. מסקנה: אותו סוג עיקרי של עבירה, אך חומרה גבוהה יותר בתיק 2.

2. תפקיד הנאשם ומעורבותו — בשני התיקים הנאשם מעורב כאחראי על הנשק (החזק/נושא), כלומר מעורבות פעילה של החזקת הנשק וקיום התאמה לעבירות נשיאה/הובלה. עם זאת בתיק 1 יש היבט יזמי/מתכנן (רכש ותכנון אחסון), בעוד בתיק 2 המעורבות מתבטאת גם בשימוש פעיל ובירי בסכסוך — תפקידים דומים מבחינת החזקה אך עם אינטנסיביות שונה בפעולה. מסקנה: דמיון בינוני־גבוה במעורבות החזקה, הבדלים מהותיים בפעילות השימושית.

3. שיטת הביצוע (MO) — בשני התיקים יש מוסלק/מוסתר, נשיאה על הגוף והובלה ברכב/בבית; שני המקרים כוללים הובלה וניסיון להסתיר. ההבדל המשמעותי הוא סוג הנשק (תת־מקלע מאולתר מול אקדח) ומצב התחמושת (מופרד מול טעון ומחסניות מרובות) — אבל מנגנון ההסתרה וההובלה דומה. מסקנה: דמיון גבוה בשיטת ההסתרה וההובלה, הבדל באמצעי והכנות.

4. נסיבות הליבה — כאן יש הבדלים מהותיים: כמות תחמושת ותוקפנות בפועל בתיק 2 (2 מחסניות, 40 כדורים, ירי בסכסוך, כדור בקנה) מול נשק מופרד מתחמושת ו""כמות רגילה"" בתיק 1; בתיק 1 יש תכנון ורכישה יזומה שמשקללים אחרת בעיניי בית המשפט. מסקנה: נסיבות ליבה שונות במידה רבה והשפעתן על חומרת העונש משמעותית.

5. ישימות כתקדים — בית משפט עשוי להסתמך על היסודות המשותפים (אותה עבירה פורמלית, הסתרה, החזקה והובלה) לצורך קביעת טווח ענישה בסיסי, אך שינויים כמו ירי בפועל, טעינת הנשק וכמות תחמושת רבה בתיק 2 מצדדים את ההשוואה ומשמעותם עונשית. לכן התיק 1 יכול לשמש כנקודת ייחוס בלבד; לא ניתן ליישםו כתקדים מחייב ללא התאמות והדגשת ההבדלים. מסקנה: רלוונטיות מוגבלת־מתואמת, לא זהה.

SIMILARITY_SCORE: 61","ok",""
"ME-18-10-30972-637","ME-14-11-7498-539",3,1,1,"{""מספר עבירה"": ""144 ב"", ""סוג עבירה"": ""ניסיון לסחר"", ""סוג הנשק [רובה סער ]"": 1.0, ""סטטוס הנשק"": ""תקין"", ""תכנון"": ""לא"", ""אופן קבלת הנשק"": ""רכש""}","{""מספר עבירה"": ""144 א, 144 ב"", ""סוג עבירה"": ""החזקה נשק, נשיאת נשק, הובלת נשק, ניסיון לסחר"", ""עבירות נוספות"": ""כן"", ""סוג הנשק [רובה סער ]"": 1.0, ""סטטוס הנשק"": ""נשק עם מחסנית בהכנס"", ""תכנון"": ""כן"", ""אופן החזקת הנשק"": ""ברכב"", ""אופן קבלת הנשק"": ""מאחר"", ""כמות תחמושת"": ""מחסנית ובה 29 כדורים"", ""מטרה-סיבת העבירה"": ""בצע כסף""}",49.0,"1. סוג העבירה וחומרתה — שני התיקים חולקים את עבירת היסוד (ניסיון לסחר ברובה סער), אך תיק 2 כולל גם החזקה, נשיאה והובלה ובתנאים מחמירים (תחמושת מחוברת, תכנון, מטרה כספית). לפיכך מדובר באותו סוג עקרוני אך בתיק 2 חומרת העבירות גבוהה בהרבה, ודמיון המישור החוקי מוגבל. 

2. תפקיד הנאשם ומעורבותו — בתיק 1 אין אינדיקציה לתכנון או לתפקיד יזמי מעבר לרכישה; בתיק 2 קיימת מעורבות פעילה (תכנון, החזקה ברכב, הובלה ומשלוח/התקשרות עם אחרים). המשמעות: תפקיד ומידת הפעילות בתיק 2 נראים אקטיביים/יזמיים יותר מאשר בתיק 1. 

3. שיטת הביצוע (MO) — המשותף: סוג הנשק (רובה סער) וניסיון לסחר; השוני מהותי: בתיק 1 הנשק ""תקין"" ונרכש ללא תכנון, בתיק 2 הנשק היה מוכנס עם מחסנית טעונה, הוחזק ברכב וההסכמות/מטרה היו מסחריות ומתוכננות. כלומר דפוס ביצוע דומה רק מבחינת מטרת הסחר, אך שיטת ההחזקה וההכנה שונה במידה משמעותית. 

4. נסיבות הליבה — הבדל מהותי: בתיק 2 מחסנית עם 29 כדורים, נשק מוכן לשימוש, תכנון מראש, החזקה והובלה ברכב ומטרה של רווח; בתיק 1 אין תכנון מצוין, לא צוינו תחמושת או נסיבות מחמירות נוספות. אלה נסיבות שמשפיעות רבות על חומרת הענישה, ולכן דמיון נמוך בעניינים המהותיים. 

5. ישימות כתקדים — מאחר שליבת העבירה זהה (ניסיון לסחר ברובה סער) יש ערך השוואתי מסוים, אך הבדלי החומרה והנסיבות בתיק 2 צפויים להפוך אותו לפחות רלוונטי כתקדים שייתן תמיכה משמעותית בענישה לתיק 1 (ובוודאי לא להפך). בתי המשפט יסתכלו על תיק 2 כעילה להחמרה ואינם יראו בתיק 1 תקדים תואם במקרה של תיק 2. 

SIMILARITY_SCORE: 49","ok",""
"ME-17-02-54432-484","ME-16-07-45228-25",3,1,1,"{""מספר עבירה"": ""144 א, 144 ב"", ""סוג עבירה"": ""החזקה נשק, נשיאת נשק"", ""סוג הנשק [אקדח]"": 1.0, ""סטטוס הנשק"": ""נשק עם מחסנית בהכנס"", ""תכנון"": ""כן"", ""אופן החזקת הנשק"": ""ברכב, על גופו, מוסלק - מוסתר, סמוך לבית"", ""כמות תחמושת"": ""מחסנית ובה 7 כדורים"", ""מטרה-סיבת העבירה"": ""הגנה עצמית""}","{""מספר עבירה"": ""144 ב"", ""סוג עבירה"": ""נשיאת נשק"", ""סוג הנשק [אקדח]"": 1.0, ""סטטוס הנשק"": ""נשק עם מחסנית בהכנס"", ""תכנון"": ""לא"", ""אופן החזקת הנשק"": ""על גופו, מוסלק - מוסתר"", ""כמות תחמושת"": ""מחסנית ובה 10 כדורים""}",77.0,"1. סוג העבירה וחומרתה — שניהם כוללים נשיאת נשק לפי סעיף 144ב, כך שעקרונית מדובר באותו סוג עבירה; תיק 1 כולל גם החזקה לפי 144א ולכן חומרתו הכוללת מעט גבוהה יותר. מבחינה תמציתית, דמיון גבוה אך לא זהות מושלמת.

2. תפקיד הנאשם ומעורבותו — בשני המקרים מדובר בנאשם כמחזיק/נושא נשק באופן פעיל (לא סוחר או שליח), כלומר רמת המעורבות דומה. דמיון מהותי גבוה מאוד.

3. שיטת הביצוע (MO) — בשני התיקים אקדח טעון עם מחסנית בהכנס ומוסתר על הגוף; תיק 1 מצרף החזקה ברכב ובקרבת הבית ותכנון מראש, בעוד תיק 2 חסר תכנון ומצוין רק על הגוף. דפוס הביצוע דומה אבל קיומו של תכנון ומיקומים נוספים בתיק 1 מורידים את הדמיון.

4. נסיבות הליבה — יש הבדלים מהותיים: תכנון ונסיבות קרבה/החזקת נשק ברכב בתיק 1, מניע של ""הגנה עצמית"" בתיק 1 (מקל) ומספר כדורים שונה (7 מול 10). אלה פרמטרים שנושאים משקל רב בענישה ובהערכת מסוכנות, ולכן הדמיון ביניהם מתון פחות.

5. ישימות כתקדים — חפיפה נכבדה לגבי יסודות ההרשעה והמאפיינים הטכניים (אקדח טעון, מוסתר, נשיאה), ולכן תיק אחד יכול לשמש כנקודת ייחוס לפרקליטות ולבית המשפט; עם זאת ההבדלים בעניין תכנון, מניע וקיומה של עבירת החזקת נשק נוספת מצמצמים את ישימותו כתקדים מדויק לענישה. דמיון רלוונטי אך לא מוחלט.

SIMILARITY_SCORE: 77","ok",""
"ME-09-06-10774-130","SH-20-02-52091-995",1,0,0,"{""מספר עבירה"": ""144 א, 144 ב"", ""סוג עבירה"": ""החזקה נשק, נשיאת נשק"", ""סוג הנשק [אקדח]"": 1.0, ""סטטוס הנשק"": ""תקין"", ""תכנון"": ""לא"", ""אופן החזקת הנשק"": ""ברכב""}","{""מספר עבירה"": ""144 א"", ""סוג עבירה"": ""החזקה נשק"", ""סוג הנשק [תת מקלע מאולתר]"": 1.0, ""סטטוס הנשק"": ""נשק מופרד מתחמושת"", ""תכנון"": ""לא"", ""אופן החזקת הנשק"": ""בבית, מוסלק - מוסתר"", ""כמות תחמושת"": ""20 כדורים""}",56.0,"1. סוג העבירה וחומרתה — שני התיקים עוסקים בעבירות נשק לפי סעיף 144 (החזקה), ולכן מבחינת המסגרת החוקית מדובר באותו תחום; עם זאת בתיק 1 מצורפת גם סעיף 144ב (נשיאת נשק) ולכן מבחינת חומרה מידת הסכנה הציבורית גבוהה יותר בתיק 1. דמיון בינוני-גבוה בהיבט החוקי, אך לא הזהה מבחינת חומרה.

2. תפקיד הנאשם ומעורבותו — בשני המקרים מדובר בהחזקה אישית של הנשק, לא ייזום או סחר; אין עדות למעורבות כשליח/תווך או לכוונת סחר. דמיון גבוה מאוד בעמדת הנאשם ומידת ההשתתפות הפלילית.

3. שיטת הביצוע (MO) — שיטות הביצוע שונות: נשיאה ברכב בתיק 1 מול אחסון מוסלק בבית בתיק 2; בנוסף סוגי הנשק שונים (אקדח תקין מול תת-מקלע מאולתר עם הפרדה מתחמושת). דמיון נמוך מאוד במצב ה-MO ובדפוס הסכנה הפנימית/חיצונית.

4. נסיבות הליבה — הבדלים מהותיים: תקינות הנשק ונשיאת/נגישות מיידית בתיק 1 מול הפרדה מתחמושת אך קיומה של תחמושת (20 כדורים) ותצורה מוסלקת בתיק 2; חוסר תכנון בשניהם מקל באופן שווה, אך היקף הסכנות והנסיבות המוחשיות שונות. דמיון נמוך-ממוצע בנורמטיקה של נסיבות מחמירות/מקלות.

5. ישימות כתקדים — תיקים אלה יהיו רלוונטיים זה לזה במובן הרחב (עקרונות היסוד של הוכחה והערכת חומרת עבירת החזקה), אך הבדלים משמעותיים בנשיאה לציבור, בטיב הנשק ובמלאי תחמושת יגבו הסתייגויות בסנטנציה וביישום העונש. מסקנה: תקדים מוגבל אך שימושי במקרים של סיווג/יסודות; פחות ישים לפסיקה ישירה על ענישה קונקרטית.

SIMILARITY_SCORE: 56","ok",""
"SH-15-03-49530-992","ME-16-05-9983-155",2,0,1,"{""מספר עבירה"": ""144 א"", ""סוג עבירה"": ""החזקה נשק"", ""סוג הנשק [תת מקלע מאולתר]"": 1.0, ""סטטוס הנשק"": ""נשק עם מחסנית בהכנס"", ""תכנון"": ""לא"", ""אופן החזקת הנשק"": ""מוסלק - מוסתר, סמוך לבית"", ""כמות תחמושת"": ""מחסנית ובה כדורים, מחסנית טעונה בכדורים, כדורים""}","{""מספר עבירה"": ""144 א, 144 ב"", ""סוג עבירה"": ""החזקה נשק, נשיאת נשק"", ""סוג הנשק [תת מקלע מאולתר]"": 1.0, ""סטטוס הנשק"": ""נשק מופרד מתחמושת"", ""תכנון"": ""לא"", ""אופן החזקת הנשק"": ""מוסלק - מוסתר"", ""אופן קבלת הנשק"": ""מאחר"", ""כמות תחמושת"": ""מחסנית""}",70.0,"1. סוג העבירה וחומרתה — שני התיקים עוסקים באיסור החזקת נשק בלתי חוקי (תת‑מקלע מאולתר); בכך החומרה הבסיסית דומה. עם זאת תיק 2 כולל גם אישום נשיאה (144ב) ולכן מבחינת המסגרת הענישתית עלול להיות חמור יותר.
2. תפקיד הנאשם ומעורבותו — בשני המקרים הנאשם הוא מחזיק/נושא הנשק ולא יזם סחר; המעורבות נראית פרסונלית ואינה מעשה סחר או ארגון. אין נתון המעיד על תפקיד שונה משמעותית בין התיקים, ולכן כאן הדמיון חזק.
3. שיטת הביצוע (MO) — בשני התיקים המצב דומה: נשק מוסלק/מוסתר ותת‑מקלע מאולתר כאמצעי. הבדל מהותי קיים במצב הנשק (בתיק 1 טעון ומחובר למחסנית; בתיק 2 הנשק מופרד מתחמושת/מחסנית) שמשפיע על מידת המסוכנות המיידית.
4. נסיבות הליבה — תשתית משותפת (אין תכנון בשני המקרים, אחסון מוסלק), אך יש הבדלים חומריים: בתיק 1 הנשק נמצא סמוך לבית וטעון; בתיק 2 הנשק מופרד מתחמושת וקיים מרכיב נשיאה או העברה. אלה הבדלים שיכולים להשפיע משמעותית על ענישה ונימוקים נסיבתיים.
5. ישימות כתקדים — בתי משפט יראו את שני המקרים כרלוונטיים ברמת היסוד (אותו סוג נשק, החזקה מוסלקת, חוסר תכנון), אך יינתן משקל שונה לטעון/לא טעון ולעובדה של נשיאה/העברה בתיק 2. לפיכך תיק 2 יכול לשמש תקדים עזר אך לא תקדים זהה לענישה או לשקלול נסיבות.

SIMILARITY_SCORE: 70","ok",""
