"verdict_1","verdict_2","similarity_scale","similarity_binary_0","similarity_binary_1","feature_vector_1","feature_vector_2","score","response","status","last_error"
"SH-16-04-30406-325","ME-16-02-59812-881",1,0,0,"{""מספר עבירה"": ""144 א"", ""סוג_עבירה_החזקה"": ""כן"", ""סוג_עבירה_נשיאה"": ""לא"", ""סוג_עבירה_הובלה"": ""לא"", ""סוג_עבירה_סחר"": ""לא"", ""סוג_עבירה_ניסיון_סחר"": ""לא"", ""סוג_עבירה_ביצוע_עבירות"": ""לא"", ""סוג_עבירה_ייצור"": ""לא"", ""סוג הנשק [תת מקלע מאולתר]"": 2.0, ""סטטוס הנשק"": ""תקין"", ""אופן_החזקה_בבית"": ""לא"", ""אופן_החזקה_ברכב"": ""כן"", ""אופן_החזקה_על_גופו"": ""לא"", ""אופן_החזקה_מוסלק"": ""לא"", ""אופן_החזקה_סמוך_לבית"": ""לא"", ""אופן קבלת הנשק"": ""רכש"", ""כמות תחמושת"": ""מחסנית ריקה ובה 0 כדורים, שתי מחסניות"", ""מטרה-סיבת העבירה"": ""חתונה"", ""תכנון"": ""לא""}","{""מספר עבירה"": ""144 ב"", ""סוג_עבירה_החזקה"": ""לא"", ""סוג_עבירה_נשיאה"": ""לא"", ""סוג_עבירה_הובלה"": ""לא"", ""סוג_עבירה_סחר"": ""כן"", ""סוג_עבירה_ניסיון_סחר"": ""לא"", ""סוג_עבירה_ביצוע_עבירות"": ""לא"", ""סוג_עבירה_ייצור"": ""לא"", ""סוג הנשק [אקדח]"": 1.0, ""סטטוס הנשק"": ""תקין"", ""אופן_החזקה_בבית"": ""לא"", ""אופן_החזקה_ברכב"": ""לא"", ""אופן_החזקה_על_גופו"": ""לא"", ""אופן_החזקה_מוסלק"": ""לא"", ""אופן_החזקה_סמוך_לבית"": ""כן"", ""אופן קבלת הנשק"": ""אחר"", ""כמות תחמושת"": ""2 מחסניות וכן 20 כדורים תואמים"", ""מטרה-סיבת העבירה"": ""בצע כסף"", ""עבירות נוספות"": ""מסירת ידיעה כוזבת על עבירת פשע, לפי סעיף 243 סיפא לחוק; שיבוש הליכי משפט, לפי סעיף 244 לחוק"", ""תכנון"": ""כן""}",20.0,"1. **סוג העבירה וחומרתה**: שני התיקים עוסקים בעבירות נשק, אך הם שונים בסוג העבירה. תיק 1 עוסק בהחזקת נשק, בעוד תיק 2 עוסק בסחר בנשק. החומרה של העבירות שונה, כאשר תיק 2 כולל עבירות נוספות.

2. **תפקיד הנאשם ומעורבותו**: בתיק 1, הנאשם החזיק בנשק, בעוד בתיק 2, הנאשם עסק בסחר בנשק. המעורבות בתיק 2 היא פעילה יותר.

3. **שיטת הביצוע (MO)**: שני התיקים כוללים החזקת נשק, אך האופן בו הנשק הוחזק שונה. בתיק 1, הנשק הוחזק ברכב, בעוד בתיק 2, הנשק הוחזק סמוך לבית.

4. **נסיבות הליבה**: הנסיבות בשני התיקים שונות. בתיק 1, הנשק הוחזק לצורך חתונה, בעוד בתיק 2, הנשק הוחזק לצורך בצע כסף. כמות התחמושת בתיק 2 היא גדולה יותר.

5. **ישימות כתקדים**: בית המשפט עשוי לראות את שני התיקים כלא רלוונטיים זה לזה לצורכי ענישה, בשל ההבדלים בסוג העבירה, החומרה, המעורבות, שיטת הביצוע והנסיבות.

SIMILARITY_SCORE: 20","ok",""
"ME-16-05-25902-514","ME-16-11-56385-886",3,1,1,"{""מספר עבירה"": ""144 א, 144 ב"", ""סוג_עבירה_החזקה"": ""כן"", ""סוג_עבירה_נשיאה"": ""כן"", ""סוג_עבירה_הובלה"": ""לא"", ""סוג_עבירה_סחר"": ""לא"", ""סוג_עבירה_ניסיון_סחר"": ""לא"", ""סוג_עבירה_ביצוע_עבירות"": ""לא"", ""סוג_עבירה_ייצור"": ""לא"", ""סוג הנשק [אקדח]"": 1.0, ""סטטוס הנשק"": ""תקין"", ""אופן_החזקה_בבית"": ""כן"", ""אופן_החזקה_ברכב"": ""לא"", ""אופן_החזקה_על_גופו"": ""כן"", ""אופן_החזקה_מוסלק"": ""כן"", ""אופן_החזקה_סמוך_לבית"": ""לא"", ""אופן קבלת הנשק"": ""רכש"", ""כמות תחמושת"": ""מחסנית ובה 7 כדורים"", ""מטרה-סיבת העבירה"": ""הגנה עצמית"", ""תכנון"": ""לא""}","{""מספר עבירה"": ""144 א"", ""סוג_עבירה_החזקה"": ""כן"", ""סוג_עבירה_נשיאה"": ""לא"", ""סוג_עבירה_הובלה"": ""לא"", ""סוג_עבירה_סחר"": ""לא"", ""סוג_עבירה_ניסיון_סחר"": ""לא"", ""סוג_עבירה_ביצוע_עבירות"": ""לא"", ""סוג_עבירה_ייצור"": ""לא"", ""סוג הנשק [אקדח]"": 1.0, ""סטטוס הנשק"": ""נשק עם כדור בקנה"", ""אופן_החזקה_בבית"": ""לא"", ""אופן_החזקה_ברכב"": ""לא"", ""אופן_החזקה_על_גופו"": ""כן"", ""אופן_החזקה_מוסלק"": ""לא"", ""אופן_החזקה_סמוך_לבית"": ""לא"", ""תכנון"": ""לא""}",60.0,"1. **סוג העבירה וחומרתה**: שני התיקים מעורבים בהחזקת נשק, אך תיק 1 כולל גם נשיאת נשק, בעוד תיק 2 לא. חומרת העבירה דומה, אך לא זהה.

2. **תפקיד הנאשם ומעורבותו**: בשני התיקים, הנאשם הוא החוזק/נושא הנשק, אך בתיק 1 הנאשם החזיק בנשק בבית, בעוד בתיק 2 הנאשם החזיק בנשק על גופו.

3. **שיטת הביצוע (MO)**: שני התיקים מעורבים בהחזקת אקדח, אך בתיק 1 הנשק היה במצב תקין, בעוד בתיק 2 הנשק היה עם כדור בקנה.

4. **נסיבות הליבה**: בתיק 1, הנאשם רכש את הנשק לצורך הגנה עצמית, בעוד בתיק 2 לא צוינו נסיבות דומות.

5. **ישימות כתקדים**: בית המשפט עשוי לראות בשני התיקים כרלוונטיים לצורכי ענישה, אך עם הבדלים בחומרת העבירה ובנסיבות הליבה.

SIMILARITY_SCORE: 60","ok",""
"ME-18-06-36728-73","ME-16-09-398-589",3,1,1,"{""מספר עבירה"": ""144 ב"", ""סוג_עבירה_החזקה"": ""לא"", ""סוג_עבירה_נשיאה"": ""כן"", ""סוג_עבירה_הובלה"": ""לא"", ""סוג_עבירה_סחר"": ""לא"", ""סוג_עבירה_ניסיון_סחר"": ""לא"", ""סוג_עבירה_ביצוע_עבירות"": ""לא"", ""סוג_עבירה_ייצור"": ""לא"", ""סוג הנשק [אקדח]"": 1.0, ""סטטוס הנשק"": ""נשק עם כדור בקנה"", ""אופן_החזקה_בבית"": ""לא"", ""אופן_החזקה_ברכב"": ""לא"", ""אופן_החזקה_על_גופו"": ""כן"", ""אופן_החזקה_מוסלק"": ""כן"", ""אופן_החזקה_סמוך_לבית"": ""לא"", ""כמות תחמושת"": ""כדור"", ""מטרה-סיבת העבירה"": ""סכסוך"", ""עבירות נוספות"": ""פציעה, לפי סעיף 334 לחוק העונשין, התשל\""ז-1977"", ""תכנון"": ""לא"", ""שימוש"": ""כן,ירי""}","{""מספר עבירה"": ""144 ב"", ""סוג_עבירה_החזקה"": ""לא"", ""סוג_עבירה_נשיאה"": ""כן"", ""סוג_עבירה_הובלה"": ""לא"", ""סוג_עבירה_סחר"": ""לא"", ""סוג_עבירה_ניסיון_סחר"": ""לא"", ""סוג_עבירה_ביצוע_עבירות"": ""לא"", ""סוג_עבירה_ייצור"": ""לא"", ""סוג הנשק [אקדח]"": 1.0, ""סטטוס הנשק"": ""נשק עם כדור בקנה"", ""אופן_החזקה_בבית"": ""לא"", ""אופן_החזקה_ברכב"": ""לא"", ""אופן_החזקה_על_גופו"": ""לא"", ""אופן_החזקה_מוסלק"": ""לא"", ""אופן_החזקה_סמוך_לבית"": ""לא"", ""כמות תחמושת"": ""כדור"", ""מטרה-סיבת העבירה"": ""סכסוך"", ""עבירות נוספות"": ""חבלה חמורה בנסיבות מחמירות, עבירה לפי סעיף 333 + 335(א)(2+1) לחוק העונשין, התשל\""ז-1977"", ""תכנון"": ""כן"", ""שימוש"": ""כן,ירי""}",70.0,"1. **סוג העבירה וחומרתה**: שני התיקים מתייחסים לעבירת נשיאת נשק, סעיף 144 ב' לחוק העונשין. החומרה של העבירות דומה, אך תיק 2 כולל עבירות נוספות, כגון חבלה חמורה בנסיבות מחמירות.

2. **תפקיד הנאשם ומעורבותו**: בשני התיקים, הנאשם הוא האדם שנשא את הנשק. אולם, בתיק 2, הנאשם תכנן את העבירה, בעוד שבתיק 1, לא הייתה תכנון.

3. **שיטת הביצוע (MO)**: שני התיקים מתארים שימוש בנשק עם כדור בקנה, אך בתיק 2, הנאשם תכנן את העבירה.

4. **נסיבות הליבה**: שני התיקים מתארים שימוש בנשק במסגרת סכסוך, אך בתיק 2, הנאשם תכנן את העבירה וביצע חבלה חמורה.

5. **ישימות כתקדים**: בית המשפט יכול לראות את שני התיקים כרלוונטיים זה לזה, אך עם הבדלים בחומרה ובתכנון.

SIMILARITY_SCORE: 70","ok",""
"SH-17-10-10556-234","ME-16-11-13999-863",1,0,0,"{""מספר עבירה"": ""144 א"", ""סוג_עבירה_החזקה"": ""כן"", ""סוג_עבירה_נשיאה"": ""לא"", ""סוג_עבירה_הובלה"": ""לא"", ""סוג_עבירה_סחר"": ""לא"", ""סוג_עבירה_ניסיון_סחר"": ""לא"", ""סוג_עבירה_ביצוע_עבירות"": ""לא"", ""סוג_עבירה_ייצור"": ""לא"", ""סוג הנשק [אקדח]"": 2.0, ""סטטוס הנשק"": ""נשק מופרד מתחמושת"", ""אופן_החזקה_בבית"": ""לא"", ""אופן_החזקה_ברכב"": ""לא"", ""אופן_החזקה_על_גופו"": ""לא"", ""אופן_החזקה_מוסלק"": ""כן"", ""אופן_החזקה_סמוך_לבית"": ""כן"", ""אופן קבלת הנשק"": ""מאחר"", ""כמות תחמושת"": ""מחסנית ובה 10 כדורים, מחסנית ובה 0 כדורים"", ""תכנון"": ""לא""}","{""מספר עבירה"": ""144 א, 144 ב"", ""סוג_עבירה_החזקה"": ""כן"", ""סוג_עבירה_נשיאה"": ""כן"", ""סוג_עבירה_הובלה"": ""כן"", ""סוג_עבירה_סחר"": ""לא"", ""סוג_עבירה_ניסיון_סחר"": ""לא"", ""סוג_עבירה_ביצוע_עבירות"": ""לא"", ""סוג_עבירה_ייצור"": ""לא"", ""סוג הנשק [אקדח]"": 1.0, ""סטטוס הנשק"": ""נשק עם מחסנית בהכנס"", ""אופן_החזקה_בבית"": ""לא"", ""אופן_החזקה_ברכב"": ""כן"", ""אופן_החזקה_על_גופו"": ""כן"", ""אופן_החזקה_מוסלק"": ""לא"", ""אופן_החזקה_סמוך_לבית"": ""לא"", ""כמות תחמושת"": ""מחסנית עם כדורים לאקדח, מחסנית נוספת עם כדורים לאקדח"", ""מטרה-סיבת העבירה"": ""תדמית"", ""תכנון"": ""לא""}",40.0,"1. **סוג העבירה וחומרתה**: שני התיקים עוסקים בעבירות הקשורות לנשק, אך תיק 2 כולל גם עבירות נשיאה והובלה, בעוד תיק 1 עוסק רק בהחזקה. חומרת העבירות שונה, כאשר תיק 2 כולל נשק עם מחסנית בהכנס, בעוד תיק 1 כולל נשק מופרד מתחמושת.

2. **תפקיד הנאשם ומעורבותו**: לא ניתן לקבוע בבירור את תפקיד הנאשם ומעורבותו בשני התיקים, אך נראה שבתיק 2 הנאשם היה מעורב באופן פעיל יותר, כאשר הוא נשא את הנשק על גופו וברכב.

3. **שיטת הביצוע (MO)**: שני התיקים כוללים החזקה של נשק, אך שיטת הביצוע שונה, כאשר תיק 2 כולל נשק עם מחסנית בהכנס, בעוד תיק 1 כולל נשק מופרד מתחמושת.

4. **נסיבות הליבה**: שני התיקים כוללים נשק, אך נסיבות הליבה שונות, כאשר תיק 2 כולל מטרה-סיבת העבירה (תדמית), בעוד תיק 1 לא כולל מטרה-סיבת העבירה.

5. **ישימות כתקדים**: שני התיקים עוסקים בעבירות הקשורות לנשק, אך השוני בחומרת העבירות, שיטת הביצוע, ונסיבות הליבה, עשוי להפחית את הישימות של תיק 1 כתקדים לתיק 2.

SIMILARITY_SCORE: 40","ok",""
"SH-17-10-10556-234","m08000207-175",1,0,0,"{""מספר עבירה"": ""144 א"", ""סוג_עבירה_החזקה"": ""כן"", ""סוג_עבירה_נשיאה"": ""לא"", ""סוג_עבירה_הובלה"": ""לא"", ""סוג_עבירה_סחר"": ""לא"", ""סוג_עבירה_ניסיון_סחר"": ""לא"", ""סוג_עבירה_ביצוע_עבירות"": ""לא"", ""סוג_עבירה_ייצור"": ""לא"", ""סוג הנשק [אקדח]"": 2.0, ""סטטוס הנשק"": ""נשק מופרד מתחמושת"", ""אופן_החזקה_בבית"": ""לא"", ""אופן_החזקה_ברכב"": ""לא"", ""אופן_החזקה_על_גופו"": ""לא"", ""אופן_החזקה_מוסלק"": ""כן"", ""אופן_החזקה_סמוך_לבית"": ""כן"", ""אופן קבלת הנשק"": ""מאחר"", ""כמות תחמושת"": ""מחסנית ובה 10 כדורים, מחסנית ובה 0 כדורים"", ""תכנון"": ""לא""}","{""מספר עבירה"": ""144 ב"", ""סוג_עבירה_החזקה"": ""לא"", ""סוג_עבירה_נשיאה"": ""כן"", ""סוג_עבירה_הובלה"": ""לא"", ""סוג_עבירה_סחר"": ""לא"", ""סוג_עבירה_ניסיון_סחר"": ""לא"", ""סוג_עבירה_ביצוע_עבירות"": ""לא"", ""סוג_עבירה_ייצור"": ""לא"", ""סוג הנשק [אקדח]"": 1.0, ""סטטוס הנשק"": ""נשק עם מחסנית בהכנס"", ""אופן_החזקה_בבית"": ""לא"", ""אופן_החזקה_ברכב"": ""כן"", ""אופן_החזקה_על_גופו"": ""לא"", ""אופן_החזקה_מוסלק"": ""לא"", ""אופן_החזקה_סמוך_לבית"": ""לא"", ""אופן קבלת הנשק"": ""מצא"", ""כמות תחמושת"": ""מחסנית ובה 15 כדורים, מחסנית ובה כ-10 כדורים"", ""עבירות נוספות"": ""החזקת סם לצריכה עצמית בלבד, עבירה לפי סעיף 7(א) + (ג) סיפא לפקודת הסמים המסוכנים, התשל\""ג-1973"", ""תכנון"": ""לא""}",60.0,"1. **סוג העבירה וחומרתה**: שני התיקים עוסקים בעבירות הקשורות לנשק, אך תיק 1 עוסק בהחזקת נשק, בעוד תיק 2 עוסק בנשיאת נשק. חומרת העבירות דומה, אך לא זהה.

2. **תפקיד הנאשם ומעורבותו**: בשני התיקים, הנאשם הוא האדם שהחזיק או נשא את הנשק. מעורבותו של הנאשם בשני התיקים היא פעילה.

3. **שיטת הביצוע (MO)**: שיטת הביצוע בשני התיקים שונה, שכן בתיק 1 הנשק הוחזק במקום מוסלק, בעוד בתיק 2 הנשק נשא ברכב.

4. **נסיבות הליבה**: בשני התיקים, הנשק היה במצב של נשק מופרד מתחמושת (בתיק 1) או נשק עם מחסנית בהכנס (בתיק 2). כמות התחמושת שונה בשני התיקים.

5. **ישימות כתקדים**: בית משפט יכול לראות את שני התיקים כרלוונטיים זה לזה לצורכי ענישה, אך הדמיון ביניהם אינו מוחלט.

SIMILARITY_SCORE: 60","ok",""
"SH-18-06-11098-353","ME-16-03-54615-517",1,0,0,"{""מספר עבירה"": ""144 א"", ""סוג_עבירה_החזקה"": ""כן"", ""סוג_עבירה_נשיאה"": ""לא"", ""סוג_עבירה_הובלה"": ""לא"", ""סוג_עבירה_סחר"": ""לא"", ""סוג_עבירה_ניסיון_סחר"": ""לא"", ""סוג_עבירה_ביצוע_עבירות"": ""לא"", ""סוג_עבירה_ייצור"": ""לא"", ""סוג הנשק [רובה סער ]"": 1.0, ""סטטוס הנשק"": ""תקין"", ""אופן_החזקה_בבית"": ""לא"", ""אופן_החזקה_ברכב"": ""לא"", ""אופן_החזקה_על_גופו"": ""לא"", ""אופן_החזקה_מוסלק"": ""כן"", ""אופן_החזקה_סמוך_לבית"": ""כן"", ""כמות תחמושת"": ""מספר מחסניות"", ""תכנון"": ""לא""}","{""מספר עבירה"": ""144 ב"", ""סוג_עבירה_החזקה"": ""לא"", ""סוג_עבירה_נשיאה"": ""לא"", ""סוג_עבירה_הובלה"": ""לא"", ""סוג_עבירה_סחר"": ""כן"", ""סוג_עבירה_ניסיון_סחר"": ""לא"", ""סוג_עבירה_ביצוע_עבירות"": ""לא"", ""סוג_עבירה_ייצור"": ""לא"", ""סוג הנשק [תת מקלע מאולתר]"": 2.0, ""סטטוס הנשק"": ""תקול"", ""אופן_החזקה_בבית"": ""לא"", ""אופן_החזקה_ברכב"": ""לא"", ""אופן_החזקה_על_גופו"": ""לא"", ""אופן_החזקה_מוסלק"": ""לא"", ""אופן_החזקה_סמוך_לבית"": ""כן"", ""אופן קבלת הנשק"": ""מצא"", ""מטרה-סיבת העבירה"": ""בצע כסף"", ""תכנון"": ""כן""}",20.0,"1. **סוג העבירה וחומרתה**: שני התיקים עוסקים בעבירות נשק, אך תיק 1 עוסק בהחזקת נשק, בעוד תיק 2 עוסק בסחר בנשק. חומרת העבירה שונה, כאשר סחר בנשק נחשב לעבירה חמורה יותר.

2. **תפקיד הנאשם ומעורבותו**: בתיק 1, הנאשם החזיק בנשק, בעוד בתיק 2, הנאשם סחר בנשק. תפקיד הנאשם שונה, ומעורבותו בתיק 2 היא פעילה יותר.

3. **שיטת הביצוע (MO)**: שני התיקים עוסקים בנשק, אך שיטת הביצוע שונה. בתיק 1, הנשק הוחזק באופן מוסלק, בעוד בתיק 2, הנשק היה תקול.

4. **נסיבות הליבה**: בתיק 1, הנשק היה תקין, והנאשם החזיק בו באופן מוסלק. בתיק 2, הנשק היה תקול, והנאשם סחר בו. נסיבות הליבה שונות.

5. **ישימות כתקדים**: בית משפט עשוי לראות את שני התיקים כלא רלוונטיים זה לזה לצורכי ענישה, בשל הבדלים בסוג העבירה, תפקיד הנאשם, שיטת הביצוע, ונסיבות הליבה.

SIMILARITY_SCORE: 20","ok",""
"ME-17-05-633-549","ME-19-04-1316-977",3,1,1,"{""מספר עבירה"": ""144 א, 144 ב"", ""סוג_עבירה_החזקה"": ""כן"", ""סוג_עבירה_נשיאה"": ""לא"", ""סוג_עבירה_הובלה"": ""לא"", ""סוג_עבירה_סחר"": ""כן"", ""סוג_עבירה_ניסיון_סחר"": ""לא"", ""סוג_עבירה_ביצוע_עבירות"": ""כן"", ""סוג_עבירה_ייצור"": ""לא"", ""סוג הנשק [אקדח]"": 2.0, ""סוג הנשק [תת מקלע מאולתר]"": 1.0, ""סטטוס הנשק"": ""תקין"", ""אופן_החזקה_בבית"": ""לא"", ""אופן_החזקה_ברכב"": ""לא"", ""אופן_החזקה_על_גופו"": ""לא"", ""אופן_החזקה_מוסלק"": ""כן"", ""אופן_החזקה_סמוך_לבית"": ""לא"", ""אופן קבלת הנשק"": ""רכש"", ""כמות תחמושת"": ""שתי מחסניות תואמות לאקדח ומאות כדורים התואמים למחסניות ולאקדח; שתי מחסניות ריקות התואמות לאקדח"", ""מטרה-סיבת העבירה"": ""בצע כסף"", ""תכנון"": ""כן""}","{""מספר עבירה"": ""144 ב"", ""סוג_עבירה_החזקה"": ""לא"", ""סוג_עבירה_נשיאה"": ""לא"", ""סוג_עבירה_הובלה"": ""לא"", ""סוג_עבירה_סחר"": ""כן"", ""סוג_עבירה_ניסיון_סחר"": ""כן"", ""סוג_עבירה_ביצוע_עבירות"": ""לא"", ""סוג_עבירה_ייצור"": ""לא"", ""סוג הנשק [תת מקלע מאולתר]"": 2.0, ""סטטוס הנשק"": ""תקול"", ""אופן_החזקה_בבית"": ""לא"", ""אופן_החזקה_ברכב"": ""לא"", ""אופן_החזקה_על_גופו"": ""לא"", ""אופן_החזקה_מוסלק"": ""לא"", ""אופן_החזקה_סמוך_לבית"": ""לא"", ""אופן קבלת הנשק"": ""מאחר"", ""כמות תחמושת"": ""ארגז מלא בתחמושת מסוג M16 (1,100 כדורים) בעסקה שלא יצאה אל הפועל; מחסנית תואמת, 900 כדורי 5.56 מ\""מ בעסקה שבוצעה"", ""מטרה-סיבת העבירה"": ""בצע כסף"", ""תכנון"": ""כן""}",60.0,"1. **סוג העבירה וחומרתה**: שני התיקים עוסקים בסחר בנשק, אך תיק 1 כולל גם החזקה וביצוע עבירות, בעוד תיק 2 כולל ניסיון סחר. חומרת העבירות דומה, אך לא זהה.

2. **תפקיד הנאשם ומעורבותו**: שני התיקים מערבים סחר בנשק, אך לא ברור אם הנאשמים בשני התיקים היו באותו תפקיד או באותה רמת מעורבות.

3. **שיטת הביצוע (MO)**: שני התיקים כוללים סחר בנשק, אך לא ברור אם השיטות היו דומות.

4. **נסיבות הליבה**: שני התיקים כוללים סחר בנשק, אך תיק 1 כולל גם החזקה של אקדח ותחמושת, בעוד תיק 2 כולל סחר בתת-מקלע מאולתר.

5. **ישימות כתקדים**: שני התיקים עוסקים בסחר בנשק, אך לא ברור אם בית המשפט יראה אותם כרלוונטיים זה לזה לצורכי ענישה.

SIMILARITY_SCORE: 60","ok",""
"ME-16-04-12480-812","ME-13-10-28139-807",3,1,1,"{""מספר עבירה"": ""144 א, 144 ב"", ""סוג_עבירה_החזקה"": ""כן"", ""סוג_עבירה_נשיאה"": ""כן"", ""סוג_עבירה_הובלה"": ""כן"", ""סוג_עבירה_סחר"": ""לא"", ""סוג_עבירה_ניסיון_סחר"": ""לא"", ""סוג_עבירה_ביצוע_עבירות"": ""כן"", ""סוג_עבירה_ייצור"": ""לא"", ""סוג הנשק [אקדח]"": 1.0, ""סוג הנשק [תת מקלע מאולתר]"": 1.0, ""סטטוס הנשק"": ""נשק עם כדור בקנה"", ""אופן_החזקה_בבית"": ""לא"", ""אופן_החזקה_ברכב"": ""כן"", ""אופן_החזקה_על_גופו"": ""כן"", ""אופן_החזקה_מוסלק"": ""כן"", ""אופן_החזקה_סמוך_לבית"": ""כן"", ""כמות תחמושת"": ""כ- 12 כדורים, מחסנית ותחמושת, כ- 17 כדורים"", ""מטרה-סיבת העבירה"": ""סכסוך"", ""עבירות נוספות"": ""ניסיון חבלה חמורה בנסיבות מחמירות לפי סעיפים 25 + 335 + 333 לחוק העונשין; איומים לפי סעיף 192 לחוק העונשין"", ""תכנון"": ""כן"", ""שימוש"": ""כן,ירי""}","{""מספר עבירה"": ""144 א"", ""סוג_עבירה_החזקה"": ""כן"", ""סוג_עבירה_נשיאה"": ""לא"", ""סוג_עבירה_הובלה"": ""לא"", ""סוג_עבירה_סחר"": ""לא"", ""סוג_עבירה_ניסיון_סחר"": ""לא"", ""סוג_עבירה_ביצוע_עבירות"": ""כן"", ""סוג_עבירה_ייצור"": ""לא"", ""סוג הנשק [אקדח]"": 1.0, ""סטטוס הנשק"": ""נשק עם כדור בקנה"", ""אופן_החזקה_בבית"": ""לא"", ""אופן_החזקה_ברכב"": ""לא"", ""אופן_החזקה_על_גופו"": ""כן"", ""אופן_החזקה_מוסלק"": ""לא"", ""אופן_החזקה_סמוך_לבית"": ""כן"", ""מטרה-סיבת העבירה"": ""סכסוך"", ""עבירות נוספות"": ""ניסיון לחבלה חמורה בנסיבות מחמירות לפי סעיפים 333+335(א)(1) ו-25 לחוק העונשין"", ""תכנון"": ""כן"", ""שימוש"": ""כן,ירי""}",84.0,"1. **סוג העבירה וחומרתה**: שני התיקים עוסקים בעבירות נשק, כולל החזקה, נשיאה וביצוע עבירות. החומרה של העבירות דומה, עם דגש על שימוש בנשק ותכנון. (דמיון: 80%)

2. **תפקיד הנאשם ומעורבותו**: בשני התיקים, הנאשם הוא האדם שהחזיק בנשק וביצע את העבירות. המעורבות היא פעילה, עם שימוש בנשק. (דמיון: 90%)

3. **שיטת הביצוע (MO)**: שני התיקים מתארים שימוש בנשק, כולל אקדח, ותכנון לביצוע עבירות. (דמיון: 85%)

4. **נסיבות הליבה**: שני התיקים מתארים סכסוך כמטרה-סיבת העבירה, וכוללים עבירות נוספות, כגון ניסיון לחבלה חמורה. (דמיון: 80%)

5. **ישימות כתקדים**: בית משפט יראה את שני התיקים כרלוונטיים זה לזה לצורכי ענישה, בשל הדמיון בסוג העבירה, חומרתה, תפקיד הנאשם, שיטת הביצוע, ונסיבות הליבה. (דמיון: 85%)

SIMILARITY_SCORE: 84","ok",""
"ME-17-05-633-549","ME-09-05-16192-355",1,0,0,"{""מספר עבירה"": ""144 א, 144 ב"", ""סוג_עבירה_החזקה"": ""כן"", ""סוג_עבירה_נשיאה"": ""לא"", ""סוג_עבירה_הובלה"": ""לא"", ""סוג_עבירה_סחר"": ""כן"", ""סוג_עבירה_ניסיון_סחר"": ""לא"", ""סוג_עבירה_ביצוע_עבירות"": ""כן"", ""סוג_עבירה_ייצור"": ""לא"", ""סוג הנשק [אקדח]"": 2.0, ""סוג הנשק [תת מקלע מאולתר]"": 1.0, ""סטטוס הנשק"": ""תקין"", ""אופן_החזקה_בבית"": ""לא"", ""אופן_החזקה_ברכב"": ""לא"", ""אופן_החזקה_על_גופו"": ""לא"", ""אופן_החזקה_מוסלק"": ""כן"", ""אופן_החזקה_סמוך_לבית"": ""לא"", ""אופן קבלת הנשק"": ""רכש"", ""כמות תחמושת"": ""שתי מחסניות תואמות לאקדח ומאות כדורים התואמים למחסניות ולאקדח; שתי מחסניות ריקות התואמות לאקדח"", ""מטרה-סיבת העבירה"": ""בצע כסף"", ""תכנון"": ""כן""}","{""מספר עבירה"": ""144 ב"", ""סוג_עבירה_החזקה"": ""לא"", ""סוג_עבירה_נשיאה"": ""כן"", ""סוג_עבירה_הובלה"": ""כן"", ""סוג_עבירה_סחר"": ""לא"", ""סוג_עבירה_ניסיון_סחר"": ""לא"", ""סוג_עבירה_ביצוע_עבירות"": ""לא"", ""סוג_עבירה_ייצור"": ""לא"", ""סוג הנשק [תת מקלע מאולתר]"": 1.0, ""סטטוס הנשק"": ""נשק עם מחסנית בהכנס"", ""אופן_החזקה_בבית"": ""לא"", ""אופן_החזקה_ברכב"": ""כן"", ""אופן_החזקה_על_גופו"": ""לא"", ""אופן_החזקה_מוסלק"": ""לא"", ""אופן_החזקה_סמוך_לבית"": ""לא"", ""כמות תחמושת"": ""מחסנית המכילה 10 כדורי 9 מ\""מ"", ""תכנון"": ""לא""}",40.0,"1. **סוג העבירה וחומרתה**: שני התיקים עוסקים בעבירות נשק, אך תיק 1 כולל גם סחר בנשק, בעוד שתיק 2 עוסק בנשיאה והובלה של נשק. חומרת העבירות שונה, כאשר תיק 1 כולל כמות גדולה יותר של נשק ותחמושת.

2. **תפקיד הנאשם ומעורבותו**: בתיק 1, הנאשם היה מעורב בסחר בנשק, בעוד שבתיק 2, הנאשם היה מעורב בנשיאה והובלה של נשק. מעורבות הנאשם בתיק 1 הייתה פעילה, בעוד שבתיק 2 היא הייתה פסיבית.

3. **שיטת הביצוע (MO)**: שני התיקים כוללים נשק מאולתר, אך שיטת הביצוע שונה. בתיק 1, הנאשם רכש את הנשק, בעוד שבתיק 2, הנאשם החזיק בנשק ברכב.

4. **נסיבות הליבה**: שני התיקים כוללים נשק, אך כמות התחמושת שונה. בתיק 1, הנאשם החזיק בכמות גדולה יותר של תחמושת. תכנון העבירה היה קיים בתיק 1, אך לא בתיק 2.

5. **ישימות כתקדים**: בית משפט יראה את שני התיקים כרלוונטיים זה לזה לצורכי ענישה, אך עם הבדלים בחומרת העבירות ובמעורבות הנאשם.

SIMILARITY_SCORE: 40","ok",""
"ME-16-05-336-804","ME-15-12-39071-113",1,0,0,"{""מספר עבירה"": ""144 ב"", ""סוג_עבירה_החזקה"": ""לא"", ""סוג_עבירה_נשיאה"": ""כן"", ""סוג_עבירה_הובלה"": ""כן"", ""סוג_עבירה_סחר"": ""לא"", ""סוג_עבירה_ניסיון_סחר"": ""לא"", ""סוג_עבירה_ביצוע_עבירות"": ""לא"", ""סוג_עבירה_ייצור"": ""לא"", ""סוג הנשק [תת מקלע מאולתר]"": 1.0, ""סטטוס הנשק"": ""נשק מופרד מתחמושת"", ""אופן_החזקה_בבית"": ""לא"", ""אופן_החזקה_ברכב"": ""כן"", ""אופן_החזקה_על_גופו"": ""כן"", ""אופן_החזקה_מוסלק"": ""לא"", ""אופן_החזקה_סמוך_לבית"": ""לא"", ""כמות תחמושת"": ""2 מחסניות ריקות, 26 כדורים"", ""מטרה-סיבת העבירה"": ""חתונה"", ""תכנון"": ""לא"", ""שימוש"": ""נקירת נשק""}","{""מספר עבירה"": ""144 א"", ""סוג_עבירה_החזקה"": ""כן"", ""סוג_עבירה_נשיאה"": ""לא"", ""סוג_עבירה_הובלה"": ""לא"", ""סוג_עבירה_סחר"": ""לא"", ""סוג_עבירה_ניסיון_סחר"": ""לא"", ""סוג_עבירה_ביצוע_עבירות"": ""לא"", ""סוג_עבירה_ייצור"": ""לא"", ""סוג הנשק [אקדח]"": 1.0, ""סטטוס הנשק"": ""תקין"", ""אופן_החזקה_בבית"": ""לא"", ""אופן_החזקה_ברכב"": ""כן"", ""אופן_החזקה_על_גופו"": ""לא"", ""אופן_החזקה_מוסלק"": ""כן"", ""אופן_החזקה_סמוך_לבית"": ""לא"", ""מטרה-סיבת העבירה"": ""הגנה עצמית"", ""תכנון"": ""לא""}",40.0,"1. **סוג העבירה וחומרתה**: שני התיקים עוסקים בעבירות נשק, אך עם הבדלים בסוג העבירה (נשיאה והובלה בתיק 1, החזקה בתיק 2) ובחומרת העבירה (תקין בתיק 2, נשק מופרד מתחמושת בתיק 1).

2. **תפקיד הנאשם ומעורבותו**: בשני התיקים, הנאשם הוא האדם שהחזיק בנשק, אך עם הבדלים באופן החזקה (ברכב ועל גופו בתיק 1, ברכב ומוסלק בתיק 2).

3. **שיטת הביצוע (MO)**: שני התיקים מערבים החזקת נשק ברכב, אך עם הבדלים בסטטוס הנשק (תקין בתיק 2, נשק מופרד מתחמושת בתיק 1).

4. **נסיבות הליבה**: שני התיקים מערבים החזקת נשק ללא תכנון, אך עם הבדלים במטרה-סיבת העבירה (חתונה בתיק 1, הגנה עצמית בתיק 2).

5. **ישימות כתקדים**: בית משפט יכול לראות את שני התיקים כרלוונטיים זה לזה לצורכי ענישה, אך עם הבדלים בחומרת העבירה ובנסיבות הליבה.

SIMILARITY_SCORE: 40","ok",""
"ME-16-10-12213-904","ME-09-05-16192-355",3,1,1,"{""מספר עבירה"": ""144 ב"", ""סוג_עבירה_החזקה"": ""כן"", ""סוג_עבירה_נשיאה"": ""כן"", ""סוג_עבירה_הובלה"": ""כן"", ""סוג_עבירה_סחר"": ""לא"", ""סוג_עבירה_ניסיון_סחר"": ""לא"", ""סוג_עבירה_ביצוע_עבירות"": ""לא"", ""סוג_עבירה_ייצור"": ""לא"", ""סוג הנשק [תת מקלע מאולתר]"": 1.0, ""סטטוס הנשק"": ""נשק מופרד מתחמושת"", ""אופן_החזקה_בבית"": ""לא"", ""אופן_החזקה_ברכב"": ""כן"", ""אופן_החזקה_על_גופו"": ""לא"", ""אופן_החזקה_מוסלק"": ""כן"", ""אופן_החזקה_סמוך_לבית"": ""כן"", ""כמות תחמושת"": ""מחסנית ריקה ובה 0 כדורים + 1 כדור"", ""תכנון"": ""לא""}","{""מספר עבירה"": ""144 ב"", ""סוג_עבירה_החזקה"": ""לא"", ""סוג_עבירה_נשיאה"": ""כן"", ""סוג_עבירה_הובלה"": ""כן"", ""סוג_עבירה_סחר"": ""לא"", ""סוג_עבירה_ניסיון_סחר"": ""לא"", ""סוג_עבירה_ביצוע_עבירות"": ""לא"", ""סוג_עבירה_ייצור"": ""לא"", ""סוג הנשק [תת מקלע מאולתר]"": 1.0, ""סטטוס הנשק"": ""נשק עם מחסנית בהכנס"", ""אופן_החזקה_בבית"": ""לא"", ""אופן_החזקה_ברכב"": ""כן"", ""אופן_החזקה_על_גופו"": ""לא"", ""אופן_החזקה_מוסלק"": ""לא"", ""אופן_החזקה_סמוך_לבית"": ""לא"", ""כמות תחמושת"": ""מחסנית המכילה 10 כדורי 9 מ\""מ"", ""תכנון"": ""לא""}",75.0,"1. **סוג העבירה וחומרתה**: שני התיקים מעורבים בעבירות נשיאה והובלה של נשק, אך תיק 1 כולל גם החזקה. החומרה של העבירות דומה, אך תיק 2 כולל מחסנית עם 10 כדורים, בעוד תיק 1 כולל מחסנית ריקה עם כדור אחד. (דמיון: 80%)

2. **תפקיד הנאשם ומעורבותו**: לא ניתן לקבוע בבירור את תפקיד הנאשם ומעורבותו בשני התיקים, אך נראה ששניהם מעורבים בנשיאה והובלה של נשק. (דמיון: 70%)

3. **שיטת הביצוע (MO)**: שני התיקים מעורבים בנשיאה והובלה של נשק, אך תיק 1 כולל החזקה ברכב, בעוד תיק 2 כולל הובלה ברכב. (דמיון: 80%)

4. **נסיבות הליבה**: שני התיקים מעורבים בנשק מאולתר, אך תיק 2 כולל מחסנית עם 10 כדורים, בעוד תיק 1 כולל מחסנית ריקה עם כדור אחד. (דמיון: 70%)

5. **ישימות כתקדים**: שני התיקים מעורבים בעבירות נשיאה והובלה של נשק, ולכן יכולים לשמש כתקדים זה לזה. (דמיון: 80%)

SIMILARITY_SCORE: 75","ok",""
"ME-16-10-9348-780","SH-10-02-25802-731",1,0,0,"{""מספר עבירה"": ""144 ב"", ""סוג_עבירה_החזקה"": ""לא"", ""סוג_עבירה_נשיאה"": ""כן"", ""סוג_עבירה_הובלה"": ""כן"", ""סוג_עבירה_סחר"": ""לא"", ""סוג_עבירה_ניסיון_סחר"": ""לא"", ""סוג_עבירה_ביצוע_עבירות"": ""לא"", ""סוג_עבירה_ייצור"": ""לא"", ""סוג הנשק [רובה צייד]"": 1.0, ""סטטוס הנשק"": ""תקין"", ""אופן_החזקה_בבית"": ""לא"", ""אופן_החזקה_ברכב"": ""כן"", ""אופן_החזקה_על_גופו"": ""לא"", ""אופן_החזקה_מוסלק"": ""לא"", ""אופן_החזקה_סמוך_לבית"": ""לא"", ""אופן קבלת הנשק"": ""מאחר"", ""כמות תחמושת"": ""קופסת כדורי צייד קליבר 12 מ\""מ והמכילה 75 כדורים"", ""תכנון"": ""לא""}","{""מספר עבירה"": ""144 א"", ""סוג_עבירה_החזקה"": ""כן"", ""סוג_עבירה_נשיאה"": ""לא"", ""סוג_עבירה_הובלה"": ""לא"", ""סוג_עבירה_סחר"": ""לא"", ""סוג_עבירה_ניסיון_סחר"": ""לא"", ""סוג_עבירה_ביצוע_עבירות"": ""לא"", ""סוג_עבירה_ייצור"": ""לא"", ""סוג הנשק [רובה צייד]"": 1.0, ""סטטוס הנשק"": ""תקול"", ""אופן_החזקה_בבית"": ""כן"", ""אופן_החזקה_ברכב"": ""לא"", ""אופן_החזקה_על_גופו"": ""לא"", ""אופן_החזקה_מוסלק"": ""לא"", ""אופן_החזקה_סמוך_לבית"": ""לא"", ""אופן קבלת הנשק"": ""מצא"", ""תכנון"": ""לא""}",60.0,"1. **סוג העבירה וחומרתה**: שני התיקים עוסקים בעבירות נשק, אך עם הבדלים בסוג העבירה. תיק 1 כולל הובלה ונשיאה, בעוד תיק 2 כולל החזקה. החומרה של העבירות דומה, אך לא זהה.

2. **תפקיד הנאשם ומעורבותו**: לא ניתן לקבוע בבירור את תפקיד הנאשם ומעורבותו בשני התיקים, אך נראה שהם מעורבים באופן פעיל.

3. **שיטת הביצוע (MO)**: שני התיקים כוללים רובה צייד, אך עם הבדלים בסטטוס הנשק (תקין בתיק 1, תקול בתיק 2) ובאופן החזקה (ברכב בתיק 1, בבית בתיק 2).

4. **נסיבות הליבה**: שני התיקים כוללים כמות תחמושת דומה, אך לא ניתן לקבוע בבירור אם היו נסיבות מחמירות או מקלות.

5. **ישימות כתקדים**: בית משפט עשוי לראות את שני התיקים כרלוונטיים זה לזה לצורכי ענישה, אך עם הבדלים בסוג העבירה ובנסיבות הליבה.

SIMILARITY_SCORE: 60","ok",""
"ME-16-05-25902-514","ME-12-05-33444-999",3,1,1,"{""מספר עבירה"": ""144 א, 144 ב"", ""סוג_עבירה_החזקה"": ""כן"", ""סוג_עבירה_נשיאה"": ""כן"", ""סוג_עבירה_הובלה"": ""לא"", ""סוג_עבירה_סחר"": ""לא"", ""סוג_עבירה_ניסיון_סחר"": ""לא"", ""סוג_עבירה_ביצוע_עבירות"": ""לא"", ""סוג_עבירה_ייצור"": ""לא"", ""סוג הנשק [אקדח]"": 1.0, ""סטטוס הנשק"": ""תקין"", ""אופן_החזקה_בבית"": ""כן"", ""אופן_החזקה_ברכב"": ""לא"", ""אופן_החזקה_על_גופו"": ""כן"", ""אופן_החזקה_מוסלק"": ""כן"", ""אופן_החזקה_סמוך_לבית"": ""לא"", ""אופן קבלת הנשק"": ""רכש"", ""כמות תחמושת"": ""מחסנית ובה 7 כדורים"", ""מטרה-סיבת העבירה"": ""הגנה עצמית"", ""תכנון"": ""לא""}","{""מספר עבירה"": ""144 א"", ""סוג_עבירה_החזקה"": ""כן"", ""סוג_עבירה_נשיאה"": ""כן"", ""סוג_עבירה_הובלה"": ""לא"", ""סוג_עבירה_סחר"": ""לא"", ""סוג_עבירה_ניסיון_סחר"": ""לא"", ""סוג_עבירה_ביצוע_עבירות"": ""לא"", ""סוג_עבירה_ייצור"": ""לא"", ""סוג הנשק [אקדח]"": 1.0, ""סטטוס הנשק"": ""נשק עם מחסנית בהכנס"", ""אופן_החזקה_בבית"": ""לא"", ""אופן_החזקה_ברכב"": ""כן"", ""אופן_החזקה_על_גופו"": ""לא"", ""אופן_החזקה_מוסלק"": ""כן"", ""אופן_החזקה_סמוך_לבית"": ""לא"", ""כמות תחמושת"": ""מחסנית שבתוכה כדורים, מחסנית ובה כדורים, מחסנית ובה כדורים"", ""מטרה-סיבת העבירה"": ""הגנה עצמית"", ""תכנון"": ""לא""}",60.0,"1. **סוג העבירה וחומרתה**: שני התיקים מעורבים בעבירות החזקה ונשיאה של נשק, ולכן יש דמיון בסוג העבירה. אולם, החומרה של העבירות יכולה להשתנות בהתאם לנסיבות המקרה.

2. **תפקיד הנאשם ומעורבותו**: לא ניתן לקבוע בבירור את תפקיד הנאשם ומעורבותו בשני התיקים, אך נראה ששניהם מעורבים בהחזקה ונשיאה של נשק.

3. **שיטת הביצוע (MO)**: שני התיקים מעורבים בהחזקה ונשיאה של נשק, אך האופן בו הנשק הוחזק ונשא שונה. בתיק 1, הנשק הוחזק בבית, ברכב ועל גופו, בעוד שבתיק 2, הנשק הוחזק ברכב.

4. **נסיבות הליבה**: שני התיקים מעורבים בהחזקה ונשיאה של נשק, אך הכמות והסטטוס של הנשק שונים. בתיק 1, הנשק היה במצב תקין, בעוד שבתיק 2, הנשק היה עם מחסנית בהכנס.

5. **ישימות כתקדים**: למרות הדמיון בסוג העבירה, הנסיבות השונות בשני התיקים עשויות להשפיע על הישימות שלהם כתקדים.

SIMILARITY_SCORE: 60","ok",""
"ME-15-08-44579-251","ME-14-12-6904-57",2,0,1,"{""מספר עבירה"": ""144 ב"", ""סוג_עבירה_החזקה"": ""לא"", ""סוג_עבירה_נשיאה"": ""כן"", ""סוג_עבירה_הובלה"": ""לא"", ""סוג_עבירה_סחר"": ""לא"", ""סוג_עבירה_ניסיון_סחר"": ""לא"", ""סוג_עבירה_ביצוע_עבירות"": ""לא"", ""סוג_עבירה_ייצור"": ""לא"", ""סוג הנשק [אקדח]"": 1.0, ""סטטוס הנשק"": ""נשק מופרד מתחמושת"", ""אופן_החזקה_בבית"": ""לא"", ""אופן_החזקה_ברכב"": ""לא"", ""אופן_החזקה_על_גופו"": ""לא"", ""אופן_החזקה_מוסלק"": ""כן"", ""אופן_החזקה_סמוך_לבית"": ""לא"", ""אופן קבלת הנשק"": ""מצא"", ""כמות תחמושת"": ""מחסנית ובה 0 כדורים"", ""תכנון"": ""לא""}","{""מספר עבירה"": ""144 ב"", ""סוג_עבירה_החזקה"": ""כן"", ""סוג_עבירה_נשיאה"": ""כן"", ""סוג_עבירה_הובלה"": ""כן"", ""סוג_עבירה_סחר"": ""לא"", ""סוג_עבירה_ניסיון_סחר"": ""לא"", ""סוג_עבירה_ביצוע_עבירות"": ""לא"", ""סוג_עבירה_ייצור"": ""לא"", ""סוג הנשק [תת מקלע מאולתר]"": 1.0, ""סטטוס הנשק"": ""נשק מופרד מתחמושת"", ""אופן_החזקה_בבית"": ""כן"", ""אופן_החזקה_ברכב"": ""לא"", ""אופן_החזקה_על_גופו"": ""לא"", ""אופן_החזקה_מוסלק"": ""כן"", ""אופן_החזקה_סמוך_לבית"": ""לא"", ""אופן קבלת הנשק"": ""רכש"", ""כמות תחמושת"": ""מחסנית וכדורים"", ""מטרה-סיבת העבירה"": ""הגנה עצמית"", ""עבירות נוספות"": ""החזקת סם לצריכה עצמית, לפי סעיף 7(א) לפקודת הסמים המסוכנים, התשל\""ג-1973"", ""תכנון"": ""לא""}",40.0,"1. **סוג העבירה וחומרתה**: שני התיקים עוסקים בעבירות נשק, אך תיק 1 מתמקד בנשיאת נשק, בעוד תיק 2 כולל החזקה, נשיאה והובלה. החומרה של העבירות שונה, כאשר תיק 2 כולל עבירות נוספות.
2. **תפקיד הנאשם ומעורבותו**: בשני התיקים, הנאשם הוא האדם שנשא את הנשק, אך בתיק 2, הנאשם גם החזיק בנשק בביתו.
3. **שיטת הביצוע (MO)**: שני התיקים כוללים נשק מופרד מתחמושת, אך בתיק 1, הנשק הוא אקדח, בעוד בתיק 2, הנשק הוא תת-מקלע מאולתר.
4. **נסיבות הליבה**: בשני התיקים, אין תכנון, אך בתיק 2, הנאשם טען שהנשק היה להגנה עצמית.
5. **ישימות כתקדים**: בית המשפט עשוי לראות את שני התיקים כרלוונטיים זה לזה, אך עם הבדלים משמעותיים.

SIMILARITY_SCORE: 40","ok",""
"ME-17-05-633-549","ME-16-03-54615-517",2,0,1,"{""מספר עבירה"": ""144 א, 144 ב"", ""סוג_עבירה_החזקה"": ""כן"", ""סוג_עבירה_נשיאה"": ""לא"", ""סוג_עבירה_הובלה"": ""לא"", ""סוג_עבירה_סחר"": ""כן"", ""סוג_עבירה_ניסיון_סחר"": ""לא"", ""סוג_עבירה_ביצוע_עבירות"": ""כן"", ""סוג_עבירה_ייצור"": ""לא"", ""סוג הנשק [אקדח]"": 2.0, ""סוג הנשק [תת מקלע מאולתר]"": 1.0, ""סטטוס הנשק"": ""תקין"", ""אופן_החזקה_בבית"": ""לא"", ""אופן_החזקה_ברכב"": ""לא"", ""אופן_החזקה_על_גופו"": ""לא"", ""אופן_החזקה_מוסלק"": ""כן"", ""אופן_החזקה_סמוך_לבית"": ""לא"", ""אופן קבלת הנשק"": ""רכש"", ""כמות תחמושת"": ""שתי מחסניות תואמות לאקדח ומאות כדורים התואמים למחסניות ולאקדח; שתי מחסניות ריקות התואמות לאקדח"", ""מטרה-סיבת העבירה"": ""בצע כסף"", ""תכנון"": ""כן""}","{""מספר עבירה"": ""144 ב"", ""סוג_עבירה_החזקה"": ""לא"", ""סוג_עבירה_נשיאה"": ""לא"", ""סוג_עבירה_הובלה"": ""לא"", ""סוג_עבירה_סחר"": ""כן"", ""סוג_עבירה_ניסיון_סחר"": ""לא"", ""סוג_עבירה_ביצוע_עבירות"": ""לא"", ""סוג_עבירה_ייצור"": ""לא"", ""סוג הנשק [תת מקלע מאולתר]"": 2.0, ""סטטוס הנשק"": ""תקול"", ""אופן_החזקה_בבית"": ""לא"", ""אופן_החזקה_ברכב"": ""לא"", ""אופן_החזקה_על_גופו"": ""לא"", ""אופן_החזקה_מוסלק"": ""לא"", ""אופן_החזקה_סמוך_לבית"": ""כן"", ""אופן קבלת הנשק"": ""מצא"", ""מטרה-סיבת העבירה"": ""בצע כסף"", ""תכנון"": ""כן""}",60.0,"1. **סוג העבירה וחומרתה**: שני התיקים כוללים עבירות סחר בנשק, אך תיק 1 כולל גם עבירות החזקה וביצוע עבירות, בעוד תיק 2 כולל רק עבירת סחר. חומרת העבירות דומה, אך לא זהה.

2. **תפקיד הנאשם ומעורבותו**: שני התיקים כוללים נאשמים שמעורבים בסחר בנשק, אך לא ברור אם הם מעורבים באותו אופן.

3. **שיטת הביצוע (MO)**: שני התיקים כוללים סחר בנשק, אך לא ברור אם השיטות המדויקות של הביצוע זהות.

4. **נסיבות הליבה**: שני התיקים כוללים נשק, אך סוגי הנשק שונים. תיק 1 כולל אקדח ותת-מקלע מאולתר, בעוד תיק 2 כולל רק תת-מקלע מאולתר. כמו כן, תיק 1 כולל תחמושת, בעוד תיק 2 לא.

5. **ישימות כתקדים**: שני התיקים כוללים עבירות סחר בנשק, אך הנסיבות המדויקות שונות. בית המשפט עשוי לראות את שני התיקים כרלוונטיים זה לזה, אך לא באופן מוחלט.

SIMILARITY_SCORE: 60","ok",""
"ME-20-01-62688-591","ME-16-09-398-589",3,1,1,"{""מספר עבירה"": ""144 ב"", ""סוג_עבירה_החזקה"": ""לא"", ""סוג_עבירה_נשיאה"": ""כן"", ""סוג_עבירה_הובלה"": ""כן"", ""סוג_עבירה_סחר"": ""לא"", ""סוג_עבירה_ניסיון_סחר"": ""לא"", ""סוג_עבירה_ביצוע_עבירות"": ""כן"", ""סוג_עבירה_ייצור"": ""לא"", ""סוג הנשק [אקדח]"": 1.0, ""סטטוס הנשק"": ""נשק עם כדור בקנה"", ""אופן_החזקה_בבית"": ""לא"", ""אופן_החזקה_ברכב"": ""כן"", ""אופן_החזקה_על_גופו"": ""כן"", ""אופן_החזקה_מוסלק"": ""לא"", ""אופן_החזקה_סמוך_לבית"": ""לא"", ""כמות תחמושת"": ""כדור"", ""מטרה-סיבת העבירה"": ""סכסוך"", ""עבירות נוספות"": ""חבלה בכוונה מחמירה; החזקת סם מסוכן לצריכה עצמית"", ""תכנון"": ""כן"", ""שימוש"": ""כן,ירי""}","{""מספר עבירה"": ""144 ב"", ""סוג_עבירה_החזקה"": ""לא"", ""סוג_עבירה_נשיאה"": ""כן"", ""סוג_עבירה_הובלה"": ""לא"", ""סוג_עבירה_סחר"": ""לא"", ""סוג_עבירה_ניסיון_סחר"": ""לא"", ""סוג_עבירה_ביצוע_עבירות"": ""לא"", ""סוג_עבירה_ייצור"": ""לא"", ""סוג הנשק [אקדח]"": 1.0, ""סטטוס הנשק"": ""נשק עם כדור בקנה"", ""אופן_החזקה_בבית"": ""לא"", ""אופן_החזקה_ברכב"": ""לא"", ""אופן_החזקה_על_גופו"": ""לא"", ""אופן_החזקה_מוסלק"": ""לא"", ""אופן_החזקה_סמוך_לבית"": ""לא"", ""כמות תחמושת"": ""כדור"", ""מטרה-סיבת העבירה"": ""סכסוך"", ""עבירות נוספות"": ""חבלה חמורה בנסיבות מחמירות, עבירה לפי סעיף 333 + 335(א)(2+1) לחוק העונשין, התשל\""ז-1977"", ""תכנון"": ""כן"", ""שימוש"": ""כן,ירי""}",70.0,"1. **סוג העבירה וחומרתה**: שני התיקים מעורבים בעבירות נשיאת נשק, ובשניהם הנשק הוא אקדח עם כדור בקנה. החומרה של העבירות דומה, אך תיק 1 כולל גם עבירות נוספות כמו חבלה בכוונה מחמירה והחזקת סם מסוכן.
2. **תפקיד הנאשם ומעורבותו**: לא ניתן לקבוע בבירור את תפקיד הנאשם ומעורבותו בשני התיקים, אך נראה שבשניהם הנאשם היה מעורב באופן פעיל.
3. **שיטת הביצוע (MO)**: שני התיקים מעורבים בשימוש בנשק, ובשניהם הנשק הוא אקדח עם כדור בקנה.
4. **נסיבות הליבה**: שני התיקים מעורבים בסכסוך, ובשניהם הנשק הושם לפעולה. אך תיק 1 כולל גם עבירות נוספות.
5. **ישימות כתקדים**: למרות הדמיון בין שני התיקים, תיק 1 כולל עבירות נוספות שעשויות להשפיע על הענישה.

SIMILARITY_SCORE: 70","ok",""
"ME-16-06-42987-901","ME-16-06-44840-433",3,1,1,"{""מספר עבירה"": ""144 ב"", ""סוג_עבירה_החזקה"": ""כן"", ""סוג_עבירה_נשיאה"": ""כן"", ""סוג_עבירה_הובלה"": ""לא"", ""סוג_עבירה_סחר"": ""לא"", ""סוג_עבירה_ניסיון_סחר"": ""לא"", ""סוג_עבירה_ביצוע_עבירות"": ""כן"", ""סוג_עבירה_ייצור"": ""לא"", ""סוג הנשק - אם לא נמצא בטבלה"": ""רימון הלם: 1, רימון גז: 1, כלי נשק מאולתר (ירי, קליבר 9 מ\""מ): 1"", ""סטטוס הנשק"": ""תקול"", ""אופן_החזקה_בבית"": ""לא"", ""אופן_החזקה_ברכב"": ""לא"", ""אופן_החזקה_על_גופו"": ""כן"", ""אופן_החזקה_מוסלק"": ""לא"", ""אופן_החזקה_סמוך_לבית"": ""כן"", ""אופן קבלת הנשק"": ""מאחר"", ""כמות תחמושת"": ""כדור בקליבר 9 מ\""מ"", ""מטרה-סיבת העבירה"": ""סכסוך"", ""עבירות נוספות"": ""איומים לפי סעיף 192 לחוק העונשין; ניסיון לחבלה מחמירה לפי סעיף 329(א)(2) לחוק העונשין; ניסיון תקיפה בנסיבות מחמירות לפי סעיפים 382(א) + 25 לחוק העונשין"", ""תכנון"": ""כן"", ""שימוש"": ""זריקת רימון, ניסיון לירי ללא הצלחה, זריקת רימון""}","{""מספר עבירה"": ""144 א, 144 ב"", ""סוג_עבירה_החזקה"": ""כן"", ""סוג_עבירה_נשיאה"": ""כן"", ""סוג_עבירה_הובלה"": ""כן"", ""סוג_עבירה_סחר"": ""לא"", ""סוג_עבירה_ניסיון_סחר"": ""לא"", ""סוג_עבירה_ביצוע_עבירות"": ""לא"", ""סוג_עבירה_ייצור"": ""לא"", ""סוג הנשק [רימון הלם/גז]"": 3.0, ""סטטוס הנשק"": ""תקין"", ""אופן_החזקה_בבית"": ""לא"", ""אופן_החזקה_ברכב"": ""לא"", ""אופן_החזקה_על_גופו"": ""לא"", ""אופן_החזקה_מוסלק"": ""כן"", ""אופן_החזקה_סמוך_לבית"": ""לא"", ""מטרה-סיבת העבירה"": ""סכסוך"", ""עבירות נוספות"": ""סיוע לנסיון לתקיפה לפי סעיפים 379 + 25 + 31 לחוק"", ""תכנון"": ""כן"", ""שימוש"": ""זריקת רימון""}",75.0,"1. **סוג העבירה וחומרתה**: שני התיקים כוללים עבירות של החזקת נשק ונשיאתו, אך תיק 2 כולל גם הובלת נשק. החומרה של העבירות דומה, אך תיק 1 כולל עבירות נוספות כמו איומים וניסיון לחבלה. (דמיון: 70)

2. **תפקיד הנאשם ומעורבותו**: בשני התיקים, הנאשם הוא האדם שהחזיק בנשק, אך בתיק 2, הנאשם היה מעורב בסיוע לנסיון לתקיפה. (דמיון: 60)

3. **שיטת הביצוע (MO)**: שני התיקים כוללים שימוש ברימונים, אך בתיק 1, הנאשם גם ניסה לירות ללא הצלחה. (דמיון: 80)

4. **נסיבות הליבה**: שני התיקים כוללים סכסוך כמטרה-סיבת העבירה, אך בתיק 1, הנאשם השתמש בנשק באופן פעיל, בעוד שבתיק 2, הנאשם היה מעורב בסיוע לנסיון לתקיפה. (דמיון: 70)

5. **ישימות כתקדים**: בית המשפט יכול לראות את שני התיקים כרלוונטיים זה לזה לצורכי ענישה, אך יש לקחת בחשבון את העבירות הנוספות בתיק 1. (דמיון: 80)

SIMILARITY_SCORE: 75","ok",""
"ME-21-10-18557-340","SH-11-01-41775-497",1,0,0,"{""מספר עבירה"": ""144 א, 144 ב"", ""סוג_עבירה_החזקה"": ""כן"", ""סוג_עבירה_נשיאה"": ""כן"", ""סוג_עבירה_הובלה"": ""כן"", ""סוג_עבירה_סחר"": ""לא"", ""סוג_עבירה_ניסיון_סחר"": ""לא"", ""סוג_עבירה_ביצוע_עבירות"": ""כן"", ""סוג_עבירה_ייצור"": ""לא"", ""סוג הנשק [תת מקלע מאולתר]"": 1.0, ""סטטוס הנשק"": ""נשק עם מחסנית בהכנס"", ""אופן_החזקה_בבית"": ""לא"", ""אופן_החזקה_ברכב"": ""כן"", ""אופן_החזקה_על_גופו"": ""כן"", ""אופן_החזקה_מוסלק"": ""לא"", ""אופן_החזקה_סמוך_לבית"": ""לא"", ""כמות תחמושת"": ""מחסנית ולכל הפחות שני כדורים תואמים לתת המקלע בקליבר 9 מ\""מ"", ""מטרה-סיבת העבירה"": ""סכסוך"", ""עבירות נוספות"": ""ירי מנשק חם"", ""תכנון"": ""לא"", ""שימוש"": ""כן,ירי""}","{""מספר עבירה"": ""144 א"", ""סוג_עבירה_החזקה"": ""כן"", ""סוג_עבירה_נשיאה"": ""לא"", ""סוג_עבירה_הובלה"": ""לא"", ""סוג_עבירה_סחר"": ""לא"", ""סוג_עבירה_ניסיון_סחר"": ""לא"", ""סוג_עבירה_ביצוע_עבירות"": ""לא"", ""סוג_עבירה_ייצור"": ""לא"", ""סוג הנשק [אקדח]"": 1.0, ""סטטוס הנשק"": ""נשק מופרד מתחמושת"", ""אופן_החזקה_בבית"": ""כן"", ""אופן_החזקה_ברכב"": ""כן"", ""אופן_החזקה_על_גופו"": ""לא"", ""אופן_החזקה_מוסלק"": ""לא"", ""אופן_החזקה_סמוך_לבית"": ""לא"", ""אופן קבלת הנשק"": ""מצא"", ""כמות תחמושת"": ""מחסנית, 34 כדורים"", ""מטרה-סיבת העבירה"": ""הגנה עצמית"", ""תכנון"": ""לא""}",40.0,"1. **סוג העבירה וחומרתה**: שני התיקים עוסקים בעבירות נשק, אך תיק 1 כולל גם עבירות נוספות (ירי מנשק חם) ושימוש בנשק, בעוד תיק 2 מתמקד בהחזקת נשק ללא שימוש. חומרת העבירות שונה.

2. **תפקיד הנאשם ומעורבותו**: בשני התיקים, הנאשם הוא החוזק, אך בתיק 1 הנאשם השתמש בנשק, בעוד בתיק 2 הנאשם רק החזיק בנשק.

3. **שיטת הביצוע (MO)**: שני התיקים כוללים החזקת נשק, אך בתיק 1 הנשק היה מוכן לשימוש (עם מחסנית), בעוד בתיק 2 הנשק היה מופרד מתחמושת.

4. **נסיבות הליבה**: בתיק 1, הנשק היה ברכב, והנאשם השתמש בו, בעוד בתיק 2, הנשק היה בבית, והנאשם לא השתמש בו.

5. **ישימות כתקדים**: בית משפט עשוי לראות את שני התיקים כרלוונטיים לצורכי ענישה, אך עם הבדלים משמעותיים.

SIMILARITY_SCORE: 40","ok",""
"ME-16-06-42987-901","ME-14-10-31218-522",1,0,0,"{""מספר עבירה"": ""144 ב"", ""סוג_עבירה_החזקה"": ""כן"", ""סוג_עבירה_נשיאה"": ""כן"", ""סוג_עבירה_הובלה"": ""לא"", ""סוג_עבירה_סחר"": ""לא"", ""סוג_עבירה_ניסיון_סחר"": ""לא"", ""סוג_עבירה_ביצוע_עבירות"": ""כן"", ""סוג_עבירה_ייצור"": ""לא"", ""סוג הנשק - אם לא נמצא בטבלה"": ""רימון הלם: 1, רימון גז: 1, כלי נשק מאולתר (ירי, קליבר 9 מ\""מ): 1"", ""סטטוס הנשק"": ""תקול"", ""אופן_החזקה_בבית"": ""לא"", ""אופן_החזקה_ברכב"": ""לא"", ""אופן_החזקה_על_גופו"": ""כן"", ""אופן_החזקה_מוסלק"": ""לא"", ""אופן_החזקה_סמוך_לבית"": ""כן"", ""אופן קבלת הנשק"": ""מאחר"", ""כמות תחמושת"": ""כדור בקליבר 9 מ\""מ"", ""מטרה-סיבת העבירה"": ""סכסוך"", ""עבירות נוספות"": ""איומים לפי סעיף 192 לחוק העונשין; ניסיון לחבלה מחמירה לפי סעיף 329(א)(2) לחוק העונשין; ניסיון תקיפה בנסיבות מחמירות לפי סעיפים 382(א) + 25 לחוק העונשין"", ""תכנון"": ""כן"", ""שימוש"": ""זריקת רימון, ניסיון לירי ללא הצלחה, זריקת רימון""}","{""מספר עבירה"": ""144 א"", ""סוג_עבירה_החזקה"": ""כן"", ""סוג_עבירה_נשיאה"": ""לא"", ""סוג_עבירה_הובלה"": ""לא"", ""סוג_עבירה_סחר"": ""לא"", ""סוג_עבירה_ניסיון_סחר"": ""לא"", ""סוג_עבירה_ביצוע_עבירות"": ""לא"", ""סוג_עבירה_ייצור"": ""לא"", ""סוג הנשק [רימון הלם/גז]"": 1.0, ""סטטוס הנשק"": ""תקין"", ""אופן_החזקה_בבית"": ""לא"", ""אופן_החזקה_ברכב"": ""לא"", ""אופן_החזקה_על_גופו"": ""לא"", ""אופן_החזקה_מוסלק"": ""לא"", ""אופן_החזקה_סמוך_לבית"": ""כן"", ""מטרה-סיבת העבירה"": ""סכסוך"", ""תכנון"": ""לא"", ""שימוש"": ""זריקת רימון""}",58.0,"1. **סוג העבירה וחומרתה**: שני התיקים עוסקים בעבירות נשק, אך תיק 1 כולל גם עבירות נוספות כגון איומים, ניסיון לחבלה מחמירה וניסיון תקיפה. חומרת העבירות בתיק 1 גבוהה יותר. (דמיון: 60)

2. **תפקיד הנאשם ומעורבותו**: בשני התיקים, הנאשם הוא האדם שהחזיק בנשק, אך בתיק 1 הנאשם היה מעורב באופן פעיל יותר, כולל ניסיון לירי. (דמיון: 50)

3. **שיטת הביצוע (MO)**: שני התיקים כוללים שימוש ברימון, אך בתיק 1 הנאשם גם ניסה לירות. (דמיון: 70)

4. **נסיבות הליבה**: שני התיקים כוללים שימוש בנשק במסגרת סכסוך, אך בתיק 1 הנאשם היה מעורב באופן פעיל יותר. (דמיון: 60)

5. **ישימות כתקדים**: בית המשפט יכול לראות את שני התיקים כרלוונטיים זה לזה לצורכי ענישה, אך חומרת העבירות בתיק 1 גבוהה יותר. (דמיון: 50)

SIMILARITY_SCORE: 58","ok",""
"ME-18-05-32659-754","ME-15-02-9111-399",1,0,0,"{""מספר עבירה"": ""144 ב"", ""סוג_עבירה_החזקה"": ""לא"", ""סוג_עבירה_נשיאה"": ""כן"", ""סוג_עבירה_הובלה"": ""כן"", ""סוג_עבירה_סחר"": ""לא"", ""סוג_עבירה_ניסיון_סחר"": ""לא"", ""סוג_עבירה_ביצוע_עבירות"": ""לא"", ""סוג_עבירה_ייצור"": ""לא"", ""סוג הנשק [תת מקלע מאולתר]"": 1.0, ""סוג הנשק [רימון הלם/גז]"": 2.0, ""סטטוס הנשק"": ""תקין"", ""אופן_החזקה_בבית"": ""לא"", ""אופן_החזקה_ברכב"": ""כן"", ""אופן_החזקה_על_גופו"": ""לא"", ""אופן_החזקה_מוסלק"": ""לא"", ""אופן_החזקה_סמוך_לבית"": ""לא"", ""כמות תחמושת"": ""מחסנית ריקה לתת מקלע מסוג עוזי; 9 כדורים לאקדח, 9 מילימטר \""פאראבלום\""; 10 כדורים בקוטר 5.56 מילימטר"", ""עבירות נוספות"": ""הפרעה לשוטר במילוי תפקידו לפי סעיף 275 לחוק"", ""תכנון"": ""לא""}","{""מספר עבירה"": ""144 א, 144 ב"", ""סוג_עבירה_החזקה"": ""כן"", ""סוג_עבירה_נשיאה"": ""כן"", ""סוג_עבירה_הובלה"": ""לא"", ""סוג_עבירה_סחר"": ""לא"", ""סוג_עבירה_ניסיון_סחר"": ""לא"", ""סוג_עבירה_ביצוע_עבירות"": ""לא"", ""סוג_עבירה_ייצור"": ""לא"", ""סוג הנשק [אקדח]"": 1.0, ""סטטוס הנשק"": ""תקין"", ""אופן_החזקה_בבית"": ""לא"", ""אופן_החזקה_ברכב"": ""לא"", ""אופן_החזקה_על_גופו"": ""כן"", ""אופן_החזקה_מוסלק"": ""לא"", ""אופן_החזקה_סמוך_לבית"": ""לא"", ""כמות תחמושת"": ""מחסנית עם 13 כדורים 9 מ\""מ"", ""מטרה-סיבת העבירה"": ""סכסוך"", ""תכנון"": ""לא""}",60.0,"1. **סוג העבירה וחומרתה**: שני התיקים עוסקים בעבירות נשק, אך תיק 1 כולל גם הובלת נשק, בעוד תיק 2 כולל החזקת נשק. חומרת העבירות דומה, אך לא זהה.

2. **תפקיד הנאשם ומעורבותו**: בשני התיקים, הנאשם הוא האדם שהחזיק בנשק, אך בתיק 1 הנאשם הואשם גם בהובלת נשק.

3. **שיטת הביצוע (MO)**: שני התיקים כוללים החזקת נשק, אך בתיק 1 הנשק הוחזק ברכב, בעוד בתיק 2 הנשק הוחזק על גופו.

4. **נסיבות הליבה**: בשני התיקים, הנשק היה תקין, אך בתיק 1 היו כדורים רבים יותר. בתיק 2, המטרה-סיבת העבירה הייתה סכסוך.

5. **ישימות כתקדים**: בית המשפט יכול לראות את שני התיקים כרלוונטיים זה לזה לצורכי ענישה, אך יש לקחת בחשבון את ההבדלים בין התיקים.

SIMILARITY_SCORE: 60","ok",""
"ME-16-05-336-804","ME-16-11-69158-529",2,0,1,"{""מספר עבירה"": ""144 ב"", ""סוג_עבירה_החזקה"": ""לא"", ""סוג_עבירה_נשיאה"": ""כן"", ""סוג_עבירה_הובלה"": ""כן"", ""סוג_עבירה_סחר"": ""לא"", ""סוג_עבירה_ניסיון_סחר"": ""לא"", ""סוג_עבירה_ביצוע_עבירות"": ""לא"", ""סוג_עבירה_ייצור"": ""לא"", ""סוג הנשק [תת מקלע מאולתר]"": 1.0, ""סטטוס הנשק"": ""נשק מופרד מתחמושת"", ""אופן_החזקה_בבית"": ""לא"", ""אופן_החזקה_ברכב"": ""כן"", ""אופן_החזקה_על_גופו"": ""כן"", ""אופן_החזקה_מוסלק"": ""לא"", ""אופן_החזקה_סמוך_לבית"": ""לא"", ""כמות תחמושת"": ""2 מחסניות ריקות, 26 כדורים"", ""מטרה-סיבת העבירה"": ""חתונה"", ""תכנון"": ""לא"", ""שימוש"": ""נקירת נשק""}","{""מספר עבירה"": ""144 ב"", ""סוג_עבירה_החזקה"": ""כן"", ""סוג_עבירה_נשיאה"": ""כן"", ""סוג_עבירה_הובלה"": ""כן"", ""סוג_עבירה_סחר"": ""לא"", ""סוג_עבירה_ניסיון_סחר"": ""לא"", ""סוג_עבירה_ביצוע_עבירות"": ""לא"", ""סוג_עבירה_ייצור"": ""לא"", ""סוג הנשק [תת מקלע מאולתר]"": 1.0, ""סטטוס הנשק"": ""נשק עם כדור בקנה"", ""אופן_החזקה_בבית"": ""לא"", ""אופן_החזקה_ברכב"": ""כן"", ""אופן_החזקה_על_גופו"": ""לא"", ""אופן_החזקה_מוסלק"": ""כן"", ""אופן_החזקה_סמוך_לבית"": ""כן"", ""אופן קבלת הנשק"": ""רכש"", ""כמות תחמושת"": ""מחסנית ותחמושת מסוג 9 מ\""מ"", ""מטרה-סיבת העבירה"": ""חתונה"", ""עבירות נוספות"": ""ירי באזור מגורים, עבירה לפי סעיף 340 א' בחוק"", ""תכנון"": ""כן"", ""שימוש"": ""כן,ירי""}",60.0,"1. **סוג העבירה וחומרתה**: שני התיקים מעורבים בעבירות נשיאה, הובלה וחזקה של נשק, אך תיק 2 כולל גם עבירות נוספות כגון ירי באזור מגורים. חומרת העבירות בתיק 2 נראית גבוהה יותר.

2. **תפקיד הנאשם ומעורבותו**: בשני התיקים, הנאשם הוא האדם שנשא את הנשק, אך בתיק 2, הנאשם גם רכש את הנשק, מה שמרמז על מעורבות פעילה יותר.

3. **שיטת הביצוע (MO)**: שני התיקים מעורבים בנשיאת נשק ברכב, אך בתיק 2, הנאשם גם ירה בנשק, מה שמרמז על שיטת ביצוע שונה.

4. **נסיבות הליבה**: שני התיקים מעורבים בחתונות, אך בתיק 2, הנאשם תכנן את העבירה וגם השתמש בנשק, מה שמרמז על נסיבות ליבה שונות.

5. **ישימות כתקדים**: בית המשפט עשוי לראות את שני התיקים כרלוונטיים זה לזה לצורכי ענישה, אך העובדה שתיק 2 כולל עבירות נוספות ונסיבות ליבה שונות עשויה להשפיע על הענישה.

SIMILARITY_SCORE: 60","ok",""
"SH-17-10-10556-234","m07001074-98",2,0,1,"{""מספר עבירה"": ""144 א"", ""סוג_עבירה_החזקה"": ""כן"", ""סוג_עבירה_נשיאה"": ""לא"", ""סוג_עבירה_הובלה"": ""לא"", ""סוג_עבירה_סחר"": ""לא"", ""סוג_עבירה_ניסיון_סחר"": ""לא"", ""סוג_עבירה_ביצוע_עבירות"": ""לא"", ""סוג_עבירה_ייצור"": ""לא"", ""סוג הנשק [אקדח]"": 2.0, ""סטטוס הנשק"": ""נשק מופרד מתחמושת"", ""אופן_החזקה_בבית"": ""לא"", ""אופן_החזקה_ברכב"": ""לא"", ""אופן_החזקה_על_גופו"": ""לא"", ""אופן_החזקה_מוסלק"": ""כן"", ""אופן_החזקה_סמוך_לבית"": ""כן"", ""אופן קבלת הנשק"": ""מאחר"", ""כמות תחמושת"": ""מחסנית ובה 10 כדורים, מחסנית ובה 0 כדורים"", ""תכנון"": ""לא""}","{""מספר עבירה"": ""144 א"", ""סוג_עבירה_החזקה"": ""כן"", ""סוג_עבירה_נשיאה"": ""כן"", ""סוג_עבירה_הובלה"": ""כן"", ""סוג_עבירה_סחר"": ""לא"", ""סוג_עבירה_ניסיון_סחר"": ""לא"", ""סוג_עבירה_ביצוע_עבירות"": ""לא"", ""סוג_עבירה_ייצור"": ""לא"", ""סוג הנשק [תת מקלע]"": 1.0, ""סטטוס הנשק"": ""תקול"", ""אופן_החזקה_בבית"": ""כן"", ""אופן_החזקה_ברכב"": ""לא"", ""אופן_החזקה_על_גופו"": ""לא"", ""אופן_החזקה_מוסלק"": ""כן"", ""אופן_החזקה_סמוך_לבית"": ""לא"", ""אופן קבלת הנשק"": ""מצא"", ""כמות תחמושת"": ""2 מחסניות, המחסניות ריקות"", ""תכנון"": ""לא""}",45.0,"1. **סוג העבירה וחומרתה**: שני התיקים מעורבים בעבירות החזקת נשק, אך תיק 2 כולל גם נשיאה והובלה. חומרת העבירות שונה, כאשר תיק 1 מעורב באקדח ותיק 2 בתת-מקלע. (דמיון: 60%)

2. **תפקיד הנאשם ומעורבותו**: לא ניתן לקבוע בבירור את תפקיד הנאשם בשני התיקים, אך נראה ששניהם מעורבים באופן פעיל. (דמיון: 50%)

3. **שיטת הביצוע (MO)**: שני התיקים מעורבים בהחזקת נשק, אך האופן בו הנשק הוחזק שונה. (דמיון: 40%)

4. **נסיבות הליבה**: שני התיקים לא מעורבים בתכנון, אך הכמות והסטטוס של התחמושת שונים. (דמיון: 30%)

5. **ישימות כתקדים**: בית המשפט עשוי לראות את שני התיקים כרלוונטיים לצורכי ענישה, אך החומרה השונה של העבירות עשויה להשפיע על החלטתם. (דמיון: 50%)

SIMILARITY_SCORE: 45","ok",""
"SH-19-07-60805-168","ME-14-10-31218-522",1,0,0,"{""מספר עבירה"": ""144 א"", ""סוג_עבירה_החזקה"": ""כן"", ""סוג_עבירה_נשיאה"": ""לא"", ""סוג_עבירה_הובלה"": ""לא"", ""סוג_עבירה_סחר"": ""לא"", ""סוג_עבירה_ניסיון_סחר"": ""לא"", ""סוג_עבירה_ביצוע_עבירות"": ""לא"", ""סוג_עבירה_ייצור"": ""לא"", ""סוג הנשק [אקדח]"": 1.0, ""סוג הנשק - אם לא נמצא בטבלה"": ""אקדח חצי אוטומטי מסוג גז/הזנקה, שבוצע בו שינוי לירי כדורי אקדח"", ""סטטוס הנשק"": ""נשק עם מחסנית בהכנס"", ""אופן_החזקה_בבית"": ""לא"", ""אופן_החזקה_ברכב"": ""כן"", ""אופן_החזקה_על_גופו"": ""לא"", ""אופן_החזקה_מוסלק"": ""כן"", ""אופן_החזקה_סמוך_לבית"": ""לא"", ""כמות תחמושת"": ""מחסנית, המתאימה לאקדח חצי אוטומטי מסוג \""סמית' אנד ווסון\"", טעונה ב-10 כדורים בקוטר 9 מ\""מ פאראבלום"", ""תכנון"": ""לא""}","{""מספר עבירה"": ""144 א"", ""סוג_עבירה_החזקה"": ""כן"", ""סוג_עבירה_נשיאה"": ""לא"", ""סוג_עבירה_הובלה"": ""לא"", ""סוג_עבירה_סחר"": ""לא"", ""סוג_עבירה_ניסיון_סחר"": ""לא"", ""סוג_עבירה_ביצוע_עבירות"": ""לא"", ""סוג_עבירה_ייצור"": ""לא"", ""סוג הנשק [רימון הלם/גז]"": 1.0, ""סטטוס הנשק"": ""תקין"", ""אופן_החזקה_בבית"": ""לא"", ""אופן_החזקה_ברכב"": ""לא"", ""אופן_החזקה_על_גופו"": ""לא"", ""אופן_החזקה_מוסלק"": ""לא"", ""אופן_החזקה_סמוך_לבית"": ""כן"", ""מטרה-סיבת העבירה"": ""סכסוך"", ""תכנון"": ""לא"", ""שימוש"": ""זריקת רימון""}",40.0,"1. **סוג העבירה וחומרתה**: שני התיקים מעורבים בעבירת החזקת נשק, אך הסוג המדויק של הנשק שונה. בתיק 1, מדובר באקדח חצי אוטומטי, בעוד שבתיק 2, מדובר ברימון הלם/גז. חומרת העבירה דומה, אך לא זהה.

2. **תפקיד הנאשם ומעורבותו**: לא ניתן לקבוע בבירור את תפקיד הנאשם ומעורבותו בשני התיקים, אך נראה שבשני המקרים, הנאשם החזיק בנשק.

3. **שיטת הביצוע (MO)**: שיטת הביצוע שונה בשני התיקים. בתיק 1, הנשק הוחזק ברכב, בעוד שבתיק 2, הנשק הוחזק סמוך לבית.

4. **נסיבות הליבה**: הנסיבות הליבה שונות בשני התיקים. בתיק 1, הנשק הוחזק עם מחסנית, בעוד שבתיק 2, הנשק היה תקין, אך לא הוחזק עם מחסנית.

5. **ישימות כתקדים**: למרות הדמיון בסוג העבירה, השוני בסוג הנשק, שיטת הביצוע ונסיבות הליבה עשוי להפחית את הישימות של תיק 1 כתקדים לתיק 2.

SIMILARITY_SCORE: 40","ok",""
"ME-16-06-44840-433","SH-11-05-24791-315",1,0,0,"{""מספר עבירה"": ""144 א, 144 ב"", ""סוג_עבירה_החזקה"": ""כן"", ""סוג_עבירה_נשיאה"": ""כן"", ""סוג_עבירה_הובלה"": ""כן"", ""סוג_עבירה_סחר"": ""לא"", ""סוג_עבירה_ניסיון_סחר"": ""לא"", ""סוג_עבירה_ביצוע_עבירות"": ""לא"", ""סוג_עבירה_ייצור"": ""לא"", ""סוג הנשק [רימון הלם/גז]"": 3.0, ""סטטוס הנשק"": ""תקין"", ""אופן_החזקה_בבית"": ""לא"", ""אופן_החזקה_ברכב"": ""לא"", ""אופן_החזקה_על_גופו"": ""לא"", ""אופן_החזקה_מוסלק"": ""כן"", ""אופן_החזקה_סמוך_לבית"": ""לא"", ""מטרה-סיבת העבירה"": ""סכסוך"", ""עבירות נוספות"": ""סיוע לנסיון לתקיפה לפי סעיפים 379 + 25 + 31 לחוק"", ""תכנון"": ""כן"", ""שימוש"": ""זריקת רימון""}","{""מספר עבירה"": ""144 א"", ""סוג_עבירה_החזקה"": ""כן"", ""סוג_עבירה_נשיאה"": ""לא"", ""סוג_עבירה_הובלה"": ""לא"", ""סוג_עבירה_סחר"": ""לא"", ""סוג_עבירה_ניסיון_סחר"": ""לא"", ""סוג_עבירה_ביצוע_עבירות"": ""לא"", ""סוג_עבירה_ייצור"": ""לא"", ""סוג הנשק [אקדח]"": 1.0, ""סטטוס הנשק"": ""תקין"", ""אופן_החזקה_בבית"": ""כן"", ""אופן_החזקה_ברכב"": ""לא"", ""אופן_החזקה_על_גופו"": ""לא"", ""אופן_החזקה_מוסלק"": ""לא"", ""אופן_החזקה_סמוך_לבית"": ""לא"", ""אופן קבלת הנשק"": ""מאחר"", ""כמות תחמושת"": ""2 מחסניות"", ""מטרה-סיבת העבירה"": ""חתונה"", ""תכנון"": ""לא""}",30.0,"1. **סוג העבירה וחומרתה**: שני התיקים עוסקים בעבירות נשק, אך תיק 1 כולל גם עבירות נוספות. חומרת העבירות שונה, כאשר תיק 1 כולל שימוש ברימון הלם, בעוד תיק 2 עוסק בהחזקת אקדח.
2. **תפקיד הנאשם ומעורבותו**: לא קיימת מידע מספק על תפקיד הנאשם ומעורבותו בשני התיקים.
3. **שיטת הביצוע (MO)**: שני התיקים עוסקים בהחזקת נשק, אך האופן בו הנשק הוחזק שונה. בתיק 1, הנשק הוחזק באופן מוסלק, בעוד בתיק 2, הנשק הוחזק בבית.
4. **נסיבות הליבה**: הנסיבות הליבה שונות בשני התיקים. תיק 1 כולל שימוש ברימון הלם, בעוד תיק 2 עוסק בהחזקת אקדח ללא שימוש.
5. **ישימות כתקדים**: לא קיימת מידע מספק על האם בית משפט יראה את שני התיקים כרלוונטיים זה לזה לצורכי ענישה.

SIMILARITY_SCORE: 30","ok",""
"ME-16-08-229-604","ME-16-05-19384-544",1,0,0,"{""מספר עבירה"": ""144 א, 144 ב"", ""סוג_עבירה_החזקה"": ""כן"", ""סוג_עבירה_נשיאה"": ""כן"", ""סוג_עבירה_הובלה"": ""לא"", ""סוג_עבירה_סחר"": ""לא"", ""סוג_עבירה_ניסיון_סחר"": ""לא"", ""סוג_עבירה_ביצוע_עבירות"": ""כן"", ""סוג_עבירה_ייצור"": ""כן"", ""סוג הנשק [אקדח]"": 1.0, ""סוג הנשק [בקבוק תבערה]"": 3.0, ""סוג הנשק [רובה סער ]"": 1.0, ""סטטוס הנשק"": ""נשק עם כדור בקנה"", ""אופן_החזקה_בבית"": ""כן"", ""אופן_החזקה_ברכב"": ""כן"", ""אופן_החזקה_על_גופו"": ""לא"", ""אופן_החזקה_מוסלק"": ""כן"", ""אופן_החזקה_סמוך_לבית"": ""לא"", ""אופן קבלת הנשק"": ""מאחר"", ""כמות תחמושת"": ""שמונה יריות, שמונה כדורים"", ""מטרה-סיבת העבירה"": ""סכסוך"", ""עבירות נוספות"": ""חבלה בכוונה מחמירה לפי סעיף 329(א)(2) בצירוף סעיף 29 לחוק העונשין; גניבת רכב לפי סעיף 413ב(א); ייצור נשק לפי סעיף 144(ב2); שלוש עבירות של הפרעה לשוטר בנסיבות מחמירות לפי סעיף 275א; ניסיון הצתה לפי סעיף 448(א) רישא בצירוף סעיף 25; ירי מנשק חם באזור מגורים לפי סעיף 340א"", ""תכנון"": ""כן"", ""שימוש"": ""כן,ירי""}","{""מספר עבירה"": ""144 א, 144 ב"", ""סוג_עבירה_החזקה"": ""כן"", ""סוג_עבירה_נשיאה"": ""כן"", ""סוג_עבירה_הובלה"": ""לא"", ""סוג_עבירה_סחר"": ""כן"", ""סוג_עבירה_ניסיון_סחר"": ""לא"", ""סוג_עבירה_ביצוע_עבירות"": ""לא"", ""סוג_עבירה_ייצור"": ""לא"", ""סוג הנשק [רובה סער ]"": 1.0, ""סטטוס הנשק"": ""נשק עם כדור בקנה"", ""אופן_החזקה_בבית"": ""לא"", ""אופן_החזקה_ברכב"": ""לא"", ""אופן_החזקה_על_גופו"": ""לא"", ""אופן_החזקה_מוסלק"": ""כן"", ""אופן_החזקה_סמוך_לבית"": ""כן"", ""אופן קבלת הנשק"": ""רכש"", ""כמות תחמושת"": ""כעשרה כדורי תחמושת לנשק"", ""מטרה-סיבת העבירה"": ""בצע כסף"", ""עבירות נוספות"": ""ניסיון לחבלה חמורה לפי סעיף 333 בצירוף סעיף 25 לחוק העונשין"", ""תכנון"": ""כן"", ""שימוש"": ""כן,ירי""}",60.0,"1. **סוג העבירה וחומרתה**: שני התיקים כוללים עבירות החזקה ונשיאה של נשק, אך תיק 1 כולל גם עבירות ייצור וביצוע, בעוד תיק 2 כולל עבירת סחר. חומרת העבירות בשני התיקים דומה, אך תיק 1 כולל עבירות נוספות חמורות.

2. **תפקיד הנאשם ומעורבותו**: בשני התיקים, הנאשם הוא האדם שהחזיק ונשא את הנשק, אך בתיק 2, הנאשם גם סחר בנשק.

3. **שיטת הביצוע (MO)**: שני התיקים כוללים שימוש בנשק, אך בתיק 1, הנשק הוחזק בבית, ברכב ובמקומות אחרים, בעוד בתיק 2, הנשק הוחזק במקומות מוסלקים.

4. **נסיבות הליבה**: בשני התיקים, הנשק הוחזק עם כדור בקנה, אך בתיק 1, הנשק הוחזק עם שמונה יריות, בעוד בתיק 2, הנשק הוחזק עם כעשרה כדורי תחמושת.

5. **ישימות כתקדים**: בשני התיקים, העבירות הן חמורות וכוללות שימוש בנשק, אך בתיק 1, העבירות הן חמורות יותר וכוללות עבירות נוספות.

SIMILARITY_SCORE: 60","ok",""
"ME-16-02-18397-87","ME-20-01-62688-591",1,0,0,"{""מספר עבירה"": ""144 ב"", ""סוג_עבירה_החזקה"": ""לא"", ""סוג_עבירה_נשיאה"": ""כן"", ""סוג_עבירה_הובלה"": ""כן"", ""סוג_עבירה_סחר"": ""לא"", ""סוג_עבירה_ניסיון_סחר"": ""לא"", ""סוג_עבירה_ביצוע_עבירות"": ""כן"", ""סוג_עבירה_ייצור"": ""לא"", ""סוג הנשק [אקדח]"": 1.0, ""סטטוס הנשק"": ""תקול"", ""אופן_החזקה_בבית"": ""לא"", ""אופן_החזקה_ברכב"": ""כן"", ""אופן_החזקה_על_גופו"": ""כן"", ""אופן_החזקה_מוסלק"": ""כן"", ""אופן_החזקה_סמוך_לבית"": ""לא"", ""אופן קבלת הנשק"": ""רכש"", ""כמות תחמושת"": ""כדורים לרובה"", ""מטרה-סיבת העבירה"": ""הגנה עצמית"", ""עבירות נוספות"": ""נהיגה ללא רישיון לפי סעיף 10(א) לפקודת התעבורה, נהיגה ללא ביטוח לפי סעיף 2(א)(ב) לפקודת ביטוח רכב מנועי, וללא רישיון רכב לפי סעיף 2 לפקודת התעבורה"", ""תכנון"": ""לא""}","{""מספר עבירה"": ""144 ב"", ""סוג_עבירה_החזקה"": ""לא"", ""סוג_עבירה_נשיאה"": ""כן"", ""סוג_עבירה_הובלה"": ""כן"", ""סוג_עבירה_סחר"": ""לא"", ""סוג_עבירה_ניסיון_סחר"": ""לא"", ""סוג_עבירה_ביצוע_עבירות"": ""כן"", ""סוג_עבירה_ייצור"": ""לא"", ""סוג הנשק [אקדח]"": 1.0, ""סטטוס הנשק"": ""נשק עם כדור בקנה"", ""אופן_החזקה_בבית"": ""לא"", ""אופן_החזקה_ברכב"": ""כן"", ""אופן_החזקה_על_גופו"": ""כן"", ""אופן_החזקה_מוסלק"": ""לא"", ""אופן_החזקה_סמוך_לבית"": ""לא"", ""כמות תחמושת"": ""כדור"", ""מטרה-סיבת העבירה"": ""סכסוך"", ""עבירות נוספות"": ""חבלה בכוונה מחמירה; החזקת סם מסוכן לצריכה עצמית"", ""תכנון"": ""כן"", ""שימוש"": ""כן,ירי""}",30.0,"1. **סוג העבירה וחומרתה**: שני התיקים עוסקים בעבירות נשיאת נשק, אך החומרה של העבירות שונה. בתיק 1, הנשק הוחזק לצורך הגנה עצמית, בעוד שבתיק 2, הנשק הוחזק לצורך סכסוך. חומרת העבירות בתיק 2 גבוהה יותר.

2. **תפקיד הנאשם ומעורבותו**: בשני התיקים, הנאשם הוא האדם שנשא את הנשק. אך בתיק 2, הנאשם היה מעורב בסכסוך, דבר שמעלה את רמת המעורבות.

3. **שיטת הביצוע (MO)**: שני התיקים עוסקים בנשיאת נשק, אך בתיק 2, הנשק היה עם כדור בקנה, דבר שמעלה את רמת הסכנה.

4. **נסיבות הליבה**: בתיק 1, הנשק הוחזק לצורך הגנה עצמית, בעוד שבתיק 2, הנשק הוחזק לצורך סכסוך. בתיק 2, הנאשם היה מעורב בחבלה בכוונה מחמירה, דבר שמעלה את רמת החומרה.

5. **ישימות כתקדים**: בית המשפט יראה את שני התיקים כלא רלוונטיים זה לזה לצורכי ענישה, בשל הבדלים בחומרת העבירות ובנסיבות הליבה.

SIMILARITY_SCORE: 30","ok",""
"sh-10-05-7434-952","ME-15-06-12109-344",1,0,0,"{""מספר עבירה"": ""144 א"", ""סוג_עבירה_החזקה"": ""כן"", ""סוג_עבירה_נשיאה"": ""לא"", ""סוג_עבירה_הובלה"": ""לא"", ""סוג_עבירה_סחר"": ""לא"", ""סוג_עבירה_ניסיון_סחר"": ""לא"", ""סוג_עבירה_ביצוע_עבירות"": ""לא"", ""סוג_עבירה_ייצור"": ""לא"", ""סוג הנשק [אקדח]"": 2.0, ""סטטוס הנשק"": ""נשק עם מחסנית בהכנס"", ""אופן_החזקה_בבית"": ""כן"", ""אופן_החזקה_ברכב"": ""לא"", ""אופן_החזקה_על_גופו"": ""לא"", ""אופן_החזקה_מוסלק"": ""כן"", ""אופן_החזקה_סמוך_לבית"": ""לא"", ""אופן קבלת הנשק"": ""רכש"", ""כמות תחמושת"": ""מחסנית בפנים"", ""תכנון"": ""לא""}","{""מספר עבירה"": ""144 ב"", ""סוג_עבירה_החזקה"": ""לא"", ""סוג_עבירה_נשיאה"": ""כן"", ""סוג_עבירה_הובלה"": ""כן"", ""סוג_עבירה_סחר"": ""לא"", ""סוג_עבירה_ניסיון_סחר"": ""לא"", ""סוג_עבירה_ביצוע_עבירות"": ""לא"", ""סוג_עבירה_ייצור"": ""לא"", ""סוג הנשק [אקדח]"": 1.0, ""סטטוס הנשק"": ""תקין"", ""אופן_החזקה_בבית"": ""לא"", ""אופן_החזקה_ברכב"": ""כן"", ""אופן_החזקה_על_גופו"": ""לא"", ""אופן_החזקה_מוסלק"": ""כן"", ""אופן_החזקה_סמוך_לבית"": ""לא"", ""מטרה-סיבת העבירה"": ""חתונה"", ""תכנון"": ""כן""}",30.0,"1. **סוג העבירה וחומרתה**: שני התיקים עוסקים בעבירות נשק, אך תיק 1 מתמקד בהחזקת נשק, בעוד תיק 2 מתמקד בנשיאת נשק והובלתו. חומרת העבירה בתיק 1 נראית פחותה, שכן הנשק הוחזק בבית ולא היה בשימוש פעיל. בתיק 2, הנשק הובל ברכב והיה בשימוש פעיל, מה שמעלה את חומרת העבירה.

2. **תפקיד הנאשם ומעורבותו**: בתיק 1, הנאשם החזיק בנשק בביתו, מה שמרמז על מעורבות פסיבית. בתיק 2, הנאשם נשא והוביל נשק, מה שמרמז על מעורבות פעילה.

3. **שיטת הביצוע (MO)**: שני התיקים מתמקדים בנשק, אך שיטת הביצוע שונה. בתיק 1, הנשק הוחזק בבית, בעוד בתיק 2, הנשק הובל ברכב.

4. **נסיבות הליבה**: בתיק 1, הנשק הוחזק בבית ולא היה בשימוש פעיל. בתיק 2, הנשק הובל ברכב והיה בשימוש פעיל, וכן היה תכנון לשימוש בו.

5. **ישימות כתקדים**: בית המשפט עשוי לראות בתיק 1 כתקדים רלוונטי לתיק 2, אך רק במידה מוגבלת, שכן הנסיבות הליבה שונות.

SIMILARITY_SCORE: 30","ok",""
"ME-16-06-44840-433","SH-09-05-9349-998",1,0,0,"{""מספר עבירה"": ""144 א, 144 ב"", ""סוג_עבירה_החזקה"": ""כן"", ""סוג_עבירה_נשיאה"": ""כן"", ""סוג_עבירה_הובלה"": ""כן"", ""סוג_עבירה_סחר"": ""לא"", ""סוג_עבירה_ניסיון_סחר"": ""לא"", ""סוג_עבירה_ביצוע_עבירות"": ""לא"", ""סוג_עבירה_ייצור"": ""לא"", ""סוג הנשק [רימון הלם/גז]"": 3.0, ""סטטוס הנשק"": ""תקין"", ""אופן_החזקה_בבית"": ""לא"", ""אופן_החזקה_ברכב"": ""לא"", ""אופן_החזקה_על_גופו"": ""לא"", ""אופן_החזקה_מוסלק"": ""כן"", ""אופן_החזקה_סמוך_לבית"": ""לא"", ""מטרה-סיבת העבירה"": ""סכסוך"", ""עבירות נוספות"": ""סיוע לנסיון לתקיפה לפי סעיפים 379 + 25 + 31 לחוק"", ""תכנון"": ""כן"", ""שימוש"": ""זריקת רימון""}","{""מספר עבירה"": ""144 א"", ""סוג_עבירה_החזקה"": ""כן"", ""סוג_עבירה_נשיאה"": ""לא"", ""סוג_עבירה_הובלה"": ""לא"", ""סוג_עבירה_סחר"": ""לא"", ""סוג_עבירה_ניסיון_סחר"": ""לא"", ""סוג_עבירה_ביצוע_עבירות"": ""לא"", ""סוג_עבירה_ייצור"": ""לא"", ""סוג הנשק [אקדח]"": 1.0, ""סטטוס הנשק"": ""נשק מופרד מתחמושת"", ""אופן_החזקה_בבית"": ""כן"", ""אופן_החזקה_ברכב"": ""לא"", ""אופן_החזקה_על_גופו"": ""לא"", ""אופן_החזקה_מוסלק"": ""כן"", ""אופן_החזקה_סמוך_לבית"": ""לא"", ""כמות תחמושת"": ""מחסנית ריקה ובה 0 כדורים + 26 כדורים"", ""תכנון"": ""לא""}",20.0,"1. **סוג העבירה וחומרתה**: שני התיקים עוסקים בעבירות נשק, אך תיק 1 כולל גם עבירות נוספות. חומרת העבירות שונה, כאשר תיק 1 כולל שימוש ברימון הלם, בעוד תיק 2 עוסק בהחזקת אקדח.
2. **תפקיד הנאשם ומעורבותו**: לא ניתן לקבוע בבירור את תפקיד הנאשם ומעורבותו בשני התיקים, אך נראה שבתיק 1 הנאשם היה מעורב באופן פעיל, בעוד בתיק 2 הנאשם החזיק בנשק בביתו.
3. **שיטת הביצוע (MO)**: שני התיקים עוסקים בהחזקת נשק, אך האמצעים והדפוסים שונים.
4. **נסיבות הליבה**: הנסיבות בשני התיקים שונות, כאשר תיק 1 כולל שימוש ברימון הלם, בעוד תיק 2 עוסק בהחזקת אקדח עם תחמושת.
5. **ישימות כתקדים**: לא נראה שתיק 1 יכול לשמש כתקדים ענייני לתיק 2, בשל ההבדלים המהותיים בין השניים.

SIMILARITY_SCORE: 20","ok",""
"ME-16-08-44157-713","ME-15-11-45465-294",3,1,1,"{""מספר עבירה"": ""144 ב"", ""סוג_עבירה_החזקה"": ""לא"", ""סוג_עבירה_נשיאה"": ""לא"", ""סוג_עבירה_הובלה"": ""לא"", ""סוג_עבירה_סחר"": ""כן"", ""סוג_עבירה_ניסיון_סחר"": ""כן"", ""סוג_עבירה_ביצוע_עבירות"": ""לא"", ""סוג_עבירה_ייצור"": ""לא"", ""סוג הנשק [תת מקלע מאולתר]"": 1.0, ""סוג הנשק - אם לא נמצא בטבלה"": ""מיני עוזי"", ""סטטוס הנשק"": ""תקין"", ""אופן_החזקה_בבית"": ""כן"", ""אופן_החזקה_ברכב"": ""לא"", ""אופן_החזקה_על_גופו"": ""לא"", ""אופן_החזקה_מוסלק"": ""לא"", ""אופן_החזקה_סמוך_לבית"": ""לא"", ""כמות תחמושת"": ""מחסנית"", ""מטרה-סיבת העבירה"": ""בצע כסף"", ""עבירות נוספות"": ""קשירת קשר לביצוע פשע לפי סעיף 449 (א) (1) לחוק העונשין"", ""תכנון"": ""כן""}","{""מספר עבירה"": ""144 ב"", ""סוג_עבירה_החזקה"": ""לא"", ""סוג_עבירה_נשיאה"": ""כן"", ""סוג_עבירה_הובלה"": ""לא"", ""סוג_עבירה_סחר"": ""כן"", ""סוג_עבירה_ניסיון_סחר"": ""לא"", ""סוג_עבירה_ביצוע_עבירות"": ""לא"", ""סוג_עבירה_ייצור"": ""לא"", ""סוג הנשק [תת מקלע מאולתר]"": 2.0, ""סטטוס הנשק"": ""תקין"", ""אופן_החזקה_בבית"": ""לא"", ""אופן_החזקה_ברכב"": ""כן"", ""אופן_החזקה_על_גופו"": ""לא"", ""אופן_החזקה_מוסלק"": ""לא"", ""אופן_החזקה_סמוך_לבית"": ""לא"", ""כמות תחמושת"": ""שתי מחסניות מאולתרות (המותאמות לקרל גוסטב) ומחסנית צולבת (לעוזי)"", ""מטרה-סיבת העבירה"": ""בצע כסף"", ""תכנון"": ""כן""}",60.0,"1. **סוג העבירה וחומרתה**: שני התיקים מעורבים בסחר בנשק, אך תיק 1 כולל גם ניסיון סחר, בעוד תיק 2 כולל נשיאה. חומרת העבירה דומה, אך לא זהה.

2. **תפקיד הנאשם ומעורבותו**: לא ניתן לקבוע בבירור את תפקיד הנאשם ומעורבותו בשני התיקים, אך נראה ששניהם מעורבים בסחר בנשק.

3. **שיטת הביצוע (MO)**: שני התיקים כוללים סחר בנשק, אך תיק 1 כולל גם קשירת קשר לביצוע פשע. שיטת הביצוע דומה, אך לא זהה.

4. **נסיבות הליבה**: שני התיקים כוללים נשק תקין, אך תיק 1 כולל מיני עוזי, בעוד תיק 2 כולל שתי מחסניות מאולתרות. כמות התחמושת שונה בין התיקים.

5. **ישימות כתקדים**: שני התיקים כוללים סחר בנשק, אך הפרטים השונים בין התיקים עשויים להשפיע על ישימותם כתקדים.

SIMILARITY_SCORE: 60","ok",""
"ME-15-06-12109-344","ME-12-04-33577-700",1,0,0,"{""מספר עבירה"": ""144 ב"", ""סוג_עבירה_החזקה"": ""לא"", ""סוג_עבירה_נשיאה"": ""כן"", ""סוג_עבירה_הובלה"": ""כן"", ""סוג_עבירה_סחר"": ""לא"", ""סוג_עבירה_ניסיון_סחר"": ""לא"", ""סוג_עבירה_ביצוע_עבירות"": ""לא"", ""סוג_עבירה_ייצור"": ""לא"", ""סוג הנשק [אקדח]"": 1.0, ""סטטוס הנשק"": ""תקין"", ""אופן_החזקה_בבית"": ""לא"", ""אופן_החזקה_ברכב"": ""כן"", ""אופן_החזקה_על_גופו"": ""לא"", ""אופן_החזקה_מוסלק"": ""כן"", ""אופן_החזקה_סמוך_לבית"": ""לא"", ""מטרה-סיבת העבירה"": ""חתונה"", ""תכנון"": ""כן""}","{""מספר עבירה"": ""144 א, 144 ב"", ""סוג_עבירה_החזקה"": ""כן"", ""סוג_עבירה_נשיאה"": ""כן"", ""סוג_עבירה_הובלה"": ""לא"", ""סוג_עבירה_סחר"": ""לא"", ""סוג_עבירה_ניסיון_סחר"": ""לא"", ""סוג_עבירה_ביצוע_עבירות"": ""כן"", ""סוג_עבירה_ייצור"": ""לא"", ""סוג הנשק [אקדח]"": 1.0, ""סטטוס הנשק"": ""נשק עם כדור בקנה"", ""אופן_החזקה_בבית"": ""לא"", ""אופן_החזקה_ברכב"": ""לא"", ""אופן_החזקה_על_גופו"": ""כן"", ""אופן_החזקה_מוסלק"": ""לא"", ""אופן_החזקה_סמוך_לבית"": ""לא"", ""כמות תחמושת"": ""3 כדורים"", ""מטרה-סיבת העבירה"": ""סכסוך"", ""עבירות נוספות"": ""חבלה בכוונה מחמירה, עבירה לפי סעיף 329(א)(2) לחוק העונשין; יריות באזור מגורים, עבירה לפי סעיף 340(א) לחוק העונשין"", ""תכנון"": ""כן"", ""שימוש"": ""כן,ירי""}",60.0,"1. **סוג העבירה וחומרתה**: שני התיקים עוסקים בעבירות נשק, אך תיק 1 מתמקד בנשיאה והובלה, בעוד תיק 2 מתמקד בהחזקה, נשיאה וביצוע עבירות. חומרת העבירות בתיק 2 גבוהה יותר עקב השימוש בנשק והעבירות הנוספות.
2. **תפקיד הנאשם ומעורבותו**: בשני התיקים, הנאשם הוא האדם שנשא את הנשק, אך בתיק 2, הנאשם השתמש בנשק וביצע עבירות נוספות.
3. **שיטת הביצוע (MO)**: שני התיקים מתאפיינים בשימוש בנשק, אך בתיק 2, הנאשם השתמש בנשק באופן פעיל.
4. **נסיבות הליבה**: בתיק 1, הנשק הוחזק ברכב, בעוד בתיק 2, הנשק הוחזק על גופו של הנאשם. בתיק 2, היו גם עבירות נוספות, כגון חבלה בכוונה מחמירה.
5. **ישימות כתקדים**: בית המשפט עשוי לראות את שני התיקים כרלוונטיים זה לזה לצורכי ענישה, אך עם הבדלים בחומרת העבירות.

SIMILARITY_SCORE: 60","ok",""
"ME-17-08-28615-573","ME-16-05-336-804",2,0,1,"{""מספר עבירה"": ""144 א, 144 ב"", ""סוג_עבירה_החזקה"": ""כן"", ""סוג_עבירה_נשיאה"": ""כן"", ""סוג_עבירה_הובלה"": ""לא"", ""סוג_עבירה_סחר"": ""לא"", ""סוג_עבירה_ניסיון_סחר"": ""לא"", ""סוג_עבירה_ביצוע_עבירות"": ""לא"", ""סוג_עבירה_ייצור"": ""לא"", ""סוג הנשק [תת מקלע מאולתר]"": 1.0, ""סוג הנשק [רימון הלם/גז]"": 1.0, ""סטטוס הנשק"": ""תקין"", ""אופן_החזקה_בבית"": ""לא"", ""אופן_החזקה_ברכב"": ""לא"", ""אופן_החזקה_על_גופו"": ""לא"", ""אופן_החזקה_מוסלק"": ""כן"", ""אופן_החזקה_סמוך_לבית"": ""לא"", ""כמות תחמושת"": ""מחסנית המתאימה לנשק ובתוכה 9 כדורים, קופסה ובה 50 כדורים בקוטר 9 מ\""מ"", ""מטרה-סיבת העבירה"": ""חתונה"", ""עבירות נוספות"": ""הפרעה לשוטר במילוי תפקידו לפי סעיף 275 לחוק"", ""תכנון"": ""לא""}","{""מספר עבירה"": ""144 ב"", ""סוג_עבירה_החזקה"": ""לא"", ""סוג_עבירה_נשיאה"": ""כן"", ""סוג_עבירה_הובלה"": ""כן"", ""סוג_עבירה_סחר"": ""לא"", ""סוג_עבירה_ניסיון_סחר"": ""לא"", ""סוג_עבירה_ביצוע_עבירות"": ""לא"", ""סוג_עבירה_ייצור"": ""לא"", ""סוג הנשק [תת מקלע מאולתר]"": 1.0, ""סטטוס הנשק"": ""נשק מופרד מתחמושת"", ""אופן_החזקה_בבית"": ""לא"", ""אופן_החזקה_ברכב"": ""כן"", ""אופן_החזקה_על_גופו"": ""כן"", ""אופן_החזקה_מוסלק"": ""לא"", ""אופן_החזקה_סמוך_לבית"": ""לא"", ""כמות תחמושת"": ""2 מחסניות ריקות, 26 כדורים"", ""מטרה-סיבת העבירה"": ""חתונה"", ""תכנון"": ""לא"", ""שימוש"": ""נקירת נשק""}",60.0,"1. **סוג העבירה וחומרתה**: שני התיקים עוסקים בעבירות נשק, אך תיק 1 כולל גם החזקת נשק, בעוד תיק 2 כולל נשיאת נשק והובלתו. חומרת העבירות דומה, אך לא זהה.

2. **תפקיד הנאשם ומעורבותו**: בשני התיקים, הנאשם הוא האדם שנשא את הנשק, אך בתיק 2, הנאשם גם הוביל את הנשק. מעורבותו של הנאשם בתיק 2 נראית מעט יותר פעילה.

3. **שיטת הביצוע (MO)**: שני התיקים כוללים נשק מאולתר, אך בתיק 1, הנשק היה מוסלק, בעוד בתיק 2, הנשק היה ברכב. שיטת הביצוע שונה, אך לא באופן מהותי.

4. **נסיבות הליבה**: שני התיקים כוללים נשק ותחמושת, אך בתיק 1, הנשק היה תקין, בעוד בתיק 2, הנשק היה מופרד מתחמושת. נסיבות הליבה שונות, אך לא באופן מהותי.

5. **ישימות כתקדים**: בית משפט יכול לראות את שני התיקים כרלוונטיים זה לזה לצורכי ענישה, אך יש לקחת בחשבון את ההבדלים בין התיקים.

SIMILARITY_SCORE: 60","ok",""
"ME-16-05-25902-514","SH-17-08-47445-166",1,0,0,"{""מספר עבירה"": ""144 א, 144 ב"", ""סוג_עבירה_החזקה"": ""כן"", ""סוג_עבירה_נשיאה"": ""כן"", ""סוג_עבירה_הובלה"": ""לא"", ""סוג_עבירה_סחר"": ""לא"", ""סוג_עבירה_ניסיון_סחר"": ""לא"", ""סוג_עבירה_ביצוע_עבירות"": ""לא"", ""סוג_עבירה_ייצור"": ""לא"", ""סוג הנשק [אקדח]"": 1.0, ""סטטוס הנשק"": ""תקין"", ""אופן_החזקה_בבית"": ""כן"", ""אופן_החזקה_ברכב"": ""לא"", ""אופן_החזקה_על_גופו"": ""כן"", ""אופן_החזקה_מוסלק"": ""כן"", ""אופן_החזקה_סמוך_לבית"": ""לא"", ""אופן קבלת הנשק"": ""רכש"", ""כמות תחמושת"": ""מחסנית ובה 7 כדורים"", ""מטרה-סיבת העבירה"": ""הגנה עצמית"", ""תכנון"": ""לא""}","{""מספר עבירה"": ""144 א"", ""סוג_עבירה_החזקה"": ""כן"", ""סוג_עבירה_נשיאה"": ""לא"", ""סוג_עבירה_הובלה"": ""לא"", ""סוג_עבירה_סחר"": ""לא"", ""סוג_עבירה_ניסיון_סחר"": ""לא"", ""סוג_עבירה_ביצוע_עבירות"": ""לא"", ""סוג_עבירה_ייצור"": ""לא"", ""סוג הנשק [אקדח]"": 1.0, ""סוג הנשק - אם לא נמצא בטבלה"": ""חפץ דמוי תת מקלע מאולתר"", ""סטטוס הנשק"": ""תקין"", ""אופן_החזקה_בבית"": ""כן"", ""אופן_החזקה_ברכב"": ""לא"", ""אופן_החזקה_על_גופו"": ""לא"", ""אופן_החזקה_מוסלק"": ""לא"", ""אופן_החזקה_סמוך_לבית"": ""לא"", ""תכנון"": ""לא""}",60.0,"1. **סוג העבירה וחומרתה**: שני התיקים מעורבים בעבירות החזקת נשק, אך תיק 1 כולל גם נשיאת נשק. חומרת העבירות דומה, אך לא זהה.

2. **תפקיד הנאשם ומעורבותו**: שני הנאשמים החזיקו בנשק, אך תיק 1 כולל גם נשיאת נשק, מה שמרמז על מעורבות פעילה יותר.

3. **שיטת הביצוע (MO)**: שני התיקים מעורבים בהחזקת נשק בבית, אך תיק 1 כולל גם החזקת נשק על גופו.

4. **נסיבות הליבה**: שני התיקים מעורבים בנשק תקין, אך תיק 1 כולל גם תחמושת.

5. **ישימות כתקדים**: בית משפט יראה את שני התיקים כרלוונטיים זה לזה לצורכי ענישה, אך עם הבדלים בחומרת העבירות.

SIMILARITY_SCORE: 60","ok",""
"ME-16-05-336-804","ME-14-12-6904-57",3,1,1,"{""מספר עבירה"": ""144 ב"", ""סוג_עבירה_החזקה"": ""לא"", ""סוג_עבירה_נשיאה"": ""כן"", ""סוג_עבירה_הובלה"": ""כן"", ""סוג_עבירה_סחר"": ""לא"", ""סוג_עבירה_ניסיון_סחר"": ""לא"", ""סוג_עבירה_ביצוע_עבירות"": ""לא"", ""סוג_עבירה_ייצור"": ""לא"", ""סוג הנשק [תת מקלע מאולתר]"": 1.0, ""סטטוס הנשק"": ""נשק מופרד מתחמושת"", ""אופן_החזקה_בבית"": ""לא"", ""אופן_החזקה_ברכב"": ""כן"", ""אופן_החזקה_על_גופו"": ""כן"", ""אופן_החזקה_מוסלק"": ""לא"", ""אופן_החזקה_סמוך_לבית"": ""לא"", ""כמות תחמושת"": ""2 מחסניות ריקות, 26 כדורים"", ""מטרה-סיבת העבירה"": ""חתונה"", ""תכנון"": ""לא"", ""שימוש"": ""נקירת נשק""}","{""מספר עבירה"": ""144 ב"", ""סוג_עבירה_החזקה"": ""כן"", ""סוג_עבירה_נשיאה"": ""כן"", ""סוג_עבירה_הובלה"": ""כן"", ""סוג_עבירה_סחר"": ""לא"", ""סוג_עבירה_ניסיון_סחר"": ""לא"", ""סוג_עבירה_ביצוע_עבירות"": ""לא"", ""סוג_עבירה_ייצור"": ""לא"", ""סוג הנשק [תת מקלע מאולתר]"": 1.0, ""סטטוס הנשק"": ""נשק מופרד מתחמושת"", ""אופן_החזקה_בבית"": ""כן"", ""אופן_החזקה_ברכב"": ""לא"", ""אופן_החזקה_על_גופו"": ""לא"", ""אופן_החזקה_מוסלק"": ""כן"", ""אופן_החזקה_סמוך_לבית"": ""לא"", ""אופן קבלת הנשק"": ""רכש"", ""כמות תחמושת"": ""מחסנית וכדורים"", ""מטרה-סיבת העבירה"": ""הגנה עצמית"", ""עבירות נוספות"": ""החזקת סם לצריכה עצמית, לפי סעיף 7(א) לפקודת הסמים המסוכנים, התשל\""ג-1973"", ""תכנון"": ""לא""}",58.0,"1. **סוג העבירה וחומרתה**: שני התיקים מעורבים בעבירות נשק, כולל החזקה, נשיאה והובלה. החומרה של העבירות דומה, אך המטרות והנסיבות שונות. (דמיון: 80)

2. **תפקיד הנאשם ומעורבותו**: בשני התיקים, הנאשם הוא החוזק, הנושא והמוביל. אך בתיק 1, הנאשם השתמש בנשק לנקירה, בעוד בתיק 2, הנאשם רכש את הנשק להגנה עצמית. (דמיון: 60)

3. **שיטת הביצוע (MO)**: שני התיקים מעורבים בהחזקה ונשיאה של נשק, אך האופן בו הנשק הוחזק ונשא שונה. (דמיון: 50)

4. **נסיבות הליבה**: הנסיבות של שני התיקים שונות. בתיק 1, הנשק הוחזק ברכב ועל גופו, בעוד בתיק 2, הנשק הוחזק בבית. (דמיון: 40)

5. **ישימות כתקדים**: בית משפט יכול לראות את שני התיקים כרלוונטיים זה לזה לצורכי ענישה, אך הנסיבות השונות יכולות להשפיע על הענישה. (דמיון: 60)

SIMILARITY_SCORE: 58","ok",""
"SH-19-07-60805-168","ME-20-01-17935-7",1,0,0,"{""מספר עבירה"": ""144 א"", ""סוג_עבירה_החזקה"": ""כן"", ""סוג_עבירה_נשיאה"": ""לא"", ""סוג_עבירה_הובלה"": ""לא"", ""סוג_עבירה_סחר"": ""לא"", ""סוג_עבירה_ניסיון_סחר"": ""לא"", ""סוג_עבירה_ביצוע_עבירות"": ""לא"", ""סוג_עבירה_ייצור"": ""לא"", ""סוג הנשק [אקדח]"": 1.0, ""סוג הנשק - אם לא נמצא בטבלה"": ""אקדח חצי אוטומטי מסוג גז/הזנקה, שבוצע בו שינוי לירי כדורי אקדח"", ""סטטוס הנשק"": ""נשק עם מחסנית בהכנס"", ""אופן_החזקה_בבית"": ""לא"", ""אופן_החזקה_ברכב"": ""כן"", ""אופן_החזקה_על_גופו"": ""לא"", ""אופן_החזקה_מוסלק"": ""כן"", ""אופן_החזקה_סמוך_לבית"": ""לא"", ""כמות תחמושת"": ""מחסנית, המתאימה לאקדח חצי אוטומטי מסוג \""סמית' אנד ווסון\"", טעונה ב-10 כדורים בקוטר 9 מ\""מ פאראבלום"", ""תכנון"": ""לא""}","{""מספר עבירה"": ""144 א, 144 ב"", ""סוג_עבירה_החזקה"": ""כן"", ""סוג_עבירה_נשיאה"": ""כן"", ""סוג_עבירה_הובלה"": ""לא"", ""סוג_עבירה_סחר"": ""לא"", ""סוג_עבירה_ניסיון_סחר"": ""לא"", ""סוג_עבירה_ביצוע_עבירות"": ""לא"", ""סוג_עבירה_ייצור"": ""לא"", ""סוג הנשק [תת מקלע מאולתר]"": 1.0, ""סטטוס הנשק"": ""תקול"", ""אופן_החזקה_בבית"": ""כן"", ""אופן_החזקה_ברכב"": ""לא"", ""אופן_החזקה_על_גופו"": ""כן"", ""אופן_החזקה_מוסלק"": ""לא"", ""אופן_החזקה_סמוך_לבית"": ""כן"", ""עבירות נוספות"": ""הפרעה לשוטר לפי סעיף 275 לחוק"", ""תכנון"": ""לא""}",60.0,"1. **סוג העבירה וחומרתה**: שני התיקים עוסקים בעבירות החזקת נשק, אך תיק 2 כולל גם עבירת נשיאת נשק. החומרה של העבירות דומה, אך תיק 2 כולל עבירה נוספת של הפרעה לשוטר.

2. **תפקיד הנאשם ומעורבותו**: לא ניתן לקבוע בבירור את תפקיד הנאשם ומעורבותו בשני התיקים, אך נראה שבשני התיקים הנאשם הוא החוזק את הנשק.

3. **שיטת הביצוע (MO)**: שני התיקים עוסקים בהחזקת נשק, אך הנשק בתיק 1 הוא אקדח חצי אוטומטי, בעוד שבתיק 2 הנשק הוא תת-מקלע מאולתר.

4. **נסיבות הליבה**: בשני התיקים לא נמצאו נסיבות מחמירות או מקלות, אך בתיק 1 הנשק היה טעון, בעוד שבתיק 2 הנשק היה תקול.

5. **ישימות כתקדים**: בית המשפט יכול לראות את שני התיקים כרלוונטיים זה לזה לצורכי ענישה, אך יש לקחת בחשבון את ההבדלים בין התיקים.

SIMILARITY_SCORE: 60","ok",""
"ME-15-12-39071-113","ME-09-11-7566-913",3,1,1,"{""מספר עבירה"": ""144 א"", ""סוג_עבירה_החזקה"": ""כן"", ""סוג_עבירה_נשיאה"": ""לא"", ""סוג_עבירה_הובלה"": ""לא"", ""סוג_עבירה_סחר"": ""לא"", ""סוג_עבירה_ניסיון_סחר"": ""לא"", ""סוג_עבירה_ביצוע_עבירות"": ""לא"", ""סוג_עבירה_ייצור"": ""לא"", ""סוג הנשק [אקדח]"": 1.0, ""סטטוס הנשק"": ""תקין"", ""אופן_החזקה_בבית"": ""לא"", ""אופן_החזקה_ברכב"": ""כן"", ""אופן_החזקה_על_גופו"": ""לא"", ""אופן_החזקה_מוסלק"": ""כן"", ""אופן_החזקה_סמוך_לבית"": ""לא"", ""מטרה-סיבת העבירה"": ""הגנה עצמית"", ""תכנון"": ""לא""}","{""מספר עבירה"": ""144 א, 144 ב"", ""סוג_עבירה_החזקה"": ""כן"", ""סוג_עבירה_נשיאה"": ""כן"", ""סוג_עבירה_הובלה"": ""כן"", ""סוג_עבירה_סחר"": ""לא"", ""סוג_עבירה_ניסיון_סחר"": ""לא"", ""סוג_עבירה_ביצוע_עבירות"": ""לא"", ""סוג_עבירה_ייצור"": ""לא"", ""סוג הנשק [אקדח]"": 1.0, ""סטטוס הנשק"": ""תקול"", ""אופן_החזקה_בבית"": ""לא"", ""אופן_החזקה_ברכב"": ""כן"", ""אופן_החזקה_על_גופו"": ""לא"", ""אופן_החזקה_מוסלק"": ""כן"", ""אופן_החזקה_סמוך_לבית"": ""לא"", ""אופן קבלת הנשק"": ""מצא"", ""תכנון"": ""לא""}",60.0,"1. **סוג העבירה וחומרתה**: שני התיקים כוללים עבירות החזקת נשק, אך תיק 2 כולל גם עבירות נשיאה והובלה. חומרת העבירות בתיק 2 גבוהה יותר.

2. **תפקיד הנאשם ומעורבותו**: לא ניתן לקבוע בבירור את תפקיד הנאשם ומעורבותו בשני התיקים, אך נראה שבשני התיקים הנאשם החזיק בנשק.

3. **שיטת הביצוע (MO)**: שני התיקים כוללים החזקת נשק ברכב, אך תיק 2 כולל גם נשיאה והובלה.

4. **נסיבות הליבה**: בשני התיקים הנשק הוחזק ברכב, אך בתיק 2 הנשק היה תקול, בעוד שבתיק 1 הנשק היה תקין.

5. **ישימות כתקדים**: בית המשפט עשוי לראות בתיק 1 כתקדים רלוונטי לתיק 2, אך עם הבדלים בחומרת העבירות.

SIMILARITY_SCORE: 60","ok",""
"ME-19-04-1316-977","SH-11-05-24791-315",1,0,0,"{""מספר עבירה"": ""144 ב"", ""סוג_עבירה_החזקה"": ""לא"", ""סוג_עבירה_נשיאה"": ""לא"", ""סוג_עבירה_הובלה"": ""לא"", ""סוג_עבירה_סחר"": ""כן"", ""סוג_עבירה_ניסיון_סחר"": ""כן"", ""סוג_עבירה_ביצוע_עבירות"": ""לא"", ""סוג_עבירה_ייצור"": ""לא"", ""סוג הנשק [תת מקלע מאולתר]"": 2.0, ""סטטוס הנשק"": ""תקול"", ""אופן_החזקה_בבית"": ""לא"", ""אופן_החזקה_ברכב"": ""לא"", ""אופן_החזקה_על_גופו"": ""לא"", ""אופן_החזקה_מוסלק"": ""לא"", ""אופן_החזקה_סמוך_לבית"": ""לא"", ""אופן קבלת הנשק"": ""מאחר"", ""כמות תחמושת"": ""ארגז מלא בתחמושת מסוג M16 (1,100 כדורים) בעסקה שלא יצאה אל הפועל; מחסנית תואמת, 900 כדורי 5.56 מ\""מ בעסקה שבוצעה"", ""מטרה-סיבת העבירה"": ""בצע כסף"", ""תכנון"": ""כן""}","{""מספר עבירה"": ""144 א"", ""סוג_עבירה_החזקה"": ""כן"", ""סוג_עבירה_נשיאה"": ""לא"", ""סוג_עבירה_הובלה"": ""לא"", ""סוג_עבירה_סחר"": ""לא"", ""סוג_עבירה_ניסיון_סחר"": ""לא"", ""סוג_עבירה_ביצוע_עבירות"": ""לא"", ""סוג_עבירה_ייצור"": ""לא"", ""סוג הנשק [אקדח]"": 1.0, ""סטטוס הנשק"": ""תקין"", ""אופן_החזקה_בבית"": ""כן"", ""אופן_החזקה_ברכב"": ""לא"", ""אופן_החזקה_על_גופו"": ""לא"", ""אופן_החזקה_מוסלק"": ""לא"", ""אופן_החזקה_סמוך_לבית"": ""לא"", ""אופן קבלת הנשק"": ""מאחר"", ""כמות תחמושת"": ""2 מחסניות"", ""מטרה-סיבת העבירה"": ""חתונה"", ""תכנון"": ""לא""}",20.0,"1. **סוג העבירה וחומרתה**: שני התיקים עוסקים בעבירות נשק, אך תיק 1 כולל סחר בנשק וניסיון סחר, בעוד תיק 2 עוסק בהחזקת נשק. החומרה של העבירות שונה, כאשר תיק 1 כולל כמויות גדולות של תחמושת.

2. **תפקיד הנאשם ומעורבותו**: בתיק 1, הנאשם מעורב בסחר בנשק, בעוד בתיק 2, הנאשם מחזיק בנשק ללא כוונה לסחור.

3. **שיטת הביצוע (MO)**: שני התיקים כוללים רכישת נשק, אך תיק 1 כולל עסקאות גדולות, בעוד תיק 2 כולל רכישת אקדח בודד.

4. **נסיבות הליבה**: שני התיקים כוללים רכישת נשק, אך תיק 1 כולל כמויות גדולות של תחמושת, בעוד תיק 2 כולל רק 2 מחסניות.

5. **ישימות כתקדים**: בית המשפט עשוי לראות את שני התיקים כלא רלוונטיים זה לזה, בשל הבדלים בסוג העבירה, החומרה, והנסיבות.

SIMILARITY_SCORE: 20","ok",""
"ME-15-12-39071-113","ME-13-02-28360-614",1,0,0,"{""מספר עבירה"": ""144 א"", ""סוג_עבירה_החזקה"": ""כן"", ""סוג_עבירה_נשיאה"": ""לא"", ""סוג_עבירה_הובלה"": ""לא"", ""סוג_עבירה_סחר"": ""לא"", ""סוג_עבירה_ניסיון_סחר"": ""לא"", ""סוג_עבירה_ביצוע_עבירות"": ""לא"", ""סוג_עבירה_ייצור"": ""לא"", ""סוג הנשק [אקדח]"": 1.0, ""סטטוס הנשק"": ""תקין"", ""אופן_החזקה_בבית"": ""לא"", ""אופן_החזקה_ברכב"": ""כן"", ""אופן_החזקה_על_גופו"": ""לא"", ""אופן_החזקה_מוסלק"": ""כן"", ""אופן_החזקה_סמוך_לבית"": ""לא"", ""מטרה-סיבת העבירה"": ""הגנה עצמית"", ""תכנון"": ""לא""}","{""מספר עבירה"": ""144 ב"", ""סוג_עבירה_החזקה"": ""לא"", ""סוג_עבירה_נשיאה"": ""כן"", ""סוג_עבירה_הובלה"": ""לא"", ""סוג_עבירה_סחר"": ""לא"", ""סוג_עבירה_ניסיון_סחר"": ""לא"", ""סוג_עבירה_ביצוע_עבירות"": ""לא"", ""סוג_עבירה_ייצור"": ""לא"", ""סוג הנשק [אקדח]"": 1.0, ""סטטוס הנשק"": ""תקין"", ""אופן_החזקה_בבית"": ""לא"", ""אופן_החזקה_ברכב"": ""לא"", ""אופן_החזקה_על_גופו"": ""לא"", ""אופן_החזקה_מוסלק"": ""לא"", ""אופן_החזקה_סמוך_לבית"": ""לא"", ""מטרה-סיבת העבירה"": ""חתונה"", ""עבירות נוספות"": ""הפרעה לשוטר במילוי תפקידו לפי סעיף 275 לחוק העונשין; נהיגה ללא רישיון לפי סעיף 10(א) לפקודת התעבורה; נהיגה ללא ביטוח לפי סעיף 2 לפקודת ביטוח רכב מנועי; נהיגה תחת השפעת משקאות משכרים לפי תקנה 26(2) לתקנות התעבורה"", ""תכנון"": ""לא""}",40.0,"1. **סוג העבירה וחומרתה**: שני התיקים עוסקים בעבירות נשק, אך תיק 1 עוסק בהחזקת נשק, בעוד תיק 2 עוסק בנשיאת נשק. החומרה של העבירות שונה, אך שניהם נחשבים לעבירות חמורות.

2. **תפקיד הנאשם ומעורבותו**: בשני התיקים, הנאשם הוא האדם שהחזיק או נשא את הנשק. אך בתיק 1, הנאשם החזיק בנשק לצורך הגנה עצמית, בעוד בתיק 2, הנאשם נשא את הנשק לצורך חתונה.

3. **שיטת הביצוע (MO)**: שני התיקים עוסקים בנשק, אך השיטות הספציפיות של הביצוע שונות. בתיק 1, הנשק הוחזק ברכב, בעוד בתיק 2, הנשק נשא.

4. **נסיבות הליבה**: בשני התיקים, הנשק היה תקין, אך הנסיבות הספציפיות של העבירות שונות. בתיק 1, הנאשם החזיק בנשק לצורך הגנה עצמית, בעוד בתיק 2, הנאשם נשא את הנשק לצורך חתונה.

5. **ישימות כתקדים**: בשני התיקים, העבירות הן חמורות, אך הנסיבות הספציפיות של העבירות שונות. בית המשפט יכול לראות את שני התיקים כרלוונטיים זה לזה לצורכי ענישה, אך הדמיון המהותי ביניהם אינו גבוה.

SIMILARITY_SCORE: 40","ok",""
"ME-16-02-59812-881","ME-22-03-52964-443",3,1,1,"{""מספר עבירה"": ""144 ב"", ""סוג_עבירה_החזקה"": ""לא"", ""סוג_עבירה_נשיאה"": ""לא"", ""סוג_עבירה_הובלה"": ""לא"", ""סוג_עבירה_סחר"": ""כן"", ""סוג_עבירה_ניסיון_סחר"": ""לא"", ""סוג_עבירה_ביצוע_עבירות"": ""לא"", ""סוג_עבירה_ייצור"": ""לא"", ""סוג הנשק [אקדח]"": 1.0, ""סטטוס הנשק"": ""תקין"", ""אופן_החזקה_בבית"": ""לא"", ""אופן_החזקה_ברכב"": ""לא"", ""אופן_החזקה_על_גופו"": ""לא"", ""אופן_החזקה_מוסלק"": ""לא"", ""אופן_החזקה_סמוך_לבית"": ""כן"", ""אופן קבלת הנשק"": ""אחר"", ""כמות תחמושת"": ""2 מחסניות וכן 20 כדורים תואמים"", ""מטרה-סיבת העבירה"": ""בצע כסף"", ""עבירות נוספות"": ""מסירת ידיעה כוזבת על עבירת פשע, לפי סעיף 243 סיפא לחוק; שיבוש הליכי משפט, לפי סעיף 244 לחוק"", ""תכנון"": ""כן""}","{""מספר עבירה"": ""144 א, 144 ב"", ""סוג_עבירה_החזקה"": ""כן"", ""סוג_עבירה_נשיאה"": ""כן"", ""סוג_עבירה_הובלה"": ""כן"", ""סוג_עבירה_סחר"": ""לא"", ""סוג_עבירה_ניסיון_סחר"": ""לא"", ""סוג_עבירה_ביצוע_עבירות"": ""לא"", ""סוג_עבירה_ייצור"": ""לא"", ""סוג הנשק [אקדח]"": 1.0, ""סטטוס הנשק"": ""נשק עם מחסנית בהכנס"", ""אופן_החזקה_בבית"": ""לא"", ""אופן_החזקה_ברכב"": ""לא"", ""אופן_החזקה_על_גופו"": ""כן"", ""אופן_החזקה_מוסלק"": ""לא"", ""אופן_החזקה_סמוך_לבית"": ""לא"", ""כמות תחמושת"": ""מחסנית ובתוכה 16 כדורים, מחסנית נוספת ובתוכה 16 כדורים"", ""מטרה-סיבת העבירה"": ""הגנה עצמית"", ""עבירות נוספות"": ""הפרעה לשוטר במילוי תפקידו לפי סעיף 275 לחוק"", ""תכנון"": ""לא""}",20.0,"1. **סוג העבירה וחומרתה**: שני התיקים עוסקים בעבירות נשק, אך תיק 1 מתמקד בסחר בנשק, בעוד תיק 2 מתמקד בהחזקה, נשיאה והובלה של נשק. החומרה של העבירות שונה, כאשר תיק 1 כולל עבירות נוספות כגון מסירת ידיעה כוזבת ושיבוש הליכי משפט.

2. **תפקיד הנאשם ומעורבותו**: בתיק 1, הנאשם מעורב בסחר בנשק, בעוד בתיק 2, הנאשם מחזיק, נושא ומוביל נשק. המעורבות של הנאשם בתיק 1 נראית יותר פעילה, בעוד בתיק 2 המעורבות נראית יותר פסיבית.

3. **שיטת הביצוע (MO)**: שני התיקים כוללים אקדחים, אך האופן בו הם מוחזקים, נושאים ומובלים שונה. בתיק 1, הנשק מוחזק בסמוך לבית, בעוד בתיק 2, הנשק נושא על גופו.

4. **נסיבות הליבה**: שני התיקים כוללים כמויות שונות של תחמושת. בתיק 1, הנאשם החזיק 2 מחסניות ו-20 כדורים, בעוד בתיק 2, הנאשם החזיק 2 מחסניות עם 16 כדורים כל אחת. המטרה-סיבת העבירה שונה, כאשר בתיק 1 המטרה היא בצע כסף, בעוד בתיק 2 המטרה היא הגנה עצמית.

5. **ישימות כתקדים**: בית משפט עשוי לראות את שני התיקים כלא רלוונטיים זה לזה לצורכי ענישה, בשל ההבדלים בסוג העבירה, תפקיד הנאשם, שיטת הביצוע ונסיבות הליבה.

SIMILARITY_SCORE: 20","ok",""
"ME-20-01-62688-591","ME-17-05-35227-215",1,0,0,"{""מספר עבירה"": ""144 ב"", ""סוג_עבירה_החזקה"": ""לא"", ""סוג_עבירה_נשיאה"": ""כן"", ""סוג_עבירה_הובלה"": ""כן"", ""סוג_עבירה_סחר"": ""לא"", ""סוג_עבירה_ניסיון_סחר"": ""לא"", ""סוג_עבירה_ביצוע_עבירות"": ""כן"", ""סוג_עבירה_ייצור"": ""לא"", ""סוג הנשק [אקדח]"": 1.0, ""סטטוס הנשק"": ""נשק עם כדור בקנה"", ""אופן_החזקה_בבית"": ""לא"", ""אופן_החזקה_ברכב"": ""כן"", ""אופן_החזקה_על_גופו"": ""כן"", ""אופן_החזקה_מוסלק"": ""לא"", ""אופן_החזקה_סמוך_לבית"": ""לא"", ""כמות תחמושת"": ""כדור"", ""מטרה-סיבת העבירה"": ""סכסוך"", ""עבירות נוספות"": ""חבלה בכוונה מחמירה; החזקת סם מסוכן לצריכה עצמית"", ""תכנון"": ""כן"", ""שימוש"": ""כן,ירי""}","{""מספר עבירה"": ""144 ב"", ""סוג_עבירה_החזקה"": ""כן"", ""סוג_עבירה_נשיאה"": ""כן"", ""סוג_עבירה_הובלה"": ""כן"", ""סוג_עבירה_סחר"": ""לא"", ""סוג_עבירה_ניסיון_סחר"": ""לא"", ""סוג_עבירה_ביצוע_עבירות"": ""לא"", ""סוג_עבירה_ייצור"": ""לא"", ""סוג הנשק [תת מקלע מאולתר]"": 1.0, ""סטטוס הנשק"": ""תקין"", ""אופן_החזקה_בבית"": ""לא"", ""אופן_החזקה_ברכב"": ""כן"", ""אופן_החזקה_על_גופו"": ""לא"", ""אופן_החזקה_מוסלק"": ""לא"", ""אופן_החזקה_סמוך_לבית"": ""לא"", ""אופן קבלת הנשק"": ""מצא"", ""תכנון"": ""לא""}",60.0,"1. **סוג העבירה וחומרתה**: שני התיקים מעורבים בעבירות נשק, כולל החזקה, נשיאה והובלה. עם זאת, תיק 1 כולל גם עבירות נוספות כמו חבלה בכוונה מחמירה והחזקת סם מסוכן. חומרת העבירות בתיק 1 נראית גבוהה יותר.

2. **תפקיד הנאשם ומעורבותו**: בשני התיקים, הנאשם מעורב בהחזקה ונשיאה של נשק. עם זאת, בתיק 1, הנאשם גם מעורב בעבירות נוספות, מה שמרמז על מעורבות פעילה יותר.

3. **שיטת הביצוע (MO)**: שני התיקים מעורבים בהחזקה ונשיאה של נשק, אך בתיק 1, הנאשם גם משתמש בנשק לירי, מה שמרמז על שיטת ביצוע יותר אלימה.

4. **נסיבות הליבה**: בתיק 1, הנאשם מחזיק באקדח עם כדור בקנה, מה שמרמז על נסיבות מחמירות. בתיק 2, הנאשם מחזיק בתת-מקלע מאולתר, אך ללא תחמושת.

5. **ישימות כתקדים**: בית המשפט עשוי לראות בתיק 1 כתקדים רלוונטי לתיק 2, אך רק בחלק הנוגע לעבירות הנשק. העבירות הנוספות בתיק 1 עשויות להפריד בין התיקים.

SIMILARITY_SCORE: 60","ok",""
"ME-16-06-64845-657","ME-12-03-13401-281",1,0,0,"{""מספר עבירה"": ""144 ב"", ""סוג_עבירה_החזקה"": ""לא"", ""סוג_עבירה_נשיאה"": ""כן"", ""סוג_עבירה_הובלה"": ""כן"", ""סוג_עבירה_סחר"": ""לא"", ""סוג_עבירה_ניסיון_סחר"": ""לא"", ""סוג_עבירה_ביצוע_עבירות"": ""כן"", ""סוג_עבירה_ייצור"": ""לא"", ""סוג הנשק [אקדח]"": 1.0, ""סטטוס הנשק"": ""נשק מופרד מתחמושת"", ""אופן_החזקה_בבית"": ""לא"", ""אופן_החזקה_ברכב"": ""כן"", ""אופן_החזקה_על_גופו"": ""כן"", ""אופן_החזקה_מוסלק"": ""לא"", ""אופן_החזקה_סמוך_לבית"": ""לא"", ""כמות תחמושת"": ""מחסנית ריקה ובה 0 כדורים, 11 כדורים"", ""תכנון"": ""לא""}","{""מספר עבירה"": ""144 א, 144 ב"", ""סוג_עבירה_החזקה"": ""כן"", ""סוג_עבירה_נשיאה"": ""כן"", ""סוג_עבירה_הובלה"": ""כן"", ""סוג_עבירה_סחר"": ""לא"", ""סוג_עבירה_ניסיון_סחר"": ""לא"", ""סוג_עבירה_ביצוע_עבירות"": ""כן"", ""סוג_עבירה_ייצור"": ""לא"", ""סוג הנשק [אקדח]"": 1.0, ""סטטוס הנשק"": ""נשק עם כדור בקנה"", ""אופן_החזקה_בבית"": ""לא"", ""אופן_החזקה_ברכב"": ""כן"", ""אופן_החזקה_על_גופו"": ""לא"", ""אופן_החזקה_מוסלק"": ""לא"", ""אופן_החזקה_סמוך_לבית"": ""לא"", ""אופן קבלת הנשק"": ""מצא"", ""כמות תחמושת"": ""2 מחסניות שבתוכן כדורי אקדח ו-11 כדורי אקדח 9 מ\""מ נוספים"", ""עבירות נוספות"": ""יריות באזור מגורים - עבירה לפי סעיף 340א לחוק"", ""תכנון"": ""לא"", ""שימוש"": ""כן,ירי""}",65.0,"1. **סוג העבירה וחומרתה**: שני התיקים עוסקים בעבירות נשק, כולל החזקה, נשיאה והובלה. עם זאת, תיק 2 כולל גם עבירת יריות באזור מגורים, שמחמירה את העבירה. דמיון: 80%.

2. **תפקיד הנאשם ומעורבותו**: בשני התיקים, הנאשם הוא האדם שהחזיק בנשק. עם זאת, בתיק 2, הנאשם השתמש בנשק ליריות, מה שמרמז על מעורבות פעילה יותר. דמיון: 70%.

3. **שיטת הביצוע (MO)**: בשני התיקים, הנשק הוחזק ברכב. עם זאת, בתיק 2, הנאשם השתמש בנשק ליריות, מה שמרמז על שיטת ביצוע שונה. דמיון: 60%.

4. **נסיבות הליבה**: בשני התיקים, הנשק הוחזק ללא תכנון. עם זאת, בתיק 2, הנאשם השתמש בנשק ליריות, מה שמרמז על נסיבות מחמירות יותר. דמיון: 50%.

5. **ישימות כתקדים**: בשני התיקים, העבירות הן דומות, אך תיק 2 כולל עבירות נוספות. בית המשפט יכול לראות את שני התיקים כרלוונטיים זה לזה לצורכי ענישה, אך עם הבדלים. דמיון: 60%.

SIMILARITY_SCORE: 65","ok",""
"SH-14-02-28659-762","ME-16-05-19384-544",1,0,0,"{""מספר עבירה"": ""144 א"", ""סוג_עבירה_החזקה"": ""כן"", ""סוג_עבירה_נשיאה"": ""לא"", ""סוג_עבירה_הובלה"": ""לא"", ""סוג_עבירה_סחר"": ""לא"", ""סוג_עבירה_ניסיון_סחר"": ""לא"", ""סוג_עבירה_ביצוע_עבירות"": ""לא"", ""סוג_עבירה_ייצור"": ""לא"", ""סוג הנשק [תת מקלע מאולתר]"": 1.0, ""סטטוס הנשק"": ""תקין"", ""אופן_החזקה_בבית"": ""כן"", ""אופן_החזקה_ברכב"": ""לא"", ""אופן_החזקה_על_גופו"": ""לא"", ""אופן_החזקה_מוסלק"": ""כן"", ""אופן_החזקה_סמוך_לבית"": ""לא"", ""אופן קבלת הנשק"": ""מאחר"", ""כמות תחמושת"": ""מחסנית וכדורים תואמים"", ""מטרה-סיבת העבירה"": ""הגנה עצמית"", ""תכנון"": ""לא""}","{""מספר עבירה"": ""144 א, 144 ב"", ""סוג_עבירה_החזקה"": ""כן"", ""סוג_עבירה_נשיאה"": ""כן"", ""סוג_עבירה_הובלה"": ""לא"", ""סוג_עבירה_סחר"": ""כן"", ""סוג_עבירה_ניסיון_סחר"": ""לא"", ""סוג_עבירה_ביצוע_עבירות"": ""לא"", ""סוג_עבירה_ייצור"": ""לא"", ""סוג הנשק [רובה סער ]"": 1.0, ""סטטוס הנשק"": ""נשק עם כדור בקנה"", ""אופן_החזקה_בבית"": ""לא"", ""אופן_החזקה_ברכב"": ""לא"", ""אופן_החזקה_על_גופו"": ""לא"", ""אופן_החזקה_מוסלק"": ""כן"", ""אופן_החזקה_סמוך_לבית"": ""כן"", ""אופן קבלת הנשק"": ""רכש"", ""כמות תחמושת"": ""כעשרה כדורי תחמושת לנשק"", ""מטרה-סיבת העבירה"": ""בצע כסף"", ""עבירות נוספות"": ""ניסיון לחבלה חמורה לפי סעיף 333 בצירוף סעיף 25 לחוק העונשין"", ""תכנון"": ""כן"", ""שימוש"": ""כן,ירי""}",45.0,"1. **סוג העבירה וחומרתה**: שני התיקים עוסקים בעבירות נשק, אך תיק 2 כולל גם עבירות נוספות, כגון סחר בנשק וניסיון לחבלה חמורה. חומרת העבירות בתיק 2 גבוהה יותר. (דמיון: 60)

2. **תפקיד הנאשם ומעורבותו**: בתיק 1, הנאשם החזיק בנשק לצורך הגנה עצמית, בעוד שבתיק 2, הנאשם היה מעורב בסחר בנשק ובפעילות פלילית נוספת. (דמיון: 40)

3. **שיטת הביצוע (MO)**: שני התיקים כוללים החזקת נשק, אך תיק 2 כולל גם שימוש בנשק וניסיון לחבלה. (דמיון: 50)

4. **נסיבות הליבה**: בתיק 1, הנשק היה בבית, בעוד שבתיק 2, הנשק היה ברכב ובשימוש. (דמיון: 30)

5. **ישימות כתקדים**: בית המשפט עשוי לראות את שני התיקים כרלוונטיים לצורכי ענישה, אך עם הבדלים משמעותיים בחומרת העבירות. (דמיון: 50)

SIMILARITY_SCORE: 45","ok",""
"ME-20-01-62688-591","ME-22-03-52964-443",1,0,0,"{""מספר עבירה"": ""144 ב"", ""סוג_עבירה_החזקה"": ""לא"", ""סוג_עבירה_נשיאה"": ""כן"", ""סוג_עבירה_הובלה"": ""כן"", ""סוג_עבירה_סחר"": ""לא"", ""סוג_עבירה_ניסיון_סחר"": ""לא"", ""סוג_עבירה_ביצוע_עבירות"": ""כן"", ""סוג_עבירה_ייצור"": ""לא"", ""סוג הנשק [אקדח]"": 1.0, ""סטטוס הנשק"": ""נשק עם כדור בקנה"", ""אופן_החזקה_בבית"": ""לא"", ""אופן_החזקה_ברכב"": ""כן"", ""אופן_החזקה_על_גופו"": ""כן"", ""אופן_החזקה_מוסלק"": ""לא"", ""אופן_החזקה_סמוך_לבית"": ""לא"", ""כמות תחמושת"": ""כדור"", ""מטרה-סיבת העבירה"": ""סכסוך"", ""עבירות נוספות"": ""חבלה בכוונה מחמירה; החזקת סם מסוכן לצריכה עצמית"", ""תכנון"": ""כן"", ""שימוש"": ""כן,ירי""}","{""מספר עבירה"": ""144 א, 144 ב"", ""סוג_עבירה_החזקה"": ""כן"", ""סוג_עבירה_נשיאה"": ""כן"", ""סוג_עבירה_הובלה"": ""כן"", ""סוג_עבירה_סחר"": ""לא"", ""סוג_עבירה_ניסיון_סחר"": ""לא"", ""סוג_עבירה_ביצוע_עבירות"": ""לא"", ""סוג_עבירה_ייצור"": ""לא"", ""סוג הנשק [אקדח]"": 1.0, ""סטטוס הנשק"": ""נשק עם מחסנית בהכנס"", ""אופן_החזקה_בבית"": ""לא"", ""אופן_החזקה_ברכב"": ""לא"", ""אופן_החזקה_על_גופו"": ""כן"", ""אופן_החזקה_מוסלק"": ""לא"", ""אופן_החזקה_סמוך_לבית"": ""לא"", ""כמות תחמושת"": ""מחסנית ובתוכה 16 כדורים, מחסנית נוספת ובתוכה 16 כדורים"", ""מטרה-סיבת העבירה"": ""הגנה עצמית"", ""עבירות נוספות"": ""הפרעה לשוטר במילוי תפקידו לפי סעיף 275 לחוק"", ""תכנון"": ""לא""}",44.0,"1. **סוג העבירה וחומרתה**: שני התיקים עוסקים בעבירות נשק, אך תיק 1 כולל גם עבירות נוספות כגון חבלה בכוונה מחמירה והחזקת סם מסוכן. תיק 2 כולל עבירות פחות חמורות. דמיון: 60.

2. **תפקיד הנאשם ומעורבותו**: בשני התיקים, הנאשם הוא האדם שהחזיק בנשק. אך בתיק 1, הנאשם השתמש בנשק לצורך סכסוך, בעוד שבתיק 2, הנאשם החזיק בנשק לצורך הגנה עצמית. דמיון: 40.

3. **שיטת הביצוע (MO)**: בשני התיקים, הנאשם החזיק באקדח. אך בתיק 1, הנאשם השתמש בנשק לצורך סכסוך, בעוד שבתיק 2, הנאשם החזיק בנשק לצורך הגנה עצמית. דמיון: 50.

4. **נסיבות הליבה**: בתיק 1, הנאשם השתמש בנשק לצורך סכסוך, בעוד שבתיק 2, הנאשם החזיק בנשק לצורך הגנה עצמית. בתיק 1, הנאשם השתמש בנשק באופן פעיל, בעוד שבתיק 2, הנאשם החזיק בנשק באופן פסיבי. דמיון: 30.

5. **ישימות כתקדים**: בשני התיקים, הנאשם החזיק בנשק, אך הנסיבות והמטרות שונות. דמיון: 40.

SIMILARITY_SCORE: 44","ok",""
"ME-19-01-53615-8","ME-16-11-69158-529",3,1,1,"{""מספר עבירה"": ""144 ב"", ""סוג_עבירה_החזקה"": ""לא"", ""סוג_עבירה_נשיאה"": ""כן"", ""סוג_עבירה_הובלה"": ""כן"", ""סוג_עבירה_סחר"": ""לא"", ""סוג_עבירה_ניסיון_סחר"": ""לא"", ""סוג_עבירה_ביצוע_עבירות"": ""לא"", ""סוג_עבירה_ייצור"": ""לא"", ""סוג הנשק [תת מקלע מאולתר]"": 1.0, ""סטטוס הנשק"": ""נשק עם כדור בקנה"", ""אופן_החזקה_בבית"": ""לא"", ""אופן_החזקה_ברכב"": ""כן"", ""אופן_החזקה_על_גופו"": ""כן"", ""אופן_החזקה_מוסלק"": ""לא"", ""אופן_החזקה_סמוך_לבית"": ""לא"", ""כמות תחמושת"": ""מחסנית טעונה בכדורים תואמים, אחד מהם בבית הבליעה"", ""עבירות נוספות"": ""ירי מנשק חם באזור מגורים"", ""תכנון"": ""לא"", ""שימוש"": ""כן,ירי""}","{""מספר עבירה"": ""144 ב"", ""סוג_עבירה_החזקה"": ""כן"", ""סוג_עבירה_נשיאה"": ""כן"", ""סוג_עבירה_הובלה"": ""כן"", ""סוג_עבירה_סחר"": ""לא"", ""סוג_עבירה_ניסיון_סחר"": ""לא"", ""סוג_עבירה_ביצוע_עבירות"": ""לא"", ""סוג_עבירה_ייצור"": ""לא"", ""סוג הנשק [תת מקלע מאולתר]"": 1.0, ""סטטוס הנשק"": ""נשק עם כדור בקנה"", ""אופן_החזקה_בבית"": ""לא"", ""אופן_החזקה_ברכב"": ""כן"", ""אופן_החזקה_על_גופו"": ""לא"", ""אופן_החזקה_מוסלק"": ""כן"", ""אופן_החזקה_סמוך_לבית"": ""כן"", ""אופן קבלת הנשק"": ""רכש"", ""כמות תחמושת"": ""מחסנית ותחמושת מסוג 9 מ\""מ"", ""מטרה-סיבת העבירה"": ""חתונה"", ""עבירות נוספות"": ""ירי באזור מגורים, עבירה לפי סעיף 340 א' בחוק"", ""תכנון"": ""כן"", ""שימוש"": ""כן,ירי""}",70.0,"1. **סוג העבירה וחומרתה**: שני התיקים עוסקים בעבירות נשק, כולל החזקה, נשיאה והובלה, ובשניהם מדובר בנשק חם. החומרה של העבירות דומה, אך תיק 2 כולל גם עבירות נוספות.

2. **תפקיד הנאשם ומעורבותו**: בשני התיקים, הנאשם הוא האדם שהחזיק בנשק, אך בתיק 2, הנאשם רכש את הנשק, מה שמרמז על מעורבות פעילה יותר.

3. **שיטת הביצוע (MO)**: שני התיקים כוללים שימוש בנשק חם, אך בתיק 1, הנשק היה עם כדור בקנה, בעוד שבתיק 2, הנשק היה עם מחסנית ותחמושת.

4. **נסיבות הליבה**: בשני התיקים, הנשק היה בשימוש, אך בתיק 2, הנשק היה בשימוש באירוע חתונה, מה שמרמז על נסיבות מחמירות.

5. **ישימות כתקדים**: בשני התיקים, העבירות הן דומות, אך תיק 2 כולל עבירות נוספות, מה שעשוי להשפיע על הענישה.

SIMILARITY_SCORE: 70","ok",""
"ME-15-12-39071-113","sh-10-05-7434-952",3,1,1,"{""מספר עבירה"": ""144 א"", ""סוג_עבירה_החזקה"": ""כן"", ""סוג_עבירה_נשיאה"": ""לא"", ""סוג_עבירה_הובלה"": ""לא"", ""סוג_עבירה_סחר"": ""לא"", ""סוג_עבירה_ניסיון_סחר"": ""לא"", ""סוג_עבירה_ביצוע_עבירות"": ""לא"", ""סוג_עבירה_ייצור"": ""לא"", ""סוג הנשק [אקדח]"": 1.0, ""סטטוס הנשק"": ""תקין"", ""אופן_החזקה_בבית"": ""לא"", ""אופן_החזקה_ברכב"": ""כן"", ""אופן_החזקה_על_גופו"": ""לא"", ""אופן_החזקה_מוסלק"": ""כן"", ""אופן_החזקה_סמוך_לבית"": ""לא"", ""מטרה-סיבת העבירה"": ""הגנה עצמית"", ""תכנון"": ""לא""}","{""מספר עבירה"": ""144 א"", ""סוג_עבירה_החזקה"": ""כן"", ""סוג_עבירה_נשיאה"": ""לא"", ""סוג_עבירה_הובלה"": ""לא"", ""סוג_עבירה_סחר"": ""לא"", ""סוג_עבירה_ניסיון_סחר"": ""לא"", ""סוג_עבירה_ביצוע_עבירות"": ""לא"", ""סוג_עבירה_ייצור"": ""לא"", ""סוג הנשק [אקדח]"": 2.0, ""סטטוס הנשק"": ""נשק עם מחסנית בהכנס"", ""אופן_החזקה_בבית"": ""כן"", ""אופן_החזקה_ברכב"": ""לא"", ""אופן_החזקה_על_גופו"": ""לא"", ""אופן_החזקה_מוסלק"": ""כן"", ""אופן_החזקה_סמוך_לבית"": ""לא"", ""אופן קבלת הנשק"": ""רכש"", ""כמות תחמושת"": ""מחסנית בפנים"", ""תכנון"": ""לא""}",82.0,"1. **סוג העבירה וחומרתה**: שני התיקים מעורבים בעבירת החזקת נשק, אך תיק 2 מערב אקדח עם מחסנית בהכנס, מה שעשוי להחמיר את העבירה. (דמיון: 80)
2. **תפקיד הנאשם ומעורבותו**: לא ניתן לקבוע בבירור את תפקיד הנאשם בשני התיקים, אך נראה ששניהם מעורבים באופן פעיל. (דמיון: 90)
3. **שיטת הביצוע (MO)**: שני התיקים מעורבים בהחזקת נשק, אך תיק 2 מערב רכישת הנשק, מה שעשוי להיות שונה מתיק 1. (דמיון: 70)
4. **נסיבות הליבה**: שני התיקים מעורבים בהחזקת נשק, אך תיק 2 מערב מחסנית בהכנס, מה שעשוי להחמיר את העבירה. (דמיון: 80)
5. **ישימות כתקדים**: בית משפט עשוי לראות את שני התיקים כרלוונטיים זה לזה לצורכי ענישה, אך עם הבדלים בחומרת העבירה. (דמיון: 85)

SIMILARITY_SCORE: 82","ok",""
"ME-16-06-44840-433","ME-12-09-51207-971",1,0,0,"{""מספר עבירה"": ""144 א, 144 ב"", ""סוג_עבירה_החזקה"": ""כן"", ""סוג_עבירה_נשיאה"": ""כן"", ""סוג_עבירה_הובלה"": ""כן"", ""סוג_עבירה_סחר"": ""לא"", ""סוג_עבירה_ניסיון_סחר"": ""לא"", ""סוג_עבירה_ביצוע_עבירות"": ""לא"", ""סוג_עבירה_ייצור"": ""לא"", ""סוג הנשק [רימון הלם/גז]"": 3.0, ""סטטוס הנשק"": ""תקין"", ""אופן_החזקה_בבית"": ""לא"", ""אופן_החזקה_ברכב"": ""לא"", ""אופן_החזקה_על_גופו"": ""לא"", ""אופן_החזקה_מוסלק"": ""כן"", ""אופן_החזקה_סמוך_לבית"": ""לא"", ""מטרה-סיבת העבירה"": ""סכסוך"", ""עבירות נוספות"": ""סיוע לנסיון לתקיפה לפי סעיפים 379 + 25 + 31 לחוק"", ""תכנון"": ""כן"", ""שימוש"": ""זריקת רימון""}","{""מספר עבירה"": ""144 א, 144 ב"", ""סוג_עבירה_החזקה"": ""כן"", ""סוג_עבירה_נשיאה"": ""לא"", ""סוג_עבירה_הובלה"": ""לא"", ""סוג_עבירה_סחר"": ""לא"", ""סוג_עבירה_ניסיון_סחר"": ""לא"", ""סוג_עבירה_ביצוע_עבירות"": ""לא"", ""סוג_עבירה_ייצור"": ""כן"", ""סוג הנשק - אם לא נמצא בטבלה"": ""כלי נשק מאולתר (נשק שיוצר על ידי הנאשם, מסוגל לירות קליע אחד שבכוחו להמית אדם, אך לא פורט סוגו המדויק; נשבר לאחר ירי אחד)"", ""סטטוס הנשק"": ""תקין"", ""אופן_החזקה_בבית"": ""כן"", ""אופן_החזקה_ברכב"": ""לא"", ""אופן_החזקה_על_גופו"": ""לא"", ""אופן_החזקה_מוסלק"": ""לא"", ""אופן_החזקה_סמוך_לבית"": ""לא"", ""אופן קבלת הנשק"": ""ייצר"", ""כמות תחמושת"": ""כדור אחד"", ""מטרה-סיבת העבירה"": ""חתונה"", ""עבירות נוספות"": ""יריות באזור מגורים - עבירה לפי סעיף 340א לחוק"", ""תכנון"": ""לא"", ""שימוש"": ""כן,ירי""}",40.0,"1. **סוג העבירה וחומרתה**: שני התיקים עוסקים בעבירות נשק, אך עם הבדלים בסוג העבירה. תיק 1 כולל החזקה, נשיאה והובלה, בעוד תיק 2 כולל החזקה וייצור. החומרה של העבירות דומה, אך לא זהה.

2. **תפקיד הנאשם ומעורבותו**: בשני התיקים, הנאשם הוא האדם שהחזיק בנשק, אך בתיק 2, הנאשם גם ייצר את הנשק.

3. **שיטת הביצוע (MO)**: השיטות הן שונות, כאשר בתיק 1 הנשק הוא רימון הלם, ובתיק 2 הנשק הוא כלי נשק מאולתר.

4. **נסיבות הליבה**: הנסיבות הן שונות, כאשר בתיק 1 הנשק הוחזק במסגרת סכסוך, ובתיק 2 הנשק הוחזק במסגרת חתונה.

5. **ישימות כתקדים**: למרות הדמיון בסוג העבירה, ההבדלים בשיטת הביצוע, נסיבות הליבה ותפקיד הנאשם, עשויים להפחית את הישימות של תיק 1 כתקדים לתיק 2.

SIMILARITY_SCORE: 40","ok",""
"ME-16-05-19384-544","ME-16-03-54615-517",3,1,1,"{""מספר עבירה"": ""144 א, 144 ב"", ""סוג_עבירה_החזקה"": ""כן"", ""סוג_עבירה_נשיאה"": ""כן"", ""סוג_עבירה_הובלה"": ""לא"", ""סוג_עבירה_סחר"": ""כן"", ""סוג_עבירה_ניסיון_סחר"": ""לא"", ""סוג_עבירה_ביצוע_עבירות"": ""לא"", ""סוג_עבירה_ייצור"": ""לא"", ""סוג הנשק [רובה סער ]"": 1.0, ""סטטוס הנשק"": ""נשק עם כדור בקנה"", ""אופן_החזקה_בבית"": ""לא"", ""אופן_החזקה_ברכב"": ""לא"", ""אופן_החזקה_על_גופו"": ""לא"", ""אופן_החזקה_מוסלק"": ""כן"", ""אופן_החזקה_סמוך_לבית"": ""כן"", ""אופן קבלת הנשק"": ""רכש"", ""כמות תחמושת"": ""כעשרה כדורי תחמושת לנשק"", ""מטרה-סיבת העבירה"": ""בצע כסף"", ""עבירות נוספות"": ""ניסיון לחבלה חמורה לפי סעיף 333 בצירוף סעיף 25 לחוק העונשין"", ""תכנון"": ""כן"", ""שימוש"": ""כן,ירי""}","{""מספר עבירה"": ""144 ב"", ""סוג_עבירה_החזקה"": ""לא"", ""סוג_עבירה_נשיאה"": ""לא"", ""סוג_עבירה_הובלה"": ""לא"", ""סוג_עבירה_סחר"": ""כן"", ""סוג_עבירה_ניסיון_סחר"": ""לא"", ""סוג_עבירה_ביצוע_עבירות"": ""לא"", ""סוג_עבירה_ייצור"": ""לא"", ""סוג הנשק [תת מקלע מאולתר]"": 2.0, ""סטטוס הנשק"": ""תקול"", ""אופן_החזקה_בבית"": ""לא"", ""אופן_החזקה_ברכב"": ""לא"", ""אופן_החזקה_על_גופו"": ""לא"", ""אופן_החזקה_מוסלק"": ""לא"", ""אופן_החזקה_סמוך_לבית"": ""כן"", ""אופן קבלת הנשק"": ""מצא"", ""מטרה-סיבת העבירה"": ""בצע כסף"", ""תכנון"": ""כן""}",40.0,"1. **סוג העבירה וחומרתה**: שני התיקים עוסקים בעבירות נשק, אך תיק 1 כולל גם עבירות נוספות. חומרת העבירות דומה, אך לא זהה.

2. **תפקיד הנאשם ומעורבותו**: לא ניתן לקבוע בבירור את תפקיד הנאשם בשני התיקים, אך נראה שבתיק 1 הנאשם היה מעורב באופן פעיל, בעוד שבתיק 2 המעורבות אינה ברורה.

3. **שיטת הביצוע (MO)**: שני התיקים כוללים החזקת נשק, אך הסוגים והסטטוסים של הנשק שונים.

4. **נסיבות הליבה**: שני התיקים כוללים תכנון, אך רק תיק 1 כולל שימוש בנשק.

5. **ישימות כתקדים**: למרות הדמיון בחלק מהפרמטרים, השוני בסוג העבירה, תפקיד הנאשם ושיטת הביצוע מקטין את הדמיון המהותי.

SIMILARITY_SCORE: 40","ok",""
"ME-12-05-33444-999","ME-17-04-613-913",1,0,0,"{""מספר עבירה"": ""144 א"", ""סוג_עבירה_החזקה"": ""כן"", ""סוג_עבירה_נשיאה"": ""כן"", ""סוג_עבירה_הובלה"": ""לא"", ""סוג_עבירה_סחר"": ""לא"", ""סוג_עבירה_ניסיון_סחר"": ""לא"", ""סוג_עבירה_ביצוע_עבירות"": ""לא"", ""סוג_עבירה_ייצור"": ""לא"", ""סוג הנשק [אקדח]"": 1.0, ""סטטוס הנשק"": ""נשק עם מחסנית בהכנס"", ""אופן_החזקה_בבית"": ""לא"", ""אופן_החזקה_ברכב"": ""כן"", ""אופן_החזקה_על_גופו"": ""לא"", ""אופן_החזקה_מוסלק"": ""כן"", ""אופן_החזקה_סמוך_לבית"": ""לא"", ""כמות תחמושת"": ""מחסנית שבתוכה כדורים, מחסנית ובה כדורים, מחסנית ובה כדורים"", ""מטרה-סיבת העבירה"": ""הגנה עצמית"", ""תכנון"": ""לא""}","{""מספר עבירה"": ""144 ב"", ""סוג_עבירה_החזקה"": ""לא"", ""סוג_עבירה_נשיאה"": ""כן"", ""סוג_עבירה_הובלה"": ""כן"", ""סוג_עבירה_סחר"": ""לא"", ""סוג_עבירה_ניסיון_סחר"": ""לא"", ""סוג_עבירה_ביצוע_עבירות"": ""לא"", ""סוג_עבירה_ייצור"": ""לא"", ""סוג הנשק [אקדח]"": 1.0, ""סטטוס הנשק"": ""נשק עם מחסנית בהכנס"", ""אופן_החזקה_בבית"": ""לא"", ""אופן_החזקה_ברכב"": ""כן"", ""אופן_החזקה_על_גופו"": ""כן"", ""אופן_החזקה_מוסלק"": ""כן"", ""אופן_החזקה_סמוך_לבית"": ""לא"", ""כמות תחמושת"": ""מחסנית עם 15 כדורים"", ""תכנון"": ""לא""}",60.0,"1. **סוג העבירה וחומרתה**: שני התיקים עוסקים בעבירות נשק, אך תיק 1 מתמקד בהחזקה ונשיאה, בעוד תיק 2 מתמקד בנשיאה והובלה. חומרת העבירות דומה, אך לא זהה.

2. **תפקיד הנאשם ומעורבותו**: בשני התיקים, הנאשם הוא האדם שנשא את הנשק, אך בתיק 2, הנאשם גם הוביל את הנשק. מעורבותו של הנאשם בתיק 2 היא פעילה יותר.

3. **שיטת הביצוע (MO)**: שני התיקים מתארים אדם שנשא נשק, אך בתיק 2, הנאשם גם הוביל את הנשק. שיטת הביצוע בתיק 2 היא מורכבת יותר.

4. **נסיבות הליבה**: בשני התיקים, הנשק הוא אקדח עם מחסנית בהכנס. כמות התחמושת בתיק 1 היא גדולה יותר. נסיבות הליבה בשני התיקים הן דומות, אך לא זהות.

5. **ישימות כתקדים**: בית משפט יכול לראות את שני התיקים כרלוונטיים זה לזה לצורכי ענישה, אך הדמיון ביניהם אינו מוחלט.

SIMILARITY_SCORE: 60","ok",""
"ME-17-04-613-913","ME-12-04-33577-700",1,0,0,"{""מספר עבירה"": ""144 ב"", ""סוג_עבירה_החזקה"": ""לא"", ""סוג_עבירה_נשיאה"": ""כן"", ""סוג_עבירה_הובלה"": ""כן"", ""סוג_עבירה_סחר"": ""לא"", ""סוג_עבירה_ניסיון_סחר"": ""לא"", ""סוג_עבירה_ביצוע_עבירות"": ""לא"", ""סוג_עבירה_ייצור"": ""לא"", ""סוג הנשק [אקדח]"": 1.0, ""סטטוס הנשק"": ""נשק עם מחסנית בהכנס"", ""אופן_החזקה_בבית"": ""לא"", ""אופן_החזקה_ברכב"": ""כן"", ""אופן_החזקה_על_גופו"": ""כן"", ""אופן_החזקה_מוסלק"": ""כן"", ""אופן_החזקה_סמוך_לבית"": ""לא"", ""כמות תחמושת"": ""מחסנית עם 15 כדורים"", ""תכנון"": ""לא""}","{""מספר עבירה"": ""144 א, 144 ב"", ""סוג_עבירה_החזקה"": ""כן"", ""סוג_עבירה_נשיאה"": ""כן"", ""סוג_עבירה_הובלה"": ""לא"", ""סוג_עבירה_סחר"": ""לא"", ""סוג_עבירה_ניסיון_סחר"": ""לא"", ""סוג_עבירה_ביצוע_עבירות"": ""כן"", ""סוג_עבירה_ייצור"": ""לא"", ""סוג הנשק [אקדח]"": 1.0, ""סטטוס הנשק"": ""נשק עם כדור בקנה"", ""אופן_החזקה_בבית"": ""לא"", ""אופן_החזקה_ברכב"": ""לא"", ""אופן_החזקה_על_גופו"": ""כן"", ""אופן_החזקה_מוסלק"": ""לא"", ""אופן_החזקה_סמוך_לבית"": ""לא"", ""כמות תחמושת"": ""3 כדורים"", ""מטרה-סיבת העבירה"": ""סכסוך"", ""עבירות נוספות"": ""חבלה בכוונה מחמירה, עבירה לפי סעיף 329(א)(2) לחוק העונשין; יריות באזור מגורים, עבירה לפי סעיף 340(א) לחוק העונשין"", ""תכנון"": ""כן"", ""שימוש"": ""כן,ירי""}",60.0,"1. **סוג העבירה וחומרתה**: שני התיקים עוסקים בעבירות נשק, אך תיק 2 כולל גם עבירות נוספות, כגון חבלה בכוונה מחמירה ויריות באזור מגורים. חומרת העבירות בתיק 2 גבוהה יותר.

2. **תפקיד הנאשם ומעורבותו**: בשני התיקים, הנאשם הוא האדם שהחזיק בנשק, אך בתיק 2, הנאשם השתמש בנשק לביצוע עבירות נוספות.

3. **שיטת הביצוע (MO)**: שני התיקים כוללים החזקת נשק, אך בתיק 2, הנשק הופעל.

4. **נסיבות הליבה**: בתיק 1, הנשק היה עם מחסנית בהכנס, בעוד שבתיק 2, הנשק היה עם כדור בקנה. בתיק 2, הייתה גם מטרה-סיבת העבירה, שהייתה סכסוך.

5. **ישימות כתקדים**: בית המשפט יכול לראות את שני התיקים כרלוונטיים זה לזה לצורכי ענישה, אך החומרה הגבוהה יותר של העבירות בתיק 2 יכולה להשפיע על הענישה.

SIMILARITY_SCORE: 60","ok",""
"ME-21-10-18557-340","ME-16-10-9348-780",1,0,0,"{""מספר עבירה"": ""144 א, 144 ב"", ""סוג_עבירה_החזקה"": ""כן"", ""סוג_עבירה_נשיאה"": ""כן"", ""סוג_עבירה_הובלה"": ""כן"", ""סוג_עבירה_סחר"": ""לא"", ""סוג_עבירה_ניסיון_סחר"": ""לא"", ""סוג_עבירה_ביצוע_עבירות"": ""כן"", ""סוג_עבירה_ייצור"": ""לא"", ""סוג הנשק [תת מקלע מאולתר]"": 1.0, ""סטטוס הנשק"": ""נשק עם מחסנית בהכנס"", ""אופן_החזקה_בבית"": ""לא"", ""אופן_החזקה_ברכב"": ""כן"", ""אופן_החזקה_על_גופו"": ""כן"", ""אופן_החזקה_מוסלק"": ""לא"", ""אופן_החזקה_סמוך_לבית"": ""לא"", ""כמות תחמושת"": ""מחסנית ולכל הפחות שני כדורים תואמים לתת המקלע בקליבר 9 מ\""מ"", ""מטרה-סיבת העבירה"": ""סכסוך"", ""עבירות נוספות"": ""ירי מנשק חם"", ""תכנון"": ""לא"", ""שימוש"": ""כן,ירי""}","{""מספר עבירה"": ""144 ב"", ""סוג_עבירה_החזקה"": ""לא"", ""סוג_עבירה_נשיאה"": ""כן"", ""סוג_עבירה_הובלה"": ""כן"", ""סוג_עבירה_סחר"": ""לא"", ""סוג_עבירה_ניסיון_סחר"": ""לא"", ""סוג_עבירה_ביצוע_עבירות"": ""לא"", ""סוג_עבירה_ייצור"": ""לא"", ""סוג הנשק [רובה צייד]"": 1.0, ""סטטוס הנשק"": ""תקין"", ""אופן_החזקה_בבית"": ""לא"", ""אופן_החזקה_ברכב"": ""כן"", ""אופן_החזקה_על_גופו"": ""לא"", ""אופן_החזקה_מוסלק"": ""לא"", ""אופן_החזקה_סמוך_לבית"": ""לא"", ""אופן קבלת הנשק"": ""מאחר"", ""כמות תחמושת"": ""קופסת כדורי צייד קליבר 12 מ\""מ והמכילה 75 כדורים"", ""תכנון"": ""לא""}",40.0,"1. **סוג העבירה וחומרתה**: שני התיקים עוסקים בעבירות נשק, אך תיק 1 כולל גם עבירות נוספות (ירי מנשק חם) ותכנון לא קיים, בעוד תיק 2 מתמקד בעבירת החזקת נשק בלבד. חומרת העבירה בתיק 1 נראית חמורה יותר.
2. **תפקיד הנאשם ומעורבותו**: בשני התיקים, הנאשם מחזיק בנשק, אך בתיק 1 הנאשם גם משתמש בנשק, בעוד בתיק 2 הנאשם רק מחזיק בנשק.
3. **שיטת הביצוע (MO)**: שני התיקים כוללים החזקת נשק, אך בתיק 1 הנשק הוא תת-מקלע מאולתר, בעוד בתיק 2 הנשק הוא רובה צייד.
4. **נסיבות הליבה**: בתיק 1, הנשק הוחזק ברכב ובגופו של הנאשם, בעוד בתיק 2 הנשק הוחזק ברכב. כמות התחמושת בתיק 2 היא גדולה יותר.
5. **ישימות כתקדים**: בית המשפט עשוי לראות בתיק 1 כתקדים רלוונטי לתיק 2, אך החומרה השונה של העבירות והנסיבות השונות עשויות להשפיע על החלטת הענישה.

SIMILARITY_SCORE: 40","ok",""
"SH-16-04-30406-325","SH-16-11-7544-55",3,1,1,"{""מספר עבירה"": ""144 א"", ""סוג_עבירה_החזקה"": ""כן"", ""סוג_עבירה_נשיאה"": ""לא"", ""סוג_עבירה_הובלה"": ""לא"", ""סוג_עבירה_סחר"": ""לא"", ""סוג_עבירה_ניסיון_סחר"": ""לא"", ""סוג_עבירה_ביצוע_עבירות"": ""לא"", ""סוג_עבירה_ייצור"": ""לא"", ""סוג הנשק [תת מקלע מאולתר]"": 2.0, ""סטטוס הנשק"": ""תקין"", ""אופן_החזקה_בבית"": ""לא"", ""אופן_החזקה_ברכב"": ""כן"", ""אופן_החזקה_על_גופו"": ""לא"", ""אופן_החזקה_מוסלק"": ""לא"", ""אופן_החזקה_סמוך_לבית"": ""לא"", ""אופן קבלת הנשק"": ""רכש"", ""כמות תחמושת"": ""מחסנית ריקה ובה 0 כדורים, שתי מחסניות"", ""מטרה-סיבת העבירה"": ""חתונה"", ""תכנון"": ""לא""}","{""מספר עבירה"": ""144 א"", ""סוג_עבירה_החזקה"": ""כן"", ""סוג_עבירה_נשיאה"": ""לא"", ""סוג_עבירה_הובלה"": ""לא"", ""סוג_עבירה_סחר"": ""לא"", ""סוג_עבירה_ניסיון_סחר"": ""לא"", ""סוג_עבירה_ביצוע_עבירות"": ""לא"", ""סוג_עבירה_ייצור"": ""לא"", ""סוג הנשק [תת מקלע מאולתר]"": 1.0, ""סטטוס הנשק"": ""תקין"", ""אופן_החזקה_בבית"": ""לא"", ""אופן_החזקה_ברכב"": ""לא"", ""אופן_החזקה_על_גופו"": ""לא"", ""אופן_החזקה_מוסלק"": ""כן"", ""אופן_החזקה_סמוך_לבית"": ""לא"", ""אופן קבלת הנשק"": ""מצא"", ""כמות תחמושת"": ""מחסנית המכילה 10 כדורים בקוטר 9 מ\""מ"", ""תכנון"": ""לא""}",60.0,"1. **סוג העבירה וחומרתה**: שני התיקים מעורבים בעבירת החזקת נשק, ובשניהם הנשק הוא תת-מקלע מאולתר. עם זאת, החומרה של העבירה עשויה להיות שונה בשל הבדלים בכמות התחמושת ובאופן החזקת הנשק.

2. **תפקיד הנאשם ומעורבותו**: לא ניתן לקבוע בבירור את תפקיד הנאשם ומעורבותו בשני התיקים, אך נראה שבשניהם הנאשם הוא הבעלים של הנשק.

3. **שיטת הביצוע (MO)**: שני התיקים מעורבים בהחזקת נשק, אך האופן בו הנשק הוחזק (ברכב, מוסלק) שונה.

4. **נסיבות הליבה**: הנסיבות הליבה של שני התיקים שונות, כאשר בתיק הראשון הנשק הוחזק ברכב ובתיק השני הנשק הוחזק באופן מוסלק. כמו כן, הכמות השונה של תחמושת בשני התיקים עשויה להשפיע על החומרה של העבירה.

5. **ישימות כתקדים**: בשל הדמיון בסוג העבירה ובחומרתה, ייתכן שבית המשפט יראה את שני התיקים כרלוונטיים זה לזה לצורכי ענישה, אך הבדלים בנסיבות הליבה עשויים להשפיע על החלטת בית המשפט.

SIMILARITY_SCORE: 60","ok",""
"SH-16-11-7544-55","ME-13-10-28139-807",1,0,0,"{""מספר עבירה"": ""144 א"", ""סוג_עבירה_החזקה"": ""כן"", ""סוג_עבירה_נשיאה"": ""לא"", ""סוג_עבירה_הובלה"": ""לא"", ""סוג_עבירה_סחר"": ""לא"", ""סוג_עבירה_ניסיון_סחר"": ""לא"", ""סוג_עבירה_ביצוע_עבירות"": ""לא"", ""סוג_עבירה_ייצור"": ""לא"", ""סוג הנשק [תת מקלע מאולתר]"": 1.0, ""סטטוס הנשק"": ""תקין"", ""אופן_החזקה_בבית"": ""לא"", ""אופן_החזקה_ברכב"": ""לא"", ""אופן_החזקה_על_גופו"": ""לא"", ""אופן_החזקה_מוסלק"": ""כן"", ""אופן_החזקה_סמוך_לבית"": ""לא"", ""אופן קבלת הנשק"": ""מצא"", ""כמות תחמושת"": ""מחסנית המכילה 10 כדורים בקוטר 9 מ\""מ"", ""תכנון"": ""לא""}","{""מספר עבירה"": ""144 א"", ""סוג_עבירה_החזקה"": ""כן"", ""סוג_עבירה_נשיאה"": ""לא"", ""סוג_עבירה_הובלה"": ""לא"", ""סוג_עבירה_סחר"": ""לא"", ""סוג_עבירה_ניסיון_סחר"": ""לא"", ""סוג_עבירה_ביצוע_עבירות"": ""כן"", ""סוג_עבירה_ייצור"": ""לא"", ""סוג הנשק [אקדח]"": 1.0, ""סטטוס הנשק"": ""נשק עם כדור בקנה"", ""אופן_החזקה_בבית"": ""לא"", ""אופן_החזקה_ברכב"": ""לא"", ""אופן_החזקה_על_גופו"": ""כן"", ""אופן_החזקה_מוסלק"": ""לא"", ""אופן_החזקה_סמוך_לבית"": ""כן"", ""מטרה-סיבת העבירה"": ""סכסוך"", ""עבירות נוספות"": ""ניסיון לחבלה חמורה בנסיבות מחמירות לפי סעיפים 333+335(א)(1) ו-25 לחוק העונשין"", ""תכנון"": ""כן"", ""שימוש"": ""כן,ירי""}",45.0,"1. **סוג העבירה וחומרתה**: שני התיקים מעורבים בעבירות החזקת נשק, אך תיק 2 כולל גם עבירות נוספות, כגון ניסיון לחבלה חמורה. חומרת העבירות בתיק 2 גבוהה יותר. (דמיון: 60)

2. **תפקיד הנאשם ומעורבותו**: בשני התיקים, הנאשם הוא החוזק, אך בתיק 2, הנאשם היה מעורב באופן פעיל יותר, כולל שימוש בנשק. (דמיון: 50)

3. **שיטת הביצוע (MO)**: שני התיקים מעורבים בהחזקת נשק, אך בתיק 2, הנשק היה בשימוש פעיל. (דמיון: 40)

4. **נסיבות הליבה**: בתיק 1, הנשק היה מוסלק, בעוד שבתיק 2, הנשק היה בשימוש פעיל, והייתה מטרה-סיבת העבירה (סכסוך). (דמיון: 30)

5. **ישימות כתקדים**: בית משפט יכול לראות את שני התיקים כרלוונטיים זה לזה לצורכי ענישה, אך החומרה הגבוהה יותר של העבירות בתיק 2 יכולה להשפיע על הענישה. (דמיון: 50)

SIMILARITY_SCORE: 45","ok",""
"ME-16-04-12480-812","SH-16-05-42991-439",1,0,0,"{""מספר עבירה"": ""144 א, 144 ב"", ""סוג_עבירה_החזקה"": ""כן"", ""סוג_עבירה_נשיאה"": ""כן"", ""סוג_עבירה_הובלה"": ""כן"", ""סוג_עבירה_סחר"": ""לא"", ""סוג_עבירה_ניסיון_סחר"": ""לא"", ""סוג_עבירה_ביצוע_עבירות"": ""כן"", ""סוג_עבירה_ייצור"": ""לא"", ""סוג הנשק [אקדח]"": 1.0, ""סוג הנשק [תת מקלע מאולתר]"": 1.0, ""סטטוס הנשק"": ""נשק עם כדור בקנה"", ""אופן_החזקה_בבית"": ""לא"", ""אופן_החזקה_ברכב"": ""כן"", ""אופן_החזקה_על_גופו"": ""כן"", ""אופן_החזקה_מוסלק"": ""כן"", ""אופן_החזקה_סמוך_לבית"": ""כן"", ""כמות תחמושת"": ""כ- 12 כדורים, מחסנית ותחמושת, כ- 17 כדורים"", ""מטרה-סיבת העבירה"": ""סכסוך"", ""עבירות נוספות"": ""ניסיון חבלה חמורה בנסיבות מחמירות לפי סעיפים 25 + 335 + 333 לחוק העונשין; איומים לפי סעיף 192 לחוק העונשין"", ""תכנון"": ""כן"", ""שימוש"": ""כן,ירי""}","{""מספר עבירה"": ""144 א"", ""סוג_עבירה_החזקה"": ""כן"", ""סוג_עבירה_נשיאה"": ""לא"", ""סוג_עבירה_הובלה"": ""לא"", ""סוג_עבירה_סחר"": ""לא"", ""סוג_עבירה_ניסיון_סחר"": ""לא"", ""סוג_עבירה_ביצוע_עבירות"": ""לא"", ""סוג_עבירה_ייצור"": ""לא"", ""סוג הנשק [אקדח]"": 1.0, ""סטטוס הנשק"": ""נשק עם מחסנית בהכנס"", ""אופן_החזקה_בבית"": ""כן"", ""אופן_החזקה_ברכב"": ""לא"", ""אופן_החזקה_על_גופו"": ""לא"", ""אופן_החזקה_מוסלק"": ""כן"", ""אופן_החזקה_סמוך_לבית"": ""לא"", ""כמות תחמושת"": ""מחסנית עם 13 כדורים 9 מ\""מ"", ""מטרה-סיבת העבירה"": ""סכסוך"", ""עבירות נוספות"": ""שיבוש הליכי משפט, לפי סעיף 244 לחוק"", ""תכנון"": ""לא""}",48.0,"1. **סוג העבירה וחומרתה**: שני התיקים עוסקים בעבירות נשק, אך תיק 1 כולל גם עבירות נוספות כגון ניסיון חבלה חמורה ואיומים. תיק 2 מתמקד בעבירת החזקת נשק בלבד. דמיון: 60%.

2. **תפקיד הנאשם ומעורבותו**: בשני התיקים, הנאשם הוא החוזק בנשק, אך בתיק 1 הנאשם היה מעורב באופן פעיל בשימוש בנשק, בעוד שבתיק 2 אין ראיות לשימוש בנשק. דמיון: 40%.

3. **שיטת הביצוע (MO)**: שני התיקים מתאפיינים בחזקת נשק, אך בתיק 1 הנשק היה עם כדור בקנה, בעוד שבתיק 2 הנשק היה עם מחסנית בהכנס. דמיון: 50%.

4. **נסיבות הליבה**: שני התיקים מתאפיינים בסכסוך כסיבה לעבירה, אך בתיק 1 היו עבירות נוספות ושימוש בנשק, בעוד שבתיק 2 לא היו עבירות נוספות. דמיון: 40%.

5. **ישימות כתקדים**: בשני התיקים, העבירות הן חמורות, אך בתיק 1 העבירות היו חמורות יותר. דמיון: 50%.

SIMILARITY_SCORE: 48","ok",""
"ME-16-05-9968-487","ME-13-04-35007-454",3,1,1,"{""מספר עבירה"": ""144 א, 144 ב"", ""סוג_עבירה_החזקה"": ""כן"", ""סוג_עבירה_נשיאה"": ""כן"", ""סוג_עבירה_הובלה"": ""לא"", ""סוג_עבירה_סחר"": ""לא"", ""סוג_עבירה_ניסיון_סחר"": ""לא"", ""סוג_עבירה_ביצוע_עבירות"": ""לא"", ""סוג_עבירה_ייצור"": ""לא"", ""סוג הנשק [תת מקלע מאולתר]"": 1.0, ""סטטוס הנשק"": ""נשק עם מחסנית בהכנס"", ""אופן_החזקה_בבית"": ""לא"", ""אופן_החזקה_ברכב"": ""לא"", ""אופן_החזקה_על_גופו"": ""לא"", ""אופן_החזקה_מוסלק"": ""כן"", ""אופן_החזקה_סמוך_לבית"": ""לא"", ""אופן קבלת הנשק"": ""מאחר"", ""כמות תחמושת"": ""מחסנית"", ""מטרה-סיבת העבירה"": ""חתונה"", ""תכנון"": ""לא""}","{""מספר עבירה"": ""144 א, 144 ב"", ""סוג_עבירה_החזקה"": ""כן"", ""סוג_עבירה_נשיאה"": ""כן"", ""סוג_עבירה_הובלה"": ""כן"", ""סוג_עבירה_סחר"": ""לא"", ""סוג_עבירה_ניסיון_סחר"": ""לא"", ""סוג_עבירה_ביצוע_עבירות"": ""לא"", ""סוג_עבירה_ייצור"": ""לא"", ""סוג הנשק [אקדח]"": 1.0, ""סטטוס הנשק"": ""נשק עם מחסנית בהכנס"", ""אופן_החזקה_בבית"": ""לא"", ""אופן_החזקה_ברכב"": ""לא"", ""אופן_החזקה_על_גופו"": ""כן"", ""אופן_החזקה_מוסלק"": ""לא"", ""אופן_החזקה_סמוך_לבית"": ""לא"", ""מטרה-סיבת העבירה"": ""סכסוך"", ""תכנון"": ""לא""}",60.0,"1. **סוג העבירה וחומרתה**: שני התיקים עוסקים בעבירות החזקה ונשיאה של נשק, אך תיק 2 כולל גם הובלה. החומרה של העבירות דומה, אך הובלת הנשק בתיק 2 מוסיפה מרכיב נוסף.

2. **תפקיד הנאשם ומעורבותו**: לא ניתן לקבוע בבירור את תפקיד הנאשם ומעורבותו בשני התיקים, אך נראה שבשני התיקים הנאשם הוא החוזק/נושא הנשק.

3. **שיטת הביצוע (MO)**: שני התיקים כוללים החזקה/נשיאה של נשק, אך האופן בו הנשק הוחזק/נשא שונה (מוסלק לעומת על גופו).

4. **נסיבות הליבה**: הנסיבות הליבה של שני התיקים שונות, כאשר תיק 1 קשור לחתונה ותיק 2 קשור לסכסוך.

5. **ישימות כתקדים**: למרות הדמיון בסוג העבירה, ההבדלים בנסיבות הליבה ובאופן החזקה/נשיאה של הנשק עשויים להשפיע על ישימותם כתקדים.

SIMILARITY_SCORE: 60","ok",""
"ME-16-11-69158-529","ME-14-12-6904-57",2,0,1,"{""מספר עבירה"": ""144 ב"", ""סוג_עבירה_החזקה"": ""כן"", ""סוג_עבירה_נשיאה"": ""כן"", ""סוג_עבירה_הובלה"": ""כן"", ""סוג_עבירה_סחר"": ""לא"", ""סוג_עבירה_ניסיון_סחר"": ""לא"", ""סוג_עבירה_ביצוע_עבירות"": ""לא"", ""סוג_עבירה_ייצור"": ""לא"", ""סוג הנשק [תת מקלע מאולתר]"": 1.0, ""סטטוס הנשק"": ""נשק עם כדור בקנה"", ""אופן_החזקה_בבית"": ""לא"", ""אופן_החזקה_ברכב"": ""כן"", ""אופן_החזקה_על_גופו"": ""לא"", ""אופן_החזקה_מוסלק"": ""כן"", ""אופן_החזקה_סמוך_לבית"": ""כן"", ""אופן קבלת הנשק"": ""רכש"", ""כמות תחמושת"": ""מחסנית ותחמושת מסוג 9 מ\""מ"", ""מטרה-סיבת העבירה"": ""חתונה"", ""עבירות נוספות"": ""ירי באזור מגורים, עבירה לפי סעיף 340 א' בחוק"", ""תכנון"": ""כן"", ""שימוש"": ""כן,ירי""}","{""מספר עבירה"": ""144 ב"", ""סוג_עבירה_החזקה"": ""כן"", ""סוג_עבירה_נשיאה"": ""כן"", ""סוג_עבירה_הובלה"": ""כן"", ""סוג_עבירה_סחר"": ""לא"", ""סוג_עבירה_ניסיון_סחר"": ""לא"", ""סוג_עבירה_ביצוע_עבירות"": ""לא"", ""סוג_עבירה_ייצור"": ""לא"", ""סוג הנשק [תת מקלע מאולתר]"": 1.0, ""סטטוס הנשק"": ""נשק מופרד מתחמושת"", ""אופן_החזקה_בבית"": ""כן"", ""אופן_החזקה_ברכב"": ""לא"", ""אופן_החזקה_על_גופו"": ""לא"", ""אופן_החזקה_מוסלק"": ""כן"", ""אופן_החזקה_סמוך_לבית"": ""לא"", ""אופן קבלת הנשק"": ""רכש"", ""כמות תחמושת"": ""מחסנית וכדורים"", ""מטרה-סיבת העבירה"": ""הגנה עצמית"", ""עבירות נוספות"": ""החזקת סם לצריכה עצמית, לפי סעיף 7(א) לפקודת הסמים המסוכנים, התשל\""ג-1973"", ""תכנון"": ""לא""}",40.0,"1. **סוג העבירה וחומרתה**: שני התיקים עוסקים בעבירות החזקה, נשיאה והובלה של נשק, ובפרט תת-מקלע מאולתר. החומרה של העבירות דומה, אך הסטטוס הנשק שונה (נשק עם כדור בקנה לעומת נשק מופרד מתחמושת).

2. **תפקיד הנאשם ומעורבותו**: בשני התיקים, הנאשם הוא הבעלים של הנשק, אך המטרה-סיבת העבירה שונה (חתונה לעומת הגנה עצמית).

3. **שיטת הביצוע (MO)**: השיטת הביצוע שונה, שכן בתיק הראשון הנשק היה ברכב, בעוד שבתיק השני הנשק היה בבית.

4. **נסיבות הליבה**: הנסיבות הליבה שונות, שכן בתיק הראשון היה שימוש בנשק (ירי) ותכנון, בעוד שבתיק השני לא היה שימוש בנשק ולא היה תכנון.

5. **ישימות כתקדים**: בית משפט יכול לראות את שני התיקים כרלוונטיים זה לזה לצורכי ענישה, אך הדמיון המהותי ביניהם אינו גבוה.

SIMILARITY_SCORE: 40","ok",""
"SH-11-05-24791-315","ME-16-10-9348-780",1,0,0,"{""מספר עבירה"": ""144 א"", ""סוג_עבירה_החזקה"": ""כן"", ""סוג_עבירה_נשיאה"": ""לא"", ""סוג_עבירה_הובלה"": ""לא"", ""סוג_עבירה_סחר"": ""לא"", ""סוג_עבירה_ניסיון_סחר"": ""לא"", ""סוג_עבירה_ביצוע_עבירות"": ""לא"", ""סוג_עבירה_ייצור"": ""לא"", ""סוג הנשק [אקדח]"": 1.0, ""סטטוס הנשק"": ""תקין"", ""אופן_החזקה_בבית"": ""כן"", ""אופן_החזקה_ברכב"": ""לא"", ""אופן_החזקה_על_גופו"": ""לא"", ""אופן_החזקה_מוסלק"": ""לא"", ""אופן_החזקה_סמוך_לבית"": ""לא"", ""אופן קבלת הנשק"": ""מאחר"", ""כמות תחמושת"": ""2 מחסניות"", ""מטרה-סיבת העבירה"": ""חתונה"", ""תכנון"": ""לא""}","{""מספר עבירה"": ""144 ב"", ""סוג_עבירה_החזקה"": ""לא"", ""סוג_עבירה_נשיאה"": ""כן"", ""סוג_עבירה_הובלה"": ""כן"", ""סוג_עבירה_סחר"": ""לא"", ""סוג_עבירה_ניסיון_סחר"": ""לא"", ""סוג_עבירה_ביצוע_עבירות"": ""לא"", ""סוג_עבירה_ייצור"": ""לא"", ""סוג הנשק [רובה צייד]"": 1.0, ""סטטוס הנשק"": ""תקין"", ""אופן_החזקה_בבית"": ""לא"", ""אופן_החזקה_ברכב"": ""כן"", ""אופן_החזקה_על_גופו"": ""לא"", ""אופן_החזקה_מוסלק"": ""לא"", ""אופן_החזקה_סמוך_לבית"": ""לא"", ""אופן קבלת הנשק"": ""מאחר"", ""כמות תחמושת"": ""קופסת כדורי צייד קליבר 12 מ\""מ והמכילה 75 כדורים"", ""תכנון"": ""לא""}",58.0,"1. **סוג העבירה וחומרתה**: שני התיקים עוסקים בעבירות נשק, אך תיק 1 מתמקד בהחזקת נשק, בעוד תיק 2 מתמקד בנשיאת והובלת נשק. חומרת העבירות שונה, כאשר תיק 1 כולל אקדח, ותיק 2 כולל רובה צייד. (דמיון: 60)

2. **תפקיד הנאשם ומעורבותו**: לא ניתן לקבוע בבירור את תפקיד הנאשם ומעורבותו בשני התיקים, אך נראה שבשני המקרים הנאשם היה מעורב באופן פעיל. (דמיון: 80)

3. **שיטת הביצוע (MO)**: שני התיקים כוללים החזקת/נשיאת נשק, אך האמצעים והנסיבות שונים. (דמיון: 40)

4. **נסיבות הליבה**: שני התיקים כוללים נשק, אך הכמויות והסוגים שונים. (דמיון: 50)

5. **ישימות כתקדים**: בית משפט עשוי לראות את שני התיקים כרלוונטיים זה לזה לצורכי ענישה, אך הדמיון ביניהם אינו מוחלט. (דמיון: 60)

SIMILARITY_SCORE: 58","ok",""
"ME-15-12-39071-113","ME-10-08-17917-313",3,1,1,"{""מספר עבירה"": ""144 א"", ""סוג_עבירה_החזקה"": ""כן"", ""סוג_עבירה_נשיאה"": ""לא"", ""סוג_עבירה_הובלה"": ""לא"", ""סוג_עבירה_סחר"": ""לא"", ""סוג_עבירה_ניסיון_סחר"": ""לא"", ""סוג_עבירה_ביצוע_עבירות"": ""לא"", ""סוג_עבירה_ייצור"": ""לא"", ""סוג הנשק [אקדח]"": 1.0, ""סטטוס הנשק"": ""תקין"", ""אופן_החזקה_בבית"": ""לא"", ""אופן_החזקה_ברכב"": ""כן"", ""אופן_החזקה_על_גופו"": ""לא"", ""אופן_החזקה_מוסלק"": ""כן"", ""אופן_החזקה_סמוך_לבית"": ""לא"", ""מטרה-סיבת העבירה"": ""הגנה עצמית"", ""תכנון"": ""לא""}","{""מספר עבירה"": ""144 א"", ""סוג_עבירה_החזקה"": ""כן"", ""סוג_עבירה_נשיאה"": ""כן"", ""סוג_עבירה_הובלה"": ""כן"", ""סוג_עבירה_סחר"": ""לא"", ""סוג_עבירה_ניסיון_סחר"": ""לא"", ""סוג_עבירה_ביצוע_עבירות"": ""לא"", ""סוג_עבירה_ייצור"": ""לא"", ""סוג הנשק [אקדח]"": 1.0, ""סוג הנשק - אם לא נמצא בטבלה"": ""אקדח עט"", ""סטטוס הנשק"": ""תקין"", ""אופן_החזקה_בבית"": ""כן"", ""אופן_החזקה_ברכב"": ""כן"", ""אופן_החזקה_על_גופו"": ""לא"", ""אופן_החזקה_מוסלק"": ""כן"", ""אופן_החזקה_סמוך_לבית"": ""לא"", ""אופן קבלת הנשק"": ""מאחר"", ""כמות תחמושת"": ""שלושה כדורים בקוטר 6.35 מ\""מ"", ""מטרה-סיבת העבירה"": ""הגנה עצמית"", ""עבירות נוספות"": ""החזקת סם מסוכן לצריכה עצמית"", ""תכנון"": ""לא""}",50.0,"1. **סוג העבירה וחומרתה**: שני התיקים מעורבים בעבירות החזקת נשק, אך תיק 2 כולל גם נשיאה והובלה. חומרת העבירה בתיק 2 גבוהה יותר. (דמיון: 60%)

2. **תפקיד הנאשם ומעורבותו**: בשני התיקים, הנאשם הוא החוזק, אך בתיק 2, הנאשם גם נשא והוביל את הנשק. (דמיון: 50%)

3. **שיטת הביצוע (MO)**: שני התיקים מעורבים בהחזקת נשק, אך בתיק 2, הנאשם גם נשא והוביל את הנשק. (דמיון: 50%)

4. **נסיבות הליבה**: שני התיקים מעורבים בהחזקת נשק לצורך הגנה עצמית, אך בתיק 2, הנאשם גם החזיק סם מסוכן. (דמיון: 40%)

5. **ישימות כתקדים**: בית המשפט יכול לראות את שני התיקים כרלוונטיים לצורכי ענישה, אך תיק 2 יכול להחשב כחמור יותר. (דמיון: 50%)

SIMILARITY_SCORE: 50","ok",""
"ME-22-03-52964-443","SH-17-08-47445-166",1,0,0,"{""מספר עבירה"": ""144 א, 144 ב"", ""סוג_עבירה_החזקה"": ""כן"", ""סוג_עבירה_נשיאה"": ""כן"", ""סוג_עבירה_הובלה"": ""כן"", ""סוג_עבירה_סחר"": ""לא"", ""סוג_עבירה_ניסיון_סחר"": ""לא"", ""סוג_עבירה_ביצוע_עבירות"": ""לא"", ""סוג_עבירה_ייצור"": ""לא"", ""סוג הנשק [אקדח]"": 1.0, ""סטטוס הנשק"": ""נשק עם מחסנית בהכנס"", ""אופן_החזקה_בבית"": ""לא"", ""אופן_החזקה_ברכב"": ""לא"", ""אופן_החזקה_על_גופו"": ""כן"", ""אופן_החזקה_מוסלק"": ""לא"", ""אופן_החזקה_סמוך_לבית"": ""לא"", ""כמות תחמושת"": ""מחסנית ובתוכה 16 כדורים, מחסנית נוספת ובתוכה 16 כדורים"", ""מטרה-סיבת העבירה"": ""הגנה עצמית"", ""עבירות נוספות"": ""הפרעה לשוטר במילוי תפקידו לפי סעיף 275 לחוק"", ""תכנון"": ""לא""}","{""מספר עבירה"": ""144 א"", ""סוג_עבירה_החזקה"": ""כן"", ""סוג_עבירה_נשיאה"": ""לא"", ""סוג_עבירה_הובלה"": ""לא"", ""סוג_עבירה_סחר"": ""לא"", ""סוג_עבירה_ניסיון_סחר"": ""לא"", ""סוג_עבירה_ביצוע_עבירות"": ""לא"", ""סוג_עבירה_ייצור"": ""לא"", ""סוג הנשק [אקדח]"": 1.0, ""סוג הנשק - אם לא נמצא בטבלה"": ""חפץ דמוי תת מקלע מאולתר"", ""סטטוס הנשק"": ""תקין"", ""אופן_החזקה_בבית"": ""כן"", ""אופן_החזקה_ברכב"": ""לא"", ""אופן_החזקה_על_גופו"": ""לא"", ""אופן_החזקה_מוסלק"": ""לא"", ""אופן_החזקה_סמוך_לבית"": ""לא"", ""תכנון"": ""לא""}",60.0,"1. **סוג העבירה וחומרתה**: שני התיקים עוסקים בהחזקת נשק, אך תיק 1 כולל גם נשיאה והובלה, בעוד תיק 2 עוסק רק בהחזקה. החומרה של העבירות דומה, אך לא זהה.

2. **תפקיד הנאשם ומעורבותו**: בשני התיקים, הנאשם הוא החוזק, אך בתיק 1 הנאשם החזיק בנשק על גופו, בעוד בתיק 2 הנשק הוחזק בבית.

3. **שיטת הביצוע (MO)**: שני התיקים עוסקים בהחזקת נשק, אך הסוגים הספציפיים של הנשק שונים. בתיק 1, הנשק הוא אקדח, בעוד בתיק 2, הנשק הוא חפץ דמוי תת-מקלע מאולתר.

4. **נסיבות הליבה**: בתיק 1, הנשק הוחזק על גופו של הנאשם, בעוד בתיק 2, הנשק הוחזק בבית. בתיק 1, הנאשם החזיק ב-32 כדורים, בעוד בתיק 2, לא צוין כמות תחמושת.

5. **ישימות כתקדים**: בשני התיקים, הנאשם הואשם בהחזקת נשק, אך הנסיבות הספציפיות שונות. בית המשפט עשוי לראות בתיק 1 כתקדים רלוונטי לתיק 2, אך עם הבדלים משמעותיים.

SIMILARITY_SCORE: 60","ok",""
"ME-15-12-39071-113","SH-11-12-35552-181",3,1,1,"{""מספר עבירה"": ""144 א"", ""סוג_עבירה_החזקה"": ""כן"", ""סוג_עבירה_נשיאה"": ""לא"", ""סוג_עבירה_הובלה"": ""לא"", ""סוג_עבירה_סחר"": ""לא"", ""סוג_עבירה_ניסיון_סחר"": ""לא"", ""סוג_עבירה_ביצוע_עבירות"": ""לא"", ""סוג_עבירה_ייצור"": ""לא"", ""סוג הנשק [אקדח]"": 1.0, ""סטטוס הנשק"": ""תקין"", ""אופן_החזקה_בבית"": ""לא"", ""אופן_החזקה_ברכב"": ""כן"", ""אופן_החזקה_על_גופו"": ""לא"", ""אופן_החזקה_מוסלק"": ""כן"", ""אופן_החזקה_סמוך_לבית"": ""לא"", ""מטרה-סיבת העבירה"": ""הגנה עצמית"", ""תכנון"": ""לא""}","{""מספר עבירה"": ""144 א"", ""סוג_עבירה_החזקה"": ""כן"", ""סוג_עבירה_נשיאה"": ""לא"", ""סוג_עבירה_הובלה"": ""לא"", ""סוג_עבירה_סחר"": ""לא"", ""סוג_עבירה_ניסיון_סחר"": ""לא"", ""סוג_עבירה_ביצוע_עבירות"": ""לא"", ""סוג_עבירה_ייצור"": ""לא"", ""סוג הנשק [אקדח]"": 1.0, ""סטטוס הנשק"": ""תקין"", ""אופן_החזקה_בבית"": ""כן"", ""אופן_החזקה_ברכב"": ""לא"", ""אופן_החזקה_על_גופו"": ""לא"", ""אופן_החזקה_מוסלק"": ""כן"", ""אופן_החזקה_סמוך_לבית"": ""לא"", ""אופן קבלת הנשק"": ""רכש"", ""תכנון"": ""לא""}",70.0,"1. **סוג העבירה וחומרתה**: שני התיקים מעורבים בעבירת החזקת נשק (144 א), ולכן יש דמיון בסוג העבירה. חומרת העבירה גם דומה, שכן שני התיקים מעורבים בהחזקת אקדח תקין.

2. **תפקיד הנאשם ומעורבותו**: לא ניתן לקבוע בבירור את תפקיד הנאשם ומעורבותו בשני התיקים, אך נראה ששניהם מעורבים בהחזקת נשק.

3. **שיטת הביצוע (MO)**: שני התיקים מעורבים בהחזקת אקדח, אך האופן בו הנשק הוחזק שונה (ברכב לעומת בבית).

4. **נסיבות הליבה**: שני התיקים מעורבים בהחזקת אקדח, אך הנסיבות הספציפיות של העבירה שונות (הגנה עצמית לעומת רכש).

5. **ישימות כתקדים**: למרות השוני בנסיבות הליבה, שני התיקים מעורבים בעבירת החזקת נשק, ולכן יש סיכוי שבית המשפט יראה את שני התיקים כרלוונטיים זה לזה לצורכי ענישה.

SIMILARITY_SCORE: 70","ok",""
"ME-16-11-69158-529","ME-16-10-12213-904",1,0,0,"{""מספר עבירה"": ""144 ב"", ""סוג_עבירה_החזקה"": ""כן"", ""סוג_עבירה_נשיאה"": ""כן"", ""סוג_עבירה_הובלה"": ""כן"", ""סוג_עבירה_סחר"": ""לא"", ""סוג_עבירה_ניסיון_סחר"": ""לא"", ""סוג_עבירה_ביצוע_עבירות"": ""לא"", ""סוג_עבירה_ייצור"": ""לא"", ""סוג הנשק [תת מקלע מאולתר]"": 1.0, ""סטטוס הנשק"": ""נשק עם כדור בקנה"", ""אופן_החזקה_בבית"": ""לא"", ""אופן_החזקה_ברכב"": ""כן"", ""אופן_החזקה_על_גופו"": ""לא"", ""אופן_החזקה_מוסלק"": ""כן"", ""אופן_החזקה_סמוך_לבית"": ""כן"", ""אופן קבלת הנשק"": ""רכש"", ""כמות תחמושת"": ""מחסנית ותחמושת מסוג 9 מ\""מ"", ""מטרה-סיבת העבירה"": ""חתונה"", ""עבירות נוספות"": ""ירי באזור מגורים, עבירה לפי סעיף 340 א' בחוק"", ""תכנון"": ""כן"", ""שימוש"": ""כן,ירי""}","{""מספר עבירה"": ""144 ב"", ""סוג_עבירה_החזקה"": ""כן"", ""סוג_עבירה_נשיאה"": ""כן"", ""סוג_עבירה_הובלה"": ""כן"", ""סוג_עבירה_סחר"": ""לא"", ""סוג_עבירה_ניסיון_סחר"": ""לא"", ""סוג_עבירה_ביצוע_עבירות"": ""לא"", ""סוג_עבירה_ייצור"": ""לא"", ""סוג הנשק [תת מקלע מאולתר]"": 1.0, ""סטטוס הנשק"": ""נשק מופרד מתחמושת"", ""אופן_החזקה_בבית"": ""לא"", ""אופן_החזקה_ברכב"": ""כן"", ""אופן_החזקה_על_גופו"": ""לא"", ""אופן_החזקה_מוסלק"": ""כן"", ""אופן_החזקה_סמוך_לבית"": ""כן"", ""כמות תחמושת"": ""מחסנית ריקה ובה 0 כדורים + 1 כדור"", ""תכנון"": ""לא""}",70.0,"1. **סוג העבירה וחומרתה**: שני התיקים מעורבים בעבירות החזקה, נשיאה והובלה של נשק, ובפרט תת-מקלע מאולתר. החומרה של העבירות דומה, אך תיק 1 כולל גם עבירות נוספות כגון ירי באזור מגורים.

2. **תפקיד הנאשם ומעורבותו**: לא ניתן לקבוע בבירור את תפקיד הנאשם ומעורבותו בשני התיקים, אך נראה ששניהם מעורבים באופן פעיל.

3. **שיטת הביצוע (MO)**: שני התיקים מעורבים בהחזקה והובלה של נשק, אך תיק 1 כולל גם שימוש בנשק.

4. **נסיבות הליבה**: שני התיקים מעורבים בהחזקה של נשק, אך תיק 1 כולל גם ירי באזור מגורים.

5. **ישימות כתקדים**: שני התיקים עשויים לשמש כתקדים זה לזה, אך תיק 1 כולל עבירות נוספות שעשויות להשפיע על הענישה.

SIMILARITY_SCORE: 70","ok",""
"ME-16-03-59260-279","ME-16-08-54879-35",2,0,1,"{""מספר עבירה"": ""144 א, 144 ב"", ""סוג_עבירה_החזקה"": ""כן"", ""סוג_עבירה_נשיאה"": ""כן"", ""סוג_עבירה_הובלה"": ""לא"", ""סוג_עבירה_סחר"": ""לא"", ""סוג_עבירה_ניסיון_סחר"": ""לא"", ""סוג_עבירה_ביצוע_עבירות"": ""לא"", ""סוג_עבירה_ייצור"": ""לא"", ""סוג הנשק [אקדח]"": 1.0, ""סטטוס הנשק"": ""נשק עם מחסנית בהכנס"", ""אופן_החזקה_בבית"": ""לא"", ""אופן_החזקה_ברכב"": ""כן"", ""אופן_החזקה_על_גופו"": ""לא"", ""אופן_החזקה_מוסלק"": ""כן"", ""אופן_החזקה_סמוך_לבית"": ""לא"", ""כמות תחמושת"": ""מחסנית המתאימה לאקדח שבתוכה 14 כדורי קליבר 9 מ\""מ"", ""מטרה-סיבת העבירה"": ""סכסוך"", ""תכנון"": ""לא""}","{""מספר עבירה"": ""144 ב"", ""סוג_עבירה_החזקה"": ""לא"", ""סוג_עבירה_נשיאה"": ""כן"", ""סוג_עבירה_הובלה"": ""כן"", ""סוג_עבירה_סחר"": ""לא"", ""סוג_עבירה_ניסיון_סחר"": ""לא"", ""סוג_עבירה_ביצוע_עבירות"": ""לא"", ""סוג_עבירה_ייצור"": ""לא"", ""סוג הנשק [תת מקלע מאולתר]"": 1.0, ""סטטוס הנשק"": ""נשק מופרד מתחמושת"", ""אופן_החזקה_בבית"": ""לא"", ""אופן_החזקה_ברכב"": ""לא"", ""אופן_החזקה_על_גופו"": ""לא"", ""אופן_החזקה_מוסלק"": ""לא"", ""אופן_החזקה_סמוך_לבית"": ""כן"", ""כמות תחמושת"": ""מחסנית המתאימה לנשק ובתוכה 7 כדורים"", ""תכנון"": ""לא""}",40.0,"1. **סוג העבירה וחומרתה**: שני התיקים עוסקים בעבירות נשק, אך תיק 1 מתמקד בהחזקה ונשיאה, בעוד תיק 2 מתמקד בנשיאה והובלה. חומרת העבירות דומה, אך לא זהה.

2. **תפקיד הנאשם ומעורבותו**: לא ניתן לקבוע בבירור את תפקיד הנאשם ומעורבותו בשני התיקים, אך נראה שבשני התיקים הנאשם היה מעורב באופן פעיל.

3. **שיטת הביצוע (MO)**: שני התיקים מתאפיינים בהחזקה/נשיאה של נשק, אך הנשק עצמו שונה (אקדח לעומת תת-מקלע מאולתר).

4. **נסיבות הליבה**: שני התיקים מתאפיינים בהיעדר תכנון, אך הנסיבות הספציפיות של העבירות שונות (סכסוך לעומת לא צוין).

5. **ישימות כתקדים**: בית המשפט עשוי לראות את שני התיקים כרלוונטיים זה לזה לצורכי ענישה, אך הדמיון המהותי ביניהם אינו גבוה.

SIMILARITY_SCORE: 40","ok",""
"SH-18-07-52337-770","SH-16-11-7544-55",3,1,1,"{""מספר עבירה"": ""144 א"", ""סוג_עבירה_החזקה"": ""כן"", ""סוג_עבירה_נשיאה"": ""לא"", ""סוג_עבירה_הובלה"": ""לא"", ""סוג_עבירה_סחר"": ""לא"", ""סוג_עבירה_ניסיון_סחר"": ""לא"", ""סוג_עבירה_ביצוע_עבירות"": ""לא"", ""סוג_עבירה_ייצור"": ""לא"", ""סוג הנשק [תת מקלע מאולתר]"": 1.0, ""סטטוס הנשק"": ""תקין"", ""אופן_החזקה_בבית"": ""כן"", ""אופן_החזקה_ברכב"": ""לא"", ""אופן_החזקה_על_גופו"": ""לא"", ""אופן_החזקה_מוסלק"": ""כן"", ""אופן_החזקה_סמוך_לבית"": ""לא"", ""אופן קבלת הנשק"": ""מאחר"", ""תכנון"": ""לא""}","{""מספר עבירה"": ""144 א"", ""סוג_עבירה_החזקה"": ""כן"", ""סוג_עבירה_נשיאה"": ""לא"", ""סוג_עבירה_הובלה"": ""לא"", ""סוג_עבירה_סחר"": ""לא"", ""סוג_עבירה_ניסיון_סחר"": ""לא"", ""סוג_עבירה_ביצוע_עבירות"": ""לא"", ""סוג_עבירה_ייצור"": ""לא"", ""סוג הנשק [תת מקלע מאולתר]"": 1.0, ""סטטוס הנשק"": ""תקין"", ""אופן_החזקה_בבית"": ""לא"", ""אופן_החזקה_ברכב"": ""לא"", ""אופן_החזקה_על_גופו"": ""לא"", ""אופן_החזקה_מוסלק"": ""כן"", ""אופן_החזקה_סמוך_לבית"": ""לא"", ""אופן קבלת הנשק"": ""מצא"", ""כמות תחמושת"": ""מחסנית המכילה 10 כדורים בקוטר 9 מ\""מ"", ""תכנון"": ""לא""}",80.0,"1. **סוג העבירה וחומרתה**: שני התיקים מתייחסים לעבירת החזקת נשק, ובשניהם הנשק הוא תת-מקלע מאולתר. החומרה של העבירה דומה, שכן בשני התיקים הנשק הוא תקין.

2. **תפקיד הנאשם ומעורבותו**: לא ניתן לקבוע בבירור את תפקיד הנאשם ומעורבותו בשני התיקים, אך נראה שבשניהם הנאשם החזיק בנשק.

3. **שיטת הביצוע (MO)**: שני התיקים מתייחסים להחזקת נשק, אך לא ניתן לקבוע בבירור אם הנשק הוחזק באותו אופן.

4. **נסיבות הליבה**: בשני התיקים לא נמצאו נסיבות מחמירות או מקלות.

5. **ישימות כתקדים**: בשל הדמיון בסוג העבירה, חומרתה ונסיבות הליבה, נראה שבית המשפט יראה את שני התיקים כרלוונטיים זה לזה לצורכי ענישה.

SIMILARITY_SCORE: 80","ok",""
"ME-16-06-42987-901","ME-12-03-13401-281",1,0,0,"{""מספר עבירה"": ""144 ב"", ""סוג_עבירה_החזקה"": ""כן"", ""סוג_עבירה_נשיאה"": ""כן"", ""סוג_עבירה_הובלה"": ""לא"", ""סוג_עבירה_סחר"": ""לא"", ""סוג_עבירה_ניסיון_סחר"": ""לא"", ""סוג_עבירה_ביצוע_עבירות"": ""כן"", ""סוג_עבירה_ייצור"": ""לא"", ""סוג הנשק - אם לא נמצא בטבלה"": ""רימון הלם: 1, רימון גז: 1, כלי נשק מאולתר (ירי, קליבר 9 מ\""מ): 1"", ""סטטוס הנשק"": ""תקול"", ""אופן_החזקה_בבית"": ""לא"", ""אופן_החזקה_ברכב"": ""לא"", ""אופן_החזקה_על_גופו"": ""כן"", ""אופן_החזקה_מוסלק"": ""לא"", ""אופן_החזקה_סמוך_לבית"": ""כן"", ""אופן קבלת הנשק"": ""מאחר"", ""כמות תחמושת"": ""כדור בקליבר 9 מ\""מ"", ""מטרה-סיבת העבירה"": ""סכסוך"", ""עבירות נוספות"": ""איומים לפי סעיף 192 לחוק העונשין; ניסיון לחבלה מחמירה לפי סעיף 329(א)(2) לחוק העונשין; ניסיון תקיפה בנסיבות מחמירות לפי סעיפים 382(א) + 25 לחוק העונשין"", ""תכנון"": ""כן"", ""שימוש"": ""זריקת רימון, ניסיון לירי ללא הצלחה, זריקת רימון""}","{""מספר עבירה"": ""144 א, 144 ב"", ""סוג_עבירה_החזקה"": ""כן"", ""סוג_עבירה_נשיאה"": ""כן"", ""סוג_עבירה_הובלה"": ""כן"", ""סוג_עבירה_סחר"": ""לא"", ""סוג_עבירה_ניסיון_סחר"": ""לא"", ""סוג_עבירה_ביצוע_עבירות"": ""כן"", ""סוג_עבירה_ייצור"": ""לא"", ""סוג הנשק [אקדח]"": 1.0, ""סטטוס הנשק"": ""נשק עם כדור בקנה"", ""אופן_החזקה_בבית"": ""לא"", ""אופן_החזקה_ברכב"": ""כן"", ""אופן_החזקה_על_גופו"": ""לא"", ""אופן_החזקה_מוסלק"": ""לא"", ""אופן_החזקה_סמוך_לבית"": ""לא"", ""אופן קבלת הנשק"": ""מצא"", ""כמות תחמושת"": ""2 מחסניות שבתוכן כדורי אקדח ו-11 כדורי אקדח 9 מ\""מ נוספים"", ""עבירות נוספות"": ""יריות באזור מגורים - עבירה לפי סעיף 340א לחוק"", ""תכנון"": ""לא"", ""שימוש"": ""כן,ירי""}",40.0,"1. **סוג העבירה וחומרתה**: שני התיקים עוסקים בעבירות נשק, אך תיק 1 כולל גם עבירות נוספות כגון איומים, ניסיון לחבלה מחמירה וניסיון תקיפה. תיק 2 כולל עבירת יריות באזור מגורים. חומרת העבירות בתיק 1 נראית חמורה יותר.

2. **תפקיד הנאשם ומעורבותו**: בשני התיקים, הנאשם הוא האדם שהחזיק בנשק, אך בתיק 1 הנאשם היה מעורב בסכסוך, בעוד שבתיק 2 לא צוין סכסוך.

3. **שיטת הביצוע (MO)**: בשני התיקים, הנאשם השתמש בנשק, אך בתיק 1 הנאשם זרק רימון וניסה לירות, בעוד שבתיק 2 הנאשם ירה.

4. **נסיבות הליבה**: בתיק 1, הנאשם החזיק ברימון הלם, רימון גז וכלי נשק מאולתר, בעוד שבתיק 2 הנאשם החזיק באקדח עם כדור בקנה.

5. **ישימות כתקדים**: בשני התיקים, הנאשם הואשם בעבירות נשק, אך הנסיבות וחומרת העבירות שונות.

SIMILARITY_SCORE: 40","ok",""
"SH-20-02-52091-995","SH-16-11-7544-55",3,1,1,"{""מספר עבירה"": ""144 א"", ""סוג_עבירה_החזקה"": ""כן"", ""סוג_עבירה_נשיאה"": ""לא"", ""סוג_עבירה_הובלה"": ""לא"", ""סוג_עבירה_סחר"": ""לא"", ""סוג_עבירה_ניסיון_סחר"": ""לא"", ""סוג_עבירה_ביצוע_עבירות"": ""לא"", ""סוג_עבירה_ייצור"": ""לא"", ""סוג הנשק [תת מקלע מאולתר]"": 1.0, ""סטטוס הנשק"": ""תקין"", ""אופן_החזקה_בבית"": ""כן"", ""אופן_החזקה_ברכב"": ""לא"", ""אופן_החזקה_על_גופו"": ""לא"", ""אופן_החזקה_מוסלק"": ""לא"", ""אופן_החזקה_סמוך_לבית"": ""לא"", ""אופן קבלת הנשק"": ""מצא"", ""כמות תחמושת"": ""כ-20 כדורי 9 מ\""מ"", ""תכנון"": ""לא""}","{""מספר עבירה"": ""144 א"", ""סוג_עבירה_החזקה"": ""כן"", ""סוג_עבירה_נשיאה"": ""לא"", ""סוג_עבירה_הובלה"": ""לא"", ""סוג_עבירה_סחר"": ""לא"", ""סוג_עבירה_ניסיון_סחר"": ""לא"", ""סוג_עבירה_ביצוע_עבירות"": ""לא"", ""סוג_עבירה_ייצור"": ""לא"", ""סוג הנשק [תת מקלע מאולתר]"": 1.0, ""סטטוס הנשק"": ""תקין"", ""אופן_החזקה_בבית"": ""לא"", ""אופן_החזקה_ברכב"": ""לא"", ""אופן_החזקה_על_גופו"": ""לא"", ""אופן_החזקה_מוסלק"": ""כן"", ""אופן_החזקה_סמוך_לבית"": ""לא"", ""אופן קבלת הנשק"": ""מצא"", ""כמות תחמושת"": ""מחסנית המכילה 10 כדורים בקוטר 9 מ\""מ"", ""תכנון"": ""לא""}",80.0,"1. **סוג העבירה וחומרתה**: שני התיקים מתייחסים לעבירת החזקת נשק, ובשניהם הנשק הוא תת-מקלע מאולתר. החומרה של העבירה דומה, שכן בשני התיקים הנשק הוא תקין וישנה כמות משמעותית של תחמושת.

2. **תפקיד הנאשם ומעורבותו**: לא ניתן לקבוע בבירור את תפקיד הנאשם ומעורבותו בשני התיקים, אך נראה שהם מתייחסים לאדם שמחזיק בנשק.

3. **שיטת הביצוע (MO)**: שני התיקים מתייחסים לאדם שמצא את הנשק, ולא לאדם שייצר או רכש אותו.

4. **נסיבות הליבה**: שני התיקים מתייחסים לנשק תקין עם תחמושת, אך הכמות המדויקת של התחמושת שונה. בתיק הראשון, הכמות היא כ-20 כדורים, בעוד שבתיק השני, הכמות היא 10 כדורים.

5. **ישימות כתקדים**: שני התיקים מתייחסים לעבירת החזקת נשק, ובשניהם הנשק הוא תת-מקלע מאולתר. הדמיון בין התיקים הוא גבוה, ונראה שהם יכולים לשמש כתקדים זה לזה.

SIMILARITY_SCORE: 80","ok",""
"SH-14-02-28659-762","SH-16-05-42991-439",2,0,1,"{""מספר עבירה"": ""144 א"", ""סוג_עבירה_החזקה"": ""כן"", ""סוג_עבירה_נשיאה"": ""לא"", ""סוג_עבירה_הובלה"": ""לא"", ""סוג_עבירה_סחר"": ""לא"", ""סוג_עבירה_ניסיון_סחר"": ""לא"", ""סוג_עבירה_ביצוע_עבירות"": ""לא"", ""סוג_עבירה_ייצור"": ""לא"", ""סוג הנשק [תת מקלע מאולתר]"": 1.0, ""סטטוס הנשק"": ""תקין"", ""אופן_החזקה_בבית"": ""כן"", ""אופן_החזקה_ברכב"": ""לא"", ""אופן_החזקה_על_גופו"": ""לא"", ""אופן_החזקה_מוסלק"": ""כן"", ""אופן_החזקה_סמוך_לבית"": ""לא"", ""אופן קבלת הנשק"": ""מאחר"", ""כמות תחמושת"": ""מחסנית וכדורים תואמים"", ""מטרה-סיבת העבירה"": ""הגנה עצמית"", ""תכנון"": ""לא""}","{""מספר עבירה"": ""144 א"", ""סוג_עבירה_החזקה"": ""כן"", ""סוג_עבירה_נשיאה"": ""לא"", ""סוג_עבירה_הובלה"": ""לא"", ""סוג_עבירה_סחר"": ""לא"", ""סוג_עבירה_ניסיון_סחר"": ""לא"", ""סוג_עבירה_ביצוע_עבירות"": ""לא"", ""סוג_עבירה_ייצור"": ""לא"", ""סוג הנשק [אקדח]"": 1.0, ""סטטוס הנשק"": ""נשק עם מחסנית בהכנס"", ""אופן_החזקה_בבית"": ""כן"", ""אופן_החזקה_ברכב"": ""לא"", ""אופן_החזקה_על_גופו"": ""לא"", ""אופן_החזקה_מוסלק"": ""כן"", ""אופן_החזקה_סמוך_לבית"": ""לא"", ""כמות תחמושת"": ""מחסנית עם 13 כדורים 9 מ\""מ"", ""מטרה-סיבת העבירה"": ""סכסוך"", ""עבירות נוספות"": ""שיבוש הליכי משפט, לפי סעיף 244 לחוק"", ""תכנון"": ""לא""}",60.0,"1. **סוג העבירה וחומרתה**: שני התיקים מעורבים בעבירת החזקת נשק, אך הסוג המדויק של הנשק שונה (תת-מקלע מאולתר לעומת אקדח). חומרת העבירה דומה, אך הנסיבות המקלות/מחמירות שונות.

2. **תפקיד הנאשם ומעורבותו**: בשני התיקים, הנאשם הוא החוזק, אך המטרה-סיבת העבירה שונה (הגנה עצמית לעומת סכסוך).

3. **שיטת הביצוע (MO)**: שני התיקים מעורבים בהחזקת נשק, אך האופן המדויק של החזקה שונה (תקין לעומת נשק עם מחסנית בהכנס).

4. **נסיבות הליבה**: הכמות המדויקת של תחמושת שונה, אך שני התיקים מעורבים בהחזקת נשק.

5. **ישימות כתקדים**: בית משפט יראה את שני התיקים כרלוונטיים זה לזה לצורכי ענישה, אך הנסיבות השונות יכולות להשפיע על הענישה.

SIMILARITY_SCORE: 60","ok",""
"ME-14-10-31218-522","ME-17-05-35227-215",1,0,0,"{""מספר עבירה"": ""144 א"", ""סוג_עבירה_החזקה"": ""כן"", ""סוג_עבירה_נשיאה"": ""לא"", ""סוג_עבירה_הובלה"": ""לא"", ""סוג_עבירה_סחר"": ""לא"", ""סוג_עבירה_ניסיון_סחר"": ""לא"", ""סוג_עבירה_ביצוע_עבירות"": ""לא"", ""סוג_עבירה_ייצור"": ""לא"", ""סוג הנשק [רימון הלם/גז]"": 1.0, ""סטטוס הנשק"": ""תקין"", ""אופן_החזקה_בבית"": ""לא"", ""אופן_החזקה_ברכב"": ""לא"", ""אופן_החזקה_על_גופו"": ""לא"", ""אופן_החזקה_מוסלק"": ""לא"", ""אופן_החזקה_סמוך_לבית"": ""כן"", ""מטרה-סיבת העבירה"": ""סכסוך"", ""תכנון"": ""לא"", ""שימוש"": ""זריקת רימון""}","{""מספר עבירה"": ""144 ב"", ""סוג_עבירה_החזקה"": ""כן"", ""סוג_עבירה_נשיאה"": ""כן"", ""סוג_עבירה_הובלה"": ""כן"", ""סוג_עבירה_סחר"": ""לא"", ""סוג_עבירה_ניסיון_סחר"": ""לא"", ""סוג_עבירה_ביצוע_עבירות"": ""לא"", ""סוג_עבירה_ייצור"": ""לא"", ""סוג הנשק [תת מקלע מאולתר]"": 1.0, ""סטטוס הנשק"": ""תקין"", ""אופן_החזקה_בבית"": ""לא"", ""אופן_החזקה_ברכב"": ""כן"", ""אופן_החזקה_על_גופו"": ""לא"", ""אופן_החזקה_מוסלק"": ""לא"", ""אופן_החזקה_סמוך_לבית"": ""לא"", ""אופן קבלת הנשק"": ""מצא"", ""תכנון"": ""לא""}",60.0,"1. **סוג העבירה וחומרתה**: שני התיקים עוסקים בעבירות נשק, אך תיק 1 מתמקד בהחזקת רימון הלם, בעוד תיק 2 מתמקד בהחזקת תת-מקלע מאולתר. החומרה של העבירות שונה, אך שניהם נחשבים לעבירות חמורות.

2. **תפקיד הנאשם ומעורבותו**: בשני התיקים, הנאשם הוא החוזק, אך בתיק 2, הנאשם גם נשא והוביל את הנשק. המעורבות בתיק 2 נראית פעילה יותר.

3. **שיטת הביצוע (MO)**: בתיק 1, הנשק הוחזק בסמוך לבית, בעוד בתיק 2, הנשק הוחזק ברכב. השיטות שונות, אך שניהן מעידות על החזקת נשק.

4. **נסיבות הליבה**: בתיק 1, הנשק הושלך, בעוד בתיק 2, הנשק הוחזק ללא שימוש. הנסיבות שונות, אך שניהן מעידות על החזקת נשק.

5. **ישימות כתקדים**: בית המשפט יכול לראות את שני התיקים כרלוונטיים זה לזה, אך עם הבדלים בחומרה ובנסיבות.

SIMILARITY_SCORE: 60","ok",""
"SH-16-11-7544-55","SH-15-03-49530-992",3,1,1,"{""מספר עבירה"": ""144 א"", ""סוג_עבירה_החזקה"": ""כן"", ""סוג_עבירה_נשיאה"": ""לא"", ""סוג_עבירה_הובלה"": ""לא"", ""סוג_עבירה_סחר"": ""לא"", ""סוג_עבירה_ניסיון_סחר"": ""לא"", ""סוג_עבירה_ביצוע_עבירות"": ""לא"", ""סוג_עבירה_ייצור"": ""לא"", ""סוג הנשק [תת מקלע מאולתר]"": 1.0, ""סטטוס הנשק"": ""תקין"", ""אופן_החזקה_בבית"": ""לא"", ""אופן_החזקה_ברכב"": ""לא"", ""אופן_החזקה_על_גופו"": ""לא"", ""אופן_החזקה_מוסלק"": ""כן"", ""אופן_החזקה_סמוך_לבית"": ""לא"", ""אופן קבלת הנשק"": ""מצא"", ""כמות תחמושת"": ""מחסנית המכילה 10 כדורים בקוטר 9 מ\""מ"", ""תכנון"": ""לא""}","{""מספר עבירה"": ""144 א"", ""סוג_עבירה_החזקה"": ""כן"", ""סוג_עבירה_נשיאה"": ""לא"", ""סוג_עבירה_הובלה"": ""לא"", ""סוג_עבירה_סחר"": ""לא"", ""סוג_עבירה_ניסיון_סחר"": ""לא"", ""סוג_עבירה_ביצוע_עבירות"": ""לא"", ""סוג_עבירה_ייצור"": ""לא"", ""סוג הנשק [תת מקלע מאולתר]"": 1.0, ""סטטוס הנשק"": ""נשק עם מחסנית בהכנס"", ""אופן_החזקה_בבית"": ""לא"", ""אופן_החזקה_ברכב"": ""לא"", ""אופן_החזקה_על_גופו"": ""לא"", ""אופן_החזקה_מוסלק"": ""כן"", ""אופן_החזקה_סמוך_לבית"": ""כן"", ""כמות תחמושת"": ""מחסנית ובה כדורים, מחסנית טעונה בכדורים בקוטר 9 מ\""מ, כדורים בקוטר 5.56 מ\""מ בתפזורת"", ""תכנון"": ""לא""}",80.0,"1. **סוג העבירה וחומרתה**: שני התיקים מעורבים בעבירת החזקת נשק, ובשניהם מדובר בתת-מקלע מאולתר. החומרה של העבירה דומה, אך יש הבדלים בפרטים הטכניים.

2. **תפקיד הנאשם ומעורבותו**: לא ניתן לקבוע בבירור את תפקיד הנאשם ומעורבותו בשני התיקים, אך נראה שמדובר בהחזקת נשק ללא כוונה לסחר או לביצוע עבירות.

3. **שיטת הביצוע (MO)**: שני התיקים מעורבים בהחזקת נשק, אך יש הבדלים באופן החזקה (מוסלק לעומת סמוך לבית) ובכמות התחמושת.

4. **נסיבות הליבה**: שני התיקים לא מעורבים בתכנון, אך יש הבדלים בכמות התחמושת ובאופן החזקה.

5. **ישימות כתקדים**: בית משפט יכול לראות את שני התיקים כרלוונטיים זה לזה לצורכי ענישה, אך יש לקחת בחשבון את ההבדלים בפרטים הטכניים.

SIMILARITY_SCORE: 80","ok",""
"ME-16-11-13999-863","ME-21-10-18557-340",1,0,0,"{""מספר עבירה"": ""144 א, 144 ב"", ""סוג_עבירה_החזקה"": ""כן"", ""סוג_עבירה_נשיאה"": ""כן"", ""סוג_עבירה_הובלה"": ""כן"", ""סוג_עבירה_סחר"": ""לא"", ""סוג_עבירה_ניסיון_סחר"": ""לא"", ""סוג_עבירה_ביצוע_עבירות"": ""לא"", ""סוג_עבירה_ייצור"": ""לא"", ""סוג הנשק [אקדח]"": 1.0, ""סטטוס הנשק"": ""נשק עם מחסנית בהכנס"", ""אופן_החזקה_בבית"": ""לא"", ""אופן_החזקה_ברכב"": ""כן"", ""אופן_החזקה_על_גופו"": ""כן"", ""אופן_החזקה_מוסלק"": ""לא"", ""אופן_החזקה_סמוך_לבית"": ""לא"", ""כמות תחמושת"": ""מחסנית עם כדורים לאקדח, מחסנית נוספת עם כדורים לאקדח"", ""מטרה-סיבת העבירה"": ""תדמית"", ""תכנון"": ""לא""}","{""מספר עבירה"": ""144 א, 144 ב"", ""סוג_עבירה_החזקה"": ""כן"", ""סוג_עבירה_נשיאה"": ""כן"", ""סוג_עבירה_הובלה"": ""כן"", ""סוג_עבירה_סחר"": ""לא"", ""סוג_עבירה_ניסיון_סחר"": ""לא"", ""סוג_עבירה_ביצוע_עבירות"": ""כן"", ""סוג_עבירה_ייצור"": ""לא"", ""סוג הנשק [תת מקלע מאולתר]"": 1.0, ""סטטוס הנשק"": ""נשק עם מחסנית בהכנס"", ""אופן_החזקה_בבית"": ""לא"", ""אופן_החזקה_ברכב"": ""כן"", ""אופן_החזקה_על_גופו"": ""כן"", ""אופן_החזקה_מוסלק"": ""לא"", ""אופן_החזקה_סמוך_לבית"": ""לא"", ""כמות תחמושת"": ""מחסנית ולכל הפחות שני כדורים תואמים לתת המקלע בקליבר 9 מ\""מ"", ""מטרה-סיבת העבירה"": ""סכסוך"", ""עבירות נוספות"": ""ירי מנשק חם"", ""תכנון"": ""לא"", ""שימוש"": ""כן,ירי""}",60.0,"1. **סוג העבירה וחומרתה**: שני התיקים עוסקים בעבירות נשק, כולל החזקה, נשיאה והובלה, אך תיק 2 כולל גם ביצוע עבירות וירי מנשק חם, מה שמעלה את רמת החומרה.

2. **תפקיד הנאשם ומעורבותו**: לא ניתן לקבוע בבירור את תפקיד הנאשם ומעורבותו בשני התיקים, אך נראה שבתיק 2 הנאשם היה מעורב באופן פעיל יותר.

3. **שיטת הביצוע (MO)**: שני התיקים כוללים החזקה, נשיאה והובלה של נשק, אך תיק 2 כולל גם ירי מנשק חם, מה שמעלה את רמת הסיכון.

4. **נסיבות הליבה**: שני התיקים כוללים החזקה של נשק עם מחסנית בהכנס, אך תיק 2 כולל גם ירי מנשק חם, מה שמעלה את רמת הסיכון.

5. **ישימות כתקדים**: למרות הדמיון בין שני התיקים, הבדלים בחומרה ובנסיבות הליבה עשויים להשפיע על ישימותם כתקדים.

SIMILARITY_SCORE: 60","ok",""
"ME-16-10-12213-904","ME-16-01-189-123",3,1,1,"{""מספר עבירה"": ""144 ב"", ""סוג_עבירה_החזקה"": ""כן"", ""סוג_עבירה_נשיאה"": ""כן"", ""סוג_עבירה_הובלה"": ""כן"", ""סוג_עבירה_סחר"": ""לא"", ""סוג_עבירה_ניסיון_סחר"": ""לא"", ""סוג_עבירה_ביצוע_עבירות"": ""לא"", ""סוג_עבירה_ייצור"": ""לא"", ""סוג הנשק [תת מקלע מאולתר]"": 1.0, ""סטטוס הנשק"": ""נשק מופרד מתחמושת"", ""אופן_החזקה_בבית"": ""לא"", ""אופן_החזקה_ברכב"": ""כן"", ""אופן_החזקה_על_גופו"": ""לא"", ""אופן_החזקה_מוסלק"": ""כן"", ""אופן_החזקה_סמוך_לבית"": ""כן"", ""כמות תחמושת"": ""מחסנית ריקה ובה 0 כדורים + 1 כדור"", ""תכנון"": ""לא""}","{""מספר עבירה"": ""144 א, 144 ב"", ""סוג_עבירה_החזקה"": ""כן"", ""סוג_עבירה_נשיאה"": ""כן"", ""סוג_עבירה_הובלה"": ""כן"", ""סוג_עבירה_סחר"": ""לא"", ""סוג_עבירה_ניסיון_סחר"": ""לא"", ""סוג_עבירה_ביצוע_עבירות"": ""לא"", ""סוג_עבירה_ייצור"": ""לא"", ""סוג הנשק [תת מקלע מאולתר]"": 1.0, ""סטטוס הנשק"": ""נשק מופרד מתחמושת"", ""אופן_החזקה_בבית"": ""לא"", ""אופן_החזקה_ברכב"": ""כן"", ""אופן_החזקה_על_גופו"": ""לא"", ""אופן_החזקה_מוסלק"": ""כן"", ""אופן_החזקה_סמוך_לבית"": ""לא"", ""אופן קבלת הנשק"": ""רכש"", ""כמות תחמושת"": ""מחסנית ריקה תואמת, קופסת תחמושת המכילה 50 כדורים מסוג 9 מ\""מ"", ""עבירות נוספות"": ""קשירת קשר לסחר בסם מסוכן, לפי סעיף 13 + 19א לפקודת הסמים המסוכנים [נוסח חדש], תשל\""ג-1973, יחד עם סעיף 499(א)(1) לחוק העונשין, התשל\""ז-1977"", ""תכנון"": ""לא""}",60.0,"1. **סוג העבירה וחומרתה**: שני התיקים עוסקים בעבירות החזקה, נשיאה והובלה של נשק, אך תיק 2 כולל גם עבירות נוספות של סחר בסם מסוכן. חומרת העבירות דומה, אך תיק 2 נראה מחמיר יותר.

2. **תפקיד הנאשם ומעורבותו**: לא ניתן לקבוע בבירור את תפקיד הנאשם ומעורבותו בשני התיקים, אך נראה שהם מעורבים באופן פעיל.

3. **שיטת הביצוע (MO)**: שני התיקים כוללים החזקה, נשיאה והובלה של נשק, אך תיק 2 כולל גם רכישת הנשק.

4. **נסיבות הליבה**: שני התיקים כוללים החזקה של תת-מקלע מאולתר, אך תיק 2 כולל גם כמות גדולה יותר של תחמושת.

5. **ישימות כתקדים**: בית המשפט יכול לראות את שני התיקים כרלוונטיים זה לזה לצורכי ענישה, אך תיק 2 נראה מחמיר יותר.

SIMILARITY_SCORE: 60","ok",""
"SH-15-12-65958-120","ME-16-05-9983-155",2,0,1,"{""מספר עבירה"": ""144 א"", ""סוג_עבירה_החזקה"": ""כן"", ""סוג_עבירה_נשיאה"": ""לא"", ""סוג_עבירה_הובלה"": ""לא"", ""סוג_עבירה_סחר"": ""לא"", ""סוג_עבירה_ניסיון_סחר"": ""לא"", ""סוג_עבירה_ביצוע_עבירות"": ""לא"", ""סוג_עבירה_ייצור"": ""לא"", ""סוג הנשק [אקדח]"": 2.0, ""סוג הנשק [תת מקלע מאולתר]"": 1.0, ""סטטוס הנשק"": ""נשק עם מחסנית בהכנס"", ""אופן_החזקה_בבית"": ""כן"", ""אופן_החזקה_ברכב"": ""לא"", ""אופן_החזקה_על_גופו"": ""לא"", ""אופן_החזקה_מוסלק"": ""כן"", ""אופן_החזקה_סמוך_לבית"": ""לא"", ""כמות תחמושת"": ""אקדח זיג זאוור טעון במחסנית ו-8 כדורי אקדח בקוטר 9 מ\""מ, נשק מאולתר מסוג קרלו טעון במחסנית ובה 15 כדורי 9 מ\""מ, אקדח נוסף ושתי מחסניות האחת ריקה ואחת מלאה ב-6 כדורי אקדח בקוטר 7.65"", ""מטרה-סיבת העבירה"": ""הגנה עצמית"", ""תכנון"": ""לא""}","{""מספר עבירה"": ""144 א, 144 ב"", ""סוג_עבירה_החזקה"": ""כן"", ""סוג_עבירה_נשיאה"": ""כן"", ""סוג_עבירה_הובלה"": ""כן"", ""סוג_עבירה_סחר"": ""לא"", ""סוג_עבירה_ניסיון_סחר"": ""לא"", ""סוג_עבירה_ביצוע_עבירות"": ""לא"", ""סוג_עבירה_ייצור"": ""לא"", ""סוג הנשק [תת מקלע מאולתר]"": 1.0, ""סטטוס הנשק"": ""תקין"", ""אופן_החזקה_בבית"": ""לא"", ""אופן_החזקה_ברכב"": ""לא"", ""אופן_החזקה_על_גופו"": ""לא"", ""אופן_החזקה_מוסלק"": ""כן"", ""אופן_החזקה_סמוך_לבית"": ""לא"", ""אופן קבלת הנשק"": ""מאחר"", ""כמות תחמושת"": ""מחסנית"", ""תכנון"": ""לא""}",52.0,"1. **סוג העבירה וחומרתה**: שני התיקים עוסקים בעבירות החזקת נשק, אך תיק 2 כולל גם עבירות נשיאה והובלה. חומרת העבירות בתיק 2 גבוהה יותר. (דמיון: 60%)

2. **תפקיד הנאשם ומעורבותו**: לא ניתן לקבוע בבירור את תפקיד הנאשם בשני התיקים, אך נראה שבתיק 2 הנאשם היה מעורב באופן פעיל יותר. (דמיון: 40%)

3. **שיטת הביצוע (MO)**: שני התיקים כוללים החזקת נשק, אך תיק 2 כולל גם נשיאה והובלה. (דמיון: 50%)

4. **נסיבות הליבה**: שני התיקים כוללים החזקת נשק, אך תיק 2 כולל גם נשק תקין. (דמיון: 50%)

5. **ישימות כתקדים**: בית המשפט יכול לראות את שני התיקים כרלוונטיים זה לזה לצורכי ענישה, אך חומרת העבירות בתיק 2 גבוהה יותר. (דמיון: 60%)

SIMILARITY_SCORE: 52","ok",""
"ME-18-04-19642-504","ME-16-07-45228-25",1,0,0,"{""מספר עבירה"": ""144 א, 144 ב"", ""סוג_עבירה_החזקה"": ""כן"", ""סוג_עבירה_נשיאה"": ""כן"", ""סוג_עבירה_הובלה"": ""כן"", ""סוג_עבירה_סחר"": ""לא"", ""סוג_עבירה_ניסיון_סחר"": ""לא"", ""סוג_עבירה_ביצוע_עבירות"": ""לא"", ""סוג_עבירה_ייצור"": ""לא"", ""סוג הנשק [אקדח]"": 1.0, ""סטטוס הנשק"": ""נשק עם כדור בקנה"", ""אופן_החזקה_בבית"": ""לא"", ""אופן_החזקה_ברכב"": ""כן"", ""אופן_החזקה_על_גופו"": ""כן"", ""אופן_החזקה_מוסלק"": ""כן"", ""אופן_החזקה_סמוך_לבית"": ""לא"", ""אופן קבלת הנשק"": ""רכש"", ""כמות תחמושת"": ""שתי מחסניות ולא פחות מ 40 כדורים"", ""מטרה-סיבת העבירה"": ""סכסוך"", ""עבירות נוספות"": ""מעשי פזיזות ורשלנות, לפי ס' 338(א)(5) לחוק"", ""תכנון"": ""לא"", ""שימוש"": ""כן,ירי""}","{""מספר עבירה"": ""144 ב"", ""סוג_עבירה_החזקה"": ""כן"", ""סוג_עבירה_נשיאה"": ""כן"", ""סוג_עבירה_הובלה"": ""לא"", ""סוג_עבירה_סחר"": ""לא"", ""סוג_עבירה_ניסיון_סחר"": ""לא"", ""סוג_עבירה_ביצוע_עבירות"": ""לא"", ""סוג_עבירה_ייצור"": ""לא"", ""סוג הנשק [אקדח]"": 1.0, ""סטטוס הנשק"": ""תקין"", ""אופן_החזקה_בבית"": ""כן"", ""אופן_החזקה_ברכב"": ""לא"", ""אופן_החזקה_על_גופו"": ""כן"", ""אופן_החזקה_מוסלק"": ""כן"", ""אופן_החזקה_סמוך_לבית"": ""כן"", ""אופן קבלת הנשק"": ""מצא"", ""כמות תחמושת"": ""מחסנית ובה 10 כדורים"", ""תכנון"": ""לא""}",75.0,"1. **סוג העבירה וחומרתה**: שני התיקים עוסקים בעבירות החזקה ונשיאה של נשק, אך תיק 1 כולל גם הובלה. חומרת העבירות דומה, אך תיק 1 כולל גם עבירות נוספות. (דמיון: 80)

2. **תפקיד הנאשם ומעורבותו**: בשני התיקים, הנאשם הוא החוזק/נושא הנשק, אך לא ברור אם הוא היזם או השליח. (דמיון: 70)

3. **שיטת הביצוע (MO)**: שני התיקים כוללים החזקה ונשיאה של נשק, אך תיק 1 כולל גם הובלה. (דמיון: 80)

4. **נסיבות הליבה**: שני התיקים כוללים החזקה של אקדח, אך תיק 1 כולל גם שימוש בנשק. (דמיון: 70)

5. **ישימות כתקדים**: שני התיקים עוסקים בעבירות החזקה ונשיאה של נשק, אך תיק 1 כולל גם הובלה. (דמיון: 80)

SIMILARITY_SCORE: 75","ok",""
"ME-15-03-29911-554","ME-16-02-18397-87",1,0,0,"{""מספר עבירה"": ""144 א, 144 ב"", ""סוג_עבירה_החזקה"": ""כן"", ""סוג_עבירה_נשיאה"": ""כן"", ""סוג_עבירה_הובלה"": ""לא"", ""סוג_עבירה_סחר"": ""לא"", ""סוג_עבירה_ניסיון_סחר"": ""לא"", ""סוג_עבירה_ביצוע_עבירות"": ""כן"", ""סוג_עבירה_ייצור"": ""לא"", ""סוג הנשק [אקדח]"": 1.0, ""סטטוס הנשק"": ""נשק עם כדור בקנה"", ""אופן_החזקה_בבית"": ""לא"", ""אופן_החזקה_ברכב"": ""כן"", ""אופן_החזקה_על_גופו"": ""כן"", ""אופן_החזקה_מוסלק"": ""לא"", ""אופן_החזקה_סמוך_לבית"": ""לא"", ""כמות תחמושת"": ""מחסנית ובה 12 כדורים, מחסנית נוספת, קופסא המכילה 20 כדורים נוספים, 24 כדורים נוספים"", ""עבירות נוספות"": ""ירי מנשק חם באזור מגורים"", ""תכנון"": ""לא"", ""שימוש"": ""כן,ירי""}","{""מספר עבירה"": ""144 ב"", ""סוג_עבירה_החזקה"": ""לא"", ""סוג_עבירה_נשיאה"": ""כן"", ""סוג_עבירה_הובלה"": ""כן"", ""סוג_עבירה_סחר"": ""לא"", ""סוג_עבירה_ניסיון_סחר"": ""לא"", ""סוג_עבירה_ביצוע_עבירות"": ""כן"", ""סוג_עבירה_ייצור"": ""לא"", ""סוג הנשק [אקדח]"": 1.0, ""סטטוס הנשק"": ""תקול"", ""אופן_החזקה_בבית"": ""לא"", ""אופן_החזקה_ברכב"": ""כן"", ""אופן_החזקה_על_גופו"": ""כן"", ""אופן_החזקה_מוסלק"": ""כן"", ""אופן_החזקה_סמוך_לבית"": ""לא"", ""אופן קבלת הנשק"": ""רכש"", ""כמות תחמושת"": ""כדורים לרובה"", ""מטרה-סיבת העבירה"": ""הגנה עצמית"", ""עבירות נוספות"": ""נהיגה ללא רישיון לפי סעיף 10(א) לפקודת התעבורה, נהיגה ללא ביטוח לפי סעיף 2(א)(ב) לפקודת ביטוח רכב מנועי, וללא רישיון רכב לפי סעיף 2 לפקודת התעבורה"", ""תכנון"": ""לא""}",40.0,"1. **סוג העבירה וחומרתה**: שני התיקים עוסקים בעבירות נשק, אך תיק 1 כולל גם עבירת ירי מנשק חם באזור מגורים, בעוד תיק 2 כולל עבירות נוספות שאינן קשורות לנשק. חומרת העבירות בתיק 1 נראית חמורה יותר.

2. **תפקיד הנאשם ומעורבותו**: בשני התיקים, הנאשם החזיק בנשק, אך בתיק 1 הנאשם גם ירה מהנשק, בעוד בתיק 2 הנאשם רכש את הנשק לצורך הגנה עצמית.

3. **שיטת הביצוע (MO)**: שני התיקים כוללים החזקת נשק, אך בתיק 1 הנאשם החזיק בנשק עם כדור בקנה, בעוד בתיק 2 הנשק היה תקול.

4. **נסיבות הליבה**: בתיק 1, הנאשם החזיק בכמות גדולה של תחמושת, בעוד בתיק 2 הנאשם החזיק בכדורים לרובה.

5. **ישימות כתקדים**: בשני התיקים, הנאשם החזיק בנשק, אך הנסיבות והחומרת העבירות שונות.

SIMILARITY_SCORE: 40","ok",""
"ME-16-11-69158-529","ME-16-01-3772-806",3,1,1,"{""מספר עבירה"": ""144 ב"", ""סוג_עבירה_החזקה"": ""כן"", ""סוג_עבירה_נשיאה"": ""כן"", ""סוג_עבירה_הובלה"": ""כן"", ""סוג_עבירה_סחר"": ""לא"", ""סוג_עבירה_ניסיון_סחר"": ""לא"", ""סוג_עבירה_ביצוע_עבירות"": ""לא"", ""סוג_עבירה_ייצור"": ""לא"", ""סוג הנשק [תת מקלע מאולתר]"": 1.0, ""סטטוס הנשק"": ""נשק עם כדור בקנה"", ""אופן_החזקה_בבית"": ""לא"", ""אופן_החזקה_ברכב"": ""כן"", ""אופן_החזקה_על_גופו"": ""לא"", ""אופן_החזקה_מוסלק"": ""כן"", ""אופן_החזקה_סמוך_לבית"": ""כן"", ""אופן קבלת הנשק"": ""רכש"", ""כמות תחמושת"": ""מחסנית ותחמושת מסוג 9 מ\""מ"", ""מטרה-סיבת העבירה"": ""חתונה"", ""עבירות נוספות"": ""ירי באזור מגורים, עבירה לפי סעיף 340 א' בחוק"", ""תכנון"": ""כן"", ""שימוש"": ""כן,ירי""}","{""מספר עבירה"": ""144 א, 144 ב"", ""סוג_עבירה_החזקה"": ""כן"", ""סוג_עבירה_נשיאה"": ""כן"", ""סוג_עבירה_הובלה"": ""כן"", ""סוג_עבירה_סחר"": ""לא"", ""סוג_עבירה_ניסיון_סחר"": ""לא"", ""סוג_עבירה_ביצוע_עבירות"": ""לא"", ""סוג_עבירה_ייצור"": ""לא"", ""סוג הנשק [תת מקלע]"": 1.0, ""סוג הנשק [תת מקלע מאולתר]"": 1.0, ""סטטוס הנשק"": ""תקין"", ""אופן_החזקה_בבית"": ""לא"", ""אופן_החזקה_ברכב"": ""לא"", ""אופן_החזקה_על_גופו"": ""לא"", ""אופן_החזקה_מוסלק"": ""כן"", ""אופן_החזקה_סמוך_לבית"": ""כן"", ""אופן קבלת הנשק"": ""רכש"", ""כמות תחמושת"": ""מחסנית וכדורים"", ""מטרה-סיבת העבירה"": ""הגנה עצמית"", ""תכנון"": ""כן"", ""שימוש"": ""כן,ירי""}",60.0,"1. **סוג העבירה וחומרתה**: שני התיקים עוסקים בעבירות החזקה, נשיאה והובלה של נשק, ולכן יש דמיון בסוג העבירה. אולם, החומרה של העבירות שונה, שכן בתיק 1 הנשק היה עם כדור בקנה, בעוד שבתיק 2 הנשק היה תקין אך ללא כדור בקנה.

2. **תפקיד הנאשם ומעורבותו**: בשני התיקים, הנאשם היה הבעלים של הנשק, ולכן יש דמיון בתפקיד הנאשם. אולם, המעורבות של הנאשם בתיק 1 הייתה יותר פעילה, שכן הוא השתמש בנשק לירי באזור מגורים.

3. **שיטת הביצוע (MO)**: שני התיקים עוסקים ברכישת נשק, אך המטרה-סיבת העבירה שונה. בתיק 1, המטרה-סיבת העבירה הייתה חתונה, בעוד שבתיק 2, המטרה-סיבת העבירה הייתה הגנה עצמית.

4. **נסיבות הליבה**: שני התיקים עוסקים בנשק, אך הכמות והסוג של התחמושת שונים. בתיק 1, הנשק היה עם מחסנית ותחמושת מסוג 9 מ""מ, בעוד שבתיק 2, הנשק היה עם מחסנית וכדורים.

5. **ישימות כתקדים**: למרות הדמיון בסוג העבירה, החומרה של העבירות שונה, ולכן יש ספק אם בית משפט יראה את שני התיקים כרלוונטיים זה לזה לצורכי ענישה.

SIMILARITY_SCORE: 60","ok",""
"ME-17-02-54432-484","ME-16-05-25902-514",3,1,1,"{""מספר עבירה"": ""144 א, 144 ב"", ""סוג_עבירה_החזקה"": ""כן"", ""סוג_עבירה_נשיאה"": ""כן"", ""סוג_עבירה_הובלה"": ""לא"", ""סוג_עבירה_סחר"": ""לא"", ""סוג_עבירה_ניסיון_סחר"": ""לא"", ""סוג_עבירה_ביצוע_עבירות"": ""לא"", ""סוג_עבירה_ייצור"": ""לא"", ""סוג הנשק [אקדח]"": 1.0, ""סטטוס הנשק"": ""נשק עם מחסנית בהכנס"", ""אופן_החזקה_בבית"": ""לא"", ""אופן_החזקה_ברכב"": ""כן"", ""אופן_החזקה_על_גופו"": ""כן"", ""אופן_החזקה_מוסלק"": ""כן"", ""אופן_החזקה_סמוך_לבית"": ""כן"", ""כמות תחמושת"": ""מחסנית ובה 7 כדורים"", ""מטרה-סיבת העבירה"": ""הגנה עצמית"", ""תכנון"": ""לא""}","{""מספר עבירה"": ""144 א, 144 ב"", ""סוג_עבירה_החזקה"": ""כן"", ""סוג_עבירה_נשיאה"": ""כן"", ""סוג_עבירה_הובלה"": ""לא"", ""סוג_עבירה_סחר"": ""לא"", ""סוג_עבירה_ניסיון_סחר"": ""לא"", ""סוג_עבירה_ביצוע_עבירות"": ""לא"", ""סוג_עבירה_ייצור"": ""לא"", ""סוג הנשק [אקדח]"": 1.0, ""סטטוס הנשק"": ""תקין"", ""אופן_החזקה_בבית"": ""כן"", ""אופן_החזקה_ברכב"": ""לא"", ""אופן_החזקה_על_גופו"": ""כן"", ""אופן_החזקה_מוסלק"": ""כן"", ""אופן_החזקה_סמוך_לבית"": ""לא"", ""אופן קבלת הנשק"": ""רכש"", ""כמות תחמושת"": ""מחסנית ובה 7 כדורים"", ""מטרה-סיבת העבירה"": ""הגנה עצמית"", ""תכנון"": ""לא""}",90.0,"1. **סוג העבירה וחומרתה**: שני התיקים מעורבים בעבירות החזקה ונשיאה של נשק, ולכן יש דמיון בסוג העבירה. חומרת העבירה גם דומה, שכן שני התיקים מעורבים בהחזקה של אקדח עם מחסנית.
2. **תפקיד הנאשם ומעורבותו**: שני התיקים מעורבים בהחזקה ונשיאה של נשק, ולכן יש דמיון בתפקיד הנאשם. מעורבותם של הנאשמים גם דומה, שכן שניהם החזיקו בנשק.
3. **שיטת הביצוע (MO)**: שני התיקים מעורבים בהחזקה של אקדח, ולכן יש דמיון בשיטת הביצוע.
4. **נסיבות הליבה**: שני התיקים מעורבים בהחזקה של אקדח עם מחסנית, ולכן יש דמיון בנסיבות הליבה. המטרה-סיבת העבירה גם דומה, שכן שני התיקים מעורבים בהגנה עצמית.
5. **ישימות כתקדים**: שני התיקים מעורבים בעבירות החזקה ונשיאה של נשק, ולכן יש דמיון בישימות כתקדים.

SIMILARITY_SCORE: 90","ok",""
"SH-17-10-10556-234","ME-09-06-10774-130",2,0,1,"{""מספר עבירה"": ""144 א"", ""סוג_עבירה_החזקה"": ""כן"", ""סוג_עבירה_נשיאה"": ""לא"", ""סוג_עבירה_הובלה"": ""לא"", ""סוג_עבירה_סחר"": ""לא"", ""סוג_עבירה_ניסיון_סחר"": ""לא"", ""סוג_עבירה_ביצוע_עבירות"": ""לא"", ""סוג_עבירה_ייצור"": ""לא"", ""סוג הנשק [אקדח]"": 2.0, ""סטטוס הנשק"": ""נשק מופרד מתחמושת"", ""אופן_החזקה_בבית"": ""לא"", ""אופן_החזקה_ברכב"": ""לא"", ""אופן_החזקה_על_גופו"": ""לא"", ""אופן_החזקה_מוסלק"": ""כן"", ""אופן_החזקה_סמוך_לבית"": ""כן"", ""אופן קבלת הנשק"": ""מאחר"", ""כמות תחמושת"": ""מחסנית ובה 10 כדורים, מחסנית ובה 0 כדורים"", ""תכנון"": ""לא""}","{""מספר עבירה"": ""144 א, 144 ב"", ""סוג_עבירה_החזקה"": ""כן"", ""סוג_עבירה_נשיאה"": ""כן"", ""סוג_עבירה_הובלה"": ""לא"", ""סוג_עבירה_סחר"": ""לא"", ""סוג_עבירה_ניסיון_סחר"": ""לא"", ""סוג_עבירה_ביצוע_עבירות"": ""לא"", ""סוג_עבירה_ייצור"": ""לא"", ""סוג הנשק [אקדח]"": 1.0, ""סטטוס הנשק"": ""תקין"", ""אופן_החזקה_בבית"": ""לא"", ""אופן_החזקה_ברכב"": ""כן"", ""אופן_החזקה_על_גופו"": ""לא"", ""אופן_החזקה_מוסלק"": ""לא"", ""אופן_החזקה_סמוך_לבית"": ""לא"", ""אופן קבלת הנשק"": ""מצא"", ""תכנון"": ""לא""}",58.0,"1. **סוג העבירה וחומרתה**: שני התיקים עוסקים בעבירות החזקת נשק, אך תיק 2 כולל גם עבירת נשיאת נשק. חומרת העבירות דומה, אך תיק 2 חמור יותר בשל הנשיאה. (דמיון: 70%)

2. **תפקיד הנאשם ומעורבותו**: לא ניתן לקבוע בבירור את תפקיד הנאשם ומעורבותו בשני התיקים, אך נראה שהם מעורבים באופן פעיל. (דמיון: 50%)

3. **שיטת הביצוע (MO)**: שני התיקים עוסקים בהחזקת נשק, אך האופן בו הנשק הוחזק שונה. בתיק 1, הנשק הוחזק באופן מוסלק, בעוד שבתיק 2, הנשק הוחזק ברכב. (דמיון: 40%)

4. **נסיבות הליבה**: שני התיקים כוללים נשק, אך הסטטוס של הנשק שונה. בתיק 1, הנשק היה מופרד מתחמושת, בעוד שבתיק 2, הנשק היה תקין. (דמיון: 60%)

5. **ישימות כתקדים**: שני התיקים עוסקים בעבירות החזקת נשק, אך תיק 2 חמור יותר בשל הנשיאה. בית המשפט יכול לראות את שני התיקים כרלוונטיים זה לזה לצורכי ענישה, אך תיק 2 יקבל עונש חמור יותר. (דמיון: 70%)

SIMILARITY_SCORE: 58","ok",""
"sh-10-05-7434-952","ME-21-10-18557-340",1,0,0,"{""מספר עבירה"": ""144 א"", ""סוג_עבירה_החזקה"": ""כן"", ""סוג_עבירה_נשיאה"": ""לא"", ""סוג_עבירה_הובלה"": ""לא"", ""סוג_עבירה_סחר"": ""לא"", ""סוג_עבירה_ניסיון_סחר"": ""לא"", ""סוג_עבירה_ביצוע_עבירות"": ""לא"", ""סוג_עבירה_ייצור"": ""לא"", ""סוג הנשק [אקדח]"": 2.0, ""סטטוס הנשק"": ""נשק עם מחסנית בהכנס"", ""אופן_החזקה_בבית"": ""כן"", ""אופן_החזקה_ברכב"": ""לא"", ""אופן_החזקה_על_גופו"": ""לא"", ""אופן_החזקה_מוסלק"": ""כן"", ""אופן_החזקה_סמוך_לבית"": ""לא"", ""אופן קבלת הנשק"": ""רכש"", ""כמות תחמושת"": ""מחסנית בפנים"", ""תכנון"": ""לא""}","{""מספר עבירה"": ""144 א, 144 ב"", ""סוג_עבירה_החזקה"": ""כן"", ""סוג_עבירה_נשיאה"": ""כן"", ""סוג_עבירה_הובלה"": ""כן"", ""סוג_עבירה_סחר"": ""לא"", ""סוג_עבירה_ניסיון_סחר"": ""לא"", ""סוג_עבירה_ביצוע_עבירות"": ""כן"", ""סוג_עבירה_ייצור"": ""לא"", ""סוג הנשק [תת מקלע מאולתר]"": 1.0, ""סטטוס הנשק"": ""נשק עם מחסנית בהכנס"", ""אופן_החזקה_בבית"": ""לא"", ""אופן_החזקה_ברכב"": ""כן"", ""אופן_החזקה_על_גופו"": ""כן"", ""אופן_החזקה_מוסלק"": ""לא"", ""אופן_החזקה_סמוך_לבית"": ""לא"", ""כמות תחמושת"": ""מחסנית ולכל הפחות שני כדורים תואמים לתת המקלע בקליבר 9 מ\""מ"", ""מטרה-סיבת העבירה"": ""סכסוך"", ""עבירות נוספות"": ""ירי מנשק חם"", ""תכנון"": ""לא"", ""שימוש"": ""כן,ירי""}",40.0,"1. **סוג העבירה וחומרתה**: שני התיקים עוסקים בעבירות הקשורות לנשק, אך תיק 1 מתמקד בהחזקת נשק (144 א), בעוד תיק 2 כולל החזקה, נשיאה, הובלה וביצוע עבירות (144 א, 144 ב). חומרת העבירות בתיק 2 גבוהה יותר.

2. **תפקיד הנאשם ומעורבותו**: לא ניתן לקבוע בבירור את תפקיד הנאשם ומעורבותו בשני התיקים, אך נראה שבתיק 2 הנאשם היה מעורב באופן פעיל יותר.

3. **שיטת הביצוע (MO)**: שני התיקים כוללים החזקת נשק, אך תיק 2 כולל גם נשיאה, הובלה וביצוע עבירות. האמצעים השונים (אקדח לעומת תת-מקלע) מצביעים על שיטות ביצוע שונות.

4. **נסיבות הליבה**: שני התיקים כוללים החזקת נשק עם מחסנית בהכנס, אך תיק 2 כולל גם ירי מנשק חם. הכמות הגדולה יותר של תחמושת בתיק 2 מצביעה על נסיבות חמורות יותר.

5. **ישימות כתקדים**: בית המשפט עשוי לראות את שני התיקים כרלוונטיים זה לזה לצורכי ענישה, אך החומרה הגבוהה יותר של העבירות בתיק 2 עשויה להשפיע על הענישה.

SIMILARITY_SCORE: 40","ok",""
"SH-10-02-25802-731","ME-13-04-35007-454",1,0,0,"{""מספר עבירה"": ""144 א"", ""סוג_עבירה_החזקה"": ""כן"", ""סוג_עבירה_נשיאה"": ""לא"", ""סוג_עבירה_הובלה"": ""לא"", ""סוג_עבירה_סחר"": ""לא"", ""סוג_עבירה_ניסיון_סחר"": ""לא"", ""סוג_עבירה_ביצוע_עבירות"": ""לא"", ""סוג_עבירה_ייצור"": ""לא"", ""סוג הנשק [רובה צייד]"": 1.0, ""סטטוס הנשק"": ""תקול"", ""אופן_החזקה_בבית"": ""כן"", ""אופן_החזקה_ברכב"": ""לא"", ""אופן_החזקה_על_גופו"": ""לא"", ""אופן_החזקה_מוסלק"": ""לא"", ""אופן_החזקה_סמוך_לבית"": ""לא"", ""אופן קבלת הנשק"": ""מצא"", ""תכנון"": ""לא""}","{""מספר עבירה"": ""144 א, 144 ב"", ""סוג_עבירה_החזקה"": ""כן"", ""סוג_עבירה_נשיאה"": ""כן"", ""סוג_עבירה_הובלה"": ""כן"", ""סוג_עבירה_סחר"": ""לא"", ""סוג_עבירה_ניסיון_סחר"": ""לא"", ""סוג_עבירה_ביצוע_עבירות"": ""לא"", ""סוג_עבירה_ייצור"": ""לא"", ""סוג הנשק [אקדח]"": 1.0, ""סטטוס הנשק"": ""נשק עם מחסנית בהכנס"", ""אופן_החזקה_בבית"": ""לא"", ""אופן_החזקה_ברכב"": ""לא"", ""אופן_החזקה_על_גופו"": ""כן"", ""אופן_החזקה_מוסלק"": ""לא"", ""אופן_החזקה_סמוך_לבית"": ""לא"", ""מטרה-סיבת העבירה"": ""סכסוך"", ""תכנון"": ""לא""}",40.0,"1. **סוג העבירה וחומרתה**: שני התיקים עוסקים בעבירות הקשורות לנשק, אך תיק 2 כולל גם עבירות נשיאה והובלה, בעוד תיק 1 עוסק רק בהחזקה. חומרת העבירות בתיק 2 נראית גבוהה יותר.

2. **תפקיד הנאשם ומעורבותו**: לא ניתן לקבוע בבירור את תפקיד הנאשם ומעורבותו בשני התיקים, אך נראה שבתיק 2 הנאשם היה מעורב באופן פעיל יותר.

3. **שיטת הביצוע (MO)**: שני התיקים עוסקים בהחזקה ו/או נשיאה של נשק, אך האמצעים והדפוסים שונים. בתיק 1, הנשק היה תקול, בעוד בתיק 2, הנשק היה עם מחסנית בהכנס.

4. **נסיבות הליבה**: בתיק 1, הנשק היה בבית, בעוד בתיק 2, הנשק היה על גופו של הנאשם. בתיק 2, הייתה מטרה-סיבת העבירה (סכסוך), בעוד בתיק 1, לא הייתה מטרה-סיבת העבירה.

5. **ישימות כתקדים**: בית משפט עשוי לראות את שני התיקים כרלוונטיים זה לזה לצורכי ענישה, אך הדמיון ביניהם אינו גדול.

SIMILARITY_SCORE: 40","ok",""
"ME-16-10-12213-904","ME-15-02-9111-399",1,0,0,"{""מספר עבירה"": ""144 ב"", ""סוג_עבירה_החזקה"": ""כן"", ""סוג_עבירה_נשיאה"": ""כן"", ""סוג_עבירה_הובלה"": ""כן"", ""סוג_עבירה_סחר"": ""לא"", ""סוג_עבירה_ניסיון_סחר"": ""לא"", ""סוג_עבירה_ביצוע_עבירות"": ""לא"", ""סוג_עבירה_ייצור"": ""לא"", ""סוג הנשק [תת מקלע מאולתר]"": 1.0, ""סטטוס הנשק"": ""נשק מופרד מתחמושת"", ""אופן_החזקה_בבית"": ""לא"", ""אופן_החזקה_ברכב"": ""כן"", ""אופן_החזקה_על_גופו"": ""לא"", ""אופן_החזקה_מוסלק"": ""כן"", ""אופן_החזקה_סמוך_לבית"": ""כן"", ""כמות תחמושת"": ""מחסנית ריקה ובה 0 כדורים + 1 כדור"", ""תכנון"": ""לא""}","{""מספר עבירה"": ""144 א, 144 ב"", ""סוג_עבירה_החזקה"": ""כן"", ""סוג_עבירה_נשיאה"": ""כן"", ""סוג_עבירה_הובלה"": ""לא"", ""סוג_עבירה_סחר"": ""לא"", ""סוג_עבירה_ניסיון_סחר"": ""לא"", ""סוג_עבירה_ביצוע_עבירות"": ""לא"", ""סוג_עבירה_ייצור"": ""לא"", ""סוג הנשק [אקדח]"": 1.0, ""סטטוס הנשק"": ""תקין"", ""אופן_החזקה_בבית"": ""לא"", ""אופן_החזקה_ברכב"": ""לא"", ""אופן_החזקה_על_גופו"": ""כן"", ""אופן_החזקה_מוסלק"": ""לא"", ""אופן_החזקה_סמוך_לבית"": ""לא"", ""כמות תחמושת"": ""מחסנית עם 13 כדורים 9 מ\""מ"", ""מטרה-סיבת העבירה"": ""סכסוך"", ""תכנון"": ""לא""}",40.0,"1. **סוג העבירה וחומרתה**: שני התיקים עוסקים בעבירות החזקה ונשיאה של נשק, אך תיק 2 כולל גם את סעיף 144א, שאינו מוזכר בתיק 1. חומרת העבירה בתיק 2 נראית חמורה יותר עקב הכמות הגדולה של תחמושת.

2. **תפקיד הנאשם ומעורבותו**: לא ניתן לקבוע בבירור את תפקיד הנאשם ומעורבותו בשני התיקים, אך נראה שבתיק 2 הנאשם החזיק בנשק על גופו, מה שעשוי לרמז על מעורבות פעילה.

3. **שיטת הביצוע (MO)**: שני התיקים עוסקים בהחזקה ונשיאה של נשק, אך האופן בו הנשק הוחזק שונה. בתיק 1 הנשק הוחזק ברכב, בעוד שבתיק 2 הנשק הוחזק על גופו.

4. **נסיבות הליבה**: בתיק 2 מוזכרת מטרה-סיבת העבירה (סכסוך), אך לא בתיק 1. כמות התחמושת בתיק 2 גדולה יותר.

5. **ישימות כתקדים**: למרות הדמיון בסוג העבירה, ההבדלים בחומרת העבירה, שיטת הביצוע ונסיבות הליבה עשויים להשפיע על ישימות תיק 1 כתקדים לתיק 2.

SIMILARITY_SCORE: 40","ok",""
"ME-16-05-25902-514","SH-11-01-41775-497",3,1,1,"{""מספר עבירה"": ""144 א, 144 ב"", ""סוג_עבירה_החזקה"": ""כן"", ""סוג_עבירה_נשיאה"": ""כן"", ""סוג_עבירה_הובלה"": ""לא"", ""סוג_עבירה_סחר"": ""לא"", ""סוג_עבירה_ניסיון_סחר"": ""לא"", ""סוג_עבירה_ביצוע_עבירות"": ""לא"", ""סוג_עבירה_ייצור"": ""לא"", ""סוג הנשק [אקדח]"": 1.0, ""סטטוס הנשק"": ""תקין"", ""אופן_החזקה_בבית"": ""כן"", ""אופן_החזקה_ברכב"": ""לא"", ""אופן_החזקה_על_גופו"": ""כן"", ""אופן_החזקה_מוסלק"": ""כן"", ""אופן_החזקה_סמוך_לבית"": ""לא"", ""אופן קבלת הנשק"": ""רכש"", ""כמות תחמושת"": ""מחסנית ובה 7 כדורים"", ""מטרה-סיבת העבירה"": ""הגנה עצמית"", ""תכנון"": ""לא""}","{""מספר עבירה"": ""144 א"", ""סוג_עבירה_החזקה"": ""כן"", ""סוג_עבירה_נשיאה"": ""לא"", ""סוג_עבירה_הובלה"": ""לא"", ""סוג_עבירה_סחר"": ""לא"", ""סוג_עבירה_ניסיון_סחר"": ""לא"", ""סוג_עבירה_ביצוע_עבירות"": ""לא"", ""סוג_עבירה_ייצור"": ""לא"", ""סוג הנשק [אקדח]"": 1.0, ""סטטוס הנשק"": ""נשק מופרד מתחמושת"", ""אופן_החזקה_בבית"": ""כן"", ""אופן_החזקה_ברכב"": ""כן"", ""אופן_החזקה_על_גופו"": ""לא"", ""אופן_החזקה_מוסלק"": ""לא"", ""אופן_החזקה_סמוך_לבית"": ""לא"", ""אופן קבלת הנשק"": ""מצא"", ""כמות תחמושת"": ""מחסנית, 34 כדורים"", ""מטרה-סיבת העבירה"": ""הגנה עצמית"", ""תכנון"": ""לא""}",72.0,"1. **סוג העבירה וחומרתה**: שני התיקים עוסקים בעבירות החזקת נשק, אך תיק 1 כולל גם נשיאת נשק. החומרה של העבירות דומה, אך תיק 1 חמור יותר בשל הנשיאה. (דמיון: 80%)

2. **תפקיד הנאשם ומעורבותו**: בשני התיקים, הנאשם הוא החוזק, אך בתיק 1 הוא גם נושא את הנשק. (דמיון: 70%)

3. **שיטת הביצוע (MO)**: שני התיקים כוללים החזקת נשק, אך בתיק 1 הנשק הוא תקין, בעוד שבתיק 2 הנשק מופרד מתחמושת. (דמיון: 60%)

4. **נסיבות הליבה**: שני התיקים כוללים החזקת נשק לצורך הגנה עצמית, אך בתיק 1 הנשק הוא בבית, בעוד שבתיק 2 הנשק הוא בבית וברכב. (דמיון: 80%)

5. **ישימות כתקדים**: שני התיקים עוסקים בעבירות החזקת נשק, אך תיק 1 חמור יותר בשל הנשיאה. (דמיון: 70%)

SIMILARITY_SCORE: 72","ok",""
"ME-18-05-32659-754","ME-16-08-54879-35",3,1,1,"{""מספר עבירה"": ""144 ב"", ""סוג_עבירה_החזקה"": ""לא"", ""סוג_עבירה_נשיאה"": ""כן"", ""סוג_עבירה_הובלה"": ""כן"", ""סוג_עבירה_סחר"": ""לא"", ""סוג_עבירה_ניסיון_סחר"": ""לא"", ""סוג_עבירה_ביצוע_עבירות"": ""לא"", ""סוג_עבירה_ייצור"": ""לא"", ""סוג הנשק [תת מקלע מאולתר]"": 1.0, ""סוג הנשק [רימון הלם/גז]"": 2.0, ""סטטוס הנשק"": ""תקין"", ""אופן_החזקה_בבית"": ""לא"", ""אופן_החזקה_ברכב"": ""כן"", ""אופן_החזקה_על_גופו"": ""לא"", ""אופן_החזקה_מוסלק"": ""לא"", ""אופן_החזקה_סמוך_לבית"": ""לא"", ""כמות תחמושת"": ""מחסנית ריקה לתת מקלע מסוג עוזי; 9 כדורים לאקדח, 9 מילימטר \""פאראבלום\""; 10 כדורים בקוטר 5.56 מילימטר"", ""עבירות נוספות"": ""הפרעה לשוטר במילוי תפקידו לפי סעיף 275 לחוק"", ""תכנון"": ""לא""}","{""מספר עבירה"": ""144 ב"", ""סוג_עבירה_החזקה"": ""לא"", ""סוג_עבירה_נשיאה"": ""כן"", ""סוג_עבירה_הובלה"": ""כן"", ""סוג_עבירה_סחר"": ""לא"", ""סוג_עבירה_ניסיון_סחר"": ""לא"", ""סוג_עבירה_ביצוע_עבירות"": ""לא"", ""סוג_עבירה_ייצור"": ""לא"", ""סוג הנשק [תת מקלע מאולתר]"": 1.0, ""סטטוס הנשק"": ""נשק מופרד מתחמושת"", ""אופן_החזקה_בבית"": ""לא"", ""אופן_החזקה_ברכב"": ""לא"", ""אופן_החזקה_על_גופו"": ""לא"", ""אופן_החזקה_מוסלק"": ""לא"", ""אופן_החזקה_סמוך_לבית"": ""כן"", ""כמות תחמושת"": ""מחסנית המתאימה לנשק ובתוכה 7 כדורים"", ""תכנון"": ""לא""}",80.0,"1. **סוג העבירה וחומרתה**: שני התיקים מתייחסים לעבירות נשיאה והובלה של נשק, ללא החזקה, סחר, ניסיון סחר, ביצוע עבירות או ייצור. החומרה של העבירות דומה, אך יש הבדלים בסטטוס הנשק ובכמות התחמושת.

2. **תפקיד הנאשם ומעורבותו**: לא ניתן לקבוע בבירור את תפקיד הנאשם ומעורבותו בשני התיקים, אך נראה שהם מעורבים באופן פעיל.

3. **שיטת הביצוע (MO)**: שני התיקים מתייחסים לנשיאה והובלה של נשק, אך יש הבדלים באופן החזקה (ברכב לעומת סמוך לבית).

4. **נסיבות הליבה**: שני התיקים מתייחסים לנשק מאולתר, אך יש הבדלים בכמות התחמושת ובסטטוס הנשק.

5. **ישימות כתקדים**: שני התיקים יכולים לשמש כתקדים רלוונטי, אך יש לקחת בחשבון את ההבדלים בנסיבות הליבה.

SIMILARITY_SCORE: 80","ok",""
"ME-17-05-35227-215","ME-15-02-9111-399",1,0,0,"{""מספר עבירה"": ""144 ב"", ""סוג_עבירה_החזקה"": ""כן"", ""סוג_עבירה_נשיאה"": ""כן"", ""סוג_עבירה_הובלה"": ""כן"", ""סוג_עבירה_סחר"": ""לא"", ""סוג_עבירה_ניסיון_סחר"": ""לא"", ""סוג_עבירה_ביצוע_עבירות"": ""לא"", ""סוג_עבירה_ייצור"": ""לא"", ""סוג הנשק [תת מקלע מאולתר]"": 1.0, ""סטטוס הנשק"": ""תקין"", ""אופן_החזקה_בבית"": ""לא"", ""אופן_החזקה_ברכב"": ""כן"", ""אופן_החזקה_על_גופו"": ""לא"", ""אופן_החזקה_מוסלק"": ""לא"", ""אופן_החזקה_סמוך_לבית"": ""לא"", ""אופן קבלת הנשק"": ""מצא"", ""תכנון"": ""לא""}","{""מספר עבירה"": ""144 א, 144 ב"", ""סוג_עבירה_החזקה"": ""כן"", ""סוג_עבירה_נשיאה"": ""כן"", ""סוג_עבירה_הובלה"": ""לא"", ""סוג_עבירה_סחר"": ""לא"", ""סוג_עבירה_ניסיון_סחר"": ""לא"", ""סוג_עבירה_ביצוע_עבירות"": ""לא"", ""סוג_עבירה_ייצור"": ""לא"", ""סוג הנשק [אקדח]"": 1.0, ""סטטוס הנשק"": ""תקין"", ""אופן_החזקה_בבית"": ""לא"", ""אופן_החזקה_ברכב"": ""לא"", ""אופן_החזקה_על_גופו"": ""כן"", ""אופן_החזקה_מוסלק"": ""לא"", ""אופן_החזקה_סמוך_לבית"": ""לא"", ""כמות תחמושת"": ""מחסנית עם 13 כדורים 9 מ\""מ"", ""מטרה-סיבת העבירה"": ""סכסוך"", ""תכנון"": ""לא""}",60.0,"1. **סוג העבירה וחומרתה**: שני התיקים עוסקים בעבירות הקשורות לנשק, אך תיק 1 מתמקד בהחזקה, נשיאה והובלה, בעוד תיק 2 מתמקד בהחזקה ונשיאה. החומרה של העבירות דומה, אך לא זהה.

2. **תפקיד הנאשם ומעורבותו**: לא ניתן לקבוע בבירור את תפקיד הנאשם ומעורבותו בשני התיקים, אך נראה שבשני התיקים הנאשם הוא האדם שהחזיק בנשק.

3. **שיטת הביצוע (MO)**: שני התיקים מתאפיינים בהחזקה ונשיאה של נשק, אך האופן בו הנשק הוחזק ונשא שונה. בתיק 1, הנשק הוחזק ברכב, בעוד בתיק 2, הנשק הוחזק על גופו.

4. **נסיבות הליבה**: שני התיקים מתאפיינים בנשק תקין, אך הסוגים של הנשק שונים. בתיק 1, הנשק הוא תת-מקלע מאולתר, בעוד בתיק 2, הנשק הוא אקדח. בתיק 2, ישנה גם כמות תחמושת מסוימת.

5. **ישימות כתקדים**: שני התיקים עוסקים בעבירות הקשורות לנשק, אך הפרטים השונים בשני התיקים עשויים להשפיע על החלטת בית המשפט לגבי הרלוונטיות של התיקים.

SIMILARITY_SCORE: 60","ok",""
"ME-16-04-12480-812","ME-12-03-15148-775",1,0,0,"{""מספר עבירה"": ""144 א, 144 ב"", ""סוג_עבירה_החזקה"": ""כן"", ""סוג_עבירה_נשיאה"": ""כן"", ""סוג_עבירה_הובלה"": ""כן"", ""סוג_עבירה_סחר"": ""לא"", ""סוג_עבירה_ניסיון_סחר"": ""לא"", ""סוג_עבירה_ביצוע_עבירות"": ""כן"", ""סוג_עבירה_ייצור"": ""לא"", ""סוג הנשק [אקדח]"": 1.0, ""סוג הנשק [תת מקלע מאולתר]"": 1.0, ""סטטוס הנשק"": ""נשק עם כדור בקנה"", ""אופן_החזקה_בבית"": ""לא"", ""אופן_החזקה_ברכב"": ""כן"", ""אופן_החזקה_על_גופו"": ""כן"", ""אופן_החזקה_מוסלק"": ""כן"", ""אופן_החזקה_סמוך_לבית"": ""כן"", ""כמות תחמושת"": ""כ- 12 כדורים, מחסנית ותחמושת, כ- 17 כדורים"", ""מטרה-סיבת העבירה"": ""סכסוך"", ""עבירות נוספות"": ""ניסיון חבלה חמורה בנסיבות מחמירות לפי סעיפים 25 + 335 + 333 לחוק העונשין; איומים לפי סעיף 192 לחוק העונשין"", ""תכנון"": ""כן"", ""שימוש"": ""כן,ירי""}","{""מספר עבירה"": ""144 א"", ""סוג_עבירה_החזקה"": ""כן"", ""סוג_עבירה_נשיאה"": ""לא"", ""סוג_עבירה_הובלה"": ""לא"", ""סוג_עבירה_סחר"": ""לא"", ""סוג_עבירה_ניסיון_סחר"": ""לא"", ""סוג_עבירה_ביצוע_עבירות"": ""לא"", ""סוג_עבירה_ייצור"": ""לא"", ""סוג הנשק [אקדח]"": 1.0, ""סוג הנשק - אם לא נמצא בטבלה"": ""אקדח דמה עם משתיק קול"", ""סטטוס הנשק"": ""תקין"", ""אופן_החזקה_בבית"": ""לא"", ""אופן_החזקה_ברכב"": ""כן"", ""אופן_החזקה_על_גופו"": ""לא"", ""אופן_החזקה_מוסלק"": ""לא"", ""אופן_החזקה_סמוך_לבית"": ""לא"", ""כמות תחמושת"": ""מחסנית שהכילה 11 כדורים"", ""עבירות נוספות"": ""שינוי זהות של כלי רכב, עבירה לפי סעיף 413ט' לחוק העונשין, תשל\""ז - 1977"", ""תכנון"": ""לא""}",48.0,"1. **סוג העבירה וחומרתה**: שני התיקים עוסקים בעבירות נשק, אך תיק 1 כולל עבירות נוספות כגון ניסיון חבלה חמורה ואיומים, בעוד תיק 2 כולל עבירות פחות חמורות. דמיון: 60%.

2. **תפקיד הנאשם ומעורבותו**: בשני התיקים, הנאשם הוא החוזק בנשק, אך בתיק 1 הנאשם היה מעורב באופן פעיל בעבירות, בעוד בתיק 2 הנאשם החזיק בנשק בלבד. דמיון: 40%.

3. **שיטת הביצוע (MO)**: בשני התיקים, הנשק הוחזק ברכב, אך בתיק 1 הנשק היה עם כדור בקנה, בעוד בתיק 2 הנשק היה תקין אך ללא כדור בקנה. דמיון: 50%.

4. **נסיבות הליבה**: בתיק 1, הנשק הוחזק במסגרת סכסוך, בעוד בתיק 2 הנשק הוחזק ללא סיבה מוגדרת. דמיון: 30%.

5. **ישימות כתקדים**: בשני התיקים, הנשק הוחזק באופן לא חוקי, אך בתיק 1 הנשק הוחזק במסגרת עבירות חמורות יותר. דמיון: 50%.

SIMILARITY_SCORE: 48","ok",""
"ME-16-02-59812-881","ME-16-03-54615-517",1,0,0,"{""מספר עבירה"": ""144 ב"", ""סוג_עבירה_החזקה"": ""לא"", ""סוג_עבירה_נשיאה"": ""לא"", ""סוג_עבירה_הובלה"": ""לא"", ""סוג_עבירה_סחר"": ""כן"", ""סוג_עבירה_ניסיון_סחר"": ""לא"", ""סוג_עבירה_ביצוע_עבירות"": ""לא"", ""סוג_עבירה_ייצור"": ""לא"", ""סוג הנשק [אקדח]"": 1.0, ""סטטוס הנשק"": ""תקין"", ""אופן_החזקה_בבית"": ""לא"", ""אופן_החזקה_ברכב"": ""לא"", ""אופן_החזקה_על_גופו"": ""לא"", ""אופן_החזקה_מוסלק"": ""לא"", ""אופן_החזקה_סמוך_לבית"": ""כן"", ""אופן קבלת הנשק"": ""אחר"", ""כמות תחמושת"": ""2 מחסניות וכן 20 כדורים תואמים"", ""מטרה-סיבת העבירה"": ""בצע כסף"", ""עבירות נוספות"": ""מסירת ידיעה כוזבת על עבירת פשע, לפי סעיף 243 סיפא לחוק; שיבוש הליכי משפט, לפי סעיף 244 לחוק"", ""תכנון"": ""כן""}","{""מספר עבירה"": ""144 ב"", ""סוג_עבירה_החזקה"": ""לא"", ""סוג_עבירה_נשיאה"": ""לא"", ""סוג_עבירה_הובלה"": ""לא"", ""סוג_עבירה_סחר"": ""כן"", ""סוג_עבירה_ניסיון_סחר"": ""לא"", ""סוג_עבירה_ביצוע_עבירות"": ""לא"", ""סוג_עבירה_ייצור"": ""לא"", ""סוג הנשק [תת מקלע מאולתר]"": 2.0, ""סטטוס הנשק"": ""תקול"", ""אופן_החזקה_בבית"": ""לא"", ""אופן_החזקה_ברכב"": ""לא"", ""אופן_החזקה_על_גופו"": ""לא"", ""אופן_החזקה_מוסלק"": ""לא"", ""אופן_החזקה_סמוך_לבית"": ""כן"", ""אופן קבלת הנשק"": ""מצא"", ""מטרה-סיבת העבירה"": ""בצע כסף"", ""תכנון"": ""כן""}",60.0,"1. **סוג העבירה וחומרתה**: שני התיקים מעורבים בסחר בנשק, עם סעיף 144 ב' של חוק העונשין. החומרה של העבירות דומה, אך הסוג המדויק של הנשק שונה (אקדח לעומת תת-מקלע מאולתר).
2. **תפקיד הנאשם ומעורבותו**: לא ניתן לקבוע בבירור את תפקיד הנאשם בשני התיקים, אך נראה ששניהם מעורבים בסחר בנשק.
3. **שיטת הביצוע (MO)**: שני התיקים מעורבים בסחר בנשק, אך האופן בו הנשק הושג (אחר לעומת מצא) שונה.
4. **נסיבות הליבה**: שני התיקים מעורבים בסחר בנשק, אך הכמות והסוג של הנשק שונים. שניהם כוללים תכנון.
5. **ישימות כתקדים**: בית המשפט יכול לראות את שני התיקים כרלוונטיים זה לזה לצורכי ענישה, אך עם הבדלים בחומרה ובנסיבות.

SIMILARITY_SCORE: 60","ok",""
"SH-23-03-19819-247","SH-16-11-7544-55",3,1,1,"{""מספר עבירה"": ""144 א"", ""סוג_עבירה_החזקה"": ""כן"", ""סוג_עבירה_נשיאה"": ""לא"", ""סוג_עבירה_הובלה"": ""לא"", ""סוג_עבירה_סחר"": ""לא"", ""סוג_עבירה_ניסיון_סחר"": ""לא"", ""סוג_עבירה_ביצוע_עבירות"": ""לא"", ""סוג_עבירה_ייצור"": ""לא"", ""סוג הנשק [רובה סער מאולתר]"": 1.0, ""סוג הנשק - אם לא נמצא בטבלה"": ""רובה דמוי רובה סער W300326 מסוג M-16 – רובה אויר שהוסב לירי תחמושת בקליבר 5.56X45"", ""סטטוס הנשק"": ""תקין"", ""אופן_החזקה_בבית"": ""כן"", ""אופן_החזקה_ברכב"": ""לא"", ""אופן_החזקה_על_גופו"": ""לא"", ""אופן_החזקה_מוסלק"": ""כן"", ""אופן_החזקה_סמוך_לבית"": ""לא"", ""כמות תחמושת"": ""שלוש מחסניות המכילות כמה עשרות כדורי 5.56 מ\""מ"", ""תכנון"": ""לא""}","{""מספר עבירה"": ""144 א"", ""סוג_עבירה_החזקה"": ""כן"", ""סוג_עבירה_נשיאה"": ""לא"", ""סוג_עבירה_הובלה"": ""לא"", ""סוג_עבירה_סחר"": ""לא"", ""סוג_עבירה_ניסיון_סחר"": ""לא"", ""סוג_עבירה_ביצוע_עבירות"": ""לא"", ""סוג_עבירה_ייצור"": ""לא"", ""סוג הנשק [תת מקלע מאולתר]"": 1.0, ""סטטוס הנשק"": ""תקין"", ""אופן_החזקה_בבית"": ""לא"", ""אופן_החזקה_ברכב"": ""לא"", ""אופן_החזקה_על_גופו"": ""לא"", ""אופן_החזקה_מוסלק"": ""כן"", ""אופן_החזקה_סמוך_לבית"": ""לא"", ""אופן קבלת הנשק"": ""מצא"", ""כמות תחמושת"": ""מחסנית המכילה 10 כדורים בקוטר 9 מ\""מ"", ""תכנון"": ""לא""}",60.0,"1. **סוג העבירה וחומרתה**: שני התיקים מעורבים בעבירת החזקת נשק, אך הסוג המדויק של הנשק שונה (רובה סער מאולתר לעומת תת-מקלע מאולתר). חומרת העבירה דומה, אך לא זהה.

2. **תפקיד הנאשם ומעורבותו**: בשני התיקים, הנאשם החזיק בנשק, אך אופן החזקה שונה (בבית לעומת מוסלק). מעורבותם של הנאשמים דומה, אך לא זהה.

3. **שיטת הביצוע (MO)**: שני התיקים מעורבים בהחזקת נשק, אך הסוג המדויק של הנשק שונה. אמצעים דומים, אך לא זהים.

4. **נסיבות הליבה**: בשני התיקים, הנשק היה תקין, אך כמות התחמושת שונה. תכנון לא היה מעורב בשני התיקים.

5. **ישימות כתקדים**: בית משפט יראה את שני התיקים כרלוונטיים זה לזה לצורכי ענישה, אך עם הבדלים בחומרת העבירה.

SIMILARITY_SCORE: 60","ok",""
"ME-15-12-39071-113","ME-16-10-12213-904",1,0,0,"{""מספר עבירה"": ""144 א"", ""סוג_עבירה_החזקה"": ""כן"", ""סוג_עבירה_נשיאה"": ""לא"", ""סוג_עבירה_הובלה"": ""לא"", ""סוג_עבירה_סחר"": ""לא"", ""סוג_עבירה_ניסיון_סחר"": ""לא"", ""סוג_עבירה_ביצוע_עבירות"": ""לא"", ""סוג_עבירה_ייצור"": ""לא"", ""סוג הנשק [אקדח]"": 1.0, ""סטטוס הנשק"": ""תקין"", ""אופן_החזקה_בבית"": ""לא"", ""אופן_החזקה_ברכב"": ""כן"", ""אופן_החזקה_על_גופו"": ""לא"", ""אופן_החזקה_מוסלק"": ""כן"", ""אופן_החזקה_סמוך_לבית"": ""לא"", ""מטרה-סיבת העבירה"": ""הגנה עצמית"", ""תכנון"": ""לא""}","{""מספר עבירה"": ""144 ב"", ""סוג_עבירה_החזקה"": ""כן"", ""סוג_עבירה_נשיאה"": ""כן"", ""סוג_עבירה_הובלה"": ""כן"", ""סוג_עבירה_סחר"": ""לא"", ""סוג_עבירה_ניסיון_סחר"": ""לא"", ""סוג_עבירה_ביצוע_עבירות"": ""לא"", ""סוג_עבירה_ייצור"": ""לא"", ""סוג הנשק [תת מקלע מאולתר]"": 1.0, ""סטטוס הנשק"": ""נשק מופרד מתחמושת"", ""אופן_החזקה_בבית"": ""לא"", ""אופן_החזקה_ברכב"": ""כן"", ""אופן_החזקה_על_גופו"": ""לא"", ""אופן_החזקה_מוסלק"": ""כן"", ""אופן_החזקה_סמוך_לבית"": ""כן"", ""כמות תחמושת"": ""מחסנית ריקה ובה 0 כדורים + 1 כדור"", ""תכנון"": ""לא""}",60.0,"1. **סוג העבירה וחומרתה**: שני התיקים עוסקים בעבירות החזקת נשק, אך תיק 2 כולל גם נשיאה והובלה. החומרה של העבירות דומה, אך תיק 2 נראה מחמיר יותר בשל הכללת נשיאה והובלה.

2. **תפקיד הנאשם ומעורבותו**: לא ניתן לקבוע בבירור את תפקיד הנאשם ומעורבותו בשני התיקים, אך נראה שהם מעורבים באופן פעיל.

3. **שיטת הביצוע (MO)**: שני התיקים כוללים החזקת נשק ברכב, אך תיק 2 כולל גם החזקת נשק בסמוך לבית.

4. **נסיבות הליבה**: שני התיקים כוללים החזקת נשק ללא תכנון, אך תיק 2 כולל גם כמות תחמושת.

5. **ישימות כתקדים**: בית משפט יכול לראות את שני התיקים כרלוונטיים זה לזה לצורכי ענישה, אך תיק 2 נראה מחמיר יותר.

SIMILARITY_SCORE: 60","ok",""
"ME-16-08-44157-713","ME-17-05-35227-215",2,0,1,"{""מספר עבירה"": ""144 ב"", ""סוג_עבירה_החזקה"": ""לא"", ""סוג_עבירה_נשיאה"": ""לא"", ""סוג_עבירה_הובלה"": ""לא"", ""סוג_עבירה_סחר"": ""כן"", ""סוג_עבירה_ניסיון_סחר"": ""כן"", ""סוג_עבירה_ביצוע_עבירות"": ""לא"", ""סוג_עבירה_ייצור"": ""לא"", ""סוג הנשק [תת מקלע מאולתר]"": 1.0, ""סוג הנשק - אם לא נמצא בטבלה"": ""מיני עוזי"", ""סטטוס הנשק"": ""תקין"", ""אופן_החזקה_בבית"": ""כן"", ""אופן_החזקה_ברכב"": ""לא"", ""אופן_החזקה_על_גופו"": ""לא"", ""אופן_החזקה_מוסלק"": ""לא"", ""אופן_החזקה_סמוך_לבית"": ""לא"", ""כמות תחמושת"": ""מחסנית"", ""מטרה-סיבת העבירה"": ""בצע כסף"", ""עבירות נוספות"": ""קשירת קשר לביצוע פשע לפי סעיף 449 (א) (1) לחוק העונשין"", ""תכנון"": ""כן""}","{""מספר עבירה"": ""144 ב"", ""סוג_עבירה_החזקה"": ""כן"", ""סוג_עבירה_נשיאה"": ""כן"", ""סוג_עבירה_הובלה"": ""כן"", ""סוג_עבירה_סחר"": ""לא"", ""סוג_עבירה_ניסיון_סחר"": ""לא"", ""סוג_עבירה_ביצוע_עבירות"": ""לא"", ""סוג_עבירה_ייצור"": ""לא"", ""סוג הנשק [תת מקלע מאולתר]"": 1.0, ""סטטוס הנשק"": ""תקין"", ""אופן_החזקה_בבית"": ""לא"", ""אופן_החזקה_ברכב"": ""כן"", ""אופן_החזקה_על_גופו"": ""לא"", ""אופן_החזקה_מוסלק"": ""לא"", ""אופן_החזקה_סמוך_לבית"": ""לא"", ""אופן קבלת הנשק"": ""מצא"", ""תכנון"": ""לא""}",40.0,"1. **סוג העבירה וחומרתה**: שני התיקים מעורבים בעבירות נשק, אך תיק 1 מעורב בסחר וניסיון סחר, בעוד תיק 2 מעורב בהחזקה, נשיאה והובלה. חומרת העבירות שונה, אך שניהם עוסקים בנשק.
2. **תפקיד הנאשם ומעורבותו**: בתיק 1, הנאשם מעורב בסחר וניסיון סחר, מה שמרמז על תפקיד פעיל. בתיק 2, הנאשם מעורב בהחזקה, נשיאה והובלה, מה שמרמז על תפקיד פסיבי יותר.
3. **שיטת הביצוע (MO)**: שני התיקים מעורבים בנשק, אך שיטת הביצוע שונה. בתיק 1, הנאשם מחזיק בנשק בבית, בעוד בתיק 2, הנאשם מחזיק בנשק ברכב.
4. **נסיבות הליבה**: שני התיקים מעורבים בנשק, אך נסיבות הליבה שונות. בתיק 1, הנאשם מחזיק בנשק בבית, בעוד בתיק 2, הנאשם מחזיק בנשק ברכב.
5. **ישימות כתקדים**: בית משפט עשוי לראות בתיק 1 כתקדים רלוונטי לתיק 2, אך רק במידה מוגבלת, מכיוון שחומרת העבירות ושיטת הביצוע שונות.

SIMILARITY_SCORE: 40","ok",""
"ME-10-08-17917-313","ME-16-04-12480-812",1,0,0,"{""מספר עבירה"": ""144 א"", ""סוג_עבירה_החזקה"": ""כן"", ""סוג_עבירה_נשיאה"": ""כן"", ""סוג_עבירה_הובלה"": ""כן"", ""סוג_עבירה_סחר"": ""לא"", ""סוג_עבירה_ניסיון_סחר"": ""לא"", ""סוג_עבירה_ביצוע_עבירות"": ""לא"", ""סוג_עבירה_ייצור"": ""לא"", ""סוג הנשק [אקדח]"": 1.0, ""סוג הנשק - אם לא נמצא בטבלה"": ""אקדח עט"", ""סטטוס הנשק"": ""תקין"", ""אופן_החזקה_בבית"": ""כן"", ""אופן_החזקה_ברכב"": ""כן"", ""אופן_החזקה_על_גופו"": ""לא"", ""אופן_החזקה_מוסלק"": ""כן"", ""אופן_החזקה_סמוך_לבית"": ""לא"", ""אופן קבלת הנשק"": ""מאחר"", ""כמות תחמושת"": ""שלושה כדורים בקוטר 6.35 מ\""מ"", ""מטרה-סיבת העבירה"": ""הגנה עצמית"", ""עבירות נוספות"": ""החזקת סם מסוכן לצריכה עצמית"", ""תכנון"": ""לא""}","{""מספר עבירה"": ""144 א, 144 ב"", ""סוג_עבירה_החזקה"": ""כן"", ""סוג_עבירה_נשיאה"": ""כן"", ""סוג_עבירה_הובלה"": ""כן"", ""סוג_עבירה_סחר"": ""לא"", ""סוג_עבירה_ניסיון_סחר"": ""לא"", ""סוג_עבירה_ביצוע_עבירות"": ""כן"", ""סוג_עבירה_ייצור"": ""לא"", ""סוג הנשק [אקדח]"": 1.0, ""סוג הנשק [תת מקלע מאולתר]"": 1.0, ""סטטוס הנשק"": ""נשק עם כדור בקנה"", ""אופן_החזקה_בבית"": ""לא"", ""אופן_החזקה_ברכב"": ""כן"", ""אופן_החזקה_על_גופו"": ""כן"", ""אופן_החזקה_מוסלק"": ""כן"", ""אופן_החזקה_סמוך_לבית"": ""כן"", ""כמות תחמושת"": ""כ- 12 כדורים, מחסנית ותחמושת, כ- 17 כדורים"", ""מטרה-סיבת העבירה"": ""סכסוך"", ""עבירות נוספות"": ""ניסיון חבלה חמורה בנסיבות מחמירות לפי סעיפים 25 + 335 + 333 לחוק העונשין; איומים לפי סעיף 192 לחוק העונשין"", ""תכנון"": ""כן"", ""שימוש"": ""כן,ירי""}",40.0,"1. **סוג העבירה וחומרתה**: שני התיקים עוסקים בעבירות החזקת נשק, אך תיק 2 כולל גם עבירות נוספות, כגון ניסיון חבלה חמורה ואיומים. חומרת העבירות בתיק 2 גבוהה יותר.

2. **תפקיד הנאשם ומעורבותו**: בשני התיקים, הנאשם הוא החוזק, אך בתיק 2, הנאשם היה מעורב באופן פעיל יותר, כולל שימוש בנשק.

3. **שיטת הביצוע (MO)**: שני התיקים כוללים החזקת נשק, אך בתיק 2, הנאשם השתמש בנשק באופן פעיל.

4. **נסיבות הליבה**: בתיק 1, הנשק הוחזק לצורך הגנה עצמית, בעוד שבתיק 2, הנשק הוחזק לצורך סכסוך. כמות התחמושת בתיק 2 הייתה גדולה יותר.

5. **ישימות כתקדים**: בית המשפט עשוי לראות את שני התיקים כרלוונטיים, אך עם הבדלים משמעותיים בחומרת העבירות.

SIMILARITY_SCORE: 40","ok",""
"ME-20-07-29529-567","ME-16-08-54879-35",2,0,1,"{""מספר עבירה"": ""144 ב"", ""סוג_עבירה_החזקה"": ""לא"", ""סוג_עבירה_נשיאה"": ""כן"", ""סוג_עבירה_הובלה"": ""כן"", ""סוג_עבירה_סחר"": ""לא"", ""סוג_עבירה_ניסיון_סחר"": ""לא"", ""סוג_עבירה_ביצוע_עבירות"": ""לא"", ""סוג_עבירה_ייצור"": ""לא"", ""סוג הנשק [אקדח]"": 1.0, ""סטטוס הנשק"": ""תקין"", ""אופן_החזקה_בבית"": ""לא"", ""אופן_החזקה_ברכב"": ""כן"", ""אופן_החזקה_על_גופו"": ""כן"", ""אופן_החזקה_מוסלק"": ""כן"", ""אופן_החזקה_סמוך_לבית"": ""לא"", ""כמות תחמושת"": ""2 מחסניות"", ""תכנון"": ""כן""}","{""מספר עבירה"": ""144 ב"", ""סוג_עבירה_החזקה"": ""לא"", ""סוג_עבירה_נשיאה"": ""כן"", ""סוג_עבירה_הובלה"": ""כן"", ""סוג_עבירה_סחר"": ""לא"", ""סוג_עבירה_ניסיון_סחר"": ""לא"", ""סוג_עבירה_ביצוע_עבירות"": ""לא"", ""סוג_עבירה_ייצור"": ""לא"", ""סוג הנשק [תת מקלע מאולתר]"": 1.0, ""סטטוס הנשק"": ""נשק מופרד מתחמושת"", ""אופן_החזקה_בבית"": ""לא"", ""אופן_החזקה_ברכב"": ""לא"", ""אופן_החזקה_על_גופו"": ""לא"", ""אופן_החזקה_מוסלק"": ""לא"", ""אופן_החזקה_סמוך_לבית"": ""כן"", ""כמות תחמושת"": ""מחסנית המתאימה לנשק ובתוכה 7 כדורים"", ""תכנון"": ""לא""}",52.0,"1. **סוג העבירה וחומרתה**: שני התיקים מתייחסים לעבירת החזקת נשק, אך הם שונים בסוג הנשק (אקדח לעומת תת-מקלע מאולתר) ובסטטוס הנשק (תקין לעומת נשק מופרד מתחמושת). דמיון: 60%.

2. **תפקיד הנאשם ומעורבותו**: לא ניתן לקבוע בבירור את תפקיד הנאשם ומעורבותו בשני התיקים, אך נראה שהם מעורבים באופן פעיל. דמיון: 50%.

3. **שיטת הביצוע (MO)**: שני התיקים מתייחסים להחזקת נשק, אך הם שונים באופן החזקה (ברכב, על גופו, מוסלק לעומת סמוך לבית). דמיון: 40%.

4. **נסיבות הליבה**: שני התיקים מתייחסים להחזקת נשק, אך הם שונים בכמות התחמושת (2 מחסניות לעומת מחסנית אחת) ובתכנון (כן לעומת לא). דמיון: 50%.

5. **ישימות כתקדים**: שני התיקים מתייחסים לעבירת החזקת נשק, אך הם שונים בסוג הנשק ובסטטוס הנשק. דמיון: 60%.

SIMILARITY_SCORE: 52","ok",""
"SH-09-05-9349-998","ME-20-07-29529-567",1,0,0,"{""מספר עבירה"": ""144 א"", ""סוג_עבירה_החזקה"": ""כן"", ""סוג_עבירה_נשיאה"": ""לא"", ""סוג_עבירה_הובלה"": ""לא"", ""סוג_עבירה_סחר"": ""לא"", ""סוג_עבירה_ניסיון_סחר"": ""לא"", ""סוג_עבירה_ביצוע_עבירות"": ""לא"", ""סוג_עבירה_ייצור"": ""לא"", ""סוג הנשק [אקדח]"": 1.0, ""סטטוס הנשק"": ""נשק מופרד מתחמושת"", ""אופן_החזקה_בבית"": ""כן"", ""אופן_החזקה_ברכב"": ""לא"", ""אופן_החזקה_על_גופו"": ""לא"", ""אופן_החזקה_מוסלק"": ""כן"", ""אופן_החזקה_סמוך_לבית"": ""לא"", ""כמות תחמושת"": ""מחסנית ריקה ובה 0 כדורים + 26 כדורים"", ""תכנון"": ""לא""}","{""מספר עבירה"": ""144 ב"", ""סוג_עבירה_החזקה"": ""לא"", ""סוג_עבירה_נשיאה"": ""כן"", ""סוג_עבירה_הובלה"": ""כן"", ""סוג_עבירה_סחר"": ""לא"", ""סוג_עבירה_ניסיון_סחר"": ""לא"", ""סוג_עבירה_ביצוע_עבירות"": ""לא"", ""סוג_עבירה_ייצור"": ""לא"", ""סוג הנשק [אקדח]"": 1.0, ""סטטוס הנשק"": ""תקין"", ""אופן_החזקה_בבית"": ""לא"", ""אופן_החזקה_ברכב"": ""כן"", ""אופן_החזקה_על_גופו"": ""כן"", ""אופן_החזקה_מוסלק"": ""כן"", ""אופן_החזקה_סמוך_לבית"": ""לא"", ""כמות תחמושת"": ""2 מחסניות"", ""תכנון"": ""כן""}",40.0,"1. **סוג העבירה וחומרתה**: שני התיקים עוסקים בעבירות נשק, אך תיק 1 מתמקד בהחזקת נשק, בעוד תיק 2 מתמקד בנשיאת נשק והובלתו. חומרת העבירה בתיק 2 נראית גבוהה יותר.

2. **תפקיד הנאשם ומעורבותו**: לא ניתן לקבוע בבירור את תפקיד הנאשם ומעורבותו בשני התיקים, אך נראה שבתיק 2 הנאשם היה מעורב באופן פעיל יותר.

3. **שיטת הביצוע (MO)**: שני התיקים מתמקדים בנשק, אך שיטת הביצוע בתיק 2 נראית מורכבת יותר, עם הובלת נשק ברכב.

4. **נסיבות הליבה**: בתיק 1, הנשק היה מופרד מתחמושת, בעוד בתיק 2, הנשק היה תקין והיו שתי מחסניות. כמו כן, בתיק 2 הייתה כוונה לבצע עבירה.

5. **ישימות כתקדים**: בית המשפט עשוי לראות את שני התיקים כרלוונטיים זה לזה, אך עם הבדלים משמעותיים.

SIMILARITY_SCORE: 40","ok",""
"ME-22-03-46930-359","ME-16-03-59260-279",1,0,0,"{""מספר עבירה"": ""144 א, 144 ב"", ""סוג_עבירה_החזקה"": ""כן"", ""סוג_עבירה_נשיאה"": ""לא"", ""סוג_עבירה_הובלה"": ""לא"", ""סוג_עבירה_סחר"": ""כן"", ""סוג_עבירה_ניסיון_סחר"": ""לא"", ""סוג_עבירה_ביצוע_עבירות"": ""לא"", ""סוג_עבירה_ייצור"": ""לא"", ""סוג הנשק [אקדח]"": 1.0, ""סטטוס הנשק"": ""תקין"", ""אופן_החזקה_בבית"": ""לא"", ""אופן_החזקה_ברכב"": ""לא"", ""אופן_החזקה_על_גופו"": ""לא"", ""אופן_החזקה_מוסלק"": ""לא"", ""אופן_החזקה_סמוך_לבית"": ""לא"", ""אופן קבלת הנשק"": ""מאחר"", ""כמות תחמושת"": ""מחסנית"", ""מטרה-סיבת העבירה"": ""בצע כסף"", ""תכנון"": ""כן""}","{""מספר עבירה"": ""144 א, 144 ב"", ""סוג_עבירה_החזקה"": ""כן"", ""סוג_עבירה_נשיאה"": ""כן"", ""סוג_עבירה_הובלה"": ""לא"", ""סוג_עבירה_סחר"": ""לא"", ""סוג_עבירה_ניסיון_סחר"": ""לא"", ""סוג_עבירה_ביצוע_עבירות"": ""לא"", ""סוג_עבירה_ייצור"": ""לא"", ""סוג הנשק [אקדח]"": 1.0, ""סטטוס הנשק"": ""נשק עם מחסנית בהכנס"", ""אופן_החזקה_בבית"": ""לא"", ""אופן_החזקה_ברכב"": ""כן"", ""אופן_החזקה_על_גופו"": ""לא"", ""אופן_החזקה_מוסלק"": ""כן"", ""אופן_החזקה_סמוך_לבית"": ""לא"", ""כמות תחמושת"": ""מחסנית המתאימה לאקדח שבתוכה 14 כדורי קליבר 9 מ\""מ"", ""מטרה-סיבת העבירה"": ""סכסוך"", ""תכנון"": ""לא""}",60.0,"1. **סוג העבירה וחומרתה**: שני התיקים כוללים עבירות של החזקת נשק, אך תיק 1 כולל גם סחר בנשק, בעוד שתיק 2 כולל נשיאת נשק. החומרה של העבירות דומה, אך לא זהה.

2. **תפקיד הנאשם ומעורבותו**: לא ניתן לקבוע בבירור את תפקיד הנאשם ומעורבותו בשני התיקים, אך נראה שבתיק 1 הנאשם היה מעורב בסחר בנשק, בעוד שבתיק 2 הנאשם החזיק בנשק ברכב.

3. **שיטת הביצוע (MO)**: שני התיקים כוללים החזקת נשק, אך האופן בו הנשק הוחזק שונה. בתיק 1 הנשק הוחזק באופן לא ברור, בעוד שבתיק 2 הנשק הוחזק ברכב.

4. **נסיבות הליבה**: הנסיבות הליבה של שני התיקים שונות. בתיק 1 הנשק הוחזק לצורך בצע כסף, בעוד שבתיק 2 הנשק הוחזק לצורך סכסוך. כמו כן, בתיק 2 הנשק היה במצב תקין והיה מחסנית המתאימה לאקדח.

5. **ישימות כתקדים**: למרות הדמיון בין שני התיקים, השוני בנסיבות הליבה ובאופן החזקת הנשק עשוי להשפיע על ישימותם כתקדים.

SIMILARITY_SCORE: 60","ok",""
"ME-16-02-18397-87","ME-12-03-13401-281",1,0,0,"{""מספר עבירה"": ""144 ב"", ""סוג_עבירה_החזקה"": ""לא"", ""סוג_עבירה_נשיאה"": ""כן"", ""סוג_עבירה_הובלה"": ""כן"", ""סוג_עבירה_סחר"": ""לא"", ""סוג_עבירה_ניסיון_סחר"": ""לא"", ""סוג_עבירה_ביצוע_עבירות"": ""כן"", ""סוג_עבירה_ייצור"": ""לא"", ""סוג הנשק [אקדח]"": 1.0, ""סטטוס הנשק"": ""תקול"", ""אופן_החזקה_בבית"": ""לא"", ""אופן_החזקה_ברכב"": ""כן"", ""אופן_החזקה_על_גופו"": ""כן"", ""אופן_החזקה_מוסלק"": ""כן"", ""אופן_החזקה_סמוך_לבית"": ""לא"", ""אופן קבלת הנשק"": ""רכש"", ""כמות תחמושת"": ""כדורים לרובה"", ""מטרה-סיבת העבירה"": ""הגנה עצמית"", ""עבירות נוספות"": ""נהיגה ללא רישיון לפי סעיף 10(א) לפקודת התעבורה, נהיגה ללא ביטוח לפי סעיף 2(א)(ב) לפקודת ביטוח רכב מנועי, וללא רישיון רכב לפי סעיף 2 לפקודת התעבורה"", ""תכנון"": ""לא""}","{""מספר עבירה"": ""144 א, 144 ב"", ""סוג_עבירה_החזקה"": ""כן"", ""סוג_עבירה_נשיאה"": ""כן"", ""סוג_עבירה_הובלה"": ""כן"", ""סוג_עבירה_סחר"": ""לא"", ""סוג_עבירה_ניסיון_סחר"": ""לא"", ""סוג_עבירה_ביצוע_עבירות"": ""כן"", ""סוג_עבירה_ייצור"": ""לא"", ""סוג הנשק [אקדח]"": 1.0, ""סטטוס הנשק"": ""נשק עם כדור בקנה"", ""אופן_החזקה_בבית"": ""לא"", ""אופן_החזקה_ברכב"": ""כן"", ""אופן_החזקה_על_גופו"": ""לא"", ""אופן_החזקה_מוסלק"": ""לא"", ""אופן_החזקה_סמוך_לבית"": ""לא"", ""אופן קבלת הנשק"": ""מצא"", ""כמות תחמושת"": ""2 מחסניות שבתוכן כדורי אקדח ו-11 כדורי אקדח 9 מ\""מ נוספים"", ""עבירות נוספות"": ""יריות באזור מגורים - עבירה לפי סעיף 340א לחוק"", ""תכנון"": ""לא"", ""שימוש"": ""כן,ירי""}",65.0,"1. **סוג העבירה וחומרתה**: שני התיקים עוסקים בעבירות נשק, אך תיק 2 כולל גם עבירת יריות באזור מגורים, שמחמירה את העבירה. דמיון: 70%.

2. **תפקיד הנאשם ומעורבותו**: בשני התיקים, הנאשם הוא האדם שהחזיק בנשק, אך בתיק 2, הנאשם גם השתמש בנשק. דמיון: 80%.

3. **שיטת הביצוע (MO)**: שני התיקים כוללים החזקת נשק, אך בתיק 2, הנשק היה עם כדור בקנה, והנאשם השתמש בו. דמיון: 60%.

4. **נסיבות הליבה**: בשני התיקים, הנשק היה אקדח, אך בתיק 2, הנאשם השתמש בנשק וירה באזור מגורים. דמיון: 50%.

5. **ישימות כתקדים**: בשני התיקים, העבירות הן עבירות נשק, אך בתיק 2, העבירה הנוספת של יריות באזור מגורים מחמירה את העבירה. דמיון: 60%.

SIMILARITY_SCORE: 65","ok",""
"ME-17-10-62597-895","SH-15-12-65958-120",1,0,0,"{""מספר עבירה"": ""144 ב"", ""סוג_עבירה_החזקה"": ""לא"", ""סוג_עבירה_נשיאה"": ""כן"", ""סוג_עבירה_הובלה"": ""כן"", ""סוג_עבירה_סחר"": ""לא"", ""סוג_עבירה_ניסיון_סחר"": ""לא"", ""סוג_עבירה_ביצוע_עבירות"": ""לא"", ""סוג_עבירה_ייצור"": ""לא"", ""סוג הנשק [אקדח]"": 1.0, ""סטטוס הנשק"": ""תקין"", ""אופן_החזקה_בבית"": ""לא"", ""אופן_החזקה_ברכב"": ""לא"", ""אופן_החזקה_על_גופו"": ""כן"", ""אופן_החזקה_מוסלק"": ""לא"", ""אופן_החזקה_סמוך_לבית"": ""לא"", ""כמות תחמושת"": ""מחסנית וכדורים"", ""תכנון"": ""לא""}","{""מספר עבירה"": ""144 א"", ""סוג_עבירה_החזקה"": ""כן"", ""סוג_עבירה_נשיאה"": ""לא"", ""סוג_עבירה_הובלה"": ""לא"", ""סוג_עבירה_סחר"": ""לא"", ""סוג_עבירה_ניסיון_סחר"": ""לא"", ""סוג_עבירה_ביצוע_עבירות"": ""לא"", ""סוג_עבירה_ייצור"": ""לא"", ""סוג הנשק [אקדח]"": 2.0, ""סוג הנשק [תת מקלע מאולתר]"": 1.0, ""סטטוס הנשק"": ""נשק עם מחסנית בהכנס"", ""אופן_החזקה_בבית"": ""כן"", ""אופן_החזקה_ברכב"": ""לא"", ""אופן_החזקה_על_גופו"": ""לא"", ""אופן_החזקה_מוסלק"": ""כן"", ""אופן_החזקה_סמוך_לבית"": ""לא"", ""כמות תחמושת"": ""אקדח זיג זאוור טעון במחסנית ו-8 כדורי אקדח בקוטר 9 מ\""מ, נשק מאולתר מסוג קרלו טעון במחסנית ובה 15 כדורי 9 מ\""מ, אקדח נוסף ושתי מחסניות האחת ריקה ואחת מלאה ב-6 כדורי אקדח בקוטר 7.65"", ""מטרה-סיבת העבירה"": ""הגנה עצמית"", ""תכנון"": ""לא""}",40.0,"1. **סוג העבירה וחומרתה**: שני התיקים עוסקים בעבירות נשק, אך תיק 1 מתמקד בנשיאה והובלה, בעוד תיק 2 מתמקד בהחזקה. חומרת העבירה בתיק 2 נראית חמורה יותר, שכן מדובר בהחזקת נשק מאולתר וכמות גדולה של תחמושת.

2. **תפקיד הנאשם ומעורבותו**: לא ניתן לקבוע בבירור את תפקיד הנאשם ומעורבותו בשני התיקים, אך נראה שבתיק 2 הנאשם החזיק בנשק בביתו, בעוד בתיק 1 הנאשם נשא את הנשק על גופו.

3. **שיטת הביצוע (MO)**: שני התיקים מתאפיינים בהחזקת נשק, אך שיטת הביצוע בתיק 2 נראית מורכבת יותר, שכן מדובר בהחזקת נשק מאולתר וכמות גדולה של תחמושת.

4. **נסיבות הליבה**: בתיק 2, הנאשם החזיק בנשק בביתו, והמטרה-סיבת העבירה הייתה הגנה עצמית. בתיק 1, לא ניתן לקבוע בבירור את הנסיבות הליבה.

5. **ישימות כתקדים**: בית המשפט עשוי לראות את שני התיקים כרלוונטיים זה לזה לצורכי ענישה, שכן שניהם עוסקים בעבירות נשק. אולם, הבדלים בחומרת העבירה ובנסיבות הליבה עשויים להשפיע על החלטת בית המשפט.

SIMILARITY_SCORE: 40","ok",""
"ME-13-02-28360-614","ME-16-06-44840-433",1,0,0,"{""מספר עבירה"": ""144 ב"", ""סוג_עבירה_החזקה"": ""לא"", ""סוג_עבירה_נשיאה"": ""כן"", ""סוג_עבירה_הובלה"": ""לא"", ""סוג_עבירה_סחר"": ""לא"", ""סוג_עבירה_ניסיון_סחר"": ""לא"", ""סוג_עבירה_ביצוע_עבירות"": ""לא"", ""סוג_עבירה_ייצור"": ""לא"", ""סוג הנשק [אקדח]"": 1.0, ""סטטוס הנשק"": ""תקין"", ""אופן_החזקה_בבית"": ""לא"", ""אופן_החזקה_ברכב"": ""לא"", ""אופן_החזקה_על_גופו"": ""לא"", ""אופן_החזקה_מוסלק"": ""לא"", ""אופן_החזקה_סמוך_לבית"": ""לא"", ""מטרה-סיבת העבירה"": ""חתונה"", ""עבירות נוספות"": ""הפרעה לשוטר במילוי תפקידו לפי סעיף 275 לחוק העונשין; נהיגה ללא רישיון לפי סעיף 10(א) לפקודת התעבורה; נהיגה ללא ביטוח לפי סעיף 2 לפקודת ביטוח רכב מנועי; נהיגה תחת השפעת משקאות משכרים לפי תקנה 26(2) לתקנות התעבורה"", ""תכנון"": ""לא""}","{""מספר עבירה"": ""144 א, 144 ב"", ""סוג_עבירה_החזקה"": ""כן"", ""סוג_עבירה_נשיאה"": ""כן"", ""סוג_עבירה_הובלה"": ""כן"", ""סוג_עבירה_סחר"": ""לא"", ""סוג_עבירה_ניסיון_סחר"": ""לא"", ""סוג_עבירה_ביצוע_עבירות"": ""לא"", ""סוג_עבירה_ייצור"": ""לא"", ""סוג הנשק [רימון הלם/גז]"": 3.0, ""סטטוס הנשק"": ""תקין"", ""אופן_החזקה_בבית"": ""לא"", ""אופן_החזקה_ברכב"": ""לא"", ""אופן_החזקה_על_גופו"": ""לא"", ""אופן_החזקה_מוסלק"": ""כן"", ""אופן_החזקה_סמוך_לבית"": ""לא"", ""מטרה-סיבת העבירה"": ""סכסוך"", ""עבירות נוספות"": ""סיוע לנסיון לתקיפה לפי סעיפים 379 + 25 + 31 לחוק"", ""תכנון"": ""כן"", ""שימוש"": ""זריקת רימון""}",40.0,"1. **סוג העבירה וחומרתה**: שני התיקים עוסקים בעבירות נשק, אך תיק 1 מתמקד בנשיאת אקדח, בעוד תיק 2 כולל החזקה, נשיאה והובלה של רימון הלם/גז. החומרה של העבירות שונה, כאשר תיק 2 נראה חמור יותר.

2. **תפקיד הנאשם ומעורבותו**: לא ניתן לקבוע בבירור את תפקיד הנאשם ומעורבותו בשני התיקים, אך נראה שבתיק 2 הנאשם היה מעורב באופן פעיל יותר.

3. **שיטת הביצוע (MO)**: שני התיקים מתאפיינים בשימוש בנשק, אך האמצעים והדפוסים שונים.

4. **נסיבות הליבה**: הנסיבות בשני התיקים שונות, כאשר תיק 1 קשור לחתונה ותיק 2 קשור לסכסוך. בתיק 2, הנאשם אף שימש את הנשק.

5. **ישימות כתקדים**: למרות הדמיון בסוג העבירה, השוני בחומרה, שיטת הביצוע ונסיבות הליבה עשוי להפחית את הישימות של תיק 1 כתקדים לתיק 2.

SIMILARITY_SCORE: 40","ok",""
"SH-18-06-11098-353","SH-16-11-7544-55",3,1,1,"{""מספר עבירה"": ""144 א"", ""סוג_עבירה_החזקה"": ""כן"", ""סוג_עבירה_נשיאה"": ""לא"", ""סוג_עבירה_הובלה"": ""לא"", ""סוג_עבירה_סחר"": ""לא"", ""סוג_עבירה_ניסיון_סחר"": ""לא"", ""סוג_עבירה_ביצוע_עבירות"": ""לא"", ""סוג_עבירה_ייצור"": ""לא"", ""סוג הנשק [רובה סער ]"": 1.0, ""סטטוס הנשק"": ""תקין"", ""אופן_החזקה_בבית"": ""לא"", ""אופן_החזקה_ברכב"": ""לא"", ""אופן_החזקה_על_גופו"": ""לא"", ""אופן_החזקה_מוסלק"": ""כן"", ""אופן_החזקה_סמוך_לבית"": ""כן"", ""כמות תחמושת"": ""מספר מחסניות"", ""תכנון"": ""לא""}","{""מספר עבירה"": ""144 א"", ""סוג_עבירה_החזקה"": ""כן"", ""סוג_עבירה_נשיאה"": ""לא"", ""סוג_עבירה_הובלה"": ""לא"", ""סוג_עבירה_סחר"": ""לא"", ""סוג_עבירה_ניסיון_סחר"": ""לא"", ""סוג_עבירה_ביצוע_עבירות"": ""לא"", ""סוג_עבירה_ייצור"": ""לא"", ""סוג הנשק [תת מקלע מאולתר]"": 1.0, ""סטטוס הנשק"": ""תקין"", ""אופן_החזקה_בבית"": ""לא"", ""אופן_החזקה_ברכב"": ""לא"", ""אופן_החזקה_על_גופו"": ""לא"", ""אופן_החזקה_מוסלק"": ""כן"", ""אופן_החזקה_סמוך_לבית"": ""לא"", ""אופן קבלת הנשק"": ""מצא"", ""כמות תחמושת"": ""מחסנית המכילה 10 כדורים בקוטר 9 מ\""מ"", ""תכנון"": ""לא""}",60.0,"1. **סוג העבירה וחומרתה**: שני התיקים מעורבים בעבירת החזקת נשק, ולכן יש דמיון בסוג העבירה. אולם, החומרה של העבירה יכולה להשתנות בהתאם לסוג הנשק ולנסיבות המקרה.

2. **תפקיד הנאשם ומעורבותו**: לא ניתן לקבוע בבירור את תפקיד הנאשם ומעורבותו בשני התיקים, אך נראה שהם מעורבים בהחזקת נשק.

3. **שיטת הביצוע (MO)**: שני התיקים מעורבים בהחזקת נשק, אך הנשק עצמו שונה (רובה סער לעומת תת-מקלע מאולתר). כמו כן, האופן בו הנשק הוחזק (מוסלק) זהה בשני התיקים.

4. **נסיבות הליבה**: הנסיבות הליבה של שני התיקים שונות. בתיק 1, הנשק הוחזק בסמוך לבית, בעוד שבתיק 2, הנשק הוחזק באופן מוסלק, אך לא בסמוך לבית. כמו כן, הכמות התחמושת שונה בשני התיקים.

5. **ישימות כתקדים**: למרות הדמיון בסוג העבירה, הנסיבות הליבה של שני התיקים שונות, ולכן יש לשקול את הישימות של תיק 1 כתקדים לתיק 2.

SIMILARITY_SCORE: 60","ok",""
"ME-14-07-13179-197","m08000207-175",1,0,0,"{""מספר עבירה"": ""144 א, 144 ב"", ""סוג_עבירה_החזקה"": ""כן"", ""סוג_עבירה_נשיאה"": ""כן"", ""סוג_עבירה_הובלה"": ""לא"", ""סוג_עבירה_סחר"": ""לא"", ""סוג_עבירה_ניסיון_סחר"": ""לא"", ""סוג_עבירה_ביצוע_עבירות"": ""כן"", ""סוג_עבירה_ייצור"": ""לא"", ""סוג הנשק [אקדח]"": 1.0, ""סטטוס הנשק"": ""נשק עם כדור בקנה"", ""אופן_החזקה_בבית"": ""לא"", ""אופן_החזקה_ברכב"": ""לא"", ""אופן_החזקה_על_גופו"": ""כן"", ""אופן_החזקה_מוסלק"": ""לא"", ""אופן_החזקה_סמוך_לבית"": ""לא"", ""כמות תחמושת"": ""שלוש מחסניות ובהן תחמושת"", ""מטרה-סיבת העבירה"": ""סכסוך"", ""עבירות נוספות"": ""ירי באזור מגורים, לפי סעיף 340א לחוק; שיבוש מהלכי משפט, לפי סעיף 244 לחוק; הפרת הוראה חוקית, לפי סעיף 287(א) לחוק; גניבה, לפי סעיף 384 לחוק; איומים, לפי סעיף 192 לחוק"", ""תכנון"": ""לא"", ""שימוש"": ""כן,ירי""}","{""מספר עבירה"": ""144 ב"", ""סוג_עבירה_החזקה"": ""לא"", ""סוג_עבירה_נשיאה"": ""כן"", ""סוג_עבירה_הובלה"": ""לא"", ""סוג_עבירה_סחר"": ""לא"", ""סוג_עבירה_ניסיון_סחר"": ""לא"", ""סוג_עבירה_ביצוע_עבירות"": ""לא"", ""סוג_עבירה_ייצור"": ""לא"", ""סוג הנשק [אקדח]"": 1.0, ""סטטוס הנשק"": ""נשק עם מחסנית בהכנס"", ""אופן_החזקה_בבית"": ""לא"", ""אופן_החזקה_ברכב"": ""כן"", ""אופן_החזקה_על_גופו"": ""לא"", ""אופן_החזקה_מוסלק"": ""לא"", ""אופן_החזקה_סמוך_לבית"": ""לא"", ""אופן קבלת הנשק"": ""מצא"", ""כמות תחמושת"": ""מחסנית ובה 15 כדורים, מחסנית ובה כ-10 כדורים"", ""עבירות נוספות"": ""החזקת סם לצריכה עצמית בלבד, עבירה לפי סעיף 7(א) + (ג) סיפא לפקודת הסמים המסוכנים, התשל\""ג-1973"", ""תכנון"": ""לא""}",20.0,"1. **סוג העבירה וחומרתה**: שני התיקים עוסקים בעבירות נשק, אך תיק 1 כולל גם עבירות נוספות כגון ירי באזור מגורים, שיבוש מהלכי משפט, הפרת הוראה חוקית, גניבה, איומים. תיק 2, לעומת זאת, כולל רק עבירת החזקת נשק ועבירת החזקת סם לצריכה עצמית. חומרת העבירות בתיק 1 גבוהה יותר.

2. **תפקיד הנאשם ומעורבותו**: בשני התיקים, הנאשם הוא האדם שהחזיק בנשק. אולם, בתיק 1, הנאשם היה מעורב באופן פעיל בעבירות, כולל ירי באזור מגורים. בתיק 2, הנאשם היה מעורב באופן פסיבי, והחזיק בנשק שמצא.

3. **שיטת הביצוע (MO)**: בשני התיקים, הנאשם החזיק בנשק, אך בתיק 1, הנאשם השתמש בנשק לירי, בעוד שבתיק 2, הנאשם לא השתמש בנשק.

4. **נסיבות הליבה**: בתיק 1, הנאשם החזיק בנשק עם כדור בקנה, והשתמש בו לירי. בתיק 2, הנאשם החזיק בנשק עם מחסנית בהכנס, אך לא השתמש בו.

5. **ישימות כתקדים**: בית המשפט יראה את שני התיקים כלא רלוונטיים זה לזה לצורכי ענישה, מכיוון שחומרת העבירות ומעורבות הנאשם שונות באופן מהותי.

SIMILARITY_SCORE: 20","ok",""
"SH-17-04-19242-11","SH-16-11-7544-55",3,1,1,"{""מספר עבירה"": ""144 א"", ""סוג_עבירה_החזקה"": ""כן"", ""סוג_עבירה_נשיאה"": ""לא"", ""סוג_עבירה_הובלה"": ""לא"", ""סוג_עבירה_סחר"": ""לא"", ""סוג_עבירה_ניסיון_סחר"": ""לא"", ""סוג_עבירה_ביצוע_עבירות"": ""לא"", ""סוג_עבירה_ייצור"": ""לא"", ""סוג הנשק [רובה סער ]"": 1.0, ""סטטוס הנשק"": ""תקין"", ""אופן_החזקה_בבית"": ""כן"", ""אופן_החזקה_ברכב"": ""לא"", ""אופן_החזקה_על_גופו"": ""לא"", ""אופן_החזקה_מוסלק"": ""כן"", ""אופן_החזקה_סמוך_לבית"": ""לא"", ""אופן קבלת הנשק"": ""מאחר"", ""כמות תחמושת"": ""2 מחסניות עם כדורים"", ""תכנון"": ""לא""}","{""מספר עבירה"": ""144 א"", ""סוג_עבירה_החזקה"": ""כן"", ""סוג_עבירה_נשיאה"": ""לא"", ""סוג_עבירה_הובלה"": ""לא"", ""סוג_עבירה_סחר"": ""לא"", ""סוג_עבירה_ניסיון_סחר"": ""לא"", ""סוג_עבירה_ביצוע_עבירות"": ""לא"", ""סוג_עבירה_ייצור"": ""לא"", ""סוג הנשק [תת מקלע מאולתר]"": 1.0, ""סטטוס הנשק"": ""תקין"", ""אופן_החזקה_בבית"": ""לא"", ""אופן_החזקה_ברכב"": ""לא"", ""אופן_החזקה_על_גופו"": ""לא"", ""אופן_החזקה_מוסלק"": ""כן"", ""אופן_החזקה_סמוך_לבית"": ""לא"", ""אופן קבלת הנשק"": ""מצא"", ""כמות תחמושת"": ""מחסנית המכילה 10 כדורים בקוטר 9 מ\""מ"", ""תכנון"": ""לא""}",40.0,"1. **סוג העבירה וחומרתה**: שני התיקים מעורבים בעבירת החזקת נשק, ולכן יש דמיון בסוג העבירה. אולם, החומרה של העבירה יכולה להשתנות בהתאם לסוג הנשק ולכמות התחמושת. בתיק 1, הנשק הוא רובה סער, ובתיק 2, הנשק הוא תת-מקלע מאולתר. לכן, הדמיון בחומרת העבירה הוא חלקי.

2. **תפקיד הנאשם ומעורבותו**: לא ניתן לקבוע את תפקיד הנאשם ומעורבותו בשני התיקים, אך נראה ששניהם מעורבים בהחזקת נשק.

3. **שיטת הביצוע (MO)**: שני התיקים מעורבים בהחזקת נשק, אך האופן בו הנשק הוחזק (מוסלק) והאופן בו הנשק הושג (מאחר/מצא) שונים.

4. **נסיבות הליבה**: הנסיבות הליבה של שני התיקים שונות. בתיק 1, הנשק הוא רובה סער עם 2 מחסניות, ובתיק 2, הנשק הוא תת-מקלע מאולתר עם מחסנית אחת.

5. **ישימות כתקדים**: למרות הדמיון בסוג העבירה, השוני בחומרת העבירה, שיטת הביצוע, ונסיבות הליבה עשוי להפחית את הישימות של תיק 1 כתקדים לתיק 2.

SIMILARITY_SCORE: 40","ok",""
"ME-14-10-31218-522","ME-14-12-6904-57",1,0,0,"{""מספר עבירה"": ""144 א"", ""סוג_עבירה_החזקה"": ""כן"", ""סוג_עבירה_נשיאה"": ""לא"", ""סוג_עבירה_הובלה"": ""לא"", ""סוג_עבירה_סחר"": ""לא"", ""סוג_עבירה_ניסיון_סחר"": ""לא"", ""סוג_עבירה_ביצוע_עבירות"": ""לא"", ""סוג_עבירה_ייצור"": ""לא"", ""סוג הנשק [רימון הלם/גז]"": 1.0, ""סטטוס הנשק"": ""תקין"", ""אופן_החזקה_בבית"": ""לא"", ""אופן_החזקה_ברכב"": ""לא"", ""אופן_החזקה_על_גופו"": ""לא"", ""אופן_החזקה_מוסלק"": ""לא"", ""אופן_החזקה_סמוך_לבית"": ""כן"", ""מטרה-סיבת העבירה"": ""סכסוך"", ""תכנון"": ""לא"", ""שימוש"": ""זריקת רימון""}","{""מספר עבירה"": ""144 ב"", ""סוג_עבירה_החזקה"": ""כן"", ""סוג_עבירה_נשיאה"": ""כן"", ""סוג_עבירה_הובלה"": ""כן"", ""סוג_עבירה_סחר"": ""לא"", ""סוג_עבירה_ניסיון_סחר"": ""לא"", ""סוג_עבירה_ביצוע_עבירות"": ""לא"", ""סוג_עבירה_ייצור"": ""לא"", ""סוג הנשק [תת מקלע מאולתר]"": 1.0, ""סטטוס הנשק"": ""נשק מופרד מתחמושת"", ""אופן_החזקה_בבית"": ""כן"", ""אופן_החזקה_ברכב"": ""לא"", ""אופן_החזקה_על_גופו"": ""לא"", ""אופן_החזקה_מוסלק"": ""כן"", ""אופן_החזקה_סמוך_לבית"": ""לא"", ""אופן קבלת הנשק"": ""רכש"", ""כמות תחמושת"": ""מחסנית וכדורים"", ""מטרה-סיבת העבירה"": ""הגנה עצמית"", ""עבירות נוספות"": ""החזקת סם לצריכה עצמית, לפי סעיף 7(א) לפקודת הסמים המסוכנים, התשל\""ג-1973"", ""תכנון"": ""לא""}",20.0,"1. **סוג העבירה וחומרתה**: שני התיקים עוסקים בהחזקת נשק, אך תיק 1 מתמקד בזריקת רימון הלם, בעוד תיק 2 מתמקד בהחזקת תת-מקלע מאולתר. החומרה של העבירות שונה, כאשר תיק 1 נראה חמור יותר.

2. **תפקיד הנאשם ומעורבותו**: בשני התיקים, הנאשם הוא החוזק, אך בתיק 1 הנאשם השתמש ברימון הלם, בעוד בתיק 2 הנאשם החזיק בתת-מקלע מאולתר ללא שימוש.

3. **שיטת הביצוע (MO)**: השיטות הן שונות, כאשר בתיק 1 הנאשם זרק רימון הלם, בעוד בתיק 2 הנאשם החזיק בתת-מקלע מאולתר.

4. **נסיבות הליבה**: הנסיבות הן שונות, כאשר בתיק 1 הנאשם השתמש ברימון הלם בסכסוך, בעוד בתיק 2 הנאשם החזיק בתת-מקלע מאולתר להגנה עצמית.

5. **ישימות כתקדים**: בית המשפט עשוי לראות את שני התיקים כלא רלוונטיים זה לזה לצורכי ענישה, בשל ההבדלים המשמעותיים בסוג העבירה, החומרה, השיטת הביצוע והנסיבות.

SIMILARITY_SCORE: 20","ok",""
"ME-16-10-9348-780","ME-17-05-35227-215",1,0,0,"{""מספר עבירה"": ""144 ב"", ""סוג_עבירה_החזקה"": ""לא"", ""סוג_עבירה_נשיאה"": ""כן"", ""סוג_עבירה_הובלה"": ""כן"", ""סוג_עבירה_סחר"": ""לא"", ""סוג_עבירה_ניסיון_סחר"": ""לא"", ""סוג_עבירה_ביצוע_עבירות"": ""לא"", ""סוג_עבירה_ייצור"": ""לא"", ""סוג הנשק [רובה צייד]"": 1.0, ""סטטוס הנשק"": ""תקין"", ""אופן_החזקה_בבית"": ""לא"", ""אופן_החזקה_ברכב"": ""כן"", ""אופן_החזקה_על_גופו"": ""לא"", ""אופן_החזקה_מוסלק"": ""לא"", ""אופן_החזקה_סמוך_לבית"": ""לא"", ""אופן קבלת הנשק"": ""מאחר"", ""כמות תחמושת"": ""קופסת כדורי צייד קליבר 12 מ\""מ והמכילה 75 כדורים"", ""תכנון"": ""לא""}","{""מספר עבירה"": ""144 ב"", ""סוג_עבירה_החזקה"": ""כן"", ""סוג_עבירה_נשיאה"": ""כן"", ""סוג_עבירה_הובלה"": ""כן"", ""סוג_עבירה_סחר"": ""לא"", ""סוג_עבירה_ניסיון_סחר"": ""לא"", ""סוג_עבירה_ביצוע_עבירות"": ""לא"", ""סוג_עבירה_ייצור"": ""לא"", ""סוג הנשק [תת מקלע מאולתר]"": 1.0, ""סטטוס הנשק"": ""תקין"", ""אופן_החזקה_בבית"": ""לא"", ""אופן_החזקה_ברכב"": ""כן"", ""אופן_החזקה_על_גופו"": ""לא"", ""אופן_החזקה_מוסלק"": ""לא"", ""אופן_החזקה_סמוך_לבית"": ""לא"", ""אופן קבלת הנשק"": ""מצא"", ""תכנון"": ""לא""}",60.0,"1. **סוג העבירה וחומרתה**: שני התיקים מתייחסים לעבירות נשק, כולל החזקה, נשיאה והובלה, אך ללא סחר או ייצור. החומרה של העבירות דומה, אך הסוג המדויק של הנשק שונה (רובה צייד לעומת תת-מקלע מאולתר).

2. **תפקיד הנאשם ומעורבותו**: לא ניתן לקבוע בבירור את תפקיד הנאשם ומעורבותו בשני התיקים, אך נראה שהם מעורבים באופן פעיל.

3. **שיטת הביצוע (MO)**: שני התיקים מתאפיינים בהחזקה, נשיאה והובלה של נשק, אך האופן המדויק של הביצוע שונה (רובה צייד לעומת תת-מקלע מאולתר).

4. **נסיבות הליבה**: שני התיקים מתאפיינים בהחזקה של נשק ברכב, אך הכמות והסוג של התחמושת שונים (קופסת כדורי צייד לעומת לא ידוע).

5. **ישימות כתקדים**: בית המשפט יכול לראות את שני התיקים כרלוונטיים זה לזה לצורכי ענישה, אך ההבדלים בסוג הנשק ובנסיבות הליבה עשויים להשפיע על החלטת הענישה.

SIMILARITY_SCORE: 60","ok",""
"ME-16-06-42987-901","ME-12-04-33577-700",1,0,0,"{""מספר עבירה"": ""144 ב"", ""סוג_עבירה_החזקה"": ""כן"", ""סוג_עבירה_נשיאה"": ""כן"", ""סוג_עבירה_הובלה"": ""לא"", ""סוג_עבירה_סחר"": ""לא"", ""סוג_עבירה_ניסיון_סחר"": ""לא"", ""סוג_עבירה_ביצוע_עבירות"": ""כן"", ""סוג_עבירה_ייצור"": ""לא"", ""סוג הנשק - אם לא נמצא בטבלה"": ""רימון הלם: 1, רימון גז: 1, כלי נשק מאולתר (ירי, קליבר 9 מ\""מ): 1"", ""סטטוס הנשק"": ""תקול"", ""אופן_החזקה_בבית"": ""לא"", ""אופן_החזקה_ברכב"": ""לא"", ""אופן_החזקה_על_גופו"": ""כן"", ""אופן_החזקה_מוסלק"": ""לא"", ""אופן_החזקה_סמוך_לבית"": ""כן"", ""אופן קבלת הנשק"": ""מאחר"", ""כמות תחמושת"": ""כדור בקליבר 9 מ\""מ"", ""מטרה-סיבת העבירה"": ""סכסוך"", ""עבירות נוספות"": ""איומים לפי סעיף 192 לחוק העונשין; ניסיון לחבלה מחמירה לפי סעיף 329(א)(2) לחוק העונשין; ניסיון תקיפה בנסיבות מחמירות לפי סעיפים 382(א) + 25 לחוק העונשין"", ""תכנון"": ""כן"", ""שימוש"": ""זריקת רימון, ניסיון לירי ללא הצלחה, זריקת רימון""}","{""מספר עבירה"": ""144 א, 144 ב"", ""סוג_עבירה_החזקה"": ""כן"", ""סוג_עבירה_נשיאה"": ""כן"", ""סוג_עבירה_הובלה"": ""לא"", ""סוג_עבירה_סחר"": ""לא"", ""סוג_עבירה_ניסיון_סחר"": ""לא"", ""סוג_עבירה_ביצוע_עבירות"": ""כן"", ""סוג_עבירה_ייצור"": ""לא"", ""סוג הנשק [אקדח]"": 1.0, ""סטטוס הנשק"": ""נשק עם כדור בקנה"", ""אופן_החזקה_בבית"": ""לא"", ""אופן_החזקה_ברכב"": ""לא"", ""אופן_החזקה_על_גופו"": ""כן"", ""אופן_החזקה_מוסלק"": ""לא"", ""אופן_החזקה_סמוך_לבית"": ""לא"", ""כמות תחמושת"": ""3 כדורים"", ""מטרה-סיבת העבירה"": ""סכסוך"", ""עבירות נוספות"": ""חבלה בכוונה מחמירה, עבירה לפי סעיף 329(א)(2) לחוק העונשין; יריות באזור מגורים, עבירה לפי סעיף 340(א) לחוק העונשין"", ""תכנון"": ""כן"", ""שימוש"": ""כן,ירי""}",70.0,"1. **סוג העבירה וחומרתה**: שני התיקים עוסקים בעבירות נשק, כולל החזקה, נשיאה וביצוע עבירות. החומרה של העבירות דומה, עם דגש על שימוש בנשק בסכסוך.
2. **תפקיד הנאשם ומעורבותו**: בשני התיקים, הנאשם הוא האדם שהחזיק בנשק והשתמש בו. המעורבות היא פעילה, עם תכנון ושימוש בנשק.
3. **שיטת הביצוע (MO)**: שני התיקים מערבים שימוש בנשק, אך השיטות הספציפיות שונות (זריקת רימון לעומת ירי).
4. **נסיבות הליבה**: שני התיקים מערבים סכסוך, אך הנסיבות הספציפיות שונות (כמות תחמושת, שימוש בנשק).
5. **ישימות כתקדים**: בית משפט יכול לראות את שני התיקים כרלוונטיים זה לזה לצורכי ענישה, אך עם הבדלים בנסיבות הספציפיות.

SIMILARITY_SCORE: 70","ok",""
"ME-15-08-44579-251","SH-17-04-19242-11",1,0,0,"{""מספר עבירה"": ""144 ב"", ""סוג_עבירה_החזקה"": ""לא"", ""סוג_עבירה_נשיאה"": ""כן"", ""סוג_עבירה_הובלה"": ""לא"", ""סוג_עבירה_סחר"": ""לא"", ""סוג_עבירה_ניסיון_סחר"": ""לא"", ""סוג_עבירה_ביצוע_עבירות"": ""לא"", ""סוג_עבירה_ייצור"": ""לא"", ""סוג הנשק [אקדח]"": 1.0, ""סטטוס הנשק"": ""נשק מופרד מתחמושת"", ""אופן_החזקה_בבית"": ""לא"", ""אופן_החזקה_ברכב"": ""לא"", ""אופן_החזקה_על_גופו"": ""לא"", ""אופן_החזקה_מוסלק"": ""כן"", ""אופן_החזקה_סמוך_לבית"": ""לא"", ""אופן קבלת הנשק"": ""מצא"", ""כמות תחמושת"": ""מחסנית ובה 0 כדורים"", ""תכנון"": ""לא""}","{""מספר עבירה"": ""144 א"", ""סוג_עבירה_החזקה"": ""כן"", ""סוג_עבירה_נשיאה"": ""לא"", ""סוג_עבירה_הובלה"": ""לא"", ""סוג_עבירה_סחר"": ""לא"", ""סוג_עבירה_ניסיון_סחר"": ""לא"", ""סוג_עבירה_ביצוע_עבירות"": ""לא"", ""סוג_עבירה_ייצור"": ""לא"", ""סוג הנשק [רובה סער ]"": 1.0, ""סטטוס הנשק"": ""תקין"", ""אופן_החזקה_בבית"": ""כן"", ""אופן_החזקה_ברכב"": ""לא"", ""אופן_החזקה_על_גופו"": ""לא"", ""אופן_החזקה_מוסלק"": ""כן"", ""אופן_החזקה_סמוך_לבית"": ""לא"", ""אופן קבלת הנשק"": ""מאחר"", ""כמות תחמושת"": ""2 מחסניות עם כדורים"", ""תכנון"": ""לא""}",60.0,"1. **סוג העבירה וחומרתה**: שני התיקים עוסקים בעבירות נשק, אך תיק 1 מתייחס לנשיאת נשק (144 ב) ואילו תיק 2 מתייחס להחזקת נשק (144 א). החומרה של העבירות דומה, אך לא זהה.

2. **תפקיד הנאשם ומעורבותו**: בשני התיקים, הנאשם הוא האדם שנמצא עם הנשק, אך בתיק 1 הנאשם נשא את הנשק, בעוד שבתיק 2 הנאשם החזיק בנשק.

3. **שיטת הביצוע (MO)**: בשני התיקים, הנשק הוחזק/נשא באופן מוסלק, אך בתיק 1 הנשק היה מופרד מתחמושת, בעוד שבתיק 2 הנשק היה תקין והיו לו 2 מחסניות עם כדורים.

4. **נסיבות הליבה**: בשני התיקים, לא היו נסיבות מחמירות או מקלות, אך בתיק 1 הנשק היה מופרד מתחמושת, בעוד שבתיק 2 הנשק היה תקין והיו לו 2 מחסניות עם כדורים.

5. **ישימות כתקדים**: בית המשפט יכול לראות את שני התיקים כרלוונטיים זה לזה לצורכי ענישה, אך הדמיון ביניהם אינו מוחלט.

SIMILARITY_SCORE: 60","ok",""
"ME-15-06-12109-344","SH-14-11-8987-965",1,0,0,"{""מספר עבירה"": ""144 ב"", ""סוג_עבירה_החזקה"": ""לא"", ""סוג_עבירה_נשיאה"": ""כן"", ""סוג_עבירה_הובלה"": ""כן"", ""סוג_עבירה_סחר"": ""לא"", ""סוג_עבירה_ניסיון_סחר"": ""לא"", ""סוג_עבירה_ביצוע_עבירות"": ""לא"", ""סוג_עבירה_ייצור"": ""לא"", ""סוג הנשק [אקדח]"": 1.0, ""סטטוס הנשק"": ""תקין"", ""אופן_החזקה_בבית"": ""לא"", ""אופן_החזקה_ברכב"": ""כן"", ""אופן_החזקה_על_גופו"": ""לא"", ""אופן_החזקה_מוסלק"": ""כן"", ""אופן_החזקה_סמוך_לבית"": ""לא"", ""מטרה-סיבת העבירה"": ""חתונה"", ""תכנון"": ""כן""}","{""מספר עבירה"": ""144 א"", ""סוג_עבירה_החזקה"": ""כן"", ""סוג_עבירה_נשיאה"": ""כן"", ""סוג_עבירה_הובלה"": ""לא"", ""סוג_עבירה_סחר"": ""לא"", ""סוג_עבירה_ניסיון_סחר"": ""לא"", ""סוג_עבירה_ביצוע_עבירות"": ""לא"", ""סוג_עבירה_ייצור"": ""לא"", ""סוג הנשק [אקדח]"": 1.0, ""סטטוס הנשק"": ""תקול"", ""אופן_החזקה_בבית"": ""כן"", ""אופן_החזקה_ברכב"": ""לא"", ""אופן_החזקה_על_גופו"": ""לא"", ""אופן_החזקה_מוסלק"": ""לא"", ""אופן_החזקה_סמוך_לבית"": ""לא"", ""אופן קבלת הנשק"": ""גנב"", ""עבירות נוספות"": ""גניבה"", ""תכנון"": ""לא""}",60.0,"1. **סוג העבירה וחומרתה**: שני התיקים עוסקים בעבירות נשק, אך עם הבדלים בסוג העבירה. תיק 1 כולל החזקה, נשיאה והובלה, בעוד תיק 2 כולל החזקה ונשיאה. החומרה של העבירות דומה, אך לא זהה.

2. **תפקיד הנאשם ומעורבותו**: לא ניתן לקבוע בבירור את תפקיד הנאשם ומעורבותו בשני התיקים, אך נראה שבתיק 1 הנאשם היה מעורב באופן פעיל, בעוד בתיק 2 הנאשם היה מעורב באופן פסיבי.

3. **שיטת הביצוע (MO)**: שני התיקים כוללים החזקה ונשיאה של נשק, אך עם הבדלים באופן החזקה. בתיק 1 הנשק הוחזק ברכב, בעוד בתיק 2 הנשק הוחזק בבית.

4. **נסיבות הליבה**: שני התיקים כוללים החזקה ונשיאה של נשק, אך עם הבדלים בנסיבות. בתיק 1 הנשק הוחזק למטרת חתונה, בעוד בתיק 2 הנשק הוחזק לאחר שנגנב.

5. **ישימות כתקדים**: שני התיקים עוסקים בעבירות נשק, אך עם הבדלים בסוג העבירה ובנסיבות. בית המשפט יכול לראות את שני התיקים כרלוונטיים זה לזה לצורכי ענישה, אך עם הבדלים בחומרה.

SIMILARITY_SCORE: 60","ok",""
"ME-21-10-18557-340","ME-16-12-50986-619",3,1,1,"{""מספר עבירה"": ""144 א, 144 ב"", ""סוג_עבירה_החזקה"": ""כן"", ""סוג_עבירה_נשיאה"": ""כן"", ""סוג_עבירה_הובלה"": ""כן"", ""סוג_עבירה_סחר"": ""לא"", ""סוג_עבירה_ניסיון_סחר"": ""לא"", ""סוג_עבירה_ביצוע_עבירות"": ""כן"", ""סוג_עבירה_ייצור"": ""לא"", ""סוג הנשק [תת מקלע מאולתר]"": 1.0, ""סטטוס הנשק"": ""נשק עם מחסנית בהכנס"", ""אופן_החזקה_בבית"": ""לא"", ""אופן_החזקה_ברכב"": ""כן"", ""אופן_החזקה_על_גופו"": ""כן"", ""אופן_החזקה_מוסלק"": ""לא"", ""אופן_החזקה_סמוך_לבית"": ""לא"", ""כמות תחמושת"": ""מחסנית ולכל הפחות שני כדורים תואמים לתת המקלע בקליבר 9 מ\""מ"", ""מטרה-סיבת העבירה"": ""סכסוך"", ""עבירות נוספות"": ""ירי מנשק חם"", ""תכנון"": ""לא"", ""שימוש"": ""כן,ירי""}","{""מספר עבירה"": ""144 ב"", ""סוג_עבירה_החזקה"": ""כן"", ""סוג_עבירה_נשיאה"": ""כן"", ""סוג_עבירה_הובלה"": ""כן"", ""סוג_עבירה_סחר"": ""לא"", ""סוג_עבירה_ניסיון_סחר"": ""לא"", ""סוג_עבירה_ביצוע_עבירות"": ""לא"", ""סוג_עבירה_ייצור"": ""לא"", ""סוג הנשק [רובה סער ]"": 1.0, ""סטטוס הנשק"": ""נשק עם כדור בקנה"", ""אופן_החזקה_בבית"": ""לא"", ""אופן_החזקה_ברכב"": ""כן"", ""אופן_החזקה_על_גופו"": ""כן"", ""אופן_החזקה_מוסלק"": ""לא"", ""אופן_החזקה_סמוך_לבית"": ""כן"", ""אופן קבלת הנשק"": ""מאחר"", ""מטרה-סיבת העבירה"": ""סכסוך"", ""עבירות נוספות"": ""קשירת קשר לפשע, איומים, ירי באזור מגורים"", ""תכנון"": ""כן"", ""שימוש"": ""כן,ירי""}",60.0,"1. **סוג העבירה וחומרתה**: שני התיקים עוסקים בעבירות נשק, אך תיק 1 כולל גם עבירת ירי מנשק חם, בעוד תיק 2 כולל עבירות נוספות כגון קשירת קשר לפשע, איומים וירי באזור מגורים. חומרת העבירות בתיק 2 נראית גבוהה יותר.

2. **תפקיד הנאשם ומעורבותו**: בשני התיקים, הנאשם הוא החוזק, הנושא והמוביל של הנשק. אך בתיק 2, הנאשם גם תכנן את העבירה, מה שמרמז על מעורבות פעילה יותר.

3. **שיטת הביצוע (MO)**: שני התיקים כוללים שימוש בנשק, אך בתיק 1, הנשק הוא תת-מקלע מאולתר, בעוד בתיק 2, הנשק הוא רובה סער. שני התיקים כוללים גם ירי, אך בתיק 2, הירי היה באזור מגורים.

4. **נסיבות הליבה**: שני התיקים כוללים סכסוך כמטרה-סיבת העבירה, אך בתיק 2, הנאשם גם תכנן את העבירה, מה שמרמז על נסיבות מחמירות יותר.

5. **ישימות כתקדים**: בית המשפט יכול לראות את שני התיקים כרלוונטיים זה לזה לצורכי ענישה, אך החומרה הגבוהה יותר של העבירות בתיק 2 יכולה להשפיע על הענישה.

SIMILARITY_SCORE: 60","ok",""
"ME-13-10-53169-537","ME-13-10-28139-807",2,0,1,"{""מספר עבירה"": ""144 ב"", ""סוג_עבירה_החזקה"": ""כן"", ""סוג_עבירה_נשיאה"": ""כן"", ""סוג_עבירה_הובלה"": ""לא"", ""סוג_עבירה_סחר"": ""לא"", ""סוג_עבירה_ניסיון_סחר"": ""לא"", ""סוג_עבירה_ביצוע_עבירות"": ""כן"", ""סוג_עבירה_ייצור"": ""לא"", ""סוג הנשק [אקדח]"": 1.0, ""סטטוס הנשק"": ""נשק מופרד מתחמושת"", ""אופן_החזקה_בבית"": ""לא"", ""אופן_החזקה_ברכב"": ""כן"", ""אופן_החזקה_על_גופו"": ""כן"", ""אופן_החזקה_מוסלק"": ""כן"", ""אופן_החזקה_סמוך_לבית"": ""לא"", ""אופן קבלת הנשק"": ""מצא"", ""כמות תחמושת"": ""מחסנית ריקה ובה 0 כדורים, 2 כדורים, מחסנית, 17 כדורים"", ""עבירות נוספות"": ""ירי מנשק חם"", ""תכנון"": ""לא"", ""שימוש"": ""כן,ירי""}","{""מספר עבירה"": ""144 א"", ""סוג_עבירה_החזקה"": ""כן"", ""סוג_עבירה_נשיאה"": ""לא"", ""סוג_עבירה_הובלה"": ""לא"", ""סוג_עבירה_סחר"": ""לא"", ""סוג_עבירה_ניסיון_סחר"": ""לא"", ""סוג_עבירה_ביצוע_עבירות"": ""כן"", ""סוג_עבירה_ייצור"": ""לא"", ""סוג הנשק [אקדח]"": 1.0, ""סטטוס הנשק"": ""נשק עם כדור בקנה"", ""אופן_החזקה_בבית"": ""לא"", ""אופן_החזקה_ברכב"": ""לא"", ""אופן_החזקה_על_גופו"": ""כן"", ""אופן_החזקה_מוסלק"": ""לא"", ""אופן_החזקה_סמוך_לבית"": ""כן"", ""מטרה-סיבת העבירה"": ""סכסוך"", ""עבירות נוספות"": ""ניסיון לחבלה חמורה בנסיבות מחמירות לפי סעיפים 333+335(א)(1) ו-25 לחוק העונשין"", ""תכנון"": ""כן"", ""שימוש"": ""כן,ירי""}",65.0,"1. **סוג העבירה וחומרתה**: שני התיקים עוסקים בעבירות נשק, אך תיק 1 מתמקד בהחזקה, נשיאה וביצוע עבירות, בעוד תיק 2 מתמקד בהחזקה וביצוע עבירות. חומרת העבירות דומה, אך תיק 2 כולל עבירות נוספות חמורות. (דמיון: 70)

2. **תפקיד הנאשם ומעורבותו**: בשני התיקים, הנאשם הוא החוזק/נושא הנשק, אך בתיק 2, הנאשם הוא גם המבצע העבירות. (דמיון: 80)

3. **שיטת הביצוע (MO)**: שני התיקים כוללים שימוש בנשק, אך תיק 1 כולל ירי מנשק חם, בעוד תיק 2 כולל ירי וניסיון לחבלה. (דמיון: 60)

4. **נסיבות הליבה**: שני התיקים כוללים שימוש בנשק, אך תיק 2 כולל סכסוך ותכנון, בעוד תיק 1 לא. (דמיון: 50)

5. **ישימות כתקדים**: בית המשפט יכול לראות את שני התיקים כרלוונטיים זה לזה לצורכי ענישה, אך תיק 2 כולל עבירות נוספות חמורות. (דמיון: 70)

SIMILARITY_SCORE: 65","ok",""
"SH-15-12-65958-120","SH-16-09-33552-535",3,1,1,"{""מספר עבירה"": ""144 א"", ""סוג_עבירה_החזקה"": ""כן"", ""סוג_עבירה_נשיאה"": ""לא"", ""סוג_עבירה_הובלה"": ""לא"", ""סוג_עבירה_סחר"": ""לא"", ""סוג_עבירה_ניסיון_סחר"": ""לא"", ""סוג_עבירה_ביצוע_עבירות"": ""לא"", ""סוג_עבירה_ייצור"": ""לא"", ""סוג הנשק [אקדח]"": 2.0, ""סוג הנשק [תת מקלע מאולתר]"": 1.0, ""סטטוס הנשק"": ""נשק עם מחסנית בהכנס"", ""אופן_החזקה_בבית"": ""כן"", ""אופן_החזקה_ברכב"": ""לא"", ""אופן_החזקה_על_גופו"": ""לא"", ""אופן_החזקה_מוסלק"": ""כן"", ""אופן_החזקה_סמוך_לבית"": ""לא"", ""כמות תחמושת"": ""אקדח זיג זאוור טעון במחסנית ו-8 כדורי אקדח בקוטר 9 מ\""מ, נשק מאולתר מסוג קרלו טעון במחסנית ובה 15 כדורי 9 מ\""מ, אקדח נוסף ושתי מחסניות האחת ריקה ואחת מלאה ב-6 כדורי אקדח בקוטר 7.65"", ""מטרה-סיבת העבירה"": ""הגנה עצמית"", ""תכנון"": ""לא""}","{""מספר עבירה"": ""144 א"", ""סוג_עבירה_החזקה"": ""כן"", ""סוג_עבירה_נשיאה"": ""לא"", ""סוג_עבירה_הובלה"": ""לא"", ""סוג_עבירה_סחר"": ""לא"", ""סוג_עבירה_ניסיון_סחר"": ""לא"", ""סוג_עבירה_ביצוע_עבירות"": ""לא"", ""סוג_עבירה_ייצור"": ""לא"", ""סוג הנשק [אקדח]"": 1.0, ""סוג הנשק [רובה סער מאולתר]"": 1.0, ""סטטוס הנשק"": ""תקין"", ""אופן_החזקה_בבית"": ""לא"", ""אופן_החזקה_ברכב"": ""לא"", ""אופן_החזקה_על_גופו"": ""לא"", ""אופן_החזקה_מוסלק"": ""כן"", ""אופן_החזקה_סמוך_לבית"": ""כן"", ""כמות תחמושת"": ""מחסנית; מחסנית ריקה ובה 0 כדורים; 4 כדורים מסוג 9 מ\""מ; 60 כדורים מסוג 5.56 מ\""מ"", ""תכנון"": ""כן""}",50.0,"1. **סוג העבירה וחומרתה**: שני התיקים מעורבים בעבירת החזקת נשק, אך החומרה שונה. בתיק 1, הנאשם החזיק בשני אקדחים ותת-מקלע מאולתר, בעוד שבתיק 2, הנאשם החזיק באקדח ורובה סער מאולתר. (דמיון: 70)

2. **תפקיד הנאשם ומעורבותו**: בשני התיקים, הנאשם הוא החוזק, אך לא ברור אם הוא היה היזם או השליח. (דמיון: 50)

3. **שיטת הביצוע (MO)**: שני התיקים מעורבים בהחזקת נשק, אך האמצעים שונים. בתיק 1, הנאשם החזיק בנשק עם מחסנית בהכנס, בעוד שבתיק 2, הנאשם החזיק בנשק תקין. (דמיון: 60)

4. **נסיבות הליבה**: בשני התיקים, הנאשם החזיק בנשק, אך הכמויות שונות. בתיק 1, הנאשם החזיק ב-8 כדורי אקדח, בעוד שבתיק 2, הנאשם החזיק ב-4 כדורים. (דמיון: 40)

5. **ישימות כתקדים**: בשני התיקים, הנאשם החזיק בנשק, אך הנסיבות שונות. בתיק 1, הנאשם החזיק בנשק לצורך הגנה עצמית, בעוד שבתיק 2, הנאשם החזיק בנשק לצורך תכנון. (דמיון: 30)

SIMILARITY_SCORE: 50","ok",""
"ME-16-05-9968-487","SH-11-01-41775-497",2,0,1,"{""מספר עבירה"": ""144 א, 144 ב"", ""סוג_עבירה_החזקה"": ""כן"", ""סוג_עבירה_נשיאה"": ""כן"", ""סוג_עבירה_הובלה"": ""לא"", ""סוג_עבירה_סחר"": ""לא"", ""סוג_עבירה_ניסיון_סחר"": ""לא"", ""סוג_עבירה_ביצוע_עבירות"": ""לא"", ""סוג_עבירה_ייצור"": ""לא"", ""סוג הנשק [תת מקלע מאולתר]"": 1.0, ""סטטוס הנשק"": ""נשק עם מחסנית בהכנס"", ""אופן_החזקה_בבית"": ""לא"", ""אופן_החזקה_ברכב"": ""לא"", ""אופן_החזקה_על_גופו"": ""לא"", ""אופן_החזקה_מוסלק"": ""כן"", ""אופן_החזקה_סמוך_לבית"": ""לא"", ""אופן קבלת הנשק"": ""מאחר"", ""כמות תחמושת"": ""מחסנית"", ""מטרה-סיבת העבירה"": ""חתונה"", ""תכנון"": ""לא""}","{""מספר עבירה"": ""144 א"", ""סוג_עבירה_החזקה"": ""כן"", ""סוג_עבירה_נשיאה"": ""לא"", ""סוג_עבירה_הובלה"": ""לא"", ""סוג_עבירה_סחר"": ""לא"", ""סוג_עבירה_ניסיון_סחר"": ""לא"", ""סוג_עבירה_ביצוע_עבירות"": ""לא"", ""סוג_עבירה_ייצור"": ""לא"", ""סוג הנשק [אקדח]"": 1.0, ""סטטוס הנשק"": ""נשק מופרד מתחמושת"", ""אופן_החזקה_בבית"": ""כן"", ""אופן_החזקה_ברכב"": ""כן"", ""אופן_החזקה_על_גופו"": ""לא"", ""אופן_החזקה_מוסלק"": ""לא"", ""אופן_החזקה_סמוך_לבית"": ""לא"", ""אופן קבלת הנשק"": ""מצא"", ""כמות תחמושת"": ""מחסנית, 34 כדורים"", ""מטרה-סיבת העבירה"": ""הגנה עצמית"", ""תכנון"": ""לא""}",60.0,"1. **סוג העבירה וחומרתה**: שני התיקים עוסקים בעבירות נשק, אך תיק 1 כולל גם נשיאת נשק, בעוד תיק 2 עוסק רק בהחזקת נשק. חומרת העבירות דומה, אך לא זהה.

2. **תפקיד הנאשם ומעורבותו**: בשני התיקים, הנאשם הוא החוזק/נושא הנשק, אך בתיק 1 הנאשם החזיק בנשק באופן מוסלק, בעוד בתיק 2 הנאשם החזיק בנשק בבית וברכב.

3. **שיטת הביצוע (MO)**: שני התיקים עוסקים בהחזקת נשק, אך בתיק 1 הנשק היה עם מחסנית בהכנס, בעוד בתיק 2 הנשק היה מופרד מתחמושת.

4. **נסיבות הליבה**: בתיק 1, הנשק היה בכמות מחסנית, בעוד בתיק 2 הנשק היה בכמות מחסנית ו-34 כדורים. המטרה-סיבת העבירה שונה בשני התיקים: חתונה בתיק 1, הגנה עצמית בתיק 2.

5. **ישימות כתקדים**: בית משפט יראה את שני התיקים כרלוונטיים זה לזה לצורכי ענישה, אך עם הבדלים בחומרת העבירות ובנסיבות הליבה.

SIMILARITY_SCORE: 60","ok",""
"ME-19-04-1316-977","ME-16-05-19384-544",1,0,0,"{""מספר עבירה"": ""144 ב"", ""סוג_עבירה_החזקה"": ""לא"", ""סוג_עבירה_נשיאה"": ""לא"", ""סוג_עבירה_הובלה"": ""לא"", ""סוג_עבירה_סחר"": ""כן"", ""סוג_עבירה_ניסיון_סחר"": ""כן"", ""סוג_עבירה_ביצוע_עבירות"": ""לא"", ""סוג_עבירה_ייצור"": ""לא"", ""סוג הנשק [תת מקלע מאולתר]"": 2.0, ""סטטוס הנשק"": ""תקול"", ""אופן_החזקה_בבית"": ""לא"", ""אופן_החזקה_ברכב"": ""לא"", ""אופן_החזקה_על_גופו"": ""לא"", ""אופן_החזקה_מוסלק"": ""לא"", ""אופן_החזקה_סמוך_לבית"": ""לא"", ""אופן קבלת הנשק"": ""מאחר"", ""כמות תחמושת"": ""ארגז מלא בתחמושת מסוג M16 (1,100 כדורים) בעסקה שלא יצאה אל הפועל; מחסנית תואמת, 900 כדורי 5.56 מ\""מ בעסקה שבוצעה"", ""מטרה-סיבת העבירה"": ""בצע כסף"", ""תכנון"": ""כן""}","{""מספר עבירה"": ""144 א, 144 ב"", ""סוג_עבירה_החזקה"": ""כן"", ""סוג_עבירה_נשיאה"": ""כן"", ""סוג_עבירה_הובלה"": ""לא"", ""סוג_עבירה_סחר"": ""כן"", ""סוג_עבירה_ניסיון_סחר"": ""לא"", ""סוג_עבירה_ביצוע_עבירות"": ""לא"", ""סוג_עבירה_ייצור"": ""לא"", ""סוג הנשק [רובה סער ]"": 1.0, ""סטטוס הנשק"": ""נשק עם כדור בקנה"", ""אופן_החזקה_בבית"": ""לא"", ""אופן_החזקה_ברכב"": ""לא"", ""אופן_החזקה_על_גופו"": ""לא"", ""אופן_החזקה_מוסלק"": ""כן"", ""אופן_החזקה_סמוך_לבית"": ""כן"", ""אופן קבלת הנשק"": ""רכש"", ""כמות תחמושת"": ""כעשרה כדורי תחמושת לנשק"", ""מטרה-סיבת העבירה"": ""בצע כסף"", ""עבירות נוספות"": ""ניסיון לחבלה חמורה לפי סעיף 333 בצירוף סעיף 25 לחוק העונשין"", ""תכנון"": ""כן"", ""שימוש"": ""כן,ירי""}",40.0,"1. **סוג העבירה וחומרתה**: שני התיקים עוסקים בעבירות נשק, אך תיק 1 מתמקד בסחר וניסיון סחר, בעוד תיק 2 מתמקד בהחזקה, נשיאה וסחר. חומרת העבירות שונה, עם תיק 2 שכולל עבירות נוספות ושימוש בנשק.

2. **תפקיד הנאשם ומעורבותו**: שני התיקים מתארים נאשמים שמעורבים בסחר נשק, אך תיק 1 מתמקד בסוחר, בעוד תיק 2 מתמקד במחזיק ומשתמש בנשק.

3. **שיטת הביצוע (MO)**: שני התיקים מתארים שימוש בנשק, אך תיק 1 מתמקד בעסקאות שלא יצאו אל הפועל, בעוד תיק 2 מתמקד ברכישה ושימוש בנשק.

4. **נסיבות הליבה**: שני התיקים מתארים כמויות תחמושת, אך תיק 1 מתמקד בכמויות גדולות, בעוד תיק 2 מתמקד בכמויות קטנות. תיק 2 כולל גם עבירות נוספות ושימוש בנשק.

5. **ישימות כתקדים**: שני התיקים עוסקים בעבירות נשק, אך תיק 1 מתמקד בסחר, בעוד תיק 2 מתמקד בהחזקה, נשיאה וסחר. בית המשפט עשוי לראות את שני התיקים כרלוונטיים זה לזה לצורכי ענישה, אך עם הבדלים בחומרת העבירות.

SIMILARITY_SCORE: 40","ok",""
"SH-16-02-10948-419","SH-16-11-19417-55",3,1,1,"{""מספר עבירה"": ""144 א"", ""סוג_עבירה_החזקה"": ""כן"", ""סוג_עבירה_נשיאה"": ""לא"", ""סוג_עבירה_הובלה"": ""לא"", ""סוג_עבירה_סחר"": ""לא"", ""סוג_עבירה_ניסיון_סחר"": ""לא"", ""סוג_עבירה_ביצוע_עבירות"": ""לא"", ""סוג_עבירה_ייצור"": ""לא"", ""סוג הנשק [אקדח]"": 1.0, ""סטטוס הנשק"": ""תקין"", ""אופן_החזקה_בבית"": ""כן"", ""אופן_החזקה_ברכב"": ""לא"", ""אופן_החזקה_על_גופו"": ""לא"", ""אופן_החזקה_מוסלק"": ""לא"", ""אופן_החזקה_סמוך_לבית"": ""לא"", ""תכנון"": ""לא""}","{""מספר עבירה"": ""144 א"", ""סוג_עבירה_החזקה"": ""כן"", ""סוג_עבירה_נשיאה"": ""לא"", ""סוג_עבירה_הובלה"": ""לא"", ""סוג_עבירה_סחר"": ""לא"", ""סוג_עבירה_ניסיון_סחר"": ""לא"", ""סוג_עבירה_ביצוע_עבירות"": ""לא"", ""סוג_עבירה_ייצור"": ""לא"", ""סוג הנשק [אקדח]"": 1.0, ""סטטוס הנשק"": ""נשק עם מחסנית בהכנס"", ""אופן_החזקה_בבית"": ""לא"", ""אופן_החזקה_ברכב"": ""כן"", ""אופן_החזקה_על_גופו"": ""לא"", ""אופן_החזקה_מוסלק"": ""כן"", ""אופן_החזקה_סמוך_לבית"": ""לא"", ""כמות תחמושת"": ""מחסנית ובה כדורים"", ""תכנון"": ""לא""}",60.0,"1. **סוג העבירה וחומרתה**: שני התיקים מתייחסים לעבירת החזקת נשק (144 א), ולכן יש דמיון בסוג העבירה. אולם, החומרה של העבירה יכולה להשתנות בהתאם לנסיבות, כגון הסטטוס הנשק ואופן החזקה.

2. **תפקיד הנאשם ומעורבותו**: לא ניתן לקבוע את תפקיד הנאשם ומעורבותו מהפיצ'רים המובנים, אך ניתן להניח שהנאשם הוא החוזק הנשק.

3. **שיטת הביצוע (MO)**: שני התיקים מתייחסים להחזקת נשק, אך האופן בו הנשק הוחזק שונה. בתיק 1, הנשק הוחזק בבית, בעוד שבתיק 2, הנשק הוחזק ברכב.

4. **נסיבות הליבה**: הנסיבות הליבה שונות בין שני התיקים. בתיק 1, הנשק היה תקין, בעוד שבתיק 2, הנשק היה עם מחסנית בהכנס. בנוסף, בתיק 2, היה כדורים במחסנית.

5. **ישימות כתקדים**: למרות הדמיון בסוג העבירה, הנסיבות הליבה שונות בין שני התיקים. בית המשפט יכול לראות את שני התיקים כרלוונטיים זה לזה לצורכי ענישה, אך הדמיון לא מוחלט.

SIMILARITY_SCORE: 60","ok",""
"ME-22-03-52964-443","ME-17-05-35227-215",2,0,1,"{""מספר עבירה"": ""144 א, 144 ב"", ""סוג_עבירה_החזקה"": ""כן"", ""סוג_עבירה_נשיאה"": ""כן"", ""סוג_עבירה_הובלה"": ""כן"", ""סוג_עבירה_סחר"": ""לא"", ""סוג_עבירה_ניסיון_סחר"": ""לא"", ""סוג_עבירה_ביצוע_עבירות"": ""לא"", ""סוג_עבירה_ייצור"": ""לא"", ""סוג הנשק [אקדח]"": 1.0, ""סטטוס הנשק"": ""נשק עם מחסנית בהכנס"", ""אופן_החזקה_בבית"": ""לא"", ""אופן_החזקה_ברכב"": ""לא"", ""אופן_החזקה_על_גופו"": ""כן"", ""אופן_החזקה_מוסלק"": ""לא"", ""אופן_החזקה_סמוך_לבית"": ""לא"", ""כמות תחמושת"": ""מחסנית ובתוכה 16 כדורים, מחסנית נוספת ובתוכה 16 כדורים"", ""מטרה-סיבת העבירה"": ""הגנה עצמית"", ""עבירות נוספות"": ""הפרעה לשוטר במילוי תפקידו לפי סעיף 275 לחוק"", ""תכנון"": ""לא""}","{""מספר עבירה"": ""144 ב"", ""סוג_עבירה_החזקה"": ""כן"", ""סוג_עבירה_נשיאה"": ""כן"", ""סוג_עבירה_הובלה"": ""כן"", ""סוג_עבירה_סחר"": ""לא"", ""סוג_עבירה_ניסיון_סחר"": ""לא"", ""סוג_עבירה_ביצוע_עבירות"": ""לא"", ""סוג_עבירה_ייצור"": ""לא"", ""סוג הנשק [תת מקלע מאולתר]"": 1.0, ""סטטוס הנשק"": ""תקין"", ""אופן_החזקה_בבית"": ""לא"", ""אופן_החזקה_ברכב"": ""כן"", ""אופן_החזקה_על_גופו"": ""לא"", ""אופן_החזקה_מוסלק"": ""לא"", ""אופן_החזקה_סמוך_לבית"": ""לא"", ""אופן קבלת הנשק"": ""מצא"", ""תכנון"": ""לא""}",60.0,"1. **סוג העבירה וחומרתה**: שני התיקים עוסקים בעבירות החזקה, נשיאה והובלה של נשק, אך הסוג המדויק של הנשק שונה (אקדח לעומת תת-מקלע מאולתר). חומרת העבירה דומה, אך לא זהה.

2. **תפקיד הנאשם ומעורבותו**: בשני התיקים, הנאשם הוא החוזק, הנושא והמוביל של הנשק. מעורבותו היא פעילה.

3. **שיטת הביצוע (MO)**: שני התיקים מתאפיינים בחזקת נשק, אך האופן בו הנשק הוחזק (על גופו לעומת ברכב) שונה.

4. **נסיבות הליבה**: בתיק הראשון, הנשק היה עם מחסנית בהכנס, בעוד שבתיק השני, הנשק היה תקין. כמות התחמושת שונה (32 כדורים לעומת לא ידוע).

5. **ישימות כתקדים**: בית המשפט יכול לראות את שני התיקים כרלוונטיים זה לזה לצורכי ענישה, אך יש לקחת בחשבון את ההבדלים בסוג הנשק, אופן החזקה וכמות התחמושת.

SIMILARITY_SCORE: 60","ok",""
"ME-18-04-19642-504","ME-21-10-18557-340",2,0,1,"{""מספר עבירה"": ""144 א, 144 ב"", ""סוג_עבירה_החזקה"": ""כן"", ""סוג_עבירה_נשיאה"": ""כן"", ""סוג_עבירה_הובלה"": ""כן"", ""סוג_עבירה_סחר"": ""לא"", ""סוג_עבירה_ניסיון_סחר"": ""לא"", ""סוג_עבירה_ביצוע_עבירות"": ""לא"", ""סוג_עבירה_ייצור"": ""לא"", ""סוג הנשק [אקדח]"": 1.0, ""סטטוס הנשק"": ""נשק עם כדור בקנה"", ""אופן_החזקה_בבית"": ""לא"", ""אופן_החזקה_ברכב"": ""כן"", ""אופן_החזקה_על_גופו"": ""כן"", ""אופן_החזקה_מוסלק"": ""כן"", ""אופן_החזקה_סמוך_לבית"": ""לא"", ""אופן קבלת הנשק"": ""רכש"", ""כמות תחמושת"": ""שתי מחסניות ולא פחות מ 40 כדורים"", ""מטרה-סיבת העבירה"": ""סכסוך"", ""עבירות נוספות"": ""מעשי פזיזות ורשלנות, לפי ס' 338(א)(5) לחוק"", ""תכנון"": ""לא"", ""שימוש"": ""כן,ירי""}","{""מספר עבירה"": ""144 א, 144 ב"", ""סוג_עבירה_החזקה"": ""כן"", ""סוג_עבירה_נשיאה"": ""כן"", ""סוג_עבירה_הובלה"": ""כן"", ""סוג_עבירה_סחר"": ""לא"", ""סוג_עבירה_ניסיון_סחר"": ""לא"", ""סוג_עבירה_ביצוע_עבירות"": ""כן"", ""סוג_עבירה_ייצור"": ""לא"", ""סוג הנשק [תת מקלע מאולתר]"": 1.0, ""סטטוס הנשק"": ""נשק עם מחסנית בהכנס"", ""אופן_החזקה_בבית"": ""לא"", ""אופן_החזקה_ברכב"": ""כן"", ""אופן_החזקה_על_גופו"": ""כן"", ""אופן_החזקה_מוסלק"": ""לא"", ""אופן_החזקה_סמוך_לבית"": ""לא"", ""כמות תחמושת"": ""מחסנית ולכל הפחות שני כדורים תואמים לתת המקלע בקליבר 9 מ\""מ"", ""מטרה-סיבת העבירה"": ""סכסוך"", ""עבירות נוספות"": ""ירי מנשק חם"", ""תכנון"": ""לא"", ""שימוש"": ""כן,ירי""}",80.0,"1. **סוג העבירה וחומרתה**: שני התיקים עוסקים בעבירות החזקה, נשיאה והובלה של נשק, ולכן יש דמיון בסוג העבירה. אולם, החומרה של העבירות שונה במקצת, שכן בתיק 1 מדובר באקדח עם כדור בקנה, בעוד שבתיק 2 מדובר בתת-מקלע מאולתר.

2. **תפקיד הנאשם ומעורבותו**: בשני התיקים, הנאשם הוא החוזק, הנושא והמוביל של הנשק, ולכן יש דמיון בתפקיד הנאשם.

3. **שיטת הביצוע (MO)**: בשני התיקים, הנשק הוחזק, נושא והובל ברכב, ולכן יש דמיון בשיטת הביצוע.

4. **נסיבות הליבה**: בשני התיקים, הנשק שימש לסכסוך, והנאשם השתמש בנשק לירי. אולם, הכמות התחמושת שונה במקצת, שכן בתיק 1 מדובר בשתי מחסניות ולפחות 40 כדורים, בעוד שבתיק 2 מדובר במחסנית ולכל הפחות שני כדורים.

5. **ישימות כתקדים**: בשני התיקים, העבירות הן חמורות, והנאשם השתמש בנשק לירי. לכן, יש דמיון בישימות כתקדים.

SIMILARITY_SCORE: 80","ok",""
"ME-16-03-59260-279","SH-11-12-35552-181",2,0,1,"{""מספר עבירה"": ""144 א, 144 ב"", ""סוג_עבירה_החזקה"": ""כן"", ""סוג_עבירה_נשיאה"": ""כן"", ""סוג_עבירה_הובלה"": ""לא"", ""סוג_עבירה_סחר"": ""לא"", ""סוג_עבירה_ניסיון_סחר"": ""לא"", ""סוג_עבירה_ביצוע_עבירות"": ""לא"", ""סוג_עבירה_ייצור"": ""לא"", ""סוג הנשק [אקדח]"": 1.0, ""סטטוס הנשק"": ""נשק עם מחסנית בהכנס"", ""אופן_החזקה_בבית"": ""לא"", ""אופן_החזקה_ברכב"": ""כן"", ""אופן_החזקה_על_גופו"": ""לא"", ""אופן_החזקה_מוסלק"": ""כן"", ""אופן_החזקה_סמוך_לבית"": ""לא"", ""כמות תחמושת"": ""מחסנית המתאימה לאקדח שבתוכה 14 כדורי קליבר 9 מ\""מ"", ""מטרה-סיבת העבירה"": ""סכסוך"", ""תכנון"": ""לא""}","{""מספר עבירה"": ""144 א"", ""סוג_עבירה_החזקה"": ""כן"", ""סוג_עבירה_נשיאה"": ""לא"", ""סוג_עבירה_הובלה"": ""לא"", ""סוג_עבירה_סחר"": ""לא"", ""סוג_עבירה_ניסיון_סחר"": ""לא"", ""סוג_עבירה_ביצוע_עבירות"": ""לא"", ""סוג_עבירה_ייצור"": ""לא"", ""סוג הנשק [אקדח]"": 1.0, ""סטטוס הנשק"": ""תקין"", ""אופן_החזקה_בבית"": ""כן"", ""אופן_החזקה_ברכב"": ""לא"", ""אופן_החזקה_על_גופו"": ""לא"", ""אופן_החזקה_מוסלק"": ""כן"", ""אופן_החזקה_סמוך_לבית"": ""לא"", ""אופן קבלת הנשק"": ""רכש"", ""תכנון"": ""לא""}",40.0,"1. **סוג העבירה וחומרתה**: שני התיקים עוסקים בהחזקת נשק, אך תיק 1 כולל גם נשיאת נשק, בעוד תיק 2 לא. חומרת העבירה דומה, אך לא זהה.

2. **תפקיד הנאשם ומעורבותו**: לא ניתן לקבוע בבירור את תפקיד הנאשם ומעורבותו בשני התיקים, אך נראה שהם מעורבים באופן פעיל.

3. **שיטת הביצוע (MO)**: שני התיקים כוללים החזקת נשק, אך האופן בו הנשק הוחזק (בבית, ברכב, על גופו) שונה.

4. **נסיבות הליבה**: שני התיקים כוללים אקדח, אך הסטטוס הנשק (נשק עם מחסנית בהכנס, תקין) שונה. כמו כן, המטרה-סיבת העבירה (סכסוך, לא צוין) שונה.

5. **ישימות כתקדים**: בית משפט יכול לראות את שני התיקים כרלוונטיים זה לזה לצורכי ענישה, אך הדמיון המהותי ביניהם אינו גבוה.

SIMILARITY_SCORE: 40","ok",""
"ME-16-06-44840-433","ME-14-10-31218-522",1,0,0,"{""מספר עבירה"": ""144 א, 144 ב"", ""סוג_עבירה_החזקה"": ""כן"", ""סוג_עבירה_נשיאה"": ""כן"", ""סוג_עבירה_הובלה"": ""כן"", ""סוג_עבירה_סחר"": ""לא"", ""סוג_עבירה_ניסיון_סחר"": ""לא"", ""סוג_עבירה_ביצוע_עבירות"": ""לא"", ""סוג_עבירה_ייצור"": ""לא"", ""סוג הנשק [רימון הלם/גז]"": 3.0, ""סטטוס הנשק"": ""תקין"", ""אופן_החזקה_בבית"": ""לא"", ""אופן_החזקה_ברכב"": ""לא"", ""אופן_החזקה_על_גופו"": ""לא"", ""אופן_החזקה_מוסלק"": ""כן"", ""אופן_החזקה_סמוך_לבית"": ""לא"", ""מטרה-סיבת העבירה"": ""סכסוך"", ""עבירות נוספות"": ""סיוע לנסיון לתקיפה לפי סעיפים 379 + 25 + 31 לחוק"", ""תכנון"": ""כן"", ""שימוש"": ""זריקת רימון""}","{""מספר עבירה"": ""144 א"", ""סוג_עבירה_החזקה"": ""כן"", ""סוג_עבירה_נשיאה"": ""לא"", ""סוג_עבירה_הובלה"": ""לא"", ""סוג_עבירה_סחר"": ""לא"", ""סוג_עבירה_ניסיון_סחר"": ""לא"", ""סוג_עבירה_ביצוע_עבירות"": ""לא"", ""סוג_עבירה_ייצור"": ""לא"", ""סוג הנשק [רימון הלם/גז]"": 1.0, ""סטטוס הנשק"": ""תקין"", ""אופן_החזקה_בבית"": ""לא"", ""אופן_החזקה_ברכב"": ""לא"", ""אופן_החזקה_על_גופו"": ""לא"", ""אופן_החזקה_מוסלק"": ""לא"", ""אופן_החזקה_סמוך_לבית"": ""כן"", ""מטרה-סיבת העבירה"": ""סכסוך"", ""תכנון"": ""לא"", ""שימוש"": ""זריקת רימון""}",60.0,"1. **סוג העבירה וחומרתה**: שני התיקים עוסקים בעבירות נשק, אך תיק 1 כולל עבירות נוספות. חומרת העבירות דומה, אך לא זהה.

2. **תפקיד הנאשם ומעורבותו**: לא ניתן לקבוע בבירור את תפקיד הנאשם ומעורבותו בשני התיקים, אך נראה שהם מעורבים באופן פעיל.

3. **שיטת הביצוע (MO)**: שני התיקים כוללים שימוש ברימון, אך סוג הרימון שונה.

4. **נסיבות הליבה**: שני התיקים כוללים שימוש בנשק, אך נסיבות הליבה שונות. תיק 1 כולל תכנון, בעוד שתיק 2 לא.

5. **ישימות כתקדים**: שני התיקים עוסקים בעבירות נשק, אך הנסיבות השונות עשויות להשפיע על ישימותם כתקדים.

SIMILARITY_SCORE: 60","ok",""
"sh-10-05-7434-952","SH-18-06-11098-353",1,0,0,"{""מספר עבירה"": ""144 א"", ""סוג_עבירה_החזקה"": ""כן"", ""סוג_עבירה_נשיאה"": ""לא"", ""סוג_עבירה_הובלה"": ""לא"", ""סוג_עבירה_סחר"": ""לא"", ""סוג_עבירה_ניסיון_סחר"": ""לא"", ""סוג_עבירה_ביצוע_עבירות"": ""לא"", ""סוג_עבירה_ייצור"": ""לא"", ""סוג הנשק [אקדח]"": 2.0, ""סטטוס הנשק"": ""נשק עם מחסנית בהכנס"", ""אופן_החזקה_בבית"": ""כן"", ""אופן_החזקה_ברכב"": ""לא"", ""אופן_החזקה_על_גופו"": ""לא"", ""אופן_החזקה_מוסלק"": ""כן"", ""אופן_החזקה_סמוך_לבית"": ""לא"", ""אופן קבלת הנשק"": ""רכש"", ""כמות תחמושת"": ""מחסנית בפנים"", ""תכנון"": ""לא""}","{""מספר עבירה"": ""144 א"", ""סוג_עבירה_החזקה"": ""כן"", ""סוג_עבירה_נשיאה"": ""לא"", ""סוג_עבירה_הובלה"": ""לא"", ""סוג_עבירה_סחר"": ""לא"", ""סוג_עבירה_ניסיון_סחר"": ""לא"", ""סוג_עבירה_ביצוע_עבירות"": ""לא"", ""סוג_עבירה_ייצור"": ""לא"", ""סוג הנשק [רובה סער ]"": 1.0, ""סטטוס הנשק"": ""תקין"", ""אופן_החזקה_בבית"": ""לא"", ""אופן_החזקה_ברכב"": ""לא"", ""אופן_החזקה_על_גופו"": ""לא"", ""אופן_החזקה_מוסלק"": ""כן"", ""אופן_החזקה_סמוך_לבית"": ""כן"", ""כמות תחמושת"": ""מספר מחסניות"", ""תכנון"": ""לא""}",60.0,"1. **סוג העבירה וחומרתה**: שני התיקים מעורבים בעבירת החזקת נשק, אך הסוג המדויק של הנשק שונה (אקדח לעומת רובה סער). חומרת העבירה דומה, אך לא זהה.

2. **תפקיד הנאשם ומעורבותו**: לא ניתן לקבוע בבירור את תפקיד הנאשם ומעורבותו בשני התיקים, אך נראה ששניהם מעורבים בהחזקת נשק.

3. **שיטת הביצוע (MO)**: שני התיקים מעורבים בהחזקת נשק, אך האופן בו הנשק הוחזק (בבית, ברכב, על גופו, מוסלק) שונה.

4. **נסיבות הליבה**: שני התיקים לא מעורבים בתכנון, אך הכמות המדויקת של תחמושת שונה (מחסנית בפנים לעומת מספר מחסניות).

5. **ישימות כתקדים**: בית משפט יכול לראות את שני התיקים כרלוונטיים זה לזה לצורכי ענישה, אך הדמיון לא מוחלט.

SIMILARITY_SCORE: 60","ok",""
"SH-19-07-60805-168","SH-16-11-7544-55",2,0,1,"{""מספר עבירה"": ""144 א"", ""סוג_עבירה_החזקה"": ""כן"", ""סוג_עבירה_נשיאה"": ""לא"", ""סוג_עבירה_הובלה"": ""לא"", ""סוג_עבירה_סחר"": ""לא"", ""סוג_עבירה_ניסיון_סחר"": ""לא"", ""סוג_עבירה_ביצוע_עבירות"": ""לא"", ""סוג_עבירה_ייצור"": ""לא"", ""סוג הנשק [אקדח]"": 1.0, ""סוג הנשק - אם לא נמצא בטבלה"": ""אקדח חצי אוטומטי מסוג גז/הזנקה, שבוצע בו שינוי לירי כדורי אקדח"", ""סטטוס הנשק"": ""נשק עם מחסנית בהכנס"", ""אופן_החזקה_בבית"": ""לא"", ""אופן_החזקה_ברכב"": ""כן"", ""אופן_החזקה_על_גופו"": ""לא"", ""אופן_החזקה_מוסלק"": ""כן"", ""אופן_החזקה_סמוך_לבית"": ""לא"", ""כמות תחמושת"": ""מחסנית, המתאימה לאקדח חצי אוטומטי מסוג \""סמית' אנד ווסון\"", טעונה ב-10 כדורים בקוטר 9 מ\""מ פאראבלום"", ""תכנון"": ""לא""}","{""מספר עבירה"": ""144 א"", ""סוג_עבירה_החזקה"": ""כן"", ""סוג_עבירה_נשיאה"": ""לא"", ""סוג_עבירה_הובלה"": ""לא"", ""סוג_עבירה_סחר"": ""לא"", ""סוג_עבירה_ניסיון_סחר"": ""לא"", ""סוג_עבירה_ביצוע_עבירות"": ""לא"", ""סוג_עבירה_ייצור"": ""לא"", ""סוג הנשק [תת מקלע מאולתר]"": 1.0, ""סטטוס הנשק"": ""תקין"", ""אופן_החזקה_בבית"": ""לא"", ""אופן_החזקה_ברכב"": ""לא"", ""אופן_החזקה_על_גופו"": ""לא"", ""אופן_החזקה_מוסלק"": ""כן"", ""אופן_החזקה_סמוך_לבית"": ""לא"", ""אופן קבלת הנשק"": ""מצא"", ""כמות תחמושת"": ""מחסנית המכילה 10 כדורים בקוטר 9 מ\""מ"", ""תכנון"": ""לא""}",60.0,"1. **סוג העבירה וחומרתה**: שני התיקים מעורבים בעבירת החזקת נשק, אך הסוג המדויק של הנשק שונה. בתיק 1, מדובר באקדח חצי אוטומטי, בעוד שבתיק 2, מדובר בתת-מקלע מאולתר. החומרה של העבירה דומה, אך לא זהה.

2. **תפקיד הנאשם ומעורבותו**: בשני התיקים, הנאשם הוא החוזק של הנשק, אך אופן החזקה שונה. בתיק 1, הנשק הוחזק ברכב, בעוד שבתיק 2, הנשק הוחזק באופן מוסלק.

3. **שיטת הביצוע (MO)**: שני התיקים מעורבים בהחזקת נשק, אך האופן בו הנשק הוחזק שונה. בתיק 1, הנשק הוחזק ברכב, בעוד שבתיק 2, הנשק הוחזק באופן מוסלק.

4. **נסיבות הליבה**: בשני התיקים, הנשק הוחזק עם תחמושת, אך הסוג המדויק של התחמושת שונה. בתיק 1, התחמושת הייתה מחסנית המכילה 10 כדורים בקוטר 9 מ""מ, בעוד שבתיק 2, התחמושת הייתה מחסנית המכילה 10 כדורים בקוטר 9 מ""מ.

5. **ישימות כתקדים**: בשני התיקים, העבירה היא החזקת נשק, אך הסוג המדויק של הנשק שונה. בית המשפט יכול לראות את שני התיקים כרלוונטיים זה לזה לצורכי ענישה, אך הדמיון לא מוחלט.

SIMILARITY_SCORE: 60","ok",""
"SH-14-11-8987-965","ME-16-12-50986-619",1,0,0,"{""מספר עבירה"": ""144 א"", ""סוג_עבירה_החזקה"": ""כן"", ""סוג_עבירה_נשיאה"": ""כן"", ""סוג_עבירה_הובלה"": ""לא"", ""סוג_עבירה_סחר"": ""לא"", ""סוג_עבירה_ניסיון_סחר"": ""לא"", ""סוג_עבירה_ביצוע_עבירות"": ""לא"", ""סוג_עבירה_ייצור"": ""לא"", ""סוג הנשק [אקדח]"": 1.0, ""סטטוס הנשק"": ""תקול"", ""אופן_החזקה_בבית"": ""כן"", ""אופן_החזקה_ברכב"": ""לא"", ""אופן_החזקה_על_גופו"": ""לא"", ""אופן_החזקה_מוסלק"": ""לא"", ""אופן_החזקה_סמוך_לבית"": ""לא"", ""אופן קבלת הנשק"": ""גנב"", ""עבירות נוספות"": ""גניבה"", ""תכנון"": ""לא""}","{""מספר עבירה"": ""144 ב"", ""סוג_עבירה_החזקה"": ""כן"", ""סוג_עבירה_נשיאה"": ""כן"", ""סוג_עבירה_הובלה"": ""כן"", ""סוג_עבירה_סחר"": ""לא"", ""סוג_עבירה_ניסיון_סחר"": ""לא"", ""סוג_עבירה_ביצוע_עבירות"": ""לא"", ""סוג_עבירה_ייצור"": ""לא"", ""סוג הנשק [רובה סער ]"": 1.0, ""סטטוס הנשק"": ""נשק עם כדור בקנה"", ""אופן_החזקה_בבית"": ""לא"", ""אופן_החזקה_ברכב"": ""כן"", ""אופן_החזקה_על_גופו"": ""כן"", ""אופן_החזקה_מוסלק"": ""לא"", ""אופן_החזקה_סמוך_לבית"": ""כן"", ""אופן קבלת הנשק"": ""מאחר"", ""מטרה-סיבת העבירה"": ""סכסוך"", ""עבירות נוספות"": ""קשירת קשר לפשע, איומים, ירי באזור מגורים"", ""תכנון"": ""כן"", ""שימוש"": ""כן,ירי""}",46.0,"1. **סוג העבירה וחומרתה**: שני התיקים עוסקים בעבירות הקשורות לנשק, אך תיק 2 כולל עבירות נוספות וחמורות יותר, כגון קשירת קשר לפשע, איומים וירי באזור מגורים. דמיון: 60%.

2. **תפקיד הנאשם ומעורבותו**: בשני התיקים, הנאשם הוא החוזק/נושא הנשק, אך בתיק 2, הנאשם היה מעורב בפעילות פלילית נרחבת יותר. דמיון: 50%.

3. **שיטת הביצוע (MO)**: שני התיקים כוללים החזקת נשק, אך בתיק 2, הנשק היה במצב ""נשק עם כדור בקנה"" והנאשם השתמש בו לירי. דמיון: 40%.

4. **נסיבות הליבה**: בתיק 2, הנאשם היה מעורב בסכסוך והשתמש בנשק לירי, בעוד שבתיק 1, לא היו נסיבות דומות. דמיון: 30%.

5. **ישימות כתקדים**: בית המשפט עשוי לראות את שני התיקים כרלוונטיים לצורכי ענישה, אך החומרה הנוספת בתיק 2 עשויה להשפיע על הענישה. דמיון: 50%.

SIMILARITY_SCORE: 46","ok",""
"SH-16-09-33552-535","ME-16-11-56385-886",1,0,0,"{""מספר עבירה"": ""144 א"", ""סוג_עבירה_החזקה"": ""כן"", ""סוג_עבירה_נשיאה"": ""לא"", ""סוג_עבירה_הובלה"": ""לא"", ""סוג_עבירה_סחר"": ""לא"", ""סוג_עבירה_ניסיון_סחר"": ""לא"", ""סוג_עבירה_ביצוע_עבירות"": ""לא"", ""סוג_עבירה_ייצור"": ""לא"", ""סוג הנשק [אקדח]"": 1.0, ""סוג הנשק [רובה סער מאולתר]"": 1.0, ""סטטוס הנשק"": ""תקין"", ""אופן_החזקה_בבית"": ""לא"", ""אופן_החזקה_ברכב"": ""לא"", ""אופן_החזקה_על_גופו"": ""לא"", ""אופן_החזקה_מוסלק"": ""כן"", ""אופן_החזקה_סמוך_לבית"": ""כן"", ""כמות תחמושת"": ""מחסנית; מחסנית ריקה ובה 0 כדורים; 4 כדורים מסוג 9 מ\""מ; 60 כדורים מסוג 5.56 מ\""מ"", ""תכנון"": ""כן""}","{""מספר עבירה"": ""144 א"", ""סוג_עבירה_החזקה"": ""כן"", ""סוג_עבירה_נשיאה"": ""לא"", ""סוג_עבירה_הובלה"": ""לא"", ""סוג_עבירה_סחר"": ""לא"", ""סוג_עבירה_ניסיון_סחר"": ""לא"", ""סוג_עבירה_ביצוע_עבירות"": ""לא"", ""סוג_עבירה_ייצור"": ""לא"", ""סוג הנשק [אקדח]"": 1.0, ""סטטוס הנשק"": ""נשק עם כדור בקנה"", ""אופן_החזקה_בבית"": ""לא"", ""אופן_החזקה_ברכב"": ""לא"", ""אופן_החזקה_על_גופו"": ""כן"", ""אופן_החזקה_מוסלק"": ""לא"", ""אופן_החזקה_סמוך_לבית"": ""לא"", ""תכנון"": ""לא""}",65.0,"1. **סוג העבירה וחומרתה**: שני התיקים מעורבים בעבירת החזקת נשק, אך החומרה של העבירה יכולה להשתנות בהתאם לנסיבות. בתיק 1, הנשק הוחזק באופן מוסלק וסמוך לבית, בעוד שבתיק 2, הנשק הוחזק על גופו של הנאשם. (דמיון: 80%)

2. **תפקיד הנאשם ומעורבותו**: בשני התיקים, הנאשם הוא החוזק, אך אופן החזקה שונה. (דמיון: 70%)

3. **שיטת הביצוע (MO)**: שני התיקים מעורבים בהחזקת נשק, אך האמצעים והנסיבות שונים. (דמיון: 60%)

4. **נסיבות הליבה**: בתיק 1, הנשק הוחזק באופן מוסלק וסמוך לבית, והייתה כמות גדולה של תחמושת. בתיק 2, הנשק הוחזק על גופו של הנאשם, ולא הייתה כמות גדולה של תחמושת. (דמיון: 50%)

5. **ישימות כתקדים**: בשני התיקים, העבירה היא החזקת נשק, אך הנסיבות שונות. (דמיון: 60%)

SIMILARITY_SCORE: 65","ok",""
"ME-17-08-28615-573","ME-17-05-35227-215",2,0,1,"{""מספר עבירה"": ""144 א, 144 ב"", ""סוג_עבירה_החזקה"": ""כן"", ""סוג_עבירה_נשיאה"": ""כן"", ""סוג_עבירה_הובלה"": ""לא"", ""סוג_עבירה_סחר"": ""לא"", ""סוג_עבירה_ניסיון_סחר"": ""לא"", ""סוג_עבירה_ביצוע_עבירות"": ""לא"", ""סוג_עבירה_ייצור"": ""לא"", ""סוג הנשק [תת מקלע מאולתר]"": 1.0, ""סוג הנשק [רימון הלם/גז]"": 1.0, ""סטטוס הנשק"": ""תקין"", ""אופן_החזקה_בבית"": ""לא"", ""אופן_החזקה_ברכב"": ""לא"", ""אופן_החזקה_על_גופו"": ""לא"", ""אופן_החזקה_מוסלק"": ""כן"", ""אופן_החזקה_סמוך_לבית"": ""לא"", ""כמות תחמושת"": ""מחסנית המתאימה לנשק ובתוכה 9 כדורים, קופסה ובה 50 כדורים בקוטר 9 מ\""מ"", ""מטרה-סיבת העבירה"": ""חתונה"", ""עבירות נוספות"": ""הפרעה לשוטר במילוי תפקידו לפי סעיף 275 לחוק"", ""תכנון"": ""לא""}","{""מספר עבירה"": ""144 ב"", ""סוג_עבירה_החזקה"": ""כן"", ""סוג_עבירה_נשיאה"": ""כן"", ""סוג_עבירה_הובלה"": ""כן"", ""סוג_עבירה_סחר"": ""לא"", ""סוג_עבירה_ניסיון_סחר"": ""לא"", ""סוג_עבירה_ביצוע_עבירות"": ""לא"", ""סוג_עבירה_ייצור"": ""לא"", ""סוג הנשק [תת מקלע מאולתר]"": 1.0, ""סטטוס הנשק"": ""תקין"", ""אופן_החזקה_בבית"": ""לא"", ""אופן_החזקה_ברכב"": ""כן"", ""אופן_החזקה_על_גופו"": ""לא"", ""אופן_החזקה_מוסלק"": ""לא"", ""אופן_החזקה_סמוך_לבית"": ""לא"", ""אופן קבלת הנשק"": ""מצא"", ""תכנון"": ""לא""}",60.0,"1. **סוג העבירה וחומרתה**: שני התיקים כוללים עבירות החזקה ונשיאה של נשק, אך תיק 2 כולל גם הובלה. חומרת העבירות דומה, אך תיק 2 נראה מחמיר יותר.

2. **תפקיד הנאשם ומעורבותו**: לא ניתן לקבוע בבירור את תפקיד הנאשם ומעורבותו בשני התיקים, אך נראה שבתיק 2 הנאשם היה מעורב באופן פעיל יותר.

3. **שיטת הביצוע (MO)**: שני התיקים כוללים החזקה ונשיאה של נשק, אך תיק 2 כולל גם הובלה. לא ניתן לקבוע בבירור אם השיטות היו דומות.

4. **נסיבות הליבה**: שני התיקים כוללים החזקה של נשק, אך תיק 2 כולל גם הובלה. לא ניתן לקבוע בבירור אם הנסיבות היו דומות.

5. **ישימות כתקדים**: שני התיקים כוללים עבירות החזקה ונשיאה של נשק, אך תיק 2 כולל גם הובלה. בית המשפט עשוי לראות את שני התיקים כרלוונטיים זה לזה לצורכי ענישה, אך תיק 2 נראה מחמיר יותר.

SIMILARITY_SCORE: 60","ok",""
"SH-16-11-7544-55","ME-16-10-12213-904",1,0,0,"{""מספר עבירה"": ""144 א"", ""סוג_עבירה_החזקה"": ""כן"", ""סוג_עבירה_נשיאה"": ""לא"", ""סוג_עבירה_הובלה"": ""לא"", ""סוג_עבירה_סחר"": ""לא"", ""סוג_עבירה_ניסיון_סחר"": ""לא"", ""סוג_עבירה_ביצוע_עבירות"": ""לא"", ""סוג_עבירה_ייצור"": ""לא"", ""סוג הנשק [תת מקלע מאולתר]"": 1.0, ""סטטוס הנשק"": ""תקין"", ""אופן_החזקה_בבית"": ""לא"", ""אופן_החזקה_ברכב"": ""לא"", ""אופן_החזקה_על_גופו"": ""לא"", ""אופן_החזקה_מוסלק"": ""כן"", ""אופן_החזקה_סמוך_לבית"": ""לא"", ""אופן קבלת הנשק"": ""מצא"", ""כמות תחמושת"": ""מחסנית המכילה 10 כדורים בקוטר 9 מ\""מ"", ""תכנון"": ""לא""}","{""מספר עבירה"": ""144 ב"", ""סוג_עבירה_החזקה"": ""כן"", ""סוג_עבירה_נשיאה"": ""כן"", ""סוג_עבירה_הובלה"": ""כן"", ""סוג_עבירה_סחר"": ""לא"", ""סוג_עבירה_ניסיון_סחר"": ""לא"", ""סוג_עבירה_ביצוע_עבירות"": ""לא"", ""סוג_עבירה_ייצור"": ""לא"", ""סוג הנשק [תת מקלע מאולתר]"": 1.0, ""סטטוס הנשק"": ""נשק מופרד מתחמושת"", ""אופן_החזקה_בבית"": ""לא"", ""אופן_החזקה_ברכב"": ""כן"", ""אופן_החזקה_על_גופו"": ""לא"", ""אופן_החזקה_מוסלק"": ""כן"", ""אופן_החזקה_סמוך_לבית"": ""כן"", ""כמות תחמושת"": ""מחסנית ריקה ובה 0 כדורים + 1 כדור"", ""תכנון"": ""לא""}",50.0,"1. **סוג העבירה וחומרתה**: שני התיקים עוסקים בהחזקת נשק, אך תיק 2 כולל גם נשיאה והובלה. חומרת העבירה בתיק 2 גבוהה יותר. (דמיון: 60)

2. **תפקיד הנאשם ומעורבותו**: לא ניתן לקבוע בבירור את תפקיד הנאשם בשני התיקים, אך נראה שבתיק 2 הנאשם היה מעורב באופן פעיל יותר. (דמיון: 40)

3. **שיטת הביצוע (MO)**: שני התיקים עוסקים בהחזקת נשק, אך תיק 2 כולל גם הובלה. (דמיון: 50)

4. **נסיבות הליבה**: שני התיקים עוסקים בנשק מאולתר, אך תיק 2 כולל גם תחמושת. (דמיון: 60)

5. **ישימות כתקדים**: בית המשפט יכול לראות את שני התיקים כרלוונטיים זה לזה לצורכי ענישה, אך תיק 2 יכול להחשב כחמור יותר. (דמיון: 50)

SIMILARITY_SCORE: 50","ok",""
"ME-15-02-9111-399","ME-14-07-13179-197",1,0,0,"{""מספר עבירה"": ""144 א, 144 ב"", ""סוג_עבירה_החזקה"": ""כן"", ""סוג_עבירה_נשיאה"": ""כן"", ""סוג_עבירה_הובלה"": ""לא"", ""סוג_עבירה_סחר"": ""לא"", ""סוג_עבירה_ניסיון_סחר"": ""לא"", ""סוג_עבירה_ביצוע_עבירות"": ""לא"", ""סוג_עבירה_ייצור"": ""לא"", ""סוג הנשק [אקדח]"": 1.0, ""סטטוס הנשק"": ""תקין"", ""אופן_החזקה_בבית"": ""לא"", ""אופן_החזקה_ברכב"": ""לא"", ""אופן_החזקה_על_גופו"": ""כן"", ""אופן_החזקה_מוסלק"": ""לא"", ""אופן_החזקה_סמוך_לבית"": ""לא"", ""כמות תחמושת"": ""מחסנית עם 13 כדורים 9 מ\""מ"", ""מטרה-סיבת העבירה"": ""סכסוך"", ""תכנון"": ""לא""}","{""מספר עבירה"": ""144 א, 144 ב"", ""סוג_עבירה_החזקה"": ""כן"", ""סוג_עבירה_נשיאה"": ""כן"", ""סוג_עבירה_הובלה"": ""לא"", ""סוג_עבירה_סחר"": ""לא"", ""סוג_עבירה_ניסיון_סחר"": ""לא"", ""סוג_עבירה_ביצוע_עבירות"": ""כן"", ""סוג_עבירה_ייצור"": ""לא"", ""סוג הנשק [אקדח]"": 1.0, ""סטטוס הנשק"": ""נשק עם כדור בקנה"", ""אופן_החזקה_בבית"": ""לא"", ""אופן_החזקה_ברכב"": ""לא"", ""אופן_החזקה_על_גופו"": ""כן"", ""אופן_החזקה_מוסלק"": ""לא"", ""אופן_החזקה_סמוך_לבית"": ""לא"", ""כמות תחמושת"": ""שלוש מחסניות ובהן תחמושת"", ""מטרה-סיבת העבירה"": ""סכסוך"", ""עבירות נוספות"": ""ירי באזור מגורים, לפי סעיף 340א לחוק; שיבוש מהלכי משפט, לפי סעיף 244 לחוק; הפרת הוראה חוקית, לפי סעיף 287(א) לחוק; גניבה, לפי סעיף 384 לחוק; איומים, לפי סעיף 192 לחוק"", ""תכנון"": ""לא"", ""שימוש"": ""כן,ירי""}",60.0,"1. **סוג העבירה וחומרתה**: שני התיקים עוסקים בעבירות החזקה ונשיאה של נשק, ובשניהם הנשק הוא אקדח. עם זאת, תיק 2 כולל עבירות נוספות, כולל ירי באזור מגורים, שיבוש מהלכי משפט, הפרת הוראה חוקית, גניבה, איומים, ושימוש בנשק. חומרת העבירות בתיק 2 גבוהה יותר.

2. **תפקיד הנאשם ומעורבותו**: בשני התיקים, הנאשם החזיק בנשק על גופו. אולם, בתיק 2, הנאשם השתמש בנשק, מה שמעיד על מעורבות פעילה יותר.

3. **שיטת הביצוע (MO)**: שני התיקים כוללים החזקה ונשיאה של אקדח, אך בתיק 2, הנשק היה עם כדור בקנה, והנאשם השתמש בו.

4. **נסיבות הליבה**: בשני התיקים, המטרה-סיבת העבירה הייתה סכסוך. אולם, בתיק 2, הנאשם השתמש בנשק, מה שמעיד על נסיבות מחמירות.

5. **ישימות כתקדים**: בית משפט יראה את שני התיקים כרלוונטיים זה לזה לצורכי ענישה, אך יקפיד להבדיל בין החומרה של העבירות.

SIMILARITY_SCORE: 60","ok",""
"SH-20-02-52091-995","ME-17-05-35227-215",1,0,0,"{""מספר עבירה"": ""144 א"", ""סוג_עבירה_החזקה"": ""כן"", ""סוג_עבירה_נשיאה"": ""לא"", ""סוג_עבירה_הובלה"": ""לא"", ""סוג_עבירה_סחר"": ""לא"", ""סוג_עבירה_ניסיון_סחר"": ""לא"", ""סוג_עבירה_ביצוע_עבירות"": ""לא"", ""סוג_עבירה_ייצור"": ""לא"", ""סוג הנשק [תת מקלע מאולתר]"": 1.0, ""סטטוס הנשק"": ""תקין"", ""אופן_החזקה_בבית"": ""כן"", ""אופן_החזקה_ברכב"": ""לא"", ""אופן_החזקה_על_גופו"": ""לא"", ""אופן_החזקה_מוסלק"": ""לא"", ""אופן_החזקה_סמוך_לבית"": ""לא"", ""אופן קבלת הנשק"": ""מצא"", ""כמות תחמושת"": ""כ-20 כדורי 9 מ\""מ"", ""תכנון"": ""לא""}","{""מספר עבירה"": ""144 ב"", ""סוג_עבירה_החזקה"": ""כן"", ""סוג_עבירה_נשיאה"": ""כן"", ""סוג_עבירה_הובלה"": ""כן"", ""סוג_עבירה_סחר"": ""לא"", ""סוג_עבירה_ניסיון_סחר"": ""לא"", ""סוג_עבירה_ביצוע_עבירות"": ""לא"", ""סוג_עבירה_ייצור"": ""לא"", ""סוג הנשק [תת מקלע מאולתר]"": 1.0, ""סטטוס הנשק"": ""תקין"", ""אופן_החזקה_בבית"": ""לא"", ""אופן_החזקה_ברכב"": ""כן"", ""אופן_החזקה_על_גופו"": ""לא"", ""אופן_החזקה_מוסלק"": ""לא"", ""אופן_החזקה_סמוך_לבית"": ""לא"", ""אופן קבלת הנשק"": ""מצא"", ""תכנון"": ""לא""}",52.0,"1. **סוג העבירה וחומרתה**: שני התיקים עוסקים בהחזקת נשק, אך תיק 2 כולל גם נשיאה והובלה, מה שמעלה את רמת החומרה. (דמיון: 60%)

2. **תפקיד הנאשם ומעורבותו**: לא ניתן לקבוע בבירור את תפקיד הנאשם בשני התיקים, אך העובדה שבתיק 2 יש נשיאה והובלה מצביעה על מעורבות פעילה יותר. (דמיון: 50%)

3. **שיטת הביצוע (MO)**: שני התיקים מערבים החזקת נשק, אך תיק 2 כולל גם נשיאה והובלה, מה שמצביע על שיטת ביצוע שונה. (דמיון: 40%)

4. **נסיבות הליבה**: שני התיקים מערבים נשק מאולתר, אך לא ניתן לקבוע בבירור את כמות התחמושת בתיק 2. (דמיון: 60%)

5. **ישימות כתקדים**: בית המשפט עשוי לראות את שני התיקים כרלוונטיים זה לזה לצורכי ענישה, אך רמת החומרה השונה בתיק 2 עשויה להשפיע על החלטת הענישה. (דמיון: 50%)

SIMILARITY_SCORE: 52","ok",""
"SH-16-11-19417-55","SH-16-11-7544-55",3,1,1,"{""מספר עבירה"": ""144 א"", ""סוג_עבירה_החזקה"": ""כן"", ""סוג_עבירה_נשיאה"": ""לא"", ""סוג_עבירה_הובלה"": ""לא"", ""סוג_עבירה_סחר"": ""לא"", ""סוג_עבירה_ניסיון_סחר"": ""לא"", ""סוג_עבירה_ביצוע_עבירות"": ""לא"", ""סוג_עבירה_ייצור"": ""לא"", ""סוג הנשק [אקדח]"": 1.0, ""סטטוס הנשק"": ""נשק עם מחסנית בהכנס"", ""אופן_החזקה_בבית"": ""לא"", ""אופן_החזקה_ברכב"": ""כן"", ""אופן_החזקה_על_גופו"": ""לא"", ""אופן_החזקה_מוסלק"": ""כן"", ""אופן_החזקה_סמוך_לבית"": ""לא"", ""כמות תחמושת"": ""מחסנית ובה כדורים"", ""תכנון"": ""לא""}","{""מספר עבירה"": ""144 א"", ""סוג_עבירה_החזקה"": ""כן"", ""סוג_עבירה_נשיאה"": ""לא"", ""סוג_עבירה_הובלה"": ""לא"", ""סוג_עבירה_סחר"": ""לא"", ""סוג_עבירה_ניסיון_סחר"": ""לא"", ""סוג_עבירה_ביצוע_עבירות"": ""לא"", ""סוג_עבירה_ייצור"": ""לא"", ""סוג הנשק [תת מקלע מאולתר]"": 1.0, ""סטטוס הנשק"": ""תקין"", ""אופן_החזקה_בבית"": ""לא"", ""אופן_החזקה_ברכב"": ""לא"", ""אופן_החזקה_על_גופו"": ""לא"", ""אופן_החזקה_מוסלק"": ""כן"", ""אופן_החזקה_סמוך_לבית"": ""לא"", ""אופן קבלת הנשק"": ""מצא"", ""כמות תחמושת"": ""מחסנית המכילה 10 כדורים בקוטר 9 מ\""מ"", ""תכנון"": ""לא""}",60.0,"1. **סוג העבירה וחומרתה**: שני התיקים מתייחסים לעבירת החזקת נשק, ולכן יש דמיון בסוג העבירה. אולם, החומרה של העבירה יכולה להשתנות בהתאם לסוג הנשק ולנסיבות המקרה. בתיק 1, הנשק הוא אקדח, בעוד שבתיק 2, הנשק הוא תת-מקלע מאולתר. לכן, הדמיון בחומרת העבירה אינו מלא.

2. **תפקיד הנאשם ומעורבותו**: לא ניתן לקבוע בבירור את תפקיד הנאשם ומעורבותו בשני התיקים, אך נראה שבשני המקרים הנאשם החזיק בנשק.

3. **שיטת הביצוע (MO)**: שני התיקים מתייחסים להחזקת נשק, אך הנסיבות המקרה שונות. בתיק 1, הנשק היה ברכב, בעוד שבתיק 2, הנשק היה מוסלק.

4. **נסיבות הליבה**: הנסיבות המקרה שונות בשני התיקים. בתיק 1, הנשק היה ברכב, בעוד שבתיק 2, הנשק היה מוסלק. כמו כן, בתיק 2, הנשק היה תת-מקלע מאולתר, שנחשב לנשק חמור יותר.

5. **ישימות כתקדים**: למרות הדמיון בסוג העבירה, הנסיבות המקרה שונות בשני התיקים. לכן, התקדים של תיק 1 עשוי לא להיות רלוונטי לתיק 2.

SIMILARITY_SCORE: 60","ok",""
"ME-19-01-53615-8","SH-15-12-65958-120",1,0,0,"{""מספר עבירה"": ""144 ב"", ""סוג_עבירה_החזקה"": ""לא"", ""סוג_עבירה_נשיאה"": ""כן"", ""סוג_עבירה_הובלה"": ""כן"", ""סוג_עבירה_סחר"": ""לא"", ""סוג_עבירה_ניסיון_סחר"": ""לא"", ""סוג_עבירה_ביצוע_עבירות"": ""לא"", ""סוג_עבירה_ייצור"": ""לא"", ""סוג הנשק [תת מקלע מאולתר]"": 1.0, ""סטטוס הנשק"": ""נשק עם כדור בקנה"", ""אופן_החזקה_בבית"": ""לא"", ""אופן_החזקה_ברכב"": ""כן"", ""אופן_החזקה_על_גופו"": ""כן"", ""אופן_החזקה_מוסלק"": ""לא"", ""אופן_החזקה_סמוך_לבית"": ""לא"", ""כמות תחמושת"": ""מחסנית טעונה בכדורים תואמים, אחד מהם בבית הבליעה"", ""עבירות נוספות"": ""ירי מנשק חם באזור מגורים"", ""תכנון"": ""לא"", ""שימוש"": ""כן,ירי""}","{""מספר עבירה"": ""144 א"", ""סוג_עבירה_החזקה"": ""כן"", ""סוג_עבירה_נשיאה"": ""לא"", ""סוג_עבירה_הובלה"": ""לא"", ""סוג_עבירה_סחר"": ""לא"", ""סוג_עבירה_ניסיון_סחר"": ""לא"", ""סוג_עבירה_ביצוע_עבירות"": ""לא"", ""סוג_עבירה_ייצור"": ""לא"", ""סוג הנשק [אקדח]"": 2.0, ""סוג הנשק [תת מקלע מאולתר]"": 1.0, ""סטטוס הנשק"": ""נשק עם מחסנית בהכנס"", ""אופן_החזקה_בבית"": ""כן"", ""אופן_החזקה_ברכב"": ""לא"", ""אופן_החזקה_על_גופו"": ""לא"", ""אופן_החזקה_מוסלק"": ""כן"", ""אופן_החזקה_סמוך_לבית"": ""לא"", ""כמות תחמושת"": ""אקדח זיג זאוור טעון במחסנית ו-8 כדורי אקדח בקוטר 9 מ\""מ, נשק מאולתר מסוג קרלו טעון במחסנית ובה 15 כדורי 9 מ\""מ, אקדח נוסף ושתי מחסניות האחת ריקה ואחת מלאה ב-6 כדורי אקדח בקוטר 7.65"", ""מטרה-סיבת העבירה"": ""הגנה עצמית"", ""תכנון"": ""לא""}",60.0,"1. **סוג העבירה וחומרתה**: שני התיקים עוסקים בעבירות נשק, אך עם הבדלים בסוג העבירה. תיק 1 כולל נשיאה והובלה, בעוד תיק 2 כולל החזקה. החומרה של העבירות דומה, אך לא זהה.

2. **תפקיד הנאשם ומעורבותו**: בשני התיקים, הנאשם הוא האדם שהחזיק בנשק, אך בתיק 1 הנאשם היה מעורב באופן פעיל, בעוד בתיק 2 הנאשם החזיק בנשק לצורך הגנה עצמית.

3. **שיטת הביצוע (MO)**: שני התיקים כוללים החזקה של נשק, אך עם הבדלים בסוג הנשק ובאופן החזקה.

4. **נסיבות הליבה**: בשני התיקים, הנשק היה טעון, אך בתיק 1 הנשק היה עם כדור בקנה, בעוד בתיק 2 הנשק היה עם מחסנית בהכנס.

5. **ישימות כתקדים**: בית המשפט יכול לראות את שני התיקים כרלוונטיים זה לזה לצורכי ענישה, אך עם הבדלים בחומרה ובנסיבות.

SIMILARITY_SCORE: 60","ok",""
"SH-14-02-28659-762","SH-17-10-10556-234",3,1,1,"{""מספר עבירה"": ""144 א"", ""סוג_עבירה_החזקה"": ""כן"", ""סוג_עבירה_נשיאה"": ""לא"", ""סוג_עבירה_הובלה"": ""לא"", ""סוג_עבירה_סחר"": ""לא"", ""סוג_עבירה_ניסיון_סחר"": ""לא"", ""סוג_עבירה_ביצוע_עבירות"": ""לא"", ""סוג_עבירה_ייצור"": ""לא"", ""סוג הנשק [תת מקלע מאולתר]"": 1.0, ""סטטוס הנשק"": ""תקין"", ""אופן_החזקה_בבית"": ""כן"", ""אופן_החזקה_ברכב"": ""לא"", ""אופן_החזקה_על_גופו"": ""לא"", ""אופן_החזקה_מוסלק"": ""כן"", ""אופן_החזקה_סמוך_לבית"": ""לא"", ""אופן קבלת הנשק"": ""מאחר"", ""כמות תחמושת"": ""מחסנית וכדורים תואמים"", ""מטרה-סיבת העבירה"": ""הגנה עצמית"", ""תכנון"": ""לא""}","{""מספר עבירה"": ""144 א"", ""סוג_עבירה_החזקה"": ""כן"", ""סוג_עבירה_נשיאה"": ""לא"", ""סוג_עבירה_הובלה"": ""לא"", ""סוג_עבירה_סחר"": ""לא"", ""סוג_עבירה_ניסיון_סחר"": ""לא"", ""סוג_עבירה_ביצוע_עבירות"": ""לא"", ""סוג_עבירה_ייצור"": ""לא"", ""סוג הנשק [אקדח]"": 2.0, ""סטטוס הנשק"": ""נשק מופרד מתחמושת"", ""אופן_החזקה_בבית"": ""לא"", ""אופן_החזקה_ברכב"": ""לא"", ""אופן_החזקה_על_גופו"": ""לא"", ""אופן_החזקה_מוסלק"": ""כן"", ""אופן_החזקה_סמוך_לבית"": ""כן"", ""אופן קבלת הנשק"": ""מאחר"", ""כמות תחמושת"": ""מחסנית ובה 10 כדורים, מחסנית ובה 0 כדורים"", ""תכנון"": ""לא""}",60.0,"1. **סוג העבירה וחומרתה**: שני התיקים מעורבים בעבירת החזקת נשק, אך הסוג המדויק של הנשק שונה (תת-מקלע מאולתר לעומת אקדח). חומרת העבירה דומה, אך לא זהה.

2. **תפקיד הנאשם ומעורבותו**: לא ניתן לקבוע בבירור את תפקיד הנאשם ומעורבותו בשני התיקים, אך נראה שהם מעורבים באופן פסיבי.

3. **שיטת הביצוע (MO)**: שני התיקים מעורבים בהחזקת נשק, אך האופן בו הנשק הוחזק (בבית, ברכב, על גופו, מוסלק) שונה.

4. **נסיבות הליבה**: שני התיקים מעורבים בהחזקת נשק ללא תכנון, אך הכמות והסוג של התחמושת שונים.

5. **ישימות כתקדים**: בית המשפט עשוי לראות את שני התיקים כרלוונטיים זה לזה לצורכי ענישה, אך הדמיון ביניהם אינו מוחלט.

SIMILARITY_SCORE: 60","ok",""
"m07001074-98","ME-17-05-35227-215",1,0,0,"{""מספר עבירה"": ""144 א"", ""סוג_עבירה_החזקה"": ""כן"", ""סוג_עבירה_נשיאה"": ""כן"", ""סוג_עבירה_הובלה"": ""כן"", ""סוג_עבירה_סחר"": ""לא"", ""סוג_עבירה_ניסיון_סחר"": ""לא"", ""סוג_עבירה_ביצוע_עבירות"": ""לא"", ""סוג_עבירה_ייצור"": ""לא"", ""סוג הנשק [תת מקלע]"": 1.0, ""סטטוס הנשק"": ""תקול"", ""אופן_החזקה_בבית"": ""כן"", ""אופן_החזקה_ברכב"": ""לא"", ""אופן_החזקה_על_גופו"": ""לא"", ""אופן_החזקה_מוסלק"": ""כן"", ""אופן_החזקה_סמוך_לבית"": ""לא"", ""אופן קבלת הנשק"": ""מצא"", ""כמות תחמושת"": ""2 מחסניות, המחסניות ריקות"", ""תכנון"": ""לא""}","{""מספר עבירה"": ""144 ב"", ""סוג_עבירה_החזקה"": ""כן"", ""סוג_עבירה_נשיאה"": ""כן"", ""סוג_עבירה_הובלה"": ""כן"", ""סוג_עבירה_סחר"": ""לא"", ""סוג_עבירה_ניסיון_סחר"": ""לא"", ""סוג_עבירה_ביצוע_עבירות"": ""לא"", ""סוג_עבירה_ייצור"": ""לא"", ""סוג הנשק [תת מקלע מאולתר]"": 1.0, ""סטטוס הנשק"": ""תקין"", ""אופן_החזקה_בבית"": ""לא"", ""אופן_החזקה_ברכב"": ""כן"", ""אופן_החזקה_על_גופו"": ""לא"", ""אופן_החזקה_מוסלק"": ""לא"", ""אופן_החזקה_סמוך_לבית"": ""לא"", ""אופן קבלת הנשק"": ""מצא"", ""תכנון"": ""לא""}",60.0,"1. **סוג העבירה וחומרתה**: שני התיקים עוסקים בעבירות החזקה, נשיאה והובלה של נשק, אך ללא סחר, ניסיון סחר, ביצוע עבירות או ייצור. החומרה של העבירות דומה, אך הסטטוס הנשק שונה (תקול לעומת תקין).

2. **תפקיד הנאשם ומעורבותו**: לא ניתן לקבוע בבירור את תפקיד הנאשם ומעורבותו בשני התיקים, אך נראה שהם מעורבים באופן פעיל.

3. **שיטת הביצוע (MO)**: שני התיקים עוסקים בהחזקה, נשיאה והובלה של נשק, אך האופן בו הנשק הוחזק שונה (בבית לעומת ברכב).

4. **נסיבות הליבה**: הנסיבות הליבה של שני התיקים שונות, כאשר התיק הראשון עוסק בנשק תקול והתיק השני עוסק בנשק תקין.

5. **ישימות כתקדים**: למרות הדמיון בין שני התיקים, השוני בנסיבות הליבה ובסטטוס הנשק עשוי להשפיע על ישימותם כתקדים.

SIMILARITY_SCORE: 60","ok",""
"SH-18-07-52337-770","ME-16-06-50916-362",1,0,0,"{""מספר עבירה"": ""144 א"", ""סוג_עבירה_החזקה"": ""כן"", ""סוג_עבירה_נשיאה"": ""לא"", ""סוג_עבירה_הובלה"": ""לא"", ""סוג_עבירה_סחר"": ""לא"", ""סוג_עבירה_ניסיון_סחר"": ""לא"", ""סוג_עבירה_ביצוע_עבירות"": ""לא"", ""סוג_עבירה_ייצור"": ""לא"", ""סוג הנשק [תת מקלע מאולתר]"": 1.0, ""סטטוס הנשק"": ""תקין"", ""אופן_החזקה_בבית"": ""כן"", ""אופן_החזקה_ברכב"": ""לא"", ""אופן_החזקה_על_גופו"": ""לא"", ""אופן_החזקה_מוסלק"": ""כן"", ""אופן_החזקה_סמוך_לבית"": ""לא"", ""אופן קבלת הנשק"": ""מאחר"", ""תכנון"": ""לא""}","{""מספר עבירה"": ""144 ב"", ""סוג_עבירה_החזקה"": ""לא"", ""סוג_עבירה_נשיאה"": ""כן"", ""סוג_עבירה_הובלה"": ""כן"", ""סוג_עבירה_סחר"": ""לא"", ""סוג_עבירה_ניסיון_סחר"": ""לא"", ""סוג_עבירה_ביצוע_עבירות"": ""כן"", ""סוג_עבירה_ייצור"": ""לא"", ""סוג הנשק [תת מקלע מאולתר]"": 1.0, ""סטטוס הנשק"": ""נשק עם כדור בקנה"", ""אופן_החזקה_בבית"": ""לא"", ""אופן_החזקה_ברכב"": ""כן"", ""אופן_החזקה_על_גופו"": ""כן"", ""אופן_החזקה_מוסלק"": ""לא"", ""אופן_החזקה_סמוך_לבית"": ""לא"", ""כמות תחמושת"": ""לא פחות משישה כדורים, ולאחר מכן ירה מספר כדורים"", ""מטרה-סיבת העבירה"": ""סכסוך"", ""עבירות נוספות"": ""איומים, יריות באזור מגורים, מעשה פזיזות ורשלנות, נהיגה בזמן פסילה, נהיגה ללא רישיון נהיגה"", ""תכנון"": ""לא"", ""שימוש"": ""כן,ירי""}",40.0,"1. **סוג העבירה וחומרתה**: שני התיקים עוסקים בעבירות נשק, אך תיק 1 מתמקד בהחזקת נשק, בעוד תיק 2 מתמקד בנשיאת נשק, הובלתו וביצוע עבירות. חומרת העבירות בתיק 2 גבוהה יותר.

2. **תפקיד הנאשם ומעורבותו**: בתיק 1, הנאשם החזיק בנשק, בעוד בתיק 2, הנאשם נשא, הוביל וביצע עבירות עם הנשק. מעורבותו של הנאשם בתיק 2 היא פעילה יותר.

3. **שיטת הביצוע (MO)**: שני התיקים מערבים נשק, אך שיטת הביצוע בתיק 2 כוללת יריות, איומים ונהיגה בזמן פסילה.

4. **נסיבות הליבה**: בתיק 1, הנשק היה בבית, בעוד בתיק 2, הנשק היה ברכב ועל גופו של הנאשם. בתיק 2, היו יריות באזור מגורים.

5. **ישימות כתקדים**: בית משפט עשוי לראות את שני התיקים כרלוונטיים זה לזה לצורכי ענישה, אך חומרת העבירות בתיק 2 עשויה להשפיע על הענישה.

SIMILARITY_SCORE: 40","ok",""
"SH-17-11-53539-235","m07001074-98",3,1,1,"{""מספר עבירה"": ""144 א"", ""סוג_עבירה_החזקה"": ""כן"", ""סוג_עבירה_נשיאה"": ""לא"", ""סוג_עבירה_הובלה"": ""לא"", ""סוג_עבירה_סחר"": ""לא"", ""סוג_עבירה_ניסיון_סחר"": ""לא"", ""סוג_עבירה_ביצוע_עבירות"": ""לא"", ""סוג_עבירה_ייצור"": ""לא"", ""סוג הנשק [אקדח]"": 1.0, ""סוג הנשק - אם לא נמצא בטבלה"": ""אקדח אויר, אגרופן, סכין קומנדו"", ""סטטוס הנשק"": ""נשק מופרד מתחמושת"", ""אופן_החזקה_בבית"": ""כן"", ""אופן_החזקה_ברכב"": ""לא"", ""אופן_החזקה_על_גופו"": ""לא"", ""אופן_החזקה_מוסלק"": ""לא"", ""אופן_החזקה_סמוך_לבית"": ""לא"", ""כמות תחמושת"": ""מחסנית ריקה ובה 0 כדורים, 28 כדורים"", ""מטרה-סיבת העבירה"": ""הגנה עצמית"", ""תכנון"": ""לא""}","{""מספר עבירה"": ""144 א"", ""סוג_עבירה_החזקה"": ""כן"", ""סוג_עבירה_נשיאה"": ""כן"", ""סוג_עבירה_הובלה"": ""כן"", ""סוג_עבירה_סחר"": ""לא"", ""סוג_עבירה_ניסיון_סחר"": ""לא"", ""סוג_עבירה_ביצוע_עבירות"": ""לא"", ""סוג_עבירה_ייצור"": ""לא"", ""סוג הנשק [תת מקלע]"": 1.0, ""סטטוס הנשק"": ""תקול"", ""אופן_החזקה_בבית"": ""כן"", ""אופן_החזקה_ברכב"": ""לא"", ""אופן_החזקה_על_גופו"": ""לא"", ""אופן_החזקה_מוסלק"": ""כן"", ""אופן_החזקה_סמוך_לבית"": ""לא"", ""אופן קבלת הנשק"": ""מצא"", ""כמות תחמושת"": ""2 מחסניות, המחסניות ריקות"", ""תכנון"": ""לא""}",52.0,"1. **סוג העבירה וחומרתה**: שני התיקים מעורבים בעבירת החזקת נשק, אך תיק 2 כולל גם נשיאה והובלה. חומרת העבירה בתיק 2 גבוהה יותר. (דמיון: 60%)

2. **תפקיד הנאשם ומעורבותו**: בשני התיקים, הנאשם הוא החוזק, אך בתיק 2, הנאשם גם נשא והוביל את הנשק. (דמיון: 50%)

3. **שיטת הביצוע (MO)**: שני התיקים מעורבים בהחזקת נשק, אך בתיק 2, הנשק היה תקול, ובתיק 1, הנשק היה מופרד מתחמושת. (דמיון: 40%)

4. **נסיבות הליבה**: בשני התיקים, הנשק היה בבית, אך בתיק 2, הנשק היה מוסלק, ובתיק 1, הנשק היה בבית. (דמיון: 50%)

5. **ישימות כתקדים**: בית המשפט יכול לראות את שני התיקים כרלוונטיים זה לזה לצורכי ענישה, אך חומרת העבירה בתיק 2 גבוהה יותר. (דמיון: 60%)

SIMILARITY_SCORE: 52","ok",""
"ME-16-11-69158-529","ME-12-03-13401-281",3,1,1,"{""מספר עבירה"": ""144 ב"", ""סוג_עבירה_החזקה"": ""כן"", ""סוג_עבירה_נשיאה"": ""כן"", ""סוג_עבירה_הובלה"": ""כן"", ""סוג_עבירה_סחר"": ""לא"", ""סוג_עבירה_ניסיון_סחר"": ""לא"", ""סוג_עבירה_ביצוע_עבירות"": ""לא"", ""סוג_עבירה_ייצור"": ""לא"", ""סוג הנשק [תת מקלע מאולתר]"": 1.0, ""סטטוס הנשק"": ""נשק עם כדור בקנה"", ""אופן_החזקה_בבית"": ""לא"", ""אופן_החזקה_ברכב"": ""כן"", ""אופן_החזקה_על_גופו"": ""לא"", ""אופן_החזקה_מוסלק"": ""כן"", ""אופן_החזקה_סמוך_לבית"": ""כן"", ""אופן קבלת הנשק"": ""רכש"", ""כמות תחמושת"": ""מחסנית ותחמושת מסוג 9 מ\""מ"", ""מטרה-סיבת העבירה"": ""חתונה"", ""עבירות נוספות"": ""ירי באזור מגורים, עבירה לפי סעיף 340 א' בחוק"", ""תכנון"": ""כן"", ""שימוש"": ""כן,ירי""}","{""מספר עבירה"": ""144 א, 144 ב"", ""סוג_עבירה_החזקה"": ""כן"", ""סוג_עבירה_נשיאה"": ""כן"", ""סוג_עבירה_הובלה"": ""כן"", ""סוג_עבירה_סחר"": ""לא"", ""סוג_עבירה_ניסיון_סחר"": ""לא"", ""סוג_עבירה_ביצוע_עבירות"": ""כן"", ""סוג_עבירה_ייצור"": ""לא"", ""סוג הנשק [אקדח]"": 1.0, ""סטטוס הנשק"": ""נשק עם כדור בקנה"", ""אופן_החזקה_בבית"": ""לא"", ""אופן_החזקה_ברכב"": ""כן"", ""אופן_החזקה_על_גופו"": ""לא"", ""אופן_החזקה_מוסלק"": ""לא"", ""אופן_החזקה_סמוך_לבית"": ""לא"", ""אופן קבלת הנשק"": ""מצא"", ""כמות תחמושת"": ""2 מחסניות שבתוכן כדורי אקדח ו-11 כדורי אקדח 9 מ\""מ נוספים"", ""עבירות נוספות"": ""יריות באזור מגורים - עבירה לפי סעיף 340א לחוק"", ""תכנון"": ""לא"", ""שימוש"": ""כן,ירי""}",85.0,"1. **סוג העבירה וחומרתה**: שני התיקים עוסקים בעבירות החזקה, נשיאה והובלה של נשק, אך תיק 2 כולל גם ביצוע עבירות. חומרת העבירות דומה, אך תיק 2 כולל יותר עבירות. (דמיון: 80%)

2. **תפקיד הנאשם ומעורבותו**: בשני התיקים, הנאשם הוא החוזק, הנושא והמוביל של הנשק. (דמיון: 100%)

3. **שיטת הביצוע (MO)**: שני התיקים כוללים החזקה, נשיאה והובלה של נשק, אך תיק 2 כולל גם ביצוע עבירות. (דמיון: 80%)

4. **נסיבות הליבה**: שני התיקים כוללים נשק עם כדור בקנה, אך תיק 1 כולל תחמושת מסוג 9 מ""מ, בעוד תיק 2 כולל 2 מחסניות ו-11 כדורי אקדח 9 מ""מ. (דמיון: 80%)

5. **ישימות כתקדים**: שני התיקים עוסקים בעבירות החזקה, נשיאה והובלה של נשק, ולכן יכולים לשמש כתקדים זה לזה. (דמיון: 90%)

SIMILARITY_SCORE: 85","ok",""
"ME-21-06-43085-219","SH-17-08-47445-166",1,0,0,"{""מספר עבירה"": ""144 א, 144 ב"", ""סוג_עבירה_החזקה"": ""כן"", ""סוג_עבירה_נשיאה"": ""כן"", ""סוג_עבירה_הובלה"": ""לא"", ""סוג_עבירה_סחר"": ""לא"", ""סוג_עבירה_ניסיון_סחר"": ""לא"", ""סוג_עבירה_ביצוע_עבירות"": ""כן"", ""סוג_עבירה_ייצור"": ""לא"", ""סוג הנשק [אקדח]"": 1.0, ""סטטוס הנשק"": ""נשק עם כדור בקנה"", ""אופן_החזקה_בבית"": ""לא"", ""אופן_החזקה_ברכב"": ""כן"", ""אופן_החזקה_על_גופו"": ""כן"", ""אופן_החזקה_מוסלק"": ""לא"", ""אופן_החזקה_סמוך_לבית"": ""לא"", ""אופן קבלת הנשק"": ""מאחר"", ""כמות תחמושת"": ""כ-9-10 יריות"", ""מטרה-סיבת העבירה"": ""סכסוך"", ""עבירות נוספות"": ""ירי מנשק חם, לפי סעיף 340א' (ב)(1) בחוק העונשין; היזק בזדון, לפי סעיף 452 בחוק העונשין; חבלה במזיד, לפי סעיף 413ה' בחוק העונשין; נהיגה ללא רישיון נהיגה, לפי סעיף 10(א) בפקודת התעבורה, התשכ\""א – 1961; נהיגה ללא פוליסת ביטוח בתוקף, לפי סעיף 2(א) ו–(ב) בפקודת ביטוח רכב מנועי [נוסח משולב] תש\""ל – 1970."", ""תכנון"": ""כן"", ""שימוש"": ""כן,ירי""}","{""מספר עבירה"": ""144 א"", ""סוג_עבירה_החזקה"": ""כן"", ""סוג_עבירה_נשיאה"": ""לא"", ""סוג_עבירה_הובלה"": ""לא"", ""סוג_עבירה_סחר"": ""לא"", ""סוג_עבירה_ניסיון_סחר"": ""לא"", ""סוג_עבירה_ביצוע_עבירות"": ""לא"", ""סוג_עבירה_ייצור"": ""לא"", ""סוג הנשק [אקדח]"": 1.0, ""סוג הנשק - אם לא נמצא בטבלה"": ""חפץ דמוי תת מקלע מאולתר"", ""סטטוס הנשק"": ""תקין"", ""אופן_החזקה_בבית"": ""כן"", ""אופן_החזקה_ברכב"": ""לא"", ""אופן_החזקה_על_גופו"": ""לא"", ""אופן_החזקה_מוסלק"": ""לא"", ""אופן_החזקה_סמוך_לבית"": ""לא"", ""תכנון"": ""לא""}",45.0,"1. **סוג העבירה וחומרתה**: שני התיקים עוסקים בהחזקת נשק, אך תיק 1 כולל גם עבירות נוספות כגון ירי מנשק חם, היזק בזדון, חבלה במזיד ועוד. חומרת העבירות בתיק 1 גבוהה יותר. (דמיון: 60)

2. **תפקיד הנאשם ומעורבותו**: בשני התיקים, הנאשם הוא החוזק, אך בתיק 1 הנאשם היה מעורב באופן פעיל בעבירות נוספות. (דמיון: 50)

3. **שיטת הביצוע (MO)**: בשני התיקים, הנשק הוחזק באופן לא חוקי, אך בתיק 1 הנשק היה ברכב, בעוד שבתיק 2 הנשק היה בבית. (דמיון: 40)

4. **נסיבות הליבה**: בתיק 1, הנשק היה במצב תקין והיה שימוש בו, בעוד שבתיק 2, הנשק היה תקין אך לא היה שימוש בו. (דמיון: 30)

5. **ישימות כתקדים**: בשני התיקים, הנשק הוחזק באופן לא חוקי, אך הנסיבות הספציפיות שונות. (דמיון: 40)

SIMILARITY_SCORE: 45","ok",""
"ME-16-05-19384-544","m08000207-175",1,0,0,"{""מספר עבירה"": ""144 א, 144 ב"", ""סוג_עבירה_החזקה"": ""כן"", ""סוג_עבירה_נשיאה"": ""כן"", ""סוג_עבירה_הובלה"": ""לא"", ""סוג_עבירה_סחר"": ""כן"", ""סוג_עבירה_ניסיון_סחר"": ""לא"", ""סוג_עבירה_ביצוע_עבירות"": ""לא"", ""סוג_עבירה_ייצור"": ""לא"", ""סוג הנשק [רובה סער ]"": 1.0, ""סטטוס הנשק"": ""נשק עם כדור בקנה"", ""אופן_החזקה_בבית"": ""לא"", ""אופן_החזקה_ברכב"": ""לא"", ""אופן_החזקה_על_גופו"": ""לא"", ""אופן_החזקה_מוסלק"": ""כן"", ""אופן_החזקה_סמוך_לבית"": ""כן"", ""אופן קבלת הנשק"": ""רכש"", ""כמות תחמושת"": ""כעשרה כדורי תחמושת לנשק"", ""מטרה-סיבת העבירה"": ""בצע כסף"", ""עבירות נוספות"": ""ניסיון לחבלה חמורה לפי סעיף 333 בצירוף סעיף 25 לחוק העונשין"", ""תכנון"": ""כן"", ""שימוש"": ""כן,ירי""}","{""מספר עבירה"": ""144 ב"", ""סוג_עבירה_החזקה"": ""לא"", ""סוג_עבירה_נשיאה"": ""כן"", ""סוג_עבירה_הובלה"": ""לא"", ""סוג_עבירה_סחר"": ""לא"", ""סוג_עבירה_ניסיון_סחר"": ""לא"", ""סוג_עבירה_ביצוע_עבירות"": ""לא"", ""סוג_עבירה_ייצור"": ""לא"", ""סוג הנשק [אקדח]"": 1.0, ""סטטוס הנשק"": ""נשק עם מחסנית בהכנס"", ""אופן_החזקה_בבית"": ""לא"", ""אופן_החזקה_ברכב"": ""כן"", ""אופן_החזקה_על_גופו"": ""לא"", ""אופן_החזקה_מוסלק"": ""לא"", ""אופן_החזקה_סמוך_לבית"": ""לא"", ""אופן קבלת הנשק"": ""מצא"", ""כמות תחמושת"": ""מחסנית ובה 15 כדורים, מחסנית ובה כ-10 כדורים"", ""עבירות נוספות"": ""החזקת סם לצריכה עצמית בלבד, עבירה לפי סעיף 7(א) + (ג) סיפא לפקודת הסמים המסוכנים, התשל\""ג-1973"", ""תכנון"": ""לא""}",40.0,"1. **סוג העבירה וחומרתה**: שני התיקים עוסקים בעבירות נשק, אך תיק 1 כולל גם סחר בנשק, בעוד תיק 2 לא. חומרת העבירות שונה, כאשר תיק 1 כולל גם ניסיון לחבלה חמורה.
2. **תפקיד הנאשם ומעורבותו**: בתיק 1, הנאשם הוא סוחר בנשק, בעוד בתיק 2, הנאשם הוא מחזיק בנשק ללא כוונה לסחר.
3. **שיטת הביצוע (MO)**: שני התיקים כוללים החזקת נשק, אך האופן בו הנשק הוחזק שונה. בתיק 1, הנשק הוחזק בבית, בעוד בתיק 2, הנשק הוחזק ברכב.
4. **נסיבות הליבה**: שני התיקים כוללים החזקת נשק, אך הכמות והסוג של התחמושת שונים. בתיק 1, הנאשם החזיק בכעשרה כדורי תחמושת, בעוד בתיק 2, הנאשם החזיק בשתי מחסניות עם 15 ו-10 כדורים.
5. **ישימות כתקדים**: בית המשפט עשוי לראות בתיק 1 כתקדים רלוונטי לתיק 2, אך הדמיון בין התיקים אינו מוחלט.

SIMILARITY_SCORE: 40","ok",""
"SH-11-05-24791-315","ME-16-02-59812-881",1,0,0,"{""מספר עבירה"": ""144 א"", ""סוג_עבירה_החזקה"": ""כן"", ""סוג_עבירה_נשיאה"": ""לא"", ""סוג_עבירה_הובלה"": ""לא"", ""סוג_עבירה_סחר"": ""לא"", ""סוג_עבירה_ניסיון_סחר"": ""לא"", ""סוג_עבירה_ביצוע_עבירות"": ""לא"", ""סוג_עבירה_ייצור"": ""לא"", ""סוג הנשק [אקדח]"": 1.0, ""סטטוס הנשק"": ""תקין"", ""אופן_החזקה_בבית"": ""כן"", ""אופן_החזקה_ברכב"": ""לא"", ""אופן_החזקה_על_גופו"": ""לא"", ""אופן_החזקה_מוסלק"": ""לא"", ""אופן_החזקה_סמוך_לבית"": ""לא"", ""אופן קבלת הנשק"": ""מאחר"", ""כמות תחמושת"": ""2 מחסניות"", ""מטרה-סיבת העבירה"": ""חתונה"", ""תכנון"": ""לא""}","{""מספר עבירה"": ""144 ב"", ""סוג_עבירה_החזקה"": ""לא"", ""סוג_עבירה_נשיאה"": ""לא"", ""סוג_עבירה_הובלה"": ""לא"", ""סוג_עבירה_סחר"": ""כן"", ""סוג_עבירה_ניסיון_סחר"": ""לא"", ""סוג_עבירה_ביצוע_עבירות"": ""לא"", ""סוג_עבירה_ייצור"": ""לא"", ""סוג הנשק [אקדח]"": 1.0, ""סטטוס הנשק"": ""תקין"", ""אופן_החזקה_בבית"": ""לא"", ""אופן_החזקה_ברכב"": ""לא"", ""אופן_החזקה_על_גופו"": ""לא"", ""אופן_החזקה_מוסלק"": ""לא"", ""אופן_החזקה_סמוך_לבית"": ""כן"", ""אופן קבלת הנשק"": ""אחר"", ""כמות תחמושת"": ""2 מחסניות וכן 20 כדורים תואמים"", ""מטרה-סיבת העבירה"": ""בצע כסף"", ""עבירות נוספות"": ""מסירת ידיעה כוזבת על עבירת פשע, לפי סעיף 243 סיפא לחוק; שיבוש הליכי משפט, לפי סעיף 244 לחוק"", ""תכנון"": ""כן""}",20.0,"1. **סוג העבירה וחומרתה**: שני התיקים עוסקים בעבירות נשק, אך תיק 1 עוסק בהחזקת נשק, בעוד תיק 2 עוסק בסחר בנשק. חומרת העבירה בתיק 2 גבוהה יותר עקב הסחר בנשק.
2. **תפקיד הנאשם ומעורבותו**: בתיק 1, הנאשם החזיק בנשק, בעוד בתיק 2, הנאשם סחר בנשק. מעורבותו של הנאשם בתיק 2 היא פעילה יותר.
3. **שיטת הביצוע (MO)**: שני התיקים עוסקים בנשק, אך שיטת הביצוע בתיק 2 היא סחר, בעוד בתיק 1 היא החזקה.
4. **נסיבות הליבה**: בתיק 1, הנשק הוחזק בבית, בעוד בתיק 2, הנשק הוחזק סמוך לבית. כמות התחמושת בתיק 2 היא גדולה יותר.
5. **ישימות כתקדים**: בית משפט עשוי לראות את שני התיקים כלא רלוונטיים זה לזה לצורכי ענישה, עקב הבדלים בסוג העבירה, חומרתה, תפקיד הנאשם ושיטת הביצוע.

SIMILARITY_SCORE: 20","ok",""
"ME-16-01-31498-921","ME-16-10-9348-780",1,0,0,"{""מספר עבירה"": ""144 ב"", ""סוג_עבירה_החזקה"": ""לא"", ""סוג_עבירה_נשיאה"": ""כן"", ""סוג_עבירה_הובלה"": ""כן"", ""סוג_עבירה_סחר"": ""לא"", ""סוג_עבירה_ניסיון_סחר"": ""לא"", ""סוג_עבירה_ביצוע_עבירות"": ""לא"", ""סוג_עבירה_ייצור"": ""לא"", ""סוג הנשק - אם לא נמצא בטבלה"": ""ארבעה רימוני יד/מדוכה מספר 400 ושלושה רימוני יד הלם סינוור M7290"", ""סטטוס הנשק"": ""תקין"", ""אופן_החזקה_בבית"": ""לא"", ""אופן_החזקה_ברכב"": ""לא"", ""אופן_החזקה_על_גופו"": ""לא"", ""אופן_החזקה_מוסלק"": ""כן"", ""אופן_החזקה_סמוך_לבית"": ""לא"", ""אופן קבלת הנשק"": ""גנב"", ""מטרה-סיבת העבירה"": ""בצע כסף"", ""עבירות נוספות"": ""גניבה, לפי סעיף 384 לחוק העונשין"", ""תכנון"": ""כן""}","{""מספר עבירה"": ""144 ב"", ""סוג_עבירה_החזקה"": ""לא"", ""סוג_עבירה_נשיאה"": ""כן"", ""סוג_עבירה_הובלה"": ""כן"", ""סוג_עבירה_סחר"": ""לא"", ""סוג_עבירה_ניסיון_סחר"": ""לא"", ""סוג_עבירה_ביצוע_עבירות"": ""לא"", ""סוג_עבירה_ייצור"": ""לא"", ""סוג הנשק [רובה צייד]"": 1.0, ""סטטוס הנשק"": ""תקין"", ""אופן_החזקה_בבית"": ""לא"", ""אופן_החזקה_ברכב"": ""כן"", ""אופן_החזקה_על_גופו"": ""לא"", ""אופן_החזקה_מוסלק"": ""לא"", ""אופן_החזקה_סמוך_לבית"": ""לא"", ""אופן קבלת הנשק"": ""מאחר"", ""כמות תחמושת"": ""קופסת כדורי צייד קליבר 12 מ\""מ והמכילה 75 כדורים"", ""תכנון"": ""לא""}",60.0,"1. **סוג העבירה וחומרתה**: שני התיקים מעורבים בעבירות נשיאה והובלה של נשק, אך הסוג המדויק של הנשק שונה. בתיק 1, מדובר ברימוני יד, בעוד שבתיק 2, מדובר ברובה צייד. חומרת העבירה נראית דומה, אך הבדלים בסוג הנשק עשויים להשפיע על החומרה.

2. **תפקיד הנאשם ומעורבותו**: לא ניתן לקבוע בבירור את תפקיד הנאשם ומעורבותו בשני התיקים, אך נראה ששניהם מעורבים בנשיאה והובלה של נשק.

3. **שיטת הביצוע (MO)**: שני התיקים מעורבים בנשיאה והובלה של נשק, אך האופן בו הנשק הוחזק שונה. בתיק 1, הנשק הוחזק באופן מוסלק, בעוד שבתיק 2, הנשק הוחזק ברכב.

4. **נסיבות הליבה**: שני התיקים מעורבים בנשיאה והובלה של נשק, אך הנסיבות המדויקות שונות. בתיק 1, הנשק הוחזק לצורך בצע כסף, בעוד שבתיק 2, לא ניתן לקבוע בבירור את הנסיבות.

5. **ישימות כתקדים**: שני התיקים מעורבים בעבירות נשיאה והובלה של נשק, אך הבדלים בסוג הנשק, אופן החזקה ונסיבות הליבה עשויים להשפיע על הישימות כתקדים.

SIMILARITY_SCORE: 60","ok",""
"ME-09-11-7566-913","ME-16-06-50916-362",1,0,0,"{""מספר עבירה"": ""144 א, 144 ב"", ""סוג_עבירה_החזקה"": ""כן"", ""סוג_עבירה_נשיאה"": ""כן"", ""סוג_עבירה_הובלה"": ""כן"", ""סוג_עבירה_סחר"": ""לא"", ""סוג_עבירה_ניסיון_סחר"": ""לא"", ""סוג_עבירה_ביצוע_עבירות"": ""לא"", ""סוג_עבירה_ייצור"": ""לא"", ""סוג הנשק [אקדח]"": 1.0, ""סטטוס הנשק"": ""תקול"", ""אופן_החזקה_בבית"": ""לא"", ""אופן_החזקה_ברכב"": ""כן"", ""אופן_החזקה_על_גופו"": ""לא"", ""אופן_החזקה_מוסלק"": ""כן"", ""אופן_החזקה_סמוך_לבית"": ""לא"", ""אופן קבלת הנשק"": ""מצא"", ""תכנון"": ""לא""}","{""מספר עבירה"": ""144 ב"", ""סוג_עבירה_החזקה"": ""לא"", ""סוג_עבירה_נשיאה"": ""כן"", ""סוג_עבירה_הובלה"": ""כן"", ""סוג_עבירה_סחר"": ""לא"", ""סוג_עבירה_ניסיון_סחר"": ""לא"", ""סוג_עבירה_ביצוע_עבירות"": ""כן"", ""סוג_עבירה_ייצור"": ""לא"", ""סוג הנשק [תת מקלע מאולתר]"": 1.0, ""סטטוס הנשק"": ""נשק עם כדור בקנה"", ""אופן_החזקה_בבית"": ""לא"", ""אופן_החזקה_ברכב"": ""כן"", ""אופן_החזקה_על_גופו"": ""כן"", ""אופן_החזקה_מוסלק"": ""לא"", ""אופן_החזקה_סמוך_לבית"": ""לא"", ""כמות תחמושת"": ""לא פחות משישה כדורים, ולאחר מכן ירה מספר כדורים"", ""מטרה-סיבת העבירה"": ""סכסוך"", ""עבירות נוספות"": ""איומים, יריות באזור מגורים, מעשה פזיזות ורשלנות, נהיגה בזמן פסילה, נהיגה ללא רישיון נהיגה"", ""תכנון"": ""לא"", ""שימוש"": ""כן,ירי""}",55.0,"1. **סוג העבירה וחומרתה**: שני התיקים עוסקים בעבירות נשק, אך תיק 1 מתמקד בהחזקה, נשיאה והובלה, בעוד תיק 2 מתמקד בנשיאה, הובלה וביצוע עבירות. חומרת העבירות שונה, כאשר תיק 2 כולל יריות ועבירות נוספות. (דמיון: 60)

2. **תפקיד הנאשם ומעורבותו**: בשני התיקים, הנאשם הוא האדם שנשא את הנשק, אך בתיק 2, הנאשם היה מעורב באופן פעיל יותר, כולל יריות. (דמיון: 50)

3. **שיטת הביצוע (MO)**: שני התיקים כוללים החזקה ונשיאה של נשק, אך תיק 2 כולל גם יריות ועבירות נוספות. (דמיון: 55)

4. **נסיבות הליבה**: שני התיקים כוללים החזקה של נשק, אך תיק 2 כולל גם יריות, עבירות נוספות וסכסוך. (דמיון: 50)

5. **ישימות כתקדים**: בית המשפט עשוי לראות את שני התיקים כרלוונטיים זה לזה לצורכי ענישה, אך עם הבדלים בחומרת העבירות. (דמיון: 55)

SIMILARITY_SCORE: 55","ok",""
"ME-20-01-17935-7","SH-23-03-19819-247",2,0,1,"{""מספר עבירה"": ""144 א, 144 ב"", ""סוג_עבירה_החזקה"": ""כן"", ""סוג_עבירה_נשיאה"": ""כן"", ""סוג_עבירה_הובלה"": ""לא"", ""סוג_עבירה_סחר"": ""לא"", ""סוג_עבירה_ניסיון_סחר"": ""לא"", ""סוג_עבירה_ביצוע_עבירות"": ""לא"", ""סוג_עבירה_ייצור"": ""לא"", ""סוג הנשק [תת מקלע מאולתר]"": 1.0, ""סטטוס הנשק"": ""תקול"", ""אופן_החזקה_בבית"": ""כן"", ""אופן_החזקה_ברכב"": ""לא"", ""אופן_החזקה_על_גופו"": ""כן"", ""אופן_החזקה_מוסלק"": ""לא"", ""אופן_החזקה_סמוך_לבית"": ""כן"", ""עבירות נוספות"": ""הפרעה לשוטר לפי סעיף 275 לחוק"", ""תכנון"": ""לא""}","{""מספר עבירה"": ""144 א"", ""סוג_עבירה_החזקה"": ""כן"", ""סוג_עבירה_נשיאה"": ""לא"", ""סוג_עבירה_הובלה"": ""לא"", ""סוג_עבירה_סחר"": ""לא"", ""סוג_עבירה_ניסיון_סחר"": ""לא"", ""סוג_עבירה_ביצוע_עבירות"": ""לא"", ""סוג_עבירה_ייצור"": ""לא"", ""סוג הנשק [רובה סער מאולתר]"": 1.0, ""סוג הנשק - אם לא נמצא בטבלה"": ""רובה דמוי רובה סער W300326 מסוג M-16 – רובה אויר שהוסב לירי תחמושת בקליבר 5.56X45"", ""סטטוס הנשק"": ""תקין"", ""אופן_החזקה_בבית"": ""כן"", ""אופן_החזקה_ברכב"": ""לא"", ""אופן_החזקה_על_גופו"": ""לא"", ""אופן_החזקה_מוסלק"": ""כן"", ""אופן_החזקה_סמוך_לבית"": ""לא"", ""כמות תחמושת"": ""שלוש מחסניות המכילות כמה עשרות כדורי 5.56 מ\""מ"", ""תכנון"": ""לא""}",60.0,"1. **סוג העבירה וחומרתה**: שני התיקים עוסקים בעבירות החזקת נשק, אך תיק 1 כולל גם עבירת הפרעה לשוטר. החומרה של העבירות דומה, אך התוספת של עבירת הפרעה לשוטר בתיק 1 מעט שונה.

2. **תפקיד הנאשם ומעורבותו**: לא ניתן לקבוע בבירור את תפקיד הנאשם ומעורבותו בשני התיקים, אך נראה שהם מעורבים באופן פעיל.

3. **שיטת הביצוע (MO)**: שני התיקים עוסקים בהחזקת נשק, אך הנשק עצמו שונה. בתיק 1, הנשק הוא תת-מקלע מאולתר, בעוד שבתיק 2, הנשק הוא רובה סער מאולתר.

4. **נסיבות הליבה**: שני התיקים כוללים החזקת נשק בבית, אך בתיק 2, הנשק הוא תקין, בעוד שבתיק 1, הנשק הוא תקול. בנוסף, בתיק 2, ישנו תחמושת בכמות גדולה.

5. **ישימות כתקדים**: למרות הדמיון בין שני התיקים, השוני בסוג הנשק, החומרה של העבירות, והנסיבות הליבה, עשוי להשפיע על הישימות של תיק 1 כתקדים לתיק 2.

SIMILARITY_SCORE: 60","ok",""
"SH-17-08-47445-166","SH-16-11-7544-55",3,1,1,"{""מספר עבירה"": ""144 א"", ""סוג_עבירה_החזקה"": ""כן"", ""סוג_עבירה_נשיאה"": ""לא"", ""סוג_עבירה_הובלה"": ""לא"", ""סוג_עבירה_סחר"": ""לא"", ""סוג_עבירה_ניסיון_סחר"": ""לא"", ""סוג_עבירה_ביצוע_עבירות"": ""לא"", ""סוג_עבירה_ייצור"": ""לא"", ""סוג הנשק [אקדח]"": 1.0, ""סוג הנשק - אם לא נמצא בטבלה"": ""חפץ דמוי תת מקלע מאולתר"", ""סטטוס הנשק"": ""תקין"", ""אופן_החזקה_בבית"": ""כן"", ""אופן_החזקה_ברכב"": ""לא"", ""אופן_החזקה_על_גופו"": ""לא"", ""אופן_החזקה_מוסלק"": ""לא"", ""אופן_החזקה_סמוך_לבית"": ""לא"", ""תכנון"": ""לא""}","{""מספר עבירה"": ""144 א"", ""סוג_עבירה_החזקה"": ""כן"", ""סוג_עבירה_נשיאה"": ""לא"", ""סוג_עבירה_הובלה"": ""לא"", ""סוג_עבירה_סחר"": ""לא"", ""סוג_עבירה_ניסיון_סחר"": ""לא"", ""סוג_עבירה_ביצוע_עבירות"": ""לא"", ""סוג_עבירה_ייצור"": ""לא"", ""סוג הנשק [תת מקלע מאולתר]"": 1.0, ""סטטוס הנשק"": ""תקין"", ""אופן_החזקה_בבית"": ""לא"", ""אופן_החזקה_ברכב"": ""לא"", ""אופן_החזקה_על_גופו"": ""לא"", ""אופן_החזקה_מוסלק"": ""כן"", ""אופן_החזקה_סמוך_לבית"": ""לא"", ""אופן קבלת הנשק"": ""מצא"", ""כמות תחמושת"": ""מחסנית המכילה 10 כדורים בקוטר 9 מ\""מ"", ""תכנון"": ""לא""}",80.0,"1. **סוג העבירה וחומרתה**: שני התיקים מעורבים בעבירת החזקת נשק, ובשניהם הנשק הוא תת-מקלע מאולתר. חומרת העבירה דומה, שכן שני הנשקים הם תקינים ומסוכנים.

2. **תפקיד הנאשם ומעורבותו**: בשני התיקים, הנאשם הוא החוזק, אך אופן החזקה שונה. בתיק 1, הנשק הוחזק בבית, בעוד שבתיק 2, הנשק הוחזק באופן מוסלק.

3. **שיטת הביצוע (MO)**: שני התיקים מעורבים בהחזקת נשק, אך אופן החזקה שונה. בתיק 1, הנשק הוחזק בבית, בעוד שבתיק 2, הנשק הוחזק באופן מוסלק.

4. **נסיבות הליבה**: בשני התיקים, הנשק הוא תת-מקלע מאולתר, אך בתיק 2, הנשק הוחזק עם מחסנית המכילה 10 כדורים.

5. **ישימות כתקדים**: בית המשפט יכול לראות את שני התיקים כרלוונטיים זה לזה לצורכי ענישה, שכן שניהם מעורבים בעבירת החזקת נשק.

SIMILARITY_SCORE: 80","ok",""
"ME-16-11-13999-863","m01008097-376",1,0,0,"{""מספר עבירה"": ""144 א, 144 ב"", ""סוג_עבירה_החזקה"": ""כן"", ""סוג_עבירה_נשיאה"": ""כן"", ""סוג_עבירה_הובלה"": ""כן"", ""סוג_עבירה_סחר"": ""לא"", ""סוג_עבירה_ניסיון_סחר"": ""לא"", ""סוג_עבירה_ביצוע_עבירות"": ""לא"", ""סוג_עבירה_ייצור"": ""לא"", ""סוג הנשק [אקדח]"": 1.0, ""סטטוס הנשק"": ""נשק עם מחסנית בהכנס"", ""אופן_החזקה_בבית"": ""לא"", ""אופן_החזקה_ברכב"": ""כן"", ""אופן_החזקה_על_גופו"": ""כן"", ""אופן_החזקה_מוסלק"": ""לא"", ""אופן_החזקה_סמוך_לבית"": ""לא"", ""כמות תחמושת"": ""מחסנית עם כדורים לאקדח, מחסנית נוספת עם כדורים לאקדח"", ""מטרה-סיבת העבירה"": ""תדמית"", ""תכנון"": ""לא""}","{""מספר עבירה"": ""144 א, 144 ב"", ""סוג_עבירה_החזקה"": ""כן"", ""סוג_עבירה_נשיאה"": ""כן"", ""סוג_עבירה_הובלה"": ""לא"", ""סוג_עבירה_סחר"": ""לא"", ""סוג_עבירה_ניסיון_סחר"": ""לא"", ""סוג_עבירה_ביצוע_עבירות"": ""לא"", ""סוג_עבירה_ייצור"": ""לא"", ""סוג הנשק [רימון רסס]"": 1.0, ""סטטוס הנשק"": ""תקין"", ""אופן_החזקה_בבית"": ""כן"", ""אופן_החזקה_ברכב"": ""לא"", ""אופן_החזקה_על_גופו"": ""כן"", ""אופן_החזקה_מוסלק"": ""לא"", ""אופן_החזקה_סמוך_לבית"": ""כן"", ""כמות תחמושת"": ""כדורי רובה ושתי מחסניות"", ""עבירות נוספות"": ""מעשה פזיזות ורשלנות כהגדרתם בסעיף 338(5) לחוק העונשין"", ""תכנון"": ""לא"", ""שימוש"": ""זריקת רימון""}",60.0,"1. **סוג העבירה וחומרתה**: שני התיקים עוסקים בעבירות החזקה ונשיאה של נשק, אך הם שונים בסוג הנשק (אקדח לעומת רימון רסס) ובכמות התחמושת. חומרת העבירה דומה, אך לא זהה.

2. **תפקיד הנאשם ומעורבותו**: לא ניתן לקבוע בבירור את תפקיד הנאשם ומעורבותו בשני התיקים, אך נראה שהם מעורבים באופן פעיל.

3. **שיטת הביצוע (MO)**: שני התיקים עוסקים בהחזקה ונשיאה של נשק, אך הם שונים באופן החזקה (ברכב לעומת בבית) ובכמות התחמושת.

4. **נסיבות הליבה**: שני התיקים עוסקים בעבירות החזקה ונשיאה של נשק, אך הם שונים בסוג הנשק, בכמות התחמושת, ובנסיבות המקלות/מחמירות.

5. **ישימות כתקדים**: שני התיקים עוסקים בעבירות החזקה ונשיאה של נשק, אך הם שונים בסוג הנשק, בכמות התחמושת, ובנסיבות המקלות/מחמירות. בית משפט יכול לראות את שני התיקים כרלוונטיים זה לזה לצורכי ענישה, אך יש לקחת בחשבון את ההבדלים ביניהם.

SIMILARITY_SCORE: 60","ok",""
"ME-16-06-50916-362","ME-15-03-29911-554",3,1,1,"{""מספר עבירה"": ""144 ב"", ""סוג_עבירה_החזקה"": ""לא"", ""סוג_עבירה_נשיאה"": ""כן"", ""סוג_עבירה_הובלה"": ""כן"", ""סוג_עבירה_סחר"": ""לא"", ""סוג_עבירה_ניסיון_סחר"": ""לא"", ""סוג_עבירה_ביצוע_עבירות"": ""כן"", ""סוג_עבירה_ייצור"": ""לא"", ""סוג הנשק [תת מקלע מאולתר]"": 1.0, ""סטטוס הנשק"": ""נשק עם כדור בקנה"", ""אופן_החזקה_בבית"": ""לא"", ""אופן_החזקה_ברכב"": ""כן"", ""אופן_החזקה_על_גופו"": ""כן"", ""אופן_החזקה_מוסלק"": ""לא"", ""אופן_החזקה_סמוך_לבית"": ""לא"", ""כמות תחמושת"": ""לא פחות משישה כדורים, ולאחר מכן ירה מספר כדורים"", ""מטרה-סיבת העבירה"": ""סכסוך"", ""עבירות נוספות"": ""איומים, יריות באזור מגורים, מעשה פזיזות ורשלנות, נהיגה בזמן פסילה, נהיגה ללא רישיון נהיגה"", ""תכנון"": ""לא"", ""שימוש"": ""כן,ירי""}","{""מספר עבירה"": ""144 א, 144 ב"", ""סוג_עבירה_החזקה"": ""כן"", ""סוג_עבירה_נשיאה"": ""כן"", ""סוג_עבירה_הובלה"": ""לא"", ""סוג_עבירה_סחר"": ""לא"", ""סוג_עבירה_ניסיון_סחר"": ""לא"", ""סוג_עבירה_ביצוע_עבירות"": ""כן"", ""סוג_עבירה_ייצור"": ""לא"", ""סוג הנשק [אקדח]"": 1.0, ""סטטוס הנשק"": ""נשק עם כדור בקנה"", ""אופן_החזקה_בבית"": ""לא"", ""אופן_החזקה_ברכב"": ""כן"", ""אופן_החזקה_על_גופו"": ""כן"", ""אופן_החזקה_מוסלק"": ""לא"", ""אופן_החזקה_סמוך_לבית"": ""לא"", ""כמות תחמושת"": ""מחסנית ובה 12 כדורים, מחסנית נוספת, קופסא המכילה 20 כדורים נוספים, 24 כדורים נוספים"", ""עבירות נוספות"": ""ירי מנשק חם באזור מגורים"", ""תכנון"": ""לא"", ""שימוש"": ""כן,ירי""}",82.0,"1. **סוג העבירה וחומרתה**: שני התיקים עוסקים בעבירות נשק, כולל החזקה, נשיאה, הובלה וביצוע עבירות. החומרה של העבירות דומה, כולל שימוש בנשק חם. (8/10)
2. **תפקיד הנאשם ומעורבותו**: בשני התיקים, הנאשם הוא האדם שהחזיק, נשא והשתמש בנשק. מעורבותו היא פעילה. (9/10)
3. **שיטת הביצוע (MO)**: שני התיקים מתארים שימוש בנשק חם, אך הנשק עצמו שונה (תת-מקלע מאולתר לעומת אקדח). (7/10)
4. **נסיבות הליבה**: שני התיקים מתארים שימוש בנשק באזור מגורים, אך הכמות המדויקת של תחמושת שונה. (8/10)
5. **ישימות כתקדים**: בית משפט יראה את שני התיקים כרלוונטיים זה לזה לצורכי ענישה, שכן הם עוסקים בעבירות נשק דומות. (9/10)

SIMILARITY_SCORE: 82","ok",""
"SH-16-11-49772-358","ME-17-02-54432-484",1,0,0,"{""מספר עבירה"": ""144 א"", ""סוג_עבירה_החזקה"": ""כן"", ""סוג_עבירה_נשיאה"": ""לא"", ""סוג_עבירה_הובלה"": ""לא"", ""סוג_עבירה_סחר"": ""לא"", ""סוג_עבירה_ניסיון_סחר"": ""לא"", ""סוג_עבירה_ביצוע_עבירות"": ""לא"", ""סוג_עבירה_ייצור"": ""לא"", ""סוג הנשק [אקדח]"": 1.0, ""סטטוס הנשק"": ""תקין"", ""אופן_החזקה_בבית"": ""לא"", ""אופן_החזקה_ברכב"": ""לא"", ""אופן_החזקה_על_גופו"": ""לא"", ""אופן_החזקה_מוסלק"": ""כן"", ""אופן_החזקה_סמוך_לבית"": ""לא"", ""אופן קבלת הנשק"": ""גנב"", ""עבירות נוספות"": ""גניבה בהתאם לסעיף 383(א)(1) וסעיף 384 לחוק העונשין, התשל\""ז-1977"", ""תכנון"": ""לא""}","{""מספר עבירה"": ""144 א, 144 ב"", ""סוג_עבירה_החזקה"": ""כן"", ""סוג_עבירה_נשיאה"": ""כן"", ""סוג_עבירה_הובלה"": ""לא"", ""סוג_עבירה_סחר"": ""לא"", ""סוג_עבירה_ניסיון_סחר"": ""לא"", ""סוג_עבירה_ביצוע_עבירות"": ""לא"", ""סוג_עבירה_ייצור"": ""לא"", ""סוג הנשק [אקדח]"": 1.0, ""סטטוס הנשק"": ""נשק עם מחסנית בהכנס"", ""אופן_החזקה_בבית"": ""לא"", ""אופן_החזקה_ברכב"": ""כן"", ""אופן_החזקה_על_גופו"": ""כן"", ""אופן_החזקה_מוסלק"": ""כן"", ""אופן_החזקה_סמוך_לבית"": ""כן"", ""כמות תחמושת"": ""מחסנית ובה 7 כדורים"", ""מטרה-סיבת העבירה"": ""הגנה עצמית"", ""תכנון"": ""לא""}",65.0,"1. **סוג העבירה וחומרתה**: שני התיקים עוסקים בעבירות נשק, אך תיק 2 כולל גם עבירת נשיאה. חומרת העבירות דומה, אך תיק 2 נראה מחמיר יותר בשל הנשיאה. (דמיון: 70%)

2. **תפקיד הנאשם ומעורבותו**: שני התיקים לא מספקים מידע על תפקיד הנאשם, אך נראה שבשני התיקים הנאשם הוא הבעלים של הנשק. (דמיון: 80%)

3. **שיטת הביצוע (MO)**: שני התיקים כוללים החזקה של אקדח, אך תיק 2 כולל גם נשיאה. (דמיון: 60%)

4. **נסיבות הליבה**: שני התיקים לא כוללים שימוש בנשק, אך תיק 2 כולל מחסנית ובה 7 כדורים. (דמיון: 50%)

5. **ישימות כתקדים**: שני התיקים עוסקים בעבירות נשק, אך תיק 2 נראה מחמיר יותר. (דמיון: 60%)

SIMILARITY_SCORE: 65","ok",""
"ME-14-02-51828-88","ME-14-03-48488-922",1,0,0,"{""מספר עבירה"": ""144 ב"", ""סוג_עבירה_החזקה"": ""לא"", ""סוג_עבירה_נשיאה"": ""כן"", ""סוג_עבירה_הובלה"": ""כן"", ""סוג_עבירה_סחר"": ""לא"", ""סוג_עבירה_ניסיון_סחר"": ""לא"", ""סוג_עבירה_ביצוע_עבירות"": ""כן"", ""סוג_עבירה_ייצור"": ""לא"", ""סוג הנשק - אם לא נמצא בטבלה"": ""שני רובי ציד מאולתרים"", ""סטטוס הנשק"": ""תקין"", ""אופן_החזקה_בבית"": ""לא"", ""אופן_החזקה_ברכב"": ""כן"", ""אופן_החזקה_על_גופו"": ""לא"", ""אופן_החזקה_מוסלק"": ""לא"", ""אופן_החזקה_סמוך_לבית"": ""לא"", ""תכנון"": ""לא""}","{""מספר עבירה"": ""144 א, 144 ב"", ""סוג_עבירה_החזקה"": ""כן"", ""סוג_עבירה_נשיאה"": ""כן"", ""סוג_עבירה_הובלה"": ""לא"", ""סוג_עבירה_סחר"": ""לא"", ""סוג_עבירה_ניסיון_סחר"": ""לא"", ""סוג_עבירה_ביצוע_עבירות"": ""לא"", ""סוג_עבירה_ייצור"": ""כן"", ""סוג הנשק [מטען חבלה]"": 1.0, ""סוג הנשק - אם לא נמצא בטבלה"": ""מכשיר טלפון נייד המשמש כמערכת הפעלה במטעני חבלה מאולתרים"", ""סטטוס הנשק"": ""תקין"", ""אופן_החזקה_בבית"": ""לא"", ""אופן_החזקה_ברכב"": ""לא"", ""אופן_החזקה_על_גופו"": ""לא"", ""אופן_החזקה_מוסלק"": ""כן"", ""אופן_החזקה_סמוך_לבית"": ""לא"", ""אופן קבלת הנשק"": ""ייצר"", ""כמות תחמושת"": ""47 כדורים"", ""מטרה-סיבת העבירה"": ""בצע כסף"", ""עבירות נוספות"": ""היזק בזדון בחומר נפיץ לפי סעיף 454 לחוק העונשין"", ""תכנון"": ""כן"", ""שימוש"": ""הפעלת מטען""}",40.0,"1. **סוג העבירה וחומרתה**: שני התיקים עוסקים בעבירות נשק, אך תיק 1 מתמקד בנשיאה והובלה, בעוד תיק 2 מתמקד בייצור והחזקה. חומרת העבירות שונה, כאשר תיק 2 כולל גם עבירות נוספות. (דמיון: 40)

2. **תפקיד הנאשם ומעורבותו**: בתיק 1, הנאשם הואשם בנשיאה והובלה, בעוד בתיק 2, הנאשם הואשם בייצור והחזקה. מעורבות הנאשם בתיק 2 נראית יותר פעילה. (דמיון: 30)

3. **שיטת הביצוע (MO)**: שני התיקים כוללים שימוש בנשק, אך תיק 2 כולל גם שימוש בחומר נפיץ. (דמיון: 50)

4. **נסיבות הליבה**: שני התיקים כוללים שימוש בנשק, אך תיק 2 כולל גם שימוש בחומר נפיץ ותכנון. (דמיון: 40)

5. **ישימות כתקדים**: בית המשפט עשוי לראות את שני התיקים כרלוונטיים זה לזה לצורכי ענישה, אך הדמיון ביניהם אינו גבוה. (דמיון: 40)

SIMILARITY_SCORE: 40","ok",""
"ME-14-12-6904-57","ME-18-04-19642-504",1,0,0,"{""מספר עבירה"": ""144 ב"", ""סוג_עבירה_החזקה"": ""כן"", ""סוג_עבירה_נשיאה"": ""כן"", ""סוג_עבירה_הובלה"": ""כן"", ""סוג_עבירה_סחר"": ""לא"", ""סוג_עבירה_ניסיון_סחר"": ""לא"", ""סוג_עבירה_ביצוע_עבירות"": ""לא"", ""סוג_עבירה_ייצור"": ""לא"", ""סוג הנשק [תת מקלע מאולתר]"": 1.0, ""סטטוס הנשק"": ""נשק מופרד מתחמושת"", ""אופן_החזקה_בבית"": ""כן"", ""אופן_החזקה_ברכב"": ""לא"", ""אופן_החזקה_על_גופו"": ""לא"", ""אופן_החזקה_מוסלק"": ""כן"", ""אופן_החזקה_סמוך_לבית"": ""לא"", ""אופן קבלת הנשק"": ""רכש"", ""כמות תחמושת"": ""מחסנית וכדורים"", ""מטרה-סיבת העבירה"": ""הגנה עצמית"", ""עבירות נוספות"": ""החזקת סם לצריכה עצמית, לפי סעיף 7(א) לפקודת הסמים המסוכנים, התשל\""ג-1973"", ""תכנון"": ""לא""}","{""מספר עבירה"": ""144 א, 144 ב"", ""סוג_עבירה_החזקה"": ""כן"", ""סוג_עבירה_נשיאה"": ""כן"", ""סוג_עבירה_הובלה"": ""כן"", ""סוג_עבירה_סחר"": ""לא"", ""סוג_עבירה_ניסיון_סחר"": ""לא"", ""סוג_עבירה_ביצוע_עבירות"": ""לא"", ""סוג_עבירה_ייצור"": ""לא"", ""סוג הנשק [אקדח]"": 1.0, ""סטטוס הנשק"": ""נשק עם כדור בקנה"", ""אופן_החזקה_בבית"": ""לא"", ""אופן_החזקה_ברכב"": ""כן"", ""אופן_החזקה_על_גופו"": ""כן"", ""אופן_החזקה_מוסלק"": ""כן"", ""אופן_החזקה_סמוך_לבית"": ""לא"", ""אופן קבלת הנשק"": ""רכש"", ""כמות תחמושת"": ""שתי מחסניות ולא פחות מ 40 כדורים"", ""מטרה-סיבת העבירה"": ""סכסוך"", ""עבירות נוספות"": ""מעשי פזיזות ורשלנות, לפי ס' 338(א)(5) לחוק"", ""תכנון"": ""לא"", ""שימוש"": ""כן,ירי""}",60.0,"1. **סוג העבירה וחומרתה**: שני התיקים עוסקים בעבירות החזקה, נשיאה והובלה של נשק, אך תיק 2 כולל גם עבירת סעיף 144 א, המתייחסת להחזקת נשק ללא רישיון. חומרת העבירות דומה, אך תיק 2 נראה מחמיר יותר בשל הכמות הגדולה של תחמושת.

2. **תפקיד הנאשם ומעורבותו**: בשני התיקים, הנאשם הוא הבעלים של הנשק, אך בתיק 2, הנאשם השתמש בנשק, מה שמעיד על מעורבות פעילה יותר.

3. **שיטת הביצוע (MO)**: שני התיקים מתאפיינים ברכישת נשק, אך בתיק 2, הנשק הוחזק ברכב ועל גופו, מה שמעיד על שיטת ביצוע שונה.

4. **נסיבות הליבה**: בשני התיקים, הנשק הוחזק ללא רישיון, אך בתיק 2, הנשק הוחזק עם כדור בקנה, מה שמעיד על נסיבות מחמירות יותר.

5. **ישימות כתקדים**: בשני התיקים, העבירות הן דומות, אך בתיק 2, הנסיבות הן מחמירות יותר, מה שעשוי להשפיע על הענישה.

SIMILARITY_SCORE: 60","ok",""
"ME-18-10-30972-637","ME-14-11-7498-539",3,1,1,"{""סוג_עבירה_החזקה"": ""לא"", ""סוג_עבירה_נשיאה"": ""לא"", ""סוג_עבירה_הובלה"": ""לא"", ""סוג_עבירה_סחר"": ""לא"", ""סוג_עבירה_ניסיון_סחר"": ""כן"", ""סוג_עבירה_ביצוע_עבירות"": ""לא"", ""סוג_עבירה_ייצור"": ""לא"", ""סוג הנשק [רובה סער ]"": 1.0, ""סטטוס הנשק"": ""תקין"", ""אופן_החזקה_בבית"": ""לא"", ""אופן_החזקה_ברכב"": ""לא"", ""אופן_החזקה_על_גופו"": ""לא"", ""אופן_החזקה_מוסלק"": ""לא"", ""אופן_החזקה_סמוך_לבית"": ""לא"", ""אופן קבלת הנשק"": ""רכש"", ""תכנון"": ""כן""}","{""מספר עבירה"": ""144 א, 144 ב"", ""סוג_עבירה_החזקה"": ""כן"", ""סוג_עבירה_נשיאה"": ""כן"", ""סוג_עבירה_הובלה"": ""כן"", ""סוג_עבירה_סחר"": ""לא"", ""סוג_עבירה_ניסיון_סחר"": ""כן"", ""סוג_עבירה_ביצוע_עבירות"": ""לא"", ""סוג_עבירה_ייצור"": ""לא"", ""סוג הנשק [רובה סער ]"": 2.0, ""סטטוס הנשק"": ""נשק עם מחסנית בהכנס"", ""אופן_החזקה_בבית"": ""לא"", ""אופן_החזקה_ברכב"": ""כן"", ""אופן_החזקה_על_גופו"": ""לא"", ""אופן_החזקה_מוסלק"": ""לא"", ""אופן_החזקה_סמוך_לבית"": ""לא"", ""אופן קבלת הנשק"": ""מאחר"", ""כמות תחמושת"": ""מחסנית ובה 29 כדורים"", ""מטרה-סיבת העבירה"": ""בצע כסף"", ""עבירות נוספות"": ""קשירת קשר לביצוע פשע, גניבה, ניסיון לסחר בנשק"", ""תכנון"": ""כן""}",40.0,"1. **סוג העבירה וחומרתה**: שני התיקים עוסקים בעבירות נשק, אך תיק 1 מתמקד בניסיון לסחר בנשק, בעוד תיק 2 כולל גם החזקה, נשיאה והובלה של נשק. חומרת העבירות בתיק 2 נראית גבוהה יותר.

2. **תפקיד הנאשם ומעורבותו**: לא ניתן לקבוע בבירור את תפקיד הנאשם בתיק 1, אך בתיק 2 הנאשם מעורב בקשירת קשר לביצוע פשע, גניבה וניסיון לסחר בנשק.

3. **שיטת הביצוע (MO)**: שני התיקים כוללים רכישה או החזקה של נשק, אך תיק 2 מפרט יותר על השיטה, כולל החזקה ברכב.

4. **נסיבות הליבה**: שני התיקים כוללים תכנון, אך תיק 2 מפרט יותר על הנסיבות, כולל מטרה-סיבת העבירה (בצע כסף) וכמות תחמושת.

5. **ישימות כתקדים**: בית משפט עשוי לראות את שני התיקים כרלוונטיים זה לזה לצורכי ענישה, אך הדמיון המהותי ביניהם אינו גבוה.

SIMILARITY_SCORE: 40","ok",""
"ME-17-02-54432-484","ME-16-07-45228-25",3,1,1,"{""מספר עבירה"": ""144 א, 144 ב"", ""סוג_עבירה_החזקה"": ""כן"", ""סוג_עבירה_נשיאה"": ""כן"", ""סוג_עבירה_הובלה"": ""לא"", ""סוג_עבירה_סחר"": ""לא"", ""סוג_עבירה_ניסיון_סחר"": ""לא"", ""סוג_עבירה_ביצוע_עבירות"": ""לא"", ""סוג_עבירה_ייצור"": ""לא"", ""סוג הנשק [אקדח]"": 1.0, ""סטטוס הנשק"": ""נשק עם מחסנית בהכנס"", ""אופן_החזקה_בבית"": ""לא"", ""אופן_החזקה_ברכב"": ""כן"", ""אופן_החזקה_על_גופו"": ""כן"", ""אופן_החזקה_מוסלק"": ""כן"", ""אופן_החזקה_סמוך_לבית"": ""כן"", ""כמות תחמושת"": ""מחסנית ובה 7 כדורים"", ""מטרה-סיבת העבירה"": ""הגנה עצמית"", ""תכנון"": ""לא""}","{""מספר עבירה"": ""144 ב"", ""סוג_עבירה_החזקה"": ""כן"", ""סוג_עבירה_נשיאה"": ""כן"", ""סוג_עבירה_הובלה"": ""לא"", ""סוג_עבירה_סחר"": ""לא"", ""סוג_עבירה_ניסיון_סחר"": ""לא"", ""סוג_עבירה_ביצוע_עבירות"": ""לא"", ""סוג_עבירה_ייצור"": ""לא"", ""סוג הנשק [אקדח]"": 1.0, ""סטטוס הנשק"": ""תקין"", ""אופן_החזקה_בבית"": ""כן"", ""אופן_החזקה_ברכב"": ""לא"", ""אופן_החזקה_על_גופו"": ""כן"", ""אופן_החזקה_מוסלק"": ""כן"", ""אופן_החזקה_סמוך_לבית"": ""כן"", ""אופן קבלת הנשק"": ""מצא"", ""כמות תחמושת"": ""מחסנית ובה 10 כדורים"", ""תכנון"": ""לא""}",70.0,"1. **סוג העבירה וחומרתה**: שני התיקים עוסקים בעבירות החזקה ונשיאה של נשק, ובשניהם הנשק הוא אקדח. חומרת העבירה דומה, אך בתיק 1 הנשק היה עם מחסנית בהכנס, בעוד שבתיק 2 הנשק היה תקין. (דמיון: 80%)

2. **תפקיד הנאשם ומעורבותו**: בשני התיקים, הנאשם החזיק בנשק, אך בתיק 1 הנשק היה ברכב, בעוד שבתיק 2 הנשק היה בבית. (דמיון: 60%)

3. **שיטת הביצוע (MO)**: שני התיקים עוסקים בהחזקה ונשיאה של נשק, אך בתיק 1 הנשק היה ברכב, בעוד שבתיק 2 הנשק היה בבית. (דמיון: 60%)

4. **נסיבות הליבה**: בשני התיקים, הנשק היה אקדח, אך בתיק 1 הנשק היה עם מחסנית בהכנס, בעוד שבתיק 2 הנשק היה תקין. בתיק 1, הנשק היה עם 7 כדורים, בעוד שבתיק 2 הנשק היה עם 10 כדורים. (דמיון: 70%)

5. **ישימות כתקדים**: בשני התיקים, הנשק היה אקדח, ובשניהם הנשק היה בהחזקה ונשיאה. (דמיון: 80%)

SIMILARITY_SCORE: 70","ok",""
"ME-09-06-10774-130","SH-20-02-52091-995",1,0,0,"{""מספר עבירה"": ""144 א, 144 ב"", ""סוג_עבירה_החזקה"": ""כן"", ""סוג_עבירה_נשיאה"": ""כן"", ""סוג_עבירה_הובלה"": ""לא"", ""סוג_עבירה_סחר"": ""לא"", ""סוג_עבירה_ניסיון_סחר"": ""לא"", ""סוג_עבירה_ביצוע_עבירות"": ""לא"", ""סוג_עבירה_ייצור"": ""לא"", ""סוג הנשק [אקדח]"": 1.0, ""סטטוס הנשק"": ""תקין"", ""אופן_החזקה_בבית"": ""לא"", ""אופן_החזקה_ברכב"": ""כן"", ""אופן_החזקה_על_גופו"": ""לא"", ""אופן_החזקה_מוסלק"": ""לא"", ""אופן_החזקה_סמוך_לבית"": ""לא"", ""אופן קבלת הנשק"": ""מצא"", ""תכנון"": ""לא""}","{""מספר עבירה"": ""144 א"", ""סוג_עבירה_החזקה"": ""כן"", ""סוג_עבירה_נשיאה"": ""לא"", ""סוג_עבירה_הובלה"": ""לא"", ""סוג_עבירה_סחר"": ""לא"", ""סוג_עבירה_ניסיון_סחר"": ""לא"", ""סוג_עבירה_ביצוע_עבירות"": ""לא"", ""סוג_עבירה_ייצור"": ""לא"", ""סוג הנשק [תת מקלע מאולתר]"": 1.0, ""סטטוס הנשק"": ""תקין"", ""אופן_החזקה_בבית"": ""כן"", ""אופן_החזקה_ברכב"": ""לא"", ""אופן_החזקה_על_גופו"": ""לא"", ""אופן_החזקה_מוסלק"": ""לא"", ""אופן_החזקה_סמוך_לבית"": ""לא"", ""אופן קבלת הנשק"": ""מצא"", ""כמות תחמושת"": ""כ-20 כדורי 9 מ\""מ"", ""תכנון"": ""לא""}",60.0,"1. **סוג העבירה וחומרתה**: שני התיקים עוסקים בעבירות החזקת נשק, אך תיק 1 כולל גם נשיאת נשק. החומרה של העבירות דומה, אך העובדה שתיק 1 כולל גם נשיאת נשק מעט שונה.
2. **תפקיד הנאשם ומעורבותו**: לא ניתן לקבוע בבירור את תפקיד הנאשם ומעורבותו בשני התיקים, אך נראה שהם מעורבים באופן פסיבי.
3. **שיטת הביצוע (MO)**: שני התיקים כוללים החזקת נשק, אך האופן בו הנשק הוחזק שונה (ברכב לעומת בבית).
4. **נסיבות הליבה**: שני התיקים כוללים נשק תקין, אך הסוג המדויק של הנשק שונה (אקדח לעומת תת-מקלע מאולתר). כמות התחמושת בתיק 2 היא כ-20 כדורים.
5. **ישימות כתקדים**: בית המשפט יכול לראות את שני התיקים כרלוונטיים זה לזה לצורכי ענישה, אך ההבדלים בסוג העבירה, אופן החזקת הנשק וסוג הנשק יכולים להשפיע על החלטת בית המשפט.

SIMILARITY_SCORE: 60","ok",""
"SH-15-03-49530-992","ME-16-05-9983-155",2,0,1,"{""מספר עבירה"": ""144 א"", ""סוג_עבירה_החזקה"": ""כן"", ""סוג_עבירה_נשיאה"": ""לא"", ""סוג_עבירה_הובלה"": ""לא"", ""סוג_עבירה_סחר"": ""לא"", ""סוג_עבירה_ניסיון_סחר"": ""לא"", ""סוג_עבירה_ביצוע_עבירות"": ""לא"", ""סוג_עבירה_ייצור"": ""לא"", ""סוג הנשק [תת מקלע מאולתר]"": 1.0, ""סטטוס הנשק"": ""נשק עם מחסנית בהכנס"", ""אופן_החזקה_בבית"": ""לא"", ""אופן_החזקה_ברכב"": ""לא"", ""אופן_החזקה_על_גופו"": ""לא"", ""אופן_החזקה_מוסלק"": ""כן"", ""אופן_החזקה_סמוך_לבית"": ""כן"", ""כמות תחמושת"": ""מחסנית ובה כדורים, מחסנית טעונה בכדורים בקוטר 9 מ\""מ, כדורים בקוטר 5.56 מ\""מ בתפזורת"", ""תכנון"": ""לא""}","{""מספר עבירה"": ""144 א, 144 ב"", ""סוג_עבירה_החזקה"": ""כן"", ""סוג_עבירה_נשיאה"": ""כן"", ""סוג_עבירה_הובלה"": ""כן"", ""סוג_עבירה_סחר"": ""לא"", ""סוג_עבירה_ניסיון_סחר"": ""לא"", ""סוג_עבירה_ביצוע_עבירות"": ""לא"", ""סוג_עבירה_ייצור"": ""לא"", ""סוג הנשק [תת מקלע מאולתר]"": 1.0, ""סטטוס הנשק"": ""תקין"", ""אופן_החזקה_בבית"": ""לא"", ""אופן_החזקה_ברכב"": ""לא"", ""אופן_החזקה_על_גופו"": ""לא"", ""אופן_החזקה_מוסלק"": ""כן"", ""אופן_החזקה_סמוך_לבית"": ""לא"", ""אופן קבלת הנשק"": ""מאחר"", ""כמות תחמושת"": ""מחסנית"", ""תכנון"": ""לא""}",60.0,"1. **סוג העבירה וחומרתה**: שני התיקים מעורבים בעבירות החזקת נשק, אך תיק 2 כולל גם עבירות נשיאה והובלה. חומרת העבירות דומה, אך תיק 2 נראה מחמיר יותר.

2. **תפקיד הנאשם ומעורבותו**: לא ניתן לקבוע בבירור את תפקיד הנאשם בשני התיקים, אך נראה שהם מעורבים באופן פעיל.

3. **שיטת הביצוע (MO)**: שני התיקים מעורבים בהחזקת נשק, אך לא ניתן לקבוע בבירור אם השיטות הן דומות.

4. **נסיבות הליבה**: שני התיקים מעורבים בהחזקת נשק, אך תיק 2 כולל גם נשיאה והובלה. כמות התחמושת בתיק 1 גדולה יותר.

5. **ישימות כתקדים**: שני התיקים נראים רלוונטיים זה לזה, אך תיק 2 נראה מחמיר יותר.

SIMILARITY_SCORE: 60","ok",""
