"verdict_1","verdict_2","similarity_scale","similarity_binary_0","similarity_binary_1","feature_vector_1","feature_vector_2","score","response","status","last_error"
"SH-16-04-30406-325","ME-16-02-59812-881",1,0,0,"{""אופן_ההחזקה"": ""בתחתית תא המטען ובתוך תיק שחור"", ""אכזריות_או_ניצול_נפגע"": ""לא"", ""האם_החזקה_במקום_ציבורי"": ""לא צוין, אך מדובר ברכב פרטי"", ""האם_החזקה_ברכב"": ""כן"", ""האם_החזקה_ללא_רישיון"": ""כן"", ""האם_החזקה_קבוצתית"": ""לא, הנאשם לבדו"", ""האם_היה_נזק_צפוי"": ""כן, פוטנציאל מסוכן מהחזקת נשק"", ""האם_הייתה_כוונה_לשימוש_מיידי"": ""לא צוין"", ""האם_הנשק_היה_טעון"": ""לא, מחסנית אחת ריקה, לא צוין לגבי השאר"", ""האם_הנשק_מאולתר"": ""כן"", ""האם_נגרם_נזק"": ""לא"", ""השפעה_של_אחר"": ""לא צוין"", ""חלקו_היחסי_של_הנאשם"": ""בלעדי"", ""יכולת_הבנה_של_הנאשם"": ""לא צוין"", ""יכולת_הימנעות_מהמעשה"": ""לא צוין"", ""מחסניות_צמודות"": ""אחת ריקה צמודה לאחד הנשקים, שתיים נוספות בתיק שחור"", ""מספר_נשקים"": 2, ""מספר_עבירות"": 2, ""מצוקה_נפשית_עקב_התעללות"": ""לא"", ""מקום_ביצוע"": ""בתא המטען של רכב מסוג רנו מ.ר. 88-687-10"", ""ניצול_כוח_או_מעמד"": ""לא"", ""סוג_הנשק"": ""שני תתי מקלע מאולתרים"", ""סוג_העבירה"": ""החזקת נשק שלא כדין"", ""סיבות_לביצוע"": ""לא צוין"", ""סעיף_חוק"": ""144(א) רישא לחוק העונשין"", ""קרבה_לסייג_לאחריות_פלילית"": ""לא"", ""תאריך_ביצוע"": ""06/04/2016"", ""תכנון_מוקדם"": ""לא צוין""}","{""האם_הייתה_החלטה_מוקדמת_למכור"": ""החלטה התקבלה בעקבות תסמיני גמילה"", ""האם_הייתה_הצעה_קודמת_למכור_את_הנשק"": ""כן, מספר פעמים בעבר אך הנאשמת סירבה"", ""האם_הייתה_השפעה_של_אחר_על_הנאשמת"": ""מחמוד הציע בעבר לרכוש את האקדח"", ""האם_הייתה_כוונה_להתחמק_מעונש"": ""כן, באמצעות מסירת ידיעה כוזבת"", ""האם_הייתה_פגיעה_באמון_הציבור"": ""כן, בשל תפקידה כמאבטחת בבית ספר"", ""האם_הייתה_פגיעה_בביטחון_הציבור"": ""פוטנציאלית, העברת נשק לא חוקית"", ""האם_הייתה_פנייה_למשטרה"": ""כן, על ידי המעביד בעקבות הדיווח הכוזב"", ""האם_הייתה_שליטה_על_המעשה"": ""כן, הנאשמת יזמה את המכירה"", ""האם_הייתה_תחבולה_או_הסתרה"": ""כן, סיפור שוד כוזב ודיווח שקרי"", ""האם_הייתה_תחבולה_או_שיבוש_לאחר_העבירה"": ""כן, הנאשמת בדתה סיפור שוד ומסרה ידיעה כוזבת למשטרה"", ""האם_הייתה_תלות_בסמים"": ""כן, צריכה עצמית ותסמיני גמילה"", ""האם_הנאשמת_הודתה_במעשים"": ""כן, בהמשך החקירה"", ""האם_הנשק_היה_ברישיון"": ""כן, במסגרת עבודתה כמאבטחת"", ""האם_העבירה_בוצעה_בתמורה_לסמים"": ""כן, חלק מהתמורה היה סם הרואין"", ""מניע_לביצוע_העבירה"": ""צורך בכסף לרכישת סמים עקב תסמיני גמילה"", ""מספר_כדורים"": 20, ""מספר_מחסניות"": 1, ""מקום_ביצוע_העבירה"": ""סמוך למקום מגוריו של מחמוד"", ""סוג_הנשק"": ""אקדח 9 מ\""מ מסוג תארוס"", ""סוג_העבירה_העיקרית"": ""סחר בנשק"", ""סעיף_חוק_עיקרי"": ""144(ב2)"", ""סעיפי_חוק_נוספים"": [""243 סיפא"", ""244""], ""עבירות_נוספות"": [""מסירת ידיעה כוזבת על עבירת פשע"", ""שיבוש הליכי משפט""], ""קשר_קודם_בין_הצדדים"": ""רכישת סמים קודמת ממחמוד"", ""תמורה_עבור_הנשק"": ""8,000 ש\""ח במזומן וארבע חבילות הרואין"", ""תקופת_ביצוע_העבירה"": ""פברואר 2016""}",20.0,"1. **סוג העבירה וחומרתה**:  
התיק הראשון עוסק בהחזקת נשק לא חוקי (סעיף 144(א) רישא), עבירה פסיבית יחסית, בעוד התיק השני עוסק בסחר בנשק (סעיף 144(ב2)) – עבירה חמורה בהרבה, הכוללת יזמה, תכנון ומסחר. סחר בנשק נחשב לעבירה מכוונת וחמורה יותר בהשוואה להחזקת נשק, במיוחד כשמדובר במכירה תמורת סמים וכסף.  
→ דמיון נמוך מאוד מבחינת חומרת העבירה.

2. **תפקיד הנאשם ומעורבותו**:  
בתיק 1 הנאשם מחזיק בנשק באופן פסיבי, ללא רמז לפעילות שיווקית או מעורבות בשרשרת אספקה. בתיק 2, הנאשמת היא יזמית – היא מכרה את הנשק, בדתה סיפור שוד, והייתה בקשר חוזר עם הקונה. מעורבותה פעילה, מכוונת ומאורגנת.  
→ אין דמיון בתפקיד או ברמת המעורבות.

3. **שיטת הביצוע (MO)**:  
בתיק 1 – החזקה בסך הכול, ללא תחבולות או ניסיון להסתיר את העבירה מלכתחילה. בתיק 2 – יש תחבולות, שיבוש הליכים, ידיעה כוזבת, והסתרה מכוונת של העבירה. שיטת הביצוע שונה מהותית: פסיבית מול פעילה ומאורגנת.  
→ אין דמיון בשיטת הביצוע.

4. **נסיבות הליבה**:  
בתיק 1 – נשק מאולתר, ללא רישיון, בהחזקת אדם פרטי, ללא רמז לכוונה למכירה או שימוש מיידי. בתיק 2 – נשק ברישיון (ששימש במשרה), שאותר במכירה מכוונת, בתמורה לכסף ולסמים, עם תכנון, תלות סמים, ופגיעה באמון הציבור (כהאבטחת). ההקשר שונה:一个是 פשע של החזקה, והשני הוא פשע של מסחר ושיתוק אמון.  
→ הנסיבות שונות מהותית, כולל נסיבות מחמירות רבות יותר בתיק 2.

5. **ישימות כתקדים**:  
בית משפט לא יראה את תיק 1 כתקדים רלוונטי לעניין עונש בתיק 2, שכן מדובר בסוגי עבירות שונים (החזקת נשק מול סחר בנשק), רמות שונות של אחריות, מוטיבציה, ותוצאות. סחר בנשק, במיוחד כשנוגע לאבטחת, כולל נסיבות מחמירות שמעלות משמעותית את החומרה.  
→ לא רלוונטי כתקדים ענייני.

SIMILARITY_SCORE: 20","ok",""
"ME-16-05-25902-514","ME-16-11-56385-886",3,1,1,"{""אופן_נשיאת_הנשק"": ""על גופו מתחת לבגדיו"", ""האם_החזיק_תחמושת"": ""כן"", ""האם_החזקה_או_נשיאה_ברישיון"": ""לא"", ""האם_הייתה_אכזריות_או_ניצול_קורבן"": ""לא"", ""האם_הייתה_השפעה_של_אחרים"": ""לא צוין"", ""האם_הייתה_התגרות_או_מצוקה_נפשית"": ""לא צוין"", ""האם_הייתה_כוונה_לשימוש_פלילי_נוסף"": ""לא צוין"", ""האם_הייתה_ניצול_מעמד_או_כוח"": ""לא"", ""האם_הייתה_עסקת_רכישה"": ""כן"", ""האם_הייתה_פגיעה_פיזית_או_שימוש_בפועל"": ""לא"", ""האם_הנאשם_הבין_את_מעשיו"": ""לא צוין"", ""האם_הנאשם_היה_קטין"": ""לא"", ""האם_הנשק_גנוב"": ""כן"", ""האם_הנשק_היה_תקין_לשימוש"": ""לא צוין"", ""האם_העבירה_בוצעה_בזיקה_לארגון_פשיעה"": ""לא צוין"", ""האם_העבירה_בוצעה_ביותר_מנשק_אחד"": ""לא"", ""האם_העבירה_בוצעה_למטרות_רווח"": ""לא צוין"", ""האם_נשא_את_הנשק_לעבודה"": ""כן"", ""מועד_רכישת_הנשק"": ""פברואר 2016"", ""מועד_תפיסה_או_אירוע_מרכזי"": ""8.5.16 בשעה 06:00"", ""מספר_סידורי_של_הנשק"": ""682663"", ""מקום_החזקה"": ""מקלט ביתו בקלנסוואה"", ""נשיאת_הנשק_מחוץ_לבית"": ""כן"", ""סוג_הנשק"": ""אקדח ברטה"", ""סוג_העבירה"": ""נשיאת והחזקת נשק ללא רישיון"", ""סוג_התחמושת"": ""מחסנית עם 7 כדורים"", ""סעיפי_חוק"": [""144(ב) רישא וסיפא"", ""144(א) רישא וסיפא""], ""פרטי_הרכישה"": ""רכש את האקדח במועד שאינו ידוע במדויק בפברואר 2016"", ""תקופת_החזקה"": ""פברואר 2016 עד 8.5.16""}","{""אכזריות_או_ניצול"": ""לא צוין"", ""דגם_הנשק"": ""יריחו"", ""האם_הייתה_תכנית_מוקדמת"": ""לא צוין"", ""האם_הנשק_גנוב"": ""כן"", ""חלקו_היחסי_של_הנאשם"": ""מבצע יחיד"", ""יכולת_הבנה_של_הנאשם"": ""לא צוין"", ""יכולת_שליטה_במעשה"": ""לא צוין"", ""מועד_העבירה"": ""18.11.16"", ""מצב_הנשק_בעת_ההחזקה"": ""דרוך, טעון ומוכן לירי"", ""מצוקה_נפשית_עקב_התעללות"": ""לא צוין"", ""מקום_הנשק_בעת_העבירה"": ""בכיס מעילו של הנאשם"", ""נזק_שהיה_צפוי"": ""פוטנציאל לסיכון חיי אדם"", ""נזק_שנגרם"": ""לא צוין"", ""ניצול_כוח_או_מעמד"": ""לא צוין"", ""סוג_הנשק"": ""אקדח"", ""סיבות_לביצוע_העבירה"": ""לא צוין"", ""סעיף_עבירה"": ""144(א) רישא לחוק העונשין"", ""קרבה_לסייג_לאחריות_פלילית"": ""לא צוין""}",90.0,"1. **סוג העבירה וחומרתה** — שני התיקים עוסקים בהחזקת או נשיאת נשק ללא רישיון, עבירה לפי סעיף 144 לחוק העונשין. שניהם אינם כוללים שימוש בפועל בנשק או פגיעה פיזית, אך יש אזכור של תחמושת או מצב טעון, מה שמצביע על סיכון. החומרה דומה – עבירה של החזקה/Nשיאת נשק ללא רישיון, עם נשק גנוב, אך ללא שימוש או איום ישיר.  
2. **תפקיד הנאשם ומעורבותו** — בשני המקרים מדובר באנשים שמחזיקים ונושאים נשק באופן אישי, ללא רמז לארגון פשיעה או שותפות. בתיק 1 יש רכישה, בתיק 2 לא צוין – אך שניהם מתוארים כמבצעים בודדים, כלומר מעורבות ישירה ופעילה. הדמיון גבוה.  
3. **שיטת הביצוע (MO)** — שניהם נשאו את הנשק על הגופו (תחת בגדים/בכיס מעיל), במצב שמאפשר שימוש מיידי (טעון, מחסנית, מוכן לירי). נשיאת נשק גנוב, מחוץ לבית, בצורה מוסתרת – דפוס זהה כמעט.  
4. **נסיבות הליבה** — שניהם כולל נשק גנוב, טעון, מחוץ לבית, ללא רישיון. בתיק 1 יש רכישה, בתיק 2 לא צוין, אך שניהם לא מראים שימוש בפועל או איום. סיכון פוטנציאלי לפגיעה נפשית קיים בשניהם. כמויות: נשק אחד בלבד בכל מקרה. אין נסיבות מחמירות חריגות (כגון איום או אלימות), אך גם אין נסיבות קלות בולטות.  
5. **ישימות כתקדים** — שני התיקים עוסקים בעבירה דומה מאוד: החזקת ונשיאת נשק קצר, גנוב, טעון, ללא רישיון, על הגוף, ללא שימוש בפועל. הפרטים המשפטיים המרכזיים (סעיף 144, נשק גנוב, נשיאה מחוץ לבית, מחסנית/מצב טעון) זהים או קרובים מאוד. בית משפט יראה בהם תיקים רלוונטיים להשוואה בעניין עונש.

SIMILARITY_SCORE: 90","ok",""
"ME-18-06-36728-73","ME-16-09-398-589",3,1,1,"{""אכזריות_או_אלימות_מיוחדת"": ""ירי מטווח קצר ברגל"", ""האם_היה_תכנון_מוקדם"": ""הנאשם הגיע לעסק עם נשק לאחר הקטטה"", ""האם_הייתה_התגרות_של_הנפגע"": ""המתלונן היה מעורב בקטטה קודמת"", ""האם_הנאשם_פעל_עם_אחרים"": ""כן"", ""האם_הנשק_הוסתר"": ""הוסתר תחת חולצת הנאשם"", ""האם_הנשק_היה_ברישיון"": ""לא"", ""האם_העבירה_בוצעה_ביום"": ""כן, בסביבות 14:00"", ""האם_העבירה_בוצעה_במקום_ציבורי"": ""כן, בסמוך לעסק בכפר קרע"", ""חלקו_היחסי_של_הנאשם"": ""הנאשם היה היורה"", ""יכולת_הבנה_של_הנאשם"": ""לא צוין קושי בהבנה"", ""יכולת_שליטה_במעשה"": ""הנאשם שלט במעשיו, שלף וירה"", ""מיקום_הפציעה"": ""ירך ימין"", ""מספר_כדורים_שנורו"": 1, ""מספר_מעורבים_נוספים"": ""היו אחרים עם הנאשם, זהותם לא ידועה"", ""משך_אשפוז_הנפגע"": ""עד 31.5.18"", ""נזק_שהיה_צפוי"": ""פציעה חמורה או מוות מירי מטווח קצר"", ""נזק_שנגרם"": ""פציעה ואשפוז של המתלונן"", ""ניצול_כוח_או_מעמד"": ""לא צוין"", ""סוג_הנשק"": ""אקדח"", ""סוג_הפציעה"": ""פצע ירי"", ""סיבת_העבירה"": ""תגובה לאירוע אלימות קודם בין המתלונן לאחרים"", ""עבירות"": [""פציעה לפי סעיף 334 לחוק העונשין"", ""נשיאת נשק לפי סעיף 144(ב) רישא וסיפא לחוק העונשין""], ""רקע_האירוע"": ""ויכוח בכביש שהוביל לקטטה""}","{""אכזריות_או_ניצול"": ""הפתעה וירי לעבר קבוצה ממרחק"", ""האם_היה_נשק_חם"": ""כן"", ""התגרות_נפגע"": ""לא צוין"", ""זהות_המעורבים_האחרים"": [""אחר שזהותו אינה ידועה""], ""זמן_העבירה"": ""בלילה, מעט לאחר חצות, בין 10.8.16 ל-11.8.16"", ""חומרת_החבלה"": ""חבלה חמורה"", ""חלקו_של_הנאשם"": ""הנאשם פעל יחד עם אחר שזהותו אינה ידועה, לא צוין מי מהם ירה בפועל"", ""טיפול_רפואי"": ""פונה לבית חולים"", ""יכולת_הבנה"": ""לא צוין קושי בהבנה או בגיל"", ""יכולת_שליטה_במעשה"": ""לא צוין קושי בשליטה"", ""מספר_יורים"": ""אדם אחד מתוך שניים, לא צוין מי"", ""מספר_מעורבים"": 2, ""מספר_קליעים"": ""קליע אחד"", ""מצוקה_נפשית_עקב_התעללות"": ""לא צוין"", ""מקום_העבירה"": ""גינה ציבורית בבת-ים"", ""מרחק_ירי"": ""כ-10 מטר"", ""נזק_צפוי"": ""פציעה חמורה או מוות כתוצאה מירי מנשק חם"", ""נזק_שנגרם"": ""פציעה חמורה ברגל"", ""ניצול_כוח_או_מעמד"": ""לא צוין"", ""נפגעים"": [""וויליאם קניסופה""], ""נשק_מעורב"": ""אקדח"", ""סוג_החבלה"": ""פצעי כניסה ויציאה בשוק רגל ימין"", ""סיבות_לביצוע"": ""סכסוך בין הנאשם לבני החבורה"", ""סעיפי_חוק"": [""סעיף 333"", ""סעיף 335(א)(2+1)"", ""סעיף 144(ב) רישא לחוק העונשין""], ""עבירות"": [""חבלה חמורה בנסיבות מחמירות"", ""נשיאת נשק שלא כדין""], ""פגיעה_בפועל"": ""כן"", ""קרבה_לסייג_לאחריות_פלילית"": ""לא צוין"", ""תכנון_מוקדם"": ""הנאשם והאחר הגיעו יחד לגינה בשעת לילה מאוחרת, רצו לעבר בני החבורה והפתיעו אותם""}",60.0,"1. **סוג העבירה וחומרתה**: שני התיקים כוללים ירי מאמצעי לחימה והובילים לעבירות פליליות חמורות – פציעה/חבלה עם נשק וनשיאת נשק ללא רישיון. התיק הראשון עוסק בפציעה לפי סעיף 334, השני בחבלה חמורה בנסיבות מחמירות לפי סעיף 333 – שניהם עבירות אלימות עם נשק, עם נזק גופני משמעותי. יש דמיון גבוה בסוג העבירה וחומרתה.  
2. **תפקיד הנאשם ומעורבותו**: בתיק הראשון, הנאשם מוגדר כמי שירה – יורה פעיל. בתיק השני, מעורבותו פחות ברורה: פעל עם אחר, אך לא צוין אם הוא היורה. זה מפחית את הדמיון במעורבות הישירה, אך עדיין מדובר במשתתף פעיל במעשה אלים עם נשק.  
3. **שיטת הביצוע (MO)**: בתיק הראשון – ירי מטווח קצר לאחר התדרדרות של ויכוח, בתגובה לאירוע קודם. בתיק השני – ירי בגינה ציבורית בלילה, מתוך surprise, לאחר התקרבות של שניים. בשני המקרים יש אלמנט של פתע, אך בתיק הראשון יש קשר אישי ישיר ותגובה מידית, בעוד השני מעיד על תכנון מינימלי או ניסיון לפגוע בקבוצה. MO שונה בחלק מהממדים (זמן, דרך, הקשר הסיטואציוני).  
4. **נסיבות הליבה**: שני המקרים כוללים ירי ברגל, נזק גופני משמעותי, שימוש באקדח ללא רישיון, ופגיעה בנסיבות ציבריות. עם זאת, בתיק הראשון יש התגרות מקדימה וקטטה – נסיבה מזיקה אך גם נסיבה מקלה חלקית. בתיק השני – ירי בלילה על קבוצה, ללא התגרות ידועה, מה שעשוי להיחשב נסיבה מחמירה יותר. הכמויות (קליע אחד) והנזק (פציעה חמורה) דומים, אך ההקשר שונה.  
5. **ישימות כתקדים**: לשני התיקים יש אלמנטים משותפים רלוונטיים לענישה: ירי באקדח ללא רישיון, פגיעה גופנית חמורה, מקום ציבורי, חוסר התראה. עם זאת, הבדלים בהקשר (יום מול לילה, תגובה מידית מול פתעה מתוכננת חלקית, מעורבות ישירה מול שותפות לא ברורה) מקטינים את הסבירות שיתקבלו כתקדים ענייני זה לזה ללא התאמה שיקולית.  

SIMILARITY_SCORE: 60","ok",""
"SH-17-10-10556-234","ME-16-11-13999-863",1,0,0,"{""אכזריות_או_ניצול"": ""לא צוין"", ""בעלות_הנשק"": ""הנשק היה בבעלותו של אחר"", ""האם_הייתה_רשות_להחזקה"": ""לא"", ""האם_הנשק_הוסתר"": ""כן, הוסתר בשקית בחצר ובכפפה מתחת למזרון בערימת זבל"", ""האם_הנשק_היה_טעון"": ""כן, מחסנית אחת הייתה טעונה"", ""האם_הנשק_היה_תקין"": ""לא צוין"", ""האם_העבירה_בוצעה_במקום_ציבורי"": ""לא, בסמוך לבית הנאשם ובחצר"", ""התגרות_נפגע"": ""לא רלוונטי"", ""חלקו_היחסי_של_הנאשם"": ""החזקה פיזית של הנשק"", ""יכולת_הבנה"": ""לא צוין קושי בהבנה"", ""יכולת_שליטה_במעשה"": ""לא צוין קושי בשליטה"", ""מיקום_הנשק"": [""שקית בחצר הסמוכה לבית הנאשם"", ""כפפה מתחת למזרון בערימת זבל במרחק כ-100 מטרים מביתו""], ""מספר_מחסניות"": 2, ""מספר_נשקים"": 1, ""מספר_קליעים"": 10, ""מצוקה_נפשית_עקב_התעללות"": ""לא צוין"", ""נזק_צפוי"": ""פוטנציאל נזק גבוה עקב החזקת נשק חם ותחמושת"", ""נזק_שנגרם"": ""לא צוין נזק בפועל"", ""ניצול_כוח_או_מעמד"": ""לא צוין"", ""סוג_הנשק"": ""אקדח"", ""סוג_העבירה"": ""החזקת נשק והחזקת אביזר נשק לתחמושת"", ""סוג_התחמושת"": ""מחסנית ובה 10 קליעים בקוטר 8 מ\""מ"", ""סיבות_לביצוע"": ""לא צוין"", ""סעיפי_חוק"": [""144(א) רישא"", ""144(א) סיפא""], ""קרבה_לסייג_לאחריות_פלילית"": ""לא צוין"", ""תכנון_מוקדם"": ""לא צוין תכנון מוקדם""}","{""אכזריות_או_ניצול"": ""לא"", ""האם_החזקה_בצוותא"": ""כן"", ""האם_החזקה_ברכב"": ""כן"", ""האם_החזקה_ללא_רישיון"": ""כן"", ""האם_הייתה_התחמקות_משוטרים"": ""כן, פנו לתחנת דלק בניסיון להימנע ממחסום משטרתי"", ""האם_הנאשם_נהג"": ""לא, נהג היה סלאמה"", ""האם_הנאשם_נוסע"": ""כן"", ""האם_הנשק_היה_תקין"": ""לא פורט"", ""האם_העבירה_בוצעה_במסגרת_ארגון_פשע"": ""לא פורט"", ""האם_העבירה_בוצעה_בציבור"": ""כן, במהלך נסיעה בכביש ציבורי"", ""האם_העבירה_בוצעה_לשם_סחר"": ""לא פורט"", ""האם_העבירה_בוצעה_לשם_שימוש_אישי"": ""לא פורט"", ""התגרות_נפגע"": ""לא רלוונטי"", ""חלקו_של_הנאשם"": ""החזיק, נשא והוביל את הנשק והתחמושת"", ""יכולת_הבנה_של_הנאשם"": ""לא פורטת מגבלה"", ""יכולת_שליטה_במעשה"": ""לא פורטת מגבלה"", ""כמות_כדורים"": ""לא פורט במדויק"", ""כמות_מחסניות"": ""שתי מחסניות"", ""כמות_נשק"": ""אקדח אחד"", ""מספר_מעורבים"": 2, ""מצוקה_נפשית_עקב_התעללות"": ""לא רלוונטי"", ""מקום_ביצוע"": ""רכב פרטי, מסלול מסכנין לראמה"", ""נזק_צפוי"": ""פוטנציאל נזק גבוה עקב החזקת נשק ותחמושת"", ""נזק_שנגרם"": ""לא נגרם נזק בפועל"", ""ניצול_כוח_או_מעמד"": ""לא"", ""סוג_הנשק"": ""אקדח חצי אוטומטי מסוג STAR קליבר 9 מ\""מ פאראבלום"", ""סוג_העבירה"": ""החזקה, נשיאה והובלה של נשק ותחמושת ללא רישיון"", ""סוג_תחמושת"": ""מחסניות עם כדורים לאקדח"", ""סיבת_ביצוע"": ""לא פורט"", ""סעיפי_חוק"": [""144(א) רישא וסיפא"", ""144(ב) רישא וסיפא לחוק העונשין""], ""קרבה_לסייג_לאחריות_פלילית"": ""לא"", ""שעת_ביצוע"": ""סמוך לשעה 20:00"", ""תכנון_מוקדם"": ""לא פורט תכנון מוקדם""}",55.0,"1. **סוג העבירה וחומרתה** — שני התיקים עוסקים בהחזקת נשק ללא רישיון, אקדח ותחמושת, ובשניהם לא נגרם נזק בפועל. עם זאת, תיק 2 כולל גם נשיאה והובלה של הנשק (מה שמגביר את החומרה) וכן התנהגות של הימנעות ממשטרת, מה שמצביע על עבירה חמורה יותר. הדמיון ביסוד העבירה ברור, אך חומרתה בפועל שונה במעט.  
2. **תפקיד הנאשם ומעורבותו** — בתיק 1 הנאשם מעורב בהחזקת נשק שנמצא בשני מיקומים שונים, חלקו הוא של החזקה הפיזית. בתיק 2 הנאשם לא רק החזיק אלא גם נשא והוביל את הנשק ברכב, כחלק מנסיעה בכביש ציבורי, ובצוותא עם אחר. מעורבותו פעילה וצפויה יותר, עם אופי של שותפות פלילית. יש דמיון בסוג ההחזקה, אך רמת האקטיביות והאשמה רחבה יותר בתיק 2.  
3. **שיטת הביצוע (MO)** — בתיק 1 הנשק הוסתר בצורה סטטית (בחצר ובזבל), ללא רמז להתנהגות דינמית או תגובה לאיום. בתיק 2, ההחזקה מתרחשת ברכב, במהלך נסיעה, עם ניסיון להימנע ממחסום – מעשה דינמי ומערבי. שיטת הביצוע שונה מהותית: הסתרה סטטית מול הובלה פעילה והימנעות.  
4. **נסיבות הליבה** — שניהם כוללים אקדח, שתי מחסניות, החזקה ללא רישיון, פוטנציאל נזק גבוה. עם זאת, בתיק 2 יש נסיעה במרחב ציבורי, שותפות, והימנעות ממשטרת – נסיבות מחמירות שמעדיפות את החומרה. בנוסף, הקליבר ב תיק 2 (9 מ""מ) הוא סטנדרטי לאמצעי לחימה חצי-אוטומטיים, בעוד ש-8 מ""מ בתיק 1 עשוי להיות פחות נפוץ אך לא בהכרח קל יותר.  
5. **ישימות כתקדים** — למרות הדמיון בסוג העבירה (החזקת נשק לפי סעיף 144), ההבדלים בסיטואציה: מקום (ציבורי מול פרטי), שותפות, הובלה, התנהגות מול כוחות שיטור – מקטינים את הסבירות שיתקבלו באותו אופן בעת ענישה. בית משפט עשוי להתייחס אליהם כאל מקרים בעלי אופי שונה, גם אם בסיס החוק זהה.

SIMILARITY_SCORE: 55","ok",""
"SH-17-10-10556-234","m08000207-175",1,0,0,"{""אכזריות_או_ניצול"": ""לא צוין"", ""בעלות_הנשק"": ""הנשק היה בבעלותו של אחר"", ""האם_הייתה_רשות_להחזקה"": ""לא"", ""האם_הנשק_הוסתר"": ""כן, הוסתר בשקית בחצר ובכפפה מתחת למזרון בערימת זבל"", ""האם_הנשק_היה_טעון"": ""כן, מחסנית אחת הייתה טעונה"", ""האם_הנשק_היה_תקין"": ""לא צוין"", ""האם_העבירה_בוצעה_במקום_ציבורי"": ""לא, בסמוך לבית הנאשם ובחצר"", ""התגרות_נפגע"": ""לא רלוונטי"", ""חלקו_היחסי_של_הנאשם"": ""החזקה פיזית של הנשק"", ""יכולת_הבנה"": ""לא צוין קושי בהבנה"", ""יכולת_שליטה_במעשה"": ""לא צוין קושי בשליטה"", ""מיקום_הנשק"": [""שקית בחצר הסמוכה לבית הנאשם"", ""כפפה מתחת למזרון בערימת זבל במרחק כ-100 מטרים מביתו""], ""מספר_מחסניות"": 2, ""מספר_נשקים"": 1, ""מספר_קליעים"": 10, ""מצוקה_נפשית_עקב_התעללות"": ""לא צוין"", ""נזק_צפוי"": ""פוטנציאל נזק גבוה עקב החזקת נשק חם ותחמושת"", ""נזק_שנגרם"": ""לא צוין נזק בפועל"", ""ניצול_כוח_או_מעמד"": ""לא צוין"", ""סוג_הנשק"": ""אקדח"", ""סוג_העבירה"": ""החזקת נשק והחזקת אביזר נשק לתחמושת"", ""סוג_התחמושת"": ""מחסנית ובה 10 קליעים בקוטר 8 מ\""מ"", ""סיבות_לביצוע"": ""לא צוין"", ""סעיפי_חוק"": [""144(א) רישא"", ""144(א) סיפא""], ""קרבה_לסייג_לאחריות_פלילית"": ""לא צוין"", ""תכנון_מוקדם"": ""לא צוין תכנון מוקדם""}","{""אופן_הביצוע"": ""נשיאת נשק בעת נהיגה ברכב"", ""האם_הייתה_אכזריות_או_ניצול"": ""לא"", ""האם_הייתה_השפעה_של_אחרים"": ""לא צוין"", ""האם_הייתה_התגרות_של_נפגע"": ""לא"", ""האם_הייתה_ניצול_מעמד"": ""לא"", ""האם_הייתה_תכנית_מוקדמת"": ""לא צוין"", ""האם_הנאשם_הבין_את_מעשיו"": ""כן"", ""האם_הנאשם_היה_במצוקה_נפשית"": ""לא צוין"", ""האם_הנאשם_היה_בשליטה"": ""כן"", ""האם_הנשק_היה_ברשות_הנאשם"": ""כן"", ""האם_הנשק_היה_טעון"": ""כן"", ""האם_העבירה_בוצעה_בזיקה_לארגון_פשיעה"": ""לא"", ""האם_העבירה_בוצעה_ביחידות"": ""לא"", ""האם_העבירה_בוצעה_לשם_רווח"": ""לא צוין"", ""כמות_כדורים_במחסנית_ראשונה"": 15, ""כמות_כדורים_במחסנית_שניה"": 10, ""מטרת_החזקת_הסם"": ""שימוש עצמי"", ""מיקום_האירוע"": ""סמוך לצומת הערבה"", ""מספר_מחסניות"": 2, ""משקל_הסם_גרם"": 1.36, ""נזק_שהיה_צפוי"": ""פוטנציאל לסיכון חיי אדם עקב נשיאת נשק"", ""נזק_שנגרם"": ""לא צוין"", ""סוג_הנשק"": ""אקדח בקוטר 0.9 מ\""מ"", ""סוג_הסם"": ""חשיש"", ""סוג_העבירה"": ""נשיאת נשק והחזקת סם לצריכה עצמית"", ""סעיפי_אישום"": [""144(ב) לחוק העונשין"", ""7(א)+(ג) סיפא לפקודת הסמים המסוכנים""], ""קרבה_לסייג_לאחריות_פלילית"": ""לא"", ""שעת_האירוע"": ""00:55"", ""תאריך_האירוע"": ""12.7.08""}",45.0,"1. **סוג העבירה וחומרתה** — שני התיקים כוללים החזקת נשק טעון (אקדח) ללא רשות, אך בתיק 2 יש גם עבירה של החזקת סם לצריכה עצמית, בעוד בתיק 1 העבירה מוגבלת לנשק ואביזרי נשק. החומרה דומה אך לא זהה – החזקת נשק ברכב (תיק 2) עלולה להיחשב חמירה יותר עקב הפוטנציאל לניצול מהיר.  
2. **תפקיד הנאשם ומעורבותו** — בשני המקרים מדובר בהחזקת נשק בידי הנאשם עצמו, אך בתיק 1 יש הדגשה על הסתרת הנשק במיקומים שונים (מעורבות אקטיבית בהסתרה), בעוד בתיק 2 הנשק נשמר ברכב בזמן נהיגה – מעורבות ישירה אך פחות מתוכננת.  
3. **שיטת הביצוע (MO)** — בתיק 1 יש הסתרת נשק בשני מיקומים (חצר וכפפה בערימת זבל), מה שמעיד על מאמץ להסתיר. בתיק 2 הנשק נמצא ברכב בזמן נהיגה – פחות מוכן להסתרה, יותר גלוי. שיטת הביצוע שונה מהותית: הסתרה מתוכננת מול החזקה תוך תנועה.  
4. **נסיבות הליבה** — שני התיקים כוללים נשק טעון עם שתי מחסניות, אך בכמויות קליעים שונות (10 קליעים בסך הכל בתיק 1, 25 בתיק 2). בתיק 2 יש גם עבירה של סם, שמוסיפה מימד נוסף. הפוטנציאל לסיכון הוא גבוה בשני המקרים, אך בתיק 2, בשל היות הנאשם ברכב בשעה מאוחרת, הסיכון דינמי יותר.  
5. **ישימות כתקדים** — שני התיקים עוסקים בהחזקת נשק ללא רשות, אך ההקשר שונה: תיק 1 עוסק בהסתרת נשק במרחב פרטי, תיק 2 בנשיאה בזמן נהיגה, עם עבירה משנית של סם. ההבדלים בהקשר, שיטת הביצוע והנסיבות מקטינים את הסבירות שיתקבלו כתקדים זה לזה, במיוחד לעניין ענישה.  

SIMILARITY_SCORE: 45","ok",""
"SH-18-06-11098-353","ME-16-03-54615-517",1,0,0,"{""אופן_החזקה"": ""החזקה פיזית"", ""האם_הייתה_אכזריות_או_ניצול"": ""לא"", ""האם_הייתה_השפעה_של_אחרים"": ""לא צוין"", ""האם_הייתה_התגרות_של_נפגע"": ""לא"", ""האם_הייתה_התעללות_בנאשם"": ""לא"", ""האם_הייתה_כוונה_לשימוש_בפועל"": ""לא צוין"", ""האם_הייתה_ניצול_כוח_או_מעמד"": ""לא"", ""האם_הייתה_פגיעה_בפועל"": ""לא"", ""האם_הייתה_פגיעה_צפויה"": ""כן"", ""האם_הייתה_שליטה_על_המעשה"": ""כן"", ""האם_הייתה_תכנית_מוקדמת"": ""לא צוין"", ""האם_הנאשם_הבין_את_מעשיו"": ""כן"", ""האם_הנאשם_קטין"": ""לא צוין"", ""האם_הנשק_היה_בשימוש"": ""לא צוין"", ""האם_הנשק_תקין"": ""לא צוין"", ""האם_העבירה_בוצעה_במקום_ציבורי"": ""לא צוין"", ""האם_העבירה_בוצעה_לשם_רווח"": ""לא צוין"", ""האם_העבירה_קשורה_לארגון_פשיעה"": ""לא צוין"", ""חלקו_של_הנאשם"": ""מבצע יחיד"", ""מספר_סידורי_נשק"": ""נמחק"", ""סוג_הנשק"": ""רובה סער מסוג גליל"", ""סוג_העבירה"": ""אחזקת נשק ותחמושת שלא כדין"", ""סוג_תחמושת"": ""מחסניות ותחמושת"", ""סעיף_חוק"": ""144(א) רישא וסיפא לחוק העונשין"", ""רישיון_להחזקה"": ""ללא רישיון"", ""תאריך_ביצוע"": ""23/05/18""}","{""אכזריות_או_ניצול_הנפגע"": ""לא"", ""האם_הייתה_התגרות_של_הנפגע"": ""לא רלוונטי"", ""האם_הייתה_התעללות_בנאשם"": ""לא"", ""האם_הנאשם_הורשע_בעבר_בעבירות_נשק"": ""לא צוין"", ""האם_הנשק_היה_תקין"": ""לא"", ""האם_העבירה_בוצעה_בזיקה_לארגון_פשיעה"": ""לא צוין"", ""חלקו_של_הנאשם"": ""מרכזי, תיווך ומסירה של הנשק"", ""יוזם_העבירה"": ""מחמד עליאן פנה לנאשם"", ""יכולת_הבנה_של_הנאשם"": ""לא צוין קושי בהבנה"", ""יכולת_שליטה_במעשה"": ""לא צוין קושי בשליטה"", ""מניע_העבירה"": ""רווח כספי"", ""מספר_נשקים"": 2, ""מספר_עסקאות"": 1, ""מקום_העבירה"": ""סמוך לביתו של מחמד"", ""משך_העבירה"": ""כשלושה שבועות"", ""נזק_צפוי"": ""פוטנציאל נזק גבוה עקב סחר בנשק חם"", ""נזק_שנגרם"": ""לא נגרם נזק בפועל, הנשק לא פעל"", ""ניצול_כוח_או_מעמד"": ""לא"", ""סוג_הנשק"": ""תת-מקלע מסוג קרלו"", ""סוג_העבירה"": ""סחר בנשק"", ""סעיף_חוק"": ""144(ב2) לחוק העונשין"", ""קרבה_לסייג_לאחריות_פלילית"": ""לא"", ""תכנון_מוקדם"": ""כן, הנאשם פעל לבקשת מחמד להשגת נשק"", ""תמורה_כספית"": ""כן, 3000 ש\""ח""}",30.0,"1. **סוג העבירה וחומרתה** — התיק הראשון עוסק באחזקת נשק ללא רישיון, עבירה פסיבית יחסית לפי סעיף 144(א), בעוד השני עוסק בסחר בנשק – עבירה אקטיבית, מאורגנת יותר וממושקלת יותר לפי סעיף 144(ב2). חומרת הסחר בנשק גבוהה בהרבה מהחזקה פרטית, גם אם שניהם ב범ת הנשק.

2. **תפקיד הנאשם ומעורבותו** — בתיק 1 הנאשם הוא מבצע יחיד של החזקה, ללא רמז לפעילות שיווקית או תיווך. בתיק 2 הנאשם מעורב בצורה מרכזית בסחר: תיווך, קבלת משימה, מסירה וקבלת תשלום. מדובר בעבירה קולקטיבית-כלכלית, לא פרטנית.

3. **שיטת הביצוע (MO)** — בתיק 1 אין עדות לתכנון או פעילות מתמשכת; החזקה פיזית של נשק אחד. בתיק 2 יש תכנון מוקדם, משך זמן של שלושה שבועות, עסקה ספציפית, תמורה כספית ושיתוף פעולה עם גורם חיצוני (מחמד). שיטת הפעולה שונה מהותית – סחר מתוכנן לעומת החזקה סטטית.

4. **נסיבות הליבה** — בתיק 1 אין רווח, אין ארגון פשיעה, אין שימוש בנשק, ואין נזק בפועל. בתיק 2 יש מניע כספי, תמורה, נשק לא תקין (מה שמגביר את הסיכון), ופוטנציאל נזק גבוה. ההקשר של סחר בנשק חם במסגרת פרטית-ארגונית מוסיף לחומרת העבירה.

5. **ישימות כתקדים** — שני התיקים נוגעים לנשק, אך בית משפט יבדיל בין החזקה פרטית ללא כוונת שימוש לבין סחר מאורגן, גם אם מוגבל. ההבדלים בחומרה, בתפקיד ובמניע מקטינים מאוד את הראיה כי תיק 1 יכול לשמש כתקדים לעניין ענישה בתיק 2, ולהפך.

SIMILARITY_SCORE: 30","ok",""
"ME-17-05-633-549","ME-19-04-1316-977",3,1,1,"{""אופי_הנשק"": ""נשק חם, חלק מהותי בנשק, חלקים מאולתרים"", ""אופי_העסקה"": ""עסקת חליפין (אקדח תמורת תת מקלע), מכירה בכסף"", ""אכזריות_או_ניצול_נפגע"": ""לא צוין"", ""גובה_תמורה"": ""7,000 ש\""ח עבור תת מקלע, 14,000 ש\""ח עבור אקדח ומחסניות"", ""האם_הנאשם_החזיק_ברישיון"": ""לא"", ""האם_הנשק_הועבר_לאדם_שאינו_מורשה"": ""כן"", ""האם_הנשק_תקין"": ""לפחות אחד מהאקדחים היה עם מנגנון הדק חסר ומנגנון הדק מאולתר"", ""האם_העבירה_בוצעה_בזיקה_לארגון_פשיעה"": ""לא צוין"", ""האם_העבירה_בוצעה_לגבי_יותר_מנשק_אחד"": ""כן"", ""התגרות_או_מצוקה_נפשית"": ""לא צוין"", ""חלקו_של_הנאשם"": ""מרכזי, יזם, רכש, החזיק ומכר נשק"", ""יכולת_הבנה_של_הנאשם"": ""לא צוין קושי בהבנה או בגיל"", ""יכולת_שליטה_במעשה"": ""לא צוין קושי בשליטה"", ""כמות_נשק"": ""שלושה כלי נשק (תת מקלע, שני אקדחים)"", ""כמות_תחמושת"": ""מאות כדורים, שלוש מחסניות"", ""מניע_הנאשם"": ""רווח כספי"", ""מספר_אישומים"": 3, ""מספר_עסקאות"": ""לפחות שתיים (רכישה ומכירה)"", ""מספר_צדדים_מעורבים"": ""לפחות שלושה (הנאשם, רביע חוסיין, נצרי ח'ליפה)"", ""נזק_צפוי"": ""פוטנציאל קטלני, כלי נשק ותחמושת בכמות משמעותית"", ""נזק_שנגרם"": ""לא צוין שימוש בפועל בנשק"", ""ניצול_כוח_או_מעמד"": ""לא צוין"", ""סוג_העבירות"": ""סחר בנשק, רכישת נשק, החזקת נשק"", ""סוגי_נשק"": ""תת מקלע מאולתר מסוג קרלו, אקדח חצי אוטומטי מסוג סירקיס, אקדח מסוג חלוואני"", ""סוגי_תחמושת"": ""מחסניות, מאות כדורים"", ""קרבה_לסייג_לאחריות_פלילית"": ""לא צוין"", ""שיטת_ביצוע"": ""פגישה פיזית, מסירת נשק ומחסניות, סיכום על תשלום נדחה"", ""שימוש_במתווכים"": ""כן, נצרי ח'ליפה היה נוכח ברכישה"", ""שנה_או_תקופה"": ""2013-2015"", ""תכנון_מוקדם"": ""כן, סיכום מראש על רכישה ותשלום נדחה, הצעה יזומה למכירה"", ""תמורה_כספית"": ""כן""}","{""אכזריות_או_ניצול"": ""לא צוין"", ""האם_הנאשם_בעל_רישיון_לנשק"": ""לא"", ""האם_הנאשם_הורשע_בעבר_בעבירות_נשק"": ""לא צוין"", ""האם_הנאשם_פעל_במסגרת_ארגון_פשע"": ""לא צוין"", ""האם_הנשק_היה_תקין"": ""כן, לפחות בעסקה שהושלמה; בעסקת הניסיון דווח כי הנשק 'מקולקל'"", ""חלקו_היחסי_של_הנאשם"": ""מרכזי, יזם, תיווך, תיאם, השיג את הנשק והתחמושת, מסר אותם לסוכן"", ""יכולת_הבנה"": ""לא צוין קושי בהבנה, הנאשם פעל במודעות ותכנון"", ""יכולת_שליטה_במעשה"": ""הנאשם שלט במעשיו, יזם ותיאם את העסקאות"", ""כמות_תחמושת"": [""1100 כדורים (ניסיון)"", ""900 כדורים (סחר)""], ""מספר_עסקאות"": 2, ""מעורבות_אחרים"": ""היה מעורב אחר שזהותו אינה ידועה, שסיפק לנאשם את הנשק"", ""מצוקה_נפשית_או_התגרות"": ""לא צוין"", ""מקום_ביצוע"": ""א-ראם"", ""נזק_צפוי"": ""הנשק והתחמושת מסוגלים להמית אדם, פוטנציאל נזק חמור לביטחון הציבור"", ""נזק_שנגרם"": ""לא נגרם נזק בפועל, העסקאות בוצעו מול סוכן משטרתי"", ""ניצול_כוח_או_מעמד"": ""לא צוין"", ""נפגע_העבירה"": ""לא קיים נפגע ישיר, הסוכן פעל מטעם המשטרה"", ""סוג_הנשק"": [""תת מקלע מאולתר (קרלו)"", ""אקדח (ניסיון)"", ""תחמושת (M16, 5.56 מ\""מ)""], ""סוג_התחמושת"": [""M16"", ""5.56 מ\""מ""], ""סוכן_משטרתי"": ""כן, כל העסקאות בוצעו מול סוכן משטרתי"", ""סטטוס_העסקאות"": [""ניסיון שלא הושלם"", ""עסקה שהושלמה""], ""סיבות_לביצוע"": ""לא פורטו מניעים אישיים, אך עולה מניע כלכלי (תמורה כספית עבור הנשק והתחמושת)"", ""סעיפי_חוק"": [""144(ב2)"", ""25""], ""עבירה_עיקרית"": ""סחר וניסיון לסחר בנשק"", ""קרבה_לסייג_לאחריות_פלילית"": ""לא צוין"", ""שווי_העסקאות"": [""17,000 ש\""ח (ניסיון)"", ""19,000 ש\""ח (סחר)""], ""שיטת_ביצוע"": ""מסירת נשק ותחמושת ברכב, תיאום מראש, שימוש באמצעי תקשורת"", ""תכנון_מוקדם"": ""הנאשם יזם, תיאם וביצע שיחות רבות עם הסוכן, כולל הצעות מחיר, תיאום מועדים, גיוס נשק ותחמושת, וניהול מו\""מ על סוגי נשק ומחירים""}",85.0,"1. **סוג העבירה וחומרתה** — שני התיקים עוסקים בסחר בנשק חם, כולל נשק מאולתר (כמו קרלו) והחזקת תחמושת בכמויות גדולות. שני המקרים כוללים עבירות לפי סעיפים חמורים בפקודת הנשק (כגון סחר ונשיאה ללא רישיון), עם פוטנציאל נזק קיצוני לביטחון הציבור. הדמיון גבוה מאוד מבחינת חומרת העבירה.  
2. **תפקיד הנאשם ומעורבותו** — בניהם, הנאשם מופיע בתפקיד מרכזי ויזמי: הוא זה שמתווך, מארגן, מבקש ומממש עסקאות נשק. אין רמז לפעילות פסיבית – מדובר בפעולה מכוונת ויזומה. מעורבותו זהה ברמה המהותית.  
3. **שיטת הביצוע (MO)** — בשני המקרים יש תיאום מראש, שימוש באמצעי תקשורת, מסירה פיזית של נשק ותחמושת, וניהול מו""מ על מחירים ותנאי מסירה. ההבדל היחיד הוא שבתיק 2 יש מעורבות של סוכן משטרתי, מה שמשפיע על ההשלמה של העסקה, אך לא על שיטת הפעולה של הנאשם.  
4. **נסיבות הליבה** — בשני המקרים יש כמויות משמעותיות של נשק (כולל תת מקלע מאולתר) ותחמושת (מאות עד אלפי כדורים), תמורה כספית דומה (7,000–19,000 ש""ח), ותכנון מוקדם. ההבדל המהותי הוא שבתיק 2 העסקאות בוצעו מול סוכן, ולכן לא נגרם נזק בפועל – אך הפוטנציאל היה זהה.  
5. **ישימות כתקדים** — למרות שהעסקאות בתיק 2 לא הסתיימו בהעברה לנפש רגילה (אלא לסוכן), בית משפט יראה בהן תקדים רלוונטי מאוד לתיק 1, שכן המניע, התפקיד, שיטת הפעולה והפוטנציאל לסיכון זהים. ההבדל בסוכן משטרתי עשוי להשפיע על עונש, אך לא מונע את הדמיון הענייני.

SIMILARITY_SCORE: 85","ok",""
"ME-16-04-12480-812","ME-13-10-28139-807",3,1,1,"{""האם_הייתה_החמרה_בנסיבות"": true, ""האם_הייתה_כוונה_לפגוע"": true, ""האם_הייתה_פגיעה_בבני_אדם"": false, ""האם_הייתה_פגיעה_ברכוש"": true, ""האם_הייתה_פגיעה_בשלוות_הציבור"": true, ""האם_הייתה_פגיעה_פיזית_בפועל"": false, ""הודאה"": true, ""מספר_אישומים"": 3, ""מספר_ירי_במקרה_ראשון"": 2, ""מספר_ירי_במקרה_שני"": 12, ""מקום_ביצוע"": [""טירת הכרמל"", ""אתר בניה"", ""קרבת בית המתלונן""], ""ניהול_הליך_חלקי"": true, ""נסיבות"": [""חוב כספי קטן (300 ש\""ח) בגין עסקת רכב"", ""ויכוח בין הנאשם למתלונן"", ""הנאשם רעול פנים"", ""הנאשם מצויד בנשק חם"", ""ירי באוויר להפחדה"", ""ירי לעבר אדם בניסיון לחבול בו"", ""ירי לעבר בית מגורים בשעות בוקר מוקדמות"", ""פגיעה בקירות חיצוניים ובמרפסת הבית"", ""החזקת נשק, מחסנית ותחמושת באתר בניה"", ""הסתרת תחמושת בכלי עבודה ובמכולה""], ""סוגי_נשק"": [""נשק חם (לא מפורט סוג באישום ראשון)"", ""תת מקלע מאולתר"", ""מחסנית"", ""תחמושת (כדורים)""], ""סעיפי_חוק"": [""סעיף 25 לחוק העונשין"", ""סעיף 335 לחוק העונשין"", ""סעיף 333 לחוק העונשין"", ""סעיף 144(א) לחוק העונשין"", ""סעיף 144(ב) לחוק העונשין"", ""סעיף 192 לחוק העונשין""], ""עבירות_עיקריות"": [""ניסיון חבלה חמורה בנסיבות מחמירות"", ""עבירות בנשק (החזקה)"", ""עבירות בנשק (נשיאה והובלה)"", ""איומים""], ""קורבנות"": [""המתלונן"", ""עובד באתר בניה"", ""בני משפחת המתלונן""]}","{""אזהרה_לפני_הירי"": ""הנאשם איים על המתלונן באמירה מילולית לפני הירי"", ""אכזריות_או_ניצול"": ""ירי לעבר רכב בו יושבים אנשים, בנסיבות סכסוך שכנים"", ""בריחה_מהזירה"": ""הנאשם נמלט מהמקום לאחר הירי"", ""גיל_הנאשם"": ""לא פורט"", ""האם_היו_קטינים_מעורבים"": ""בנו של המתלונן, כבן 18, היה נוכח ברכב"", ""האם_הירי_בוצע_במרחב_ציבורי"": ""כן, בסמוך לבית מגורים"", ""התגרות_הקרבן"": ""המתלונן משח את הספסל בשמן כדי להרחיק את הנאשם"", ""חלקו_של_הנאשם"": ""מבצע עיקרי, פעל לבדו"", ""יכולת_הבנה_של_הנאשם"": ""לא נטען לחוסר הבנה או פגם בכשירות"", ""מיקום_העבירה"": ""ליד בית המתלונן בעיר רהט"", ""מניע"": ""תגובה לכך שהמתלונן משח את הספסל בשמן כדי למנוע מהנאשם וחבריו לשבת עליו"", ""מספר_יריות"": ""מספר יריות (לא פורט במדויק)"", ""מצוקה_נפשית_של_הנאשם"": ""לא צוין"", ""נוכחות_אחרים_בזירת_העבירה"": ""בנו של המתלונן, כבן 18, ישב ברכב בזמן הירי"", ""נזק_צפוי"": ""פוטנציאל לפגיעה חמורה או מוות ליושבי הרכב"", ""נזק_שנגרם"": ""נזק לרכב, ללא פגיעה פיזית באדם"", ""ניצול_מעמד_או_כוח"": ""לא צוין ניצול לרעה של מעמד או כוח"", ""סוג_העבירה"": ""החזקה ושימוש בנשק ללא רישיון, ניסיון לחבלה חמורה בנסיבות מחמירות"", ""סוג_נשק"": ""אקדח מסוג לא ידוע"", ""סעיפי_חוק"": ""144(א) רישא, 333, 335(א)(1), 25 לחוק העונשין"", ""פגיעה_ברכוש"": ""פגיעות בדלת הנהג של הרכב, שלושה קליעים פגעו בדלת וחלקם חדרו"", ""פגיעה_פיזית_בקרבן"": ""לא נגרמה פגיעה פיזית"", ""קרבה_לסייג_לאחריות_פלילית"": ""לא צוין"", ""קשר_בין_הצדדים"": ""שכנים"", ""רקע_לעבירה"": ""סכסוך שכנים על שימוש בספסל בטון"", ""שליטה_במעשה"": ""שליטה מלאה, לא נטען למצב של חוסר שליטה"", ""תכנון_מוקדם"": ""קיים תכנון מסוים, הנאשם הגיע חמוש לאירוע לאחר הסכסוך""}",85.0,"1. **סוג העבירה וחומרתה**: שני התיקים כוללים ניסיון לחבלה חמורה בנסיבות מחמירות, עבירות בנשק (החזקה ושימוש), ואיומים. בשני המקרים לא הייתה פגיעה פיזית ישירה, אך היה פוטנציאל גבוה לפגיעה קשה. החומרה דומה – שניהם כוללים שימוש בנשק חם במרחב פרטי/ציבורי, עם סיכון לאדם.  
   
2. **תפקיד הנאשם ומעורבותו**: בכל אחד מהתיקים הנאשם הוא המבצע הראשי, פועל באופן עצמאי ובמודעות מלאה. אין ראיות להשתתפות של אחרים או מעורבות משנית – מדובר במעורבות פעילה ומרכזית.  

3. **שיטת הביצוע (MO)**: בשני המקרים הירי בוצע בהקשר של סכסוך אישי (שכנים/וויכוח אישי), לאחר התגרות או עימות, והנאשמים ירו לעבר מבנה או רכב בו היו אנשים. בשניהם הירי נועד להפחיד או לפגוע, ובשני המקרים היה שימוש באקדח/נשק חם ללא רישיון. הדפוס דומה: תגובה אגרסיבית להתרסה, ירי חם כאמצעי אכיפה או נקמה.  

4. **נסיבות הליבה**: בשני המקרים יש סכסוך אישי קטן (כסף/ספסל), שימוש בנשק חם, ירי לעבר מקום מגורים/רכב עם נוכחות של אנשים, פגיעה ברכוש, חוסר פגיעה פיזית ישירה, אך סיכון גבוה. גם בהקשר החברתי (שכנים, מרחב מגורים) וגם בהקשר הרגשי (תגובה מידית, אך עם רכיב של תכנון – הגיע חמוש) יש חיזוקים בין המקרים.  

5. **ישימות כתקדים**: שני התיקים מציגים דפוס משפטי זהה כמעט: ניסיון לחבלה חמורה + עבירות נשק + איומים, בנסיבות של סכסוך אישי, ירי חם ללא פגיעה פיזית ישירה אך עם סיכון גבוה, בהקשר של מגורים. בית משפט ימצא את שני המקרים רלוונטיים זה לזה לצורך קביעת עונש, במיוחד בהערכת החומרה, נוכחות נסיבות מחמירות, ומידת הסיכון שנוצר.  

SIMILARITY_SCORE: 85","ok",""
"ME-17-05-633-549","ME-09-05-16192-355",1,0,0,"{""אופי_הנשק"": ""נשק חם, חלק מהותי בנשק, חלקים מאולתרים"", ""אופי_העסקה"": ""עסקת חליפין (אקדח תמורת תת מקלע), מכירה בכסף"", ""אכזריות_או_ניצול_נפגע"": ""לא צוין"", ""גובה_תמורה"": ""7,000 ש\""ח עבור תת מקלע, 14,000 ש\""ח עבור אקדח ומחסניות"", ""האם_הנאשם_החזיק_ברישיון"": ""לא"", ""האם_הנשק_הועבר_לאדם_שאינו_מורשה"": ""כן"", ""האם_הנשק_תקין"": ""לפחות אחד מהאקדחים היה עם מנגנון הדק חסר ומנגנון הדק מאולתר"", ""האם_העבירה_בוצעה_בזיקה_לארגון_פשיעה"": ""לא צוין"", ""האם_העבירה_בוצעה_לגבי_יותר_מנשק_אחד"": ""כן"", ""התגרות_או_מצוקה_נפשית"": ""לא צוין"", ""חלקו_של_הנאשם"": ""מרכזי, יזם, רכש, החזיק ומכר נשק"", ""יכולת_הבנה_של_הנאשם"": ""לא צוין קושי בהבנה או בגיל"", ""יכולת_שליטה_במעשה"": ""לא צוין קושי בשליטה"", ""כמות_נשק"": ""שלושה כלי נשק (תת מקלע, שני אקדחים)"", ""כמות_תחמושת"": ""מאות כדורים, שלוש מחסניות"", ""מניע_הנאשם"": ""רווח כספי"", ""מספר_אישומים"": 3, ""מספר_עסקאות"": ""לפחות שתיים (רכישה ומכירה)"", ""מספר_צדדים_מעורבים"": ""לפחות שלושה (הנאשם, רביע חוסיין, נצרי ח'ליפה)"", ""נזק_צפוי"": ""פוטנציאל קטלני, כלי נשק ותחמושת בכמות משמעותית"", ""נזק_שנגרם"": ""לא צוין שימוש בפועל בנשק"", ""ניצול_כוח_או_מעמד"": ""לא צוין"", ""סוג_העבירות"": ""סחר בנשק, רכישת נשק, החזקת נשק"", ""סוגי_נשק"": ""תת מקלע מאולתר מסוג קרלו, אקדח חצי אוטומטי מסוג סירקיס, אקדח מסוג חלוואני"", ""סוגי_תחמושת"": ""מחסניות, מאות כדורים"", ""קרבה_לסייג_לאחריות_פלילית"": ""לא צוין"", ""שיטת_ביצוע"": ""פגישה פיזית, מסירת נשק ומחסניות, סיכום על תשלום נדחה"", ""שימוש_במתווכים"": ""כן, נצרי ח'ליפה היה נוכח ברכישה"", ""שנה_או_תקופה"": ""2013-2015"", ""תכנון_מוקדם"": ""כן, סיכום מראש על רכישה ותשלום נדחה, הצעה יזומה למכירה"", ""תמורה_כספית"": ""כן""}","{""אמצעי_ביצוע"": ""רכב טויוטה בבעלות האחר"", ""האם_היה_ניצול_מעמד_או_יחסים"": ""לא צוין"", ""האם_היתה_אכזריות_או_ניצול"": ""לא"", ""האם_היתה_בריחה_מהמשטרה"": ""כן, ניסיון להימלט לאחור מהמחסום"", ""האם_היתה_התגרות_של_המשטרה"": ""לא צוין"", ""האם_היתה_התעללות_בנאשם"": ""לא"", ""האם_היתה_התערבות_משטרתית"": ""כן, מחסום משטרתי, מרדף, חיפוש ותפיסה"", ""האם_היתה_כוונה_מוקדמת"": ""לא צוין תכנון מוקדם"", ""האם_היתה_פגיעה_פיזית"": ""לא"", ""האם_היתה_קרבה_לסייג_לאחריות_פלילית"": ""לא"", ""האם_הנאשם_הבין_את_מעשיו"": ""לא צוין חוסר הבנה"", ""האם_הנאשם_היה_נהג"": ""לא, האחר נהג"", ""האם_הנאשם_היה_קטין"": ""לא צוין"", ""האם_הנשק_היה_ברשות_חוקית"": ""לא"", ""האם_הנשק_היה_טעון"": ""כן"", ""האם_הנשק_היה_מוסתר"": ""בתא המטען של הרכב"", ""החזקה_משותפת"": ""כן"", ""זמן_ביצוע"": ""19.5.09, 23:30"", ""חלקו_של_הנאשם"": ""החזקה, נשיאה והובלה בצוותא"", ""מספר_נאשמים"": ""2"", ""מצב_הנשק"": ""המחסנית היתה במצב הכנס"", ""מקום_ביצוע"": ""אום אל פחם"", ""סוג_הנשק"": ""רובה תת מקלע מסוג קרלו"", ""סוג_העבירה"": ""נשיאת והובלת נשק ותחמושת ללא רישיון"", ""סעיפי_חוק"": ""144(ב) רישא+29 לחוק העונשין"", ""קשר_בין_הנאשמים"": ""בני משפחה"", ""תחמושת"": ""מחסנית עם 10 כדורי 9 מ\""מ""}",30.0,"1. **סוג העבירה וחומרתה** — תיק 1 עוסק בסחר ורכישה של נשק, כולל יזמות ומכירה; מדובר בעבירות חמורות של סחר והחזקת נשק. תיק 2 עוסק בהחזקת והובלת נשק ללא רישיון, עבירה פחות מורכבת וחד-פעמית. שני התיקים נוגעים בנשק ללא רישיון, אך חומרת העבירה בתיק 1 גבוהה בהרבה בשל היקף הפעילות והיזמה.  
2. **תפקיד הנאשם ומעורבותו** — בתיק 1 הנאשם מופיע כיזם מרכזי, רוכש, מוכר ומחזיק נשק — מעורבות פעילה ומרכזית. בתיק 2 הנאשם מעורב בהחזקת נשק בצוותא, אך לא כיזם, אלא כשותף בהובלה — מעורבות פסיבית יותר, ללא סחר או עסקאות.  
3. **שיטת הביצוע (MO)** — בתיק 1 יש עסקאות פיזיות, שימוש במתווכים, תכנון מראש ומסירת נשק תמורת תשלום. בתיק 2 אין עסקאות, אלא העברה של נשק ברכב, ללא רמז למכירה או רכישה. שיטת הביצוע שונה מהותית: עסקה ארגונית מול העברה פרטית.  
4. **נסיבות הליבה** — בתיק 1 יש כמות גדולה של נשק ותחמושת, כולל נשק מאולתר ומכסימום פגיעה גבוה. בתיק 2 יש נשק אחד בלבד, מחסנית עם 10 כדורים, והחזקתו נעשתה ברכב. ההיקף, הפוטנציאל לנזק והPlanning בתיק 1 גבוהים בהרבה.  
5. **ישימות כתקדים** — למרות ששני התיקים עוסקים בחזקת נשק ללא רישיון, ההבדלים בהיקף, בחומרה, בסוג העבירה (סחר מול החזקה) ובתפקיד הנאשם הם מהותיים. בית משפט לא יראה בתיק 2 תקדים רלוונטי לענייני ענישה בתיק 1, שכן אין דמיון בדפוס הפשע או ברמת האכפתיות.  

SIMILARITY_SCORE: 30","ok",""
"ME-16-05-336-804","ME-15-12-39071-113",1,0,0,"{""אופן_החזקה"": ""נשיאה בתיק גב"", ""האם_בוצעה_נקירה"": ""כן"", ""האם_בוצעה_פריקה"": ""כן"", ""האם_הושלך_הנשק_במהלך_הבריחה"": ""כן"", ""האם_הייתה_אכזריות_או_ניצול_נפגע"": ""לא"", ""האם_הייתה_בריחה_מהמשטרה"": ""כן"", ""האם_הייתה_התארגנות_מוקדמת"": ""לא צוין תכנון מוקדם"", ""האם_הייתה_התגרות_של_נפגע_העבירה"": ""לא"", ""האם_הייתה_כוונה_להעביר_את_הנשק_לאחר"": ""לא צוין"", ""האם_הייתה_כוונה_לשימוש_בכלי_הנשק"": ""לא צוין שימוש התקפי, בוצעה נקירה לשמיים"", ""האם_הייתה_מצוקה_נפשית_של_הנאשם"": ""לא צוין"", ""האם_הייתה_ניצול_כוח_או_מעמד"": ""לא"", ""האם_הייתה_פגיעה_באנשים"": ""לא"", ""האם_הייתה_פגיעה_ברכוש"": ""לא"", ""האם_הנאשם_הבין_את_מעשיו"": ""כן"", ""האם_הנאשם_היה_בשליטה_על_מעשיו"": ""כן"", ""האם_הנאשם_פעל_בהשפעת_אחר"": ""לא צוין"", ""האם_הנאשם_קרוב_לסייג_לאחריות_פלילית"": ""לא"", ""האם_הנשק_היה_ברישיון"": ""לא"", ""האם_הנשק_נתפס"": ""כן"", ""האם_העבירה_בוצעה_בזיקה_לארגון_פשיעה"": ""לא צוין"", ""האם_העבירה_בוצעה_במקום_סגור_או_פתוח"": ""פתוח (רחוב, רכב)"", ""האם_העבירה_בוצעה_בציבור"": ""כן, במהלך אירוע חינה"", ""האם_העבירה_בוצעה_לשם_רווח_כלכלי"": ""לא צוין"", ""זמן_העבירה"": ""שעת ערב, 24/04/16"", ""מחסניות_ריקות"": ""כן"", ""מספר_מחסניות"": ""2"", ""מספר_מעורבים"": ""2"", ""מקום_העבירה"": ""סמוך לטקס חינה, ברחוב, ובמכונית"", ""סוג_הנשק"": ""תת מקלע מאולתר מסוג קרל גוסטב"", ""סוג_העבירה"": ""נשיאה והובלת נשק, אביזר נשק ותחמושת"", ""סוג_תחמושת"": ""26 כדורים מסוג 9 מ\""מ"", ""סעיף_חוק"": ""144(ב) רישא וסיפא לחוק העונשין"", ""שמות_מעורבים"": ""הנאשם, רדואן סמארה"", ""תפקיד_המעורב_האחר"": ""נהג ברכב"", ""תפקיד_הנאשם"": ""נשא את הנשק, ביצע נקירה, הוביל את הנשק והתחמושת""}","{""אכזריות_או_ניצול_נפגע_העבירה"": ""לא רלוונטי"", ""האם_היה_רישיון_להחזקת_נשק"": ""לא"", ""האם_היה_תכנון_מוקדם"": ""לא צוין"", ""האם_הנאשם_היה_נהג"": ""לא, ישב במושב הסמוך לנהג"", ""האם_הנשק_היה_טעון"": ""לא צוין"", ""האם_הנשק_היה_תקין"": ""לא צוין"", ""האם_העבירה_בוצעה_בצוותא"": ""לא צוין"", ""התגרות_מצד_נפגע_העבירה"": ""לא רלוונטי"", ""זמן_העבירה"": ""12.10.13, בשעה 22:30 או בסמוך לכך"", ""יכולת_הבנה_של_הנאשם"": ""לא צוין"", ""יכולת_שליטה_במעשה"": ""לא צוין"", ""מיקום_הנשק"": ""מתחת לשטיח שמתחת למושב ברכב"", ""מיקום_העבירה"": ""כביש מספר 1, בסמוך למחלף הראל"", ""מספר_רישוי_הרכב"": ""71-098-16"", ""מצוקה_נפשית_של_הנאשם"": ""לא צוין"", ""נזק_שהיה_צפוי"": ""לא צוין"", ""נזק_שנגרם"": ""לא צוין"", ""ניצול_כוח_או_מעמד"": ""לא צוין"", ""סוג_המקום"": ""רכב פרטי"", ""סוג_העבירה"": ""אחזקת נשק ללא רישיון"", ""סוג_הרכב"": ""מזדה 3"", ""סוג_נשק"": ""אקדח חצי אוטומטי מסוג סטאר"", ""סיבות_לביצוע_העבירה"": ""לא צוין"", ""סעיף_חוק"": ""144(א) רישא לחוק העונשין"", ""קרבה_לסייג_לאחריות_פלילית"": ""לא צוין""}",35.0,"1. **סוג העבירה וחומרתה** — שני התיקים עוסקים בחזקת נשק ללא רישיון, אך בתיק 1 מדובר בנשיאה והובלה של נשק מאולתר (תת מקלע) עם תחמושת, נקירה ופריקה, מה שמצביע על עבירה חמורה יותר עם אופי תוקפני. תיק 2 עוסק באחזקת אקדח סטנדרטי ללא ידיעת הנהג, ללא ראיות לשימוש או כוונה לשימוש. החומרה והתפיסה של הנשק ככלי של איום פעיל בתיק 1 הופכת אותו לקיצוני יותר.  
2. **תפקיד הנאשם ומעורבותו** — בתיק 1 הנאשם הוא פעיל: נשא, הוביל, ביצע נקירה, היה מוביל הפעולה. בתיק 2 — מעורבותו פסיבית: ישב ברכב, הנשק נמצא מתחת למושבו, ללא ראיות לידע או שליטה ישירה. ההבדל בתפקיד הוא מהותי — יזם מול חשוד בהחזקת נשק בנסיבות לא ברורות.  
3. **שיטת הביצוע (MO)** — בתיק 1 יש דפוס של פעולה פומבית, בריחה, נקירה לשמיים, שימוש בסמליקה של נשק ככלי איום. בתיק 2 — החזקה סמויה, ללא פעילות תוקפנית, ללא בריחה או התנהגות אгрסיבית. שיטת הביצוע שונה מהותית: תוקפנות פומבית מול החזקה סמויה ונייחת.  
4. **נסיבות הליבה** — בתיק 1: נשק מאולתר, מחסניות ריקות לאחר ירי, אירוע ציבורי, בריחה, נהג כשותף. בתיק 2: נשק סטנדרטי, מוסתר, ללא תכנון מוקדם, ללא ירי או בריחה. אין שימוש בנשק, אין נזק, אין תיאור של כוונה. ההקשר של סיכון ציבורי בתיק 1 חסר בתיק 2.  
5. **ישימות כתקדים** — בית משפט יקח את תיק 1 כ precedential לעבירות נשק עם אופי תוקפני, במיוחד בהקשר של נקירה, בריחה ותפיסה בציבור. תיק 2 הוא עבירה קלילה יותר, פסיבית, ללא ראיות לכוונה או שימוש. לא סביר שיקובל כתקדים ענייני לעבירה בתיק 1, שכן ההקשר, החומרה וההתנהגות שונים מהותית.

SIMILARITY_SCORE: 35","ok",""
"ME-16-10-12213-904","ME-09-05-16192-355",3,1,1,"{""בעלות_הרכב"": ""רשום על שם אחיו של הנאשם"", ""האם_היה_צפי_לנזק"": ""כן, פוטנציאל נזק גבוה מנשק חם"", ""האם_הייתה_אכזריות_או_ניצול"": ""לא"", ""האם_הייתה_הובלה_או_הסתרה"": ""כן, הובלה והסתרה ברכב"", ""האם_הייתה_הודאה"": ""כן"", ""האם_הייתה_החזקה_ממושכת"": ""לא צוין"", ""האם_הייתה_השפעה_של_אחרים"": ""לא"", ""האם_הייתה_התגרות_של_נפגע"": ""לא"", ""האם_הייתה_התנגדות_למשטרה"": ""לא"", ""האם_הייתה_התעללות_בנאשם"": ""לא"", ""האם_הייתה_כוונה_לשימוש_בנשק"": ""לא צוין"", ""האם_הייתה_ניצול_מעמד"": ""לא"", ""האם_הייתה_שליטה_על_המעשה"": ""כן"", ""האם_הייתה_תחמושת_נוספת"": ""כן, כדור 9 מ\""מ במכנסי הנאשם"", ""האם_הייתה_תכנית_מוקדמת"": ""לא צוין"", ""האם_הנאשם_הבין_את_מעשיו"": ""כן"", ""האם_הנאשם_הוביל_את_הנשק"": ""כן"", ""האם_הנאשם_החזיק_ברכב"": ""כן"", ""האם_הנאשם_פעל_לבד"": ""כן"", ""האם_הנאשם_קטין"": ""לא"", ""האם_הנשק_הוסתר"": ""כן"", ""האם_הנשק_היה_ברכב_בעת_המעצר"": ""כן"", ""האם_הנשק_היה_טעון"": ""לא, המחסנית הייתה ריקה"", ""האם_הנשק_מאולתר"": ""כן"", ""האם_הנשק_תקין"": ""לא צוין"", ""האם_העבירה_בוצעה_ביותר_מנשק_אחד"": ""לא"", ""האם_העבירה_בוצעה_במסגרת_ארגון_פשע"": ""לא"", ""האם_העבירה_בוצעה_במקום_ציבורי"": ""לא, ברכב פרטי ליד הבית"", ""האם_העבירה_בוצעה_למטרת_סחר"": ""לא"", ""האם_התחמושת_תקינה"": ""כדור תואם לנשק"", ""האם_נגרם_נזק"": ""לא"", ""מועד_העבירה"": ""ספטמבר 2016 ו-1 באוקטובר 2016"", ""מסלול_הובלה"": ""מאזור מי-עמי לבית אמו באום-אל-פחם"", ""מקום_הסתרה"": ""מתחת לכיסא הנוסע שליד הנהג ברכב"", ""סוג_הנשק"": ""כלי נשק מאולתר מסוג קרל גוסטב"", ""סוג_העבירה"": ""נשיאת נשק ותחמושת ללא רישיון"", ""סוג_הרכב"": ""סובארו"", ""סוג_התחמושת"": ""מחסנית ריקה וכדור 9 מ\""מ"", ""סעיפי_חוק"": [""144(ב) רישה וסיפה לחוק העונשין""]}","{""אמצעי_ביצוע"": ""רכב טויוטה בבעלות האחר"", ""האם_היה_ניצול_מעמד_או_יחסים"": ""לא צוין"", ""האם_היתה_אכזריות_או_ניצול"": ""לא"", ""האם_היתה_בריחה_מהמשטרה"": ""כן, ניסיון להימלט לאחור מהמחסום"", ""האם_היתה_התגרות_של_המשטרה"": ""לא צוין"", ""האם_היתה_התעללות_בנאשם"": ""לא"", ""האם_היתה_התערבות_משטרתית"": ""כן, מחסום משטרתי, מרדף, חיפוש ותפיסה"", ""האם_היתה_כוונה_מוקדמת"": ""לא צוין תכנון מוקדם"", ""האם_היתה_פגיעה_פיזית"": ""לא"", ""האם_היתה_קרבה_לסייג_לאחריות_פלילית"": ""לא"", ""האם_הנאשם_הבין_את_מעשיו"": ""לא צוין חוסר הבנה"", ""האם_הנאשם_היה_נהג"": ""לא, האחר נהג"", ""האם_הנאשם_היה_קטין"": ""לא צוין"", ""האם_הנשק_היה_ברשות_חוקית"": ""לא"", ""האם_הנשק_היה_טעון"": ""כן"", ""האם_הנשק_היה_מוסתר"": ""בתא המטען של הרכב"", ""החזקה_משותפת"": ""כן"", ""זמן_ביצוע"": ""19.5.09, 23:30"", ""חלקו_של_הנאשם"": ""החזקה, נשיאה והובלה בצוותא"", ""מספר_נאשמים"": ""2"", ""מצב_הנשק"": ""המחסנית היתה במצב הכנס"", ""מקום_ביצוע"": ""אום אל פחם"", ""סוג_הנשק"": ""רובה תת מקלע מסוג קרלו"", ""סוג_העבירה"": ""נשיאת והובלת נשק ותחמושת ללא רישיון"", ""סעיפי_חוק"": ""144(ב) רישא+29 לחוק העונשין"", ""קשר_בין_הנאשמים"": ""בני משפחה"", ""תחמושת"": ""מחסנית עם 10 כדורי 9 מ\""מ""}",55.0,"1. **סוג העבירה וחומרתה** — שני התיקים עוסקים בהחזקת והובלת נשק ותחמושת ללא רישיון לפי סעיף 144(ב) רישא, מה שמעיד על דמיון בסוג העבירה. עם זאת, בתיק 2 הנשק היה טעון ובמחסנית 10 כדורים, מה שמצביע על סיכון גבוה יותר, וכן צוין עבירה נוספת לפי סעיף 29 (החזקת נשק בצוותא), מה שמגדיל את החומרה.  
2. **תפקיד הנאשם ומעורבותו** — בתיק 1 הנאשם פעל לבד, הוביל את הנשק, והיה בשליטה מלאה. בתיק 2 מדובר בהחזקת נשק בצוותא, כאשר הנאשם לא היה הנהג, ומעורבותו פחות מרכזית. זה מראה על מעורבות שונה ברמה של אחריות ישירה.  
3. **שיטת הביצוע (MO)** — בשני המקרים היה שימוש ברכב פרטי להובלת נשק, והנשק הוסתר (מתחת לכיסא / בתא המטען). עם זאת, בתיק 2 היה ניסיון בריחה מהמשטרה, מרדף ומחסום, מה שמעיד על התנהגות אגרסיבית וסיכון גבוה יותר, שלא קיים בתיק 1.  
4. **נסיבות הליבה** — בתיק 1 הנשק היה מאולתר (קרל גוסטב), אך המחסנית הייתה ריקה. בתיק 2 הנשק (קרלו) היה טעון, עם מחסנית מלאה, והיה סיכון מיידי לפגיעה. בנוסף, ההחזקת נשק בצוותא מעצימה את החומרה. גם המיקום (אום אל-פחם) דומה, אך ההקשר של מרדף משטרתי בתיק 2 מוסיף נסיבות מחמירות.  
5. **ישימות כתקדים** — למרות דמיון בסוג העבירה ובסביבת ההקשר (הובלה ברכב באום אל-פחם), ההבדלים בחומרת הנשק, ברמת הסיכון, במעורבות הצוותית ובהתנהגות מול המשטרה מקטינים את הסבירות שבית המשפט יראה בתיק 1 תקדים רלוונטי לתיק 2.  

SIMILARITY_SCORE: 55","ok",""
"ME-16-10-9348-780","SH-10-02-25802-731",1,0,0,"{""אופן_ההובלה"": ""הנשק והתחמושת הונחו ברכב אחותו של הנאשם"", ""אופן_ההשגה"": ""נטילה מהאב בעקבות ויכוח"", ""גיל_הנאשם"": ""לא צוין"", ""האם_בוצע_תכנון_מוקדם"": ""לא צוין תכנון מוקדם, אך נטל את הנשק לאחר ויכוח"", ""האם_בוצעה_העברה_לאחר"": ""כן, מסר את הנשק והתחמושת לקטין"", ""האם_היה_נזק_רכושי"": ""כן, נטל כסף ושיק מאביו"", ""האם_היה_שותף_נוסף"": ""כן, מוחמד יונס הצטרף לנסיעה"", ""האם_הייתה_אכזריות_או_התעללות"": ""לא"", ""האם_הייתה_אלימות_נוספת"": ""לא צוין"", ""האם_הייתה_התגרות_של_הנפגע"": ""ויכוח עם האב"", ""האם_הייתה_מסירת_נשק_לזולת"": ""כן"", ""האם_הייתה_ניצול_מעמד_או_כוח"": ""לא"", ""האם_הייתה_נסיעה_עם_הנשק"": ""כן, נסע עם הנשק והתחמושת ברכב"", ""האם_הייתה_קרבה_לסייג_לאחריות_פלילית"": ""לא"", ""האם_הנאשם_הבין_את_מעשיו"": ""לא צוין מגבלה"", ""האם_הנאשם_הורשע_בעבירות_נשק_בעבר"": ""לא צוין"", ""האם_הנאשם_החזיק_ברישיון"": ""לא"", ""האם_הנאשם_היה_בשליטה_על_מעשיו"": ""כן"", ""האם_הנשק_הוחזק_ברישיון"": ""כן, על ידי האב"", ""האם_הנשק_היה_תקין"": ""לא צוין"", ""האם_העבירה_בוצעה_בזיקה_לארגון_פשיעה"": ""לא"", ""האם_העבירה_בוצעה_ליותר_מנשק_אחד"": ""לא"", ""האם_נגרם_נזק_פיזי"": ""לא"", ""כמות_תחמושת"": 75, ""למי_הועבר_הנשק"": ""קטין, פ. י., תושב ערערה"", ""מניע_לביצוע"": ""ויכוח עם האב"", ""מקום_ההשגה"": ""חדר השינה של ההורים, ארון בגדים"", ""מקום_התחמושת"": ""מחסן הבית, מדף"", ""סוג_הנשק"": ""רובה צייד"", ""סוג_העבירה"": ""נשיאת נשק ותחמושת ללא רישיון"", ""סוג_התחמושת"": ""כדורי צייד קליבר 12 מ\""מ"", ""סכום_כסף_שנלקח"": 3500, ""סכום_שיק_שנלקח"": 500, ""סעיפי_חוק"": [""144(ב) רישא"", ""144(ב) סיפא לחוק העונשין""]}","{""אכזריות_או_ניצול"": ""לא צוין"", ""חלקו_היחסי_של_הנאשם"": ""נאשם יחיד"", ""יכולת_הבנה"": ""לא צוין"", ""יכולת_הימנעות"": ""לא צוין"", ""יכולת_הנשק"": ""מסוגל לירות כדור ובכוחו להמית אדם"", ""מועד_ביצוע"": ""16/07/09 בשעה 11:00 או בסמוך לכך"", ""מצוקה_נפשית"": ""לא צוין"", ""מקום_ביצוע"": ""ביתו של הנאשם בכפר מגדל שמס"", ""נזק_צפוי"": ""פוטנציאל להמית אדם"", ""נזק_שנגרם"": ""לא צוין"", ""ניצול_כוח_או_מעמד"": ""לא צוין"", ""סוג_הנשק"": ""רובה צייד"", ""סוג_העבירה"": ""החזקת נשק שלא כדין והחזקת חלק-אבזר תחמושת של כלי נשק"", ""סוג_התחמושת"": ""אבזר ותחמושת של כלי נשק"", ""סיבות_לביצוע"": ""לא צוין"", ""סעיפי_חוק"": [""144(א)"", ""144(א)(1)""], ""קרבה_לסייג_לאחריות_פלילית"": ""לא צוין"", ""רישיון"": ""ללא רשות על פי דין"", ""תכנון_מוקדם"": ""לא צוין""}",35.0,"1. **סוג העבירה וחומרתה** — שני התיקים עוסקים בעבירות נשק חמורות, אך בתיק 1 מדובר בנשיאה והעברה של נשק ותחמושת ללא רישיון, כולל מסירה לקטין, בעוד בתיק 2 מדובר בהחזקת נשק ותחמושת בלבד. החומרה בתיק 1 גבוהה יותר עקב ההעברה והמעורבות של קטין, מה שמצביע על סיכון חברתי גדול יותר.  
2. **תפקיד הנאשם ומעורבותו** — בתיק 1 הנאשם הוא יזם העבירה: נטל את הנשק מהאב, נסע עם הנשק, ומסר אותו לזולת. בתיק 2 אין מידע על מעורבות פעילה מעבר להחזקת נשק. מעורבותו בתיק 1 נראית משמעותית יותר.  
3. **שיטת הביצוע (MO)** — בתיק 1 יש דפוס של לקיחה, תנועה עם הנשק, והעברה – מעורבות דינמית. בתיק 2 אין מידע על שיטת ביצוע, אך נראה שמדובר בהחזקת נשק במקום קבוע. אין דמיון בדפוס ביצוע.  
4. **נסיבות הליבה** — בתיק 1 יש נסיבות מחמירות: מסירה לקטין, נסיעה עם הנשק, גניבת כסף ושיק. בתיק 2 אין נסיבות מחמירות ידועות, ואין מידע על שימוש או העברה. ההבדלים בנסיבות משמעותיים.  
5. **ישימות כתקדים** — למרות הדמיון בסוג הנשק (רובה צייד) ובאי-קיום רישיון, ההבדלים במעורבות, בהעברה לזולת (ובמיוחד לקטין), ובתכנון/ביצוע מקטינים מאוד את הסבירות שבית משפט יראה בתיק 2 תקדים רלוונטי לענייני ענישה לתיק 1.

SIMILARITY_SCORE: 35","ok",""
"ME-16-05-25902-514","ME-12-05-33444-999",3,1,1,"{""אופן_נשיאת_הנשק"": ""על גופו מתחת לבגדיו"", ""האם_החזיק_תחמושת"": ""כן"", ""האם_החזקה_או_נשיאה_ברישיון"": ""לא"", ""האם_הייתה_אכזריות_או_ניצול_קורבן"": ""לא"", ""האם_הייתה_השפעה_של_אחרים"": ""לא צוין"", ""האם_הייתה_התגרות_או_מצוקה_נפשית"": ""לא צוין"", ""האם_הייתה_כוונה_לשימוש_פלילי_נוסף"": ""לא צוין"", ""האם_הייתה_ניצול_מעמד_או_כוח"": ""לא"", ""האם_הייתה_עסקת_רכישה"": ""כן"", ""האם_הייתה_פגיעה_פיזית_או_שימוש_בפועל"": ""לא"", ""האם_הנאשם_הבין_את_מעשיו"": ""לא צוין"", ""האם_הנאשם_היה_קטין"": ""לא"", ""האם_הנשק_גנוב"": ""כן"", ""האם_הנשק_היה_תקין_לשימוש"": ""לא צוין"", ""האם_העבירה_בוצעה_בזיקה_לארגון_פשיעה"": ""לא צוין"", ""האם_העבירה_בוצעה_ביותר_מנשק_אחד"": ""לא"", ""האם_העבירה_בוצעה_למטרות_רווח"": ""לא צוין"", ""האם_נשא_את_הנשק_לעבודה"": ""כן"", ""מועד_רכישת_הנשק"": ""פברואר 2016"", ""מועד_תפיסה_או_אירוע_מרכזי"": ""8.5.16 בשעה 06:00"", ""מספר_סידורי_של_הנשק"": ""682663"", ""מקום_החזקה"": ""מקלט ביתו בקלנסוואה"", ""נשיאת_הנשק_מחוץ_לבית"": ""כן"", ""סוג_הנשק"": ""אקדח ברטה"", ""סוג_העבירה"": ""נשיאת והחזקת נשק ללא רישיון"", ""סוג_התחמושת"": ""מחסנית עם 7 כדורים"", ""סעיפי_חוק"": [""144(ב) רישא וסיפא"", ""144(א) רישא וסיפא""], ""פרטי_הרכישה"": ""רכש את האקדח במועד שאינו ידוע במדויק בפברואר 2016"", ""תקופת_החזקה"": ""פברואר 2016 עד 8.5.16""}","{""בעלים_מקורי_של_הנשק"": ""יוסף פלדמן"", ""האם_החזקה_ברכב"": ""כן"", ""האם_היו_כדורים_במחסניות"": ""כן"", ""האם_הייתה_אכזריות_או_אלימות"": ""לא"", ""האם_הייתה_רשיון_להחזקה"": ""לא"", ""האם_הייתה_תחמושת"": ""כן"", ""האם_הנאשם_הושפע_מאחרים"": ""לא צוין"", ""האם_הנאשם_היה_במצוקה_נפשית"": ""לא צוין"", ""האם_הנאשם_היה_בשליטה_על_מעשיו"": ""כן"", ""האם_הנאשם_ניצל_מעמד_או_כח"": ""לא"", ""האם_הנזק_היה_צפוי"": ""כן"", ""האם_הנשק_היה_טעון"": ""כן"", ""האם_הנשק_נגנב"": ""כן"", ""האם_העבירה_בוצעה_בתכנון_מוקדם"": ""לא צוין"", ""האם_העבירה_בוצעה_ללא_אלימות_נוספת"": ""כן"", ""האם_העבירה_בוצעה_ללא_נפגעים"": ""כן"", ""האם_העבירה_בוצעה_ללא_רשות"": ""כן"", ""האם_העבירה_בוצעה_ללא_שותפים"": ""כן"", ""האם_העבירה_בוצעה_ללא_שימוש_בנשק"": ""כן"", ""האם_נגרם_נזק_פועל"": ""לא"", ""מועד_ביצוע_העבירה"": ""11.5.12"", ""מיקום_הנשק_ברכב"": ""מתחת למושב הקדמי הימני"", ""מיקום_מחסנית_1"": ""בתוך האקדח"", ""מיקום_מחסנית_2"": ""בתיק שחור ליד כיסא הנהג"", ""מיקום_מחסנית_3"": ""בתא האחסון בדלת הנהג"", ""מספר_מחסניות"": ""3"", ""מספר_סידורי_נשק"": ""D60383Y"", ""מקום_ביצוע_העבירה"": ""עיר רחובות"", ""סוג_הנשק"": ""אקדח 9 מ\""מ מסוג ברטה"", ""סעיף_עבירה"": ""144(א) לחוק העונשין""}",65.0,"1. **סוג העבירה וחומרתה** — שני התיקים עוסקים בהחזקת נשק ללא רישיון, עבירה לפי סעיף 144, מהעבירות השכיחות בנשיאות נשק. החומרה דומה – אין שימוש בנשק, אך יש החזקה של נשק גנוב עם תחמושת.  
2. **תפקיד הנאשם ומעורבותו** — בשני המקרים מדובר בהחזקת נשק באופן אישי, ללא ראיות לארגון פשיעה או מעורבות של שותפים. הנאשמים מעורבים ישירות, אך לא כיזמים של רשת נשק. מעורבותם פרטנית ולא פלינית.  
3. **שיטת הביצוע (MO)** — בשני המקרים הנשק היה מוסתר (תחת בגדים / מתחת למושב), עם תחמושת נפרדת או מוכנה. שניהם שמרו נשק גנוב ללא רישיון, אך בתנאים שונים (בית מול רכב). הדמיון בMO חלקי – הסתרה ותחמושת קרובה, אך לא זהה.  
4. **נסיבות הליבה** — בשני המקרים לא הייתה אלימות, נפגעים או שימוש בנשק. הנשק היה גנוב, עם תחמושת. בכמות – תיק 2 כולל 3 מחסניות, מה שמצביע על החזקה רצינית יותר. התכנון והמשך החזקה בתקופת זמן ארוכה (במיוחד בתיק 1) מעידים על רצינות.  
5. **ישימות כתקדים** — שני התיקים עוסקים בהחזקת נשק ללא רישיון, ללא אלימות, אך עם נשק גנוב ותחמושת. הם יכולים לשמש כתקדים זה לזה, אך ההבדלים במקום החזקה, מספר המחסניות, ותקופת החזקה מונעים דמיון שלם. בית משפט עשוי להתייחס אליהם כרלוונטיים, אך לא זהים.

SIMILARITY_SCORE: 65","ok",""
"ME-15-08-44579-251","ME-14-12-6904-57",2,0,1,"{""אופן_הבריחה"": ""בריחה בקטנוע, חציית צומת באור אדום, פגיעה בניידות משטרה, בריחה רגלית"", ""אופן_הובלה"": ""על קטנוע, הנאשם ישב מאחור"", ""האם_היה_נזק_צפוי"": ""כן, סכנה לחיי אדם ופגיעה ברכוש"", ""האם_היה_נזק_שנגרם"": ""כן, פגיעה בניידות משטרה וסכנה לרכב בצומת"", ""האם_היה_ניצול_מעמד_או_כוח"": ""לא"", ""האם_היו_סיבות_מיוחדות_לביצוע"": ""לא צוין"", ""האם_הייתה_בריחה_מהמשטרה"": ""כן"", ""האם_הייתה_הבנה_של_המעשה"": ""כן"", ""האם_הייתה_השלכת_נשק"": ""כן, הנאשם זרק את השקית עם האקדח והמחסנית בשדה"", ""האם_הייתה_השפעה_של_אחר"": ""ג'וודת היה הנהג, לא צוין השפעה ישירה על הנאשם"", ""האם_הייתה_התגרות_של_נפגע"": ""לא"", ""האם_הייתה_התעללות_בנאשם"": ""לא"", ""האם_הייתה_כוונה_מוקדמת"": ""לא צוין תכנון מוקדם"", ""האם_הייתה_לוחית_רישוי_מזויפת"": ""כן"", ""האם_הייתה_מחסנית"": ""כן"", ""האם_הייתה_מצוקה_נפשית"": ""לא צוין"", ""האם_הייתה_נהיגה_ללא_רישיון"": ""כן, ג'וודת נהג ללא רישיון"", ""האם_הייתה_סכנה_לחיי_אדם"": ""כן, רכב נאלץ לבלום למנוע התנגשות בצומת"", ""האם_הייתה_פגיעה_ברכוש"": ""כן, פגיעה בשתי ניידות משטרה"", ""האם_הייתה_קרבה_לסייג_לאחריות_פלילית"": ""לא"", ""האם_הייתה_שליטה_על_המעשה"": ""כן"", ""האם_הייתה_תחמושת"": ""לא"", ""האם_הנשק_הוסתר"": ""כן, עטוף בסמרטוט בתוך שקית אשפה"", ""האם_הנשק_נטען"": ""לא, המחסנית הייתה ריקה מכדורים"", ""האם_הנשק_תקין"": ""כן"", ""חלקו_של_הנאשם"": ""נשא את האקדח והמחסנית, ישב מאחור על הקטנוע, ברח רגלית וזרק את השקית"", ""מועד_ביצוע"": ""10.08.2015, 22:05"", ""מספר_מעורבים"": ""2"", ""מספר_סידורי_נשק"": ""459238"", ""מקום_ביצוע"": ""כביש 4, חדרה, אזור התעשייה הצפוני"", ""סוג_הנשק"": ""אקדח חצי אוטומט מסוג FN"", ""סוג_העבירה"": ""נשיאת נשק ללא רישיון"", ""סעיף_חוק"": ""144(ב) רישא וסיפא לחוק העונשין"", ""שמות_מעורבים"": ""הנאשם, ג'וודת דמלחי""}","{""אופן_החזקה_והובלה"": ""הנשק הוסתר בתיק גב עטוף בבגדים, הובל ונישא על ידי הנאשם"", ""אכזריות_או_אלימות"": ""לא צוין שימוש באלימות או אכזריות"", ""גיל_הנאשם"": ""לא צוין"", ""החזקת_סם"": ""0.3027 גרם נטו קנאביס לצריכה עצמית"", ""הסתרת_הנשק"": ""הנשק הוסתר בארון בגדים בחדר השינה בדירה"", ""חלקו_של_הנאשם"": ""רכש, החזיק, נשא והוביל את הנשק והתחמושת"", ""יכולת_הבנה_ושליטה"": ""לא צוין קושי בהבנה או בשליטה"", ""יכולת_הנשק"": ""מסוגל לירות ובכוחו להמית"", ""מקום_העבירה"": ""תל אביב, בדירה וברחוב"", ""משך_החזקה"": ""כחודש ימים לפני 18.11.2014 ועד ליום 18.11.2014"", ""נזק_צפוי"": ""הנשק והתחמושת מסוגלים להמית"", ""נזק_שנגרם"": ""לא נגרם נזק בפועל"", ""ניצול_מעמד_או_יחסים"": ""לא צוין"", ""סוג_הנשק"": ""רובה מאולתר מדגם קרל גוסטב"", ""סוג_העבירה"": ""נשיאה והובלת נשק ללא רישיון, החזקת סם לצריכה עצמית"", ""סיבת_העבירה"": ""לא פורטו מניעים מיוחדים"", ""סעיפי_חוק"": ""סעיף 144(ב) לחוק העונשין, סעיף 7(א) לפקודת הסמים המסוכנים"", ""קרבה_לסייג_לאחריות"": ""לא צוין"", ""רכישת_הנשק"": ""הנשק נרכש על ידי הנאשם בתמורה ל-4,000 ש\""ח"", ""שותפים_לעבירה"": ""נאשם נוסף (נאשם 2, סעיד אבו זנט)"", ""תחמושת"": ""מחסנית וכדורים תואמים לנשק"", ""תכנון_מוקדם"": ""הנשק נרכש מראש, הוסתר והובל באופן מוסתר""}",40.0,"1. **סוג העבירה וחומרתה** — שני התיקים עוסקים בנשיאה והובלה של נשק ללא רישיון לפי סעיף 144(ב) – עבירה דומה, אך חומרתה שונה: בתיק 1 מדובר באקדח תקין שהוסתר ונטש במהלך בריחה מאלימה עם סכנה לחיים, ובתיק 2 ברובה מאולתר שנרכש והוחזק לאורך זמן. החזקת נשק לאורך חודש ועוד עם תחמושת מעצימה את החומרה, אך היעדר שימוש בפועל או בריחה מצמצם את הדמיון המהותי.

2. **תפקיד הנאשם ומעורבותו** — בתיק 1 הנאשם מעורב בצורה פעילה אך משנית (ישב מאחור, נשא את הנשק, ברח אחר כך), ובתיק 2 הוא יזם העבירה – רכש, הסתיר והוביל. יש כאן הבדל מהותי: בתיק 2 הנאשם הוא中枢 של העבירה, בעוד בתיק 1 הוא שותף פעיל אך לא מנהיג.

3. **שיטת הביצוע (MO)** — בתיק 1: בריחה מהמשטרה, נהיגה מסוכנת, זריקת הנשק בשדה – פעולה דרמטית וחדה. בתיק 2: איסוף, הסתרה והובלה מוסווית לאורך זמן. שיטות ביצוע שונות מאוד – אחת אימפולסיבית ואלימה, השנייה מתוכננת ופסיבית יותר.

4. **נסיבות הליבה** — בתיק 1 יש סכנה מיידית לחיים (צומת, פגיעה בניידות), בריחה, נשק מוסתר, אך ללא תחמושת. בתיק 2 אין סכנה מיידית, אך יש רכישה מכוונת, הסתרה ארוכת טווח ותחמושת. ההקשרים שונים: אחד עוסק בסיכון דרמטי בזמן ממש, השני בחיזוק כוח אש אישי לאורך זמן.

5. **ישימות כתקדים** — למרות השותפות לסעיף 144(ב), ההבדלים בהקשר, סגנון ההפעלה, מידת הסיכון וההתנהגות לאחר מכן מקטינים משמעותית את הרלוונטיות של תיק אחד לשני כתקדים ענייני לענישה. בית משפט יבחין בין עבירה בהקשר של בריחה אלימה לבין עבירה של החזקה ממושכת.

SIMILARITY_SCORE: 40","ok",""
"ME-17-05-633-549","ME-16-03-54615-517",2,0,1,"{""אופי_הנשק"": ""נשק חם, חלק מהותי בנשק, חלקים מאולתרים"", ""אופי_העסקה"": ""עסקת חליפין (אקדח תמורת תת מקלע), מכירה בכסף"", ""אכזריות_או_ניצול_נפגע"": ""לא צוין"", ""גובה_תמורה"": ""7,000 ש\""ח עבור תת מקלע, 14,000 ש\""ח עבור אקדח ומחסניות"", ""האם_הנאשם_החזיק_ברישיון"": ""לא"", ""האם_הנשק_הועבר_לאדם_שאינו_מורשה"": ""כן"", ""האם_הנשק_תקין"": ""לפחות אחד מהאקדחים היה עם מנגנון הדק חסר ומנגנון הדק מאולתר"", ""האם_העבירה_בוצעה_בזיקה_לארגון_פשיעה"": ""לא צוין"", ""האם_העבירה_בוצעה_לגבי_יותר_מנשק_אחד"": ""כן"", ""התגרות_או_מצוקה_נפשית"": ""לא צוין"", ""חלקו_של_הנאשם"": ""מרכזי, יזם, רכש, החזיק ומכר נשק"", ""יכולת_הבנה_של_הנאשם"": ""לא צוין קושי בהבנה או בגיל"", ""יכולת_שליטה_במעשה"": ""לא צוין קושי בשליטה"", ""כמות_נשק"": ""שלושה כלי נשק (תת מקלע, שני אקדחים)"", ""כמות_תחמושת"": ""מאות כדורים, שלוש מחסניות"", ""מניע_הנאשם"": ""רווח כספי"", ""מספר_אישומים"": 3, ""מספר_עסקאות"": ""לפחות שתיים (רכישה ומכירה)"", ""מספר_צדדים_מעורבים"": ""לפחות שלושה (הנאשם, רביע חוסיין, נצרי ח'ליפה)"", ""נזק_צפוי"": ""פוטנציאל קטלני, כלי נשק ותחמושת בכמות משמעותית"", ""נזק_שנגרם"": ""לא צוין שימוש בפועל בנשק"", ""ניצול_כוח_או_מעמד"": ""לא צוין"", ""סוג_העבירות"": ""סחר בנשק, רכישת נשק, החזקת נשק"", ""סוגי_נשק"": ""תת מקלע מאולתר מסוג קרלו, אקדח חצי אוטומטי מסוג סירקיס, אקדח מסוג חלוואני"", ""סוגי_תחמושת"": ""מחסניות, מאות כדורים"", ""קרבה_לסייג_לאחריות_פלילית"": ""לא צוין"", ""שיטת_ביצוע"": ""פגישה פיזית, מסירת נשק ומחסניות, סיכום על תשלום נדחה"", ""שימוש_במתווכים"": ""כן, נצרי ח'ליפה היה נוכח ברכישה"", ""שנה_או_תקופה"": ""2013-2015"", ""תכנון_מוקדם"": ""כן, סיכום מראש על רכישה ותשלום נדחה, הצעה יזומה למכירה"", ""תמורה_כספית"": ""כן""}","{""אכזריות_או_ניצול_הנפגע"": ""לא"", ""האם_הייתה_התגרות_של_הנפגע"": ""לא רלוונטי"", ""האם_הייתה_התעללות_בנאשם"": ""לא"", ""האם_הנאשם_הורשע_בעבר_בעבירות_נשק"": ""לא צוין"", ""האם_הנשק_היה_תקין"": ""לא"", ""האם_העבירה_בוצעה_בזיקה_לארגון_פשיעה"": ""לא צוין"", ""חלקו_של_הנאשם"": ""מרכזי, תיווך ומסירה של הנשק"", ""יוזם_העבירה"": ""מחמד עליאן פנה לנאשם"", ""יכולת_הבנה_של_הנאשם"": ""לא צוין קושי בהבנה"", ""יכולת_שליטה_במעשה"": ""לא צוין קושי בשליטה"", ""מניע_העבירה"": ""רווח כספי"", ""מספר_נשקים"": 2, ""מספר_עסקאות"": 1, ""מקום_העבירה"": ""סמוך לביתו של מחמד"", ""משך_העבירה"": ""כשלושה שבועות"", ""נזק_צפוי"": ""פוטנציאל נזק גבוה עקב סחר בנשק חם"", ""נזק_שנגרם"": ""לא נגרם נזק בפועל, הנשק לא פעל"", ""ניצול_כוח_או_מעמד"": ""לא"", ""סוג_הנשק"": ""תת-מקלע מסוג קרלו"", ""סוג_העבירה"": ""סחר בנשק"", ""סעיף_חוק"": ""144(ב2) לחוק העונשין"", ""קרבה_לסייג_לאחריות_פלילית"": ""לא"", ""תכנון_מוקדם"": ""כן, הנאשם פעל לבקשת מחמד להשגת נשק"", ""תמורה_כספית"": ""כן, 3000 ש\""ח""}",55.0,"1. **סוג העבירה וחומרתה** — שני התיקים עוסקים בסחר בנשק חם, ובפרט בתת-מקלע מאולתר מסוג קרלו, מה שמצביע על עבירה דומה בחומרתה. עם זאת, בתיק 1 יש מעורבות במספר נשקים ועסקאות, וכן רכישת נשק נוסף (אקדחים), מה שמגביר את החומרה לעומת תיק 2, שבו עסקה אחת בשני נשקים (אף אחד מהם לא תקין) ותמורה נמוכה יותר. הדמיון ביסוד העבירה ברור, אך חומרת התיק הראשון גבוהה יותר.  
2. **תפקיד הנאשם ומעורבותו** — בתיק 1 הנאשם מופיע כיזם פעיל: רכש, החזיק ומכר נשק, וביצע עסקאות מרובות. בתיק 2, הנאשם פועל בתפקיד של מתווך upon בקשה של אחר (יוזם העבירה הוא מחמד עליאן), מה שמצביע על מעורבות פחות מרכזית ופחות יזומה. ההבדל בתפקיד הוא מהותי – יזם מול מתווך.  
3. **שיטת הביצוע (MO)** — בשני המקרים יש תיווך, מסירה פיזית של נשק, ותמורה כספית. עם זאת, בתיק 1 יש תכנון מראש, תשלום נדחה, שימוש במתווך נוסף (נצרי ח'ליפה), ומסירת תחמושת – מה שמצביע על ארגון גבוה יותר. בתיק 2, הפעולה מוגבלת לתקופה קצרה ולעסקה אחת, ללא רכישה ישירה או החזקה ממושכת. הדמיון בMO חלקי, אך לא זהה.  
4. **נסיבות הליבה** — בתיק 1 הכמויות גדולות יותר (3 נשקים, מאות כדורים), פוטנציאל נזק גבוה יותר, ועסקאות מרובות. בתיק 2 – נשק אחד תקין (תת-מקלע), נשק שני לא תקין, תמורה של 3,000 ש""ח, ותקופה קצרה. גם הפוטנציאל הנזק וגם המידה הכוללת של העבירה בתיק 1 גבוהים בהרבה.  
5. **ישימות כתקדים** — למרות הדמיון בסוג העבירה (סחר בנשק חם, ללא רישיון, תמורת תשלום), ההבדלים בתפקיד הנאשם, בחומרת העבירה, בכמות ובתכנון מונעים מהצגת תיק 2 כתקדים ענייני רלוונטי לתיק 1. בית משפט יראה בהם מקרים שונים מבחינת חומרה ומידת האחריות, ולכן השפעתם ההדדית כתקדים תהיה מוגבלת.

SIMILARITY_SCORE: 55","ok",""
"ME-20-01-62688-591","ME-16-09-398-589",3,1,1,"{""אופן_ההגעה_למקום"": ""ברכב עם אחר"", ""אכזריות_או_ניצול_המתלונן"": ""הנאשם דרך את האקדח, הצמיד אותו לירך וירה מטווח קצר, מעשה אלים ומסוכן"", ""האם_היה_סכום_כסף_ברשות_הנאשם_בעת_המעצר"": ""כן"", ""האם_הייתה_בריחה_מהזירה"": ""כן, הנאשם נמלט ברכב עם אחר"", ""האם_הייתה_הובלת_נשק"": ""כן"", ""האם_הייתה_החזקה_של_נשק_בלא_רישיון"": ""כן"", ""האם_הייתה_החזקה_של_סם"": ""כן"", ""האם_הייתה_הימלטות_לאחר_המעשה"": ""כן"", ""האם_הייתה_התארגנות_מוקדמת"": ""כן, הגעה עם אחר ברכב, נשיאת נשק"", ""האם_הייתה_כוונה_לפגוע_חמורות"": ""כן, כוונה לגרום חבלה חמורה, נכות או מום"", ""האם_הייתה_נשיאת_נשק"": ""כן"", ""האם_הייתה_פגיעה_בגוף"": ""כן"", ""האם_הנאשם_נעצר_באותו_יום"": ""כן"", ""האם_הנשק_היה_ברישיון"": ""לא"", ""האם_הנשק_היה_תקין"": ""כן, בוצע ירי"", ""האם_הסם_הוחזק_לצריכה_עצמית"": ""כן"", ""השפעת_אחר_על_הנאשם"": ""היה אחר שסייע לוגיסטית אך לא השפיע על ההחלטה לבצע את הירי"", ""חלקו_היחסי_של_הנאשם"": ""הנאשם היה היורה והמבצע הישיר של העבירה, האחר שימש כנהג וסייע להימלטות"", ""יכולת_הבנה_של_הנאשם"": ""לא צוין קושי בהבנה, בגיר"", ""יכולת_שליטה_על_המעשה"": ""לא צוין קושי בשליטה, לא נטענה התגרות מצד המתלונן"", ""כמות_הסם_בגרם"": 1.5, ""מספר_כדורים_שנורו"": ""1"", ""מצוקה_נפשית_עקב_התעללות"": ""לא צוין"", ""מקום_ביצוע_העבירה"": ""עסק בו עבד המתלונן"", ""מקום_המעצר"": ""תחנת דלק פז, צומת האצטדיון, חיפה"", ""נזק_צפוי"": ""פגיעה חמורה בגוף, נכות או מום"", ""נזק_שנגרם"": ""שבר בירך, ניתוח, אשפוז, השארת קליע בגוף, גיבוס, פגיעה תפקודית"", ""ניצול_כוח_או_מעמד"": ""לא צוין ניצול מעמד או יחסים מיוחדים"", ""סוג_הנשק"": ""אקדח טעון בכדורים"", ""סוג_הסם"": ""קוקאין"", ""סוג_העבירה_העיקרית"": ""חבלה בכוונה מחמירה"", ""סיבת_ביצוע_העבירה"": ""לא פורטו מניעים או סיבות ישירות"", ""סכום_הכסף_שנתפס"": 1950, ""סעיף_עבירה_עיקרית"": ""329(א)(1) לחוק העונשין"", ""סעיפי_עבירות_נוספות"": [""144(ב) לחוק העונשין"", ""7(א)+(ג) סיפא לפקודת הסמים המסוכנים""], ""עבירות_נוספות"": [""נשיאת והובלת נשק ללא רישיון"", ""החזקת סם מסוכן לצריכה עצמית""], ""קרבה_לסייג_לאחריות_פלילית"": ""לא צוין"", ""שעת_ביצוע_העבירה"": ""14:55"", ""תכנון_מוקדם"": ""הנאשם הגיע למקום יחד עם אחר שנהג ברכב, נשא עמו אקדח טעון, קירב את הרכב לכניסה, המתין להזדמנות ודיבר עם המתלונן לפני ביצוע הירי""}","{""אכזריות_או_ניצול"": ""הפתעה וירי לעבר קבוצה ממרחק"", ""האם_היה_נשק_חם"": ""כן"", ""התגרות_נפגע"": ""לא צוין"", ""זהות_המעורבים_האחרים"": [""אחר שזהותו אינה ידועה""], ""זמן_העבירה"": ""בלילה, מעט לאחר חצות, בין 10.8.16 ל-11.8.16"", ""חומרת_החבלה"": ""חבלה חמורה"", ""חלקו_של_הנאשם"": ""הנאשם פעל יחד עם אחר שזהותו אינה ידועה, לא צוין מי מהם ירה בפועל"", ""טיפול_רפואי"": ""פונה לבית חולים"", ""יכולת_הבנה"": ""לא צוין קושי בהבנה או בגיל"", ""יכולת_שליטה_במעשה"": ""לא צוין קושי בשליטה"", ""מספר_יורים"": ""אדם אחד מתוך שניים, לא צוין מי"", ""מספר_מעורבים"": 2, ""מספר_קליעים"": ""קליע אחד"", ""מצוקה_נפשית_עקב_התעללות"": ""לא צוין"", ""מקום_העבירה"": ""גינה ציבורית בבת-ים"", ""מרחק_ירי"": ""כ-10 מטר"", ""נזק_צפוי"": ""פציעה חמורה או מוות כתוצאה מירי מנשק חם"", ""נזק_שנגרם"": ""פציעה חמורה ברגל"", ""ניצול_כוח_או_מעמד"": ""לא צוין"", ""נפגעים"": [""וויליאם קניסופה""], ""נשק_מעורב"": ""אקדח"", ""סוג_החבלה"": ""פצעי כניסה ויציאה בשוק רגל ימין"", ""סיבות_לביצוע"": ""סכסוך בין הנאשם לבני החבורה"", ""סעיפי_חוק"": [""סעיף 333"", ""סעיף 335(א)(2+1)"", ""סעיף 144(ב) רישא לחוק העונשין""], ""עבירות"": [""חבלה חמורה בנסיבות מחמירות"", ""נשיאת נשק שלא כדין""], ""פגיעה_בפועל"": ""כן"", ""קרבה_לסייג_לאחריות_פלילית"": ""לא צוין"", ""תכנון_מוקדם"": ""הנאשם והאחר הגיעו יחד לגינה בשעת לילה מאוחרת, רצו לעבר בני החבורה והפתיעו אותם""}",45.0,"1. **סוג העבירה וחומרתה**:  
שני התיקים כוללים עבירת חבלה בכוונה עם נשק חם, שהובילה לפציעה חמורה – במקרה הראשון שבר בירך עם נזק תפקודי, במקרה השני פצעי כניסה ויציאה ברגל. שני המקרים מוגדרים כחבלה חמורה או בנסיבות מחמירות, ובשניהם נעשה שימוש באקדח. עם זאת, תיק 1 מתייחס לירי מטווח קצר עם הצמדת אקדח לירך – מעשה אלים ו лично יותר – בעוד תיק 2 מתאר ירי ממרחק של 10 מטר מתוך פתעה, מה שמצביע על חומרה שונה במעט. הדמיון במערכת העבירות עקרית (חבלה עם נשק) הוא גבוה, אך אופי האלימות שונה.

2. **תפקיד הנאשם ומעורבותו**:  
בתיק 1, הנאשם מוגדר בבירור כמי שביצע את הירי – המבצע הישיר, עם אחר שסייע בהימלטות. בתיק 2, מעורבותו של הנאשם לא ברורה – הוא פעל עם אחר, אך לא צוין מי ירה. זה מפחית משמעותית מהדמיון, שכן בתיק 1 יש מעורבות ישירה וברורה, בעוד בתיק 2 יש ספק ביחס לתפקיד המדויק, מה שעלול להשפיע על עונש.

3. **שיטת הביצוע (MO)**:  
בתיק 1: תכנון מוקדם, הגעה ברכב, המתנה, דיבור עם הקורבן, ואז ירי מטווח קצר – מעשה אישי, מכוון, עם אינטימיות אלימה. בתיק 2: ירי בלילה מגינה ציבורית, ממרחק, מתוך פתעה, כחלק מסכסוך קבוצתי – אופי של ירי קבוצתי או מעשי נקם. שיטות הביצוע שונות מהותית: האחד אישי וסימבולי, השני קולקטיבי וסיטואציוני. אין דמיון משמעותי ב-MO.

4. **נסיבות הליבה**:  
שני המקרים כוללים תכנון מוקדם, שימוש באקדח תקין ללא רישיון, נזק גופני חמור, והימלטות. עם זאת, בהקשרים: תיק 1 התרחש ביום, במקום עבודה, בין אנשים שיכולים להכיר אחד את השני, עם אינטראקציה ישירה. תיק 2 התרחש בלילה, בגינה ציבורית, כחלק מסכסוך בין קבוצות. גם הכמות (1 קליע בשניהם) וגם היעדר ניסיון רצח (למרות נזק צפוי של מוות) דומים, אך ההקשר החברתי וה情境 שונה.

5. **ישימות כתקדים**:  
למרות הדמיון בפשעי נשק וחבלה חמורה, הבדלים מהותיים בתפקיד הנאשם, אופי האלימות, הקשר הסוציו-דינמי והMO מקטינים את הסבירות שבית המשפט יראה בתיק 2 תקדים רלוונטי לתיק 1. תקדים ענייני מחייב דמיון בנסיבות המשפטיות החשובות לענישה – כאן, האלימות האישית, הכוונה להפיל מום, והביצוע הישיר בתיק 1 יבדילו אותו מהאירוע הקבוצתי והשיטתי פחות בתיק 2.

SIMILARITY_SCORE: 45","ok",""
"ME-16-06-42987-901","ME-16-06-44840-433",3,1,1,"{""אכזריות_או_אלימות"": ""השלכת רימון הלם, ניסיון ירי, השלכת רימון גז"", ""האם_בוצע_ביחד_עם_אחרים"": ""כן"", ""האם_הושג_נזק_פיזי"": ""לא צוין"", ""האם_הושג_נזק_רכושי"": ""לא צוין"", ""האם_היה_ניסיון_לפגיעה_פיזית"": ""כן"", ""האם_היה_סכסוך_רקע"": ""כן"", ""האם_היו_קונים_שהם_שוטרים"": ""כן, שניים"", ""האם_הנאשם_הורשע_בעבירות_נוספות"": ""כן, סחר בסמים, החזקת סם, גניבה"", ""האם_הנאשם_החזיק_נשק_ללא_רישיון"": ""כן"", ""האם_הנאשם_היה_בהשפעת_אחרים"": ""כן, פעל יחד עם אחרים"", ""האם_הנאשם_היה_במצוקה_נפשית"": ""לא צוין"", ""האם_הנאשם_היה_קרוב_לסייג_פלילי"": ""לא צוין"", ""האם_הנאשם_השליך_רימון"": ""כן, רימון הלם ורימון גז"", ""האם_הנאשם_ניסה_לירות"": ""כן, אך הנשק לא פעל"", ""חלקו_היחסי_של_הנאשם"": ""פעיל מרכזי, ביצע את ההשלכה והניסיון לירי"", ""טווח_תמורה_לסחר"": ""100-400 ש\""ח"", ""יכולת_הבנה_של_הנאשם"": ""לא צוין קושי בהבנה"", ""יכולת_שליטה_במעשה"": ""לא צוין קושי בשליטה"", ""כמות_סמים_בכל_עסקה"": ""גרמים בודדים"", ""מניע_עבירה_ראשונה"": ""הטלת אימה על יושבי הבית"", ""מניע_עבירה_שנייה"": ""סכסוך עם אחרים"", ""מספר_אירועי_סחר_בסמים"": 5, ""מספר_אישומים"": 2, ""מספר_מעורבים_נוספים"": ""לפחות אחד (אמיר סלמה) ואחרים"", ""מספר_רימונים"": 3, ""מקום_ביצוע_עבירה_ראשונה"": ""בית משפחה בשכונת גילה, ירושלים"", ""מקום_ביצוע_עבירה_שנייה"": ""מקום בו שהו מסוכסכים עם הנאשם ואחרים"", ""נזק_צפוי"": ""פגיעה פיזית או נפשית ביושבי הבית ובמסוכסכים"", ""נזק_שנגרם"": ""הרימון התפוצץ בחצר, לא צוין נזק פיזי; ניסיון ירי שלא צלח"", ""ניצול_כוח_או_מעמד"": ""לא צוין"", ""סוג_הסם"": ""חשיש"", ""סוגי_נשק"": [""רימון הלם"", ""כלי נשק מאולתר"", ""רימון גז""], ""סעיפי_חוק_בתיק_הנשק"": [""144(ב)"", ""192"", ""329(א)(2)"", ""382(א)+25""], ""עבירות_בתיק_הנשק"": [""נשיאת נשק"", ""איומים"", ""ניסיון לחבלה מחמירה"", ""ניסיון תקיפה בנסיבות מחמירות""], ""עבירת_גניבה"": ""אופניים חשמליים"", ""שווי_הגניבה"": 3000, ""שנת_לידה_נאשם"": 1997, ""תאריך_הגניבה"": ""17.5.16"", ""תחמושת"": [""כדור בקליבר 9 מ\""מ""], ""תכנון_מוקדם"": ""כן, הנאשם הצטייד מראש בנשק ורימונים"", ""תקופת_ביצוע_עבירות_סמים"": ""מאי-יוני 2016""}","{""אופי_הנשק"": [""רימוני הלם"", ""רימון גז""], ""גיל_הנאשם_בעת_העבירה"": 23, ""האם_בוצעה_העבירה_במסגרת_קבוצתית"": ""כן"", ""האם_היה_נזק_צפוי"": ""כן"", ""האם_היה_תכנון_מוקדם"": ""כן"", ""האם_הייתה_אכזריות_או_ניצול_במעשה"": ""לא צוין"", ""האם_הייתה_התגרות_של_הנפגע"": ""לא צוין"", ""האם_הנאשם_הושפע_מאחרים"": ""כן, פעל לבקשת אלירון גולד"", ""האם_הנאשם_היה_בשליטה_על_מעשיו"": ""כן"", ""האם_הנאשם_הסביר_לאחר_כיצד_להשתמש_בנשק"": ""כן"", ""האם_הנאשם_ניצל_מעמד_או_יחסים"": ""לא צוין"", ""האם_הנשק_היה_חוקי"": ""לא"", ""האם_העביר_נשק_בין_מקומות_מסתור"": ""כן"", ""האם_העביר_נשק_לאחר"": ""כן"", ""האם_העבירה_בוצעה_בזיקה_לארגון_פשיעה"": ""לא צוין"", ""האם_העבירה_בוצעה_במקום_ציבורי"": ""כן, רחוב האפרסמון בירושלים"", ""האם_העבירה_בוצעה_לשם_רווח_כלכלי"": ""לא"", ""האם_העבירה_בוצעה_על_רקע_סכסוך"": ""כן"", ""האם_נגרם_נזק"": ""לא צוין נזק בפועל"", ""חלקו_של_הנאשם"": ""החזיק רימונים, הצטייד בהם, מסר רימון גז, הסביר כיצד להשתמש, השליך רימון גז, הטמין רימונים, העביר בין מקומות מסתור"", ""כמות_רימונים"": 3, ""מניע_לביצוע"": ""סכסוך בין חברו של הנאשם לאחרים"", ""מספר_מעורבים"": ""מספר משתתפים (הנאשם, אלירון גולד, חברים נוספים)"", ""סוג_העבירות"": [""נשיאת נשק"", ""החזקת נשק"", ""סיוע לנסיון תקיפה""], ""סוגי_נשק"": [""רימוני הלם"", ""רימון גז""], ""סעיפי_חוק"": [""144(ב)"", ""144(א)"", ""379"", ""25"", ""31""]}",78.0,"1. **סוג העבירה וחומרתה**: שני התיקים כוללים עבירות של נשיאת והחזקת נשק (רימוני הלם וגז), וכן קשר לניסיון תקיפה או לחבלה בנסיבות מחמירות. שני הנאשמים יוחסו לעבירות אלימות עם אמצעי הפצצה, אם כי בתיק 1 יש ניסיון ירי ותכנון ישיר יותר לביצוע פגיעה, מה שמגביל את הדמיון.  
2. **תפקיד הנאשם ומעורבותו**: בתיק 1 הנאשם הוא יזם מרכזי – השליך רימונים, ניסה לירות, הצטייד מראש. בתיק 2 הנאשם גם כן פעיל – מסר, הטמין, הסביר שימוש, השליך – אך פעל לבקשת אחר (אלירון גולד), מה שמרמז על מעורבות פחותה בהובלת המבצע.  
3. **שיטת הביצוע (MO)**: שניהם השתמשו ברימוני הלם וغاز, ביצעו את המעשים ברחוב/מקום ציבורי בירושלים, היו חלק מקבוצה, וביצעו את המעשים בהקשר של סכסוך interpersonal. קיים דפוס זהה כמעט בבחירה באמצעים ובאופן ההפעלה.  
4. **נסיבות הליבה**: בשני המקרים היה סכסוך אישי, תכנון מוקדם, שימוש ברימונים (3 יחידות), ואין דיווח על נזק פיזי בפועל. עם זאת, בתיק 1 יש הוספת נשק ירי וניסיון ממשי לפגוע, וכן עבירות סמים וגניבה – מה שמגדיל את החומרה.  
5. **ישימות כתקדים**: למרות שהנאשם בתיק 2 היה פחות יזמי, הדפוס הכולל של העבירה – סוג הנשק, הקשר לסכסוך, השילוב בין רימוני הלם וغاز, ביצוע קבוצתי, מקום ותכנון – מהווה בסיס חזק לשימוש כתקדים בענייני ענישה לעבירות נשיאת נשק ב b7 контекסט של טרור אישי או אימה מקומית.

SIMILARITY_SCORE: 78","ok",""
"ME-21-10-18557-340","SH-11-01-41775-497",1,0,0,"{""האם_בוצע_ירי_באזור_מגורים"": ""כן"", ""האם_בוצע_ירי_לעבר_אדם"": ""לא, הירי בוצע כלפי מעלה"", ""האם_היה_נזק_פוטנציאלי"": ""כן, סיכון חיי אדם"", ""האם_היה_סיכון_לחיי_אדם"": ""כן"", ""האם_היה_סכסוך_בין_הצדדים"": ""כן"", ""האם_הירי_בוצע_בכוונה_להפחיד"": ""כן"", ""האם_הירי_בוצע_בכוונה_להרוג"": ""לא"", ""האם_היתה_השפעה_של_אחרים_על_הנאשם"": ""ג'יהאד סייע אך לא השפיע על ההחלטה"", ""האם_היתה_התגרות_של_הנפגע"": ""לא צוין"", ""האם_היתה_כוונה_לפגוע_פיזית"": ""לא, כוונה להפחיד או להקניט"", ""האם_היתה_מצוקה_נפשית_של_הנאשם"": ""לא צוין"", ""האם_הנאשם_הבין_את_מעשיו"": ""כן"", ""האם_הנאשם_היה_בשליטה_על_מעשיו"": ""כן"", ""האם_הנאשם_ניצל_כוח_או_מעמד"": ""לא"", ""האם_הנשק_הוחזק_ללא_רשיון"": ""כן"", ""האם_הנשק_היה_ברכב"": ""כן"", ""האם_הנשק_טעון"": ""כן"", ""האם_העבירה_בוצעה_בסיוע_רכב"": ""כן"", ""האם_העבירה_בוצעה_בצוותא"": ""כן"", ""האם_העבירה_בוצעה_מתוך_תכנון"": ""כן, החזקת נשק, נסיעה יזומה למקום, נשיאה והובלה"", ""האם_העבירה_בוצעה_על_רקע_סכסוך"": ""כן"", ""האם_נגרם_נזק_פיזי"": ""לא"", ""חלקו_של_המסייע"": ""ג'יהאד - נהג, מסייע להובלה ונשיאה"", ""חלקו_של_הנאשם"": ""מרכזי, יוזם ומבצע עיקרי"", ""מטרת_הירי"": ""הפחדה או הקנטה"", ""מספר_יורים"": ""לפחות שניים"", ""מספר_מעורבים"": ""2 (הנאשם וג'יהאד)"", ""מקום_העבירה"": ""כפר אבו סנאן, אזור מגורים"", ""סוג_הנשק"": ""תת מקלע מאולתר"", ""סוג_העבירה"": ""עבירות בנשק וירי מנשק חם"", ""סעיפי_חוק"": [""144(א) רישא וסיפא"", ""144(ב) רישא וסיפא"", ""340א(ב)(1)"", ""340א(ב)(2)""], ""תחמושת"": ""מחסנית ולפחות שני כדורים בקליבר 9 מ\""מ""}","{""אכזריות_או_ניצול"": ""לא צוין"", ""התגרות_נפגע"": ""לא רלוונטי"", ""חלקו_היחסי_של_הנאשם"": ""מבצע יחיד"", ""יכולת_הבנה"": ""לא צוין קושי בהבנה"", ""יכולת_שליטה_במעשה"": ""לא צוין קושי בשליטה"", ""מועד_סיום_ההחזקה"": ""1.6.08"", ""מצוקה_נפשית_עקב_התעללות"": ""לא צוין"", ""מקום_החזקת_הנשק"": ""ביתו של הנאשם"", ""מקום_החזקת_התחמושת"": ""רכבו של הנאשם"", ""נזק_צפוי"": ""פוטנציאל נזק גבוה עקב סוג הנשק"", ""נזק_שנגרם"": ""לא צוין נזק בפועל"", ""ניצול_כוח_או_מעמד"": ""לא צוין"", ""סוג_הנשק"": ""אקדח"", ""סוג_העבירה"": ""החזקת נשק ונשיאת תחמושת"", ""סוג_התחמושת"": ""מחסנית ו-34 כדורי אקדח"", ""סיבות_לביצוע"": ""לא פורטו"", ""קרבה_לסייג_לאחריות_פלילית"": ""לא צוין"", ""רישיון_להחזקה"": ""ללא רישיון"", ""תכנון_מוקדם"": ""לא צוין תכנון מוקדם"", ""תקופת_ההחזקה"": ""כשנה וחצי""}",30.0,"1. **סוג העבירה וחומרתה** — תיק 1 עוסק בירי מנשק באזורי מגורים, עם כוונה להפחיד, תוך שימוש בנשק חם (תת מקלע מאולתר), וביצוע עבירה אלימה פוטנציאלית. תיק 2 עוסק בהחזקת נשק ואיסוף תחמושת ללא רישיון, ללא כל רמז לביצוע ירי או פעולה אלימה. אם כי שניהם בתחום עבירות הנשק, חומרת העבירה בתיק 1 גבוהה בהרבה בשל האלימות הפוטנציאלית, הביצוע הפעלי והסיכון לחיי אדם.

2. **תפקיד הנאשם ומעורבותו** — בתיק 1 הנאשם הוא יוזם ומבצע עיקרי, חלק מרכזי עם שותף. בתיק 2 מדובר בביצוע יחיד, אך רק בהחזקת נשק לאורך זמן — מעורבות פסיבית בהשוואה. אין דמיון משמעותי בתפקיד: פעיל מול אחסון סטטי.

3. **שיטת הביצוע (MO)** — בתיק 1 יש תכנון, נסיעה למקום, השתמשו ברכב, ירי, צוות, נשק טעון. זו עבירה דינמית. בתיק 2: החזקה ממושכת בבית וברכב, ללא פעולה חיצונית. אין דמיון בשיטת הביצוע.

4. **נסיבות הליבה** — בתיק 1: ירי באזור מגורים, סיכון חיים, כוונה להפחיד, נשק מאולתר, תכנון, השתתפות של אחרים. בתיק 2: החזקת נשק ואיסוף תחמושת ללא רישיון, אך ללא ירי, סכסוך, או פעולה אלימה. ההקשר完全不同: אחד הוא איום אלים במרחב ציבורי, השני הוא הפרה אדמיניסטרטיבית-פונקטואלית חמורה פחות.

5. **ישימות כתקדים** — בית משפט לא יראה בתיק 2 תקדים רלוונטי לענישה בתיק 1, שכן אין כאן השוואה בין עבירה פסיבית של החזקה לבין עבירה פעילה של ירי עם נשק. גם אם שניהם עוסקים בנשק ללא רישיון, ההקשר, הסיכון והכוונה מהווים פער משפטי מהותי.

SIMILARITY_SCORE: 30","ok",""
"ME-16-06-42987-901","ME-14-10-31218-522",1,0,0,"{""אכזריות_או_אלימות"": ""השלכת רימון הלם, ניסיון ירי, השלכת רימון גז"", ""האם_בוצע_ביחד_עם_אחרים"": ""כן"", ""האם_הושג_נזק_פיזי"": ""לא צוין"", ""האם_הושג_נזק_רכושי"": ""לא צוין"", ""האם_היה_ניסיון_לפגיעה_פיזית"": ""כן"", ""האם_היה_סכסוך_רקע"": ""כן"", ""האם_היו_קונים_שהם_שוטרים"": ""כן, שניים"", ""האם_הנאשם_הורשע_בעבירות_נוספות"": ""כן, סחר בסמים, החזקת סם, גניבה"", ""האם_הנאשם_החזיק_נשק_ללא_רישיון"": ""כן"", ""האם_הנאשם_היה_בהשפעת_אחרים"": ""כן, פעל יחד עם אחרים"", ""האם_הנאשם_היה_במצוקה_נפשית"": ""לא צוין"", ""האם_הנאשם_היה_קרוב_לסייג_פלילי"": ""לא צוין"", ""האם_הנאשם_השליך_רימון"": ""כן, רימון הלם ורימון גז"", ""האם_הנאשם_ניסה_לירות"": ""כן, אך הנשק לא פעל"", ""חלקו_היחסי_של_הנאשם"": ""פעיל מרכזי, ביצע את ההשלכה והניסיון לירי"", ""טווח_תמורה_לסחר"": ""100-400 ש\""ח"", ""יכולת_הבנה_של_הנאשם"": ""לא צוין קושי בהבנה"", ""יכולת_שליטה_במעשה"": ""לא צוין קושי בשליטה"", ""כמות_סמים_בכל_עסקה"": ""גרמים בודדים"", ""מניע_עבירה_ראשונה"": ""הטלת אימה על יושבי הבית"", ""מניע_עבירה_שנייה"": ""סכסוך עם אחרים"", ""מספר_אירועי_סחר_בסמים"": 5, ""מספר_אישומים"": 2, ""מספר_מעורבים_נוספים"": ""לפחות אחד (אמיר סלמה) ואחרים"", ""מספר_רימונים"": 3, ""מקום_ביצוע_עבירה_ראשונה"": ""בית משפחה בשכונת גילה, ירושלים"", ""מקום_ביצוע_עבירה_שנייה"": ""מקום בו שהו מסוכסכים עם הנאשם ואחרים"", ""נזק_צפוי"": ""פגיעה פיזית או נפשית ביושבי הבית ובמסוכסכים"", ""נזק_שנגרם"": ""הרימון התפוצץ בחצר, לא צוין נזק פיזי; ניסיון ירי שלא צלח"", ""ניצול_כוח_או_מעמד"": ""לא צוין"", ""סוג_הסם"": ""חשיש"", ""סוגי_נשק"": [""רימון הלם"", ""כלי נשק מאולתר"", ""רימון גז""], ""סעיפי_חוק_בתיק_הנשק"": [""144(ב)"", ""192"", ""329(א)(2)"", ""382(א)+25""], ""עבירות_בתיק_הנשק"": [""נשיאת נשק"", ""איומים"", ""ניסיון לחבלה מחמירה"", ""ניסיון תקיפה בנסיבות מחמירות""], ""עבירת_גניבה"": ""אופניים חשמליים"", ""שווי_הגניבה"": 3000, ""שנת_לידה_נאשם"": 1997, ""תאריך_הגניבה"": ""17.5.16"", ""תחמושת"": [""כדור בקליבר 9 מ\""מ""], ""תכנון_מוקדם"": ""כן, הנאשם הצטייד מראש בנשק ורימונים"", ""תקופת_ביצוע_עבירות_סמים"": ""מאי-יוני 2016""}","{""אופן_ביצוע"": ""השלכת רימון לעבר מרפסת לאחר שחרור נצרה"", ""אכזריות_או_ניצול_הנפגע"": ""לא צוין"", ""גיל_הנאשם_במועד_העבירה"": ""31"", ""האם_החזקה_או_שימוש"": ""החזקה ושימוש (השלכה והפעלה)"", ""האם_היה_רישיון"": ""לא"", ""האם_היה_תכנון_מוקדם"": ""לא צוין במפורש"", ""האם_הייתה_התגרות_מצד_הנפגע"": ""לא צוין"", ""האם_הנאשם_הושפע_מאחר"": ""לא צוין"", ""האם_הנאשם_פעל_לבד"": ""כן"", ""האם_הנשק_היה_תקין"": ""כן"", ""האם_העבירה_בוצעה_בלילה"": ""כן"", ""האם_העבירה_בוצעה_במקום_מגורים"": ""כן"", ""יכולת_הנשק_להזיק"": ""בכוחו של הרימון היה להזיק לאדם ולגרום פגיעה גופנית"", ""מועד_האירוע"": ""29/5/14 02:45"", ""מניע_העבירה"": ""לא צוין"", ""מספר_זיהוי_נשק"": ""E386201"", ""מצוקה_נפשית_של_הנאשם"": ""לא צוין"", ""מקום_האירוע"": ""מרפסת בית המתלונן, דיר אל אסד"", ""נזק_פיזי_לנפגע"": ""לא נגרם נזק גופני"", ""נזק_רכוש"": ""לא צוין"", ""נזק_שנגרם"": ""קול נפץ עז, העיר את המתלונן ושכנו משנתם"", ""ניצול_כוח_או_מעמד"": ""לא צוין"", ""סוג_הנשק"": ""רימון יד הלם/סינוור M7290"", ""סוג_העבירה"": ""החזקה ושימוש בנשק ללא רישיון"", ""סעיף_חוק"": ""144(א) לחוק העונשין"", ""קורבן_העבירה"": ""ד\""ר אמון חסן"", ""קרבה_לסייג_לאחריות_פלילית"": ""לא"", ""שליטה_במעשה"": ""שליטה מלאה"", ""שעת_העבירה"": ""02:45""}",35.0,"1. **סוג העבירה וחומרתה**:  
שני התיקים כוללים השלכת רימון הלם כחלק מהעבירה, אך בתיק 1 מדובר בעבירה אלימה בהקשר של סכסוך, סחר בסמים וגניבה, עם ניסיון ירי ואיומים בנסיבות מחמירות, בעוד בתיק 2 העבירה מוגבלת להשלכת רימון הלם ללא נזק פיזי, ללא רקע של עבירות נוספות או אלימות ישירה. החומרה בתיק 1 גבוהה בהרבה.

2. **תפקיד הנאשם ומעורבותו**:  
בתיק 1 הנאשם הוא עורך מרכזי, פעיל, חלק מקבוצה, עם מעורבות רחבה בעבירות מרובות (סמים, נשק, גניבה). בתיק 2 הנאשם פעל לבד, ללא רמז למעורבות בקבוצות או בעבירות נוספות – מעורבות מוגבלת וחד-פעמית.

3. **שיטת הביצוע (MO)**:  
שניהם כוללים השלכת רימון הלם, אך בתיק 1 מדובר במספר רימונים (כולל רימון גז), תכנון מוקדם, ניסיון ירי בנשק, והפעלה בהקשר של איום וסכסוך. בתיק 2 – השלכה בודדת, ללא נשק אחר, ללא תכנון מוקדם מוכח, ובלילה לבית פרטי. הדפוס שונה מבחינת קנה מידה ורצינות.

4. **נסיבות הליבה**:  
בתיק 1: תכנון, נשק תקין, פעילות קבוצתית, רקע של סכסוך, סחר בסמים, ניסיון לפגוע. בתיק 2: עבירה בודדת, ללא נזק פיזי, ללא רקע פלילי מוכח, ללא נשק נוסף או ניסיון לפגוע ישירות. ההקשר של איום, תכנון ומסגרת פלילית רחבה קיים רק בתיק 1.

5. **ישימות כתקדים**:  
הדמיון ב""השלכת רימון הלם לבית"" עשוי לעורר השוואה ראשונית, אך ההבדלים בנסיבות, חומרת העבירה, מעורבות נפשית, רקע פלילי ותפיסת הנאשם כמי שביצע סדרה של עבירות אלימות – מקטינים מאוד את הראיה כי תיק 2 יכול לשמש כתקדים ענייני לתיק 1. בית משפט יראה בהם מקרים שונים מהותית.

SIMILARITY_SCORE: 35","ok",""
"ME-18-05-32659-754","ME-15-02-9111-399",1,0,0,"{""אופן_החזקה"": ""הנשק והתחמושת הוסתרו במקומות שונים ברכב"", ""אכזריות_או_ניצול"": ""לא צוין"", ""האם_הייתה_אלימות_כלפי_שוטרים"": ""כן, דחיפות וניסיון להשתחרר מאחיזתם"", ""האם_הייתה_הובלה_או_נשיאה"": ""כן, נשיאה והובלה ברכב"", ""האם_הייתה_הודאה"": ""כן, במסגרת כתב אישום מתוקן"", ""האם_הייתה_הפרעה_לשוטר"": ""כן"", ""האם_הייתה_התנגדות_למעצר"": ""כן, דחף שוטרים וניסה להשתחרר מאחיזתם"", ""האם_הנשק_תקין"": ""הנשק מסוגל לירות כדור שבכוחו להמית אדם"", ""האם_העבירה_בוצעה_במהלך_פעילות_משטרתית"": ""כן, במהלך מחסום משטרתי"", ""התגרות_נפגע"": ""לא צוין"", ""חלקו_של_הנאשם"": ""נאשם יחיד, פעל לבדו"", ""יכולת_הבנה"": ""לא צוין קושי בהבנה או בגיל"", ""יכולת_שליטה"": ""הנאשם התנגד למעצר, דחף שוטרים וניסה להשתחרר מאחיזתם"", ""מספר_נשקים"": ""נשק אחד עיקרי (תת-מקלע מאולתר), תחמושת ורימונים"", ""מצוקה_נפשית"": ""לא צוין"", ""מקום_ביצוע"": ""בתוך רכב בירכא"", ""נזק_צפוי"": ""נשק חם ותחמושת בכמות שמסוגלת להמית אדם"", ""נזק_שנגרם"": ""לא נגרם נזק בפועל"", ""ניצול_כוח_או_מעמד"": ""לא צוין"", ""נשק_שהוחזק"": ""תת-מקלע מאולתר בקוטר 9 מ\""מ פאראבלום, מחסנית ריקה לעוזי, 9 כדורים לאקדח 9 מ\""מ פאראבלום, 10 כדורים בקוטר 5.56 מ\""מ, שני רימוני גז מדמיע, ערכת ניקוי נשק"", ""סוג_העבירה"": ""נשיאת והובלת נשק ללא רישיון, הפרעה לשוטר במילוי תפקידו"", ""סוג_הרימונים"": ""שני רימוני גז מדמיע"", ""סוג_התחמושת"": [""9 כדורים לאקדח 9 מ\""מ פאראבלום"", ""10 כדורים בקוטר 5.56 מ\""מ""], ""סיבות_לביצוע"": ""לא פורטו"", ""סעיפי_חוק"": [""144(ב) לחוק העונשין"", ""275 לחוק העונשין""], ""קרבה_לסייג_אחריות"": ""לא צוין"", ""תכנון_מוקדם"": ""לא צוין תכנון מוקדם""}","{""האם_הוסתר_או_הושלך_הנשק"": ""הושלך במהלך מנוסה"", ""האם_היה_נזק_פוטנציאלי"": ""כן, נשק ותחמושת בכוחם להמית אדם"", ""האם_היה_נזק_פיזי"": ""לא"", ""האם_הייתה_אכזריות_או_אלימות_נוספת"": ""לא"", ""האם_הייתה_השפעה_של_אחרים"": ""לא צוין"", ""האם_הייתה_התגרות_של_נפגע_העבירה"": ""לא"", ""האם_הייתה_התעללות_בנאשם"": ""לא"", ""האם_הייתה_כוונה_להשתמש_בנשק"": ""לא צוין"", ""האם_הייתה_מנוסה_מהמשטרה"": ""כן"", ""האם_הייתה_רשות_להחזקה_או_נשיאה"": ""לא"", ""האם_הייתה_תכנית_מוקדמת"": ""לא צוין"", ""האם_הנאשם_הבין_את_מעשיו"": ""כן"", ""האם_הנאשם_הורשע_בעבר_בעבירות_נשק"": ""לא צוין"", ""האם_הנאשם_היה_בשליטה_על_מעשיו"": ""כן"", ""האם_הנאשם_ניצל_מעמד_או_כוח"": ""לא"", ""האם_הנשק_מסוגל_לירות"": ""כן"", ""האם_הנשק_תקין"": ""כן"", ""האם_העבירה_בוצעה_בזיקה_לעבירות_נוספות"": ""לא"", ""האם_העבירה_בוצעה_במסגרת_קבוצתית"": ""לא"", ""האם_העבירה_בוצעה_במקום_ציבורי"": ""כן"", ""האם_העבירה_קשורה_לארגון_פשיעה"": ""לא"", ""זמן_ביצוע"": ""25.1.15, סמוך לשעה 15:00"", ""מספר_כדורים"": 13, ""מקום_ביצוע"": ""סוכת אבלים, כפר בענה"", ""נסיבות_המעשה"": ""הנאשם הבחין בשוטרים, החל במנוסה כשהוא נושא את האקדח והמחסנית, וזרק אותם במהלך המנוסה"", ""סוג_הנשק"": ""אקדח FN מספר 74423"", ""סוג_העבירה"": ""החזקה ונשיאת נשק ללא רישיון"", ""סוג_תחמושת"": ""מחסנית עם 13 כדורים 9 מ\""מ"", ""סעיפי_חוק"": [""144(א)"", ""144(ב)""]}",45.0,"1. **סוג העבירה וחומרתה** — שני התיקים עוסקים בהחזקת ונשיאת נשק ללא רישיון, עבירות חמורות לפי סעיף 144 א/ב לחוק העונשין. גם בשני המקרים הנשק היה תקין ומסוגל להמית, מה שמצביע על סיכון ממשי. עם זאת, בתיק 1 יש הפרעה לשוטר במילוי תפקידו וביתור פעיל, בעוד בתיק 2 אין אלימות או התנגדות ישירה, אלא מנוסה והשלכת נשק. החומרה בתיק 1 גבוהה יותר.

2. **תפקיד הנאשם ומעורבותו** — בשני המקרים מדובר בנאשמים יחידים שפעלו לבדם, ללא התייחסות לארגון פשיעה או מעורבות קבוצתית. אך בתיק 1 יש מעורבות פעילה בהסתרת הנשק והתנגדות למעצר, בעוד בתיק 2 המערכות מתמקדת במנוסה בלבד – פחות פעילה但从ית.

3. **שיטת הביצוע (MO)** — בתיק 1: נשק מוסתר בתוך רכב, במהלך מחסום משטרתי, התנגדות גופנית. בתיק 2: נשיאת נשק בגלוי (לצורך קצר), זריקתו בעת גילוי. השיטות שונות: הסתרה מתוכננת מול תגובה מיידית למנוסה. אין דפוס MO זהה.

4. **נסיבות הליבה** — בתיק 1: נשק מאולתר, תחמושת מרובה, רימוני גז, חבלה בשוטרים – נסיבות מחמירות. בתיק 2: נשק מסחרי, כמות תחמושת קטנה יחסית, אין אלימות. ההבדלים בצפיפות הנשק, סוגו וההתנהגות מול המשטרה מהווים פער משמעותי.

5. **ישימות כתקדים** — למרות הדמיון בסוג העבירה (נשיאה של נשק ללא רישיון), ההבדלים בציפייה משפטית הם משמעותיים: תיק 1 כולל התנגדות לשוטר, שימוש בכוח, והסתרת נשק – נסיבות שמשפיעות על עונש קנס ומאסר. תיק 2 הוא ""טהור"" יותר מבחינת העבירה, ללא אלימות. לכן, הקושחה של תיק 1 אינה רלוונטית ישירות כתיקון לעונש בתיק 2.

SIMILARITY_SCORE: 45","ok",""
"ME-16-05-336-804","ME-16-11-69158-529",2,0,1,"{""אופן_החזקה"": ""נשיאה בתיק גב"", ""האם_בוצעה_נקירה"": ""כן"", ""האם_בוצעה_פריקה"": ""כן"", ""האם_הושלך_הנשק_במהלך_הבריחה"": ""כן"", ""האם_הייתה_אכזריות_או_ניצול_נפגע"": ""לא"", ""האם_הייתה_בריחה_מהמשטרה"": ""כן"", ""האם_הייתה_התארגנות_מוקדמת"": ""לא צוין תכנון מוקדם"", ""האם_הייתה_התגרות_של_נפגע_העבירה"": ""לא"", ""האם_הייתה_כוונה_להעביר_את_הנשק_לאחר"": ""לא צוין"", ""האם_הייתה_כוונה_לשימוש_בכלי_הנשק"": ""לא צוין שימוש התקפי, בוצעה נקירה לשמיים"", ""האם_הייתה_מצוקה_נפשית_של_הנאשם"": ""לא צוין"", ""האם_הייתה_ניצול_כוח_או_מעמד"": ""לא"", ""האם_הייתה_פגיעה_באנשים"": ""לא"", ""האם_הייתה_פגיעה_ברכוש"": ""לא"", ""האם_הנאשם_הבין_את_מעשיו"": ""כן"", ""האם_הנאשם_היה_בשליטה_על_מעשיו"": ""כן"", ""האם_הנאשם_פעל_בהשפעת_אחר"": ""לא צוין"", ""האם_הנאשם_קרוב_לסייג_לאחריות_פלילית"": ""לא"", ""האם_הנשק_היה_ברישיון"": ""לא"", ""האם_הנשק_נתפס"": ""כן"", ""האם_העבירה_בוצעה_בזיקה_לארגון_פשיעה"": ""לא צוין"", ""האם_העבירה_בוצעה_במקום_סגור_או_פתוח"": ""פתוח (רחוב, רכב)"", ""האם_העבירה_בוצעה_בציבור"": ""כן, במהלך אירוע חינה"", ""האם_העבירה_בוצעה_לשם_רווח_כלכלי"": ""לא צוין"", ""זמן_העבירה"": ""שעת ערב, 24/04/16"", ""מחסניות_ריקות"": ""כן"", ""מספר_מחסניות"": ""2"", ""מספר_מעורבים"": ""2"", ""מקום_העבירה"": ""סמוך לטקס חינה, ברחוב, ובמכונית"", ""סוג_הנשק"": ""תת מקלע מאולתר מסוג קרל גוסטב"", ""סוג_העבירה"": ""נשיאה והובלת נשק, אביזר נשק ותחמושת"", ""סוג_תחמושת"": ""26 כדורים מסוג 9 מ\""מ"", ""סעיף_חוק"": ""144(ב) רישא וסיפא לחוק העונשין"", ""שמות_מעורבים"": ""הנאשם, רדואן סמארה"", ""תפקיד_המעורב_האחר"": ""נהג ברכב"", ""תפקיד_הנאשם"": ""נשא את הנשק, ביצע נקירה, הוביל את הנשק והתחמושת""}","{""אופן_הובלה"": ""בתיק בד, ברכב פרטי"", ""אופן_החזקה"": ""הוסתר באדמה, לאחר מכן הוסתר ברכב"", ""אכזריות_או_ניצול"": ""לא צוין"", ""האם_בוצעה_העבירה_בזיקה_לארגון_פשיעה"": ""לא צוין"", ""האם_בוצעה_העבירה_במהלך_סכסוך"": ""לא צוין"", ""האם_בוצעה_העבירה_למטרת_רווח"": ""לא צוין"", ""התגרות_נפגע"": ""לא צוין"", ""יכולת_הבנה_של_הנאשם"": ""לא צוין קושי"", ""יכולת_שליטה_במעשה"": ""לא צוין קושי"", ""מניע_העבירה"": ""לא צוין"", ""מספר_מחסניות"": 1, ""מספר_נשקים"": 1, ""מספר_סוגי_תחמושת"": 1, ""מצוקה_נפשית_של_הנאשם"": ""לא צוין"", ""מקום_הירי"": ""חצר בית מגורים בטייבה"", ""נזק_צפוי"": ""סיכון חיי אדם באזור מגורים"", ""נזק_שנגרם"": ""לא צוין נזק קונקרטי"", ""ניצול_כוח_או_מעמד"": ""לא צוין"", ""סוג_הירי"": ""ירי צרור כדורים כלפי מעלה"", ""סוג_הנשק"": ""תת-מקלע קרלו (קרל גוסטב)"", ""סוג_העבירה"": ""נשיאת נשק ותחמושת, ירי באזור מגורים"", ""סוג_התחמושת"": ""9 מ\""מ"", ""סעיפי_חוק"": [""144(ב) רישא וסיפא לחוק העונשין"", ""340א לחוק העונשין""], ""עיתוי_הירי"": ""אירוע משפחתי, בשעה 21:00 לערך"", ""קרבה_לסייג_לאחריות_פלילית"": ""לא צוין"", ""תכנון_מוקדם"": ""הנשק והתחמושת הוסתרו מראש והובאו לאירוע""}",78.0,"1. **סוג העבירה וחומרתה** — שני התיקים כוללים עבירות של נשיאת נשק לא מורשה וירי כלפי מעלה, במסגרת אירוע חברתי, וב两手 Violation של סעיף 144(ב) רישא וסיפא (נשיאה והובלת נשק). בנוסף, בתיק 2 מופיעה גם עבירת ירי באזור מגורים לפי סעיף 340א, מה שמגביל אותו כחמור יותר. עם זאת, בשני המקרים אין פגיעה ישירה, אך הסיכון לסכנה ציבורית קיים. הדמיון בסוג העבירה הוא גבוה, אם כי חומרתה בתיק 2 עלולה להיחשב גבוהה יותר בשל הירי בחצר בית במושב.

2. **תפקיד הנאשם ומעורבותו** — בתיק 1 הנאשם הוא פעיל: נשא את הנשק, ביצע נקירה לשמיים, הובל את התחמושת, ופעל כמנהיג בהובלת הנשק. בתיק 2, אף על פי שלא צוין שם הנאשם באופן מפורש, מתברר שהוא היה מעורב בהסתרת הנשק והובלתו לאירוע, וביצוע ירי. גם כאן מדובר במעורבות פעילה, אם כי פחות ברורה בהקשר של מנהיגות או יזמות. בכל אופן, שניהם מחזיקים ונעזרים בנשק באירוע חברתי – דפוס של השתפות ישירה.

3. **שיטת הביצוע (MO)** — בשני המקרים מדובר בנשיאת נשק מאולתר מסוג קרל גוסטב, תוך הסתרה (בתיק גב / תיק בד), והובלה ברכב. הירי מבוצע כלפי מעלה במהלך אירוע חברתי (חינה / אירוע משפחתי), ללא ירי התקפי. גם בשני המקרים יש השתקפות של ""הפגנת כוח"" או מסורת, ולא שימוש התקפי. MO זהה למדי – נשק מאולתר, הסתרה, הובלה, ואז ירי ש ceremonial.

4. **נסיבות הליבה** — בשני המקרים הירי מתרחש בשעת ערב, באירוע פתוח בתוך הקהילה (חינה/אירוע משפחתי), באזור מגורים, עם סיכון לסכנה ציבורית. הכמויות קטנות (1–2 מחסניות), אין נפגעים, אין נשק רשמי. ההבדל המרכזי הוא שתיק 2 כולל ירי *בחצר בית*, כלומר במקום סגור יותר, בעוד תיק 1 כולל תנועה בין רחוב לרכב, עם בריחה. כמו כן, בתיק 1 דווקא בוצעה פריקה והשלכת נשק – מעשה שמעיד על תגובה למשטרה, מה שאינו צוין בתיק 2.

5. **ישימות כתקדים** — שני התיקים עוסקים בעבירות נשיאת נשק מאולתר וירי ש ceremonial, ללא כוונה פגיעה, אך עם סיכון ציבורי. הם עשויים לשמש תקדימים זה לזה בעיקר בהערכת עונש בסוג עבירות של ""נשיאה + ירי שמהווים הדגשה חברתית"", במיוחד כשאין נפגעים. עם זאת, תערובת העבירות בתיק 2 (כולל סעיף 340א) ומקום הירי (חצר בית) עלולים להצדיק עונש כבד יותר, ולכן הדמיון אינו מלא. אך מבחינת דפוס התנהגות – מאוד קרוב.

SIMILARITY_SCORE: 78","ok",""
"SH-17-10-10556-234","m07001074-98",2,0,1,"{""אכזריות_או_ניצול"": ""לא צוין"", ""בעלות_הנשק"": ""הנשק היה בבעלותו של אחר"", ""האם_הייתה_רשות_להחזקה"": ""לא"", ""האם_הנשק_הוסתר"": ""כן, הוסתר בשקית בחצר ובכפפה מתחת למזרון בערימת זבל"", ""האם_הנשק_היה_טעון"": ""כן, מחסנית אחת הייתה טעונה"", ""האם_הנשק_היה_תקין"": ""לא צוין"", ""האם_העבירה_בוצעה_במקום_ציבורי"": ""לא, בסמוך לבית הנאשם ובחצר"", ""התגרות_נפגע"": ""לא רלוונטי"", ""חלקו_היחסי_של_הנאשם"": ""החזקה פיזית של הנשק"", ""יכולת_הבנה"": ""לא צוין קושי בהבנה"", ""יכולת_שליטה_במעשה"": ""לא צוין קושי בשליטה"", ""מיקום_הנשק"": [""שקית בחצר הסמוכה לבית הנאשם"", ""כפפה מתחת למזרון בערימת זבל במרחק כ-100 מטרים מביתו""], ""מספר_מחסניות"": 2, ""מספר_נשקים"": 1, ""מספר_קליעים"": 10, ""מצוקה_נפשית_עקב_התעללות"": ""לא צוין"", ""נזק_צפוי"": ""פוטנציאל נזק גבוה עקב החזקת נשק חם ותחמושת"", ""נזק_שנגרם"": ""לא צוין נזק בפועל"", ""ניצול_כוח_או_מעמד"": ""לא צוין"", ""סוג_הנשק"": ""אקדח"", ""סוג_העבירה"": ""החזקת נשק והחזקת אביזר נשק לתחמושת"", ""סוג_התחמושת"": ""מחסנית ובה 10 קליעים בקוטר 8 מ\""מ"", ""סיבות_לביצוע"": ""לא צוין"", ""סעיפי_חוק"": [""144(א) רישא"", ""144(א) סיפא""], ""קרבה_לסייג_לאחריות_פלילית"": ""לא צוין"", ""תכנון_מוקדם"": ""לא צוין תכנון מוקדם""}","{""אופן_ההשגה"": ""מציאה בשטח אדמה"", ""האם_בוצע_חיפוש_משטרתי"": ""כן"", ""האם_הוסגר_מרצון"": ""לא"", ""האם_היה_נזק_צפוי"": ""כן, פוטנציאל מסוכן"", ""האם_היה_ניצול_מעמד_או_כוח"": ""לא"", ""האם_היה_רישיון"": ""לא"", ""האם_הייתה_אכזריות_או_ניצול"": ""לא"", ""האם_הייתה_השפעה_של_אחרים"": ""לא"", ""האם_הייתה_התגרות_או_התעללות"": ""לא"", ""האם_הייתה_כוונה_להחזיק_בנשק"": ""כן"", ""האם_הייתה_כוונה_להשתמש_בנשק"": ""לא צוין"", ""האם_הייתה_פגיעה_בפועל"": ""לא"", ""האם_הייתה_תכנית_מוקדמת"": ""לא, מדובר במציאה ספונטנית"", ""האם_הנאשם_הודה"": ""כן"", ""האם_הנאשם_ידע_שאין_לו_היתר"": ""כן"", ""האם_הנשק_נתפס"": ""כן"", ""חלקו_היחסי_של_הנאשם"": ""בלעדי"", ""מקום_ההחבאה"": ""מעל ארון בגדים בבית הנאשם"", ""מקום_המציאה"": ""שטח אדמה סמוך לכפר מגורי הנאשם"", ""משך_ההחזקה"": ""כ-4 ימים"", ""סוג_הנשק"": ""עוזי ושתי מחסניות"", ""סוג_העבירה"": ""החזקת נשק ללא רישיון"", ""סעיף_חוק"": ""144(א) רישא לחוק העונשין"", ""פעולות_שבוצעו_בנשק"": ""נשיאה, הובלה, החבאה""}",45.0,"1. **סוג העבירה וחומרתה** — שני התיקים עוסקים בהחזקת נשק ללא רישיון, בהתאם לסעיף 144(א) רישא, ובשניהם אין רמז לשימוש בנשק או לפגיעה בפועל. עם זאת, תיק 1 כולל גם החזקת אביזר נשק (מחסנית), ומעורב אקדח טעון, בעוד בתיק 2 מדובר בעוזי שנמצא במציאה, מה שמצביע על חומרה דומה אך לא זהה.  
2. **תפקיד הנאשם ומעורבותו** — בתיק 1, הנאשם החזיק פיזית בנשק שהוסתר בשני אתרים, אך לא מוזכר שהוא מצאו או יצר אותו. בתיק 2, הנאשם מצא את הנשק באופן ספונטני והחזיק בו. מעורבותו של כל אחד היא ישירה, אך בתיק 2 יש הודאה ובהקשר של מציאה, מה שעשוי להפחית את רמת האחריות המוראלית לעומת החזקה מכוונת.  
3. **שיטת הביצוע (MO)** — בשני המקרים יש הסתרת הנשק בבית/בסמוך לבית (בחצר, מעל ארון), מה שמעיד על מודעות לחומרת העבירה. עם זאת, בתיק 1 יש הסתרה בכפפה ובשקית, ובמרחק 100 מטר מהבית – מעשה שמעיד על שיקול ותכנון ברמת סיכון גבוהה יותר בהשוואה להחבאה מעל ארון בבית.  
4. **נסיבות הליבה** — בתיק 1: נשק טעון, מחסניות מרובות, כמויות תחמושת, פוטנציאל נזק גבוה. בתיק 2: נשק לא טעון (לא צוין), החזקה קצרה יחסית (4 ימים), מציאה ולא רכישה. אין שימוש, אכזריות או ניצול. התקריב המרחבי והכמותי בתיק 1 מעידים על סיכון גבוה יותר.  
5. **ישימות כתקדים** — שני התיקים רלוונטיים להשוואה מבחינת סעיף 144(א), אך ההבדלים בצורת ההשגת הנשק (מציאה מול החזקה ללא ידיעת המקור), חומרת הנשק, אופן ההסתרה ומשך ההחזקה מונעים מהן להיות תיקים עם דמיון משפטי מהותי. בית משפט יבחן אותם בנפרד, עם הקדשת משקל שונה לעצם המציאה וההודאה בתיק 2.

SIMILARITY_SCORE: 45","ok",""
"SH-19-07-60805-168","ME-14-10-31218-522",1,0,0,"{""אכזריות_או_ניצול"": ""לא צוין"", ""האם_החזקה_היתה_ברישיון"": ""לא"", ""האם_הנאשם_הודה"": ""כן"", ""האם_הנשק_הוסתר"": ""כן, מתחת לשטיח הגלגל הרזרבי בתא המטען"", ""האם_הנשק_היה_תקין"": ""כן, מסוגל לירי"", ""התגרות_נפגע"": ""לא רלוונטי"", ""חלקו_היחסי_של_הנאשם"": ""נאשם יחיד"", ""יכולת_הבנה_של_הנאשם"": ""לא צוין"", ""יכולת_שליטה_במעשה"": ""לא צוין"", ""כמות_תחמושת"": ""10 כדורים"", ""מצוקה_נפשית_של_הנאשם"": ""לא צוין"", ""מקום_החזקה"": ""בתא המטען ברכב מסוג לקסוס, מתחת לשטיח הגלגל הרזרבי"", ""נזק_צפוי"": ""פוטנציאל נזק גבוה עקב החזקת נשק ותחמושת"", ""נזק_שנגרם"": ""לא צוין"", ""ניצול_כוח_או_מעמד"": ""לא צוין"", ""סוג_הנשק"": ""אקדח חצי אוטומטי מסוג גז/הזנקה שהוסב לירי כדורים חיים"", ""סוג_העבירה"": ""החזקת נשק ותחמושת שלא כדין"", ""סוג_התחמושת"": ""מחסנית מתאימה לאקדח חצי אוטומטי מסוג סמית' אנד ווסון"", ""סיבות_לביצוע"": ""לא צוין"", ""סעיף_חוק"": ""144(א) רישא וסיפא לחוק העונשין, התשל\""ז – 1977"", ""קוטר_תחמושת"": ""9 מ\""מ פאראבלום"", ""קרבה_לסייג_לאחריות_פלילית"": ""לא צוין"", ""רכב_מעורב"": ""לקסוס מ.ר. 72-111-79"", ""שינוי_ייעוד_נשק"": ""בוצע שינוי בייעודו המקורי של האקדח, מסוגל לירות כדורי אקדח"", ""תאריך_ביצוע"": ""08.07.19"", ""תכנון_מוקדם"": ""לא צוין""}","{""אופן_ביצוע"": ""השלכת רימון לעבר מרפסת לאחר שחרור נצרה"", ""אכזריות_או_ניצול_הנפגע"": ""לא צוין"", ""גיל_הנאשם_במועד_העבירה"": ""31"", ""האם_החזקה_או_שימוש"": ""החזקה ושימוש (השלכה והפעלה)"", ""האם_היה_רישיון"": ""לא"", ""האם_היה_תכנון_מוקדם"": ""לא צוין במפורש"", ""האם_הייתה_התגרות_מצד_הנפגע"": ""לא צוין"", ""האם_הנאשם_הושפע_מאחר"": ""לא צוין"", ""האם_הנאשם_פעל_לבד"": ""כן"", ""האם_הנשק_היה_תקין"": ""כן"", ""האם_העבירה_בוצעה_בלילה"": ""כן"", ""האם_העבירה_בוצעה_במקום_מגורים"": ""כן"", ""יכולת_הנשק_להזיק"": ""בכוחו של הרימון היה להזיק לאדם ולגרום פגיעה גופנית"", ""מועד_האירוע"": ""29/5/14 02:45"", ""מניע_העבירה"": ""לא צוין"", ""מספר_זיהוי_נשק"": ""E386201"", ""מצוקה_נפשית_של_הנאשם"": ""לא צוין"", ""מקום_האירוע"": ""מרפסת בית המתלונן, דיר אל אסד"", ""נזק_פיזי_לנפגע"": ""לא נגרם נזק גופני"", ""נזק_רכוש"": ""לא צוין"", ""נזק_שנגרם"": ""קול נפץ עז, העיר את המתלונן ושכנו משנתם"", ""ניצול_כוח_או_מעמד"": ""לא צוין"", ""סוג_הנשק"": ""רימון יד הלם/סינוור M7290"", ""סוג_העבירה"": ""החזקה ושימוש בנשק ללא רישיון"", ""סעיף_חוק"": ""144(א) לחוק העונשין"", ""קורבן_העבירה"": ""ד\""ר אמון חסן"", ""קרבה_לסייג_לאחריות_פלילית"": ""לא"", ""שליטה_במעשה"": ""שליטה מלאה"", ""שעת_העבירה"": ""02:45""}",45.0,"1. **סוג העבירה וחומרתה**: שני התיקים עוסקים בהחזקת נשק ללא רישיון לפי סעיף 144(א) לחוק העונשין, אך בתיק 2 יש גם שימוש בנשק (השלכת רימון), מה שמגדיל את חומרת העבירה לעומת החזקה בלבד בתיק 1. בעוד שתיק 1 עוסק בהחזקת נשק ירי תקין, תיק 2 עוסק בשימוש בנשק הלם – שונה בסוגו ובמטרתו, אם כי שניהם מצריכים ענישה מחמירה.  
   
2. **תפקיד הנאשם ומעורבותו**: בכל אחד מהתיקים הנאשם הוא עורך יחיד, פעיל וברשות מלאה של השליטה על הנשק. אין שותפים או מתווכים – מעורבות ישירה וחד-משמעית. הדמיון כאן גבוה.

3. **שיטת הביצוע (MO)**: בתיק 1 מדובר בהסתרת נשק ברכב, באופן מכוון ולא זמני; בתיק 2 – שימוש מיידי ונגיח בנשק הלם בלילה, בבית הקורבן. שיטת הביצוע שונה מהותית: האחד עקרוני והולם החזקה סמויה, השני אקטיבי ואגרסיבי, עם אלמנט של פגיעה פסיכולוגית ישירה.

4. **נסיבות הליבה**: בתיק 1 – נשק ירי תקין, כמות מוגבלת של תחמושת, ללא נזק ישיר. בתיק 2 – נשק לא קטלני (הלם/סינוור), אך נעשה בו שימוש במגורים, בלילה, למטרה אינטימידטיבית. גם כאן, הפוטנציאל לנזק קיים בשני המקרים, אך רק בתיק 2 יש פעולה מכוונת נגד אדם ספציפי, עם השפעה מידית על קורבן.

5. **ישימות כתקדים**: למרות השונה בסוג הנשק ובשיטת השימוש, שני התיקים מבוססים על אי-ציות לאותו סעיף חוקי (144(א)) והפרה דומה של הסדר הציבורי. עם זאת, בית משפט יבחין בין החזקה של נשק ירי לבין שימוש בנשק הלם למטרות אינטימידציה – ההקשר שונה מדי כדי להצדיק ענישה זהה או שימוש ישיר בתקדים. הרף לחומרה בתיק 2 עשוי להיות גבוה יותר בשל האופי האגרסיבי של הפעולה.

SIMILARITY_SCORE: 45","ok",""
"ME-16-06-44840-433","SH-11-05-24791-315",1,0,0,"{""אופי_הנשק"": [""רימוני הלם"", ""רימון גז""], ""גיל_הנאשם_בעת_העבירה"": 23, ""האם_בוצעה_העבירה_במסגרת_קבוצתית"": ""כן"", ""האם_היה_נזק_צפוי"": ""כן"", ""האם_היה_תכנון_מוקדם"": ""כן"", ""האם_הייתה_אכזריות_או_ניצול_במעשה"": ""לא צוין"", ""האם_הייתה_התגרות_של_הנפגע"": ""לא צוין"", ""האם_הנאשם_הושפע_מאחרים"": ""כן, פעל לבקשת אלירון גולד"", ""האם_הנאשם_היה_בשליטה_על_מעשיו"": ""כן"", ""האם_הנאשם_הסביר_לאחר_כיצד_להשתמש_בנשק"": ""כן"", ""האם_הנאשם_ניצל_מעמד_או_יחסים"": ""לא צוין"", ""האם_הנשק_היה_חוקי"": ""לא"", ""האם_העביר_נשק_בין_מקומות_מסתור"": ""כן"", ""האם_העביר_נשק_לאחר"": ""כן"", ""האם_העבירה_בוצעה_בזיקה_לארגון_פשיעה"": ""לא צוין"", ""האם_העבירה_בוצעה_במקום_ציבורי"": ""כן, רחוב האפרסמון בירושלים"", ""האם_העבירה_בוצעה_לשם_רווח_כלכלי"": ""לא"", ""האם_העבירה_בוצעה_על_רקע_סכסוך"": ""כן"", ""האם_נגרם_נזק"": ""לא צוין נזק בפועל"", ""חלקו_של_הנאשם"": ""החזיק רימונים, הצטייד בהם, מסר רימון גז, הסביר כיצד להשתמש, השליך רימון גז, הטמין רימונים, העביר בין מקומות מסתור"", ""כמות_רימונים"": 3, ""מניע_לביצוע"": ""סכסוך בין חברו של הנאשם לאחרים"", ""מספר_מעורבים"": ""מספר משתתפים (הנאשם, אלירון גולד, חברים נוספים)"", ""סוג_העבירות"": [""נשיאת נשק"", ""החזקת נשק"", ""סיוע לנסיון תקיפה""], ""סוגי_נשק"": [""רימוני הלם"", ""רימון גז""], ""סעיפי_חוק"": [""144(ב)"", ""144(א)"", ""379"", ""25"", ""31""]}","{""אכזריות_או_ניצול_נפגע"": ""לא"", ""האם_בוצע_תכנון_מוקדם"": ""לא צוין"", ""האם_החזקה_ברישיון"": ""לא"", ""האם_הייתה_עסקה_מסחרית"": ""לא"", ""האם_הנשק_היה_תקין"": ""לא צוין"", ""חלקו_היחסי_של_הנאשם"": ""בלעדי"", ""יכולת_הבנה_של_הנאשם"": ""לא צוין"", ""יכולת_שליטה_במעשה"": ""לא צוין"", ""מועד_העבירה"": ""19/07/09 בשעה 21:00 לערך"", ""מספר_נאשמים"": 1, ""מצוקה_נפשית_או_התגרות"": ""לא צוין"", ""מקום_החזקה"": ""בית הנאשמת בכפר עין-נקובא"", ""נזק_שהיה_צפוי"": ""פוטנציאל מסוכן מהחזקת נשק חם"", ""נזק_שנגרם"": ""לא צוין"", ""ניצול_כוח_או_מעמד"": ""לא"", ""סוג_האביזר"": ""שתי מחסניות תואמות"", ""סוג_הנשק"": ""אקדח חצי אוטומטי FN"", ""סוג_העבירה"": ""החזקת נשק ואביזר לנשק ללא רישיון"", ""סיבות_לביצוע_העבירה"": ""לא צוין"", ""סעיפי_חוק"": [""144(א) רישא"", ""144(א) סיפא""], ""קרבה_לסייג_לאחריות_פלילית"": ""לא""}",25.0,"1. **סוג העבירה וחומרתה** — תיק 1 עוסק בהחזקת והעברת רימוני הלם וגז, סיוע לתקיפה, עם תכנון ומעורבות קבוצתית; זו עבירה אלימה עם נזק צפוי גבוה. תיק 2 עוסק בהחזקת מחסניות לאקדח חם ללא רישיון, אך ללא ראיות לביצוע תקיפה או תכנון. חומרת העבירה בתיק 1 גבוהה בהרבה, גם עקב ההקשר האלימי והציבורי.  
   
2. **תפקיד הנאשם ומעורבותו** — בתיק 1 הנאשם מעורב פעיל: מחזיק, מעביר, מסביר שימוש, מטמין, משליך — פעילות מרובת שלבים. בתיק 2 מדובר בהחזקת אביזר לנשק בלבד, ללא מעורבות בתקיפה או בהעברה — מעורבות פסיבית בהשוואה.  

3. **שיטת הביצוע (MO)** — בתיק 1 יש תכנון, פעילות צבורית, שימוש ברימונים בהקשר של סכסוך, העברה בין מסתורים. בתיק 2 אין מידע על שיטת ביצוע, אך מדובר בהחזקת אביזר בבית, ללא רמז לתכנון או ביצוע מעשה אלים. אין דפוס דומה.  

4. **נסיבות הליבה** — בתיק 1: מקום ציבורי, סכסוך, תכנון, נזק צפוי, מעורבות קבוצתית, העברה והצטיידות. בתיק 2: החזקה פרטית, ללא תכנון ידוע, ללא נזק בפועל או ניסיון לתקיפה. ההבדלים בהיקף, מקום ובנסיבות הם דרמטיים.  

5. **ישימות כתקדים** — בית משפט לא יראה בתיק 2 תקדים רלוונטי לעניין ענישה בתיק 1, בשל הבדלים מהותיים בסוג העבירה, רמת האלימות, המעורבות וההקשר. תיק 1 מצריך שיקול של עבירה אלימה עם נזק צפוי, בעוד תיק 2 הוא עבירה טכנית של החזקה ללא רישיון.  

SIMILARITY_SCORE: 25","ok",""
"ME-16-08-229-604","ME-16-05-19384-544",1,0,0,"{""אכזריות_או_ניצול"": ""הירי לעבר חיילים, יידוי בקבוקי תבערה ואבנים, ניסיון הצתה, ירי באוויר באזור מגורים - מעשים מסוכנים אך לא תוארה אכזריות מיוחדת או התעללות."", ""גיל_הנאשם"": ""לא צוין במפורש, אך סיים מבחני בגרות ביולי 2016."", ""האם_הנאשם_היה_יוזם_או_מבצע_משני"": ""לעיתים יוזם (גניבה, ייצור נשק), לעיתים מבצע משני (מסירת נשק לצלאח)."", ""האם_הנאשם_פעל_בצוותא"": ""כן, חלק מהעבירות בוצעו עם אחרים (צלאח, חברים לא מזוהים)."", ""האם_הנאשם_פעל_לבד"": ""כן, חלק מהעבירות בוצעו לבד (גניבת קטנוע, ירי באוויר)."", ""האם_הנשק_היה_ברשות_הנאשם_לזמן_ממושך"": ""החזיק רובה M16 ואקדח לתקופות שונות."", ""השפעת_אחר_על_הנאשם"": ""בחלק מהמקרים פעל לבקשת אחרים (הסתרת הנשק, מסירתו לצלאח, ניסיון רכישת נשק מקדרי)."", ""השתתפות_בהתפרעויות"": ""יידוי אבנים ובקבוקי תבערה לעבר כוחות ביטחון בשלוש הזדמנויות."", ""חלקו_היחסי_של_הנאשם"": ""הנאשם פעל לעיתים לבד (גניבת קטנוע, ירי באוויר), ולעיתים בצוותא עם אחרים (פיגוע ירי, עימותים, ייצור נשק)."", ""יכולת_הבנה"": ""הנאשם היה בגיר, סיים מבחני בגרות, לא צוין קושי בהבנה או בגיל."", ""יכולת_הימנעות_ושליטה"": ""הנאשם פעל ביוזמתו, לעיתים סירב להצעות (חברו סירב להשתתף בגניבה), לא צוין קושי בשליטה."", ""מספר_אירועים"": ""שלושה אישומים עיקריים, מספר אירועים נפרדים (פיגוע ירי, עימותים, גניבת קטנוע, ירי באוויר)."", ""מספר_יריות"": ""שמונה יריות לעבר חיילים, שמונה יריות באוויר."", ""מצוקה_נפשית_עקב_התעללות"": ""לא צוינה מצוקה נפשית או התעללות מצד נפגעי העבירה."", ""מקום_ביצוע"": ""תל אביב (גניבת קטנוע), מחנה הפליטים קלנדיה, רמאללה, שער שכם, כפר עקב."", ""מרחק_ירי"": ""ירי לעבר חיילים ממרחק של כ-250 מטר."", ""נזק_צפוי"": ""ירי לעבר חיילים ממרחק 250 מטר, יידוי אבנים ובקבוקי תבערה לעבר כוחות ביטחון, ירי באוויר באזור מגורים, ניסיון הצתה."", ""נזק_שנגרם"": ""לא דווח על פגיעות פיזיות בפועל, אך נגרם נזק פוטנציאלי גבוה לביטחון הציבור ולרכוש."", ""ניסיון_הצתה"": ""ניסיון לשלח אש במזיד בדבר לא לו."", ""ניצול_כוח_או_מעמד"": ""לא צוין ניצול לרעה של כוח, מעמד או יחסים."", ""סוג_נשק"": ""רובה M16 קצר, אקדח 9 מ\""מ (אקדח בלגי), תחמושת."", ""סוגי_עבירות"": ""חבלה בכוונה מחמירה, נשיאת נשק, החזקת נשק, גניבת רכב, ייצור נשק, הפרעה לשוטר בנסיבות מחמירות, ניסיון הצתה, ירי בשטח בנוי."", ""סיבות_לביצוע"": ""מניעים אידיאולוגיים (פיגוע ירי, עימותים בתקופת גל טרור), מניעים פליליים (גניבת קטנוע, החזקת נשק)."", ""קרבה_לסייג_לאחריות_פלילית"": ""לא צוינה קרבה לסייג לאחריות פלילית."", ""קשר_משפחתי_לנשק"": ""קיבל אקדח מאביו, החזיק אותו בבית בן דודו."", ""רקע_אידיאולוגי"": ""השתתפות בעימותים ותקיפות בתקופת גל טרור."", ""שיטת_גניבה"": ""הנעת קטנוע באמצעות חיבור חוטים."", ""שיטת_הסתרה"": ""הסתרת רובה בבית ובחנות אטליז, הסתרת אקדח בבית בן דוד."", ""שיטת_העברה"": ""העברת נשק מוסתר בקטנוע."", ""שימוש_ברכב_גנוב"": ""השתמש בקטנוע גנוב לביצוע עבירות נוספות."", ""תכנון_מוקדם"": ""הנאשם גמלה בליבו ההחלטה לגנוב קטנוע, תיאם עם אחרים ביצוע פיגוע ירי, יזם רכישת נשק, תכנן והשתתף בעימותים אלימים.""}","{""אזרחיות_הנאשם"": ""ישראלי"", ""אכזריות_או_ניצול_במעשה"": ""לא צוין"", ""האם_הייתה_התגרות_של_נפגע_העבירה"": ""לא"", ""האם_הנאשם_החזיק_נשק_ללא_רישיון"": ""כן"", ""האם_הנאשם_פעל_במסגרת_ארגון_פשיעה"": ""לא צוין"", ""האם_הנאשם_פעל_עם_אחרים"": ""כן, רכש ומכר נשק לאחרים"", ""האם_הנשק_הוסתר_או_הוחבא"": ""כן, הוסתר בשכונה סמוכה למקום מגוריו"", ""האם_הנשק_שימש_לביצוע_פיגוע"": ""כן"", ""האם_העבירה_בוצעה_ביותר_מנשק_אחד"": ""כן"", ""האם_העבירה_בוצעה_בתקופה_ממושכת"": ""כן, מספר חודשים"", ""חלקו_היחסי_של_הנאשם"": ""מרכזי, יזם, רכש, החזיק, סחר ומסר נשק"", ""יכולת_הבנה_של_הנאשם"": ""מלאה"", ""יכולת_שליטה_במעשה"": ""מלאה"", ""מספר_נשקים_שנסחרו"": 3, ""מספר_עבירות_סחר_בנשק"": 2, ""מספר_עבירות_רכישת_נשק"": 2, ""מספר_תחמושת_שנסחרה"": 10, ""נזק_צפוי"": ""פוטנציאל לפגיעה חמורה בחיי אדם"", ""נזק_שנגרם"": ""הנשק שנסחר שימש בפועל לפיגוע ירי"", ""ניצול_כוח_או_מעמד"": ""לא צוין"", ""סוגי_נשק"": [""רובה תבור"", ""קרל גוסטב"", ""תחמושת""], ""סיבות_לביצוע_העבירה"": ""רווח כספי, מניע אידיאולוגי (ירי על כוחות הביטחון)"", ""סעיפי_חוק"": [""144(ב)"", ""333 בצירוף 25"", ""144(א)"", ""144(ב2)""], ""עבירות_שהורשע_בהן"": [""נשיאת נשק"", ""ניסיון לחבלה חמורה"", ""רכישת נשק"", ""סחר בנשק""], ""פירוט_שימוש_נשק_בפיגוע"": ""הנשק שמכר הנאשם שימש את הקונה לביצוע פיגוע ירי בירושלים"", ""שווי_העסקאות"": ""לפחות 11,500 ש\""ח"", ""תכנון_מוקדם"": ""הנאשם תכנן לירות על כוחות הביטחון בעקבות התפרעויות""}",45.0,"1. **סוג העבירה וחומרתה** — שני התיקים כוללים עבירות חמורות של נשיאת, החזקה וסחר בנשק, עם קשר לפיגועים ירי על כוחות ביטחון. בעוד שתיק 1 כולל גם עבירות יומיומיות (גניבת קטנוע) ומעשים אלימים במרחב הציבורי, תיק 2 מוקדש לפעילות סחר בנשק עם תוצאה פיגועית מוחלטת. החומרה דומה, אך בתיק 2 יש דגש ברור על סחר ותפקיד מרכזי בשרשרת פיגועית.  
2. **תפקיד הנאשם ומעורבותו** — בתיק 1 הנאשם פועל חלקית כמבצע משני (מסירת נשק, ירי), חלקית כיזם (תכנון, ייצור). בתיק 2 הנאשם הוא יוזם מרכזי, סוחר וمبادיר פעיל — מעורבות מובילה ורציפה. ההבדל בתפקיד הוא מהותי: מבצע מול ארגן.  
3. **שיטת הביצוע (MO)** — בתיק 1: שימוש בנשק אישי, הסתרה ביתייה, העברה בקטנוע, מעשים בודדים או בצוותא. בתיק 2: רכישה וסחר מכוון, הסתרת נשק בשכונה, עסקאות חוזרות. שיטת הפעולה של תיק 2 היא ארגונית ומסחרית, בעוד תיק 1 הוא אישי וסיטואציוני — דפוס שונה.  
4. **נסיבות הליבה** — בתיק 1: מספר אירועים בודדים, נשק אישי, נזק פוטנציאלי. בתיק 2: פעילות מתמשכת, מספר נשקים ועסקאות, נזק ממשי (פיגוע בוצע בנשק שנמכר). בנוסף, בתיק 2 יש הוכחה שהנשק שימש בפיגוע — נזק מוחלט, לא פוטנציאלי.  
5. **ישימות כתקדים** — למרות הדמיון במשולב עבירות נשק ומניע אידיאולוגי, בית משפט יבחין שמדובר בסוגים שונים של אחריות: ביצוע אישי מול סחר ותשתית פיגועית. תיק 2 מציג אחריות עקיפה אך מובילה, בעוד תיק 1 הוא אחריות ישירה אך פחות מאורגנת. לא ייחשבו כתקדים ישיר זה לזה.

SIMILARITY_SCORE: 45","ok",""
"ME-16-02-18397-87","ME-20-01-62688-591",1,0,0,"{""אופן_גילוי_הנשק"": ""חיפוש יזום של המשטרה"", ""אופן_ההחזקה"": ""הטמנה והסתרה בכלי רכב"", ""אופן_היתקלות_במשטרה"": ""בדיקת רישיונות שגרתית"", ""אכזריות_או_ניצול_נפגע"": ""לא רלוונטי"", ""האם_הושפע_מאחרים"": ""לא צוין"", ""האם_היה_ביטוח_רכב"": ""לא"", ""האם_היה_רישיון_להחזקת_נשק"": ""לא"", ""האם_היה_רישיון_נהיגה"": ""לא"", ""האם_היה_רישיון_רכב"": ""לא"", ""האם_הנשק_היה_תקין"": ""לא"", ""חלקו_היחסי_של_הנאשם"": ""מבצע יחיד"", ""יכולת_הבנה_של_הנאשם"": ""לא צוין קושי בהבנה"", ""יכולת_שליטה_במעשה"": ""לא צוין קושי בשליטה"", ""מצוקה_נפשית_או_התגרות"": ""לא צוין"", ""מקום_הסתרת_הנשק"": ""מתחת למושב קטנוע"", ""מקום_הסתרת_התחמושת"": ""בכיסו של הנאשם"", ""נזק_שהיה_צפוי"": ""נשק ותחמושת עלולים היו לשמש לפגיעה"", ""נזק_שנגרם"": ""לא נגרם נזק בפועל"", ""ניצול_כוח_או_מעמד"": ""לא רלוונטי"", ""סוג_הנשק"": ""אקדח"", ""סוג_העבירה"": ""עבירות בנשק (נשיאה והובלה), נהיגה ללא רישיון, נהיגה ללא ביטוח, נהיגה ללא רישיון רכב"", ""סיבות_לביצוע_העבירה"": ""לא צוין"", ""סעיפי_חוק"": ""סעיף 144(ב) רישא וסיפא לחוק העונשין, סעיף 10(א) לפקודת התעבורה, סעיף 2(א)(ב) לפקודת ביטוח רכב מנועי, סעיף 2 לפקודת התעבורה"", ""פירוט_אי_תקינות_הנשק"": ""חסר חלק פנימי חיוני להפעלה, לא ניתן לבצע ירי"", ""קרבה_לסייג_לאחריות_פלילית"": ""לא צוין"", ""שיתוף_פעולה_עם_המשטרה"": ""סירוב לפתוח את תא האופנוע"", ""תגובה_לנוכחות_משטרה"": ""פניית פרסה וניסיון להימנע מבדיקה"", ""תחמושת"": ""כדורים לרובה"", ""תכנון_מוקדם"": ""לא צוין תכנון מוקדם""}","{""אופן_ההגעה_למקום"": ""ברכב עם אחר"", ""אכזריות_או_ניצול_המתלונן"": ""הנאשם דרך את האקדח, הצמיד אותו לירך וירה מטווח קצר, מעשה אלים ומסוכן"", ""האם_היה_סכום_כסף_ברשות_הנאשם_בעת_המעצר"": ""כן"", ""האם_הייתה_בריחה_מהזירה"": ""כן, הנאשם נמלט ברכב עם אחר"", ""האם_הייתה_הובלת_נשק"": ""כן"", ""האם_הייתה_החזקה_של_נשק_בלא_רישיון"": ""כן"", ""האם_הייתה_החזקה_של_סם"": ""כן"", ""האם_הייתה_הימלטות_לאחר_המעשה"": ""כן"", ""האם_הייתה_התארגנות_מוקדמת"": ""כן, הגעה עם אחר ברכב, נשיאת נשק"", ""האם_הייתה_כוונה_לפגוע_חמורות"": ""כן, כוונה לגרום חבלה חמורה, נכות או מום"", ""האם_הייתה_נשיאת_נשק"": ""כן"", ""האם_הייתה_פגיעה_בגוף"": ""כן"", ""האם_הנאשם_נעצר_באותו_יום"": ""כן"", ""האם_הנשק_היה_ברישיון"": ""לא"", ""האם_הנשק_היה_תקין"": ""כן, בוצע ירי"", ""האם_הסם_הוחזק_לצריכה_עצמית"": ""כן"", ""השפעת_אחר_על_הנאשם"": ""היה אחר שסייע לוגיסטית אך לא השפיע על ההחלטה לבצע את הירי"", ""חלקו_היחסי_של_הנאשם"": ""הנאשם היה היורה והמבצע הישיר של העבירה, האחר שימש כנהג וסייע להימלטות"", ""יכולת_הבנה_של_הנאשם"": ""לא צוין קושי בהבנה, בגיר"", ""יכולת_שליטה_על_המעשה"": ""לא צוין קושי בשליטה, לא נטענה התגרות מצד המתלונן"", ""כמות_הסם_בגרם"": 1.5, ""מספר_כדורים_שנורו"": ""1"", ""מצוקה_נפשית_עקב_התעללות"": ""לא צוין"", ""מקום_ביצוע_העבירה"": ""עסק בו עבד המתלונן"", ""מקום_המעצר"": ""תחנת דלק פז, צומת האצטדיון, חיפה"", ""נזק_צפוי"": ""פגיעה חמורה בגוף, נכות או מום"", ""נזק_שנגרם"": ""שבר בירך, ניתוח, אשפוז, השארת קליע בגוף, גיבוס, פגיעה תפקודית"", ""ניצול_כוח_או_מעמד"": ""לא צוין ניצול מעמד או יחסים מיוחדים"", ""סוג_הנשק"": ""אקדח טעון בכדורים"", ""סוג_הסם"": ""קוקאין"", ""סוג_העבירה_העיקרית"": ""חבלה בכוונה מחמירה"", ""סיבת_ביצוע_העבירה"": ""לא פורטו מניעים או סיבות ישירות"", ""סכום_הכסף_שנתפס"": 1950, ""סעיף_עבירה_עיקרית"": ""329(א)(1) לחוק העונשין"", ""סעיפי_עבירות_נוספות"": [""144(ב) לחוק העונשין"", ""7(א)+(ג) סיפא לפקודת הסמים המסוכנים""], ""עבירות_נוספות"": [""נשיאת והובלת נשק ללא רישיון"", ""החזקת סם מסוכן לצריכה עצמית""], ""קרבה_לסייג_לאחריות_פלילית"": ""לא צוין"", ""שעת_ביצוע_העבירה"": ""14:55"", ""תכנון_מוקדם"": ""הנאשם הגיע למקום יחד עם אחר שנהג ברכב, נשא עמו אקדח טעון, קירב את הרכב לכניסה, המתין להזדמנות ודיבר עם המתלונן לפני ביצוע הירי""}",20.0,"1. **סוג העבירה וחומרתה**:  
התיק הראשון עוסק בהחזקת נשק ללא רישיון ועבירות תנועה, ללא נזק בפועל או כוונה לפגוע. התיק השני כולל חבלה בכוונה מחמירה, ירי בטווח קצר, נזק גופני חמור ותכנון מוקדם. זהו הבדל מהותי ברמת החומרה: עבירה מניעתית מול עבירה אלימה ישירה עם נזק ממשי.  
→ דמיון נמוך מאוד.

2. **תפקיד הנאשם ומעורבותו**:  
בשני התיקים הנאשם הוא מבצע עבירה בנשק, אך בהקשר שונה: בתיק 1 – מחזיק נשק לא תקין בהסתרה, ללא ירי; בתיק 2 – יורה ישיר, עם מעורבות פעילה ומרכזית בפגיעה גופנית. מעורבותו בתיק 2 היא ישירה ואלימה, בניגוד לתיק 1 שפונה להימנעות ומניעת גילוי.  
→ דמיון מוגבל.

3. **שיטת הביצוע (MO)**:  
בתיק 1 – נשק מוטמן בכלי רכב, גילוי במהלך חיפוש שגרתי, ניסיון בריחה בהימנעות. בתיק 2 – הגעה מכוונת למקום עם נשק טעון, תכנון, ירי, בריחה מאורגנת. שיטת הביצוע בתיק 2 כוללת תכנון, יעד מוגדר ואלימות ישירה, בניגוד לאופן הסתירה וההימנעות בתיק 1.  
→ אין דמיון בדפוס ביצוע.

4. **נסיבות הליבה**:  
בתיק 1 – נשק לא תקין, לא נורו יריות, לא נגרם נזק. בתיק 2 – נשק תקין, ירי בפועל, נזק גופני חמור, תכנון, בריחה. בנוסף, בתיק 2 יש נזק צפוי ומשמע, כוונה לפגוע, ופגיעה בפועל – נסיבות מחמירות קיצוניות בהשוואה לתיק 1.  
→ הבדלים מהותיים בנסיבות.

5. **ישימות כתקדים**:  
בית משפט לא יראה בתיק 1 תקדים רלוונטי לענישה בתיק 2, בשל הבדלים דרמטיים בחומרת העבירה, נזק, כוונה, תכנון ותוצאות. עבירה של החזקה בהיעדר ירי או אלימות לא תשמש כתקדים לעבירה של ירי מכוון וחבלה חמורה.  
→ לא רלוונטי כתקדים ענייני.

SIMILARITY_SCORE: 20","ok",""
"sh-10-05-7434-952","ME-15-06-12109-344",1,0,0,"{""אכזריות_או_ניצול"": ""לא צוין"", ""חלקו_היחסי_של_הנאשם"": ""מבצע יחיד"", ""יכולת_הבנה"": ""לא צוין קושי בהבנה"", ""יכולת_הימנעות"": ""לא צוין קושי להימנע"", ""כתובת_העבירה"": ""רחוב אורלנסקי 11 פתח תקווה"", ""מספר_כלי_נשק"": 2, ""מספר_עבירות"": 2, ""מצוקה_נפשית"": ""לא צוין"", ""מקום_החזקה"": ""דירת הנאשם"", ""נזק_צפוי"": ""פוטנציאל סיכון גבוה לציבור"", ""נזק_שנגרם"": ""לא צוין נזק בפועל"", ""ניצול_כוח_או_מעמד"": ""לא צוין"", ""סוג_הנשק"": ""אקדח חצי אוטומטי"", ""סוג_העבירה"": ""החזקת נשק ללא רישיון"", ""סוגי_כלי_הנשק"": [""אקדח ברטה חצי אוטומטי"", ""אקדח לאמה חצי אוטומטי""], ""סיבות_לביצוע"": ""לא צוין"", ""סעיף_חוק"": ""144(א) לחוק העונשין"", ""קרבה_לסייג_אחריות"": ""לא צוין"", ""רישיון_להחזקה"": ""ללא רישיון"", ""שנת_לידה_נאשם"": 1961, ""תכנון_מוקדם"": ""לא צוין""}","{""האם_היה_נזק_צפוי"": ""כן, פוטנציאל מסוכן בנשיאת נשק"", ""האם_היה_נזק_שנגרם"": ""לא"", ""האם_היו_מעורבים_נוספים"": ""כן"", ""האם_היו_נסיבות_מיוחדות_לביצוע"": ""לא צוין"", ""האם_הייתה_אכזריות_או_ניצול"": ""לא"", ""האם_הייתה_השפעה_של_אחרים"": ""לא צוין"", ""האם_הייתה_התגרות_של_נפגע"": ""לא"", ""האם_הייתה_כוונה_להשתמש_בנשק"": ""לא צוין"", ""האם_הייתה_ניצול_מעמד_או_יחסים"": ""לא"", ""האם_הייתה_פגיעה_בפועל"": ""לא"", ""האם_הייתה_רשיון_להחזקת_הנשק"": ""לא"", ""האם_הייתה_תכנית_מוקדמת"": ""לא צוין"", ""האם_הנאשם_הבין_את_מעשיו"": ""כן"", ""האם_הנאשם_היה_בשליטה_על_מעשיו"": ""כן"", ""האם_הנאשם_פעל_לבד"": ""לא"", ""האם_הנשק_הוסתר"": ""כן"", ""האם_הנשק_היה_ברשות_הנאשם"": ""כן"", ""האם_הנשק_היה_תקין"": ""לא צוין"", ""מועד_ביצוע_העבירה"": ""מועד שאינו ידוע במדויק, וביום 2.5.13"", ""מטרת_הנסיעה"": ""הגעה לחתונה בכפר עזריה"", ""מקום_החזקת_הנשק"": ""ברכב השייך לעמאר זלום"", ""סוג_הנשק"": ""אקדח חצי אוטומטי"", ""סוג_העבירה"": ""נשיאת או הובלת נשק בלא רשות על פי דין"", ""סעיף_חוק"": ""144(ב) לחוק העונשין"", ""שמות_מעורבים_נוספים"": ""עמאר זלום, אחיו של הנאשם""}",45.0,"1. **סוג העבירה וחומרתה** — שני התיקים עוסקים בהפרת חוק הנשק, אך יש הבדל מהותי: תיק 1 עוסק בהחזקת נשק ללא רישיון (ס' 144א), בעוד תיק 2 עוסק בשינוע נשק ללא רשות (ס' 144ב). מדובר בעבירות סמוכות אך עם מרכיב כוונה שונה (החזקה יציבה מול תנועה עם נשק), מה שמצביע על חומרה דומה אך לא זהה.

2. **תפקיד הנאשם ומעורבותו** — בתיק 1 הנאשם הוא מבצע יחיד, ללא מעורבים. בתיק 2 הנאשם לא פעל לבד — הוא נסע עם אחרים, והרכב שייך לאדם אחר. מעורבותו פחות מרכזית, וקיים שיתוף פעולה עם אחרים, מה שמרמז על מעורבות פחות ישירה בהחזקת הנשק.

3. **שיטת הביצוע (MO)** — בתיק 1 הנשק הוחזק בדירה, כחלק מהחזקה סטטית. בתיק 2 הנשק הוסתר ברכב במהלך נסיעה לחתונה — מדובר בשינוע פעיל, עם נשק בהישג יד. שיטת הביצוע שונה: החזקה בבניין מול שינוע במרחב ציבורי.

4. **נסיבות הליבה** — שני המקרים כוללים אקדח חצי אוטומטי, ללא רישיון, ללא נזק בפועל, אך עם נזק צפוי (פוטנציאל סיכון). עם זאת, בתיק 2 יש נסיעה למסיבה, נשק מוסתר, ומעורבות של צדדים נוספים — נסיבות שעשויות להחמיר או להקל בהתאם להקשר, אך מציינות תרחיש דינמי יותר.

5. **ישימות כתקדים** — בעוד ששניהם עוסקים בהפרת חוק הנשק, ההבדלים בסוג העבירה (החזקה מול שינוע), מקום הביצוע, מעורבות של אחרים ותפיסת הנשק (נשיאה מול אחסון) מקטינים את הסבירות שבית המשפט יראה בתיק 1 תקדים ישיר לתיק 2. הם רלוונטיים לדיון כללי על עונשים בנושאי נשק, אך לא מהווים תקדים ענייני הדוק.

SIMILARITY_SCORE: 45","ok",""
"ME-16-06-44840-433","SH-09-05-9349-998",1,0,0,"{""אופי_הנשק"": [""רימוני הלם"", ""רימון גז""], ""גיל_הנאשם_בעת_העבירה"": 23, ""האם_בוצעה_העבירה_במסגרת_קבוצתית"": ""כן"", ""האם_היה_נזק_צפוי"": ""כן"", ""האם_היה_תכנון_מוקדם"": ""כן"", ""האם_הייתה_אכזריות_או_ניצול_במעשה"": ""לא צוין"", ""האם_הייתה_התגרות_של_הנפגע"": ""לא צוין"", ""האם_הנאשם_הושפע_מאחרים"": ""כן, פעל לבקשת אלירון גולד"", ""האם_הנאשם_היה_בשליטה_על_מעשיו"": ""כן"", ""האם_הנאשם_הסביר_לאחר_כיצד_להשתמש_בנשק"": ""כן"", ""האם_הנאשם_ניצל_מעמד_או_יחסים"": ""לא צוין"", ""האם_הנשק_היה_חוקי"": ""לא"", ""האם_העביר_נשק_בין_מקומות_מסתור"": ""כן"", ""האם_העביר_נשק_לאחר"": ""כן"", ""האם_העבירה_בוצעה_בזיקה_לארגון_פשיעה"": ""לא צוין"", ""האם_העבירה_בוצעה_במקום_ציבורי"": ""כן, רחוב האפרסמון בירושלים"", ""האם_העבירה_בוצעה_לשם_רווח_כלכלי"": ""לא"", ""האם_העבירה_בוצעה_על_רקע_סכסוך"": ""כן"", ""האם_נגרם_נזק"": ""לא צוין נזק בפועל"", ""חלקו_של_הנאשם"": ""החזיק רימונים, הצטייד בהם, מסר רימון גז, הסביר כיצד להשתמש, השליך רימון גז, הטמין רימונים, העביר בין מקומות מסתור"", ""כמות_רימונים"": 3, ""מניע_לביצוע"": ""סכסוך בין חברו של הנאשם לאחרים"", ""מספר_מעורבים"": ""מספר משתתפים (הנאשם, אלירון גולד, חברים נוספים)"", ""סוג_העבירות"": [""נשיאת נשק"", ""החזקת נשק"", ""סיוע לנסיון תקיפה""], ""סוגי_נשק"": [""רימוני הלם"", ""רימון גז""], ""סעיפי_חוק"": [""144(ב)"", ""144(א)"", ""379"", ""25"", ""31""]}","{""אכזריות_או_ניצול"": ""לא צוין"", ""דגם_נשק"": ""CZ"", ""התגרות_נפגע"": ""לא צוין"", ""חלקו_של_הנאשם"": ""מבצע יחיד"", ""יכולת_הבנה"": ""לא צוין קושי בהבנה"", ""יכולת_שליטה"": ""לא צוין קושי בשליטה"", ""מחסנית"": ""מחסנית ריקה"", ""מיקום_הנשק"": ""מקפיא בבית הנאשם"", ""מיקום_התחמושת"": ""בתוך נעל בחדרו של הנאשם"", ""מספר_נשק"": ""1066A"", ""מצוקה_נפשית"": ""לא צוין"", ""מקום_ביצוע"": ""בית הנאשם בג'לג'וליה"", ""נזק_צפוי"": ""נשק ותחמושת בכמות המסוגלת לגרום נזק חמור"", ""נזק_שנגרם"": ""לא דווח על נזק בפועל"", ""ניצול_כוח_או_מעמד"": ""לא צוין"", ""סוג_העבירה"": ""החזקת נשק שלא כדין"", ""סוג_נשק"": ""אקדח"", ""סיבות_לביצוע"": ""לא פורטו"", ""סעיף_חוק"": ""סעיף 144(א) לחוק העונשין"", ""קרבה_לסייג_אחריות"": ""לא צוין"", ""רישיון_להחזקה"": ""ללא רישיון"", ""שעת_ביצוע"": ""12:00"", ""תאריך_ביצוע"": ""12/5/2009"", ""תחמושת_נתפסת"": ""26 כדורי אקדח 9 מ\""מ"", ""תכנון_מוקדם"": ""לא צוין תכנון מוקדם""}",30.0,"1. **סוג העבירה וחומרתה** — תיק 1 עוסק בהחזקת והעברת רימוני הלם וגז, מעורבות בקבוצתית, תכנון, וביצוע במרחב ציבורי במטרה לסייע בתקיפה; מדובר בעבירה פלילית חמורה עם ממד של פעילות אלימה פוטנציאלית. תיק 2 עוסק אך ורק בהחזקת אקדח ותחמושת ללא רישיון, ללא רמז לביצוע מעשה אלים או קשר לאלימות נוכחית. החומרה בתיק 1 גבוהה יותר בהקשר של דפוס התנהגות ולוחמה פוטנציאלית, בעוד תיק 2 הוא עבירה סטטית של החזקה לא חוקית.  
   
2. **תפקיד הנאשם ומעורבותו** — בתיק 1 הנאשם מעורב פעיל: מחזיק, מעביר, מסביר שימוש, מטמין, משליך – חלק מרכזי בשרשרת פעולה אלימה. בתיק 2 הנאשם הוא מבצע יחיד שמחזיק נשק בביתו, ללא רמז להעברה או שימוש imminent. המעורבות בתיק 1 היא דרמטית יותר מבחינה פלילית.

3. **שיטת הביצוע (MO)** — בתיק 1 יש דפוס של פעילות שוטפת: העברה בין מסתרים, הסבר על שימוש בנשק, השלכה, תכנון – כל אלה מצביעים על MO של פעילות אלימה מאורגנת. בתיק 2 אין שיטת פעולה מורכבת – רק אחסון סטטי של נשק ותחמושת. אין דמיון ב-MO.

4. **נסיבות הליבה** — בתיק 1 יש סכסוך אישי, תכנון מוקדם, מקום ציבורי, נשק עם נזק צפוי, מעורבות קבוצתית. הכמות (3 רימונים) והשימוש הפונקציונלי מצביעים על מטרה מבצעית. בתיק 2: נשק אחד, מחסנית ריקה, שמירה בביתי, ללא הקשר לסכסוך או אירוע imminent. הנסיבות שונות מהותית – אחת מביעה איום מבצעי, השנייה איום פוטנציאלי כללי.

5. **ישימות כתקדים** — למרות ששניהם עוסקים בחיזוק נשק ללא רישיון (סעיף 144(א)), ההקשרים שונים מאוד. בית משפט יקשה להשתמש בתיק 2 כתקדים לעניין ענישה בתיק 1, שבו יש מעורבות ב团伙, תכנון, שימוש imminent, ופעולה בשטח. ההבדלים בהיקף, מטרה ומסגרת מונעים השוואה משמעותית לצורכי קביעת עונש.

SIMILARITY_SCORE: 30","ok",""
"ME-16-08-44157-713","ME-15-11-45465-294",3,1,1,"{""אופי_הנשק"": [""נשק מאולתר"", ""נשק עם משתיק קול, כוונת טלסקופית ומחסנית 100 כדורים (הוצע בלבד)""], ""אופי_הקשר_לסוכן"": ""הנאשם יזם הצעות לסוכן, פעל בתיאום עם אחר"", ""אכזריות_או_ניצול"": ""לא צוינה אכזריות או ניצול"", ""האם_הייתה_תמורה_כספית"": ""כן, 10,500 ש\""ח עבור נשק הקרל גוסטב"", ""האם_הנשק_היה_מבצעי"": ""לפחות נשק אחד היה מבצעי (קרל גוסטב מאולתר), לגבי השאר לא בוצעה עסקה"", ""האם_העסקה_הושלמה"": [""עסקה אחת הושלמה"", ""שלוש עסקאות נוספות הוצעו אך לא הושלמו""], ""חלקו_של_הנאשם"": ""העברת נשק לאחר לצורך מסירתו לסוכן, יזום הצעות לעסקאות נוספות"", ""יכולת_הבנה_של_הנאשם"": ""לא צוין קושי בהבנה או בגיל"", ""יכולת_שליטה_במעשה"": ""לא צוין קושי בשליטה או התגרות"", ""מספר_אירועים"": 3, ""מספר_נשקים_שהוצעו"": 4, ""מספר_נשקים_שנמסרו"": 1, ""מספר_שותפים"": ""לפחות שלושה (הנאשם, אברהים, סוכן משטרתי)"", ""מצוקה_נפשית_או_התעללות"": ""לא צוינה"", ""מקום_ביצוע"": ""ביתו של הנאשם בלוד, חצר פנימית, מבנה ארעי בחצר"", ""נזק_צפוי"": ""הנשק מסוגל להמית אדם, פוטנציאל נזק חמור"", ""נזק_שנגרם"": ""לא דווח על פגיעה פיזית בפועל"", ""ניצול_כוח_או_מעמד"": ""לא צוינה"", ""סוג_העבירה"": ""סחר בנשק וקשירת קשר לביצוע פשע"", ""סוגי_נשק"": [""קרל גוסטב מאולתר"", ""נשק הנחזה למיני עוזי"", ""אקדח 14 (לא בוצעה עסקה)"", ""אקדח 7 (לא בוצעה עסקה)"", ""רובה צלפים קאנס (לא בוצעה עסקה)""], ""סיבות_לביצוע"": ""רווח כספי"", ""סעיפי_חוק"": [""144(ב2) לחוק העונשין"", ""449(א)(1) לחוק העונשין""], ""קרבה_לסייג_לאחריות_פלילית"": ""לא צוינה"", ""תכנון_מוקדם"": ""התקיימו שיחות טלפון ותיאומים מוקדמים בין המעורבים לפני ביצוע העסקאות""}","{""אופן_העברת_הנשק"": ""מסירה ישירה ברכב לסוכן משטרתי"", ""האם_היה_נזק_פיזי_או_נפגעים"": ""לא"", ""האם_היה_תכנון_מוקדם"": ""כן"", ""האם_הייתה_התגרות_של_הנפגע"": ""לא"", ""האם_הייתה_קרבה_לסייג_לאחריות_פלילית"": ""לא"", ""האם_הנאשם_החזיק_ברישיון"": ""לא"", ""האם_הנאשם_היה_במצוקה_נפשית"": ""לא צוין"", ""האם_הנאשם_היה_בשליטה_על_מעשיו"": ""כן"", ""האם_הנאשם_פעל_לבד"": ""כן"", ""האם_הנאשם_קטין"": ""לא"", ""האם_הנשק_היה_מוכן_לשימוש"": ""לא צוין"", ""האם_הנשק_היה_תקין"": ""לא צוין"", ""האם_העבירה_בוצעה_בזיקה_לארגון_פשיעה"": ""לא צוין"", ""האם_העבירה_בוצעה_במסגרת_עסקה"": ""כן"", ""האם_העבירה_בוצעה_במסגרת_תחבולה_משטרתית"": ""כן"", ""האם_העבירה_בוצעה_לשם_רווח_כלכלי"": ""כן"", ""האם_נעשה_ניצול_לרעה_של_כוח_או_מעמד"": ""לא"", ""זהות_הקונה"": ""סוכן משטרתי"", ""מיקום_העבירה"": ""תחנת אוטובוס סמוכה לאוניברסיטת חיפה, עוספיה"", ""מספר_כלי_נשק"": 2, ""מספר_מחסניות"": 3, ""מספר_עסקאות"": 1, ""סוג_העבירה"": ""סחר בנשק ונשיאת נשק שלא כדין"", ""סוג_כלי_נשק"": [""תת-מקלע קרל גוסטב""], ""סוגי_מחסניות"": [""שתי מחסניות מאולתרות לקרל גוסטב"", ""מחסנית צולבת לעוזי""], ""סעיפי_חוק"": [""144(ב2)"", ""144(ב)"", ""144(ג)""], ""תמורה_כספית"": 8000}",55.0,"1. **סוג העבירה וחומרתה** — שני התיקים כוללים עבירות של סחר בנשק, עם דגש על מסירת נשק לסוכן משטרתי במסגרת תחבולה. שניהם כוללים סעיף 144(ב2) – סחר בנשק, וקשורים למסירה של נשק מבצעי (קרל גוסטב). עם זאת, תיק 1 כולל קשירת קשר לביצוע פשע ומספר עסקאות, מה שמצביע על חומרה גבוהה יותר בהקשר של תכנון ופעילות מתמשכת, בעוד תיק 2 מוגבל לעסקה אחת.

2. **תפקיד הנאשם ומעורבותו** — בתיק 1 הנאשם הוא יזם פעיל: הציע עסקאות, עבד עם שותפים, תיאם מוקדם והעביר נשק. בתיק 2 הנאשם פעל לבד, ללא עדויות על יזמות מעבר לעסקה בודדת. זה מצביע על מעורבות אסטרטגית ונרחבת יותר בתיק 1, בניגוד לתפקיד של ""סוחר חד-פעמי"" בתיק 2.

3. **שיטת הביצוע (MO)** — בשני המקרים נשק נמסר לסוכן משטרתי במסגרת תחבולה, אך בתיק 1 יש ריבוי של הצעות, תיאום מקדים, שימוש במבנה ארעי ובנוסף מעורבות של שותפים. בתיק 2 המסירה נעשתה ישירות ברכב, בעסקה אחת, ללא עדויות על תכנון מורכב או רשת קשרים. הדפוס בתיק 1 מראה MO של סוחר מקצועי, לעומת MO פרימיטיבי יותר בתיק 2.

4. **נסיבות הליבה** — בתיק 1: מספר נשקים שהוצעו (4), כמות גדולה של מחסניות, נשק מאולתר עם יכולת הרס גבוהה (קרל גוסטב), תכנון מתקדם, שותפות פלילית. בתיק 2: עסקה אחת, מסירת 2 כלי נשק (אך רק קרל גוסטב צוין במפורש), תמורה נמוכה יותר (8,000 ש""ח). גם הזיקה לציבור – לוד מול חיפה – שונה. הנזק הצפוי דומה, אך הקנה המידה בתיק 1 גדול משמעותית.

5. **ישימות כתקדים** — למרות הדמיון בסוג העבירה (סחר בנשק, קרל גוסטב, תחבולה משטרתית), ההבדלים בקנה המידה, ביוזמה, במספר האירועים ובשיתוף פעולה עם אחרים מונעים מהצגת תיק 2 כתקדים ענייני רלוונטי לתיק 1. בית המשפט יראה בהם מקרים שונים מבחינת חומרה ומידת האשמה, ולכן השפעתם ההדדית על ענישה תהיה מוגבלת.

SIMILARITY_SCORE: 55","ok",""
"ME-15-06-12109-344","ME-12-04-33577-700",1,0,0,"{""האם_היה_נזק_צפוי"": ""כן, פוטנציאל מסוכן בנשיאת נשק"", ""האם_היה_נזק_שנגרם"": ""לא"", ""האם_היו_מעורבים_נוספים"": ""כן"", ""האם_היו_נסיבות_מיוחדות_לביצוע"": ""לא צוין"", ""האם_הייתה_אכזריות_או_ניצול"": ""לא"", ""האם_הייתה_השפעה_של_אחרים"": ""לא צוין"", ""האם_הייתה_התגרות_של_נפגע"": ""לא"", ""האם_הייתה_כוונה_להשתמש_בנשק"": ""לא צוין"", ""האם_הייתה_ניצול_מעמד_או_יחסים"": ""לא"", ""האם_הייתה_פגיעה_בפועל"": ""לא"", ""האם_הייתה_רשיון_להחזקת_הנשק"": ""לא"", ""האם_הייתה_תכנית_מוקדמת"": ""לא צוין"", ""האם_הנאשם_הבין_את_מעשיו"": ""כן"", ""האם_הנאשם_היה_בשליטה_על_מעשיו"": ""כן"", ""האם_הנאשם_פעל_לבד"": ""לא"", ""האם_הנשק_הוסתר"": ""כן"", ""האם_הנשק_היה_ברשות_הנאשם"": ""כן"", ""האם_הנשק_היה_תקין"": ""לא צוין"", ""מועד_ביצוע_העבירה"": ""מועד שאינו ידוע במדויק, וביום 2.5.13"", ""מטרת_הנסיעה"": ""הגעה לחתונה בכפר עזריה"", ""מקום_החזקת_הנשק"": ""ברכב השייך לעמאר זלום"", ""סוג_הנשק"": ""אקדח חצי אוטומטי"", ""סוג_העבירה"": ""נשיאת או הובלת נשק בלא רשות על פי דין"", ""סעיף_חוק"": ""144(ב) לחוק העונשין"", ""שמות_מעורבים_נוספים"": ""עמאר זלום, אחיו של הנאשם""}","{""אכזריות_אלימות_התעללות_או_ניצול"": ""הנאשם השתמש באקדח וירה שלוש יריות לעבר המתלונן, מעשה אלים וחמור"", ""החזקת_נשק_ללא_רישיון"": ""הנאשם החזיק באקדח שלא כדין"", ""השפעת_אחר_על_הנאשם"": ""המתלונן זרק כוס לעבר הנאשם, מהווה התגרות מסוימת אך לא שליטה או השפעה מהותית"", ""התגרות_נפגע"": ""הייתה התגרות מסוימת מצד המתלונן (זריקת כוס)"", ""חלקו_היחסי_של_הנאשם"": ""הנאשם פעל לבדו, יזם את הירי והיה הגורם המרכזי בביצוע העבירה"", ""יכולת_הבנה"": ""הנאשם היה כשיר להבין את מעשיו ומשמעותם"", ""יכולת_הימנעות_ושליטה"": ""הנאשם היה מסוגל להימנע מהמעשה, אך בחר להגיב באלימות חמורה"", ""ירי_באזור_מגורים"": ""הירי בוצע באזור מגורים בבית שאן"", ""מספר_יריות"": ""שלוש"", ""מצוקה_נפשית_עקב_התעללות"": ""לא צוינה מצוקה נפשית או התעללות מצד המתלונן"", ""מקום_ביצוע"": ""אזור מגורים בבית שאן"", ""נזק_צפוי"": ""ירי מאקדח לעבר אדם באזור מגורים עלול לגרום לפציעה קשה או מוות"", ""נזק_שנגרם"": ""המתלונן נשרט בברכו הימנית מירי, לא נגרם נזק קטלני"", ""ניצול_כוח_או_מעמד"": ""לא צוין ניצול לרעה של כוח, מעמד או יחסים"", ""נשיאת_נשק_ללא_רישיון"": ""הנאשם נשא את האקדח שלא כדין"", ""סוג_הנשק"": ""אקדח"", ""סיבות_לביצוע"": ""תגובה מיידית להתגרות במהלך ויכוח"", ""פגיעה_בגוף"": ""פציעה שטחית בברך הימנית של המתלונן"", ""קרבה_לסייג_לאחריות_פלילית"": ""לא התקיימה קרבה לסייג לאחריות פלילית"", ""שעת_ביצוע"": ""02:00 לפנות בוקר"", ""תכנון_מוקדם"": ""העבירה בוצעה במהלך ויכוח ספונטני, ללא תכנון מוקדם""}",25.0,"1. **סוג העבירה וחומרתה**:  
   בתיק 1 מדובר בנשיאה של נשק ללא רישיון, ללא שימוש בו או נזק בפועל – עבירה של הקפדה. בתיק 2 מדובר בשימוש בפועל בנשק – ירי לעבר אדם, גם אם נגרם נזק שטחי בלבד. מדובר בעבירה אלימה חמורה בהקשר של אלימות מילולית שה eskalted לאלימות גופנית. החומרה בפועל של תיק 2 גבוהה בהרבה.  
   → **דמיון חלקי בסוג, אך חוסר דמיון משמעותי בחומרה**.

2. **תפקיד הנאשם ומעורבותו**:  
   בתיק 1 הנאשם אינו היחיד במעורבות, והמעורבות היא של החזקה/נשיאה כחלק מקבוצה (בשיתוף עם אחיו ובעלים של הרכב). בתיק 2 הנאשם פעל לבדו, כיזם ומבצע העבירה באופן עצמאי ופעיל.  
   → **תפקיד שונה מהותית: משתתף בהחזקת נשק בהקשר קיבוצי לעומת יזם ומבצע של עבירה אלימה**.

3. **שיטת הביצוע (MO)**:  
   בתיק 1 – נשק מוסתר ברכב, ללא שימוש, במהלך נסיעה לחתונה. בתיק 2 – שימוש בפועל באקדח במהלך ויכוח, ירי של שלוש יריות. אין דפוס דומה: האחד הוא העברה סמויה, השני הוא שימוש אלים ופומבי.  
   → **שיטת ביצוע שונה מהותית: הסתרה והעברה לעומת שימוש אלים ספונטני**.

4. **נסיבות הליבה**:  
   בתיק 1 – אין נזק, אין ירי, אין אלימות, אין תכנון מוקדם (אם כי לא צוין), מטרה שגרתית (חתונה). בתיק 2 – ירי באזור מגורים, תגובה להתגרות, נזק גופני (אם כי קל), שעה מאוחרת, אקלים של עימות. נסיבות מחמירות כמו ירי באדם, גם אם קל, אינן קיימות בתיק 1.  
   → **הנסיבות שונות מהותית: סיכון פוטנציאלי לעומת נזק בפועל והשלכות של אלימות**.

5. **ישימות כתקדים**:  
   בית משפט לא יראה את תיק 1 כתקדים רלוונטי לעניין ענישה בתיק 2, שכן מדובר בשתי רמות שונות של אחריות וסיכון: החזקת נשק ללא רישיון אינה יכולה לשמש כ傍דיון לירי באדם, גם אם נזק קל. הקשר בין התיקים חלש מאוד מבחינה עונשית.  
   → **אי-ישימות כתקדים ענייני לצורכי ענישה או הערכת חומרת העבירה**.

SIMILARITY_SCORE: 25","ok",""
"ME-17-08-28615-573","ME-16-05-336-804",2,0,1,"{""אופן_הסתרה"": ""הוסתר בתוך תיק שהוכנס לפח אשפה ולאחר מכן למיכל מחזור"", ""אכזריות_או_אלימות"": ""לא צוין שימוש באלימות או אכזריות"", ""גיל_הנאשם"": ""לא צוין"", ""האם_החזקה_או_נשיאה"": ""החזקה ונשיאה"", ""האם_החזקה_ברישיון"": ""לא"", ""האם_הנאשם_עבר_פלילי_קודם"": ""לא צוין"", ""האם_הנשק_תקין"": ""כן, מסוגל לירות כדור ובכוחו להמית אדם"", ""האם_העבירה_בוצעה_בזיקה_לארגון_פשיעה"": ""לא צוין"", ""האם_העבירה_בוצעה_בצוותא"": ""לא צוין שיתוף פעולה עם אחרים בביצוע העבירה"", ""הפרעה_לשוטר"": ""הנאשם ברח מהשוטרים, לא נענה להוראות עצירה, והשליך את התיק במהלך המנוסה"", ""יכולת_הבנה_ושליטה"": ""לא צוין קושי בהבנה או שליטה"", ""מספר_כדורים"": 59, ""מספר_נשקים"": 1, ""מספר_רימונים"": 1, ""מקום_העבירה"": ""מתחם תחנת דלק ליד קיבוץ בית העמק"", ""נוכחות_אחרים"": ""הנאשם שהה עם אחרים במתחם"", ""נזק_צפוי"": ""הנשק, התחמושת והרימון מסוגלים להמית או להזיק לאדם"", ""נזק_שנגרם"": ""לא נגרם נזק בפועל"", ""ניסיון_הימלטות"": ""כן, הנאשם נמלט מהשוטרים"", ""ניצול_כוח_או_מעמד"": ""לא צוין"", ""סוג_הנשק"": ""תת מקלע מאולתר בקוטר 9 מ\""מ"", ""סוג_העבירה"": ""החזקה ונשיאה של נשק ללא רישיון, הפרעה לשוטר במילוי תפקידו"", ""סוג_רימון"": ""רימון יד מסוג הלם סינוור"", ""סיבות_לביצוע"": ""לא פורטו"", ""סעיפי_חוק"": ""144(א)+(ב) רישא+סיפא, 275 לחוק העונשין"", ""קרבה_לסייג_לאחריות"": ""לא צוין"", ""שעת_העבירה"": ""החל מ-19:57 ועד 23:04"", ""תחמושת"": ""מחסנית עם 9 כדורים, קופסה עם 50 כדורים בקוטר 9 מ\""מ"", ""תכנון_מוקדם"": ""לא צוין תכנון מוקדם""}","{""אופן_החזקה"": ""נשיאה בתיק גב"", ""האם_בוצעה_נקירה"": ""כן"", ""האם_בוצעה_פריקה"": ""כן"", ""האם_הושלך_הנשק_במהלך_הבריחה"": ""כן"", ""האם_הייתה_אכזריות_או_ניצול_נפגע"": ""לא"", ""האם_הייתה_בריחה_מהמשטרה"": ""כן"", ""האם_הייתה_התארגנות_מוקדמת"": ""לא צוין תכנון מוקדם"", ""האם_הייתה_התגרות_של_נפגע_העבירה"": ""לא"", ""האם_הייתה_כוונה_להעביר_את_הנשק_לאחר"": ""לא צוין"", ""האם_הייתה_כוונה_לשימוש_בכלי_הנשק"": ""לא צוין שימוש התקפי, בוצעה נקירה לשמיים"", ""האם_הייתה_מצוקה_נפשית_של_הנאשם"": ""לא צוין"", ""האם_הייתה_ניצול_כוח_או_מעמד"": ""לא"", ""האם_הייתה_פגיעה_באנשים"": ""לא"", ""האם_הייתה_פגיעה_ברכוש"": ""לא"", ""האם_הנאשם_הבין_את_מעשיו"": ""כן"", ""האם_הנאשם_היה_בשליטה_על_מעשיו"": ""כן"", ""האם_הנאשם_פעל_בהשפעת_אחר"": ""לא צוין"", ""האם_הנאשם_קרוב_לסייג_לאחריות_פלילית"": ""לא"", ""האם_הנשק_היה_ברישיון"": ""לא"", ""האם_הנשק_נתפס"": ""כן"", ""האם_העבירה_בוצעה_בזיקה_לארגון_פשיעה"": ""לא צוין"", ""האם_העבירה_בוצעה_במקום_סגור_או_פתוח"": ""פתוח (רחוב, רכב)"", ""האם_העבירה_בוצעה_בציבור"": ""כן, במהלך אירוע חינה"", ""האם_העבירה_בוצעה_לשם_רווח_כלכלי"": ""לא צוין"", ""זמן_העבירה"": ""שעת ערב, 24/04/16"", ""מחסניות_ריקות"": ""כן"", ""מספר_מחסניות"": ""2"", ""מספר_מעורבים"": ""2"", ""מקום_העבירה"": ""סמוך לטקס חינה, ברחוב, ובמכונית"", ""סוג_הנשק"": ""תת מקלע מאולתר מסוג קרל גוסטב"", ""סוג_העבירה"": ""נשיאה והובלת נשק, אביזר נשק ותחמושת"", ""סוג_תחמושת"": ""26 כדורים מסוג 9 מ\""מ"", ""סעיף_חוק"": ""144(ב) רישא וסיפא לחוק העונשין"", ""שמות_מעורבים"": ""הנאשם, רדואן סמארה"", ""תפקיד_המעורב_האחר"": ""נהג ברכב"", ""תפקיד_הנאשם"": ""נשא את הנשק, ביצע נקירה, הוביל את הנשק והתחמושת""}",65.0,"1. **סוג העבירה וחומרתה** — שני התיקים עוסקים בהחזקת נשק מאולתר ללא רישיון, עם השמעה של נשק כבד (תת מקלע) ותחמושת. שני המקרים כוללים הפרעה לשוטר או בריחה מהמשטרה, וקשורים לנשיאה של נשק במרחב ציבורי. החומרה דומה: שניהם עבירות חמורות לפי סעיף 144, עם נשק מסוכן.  
2. **תפקיד הנאשם ומעורבותו** — בתיק 1 הנאשם מעורב באופן אישי ונשא את הנשק, אך לא צוין שותף. בתיק 2 הנאשם הוא הפעיל הראשי (נושא הנשק, מבצע הנקירה), עם נהג כשותף. מעורבותו פעילה בשני המקרים, אך בתיק 2 יש שותף פעולה מובהק, מה שממעט את הדמיון.  
3. **שיטת הביצוע (MO)** — בשני המקרים הנשק הוסתר בתיק גב, נשקללה בריחה מהמשטרה, והנאשמים השליכו את הנשק במהלך המנוסה. בתיק 2 בוצעה נקירה לשמיים – פעולה תוקפנית סימבולית שלא מופיעה בתיק 1. הדפוס דומה אך לא זהה – MO קרוב, אך לא זהה.  
4. **נסיבות הליבה** — שניהם כוללים נשק מאולתר ב-9 מ""מ, תחמושת, נשיאה בציבור, בריחה מהמשטרה והשלכת נשק. בתיק 2 יש שימוש סמלי בנשק (נקירה), מעורבות של שותף, ונסיבות של אירוע ציבורי (חינה), מה שמעיד על תכנון או מטרה סימבולית. בתיק 1 אין רמז לכוונה תוקפנית או תכנון.  
5. **ישימות כתקדים** — שני התיקים רלוונטיים להערכת עונש לפי סעיף 144, עם נשק מאולתר ובריחה מהמשטרה. עם זאת, הבדלים בנסיבות – כמו נקירה, שותף, אירוע ציבורי – עלולים להשפיע על הערכת החומרה. בית משפט עשוי להתייחס אליהם כרלוונטיים, אך לא זהים.

SIMILARITY_SCORE: 65","ok",""
"ME-16-05-25902-514","SH-17-08-47445-166",1,0,0,"{""אופן_נשיאת_הנשק"": ""על גופו מתחת לבגדיו"", ""האם_החזיק_תחמושת"": ""כן"", ""האם_החזקה_או_נשיאה_ברישיון"": ""לא"", ""האם_הייתה_אכזריות_או_ניצול_קורבן"": ""לא"", ""האם_הייתה_השפעה_של_אחרים"": ""לא צוין"", ""האם_הייתה_התגרות_או_מצוקה_נפשית"": ""לא צוין"", ""האם_הייתה_כוונה_לשימוש_פלילי_נוסף"": ""לא צוין"", ""האם_הייתה_ניצול_מעמד_או_כוח"": ""לא"", ""האם_הייתה_עסקת_רכישה"": ""כן"", ""האם_הייתה_פגיעה_פיזית_או_שימוש_בפועל"": ""לא"", ""האם_הנאשם_הבין_את_מעשיו"": ""לא צוין"", ""האם_הנאשם_היה_קטין"": ""לא"", ""האם_הנשק_גנוב"": ""כן"", ""האם_הנשק_היה_תקין_לשימוש"": ""לא צוין"", ""האם_העבירה_בוצעה_בזיקה_לארגון_פשיעה"": ""לא צוין"", ""האם_העבירה_בוצעה_ביותר_מנשק_אחד"": ""לא"", ""האם_העבירה_בוצעה_למטרות_רווח"": ""לא צוין"", ""האם_נשא_את_הנשק_לעבודה"": ""כן"", ""מועד_רכישת_הנשק"": ""פברואר 2016"", ""מועד_תפיסה_או_אירוע_מרכזי"": ""8.5.16 בשעה 06:00"", ""מספר_סידורי_של_הנשק"": ""682663"", ""מקום_החזקה"": ""מקלט ביתו בקלנסוואה"", ""נשיאת_הנשק_מחוץ_לבית"": ""כן"", ""סוג_הנשק"": ""אקדח ברטה"", ""סוג_העבירה"": ""נשיאת והחזקת נשק ללא רישיון"", ""סוג_התחמושת"": ""מחסנית עם 7 כדורים"", ""סעיפי_חוק"": [""144(ב) רישא וסיפא"", ""144(א) רישא וסיפא""], ""פרטי_הרכישה"": ""רכש את האקדח במועד שאינו ידוע במדויק בפברואר 2016"", ""תקופת_החזקה"": ""פברואר 2016 עד 8.5.16""}","{""האם_החזקה_בלא_רשיון"": ""כן"", ""האם_היו_מעורבים_נוספים"": ""לא"", ""האם_היתה_אכזריות_או_ניצול_במעשה"": ""לא"", ""האם_היתה_השפעה_של_אחרים"": ""לא"", ""האם_היתה_התגרות_של_נפגע"": ""לא"", ""האם_היתה_התעללות_בנאשם"": ""לא"", ""האם_היתה_כוונה_לעשות_שימוש"": ""לא צוין"", ""האם_היתה_ניצול_כח_או_מעמד"": ""לא"", ""האם_היתה_פגיעה_בפועל"": ""לא"", ""האם_היתה_פגיעה_צפויה"": ""כן"", ""האם_היתה_תכנית_מוקדמת"": ""לא צוין"", ""האם_הנאשם_הבין_את_מעשיו"": ""לא צוין"", ""האם_הנאשם_היה_בשליטה_על_מעשיו"": ""לא צוין"", ""האם_הנאשם_קרוב_לסייג_לאחריות_פלילית"": ""לא"", ""האם_הנשק_היה_בשימוש"": ""לא צוין"", ""האם_הנשק_היה_מוסתר"": ""כן"", ""האם_הנשק_היה_תקין"": ""לא צוין"", ""חלקו_של_הנאשם"": ""בלעדי"", ""מספר_נשקים"": ""2"", ""מקום_ביצוע"": ""ביתו של הנאשם בפזורה סביב הישוב כסיפה"", ""סוג_הנשק"": ""אקדח חצי אוטומטי מסוג FN וחפץ דמוי תת מקלע מאולתר"", ""סוג_העבירה"": ""אחזקת נשק שלא כדין"", ""סעיף_חוק"": ""144(א) רישא לחוק העונשין"", ""תאריך_ביצוע"": ""09.08.2018""}",45.0,"1. **סוג העבירה וחומרתה** — שני התיקים עוסקים בהחזקת או נשיאת נשק ללא רישיון, ובשניהם אין שימוש בנשק או פגיעה פיזית. עם זאת, תיק 1 כולל גם נשיאה פעילה של נשק (כולל לעבודה), בעוד תיק 2 מתייחס להחזקת מספר נשקים בבית — מה שעשוי להצביע על חומרה גבוהה יותר. העבירה דומה בסוגה, אך שונה במעט בחומרה.  
2. **תפקיד הנאשם ומעורבותו** — בשני המקרים מדובר במעורבות פרטנית ובידודית (לא כחלק מארגון או עם שותפים), אך בתיק 2 יש החזקה של שני נשקים, אחד מהם מאולתר, מה שמעיד על מעורבות רצינית יותר בהחזקת אמצעי לחימה. בתיק 1 מדובר בנשיאה של נשק אחד גנוב, ללא רמז לתכנון או ייצור.  
3. **שיטת הביצוע (MO)** — בתיק 1 יש רכישה, נשיאה מחוץ לבית, שימוש בעבודה, והחזקת תחמושת — פעילות ניידת וצפויה. בתיק 2 מדובר בהחזקת נשק בבית, בצורה מוסתרת, ללא רמז לנשיאה או שימוש. שיטת הביצוע שונה: אחת פעילה וניידת, השנייה סטטית ומאולתרת.  
4. **נסיבות הליבה** — בתיק 1: נשק גנוב, נשיאה תחת הבגדים, כולל לעבודה — מצב של חשיפה ציבורית. בתיק 2: החזקה של שני נשקים (כולל מאולתר), בבית, עם סיכון פגיעה צפויה — אך ללא נשיאה או שימוש. ההקשר שונה: אחד קשור לנשיאה פומבית של נשק גנוב, השני להחזקת נשק בבית, אך בכמות ובסוגים חמורים יותר.  
5. **ישימות כתקדים** — שני התיקים רלוונטיים להערכת עונש על החזקת נשק ללא רישיון לפי סעיף 144, אך ההבדלים בצורת ההחזקת, המקום, הכמות והסיכון הפוטנציאלי מונעים מהם להיות תיקים עם דמיון משפטי מהותי. הם עשויים להיחשב במקביל אך לא כתקדים ישיר אחד לשני.

SIMILARITY_SCORE: 45","ok",""
"ME-16-05-336-804","ME-14-12-6904-57",3,1,1,"{""אופן_החזקה"": ""נשיאה בתיק גב"", ""האם_בוצעה_נקירה"": ""כן"", ""האם_בוצעה_פריקה"": ""כן"", ""האם_הושלך_הנשק_במהלך_הבריחה"": ""כן"", ""האם_הייתה_אכזריות_או_ניצול_נפגע"": ""לא"", ""האם_הייתה_בריחה_מהמשטרה"": ""כן"", ""האם_הייתה_התארגנות_מוקדמת"": ""לא צוין תכנון מוקדם"", ""האם_הייתה_התגרות_של_נפגע_העבירה"": ""לא"", ""האם_הייתה_כוונה_להעביר_את_הנשק_לאחר"": ""לא צוין"", ""האם_הייתה_כוונה_לשימוש_בכלי_הנשק"": ""לא צוין שימוש התקפי, בוצעה נקירה לשמיים"", ""האם_הייתה_מצוקה_נפשית_של_הנאשם"": ""לא צוין"", ""האם_הייתה_ניצול_כוח_או_מעמד"": ""לא"", ""האם_הייתה_פגיעה_באנשים"": ""לא"", ""האם_הייתה_פגיעה_ברכוש"": ""לא"", ""האם_הנאשם_הבין_את_מעשיו"": ""כן"", ""האם_הנאשם_היה_בשליטה_על_מעשיו"": ""כן"", ""האם_הנאשם_פעל_בהשפעת_אחר"": ""לא צוין"", ""האם_הנאשם_קרוב_לסייג_לאחריות_פלילית"": ""לא"", ""האם_הנשק_היה_ברישיון"": ""לא"", ""האם_הנשק_נתפס"": ""כן"", ""האם_העבירה_בוצעה_בזיקה_לארגון_פשיעה"": ""לא צוין"", ""האם_העבירה_בוצעה_במקום_סגור_או_פתוח"": ""פתוח (רחוב, רכב)"", ""האם_העבירה_בוצעה_בציבור"": ""כן, במהלך אירוע חינה"", ""האם_העבירה_בוצעה_לשם_רווח_כלכלי"": ""לא צוין"", ""זמן_העבירה"": ""שעת ערב, 24/04/16"", ""מחסניות_ריקות"": ""כן"", ""מספר_מחסניות"": ""2"", ""מספר_מעורבים"": ""2"", ""מקום_העבירה"": ""סמוך לטקס חינה, ברחוב, ובמכונית"", ""סוג_הנשק"": ""תת מקלע מאולתר מסוג קרל גוסטב"", ""סוג_העבירה"": ""נשיאה והובלת נשק, אביזר נשק ותחמושת"", ""סוג_תחמושת"": ""26 כדורים מסוג 9 מ\""מ"", ""סעיף_חוק"": ""144(ב) רישא וסיפא לחוק העונשין"", ""שמות_מעורבים"": ""הנאשם, רדואן סמארה"", ""תפקיד_המעורב_האחר"": ""נהג ברכב"", ""תפקיד_הנאשם"": ""נשא את הנשק, ביצע נקירה, הוביל את הנשק והתחמושת""}","{""אופן_החזקה_והובלה"": ""הנשק הוסתר בתיק גב עטוף בבגדים, הובל ונישא על ידי הנאשם"", ""אכזריות_או_אלימות"": ""לא צוין שימוש באלימות או אכזריות"", ""גיל_הנאשם"": ""לא צוין"", ""החזקת_סם"": ""0.3027 גרם נטו קנאביס לצריכה עצמית"", ""הסתרת_הנשק"": ""הנשק הוסתר בארון בגדים בחדר השינה בדירה"", ""חלקו_של_הנאשם"": ""רכש, החזיק, נשא והוביל את הנשק והתחמושת"", ""יכולת_הבנה_ושליטה"": ""לא צוין קושי בהבנה או בשליטה"", ""יכולת_הנשק"": ""מסוגל לירות ובכוחו להמית"", ""מקום_העבירה"": ""תל אביב, בדירה וברחוב"", ""משך_החזקה"": ""כחודש ימים לפני 18.11.2014 ועד ליום 18.11.2014"", ""נזק_צפוי"": ""הנשק והתחמושת מסוגלים להמית"", ""נזק_שנגרם"": ""לא נגרם נזק בפועל"", ""ניצול_מעמד_או_יחסים"": ""לא צוין"", ""סוג_הנשק"": ""רובה מאולתר מדגם קרל גוסטב"", ""סוג_העבירה"": ""נשיאה והובלת נשק ללא רישיון, החזקת סם לצריכה עצמית"", ""סיבת_העבירה"": ""לא פורטו מניעים מיוחדים"", ""סעיפי_חוק"": ""סעיף 144(ב) לחוק העונשין, סעיף 7(א) לפקודת הסמים המסוכנים"", ""קרבה_לסייג_לאחריות"": ""לא צוין"", ""רכישת_הנשק"": ""הנשק נרכש על ידי הנאשם בתמורה ל-4,000 ש\""ח"", ""שותפים_לעבירה"": ""נאשם נוסף (נאשם 2, סעיד אבו זנט)"", ""תחמושת"": ""מחסנית וכדורים תואמים לנשק"", ""תכנון_מוקדם"": ""הנשק נרכש מראש, הוסתר והובל באופן מוסתר""}",45.0,"1. **סוג העבירה וחומרתה** — שני התיקים עוסקים בנשיאה והובלת נשק מאולתר (קרל גוסטב) ללא רישיון, לפי סעיף 144(ב) – עבירה חמורה. עם זאת, בתיק 1 יש התנהגות פומבית מאיימת (נקירה לשמיים, אירוע ציבורי), ובתיק 2 מופיעה גם עבירת סם לצריכה עצמית, פחות רלוונטית לעניין הנשק. הדמיון בסוג העבירה הוא גבוה, אך חומרתה בתיק 1 גבוהה יותר עקב ההקשר הדרמטי.

2. **תפקיד הנאשם ומעורבותו** — בתיק 1 הנאשם הוא עיקרי: נשא, הוביל, ביצע נקירה, היה פעיל במרחב הציבורי. בתיק 2 הנאשם גם רכש, החזיק והוביל, אך ללא התנהגות אקטיבית או מפגינה. מעורבותו היא לוגיסטית-אשנבית, פחות תוקפנית. יש דמיון כללי בתפקיד, אך חסרה בתיק 2 המעורבות האקטיבית או הדומיננטית כמו בתיק 1.

3. **שיטת הביצוע (MO)** — בתיק 1: נשיאה בתיק גב, נקירה לשמיים, בריחה, פריקה – MO דרמטי, פומבי, מאיים. בתיק 2: הסתרה, הובלה מוסתרת, רכישה מראש – MO שמרני, נסתר, ללא התנהגות מאיימת. שיטת הביצוע שונה מהותית: אחת מופגשת, השנייה מתחבאת.

4. **נסיבות הליבה** — בתיק 1: אירוע ציבורי, נקירה, בריחה, מחסניות ריקות לאחר ירי – נסיבות מחמירות (פומביות, איום). בתיק 2: החזקה חודשית, הסתרה, שותף – אך ללא ירי, איום או שימוש. אין נזק, אך גם אין התנהגות מאיימת. הנסיבות בתיק 1 מחמירות יותר באופן ניכר.

5. **ישימות כתקדים** — למרות זהות בסוג הנשק ובסעיף החוק, הבדלים בנסיבות, MO, ומידת האיום מקטינים משמעותית את היכולת להשתמש באחד כתקדים לעניין ענישה. בית משפט יראה בשני המקרים עבירות נשק חמורות, אך התיק עם נקירה באירוע ציבורי לא ייחשב דומה מספיק לזה של החזקה מוסתרת לצורך עניינים אישיים.

SIMILARITY_SCORE: 45","ok",""
"SH-19-07-60805-168","ME-20-01-17935-7",1,0,0,"{""אכזריות_או_ניצול"": ""לא צוין"", ""האם_החזקה_היתה_ברישיון"": ""לא"", ""האם_הנאשם_הודה"": ""כן"", ""האם_הנשק_הוסתר"": ""כן, מתחת לשטיח הגלגל הרזרבי בתא המטען"", ""האם_הנשק_היה_תקין"": ""כן, מסוגל לירי"", ""התגרות_נפגע"": ""לא רלוונטי"", ""חלקו_היחסי_של_הנאשם"": ""נאשם יחיד"", ""יכולת_הבנה_של_הנאשם"": ""לא צוין"", ""יכולת_שליטה_במעשה"": ""לא צוין"", ""כמות_תחמושת"": ""10 כדורים"", ""מצוקה_נפשית_של_הנאשם"": ""לא צוין"", ""מקום_החזקה"": ""בתא המטען ברכב מסוג לקסוס, מתחת לשטיח הגלגל הרזרבי"", ""נזק_צפוי"": ""פוטנציאל נזק גבוה עקב החזקת נשק ותחמושת"", ""נזק_שנגרם"": ""לא צוין"", ""ניצול_כוח_או_מעמד"": ""לא צוין"", ""סוג_הנשק"": ""אקדח חצי אוטומטי מסוג גז/הזנקה שהוסב לירי כדורים חיים"", ""סוג_העבירה"": ""החזקת נשק ותחמושת שלא כדין"", ""סוג_התחמושת"": ""מחסנית מתאימה לאקדח חצי אוטומטי מסוג סמית' אנד ווסון"", ""סיבות_לביצוע"": ""לא צוין"", ""סעיף_חוק"": ""144(א) רישא וסיפא לחוק העונשין, התשל\""ז – 1977"", ""קוטר_תחמושת"": ""9 מ\""מ פאראבלום"", ""קרבה_לסייג_לאחריות_פלילית"": ""לא צוין"", ""רכב_מעורב"": ""לקסוס מ.ר. 72-111-79"", ""שינוי_ייעוד_נשק"": ""בוצע שינוי בייעודו המקורי של האקדח, מסוגל לירות כדורי אקדח"", ""תאריך_ביצוע"": ""08.07.19"", ""תכנון_מוקדם"": ""לא צוין""}","{""אכזריות_או_ניצול"": ""לא"", ""האם_בוצע_בתכנון_מוקדם"": ""חלקי, תגובה מיידית להגעת שוטרים"", ""האם_הייתה_אלימות_נוספת"": ""לא"", ""האם_הייתה_בריחה_מהמשטרה"": ""כן"", ""האם_הייתה_הודאה"": ""כן"", ""האם_הייתה_הפרעה_לשוטר"": ""כן, הנאשם לא ציית להוראות השוטר ונמלט"", ""האם_הייתה_השפעה_של_אחרים"": ""כן, קיס הזהיר את הנאשם לזרוק את החפץ"", ""האם_הייתה_תחמושת"": ""לא צוין"", ""האם_הנשק_ירה_בפועל"": ""לא"", ""האם_הנשק_תקין"": ""לא צוין"", ""האם_העבירה_בוצעה_במקום_ציבורי"": ""כן, חניון עפר פתוח"", ""האם_העבירה_בוצעה_בצוותא"": ""כן, מספר מעורבים"", ""התגרות_נפגע"": ""לא"", ""זמן_ביצוע"": ""29.12.19, בסביבות 22:00"", ""חלקו_של_הנאשם"": ""נשא את הנשק בפועל וניסה להימלט"", ""יכולת_הבנה"": ""לא צוין קושי בהבנה"", ""יכולת_שליטה_במעשה"": ""לא צוין קושי בשליטה"", ""מספר_מעורבים"": 4, ""מצוקה_נפשית_עקב_התעללות"": ""לא"", ""מקום_ביצוע"": ""חניון עפר פתוח סמוך לבית הוריו של הנאשם, אום אל פחם"", ""נזק_צפוי"": ""פוטנציאל סיכון חיי אדם מהחזקת נשק חם"", ""נזק_שנגרם"": ""לא נגרם נזק בפועל"", ""ניצול_כוח_או_מעמד"": ""לא"", ""סוג_הנשק"": ""תת מקלע מאולתר על חלקיו השונים"", ""סוג_העבירה"": ""ניסיון להחזקה ונשיאת נשק, הפרעה לשוטר"", ""סיבות_לביצוע"": ""לא פורטו"", ""סעיפי_חוק"": [""144(א)"", ""144(ב) רישא"", ""25"", ""275""], ""קרבה_לסייג_לאחריות_פלילית"": ""לא"", ""שמות_מעורבים"": [""הנאשם"", ""קיס אג'באריה"", ""הייתם אג'באריה"", ""רמי אג'באריה""]}",40.0,"1. **סוג העבירה וחומרתה**:  
התיק הראשון עוסק בהחזקת נשק ותחמושת שלא כדין – עבירה משלימה, עם נשק תקין ומותאם לירי. התיק השני כולל ניסיון להחזיק ונשיאת נשק, אך גם הפרעה לשוטר וביצוע העבירה במקום ציבורי עם בריחה. בעוד ששניהם קשורים להחזקת נשק, התיק השני כולל רכיבי סיכון גבוהים יותר (מקום ציבורי, מספר מעורבים, הפרעה), אך עבירותיו חלקן ניסיון ולא השלמה. החומרה דומה ברמה בסיסית, אך התיק השני כולל התנהגות סוערת יותר.

2. **תפקיד הנאשם ומעורבותו**:  
בתיק הראשון – הנאשם היחיד, מעורב ישירות בהחזקת נשק. בתיק השני – הנאשם נשא את הנשק בפועל, אך היה חלק מצוות של ארבעה, ובמצב דינמי של בריחה. מעורבותו פעילה, אך בהקשר של לחץ רגעי (הגעה של שוטרים). יש דמיון במעורבות ישירה, אך בתיק השני יש איבוד שליטה חלקית עקב ההקשר.

3. **שיטת הביצוע (MO)**:  
בתיק הראשון – החזקה מוסתרת, מדויקת, ללא ירי או התנהגות סוערת; נשק מוסתר בצורה מכוונת ברכב יקר. בתיק השני – החזקה מיידית, ניסיון זריקה לאחר איתור, בריחה, הפרעה. שיטת הביצוע שונה מהותית: תכנון וסודיות מול תגובה אימפולסיבית בסיטואציה של חיכוך עם המשטרה.

4. **נסיבות הליבה**:  
בתיק הראשון – נשק תקין, תחמושת, שינוי ייעוד – מצב של החזקה מכוונת. בתיק השני – נשק מאולתר, לא ירה, לא ברור אם תקין, אך היה ניסיון להימלט. הכמות, הסיכון הפוטנציאלי וההשלמה של העבירה בתיק הראשון גבוהים יותר, אך התיק השני כולל נסיבות מחמירות כמו מקום ציבורי והפרעה לשוטר.

5. **ישימות כתקדים**:  
השוני בנסיבות, שיטת הביצוע, רמת התכנון וההשלמה של העבירה מקשה על שימוש באחד כתקדים ענייני לשני. שניהם עוסקים בהחזקת נשק, אך ההקשר – סודיות מול התפרצות – שונה מהותית. בית משפט יתקשה להשוות בין החזקה מכוונת ברכב פרטי לבין ניסיון החזקה בלחץ רגעי במקום ציבורי עם מעורבות שוטרים.

SIMILARITY_SCORE: 40","ok",""
"ME-15-12-39071-113","ME-09-11-7566-913",3,1,1,"{""אכזריות_או_ניצול_נפגע_העבירה"": ""לא רלוונטי"", ""האם_היה_רישיון_להחזקת_נשק"": ""לא"", ""האם_היה_תכנון_מוקדם"": ""לא צוין"", ""האם_הנאשם_היה_נהג"": ""לא, ישב במושב הסמוך לנהג"", ""האם_הנשק_היה_טעון"": ""לא צוין"", ""האם_הנשק_היה_תקין"": ""לא צוין"", ""האם_העבירה_בוצעה_בצוותא"": ""לא צוין"", ""התגרות_מצד_נפגע_העבירה"": ""לא רלוונטי"", ""זמן_העבירה"": ""12.10.13, בשעה 22:30 או בסמוך לכך"", ""יכולת_הבנה_של_הנאשם"": ""לא צוין"", ""יכולת_שליטה_במעשה"": ""לא צוין"", ""מיקום_הנשק"": ""מתחת לשטיח שמתחת למושב ברכב"", ""מיקום_העבירה"": ""כביש מספר 1, בסמוך למחלף הראל"", ""מספר_רישוי_הרכב"": ""71-098-16"", ""מצוקה_נפשית_של_הנאשם"": ""לא צוין"", ""נזק_שהיה_צפוי"": ""לא צוין"", ""נזק_שנגרם"": ""לא צוין"", ""ניצול_כוח_או_מעמד"": ""לא צוין"", ""סוג_המקום"": ""רכב פרטי"", ""סוג_העבירה"": ""אחזקת נשק ללא רישיון"", ""סוג_הרכב"": ""מזדה 3"", ""סוג_נשק"": ""אקדח חצי אוטומטי מסוג סטאר"", ""סיבות_לביצוע_העבירה"": ""לא צוין"", ""סעיף_חוק"": ""144(א) רישא לחוק העונשין"", ""קרבה_לסייג_לאחריות_פלילית"": ""לא צוין""}","{""אופן_החזקה"": ""החזקה, נשיאה והובלה"", ""אכזריות_או_ניצול"": ""לא צוין"", ""האם_הייתה_כוונה_להשתמש_בנשק"": ""לא צוין"", ""האם_הייתה_תחמושת"": ""לא צוין"", ""האם_הייתה_תכנית_מוקדמת"": ""לא צוין"", ""האם_הנשק_היה_ברשות_חוקית"": ""לא"", ""האם_הנשק_היה_תקין"": ""לא צוין"", ""האם_העבירה_בוצעה_בציבור"": ""לא צוין"", ""האם_העבירה_בוצעה_ברכב"": ""כן"", ""התגרות_מצד_נפגע"": ""לא רלוונטי"", ""חלקו_היחסי_של_הנאשם"": ""בלעדי"", ""יכולת_הבנה_של_הנאשם"": ""לא צוין"", ""יכולת_שליטה_במעשה"": ""לא צוין"", ""מועד_ביצוע"": ""05.11.09 בסמוך לשעה 17:00"", ""מותג_הנשק"": ""webiey"", ""מיקום_הנשק"": ""מתחת לריפוד במושב שליד הנהג ברכב"", ""מצוקה_נפשית_של_הנאשם"": ""לא צוין"", ""מקום_ביצוע"": ""רכבו של הנאשם"", ""נזק_שהיה_צפוי"": ""פוטנציאל לנזק חמור עקב החזקת נשק חם"", ""נזק_שנגרם"": ""לא צוין"", ""ניצול_כוח_או_מעמד"": ""לא צוין"", ""סוג_הנשק"": ""אקדח תופי"", ""סיבות_לביצוע_העבירה"": ""לא צוין"", ""סעיפי_אישום"": [""144(א) רישא"", ""144(ב) רישא"", ""144(ג)""], ""קרבה_לסייג_לאחריות_פלילית"": ""לא צוין""}",85.0,"1. **סוג העבירה וחומרתה**: שני התיקים עוסקים באחזקת נשק ללא רישיון לפי סעיף 144(א) רישא – עבירה זהה מבחינת סוג והיקף חוקי. עם זאת, בתיק 2 מופיעים גם סעיפים נוספים (144(ב) ו-144(ג)), שמעידים על החזקה במרחב ציבורי וברכב ועל נשיאה והובלה, מה שמצביע על חומרה מתונה יותר. בכל מקרה, מדובר בעבירה פלילית דומה מאוד מבחינת טבעה.

2. **תפקיד הנאשם ומעורבותו**: בתיק 1 הנ accused יושב במושב הסמוך לנהג, אך לא מובהר אם הוא הבעלים או האחראי על הנשק; בתיק 2 מעורבותו היא ""בלבדית"", כלומר יש דגש על אחריות אישית. למרות הבדל קל ברמת ההדגשה, בשני המקרים מדובר בחזקת נשק בהקשר אישי, ללא צוותא או שליחות.

3. **שיטת הביצוע (MO)**: בשני המקרים הנשק נמצא מתחת למושב ברכב – מיקום זהה כמעט, תוך הטמנתו. בנוסף, שניהם בתוך רכב פרטי, מה שמעיד על דפוס החזה דומה: נשק מוסתר בתוך כלי רכב ללא רישיון. אין מידע על שימוש בנשק, לכן MO זהה ברמה הבסיסית של האחסנה.

4. **נסיבות הליבה**: בשני המקרים אין נזק ממשי, אין תכנון מוקדם צוין, אין שימוש בנשק, ואין נפגעים.唯一的 הבדל הוא שבתיק 2 צוין ""פוטנציאל לנזק חמור"", מה שממחיש את הסיכון, אך זהו אבחנה כללית ולא שינוי בסיטואציה事实ית. הכמויות (נשקי ירי יחידים) ודאי דומות.

5. **ישימות כתקדים**: בית משפט עשוי לראות את שני התיקים כרלוונטיים לצורכי השוואת עונשים בעבירות אחזקת נשק ללא רishiון בהקשר לא אלים, במיוחד כשמדובר בנשק מוסתר ברכב פרטי, ללא רישיון, ללא שימוש, וללא נפגעים. ההבדלים (כמו מותג הנשק או תאריך) הם שוליים מבחינה משפטית.

SIMILARITY_SCORE: 85","ok",""
"ME-19-04-1316-977","SH-11-05-24791-315",1,0,0,"{""אכזריות_או_ניצול"": ""לא צוין"", ""האם_הנאשם_בעל_רישיון_לנשק"": ""לא"", ""האם_הנאשם_הורשע_בעבר_בעבירות_נשק"": ""לא צוין"", ""האם_הנאשם_פעל_במסגרת_ארגון_פשע"": ""לא צוין"", ""האם_הנשק_היה_תקין"": ""כן, לפחות בעסקה שהושלמה; בעסקת הניסיון דווח כי הנשק 'מקולקל'"", ""חלקו_היחסי_של_הנאשם"": ""מרכזי, יזם, תיווך, תיאם, השיג את הנשק והתחמושת, מסר אותם לסוכן"", ""יכולת_הבנה"": ""לא צוין קושי בהבנה, הנאשם פעל במודעות ותכנון"", ""יכולת_שליטה_במעשה"": ""הנאשם שלט במעשיו, יזם ותיאם את העסקאות"", ""כמות_תחמושת"": [""1100 כדורים (ניסיון)"", ""900 כדורים (סחר)""], ""מספר_עסקאות"": 2, ""מעורבות_אחרים"": ""היה מעורב אחר שזהותו אינה ידועה, שסיפק לנאשם את הנשק"", ""מצוקה_נפשית_או_התגרות"": ""לא צוין"", ""מקום_ביצוע"": ""א-ראם"", ""נזק_צפוי"": ""הנשק והתחמושת מסוגלים להמית אדם, פוטנציאל נזק חמור לביטחון הציבור"", ""נזק_שנגרם"": ""לא נגרם נזק בפועל, העסקאות בוצעו מול סוכן משטרתי"", ""ניצול_כוח_או_מעמד"": ""לא צוין"", ""נפגע_העבירה"": ""לא קיים נפגע ישיר, הסוכן פעל מטעם המשטרה"", ""סוג_הנשק"": [""תת מקלע מאולתר (קרלו)"", ""אקדח (ניסיון)"", ""תחמושת (M16, 5.56 מ\""מ)""], ""סוג_התחמושת"": [""M16"", ""5.56 מ\""מ""], ""סוכן_משטרתי"": ""כן, כל העסקאות בוצעו מול סוכן משטרתי"", ""סטטוס_העסקאות"": [""ניסיון שלא הושלם"", ""עסקה שהושלמה""], ""סיבות_לביצוע"": ""לא פורטו מניעים אישיים, אך עולה מניע כלכלי (תמורה כספית עבור הנשק והתחמושת)"", ""סעיפי_חוק"": [""144(ב2)"", ""25""], ""עבירה_עיקרית"": ""סחר וניסיון לסחר בנשק"", ""קרבה_לסייג_לאחריות_פלילית"": ""לא צוין"", ""שווי_העסקאות"": [""17,000 ש\""ח (ניסיון)"", ""19,000 ש\""ח (סחר)""], ""שיטת_ביצוע"": ""מסירת נשק ותחמושת ברכב, תיאום מראש, שימוש באמצעי תקשורת"", ""תכנון_מוקדם"": ""הנאשם יזם, תיאם וביצע שיחות רבות עם הסוכן, כולל הצעות מחיר, תיאום מועדים, גיוס נשק ותחמושת, וניהול מו\""מ על סוגי נשק ומחירים""}","{""אכזריות_או_ניצול_נפגע"": ""לא"", ""האם_בוצע_תכנון_מוקדם"": ""לא צוין"", ""האם_החזקה_ברישיון"": ""לא"", ""האם_הייתה_עסקה_מסחרית"": ""לא"", ""האם_הנשק_היה_תקין"": ""לא צוין"", ""חלקו_היחסי_של_הנאשם"": ""בלעדי"", ""יכולת_הבנה_של_הנאשם"": ""לא צוין"", ""יכולת_שליטה_במעשה"": ""לא צוין"", ""מועד_העבירה"": ""19/07/09 בשעה 21:00 לערך"", ""מספר_נאשמים"": 1, ""מצוקה_נפשית_או_התגרות"": ""לא צוין"", ""מקום_החזקה"": ""בית הנאשמת בכפר עין-נקובא"", ""נזק_שהיה_צפוי"": ""פוטנציאל מסוכן מהחזקת נשק חם"", ""נזק_שנגרם"": ""לא צוין"", ""ניצול_כוח_או_מעמד"": ""לא"", ""סוג_האביזר"": ""שתי מחסניות תואמות"", ""סוג_הנשק"": ""אקדח חצי אוטומטי FN"", ""סוג_העבירה"": ""החזקת נשק ואביזר לנשק ללא רישיון"", ""סיבות_לביצוע_העבירה"": ""לא צוין"", ""סעיפי_חוק"": [""144(א) רישא"", ""144(א) סיפא""], ""קרבה_לסייג_לאחריות_פלילית"": ""לא""}",25.0,"1. **סוג העבירה וחומרתה**:  
   בתיק 1 מדובר בסחר וניסיון לסחר בנשק – עבירה חמורה הכוללת יזמות, תכנון ומסירה فعلית של נשק ותחמושת. בתיק 2 מדובר בהחזקת נשק ואביזרים ללא רישיון, ללא רמז למסירה או סחר. מדובר בעבירה פחות חמורה בהיקפה ובהשלכותיה.  
   → אין התאמה בחומרת העבירה או בסוגה, למרות שייחוסה לתחום הנשק.

2. **תפקיד הנאשם ומעורבותו**:  
   בתיק 1 הנאשם הוא יזם מרכזי, פעיל, שמתווה ומתקדם את העסקאות. בתיק 2 מדובר בחזקה פסיבית, ללא מעורבות פעילה או יזמית.  
   → הפרש מהותי בתפקיד: פעיל מול פסיבי.

3. **שיטת הביצוע (MO)**:  
   בתיק 1 יש תיאום, תקשורת, שימוש ברכב, תכנון עסקאות. בתיק 2 אין שיטת ביצוע רלוונטית – מדובר בחזקה סטטית בבית.  
   → אין דמיון בשיטת הביצוע.

4. **נסיבות הליבה**:  
   בתיק 1 יש כמויות גדולות של תחמושת, עסקאות מרובות, שווי כספי, נשק תקין, ופוטנציאל נזק גבוה. בתיק 2 יש נשק אחד ואביזרים, ללא רמז לכמויות, תכנון או סיכון מיידי.  
   → הנסיבות שונות מהותית מבחינת קנה מידה, סיכון ותפיסה.

5. **ישימות כתקדים**:  
   בית משפט לא יראה את תיק 2 כתקדים רלוונטי לעניין ענישה בתיק 1, שכן מדובר בעבירות שונות מהותית – סחר בנשק מול החזקה ללא רישיון – עם רמות שונות של יזמות, חומרה וסיכון.  
   → לא סביר שיושם כתקדים ענייני.

SIMILARITY_SCORE: 25","ok",""
"ME-15-12-39071-113","ME-13-02-28360-614",1,0,0,"{""אכזריות_או_ניצול_נפגע_העבירה"": ""לא רלוונטי"", ""האם_היה_רישיון_להחזקת_נשק"": ""לא"", ""האם_היה_תכנון_מוקדם"": ""לא צוין"", ""האם_הנאשם_היה_נהג"": ""לא, ישב במושב הסמוך לנהג"", ""האם_הנשק_היה_טעון"": ""לא צוין"", ""האם_הנשק_היה_תקין"": ""לא צוין"", ""האם_העבירה_בוצעה_בצוותא"": ""לא צוין"", ""התגרות_מצד_נפגע_העבירה"": ""לא רלוונטי"", ""זמן_העבירה"": ""12.10.13, בשעה 22:30 או בסמוך לכך"", ""יכולת_הבנה_של_הנאשם"": ""לא צוין"", ""יכולת_שליטה_במעשה"": ""לא צוין"", ""מיקום_הנשק"": ""מתחת לשטיח שמתחת למושב ברכב"", ""מיקום_העבירה"": ""כביש מספר 1, בסמוך למחלף הראל"", ""מספר_רישוי_הרכב"": ""71-098-16"", ""מצוקה_נפשית_של_הנאשם"": ""לא צוין"", ""נזק_שהיה_צפוי"": ""לא צוין"", ""נזק_שנגרם"": ""לא צוין"", ""ניצול_כוח_או_מעמד"": ""לא צוין"", ""סוג_המקום"": ""רכב פרטי"", ""סוג_העבירה"": ""אחזקת נשק ללא רישיון"", ""סוג_הרכב"": ""מזדה 3"", ""סוג_נשק"": ""אקדח חצי אוטומטי מסוג סטאר"", ""סיבות_לביצוע_העבירה"": ""לא צוין"", ""סעיף_חוק"": ""144(א) רישא לחוק העונשין"", ""קרבה_לסייג_לאחריות_פלילית"": ""לא צוין""}","{""אכזריות_או_ניצול"": ""לא צוין אכזריות או ניצול חריגים"", ""בריחה_מהמשטרה"": ""כן, בריחה בנסיעה מהירה, עקיפת ניידת, נסיעה על מדרכה, בריחה רגלית"", ""האם_הנשק_היה_ברשות_הנאשם"": ""הנשק היה ברכב, ברשות הלאל אבו זעילה, הנאשם נהג ברכב"", ""הפרעה_לשוטר"": ""כן, אי ציות להוראות עצירה, הימלטות"", ""התגרות_נפגע"": ""לא צוין"", ""חלקו_היחסי_של_הנאשם"": ""הנאשם נהג ברכב, הלאל אבו זעילה נשא את האקדח וירה, הנאשם היה שותף להימלטות מהמשטרה"", ""יכולת_הבנה"": ""לא צוין קושי בהבנה, הנאשם בגיר"", ""יכולת_הימנעות_ושליטה"": ""הנאשם נהג תחת השפעת אלכוהול, מה שעשוי להשפיע על שליטה, אך לא צוין קושי מהותי"", ""מספר_יריות"": ""3"", ""מצוקה_נפשית_עקב_התעללות"": ""לא צוין"", ""מקום_העבירה"": ""רהט, שטח עירוני"", ""נהיגה_ללא_ביטוח"": ""כן"", ""נהיגה_ללא_רישיון"": ""כן"", ""נהיגה_תחת_השפעת_אלכוהול"": ""כן"", ""נזק_צפוי"": ""ירי באקדח באוויר בשטח עירוני, סיכון חיי אדם, סיכון משתמשי דרך בעת המרדף"", ""נזק_שנגרם"": ""לא דווח על פגיעות גופניות או נזק לרכוש בפועל"", ""ניצול_כוח_או_מעמד"": ""לא צוין"", ""סוג_הנשק"": ""אקדח ותחמושת"", ""סוג_העבירה"": ""נשיאת נשק, הפרעה לשוטר במילוי תפקידו, נהיגה ללא רישיון, נהיגה ללא ביטוח, נהיגה תחת השפעת אלכוהול"", ""סיבות_לביצוע"": ""לא פורטו סיבות מיוחדות לביצוע העבירות"", ""סעיפי_חוק"": ""144(ב) רישא+סיפא, 275 לחוק העונשין, 10(א) לפקודת התעבורה, 2 לפקודת ביטוח רכב מנועי, תקנה 26(2) לתקנות התעבורה"", ""קרבה_לסייג_לאחריות_פלילית"": ""לא צוין"", ""שותפים_לעבירה"": ""הלאל אבו זעילה"", ""תכנון_מוקדם"": ""הנאשם שאל את הרכב מגיסו ונהג בו במספר הזדמנויות ללא רישיון וללא ביטוח, אך לא צוין תכנון מוקדם לנשיאת הנשק או לירי""}",30.0,"1. **סוג העבירה וחומרתה**:  
   התיק הראשון עוסק באחזקת נשק ללא רישיון (סעיף 144(א) רישא), עבירה יסודית אך ללא אלמנטים של שימוש או סיכון מיידי. התיק השני כולל נסיעה עם נשק (144(ב)), ירי באקדח, הפרעה לשוטר, נהיגה פסולה תחת השפעת אלכוהול – עבירות חמורות בהרבה, עם סיכון ציבורי מיידי. החומרה בפועל ובציפייה גבוהה בהרבה בתיק 2.

2. **תפקיד הנאשם ומעורבותו**:  
   בתיק 1, הנאשם היה נוסע במושב הקדמי, ללא ידע מוכח בנשק (למרות מציאתו ברכב), מעורבות פסיבית. בתיק 2, הנאשם הוא נהג פעיל, נהג תחת השפעה, חלק מהבריחה, שותף להימלטות – מעורבות פעילה ומרכזית.

3. **שיטת הביצוע (MO)**:  
   בתיק 1 – אין מידע על MO, נשק נמצא בהסתרה. בתיק 2 – עבירה דרמטית: ירי, בריחה מהמשטרה, נהיגה מסוכנת, הפרעה. שיטת ביצוע שונה מהותית: סתירה מול התנהגות אגרסיבית ופומבית.

4. **נסיבות הליבה**:  
   בתיק 1 – אין נזק, אין ירי, אין נשק טעון או תקין צוין, אין תכנון. בתיק 2 – ירי 3 יריות בשטח עירוני, נהיגה מסוכנת, סיכון גבוה לציבור, נשק בשימוש. נסיבות מחמירות ברורות בתיק 2, כמעט אינן קיימות בתיק 1.

5. **ישימות כתקדים**:  
   שני התיקים עוסקים בנשק באוטו, אך ההקשר שונה: תיק 1 הוא אחזקת נשק סטטית, תיק 2 הוא עבירה דינמית, אלימה ומסוכנת. בית משפט לא יראה בתיק 1 תקדים רלוונטי לענישה בתיק 2, בשל הפער בחומרת המעשים והסיכון.

SIMILARITY_SCORE: 30","ok",""
"ME-16-02-59812-881","ME-22-03-52964-443",3,1,1,"{""האם_הייתה_החלטה_מוקדמת_למכור"": ""החלטה התקבלה בעקבות תסמיני גמילה"", ""האם_הייתה_הצעה_קודמת_למכור_את_הנשק"": ""כן, מספר פעמים בעבר אך הנאשמת סירבה"", ""האם_הייתה_השפעה_של_אחר_על_הנאשמת"": ""מחמוד הציע בעבר לרכוש את האקדח"", ""האם_הייתה_כוונה_להתחמק_מעונש"": ""כן, באמצעות מסירת ידיעה כוזבת"", ""האם_הייתה_פגיעה_באמון_הציבור"": ""כן, בשל תפקידה כמאבטחת בבית ספר"", ""האם_הייתה_פגיעה_בביטחון_הציבור"": ""פוטנציאלית, העברת נשק לא חוקית"", ""האם_הייתה_פנייה_למשטרה"": ""כן, על ידי המעביד בעקבות הדיווח הכוזב"", ""האם_הייתה_שליטה_על_המעשה"": ""כן, הנאשמת יזמה את המכירה"", ""האם_הייתה_תחבולה_או_הסתרה"": ""כן, סיפור שוד כוזב ודיווח שקרי"", ""האם_הייתה_תחבולה_או_שיבוש_לאחר_העבירה"": ""כן, הנאשמת בדתה סיפור שוד ומסרה ידיעה כוזבת למשטרה"", ""האם_הייתה_תלות_בסמים"": ""כן, צריכה עצמית ותסמיני גמילה"", ""האם_הנאשמת_הודתה_במעשים"": ""כן, בהמשך החקירה"", ""האם_הנשק_היה_ברישיון"": ""כן, במסגרת עבודתה כמאבטחת"", ""האם_העבירה_בוצעה_בתמורה_לסמים"": ""כן, חלק מהתמורה היה סם הרואין"", ""מניע_לביצוע_העבירה"": ""צורך בכסף לרכישת סמים עקב תסמיני גמילה"", ""מספר_כדורים"": 20, ""מספר_מחסניות"": 1, ""מקום_ביצוע_העבירה"": ""סמוך למקום מגוריו של מחמוד"", ""סוג_הנשק"": ""אקדח 9 מ\""מ מסוג תארוס"", ""סוג_העבירה_העיקרית"": ""סחר בנשק"", ""סעיף_חוק_עיקרי"": ""144(ב2)"", ""סעיפי_חוק_נוספים"": [""243 סיפא"", ""244""], ""עבירות_נוספות"": [""מסירת ידיעה כוזבת על עבירת פשע"", ""שיבוש הליכי משפט""], ""קשר_קודם_בין_הצדדים"": ""רכישת סמים קודמת ממחמוד"", ""תמורה_עבור_הנשק"": ""8,000 ש\""ח במזומן וארבע חבילות הרואין"", ""תקופת_ביצוע_העבירה"": ""פברואר 2016""}","{""אכזריות_או_ניצול"": ""לא צוין"", ""האם_החזקה_ברשיון"": ""לא"", ""האם_הייתה_הפרעה_לשוטר"": ""כן, ניסיון להימלט ולהסתיר ראיות"", ""האם_הייתה_תכנית_מוקדמת"": ""לא צוין תכנון מוקדם"", ""האם_הנשק_היה_תקין"": ""לא צוין, אך היה טעון ועם תחמושת"", ""האם_הנשק_טעון"": ""כן"", ""התגרות_של_נפגע"": ""לא רלוונטי"", ""חלקו_היחסי_של_הנאשם"": ""מבצע יחיד"", ""יכולת_הבנה_של_הנאשם"": ""לא צוין קושי בהבנה"", ""יכולת_שליטה_במעשה"": ""לא צוין קושי בשליטה"", ""מועד_ביצוע"": ""09.03.2022 12:10"", ""מספר_כדורים"": 32, ""מספר_מחסניות"": 2, ""מצוקה_נפשית_עקב_התעללות"": ""לא צוין"", ""מקום_ביצוע"": ""חצר הכניסה למפעל מזון בדיר אל אסד"", ""נזק_שהיה_צפוי"": ""פוטנציאל לסיכון חיי אדם עקב החזקת נשק טעון"", ""נזק_שנגרם"": ""לא צוין נזק פיזי"", ""ניסיון_הסתרה_או_השלכה"": ""כן, ניסיון להשליך את הנשק והתחמושת לארגז עופות"", ""ניצול_כוח_או_מעמד"": ""לא צוין"", ""נסיבות_החזקה"": ""הנשק והמחסניות הוסתרו על גופו של הנאשם"", ""סוג_הנשק"": ""אקדח חצי אוטומטי D.D.G מודל 19 קליבר 9 מ\""מ פרבלום"", ""סוג_העבירה"": ""עבירות נשק והפרעה לשוטר במילוי תפקידו"", ""סיבות_לביצוע"": ""לא פורטו"", ""סעיפי_חוק"": [""144(א) רישא וסיפא"", ""144(ב) רישא וסיפא"", ""144(ג)"", ""275""], ""קרבה_לסייג_לאחריות_פלילית"": ""לא צוין"", ""תגובה_לנוכחות_משטרה"": ""בריחה לתוך המפעל""}",30.0,"1. **סוג העבירה וחומרתה**:  
   תיק 1 עוסק בסחר בנשק (סעיף 144(ב2)) ובשיבוש הליכי משפט, בעוד תיק 2 עוסק בהחזקת נשק טעון ללא רישיון והפרעה לשוטר (סעיפים 144(א)-(ג) ו-275). שני התיקים קשורים לנשק非法, אך בעבירות שונות: אחת של מכירה ויזומה, ואחת של החזקה פסיבית והפרעה. חומרת העבירה בתיק 1 גבוהה יותר עקב תכנון וסחר, אך שניהם מתייחסים לאיום על ביטחון הציבור.  
   
2. **תפקיד הנאשם ומעורבותו**:  
   בתיק 1 הנאשמת היא יזמית – מכרה נשק שהיה ברשותה כחלק מתפקידה המקצועי, וביצעה את העבירה מתוך צורך אישי (תלות בסמים). בתיק 2 הנאשם הוא מחזיק נשק באופן לא חוקי, ללא רמז לתפקיד רשמי או סמכות. מעורבותו היא פחות יזמית ויותר הגנתית/בריחה. אין כאן מעורבות מקצועית או הסדרה של מכירה.  

3. **שיטת הביצוע (MO)**:  
   בתיק 1 יש תחבולה מובנית: סיפור שוד מדומה, מסירת דיווח שקרי, שימוש בנשק מורשה לצורך עבירה. בתיק 2 אין תחבולה מוקדמת, אלא ניסיון להסתיר ראיות בזמן הפנייה של המשטרה – תגובה ריאקטיבית. השיטה שונה מהותית: תוכנית מול תגובה מידית.  

4. **נסיבות הליבה**:  
   בתיק 1 יש תמורה (כסף וסמים), תכנון, תלות כס motivo, שימוש בנשק מורשה לצורך עבירה, ופגיעה באמון הציבור. בתיק 2 אין תמורה, אין תכנון מוכח, הנשק לא היה מורשה, ולא הייתה עבירה כלכלית. הכמות (32 כדורים, 2 מחסניות) גדולה יותר, אך מדובר בהחזקת נשק טעון – סיכון מיידי. עם זאת, המניע, ההקשר, והתכנון שונים.  

5. **ישימות כתקדים**:  
   שני התיקים עוסקים בנשק, אך בית משפט יראה בהם עבירות שונות מבחינת אופי העבירה: סחר מול החזקה. בנוסף, ההקשר האישי (תלות בסמים, תפקיד מקצועי, תחבולה) בתיק 1 אינו קיים בתיק 2. לכן, למרות הדמיון בשדה (נשק), הם לא מהווים תקדים ענייני ישיר.  

SIMILARITY_SCORE: 30","ok",""
"ME-20-01-62688-591","ME-17-05-35227-215",1,0,0,"{""אופן_ההגעה_למקום"": ""ברכב עם אחר"", ""אכזריות_או_ניצול_המתלונן"": ""הנאשם דרך את האקדח, הצמיד אותו לירך וירה מטווח קצר, מעשה אלים ומסוכן"", ""האם_היה_סכום_כסף_ברשות_הנאשם_בעת_המעצר"": ""כן"", ""האם_הייתה_בריחה_מהזירה"": ""כן, הנאשם נמלט ברכב עם אחר"", ""האם_הייתה_הובלת_נשק"": ""כן"", ""האם_הייתה_החזקה_של_נשק_בלא_רישיון"": ""כן"", ""האם_הייתה_החזקה_של_סם"": ""כן"", ""האם_הייתה_הימלטות_לאחר_המעשה"": ""כן"", ""האם_הייתה_התארגנות_מוקדמת"": ""כן, הגעה עם אחר ברכב, נשיאת נשק"", ""האם_הייתה_כוונה_לפגוע_חמורות"": ""כן, כוונה לגרום חבלה חמורה, נכות או מום"", ""האם_הייתה_נשיאת_נשק"": ""כן"", ""האם_הייתה_פגיעה_בגוף"": ""כן"", ""האם_הנאשם_נעצר_באותו_יום"": ""כן"", ""האם_הנשק_היה_ברישיון"": ""לא"", ""האם_הנשק_היה_תקין"": ""כן, בוצע ירי"", ""האם_הסם_הוחזק_לצריכה_עצמית"": ""כן"", ""השפעת_אחר_על_הנאשם"": ""היה אחר שסייע לוגיסטית אך לא השפיע על ההחלטה לבצע את הירי"", ""חלקו_היחסי_של_הנאשם"": ""הנאשם היה היורה והמבצע הישיר של העבירה, האחר שימש כנהג וסייע להימלטות"", ""יכולת_הבנה_של_הנאשם"": ""לא צוין קושי בהבנה, בגיר"", ""יכולת_שליטה_על_המעשה"": ""לא צוין קושי בשליטה, לא נטענה התגרות מצד המתלונן"", ""כמות_הסם_בגרם"": 1.5, ""מספר_כדורים_שנורו"": ""1"", ""מצוקה_נפשית_עקב_התעללות"": ""לא צוין"", ""מקום_ביצוע_העבירה"": ""עסק בו עבד המתלונן"", ""מקום_המעצר"": ""תחנת דלק פז, צומת האצטדיון, חיפה"", ""נזק_צפוי"": ""פגיעה חמורה בגוף, נכות או מום"", ""נזק_שנגרם"": ""שבר בירך, ניתוח, אשפוז, השארת קליע בגוף, גיבוס, פגיעה תפקודית"", ""ניצול_כוח_או_מעמד"": ""לא צוין ניצול מעמד או יחסים מיוחדים"", ""סוג_הנשק"": ""אקדח טעון בכדורים"", ""סוג_הסם"": ""קוקאין"", ""סוג_העבירה_העיקרית"": ""חבלה בכוונה מחמירה"", ""סיבת_ביצוע_העבירה"": ""לא פורטו מניעים או סיבות ישירות"", ""סכום_הכסף_שנתפס"": 1950, ""סעיף_עבירה_עיקרית"": ""329(א)(1) לחוק העונשין"", ""סעיפי_עבירות_נוספות"": [""144(ב) לחוק העונשין"", ""7(א)+(ג) סיפא לפקודת הסמים המסוכנים""], ""עבירות_נוספות"": [""נשיאת והובלת נשק ללא רישיון"", ""החזקת סם מסוכן לצריכה עצמית""], ""קרבה_לסייג_לאחריות_פלילית"": ""לא צוין"", ""שעת_ביצוע_העבירה"": ""14:55"", ""תכנון_מוקדם"": ""הנאשם הגיע למקום יחד עם אחר שנהג ברכב, נשא עמו אקדח טעון, קירב את הרכב לכניסה, המתין להזדמנות ודיבר עם המתלונן לפני ביצוע הירי""}","{""אופן_הובלה"": ""בתוך תא המטען של אופנוע"", ""אכזריות_או_ניצול"": ""לא"", ""אמצעי_תחבורה"": ""אופנוע מסוג קואנג יאנג טיו"", ""האם_הייתה_רשות_להחזקה"": ""לא"", ""האם_הייתה_תכנית_מוקדמת"": ""לא צוין"", ""האם_הנשק_היה_טעון"": ""בתוך הנשק נמצאה מחסנית"", ""האם_הנשק_היה_תקין"": ""לא צוין"", ""האם_העבירה_בוצעה_במסגרת_קבוצתית"": ""לא"", ""חלקו_היחסי_של_הנאשם"": ""מבצע יחיד"", ""יכולת_הבנה_של_הנאשם"": ""לא צוין"", ""יכולת_שליטה_במעשה"": ""לא צוין"", ""מועד_העבירה"": ""7 במאי 2017 בשעת צהריים"", ""מצוקה_נפשית_של_הנאשם"": ""לא צוין"", ""נזק_צפוי"": ""פוטנציאל סיכון גבוה לציבור"", ""נזק_שנגרם"": ""לא צוין"", ""ניצול_כוח_או_מעמד"": ""לא"", ""סוג_הנשק"": ""תת-מקלע מאולתר"", ""סוג_העבירה"": ""נשיאת והובלת נשק ללא רישיון"", ""סוג_התחמושת"": ""מחסנית"", ""סיבות_לביצוע"": ""לא צוין"", ""סעיף_חוק"": ""144(ב) רישא וסיפא לחוק העונשין"", ""קרבה_לסייג_לאחריות_פלילית"": ""לא""}",25.0,"1. **סוג העבירה וחומרתה**:  
התיק הראשון עוסק בחבלה בכוונה מחמירה – עבירה אלימה וקטלנית, עם ירי מטווח קצר, פגיעה גופנית חמורה וסיכונים לחיים. התיק השני עוסק בהחזקת נשק ללא רישיון – עבירה של נסיקה וסיכון, אך ללא אלימות ישירה או פגיעה فعلית. החומרה בפועל בתיק הראשון גבוהה בהרבה.

2. **תפקיד הנאשם ומעורבותו**:  
בתיק הראשון הנאשם הוא המבצע הישיר של הירי, היורה, עם שותף לוגיסטי (נהג). בתיק השני הנאשם הוא מבצע יחיד, ללא שותפים, ובאופן פסיבי – הובלת נשק מאולתר באופנוע. מעורבותו פעילה אך לא אלימה.

3. **שיטת הביצוע (MO)**:  
בתיק הראשון יש תכנון מוקדם, הגעה ברכב עם שותף, המתנה, שימוש באקדח תקין, ירי מטווח קצר – MO של פיגוע אלים. בתיק השני – הובלה של נשק מאולתר באופנוע, ללא תכנון מוקדם או אלימות ישירה. אין דפוס דומה.

4. **נסיבות הליבה**:  
התיק הראשון כולל ירי, פגיעה גופנית חמורה, בריחה, כוונה לפגוע, נשק תקין וריאלי. התיק השני – נשק מאולתר, לא ירה, לא נעשה שימוש בו, נזק לא נגרם. ההבדלים בהיקף הנזק, סיכון ותוקפנות מהותיים.

5. **ישימות כתקדים**:  
בית משפט לא יראה בתיק השני תקדים רלוונטי לעניין עונש על חבלה אלימה עם נשק. שני התיקים חולקים רק את היבט ""החזקת נשק ללא רישיון"", אך ההקשר, החומרה וההשלכות שונים לחלוטין. לא ניתן להשוות עונשים בין פיגוע אלים לבין הובלת נשק פסיבית.

SIMILARITY_SCORE: 25","ok",""
"ME-16-06-64845-657","ME-12-03-13401-281",1,0,0,"{""אופן_היתפסות"": ""נתפס על ידי שוטרים כשהנשק והתחמושת ברשותו"", ""האם_היה_נזק_פוטנציאלי"": ""כן, החזקת נשק ותחמושת ללא רישיון מהווה סיכון"", ""האם_הייתה_אכזריות_או_אלימות"": ""לא"", ""האם_הייתה_הצטיידות_מוקדמת"": ""כן, עובר ליום 22/6/16 הצטייד הנאשם בנשק ובתחמושת"", ""האם_הייתה_השפעה_של_אחרים"": ""לא צוין"", ""האם_הייתה_התגרות_של_נפגע_העבירה"": ""לא"", ""האם_הייתה_התעללות_בנאשם"": ""לא"", ""האם_הייתה_כוונה_לשימוש_מיידי"": ""לא צוין"", ""האם_הייתה_פגיעה_בפועל"": ""לא"", ""האם_הייתה_שליטה_על_המעשה"": ""כן"", ""האם_הנאשם_הבין_את_מעשיו"": ""כן"", ""האם_הנאשם_ניצל_מעמדו_או_כוחו"": ""לא"", ""האם_הנאשם_קרוב_לסייג_לאחריות_פלילית"": ""לא"", ""האם_הנשק_היה_טעון"": ""לא, המחסנית הייתה ריקה"", ""האם_העבירה_בוצעה_במסגרת_ארגון_פשע"": ""לא צוין"", ""האם_העבירה_בוצעה_בצוותא"": ""לא, הנאשם פעל לבדו"", ""כמות_תחמושת"": 11, ""מועד_העבירה"": ""22/6/16"", ""מחסנית"": ""מחסנית ריקה"", ""מקום_החזקה_בנשק"": ""תא הכפפות של רכבו"", ""מקום_החזקה_בתחמושת"": ""בכיסו של הנאשם"", ""מקום_העבירה"": ""אזור המשתלה בקצה הצפוני של כפר כנא"", ""סוג_הנשק"": ""אקדח"", ""סוג_העבירה"": ""נשיאת והובלת נשק ותחמושת ללא רישיון"", ""סוג_התחמושת"": ""כדורי רובה בקוטר 9 מ\""מ"", ""סעיפי_אישום"": [""144(ב) רישא לחוק העונשין"", ""144(ב) סיפא לחוק העונשין""]}","{""אכזריות_או_ניצול"": ""לא צוין ניצול, אכזריות או התעללות כלפי נפגע העבירה."", ""האם_בוצע_ירי"": ""כן, בוצע ירי של 11 כדורים באזור מגורים."", ""האם_היו_אנשים_נוספים_במקום"": ""לאחר הירי, הנאשם נכנס לרכב בו שהו אנשים נוספים, אך לא צוין מעורבותם בביצוע העבירה."", ""האם_הנאשם_נעצר_בזמן_ביצוע"": ""הנאשם נעצר ברכב, זמן קצר לאחר הירי, כשברשותו האקדח, מחסניות וכדורים."", ""האם_הנשק_היה_ברשות_חוקית"": ""הנשק הוחזק ללא רישיון כדין."", ""האם_הנשק_היה_גנוב"": ""כן, האקדח נגנב בהתפרצות לבית ביישוב ציפורי ב-3.2.12."", ""זמן_העבירה"": ""ליל 25-26.2.12, סמוך לשעה 00:38."", ""חלקו_היחסי_של_הנאשם"": ""הנאשם פעל לבדו בביצוע העבירות המתוארות."", ""יכולת_הבנה"": ""לא צוין קושי בהבנה או במודעות של הנאשם למעשיו."", ""יכולת_הימנעות_ושליטה"": ""לא צוין קושי בשליטה או הימנעות; לא דווח על התגרות מצד נפגע העבירה."", ""כמות_כדורים"": ""11 כדורי אקדח נורו באזור מגורים."", ""מצוקה_נפשית_עקב_התעללות"": ""לא צוינה מצוקה נפשית או התעללות מצד נפגע העבירה."", ""מקום_העבירה"": ""רחוב שיבת ציון, חיפה, אזור מגורים."", ""נזק_צפוי"": ""ירי באקדח באזור מגורים יוצר סיכון חמור לפגיעה בנפש וברכוש."", ""נזק_שנגרם"": ""לא דווח על פגיעה פיזית או נזק קונקרטי לנפגעים כתוצאה מהירי."", ""ניצול_כוח_או_מעמד"": ""לא צוין ניצול לרעה של כוח, מעמד או יחסים."", ""סוג_הנשק"": ""אקדח גנוב מסוג CZ קליבר 9 מ\""מ."", ""סטטוס_הנשק"": ""נשק גנוב, טעון עם כדור בקנה ופטיש משוך לאחור."", ""סיבות_לביצוע"": ""לא נמסר הסבר סביר או מניע לביצוע הירי."", ""קרבה_לסייג_לאחריות_פלילית"": ""לא צוינה קרבה לסייג לאחריות פלילית."", ""תחמושת_שהוחזקה"": ""שתי מחסניות שבתוכן כדורי אקדח ו-11 כדורי אקדח 9 מ\""מ נוספים."", ""תכנון_מוקדם"": ""הנאשם החזיק ונשא אקדח גנוב, מחסניות וכדורים, וירה באזור מגורים ללא הסבר סביר, דבר המצביע על תכנון מסוים אך לא מפורטת רמת התכנון המוקדם.""}",40.0,"1. **סוג העבירה וחומרתה**: שני התיקים עוסקים בהחזקת נשק ללא רישיון, אך בתיק 2 יש ירי באקדח באזור מגורים – פעולה חמורה בהרבה מהחזקה בלבד. בעוד תיק 1 עוסק בהעברת נשק ותחמושת, תיק 2 כולל שימוש פעיל בנשק, מה שמגדיל משמעותית את החומרה.  
2. **תפקיד הנאשם ומעורבותו**: בשני המקרים הנאשם פעל לבדו, אך בתיק 2 מעורבותו פעילה ומשמעותית יותר – ירי של 11 כדורים – לעומת החזקה בלבד בתיק 1.  
3. **שיטת הביצוע (MO)**: שני הנאשמים נשאו אקדח ותחמושת 9 מ""מ, אך בתיק 2 יש ירי, נשק גנוב, ו ammunition נוסף – מה שמעיד על הכנה וסיכון גבוה יותר. התנהגות הירי באוכלוסייה מביעה MO שונה ומסוכן יותר.  
4. **נסיבות הליבה**: בתיק 2 הסיכון לנזק היה גבוה בהרבה – ירי באזור מגורים, נשק טעון, גנוב, עם מחסניות נוספות. בתיק 1 הנשק לא היה טעון, והמחסנית הייתה ריקה – סיכון מינימלי יותר. גם הכמויות דומות (11 כדורים), אך השימוש בהם מהותי.  
5. **ישימות כתקדים**: למרות הדמיון בציוד (אקדח 9 מ""מ, החזקה ללא רישיון), ההבדלים בחומרת הפעולה – ירי מול החזקה בלבד – מקטינים מאוד את הסבירות שבית משפט יראה בתיק 1 תקדים רלוונטי לעניין ענישה לתיק 2.

SIMILARITY_SCORE: 40","ok",""
"SH-14-02-28659-762","ME-16-05-19384-544",1,0,0,"{""אכזריות_או_אלימות"": ""לא צוין"", ""האם_החזקה_ברישיון"": ""לא"", ""הסתרה"": ""הוסתר בעליית הגג של המקלחת"", ""חלקו_היחסי_של_הנאשם"": ""ביצע את העבירה לבדו"", ""יכולת_הבנה_של_הנאשם"": ""לא צוין קושי בהבנה"", ""יכולת_שליטה_במעשה"": ""לא צוין קושי בשליטה"", ""מניע_נטען"": ""הגנה עצמית"", ""מצוקה_נפשית_עקב_התעללות"": ""לא צוין"", ""מקום_החזקה"": ""בית הנאשם בעזריה"", ""משך_החזקה"": ""כשנתיים"", ""נזק_צפוי"": ""החזקה בלתי חוקית של נשק יוצרת סיכון ממשי"", ""נזק_שנגרם"": ""לא נגרם נזק בפועל"", ""ניצול_לרעה_של_כוח_או_מעמד"": ""לא צוין"", ""סוג_הנשק"": ""נשק מאולתר מסוג קרל גוסטב"", ""סעיף_עבירה"": ""144(א) לחוק העונשין"", ""קרבה_לסייג_לאחריות_פלילית"": ""לא צוין"", ""תכנון_מוקדם"": ""החזקה ממושכת והסתרה מעידים על תכנון""}","{""אזרחיות_הנאשם"": ""ישראלי"", ""אכזריות_או_ניצול_במעשה"": ""לא צוין"", ""האם_הייתה_התגרות_של_נפגע_העבירה"": ""לא"", ""האם_הנאשם_החזיק_נשק_ללא_רישיון"": ""כן"", ""האם_הנאשם_פעל_במסגרת_ארגון_פשיעה"": ""לא צוין"", ""האם_הנאשם_פעל_עם_אחרים"": ""כן, רכש ומכר נשק לאחרים"", ""האם_הנשק_הוסתר_או_הוחבא"": ""כן, הוסתר בשכונה סמוכה למקום מגוריו"", ""האם_הנשק_שימש_לביצוע_פיגוע"": ""כן"", ""האם_העבירה_בוצעה_ביותר_מנשק_אחד"": ""כן"", ""האם_העבירה_בוצעה_בתקופה_ממושכת"": ""כן, מספר חודשים"", ""חלקו_היחסי_של_הנאשם"": ""מרכזי, יזם, רכש, החזיק, סחר ומסר נשק"", ""יכולת_הבנה_של_הנאשם"": ""מלאה"", ""יכולת_שליטה_במעשה"": ""מלאה"", ""מספר_נשקים_שנסחרו"": 3, ""מספר_עבירות_סחר_בנשק"": 2, ""מספר_עבירות_רכישת_נשק"": 2, ""מספר_תחמושת_שנסחרה"": 10, ""נזק_צפוי"": ""פוטנציאל לפגיעה חמורה בחיי אדם"", ""נזק_שנגרם"": ""הנשק שנסחר שימש בפועל לפיגוע ירי"", ""ניצול_כוח_או_מעמד"": ""לא צוין"", ""סוגי_נשק"": [""רובה תבור"", ""קרל גוסטב"", ""תחמושת""], ""סיבות_לביצוע_העבירה"": ""רווח כספי, מניע אידיאולוגי (ירי על כוחות הביטחון)"", ""סעיפי_חוק"": [""144(ב)"", ""333 בצירוף 25"", ""144(א)"", ""144(ב2)""], ""עבירות_שהורשע_בהן"": [""נשיאת נשק"", ""ניסיון לחבלה חמורה"", ""רכישת נשק"", ""סחר בנשק""], ""פירוט_שימוש_נשק_בפיגוע"": ""הנשק שמכר הנאשם שימש את הקונה לביצוע פיגוע ירי בירושלים"", ""שווי_העסקאות"": ""לפחות 11,500 ש\""ח"", ""תכנון_מוקדם"": ""הנאשם תכנן לירות על כוחות הביטחון בעקבות התפרעויות""}",30.0,"1. **סוג העבירה וחומרתה**: שני התיקים עוסקים בהחזקת נשק ללא רישיון לפי סעיף 144(א), אך בתיק 2 יש גם סחר בנשק, רכישה, וניסיון לחבלה, כולל שימוש בפועל בנשק בפיגוע – מה שמצביע על חומרה פליליית גבוהה בהרבה. בעוד תיק 1 מוגבל להחזקת נשק מאולתר לאורך זמן, תיק 2 כולל פעילות קרימינלית מורכבת עם השלכות ממשיות.  
→ חומרה שונה משמעותית, גם אם יש חפיפה בסוג העבירה.

2. **תפקיד הנאשם ומעורבותו**: בתיק 1 הנאשם פעל לבדו בהחזקת נשק, ככל הנראה מתוך מניע של הגנה עצמית. בתיק 2 הנאשם היה יזם מרכזי – רכש, החזיק, סחר ומסר נשק, ובמתכוון לקדם פיגועים. מעורבותו אקטיבית, רחבה וمركזית בארגון פשיעה קטן.  
→ מעורבות שונה מהותית: מחזיק נשק בודד מול סוחר נשק פעיל.

3. **שיטת הביצוע (MO)**: בשני המקרים יש הסתרת נשק מחוץ לבית (בעליית גג / בשכונה סמוכה), ותכנון מוקדם. אך בתיק 2 יש שיטת פעולה של סחר, העברה, ותכנון פיגוע – דפוס של פעולה מתמשכת ומקצועייה, בניגוד לתיק 1, שבו מדובר בהחזקה סטטית לאורך זמן.  
→ יש דמיון מינורי בהסתרה, אך MO שונה מהותית.

4. **נסיבות הליבה**: בתיק 1 לא נגרם נזק בפועל, הכמות מוגבלת (נשק אחד), אין שימוש בנשק. בתיק 2: נשק שימש בפועל לפיגוע ירי, נגרם נזק אמיתי, שווי עסקאות, מספר נשקים ותחמושת, ומניע אידיאולוגי-إجرامي.  
→ הנסיבות שונות קיצוניות: סיכון תיאורטי מול נזק ממשי ותוצאות קטלניות.

5. **ישימות כתקדים**: למרות החפיפה בסעיף 144(א) ובהחזקת נשק מאולתר (קרל גוסטב), ההבדלים בחומרה, המניע, התכנון, ההיקף וההשלכות הופכים את התיקים לרחוקים מדי זה מזה. בית משפט לא יראה בתיק 1 תקדים רלוונטי לעונישה בתיק 2, שבו יש סחר, שימוש בפועל בנשק בפיגוע, ותכנון אידיאולוגי.  
→ לא סביר שיושם כתקדים ענייני.

SIMILARITY_SCORE: 30","ok",""
"ME-20-01-62688-591","ME-22-03-52964-443",1,0,0,"{""אופן_ההגעה_למקום"": ""ברכב עם אחר"", ""אכזריות_או_ניצול_המתלונן"": ""הנאשם דרך את האקדח, הצמיד אותו לירך וירה מטווח קצר, מעשה אלים ומסוכן"", ""האם_היה_סכום_כסף_ברשות_הנאשם_בעת_המעצר"": ""כן"", ""האם_הייתה_בריחה_מהזירה"": ""כן, הנאשם נמלט ברכב עם אחר"", ""האם_הייתה_הובלת_נשק"": ""כן"", ""האם_הייתה_החזקה_של_נשק_בלא_רישיון"": ""כן"", ""האם_הייתה_החזקה_של_סם"": ""כן"", ""האם_הייתה_הימלטות_לאחר_המעשה"": ""כן"", ""האם_הייתה_התארגנות_מוקדמת"": ""כן, הגעה עם אחר ברכב, נשיאת נשק"", ""האם_הייתה_כוונה_לפגוע_חמורות"": ""כן, כוונה לגרום חבלה חמורה, נכות או מום"", ""האם_הייתה_נשיאת_נשק"": ""כן"", ""האם_הייתה_פגיעה_בגוף"": ""כן"", ""האם_הנאשם_נעצר_באותו_יום"": ""כן"", ""האם_הנשק_היה_ברישיון"": ""לא"", ""האם_הנשק_היה_תקין"": ""כן, בוצע ירי"", ""האם_הסם_הוחזק_לצריכה_עצמית"": ""כן"", ""השפעת_אחר_על_הנאשם"": ""היה אחר שסייע לוגיסטית אך לא השפיע על ההחלטה לבצע את הירי"", ""חלקו_היחסי_של_הנאשם"": ""הנאשם היה היורה והמבצע הישיר של העבירה, האחר שימש כנהג וסייע להימלטות"", ""יכולת_הבנה_של_הנאשם"": ""לא צוין קושי בהבנה, בגיר"", ""יכולת_שליטה_על_המעשה"": ""לא צוין קושי בשליטה, לא נטענה התגרות מצד המתלונן"", ""כמות_הסם_בגרם"": 1.5, ""מספר_כדורים_שנורו"": ""1"", ""מצוקה_נפשית_עקב_התעללות"": ""לא צוין"", ""מקום_ביצוע_העבירה"": ""עסק בו עבד המתלונן"", ""מקום_המעצר"": ""תחנת דלק פז, צומת האצטדיון, חיפה"", ""נזק_צפוי"": ""פגיעה חמורה בגוף, נכות או מום"", ""נזק_שנגרם"": ""שבר בירך, ניתוח, אשפוז, השארת קליע בגוף, גיבוס, פגיעה תפקודית"", ""ניצול_כוח_או_מעמד"": ""לא צוין ניצול מעמד או יחסים מיוחדים"", ""סוג_הנשק"": ""אקדח טעון בכדורים"", ""סוג_הסם"": ""קוקאין"", ""סוג_העבירה_העיקרית"": ""חבלה בכוונה מחמירה"", ""סיבת_ביצוע_העבירה"": ""לא פורטו מניעים או סיבות ישירות"", ""סכום_הכסף_שנתפס"": 1950, ""סעיף_עבירה_עיקרית"": ""329(א)(1) לחוק העונשין"", ""סעיפי_עבירות_נוספות"": [""144(ב) לחוק העונשין"", ""7(א)+(ג) סיפא לפקודת הסמים המסוכנים""], ""עבירות_נוספות"": [""נשיאת והובלת נשק ללא רישיון"", ""החזקת סם מסוכן לצריכה עצמית""], ""קרבה_לסייג_לאחריות_פלילית"": ""לא צוין"", ""שעת_ביצוע_העבירה"": ""14:55"", ""תכנון_מוקדם"": ""הנאשם הגיע למקום יחד עם אחר שנהג ברכב, נשא עמו אקדח טעון, קירב את הרכב לכניסה, המתין להזדמנות ודיבר עם המתלונן לפני ביצוע הירי""}","{""אכזריות_או_ניצול"": ""לא צוין"", ""האם_החזקה_ברשיון"": ""לא"", ""האם_הייתה_הפרעה_לשוטר"": ""כן, ניסיון להימלט ולהסתיר ראיות"", ""האם_הייתה_תכנית_מוקדמת"": ""לא צוין תכנון מוקדם"", ""האם_הנשק_היה_תקין"": ""לא צוין, אך היה טעון ועם תחמושת"", ""האם_הנשק_טעון"": ""כן"", ""התגרות_של_נפגע"": ""לא רלוונטי"", ""חלקו_היחסי_של_הנאשם"": ""מבצע יחיד"", ""יכולת_הבנה_של_הנאשם"": ""לא צוין קושי בהבנה"", ""יכולת_שליטה_במעשה"": ""לא צוין קושי בשליטה"", ""מועד_ביצוע"": ""09.03.2022 12:10"", ""מספר_כדורים"": 32, ""מספר_מחסניות"": 2, ""מצוקה_נפשית_עקב_התעללות"": ""לא צוין"", ""מקום_ביצוע"": ""חצר הכניסה למפעל מזון בדיר אל אסד"", ""נזק_שהיה_צפוי"": ""פוטנציאל לסיכון חיי אדם עקב החזקת נשק טעון"", ""נזק_שנגרם"": ""לא צוין נזק פיזי"", ""ניסיון_הסתרה_או_השלכה"": ""כן, ניסיון להשליך את הנשק והתחמושת לארגז עופות"", ""ניצול_כוח_או_מעמד"": ""לא צוין"", ""נסיבות_החזקה"": ""הנשק והמחסניות הוסתרו על גופו של הנאשם"", ""סוג_הנשק"": ""אקדח חצי אוטומטי D.D.G מודל 19 קליבר 9 מ\""מ פרבלום"", ""סוג_העבירה"": ""עבירות נשק והפרעה לשוטר במילוי תפקידו"", ""סיבות_לביצוע"": ""לא פורטו"", ""סעיפי_חוק"": [""144(א) רישא וסיפא"", ""144(ב) רישא וסיפא"", ""144(ג)"", ""275""], ""קרבה_לסייג_לאחריות_פלילית"": ""לא צוין"", ""תגובה_לנוכחות_משטרה"": ""בריחה לתוך המפעל""}",30.0,"1. **סוג העבירה וחומרתה**:  
התיק הראשון עוסק בחבלה בכוונה מחמירה – עבירה אלימה עם נזק גופני ממשי (שבר, ניתוח, קליע בגוף), עם כוונה לפגוע חמורה. התיק השני עוסק בהחזקת נשק טעון ללא רישיון והפרעה לשוטר – עבירה של איום פוטנציאלי, אך ללא פגיעה גופנית או אלימות ישירה. החומרה בפועל בתיק הראשון גבוהה בהרבה.

2. **תפקיד הנאשם ומעורבותו**:  
בתיק הראשון, הנאשם הוא המבצע הישיר של ירי אלים, עם שותף לוגיסטי (נהג). בתיק השני, הנאשם פועל לבד, אך כמי שהחזיק נשק והימלט – לא כמי שביצע אלימות. מעורבותו היא הגנה עצמית או הסתרה, לא ביצוע עבירה אלימה.

3. **שיטת הביצוע (MO)**:  
בתיק הראשון – תכנון מוקדם, הגעה ברכב עם שותף, המתנה, ירי מטווח קצר. בתיק השני – אין רמז לתכנון, נשק מוסתר על הגוף, התנהגות של בריחה והסתרה לאחר גילוי. שיטת הפעולה שונה: אחת – התקפה מאורגנת, השנייה – הסתרה של עבירה נשק.

4. **נסיבות הליבה**:  
התיק הראשון כולל ירי, נזק גופני, כוונה לפגוע חמורה, נשק תקין, בריחה. התיק השני – נשק טעון, אך ללא ירי, נזק לא נגרם, ניסיון הסתרה. הכמות (32 כדורים, 2 מחסניות) מראה על נשק קרבי יותר, אך השימוש היה פסיבי – החזקה והסתרה, לא שימוש.

5. **ישימות כתקדים**:  
בית משפט לא יראה בתיק השני תקדים רלוונטי לעניין ענישה על חבלה בכוונה מחמירה. שני התיקים כוללים נשק ללא רישיון, אך ההקשר שונה מהותית: אלימות ישירה מול החזקה והסתרה. ההשוואה בין עבירות נשק לא תשמש כתקדים לעבירות אלימות עם נשק.

SIMILARITY_SCORE: 30","ok",""
"ME-19-01-53615-8","ME-16-11-69158-529",3,1,1,"{""אופן_הובלת_הנשק"": ""ברכב מסוג מאזדה"", ""אכזריות_או_ניצול"": ""לא צוין"", ""האם_היה_תכנון_מוקדם"": ""לא צוין"", ""האם_הירי_בוצע_באזור_מגורים"": ""כן"", ""האם_הנאשם_השליך_את_הנשק"": ""כן, לאחר שזיהה שוטרים"", ""האם_הנאשם_נמלט_מהמקום"": ""כן, נסע מהמקום לאחר הירי"", ""האם_הנאשם_נעצר_במקום"": ""כן"", ""האם_הנשק_דרוך"": ""כן"", ""האם_הנשק_טעון"": ""כן"", ""התגרות_נפגע"": ""לא צוין"", ""חלקו_היחסי_של_הנאשם"": ""מבצע יחיד"", ""יכולת_הבנה_של_הנאשם"": ""לא צוין קושי"", ""יכולת_שליטה_במעשה"": ""לא צוין קושי"", ""מיקום_העבירה"": ""עיר לוד, אזור מגורים"", ""מספר_כדורים_שנורו"": 2, ""מצוקה_נפשית_עקב_התעללות"": ""לא צוין"", ""מרחק_הנסיעה_לאחר_הירי"": ""עשרות מטרים באותו בלוק מבנים"", ""נזק_צפוי"": ""סיכון חיי אדם באזור מגורים"", ""נזק_שנגרם"": ""לא צוין נזק קונקרטי"", ""ניצול_כוח_או_מעמד"": ""לא צוין"", ""סוג_הנשק"": ""תת מקלע מאולתר מסוג קרלו"", ""סוג_העבירה"": ""נשיאה והובלה של נשק, ירי מנשק חם באזור מגורים"", ""סיבות_לביצוע"": ""לא ידועות"", ""סעיפי_חוק"": [""144(ב) רישא לחוק העונשין"", ""340א(ב)(1) לחוק העונשין""], ""קרבה_לסייג_לאחריות_פלילית"": ""לא צוין"", ""שעת_ביצוע"": ""שעת לילה""}","{""אופן_הובלה"": ""בתיק בד, ברכב פרטי"", ""אופן_החזקה"": ""הוסתר באדמה, לאחר מכן הוסתר ברכב"", ""אכזריות_או_ניצול"": ""לא צוין"", ""האם_בוצעה_העבירה_בזיקה_לארגון_פשיעה"": ""לא צוין"", ""האם_בוצעה_העבירה_במהלך_סכסוך"": ""לא צוין"", ""האם_בוצעה_העבירה_למטרת_רווח"": ""לא צוין"", ""התגרות_נפגע"": ""לא צוין"", ""יכולת_הבנה_של_הנאשם"": ""לא צוין קושי"", ""יכולת_שליטה_במעשה"": ""לא צוין קושי"", ""מניע_העבירה"": ""לא צוין"", ""מספר_מחסניות"": 1, ""מספר_נשקים"": 1, ""מספר_סוגי_תחמושת"": 1, ""מצוקה_נפשית_של_הנאשם"": ""לא צוין"", ""מקום_הירי"": ""חצר בית מגורים בטייבה"", ""נזק_צפוי"": ""סיכון חיי אדם באזור מגורים"", ""נזק_שנגרם"": ""לא צוין נזק קונקרטי"", ""ניצול_כוח_או_מעמד"": ""לא צוין"", ""סוג_הירי"": ""ירי צרור כדורים כלפי מעלה"", ""סוג_הנשק"": ""תת-מקלע קרלו (קרל גוסטב)"", ""סוג_העבירה"": ""נשיאת נשק ותחמושת, ירי באזור מגורים"", ""סוג_התחמושת"": ""9 מ\""מ"", ""סעיפי_חוק"": [""144(ב) רישא וסיפא לחוק העונשין"", ""340א לחוק העונשין""], ""עיתוי_הירי"": ""אירוע משפחתי, בשעה 21:00 לערך"", ""קרבה_לסייג_לאחריות_פלילית"": ""לא צוין"", ""תכנון_מוקדם"": ""הנשק והתחמושת הוסתרו מראש והובאו לאירוע""}",55.0,"1. **סוג העבירה וחומרתה** — שני התיקים כוללים עבירות של נשיאת נשק לא חוקי וירי באזור מגורים, לפי סעיפים דומים בחוק העונשין (144(ב) ו-340א). מדובר בעבירות חמורות עם סיכון גבוה לציבור, אם כי בתיק 1 הירי כנראה היה מכוון (2 כדורים), ובתיק 2 ירי צרור כלפי מעלה באירוע משפחתי — מה שמצביע על מטרה שונה (חגיגתית מול פלילי). החומרה דומה אך המטרה שונה משפיעה על הערכת הסיכון והכוונה.  
   
2. **תפקיד הנאשם ומעורבותו** — בתיק 1 הנאשם הוא מבצע יחיד, נמלט מהמקום, מה שמעיד על מעורבות ישירה ופעילה בביצוע עבירה פלילית ברורה. בתיק 2, הנאשם נשא נשק שהוסתר מראש, אך הירי בוצע כחלק מאירוע משפחתי — מעורבות עלולה להיות פחות פלילית במוטיבציה, אך עדיין פעילה. שני הנאשמים היו המחזיקים והמפעילים של הנשק — מעורבות ישירה.  

3. **שיטת הביצוע (MO)** — בתיק 1: ירי מנשק דרוך וטעון באזור מגורים, ניסיון נמלט, השלכת נשק — מצב של התפרצות אלימה פתאומית או תגובה למשטרה. בתיק 2: ירי כלפי מעלה באירוע משפחתי, לאחר שהנשק הוסתר מראש — שיטת ביצוע שונה: לא התקפה, אלא התנהגות מסוכנת בהקשר חברתי. אין דפוס MO דומה: אחד נראה כמו ירי קombat/בריחה, השני כמו ירי חגיגי.  

4. **נסיבות הליבה** — שני המקרים מתרחשים באזור מגורים, מה שמחמיר את העבירה בשל הסיכון לציבור. בתיק 1: ירי בשעת לילה, נסיעה קצרה, נשק מאולתר — מצב של אלימות פלטת. בתיק 2: ירי בשעה 21:00 באירוע משפחתי, נשק לא מאולתר אלא סטנדרטי, תכנון מוקדם להסתרת הנשק. הכמויות קטנות בשני המקרים (מחסנית אחת, נשק אחד), אך התכנון בתיק 2 קיים, בעוד בתיק 1 אינו צוין.  

5. **ישימות כתקדים** — למרות דמיון בסוגי העבירה (נשיאה וירי באזור מגורים), ההקשר שונה מהותית: אחד הוא ירי פלילי/בריחה, השני ירי חגיגי. בתי משפט מבדילים בין ירי ""חגיגי"" לבין ירי אלים או בריחה, גם אם הנזק הצפוי זהה. לכן, למרות דמיון בנסיבות客观יות (מיקום, סיכון), המוטיבציה וההתנהגות משפיעים על הענישה — תיק 2 עשוי להיחשב פחות חמור מנטלית, גם אם החומרה הטכנית דומה.  

SIMILARITY_SCORE: 55","ok",""
"ME-15-12-39071-113","sh-10-05-7434-952",3,1,1,"{""אכזריות_או_ניצול_נפגע_העבירה"": ""לא רלוונטי"", ""האם_היה_רישיון_להחזקת_נשק"": ""לא"", ""האם_היה_תכנון_מוקדם"": ""לא צוין"", ""האם_הנאשם_היה_נהג"": ""לא, ישב במושב הסמוך לנהג"", ""האם_הנשק_היה_טעון"": ""לא צוין"", ""האם_הנשק_היה_תקין"": ""לא צוין"", ""האם_העבירה_בוצעה_בצוותא"": ""לא צוין"", ""התגרות_מצד_נפגע_העבירה"": ""לא רלוונטי"", ""זמן_העבירה"": ""12.10.13, בשעה 22:30 או בסמוך לכך"", ""יכולת_הבנה_של_הנאשם"": ""לא צוין"", ""יכולת_שליטה_במעשה"": ""לא צוין"", ""מיקום_הנשק"": ""מתחת לשטיח שמתחת למושב ברכב"", ""מיקום_העבירה"": ""כביש מספר 1, בסמוך למחלף הראל"", ""מספר_רישוי_הרכב"": ""71-098-16"", ""מצוקה_נפשית_של_הנאשם"": ""לא צוין"", ""נזק_שהיה_צפוי"": ""לא צוין"", ""נזק_שנגרם"": ""לא צוין"", ""ניצול_כוח_או_מעמד"": ""לא צוין"", ""סוג_המקום"": ""רכב פרטי"", ""סוג_העבירה"": ""אחזקת נשק ללא רישיון"", ""סוג_הרכב"": ""מזדה 3"", ""סוג_נשק"": ""אקדח חצי אוטומטי מסוג סטאר"", ""סיבות_לביצוע_העבירה"": ""לא צוין"", ""סעיף_חוק"": ""144(א) רישא לחוק העונשין"", ""קרבה_לסייג_לאחריות_פלילית"": ""לא צוין""}","{""אכזריות_או_ניצול"": ""לא צוין"", ""חלקו_היחסי_של_הנאשם"": ""מבצע יחיד"", ""יכולת_הבנה"": ""לא צוין קושי בהבנה"", ""יכולת_הימנעות"": ""לא צוין קושי להימנע"", ""כתובת_העבירה"": ""רחוב אורלנסקי 11 פתח תקווה"", ""מספר_כלי_נשק"": 2, ""מספר_עבירות"": 2, ""מצוקה_נפשית"": ""לא צוין"", ""מקום_החזקה"": ""דירת הנאשם"", ""נזק_צפוי"": ""פוטנציאל סיכון גבוה לציבור"", ""נזק_שנגרם"": ""לא צוין נזק בפועל"", ""ניצול_כוח_או_מעמד"": ""לא צוין"", ""סוג_הנשק"": ""אקדח חצי אוטומטי"", ""סוג_העבירה"": ""החזקת נשק ללא רישיון"", ""סוגי_כלי_הנשק"": [""אקדח ברטה חצי אוטומטי"", ""אקדח לאמה חצי אוטומטי""], ""סיבות_לביצוע"": ""לא צוין"", ""סעיף_חוק"": ""144(א) לחוק העונשין"", ""קרבה_לסייג_אחריות"": ""לא צוין"", ""רישיון_להחזקה"": ""ללא רישיון"", ""שנת_לידה_נאשם"": 1961, ""תכנון_מוקדם"": ""לא צוין""}",55.0,"1. **סוג העבירה וחומרתה** — שני התיקים עוסקים בעבירה זהה: אחזקת נשק ללא רישיון לפי סעיף 144(א) לחוק העונשין. זהו סעיף זהה, והעבירה היא מאסיבית אך לא מצריכה הוכחת כוונה לפגוע. החומרה דומה, אף שבחוק אין הבחנה רשמית בין חומרים, אך כמות הנשק בתיק 2 (שני אקדחים) עלולה להגביר את החומרה.  
2. **תפקיד הנאשם ומעורבותו** — בתיק 1, הנאשם לא היה הנהג, אלא יושב במושב הצלב, מה שעלול להצביע על מעורבות פחות ישירה; בתיק 2, צוין כי הנאשם הוא ""מבצע יחיד"", כלומר מעורבות ישירה וברורה. ההבדל מעלה ספק לגבי מידת השליטה והידע.  
3. **שיטת הביצוע (MO)** — בתיק 1, הנשק נמצא מוסתר מתחת לשטיח ברכב, בתנאים של הסתרה. בתיק 2, הנשק נמצא בדירת הנאשם – מקום אישי ובשליטה ישירה. שיטת ההחזקה שונה: אחת בהקשר ציבורי/נייד, השנייה בפרטיות הדירה.  
4. **נסיבות הליבה** — בתיק 2 יש שני סוגי נשק (ברטה ולאמה), כלומר כמות ותפזורת גדולה יותר, וכן צוין נזק צפוי ""גבוה"". בתיק 1 – נשק אחד, ללא מידע על נזק צפוי או בפועל. גם אין מידע על תכנון או נסיבות מחמירות נוספות.  
5. **ישימות כתקדים** — למרות שמדובר באותה עבירה פלילית, ההקשר שונה: מקום, כמות נשק, שליטה ישירה, ומידת הסיכון. בית משפט עשוי להתייחס לתיק 2 כחמור יותר, ולכן לא יראה בו בהכרח תקדים ישיר לתיק 1.  

SIMILARITY_SCORE: 55","ok",""
"ME-16-06-44840-433","ME-12-09-51207-971",1,0,0,"{""אופי_הנשק"": [""רימוני הלם"", ""רימון גז""], ""גיל_הנאשם_בעת_העבירה"": 23, ""האם_בוצעה_העבירה_במסגרת_קבוצתית"": ""כן"", ""האם_היה_נזק_צפוי"": ""כן"", ""האם_היה_תכנון_מוקדם"": ""כן"", ""האם_הייתה_אכזריות_או_ניצול_במעשה"": ""לא צוין"", ""האם_הייתה_התגרות_של_הנפגע"": ""לא צוין"", ""האם_הנאשם_הושפע_מאחרים"": ""כן, פעל לבקשת אלירון גולד"", ""האם_הנאשם_היה_בשליטה_על_מעשיו"": ""כן"", ""האם_הנאשם_הסביר_לאחר_כיצד_להשתמש_בנשק"": ""כן"", ""האם_הנאשם_ניצל_מעמד_או_יחסים"": ""לא צוין"", ""האם_הנשק_היה_חוקי"": ""לא"", ""האם_העביר_נשק_בין_מקומות_מסתור"": ""כן"", ""האם_העביר_נשק_לאחר"": ""כן"", ""האם_העבירה_בוצעה_בזיקה_לארגון_פשיעה"": ""לא צוין"", ""האם_העבירה_בוצעה_במקום_ציבורי"": ""כן, רחוב האפרסמון בירושלים"", ""האם_העבירה_בוצעה_לשם_רווח_כלכלי"": ""לא"", ""האם_העבירה_בוצעה_על_רקע_סכסוך"": ""כן"", ""האם_נגרם_נזק"": ""לא צוין נזק בפועל"", ""חלקו_של_הנאשם"": ""החזיק רימונים, הצטייד בהם, מסר רימון גז, הסביר כיצד להשתמש, השליך רימון גז, הטמין רימונים, העביר בין מקומות מסתור"", ""כמות_רימונים"": 3, ""מניע_לביצוע"": ""סכסוך בין חברו של הנאשם לאחרים"", ""מספר_מעורבים"": ""מספר משתתפים (הנאשם, אלירון גולד, חברים נוספים)"", ""סוג_העבירות"": [""נשיאת נשק"", ""החזקת נשק"", ""סיוע לנסיון תקיפה""], ""סוגי_נשק"": [""רימוני הלם"", ""רימון גז""], ""סעיפי_חוק"": [""144(ב)"", ""144(א)"", ""379"", ""25"", ""31""]}","{""אכזריות_או_ניצול"": ""לא צוין כי הנאשם פעל באכזריות או ניצל את נפגע העבירה."", ""האם_בוצע_ירי"": ""כן, בוצע ירי בפועל."", ""האם_בוצע_ירי_בציבור"": ""כן, הירי בוצע באירוע חתונה באזור מגורים."", ""האם_היו_נפגעים"": ""לא דווח על נפגעים."", ""האם_הנאשם_היה_בעל_רישיון_בעבר"": ""לא צוין שהיה בעל רישיון אי פעם."", ""האם_הנשק_היה_תקין"": ""הנשק היה תקין וירה בפועל."", ""האם_העבירה_בוצעה_במסגרת_ארגון_פשיעה"": ""לא צוין קשר לארגון פשיעה."", ""האם_העבירה_בוצעה_בתמורה_או_למטרת_רווח"": ""לא צוין מניע כלכלי או רווח."", ""חלקו_היחסי_של_הנאשם"": ""הנאשם פעל לבדו, ייצר את הנשק, החזיק בו וירה ממנו."", ""יכולת_הבנה"": ""לא צוין קושי בהבנה או במודעות של הנאשם למעשיו."", ""יכולת_שליטה_והימנעות"": ""לא צוין קושי בשליטה או היעדר יכולת להימנע מהמעשים."", ""מספר_עבירות_נשק"": ""שתי עבירות: ייצור והחזקה."", ""מצוקה_נפשית_עקב_התעללות"": ""לא צוין כי הנאשם היה במצוקה נפשית עקב התעללות."", ""מקום_החזקה"": ""בביתו של הנאשם."", ""מקום_הירי"": ""במהלך חתונה בכפר פסוטה, באזור מגורים."", ""משך_החזקה"": ""הנאשם החזיק את הנשק בביתו במשך כשלוש שנים."", ""נזק_צפוי"": ""הנשק שיוצר היה מסוגל לירות קליע שבכוחו להמית אדם, והירי בוצע באזור מגורים, דבר שיצר סיכון ממשי לחיי אדם."", ""נזק_שנגרם"": ""לא דווח על פגיעה פיזית או נזק קונקרטי כתוצאה מהירי."", ""ניצול_כוח_או_מעמד"": ""לא צוין ניצול לרעה של כוח, מעמד או יחסים."", ""סוג_הנשק"": ""כלי שסוגל לירות קליע שבכוחו להמית אדם."", ""סוג_העבירה_העיקרית"": ""ייצור נשק, החזקת נשק, ירי באזור מגורים."", ""סיבות_לביצוע"": ""לא צוין מניע או סיבה לביצוע העבירות."", ""קרבה_לסייג_לאחריות_פלילית"": ""לא צוין כי התקיימה קרבה לסייג לאחריות פלילית."", ""רישיון_או_היתר"": ""ללא רישיון או היתר כדין."", ""תכנון_מוקדם"": ""הנאשם ייצר את הנשק במהלך עבודתו כרתך, דבר המצביע על תכנון מוקדם ולא על מעשה ספונטני.""}",40.0,"1. **סוג העבירה וחומרתה**: שני התיקים כוללים עבירות נשק חמורות עם סיכון ציבורי גבוה, אך בהקשרים שונים: תיק 1 עוסק בהחזקת והעברת רימוני הלם וגז, כחלק ממעורבות קבוצתית בסכסוך, בעוד תיק 2 עוסק בייצור נשק ירי והחזקתו לאורך זמן, כולל ירי באירוע ציבורי. שני המקרים מעוררים דאגה לסדר וביטחון ציבורי, אך עבירות הירי והייצור (תיק 2) נחשבות חמורות יותר מהחזקת רימוני הלם (תיק 1).  
   
2. **תפקיד הנאשם ומעורבותו**: בתיק 1 הנאשם פועל כחלק מקבוצה, לבקשת他人, ומבצע פעולות של העברה, הסברת שימוש והשלכה – מעורבות פעילה אך לא יזם. בתיק 2 הנאשם פועל לבדו, יצר את הנשק, החזיק בו שנים, וירה – כלומר, יזם ומבצע יחיד. ההבדל בתפקיד הוא מהותי: שליח/שותף מול יזם/מבצע עצמאי.

3. **שיטת הביצוע (MO)**: בשני המקרים יש תכנון מוקדם, שימוש בנשק לא חוקי, וביצוע במרחב ציבורי. עם זאת, שיטת הביצוע שונה: רימוני הלם וגז בהקשר של סכסוך ציבורי (תיק 1) לעומת ייצור נשק ירי והפעלה שלו באירוע חברתי (תיק 2). הדפוס שונה – אחד קשור להפגנה או התפרצות אלימות, השני לרמת אלימות פרטית עם השפעה ציבורית.

4. **נסיבות הליבה**: שני המקרים כוללים סיכון נפשי גבוה (ירי בכפר, השלכת רימונים ברחוב), אך אין נזק פיזי בפועל. בכמות ובחומרת הסיכון, תיק 2 כולל נשק המסוגל להמית, ייצור נשק, והחזקת לאורך שנים – מה שמצביע על חומרה גדולה יותר. בתיק 1 יש קשר סכסוכי וקבוצתית, אך הנשק פחות קטלני.

5. **ישימות כתקדים**: למרות הדמיון במשותף של ""נשק לא חוקי + סיכון ציבורי + תכנון"", ההבדלים בסוג הנשק, חומרת העבירה, תפקוד הנאשם (קבוצה מול יחיד), ורמת האיום על חיים הם משמעותיים. בית משפט יתקשה להשתמש באחד כתקדים ישיר לשני, שכן ההקשרים, הסיכון וההתנהגות שונה מהותית – גם אם שניהם נוגעים בנשק ולא חוקי.

SIMILARITY_SCORE: 40","ok",""
"ME-16-05-19384-544","ME-16-03-54615-517",3,1,1,"{""אזרחיות_הנאשם"": ""ישראלי"", ""אכזריות_או_ניצול_במעשה"": ""לא צוין"", ""האם_הייתה_התגרות_של_נפגע_העבירה"": ""לא"", ""האם_הנאשם_החזיק_נשק_ללא_רישיון"": ""כן"", ""האם_הנאשם_פעל_במסגרת_ארגון_פשיעה"": ""לא צוין"", ""האם_הנאשם_פעל_עם_אחרים"": ""כן, רכש ומכר נשק לאחרים"", ""האם_הנשק_הוסתר_או_הוחבא"": ""כן, הוסתר בשכונה סמוכה למקום מגוריו"", ""האם_הנשק_שימש_לביצוע_פיגוע"": ""כן"", ""האם_העבירה_בוצעה_ביותר_מנשק_אחד"": ""כן"", ""האם_העבירה_בוצעה_בתקופה_ממושכת"": ""כן, מספר חודשים"", ""חלקו_היחסי_של_הנאשם"": ""מרכזי, יזם, רכש, החזיק, סחר ומסר נשק"", ""יכולת_הבנה_של_הנאשם"": ""מלאה"", ""יכולת_שליטה_במעשה"": ""מלאה"", ""מספר_נשקים_שנסחרו"": 3, ""מספר_עבירות_סחר_בנשק"": 2, ""מספר_עבירות_רכישת_נשק"": 2, ""מספר_תחמושת_שנסחרה"": 10, ""נזק_צפוי"": ""פוטנציאל לפגיעה חמורה בחיי אדם"", ""נזק_שנגרם"": ""הנשק שנסחר שימש בפועל לפיגוע ירי"", ""ניצול_כוח_או_מעמד"": ""לא צוין"", ""סוגי_נשק"": [""רובה תבור"", ""קרל גוסטב"", ""תחמושת""], ""סיבות_לביצוע_העבירה"": ""רווח כספי, מניע אידיאולוגי (ירי על כוחות הביטחון)"", ""סעיפי_חוק"": [""144(ב)"", ""333 בצירוף 25"", ""144(א)"", ""144(ב2)""], ""עבירות_שהורשע_בהן"": [""נשיאת נשק"", ""ניסיון לחבלה חמורה"", ""רכישת נשק"", ""סחר בנשק""], ""פירוט_שימוש_נשק_בפיגוע"": ""הנשק שמכר הנאשם שימש את הקונה לביצוע פיגוע ירי בירושלים"", ""שווי_העסקאות"": ""לפחות 11,500 ש\""ח"", ""תכנון_מוקדם"": ""הנאשם תכנן לירות על כוחות הביטחון בעקבות התפרעויות""}","{""אכזריות_או_ניצול_הנפגע"": ""לא"", ""האם_הייתה_התגרות_של_הנפגע"": ""לא רלוונטי"", ""האם_הייתה_התעללות_בנאשם"": ""לא"", ""האם_הנאשם_הורשע_בעבר_בעבירות_נשק"": ""לא צוין"", ""האם_הנשק_היה_תקין"": ""לא"", ""האם_העבירה_בוצעה_בזיקה_לארגון_פשיעה"": ""לא צוין"", ""חלקו_של_הנאשם"": ""מרכזי, תיווך ומסירה של הנשק"", ""יוזם_העבירה"": ""מחמד עליאן פנה לנאשם"", ""יכולת_הבנה_של_הנאשם"": ""לא צוין קושי בהבנה"", ""יכולת_שליטה_במעשה"": ""לא צוין קושי בשליטה"", ""מניע_העבירה"": ""רווח כספי"", ""מספר_נשקים"": 2, ""מספר_עסקאות"": 1, ""מקום_העבירה"": ""סמוך לביתו של מחמד"", ""משך_העבירה"": ""כשלושה שבועות"", ""נזק_צפוי"": ""פוטנציאל נזק גבוה עקב סחר בנשק חם"", ""נזק_שנגרם"": ""לא נגרם נזק בפועל, הנשק לא פעל"", ""ניצול_כוח_או_מעמד"": ""לא"", ""סוג_הנשק"": ""תת-מקלע מסוג קרלו"", ""סוג_העבירה"": ""סחר בנשק"", ""סעיף_חוק"": ""144(ב2) לחוק העונשין"", ""קרבה_לסייג_לאחריות_פלילית"": ""לא"", ""תכנון_מוקדם"": ""כן, הנאשם פעל לבקשת מחמד להשגת נשק"", ""תמורה_כספית"": ""כן, 3000 ש\""ח""}",40.0,"1. **סוג העבירה וחומרתה**: שני התיקים עוסקים בסחר בנשק ללא רישיון, ובשניהם יש שימוש ב""נשק חם"" (רובה תבור, קרלו) – עבירות חמורות לפי סעיף 144(ב2). עם זאת, בתיק 1 יש השפעה ממשית: הנשק שימש בפועל לפיגוע ירי, ומדובר בעבירות מרובות לאורך חודשים, כולל ניסיון לחבלה. בתיק 2, לא נגרם נזק בפועל, העבירה קצרה יותר, ומדובר בעסקה אחת. החומרה בתיק 1 גבוהה בהרבה.  
→ **דמיון חלקי, אך חוסר התאמה במדרגת החומרה**.

2. **תפקיד הנאשם ומעורבותו**: בתיק 1 הנאשם הוא יזם מרכזי – רכש, החזיק, סחר ומסר נשק, עם תכנון אידיאולוגי. בתיק 2, הנאשם פועל בתפקיד של תיווך upon בקשה של אחר (מחמד עליאן), ללא רמז ליזמות או מוטיב אידיאולוגי. מעורבותו מרכזית אך פחות פעילה ופחות יזמית.  
→ **הנאשמים ממלאים תפקידים שונים באחריות: יזם מול מתווך**.

3. **שיטת הביצוע (MO)**: שניהם עוסקים בהעברת נשק חם, עם תכנון מוקדם וקבלת תמורה. עם זאת, בתיק 1 יש הסתרת נשק, שימוש במספר נשקים ותחמושת, פעילות מתמשכת. בתיק 2 – עסקה אחת, משך קצר, נשק אחד. הדפוס של סחר מתמשך וארגון עצמי חסר בתיק 2.  
→ **דמיון כללי בסוג הפעולה, אך היעדר דפוס של פעילות מתמשכת בתיק 2**.

4. **נסיבות הליבה**: בתיק 1 – נשק שימש בפועל לפיגוע, נזק אמיתי, תכנון אידיאולוגי, מספר עבירות, שווי גבוה יותר. בתיק 2 – נשק לא פעל, לא נגרם נזק, מניע כספי בלבד, עסקה אחת. נסיבות מחמירות רבות בתיק 1 (פיגוע, חבלה, יזמות) שאינן קיימות בתיק 2.  
→ **הבדלים מהותיים בסיכון שנוצר ובתוצאות**.

5. **ישימות כתקדים**: בית משפט יתקשה להשתמש בתיק 2 כתקדים לעניין ענישה בתיק 1, בשל הבדלים חסרי פשרות בהיקף, חומרת ההשלכות, המניע והמעורבות.雖然 שניהם עוסקים בסחר בנשק, התיק 1 כולל נסיבות מחמירות יוצאות דופן (פיגוע בפועל, ניסיון לחבלה, יזמות אידיאולוגית) שמקנות לו אופי יוצא דופן.  
→ **تقيUDO נמוך כמקבילה עניינית לצורך קביעת עונש**.

SIMILARITY_SCORE: 40","ok",""
"ME-12-05-33444-999","ME-17-04-613-913",1,0,0,"{""בעלים_מקורי_של_הנשק"": ""יוסף פלדמן"", ""האם_החזקה_ברכב"": ""כן"", ""האם_היו_כדורים_במחסניות"": ""כן"", ""האם_הייתה_אכזריות_או_אלימות"": ""לא"", ""האם_הייתה_רשיון_להחזקה"": ""לא"", ""האם_הייתה_תחמושת"": ""כן"", ""האם_הנאשם_הושפע_מאחרים"": ""לא צוין"", ""האם_הנאשם_היה_במצוקה_נפשית"": ""לא צוין"", ""האם_הנאשם_היה_בשליטה_על_מעשיו"": ""כן"", ""האם_הנאשם_ניצל_מעמד_או_כח"": ""לא"", ""האם_הנזק_היה_צפוי"": ""כן"", ""האם_הנשק_היה_טעון"": ""כן"", ""האם_הנשק_נגנב"": ""כן"", ""האם_העבירה_בוצעה_בתכנון_מוקדם"": ""לא צוין"", ""האם_העבירה_בוצעה_ללא_אלימות_נוספת"": ""כן"", ""האם_העבירה_בוצעה_ללא_נפגעים"": ""כן"", ""האם_העבירה_בוצעה_ללא_רשות"": ""כן"", ""האם_העבירה_בוצעה_ללא_שותפים"": ""כן"", ""האם_העבירה_בוצעה_ללא_שימוש_בנשק"": ""כן"", ""האם_נגרם_נזק_פועל"": ""לא"", ""מועד_ביצוע_העבירה"": ""11.5.12"", ""מיקום_הנשק_ברכב"": ""מתחת למושב הקדמי הימני"", ""מיקום_מחסנית_1"": ""בתוך האקדח"", ""מיקום_מחסנית_2"": ""בתיק שחור ליד כיסא הנהג"", ""מיקום_מחסנית_3"": ""בתא האחסון בדלת הנהג"", ""מספר_מחסניות"": ""3"", ""מספר_סידורי_נשק"": ""D60383Y"", ""מקום_ביצוע_העבירה"": ""עיר רחובות"", ""סוג_הנשק"": ""אקדח 9 מ\""מ מסוג ברטה"", ""סעיף_עבירה"": ""144(א) לחוק העונשין""}","{""גיל_הנאשם_בעת_העבירה"": 22, ""האם_היה_נזק_פיזי_לנפגע"": ""לא"", ""האם_היה_נזק_רכושי"": ""לא"", ""האם_הייתה_אלימות_נוספת"": ""לא"", ""האם_הייתה_תכנית_מוקדמת"": ""לא צוין"", ""האם_הנאשם_החזיק_ברישיון"": ""לא"", ""האם_הנאשם_היה_נהג"": ""לא"", ""האם_הנשק_הוסתר"": ""כן"", ""האם_הנשק_היה_טעון"": ""כן"", ""האם_העבירה_בוצעה_בצוותא"": ""כן"", ""האם_העבירה_בוצעה_ברכב"": ""כן"", ""מועד_העבירה"": ""18.3.2017"", ""מיקום_הנאשם_בעת_העבירה"": ""במושב האחורי של רכב"", ""מיקום_הנשק_בעת_העבירה"": ""על גופו של הנאשם, מוסתר בתוך חם צוואר, בחלק הקדמי של מכנסיו"", ""מסלול_הנסיעה"": ""מכפר סאלם אל אום אל פחם"", ""מספר_הכדורים"": 15, ""מספר_מעורבים_נוספים"": 2, ""סוג_הנשק"": ""אקדח חצי אוטומטי מסוג ברטה, קליבר 9 מ\""מ פאראבלום"", ""סוג_העבירה"": ""נשיאה והובלה של נשק ותחמושת ללא רישיון"", ""סוג_התחמושת"": ""מחסנית עם 15 כדורים לאקדח"", ""סעיף_חוק"": ""144(ב) רישא וסיפא לחוק העונשין"", ""שעת_העבירה"": ""סמוך לשעה 22:00"", ""תפקיד_הנאשם"": ""נשא והוביל את הנשק והתחמושת""}",60.0,"1. **סוג העבירה וחומרתה** — שני התיקים עוסקים בהחזקת נשק ללא רישיון, אולם תיק 1 עוסק בהחזקת נשק טעון ותחמושת בכלי רכב (סעיף 144(א)), בעוד תיק 2 עוסק בהובלה פעילה של נשק טעון על הגופו, במסגרת צוותא (סעיף 144(ב)). ההובלה ברכב עם שותפים מוסיפה מימד של סיכון גבוה יותר, מה שמגדיל את החומרה. דמיון גבוה, אך לא זהותי.

2. **תפקיד הנאשם ומעורבותו** — בתיק 1, הנאשם נראה כמחזיק יחיד, ללא שותפים, ובשליטה מלאה. בתיק 2, הנאשם הוא אחד משלושה מעורבים, ובתפקיד ספציפי של נשיאת הנשק — מעורבות פעילה, אך בהקשר של פעולה צוותית. ההבדל בתפקיד (יחיד מול חלק מקבוצה) מקטין את הדמיון.

3. **שיטת הביצוע (MO)** — בשני המקרים: נשק מסוג ברטה 9 מ""מ, טעון, מוסתר ברכב. אך באופי ההסתרה: בתיק 1 – נשק מוחבא ברכב, מחסניות במקומות שונים; בתיק 2 – נשק על הגוף, מוסתר בתוך חם צוואר ומכנסיים. שיטת ההסתרה בתיק 2 מעידה על מודעות גבוהה לסיכון, ומעורבות ישירה. יש דמיון במרכיבי MO, אך לא זהות.

4. **נסיבות הליבה** — שני המקרים לא כללו אלימות, נפגעים או נזק, אך בתיק 2 יש צוותא, תכנון implied מהליכה ברכב עם נשק, ומעורבות של שלושה אנשים — נסיבות מחמירות. בתיק 1, החזקה ברכב אך ללא רמז לתכנון או מטרה עתידית. החומרה בתיק 2 גבוהה יותר, מה שמפחית את הדמיון המהותי.

5. **ישימות כתקדים** — שני התיקים רלוונטיים להעדר רישיון, החזקה/הובלה של נשק טעון, ללא אלימות. אך ההבדלים בצורת ההחזקה (על הגוף מול בכלי רכב), בהקשר (צוותא מול יחיד), ובנסיבות (מסלול נסיעה עם יעד אפשרי) עשוים להגביל את היכולת לצטט אחד כתקדים ישיר לשני. עם זאת, בהקשר של עונשים בסיסיים או הקלה עקב חוסר נזק — ייתכן שימוש מוגבל.

SIMILARITY_SCORE: 60","ok",""
"ME-17-04-613-913","ME-12-04-33577-700",1,0,0,"{""גיל_הנאשם_בעת_העבירה"": 22, ""האם_היה_נזק_פיזי_לנפגע"": ""לא"", ""האם_היה_נזק_רכושי"": ""לא"", ""האם_הייתה_אלימות_נוספת"": ""לא"", ""האם_הייתה_תכנית_מוקדמת"": ""לא צוין"", ""האם_הנאשם_החזיק_ברישיון"": ""לא"", ""האם_הנאשם_היה_נהג"": ""לא"", ""האם_הנשק_הוסתר"": ""כן"", ""האם_הנשק_היה_טעון"": ""כן"", ""האם_העבירה_בוצעה_בצוותא"": ""כן"", ""האם_העבירה_בוצעה_ברכב"": ""כן"", ""מועד_העבירה"": ""18.3.2017"", ""מיקום_הנאשם_בעת_העבירה"": ""במושב האחורי של רכב"", ""מיקום_הנשק_בעת_העבירה"": ""על גופו של הנאשם, מוסתר בתוך חם צוואר, בחלק הקדמי של מכנסיו"", ""מסלול_הנסיעה"": ""מכפר סאלם אל אום אל פחם"", ""מספר_הכדורים"": 15, ""מספר_מעורבים_נוספים"": 2, ""סוג_הנשק"": ""אקדח חצי אוטומטי מסוג ברטה, קליבר 9 מ\""מ פאראבלום"", ""סוג_העבירה"": ""נשיאה והובלה של נשק ותחמושת ללא רישיון"", ""סוג_התחמושת"": ""מחסנית עם 15 כדורים לאקדח"", ""סעיף_חוק"": ""144(ב) רישא וסיפא לחוק העונשין"", ""שעת_העבירה"": ""סמוך לשעה 22:00"", ""תפקיד_הנאשם"": ""נשא והוביל את הנשק והתחמושת""}","{""אכזריות_אלימות_התעללות_או_ניצול"": ""הנאשם השתמש באקדח וירה שלוש יריות לעבר המתלונן, מעשה אלים וחמור"", ""החזקת_נשק_ללא_רישיון"": ""הנאשם החזיק באקדח שלא כדין"", ""השפעת_אחר_על_הנאשם"": ""המתלונן זרק כוס לעבר הנאשם, מהווה התגרות מסוימת אך לא שליטה או השפעה מהותית"", ""התגרות_נפגע"": ""הייתה התגרות מסוימת מצד המתלונן (זריקת כוס)"", ""חלקו_היחסי_של_הנאשם"": ""הנאשם פעל לבדו, יזם את הירי והיה הגורם המרכזי בביצוע העבירה"", ""יכולת_הבנה"": ""הנאשם היה כשיר להבין את מעשיו ומשמעותם"", ""יכולת_הימנעות_ושליטה"": ""הנאשם היה מסוגל להימנע מהמעשה, אך בחר להגיב באלימות חמורה"", ""ירי_באזור_מגורים"": ""הירי בוצע באזור מגורים בבית שאן"", ""מספר_יריות"": ""שלוש"", ""מצוקה_נפשית_עקב_התעללות"": ""לא צוינה מצוקה נפשית או התעללות מצד המתלונן"", ""מקום_ביצוע"": ""אזור מגורים בבית שאן"", ""נזק_צפוי"": ""ירי מאקדח לעבר אדם באזור מגורים עלול לגרום לפציעה קשה או מוות"", ""נזק_שנגרם"": ""המתלונן נשרט בברכו הימנית מירי, לא נגרם נזק קטלני"", ""ניצול_כוח_או_מעמד"": ""לא צוין ניצול לרעה של כוח, מעמד או יחסים"", ""נשיאת_נשק_ללא_רישיון"": ""הנאשם נשא את האקדח שלא כדין"", ""סוג_הנשק"": ""אקדח"", ""סיבות_לביצוע"": ""תגובה מיידית להתגרות במהלך ויכוח"", ""פגיעה_בגוף"": ""פציעה שטחית בברך הימנית של המתלונן"", ""קרבה_לסייג_לאחריות_פלילית"": ""לא התקיימה קרבה לסייג לאחריות פלילית"", ""שעת_ביצוע"": ""02:00 לפנות בוקר"", ""תכנון_מוקדם"": ""העבירה בוצעה במהלך ויכוח ספונטני, ללא תכנון מוקדם""}",30.0,"1. **סוג העבירה וחומרתה**:  
התיק הראשון עוסק בנשיאה והובלה של נשק ללא רישיון – עבירה של שליטה בנשק, אך ללא שימוש בו או נזק פיזי. התיק השני כולל שימוש אלים בנשק – ירי לעבר אדם, גם אם נגרם נזק שטחי בלבד. מדובר בעבירה חמורה בהרבה, הכוללת אלימות ישירה. החומרה שונה מהותית.

2. **תפקיד הנאשם ומעורבותו**:  
בתיק הראשון, הנאשם הוא נשיא הנשק במסגרת העברת נשק ברכב, כחלק מצוות. בתיק השני, הנאשם הוא יזם הירי, פועל בודד, וביצועי. מעורבותו ישירה, פעילה וمركזית. התפקיד שונה: משלוח/הובלה מול יזם ומבצע של מעשה אלים.

3. **שיטת הביצוע (MO)**:  
בתיק הראשון – העברה מוסתרת של נשק טעון ברכב, ללא ירי או איום. בתיק השני – שימוש מיידי ונגיח בנשק במהלך ויכוח, ללא תכנון. שיטות הביצוע שונות: העברה סמויה מול שימוש פתעני ופוגע.

4. **נסיבות הליבה**:  
בתיק הראשון – אין נזק, אין אלימות, אין ירי. הכמות (15 כדורים) וההסתרה רלוונטיים, אך מדובר בסיכון פוטנציאלי. בתיק השני – ירי אמיתי באזור מגורים, פגיעה גופנית, תגובה להתגרות. נסיבות של סיכון אמיתי, אלימות ופגיעה – משמעותית יותר.

5. **ישימות כתקדים**:  
בית משפט לא יראה בתיק הראשון תקדים רלוונטי לענישה בתיק השני. עבירת נשיאת נשק ללא רישיון (אפילו עם תחמושת) לא שמה את הנשק בשימוש אלים. ההקשר, החומרה וההשלכות שונות. אין דמיון משפטי מהותי שיסייע בהשוואה עניינית.

SIMILARITY_SCORE: 30","ok",""
"ME-21-10-18557-340","ME-16-10-9348-780",1,0,0,"{""האם_בוצע_ירי_באזור_מגורים"": ""כן"", ""האם_בוצע_ירי_לעבר_אדם"": ""לא, הירי בוצע כלפי מעלה"", ""האם_היה_נזק_פוטנציאלי"": ""כן, סיכון חיי אדם"", ""האם_היה_סיכון_לחיי_אדם"": ""כן"", ""האם_היה_סכסוך_בין_הצדדים"": ""כן"", ""האם_הירי_בוצע_בכוונה_להפחיד"": ""כן"", ""האם_הירי_בוצע_בכוונה_להרוג"": ""לא"", ""האם_היתה_השפעה_של_אחרים_על_הנאשם"": ""ג'יהאד סייע אך לא השפיע על ההחלטה"", ""האם_היתה_התגרות_של_הנפגע"": ""לא צוין"", ""האם_היתה_כוונה_לפגוע_פיזית"": ""לא, כוונה להפחיד או להקניט"", ""האם_היתה_מצוקה_נפשית_של_הנאשם"": ""לא צוין"", ""האם_הנאשם_הבין_את_מעשיו"": ""כן"", ""האם_הנאשם_היה_בשליטה_על_מעשיו"": ""כן"", ""האם_הנאשם_ניצל_כוח_או_מעמד"": ""לא"", ""האם_הנשק_הוחזק_ללא_רשיון"": ""כן"", ""האם_הנשק_היה_ברכב"": ""כן"", ""האם_הנשק_טעון"": ""כן"", ""האם_העבירה_בוצעה_בסיוע_רכב"": ""כן"", ""האם_העבירה_בוצעה_בצוותא"": ""כן"", ""האם_העבירה_בוצעה_מתוך_תכנון"": ""כן, החזקת נשק, נסיעה יזומה למקום, נשיאה והובלה"", ""האם_העבירה_בוצעה_על_רקע_סכסוך"": ""כן"", ""האם_נגרם_נזק_פיזי"": ""לא"", ""חלקו_של_המסייע"": ""ג'יהאד - נהג, מסייע להובלה ונשיאה"", ""חלקו_של_הנאשם"": ""מרכזי, יוזם ומבצע עיקרי"", ""מטרת_הירי"": ""הפחדה או הקנטה"", ""מספר_יורים"": ""לפחות שניים"", ""מספר_מעורבים"": ""2 (הנאשם וג'יהאד)"", ""מקום_העבירה"": ""כפר אבו סנאן, אזור מגורים"", ""סוג_הנשק"": ""תת מקלע מאולתר"", ""סוג_העבירה"": ""עבירות בנשק וירי מנשק חם"", ""סעיפי_חוק"": [""144(א) רישא וסיפא"", ""144(ב) רישא וסיפא"", ""340א(ב)(1)"", ""340א(ב)(2)""], ""תחמושת"": ""מחסנית ולפחות שני כדורים בקליבר 9 מ\""מ""}","{""אופן_ההובלה"": ""הנשק והתחמושת הונחו ברכב אחותו של הנאשם"", ""אופן_ההשגה"": ""נטילה מהאב בעקבות ויכוח"", ""גיל_הנאשם"": ""לא צוין"", ""האם_בוצע_תכנון_מוקדם"": ""לא צוין תכנון מוקדם, אך נטל את הנשק לאחר ויכוח"", ""האם_בוצעה_העברה_לאחר"": ""כן, מסר את הנשק והתחמושת לקטין"", ""האם_היה_נזק_רכושי"": ""כן, נטל כסף ושיק מאביו"", ""האם_היה_שותף_נוסף"": ""כן, מוחמד יונס הצטרף לנסיעה"", ""האם_הייתה_אכזריות_או_התעללות"": ""לא"", ""האם_הייתה_אלימות_נוספת"": ""לא צוין"", ""האם_הייתה_התגרות_של_הנפגע"": ""ויכוח עם האב"", ""האם_הייתה_מסירת_נשק_לזולת"": ""כן"", ""האם_הייתה_ניצול_מעמד_או_כוח"": ""לא"", ""האם_הייתה_נסיעה_עם_הנשק"": ""כן, נסע עם הנשק והתחמושת ברכב"", ""האם_הייתה_קרבה_לסייג_לאחריות_פלילית"": ""לא"", ""האם_הנאשם_הבין_את_מעשיו"": ""לא צוין מגבלה"", ""האם_הנאשם_הורשע_בעבירות_נשק_בעבר"": ""לא צוין"", ""האם_הנאשם_החזיק_ברישיון"": ""לא"", ""האם_הנאשם_היה_בשליטה_על_מעשיו"": ""כן"", ""האם_הנשק_הוחזק_ברישיון"": ""כן, על ידי האב"", ""האם_הנשק_היה_תקין"": ""לא צוין"", ""האם_העבירה_בוצעה_בזיקה_לארגון_פשיעה"": ""לא"", ""האם_העבירה_בוצעה_ליותר_מנשק_אחד"": ""לא"", ""האם_נגרם_נזק_פיזי"": ""לא"", ""כמות_תחמושת"": 75, ""למי_הועבר_הנשק"": ""קטין, פ. י., תושב ערערה"", ""מניע_לביצוע"": ""ויכוח עם האב"", ""מקום_ההשגה"": ""חדר השינה של ההורים, ארון בגדים"", ""מקום_התחמושת"": ""מחסן הבית, מדף"", ""סוג_הנשק"": ""רובה צייד"", ""סוג_העבירה"": ""נשיאת נשק ותחמושת ללא רישיון"", ""סוג_התחמושת"": ""כדורי צייד קליבר 12 מ\""מ"", ""סכום_כסף_שנלקח"": 3500, ""סכום_שיק_שנלקח"": 500, ""סעיפי_חוק"": [""144(ב) רישא"", ""144(ב) סיפא לחוק העונשין""]}",35.0,"1. **סוג העבירה וחומרתה** — שני התיקים עוסקים בעבירות בנשק חם ללא רישיון, אך בתיק 1 יש ירי באזורי מגורים מתוך כוונה להפחיד, עם סיכון לחיי אדם, בעוד בתיק 2 מדובר בהחזקת והעברת נשק ללא רישיון, אך ללא ירי או איום ישיר. חומרת העבירה בתיק 1 גבוהה יותר.  
2. **תפקיד הנאשם ומעורבותו** — בתיק 1 הנאשם הוא יוזם ומבצע עיקרי, עם מעורבות פעילה ומרכזית. בתיק 2 הנאשם גם כן מרכזי, אך מעורבותו נובעת מויכוח אישי, וכוללת העברה של הנשק לאחרים – אך לא ביצוע ירי או איום ישיר. דרגת הפעולה האגרסיבית נמוכה יותר.  
3. **שיטת הביצוע (MO)** — בתיק 1 יש תכנון מוקדם, נסיעה עם נשק טעון, ירי כלפי מעלה באזורי מגורים – דפוס של איום ציבורי. בתיק 2 אין ראיות לתוכנית מוקדמת, הפעולה מתרחשת מיידית לאחר ויכוח, והemphasis הוא על העברה של הנשק, לא על שימוש או איום בו. MO שונה מהותית.  
4. **נסיבות הליבה** — בתיק 1 יש סיכון לחיי אדם, ירי באזורי מגורים, שימוש ברכב, פעולה בצוותא, נשק מאולתר וטעון – נסיבות מחמירות. בתיק 2 אין ירי, אין סיכון ישיר, הנשק היה של האב, והעבירה נבעה ממצב משפחתי – נסיבות פחות חמורות.  
5. **ישימות כתקדים** — למרות השותף המשותף של עבירות בנשק ללא רישיון, ההקשר, המטרה, שיטת הביצוע והסיכון הנובע מהעבירה שונים באופן מהותי. בית משפט לא יראה בתיק 2 תקדים רלוונטי לעניין עונש בתיק 1, בשל חוסר דמיון בסיכון, כוונה ותוצאות פוטנציאליות.  

SIMILARITY_SCORE: 35","ok",""
"SH-16-04-30406-325","SH-16-11-7544-55",3,1,1,"{""אופן_ההחזקה"": ""בתחתית תא המטען ובתוך תיק שחור"", ""אכזריות_או_ניצול_נפגע"": ""לא"", ""האם_החזקה_במקום_ציבורי"": ""לא צוין, אך מדובר ברכב פרטי"", ""האם_החזקה_ברכב"": ""כן"", ""האם_החזקה_ללא_רישיון"": ""כן"", ""האם_החזקה_קבוצתית"": ""לא, הנאשם לבדו"", ""האם_היה_נזק_צפוי"": ""כן, פוטנציאל מסוכן מהחזקת נשק"", ""האם_הייתה_כוונה_לשימוש_מיידי"": ""לא צוין"", ""האם_הנשק_היה_טעון"": ""לא, מחסנית אחת ריקה, לא צוין לגבי השאר"", ""האם_הנשק_מאולתר"": ""כן"", ""האם_נגרם_נזק"": ""לא"", ""השפעה_של_אחר"": ""לא צוין"", ""חלקו_היחסי_של_הנאשם"": ""בלעדי"", ""יכולת_הבנה_של_הנאשם"": ""לא צוין"", ""יכולת_הימנעות_מהמעשה"": ""לא צוין"", ""מחסניות_צמודות"": ""אחת ריקה צמודה לאחד הנשקים, שתיים נוספות בתיק שחור"", ""מספר_נשקים"": 2, ""מספר_עבירות"": 2, ""מצוקה_נפשית_עקב_התעללות"": ""לא"", ""מקום_ביצוע"": ""בתא המטען של רכב מסוג רנו מ.ר. 88-687-10"", ""ניצול_כוח_או_מעמד"": ""לא"", ""סוג_הנשק"": ""שני תתי מקלע מאולתרים"", ""סוג_העבירה"": ""החזקת נשק שלא כדין"", ""סיבות_לביצוע"": ""לא צוין"", ""סעיף_חוק"": ""144(א) רישא לחוק העונשין"", ""קרבה_לסייג_לאחריות_פלילית"": ""לא"", ""תאריך_ביצוע"": ""06/04/2016"", ""תכנון_מוקדם"": ""לא צוין""}","{""האם_החזקה_במקום_ציבורי"": ""כן"", ""האם_החזקה_ברכב"": ""לא"", ""האם_החזקה_ללא_רישיון"": ""כן"", ""האם_היה_ניצול_כוח_או_מעמד"": ""לא"", ""האם_היו_שותפים"": ""לא"", ""האם_היתה_אכזריות_או_ניצול"": ""לא"", ""האם_היתה_השפעה_של_אחר"": ""לא"", ""האם_היתה_התגרות_של_נפגע"": ""לא"", ""האם_היתה_התעללות_בנאשם"": ""לא"", ""האם_היתה_כוונה_לשימוש"": ""לא ידוע"", ""האם_היתה_פגיעה_בפועל"": ""לא"", ""האם_היתה_פגיעה_צפויה"": ""כן"", ""האם_היתה_תכנית_מוקדמת"": ""לא ידוע"", ""האם_הנאשם_הבין_את_מעשיו"": ""כן"", ""האם_הנאשם_היה_בשליטה_על_מעשיו"": ""כן"", ""האם_הנשק_מאולתר"": ""כן"", ""האם_הנשק_תקין"": ""לא ידוע"", ""האם_קרבה_לסייג_לאחריות_פלילית"": ""לא"", ""חלקו_של_הנאשם"": ""בלעדי"", ""כמות_תחמושת"": 10, ""מקום_ביצוע"": ""מחלף להב-שומריה, כביש 6, לכיוון צפון"", ""סוג_הנשק"": ""רובה תת מקלע מאולתר"", ""סוג_העבירה"": ""החזקת נשק שלא כדין"", ""סוג_תחמושת"": ""מחסנית עם 10 קליעים בקוטר 9 מ\""מ"", ""סעיף_חוק"": ""144(א) רישא וסיפא לחוק העונשין"", ""תאריך_ביצוע"": ""26.10.16""}",55.0,"1. **סוג העבירה וחומרתה** — שני התיקים עוסקים בהחזקת נשק שלא כדין לפי סעיף 144(א), אולם בתיק 2 מוזכר גם סיפא, שעשוי לרמז על חומרה גבוהה יותר (כגון נשק מאולתר או מחוסן), וכן מדובר בכמות תחמושת מוגדרת. החומרה דומה אך לא זהה, עם נטייה קלה לחומרה גבוהה יותר בתיק 2.  
2. **תפקיד הנאשם ומעורבותו** — בכל אחד מהתיקים הנאשם מעורב באופן אישי ובתוקף, ללא שותפים, ובאופן בלעדי. מעורבותו פעילה ומרכזית בשני המקרים. הדמיון כאן גבוה.  
3. **שיטת הביצוע (MO)** — בתיק 1 החזקה נעשתה ברכב פרטי, בתוך תא מטען ובתוך תיק שחור, ובתיק 2 במקום ציבורי (כביש מהיר). בנוסף, בתיק 1 יש שני נשקים ומחסניות מרובות, ובתיק 2 נשק אחד עם מחסנית אחת. שיטת ההסתרה שונה: רכב פרטי מול מקום ציבורי. אין דפוס MO זהה.  
4. **נסיבות הליבה** — שניהם כוללים נשק מאולתר, פוטנציאל נזק, אך בתיק 1 יש מספר נשקים (2) ומחסניות נוספות (3), מה שמעיד על יכולת אש גבוהה יותר. בתיק 2, החזקה במקום ציבורי עלולה להיחשב מחמירה יותר. עם זאת, בתיק 1 יש רמז להכנה מוקדמת (מיקום, אריזה), גם אם לא צוין במפורש. ההבדלים בהקשר מרחיבים את הפער.  
5. **ישימות כתקדים** — למרות ששני התיקים עוסקים בהחזקת נשק מאולתר ללא רישיון, ההבדלים במקום (פרטי מול ציבורי), בכמות הנשק, ובשיטת ההסתרה מפחיתים את הסבירות שיתקבלו כתקדים ענייני זה לזה. בית משפט עשוי להתייחס אליהם כאל מקרים בעלי אופי שונה, במיוחד לאור החשיבות של מקום ההחזקת נשק במרחב ציבורי כהיבט מחמיר.  

SIMILARITY_SCORE: 55","ok",""
"SH-16-11-7544-55","ME-13-10-28139-807",1,0,0,"{""האם_החזקה_במקום_ציבורי"": ""כן"", ""האם_החזקה_ברכב"": ""לא"", ""האם_החזקה_ללא_רישיון"": ""כן"", ""האם_היה_ניצול_כוח_או_מעמד"": ""לא"", ""האם_היו_שותפים"": ""לא"", ""האם_היתה_אכזריות_או_ניצול"": ""לא"", ""האם_היתה_השפעה_של_אחר"": ""לא"", ""האם_היתה_התגרות_של_נפגע"": ""לא"", ""האם_היתה_התעללות_בנאשם"": ""לא"", ""האם_היתה_כוונה_לשימוש"": ""לא ידוע"", ""האם_היתה_פגיעה_בפועל"": ""לא"", ""האם_היתה_פגיעה_צפויה"": ""כן"", ""האם_היתה_תכנית_מוקדמת"": ""לא ידוע"", ""האם_הנאשם_הבין_את_מעשיו"": ""כן"", ""האם_הנאשם_היה_בשליטה_על_מעשיו"": ""כן"", ""האם_הנשק_מאולתר"": ""כן"", ""האם_הנשק_תקין"": ""לא ידוע"", ""האם_קרבה_לסייג_לאחריות_פלילית"": ""לא"", ""חלקו_של_הנאשם"": ""בלעדי"", ""כמות_תחמושת"": 10, ""מקום_ביצוע"": ""מחלף להב-שומריה, כביש 6, לכיוון צפון"", ""סוג_הנשק"": ""רובה תת מקלע מאולתר"", ""סוג_העבירה"": ""החזקת נשק שלא כדין"", ""סוג_תחמושת"": ""מחסנית עם 10 קליעים בקוטר 9 מ\""מ"", ""סעיף_חוק"": ""144(א) רישא וסיפא לחוק העונשין"", ""תאריך_ביצוע"": ""26.10.16""}","{""אזהרה_לפני_הירי"": ""הנאשם איים על המתלונן באמירה מילולית לפני הירי"", ""אכזריות_או_ניצול"": ""ירי לעבר רכב בו יושבים אנשים, בנסיבות סכסוך שכנים"", ""בריחה_מהזירה"": ""הנאשם נמלט מהמקום לאחר הירי"", ""גיל_הנאשם"": ""לא פורט"", ""האם_היו_קטינים_מעורבים"": ""בנו של המתלונן, כבן 18, היה נוכח ברכב"", ""האם_הירי_בוצע_במרחב_ציבורי"": ""כן, בסמוך לבית מגורים"", ""התגרות_הקרבן"": ""המתלונן משח את הספסל בשמן כדי להרחיק את הנאשם"", ""חלקו_של_הנאשם"": ""מבצע עיקרי, פעל לבדו"", ""יכולת_הבנה_של_הנאשם"": ""לא נטען לחוסר הבנה או פגם בכשירות"", ""מיקום_העבירה"": ""ליד בית המתלונן בעיר רהט"", ""מניע"": ""תגובה לכך שהמתלונן משח את הספסל בשמן כדי למנוע מהנאשם וחבריו לשבת עליו"", ""מספר_יריות"": ""מספר יריות (לא פורט במדויק)"", ""מצוקה_נפשית_של_הנאשם"": ""לא צוין"", ""נוכחות_אחרים_בזירת_העבירה"": ""בנו של המתלונן, כבן 18, ישב ברכב בזמן הירי"", ""נזק_צפוי"": ""פוטנציאל לפגיעה חמורה או מוות ליושבי הרכב"", ""נזק_שנגרם"": ""נזק לרכב, ללא פגיעה פיזית באדם"", ""ניצול_מעמד_או_כוח"": ""לא צוין ניצול לרעה של מעמד או כוח"", ""סוג_העבירה"": ""החזקה ושימוש בנשק ללא רישיון, ניסיון לחבלה חמורה בנסיבות מחמירות"", ""סוג_נשק"": ""אקדח מסוג לא ידוע"", ""סעיפי_חוק"": ""144(א) רישא, 333, 335(א)(1), 25 לחוק העונשין"", ""פגיעה_ברכוש"": ""פגיעות בדלת הנהג של הרכב, שלושה קליעים פגעו בדלת וחלקם חדרו"", ""פגיעה_פיזית_בקרבן"": ""לא נגרמה פגיעה פיזית"", ""קרבה_לסייג_לאחריות_פלילית"": ""לא צוין"", ""קשר_בין_הצדדים"": ""שכנים"", ""רקע_לעבירה"": ""סכסוך שכנים על שימוש בספסל בטון"", ""שליטה_במעשה"": ""שליטה מלאה, לא נטען למצב של חוסר שליטה"", ""תכנון_מוקדם"": ""קיים תכנון מסוים, הנאשם הגיע חמוש לאירוע לאחר הסכסוך""}",35.0,"1. **סוג העבירה וחומרתה** — תיק 1 עוסק בהחזקת נשק מאולתר ללא רישיון, ללא ראייה של שימוש או כוונה לשימוש. תיק 2 כולל החזקה, שימוש בירי, ניסיון לחבלה בנסיבות מחמירות, ופגיעה ברכוש במרחב ציבורי — עבירה חמורה בהרבה. ההבדל ברמת החומרה גדול: הראשונה עבירה של החזקה סטטית, השנייה כוללת התנהגות אגרסיבית עם איום ישיר.  
2. **תפקיד הנאשם ומעורבותו** — בשני המקרים הנאשם פעל לבדו ובשליטה מלאה, ללא שותפים. מעורבותו היא ישירה ובאשמתו הבלעדית. דמיון מובהק בדרגת המעורבות.  
3. **שיטת הביצוע (MO)** — תיק 1: החזקה סטטית של נשק מאולתר במרחב ציבורי. תיק 2: שימוש פעיל בנשק בירי לעבר רכב, לאחר אזהרה מילולית, כחלק מתגובה לסכסוך. שיטת הביצוע שונה מהותית:一个是 הגנה או הסתרה של נשק, והשני הוא שימוש התקפי.  
4. **נסיבות הליבה** — בתיק 2 יש תכנון מסוים, קשר אישי, הסכסוך כמניע, ירי במרחב ציבורי לעבר רכב עם קטינים, נזק רכוש ופוטנציאל נזק אנושי גבוה. בתיק 1: החזקה ללא הקשר אישי, ללא תכנון ירי, ללא שימוש. ההקשרים שונים מאוד — אחד סכסוכי שכנות עם התפרצות אלימה, והשני החזקה מנותקת ממעשה אלים מיידי.  
5. **ישימות כתקדים** — למרות השותף לסעיף 144(א), העבירות שונות מהותית בתכלית: בית משפט לא יראה בהחזקת נשק מאולתר לבדה מקבילה לעבירה של ירי לעבר רכב עם קטינים, גם אם שניהם כוללים ""פגיעה צפויה"". ההבדל במעורבות, שיטת ביצוע, חומרת הפעולה וההקשר מונעים שימוש אוטומטי בתקדים.

SIMILARITY_SCORE: 35","ok",""
"ME-16-04-12480-812","SH-16-05-42991-439",1,0,0,"{""האם_הייתה_החמרה_בנסיבות"": true, ""האם_הייתה_כוונה_לפגוע"": true, ""האם_הייתה_פגיעה_בבני_אדם"": false, ""האם_הייתה_פגיעה_ברכוש"": true, ""האם_הייתה_פגיעה_בשלוות_הציבור"": true, ""האם_הייתה_פגיעה_פיזית_בפועל"": false, ""הודאה"": true, ""מספר_אישומים"": 3, ""מספר_ירי_במקרה_ראשון"": 2, ""מספר_ירי_במקרה_שני"": 12, ""מקום_ביצוע"": [""טירת הכרמל"", ""אתר בניה"", ""קרבת בית המתלונן""], ""ניהול_הליך_חלקי"": true, ""נסיבות"": [""חוב כספי קטן (300 ש\""ח) בגין עסקת רכב"", ""ויכוח בין הנאשם למתלונן"", ""הנאשם רעול פנים"", ""הנאשם מצויד בנשק חם"", ""ירי באוויר להפחדה"", ""ירי לעבר אדם בניסיון לחבול בו"", ""ירי לעבר בית מגורים בשעות בוקר מוקדמות"", ""פגיעה בקירות חיצוניים ובמרפסת הבית"", ""החזקת נשק, מחסנית ותחמושת באתר בניה"", ""הסתרת תחמושת בכלי עבודה ובמכולה""], ""סוגי_נשק"": [""נשק חם (לא מפורט סוג באישום ראשון)"", ""תת מקלע מאולתר"", ""מחסנית"", ""תחמושת (כדורים)""], ""סעיפי_חוק"": [""סעיף 25 לחוק העונשין"", ""סעיף 335 לחוק העונשין"", ""סעיף 333 לחוק העונשין"", ""סעיף 144(א) לחוק העונשין"", ""סעיף 144(ב) לחוק העונשין"", ""סעיף 192 לחוק העונשין""], ""עבירות_עיקריות"": [""ניסיון חבלה חמורה בנסיבות מחמירות"", ""עבירות בנשק (החזקה)"", ""עבירות בנשק (נשיאה והובלה)"", ""איומים""], ""קורבנות"": [""המתלונן"", ""עובד באתר בניה"", ""בני משפחת המתלונן""]}","{""אכזריות_או_אלימות_כלפי_נפגע"": ""לא"", ""האם_בוצע_תכנון_מוקדם"": ""כן, הנאשם הורה לרעייתו להסתיר את הנשק"", ""האם_היו_שותפים"": ""כן, רעייתו (נאשמת 2)"", ""האם_הייתה_התגרות_מצד_הנפגע"": ""לא"", ""האם_הנשק_היה_טעון"": ""כן"", ""חלקו_היחסי_של_הנאשם"": ""מרכזי, יזם והורה על הסתרת הנשק"", ""יכולת_הבנה_של_הנאשם"": ""לא צוין קושי, הנאשם פעל במודעות מלאה"", ""יכולת_שליטה_במעשה"": ""שליטה מלאה, פעל ביוזמה"", ""מספר_כדורים"": 13, ""מצוקה_נפשית_עקב_התעללות"": ""לא"", ""מקום_החזקת_הנשק"": ""בית הנאשם"", ""נזק_צפוי"": ""פוטנציאל סיכון גבוה מהחזקת נשק ותחמושת בבית"", ""נזק_שנגרם"": ""לא נגרם נזק בפועל"", ""ניצול_יחסים_או_השפעה"": ""כן, הנאשם ניצל את יחסיו עם רעייתו כדי להסתיר את הנשק"", ""ניצול_לרעה_של_כוח_או_מעמד"": ""כן, כלפי רעייתו"", ""סוג_הנשק"": ""אקדח בראונינג כסוף"", ""סוג_העבירה"": ""החזקת נשק ותחמושת, שיבוש הליכי משפט"", ""סוג_תחמושת"": ""13 כדורים 9 מ\""מ"", ""סיבות_לביצוע_העבירה"": ""לא פורטו"", ""סעיפי_חוק"": [""144(א) רישא וסיפא לחוק העונשין"", ""244 לחוק העונשין""], ""קרבה_לסייג_לאחריות_פלילית"": ""לא"", ""שיבוש_הליכי_משפט"": ""כן, הנאשם הורה לרעייתו להסתיר את הנשק מהשוטרים""}",30.0,"1. **סוג העבירה וחומרתה**:  
התיק הראשון כולל עבירות חמורות של ניסיון חבלה חמורה, ירי לעבר אדם ובית, איומים ועבירות בנשק בנסיבות מחמירות, כולל ירי רב. התיק השני עוסק בעיקר בהחזקת נשק ותחמושת ושיבוש הליכים, ללא ירי או נזק בפועל. החומרה בתיק הראשון גבוהה בהרבה, גם עקב הפגיעה בשלום הציבור והשימוש בנשק בפועל.

2. **תפקיד הנאשם ומעורבותו**:  
בתיק הראשון הנאשם מעורב ישירות בירי ובאיומים – מעורבות פעילה ויזמית. בתיק השני, הנאשם גם כן מרכזי ויזם, אך בתחום ההסתרה וההחזקת נשק, לא בשימוש בו. שני הנאשמים פועלים ביוזמה ובמודעות, אך רמת האгрסיביות והפעולה הפיזית גבוהה יותר בתיק הראשון.

3. **שיטת הביצוע (MO)**:  
בתיק הראשון: ירי באוויר, לעבר אדם ולעבר מבנה – שיטת ביצוע אלימה ובהשראת פחד. בתיק השני: הסתרת נשק בבית, תכנון מראש, אך ללא אלימות או שימוש בנשק. אין דפוס ירי או איום פיזי – השוני ב-MO משמעותי.

4. **נסיבות הליבה**:  
בתיק הראשון: יש ויכוח, חוב קטן, נשק טעון, ירי רב (14 יריות בסך הכול), פגיעה ברכוש ובשלווה, נשק בשימוש. בתיק השני: נשק מוחזק בבית, תכנון להסתרה, אך ללא ירי או איום. נזק פוטנציאלי בלבד. אין ירי, פגיעה פיזית או איומים – הנסיבות הליבה שונות מהותית.

5. **ישימות כתקדים**:  
בית משפט יקח בחשבון שתיהם עוסקים בנשק, אך התיק הראשון עוסק בשימוש בנשק בנסיבות אלימות ומחמירות, בעוד השני עוסק בהחזקת נשק ושיבוש הליכים. ההקשר שונה: עבירה אלימה מול עבירה של הסתרה והחזקת נשק. לא סביר שיתקבל כתקדים ענייני לענישה.

SIMILARITY_SCORE: 30","ok",""
"ME-16-05-9968-487","ME-13-04-35007-454",3,1,1,"{""אביזרים_נלווים"": [""מחסנית""], ""האם_הייתה_אכזריות_או_ניצול"": ""לא"", ""האם_הייתה_השפעה_של_אחר_על_הנאשם"": ""כן, מהדי יזם את ההעברה"", ""האם_הייתה_התגרות_של_נפגע_העבירה"": ""לא"", ""האם_הייתה_כוונה_לשימוש_בנשק"": ""לא צוין"", ""האם_הייתה_מצוקה_נפשית_בשל_התעללות"": ""לא"", ""האם_הייתה_ניצול_מעמד_או_יחסים"": ""לא"", ""האם_הייתה_תכנית_מוקדמת"": ""כן, תיאום בין המעורבים"", ""האם_הייתה_תמורה_כספית_בהעברה_לנאשם"": ""לא"", ""האם_הנאשם_הבין_את_מעשיו"": ""כן"", ""האם_הנאשם_הוביל_את_המשטרה_לנשק"": ""כן"", ""האם_הנאשם_הורשע_בעבירות_נוספות_בעבר"": ""לא צוין"", ""האם_הנאשם_היה_בשליטה_על_מעשיו"": ""כן"", ""האם_הנאשם_קרוב_לסייג_לאחריות_פלילית"": ""לא"", ""האם_הנזק_היה_צפוי"": ""כן, פוטנציאל קטלני"", ""האם_הנשק_הוסתר"": ""כן"", ""האם_הנשק_מסוגל_להמית"": ""כן"", ""האם_הנשק_תקין_לשימוש"": ""כן"", ""האם_העבירה_בוצעה_בזיקה_לארגון_פשיעה"": ""לא"", ""האם_העבירה_בוצעה_בלא_רישיון"": ""כן"", ""האם_העבירה_בוצעה_לגבי_יותר_מנשק_אחד"": ""לא"", ""האם_נגרם_נזק_פועל"": ""לא"", ""מספר_מעורבים"": 3, ""מספר_סידורי_של_הנשק"": ""41814"", ""מקום_החזקה_והסתרה"": ""גג בית חברו של הנאשם בג'דיידה"", ""מקום_הסתרה"": ""גג בית חברו של הנאשם"", ""מקום_רכישת_הנשק"": ""ברטעה"", ""משך_החזקה_על_ידי_הנאשם"": ""כשלושה ימים"", ""סוג_הנשק"": ""תת מקלע מאולתר"", ""סוג_העבירה"": ""החזקת ונשיאת נשק ללא רישיון"", ""סעיפי_חוק"": [""144(א)"", ""144(ב)""], ""קשר_בין_המעורבים"": ""קרובי משפחה"", ""שווי_הנשק_בשקלים"": 7300, ""שלבי_העברת_הנשק"": [""רכישה על ידי מהדי"", ""העברה לסמיר להחבאה"", ""העברה לנאשם"", ""הסתרה על ידי הנאשם""], ""שמות_מעורבים"": [""מהדי בסל"", ""סמיר בסל"", ""הנאשם""]}","{""אכזריות_או_ניצול"": ""לא צוין"", ""האם_בוצע_שימוש_בנשק"": ""לא צוין ירי או פציעה"", ""האם_בוצעה_אלימות_פיזית"": ""לא צוין"", ""האם_היה_תכנון_מוקדם"": ""כן, הצטיידות מראש בנשק"", ""האם_הייתה_השפעה_של_אחרים"": ""הסכסוך כלל מעורבות של אחרים"", ""האם_הנאשם_נמלט_מהמקום"": ""כן"", ""האם_הנשק_טעון"": ""כן"", ""האם_העבירה_בוצעה_במסגרת_סכסוך"": ""כן"", ""האם_העבירה_בוצעה_בציבור"": ""כן, במרכז הכפר"", ""יכולת_הבנה_ושליטה"": ""לא צוין קושי"", ""מועד_העבירה"": ""6/4/13"", ""מניע"": ""הפחדת אחרים המעורבים בסכסוך"", ""מספר_מעורבים_נוספים"": ""כן, אחרים היו מעורבים בסכסוך"", ""מקום_העבירה"": ""מרכז כפר דבוריה"", ""נזק_שהיה_צפוי"": ""פוטנציאל לפגיעה באחרים או להחמרת הסכסוך"", ""נזק_שנגרם"": ""לא צוין"", ""ניצול_מעמד_או_כוח"": ""לא צוין"", ""סוג_הנשק"": ""אקדח"", ""סוג_העבירה"": ""נשיאת והחזקת נשק שלא כדין"", ""סעיפי_חוק"": [""144(ב) רישא + סיפא"", ""144(א) רישא + סיפא""], ""רקע_לביצוע"": ""סכסוך בכפר דבוריה"", ""שעת_העבירה"": ""16:30 או בסמוך לכך""}",45.0,"1. **סוג העבירה וחומרתה** — שני התיקים עוסקים בהחזקת ונשיאת נשק ללא רישיון, עבירה לפי סעיף 144 א' ו-ב', מה שמצביע על דמיון משפטי בסיסי. עם זאת, בתיק 1 מדובר בנשק מאולתר (תת מקלע), שעשוי להיחשב חמור יותר, בעוד בתיק 2 מדובר באקדח רגיל, אך עם ירייה פוטנציאלית בסכסוך ציבורי — מה שמעלים סיכון לאלימות. הדמיון ב범 nature של העבירה גבוה, אך חומרתה בתיק 2 עלולה להיות גבוהה יותר בשל ההקשר.  
2. **תפקיד הנאשם ומעורבותו** — בתיק 1 הנאשם הוא שחקן פעיל אך לא יזם: קיבל את הנשק לאחר רכישה והעברה על ידי אחרים, והחביא אותו. מעורבותו מוגבלת להסתרה לתקופה קצרה (3 ימים). בתיק 2 הנאשם נושא את הנשק במרחב ציבורי, כחלק מהרתעה בסכסוך, ונמלט מהמקום — מעורבות ישירה ופעילה יותר. התפקיד בתיק 2 נראה יזמי יותר בהקשר של שימוש פוטנציאלי בנשק.  
3. **שיטת הביצוע (MO)** — בתיק 1 יש תיאום בין מספר אנשים, העברה של הנשק במספר שלבים, והסתרה מכוונת. זהו דפוס של ארגון מינימלי, אך עם תכנון. בתיק 2 מדובר בהצטיידות בנשק למטרה ספציפית (הפחדה בסכסוך), שימוש ציבורי, ונפילה מהמקום — MO של פעולה חד-פעמית, ריאקטיבית, בהקשר של סכסוך מקומי. הדמיון בדפוס ביצוע מוגבל.  
4. **נסיבות הליבה** — בתיק 1 אין נזק פיזי, אין ירי, אין נשק טעון (לא צוין), והנאשם אף הוביל את המשטרה לسلاح. הכמות: נשק אחד, ללא שימוש. בתיק 2: נשק טעון, במקום ציבורי, בסכסוך, עם מטרה של הפחדה — סיכון גבוה לה eskalation. גם כאן אין נזק פיזי, אך הסיכון היה גבוה יותר. נסיבות מחמירות בתיק 2 (ציבור, סכסוך, נשק טעון) עולות על אלו בתיק 1.  
5. **ישימות כתקדים** — שני התיקים עוסקים בעבירות נשיאת נשק ללא רישיון, אך ההקשר, המניע, רמת הסיכון והשליטה של הנאשם שונים. תיק 1 עשוי לשמש כדוגמה לעבירה ""ללא שימוש"", עם שיתוף פעולה עם המשטרה. תיק 2 משקף עבירה בהקשר של אי שקט ציבורי וסכסוך, עם נטייה לאלימות. בית משפט יתקשה להשתמש באחד כתקדים ישיר לשני, בשל ההבדלים בהקשר החברתי והסיכון.  

SIMILARITY_SCORE: 45","ok",""
"ME-16-11-69158-529","ME-14-12-6904-57",2,0,1,"{""אופן_הובלה"": ""בתיק בד, ברכב פרטי"", ""אופן_החזקה"": ""הוסתר באדמה, לאחר מכן הוסתר ברכב"", ""אכזריות_או_ניצול"": ""לא צוין"", ""האם_בוצעה_העבירה_בזיקה_לארגון_פשיעה"": ""לא צוין"", ""האם_בוצעה_העבירה_במהלך_סכסוך"": ""לא צוין"", ""האם_בוצעה_העבירה_למטרת_רווח"": ""לא צוין"", ""התגרות_נפגע"": ""לא צוין"", ""יכולת_הבנה_של_הנאשם"": ""לא צוין קושי"", ""יכולת_שליטה_במעשה"": ""לא צוין קושי"", ""מניע_העבירה"": ""לא צוין"", ""מספר_מחסניות"": 1, ""מספר_נשקים"": 1, ""מספר_סוגי_תחמושת"": 1, ""מצוקה_נפשית_של_הנאשם"": ""לא צוין"", ""מקום_הירי"": ""חצר בית מגורים בטייבה"", ""נזק_צפוי"": ""סיכון חיי אדם באזור מגורים"", ""נזק_שנגרם"": ""לא צוין נזק קונקרטי"", ""ניצול_כוח_או_מעמד"": ""לא צוין"", ""סוג_הירי"": ""ירי צרור כדורים כלפי מעלה"", ""סוג_הנשק"": ""תת-מקלע קרלו (קרל גוסטב)"", ""סוג_העבירה"": ""נשיאת נשק ותחמושת, ירי באזור מגורים"", ""סוג_התחמושת"": ""9 מ\""מ"", ""סעיפי_חוק"": [""144(ב) רישא וסיפא לחוק העונשין"", ""340א לחוק העונשין""], ""עיתוי_הירי"": ""אירוע משפחתי, בשעה 21:00 לערך"", ""קרבה_לסייג_לאחריות_פלילית"": ""לא צוין"", ""תכנון_מוקדם"": ""הנשק והתחמושת הוסתרו מראש והובאו לאירוע""}","{""אופן_החזקה_והובלה"": ""הנשק הוסתר בתיק גב עטוף בבגדים, הובל ונישא על ידי הנאשם"", ""אכזריות_או_אלימות"": ""לא צוין שימוש באלימות או אכזריות"", ""גיל_הנאשם"": ""לא צוין"", ""החזקת_סם"": ""0.3027 גרם נטו קנאביס לצריכה עצמית"", ""הסתרת_הנשק"": ""הנשק הוסתר בארון בגדים בחדר השינה בדירה"", ""חלקו_של_הנאשם"": ""רכש, החזיק, נשא והוביל את הנשק והתחמושת"", ""יכולת_הבנה_ושליטה"": ""לא צוין קושי בהבנה או בשליטה"", ""יכולת_הנשק"": ""מסוגל לירות ובכוחו להמית"", ""מקום_העבירה"": ""תל אביב, בדירה וברחוב"", ""משך_החזקה"": ""כחודש ימים לפני 18.11.2014 ועד ליום 18.11.2014"", ""נזק_צפוי"": ""הנשק והתחמושת מסוגלים להמית"", ""נזק_שנגרם"": ""לא נגרם נזק בפועל"", ""ניצול_מעמד_או_יחסים"": ""לא צוין"", ""סוג_הנשק"": ""רובה מאולתר מדגם קרל גוסטב"", ""סוג_העבירה"": ""נשיאה והובלת נשק ללא רישיון, החזקת סם לצריכה עצמית"", ""סיבת_העבירה"": ""לא פורטו מניעים מיוחדים"", ""סעיפי_חוק"": ""סעיף 144(ב) לחוק העונשין, סעיף 7(א) לפקודת הסמים המסוכנים"", ""קרבה_לסייג_לאחריות"": ""לא צוין"", ""רכישת_הנשק"": ""הנשק נרכש על ידי הנאשם בתמורה ל-4,000 ש\""ח"", ""שותפים_לעבירה"": ""נאשם נוסף (נאשם 2, סעיד אבו זנט)"", ""תחמושת"": ""מחסנית וכדורים תואמים לנשק"", ""תכנון_מוקדם"": ""הנשק נרכש מראש, הוסתר והובל באופן מוסתר""}",45.0,"1. **סוג העבירה וחומרתה** — שני התיקים כוללים עבירה של נשיאת והחזקת נשק ללא רישיון לפי סעיף 144(ב) לחוק העונשין, עם נשק מסוגל להמית. עם זאת, בתיק 1 יש גם ירי באזור מגורים (סעיף 340א), מה שמגביל את הדמיון. בנוסף, בתיק 2 יש עבירה משנית של החזקת סם לצריכה עצמית, שלא קיימת בתיק 1. החומרה בתיק 1 גבוהה יותר עקב הירי במרחב ציבורי.  
→ דמיון חלקי, אך לא מלא.

2. **תפקיד הנאשם ומעורבותו** — בשני התיקים הנאשם מעורב ישירות: רוכש, מחזיק, נושא והובל את הנשק. בתיק 2 צוין שותף נוסף, אך בתיק 1 לא צוין שותף. בכל מקרה, מעורבות הנאשם היא פעילה ומרכזית בשניהם.  
→ דמיון גבוה.

3. **שיטת הביצוע (MO)** — בשני המקרים הנשק הוסתר (בתיק או בתיק גב) והובל באופן מוסתר. בתיק 1 היה שימוש בנשק (ירי), בעוד בתיק 2 לא היה שימוש, אך היה רכישת נשק מאולתר. שני המקרים מעידים על תכנון מוקדם והסתרה מכוונת.  
→ דמיון מובהק, אך לא זהה вслך.

4. **נסיבות הליבה** — בתיק 1 הירי התרחש באירוע משפחתי בשעה לילה, בסיכון גבוה לאוכלוסייה, מה שמחמיר את העבירה. בתיק 2 אין ירי, אך יש החזקה ממושכת (כחודש) של נשק מאולתר, שמעידה על סיכון מתמשך. הכמויות (תחמושת, מחסנית אחת) והסיכון הלא-ממשי דומים, אך ההקשר של ירי באזור מגורים בתיק 1 יוצר נסיבות מחמירות ייחודיות.  
→ דמיון מוגבל בנסיבות הליבה.

5. **ישימות כתקדים** — למרות הדמיון בסוג הנשק (קרל גוסטב) ובאי-שימוש ברישיון, הימצאות ירי במרחב ציבורי בתיק 1 והעדרו בתיק 2 מקטינה את הסבירות שיתקבלו עונשים דומים. בית משפט יראה בתיק 1 עבירה חמורה יותר, ולכן תיק 2 לא ייחשב תקדים ענייני רלוונטי.  
→ תקדים לא רלוונטי כמעט.

SIMILARITY_SCORE: 45","ok",""
"SH-11-05-24791-315","ME-16-10-9348-780",1,0,0,"{""אכזריות_או_ניצול_נפגע"": ""לא"", ""האם_בוצע_תכנון_מוקדם"": ""לא צוין"", ""האם_החזקה_ברישיון"": ""לא"", ""האם_הייתה_עסקה_מסחרית"": ""לא"", ""האם_הנשק_היה_תקין"": ""לא צוין"", ""חלקו_היחסי_של_הנאשם"": ""בלעדי"", ""יכולת_הבנה_של_הנאשם"": ""לא צוין"", ""יכולת_שליטה_במעשה"": ""לא צוין"", ""מועד_העבירה"": ""19/07/09 בשעה 21:00 לערך"", ""מספר_נאשמים"": 1, ""מצוקה_נפשית_או_התגרות"": ""לא צוין"", ""מקום_החזקה"": ""בית הנאשמת בכפר עין-נקובא"", ""נזק_שהיה_צפוי"": ""פוטנציאל מסוכן מהחזקת נשק חם"", ""נזק_שנגרם"": ""לא צוין"", ""ניצול_כוח_או_מעמד"": ""לא"", ""סוג_האביזר"": ""שתי מחסניות תואמות"", ""סוג_הנשק"": ""אקדח חצי אוטומטי FN"", ""סוג_העבירה"": ""החזקת נשק ואביזר לנשק ללא רישיון"", ""סיבות_לביצוע_העבירה"": ""לא צוין"", ""סעיפי_חוק"": [""144(א) רישא"", ""144(א) סיפא""], ""קרבה_לסייג_לאחריות_פלילית"": ""לא""}","{""אופן_ההובלה"": ""הנשק והתחמושת הונחו ברכב אחותו של הנאשם"", ""אופן_ההשגה"": ""נטילה מהאב בעקבות ויכוח"", ""גיל_הנאשם"": ""לא צוין"", ""האם_בוצע_תכנון_מוקדם"": ""לא צוין תכנון מוקדם, אך נטל את הנשק לאחר ויכוח"", ""האם_בוצעה_העברה_לאחר"": ""כן, מסר את הנשק והתחמושת לקטין"", ""האם_היה_נזק_רכושי"": ""כן, נטל כסף ושיק מאביו"", ""האם_היה_שותף_נוסף"": ""כן, מוחמד יונס הצטרף לנסיעה"", ""האם_הייתה_אכזריות_או_התעללות"": ""לא"", ""האם_הייתה_אלימות_נוספת"": ""לא צוין"", ""האם_הייתה_התגרות_של_הנפגע"": ""ויכוח עם האב"", ""האם_הייתה_מסירת_נשק_לזולת"": ""כן"", ""האם_הייתה_ניצול_מעמד_או_כוח"": ""לא"", ""האם_הייתה_נסיעה_עם_הנשק"": ""כן, נסע עם הנשק והתחמושת ברכב"", ""האם_הייתה_קרבה_לסייג_לאחריות_פלילית"": ""לא"", ""האם_הנאשם_הבין_את_מעשיו"": ""לא צוין מגבלה"", ""האם_הנאשם_הורשע_בעבירות_נשק_בעבר"": ""לא צוין"", ""האם_הנאשם_החזיק_ברישיון"": ""לא"", ""האם_הנאשם_היה_בשליטה_על_מעשיו"": ""כן"", ""האם_הנשק_הוחזק_ברישיון"": ""כן, על ידי האב"", ""האם_הנשק_היה_תקין"": ""לא צוין"", ""האם_העבירה_בוצעה_בזיקה_לארגון_פשיעה"": ""לא"", ""האם_העבירה_בוצעה_ליותר_מנשק_אחד"": ""לא"", ""האם_נגרם_נזק_פיזי"": ""לא"", ""כמות_תחמושת"": 75, ""למי_הועבר_הנשק"": ""קטין, פ. י., תושב ערערה"", ""מניע_לביצוע"": ""ויכוח עם האב"", ""מקום_ההשגה"": ""חדר השינה של ההורים, ארון בגדים"", ""מקום_התחמושת"": ""מחסן הבית, מדף"", ""סוג_הנשק"": ""רובה צייד"", ""סוג_העבירה"": ""נשיאת נשק ותחמושת ללא רישיון"", ""סוג_התחמושת"": ""כדורי צייד קליבר 12 מ\""מ"", ""סכום_כסף_שנלקח"": 3500, ""סכום_שיק_שנלקח"": 500, ""סעיפי_חוק"": [""144(ב) רישא"", ""144(ב) סיפא לחוק העונשין""]}",35.0,"1. **סוג העבירה וחומרתה** — שני התיקים עוסקים בהחזקת/נשיאת נשק ללא רישיון, אולם בתיק 1 מדובר בהחזקת אקדח חצי אוטומטי ואביזרים (מחסניות), שמהווה עבירה חמורה יותר בהקשר של סוג הנשק והפוטנציאל לנזק, בעוד בתיק 2 מדובר ברובה צייד, שנשיאה שלו נעשת לאחר ויכוח עם ההורה, ללא רמז לכוונה לפגיעה. החומרה בתיק 1 גבוהה יותר.  
2. **תפקיד הנאשם ומעורבותו** — בתיק 1 מדובר בהחזקת נשק באופן בלעדי ובבית, ללא שותפים או העברה. בתיק 2 הנאשם לא רק נטל את הנשק, אלא גם העביר אותו לזולת (קטין), נסע עם הנשק והתחמושת, ובכך ביצע מעורבות פעילה ורחבת היקף יותר. המעורבות בתיק 2 היא דרמטית ומסוכנת יותר.  
3. **שיטת הביצוע (MO)** — בתיק 1 אין מידע על תכנון או שיטת ביצוע מעבר להחזקת נשק בבית. בתיק 2 יש סדרת פעולות: נטילה לאחר ויכוח, העברה לרכב, נסיעה, מסירה לקטין – כלומר, MO דינמי ומסוכן יותר. אין דפוס דומה בין ההחזקת נשק סטטית לבין נשיאה והעברה מאורגנת.  
4. **נסיבות הליבה** — בתיק 2 יש נזק רכושי (נטילת כסף ושיק), העברה של נשק לקטין, נסיעה עם הנשק – נסיבות מחמירות חמורות. בתיק 1 אין נזק, אין העברה, אין נסיבות מחמירות מפורטות. גם הכמות (75 כדורים) בתיק 2 מוסיפה לחומרת העבירה.  
5. **ישימות כתקדים** — שני התיקים נוגעים בחוק הנשק (סעיף 144), אך בחלקים שונים (רישא/סיפא, א/ב) ובנסיבות שונות. בית משפט יתקשה להשתמש באחד כתקדים ענייני לשני עקב הבדלים מהותיים בסוג הנשק, חומרת ההחזקת, מעורבות בהפצת נשק, ונסיבות הביצוע.  

SIMILARITY_SCORE: 35","ok",""
"ME-15-12-39071-113","ME-10-08-17917-313",3,1,1,"{""אכזריות_או_ניצול_נפגע_העבירה"": ""לא רלוונטי"", ""האם_היה_רישיון_להחזקת_נשק"": ""לא"", ""האם_היה_תכנון_מוקדם"": ""לא צוין"", ""האם_הנאשם_היה_נהג"": ""לא, ישב במושב הסמוך לנהג"", ""האם_הנשק_היה_טעון"": ""לא צוין"", ""האם_הנשק_היה_תקין"": ""לא צוין"", ""האם_העבירה_בוצעה_בצוותא"": ""לא צוין"", ""התגרות_מצד_נפגע_העבירה"": ""לא רלוונטי"", ""זמן_העבירה"": ""12.10.13, בשעה 22:30 או בסמוך לכך"", ""יכולת_הבנה_של_הנאשם"": ""לא צוין"", ""יכולת_שליטה_במעשה"": ""לא צוין"", ""מיקום_הנשק"": ""מתחת לשטיח שמתחת למושב ברכב"", ""מיקום_העבירה"": ""כביש מספר 1, בסמוך למחלף הראל"", ""מספר_רישוי_הרכב"": ""71-098-16"", ""מצוקה_נפשית_של_הנאשם"": ""לא צוין"", ""נזק_שהיה_צפוי"": ""לא צוין"", ""נזק_שנגרם"": ""לא צוין"", ""ניצול_כוח_או_מעמד"": ""לא צוין"", ""סוג_המקום"": ""רכב פרטי"", ""סוג_העבירה"": ""אחזקת נשק ללא רישיון"", ""סוג_הרכב"": ""מזדה 3"", ""סוג_נשק"": ""אקדח חצי אוטומטי מסוג סטאר"", ""סיבות_לביצוע_העבירה"": ""לא צוין"", ""סעיף_חוק"": ""144(א) רישא לחוק העונשין"", ""קרבה_לסייג_לאחריות_פלילית"": ""לא צוין""}","{""אכזריות_או_ניצול"": ""לא צוין"", ""האם_בוצעה_הובלה_של_הנשק"": ""כן"", ""האם_הייתה_אספקה_נוספת_של_סם_בעבר"": ""כן"", ""האם_הייתה_תמורה_עבור_הנשק"": ""לא צוין"", ""האם_הנשק_הוסתר"": ""כן"", ""האם_הנשק_היה_ברשות_הנאשם_ללא_רישיון"": ""כן"", ""האם_הנשק_התקבל_מאדם_אחר"": ""כן"", ""האם_הסם_היה_לשימוש_עצמי"": ""כן"", ""האם_הסם_התקבל_מאדם_אחר"": ""כן"", ""האם_הסם_נתפס_בבית_הנאשם"": ""כן"", ""האם_העבירות_בוצעו_במספר_הזדמנויות"": ""כן"", ""האם_שולמה_תמורה_עבור_הסם"": ""כן"", ""התגרות_נפגע_העבירה"": ""לא רלוונטי"", ""חלקו_היחסי_של_הנאשם"": ""מרכזי, ביצע את כל שלבי ההחזקה וההובלה"", ""יכולת_הבנה_של_הנאשם"": ""לא צוין קושי בהבנה"", ""יכולת_שליטה_במעשה"": ""לא צוין קושי בשליטה"", ""מצוקה_נפשית_עקב_התעללות"": ""לא צוין"", ""מקום_הסתרת_הנשק"": ""מחסן ביתו של הנאשם"", ""משקל_הסם_גרם"": 15.05, ""נזק_צפוי_מהעבירה"": ""נשק ותחמושת עלולים לשמש לפגיעה באחרים; סם מסוכן עלול להזיק לבריאות"", ""נזק_שנגרם"": ""לא צוין נזק קונקרטי"", ""ניצול_כוח_או_מעמד"": ""לא צוין"", ""סוג_הנשק"": ""אקדח עט"", ""סוג_הסם"": ""קנבוס"", ""סיבות_לביצוע_העבירה"": ""החזקת סם לשימוש עצמי; סיבות להחזקת הנשק לא פורטו"", ""סכום_התמורה_עבור_הסם"": 150, ""עבירות"": [""החזקת נשק"", ""החזקת סם מסוכן לצריכה עצמית""], ""פרטי_ההובלה"": ""הנאשם הוביל את האקדח ממקום מחבואו ונסע לעתלית עם בני משפחתו, חזר לביתו ושב והחביאו במחסן"", ""קרבה_לסייג_לאחריות_פלילית"": ""לא צוין"", ""תחמושת"": ""שלושה כדורים בקוטר 6.35 מ\""מ"", ""תכנון_מוקדם"": ""הנאשם קיבל את הנשק והחביאו, הוביל אותו למקום אחר והחזירו למחסן""}",30.0,"1. **סוג העבירה וחומרתה** — שני התיקים כוללים עבירה של אחזקת נשק ללא רישיון, אך בתיק 2 מדובר גם בהחזקת סם מסוכן, מה שמגדיל את חומרת העבירה. כמו כן, סוג הנשק בתיק 1 (אקדח חצי אוטומטי) נראה חמיר יותר מזה בתיק 2 (אקדח עט). הדמיון חל רק על חלק מהעבירה, וחומרתה שונה.  
2. **תפקיד הנאשם ומעורבותו** — בתיק 1 אין מידע ברור על מעורבות פעילה – הנאשם היה נוסע בלבד, והנשק נמצא תחת מושבו. בתיק 2, הנאשם מעורב בצורה מרכזית: קיבל, הסתיר, הוביל והחביא שוב את הנשק. מעורבותו פעילה וברורה. יש הבדל מהותי ברמה של שליטה ומעורבות.  
3. **שיטת הביצוע (MO)** — בתיק 1 אין רמז לתכנון או הסתרה מכוונת (הנשק מתחת לשטיח ברכב). בתיק 2 יש תבנית ברורה: הסתרה, העברה, החזרה – מעורבות מתוכננת ומבוקרת. שיטת הביצוע שונה מהותית.  
4. **נסיבות הליבה** — בתיק 1 אין מידע על כוונה, שימוש, נשק טעון או תכנון. בתיק 2 יש תכנון מוקדם, הסתרה, הובלה מרובה, וכן שימוש ברכב לצורך העברה. בנוסף, יש עבירה משנית של סם. הנסיבות בתיק 2 מראות התנהגות סיכון מתמשכת, בניגוד לתיק 1 שעשוי להיחשב אחזקת נשק במצב סטטי ולא מתוכנן.  
5. **ישימות כתקדים** — בשל הבדלים משמעותיים בסוג העבירה (כולל סם), רמת התכנון, מעורבות הנאשם והנסיבות, תיק 2 מראה התנהגות פלילית מורכבת ופעילה יותר. בית משפט יתקשה להשתמש באחד כתקדים רלוונטי לאחר, שכן המקרים שונים בהקשר המשפטי החשוב – רמת האשמה, חומרת ההתנהגות והסיכון שנוצר.  

SIMILARITY_SCORE: 30","ok",""
"ME-22-03-52964-443","SH-17-08-47445-166",1,0,0,"{""אכזריות_או_ניצול"": ""לא צוין"", ""האם_החזקה_ברשיון"": ""לא"", ""האם_הייתה_הפרעה_לשוטר"": ""כן, ניסיון להימלט ולהסתיר ראיות"", ""האם_הייתה_תכנית_מוקדמת"": ""לא צוין תכנון מוקדם"", ""האם_הנשק_היה_תקין"": ""לא צוין, אך היה טעון ועם תחמושת"", ""האם_הנשק_טעון"": ""כן"", ""התגרות_של_נפגע"": ""לא רלוונטי"", ""חלקו_היחסי_של_הנאשם"": ""מבצע יחיד"", ""יכולת_הבנה_של_הנאשם"": ""לא צוין קושי בהבנה"", ""יכולת_שליטה_במעשה"": ""לא צוין קושי בשליטה"", ""מועד_ביצוע"": ""09.03.2022 12:10"", ""מספר_כדורים"": 32, ""מספר_מחסניות"": 2, ""מצוקה_נפשית_עקב_התעללות"": ""לא צוין"", ""מקום_ביצוע"": ""חצר הכניסה למפעל מזון בדיר אל אסד"", ""נזק_שהיה_צפוי"": ""פוטנציאל לסיכון חיי אדם עקב החזקת נשק טעון"", ""נזק_שנגרם"": ""לא צוין נזק פיזי"", ""ניסיון_הסתרה_או_השלכה"": ""כן, ניסיון להשליך את הנשק והתחמושת לארגז עופות"", ""ניצול_כוח_או_מעמד"": ""לא צוין"", ""נסיבות_החזקה"": ""הנשק והמחסניות הוסתרו על גופו של הנאשם"", ""סוג_הנשק"": ""אקדח חצי אוטומטי D.D.G מודל 19 קליבר 9 מ\""מ פרבלום"", ""סוג_העבירה"": ""עבירות נשק והפרעה לשוטר במילוי תפקידו"", ""סיבות_לביצוע"": ""לא פורטו"", ""סעיפי_חוק"": [""144(א) רישא וסיפא"", ""144(ב) רישא וסיפא"", ""144(ג)"", ""275""], ""קרבה_לסייג_לאחריות_פלילית"": ""לא צוין"", ""תגובה_לנוכחות_משטרה"": ""בריחה לתוך המפעל""}","{""האם_החזקה_בלא_רשיון"": ""כן"", ""האם_היו_מעורבים_נוספים"": ""לא"", ""האם_היתה_אכזריות_או_ניצול_במעשה"": ""לא"", ""האם_היתה_השפעה_של_אחרים"": ""לא"", ""האם_היתה_התגרות_של_נפגע"": ""לא"", ""האם_היתה_התעללות_בנאשם"": ""לא"", ""האם_היתה_כוונה_לעשות_שימוש"": ""לא צוין"", ""האם_היתה_ניצול_כח_או_מעמד"": ""לא"", ""האם_היתה_פגיעה_בפועל"": ""לא"", ""האם_היתה_פגיעה_צפויה"": ""כן"", ""האם_היתה_תכנית_מוקדמת"": ""לא צוין"", ""האם_הנאשם_הבין_את_מעשיו"": ""לא צוין"", ""האם_הנאשם_היה_בשליטה_על_מעשיו"": ""לא צוין"", ""האם_הנאשם_קרוב_לסייג_לאחריות_פלילית"": ""לא"", ""האם_הנשק_היה_בשימוש"": ""לא צוין"", ""האם_הנשק_היה_מוסתר"": ""כן"", ""האם_הנשק_היה_תקין"": ""לא צוין"", ""חלקו_של_הנאשם"": ""בלעדי"", ""מספר_נשקים"": ""2"", ""מקום_ביצוע"": ""ביתו של הנאשם בפזורה סביב הישוב כסיפה"", ""סוג_הנשק"": ""אקדח חצי אוטומטי מסוג FN וחפץ דמוי תת מקלע מאולתר"", ""סוג_העבירה"": ""אחזקת נשק שלא כדין"", ""סעיף_חוק"": ""144(א) רישא לחוק העונשין"", ""תאריך_ביצוע"": ""09.08.2018""}",45.0,"1. **סוג העבירה וחומרתה**  
התיק הראשון כולל עבירות נשק והפרעה לשוטר במילוי תפקידו, כולל ניסיון להימלט ולהסתיר ראיות. התיק השני עוסק אך ורק באחזקת נשק שלא כדין, ללא הפרעה או התנהגות אלימה. החומרה בתיק הראשון גבוהה יותר עקב ההפרעה לשוטר והניסיון להסתיר ראיות, מה שמצביע על עבירה מורכבת יותר.

2. **תפקיד הנאשם ומעורבותו**  
בשני התיקים הנאשם הוא מבצע יחיד, ללא מעורבים נוספים. מעורבותו היא ישירה ואישית, אך בתיק הראשון יש רכיב של תגובה דרמטית לנוכחות משטרתית (בריחה והסתרה), מה שמעיד על מעורבות פעילה ומודעת יותר בהשלכת ראיות.

3. **שיטת הביצוע (MO)**  
בתיק הראשון יש הסתרת נשק על הגוף, ניסיון להשליך את הנשק לארגז עופות בעת ראיית המשטרה – מעשה של הסתרה פעילה. בתיק השני, האחזקה בבית, אף על פי שהנשק מוסתר, אין ראיות לניסיון הסתרה דינמי או תגובה לשיטור. MO בתיק הראשון כולל רכיב של תגובה מיידית ומעורבות פעילה, unlike התיק השני שהוא סטטי יותר.

4. **נסיבות הליבה**  
בתיק הראשון: נשק טעון, עם שתי מחסניות ו-32 כדורים, במקום ציבורי (מפעל), ניסיון הסתרה, הפרעה לשוטר. בתיק השני: שני סוגי נשק (כולל חפץ דמוי תת-מקלע מאולתר), אך בבית הפרטי, ללא נסיבות של התנגדות או נשק טעון. הפוטנציאל לסיכון בתיק הראשון גבוה יותר עקב המקום, הנסיבות, וההתנהגות.

5. **ישימות כתקדים**  
למרות ששניהם עוסקים בחזקת נשק ללא רשיון לפי סעיף 144(א), תיק 1 כולל נסיבות מחמירות נוספות (הפרעה לשוטר, ניסיון הסתרת ראיות, נשק טעון בציבור) שעשויות להצדיק ענישה קפדנית יותר. בית משפט יתקשה להשתמש בתיק 2 כתקדים רלוונטי לתיק 1, בשל הבדלים מהותיים בהקשר ובהתנהגות, גם אם הבסיס החוקי חלקי חופף.

SIMILARITY_SCORE: 45","ok",""
"ME-15-12-39071-113","SH-11-12-35552-181",3,1,1,"{""אכזריות_או_ניצול_נפגע_העבירה"": ""לא רלוונטי"", ""האם_היה_רישיון_להחזקת_נשק"": ""לא"", ""האם_היה_תכנון_מוקדם"": ""לא צוין"", ""האם_הנאשם_היה_נהג"": ""לא, ישב במושב הסמוך לנהג"", ""האם_הנשק_היה_טעון"": ""לא צוין"", ""האם_הנשק_היה_תקין"": ""לא צוין"", ""האם_העבירה_בוצעה_בצוותא"": ""לא צוין"", ""התגרות_מצד_נפגע_העבירה"": ""לא רלוונטי"", ""זמן_העבירה"": ""12.10.13, בשעה 22:30 או בסמוך לכך"", ""יכולת_הבנה_של_הנאשם"": ""לא צוין"", ""יכולת_שליטה_במעשה"": ""לא צוין"", ""מיקום_הנשק"": ""מתחת לשטיח שמתחת למושב ברכב"", ""מיקום_העבירה"": ""כביש מספר 1, בסמוך למחלף הראל"", ""מספר_רישוי_הרכב"": ""71-098-16"", ""מצוקה_נפשית_של_הנאשם"": ""לא צוין"", ""נזק_שהיה_צפוי"": ""לא צוין"", ""נזק_שנגרם"": ""לא צוין"", ""ניצול_כוח_או_מעמד"": ""לא צוין"", ""סוג_המקום"": ""רכב פרטי"", ""סוג_העבירה"": ""אחזקת נשק ללא רישיון"", ""סוג_הרכב"": ""מזדה 3"", ""סוג_נשק"": ""אקדח חצי אוטומטי מסוג סטאר"", ""סיבות_לביצוע_העבירה"": ""לא צוין"", ""סעיף_חוק"": ""144(א) רישא לחוק העונשין"", ""קרבה_לסייג_לאחריות_פלילית"": ""לא צוין""}","{""אופן_הסתרה"": ""עטוף בגרב"", ""אכזריות_או_ניצול"": ""לא"", ""האם_החזקה_ברישיון"": ""לא"", ""האם_הנשק_הוסתר"": ""כן"", ""האם_העבירה_בוצעה_ביחידות"": ""כן"", ""האם_קיים_תכנון_מוקדם"": ""לא צוין"", ""חלקו_היחסי_של_הנאשם"": ""בלעדי"", ""יכולת_הבנה_של_הנאשם"": ""לא צוין"", ""יכולת_שליטה_במעשה"": ""לא צוין"", ""מצוקה_נפשית_עקב_התעללות"": ""לא"", ""מקום_החזקה"": ""בית הנאשם, ארון בגדים בחדר שינה"", ""נזק_שנגרם"": ""לא צוין"", ""נזק_שצפוי_להיגרם"": ""פוטנציאל לנזק חמור"", ""ניצול_כוח_או_מעמד"": ""לא"", ""סוג_העבירה"": ""החזקה בלתי חוקית של נשק"", ""סוג_נשק"": ""אקדח"", ""סיבות_לביצוע"": ""לא צוין"", ""סעיף_חוק"": ""144(א) רישא לחוק העונשין"", ""עיר_ביצוע"": ""לוד"", ""קרבה_לסייג_לאחריות_פלילית"": ""לא"", ""תאריך_ביצוע"": ""14/12/2011""}",75.0,"1. **סוג העבירה וחומרתה** — שני התיקים עוסקים בעבירה זהה: אחזקת נשק ללא רישיון לפי סעיף 144(א) רישא, ללא רמז לחומרה מוגברת (כגון שימוש בנשק או איום). החומרה דומה – עבירה פלילית מה범ת הסיכון, אך ללא נזק ממשי.  
2. **תפקיד הנאשם ומעורבותו** — בשתיהן מדובר באחזקת נשק באופן בלעדי ובתנאי שליטה, ללא צוותא או שותפים. מעורבותם של הנאשמים היא ישירה ופונקציונלית – החזקה לא חוקית.  
3. **שיטת הביצוע (MO)** — יש הבדל משמעותי: בתיק 1 הנשק נמצא ברכב, מוסתר מתחת לשטיח, ובתיק 2 הוא עטוף בגרב בארון בבגדים בבית. שיטת ההסתרה שונה (רכב ציבורי/דינמי מול בית פרטי/סטטי), אך שתיהן מעידות על מודעות לאיסור והסתרה מכוונת.  
4. **נסיבות הליבה** — אין מידע על תכנון מוקדם, נזק, או נשק טעון/תקין. שניהם מראים פוטנציאל לסיכון, אך לא ניצול. הכמויות (נשק יחיד) זהות. ההבדל המרכזי הוא במקום: רכב ציבורי לעומת מקום מגורים פרטי – מה שיכול להשפיע על הערכת הסיכון, אך לא משנה מהותית את אופי העבירה.  
5. **ישימות כתקדים** — שני התיקים עוסקים באותה עבירה, באותו סעיף, ללא נסיבות מחמירות או מקלות חריגות. בית משפט עשוי להתייחס אליהם כרלוונטיים לצורכי ענישה סטנדרטית לאחזקת נשק ללא רישיון, למרות הבדלים קלים בסביבת ההסתרה.

SIMILARITY_SCORE: 75","ok",""
"ME-16-11-69158-529","ME-16-10-12213-904",1,0,0,"{""אופן_הובלה"": ""בתיק בד, ברכב פרטי"", ""אופן_החזקה"": ""הוסתר באדמה, לאחר מכן הוסתר ברכב"", ""אכזריות_או_ניצול"": ""לא צוין"", ""האם_בוצעה_העבירה_בזיקה_לארגון_פשיעה"": ""לא צוין"", ""האם_בוצעה_העבירה_במהלך_סכסוך"": ""לא צוין"", ""האם_בוצעה_העבירה_למטרת_רווח"": ""לא צוין"", ""התגרות_נפגע"": ""לא צוין"", ""יכולת_הבנה_של_הנאשם"": ""לא צוין קושי"", ""יכולת_שליטה_במעשה"": ""לא צוין קושי"", ""מניע_העבירה"": ""לא צוין"", ""מספר_מחסניות"": 1, ""מספר_נשקים"": 1, ""מספר_סוגי_תחמושת"": 1, ""מצוקה_נפשית_של_הנאשם"": ""לא צוין"", ""מקום_הירי"": ""חצר בית מגורים בטייבה"", ""נזק_צפוי"": ""סיכון חיי אדם באזור מגורים"", ""נזק_שנגרם"": ""לא צוין נזק קונקרטי"", ""ניצול_כוח_או_מעמד"": ""לא צוין"", ""סוג_הירי"": ""ירי צרור כדורים כלפי מעלה"", ""סוג_הנשק"": ""תת-מקלע קרלו (קרל גוסטב)"", ""סוג_העבירה"": ""נשיאת נשק ותחמושת, ירי באזור מגורים"", ""סוג_התחמושת"": ""9 מ\""מ"", ""סעיפי_חוק"": [""144(ב) רישא וסיפא לחוק העונשין"", ""340א לחוק העונשין""], ""עיתוי_הירי"": ""אירוע משפחתי, בשעה 21:00 לערך"", ""קרבה_לסייג_לאחריות_פלילית"": ""לא צוין"", ""תכנון_מוקדם"": ""הנשק והתחמושת הוסתרו מראש והובאו לאירוע""}","{""בעלות_הרכב"": ""רשום על שם אחיו של הנאשם"", ""האם_היה_צפי_לנזק"": ""כן, פוטנציאל נזק גבוה מנשק חם"", ""האם_הייתה_אכזריות_או_ניצול"": ""לא"", ""האם_הייתה_הובלה_או_הסתרה"": ""כן, הובלה והסתרה ברכב"", ""האם_הייתה_הודאה"": ""כן"", ""האם_הייתה_החזקה_ממושכת"": ""לא צוין"", ""האם_הייתה_השפעה_של_אחרים"": ""לא"", ""האם_הייתה_התגרות_של_נפגע"": ""לא"", ""האם_הייתה_התנגדות_למשטרה"": ""לא"", ""האם_הייתה_התעללות_בנאשם"": ""לא"", ""האם_הייתה_כוונה_לשימוש_בנשק"": ""לא צוין"", ""האם_הייתה_ניצול_מעמד"": ""לא"", ""האם_הייתה_שליטה_על_המעשה"": ""כן"", ""האם_הייתה_תחמושת_נוספת"": ""כן, כדור 9 מ\""מ במכנסי הנאשם"", ""האם_הייתה_תכנית_מוקדמת"": ""לא צוין"", ""האם_הנאשם_הבין_את_מעשיו"": ""כן"", ""האם_הנאשם_הוביל_את_הנשק"": ""כן"", ""האם_הנאשם_החזיק_ברכב"": ""כן"", ""האם_הנאשם_פעל_לבד"": ""כן"", ""האם_הנאשם_קטין"": ""לא"", ""האם_הנשק_הוסתר"": ""כן"", ""האם_הנשק_היה_ברכב_בעת_המעצר"": ""כן"", ""האם_הנשק_היה_טעון"": ""לא, המחסנית הייתה ריקה"", ""האם_הנשק_מאולתר"": ""כן"", ""האם_הנשק_תקין"": ""לא צוין"", ""האם_העבירה_בוצעה_ביותר_מנשק_אחד"": ""לא"", ""האם_העבירה_בוצעה_במסגרת_ארגון_פשע"": ""לא"", ""האם_העבירה_בוצעה_במקום_ציבורי"": ""לא, ברכב פרטי ליד הבית"", ""האם_העבירה_בוצעה_למטרת_סחר"": ""לא"", ""האם_התחמושת_תקינה"": ""כדור תואם לנשק"", ""האם_נגרם_נזק"": ""לא"", ""מועד_העבירה"": ""ספטמבר 2016 ו-1 באוקטובר 2016"", ""מסלול_הובלה"": ""מאזור מי-עמי לבית אמו באום-אל-פחם"", ""מקום_הסתרה"": ""מתחת לכיסא הנוסע שליד הנהג ברכב"", ""סוג_הנשק"": ""כלי נשק מאולתר מסוג קרל גוסטב"", ""סוג_העבירה"": ""נשיאת נשק ותחמושת ללא רישיון"", ""סוג_הרכב"": ""סובארו"", ""סוג_התחמושת"": ""מחסנית ריקה וכדור 9 מ\""מ"", ""סעיפי_חוק"": [""144(ב) רישה וסיפה לחוק העונשין""]}",55.0,"1. **סוג העבירה וחומרתה** — שני התיקים עוסקים בנשיאות נשק ותחמושת ללא רישיון, עם דגש על נשק מסוג קרל גוסטב ותחמושת 9 מ""מ. עם זאת, בתיק 1 יש ירי באזור מגורים, מה שמגדיל משמעותית את החומרה (סיכון חיי אדם, הפרעה לסדר ציבורי), בעוד בתיק 2 לא הייתה ירייה, והנשק היה טעון חלקית (רק כדור אחד). זהו הבדל מהותי בחומרת העבירה.  
2. **תפקיד הנאשם ומעורבותו** — בשני המקרים מדובר באנשים שמעבירים ומחזיקים נשק באופן אישי, ללא רמז לארגון פשיעה או לשיתוף פעולה עם אחרים. מעורבותם פעילה אך לא בהיקף של יזמות או סחר. הדמיון כאן גבוה.  
3. **שיטת הביצוע (MO)** — בשני המקרים הנשק הוסתר ברכב פרטי, הובל מרחק קצר, ונשמר בצורה מכוונת (תחת כיסא, או בהסתרה באדמה ובהמשך ברכב). גם השימוש בכלי נשק מאולתר (או קרל גוסטב, גם אם לא מאולתר בתיק 1) מעיד על דפוס דומה של גישה לנשק. יש דמיון מובהק בדפוס ההסתרה וההובלה.  
4. **נסיבות הליבה** — בתיק 1 הירי בוצע בשעה מאוחרת באירוע משפחתי, בסיכון גבוה לאוכלוסייה, מה שמייחד אותו. בתיק 2 לא הייתה ירייה, לא היה סיכון ישיר, וההolding היה סטטי יותר. בנוסף, בתיק 2 יש הודאה, ובתיק 1 לא צוין — אך זה לא ממד מהותי לדמיון ענייני. הבדל מרכזי: ירייה מול שימור נשק בלבד.  
5. **ישימות כתקדים** — למרות הדמיון בטבע הנשק וההסתרה, בית משפט יתקשה להשתמש באחד כתקדים ישיר לשני בשל הבדל חמור: ירייה באזור מגורים מול נשיאות נשק ללא שימוש. עונש בתיק 1 צפוי להיות קפדני בהרבה. לכן, הרלוונטיות כתקדים מוגבלת.

SIMILARITY_SCORE: 55","ok",""
"ME-16-03-59260-279","ME-16-08-54879-35",2,0,1,"{""אופן_ההחזקה"": ""הנשק הוחזק כשהוא עטוף בשקית שחורה במחסן החנות"", ""אכזריות_או_ניצול"": ""לא צוין"", ""האם_החזקה_במקום_עבודה"": ""כן, מחסן חנות הדגים בה עבד הנאשם"", ""האם_החזקה_ברכב"": ""כן, לאחר הנטילה מהמחסן"", ""האם_הנשק_תקין"": ""לא צוין, אך היה מצויד בתחמושת תואמת"", ""התגרות_נפגע"": ""לא צוין"", ""חלקו_של_הנאשם"": ""החזקה ונשיאה עצמאית של הנשק והתחמושת"", ""יכולת_הבנה"": ""לא צוין קושי בהבנה או בגיל"", ""יכולת_הימנעות"": ""הנאשם פעל ביוזמה עצמאית, לא צוין קושי בשליטה"", ""מספר_נשקים"": ""נשק אחד"", ""מצוקה_נפשית"": ""לא צוין"", ""מקום_החזקה"": ""מחסן חנות דגים ברחוב נווה שאנן 37 תל אביב"", ""נזק_צפוי"": ""שימוש פוטנציאלי בנשק חם בסביבה אזרחית"", ""נזק_שנגרם"": ""לא צוין נזק ישיר מהנשק עצמו, אך היה אירוע ירי לעבר אחר"", ""ניצול_כוח_או_מעמד"": ""לא צוין"", ""נסיבות_הנשיאה"": ""הנאשם נשא את הנשק לאחר אירוע ירי לעבר אחר, ונסע לחפש את האחר"", ""נשיאת_הנשק"": ""הנאשם נטל את הנשק מהמחסן לאחר אירוע ירי ונשא אותו ברכב"", ""סוג_הנשק"": ""אקדח 9 מ\""מ מסוג גלוק בצבע שחור, מ.ר. F.V.458"", ""סוג_העבירה"": ""נשיאת נשק והחזקת נשק בלא רשות"", ""סיבות_לביצוע"": ""לא פורטו"", ""סעיפי_חוק"": [""144(ב) רישא+סיפא"", ""144(א) רישא+סיפא לחוק העונשין""], ""קרבה_לסייג_אחריות"": ""לא צוין"", ""תחמושת"": ""מחסנית מתאימה לאקדח שבתוכה 14 כדורי קליבר 9 מ\""מ"", ""תכנון_מוקדם"": ""החזקה ממושכת של נשק ותחמושת, נטילה יזומה של הנשק לאחר אירוע ירי"", ""תקופת_החזקה"": ""החל ממועד שאינו ידוע ועד 23.3.16""}","{""אכזריות_או_ניצול_נפגע"": ""לא רלוונטי"", ""האם_החזקה_במקום_מגורים"": ""כן"", ""האם_החזקה_ברישיון"": ""לא"", ""האם_החזקה_ברשות_הנאשם"": ""כן"", ""האם_החזקה_בתיק"": ""כן"", ""האם_הנשק_בכוחו_להמית"": ""כן"", ""האם_הנשק_סוגל_לירות"": ""כן"", ""האם_העבירה_בוצעה_לבד"": ""כן"", ""התגרות_נפגע"": ""לא רלוונטי"", ""יכולת_הבנה_של_הנאשם"": ""לא צוין"", ""יכולת_שליטה_במעשה"": ""לא צוין"", ""מועד_ביצוע"": ""17.8.16, סמוך לשעה 11:00"", ""מצוקה_נפשית_של_הנאשם"": ""לא צוין"", ""מקום_ביצוע"": ""רחוב ברזילי 12, חיפה"", ""נזק_צפוי"": ""פוטנציאל קטלני מהנשק"", ""נזק_שנגרם"": ""לא צוין"", ""ניצול_כוח_או_מעמד"": ""לא רלוונטי"", ""סוג_הנשק"": ""תת מקלע מאולתר בקוטר 9 מ\""מ"", ""סוג_העבירה"": ""נשיאת והובלת נשק ללא רישיון"", ""סיבות_לביצוע"": ""לא צוין"", ""סעיף_חוק"": ""144(ב) רישא וסיפא לחוק העונשין"", ""קרבה_לסייג_לאחריות_פלילית"": ""לא צוין"", ""תחמושת"": ""מחסנית עם 7 כדורים"", ""תכנון_מוקדם"": ""לא צוין""}",55.0,"1. **סוג העבירה וחומרתה** — שני התיקים עוסקים בהחזקת ונשיאת נשק ללא רישיון, בהתאם לסעיף 144(ב) רישא וסיפא, מה שמעיד על דמיון משפטי גבוה בסוג העבירה. שניהם כוללים נשק ירי מסוגל, עם תחמושת, מה שמצביע על חומרה דומה.  
2. **תפקיד הנאשם ומעורבותו** — בכל אחד מהתיקים הנאשם פועל באופן עצמאי, מחזיק ונושא את הנשק בכוחו, ללא רמז למעורבות של אחרים או תפקיד משני. המעורבות היא ישירה ופעילה, מה שמצביע על אחריות אישית זהה.  
3. **שיטת הביצוע (MO)** — בתיק 1 יש תכנון מוקדם (החזקת נשק לאורך זמן, נטילה לאחר אירוע ירי), בעוד בתיק 2 אין מידע על תכנון. בנוסף, בתיק 1 יש העברה ברכב לאחר נטילה מהעבודה, ובתיק 2 ההובלה היא ממקום מגורים – אך אין פרטיזציה דומה לגבי רכב או מסלול. הדמיון מוגבל.  
4. **נסיבות הליבה** — בתיק 1 יש הקשר ברור לאירוע ירי אמיתי, מוטיבציה לנקמה, והחזקת הנשק במקום עבודה – מה שמעיד על נזק צפוי גבוה ונסיבות מחמירות. בתיק 2 אין הקשר לאירוע, מוטיבציה או הקשר לאלימות נוכחית – רק החזקה והובלה. חוסר דמיון משמעותי בנסיבות רלוונטיות לענישה.  
5. **ישימות כתקדים** — למרות דמיון בסעיף החוק ובסוג העבירה, בית משפט יבחין בצורה ברורה בין מקרה של תגובה לאירוע ירי עם כוונה אפשרית לנקמה (תיק 1) לבין מקרה של החזקה והובלה כללית ללא הקשר קונ텍סטואלי (תיק 2). ההבדלים בנסיבות הליבה מקטינים משמעותית את הראיה כי תיק 2 יכול לשמש כתקדים ענייני לתיק 1.

SIMILARITY_SCORE: 55","ok",""
"SH-18-07-52337-770","SH-16-11-7544-55",3,1,1,"{""אכזריות_או_ניצול_הנפגע"": ""לא צוין"", ""האם_החזיק_בעבור_אחר"": ""כן"", ""זהות_האחר"": ""לא ידועה"", ""חלקו_היחסי_של_הנאשם"": ""החזיק את הנשק עבור אחר"", ""יכולת_הבנה_של_הנאשם"": ""לא צוין קושי בהבנה"", ""יכולת_שליטה_במעשה"": ""לא צוין קושי בשליטה"", ""מצוקה_נפשית_עקב_התעללות"": ""לא צוין"", ""מקום_החזקה"": ""בית הנאשם בעיר רהט, בחדרו, מוסלק מתחת למיטה"", ""משך_החזקה"": ""כעשרה ימים"", ""נזק_צפוי"": ""נשק חם מסוג תת מקלע מאולתר עלול לגרום נזק חמור"", ""נזק_שנגרם"": ""לא צוין נזק בפועל"", ""ניצול_כוח_או_מעמד"": ""לא צוין"", ""סוג_העבירה"": ""החזקת נשק חם שלא כדין"", ""סוג_נשק"": ""תת מקלע מאולתר"", ""סיבות_לביצוע"": ""החזקה עבור אחר"", ""סעיף_חוק"": ""144(א) רישא לחוק העונשין"", ""קרבה_לסייג_לאחריות_פלילית"": ""לא צוין"", ""תכנון_מוקדם"": ""לא צוין תכנון מוקדם""}","{""האם_החזקה_במקום_ציבורי"": ""כן"", ""האם_החזקה_ברכב"": ""לא"", ""האם_החזקה_ללא_רישיון"": ""כן"", ""האם_היה_ניצול_כוח_או_מעמד"": ""לא"", ""האם_היו_שותפים"": ""לא"", ""האם_היתה_אכזריות_או_ניצול"": ""לא"", ""האם_היתה_השפעה_של_אחר"": ""לא"", ""האם_היתה_התגרות_של_נפגע"": ""לא"", ""האם_היתה_התעללות_בנאשם"": ""לא"", ""האם_היתה_כוונה_לשימוש"": ""לא ידוע"", ""האם_היתה_פגיעה_בפועל"": ""לא"", ""האם_היתה_פגיעה_צפויה"": ""כן"", ""האם_היתה_תכנית_מוקדמת"": ""לא ידוע"", ""האם_הנאשם_הבין_את_מעשיו"": ""כן"", ""האם_הנאשם_היה_בשליטה_על_מעשיו"": ""כן"", ""האם_הנשק_מאולתר"": ""כן"", ""האם_הנשק_תקין"": ""לא ידוע"", ""האם_קרבה_לסייג_לאחריות_פלילית"": ""לא"", ""חלקו_של_הנאשם"": ""בלעדי"", ""כמות_תחמושת"": 10, ""מקום_ביצוע"": ""מחלף להב-שומריה, כביש 6, לכיוון צפון"", ""סוג_הנשק"": ""רובה תת מקלע מאולתר"", ""סוג_העבירה"": ""החזקת נשק שלא כדין"", ""סוג_תחמושת"": ""מחסנית עם 10 קליעים בקוטר 9 מ\""מ"", ""סעיף_חוק"": ""144(א) רישא וסיפא לחוק העונשין"", ""תאריך_ביצוע"": ""26.10.16""}",55.0,"1. **סוג העבירה וחומרתה** — שני התיקים עוסקים בהחזקת נשק חם שלא כדין, סעיף 144(א) רישא (או רישא וסיפא), ובשני המקרים מדובר בנשק מאולתר מסוג תת מקלע — עבירה חמורה. עם זאת, בתיק 2 מוזכרת גם החזקה במרחב ציבורי (מחלף כביש), מה שמגביר את החומרה. הדמיון גבוה אך לא מלא.  
2. **תפקיד הנאשם ומעורבותו** — בתיק 1 הנאשם מעורב כמחזיק עבור אחר, כלומר בתפקיד משני, ואילו בתיק 2 מדובר בהחזקת נשק באופן בלעדי, ללא רמיזה להחזקת עבורה של אחר — מעורבות ישירה ועצמאית. ההבדל בתפקיד משמעותי מהבחינה המשפטית.  
3. **שיטת הביצוע (MO)** — בתיק 1 הנשק מוסתר בבית, תחת המיטה, למשך כ-10 ימים; בתיק 2 החזקה מתרחשת ברכב (למרות שסומן ""לא"" להחזקת רכב — אך המקום הוא מחלף כביש,暗示 להימצאות ניידת). שני המקרים כוללים נשק מאולתר, אך ההקשר שונה: בית כמקום סגור לעומת מקום ציבורי כשטח פתוח עם סיכון גבוה.  
4. **נסיבות הליבה** — בתיק 1 יש החזקה ממושכת יחסית (10 ימים) בבית, אך ללא נזק בפועל או כוונה לשימוש ידועה; בתיק 2 יש החזקה במקום ציבורי עם תחמושת, מה שמעיד על נזק צפוי משמעותי. גם כאן, חומרת הנסיבות בתיק 2 גבוהה יותר.  
5. **ישימות כתקדים** — למרות השוני בתפקיד (מחזיק עבור אחר מול בעל עבירה עצמאית), שני התיקים עוסקים בהחזקת נשק מאולתר חמור, ללא רישיון, עם נזק צפוי. בית משפט עשוי להתייחס אליהם כרלוונטיים מבחינת חומרת הנשק והסיכון, אך יבחין בבירור בתפקיד הנמוך יותר של הנאשם בתיק 1.  

SIMILARITY_SCORE: 55","ok",""
"ME-16-06-42987-901","ME-12-03-13401-281",1,0,0,"{""אכזריות_או_אלימות"": ""השלכת רימון הלם, ניסיון ירי, השלכת רימון גז"", ""האם_בוצע_ביחד_עם_אחרים"": ""כן"", ""האם_הושג_נזק_פיזי"": ""לא צוין"", ""האם_הושג_נזק_רכושי"": ""לא צוין"", ""האם_היה_ניסיון_לפגיעה_פיזית"": ""כן"", ""האם_היה_סכסוך_רקע"": ""כן"", ""האם_היו_קונים_שהם_שוטרים"": ""כן, שניים"", ""האם_הנאשם_הורשע_בעבירות_נוספות"": ""כן, סחר בסמים, החזקת סם, גניבה"", ""האם_הנאשם_החזיק_נשק_ללא_רישיון"": ""כן"", ""האם_הנאשם_היה_בהשפעת_אחרים"": ""כן, פעל יחד עם אחרים"", ""האם_הנאשם_היה_במצוקה_נפשית"": ""לא צוין"", ""האם_הנאשם_היה_קרוב_לסייג_פלילי"": ""לא צוין"", ""האם_הנאשם_השליך_רימון"": ""כן, רימון הלם ורימון גז"", ""האם_הנאשם_ניסה_לירות"": ""כן, אך הנשק לא פעל"", ""חלקו_היחסי_של_הנאשם"": ""פעיל מרכזי, ביצע את ההשלכה והניסיון לירי"", ""טווח_תמורה_לסחר"": ""100-400 ש\""ח"", ""יכולת_הבנה_של_הנאשם"": ""לא צוין קושי בהבנה"", ""יכולת_שליטה_במעשה"": ""לא צוין קושי בשליטה"", ""כמות_סמים_בכל_עסקה"": ""גרמים בודדים"", ""מניע_עבירה_ראשונה"": ""הטלת אימה על יושבי הבית"", ""מניע_עבירה_שנייה"": ""סכסוך עם אחרים"", ""מספר_אירועי_סחר_בסמים"": 5, ""מספר_אישומים"": 2, ""מספר_מעורבים_נוספים"": ""לפחות אחד (אמיר סלמה) ואחרים"", ""מספר_רימונים"": 3, ""מקום_ביצוע_עבירה_ראשונה"": ""בית משפחה בשכונת גילה, ירושלים"", ""מקום_ביצוע_עבירה_שנייה"": ""מקום בו שהו מסוכסכים עם הנאשם ואחרים"", ""נזק_צפוי"": ""פגיעה פיזית או נפשית ביושבי הבית ובמסוכסכים"", ""נזק_שנגרם"": ""הרימון התפוצץ בחצר, לא צוין נזק פיזי; ניסיון ירי שלא צלח"", ""ניצול_כוח_או_מעמד"": ""לא צוין"", ""סוג_הסם"": ""חשיש"", ""סוגי_נשק"": [""רימון הלם"", ""כלי נשק מאולתר"", ""רימון גז""], ""סעיפי_חוק_בתיק_הנשק"": [""144(ב)"", ""192"", ""329(א)(2)"", ""382(א)+25""], ""עבירות_בתיק_הנשק"": [""נשיאת נשק"", ""איומים"", ""ניסיון לחבלה מחמירה"", ""ניסיון תקיפה בנסיבות מחמירות""], ""עבירת_גניבה"": ""אופניים חשמליים"", ""שווי_הגניבה"": 3000, ""שנת_לידה_נאשם"": 1997, ""תאריך_הגניבה"": ""17.5.16"", ""תחמושת"": [""כדור בקליבר 9 מ\""מ""], ""תכנון_מוקדם"": ""כן, הנאשם הצטייד מראש בנשק ורימונים"", ""תקופת_ביצוע_עבירות_סמים"": ""מאי-יוני 2016""}","{""אכזריות_או_ניצול"": ""לא צוין ניצול, אכזריות או התעללות כלפי נפגע העבירה."", ""האם_בוצע_ירי"": ""כן, בוצע ירי של 11 כדורים באזור מגורים."", ""האם_היו_אנשים_נוספים_במקום"": ""לאחר הירי, הנאשם נכנס לרכב בו שהו אנשים נוספים, אך לא צוין מעורבותם בביצוע העבירה."", ""האם_הנאשם_נעצר_בזמן_ביצוע"": ""הנאשם נעצר ברכב, זמן קצר לאחר הירי, כשברשותו האקדח, מחסניות וכדורים."", ""האם_הנשק_היה_ברשות_חוקית"": ""הנשק הוחזק ללא רישיון כדין."", ""האם_הנשק_היה_גנוב"": ""כן, האקדח נגנב בהתפרצות לבית ביישוב ציפורי ב-3.2.12."", ""זמן_העבירה"": ""ליל 25-26.2.12, סמוך לשעה 00:38."", ""חלקו_היחסי_של_הנאשם"": ""הנאשם פעל לבדו בביצוע העבירות המתוארות."", ""יכולת_הבנה"": ""לא צוין קושי בהבנה או במודעות של הנאשם למעשיו."", ""יכולת_הימנעות_ושליטה"": ""לא צוין קושי בשליטה או הימנעות; לא דווח על התגרות מצד נפגע העבירה."", ""כמות_כדורים"": ""11 כדורי אקדח נורו באזור מגורים."", ""מצוקה_נפשית_עקב_התעללות"": ""לא צוינה מצוקה נפשית או התעללות מצד נפגע העבירה."", ""מקום_העבירה"": ""רחוב שיבת ציון, חיפה, אזור מגורים."", ""נזק_צפוי"": ""ירי באקדח באזור מגורים יוצר סיכון חמור לפגיעה בנפש וברכוש."", ""נזק_שנגרם"": ""לא דווח על פגיעה פיזית או נזק קונקרטי לנפגעים כתוצאה מהירי."", ""ניצול_כוח_או_מעמד"": ""לא צוין ניצול לרעה של כוח, מעמד או יחסים."", ""סוג_הנשק"": ""אקדח גנוב מסוג CZ קליבר 9 מ\""מ."", ""סטטוס_הנשק"": ""נשק גנוב, טעון עם כדור בקנה ופטיש משוך לאחור."", ""סיבות_לביצוע"": ""לא נמסר הסבר סביר או מניע לביצוע הירי."", ""קרבה_לסייג_לאחריות_פלילית"": ""לא צוינה קרבה לסייג לאחריות פלילית."", ""תחמושת_שהוחזקה"": ""שתי מחסניות שבתוכן כדורי אקדח ו-11 כדורי אקדח 9 מ\""מ נוספים."", ""תכנון_מוקדם"": ""הנאשם החזיק ונשא אקדח גנוב, מחסניות וכדורים, וירה באזור מגורים ללא הסבר סביר, דבר המצביע על תכנון מסוים אך לא מפורטת רמת התכנון המוקדם.""}",40.0,"1. **סוג העבירה וחומרתה**:  
התיקים עוסקים בהחזקת נשק ללא רישיון ובקיום מעשי אלימות נשק, אך בהקשרים שונים. תיק 1 כולל ניסיון ירי, השלכת רימונים והטלת אימה, לצד עבירות סחר בסמים וגניבה – כלומר תבנית של עבריינות מרובה וمركיבת. תיק 2 מתמקד בירי של 11 כדורים באקדח גנוב באזור מגורים, ללא הסבר מוטיבציוני, אך ללא נזק פיזי ישיר. החומרה דומה ברמת הסיכון שנוצר, אך תיק 1 כולל ריבוי עבירות ומעורבות רחבה יותר, מה שמגביל את הדמיון.

2. **תפקיד הנאשם ומעורבותו**:  
בשני התיקים הנאשם הוא מבצע מרכזי – בתקיף 1 כחלק מקבוצה, ובתיק 2 באופן עצמאי. עם זאת, בתיק 1 מדובר במעורבות פעילה וمركזית בהשלכת רימונים וניסיון ירי, ובתיק 2 בירי ישיר. ההבדל הוא בכך שתיק 1 מראה מעורבות רחבה ביותר (סמים, נשק, גניבה), בעוד תיק 2 מתרחש במסגרת אירוע אחד, מה שמציב את התפקיד כפעיל אך פחות מורכב.

3. **שיטת הביצוע (MO)**:  
שיטות הביצוע שונות: בתיק 1 – שימוש ברימונים (הלם, גז), ניסיון ירי בכלי נשק מאולתר, תכנון מראש, פעילות קבוצתית. בתיק 2 – ירי ישיר באקדח גנוב, ללא שלבים של איומים או שימוש באמצעים אחרים. גם אם שניהם כוללים נשק, הדפוס שונה: אחד כולל ריבוי אמצעים והטלת אימה, והשני – ירי חד-פעמי ללא הקשר מובהק.

4. **נסיבות הליבה**:  
התוכן הקדמי של תיק 1 כולל סכסוך, מוטיבציה ברורה (הטלת אימה, תגמול), תכנון, ריבוי אירועים ועבירות. בתיק 2 – אין הסבר למוטיבציה, אין סכסוך ידוע, אין ריבוי עבירות, והאירוע יחיד. גם אם שניהם יוצרים נזק צפוי גבוה, הנסיבות החומריות – תכנון, מוטיבציה, ריבוי – עשויות להשפיע על עונש, אך הן שונות מהותית.

5. **ישימות כתקדים**:  
למרות ששני התיקים עוסקים בהחזקת נשק ללא רישיון ויצירת סיכון לקהילה, הם שונים בתפיסה המשפטית: תיק 1 הוא תבנית של עבריינות מרובה עם אלמנטים של אימה, סחר ו团伙, בעוד תיק 2 הוא אירוע בודד, חסר הקשר מובהק. בית משפט יתקשה להשתמש באחד כתקדים רלוונטי לאחר, בשל ההבדלים בהיקף, מוטיבציה, ריבוי עבירות ומבנה העבירה.

SIMILARITY_SCORE: 40","ok",""
"SH-20-02-52091-995","SH-16-11-7544-55",3,1,1,"{""אופן_גילוי"": ""חיפוש משטרתי יזום"", ""אופן_החזקה"": ""החזקה פיזית בבית הנאשם"", ""אכזריות_או_ניצול_נפגע_העבירה"": ""לא רלוונטי"", ""האם_החזקה_ברישיון"": ""לא"", ""האם_הייתה_תכנית_מוקדמת"": ""לא צוין"", ""האם_הנשק_בכוחו_להמית"": ""כן"", ""האם_הנשק_יורה"": ""כן"", ""האם_הנשק_מאולתר"": ""כן"", ""התגרות_של_נפגע_העבירה"": ""לא רלוונטי"", ""חלקו_היחסי_של_הנאשם"": ""בלעדי"", ""יכולת_הבנה_של_הנאשם"": ""לא צוין"", ""יכולת_שליטה_במעשה"": ""לא צוין"", ""כמות_תחמושת"": ""כ-20 קליעים"", ""מצוקה_נפשית_של_הנאשם"": ""לא צוין"", ""מקום_החזקה"": ""ארון במטבח ביתו של הנאשם בשבט אלאעצם"", ""משך_החזקה"": ""מיום 14.02.20 עד 16.02.20"", ""נזק_שהיה_צפוי"": ""פוטנציאל קטלני"", ""נזק_שנגרם"": ""לא צוין"", ""ניצול_כוח_או_מעמד"": ""לא רלוונטי"", ""סוג_הנשק"": ""תת מקלע מאולתר 9 מ\""מ"", ""סוג_העבירה"": ""החזקה לא חוקית של נשק ותחמושת"", ""סוג_התחמושת"": ""קליעי 9 מ\""מ"", ""סיבות_לביצוע_העבירה"": ""לא צוין"", ""סעיף_חוק"": ""144(א) רישא וסיפא לחוק העונשין, תשל\""ז – 1977"", ""קרבה_לסייג_לאחריות_פלילית"": ""לא צוין""}","{""האם_החזקה_במקום_ציבורי"": ""כן"", ""האם_החזקה_ברכב"": ""לא"", ""האם_החזקה_ללא_רישיון"": ""כן"", ""האם_היה_ניצול_כוח_או_מעמד"": ""לא"", ""האם_היו_שותפים"": ""לא"", ""האם_היתה_אכזריות_או_ניצול"": ""לא"", ""האם_היתה_השפעה_של_אחר"": ""לא"", ""האם_היתה_התגרות_של_נפגע"": ""לא"", ""האם_היתה_התעללות_בנאשם"": ""לא"", ""האם_היתה_כוונה_לשימוש"": ""לא ידוע"", ""האם_היתה_פגיעה_בפועל"": ""לא"", ""האם_היתה_פגיעה_צפויה"": ""כן"", ""האם_היתה_תכנית_מוקדמת"": ""לא ידוע"", ""האם_הנאשם_הבין_את_מעשיו"": ""כן"", ""האם_הנאשם_היה_בשליטה_על_מעשיו"": ""כן"", ""האם_הנשק_מאולתר"": ""כן"", ""האם_הנשק_תקין"": ""לא ידוע"", ""האם_קרבה_לסייג_לאחריות_פלילית"": ""לא"", ""חלקו_של_הנאשם"": ""בלעדי"", ""כמות_תחמושת"": 10, ""מקום_ביצוע"": ""מחלף להב-שומריה, כביש 6, לכיוון צפון"", ""סוג_הנשק"": ""רובה תת מקלע מאולתר"", ""סוג_העבירה"": ""החזקת נשק שלא כדין"", ""סוג_תחמושת"": ""מחסנית עם 10 קליעים בקוטר 9 מ\""מ"", ""סעיף_חוק"": ""144(א) רישא וסיפא לחוק העונשין"", ""תאריך_ביצוע"": ""26.10.16""}",80.0,"1. **סוג העבירה וחומרתה** — שני התיקים עוסקים בהחזקת נשק לא חוקי, ובפרט נשק מאולתר מסוג תת-מקלע, מה שמצביע על עבירה חמורה. הסעיף החוקי זהה (144(א) רישא וסיפא), ובחניין של פוטנציאל נזק קטלני. החומרה דומה מאוד, אף שבחוק אין הבחנה פורמלית בדרגת החומרה בין החזקה בבית לבין החזקה במרחב ציבורי, אך המיקום במרחב ציבורי בתיק 2 עלול להחמיר.  
→ דמיון גבוה.

2. **תפקיד הנאשם ומעורבותו** — בכל אחד מהתיקים, הנאשם מעורב באופן בלעדי, ללא שותפים או ניצול כוח/מעמד. אין רמז לאי שליטה או לקיומה של אחריות משנית.  
→ דמיון מלא.

3. **שיטת הביצוע (MO)** — בשני המקרים מדובר בנשק מאולתר מסוג תת-מקלע בקוטר 9 מ""מ, עם תחמושת מתאימה. ההבדל העיקרי הוא במקום: בית פרטי בתיק 1 לעומת מקום ציבורי (כביש מהיר) בתיק 2. זה משנה את ההקשר הבטחוני, אך לא את אופי השיטה הטכנית של החזקה.  
→ דמיון מובהק, אך לא מלא.

4. **נסיבות הליבה** — בתיק 1 החזקה הייתה למשך יומיים בבית, בתיק 2 — החזקה במקום ציבורי עם פוטנציאל נזק גבוה יותר בשל המיקום. הכמות דומה (10–20 קליעים), אך בתיק 2 אין מידע על משך החזקה או כוונה לשימוש. פוטנציאל נזק קיים בשניהם.  
→ דמיון מובהק, אך עם הבדל משמעותי במיקום ובתפיסה הבטחונית.

5. **ישימות כתקדים** — שני התיקים עוסקים בהחזקת נשק מאולתר לא חוקי, ללא רישיון, בקוטר קטלני, ובנסיבות של פוטנציאל נזק גבוה. למרות הבדל במיקום (פרטי מול ציבורי), הם שותפים לאותו ליבה עניינית: החזקת נשק מאולתר מסוכן. בית משפט עשוי להתייחס אליהם כתקדים רלוונטי, במיוחד בהערכת חומרת העבירה והיעדר סייגים.  
→ התקדים רלוונטי, עם הבדל קל.

SIMILARITY_SCORE: 80","ok",""
"SH-14-02-28659-762","SH-16-05-42991-439",2,0,1,"{""אכזריות_או_אלימות"": ""לא צוין"", ""האם_החזקה_ברישיון"": ""לא"", ""הסתרה"": ""הוסתר בעליית הגג של המקלחת"", ""חלקו_היחסי_של_הנאשם"": ""ביצע את העבירה לבדו"", ""יכולת_הבנה_של_הנאשם"": ""לא צוין קושי בהבנה"", ""יכולת_שליטה_במעשה"": ""לא צוין קושי בשליטה"", ""מניע_נטען"": ""הגנה עצמית"", ""מצוקה_נפשית_עקב_התעללות"": ""לא צוין"", ""מקום_החזקה"": ""בית הנאשם בעזריה"", ""משך_החזקה"": ""כשנתיים"", ""נזק_צפוי"": ""החזקה בלתי חוקית של נשק יוצרת סיכון ממשי"", ""נזק_שנגרם"": ""לא נגרם נזק בפועל"", ""ניצול_לרעה_של_כוח_או_מעמד"": ""לא צוין"", ""סוג_הנשק"": ""נשק מאולתר מסוג קרל גוסטב"", ""סעיף_עבירה"": ""144(א) לחוק העונשין"", ""קרבה_לסייג_לאחריות_פלילית"": ""לא צוין"", ""תכנון_מוקדם"": ""החזקה ממושכת והסתרה מעידים על תכנון""}","{""אכזריות_או_אלימות_כלפי_נפגע"": ""לא"", ""האם_בוצע_תכנון_מוקדם"": ""כן, הנאשם הורה לרעייתו להסתיר את הנשק"", ""האם_היו_שותפים"": ""כן, רעייתו (נאשמת 2)"", ""האם_הייתה_התגרות_מצד_הנפגע"": ""לא"", ""האם_הנשק_היה_טעון"": ""כן"", ""חלקו_היחסי_של_הנאשם"": ""מרכזי, יזם והורה על הסתרת הנשק"", ""יכולת_הבנה_של_הנאשם"": ""לא צוין קושי, הנאשם פעל במודעות מלאה"", ""יכולת_שליטה_במעשה"": ""שליטה מלאה, פעל ביוזמה"", ""מספר_כדורים"": 13, ""מצוקה_נפשית_עקב_התעללות"": ""לא"", ""מקום_החזקת_הנשק"": ""בית הנאשם"", ""נזק_צפוי"": ""פוטנציאל סיכון גבוה מהחזקת נשק ותחמושת בבית"", ""נזק_שנגרם"": ""לא נגרם נזק בפועל"", ""ניצול_יחסים_או_השפעה"": ""כן, הנאשם ניצל את יחסיו עם רעייתו כדי להסתיר את הנשק"", ""ניצול_לרעה_של_כוח_או_מעמד"": ""כן, כלפי רעייתו"", ""סוג_הנשק"": ""אקדח בראונינג כסוף"", ""סוג_העבירה"": ""החזקת נשק ותחמושת, שיבוש הליכי משפט"", ""סוג_תחמושת"": ""13 כדורים 9 מ\""מ"", ""סיבות_לביצוע_העבירה"": ""לא פורטו"", ""סעיפי_חוק"": [""144(א) רישא וסיפא לחוק העונשין"", ""244 לחוק העונשין""], ""קרבה_לסייג_לאחריות_פלילית"": ""לא"", ""שיבוש_הליכי_משפט"": ""כן, הנאשם הורה לרעייתו להסתיר את הנשק מהשוטרים""}",60.0,"1. **סוג העבירה וחומרתה**: שני התיקים עוסקים בהחזקת נשק ללא רישיון לפי סעיף 144(א), אך בתיק 2 יש גם שיבוש הליכי משפט ותחמושת, מה שמגדיל את החומרה. סוג הנשק (מאולתר מול קרביני/אקדח) שונה, אך שניהם מהווים סיכון גבוה.  
2. **תפקיד הנאשם ומעורבותו**: בתיק 1 הנאשם פעל לבדו ובאופן מרכזי; בתיק 2 הוא יזם העבירה וניהל הסתרה, אך ניצל את רעייתו כשותפה – מעורבות מרכזית בשני המקרים, אך בתיק 2 יש אלמנט של ניצול.  
3. **שיטת הביצוע (MO)**: בשני המקרים יש הסתרת נשק בבית, תכנון מוקדם והסתרה מרשויות. בתיק 2 יש הוראה להסתיר – שיבוש פעיל של הליכים, מה שאינו צוין בתיק 1 – דפוס ביצוע דומה אך עם אלמנט נוסף של הפרעה למשפט.  
4. **נסיבות הליבה**: משך החזקה בתיק 1 הוא כשנתיים – ממושך; בתיק 2 לא צוין משך, אך יש תחמושת וनשק טעון, מה שמגביר את הסיכון. שניהם נושאים סיכון פוטנציאלי ללא נזק בפועל.  
5. **ישימות כתקדים**: שני התיקים עוסקים בהחזקת נשק ללא רישיון עם תכנון והסתרה, אך תיק 2 כולל ניצול יחסי זוגיות, שיבוש הליכים ותחמושת – נסיבות מחמירות נוספות. למרות הדמיון בסיסי, ההבדלים בחומרה ובנסיבות מפחיתים מהרלוונטיות הדדית כתקדים ענייני ישיר.

SIMILARITY_SCORE: 60","ok",""
"ME-14-10-31218-522","ME-17-05-35227-215",1,0,0,"{""אופן_ביצוע"": ""השלכת רימון לעבר מרפסת לאחר שחרור נצרה"", ""אכזריות_או_ניצול_הנפגע"": ""לא צוין"", ""גיל_הנאשם_במועד_העבירה"": ""31"", ""האם_החזקה_או_שימוש"": ""החזקה ושימוש (השלכה והפעלה)"", ""האם_היה_רישיון"": ""לא"", ""האם_היה_תכנון_מוקדם"": ""לא צוין במפורש"", ""האם_הייתה_התגרות_מצד_הנפגע"": ""לא צוין"", ""האם_הנאשם_הושפע_מאחר"": ""לא צוין"", ""האם_הנאשם_פעל_לבד"": ""כן"", ""האם_הנשק_היה_תקין"": ""כן"", ""האם_העבירה_בוצעה_בלילה"": ""כן"", ""האם_העבירה_בוצעה_במקום_מגורים"": ""כן"", ""יכולת_הנשק_להזיק"": ""בכוחו של הרימון היה להזיק לאדם ולגרום פגיעה גופנית"", ""מועד_האירוע"": ""29/5/14 02:45"", ""מניע_העבירה"": ""לא צוין"", ""מספר_זיהוי_נשק"": ""E386201"", ""מצוקה_נפשית_של_הנאשם"": ""לא צוין"", ""מקום_האירוע"": ""מרפסת בית המתלונן, דיר אל אסד"", ""נזק_פיזי_לנפגע"": ""לא נגרם נזק גופני"", ""נזק_רכוש"": ""לא צוין"", ""נזק_שנגרם"": ""קול נפץ עז, העיר את המתלונן ושכנו משנתם"", ""ניצול_כוח_או_מעמד"": ""לא צוין"", ""סוג_הנשק"": ""רימון יד הלם/סינוור M7290"", ""סוג_העבירה"": ""החזקה ושימוש בנשק ללא רישיון"", ""סעיף_חוק"": ""144(א) לחוק העונשין"", ""קורבן_העבירה"": ""ד\""ר אמון חסן"", ""קרבה_לסייג_לאחריות_פלילית"": ""לא"", ""שליטה_במעשה"": ""שליטה מלאה"", ""שעת_העבירה"": ""02:45""}","{""אופן_הובלה"": ""בתוך תא המטען של אופנוע"", ""אכזריות_או_ניצול"": ""לא"", ""אמצעי_תחבורה"": ""אופנוע מסוג קואנג יאנג טיו"", ""האם_הייתה_רשות_להחזקה"": ""לא"", ""האם_הייתה_תכנית_מוקדמת"": ""לא צוין"", ""האם_הנשק_היה_טעון"": ""בתוך הנשק נמצאה מחסנית"", ""האם_הנשק_היה_תקין"": ""לא צוין"", ""האם_העבירה_בוצעה_במסגרת_קבוצתית"": ""לא"", ""חלקו_היחסי_של_הנאשם"": ""מבצע יחיד"", ""יכולת_הבנה_של_הנאשם"": ""לא צוין"", ""יכולת_שליטה_במעשה"": ""לא צוין"", ""מועד_העבירה"": ""7 במאי 2017 בשעת צהריים"", ""מצוקה_נפשית_של_הנאשם"": ""לא צוין"", ""נזק_צפוי"": ""פוטנציאל סיכון גבוה לציבור"", ""נזק_שנגרם"": ""לא צוין"", ""ניצול_כוח_או_מעמד"": ""לא"", ""סוג_הנשק"": ""תת-מקלע מאולתר"", ""סוג_העבירה"": ""נשיאת והובלת נשק ללא רישיון"", ""סוג_התחמושת"": ""מחסנית"", ""סיבות_לביצוע"": ""לא צוין"", ""סעיף_חוק"": ""144(ב) רישא וסיפא לחוק העונשין"", ""קרבה_לסייג_לאחריות_פלילית"": ""לא""}",35.0,"1. **סוג העבירה וחומרתה** — שני התיקים עוסקים בהחזקת/הובלת נשק ללא רישיון, אולם בתיק 1 מדובר בשימוש פעיל בנשק (השלכת רימון יד), ובתיק 2 רק בהובלה של תת-מקלע מאולתר. השימוש בפועל ברימון מעלה את חומרת העבירה משמעותית לעומת单纯的 הובלה, גם אם פוטנציאל הסיכון גבוה. החומרה אינה זהה.

2. **תפקיד הנאשם ומעורבותו** — בשני המקרים מדובר במבצע יחיד, ללא שותפים. עם זאת, בתיק 1 יש מעורבות ישירה ופעולה מכוונת (השלכה), בעוד בתיק 2 מדובר בהובלה בלבד – מעורבות פחות ישירה באירוע עצמו, אם כי עדיין עברה פלילית חמורה.

3. **שיטת הביצוע (MO)** — השיטות שונות מהותית: תיק 1 כולל שימוש פעיל ונפץ בנשק (רימון הלם), בלילה, במקום מגורים; תיק 2 עוסק בהסתרת נשק מאולתר באופנוע, ביום. אין דפוס פעולה דומה – האמצעים, הזמנים והמטרות שונים.

4. **נסיבות הליבה** — בתיק 1 יש השלכה לכיוון מקום מגורים, בלילה, לאחר התפרצות מצבי, עם נזק פסיכולוגי (חרדה). בתיק 2 אין מידע על הקשר אישי או אירוע ספציפי – הה emphasis הוא על הפוטנציאל לסיכון. הכמות, סוג הנשק (מאולתר מול תקני) והשימוש שונה – אין דמיון סביר.

5. **ישימות כתקדים** — בשל הבדלים מהותיים בסוג העבירה (שימוש מול הובלה בלבד), שיטת הביצוע, חומרת הפעולה והנסיבות, קשה לראות בטיעון משפטי שהחלטה בעניין אחד תוכל לשמש כосновה מקובלת להערכות בעניין השני. בית משפט יבחין בין עבירה של שימוש פעיל בנשק לבין העברתו בלבד, במיוחד כשאין קשר אישי או תקיפה ישירה.

SIMILARITY_SCORE: 35","ok",""
"SH-16-11-7544-55","SH-15-03-49530-992",3,1,1,"{""האם_החזקה_במקום_ציבורי"": ""כן"", ""האם_החזקה_ברכב"": ""לא"", ""האם_החזקה_ללא_רישיון"": ""כן"", ""האם_היה_ניצול_כוח_או_מעמד"": ""לא"", ""האם_היו_שותפים"": ""לא"", ""האם_היתה_אכזריות_או_ניצול"": ""לא"", ""האם_היתה_השפעה_של_אחר"": ""לא"", ""האם_היתה_התגרות_של_נפגע"": ""לא"", ""האם_היתה_התעללות_בנאשם"": ""לא"", ""האם_היתה_כוונה_לשימוש"": ""לא ידוע"", ""האם_היתה_פגיעה_בפועל"": ""לא"", ""האם_היתה_פגיעה_צפויה"": ""כן"", ""האם_היתה_תכנית_מוקדמת"": ""לא ידוע"", ""האם_הנאשם_הבין_את_מעשיו"": ""כן"", ""האם_הנאשם_היה_בשליטה_על_מעשיו"": ""כן"", ""האם_הנשק_מאולתר"": ""כן"", ""האם_הנשק_תקין"": ""לא ידוע"", ""האם_קרבה_לסייג_לאחריות_פלילית"": ""לא"", ""חלקו_של_הנאשם"": ""בלעדי"", ""כמות_תחמושת"": 10, ""מקום_ביצוע"": ""מחלף להב-שומריה, כביש 6, לכיוון צפון"", ""סוג_הנשק"": ""רובה תת מקלע מאולתר"", ""סוג_העבירה"": ""החזקת נשק שלא כדין"", ""סוג_תחמושת"": ""מחסנית עם 10 קליעים בקוטר 9 מ\""מ"", ""סעיף_חוק"": ""144(א) רישא וסיפא לחוק העונשין"", ""תאריך_ביצוע"": ""26.10.16""}","{""גיל_הנאשם_בעת_העבירה"": ""כ-23"", ""האם_החזקה_במחסן"": ""כן"", ""האם_החזקה_במקום_מגורים"": ""כן, בסמוך לבית הנאשם"", ""האם_החזקה_בצמוד_לנשק_תחמושת"": ""כן"", ""האם_החזקה_בתיק"": ""כן"", ""האם_החזקה_ללא_רישיון"": ""כן"", ""האם_החזקה_למשך_מספר_ימים"": ""כן"", ""האם_הנשק_טעון"": ""כן"", ""האם_הנשק_מאולתר"": ""כן"", ""מספר_מחסניות"": ""2"", ""מקום_החזקה"": ""תיק על גג מחסן סמוך לבית הנאשם בג'לג'וליה"", ""סוג_הנשק"": ""רובה מאולתר מסוג קרל גוסטב"", ""סוג_העבירה"": ""החזקת נשק שלא כדין"", ""סוג_תחמושת"": ""כדורים בקוטר 9 מ\""מ וכדורים בקוטר 5.56 מ\""מ"", ""סעיף_חוק"": ""סעיף 144(א) לחוק העונשין"", ""תקופת_העבירה"": ""5.3.2015-11.3.2015""}",55.0,"1. **סוג העבירה וחומרתה** — שני התיקים עוסקים בהחזקת נשק ללא רישיון לפי סעיף 144(א) לחוק העונשין, כלומר אותה עבירה בסיסית. עם זאת, בתיק 1 מדובר ברובה תת-מקלע מאולתר, ובתיק 2 בקרל גוסטב — נשק כבד בהרבה, עם תחמושת מגוונת וטעון, מה שמצביע על חומרה גבוהה יותר בתיק 2.  
2. **תפקיד הנאשם ומעורבותו** — בשני המקרים מדובר בהחזקת נשק ללא רישיון, ללא שותפים וללא רמז לפעילות ארגונית או מעורבות פעילה בפלילים אחרים. המעורבות היא פרטנית ופסיבית, אך בתיק 2 יש רמז לתכנון (החזקת נשק טעון ומחסניות למשך מספר ימים), מה שמעיד על מעורבות רצינית יותר.  
3. **שיטת הביצוע (MO)** — שני הנשקים מאולתרים, אך שיטת ההחזקה שונה: בתיק 1 — במקום ציבורי (מחלף), בתיק 2 — במקום פרטי ומסתור (מחסן סמוך לבית, על הגג). ההחזקה בתיק 2 מתוכננת יותר, עם אמצעי הסתרה ושמירה.  
4. **נסיבות הליבה** — בתיק 1 יש 10 קליעים, נשק לא טעון (לא ידוע אם תקין), והחזקתו במקום ציבורי מעלה סיכון גבוה לפגיעה צפויה. בתיק 2 — נשק טעון, שתי מחסניות, תחמושת מגוונת, והחזקתו לאורך שבוע — מצביע על סיכון מתמשך ותכנון. החומרה בתיק 2 גבוהה יותר.  
5. **ישימות כתקדים** — שני התיקים רלוונטיים להשוואה בעבירות החזקת נשק מאולתר ללא רישיון, אך ההבדלים בצורת ההחזקה, החומרה, הסיכון וההקשר (ציבורי מול פרטי/מסתור) מצמצמים את מידת הדמיון. בית משפט עשוי להתייחס אליהם כאל מקרים בעלי אופי שונה מבחינת סיכון ותמהיל עונשין.

SIMILARITY_SCORE: 55","ok",""
"ME-16-11-13999-863","ME-21-10-18557-340",1,0,0,"{""אכזריות_או_ניצול"": ""לא"", ""האם_החזקה_בצוותא"": ""כן"", ""האם_החזקה_ברכב"": ""כן"", ""האם_החזקה_ללא_רישיון"": ""כן"", ""האם_הייתה_התחמקות_משוטרים"": ""כן, פנו לתחנת דלק בניסיון להימנע ממחסום משטרתי"", ""האם_הנאשם_נהג"": ""לא, נהג היה סלאמה"", ""האם_הנאשם_נוסע"": ""כן"", ""האם_הנשק_היה_תקין"": ""לא פורט"", ""האם_העבירה_בוצעה_במסגרת_ארגון_פשע"": ""לא פורט"", ""האם_העבירה_בוצעה_בציבור"": ""כן, במהלך נסיעה בכביש ציבורי"", ""האם_העבירה_בוצעה_לשם_סחר"": ""לא פורט"", ""האם_העבירה_בוצעה_לשם_שימוש_אישי"": ""לא פורט"", ""התגרות_נפגע"": ""לא רלוונטי"", ""חלקו_של_הנאשם"": ""החזיק, נשא והוביל את הנשק והתחמושת"", ""יכולת_הבנה_של_הנאשם"": ""לא פורטת מגבלה"", ""יכולת_שליטה_במעשה"": ""לא פורטת מגבלה"", ""כמות_כדורים"": ""לא פורט במדויק"", ""כמות_מחסניות"": ""שתי מחסניות"", ""כמות_נשק"": ""אקדח אחד"", ""מספר_מעורבים"": 2, ""מצוקה_נפשית_עקב_התעללות"": ""לא רלוונטי"", ""מקום_ביצוע"": ""רכב פרטי, מסלול מסכנין לראמה"", ""נזק_צפוי"": ""פוטנציאל נזק גבוה עקב החזקת נשק ותחמושת"", ""נזק_שנגרם"": ""לא נגרם נזק בפועל"", ""ניצול_כוח_או_מעמד"": ""לא"", ""סוג_הנשק"": ""אקדח חצי אוטומטי מסוג STAR קליבר 9 מ\""מ פאראבלום"", ""סוג_העבירה"": ""החזקה, נשיאה והובלה של נשק ותחמושת ללא רישיון"", ""סוג_תחמושת"": ""מחסניות עם כדורים לאקדח"", ""סיבת_ביצוע"": ""לא פורט"", ""סעיפי_חוק"": [""144(א) רישא וסיפא"", ""144(ב) רישא וסיפא לחוק העונשין""], ""קרבה_לסייג_לאחריות_פלילית"": ""לא"", ""שעת_ביצוע"": ""סמוך לשעה 20:00"", ""תכנון_מוקדם"": ""לא פורט תכנון מוקדם""}","{""האם_בוצע_ירי_באזור_מגורים"": ""כן"", ""האם_בוצע_ירי_לעבר_אדם"": ""לא, הירי בוצע כלפי מעלה"", ""האם_היה_נזק_פוטנציאלי"": ""כן, סיכון חיי אדם"", ""האם_היה_סיכון_לחיי_אדם"": ""כן"", ""האם_היה_סכסוך_בין_הצדדים"": ""כן"", ""האם_הירי_בוצע_בכוונה_להפחיד"": ""כן"", ""האם_הירי_בוצע_בכוונה_להרוג"": ""לא"", ""האם_היתה_השפעה_של_אחרים_על_הנאשם"": ""ג'יהאד סייע אך לא השפיע על ההחלטה"", ""האם_היתה_התגרות_של_הנפגע"": ""לא צוין"", ""האם_היתה_כוונה_לפגוע_פיזית"": ""לא, כוונה להפחיד או להקניט"", ""האם_היתה_מצוקה_נפשית_של_הנאשם"": ""לא צוין"", ""האם_הנאשם_הבין_את_מעשיו"": ""כן"", ""האם_הנאשם_היה_בשליטה_על_מעשיו"": ""כן"", ""האם_הנאשם_ניצל_כוח_או_מעמד"": ""לא"", ""האם_הנשק_הוחזק_ללא_רשיון"": ""כן"", ""האם_הנשק_היה_ברכב"": ""כן"", ""האם_הנשק_טעון"": ""כן"", ""האם_העבירה_בוצעה_בסיוע_רכב"": ""כן"", ""האם_העבירה_בוצעה_בצוותא"": ""כן"", ""האם_העבירה_בוצעה_מתוך_תכנון"": ""כן, החזקת נשק, נסיעה יזומה למקום, נשיאה והובלה"", ""האם_העבירה_בוצעה_על_רקע_סכסוך"": ""כן"", ""האם_נגרם_נזק_פיזי"": ""לא"", ""חלקו_של_המסייע"": ""ג'יהאד - נהג, מסייע להובלה ונשיאה"", ""חלקו_של_הנאשם"": ""מרכזי, יוזם ומבצע עיקרי"", ""מטרת_הירי"": ""הפחדה או הקנטה"", ""מספר_יורים"": ""לפחות שניים"", ""מספר_מעורבים"": ""2 (הנאשם וג'יהאד)"", ""מקום_העבירה"": ""כפר אבו סנאן, אזור מגורים"", ""סוג_הנשק"": ""תת מקלע מאולתר"", ""סוג_העבירה"": ""עבירות בנשק וירי מנשק חם"", ""סעיפי_חוק"": [""144(א) רישא וסיפא"", ""144(ב) רישא וסיפא"", ""340א(ב)(1)"", ""340א(ב)(2)""], ""תחמושת"": ""מחסנית ולפחות שני כדורים בקליבר 9 מ\""מ""}",35.0,"1. **סוג העבירה וחומרתה**: שני התיקים כוללים עבירות בנשק ללא רישיון לפי סעיף 144, אך תיק 2 כולל בנוסף ירי מנשק חם (סעיף 340א), מה שמגדיל משמעותית את חומרת העבירה. בעוד שתיק 1 עוסק בהחזקת נשק בלבד, תיק 2 כולל פעולה פעילה של ירי, גם אם כלפי מעלה – מה שמעיד על הסיכון הגבוה יותר ועל אופי התנהגותי אלים יותר.  
   
2. **תפקיד הנאשם ומעורבותו**: בתיק 1 הנאשם מעורב בהחזקת נשק אך אינו הנהג, וחלקו מוגדר כמחזיק ונושא. בתיק 2 הנאשם הוא יוזם ומבצע עיקרי, ובכך ממלא תפקיד מרכזי בהקשר של סכסוך – מעורבות פעילה ומובילה, בניגוד לתיק 1 שבו התפקיד פסיבי יותר.

3. **שיטת הביצוע (MO)**: בתיק 1 אין ירי, אלא ניסיון להימלט ממחסום. בתיק 2 יש תכנון מוקדם, נסיעה יזומה למקום, שימוש ברכב, והפעלה של הנשק – שיטה פעילה, מכוונת והרסית יותר. הדפוס שונה מהותית: הסתרה והימלטות מול הצגה אלימה מכוונת.

4. **נסיבות הליבה**: בתיק 2 יש סכסוך, ירי באזור מגורים, סיכון לחיי אדם, ותכנון – נסיבות מחמירות חמורות. בתיק 1 אין ירי, אין סכסוך, אין נזק, והסיכון הוא פוטנציאלי בלבד. גם הכמות (אקדח אחד מול תת מקלע מאולתר עם ירי) מעידה על חומרה שונה.

5. **ישימות כתקדים**: למרות החשיבות של סעיף 144 המשותף, בית משפט יבחין בבירור בין עבירה של החזקה פסיבית לבין עבירה הכוללת ירי, תכנון, הפחדה ve-שימוש בנשק בסכסוך. ההבדלים בהקשר, בחומרה ובתפקיד הפוגע מונעים מהשימוש בתיק 1 כתקדים רלוונטי לתיק 2 לעניין ענישה.

SIMILARITY_SCORE: 35","ok",""
"ME-16-10-12213-904","ME-16-01-189-123",3,1,1,"{""בעלות_הרכב"": ""רשום על שם אחיו של הנאשם"", ""האם_היה_צפי_לנזק"": ""כן, פוטנציאל נזק גבוה מנשק חם"", ""האם_הייתה_אכזריות_או_ניצול"": ""לא"", ""האם_הייתה_הובלה_או_הסתרה"": ""כן, הובלה והסתרה ברכב"", ""האם_הייתה_הודאה"": ""כן"", ""האם_הייתה_החזקה_ממושכת"": ""לא צוין"", ""האם_הייתה_השפעה_של_אחרים"": ""לא"", ""האם_הייתה_התגרות_של_נפגע"": ""לא"", ""האם_הייתה_התנגדות_למשטרה"": ""לא"", ""האם_הייתה_התעללות_בנאשם"": ""לא"", ""האם_הייתה_כוונה_לשימוש_בנשק"": ""לא צוין"", ""האם_הייתה_ניצול_מעמד"": ""לא"", ""האם_הייתה_שליטה_על_המעשה"": ""כן"", ""האם_הייתה_תחמושת_נוספת"": ""כן, כדור 9 מ\""מ במכנסי הנאשם"", ""האם_הייתה_תכנית_מוקדמת"": ""לא צוין"", ""האם_הנאשם_הבין_את_מעשיו"": ""כן"", ""האם_הנאשם_הוביל_את_הנשק"": ""כן"", ""האם_הנאשם_החזיק_ברכב"": ""כן"", ""האם_הנאשם_פעל_לבד"": ""כן"", ""האם_הנאשם_קטין"": ""לא"", ""האם_הנשק_הוסתר"": ""כן"", ""האם_הנשק_היה_ברכב_בעת_המעצר"": ""כן"", ""האם_הנשק_היה_טעון"": ""לא, המחסנית הייתה ריקה"", ""האם_הנשק_מאולתר"": ""כן"", ""האם_הנשק_תקין"": ""לא צוין"", ""האם_העבירה_בוצעה_ביותר_מנשק_אחד"": ""לא"", ""האם_העבירה_בוצעה_במסגרת_ארגון_פשע"": ""לא"", ""האם_העבירה_בוצעה_במקום_ציבורי"": ""לא, ברכב פרטי ליד הבית"", ""האם_העבירה_בוצעה_למטרת_סחר"": ""לא"", ""האם_התחמושת_תקינה"": ""כדור תואם לנשק"", ""האם_נגרם_נזק"": ""לא"", ""מועד_העבירה"": ""ספטמבר 2016 ו-1 באוקטובר 2016"", ""מסלול_הובלה"": ""מאזור מי-עמי לבית אמו באום-אל-פחם"", ""מקום_הסתרה"": ""מתחת לכיסא הנוסע שליד הנהג ברכב"", ""סוג_הנשק"": ""כלי נשק מאולתר מסוג קרל גוסטב"", ""סוג_העבירה"": ""נשיאת נשק ותחמושת ללא רישיון"", ""סוג_הרכב"": ""סובארו"", ""סוג_התחמושת"": ""מחסנית ריקה וכדור 9 מ\""מ"", ""סעיפי_חוק"": [""144(ב) רישה וסיפה לחוק העונשין""]}","{""אופן_ההובלה"": ""ברכב פרטי"", ""האם_היה_נזק_ממשי"": ""לא צוין נזק בפועל"", ""האם_היה_נזק_פוטנציאלי"": ""כן, סחר בסם והחזקת נשק חם"", ""האם_הייתה_הובלה_של_נשק_וחומרים_מסוכנים"": ""כן"", ""האם_הייתה_הודאה"": ""כן"", ""האם_הייתה_העברה_במחסום"": ""כן"", ""האם_הייתה_כניסה_לישראל_מהשטחים"": ""כן"", ""האם_הייתה_קנוניה_עם_אחר"": ""כן, עם אדם שזהותו אינה ידועה"", ""האם_הייתה_שליטה_על_המעשה"": ""כן"", ""האם_הייתה_תכנית_מוקדמת"": ""כן, תכנון ורכישה מראש"", ""האם_הייתה_תמורה_כספית"": ""כן"", ""האם_הנאשם_פעל_לבד"": ""לא, היה שותף לקשר"", ""האם_הנשק_היה_טעון"": ""לא, מחסנית ריקה"", ""האם_הנשק_היה_מוסתר"": ""כן"", ""הסתרת_הנשק"": ""בתוך דפנות הדלת הימנית הקדמית ברכב"", ""כמות_הסם"": ""20-30 כדורים, הצעה לרכישת 100 כדורים"", ""כמות_התחמושת"": ""50 כדורים"", ""מספר_מחסניות"": ""1"", ""מקום_המעצר"": ""מחסום תאנים"", ""מקום_הרכישה"": ""טול-כרם"", ""סוג_הנשק"": ""תת-מקלע מאולתר קרלו"", ""סוג_הסם"": ""אקסטזי"", ""סוג_התחמושת"": ""9 מ\""מ"", ""עבירות"": [""קשירת קשר לסחר בסם מסוכן"", ""רכישת נשק"", ""נשיאת נשק"", ""הובלת נשק""], ""שווי_העסקה_לכדור"": ""50 ש\""ח ליחידה, 35 ש\""ח ליחידה ברכישת 100""}",35.0,"1. **סוג העבירה וחומרתה**: שני התיקים כוללים עבירות של נשיאת נשק מאולתר ללא רישיון, אך בתיק 2 יש גם עבירה של קשר לסחר בסם (אקסטזי), שמוסיפה רמה משמעותית של חומרה ורלוונטיות לארגון פשע. בעוד תיק 1 מוגבל להחזקת נשק, תיק 2 כולל פעילות סחר והעברה מכוונת מהשטחים – מה שמגדיל את החומרה.  
2. **תפקיד הנאשם ומעורבותו**: בתיק 1 הנאשם פעל לבד, החזיק ונשא נשק, אך ללא מטרה ברורה של שימוש או סחר. בתיק 2 הנאשם היה חלק מקשר פלילי עם שותף, תכנן מראש, ופעל לצורך רווח – מעורבות פעילה ומרכזית יותר.  
3. **שיטת הביצוע (MO)**: בשני המקרים נשק מאולתר הוסתר ברכב פרטי, מחוץ למחסום, עם מחסנית ריקה. אך בתיק 2 יש תכנון מוקדם, הסתרה מדויקת (בדפנות הדלת), והובלה מהשטחים – דפוס מורכב ומקצועי יותר בהשוואה להחזקת נשק ללא מטרה ברורה בתיק 1.  
4. **נסיבות הליבה**: בתיק 2 יש כוונה סחרית, תמורת כספית, תכנון, והובלה מאורגנת מהשטחים – נסיבות מחמירות חמורות. בתיק 1 אין ראיות לכוונה זו, והמעצר התרחש קרוב לביתו – נסיבות פחות חמורות.  
5. **ישימות כתקדים**: למרות הדמיון ב向社会 (נשיאה של נשק מאולתר ברכב), ההבדלים בחומרת העבירה, מטרת הסחר, ארגון הפעולה וההקשר הביטחוני של תיק 2 מקטינים מאוד את היכולת להשתמש בתיק 1 כתקדים ענייני. בית משפט יראה בהם מקרים שונים מהותית.

SIMILARITY_SCORE: 35","ok",""
"SH-15-12-65958-120","ME-16-05-9983-155",2,0,1,"{""גיל_הנאשם_בעת_העבירה"": 31, ""האם_בוצע_שימוש_בפועל"": ""לא"", ""האם_החזקה_במקום_גלוי"": ""לא, כל הנשקים הוסתרו במקומות שונים בבית"", ""האם_החזקה_במקום_מגורים"": ""כן"", ""האם_החזקה_במקום_מסתור"": ""כן, נשק קרלו הוסתר מעל ארון במטבח"", ""האם_החזקה_ללא_רישיון"": ""כן"", ""האם_החזקה_למטרת_סחר"": ""לא צוין"", ""האם_החזקה_לשימוש_עצמי"": ""לא צוין"", ""האם_החזקה_של_תחמושת_בלבד"": ""לא, החזקה של נשק ותחמושת יחד"", ""האם_היה_תכנון_מוקדם"": ""לא צוין"", ""האם_היו_שותפים"": ""לא"", ""האם_הייתה_אכזריות_או_ניצול"": ""לא"", ""האם_הייתה_השפעה_של_אחרים"": ""לא צוין"", ""האם_הייתה_התגרות_של_נפגע_העבירה"": ""לא רלוונטי"", ""האם_הייתה_התעללות_בנאשם"": ""לא צוין"", ""האם_הייתה_ניצול_לרעה_של_כוח_או_מעמד"": ""לא"", ""האם_הייתה_קרבה_לסייג_לאחריות_פלילית"": ""לא"", ""האם_הנאשם_הבין_את_מעשיו"": ""לא צוין אחרת"", ""האם_הנשק_היה_טעון"": ""כן, שני כלי נשק היו טעונים במחסנית"", ""האם_הנשק_מאולתר"": ""כן, אחד מכלי הנשק (קרלו) מאולתר"", ""האם_הנשק_תקין"": ""לא צוין"", ""האם_נגרם_נזק_פיזי"": ""לא"", ""חלקו_היחסי_של_הנאשם"": ""נאשם יחיד"", ""מיקום_הנשק"": [""אקדח זיג זאוור - בבית, טעון במחסנית"", ""נשק קרלו - מעל ארון במטבח, טעון במחסנית"", ""אקדח נוסף - בספרייה, עם שתי מחסניות (אחת ריקה, אחת עם 6 כדורים)""], ""מספר_כדורים_בסך_הכל"": 29, ""מספר_מחסניות"": 3, ""מספר_נשקים"": 3, ""מספר_עבירות"": 3, ""מקום_ביצוע"": ""בית הנאשם בטייבה"", ""סוג_העבירה"": ""החזקת נשק ותחמושת ללא רישיון"", ""סוגי_נשק"": [""אקדח זיג זאוור"", ""נשק מאולתר מסוג קרלו"", ""אקדח נוסף""], ""סוגי_תחמושת"": [""8 כדורי אקדח 9 מ\""מ"", ""15 כדורי 9 מ\""מ"", ""6 כדורי אקדח 7.65 מ\""מ""], ""סעיף_חוק"": ""סעיף 144(א) רישא וסיפא לחוק העונשין"", ""תאריך_ביצוע"": ""24.12.2015""}","{""אופן_החזקה"": ""החביא את הנשק והמחסנית במקום מסתור"", ""אופן_העברת_הנשק"": ""הועבר מהנאשם לאדם אחר לבקשת קרוב משפחה"", ""אכזריות_או_ניצול"": ""לא"", ""האם_הייתה_הובלה"": ""כן, הוביל את הנשק למקום מסתור ולאחר מכן העבירו לאדם אחר"", ""האם_הייתה_תמורה_כספית_לנאשם"": ""לא"", ""האם_הייתה_תמורה_כספית_לעבירה"": ""כן, קרוב המשפחה רכש את הנשק תמורת 7,300 ש\""ח"", ""האם_הנאשם_פעל_בהשפעת_אחר"": ""כן, פעל לבקשת קרוב משפחה"", ""האם_הנשק_הוחזק_במקום_ציבורי"": ""לא, הוסתר במקום מסתור ולאחר מכן בגג בית פרטי"", ""האם_הנשק_היה_טעון"": ""לא צוין"", ""האם_הנשק_תקין"": ""לא צוין"", ""האם_העבירה_בוצעה_במסגרת_ארגון_פשיעה"": ""לא"", ""האם_העבירה_בוצעה_בצוותא"": ""היו מעורבים נוספים אך הנאשם פעל לבקשת אחר"", ""התגרות_נפגע_העבירה"": ""לא רלוונטי"", ""חלקו_של_הנאשם"": ""החזיק והסתיר את הנשק והמחסנית, לאחר מכן העבירם לאדם אחר"", ""יכולת_הבנה_של_הנאשם"": ""לא צוין קושי בהבנה"", ""יכולת_שליטה_במעשה"": ""לא צוין קושי בשליטה"", ""מניע_הנאשם"": ""פנייה של קרוב משפחה, לא צוין מניע אישי"", ""מספר_נאשמים"": 1, ""מספר_נשקים"": 1, ""מצוקה_נפשית_עקב_התעללות"": ""לא"", ""משך_החזקה"": ""כשבוע"", ""נזק_צפוי"": ""החזקה והעברת נשק חם מהווים סיכון חמור לשלום הציבור"", ""נזק_שנגרם"": ""לא צוין נזק בפועל"", ""ניצול_כוח_או_מעמד"": ""לא"", ""סוג_הנשק"": ""תת מקלע מאולתר"", ""סוג_העבירה"": ""החזקה ונשיאת נשק שלא כדין"", ""סוג_תחמושת"": ""מחסנית"", ""סעיפי_אישום"": [""144א"", ""144ב""], ""קרבה_לסייג_לאחריות_פלילית"": ""לא"", ""שווי_הנשק"": 7300, ""תכנון_מוקדם"": ""הנאשם פעל לבקשת קרוב משפחה, לא יזם את רכישת הנשק""}",35.0,"1. **סוג העבירה וחומרתה** — שני התיקים עוסקים בהחזקת נשק ללא רישיון, אולם בתיק 1 מדובר בהחזקת מספר נשקים (3) ותחמושת בבית לאורך זמן, ובתיק 2 – בהעברת נשק אחד לתקופה קצרה (כשבוע) לבקשת אחר. החומרה בתיק 1 גבוהה יותר בשל כמות הנשק, הטעינה וההסתרה ממושכת, בעוד בתיק 2 יש גם העברה – עבירה מוסיפה לפי סעיף 144(ב), אך ללא עדויות על טעינה או מסוכנות מיידית. הדמיון חלקי: עבירות נשק ללא רישיון, אך בקנה מידה שונה.

2. **תפקיד הנאשם ומעורבותו** — בתיק 1 הנאשם הוא מחזיק קבוע ונשוא האחריות הבלעדית, ככל הנראה יזם. בתיק 2 הנאשם פועל כשליח, בהשפעת קרוב משפחה, ללא תמורה אישית. מעורבותו פחות ישירה ופחות יזמית. ההבדל משמעותי: מחזיק פעיל מול שליח פסיבי-מונע.

3. **שיטת הביצוע (MO)** — בתיק 1: הסתרת נשקים טעונים במקומות שונים בבית, כולל נשק מאולתר (קרלו). בתיק 2: החבאיה במקום מסתור והעברה לאחר – שיטת פעולה פשוטה וחד-פעמית. אין דפוס חוזר או שימוש במבנה בית להסתרה מרובה. MO שונה: ארגון והצטברות מול פעולה חד-פעמית בסביבה זמנית.

4. **נסיבות הליבה** — תיק 1 כולל 3 נשקים, 29 כדורים, 3 מחסניות, שניים מהם טעונים – מצב של סיכון גבוה. תיק 2: נשק אחד, מחסנית אחת, העברה ל短期 – סיכון צפוי, אך לא מציאותי מיידי. בנוסף, בתיק 2 היה תשלום תמורת הנשק, אך הנאשם עצמו לא הרוויח. ההבדלים בכמויות, משך, סיכון ותכנון מהותיים.

5. **ישימות כתקדים** — למרות ששניהם עוסקים בחזקת נשק ללא רישיון לפי סעיף 144, ההבדלים בהיקף, תפקיד, סיכון ומניע מקטינים מאוד את היישום המהותי של אחד כתקדים לשני. בית משפט יבחין בין מחזיק נשק מסוכן בבסיסו לבין שליח שמעביר נשק לבקשת אחר לתקופה קצרה. לא ייחשבו שקולים לצורכי ענישה.

SIMILARITY_SCORE: 35","ok",""
"ME-18-04-19642-504","ME-16-07-45228-25",1,0,0,"{""אכזריות_או_אלימות"": ""איומים מילוליים וירי באקדח בנוכחות המתלוננת"", ""האם_היה_תכנון_מוקדם"": ""הנאשם זימן את ר.ק. ליער על רקע סכסוך"", ""האם_הייתה_התגרות"": ""לא צוין"", ""השלכת_נשק"": ""הנאשם השליך את האקדח מתחת למושב הרכב"", ""השפעת_אלכוהול"": ""הנאשם היה תחת השפעת משקאות אלכוהוליים"", ""התנהגות_מאיימת"": ""הנאשם איים על ר.ק. ועל בני משפחתה במהלך השיחה"", ""חלקו_של_הנאשם"": ""מבצע עיקרי, פעל לבדו"", ""טענה_לאי_זכירה"": ""הנאשם טען שאינו זוכר את כל פרטי האירוע"", ""יכולת_הבנה"": ""הנאשם היה תחת השפעת אלכוהול, נטען לאי זכירה מלאה"", ""יכולת_שליטה"": ""פחתה עקב השפעת אלכוהול"", ""כמות_כדורים"": 40, ""כמות_מחסניות"": 2, ""מועד_העבירה"": ""1.4.18"", ""מספר_יריות"": 11, ""מקום_העבירה"": ""יער סמוך לכפר קרע"", ""נוכחות_שוטרים"": ""שלושה שוטרים הגיעו למקום במהלך האירוע"", ""נזק_פוטנציאלי"": ""ירי באוויר בנוכחות אדם נוסף ובסביבה ציבורית"", ""נזק_שנגרם"": ""לא נגרם נזק פיזי לאדם או לרכוש"", ""ניסיון_הימלטות"": ""הנאשם ניסה להניע את רכב המתלוננת כדי להימלט מהשוטרים"", ""ניצול_יחסים"": ""הנאשם ניצל את מערכת היחסים עם ר.ק. כדי לזמן אותה למקום"", ""סוג_הנשק"": ""אקדח FN בקוטר 9 מ\""מ"", ""סוג_העבירה"": ""נשיאת והובלת נשק, פזיזות ורשלנות"", ""סעיפי_חוק"": [""144(א) רישא+סיפא"", ""144(ב) רישא+סיפא"", ""338(א)(5)""], ""רקע_העבירה"": ""סכסוך בין הנאשם לבין חברתו ר.ק."", ""שימוש_בנשק"": ""שלף אקדח, הראה אותו למתלוננת וירה 11 יריות באוויר""}","{""אופן_החזקה"": ""נשיאה על הגוף"", ""אופן_הסלקה"": ""הסלקה מתחת לשמיכה על מזרן בחדר בבית"", ""אכזריות_או_ניצול"": ""לא צוין"", ""האם_היו_שותפים"": ""לא"", ""האם_הנאשם_החזיק_רישיון"": ""לא"", ""האם_הנשק_היה_טעון"": ""כן"", ""האם_הנשק_היה_תקין"": ""לא צוין"", ""האם_העבירה_בוצעה_במקום_ציבורי"": ""לא, בכניסה לבית מגורים"", ""התגרות_נפגע"": ""לא רלוונטי"", ""זמן_ביצוע"": ""19.7.16, שעת לילה"", ""חלקו_היחסי_של_הנאשם"": ""מבצע יחיד"", ""יכולת_הבנה"": ""לא צוין קושי בהבנה"", ""יכולת_שליטה_במעשה"": ""שליטה מלאה"", ""מצוקה_נפשית_עקב_התעללות"": ""לא נטענה"", ""מקום_ביצוע"": ""בסמוך לבית דודו בכפר זלפה"", ""נזק_צפוי"": ""פוטנציאל סיכון חמור לחיי אדם"", ""נזק_שנגרם"": ""לא נגרם נזק בפועל"", ""ניצול_כוח_או_מעמד"": ""לא צוין"", ""סוג_הנשק"": ""אקדח FN"", ""סוג_העבירה"": ""נשיאת נשק שלא כדין"", ""סיבות_לביצוע"": ""לא פורטו"", ""סעיף_חוק"": ""144(ב) רישא וסיפא לחוק העונשין"", ""קרבה_לסייג_לאחריות_פלילית"": ""לא נטענה"", ""תגובה_לשוטרים"": ""התרחקות בהליכה מהירה, בריחה בריצה לתוך הבית"", ""תחמושת"": ""מחסנית ובה עשרה כדורי אקדח בקוטר 9 מ\""מ"", ""תכנון_מוקדם"": ""לא צוין תכנון מוקדם""}",35.0,"1. **סוג העבירה וחומרתה**:  
   שני התיקים כוללים עבירות של נשיאת נשק ללא רישיון לפי סעיף 144(ב), אך בתיק 1 יש גם שימוש בנשק (ירי באוויר), איום, תכנון, והשפעת אלכוהול – מה שמגביל את העבירה לרמה חמורה בהרבה. תיק 2 מוגבל להחזקת נשק טעון בבית, ללא שימוש או איום ישיר. החומרה בפועל ובצידוקים המוטיבציוניים שונה משמעותית.

2. **תפקיד הנאשם ומעורבותו**:  
   בשני המקרים מדובר בביצוע יחיד, ללא שותפים, עם מעורבות ישירה של הנאשם. עם זאת, בתיק 1 הנאשם פועל כמבצע עיקרי בסכסוך אישי עם יזימה ישירה (הזמנת הקורבן למקום), בעוד בתיק 2 אין מידע על הקשר או המניע – והנאשם נתפס במהלך מחפשת שוטרים, ללא פעולה התקפית.

3. **שיטת הביצוע (MO)**:  
   בתיק 1 יש שיטת פעולה אגרסיבית: הזמנת קורבן, איומים, ירי באוויר, ניסיון בריחה. בתיק 2 – החזקת נשק בבית, הסלקה מתחת לשמיכה, והתגובה לשוטרים היא בריחה מאוחרת. אין דפוס דומה: הראשון – פלילי-אפקטיבי, השני – הסתרה לאחר factum.

4. **נסיבות הליבה**:  
   בתיק 1: ירי 11 פעמים, כמות תחמושת גדולה (40 כדורים, 2 מחסניות), סביבה ציבורית חלקית, ניצול מערכת יחסים, השפעת אלכוהול, נזק פוטנציאלי גבוה. בתיק 2: מחסנית אחת, מקום פרטי, ללא נזק פוטנציאלי מיידי או הפגזה. ההבדלים בהיקף, סיכון ונסיבות הם דרמטיים.

5. **ישימות כתקדים**:  
   למרות השוואת סעיף חוק זהה (144(ב)), בית משפט לא יראה בתיק 2 תקדים רלוונטי לענישה בתיק 1, בשל חוסר הדמיון במוטיבציה, חומרת השימוש, ההקשר האלימים והסיכונים שנוצרו. ענישה ב案件 1 תושפע מגורמים מוסיפים שלא קיימים במקרה השני.

SIMILARITY_SCORE: 35","ok",""
"ME-15-03-29911-554","ME-16-02-18397-87",1,0,0,"{""האם_בוצע_ירי"": ""כן"", ""האם_בוצע_ירי_באזור_מגורים"": ""כן"", ""האם_בוצע_ירי_במרחב_ציבורי"": ""כן"", ""האם_בוצע_ירי_לכיוון_רכב_אחר"": ""כן, שני כדורים נורו לאחר עקיפת רכב אחר"", ""האם_בוצע_ירי_מתוך_רכב"": ""כן"", ""האם_החזקה_או_נשיאה"": [""החזקה"", ""נשיאה""], ""האם_החזקה_או_נשיאה_ברשיון"": ""ללא רשות על פי דין"", ""האם_היה_אדם_נוסף"": ""כן, אדם נוסף שזהותו אינה ידועה"", ""האם_היה_נזק_פיזי"": ""לא צוין"", ""האם_היה_נזק_רכוש"": ""לא צוין"", ""האם_היה_תכנון_מוקדם"": ""לא צוין במפורש"", ""האם_הייתה_אכזריות_או_ניצול"": ""לא"", ""האם_הייתה_השפעה_של_אחר"": ""לא צוין במפורש"", ""האם_הייתה_התגרות_של_נפגע"": ""לא"", ""האם_הייתה_ניצול_כח_או_מעמד"": ""לא"", ""האם_הייתה_סכנה_לחיי_אדם"": ""כן, ירי בשכונות מגורים וליד בית ספר"", ""האם_הייתה_תחמושת_נוספת"": ""כן"", ""האם_הנאשם_הבין_את_מעשיו"": ""כן"", ""האם_הנאשם_היה_במצוקה_נפשית"": ""לא צוין"", ""האם_הנאשם_היה_קרוב_לסייג_פלילי"": ""לא"", ""האם_הנאשם_נהג_ברכב"": ""לא, האחר נהג והנאשם ישב לצידו"", ""האם_הנאשם_קטין"": ""לא צוין"", ""האם_הנשק_היה_דרוך_ומוכן_לירי"": ""כן"", ""זמן_ביצוע"": ""5.3.15 בשעות הערב, בין 19:00 ל-19:14"", ""כמות_תחמושת"": ""מחסנית אחת באקדח, מחסנית נוספת, קופסא עם 20 כדורים, 24 כדורים נוספים"", ""מספר_כדורים_במחסנית_בעת_תפיסה"": ""12"", ""מספר_כדורים_שנורו"": ""מספר רב של כדורים, שני כדורים נוספים מתוך הרכב"", ""מקום_ביצוע"": [""חווה בבעלותו בשדות פוריידיס"", ""ברחבי פוריידיס"", ""שכונות מגורים"", ""ליד מגרש בית הספר התיכון בפוריידיס""], ""סוג_הנשק"": ""אקדח מסוג יריחו"", ""סוג_העבירה"": ""עבירות בנשק"", ""סוג_תחמושת"": ""מחסנית תואמת לאקדח, כדורים"", ""סעיפי_אישום"": [""144(א) רישא וסיפא"", ""144(ב) רישא וסיפא לחוק העונשין""]}","{""אופן_גילוי_הנשק"": ""חיפוש יזום של המשטרה"", ""אופן_ההחזקה"": ""הטמנה והסתרה בכלי רכב"", ""אופן_היתקלות_במשטרה"": ""בדיקת רישיונות שגרתית"", ""אכזריות_או_ניצול_נפגע"": ""לא רלוונטי"", ""האם_הושפע_מאחרים"": ""לא צוין"", ""האם_היה_ביטוח_רכב"": ""לא"", ""האם_היה_רישיון_להחזקת_נשק"": ""לא"", ""האם_היה_רישיון_נהיגה"": ""לא"", ""האם_היה_רישיון_רכב"": ""לא"", ""האם_הנשק_היה_תקין"": ""לא"", ""חלקו_היחסי_של_הנאשם"": ""מבצע יחיד"", ""יכולת_הבנה_של_הנאשם"": ""לא צוין קושי בהבנה"", ""יכולת_שליטה_במעשה"": ""לא צוין קושי בשליטה"", ""מצוקה_נפשית_או_התגרות"": ""לא צוין"", ""מקום_הסתרת_הנשק"": ""מתחת למושב קטנוע"", ""מקום_הסתרת_התחמושת"": ""בכיסו של הנאשם"", ""נזק_שהיה_צפוי"": ""נשק ותחמושת עלולים היו לשמש לפגיעה"", ""נזק_שנגרם"": ""לא נגרם נזק בפועל"", ""ניצול_כוח_או_מעמד"": ""לא רלוונטי"", ""סוג_הנשק"": ""אקדח"", ""סוג_העבירה"": ""עבירות בנשק (נשיאה והובלה), נהיגה ללא רישיון, נהיגה ללא ביטוח, נהיגה ללא רישיון רכב"", ""סיבות_לביצוע_העבירה"": ""לא צוין"", ""סעיפי_חוק"": ""סעיף 144(ב) רישא וסיפא לחוק העונשין, סעיף 10(א) לפקודת התעבורה, סעיף 2(א)(ב) לפקודת ביטוח רכב מנועי, סעיף 2 לפקודת התעבורה"", ""פירוט_אי_תקינות_הנשק"": ""חסר חלק פנימי חיוני להפעלה, לא ניתן לבצע ירי"", ""קרבה_לסייג_לאחריות_פלילית"": ""לא צוין"", ""שיתוף_פעולה_עם_המשטרה"": ""סירוב לפתוח את תא האופנוע"", ""תגובה_לנוכחות_משטרה"": ""פניית פרסה וניסיון להימנע מבדיקה"", ""תחמושת"": ""כדורים לרובה"", ""תכנון_מוקדם"": ""לא צוין תכנון מוקדם""}",30.0,"1. **סוג העבירה וחומרתה** — שני התיקים עוסקים בעבירות בנשק לפי סעיף 144, אך בתיק 1 יש ירי במרחב ציבורי ובאזור מגורים, כולל סכנה לחיי אדם וליד בית ספר, בעוד בתיק 2 אין שימוש בנשק, הוא לא תקין, ולא הייתה סכנה מיידית. החומרה בתיק 1 גבוהה בהרבה.

2. **תפקיד הנאשם ומעורבותו** — בתיק 1 הנאשם מעורב פעיל כמי שירה מתוך רכב (אם כי לא נהג), עם שותף לא ידוע; בתיק 2 הנאשם פועל באופן עצמאי, אך ללא פעולה אלימה – רק הסתרת נשק. מעורבותו של הראשון היא אקטיבית ואלימה, לעומת השני שהיא דומיננטית בהחזקת נשק בלתי חוקי.

3. **שיטת הביצוע (MO)** — בתיק 1: ירי מרובה, מתוכו רכב, תוך כדי תנועה, כולל עקיפה וירי לכיוון רכב אחר – MO אלים ומכוון. בתיק 2: הטמנת נשק לא תקין בתוך קטנוע, גילוי במהלך ביקורת שגרתית – אין שום עדות לשימוש או כוונה לירי. שיטת הביצוע שונה מהותית.

4. **נסיבות הליבה** — בתיק 1: כמות גדולה של תחמושת, ירי באזורים צפופים, סיכון גבוה, נשק תקין וברטט. בתיק 2: נשק לא תקין, לא ניתן לירי, תחמושת לרובה (לא תואמת לנשק), אין סיכון מיידי. הנסיבות בתיק 1 מחמירות מאוד, ואילו בתיק 2 – בסיסיות ופסיביות.

5. **ישימות כתקדים** — למרות השוני בפרטים, שניהם עוסקים בהחזקת נשק ללא רשות לפי סעיף 144(ב), אך ההקשר שונה: תיק 1 עוסק באלימות, סיכון ציבורי וירי אמיתי; תיק 2 – בהסתרת נשק לא תקין במסגרת עבירות תנועה. לכן, הקושי למצוא קשר ענייני ישיר בין המקרים גבוה – לא ניתן להשתמש באחד כ傍דיון רלוונטי ממשי לשני.

SIMILARITY_SCORE: 30","ok",""
"ME-16-11-69158-529","ME-16-01-3772-806",3,1,1,"{""אופן_הובלה"": ""בתיק בד, ברכב פרטי"", ""אופן_החזקה"": ""הוסתר באדמה, לאחר מכן הוסתר ברכב"", ""אכזריות_או_ניצול"": ""לא צוין"", ""האם_בוצעה_העבירה_בזיקה_לארגון_פשיעה"": ""לא צוין"", ""האם_בוצעה_העבירה_במהלך_סכסוך"": ""לא צוין"", ""האם_בוצעה_העבירה_למטרת_רווח"": ""לא צוין"", ""התגרות_נפגע"": ""לא צוין"", ""יכולת_הבנה_של_הנאשם"": ""לא צוין קושי"", ""יכולת_שליטה_במעשה"": ""לא צוין קושי"", ""מניע_העבירה"": ""לא צוין"", ""מספר_מחסניות"": 1, ""מספר_נשקים"": 1, ""מספר_סוגי_תחמושת"": 1, ""מצוקה_נפשית_של_הנאשם"": ""לא צוין"", ""מקום_הירי"": ""חצר בית מגורים בטייבה"", ""נזק_צפוי"": ""סיכון חיי אדם באזור מגורים"", ""נזק_שנגרם"": ""לא צוין נזק קונקרטי"", ""ניצול_כוח_או_מעמד"": ""לא צוין"", ""סוג_הירי"": ""ירי צרור כדורים כלפי מעלה"", ""סוג_הנשק"": ""תת-מקלע קרלו (קרל גוסטב)"", ""סוג_העבירה"": ""נשיאת נשק ותחמושת, ירי באזור מגורים"", ""סוג_התחמושת"": ""9 מ\""מ"", ""סעיפי_חוק"": [""144(ב) רישא וסיפא לחוק העונשין"", ""340א לחוק העונשין""], ""עיתוי_הירי"": ""אירוע משפחתי, בשעה 21:00 לערך"", ""קרבה_לסייג_לאחריות_פלילית"": ""לא צוין"", ""תכנון_מוקדם"": ""הנשק והתחמושת הוסתרו מראש והובאו לאירוע""}","{""אכזריות_או_ניצול"": ""לא צוין"", ""ביצוע_בצוותא"": ""כן"", ""האם_הנשק_נתפס"": ""כן"", ""היכרות_מוקדמת_בין_הנאשמים"": ""כן"", ""התגרות_נפגע_העבירה"": ""לא רלוונטי"", ""חלקו_היחסי_של_הנאשם"": ""ביצע בצוותא עם אחר, נשא והוביל בעצמו"", ""יכולת_הבנה_של_הנאשם"": ""לא צוין"", ""יכולת_שליטה_במעשה"": ""לא צוין"", ""ירי_בפועל"": ""כן"", ""כמות_כדורים"": ""כ-20"", ""מועד_תפיסת_הנשק"": ""20.12.2015"", ""מספר_נאשמים"": ""2"", ""מצוקה_נפשית_של_הנאשם"": ""לא צוין"", ""מקום_החזקה_או_שימוש"": ""אלרוחה, מטע זיתים במעאוויה, בסמוך לבית הנאשם"", ""נזק_שהיה_צפוי"": ""פוטנציאל קטלני, ירי חי"", ""נזק_שנגרם"": ""לא צוין"", ""ניצול_כוח_או_מעמד"": ""לא צוין"", ""סוג_העבירה"": ""החזקת נשק שלא כדין, נשיאת והובלת נשק שלא כדין"", ""סוגי_נשק"": ""רובה MP5, תת מקלע מאולתר"", ""סיבות_לביצוע"": ""לא צוין"", ""סעיפי_חוק"": ""144(א) רישא וסיפא, 144(ב) רישא וסיפא, 144(ג), 29 לחוק העונשין"", ""קרבה_לסייג_לאחריות_פלילית"": ""לא צוין"", ""רישיון_להחזקת_נשק"": ""לא"", ""שנות_ביצוע"": ""2009, 2011, 2015"", ""תחמושת"": ""מחסנית וכדורים"", ""תכנון_מוקדם"": ""לא צוין במפורש""}",75.0,"1. **סוג העבירה וחומרתה** — שני התיקים כוללים עבירות של נשיאת והחזקת נשק ללא רישיון, עם ירי או שימוש בנשק באזור מגורים. תיק 1 כולל ירי פעיל (צרור כדורים), מה שמגביל אותו כחמור יותר מבחינת סיכון ישיר; תיק 2 מתמקד בהחזקת נשק ולא מפרט ירי בפועל, אך כן צוין ""ירי בפועל"" ו""כ-20 כדורים"", מה שמרמז על שימוש. שניהם עוסקים בעבירות חמורות לפי סעיף 144, אך תיק 1 מוסיף ירי באזור מגורים – מחמיר נוסף.

2. **תפקיד הנאשם ומעורבותו** — בתיק 1 מדובר בנאשם יחיד שנטל חלק פעיל בהובלה, החזקה וירי הנשק באירוע משפחתי. בתיק 2 יש שני נאשמים שפעלו בצוותא, והנאשם הראשי נשא והוביל בעצמו – מעורבות פעילה גם כאן. הדמיון במורכבות המעורבות: לא שליחים, אלא גורמים מרכזיים בביצוע.

3. **שיטת הביצוע (MO)** — בשני המקרים יש הסתרת נשק מראש (בהקשר של אירוע פרטי/משפחה) והובלתו לנקודת שימוש. בתיק 1 יש תכנון מוקדם ברור (הנשק הוסתר באדמה ואז ברכב). בתיק 2 אין ציון מפורש לתכנון, אך鉴于 ההיכרות המוקדמת בין הנאשמים והשגרתיות של הביצועים (2009, 2011, 2015), יש אינדיקציה לביצוע שגרתי או מבוקר. MO דומה: הכנת נשק מראש, הובלה לרחבת פעולה, שימוש בו בהקשר חברתי/משפחתי.

4. **נסיבות הליבה** — שניהם קרו בסביבה משפחתית/אזור מגורים (טייבה, מעawiיה), עם נזק פוטנציאלי גבוה לסביבה. בתיק 1 הירי היה כלפי מעלה באירוע משפחתי – אולי לצורכי חגיגה, אך מסוכן. בתיק 2 הירי היה חי (""פוטנציאל קטלני""), מה שעשוי להצביע על חומרה גדולה יותר. עם זאת, שניהם עוררו סיכון לקהילה. כמות התחמושת והתפריט של הנשק (MP5/Submachine) דומים ברמה הטקטית.

5. **ישימות כתקדים** — למרות שהסעיפים החוקיים חופפים רק חלקית (שניהם כוללים 144(ב), אך תיק 2 כולל פרשנות רחבה יותר עם 144(ג) ו-29 – עבירה בצוותא), הדפוס הכולל של עבירת נשק בהקשר של אירוע משפחתי, עם תכנון, ירי וסיכון לקהילה – זהה מספיק כדי ששני התיקים ייחשבו רלוונטיים זה לזה בבית המשפט בעת קביעת עונש. במיוחד בהקשר של ""ירי בחגיגה"" או ""שימוש בנשק בהקשר תרבותי"", הם יכולים לשמש כמקבילה עניינית.

SIMILARITY_SCORE: 75","ok",""
"ME-17-02-54432-484","ME-16-05-25902-514",3,1,1,"{""אופן_הנשיאה_בעת_המעצר"": ""האקדח היה טעון והוסתר בתחתוניו של הנאשם"", ""אירוע_מעצר"": ""ביום 16.02.17 בשעות הצהריים"", ""האם_היה_שימוש_באלימות_או_איומים"": ""לא"", ""האם_היו_שותפים_לנסיעה"": ""כן, שלושה נוספים ברכב"", ""האם_הנאשם_החזיק_ברישיון_לנשק"": ""לא"", ""האם_הנאשם_היה_בהשפעת_אחרים"": ""לא צוין"", ""האם_הנאשם_היה_במצוקה_נפשית"": ""לא צוין"", ""האם_הנאשם_היה_קטין_בעת_העבירה"": ""לא"", ""האם_הנאשם_היה_קרוב_לסייג_לאחריות_פלילית"": ""לא צוין"", ""האם_הנאשם_ניצל_מעמד_או_כוח"": ""לא צוין"", ""האם_הנאשם_פעל_למנוע_תפיסת_הנשק"": ""כן, הכניס את האקדח לתחתוניו כשראה את השוטרים"", ""האם_הנשק_היה_ברכב"": ""כן, במהלך הנסיעה"", ""האם_הנשק_היה_טעון"": ""כן"", ""האם_הנשק_היה_נגיש_לנאשם"": ""כן, אחז בו בידו"", ""האם_הנשק_תקין_לשימוש"": ""כן"", ""האם_העבירה_בוצעה_במסגרת_ארגון_פשע"": ""לא צוין"", ""האם_העבירה_בוצעה_בתמורה_או_למטרת_רווח"": ""לא צוין"", ""האם_העבירה_בוצעה_מתוך_תכנון_מוקדם"": ""לא צוין תכנון מוקדם"", ""האם_נגרם_נזק_פיזי_או_נפגעים"": ""לא"", ""מספר_כדורים"": 7, ""מקום_החזקה_העיקרי"": ""סמוך לביתו של הנאשם"", ""מקום_המעצר"": ""צומת הרחובות הגעתון והרצל בנהריה"", ""מקום_הנשיאה_העיקרי"": ""למקומות אליהם הלך או נסע"", ""מקום_מגורים_של_הנאשם"": ""כפר קאסם"", ""משך_החזקה_בנשק"": ""מספר חודשים"", ""סוג_הנשק"": ""אקדח מסוג ברטה מס.ד 82233"", ""סוג_העבירה"": ""החזקה ונשיאת נשק"", ""סוג_תחמושת"": ""מחסנית תואמת ובה 7 כדורים 0.22 מ\""מ"", ""סעיפי_אישום"": [""144(א) רישא"", ""144(א) סיפא"", ""144(ב) רישא"", ""144(ב) סיפא""], ""שנת_לידה_של_הנאשם"": 1996, ""תדירות_נשיאת_הנשק"": ""פעמים רבות מאוד""}","{""אופן_נשיאת_הנשק"": ""על גופו מתחת לבגדיו"", ""האם_החזיק_תחמושת"": ""כן"", ""האם_החזקה_או_נשיאה_ברישיון"": ""לא"", ""האם_הייתה_אכזריות_או_ניצול_קורבן"": ""לא"", ""האם_הייתה_השפעה_של_אחרים"": ""לא צוין"", ""האם_הייתה_התגרות_או_מצוקה_נפשית"": ""לא צוין"", ""האם_הייתה_כוונה_לשימוש_פלילי_נוסף"": ""לא צוין"", ""האם_הייתה_ניצול_מעמד_או_כוח"": ""לא"", ""האם_הייתה_עסקת_רכישה"": ""כן"", ""האם_הייתה_פגיעה_פיזית_או_שימוש_בפועל"": ""לא"", ""האם_הנאשם_הבין_את_מעשיו"": ""לא צוין"", ""האם_הנאשם_היה_קטין"": ""לא"", ""האם_הנשק_גנוב"": ""כן"", ""האם_הנשק_היה_תקין_לשימוש"": ""לא צוין"", ""האם_העבירה_בוצעה_בזיקה_לארגון_פשיעה"": ""לא צוין"", ""האם_העבירה_בוצעה_ביותר_מנשק_אחד"": ""לא"", ""האם_העבירה_בוצעה_למטרות_רווח"": ""לא צוין"", ""האם_נשא_את_הנשק_לעבודה"": ""כן"", ""מועד_רכישת_הנשק"": ""פברואר 2016"", ""מועד_תפיסה_או_אירוע_מרכזי"": ""8.5.16 בשעה 06:00"", ""מספר_סידורי_של_הנשק"": ""682663"", ""מקום_החזקה"": ""מקלט ביתו בקלנסוואה"", ""נשיאת_הנשק_מחוץ_לבית"": ""כן"", ""סוג_הנשק"": ""אקדח ברטה"", ""סוג_העבירה"": ""נשיאת והחזקת נשק ללא רישיון"", ""סוג_התחמושת"": ""מחסנית עם 7 כדורים"", ""סעיפי_חוק"": [""144(ב) רישא וסיפא"", ""144(א) רישא וסיפא""], ""פרטי_הרכישה"": ""רכש את האקדח במועד שאינו ידוע במדויק בפברואר 2016"", ""תקופת_החזקה"": ""פברואר 2016 עד 8.5.16""}",75.0,"1. **סוג העבירה וחומרתה** — שני התיקים עוסקים בהחזקת ונשיאת נשק ללא רישיון, עבירה לפי סעיף 144 א' ו-ב' לחוק העונשין, מהשמיטה של נשק תקין או גנוב. החומרה דומה, אף כי בתיק 1 יש עדות לניהול נשק טעון ומאוחסן בצורה מסוכנת (בתחתונים), מה שמעיד על סיכון גבוה יותר.  
2. **תפקיד הנאשם ומעורבותו** — בשני המקרים מדובר באנשים החזוקים בנשק באופן אישי, ללא רישיון, ומבוצעים בודדים (ללא שותפים מוצהרים). מעורבותם פעילה – רכישה והחזקת נשק – אך אין ראיות לתפקיד מוביל בארגון פשע או מעורבות בפשיעה מאורגנת.  
3. **שיטת הביצוע (MO)** — בשני המקרים הנשק הוחזק מתחת לבגדים, מחוץ לבית, ונאחז על הגוף. בתיק 1 יש התנהגות דרמטית יותר (הסתרת הנשק בתחתונים בעת ראיית שוטרים), מה שמעיד על מודעות פלילית גבוהה וניסיון להימנע מתפיסה – דפוס פעולה (MO) דומה אך עם רמת זהירות או סיכון גבוהה יותר בתיק 1.  
4. **נסיבות הליבה** — שני הנשקים היו אקדחי ברטה עם מחסנית של 7 כדורים, נשאו ללא רישיון, ונשמרו במרחב פרטי. עם זאת, בתיק 2 הנשק היה גנוב, מה שעשוי להחמיר את העבירה, אך בתיק 1 יש עדות לשימוש חוזר בנשק (תדירות גבוהה של נשיאה), וכן נסיעה עם שותפים – שעשוי לרמז על הקשר לפעילות פשיעה רחבה יותר, גם אם לא הוכח.  
5. **ישימות כתקדים** — שני התיקים עוסקים בעבירות החזקה ונשיאת נשק ללא רישיון, עם דפוסי התנהגות דומים (נשיאה על הגוף, מחוץ לבית, ללא רישיון). עם זאת, הבדלים בנסיבות – כמו תכנון, גניבה, תדירות, ותגובה מול אכיפה – עלולים להגביל את מידת הדמיון. עם זאת, בהקשר של ענישה לפי סעיף 144, הם עשויים לשמש כתקדים זה לזה, במיוחד בהערכת חומרת העבירה.  

SIMILARITY_SCORE: 75","ok",""
"SH-17-10-10556-234","ME-09-06-10774-130",2,0,1,"{""אכזריות_או_ניצול"": ""לא צוין"", ""בעלות_הנשק"": ""הנשק היה בבעלותו של אחר"", ""האם_הייתה_רשות_להחזקה"": ""לא"", ""האם_הנשק_הוסתר"": ""כן, הוסתר בשקית בחצר ובכפפה מתחת למזרון בערימת זבל"", ""האם_הנשק_היה_טעון"": ""כן, מחסנית אחת הייתה טעונה"", ""האם_הנשק_היה_תקין"": ""לא צוין"", ""האם_העבירה_בוצעה_במקום_ציבורי"": ""לא, בסמוך לבית הנאשם ובחצר"", ""התגרות_נפגע"": ""לא רלוונטי"", ""חלקו_היחסי_של_הנאשם"": ""החזקה פיזית של הנשק"", ""יכולת_הבנה"": ""לא צוין קושי בהבנה"", ""יכולת_שליטה_במעשה"": ""לא צוין קושי בשליטה"", ""מיקום_הנשק"": [""שקית בחצר הסמוכה לבית הנאשם"", ""כפפה מתחת למזרון בערימת זבל במרחק כ-100 מטרים מביתו""], ""מספר_מחסניות"": 2, ""מספר_נשקים"": 1, ""מספר_קליעים"": 10, ""מצוקה_נפשית_עקב_התעללות"": ""לא צוין"", ""נזק_צפוי"": ""פוטנציאל נזק גבוה עקב החזקת נשק חם ותחמושת"", ""נזק_שנגרם"": ""לא צוין נזק בפועל"", ""ניצול_כוח_או_מעמד"": ""לא צוין"", ""סוג_הנשק"": ""אקדח"", ""סוג_העבירה"": ""החזקת נשק והחזקת אביזר נשק לתחמושת"", ""סוג_התחמושת"": ""מחסנית ובה 10 קליעים בקוטר 8 מ\""מ"", ""סיבות_לביצוע"": ""לא צוין"", ""סעיפי_חוק"": [""144(א) רישא"", ""144(א) סיפא""], ""קרבה_לסייג_לאחריות_פלילית"": ""לא צוין"", ""תכנון_מוקדם"": ""לא צוין תכנון מוקדם""}","{""אכזריות_או_ניצול_נפגע"": ""לא צוין"", ""דגם_הנשק"": ""ברטה"", ""האם_הייתה_תכנית_מוקדמת"": ""לא צוין"", ""האם_הנשק_היה_ברכב"": ""כן"", ""האם_הנשק_היה_ברשות_הנאשם"": ""כן"", ""חלקו_היחסי_של_הנאשם"": ""לא פורט"", ""יכולת_הבנה_של_הנאשם"": ""לא צוין"", ""יכולת_שליטה_במעשה"": ""לא צוין"", ""מיקום_העבירה"": ""רכב באזור כפר מושרייפה"", ""מספר_מעורבים"": ""2"", ""מצוקה_נפשית_של_הנאשם"": ""לא צוין"", ""נזק_שהיה_צפוי"": ""פוטנציאל לפגיעה בשל החזקת נשק חם"", ""נזק_שנגרם"": ""לא צוין"", ""ניצול_כוח_או_מעמד"": ""לא צוין"", ""סוג_הנשק"": ""אקדח"", ""סוג_העבירה"": ""החזקת ונשיאת נשק שלא כדין"", ""סיבות_לביצוע_העבירה"": ""לא צוין"", ""סעיפי_חוק"": [""144(א)"", ""144(ב)""], ""קרבה_לסייג_לאחריות_פלילית"": ""לא צוין""}",75.0,"1. **סוג העבירה וחומרתה** — שני התיקים עוסקים בהחזקת נשק ללא רשות, אקדח חם, מה שמייחד אותם כעבירות חמורות לפי סעיף 144. ההבדל בין ""החזקת נשק"" לבין ""החזקת ונשיאת נשק"" מזערי מהותית, שכן שניהם נוגעים לאי-امتثال לדרישות חוק הנשק. החומרה דומה.  
2. **תפקיד הנאשם ומעורבותו** — בתיק 1 יש תיאור מפורט של החזקה פיזית של הנשק (בשקית, בכפפה, מחוץ לבית), מה שמצביע על שליטה ישירה. בתיק 2 לא פורט החלק היחסי, אך נאמר שהנשק היה ברשותו וברכבו — גם זה מצביע על שליטה, אך פחות מפורט. מעורבותם של שני הנאשמים נראית דומה ברמה הכללית, אך חוסר פירוט בתיק 2 מונע השוואה מדויקת.  
3. **שיטת הביצוע (MO)** — בתיק 1 יש הסתרת הנשק במיקומים שונים (בחצר ובזבל), מה שמעיד על מודעות פלילית וניסיון להסתיר. בתיק 2 הנשק נמצא ברכב — פחות מראה על הסתרה מכוונת, אך עדיין מעיד על החזקה לא חוקית. הדפוס שונה במעט, אך שניהם מראים על ניסיון לשמור על שליטה בנשק מחוץ לתחום ציבורי.  
4. **נסיבות הליבה** — שניהם כוללים אקדח טעון (בתיק 1 צוין שהוא טעון, בתיק 2 לא צוין אך נשק ברכב מצביע על ניידות). בתיק 1 יש תחמושת (10 קליעים), בתיק 2 לא צוין. גם כאן, הפוטנציאל לנזק גבוה בשני המקרים. אין נזק בפועל, ואין נסיבות מחמירות נוספות.  
5. **ישימות כתקדים** — שני התיקים עוסקים בהחזקת נשק חם ללא רשות, בתחום הפרשנות של סעיף 144, עם נסיבות דומות: נשק טעון, מחוץ לבית, ללא רשות. למרות חוסר פירוט בתיק 2, המרכיבים המרכזיים זהים מספיק כדי ששני התיקים ייחשבו רלוונטיים זה לזה בפסיקה, במיוחד לעניין חומרת העבירה ומידת הסיכון.  

SIMILARITY_SCORE: 75","ok",""
"sh-10-05-7434-952","ME-21-10-18557-340",1,0,0,"{""אכזריות_או_ניצול"": ""לא צוין"", ""חלקו_היחסי_של_הנאשם"": ""מבצע יחיד"", ""יכולת_הבנה"": ""לא צוין קושי בהבנה"", ""יכולת_הימנעות"": ""לא צוין קושי להימנע"", ""כתובת_העבירה"": ""רחוב אורלנסקי 11 פתח תקווה"", ""מספר_כלי_נשק"": 2, ""מספר_עבירות"": 2, ""מצוקה_נפשית"": ""לא צוין"", ""מקום_החזקה"": ""דירת הנאשם"", ""נזק_צפוי"": ""פוטנציאל סיכון גבוה לציבור"", ""נזק_שנגרם"": ""לא צוין נזק בפועל"", ""ניצול_כוח_או_מעמד"": ""לא צוין"", ""סוג_הנשק"": ""אקדח חצי אוטומטי"", ""סוג_העבירה"": ""החזקת נשק ללא רישיון"", ""סוגי_כלי_הנשק"": [""אקדח ברטה חצי אוטומטי"", ""אקדח לאמה חצי אוטומטי""], ""סיבות_לביצוע"": ""לא צוין"", ""סעיף_חוק"": ""144(א) לחוק העונשין"", ""קרבה_לסייג_אחריות"": ""לא צוין"", ""רישיון_להחזקה"": ""ללא רישיון"", ""שנת_לידה_נאשם"": 1961, ""תכנון_מוקדם"": ""לא צוין""}","{""האם_בוצע_ירי_באזור_מגורים"": ""כן"", ""האם_בוצע_ירי_לעבר_אדם"": ""לא, הירי בוצע כלפי מעלה"", ""האם_היה_נזק_פוטנציאלי"": ""כן, סיכון חיי אדם"", ""האם_היה_סיכון_לחיי_אדם"": ""כן"", ""האם_היה_סכסוך_בין_הצדדים"": ""כן"", ""האם_הירי_בוצע_בכוונה_להפחיד"": ""כן"", ""האם_הירי_בוצע_בכוונה_להרוג"": ""לא"", ""האם_היתה_השפעה_של_אחרים_על_הנאשם"": ""ג'יהאד סייע אך לא השפיע על ההחלטה"", ""האם_היתה_התגרות_של_הנפגע"": ""לא צוין"", ""האם_היתה_כוונה_לפגוע_פיזית"": ""לא, כוונה להפחיד או להקניט"", ""האם_היתה_מצוקה_נפשית_של_הנאשם"": ""לא צוין"", ""האם_הנאשם_הבין_את_מעשיו"": ""כן"", ""האם_הנאשם_היה_בשליטה_על_מעשיו"": ""כן"", ""האם_הנאשם_ניצל_כוח_או_מעמד"": ""לא"", ""האם_הנשק_הוחזק_ללא_רשיון"": ""כן"", ""האם_הנשק_היה_ברכב"": ""כן"", ""האם_הנשק_טעון"": ""כן"", ""האם_העבירה_בוצעה_בסיוע_רכב"": ""כן"", ""האם_העבירה_בוצעה_בצוותא"": ""כן"", ""האם_העבירה_בוצעה_מתוך_תכנון"": ""כן, החזקת נשק, נסיעה יזומה למקום, נשיאה והובלה"", ""האם_העבירה_בוצעה_על_רקע_סכסוך"": ""כן"", ""האם_נגרם_נזק_פיזי"": ""לא"", ""חלקו_של_המסייע"": ""ג'יהאד - נהג, מסייע להובלה ונשיאה"", ""חלקו_של_הנאשם"": ""מרכזי, יוזם ומבצע עיקרי"", ""מטרת_הירי"": ""הפחדה או הקנטה"", ""מספר_יורים"": ""לפחות שניים"", ""מספר_מעורבים"": ""2 (הנאשם וג'יהאד)"", ""מקום_העבירה"": ""כפר אבו סנאן, אזור מגורים"", ""סוג_הנשק"": ""תת מקלע מאולתר"", ""סוג_העבירה"": ""עבירות בנשק וירי מנשק חם"", ""סעיפי_חוק"": [""144(א) רישא וסיפא"", ""144(ב) רישא וסיפא"", ""340א(ב)(1)"", ""340א(ב)(2)""], ""תחמושת"": ""מחסנית ולפחות שני כדורים בקליבר 9 מ\""מ""}",35.0,"1. **סוג העבירה וחומרתה**:  
התיק הראשון עוסק אך ורק בהחזקת נשק ללא רישיון, עבירה מסדרת החזקה. התיק השני כולל החזקת נשק ללא רישיון, אך גם ירי מנשק חם באזור מגורים, כחלק מעבירה אלימה עם מטרה של הפחדה. חומרתה של העבירה בתיק 2 גבוהה בהרבה – זו עבירה דרמטית, עם ירי בפועל, סיכון לציבור ותכנון.  
→ דמיון חלקי בסוג העבירה (שניהם כוללים סעיף 144(א)), אך חומרתה שונה מהותית.

2. **תפקיד הנאשם ומעורבותו**:  
בתיק 1 – הנאשם הוא מבצע יחיד, ללא צוות או שותפים. בתיק 2 – הנאשם הוא יוזם ומבצע עיקרי, אך פועל בצוות (נהג ומסייע). מעורבותו מרכזית בשני המקרים, אך בתיק 2 יש ארגון ושיתוף פעולה, מה שמעיד על רמה גבוהה יותר של אחריות.  
→ דמיון מודéré בתפקיד, אך לא זהה בשל שותפות וחלוקת תפקידים בתיק 2.

3. **שיטת הביצוע (MO)**:  
בתיק 1 – החזקה סטטית בנשק בבית, ללא פעולה פולשנית או שימוש. בתיק 2 – נשק מוחזק ברכב, מובל למטרה, טעון, ומשמש לירי בפועל (למרות שלא לעבר אדם). יש תכנון, תנועה, שימוש סמלי-אינטימידי.  
→ שיטת ביצוע שונה מהותית: מחסנית/שימוש פעיל מול החזקה פסיבית.

4. **נסיבות הליבה**:  
בתיק 1 – נשק חצי אוטומטי, אך ללא ירי, ללא סכסוך, ללא נזק. סיכון פוטנציאלי בלבד. בתיק 2 – ירי באזור מגורים, סכסוך אישי, שימוש בנשק לאיום, סיכון אמיתי לחיים, תכנון מוקדם, שימוש ברכב. נשק מאולתר – מעיד על רמת סיכון גבוהה.  
→ הנסיבות בתיק 2 מחמירות מאוד לעומת תיק 1, שקרוב יותר לעבירה טכנית.

5. **ישימות כתקדים**:  
בית משפט לא יראה בתיק 1 תקדים רלוונטי לעונישה בתיק 2, שכן עבירות הירי, התכנון, הסיכון, והשימוש בנשק במרחב ציבורי מהווים מימד ענישה שונה לגמרי. גם אם שניהם כוללים סעיף 144(א), ההקשר של ""שימוש"" לעומת ""החזקה"" קובע הפרדה משמעותית בפסיקה.  
→ לא סביר שיושם כתקדים ענייני.

**SIMILARITY_SCORE: 35**","ok",""
"SH-10-02-25802-731","ME-13-04-35007-454",1,0,0,"{""אכזריות_או_ניצול"": ""לא צוין"", ""חלקו_היחסי_של_הנאשם"": ""נאשם יחיד"", ""יכולת_הבנה"": ""לא צוין"", ""יכולת_הימנעות"": ""לא צוין"", ""יכולת_הנשק"": ""מסוגל לירות כדור ובכוחו להמית אדם"", ""מועד_ביצוע"": ""16/07/09 בשעה 11:00 או בסמוך לכך"", ""מצוקה_נפשית"": ""לא צוין"", ""מקום_ביצוע"": ""ביתו של הנאשם בכפר מגדל שמס"", ""נזק_צפוי"": ""פוטנציאל להמית אדם"", ""נזק_שנגרם"": ""לא צוין"", ""ניצול_כוח_או_מעמד"": ""לא צוין"", ""סוג_הנשק"": ""רובה צייד"", ""סוג_העבירה"": ""החזקת נשק שלא כדין והחזקת חלק-אבזר תחמושת של כלי נשק"", ""סוג_התחמושת"": ""אבזר ותחמושת של כלי נשק"", ""סיבות_לביצוע"": ""לא צוין"", ""סעיפי_חוק"": [""144(א)"", ""144(א)(1)""], ""קרבה_לסייג_לאחריות_פלילית"": ""לא צוין"", ""רישיון"": ""ללא רשות על פי דין"", ""תכנון_מוקדם"": ""לא צוין""}","{""אכזריות_או_ניצול"": ""לא צוין"", ""האם_בוצע_שימוש_בנשק"": ""לא צוין ירי או פציעה"", ""האם_בוצעה_אלימות_פיזית"": ""לא צוין"", ""האם_היה_תכנון_מוקדם"": ""כן, הצטיידות מראש בנשק"", ""האם_הייתה_השפעה_של_אחרים"": ""הסכסוך כלל מעורבות של אחרים"", ""האם_הנאשם_נמלט_מהמקום"": ""כן"", ""האם_הנשק_טעון"": ""כן"", ""האם_העבירה_בוצעה_במסגרת_סכסוך"": ""כן"", ""האם_העבירה_בוצעה_בציבור"": ""כן, במרכז הכפר"", ""יכולת_הבנה_ושליטה"": ""לא צוין קושי"", ""מועד_העבירה"": ""6/4/13"", ""מניע"": ""הפחדת אחרים המעורבים בסכסוך"", ""מספר_מעורבים_נוספים"": ""כן, אחרים היו מעורבים בסכסוך"", ""מקום_העבירה"": ""מרכז כפר דבוריה"", ""נזק_שהיה_צפוי"": ""פוטנציאל לפגיעה באחרים או להחמרת הסכסוך"", ""נזק_שנגרם"": ""לא צוין"", ""ניצול_מעמד_או_כוח"": ""לא צוין"", ""סוג_הנשק"": ""אקדח"", ""סוג_העבירה"": ""נשיאת והחזקת נשק שלא כדין"", ""סעיפי_חוק"": [""144(ב) רישא + סיפא"", ""144(א) רישא + סיפא""], ""רקע_לביצוע"": ""סכסוך בכפר דבוריה"", ""שעת_העבירה"": ""16:30 או בסמוך לכך""}",40.0,"1. **סוג העבירה וחומרתה**: שני התיקים עוסקים בהחזקת נשק ללא רשות, אולם בתיק 2 יש השפעה של סכסוך, חשיפה בציבור, ותכנון מוקדם, מה שמצביע על חומרה גבוהה יותר בהקשר של סיכון חברתי. תיק 1 מוגבל להחזקת נשק בבית, ללא רמז לשימוש או מטרה חיצונית. הדמיון חלקי – מדובר בעבירות דומות אך בהקשרים שונים של חומרה.  
2. **תפקיד הנאשם ומעורבותו**: בתיק 1 הנאשם הוא נאשם יחיד, ללא רמז לפעילות קבוצתית או סכסוך. בתיק 2 הנאשם מעורב בסכסוך, מתוכנן, ונמלט מהמקום – מעורבות פעילה יותר, ככל הנראה כחלק מקבוצה או סכסוך interpersonal. ההבדל במעורבות הוא מובהק.  
3. **שיטת הביצוע (MO)**: בתיק 1 – החזקה בבית, ללא תיאור של שימוש או ירי. בתיק 2 – נשיאת נשק טעון בציבור, בהקשר של סכסוך, עם תכנון מראש. שיטת הביצוע שונה מהותית:一个是 סטטי (אחסון), והשני דינמי (הצגה והרתעה).  
4. **נסיבות הליבה**: בתיק 2 יש נסיבות מחמירות – סכסוך, ציבורי, נשק טעון, ניסיון לפחדת אחרים, ניסיון לברוח. בתיק 1 – אין נסיבות מחמירות או מקלות, מעשה פרטי, ללא השפעה על ציבורים. הפער בהיקף הסיכון וההקשר הוא משמעותי.  
5. **ישימות כתקדים**: למרות השוני בפרטים, שני התיקים עוסקים בהחזקת נשק ללא רשות לפי סעיף 144, ועשויים להיחשב בתחום משפטי דומה. עם זאת, ההקשרים השונים (פרטי מול ציבורי, סכסוך מול החזקה סטטית) מקטינים מאוד את הסבירות שיתקבלו כתקדים זה לזה בעניין ענישה.  

SIMILARITY_SCORE: 40","ok",""
"ME-16-10-12213-904","ME-15-02-9111-399",1,0,0,"{""בעלות_הרכב"": ""רשום על שם אחיו של הנאשם"", ""האם_היה_צפי_לנזק"": ""כן, פוטנציאל נזק גבוה מנשק חם"", ""האם_הייתה_אכזריות_או_ניצול"": ""לא"", ""האם_הייתה_הובלה_או_הסתרה"": ""כן, הובלה והסתרה ברכב"", ""האם_הייתה_הודאה"": ""כן"", ""האם_הייתה_החזקה_ממושכת"": ""לא צוין"", ""האם_הייתה_השפעה_של_אחרים"": ""לא"", ""האם_הייתה_התגרות_של_נפגע"": ""לא"", ""האם_הייתה_התנגדות_למשטרה"": ""לא"", ""האם_הייתה_התעללות_בנאשם"": ""לא"", ""האם_הייתה_כוונה_לשימוש_בנשק"": ""לא צוין"", ""האם_הייתה_ניצול_מעמד"": ""לא"", ""האם_הייתה_שליטה_על_המעשה"": ""כן"", ""האם_הייתה_תחמושת_נוספת"": ""כן, כדור 9 מ\""מ במכנסי הנאשם"", ""האם_הייתה_תכנית_מוקדמת"": ""לא צוין"", ""האם_הנאשם_הבין_את_מעשיו"": ""כן"", ""האם_הנאשם_הוביל_את_הנשק"": ""כן"", ""האם_הנאשם_החזיק_ברכב"": ""כן"", ""האם_הנאשם_פעל_לבד"": ""כן"", ""האם_הנאשם_קטין"": ""לא"", ""האם_הנשק_הוסתר"": ""כן"", ""האם_הנשק_היה_ברכב_בעת_המעצר"": ""כן"", ""האם_הנשק_היה_טעון"": ""לא, המחסנית הייתה ריקה"", ""האם_הנשק_מאולתר"": ""כן"", ""האם_הנשק_תקין"": ""לא צוין"", ""האם_העבירה_בוצעה_ביותר_מנשק_אחד"": ""לא"", ""האם_העבירה_בוצעה_במסגרת_ארגון_פשע"": ""לא"", ""האם_העבירה_בוצעה_במקום_ציבורי"": ""לא, ברכב פרטי ליד הבית"", ""האם_העבירה_בוצעה_למטרת_סחר"": ""לא"", ""האם_התחמושת_תקינה"": ""כדור תואם לנשק"", ""האם_נגרם_נזק"": ""לא"", ""מועד_העבירה"": ""ספטמבר 2016 ו-1 באוקטובר 2016"", ""מסלול_הובלה"": ""מאזור מי-עמי לבית אמו באום-אל-פחם"", ""מקום_הסתרה"": ""מתחת לכיסא הנוסע שליד הנהג ברכב"", ""סוג_הנשק"": ""כלי נשק מאולתר מסוג קרל גוסטב"", ""סוג_העבירה"": ""נשיאת נשק ותחמושת ללא רישיון"", ""סוג_הרכב"": ""סובארו"", ""סוג_התחמושת"": ""מחסנית ריקה וכדור 9 מ\""מ"", ""סעיפי_חוק"": [""144(ב) רישה וסיפה לחוק העונשין""]}","{""האם_הוסתר_או_הושלך_הנשק"": ""הושלך במהלך מנוסה"", ""האם_היה_נזק_פוטנציאלי"": ""כן, נשק ותחמושת בכוחם להמית אדם"", ""האם_היה_נזק_פיזי"": ""לא"", ""האם_הייתה_אכזריות_או_אלימות_נוספת"": ""לא"", ""האם_הייתה_השפעה_של_אחרים"": ""לא צוין"", ""האם_הייתה_התגרות_של_נפגע_העבירה"": ""לא"", ""האם_הייתה_התעללות_בנאשם"": ""לא"", ""האם_הייתה_כוונה_להשתמש_בנשק"": ""לא צוין"", ""האם_הייתה_מנוסה_מהמשטרה"": ""כן"", ""האם_הייתה_רשות_להחזקה_או_נשיאה"": ""לא"", ""האם_הייתה_תכנית_מוקדמת"": ""לא צוין"", ""האם_הנאשם_הבין_את_מעשיו"": ""כן"", ""האם_הנאשם_הורשע_בעבר_בעבירות_נשק"": ""לא צוין"", ""האם_הנאשם_היה_בשליטה_על_מעשיו"": ""כן"", ""האם_הנאשם_ניצל_מעמד_או_כוח"": ""לא"", ""האם_הנשק_מסוגל_לירות"": ""כן"", ""האם_הנשק_תקין"": ""כן"", ""האם_העבירה_בוצעה_בזיקה_לעבירות_נוספות"": ""לא"", ""האם_העבירה_בוצעה_במסגרת_קבוצתית"": ""לא"", ""האם_העבירה_בוצעה_במקום_ציבורי"": ""כן"", ""האם_העבירה_קשורה_לארגון_פשיעה"": ""לא"", ""זמן_ביצוע"": ""25.1.15, סמוך לשעה 15:00"", ""מספר_כדורים"": 13, ""מקום_ביצוע"": ""סוכת אבלים, כפר בענה"", ""נסיבות_המעשה"": ""הנאשם הבחין בשוטרים, החל במנוסה כשהוא נושא את האקדח והמחסנית, וזרק אותם במהלך המנוסה"", ""סוג_הנשק"": ""אקדח FN מספר 74423"", ""סוג_העבירה"": ""החזקה ונשיאת נשק ללא רישיון"", ""סוג_תחמושת"": ""מחסנית עם 13 כדורים 9 מ\""מ"", ""סעיפי_חוק"": [""144(א)"", ""144(ב)""]}",58.0,"1. **סוג העבירה וחומרתה** — שני התיקים עוסקים בהחזקת ונשיאת נשק ללא רישיון, עבירה לפי סעיף 144 א' או ב' לחוק העונשין. החומרה דומה, אף שבראשון מדובר בנשק מאולתר (קרל גוסטב) ובשני באקדח תקני — אך שניהם כשירים לשימוש ולהמית. ציון: דומה מאוד.  
2. **תפקיד הנאשם ומעורבותו** — בשני המקרים הנאשם מעורב ישירות, באופן אישי ובאופן פעיל. אין רמז לארגון פשיעה או לשרשרת אספקה. מעורבותם פרטנית ולא ארגונית. ציון: זהה.  
3. **שיטת הביצוע (MO)** — בשני המקרים מדובר בנשיאת נשק ללא רישיון, אך שיטת הביצוע שונה: בתיק 1 — הובלה והסתרה ברכב לאורך מרחק, בתיק 2 — נשיאה ישירה וזריקת הנשק במהלך מנוסה מהמשטרה. ההסתרה אינה מתוכננת מראש אלא ריאקטיבית.  
4. **נסיבות הליבה** — בתיק 1 יש תכנון (הובלה ממוקדת), שימוש ברכב, נשק מאולתר, אך לא טעון. בתיק 2 — מעצר בשטח, מנוסה, נשק תקני וטעון (13 כדורים), במקום ציבורי. הפוטנציאל לנזק גבוה יותר בתיק 2, אך לא נגרם נזק פיזי באף אחד מהמקרים.  
5. **ישימות כתקדים** — שני התיקים רלוונטיים להשוואה בעניין עונשין על נשיאת נשק ללא רישיון, אך ההבדלים בסוג הנשק, שיטת ההסתרה, ההקשר (ציבורי מול פרטי), וההתנהגות מול המשטרה (מנוסה מול התנהלות שקטה) מקטינים את מידת הדמיון. בית משפט עשוי להתייחס אליהם כרלוונטיים, אך לא כדוגמאות זהות.

SIMILARITY_SCORE: 58","ok",""
"ME-16-05-25902-514","SH-11-01-41775-497",3,1,1,"{""אופן_נשיאת_הנשק"": ""על גופו מתחת לבגדיו"", ""האם_החזיק_תחמושת"": ""כן"", ""האם_החזקה_או_נשיאה_ברישיון"": ""לא"", ""האם_הייתה_אכזריות_או_ניצול_קורבן"": ""לא"", ""האם_הייתה_השפעה_של_אחרים"": ""לא צוין"", ""האם_הייתה_התגרות_או_מצוקה_נפשית"": ""לא צוין"", ""האם_הייתה_כוונה_לשימוש_פלילי_נוסף"": ""לא צוין"", ""האם_הייתה_ניצול_מעמד_או_כוח"": ""לא"", ""האם_הייתה_עסקת_רכישה"": ""כן"", ""האם_הייתה_פגיעה_פיזית_או_שימוש_בפועל"": ""לא"", ""האם_הנאשם_הבין_את_מעשיו"": ""לא צוין"", ""האם_הנאשם_היה_קטין"": ""לא"", ""האם_הנשק_גנוב"": ""כן"", ""האם_הנשק_היה_תקין_לשימוש"": ""לא צוין"", ""האם_העבירה_בוצעה_בזיקה_לארגון_פשיעה"": ""לא צוין"", ""האם_העבירה_בוצעה_ביותר_מנשק_אחד"": ""לא"", ""האם_העבירה_בוצעה_למטרות_רווח"": ""לא צוין"", ""האם_נשא_את_הנשק_לעבודה"": ""כן"", ""מועד_רכישת_הנשק"": ""פברואר 2016"", ""מועד_תפיסה_או_אירוע_מרכזי"": ""8.5.16 בשעה 06:00"", ""מספר_סידורי_של_הנשק"": ""682663"", ""מקום_החזקה"": ""מקלט ביתו בקלנסוואה"", ""נשיאת_הנשק_מחוץ_לבית"": ""כן"", ""סוג_הנשק"": ""אקדח ברטה"", ""סוג_העבירה"": ""נשיאת והחזקת נשק ללא רישיון"", ""סוג_התחמושת"": ""מחסנית עם 7 כדורים"", ""סעיפי_חוק"": [""144(ב) רישא וסיפא"", ""144(א) רישא וסיפא""], ""פרטי_הרכישה"": ""רכש את האקדח במועד שאינו ידוע במדויק בפברואר 2016"", ""תקופת_החזקה"": ""פברואר 2016 עד 8.5.16""}","{""אכזריות_או_ניצול"": ""לא צוין"", ""התגרות_נפגע"": ""לא רלוונטי"", ""חלקו_היחסי_של_הנאשם"": ""מבצע יחיד"", ""יכולת_הבנה"": ""לא צוין קושי בהבנה"", ""יכולת_שליטה_במעשה"": ""לא צוין קושי בשליטה"", ""מועד_סיום_ההחזקה"": ""1.6.08"", ""מצוקה_נפשית_עקב_התעללות"": ""לא צוין"", ""מקום_החזקת_הנשק"": ""ביתו של הנאשם"", ""מקום_החזקת_התחמושת"": ""רכבו של הנאשם"", ""נזק_צפוי"": ""פוטנציאל נזק גבוה עקב סוג הנשק"", ""נזק_שנגרם"": ""לא צוין נזק בפועל"", ""ניצול_כוח_או_מעמד"": ""לא צוין"", ""סוג_הנשק"": ""אקדח"", ""סוג_העבירה"": ""החזקת נשק ונשיאת תחמושת"", ""סוג_התחמושת"": ""מחסנית ו-34 כדורי אקדח"", ""סיבות_לביצוע"": ""לא פורטו"", ""קרבה_לסייג_לאחריות_פלילית"": ""לא צוין"", ""רישיון_להחזקה"": ""ללא רישיון"", ""תכנון_מוקדם"": ""לא צוין תכנון מוקדם"", ""תקופת_ההחזקה"": ""כשנה וחצי""}",60.0,"1. **סוג העבירה וחומרתה** — שני התיקים עוסקים בהחזקת או נשיאת נשק ותחמושת ללא רישיון, עבירות לפי סעיף 144 א/ב של חוק העונשין. בעוד שהתיק הראשון כולל גם נשיאה וגם החזקה (כולל מחוץ לבית), התיק השני מתייחס להחזקת נשק ותחמושת בנפרד. החומרה דומה, אך תיק 1 כולל נסיבות חמורות יותר (נשיאת נשק גנוב לעבודה).  
2. **תפקיד הנאשם ומעורבותו** — בשני המקרים מדובר במבצע יחיד, ללא רמז למעורבות ארגונית או תיווך. מעורבותם פעילה ו пряמית, אך אין מידע על מוטיבציה או הקשר רחבי יותר. הדמיון במעורבות הוא גבוה.  
3. **שיטת הביצוע (MO)** — בשני המקרים הנשק הוחזק בבית, אך בתיק 1 יש נשיאה קבועה מחוץ לבית (כולל לעבודה), מה שמצביע על דפוס שימוש מתמשך, בניגוד לתיק 2, שבו אין מידע על נשיאה מחוץ לבית. בנוסף, בתיק 1 יש רכישה ישירה של נשק גנוב, מה שמעיד על מאמץ פעיל, בעוד בתיק 2 אין מידע על מקורות.  
4. **נסיבות הליבה** — בתיק 1: נשק גנוב, מחוסן, נשיאה תחת הבגדים, מחסנית עם 7 כדורים, נשיאה לעבודה – מצביע על סיכון גבוה. בתיק 2: כמות תחמושת גדולה (34 כדורים), אך אין מידע על שימוש, נשיאה מחוץ לבית או נשק גנוב. סיכון פוטנציאלי קיים, אך אין עדויות להתנהגות פעילה.  
5. **ישימות כתקדים** — שני התיקים רלוונטיים להערכת עונש על החזקת נשק ללא רישיון, אך תיק 1 כולל נסיבות מחמירות נוספות (נשיאת נשק גנוב לעבודה, מחוץ לבית, מחוסן) שלא קיימות בתיק 2. לכן, למרות הדמיון בסוג העבירה, ההבדלים בנסיבות מקטינים את מידת הרלוונטיות הדדית כתקדים ענייני.  

SIMILARITY_SCORE: 60","ok",""
"ME-18-05-32659-754","ME-16-08-54879-35",3,1,1,"{""אופן_החזקה"": ""הנשק והתחמושת הוסתרו במקומות שונים ברכב"", ""אכזריות_או_ניצול"": ""לא צוין"", ""האם_הייתה_אלימות_כלפי_שוטרים"": ""כן, דחיפות וניסיון להשתחרר מאחיזתם"", ""האם_הייתה_הובלה_או_נשיאה"": ""כן, נשיאה והובלה ברכב"", ""האם_הייתה_הודאה"": ""כן, במסגרת כתב אישום מתוקן"", ""האם_הייתה_הפרעה_לשוטר"": ""כן"", ""האם_הייתה_התנגדות_למעצר"": ""כן, דחף שוטרים וניסה להשתחרר מאחיזתם"", ""האם_הנשק_תקין"": ""הנשק מסוגל לירות כדור שבכוחו להמית אדם"", ""האם_העבירה_בוצעה_במהלך_פעילות_משטרתית"": ""כן, במהלך מחסום משטרתי"", ""התגרות_נפגע"": ""לא צוין"", ""חלקו_של_הנאשם"": ""נאשם יחיד, פעל לבדו"", ""יכולת_הבנה"": ""לא צוין קושי בהבנה או בגיל"", ""יכולת_שליטה"": ""הנאשם התנגד למעצר, דחף שוטרים וניסה להשתחרר מאחיזתם"", ""מספר_נשקים"": ""נשק אחד עיקרי (תת-מקלע מאולתר), תחמושת ורימונים"", ""מצוקה_נפשית"": ""לא צוין"", ""מקום_ביצוע"": ""בתוך רכב בירכא"", ""נזק_צפוי"": ""נשק חם ותחמושת בכמות שמסוגלת להמית אדם"", ""נזק_שנגרם"": ""לא נגרם נזק בפועל"", ""ניצול_כוח_או_מעמד"": ""לא צוין"", ""נשק_שהוחזק"": ""תת-מקלע מאולתר בקוטר 9 מ\""מ פאראבלום, מחסנית ריקה לעוזי, 9 כדורים לאקדח 9 מ\""מ פאראבלום, 10 כדורים בקוטר 5.56 מ\""מ, שני רימוני גז מדמיע, ערכת ניקוי נשק"", ""סוג_העבירה"": ""נשיאת והובלת נשק ללא רישיון, הפרעה לשוטר במילוי תפקידו"", ""סוג_הרימונים"": ""שני רימוני גז מדמיע"", ""סוג_התחמושת"": [""9 כדורים לאקדח 9 מ\""מ פאראבלום"", ""10 כדורים בקוטר 5.56 מ\""מ""], ""סיבות_לביצוע"": ""לא פורטו"", ""סעיפי_חוק"": [""144(ב) לחוק העונשין"", ""275 לחוק העונשין""], ""קרבה_לסייג_אחריות"": ""לא צוין"", ""תכנון_מוקדם"": ""לא צוין תכנון מוקדם""}","{""אכזריות_או_ניצול_נפגע"": ""לא רלוונטי"", ""האם_החזקה_במקום_מגורים"": ""כן"", ""האם_החזקה_ברישיון"": ""לא"", ""האם_החזקה_ברשות_הנאשם"": ""כן"", ""האם_החזקה_בתיק"": ""כן"", ""האם_הנשק_בכוחו_להמית"": ""כן"", ""האם_הנשק_סוגל_לירות"": ""כן"", ""האם_העבירה_בוצעה_לבד"": ""כן"", ""התגרות_נפגע"": ""לא רלוונטי"", ""יכולת_הבנה_של_הנאשם"": ""לא צוין"", ""יכולת_שליטה_במעשה"": ""לא צוין"", ""מועד_ביצוע"": ""17.8.16, סמוך לשעה 11:00"", ""מצוקה_נפשית_של_הנאשם"": ""לא צוין"", ""מקום_ביצוע"": ""רחוב ברזילי 12, חיפה"", ""נזק_צפוי"": ""פוטנציאל קטלני מהנשק"", ""נזק_שנגרם"": ""לא צוין"", ""ניצול_כוח_או_מעמד"": ""לא רלוונטי"", ""סוג_הנשק"": ""תת מקלע מאולתר בקוטר 9 מ\""מ"", ""סוג_העבירה"": ""נשיאת והובלת נשק ללא רישיון"", ""סיבות_לביצוע"": ""לא צוין"", ""סעיף_חוק"": ""144(ב) רישא וסיפא לחוק העונשין"", ""קרבה_לסייג_לאחריות_פלילית"": ""לא צוין"", ""תחמושת"": ""מחסנית עם 7 כדורים"", ""תכנון_מוקדם"": ""לא צוין""}",55.0,"1. **סוג העבירה וחומרתה** — שני התיקים עוסקים בעבירה של נשיאת והובלת נשק ללא רישיון, ובשניהם מדובר בתת-מקלע מאולתר מסוגל לירות ולהמית. תיק 1 כולל בנוסף הפרעה לשוטר והתנגדות למעצר, מה שמגביל אותו כחמור יותר. עם זאת, הליבה של העבירה זהה ובחומרה דומה.  
2. **תפקיד הנאשם ומעורבותו** — בשני המקרים מדובר בנאשם יחיד שפעל לבדו, מחזיק ונושא את הנשק. אין רמז לארגון או לשרשרת אספקה. המעורבות היא ישירה ופעילה, אך לא כחלק מפעילות שותפת.  
3. **שיטת הביצוע (MO)** — בתיק 1 הנשק הוסתר ברכב, ובתיק 2 נמצא ברשותו במרחב ציבורי (רחוב). בשניהם יש הובלה של נשק פעיל, אך בתיק 1 יש ארגון מוקדם של הוסתרת הנשק ותחמושת מרובה יותר, כולל רימונים – מה שמצביע על MO מורכב יותר.  
4. **נסיבות הליבה** — בתיק 1 יש נשק, תחמושת, רימונים, התנגדות למשטרה, הפרעה, אלימות – נסיבות מחמירות ברורות. בתיק 2 מדובר בהחזקת נשק בלבד, ללא התנגדות או נסיבות נוספות. ההבדל בנסיבות הוא משמעותי.  
5. **ישימות כתקדים** — למרות הדמיון בסוג הנשק והעבירה המרכזית, תיק 1 כולל נסיבות מחמירות רבות (אלימות, הפרעה, רימונים, מחסום משטרתי) שעשויות להצדיק עונש כבד יותר. בית משפט יראה בהם תיקים שונים מהותית לצורכי ענישה, גם אם שניהם עוסקים בהחזקת נשק מאולתר.  

SIMILARITY_SCORE: 55","ok",""
"ME-17-05-35227-215","ME-15-02-9111-399",1,0,0,"{""אופן_הובלה"": ""בתוך תא המטען של אופנוע"", ""אכזריות_או_ניצול"": ""לא"", ""אמצעי_תחבורה"": ""אופנוע מסוג קואנג יאנג טיו"", ""האם_הייתה_רשות_להחזקה"": ""לא"", ""האם_הייתה_תכנית_מוקדמת"": ""לא צוין"", ""האם_הנשק_היה_טעון"": ""בתוך הנשק נמצאה מחסנית"", ""האם_הנשק_היה_תקין"": ""לא צוין"", ""האם_העבירה_בוצעה_במסגרת_קבוצתית"": ""לא"", ""חלקו_היחסי_של_הנאשם"": ""מבצע יחיד"", ""יכולת_הבנה_של_הנאשם"": ""לא צוין"", ""יכולת_שליטה_במעשה"": ""לא צוין"", ""מועד_העבירה"": ""7 במאי 2017 בשעת צהריים"", ""מצוקה_נפשית_של_הנאשם"": ""לא צוין"", ""נזק_צפוי"": ""פוטנציאל סיכון גבוה לציבור"", ""נזק_שנגרם"": ""לא צוין"", ""ניצול_כוח_או_מעמד"": ""לא"", ""סוג_הנשק"": ""תת-מקלע מאולתר"", ""סוג_העבירה"": ""נשיאת והובלת נשק ללא רישיון"", ""סוג_התחמושת"": ""מחסנית"", ""סיבות_לביצוע"": ""לא צוין"", ""סעיף_חוק"": ""144(ב) רישא וסיפא לחוק העונשין"", ""קרבה_לסייג_לאחריות_פלילית"": ""לא""}","{""האם_הוסתר_או_הושלך_הנשק"": ""הושלך במהלך מנוסה"", ""האם_היה_נזק_פוטנציאלי"": ""כן, נשק ותחמושת בכוחם להמית אדם"", ""האם_היה_נזק_פיזי"": ""לא"", ""האם_הייתה_אכזריות_או_אלימות_נוספת"": ""לא"", ""האם_הייתה_השפעה_של_אחרים"": ""לא צוין"", ""האם_הייתה_התגרות_של_נפגע_העבירה"": ""לא"", ""האם_הייתה_התעללות_בנאשם"": ""לא"", ""האם_הייתה_כוונה_להשתמש_בנשק"": ""לא צוין"", ""האם_הייתה_מנוסה_מהמשטרה"": ""כן"", ""האם_הייתה_רשות_להחזקה_או_נשיאה"": ""לא"", ""האם_הייתה_תכנית_מוקדמת"": ""לא צוין"", ""האם_הנאשם_הבין_את_מעשיו"": ""כן"", ""האם_הנאשם_הורשע_בעבר_בעבירות_נשק"": ""לא צוין"", ""האם_הנאשם_היה_בשליטה_על_מעשיו"": ""כן"", ""האם_הנאשם_ניצל_מעמד_או_כוח"": ""לא"", ""האם_הנשק_מסוגל_לירות"": ""כן"", ""האם_הנשק_תקין"": ""כן"", ""האם_העבירה_בוצעה_בזיקה_לעבירות_נוספות"": ""לא"", ""האם_העבירה_בוצעה_במסגרת_קבוצתית"": ""לא"", ""האם_העבירה_בוצעה_במקום_ציבורי"": ""כן"", ""האם_העבירה_קשורה_לארגון_פשיעה"": ""לא"", ""זמן_ביצוע"": ""25.1.15, סמוך לשעה 15:00"", ""מספר_כדורים"": 13, ""מקום_ביצוע"": ""סוכת אבלים, כפר בענה"", ""נסיבות_המעשה"": ""הנאשם הבחין בשוטרים, החל במנוסה כשהוא נושא את האקדח והמחסנית, וזרק אותם במהלך המנוסה"", ""סוג_הנשק"": ""אקדח FN מספר 74423"", ""סוג_העבירה"": ""החזקה ונשיאת נשק ללא רישיון"", ""סוג_תחמושת"": ""מחסנית עם 13 כדורים 9 מ\""מ"", ""סעיפי_חוק"": [""144(א)"", ""144(ב)""]}",60.0,"1. **סוג העבירה וחומרתה** — שני התיקים עוסקים בהחזקת או נשיאת נשק ללא רישיון, עבירה לפי סעיף 144 לחוק העונשין. ההבדל בין ""נשיאה והובלה"" לבין ""החזקה ונשיאה"" הוא מינורי, והחומרה דומה — שניהם עוסקים בנשיאה של נשק קטלני ללא היתר, עם פוטנציאל נזק גבוה.  
2. **תפקיד הנאשם ומעורבותו** — בשני המקרים מדובר במבצע יחיד, ללא קשר לארגון פשיעה או מעורבות קבוצתית. מעורבותם פעילה ומרכזית — נשיאת הנשק בכפיפה למשמע.  
3. **שיטת הביצוע (MO)** — בשני המקרים הנשק היה אצלו בזמן הפעולה, אך בתיק 2 יש מנוסה מהמשטרה והשלכת הנשק, בעוד בתיק 1 אין מידע על התנהגות דומה. שיטת ההסתרה שונה (תא מטען אופנוע לעומת נשיאה ישירה והשלכה), מה שמצביע על דפוס שונה ב一定程度.  
4. **נסיבות הליבה** — בתיק 2 יש נשק תקין, טעון, עם 13 כדורים, במקום ציבורי, במהלך מנוסה מהמשטרה — נסיבות מחמירות. בתיק 1, אף על פי שהנשק טעון (מחסנית נמצאת בתוכו), אין מידע על תקינות, כוונה, או התנהגות מסוכנת בזמן הפעולה. חוסר תכנון מובהק בתיק 1 לעומת התנהגות ריאקטיבית בתיק 2.  
5. **ישימות כתקדים** — שני התיקים רלוונטיים להערכת עונש בעבירות נשיאת נשק ללא רישיון, אך ההבדלים בנסיבות (מנוסה, השלכת נשק, נסיבות ציבוריות ופיזיות) עושים את תיק 2 חמור יותר. עם זאת, הם שייכים לאותו תחום משפטי רלוונטי, ועשויים להיחשב בדיקה מקבילה לעונש, אך לא כתקדים ישיר.  

SIMILARITY_SCORE: 60","ok",""
"ME-16-04-12480-812","ME-12-03-15148-775",1,0,0,"{""האם_הייתה_החמרה_בנסיבות"": true, ""האם_הייתה_כוונה_לפגוע"": true, ""האם_הייתה_פגיעה_בבני_אדם"": false, ""האם_הייתה_פגיעה_ברכוש"": true, ""האם_הייתה_פגיעה_בשלוות_הציבור"": true, ""האם_הייתה_פגיעה_פיזית_בפועל"": false, ""הודאה"": true, ""מספר_אישומים"": 3, ""מספר_ירי_במקרה_ראשון"": 2, ""מספר_ירי_במקרה_שני"": 12, ""מקום_ביצוע"": [""טירת הכרמל"", ""אתר בניה"", ""קרבת בית המתלונן""], ""ניהול_הליך_חלקי"": true, ""נסיבות"": [""חוב כספי קטן (300 ש\""ח) בגין עסקת רכב"", ""ויכוח בין הנאשם למתלונן"", ""הנאשם רעול פנים"", ""הנאשם מצויד בנשק חם"", ""ירי באוויר להפחדה"", ""ירי לעבר אדם בניסיון לחבול בו"", ""ירי לעבר בית מגורים בשעות בוקר מוקדמות"", ""פגיעה בקירות חיצוניים ובמרפסת הבית"", ""החזקת נשק, מחסנית ותחמושת באתר בניה"", ""הסתרת תחמושת בכלי עבודה ובמכולה""], ""סוגי_נשק"": [""נשק חם (לא מפורט סוג באישום ראשון)"", ""תת מקלע מאולתר"", ""מחסנית"", ""תחמושת (כדורים)""], ""סעיפי_חוק"": [""סעיף 25 לחוק העונשין"", ""סעיף 335 לחוק העונשין"", ""סעיף 333 לחוק העונשין"", ""סעיף 144(א) לחוק העונשין"", ""סעיף 144(ב) לחוק העונשין"", ""סעיף 192 לחוק העונשין""], ""עבירות_עיקריות"": [""ניסיון חבלה חמורה בנסיבות מחמירות"", ""עבירות בנשק (החזקה)"", ""עבירות בנשק (נשיאה והובלה)"", ""איומים""], ""קורבנות"": [""המתלונן"", ""עובד באתר בניה"", ""בני משפחת המתלונן""]}","{""אמצעי_זיוף"": ""הסרת לוחות זיהוי מקוריות והתקנת לוחיות זיהוי שונות"", ""האם_בוצע_שינוי_זהות_לרכב"": ""כן"", ""האם_החזקה_בבית"": ""לא"", ""האם_החזקה_ביחד_עם_אחרים"": ""לא צוין"", ""האם_החזקה_במקום_עבודה"": ""לא צוין"", ""האם_החזקה_במקום_ציבורי"": ""לא צוין"", ""האם_החזקה_ברכב"": ""כן"", ""האם_הייתה_אכזריות_או_ניצול"": ""לא"", ""האם_הייתה_הכנה_מוקדמת"": ""כן"", ""האם_הייתה_השפעה_של_אחרים"": ""לא צוין"", ""האם_הייתה_התגרות_של_נפגע"": ""לא"", ""האם_הייתה_כוונה_להסוות_פעילות_עבריינית"": ""כן, באמצעות זיוף לוחות זיהוי"", ""האם_הייתה_כוונה_לשימוש_בנשק"": ""לא צוין"", ""האם_הייתה_מצוקה_נפשית"": ""לא צוין"", ""האם_הייתה_ניצול_מעמד"": ""לא"", ""האם_הייתה_פגיעה_פיזית"": ""לא"", ""האם_הייתה_שליטה_על_המעשה"": ""כן"", ""האם_הייתה_תכנית_מוקדמת"": ""כן, זיוף לוחות זיהוי והחזקת נשק ברכב"", ""האם_הנאשם_הבין_את_מעשיו"": ""כן"", ""האם_הנאשם_קטין"": ""לא צוין"", ""האם_הנשק_היה_טעון"": ""כן"", ""האם_הנשק_היה_תקין"": ""לא צוין"", ""האם_העבירה_בוצעה_ביותר_מנשק_אחד"": ""לא, רק אקדח אחד אמיתי"", ""האם_העבירה_בוצעה_במסגרת_ארגון_פשע"": ""לא צוין"", ""האם_העבירה_בוצעה_לשם_רווח_כלכלי"": ""לא צוין"", ""האם_העבירה_בוצעה_עם_אביזרים_נלווים"": ""כן, משתיק קול לאקדח דמה, כפפות בד"", ""האם_העבירה_בוצעה_עם_תחמושת"": ""כן"", ""האם_נגרם_נזק_רכוש"": ""לא צוין"", ""האם_נמצא_מחסנית"": ""כן"", ""מספר_כדורים"": 11, ""סוג_העבירה_העיקרית"": ""החזקת נשק שלא כדין"", ""סוג_הרכב"": ""הונדה סיוויק"", ""סוג_נשק"": ""אקדח ברטה בקוטר 9 מ\""מ"", ""סעיפי_חוק_רלוונטיים"": [""144(א) רישא וסיפא"", ""413ט'""], ""פריטים_נוספים_שנמצאו"": [""אקדח דמה עם משתיק קול"", ""מספר זוגות כפפות בד"", ""לוחיות זיהוי מקוריות""]}",30.0,"1. **סוג העבירה וחומרתה**:  
התיק הראשון עוסק בעבירות ירי, איומים, ניסיון לחבלה חמורה, והחזקת נשק בהקשר אלים ופוגעני, עם נזק רכוש ופגיעה בשליוּת הציבור. התיק השני עוסק בהחזקת נשק שלא כדין, בקשר לזיוף לוחות רישוי, ללא התנהגות אלימה או ניסיון לפגוע. בעוד ששניהם כוללים עבירות נשק לפי סעיף 144, עיקר העבירה בתיק הראשון הוא אלים ופוגעני, בעוד בתיק השני – טכני ומערבי. החומרה בתיק הראשון גבוהה בהרבה.

2. **תפקיד הנאשם ומעורבותו**:  
בתיק הראשון הנאשם הוא יזם המעשה: ירה, איים, תכנן והחזיק נשק בהקשר של ויכוח אישי. בתיק השני הנאשם מעורב בהחזקת נשק ובזיוף זהות רכב, אך אין ראיות למעורבות ישירה באלימות או בירי. מעורבותו יותר לוגיסטית ומערבית, ולא כפוגע פעיל.

3. **שיטת הביצוע (MO)**:  
בתיק הראשון: ירי באוויר ובכיוון בניינים ובכיוון אדם, בהקשר של ויכוח ותסכול, עם נשק אמיתי, בהקשר של איום וتروמה. בתיק השני: החזקת נשק טעון ברכב, כחלק מ系列活动 כולל זיוף זהות, ככל הנראה להסוואה. אין ירי, איומים או התנהגות אגרסיבית. שיטות הביצוע שונות מהותית – אחת אלימה ופוגענית, השנייה מונעת הסתרה.

4. **נסיבות הליבה**:  
בתיק הראשון: יש ויכוח אישי, חוב קטן, נשק טעון, ירי לעבר בית ולכיוון אדם, פגיעה ברכוש, שעות בוקר מוקדמות, נשק מאולתר, הסתרת תחמושת – נסיבות מחמירות ברורות. בתיק השני: זיוף זהות רכב, החזקת נשק ברכב, כנראה לצורך הסתרה, אך ללא ירי, איומים או נזק. אין נסיבות של אלימות או סיכון ישיר.

5. **ישימות כתקדים**:  
השוני בין שני התיקים מהותי מדי כדי שיקבע תקדים ענייני. בית משפט יראה בתיק הראשון עבירה אלימה עם נשק בהקשר של איום וتروמה, ובתיק השני – עבירה של החזקה לא חוקית בהקשר של זיוף זהות. אף על פי ששניהם כוללים סעיף 144, ההקשר, המניע, הסיכון וההשפעה שונים קיצוניים. לא סביר שפסק דין מאחד יועיל בקביעת עונש בשני.

SIMILARITY_SCORE: 30","ok",""
"ME-16-02-59812-881","ME-16-03-54615-517",1,0,0,"{""האם_הייתה_החלטה_מוקדמת_למכור"": ""החלטה התקבלה בעקבות תסמיני גמילה"", ""האם_הייתה_הצעה_קודמת_למכור_את_הנשק"": ""כן, מספר פעמים בעבר אך הנאשמת סירבה"", ""האם_הייתה_השפעה_של_אחר_על_הנאשמת"": ""מחמוד הציע בעבר לרכוש את האקדח"", ""האם_הייתה_כוונה_להתחמק_מעונש"": ""כן, באמצעות מסירת ידיעה כוזבת"", ""האם_הייתה_פגיעה_באמון_הציבור"": ""כן, בשל תפקידה כמאבטחת בבית ספר"", ""האם_הייתה_פגיעה_בביטחון_הציבור"": ""פוטנציאלית, העברת נשק לא חוקית"", ""האם_הייתה_פנייה_למשטרה"": ""כן, על ידי המעביד בעקבות הדיווח הכוזב"", ""האם_הייתה_שליטה_על_המעשה"": ""כן, הנאשמת יזמה את המכירה"", ""האם_הייתה_תחבולה_או_הסתרה"": ""כן, סיפור שוד כוזב ודיווח שקרי"", ""האם_הייתה_תחבולה_או_שיבוש_לאחר_העבירה"": ""כן, הנאשמת בדתה סיפור שוד ומסרה ידיעה כוזבת למשטרה"", ""האם_הייתה_תלות_בסמים"": ""כן, צריכה עצמית ותסמיני גמילה"", ""האם_הנאשמת_הודתה_במעשים"": ""כן, בהמשך החקירה"", ""האם_הנשק_היה_ברישיון"": ""כן, במסגרת עבודתה כמאבטחת"", ""האם_העבירה_בוצעה_בתמורה_לסמים"": ""כן, חלק מהתמורה היה סם הרואין"", ""מניע_לביצוע_העבירה"": ""צורך בכסף לרכישת סמים עקב תסמיני גמילה"", ""מספר_כדורים"": 20, ""מספר_מחסניות"": 1, ""מקום_ביצוע_העבירה"": ""סמוך למקום מגוריו של מחמוד"", ""סוג_הנשק"": ""אקדח 9 מ\""מ מסוג תארוס"", ""סוג_העבירה_העיקרית"": ""סחר בנשק"", ""סעיף_חוק_עיקרי"": ""144(ב2)"", ""סעיפי_חוק_נוספים"": [""243 סיפא"", ""244""], ""עבירות_נוספות"": [""מסירת ידיעה כוזבת על עבירת פשע"", ""שיבוש הליכי משפט""], ""קשר_קודם_בין_הצדדים"": ""רכישת סמים קודמת ממחמוד"", ""תמורה_עבור_הנשק"": ""8,000 ש\""ח במזומן וארבע חבילות הרואין"", ""תקופת_ביצוע_העבירה"": ""פברואר 2016""}","{""אכזריות_או_ניצול_הנפגע"": ""לא"", ""האם_הייתה_התגרות_של_הנפגע"": ""לא רלוונטי"", ""האם_הייתה_התעללות_בנאשם"": ""לא"", ""האם_הנאשם_הורשע_בעבר_בעבירות_נשק"": ""לא צוין"", ""האם_הנשק_היה_תקין"": ""לא"", ""האם_העבירה_בוצעה_בזיקה_לארגון_פשיעה"": ""לא צוין"", ""חלקו_של_הנאשם"": ""מרכזי, תיווך ומסירה של הנשק"", ""יוזם_העבירה"": ""מחמד עליאן פנה לנאשם"", ""יכולת_הבנה_של_הנאשם"": ""לא צוין קושי בהבנה"", ""יכולת_שליטה_במעשה"": ""לא צוין קושי בשליטה"", ""מניע_העבירה"": ""רווח כספי"", ""מספר_נשקים"": 2, ""מספר_עסקאות"": 1, ""מקום_העבירה"": ""סמוך לביתו של מחמד"", ""משך_העבירה"": ""כשלושה שבועות"", ""נזק_צפוי"": ""פוטנציאל נזק גבוה עקב סחר בנשק חם"", ""נזק_שנגרם"": ""לא נגרם נזק בפועל, הנשק לא פעל"", ""ניצול_כוח_או_מעמד"": ""לא"", ""סוג_הנשק"": ""תת-מקלע מסוג קרלו"", ""סוג_העבירה"": ""סחר בנשק"", ""סעיף_חוק"": ""144(ב2) לחוק העונשין"", ""קרבה_לסייג_לאחריות_פלילית"": ""לא"", ""תכנון_מוקדם"": ""כן, הנאשם פעל לבקשת מחמד להשגת נשק"", ""תמורה_כספית"": ""כן, 3000 ש\""ח""}",55.0,"1. **סוג העבירה וחומרתה**: שני התיקים עוסקים בסחר בנשק לפי סעיף 144(ב2), עבירה חמורה עם פוטנציאל נזק גבוה לביטחון הציבור. עם זאת, בתיק 1 יש שימוש בתחבולה, ידיעה כוזבת ושיבוש הליכים, וכן מעורבות של סמים – מה שמגביר את החומרה. בתיק 2 אין הפרעה להוגנות המשפטית, אך מדובר בנשק חם (תת-מקלע), שעשוי להיחשב חמור יותר מאקדח 9 מ""מ.  
→ דימיון גבוה בסוג העבירה, אך חומרתה בתיק 1 מוגברת בשל נסיבות נוספות.

2. **תפקיד הנאשם ומעורבותו**: בתיק 1 הנאשמת יזמה את המכירה, הייתה בעלת הנשק (ברישיון), וביצעה את המעשה מתוך צורך אישי (תלות בסמים). בתיק 2 הנאשם לא היה יוזם, אלא פעל upon request – תיווך לבקשת מחמד. מעורבותו מרכזית, אך פחות אקטיבית מהתיק הראשון.  
→ בתיק 1 יש מעורבות ישירה ויזמית, בתיק 2 – מעורבות תיווכית. לא זהה, אך שניהם פעילים.

3. **שיטת הביצוע (MO)**: בתיק 1 יש תחבולה מכוונת: סיפור שוד, ידיעה כוזבת, הסתרת עבירה. בתיק 2 אין תחבולה או שיבוש – העברה ישירה של נשק בתמורה לכסף, ללא ניסיון להסתיר.  
→ שיטת ביצוע שונה מהותית: תחבולה מול עסקה ישירה.

4. **נסיבות הליבה**: בתיק 1 יש תמורה חלקית בסמים, תלות, תכנון מינימלי (בעקבות גמילה), נשק ברישיון שהופך ללא חוקי. בתיק 2 – תמורה כספית טהורה, תכנון מוקדם, אך נשק לא תקין. הכמות (2 נשקים) וסוג הנשק (קרלו) עלולים להיחשב חמורים יותר.  
→ נסיבות שונות: אחד מונע על ידי תלות, אחר על ידי רווח; אחד כולל הפרעה להוגנות, השני לא.

5. **ישימות כתקדים**: למרות ששני התיקים עוסקים בסחר בנשק לפי אותו סעיף, ההקשרים שונים: תיק 1 כולל נסיבות מחמירות של שיבוש הליכים, עבירות נלוות, ותלות בסמים – מה שעשוי להצדיק ענישה שונה. תיק 2 הוא סחר יסודי יותר, ללא נסיבות מיוחדות. בית משפט יתקשה להשתמש באחד כתקדים ישיר לשני בשל ההבדלים בהקשר, מוטיבציה וMO.  
→ רלוונטיות מוגבלת כתקדים ענייני.

SIMILARITY_SCORE: 55","ok",""
"SH-23-03-19819-247","SH-16-11-7544-55",3,1,1,"{""אופן_הסתרה"": ""עטוף בשקית שחורה מעל ארון במטבח"", ""האם_החזקה_במקום_מגורים"": ""כן"", ""האם_החזקה_ללא_רישיון"": ""כן"", ""האם_הייתה_אכזריות_או_אלימות"": ""לא"", ""האם_הייתה_הודאה"": ""כן"", ""האם_הייתה_השפעה_של_אחרים"": ""לא צוין"", ""האם_הייתה_התגרות_או_מצוקה"": ""לא צוין"", ""האם_הייתה_חדירה_משטרתית"": ""כן, חיפוש משטרתי בבית"", ""האם_הייתה_כוונה_לשימוש"": ""לא צוין"", ""האם_הייתה_ניצול_מעמד"": ""לא"", ""האם_הייתה_פגיעה_בפועל"": ""לא"", ""האם_הייתה_פגיעה_צפויה"": ""כן, פוטנציאל מסוכן"", ""האם_הייתה_תכנית_מוקדמת"": ""לא צוין"", ""האם_הנשק_הוסב"": ""כן"", ""האם_הנשק_תקין"": ""כן, הוסב לירי תחמושת חיה"", ""חלקו_של_הנאשם"": ""בלעדי"", ""כמות_מחסניות"": ""שלוש"", ""כמות_תחמושת"": ""כמה עשרות כדורים"", ""מקום_ביצוע"": ""בית הנאשם ברהט"", ""סוג_הנשק"": ""רובה סער M-16 שהוסב לירי תחמושת חיה"", ""סוג_העבירה"": ""החזקת נשק ללא רישיון"", ""סוג_תחמושת"": ""כדורי 5.56 מ\""מ"", ""סעיפי_אישום"": ""144(א) רישא + סיפא לחוק העונשין"", ""תאריך_ביצוע"": ""15.2.23""}","{""האם_החזקה_במקום_ציבורי"": ""כן"", ""האם_החזקה_ברכב"": ""לא"", ""האם_החזקה_ללא_רישיון"": ""כן"", ""האם_היה_ניצול_כוח_או_מעמד"": ""לא"", ""האם_היו_שותפים"": ""לא"", ""האם_היתה_אכזריות_או_ניצול"": ""לא"", ""האם_היתה_השפעה_של_אחר"": ""לא"", ""האם_היתה_התגרות_של_נפגע"": ""לא"", ""האם_היתה_התעללות_בנאשם"": ""לא"", ""האם_היתה_כוונה_לשימוש"": ""לא ידוע"", ""האם_היתה_פגיעה_בפועל"": ""לא"", ""האם_היתה_פגיעה_צפויה"": ""כן"", ""האם_היתה_תכנית_מוקדמת"": ""לא ידוע"", ""האם_הנאשם_הבין_את_מעשיו"": ""כן"", ""האם_הנאשם_היה_בשליטה_על_מעשיו"": ""כן"", ""האם_הנשק_מאולתר"": ""כן"", ""האם_הנשק_תקין"": ""לא ידוע"", ""האם_קרבה_לסייג_לאחריות_פלילית"": ""לא"", ""חלקו_של_הנאשם"": ""בלעדי"", ""כמות_תחמושת"": 10, ""מקום_ביצוע"": ""מחלף להב-שומריה, כביש 6, לכיוון צפון"", ""סוג_הנשק"": ""רובה תת מקלע מאולתר"", ""סוג_העבירה"": ""החזקת נשק שלא כדין"", ""סוג_תחמושת"": ""מחסנית עם 10 קליעים בקוטר 9 מ\""מ"", ""סעיף_חוק"": ""144(א) רישא וסיפא לחוק העונשין"", ""תאריך_ביצוע"": ""26.10.16""}",45.0,"1. **סוג העבירה וחומרתה** — שני התיקים עוסקים בהחזקת נשק ללא רישיון לפי סעיף 144(א) רישא וסיפא, מה שמצביע על עבירה דומה ברמה החוקית. עם זאת, בתיק 1 מדובר בנשק מilitרי שהוסב לירי תחמושת חיה (רובה סער), שהוא חמור יותר מהרובה התת-מקלע המאולתר בתיק 2, גם אם האחרון נחשב מסוכן. החומרה therefore גבוהה יותר בתיק 1.

2. **תפקיד הנאשם ומעורבותו** — בשני המקרים מדובר במעורבות בלעדית, ללא שותפים או ניצול של מעמד. שני הנאשמים מחזיקים את הנשק באופן אישי, אך בתיק 1 החזקה בבית מעידה על תכנון או אחסון, בעוד בתיק 2 החזקה במקום ציבורי (כביש מהיר) עשויה להצביע על שימוש פוטנציאלי מיידי – אך אין ראיות לכוונה כזו. המעורבות פעילה ושווה בקירוב.

3. **שיטת הביצוע (MO)** — בתיק 1 יש הסתרה מכוונת (עטוף בשקית שחורה בארון), החזקה ממושכת בבית, ובאמצעי חיפוש משטרתי. בתיק 2 החזקה בר öff public, ללא הסתרה מפורשת, ובמצב של חפירה שוטרת רגילה. שיטת ההסתרה והביצוע שונה: אחת מכוונת ומאורגנת, השנייה פתאומית וצפויה פחות. אין דפוס MO זהה.

4. **נסיבות הליבה** — בתיק 1 יש נשק תקין שהוסב, כמות תחמושת גדולה יותר (""כמה עשרות""), והחזקת מחסניות. בתיק 2 – נשק מאולתר, כמות מוגבלת של תחמושת (10 קליעים), ותחמושת קטנה יותר. גם אם שניהם מהווים סיכון, התיק הראשון כולל נסיבות מחמירות ברורות: נשק מתקדם, הסתרה, מקום מגורים כבסיס פעילות. התיק השני נראה פחות מתוכנן.

5. **ישימות כתקדים** — שני התיקים עוסקים בהחזקת נשק ללא רישיון, ולכן עשויים להיחשב בתחום משפטי זהה. עם זאת, ההבדלים בחומרת הנשק, אופן ההסתרה, כמות התחמושת וההקשר (בית מול כביש מהיר) מקטינים את הסבירות שבית משפט יראה בתיק 2 תקדים רלוונטי לתיק 1. תקדים ייחשב רלוונטי רק באופן כללי, לא עניינית.

SIMILARITY_SCORE: 45","ok",""
"ME-15-12-39071-113","ME-16-10-12213-904",1,0,0,"{""אכזריות_או_ניצול_נפגע_העבירה"": ""לא רלוונטי"", ""האם_היה_רישיון_להחזקת_נשק"": ""לא"", ""האם_היה_תכנון_מוקדם"": ""לא צוין"", ""האם_הנאשם_היה_נהג"": ""לא, ישב במושב הסמוך לנהג"", ""האם_הנשק_היה_טעון"": ""לא צוין"", ""האם_הנשק_היה_תקין"": ""לא צוין"", ""האם_העבירה_בוצעה_בצוותא"": ""לא צוין"", ""התגרות_מצד_נפגע_העבירה"": ""לא רלוונטי"", ""זמן_העבירה"": ""12.10.13, בשעה 22:30 או בסמוך לכך"", ""יכולת_הבנה_של_הנאשם"": ""לא צוין"", ""יכולת_שליטה_במעשה"": ""לא צוין"", ""מיקום_הנשק"": ""מתחת לשטיח שמתחת למושב ברכב"", ""מיקום_העבירה"": ""כביש מספר 1, בסמוך למחלף הראל"", ""מספר_רישוי_הרכב"": ""71-098-16"", ""מצוקה_נפשית_של_הנאשם"": ""לא צוין"", ""נזק_שהיה_צפוי"": ""לא צוין"", ""נזק_שנגרם"": ""לא צוין"", ""ניצול_כוח_או_מעמד"": ""לא צוין"", ""סוג_המקום"": ""רכב פרטי"", ""סוג_העבירה"": ""אחזקת נשק ללא רישיון"", ""סוג_הרכב"": ""מזדה 3"", ""סוג_נשק"": ""אקדח חצי אוטומטי מסוג סטאר"", ""סיבות_לביצוע_העבירה"": ""לא צוין"", ""סעיף_חוק"": ""144(א) רישא לחוק העונשין"", ""קרבה_לסייג_לאחריות_פלילית"": ""לא צוין""}","{""בעלות_הרכב"": ""רשום על שם אחיו של הנאשם"", ""האם_היה_צפי_לנזק"": ""כן, פוטנציאל נזק גבוה מנשק חם"", ""האם_הייתה_אכזריות_או_ניצול"": ""לא"", ""האם_הייתה_הובלה_או_הסתרה"": ""כן, הובלה והסתרה ברכב"", ""האם_הייתה_הודאה"": ""כן"", ""האם_הייתה_החזקה_ממושכת"": ""לא צוין"", ""האם_הייתה_השפעה_של_אחרים"": ""לא"", ""האם_הייתה_התגרות_של_נפגע"": ""לא"", ""האם_הייתה_התנגדות_למשטרה"": ""לא"", ""האם_הייתה_התעללות_בנאשם"": ""לא"", ""האם_הייתה_כוונה_לשימוש_בנשק"": ""לא צוין"", ""האם_הייתה_ניצול_מעמד"": ""לא"", ""האם_הייתה_שליטה_על_המעשה"": ""כן"", ""האם_הייתה_תחמושת_נוספת"": ""כן, כדור 9 מ\""מ במכנסי הנאשם"", ""האם_הייתה_תכנית_מוקדמת"": ""לא צוין"", ""האם_הנאשם_הבין_את_מעשיו"": ""כן"", ""האם_הנאשם_הוביל_את_הנשק"": ""כן"", ""האם_הנאשם_החזיק_ברכב"": ""כן"", ""האם_הנאשם_פעל_לבד"": ""כן"", ""האם_הנאשם_קטין"": ""לא"", ""האם_הנשק_הוסתר"": ""כן"", ""האם_הנשק_היה_ברכב_בעת_המעצר"": ""כן"", ""האם_הנשק_היה_טעון"": ""לא, המחסנית הייתה ריקה"", ""האם_הנשק_מאולתר"": ""כן"", ""האם_הנשק_תקין"": ""לא צוין"", ""האם_העבירה_בוצעה_ביותר_מנשק_אחד"": ""לא"", ""האם_העבירה_בוצעה_במסגרת_ארגון_פשע"": ""לא"", ""האם_העבירה_בוצעה_במקום_ציבורי"": ""לא, ברכב פרטי ליד הבית"", ""האם_העבירה_בוצעה_למטרת_סחר"": ""לא"", ""האם_התחמושת_תקינה"": ""כדור תואם לנשק"", ""האם_נגרם_נזק"": ""לא"", ""מועד_העבירה"": ""ספטמבר 2016 ו-1 באוקטובר 2016"", ""מסלול_הובלה"": ""מאזור מי-עמי לבית אמו באום-אל-פחם"", ""מקום_הסתרה"": ""מתחת לכיסא הנוסע שליד הנהג ברכב"", ""סוג_הנשק"": ""כלי נשק מאולתר מסוג קרל גוסטב"", ""סוג_העבירה"": ""נשיאת נשק ותחמושת ללא רישיון"", ""סוג_הרכב"": ""סובארו"", ""סוג_התחמושת"": ""מחסנית ריקה וכדור 9 מ\""מ"", ""סעיפי_חוק"": [""144(ב) רישה וסיפה לחוק העונשין""]}",75.0,"1. **סוג העבירה וחומרתה** — שני התיקים עוסקים באחזקת נשק ללא רישיון, אך בתתי-סעיפים שונים של סעיף 144: תיק 1 לפי 144(א) רישא (אחזקת נשק), תיק 2 לפי 144(ב) רישה וסיפה (נשיאת נשק ותחמושת). מדובר בעבירות דומות מאוד מבחינת טבען ובחומרתן, עם הבדל קל zugata משפטי (אחזקת נשק מול נשיאת נשק והסתרה), אך ההבדל אינו מהותי מבחינת עונשין או תקדימים.

2. **תפקיד הנאשם ומעורבותו** — בתיק 1, הנאשם ישב במושב הנוסע, ולא צוין שהוא החזיק או שלט בנשק, אך היה מודע להימצאותו. בתיק 2, הנאשם הודה בכך שהוא הוביל והחביא את הנשק, וביצע העברה של הנשק ממקום למקום — מעורבות ישירה ופעילה. מעורבותו בתיק 2 היא משמעותית יותר, אך בשני המקרים מדובר בחזיקת נשק ללא רישיון ברכב, ללא רמז לפעילות פלילית רחבה יותר.

3. **שיטת הביצוע (MO)** — בשני המקרים: נשק מוסתר ברכב, מתחת לכיסא הנוסע. גם בשני המקרים אין רישיון, והעבירה מתבצעת ברכב פרטי. הדפוס דומה מאוד: הסתרת נשק ללא רישיון ברכב, ללא רמז לשימוש מיידי בו. ההבדל היחיד הוא שבטיק 2 יש הובלה בין ערים, מה שמעיד על תכנון קל, אך גם זה לא צוין במפורש.

4. **נסיבות הליבה** — בשני המקרים לא נגרם נזק, לא הייתה התנגדות למשטרה, לא היו נפגעים, ולא נעשה שימוש בנשק. בתיק 2 צוין ""פוטנציאל נזק גבוה"", אך זה תיאור כללי ולא נסיבה מחמירה ממשית. גם בהקשר של חומרה – שני מקרים של החזקת נשק חם ללא רישיון, ללא רמז לשימוש או כוונה לשימוש – נסיבות דומות מאוד.

5. **ישימות כתקדים** — בית משפט עשוי להתייחס לתיק 2 כתקדים רלוונטי לתיק 1, שכן מדובר בעבירות דומות מאוד מבחינת הסיכון, שיטת ההסתרה, חוסר הרישיון, והעדר נזק ממשי. ההבדלים (הובלה, הודאה, סוג נשק) קיימים, אך לא מונעים את האפשרות לצטט את אחד כתקדים רלוונטי לשני, במיוחד בהקשר של ענישה מתונה או התחשבות בהיעדר נזק.

SIMILARITY_SCORE: 75","ok",""
"ME-16-08-44157-713","ME-17-05-35227-215",2,0,1,"{""אופי_הנשק"": [""נשק מאולתר"", ""נשק עם משתיק קול, כוונת טלסקופית ומחסנית 100 כדורים (הוצע בלבד)""], ""אופי_הקשר_לסוכן"": ""הנאשם יזם הצעות לסוכן, פעל בתיאום עם אחר"", ""אכזריות_או_ניצול"": ""לא צוינה אכזריות או ניצול"", ""האם_הייתה_תמורה_כספית"": ""כן, 10,500 ש\""ח עבור נשק הקרל גוסטב"", ""האם_הנשק_היה_מבצעי"": ""לפחות נשק אחד היה מבצעי (קרל גוסטב מאולתר), לגבי השאר לא בוצעה עסקה"", ""האם_העסקה_הושלמה"": [""עסקה אחת הושלמה"", ""שלוש עסקאות נוספות הוצעו אך לא הושלמו""], ""חלקו_של_הנאשם"": ""העברת נשק לאחר לצורך מסירתו לסוכן, יזום הצעות לעסקאות נוספות"", ""יכולת_הבנה_של_הנאשם"": ""לא צוין קושי בהבנה או בגיל"", ""יכולת_שליטה_במעשה"": ""לא צוין קושי בשליטה או התגרות"", ""מספר_אירועים"": 3, ""מספר_נשקים_שהוצעו"": 4, ""מספר_נשקים_שנמסרו"": 1, ""מספר_שותפים"": ""לפחות שלושה (הנאשם, אברהים, סוכן משטרתי)"", ""מצוקה_נפשית_או_התעללות"": ""לא צוינה"", ""מקום_ביצוע"": ""ביתו של הנאשם בלוד, חצר פנימית, מבנה ארעי בחצר"", ""נזק_צפוי"": ""הנשק מסוגל להמית אדם, פוטנציאל נזק חמור"", ""נזק_שנגרם"": ""לא דווח על פגיעה פיזית בפועל"", ""ניצול_כוח_או_מעמד"": ""לא צוינה"", ""סוג_העבירה"": ""סחר בנשק וקשירת קשר לביצוע פשע"", ""סוגי_נשק"": [""קרל גוסטב מאולתר"", ""נשק הנחזה למיני עוזי"", ""אקדח 14 (לא בוצעה עסקה)"", ""אקדח 7 (לא בוצעה עסקה)"", ""רובה צלפים קאנס (לא בוצעה עסקה)""], ""סיבות_לביצוע"": ""רווח כספי"", ""סעיפי_חוק"": [""144(ב2) לחוק העונשין"", ""449(א)(1) לחוק העונשין""], ""קרבה_לסייג_לאחריות_פלילית"": ""לא צוינה"", ""תכנון_מוקדם"": ""התקיימו שיחות טלפון ותיאומים מוקדמים בין המעורבים לפני ביצוע העסקאות""}","{""אופן_הובלה"": ""בתוך תא המטען של אופנוע"", ""אכזריות_או_ניצול"": ""לא"", ""אמצעי_תחבורה"": ""אופנוע מסוג קואנג יאנג טיו"", ""האם_הייתה_רשות_להחזקה"": ""לא"", ""האם_הייתה_תכנית_מוקדמת"": ""לא צוין"", ""האם_הנשק_היה_טעון"": ""בתוך הנשק נמצאה מחסנית"", ""האם_הנשק_היה_תקין"": ""לא צוין"", ""האם_העבירה_בוצעה_במסגרת_קבוצתית"": ""לא"", ""חלקו_היחסי_של_הנאשם"": ""מבצע יחיד"", ""יכולת_הבנה_של_הנאשם"": ""לא צוין"", ""יכולת_שליטה_במעשה"": ""לא צוין"", ""מועד_העבירה"": ""7 במאי 2017 בשעת צהריים"", ""מצוקה_נפשית_של_הנאשם"": ""לא צוין"", ""נזק_צפוי"": ""פוטנציאל סיכון גבוה לציבור"", ""נזק_שנגרם"": ""לא צוין"", ""ניצול_כוח_או_מעמד"": ""לא"", ""סוג_הנשק"": ""תת-מקלע מאולתר"", ""סוג_העבירה"": ""נשיאת והובלת נשק ללא רישיון"", ""סוג_התחמושת"": ""מחסנית"", ""סיבות_לביצוע"": ""לא צוין"", ""סעיף_חוק"": ""144(ב) רישא וסיפא לחוק העונשין"", ""קרבה_לסייג_לאחריות_פלילית"": ""לא""}",20.0,"1. **סוג העבירה וחומרתה**:  
התיק הראשון עוסק בסחר בנשק ובשיתוף פעולה עם סוכן משטרתי, כולל קשירת קשר לביצוע פשע – עבירה חמורה עם מימד ארגוני. התיק השני עוסק בהחזקת והובלת נשק מאולתר ללא רישיון – עבירה פחות מורכבת וחד-פעמית. החומרה והתפיסה המשפטית של התיק הראשון גבוהה בהרבה.  
→ דמיון מוגבל.

2. **תפקיד הנאשם ומעורבותו**:  
בתיק הראשון הנאשם הוא יזם פעיל, מעורב במספר עסקאות, מתקשר עם שותפים, מעביר נשק ופועל כחלק מפעילות שיטתית. בתיק השני – הנאשם פועל כיחיד, ללא שותפים, ללא יזום או תכנון רחבות-טבה. מעורבותו מוגבלת להובלה בלבד.  
→ אין דמיון מהותי בתפקיד.

3. **שיטת הביצוע (MO)**:  
בתיק הראשון יש תכנון מוקדם, תיאום טלפוני, שימוש במבנה ארעי לצורך מסירה, וניסיון למכור נשקים שונים. בתיק השני – אין רמז לתכנון או שיטת פעולה מורכבת; ההובלה נעשתה באופנוע בצורה פשוטה. אין דפוס MO משותף.  
→ שיטת ביצוע שונה מהותית.

4. **נסיבות הליבה**:  
בתיק הראשון: מספר נשקים, חלקם מבצעיים (כולל קרל גוסטב), עסקאות חוזרות, ת謀, ורווח כספי. בתיק השני: נשק אחד, הובלה חד-פעמית, ללא תכנון או מטרה ברורה. הפוטנציאל לנזק גדול יותר בתיק הראשון, גם אם לא נגרם נזק פיזי.  
→ הנסיבות שונות בתכלית.

5. **ישימות כתקדים**:  
בית משפט לא יראה בתיק השני תקדים רלוונטי לעניין עונש בתיק הראשון. ההבדלים בחומרת העבירה, בהיקף, בתכנון ובתפקיד הנאשם מהותיים מדי. תיק ראשון מתאים ל рамה של עבירות סחר וקשר, השני – להחזקת נשק בודדת.  
→ לא רלוונטי כתקדים ענייני.

SIMILARITY_SCORE: 20","ok",""
"ME-10-08-17917-313","ME-16-04-12480-812",1,0,0,"{""אכזריות_או_ניצול"": ""לא צוין"", ""האם_בוצעה_הובלה_של_הנשק"": ""כן"", ""האם_הייתה_אספקה_נוספת_של_סם_בעבר"": ""כן"", ""האם_הייתה_תמורה_עבור_הנשק"": ""לא צוין"", ""האם_הנשק_הוסתר"": ""כן"", ""האם_הנשק_היה_ברשות_הנאשם_ללא_רישיון"": ""כן"", ""האם_הנשק_התקבל_מאדם_אחר"": ""כן"", ""האם_הסם_היה_לשימוש_עצמי"": ""כן"", ""האם_הסם_התקבל_מאדם_אחר"": ""כן"", ""האם_הסם_נתפס_בבית_הנאשם"": ""כן"", ""האם_העבירות_בוצעו_במספר_הזדמנויות"": ""כן"", ""האם_שולמה_תמורה_עבור_הסם"": ""כן"", ""התגרות_נפגע_העבירה"": ""לא רלוונטי"", ""חלקו_היחסי_של_הנאשם"": ""מרכזי, ביצע את כל שלבי ההחזקה וההובלה"", ""יכולת_הבנה_של_הנאשם"": ""לא צוין קושי בהבנה"", ""יכולת_שליטה_במעשה"": ""לא צוין קושי בשליטה"", ""מצוקה_נפשית_עקב_התעללות"": ""לא צוין"", ""מקום_הסתרת_הנשק"": ""מחסן ביתו של הנאשם"", ""משקל_הסם_גרם"": 15.05, ""נזק_צפוי_מהעבירה"": ""נשק ותחמושת עלולים לשמש לפגיעה באחרים; סם מסוכן עלול להזיק לבריאות"", ""נזק_שנגרם"": ""לא צוין נזק קונקרטי"", ""ניצול_כוח_או_מעמד"": ""לא צוין"", ""סוג_הנשק"": ""אקדח עט"", ""סוג_הסם"": ""קנבוס"", ""סיבות_לביצוע_העבירה"": ""החזקת סם לשימוש עצמי; סיבות להחזקת הנשק לא פורטו"", ""סכום_התמורה_עבור_הסם"": 150, ""עבירות"": [""החזקת נשק"", ""החזקת סם מסוכן לצריכה עצמית""], ""פרטי_ההובלה"": ""הנאשם הוביל את האקדח ממקום מחבואו ונסע לעתלית עם בני משפחתו, חזר לביתו ושב והחביאו במחסן"", ""קרבה_לסייג_לאחריות_פלילית"": ""לא צוין"", ""תחמושת"": ""שלושה כדורים בקוטר 6.35 מ\""מ"", ""תכנון_מוקדם"": ""הנאשם קיבל את הנשק והחביאו, הוביל אותו למקום אחר והחזירו למחסן""}","{""האם_הייתה_החמרה_בנסיבות"": true, ""האם_הייתה_כוונה_לפגוע"": true, ""האם_הייתה_פגיעה_בבני_אדם"": false, ""האם_הייתה_פגיעה_ברכוש"": true, ""האם_הייתה_פגיעה_בשלוות_הציבור"": true, ""האם_הייתה_פגיעה_פיזית_בפועל"": false, ""הודאה"": true, ""מספר_אישומים"": 3, ""מספר_ירי_במקרה_ראשון"": 2, ""מספר_ירי_במקרה_שני"": 12, ""מקום_ביצוע"": [""טירת הכרמל"", ""אתר בניה"", ""קרבת בית המתלונן""], ""ניהול_הליך_חלקי"": true, ""נסיבות"": [""חוב כספי קטן (300 ש\""ח) בגין עסקת רכב"", ""ויכוח בין הנאשם למתלונן"", ""הנאשם רעול פנים"", ""הנאשם מצויד בנשק חם"", ""ירי באוויר להפחדה"", ""ירי לעבר אדם בניסיון לחבול בו"", ""ירי לעבר בית מגורים בשעות בוקר מוקדמות"", ""פגיעה בקירות חיצוניים ובמרפסת הבית"", ""החזקת נשק, מחסנית ותחמושת באתר בניה"", ""הסתרת תחמושת בכלי עבודה ובמכולה""], ""סוגי_נשק"": [""נשק חם (לא מפורט סוג באישום ראשון)"", ""תת מקלע מאולתר"", ""מחסנית"", ""תחמושת (כדורים)""], ""סעיפי_חוק"": [""סעיף 25 לחוק העונשין"", ""סעיף 335 לחוק העונשין"", ""סעיף 333 לחוק העונשין"", ""סעיף 144(א) לחוק העונשין"", ""סעיף 144(ב) לחוק העונשין"", ""סעיף 192 לחוק העונשין""], ""עבירות_עיקריות"": [""ניסיון חבלה חמורה בנסיבות מחמירות"", ""עבירות בנשק (החזקה)"", ""עבירות בנשק (נשיאה והובלה)"", ""איומים""], ""קורבנות"": [""המתלונן"", ""עובד באתר בניה"", ""בני משפחת המתלונן""]}",20.0,"1. **סוג העבירה וחומרתה**:  
התיק הראשון עוסק בהחזקת נשק וסם לשימוש אישי, ללא נזק מוחשי או כוונה לפגוע. העבירות חמורות, אך במסגרת של החזקה פסיבית. בתיק השני – ניסיון חבלה חמורה, ירי לעבר בני אדם ובית, איומים, והחזקת נשק בנסיבות אלימות. חומרת העבירות גבוהה בהרבה, עם אופי התקפי ופוגעני. אין דמיון בחומרה או בסוג העבירה מעבר להחזקת נשק.

2. **תפקיד הנאשם ומעורבותו**:  
בתיק הראשון – הנאשם מרכז, אך בתפקיד של החזקה והובלה של נשק וסם לשימוש עצמי, ללא יזום אלימות. בתיק השני – הנאשם יזם ומבצע פעולות אלימות: ירי, איומים, שימוש בנשק להבהרה ולחבלה. מעורבותו פעילה, אגרסיבית ומעוררת פגיעה ישירה. אין דמיון בתפקיד או ברמה של יזימה.

3. **שיטת הביצוע (MO)**:  
בתיק הראשון – הסתרת נשק וסם, העברה קצרה של הנשק, שימוש אישי. בתיק השני – שימוש בנשק לירי, הבהרה, איומים, הובלה למקומות שונים לצורך ביצוע עבירה. שיטת הביצוע שונה מהותית: אחד פסיבי-אחסוני, השני אקטיבי-אגרסיבי.

4. **נסיבות הליבה**:  
בתיק הראשון – כמות קטנה של סם (15 גרם קנבוס), נשק קטן (אקדח עט), ללא נזק, ללא נשק בשימוש. בתיק השני – ירי כבד (14 יריות), נשק מאולתר חמור, פגיעה ברכוש, איומים, ויכוח כספי כמניע. נסיבות מחמירות ברורות. ההבדלים בהיקף, כוונה ותוצאות הם דרמטיים.

5. **ישימות כתקדים**:  
בית משפט לא יראה את תיק 1 כתקדים רלוונטי לענישה בתיק 2, בשל הפער האיכותי והכמותי בין עבירות החזקה לשימוש אישי לבין ניסיון חבלה, ירי ואיומים. גם היות ששני התיקים כוללים החזקת נשק – זהו נקודת חיבור שטחית, שאינה משקפת דמיון ענייני מהותי.

SIMILARITY_SCORE: 20","ok",""
"ME-20-07-29529-567","ME-16-08-54879-35",2,0,1,"{""אופן_החשיפה"": ""מעצר יזום של שוטרים עקב חשד, במהלך מחסום תנועה"", ""האם_הייתה_אכזריות_או_ניצול"": ""לא"", ""האם_הייתה_השפעה_של_אחר"": ""פאדי היה הנהג, לא צוין השפעה ישירה"", ""האם_הייתה_התגרות_או_מצוקה"": ""לא צוין"", ""האם_הייתה_התעללות_קודמת"": ""לא צוין"", ""האם_הייתה_ניצול_מעמד"": ""לא"", ""האם_הייתה_קרבה_לסייג_פלילי"": ""לא"", ""האם_הייתה_תכנית_מוקדמת"": ""לא צוין"", ""האם_הנאשם_הבין_את_מעשיו"": ""לא צוין חוסר הבנה"", ""האם_הנאשם_יכול_היה_להימנע"": ""לא צוין קושי להימנע"", ""האם_הנאשם_נהג"": ""לא, ישב ליד הנהג"", ""האם_הנשק_היה_ברישיון"": ""לא"", ""הסלקת_הנשק"": ""בתוך מכנס, בין רגלי הנאשם"", ""מועד_ביצוע"": ""30.06.2020, שעת ערב"", ""מספר_מחסניות"": 2, ""מספר_מעורבים"": 2, ""מקום_ביצוע"": ""רכב פרטי בכביש 70 לכיוון צפון"", ""נזק_שהיה_צפוי"": ""פוטנציאל לפגיעה חמורה בשל נשיאת נשק חם"", ""נזק_שנגרם"": ""לא צוין"", ""סוג_האמלח"": ""אקדח ומחסניות מתאימות"", ""סוג_הנשק"": ""אקדח חצי אוטומטי"", ""סוג_העבירה"": ""נשיאת והובלת נשק ללא רישיון"", ""סעיף_חוק"": ""144(ב) לחוק העונשין"", ""תפקיד_הנאשם"": ""נשא, הוביל והחזיק את האקדח והמחסניות""}","{""אכזריות_או_ניצול_נפגע"": ""לא רלוונטי"", ""האם_החזקה_במקום_מגורים"": ""כן"", ""האם_החזקה_ברישיון"": ""לא"", ""האם_החזקה_ברשות_הנאשם"": ""כן"", ""האם_החזקה_בתיק"": ""כן"", ""האם_הנשק_בכוחו_להמית"": ""כן"", ""האם_הנשק_סוגל_לירות"": ""כן"", ""האם_העבירה_בוצעה_לבד"": ""כן"", ""התגרות_נפגע"": ""לא רלוונטי"", ""יכולת_הבנה_של_הנאשם"": ""לא צוין"", ""יכולת_שליטה_במעשה"": ""לא צוין"", ""מועד_ביצוע"": ""17.8.16, סמוך לשעה 11:00"", ""מצוקה_נפשית_של_הנאשם"": ""לא צוין"", ""מקום_ביצוע"": ""רחוב ברזילי 12, חיפה"", ""נזק_צפוי"": ""פוטנציאל קטלני מהנשק"", ""נזק_שנגרם"": ""לא צוין"", ""ניצול_כוח_או_מעמד"": ""לא רלוונטי"", ""סוג_הנשק"": ""תת מקלע מאולתר בקוטר 9 מ\""מ"", ""סוג_העבירה"": ""נשיאת והובלת נשק ללא רישיון"", ""סיבות_לביצוע"": ""לא צוין"", ""סעיף_חוק"": ""144(ב) רישא וסיפא לחוק העונשין"", ""קרבה_לסייג_לאחריות_פלילית"": ""לא צוין"", ""תחמושת"": ""מחסנית עם 7 כדורים"", ""תכנון_מוקדם"": ""לא צוין""}",50.0,"1. **סוג העבירה וחומרתה** – שני התיקים עוסקים בעבירה זהה: נשיאת והובלת נשק ללא רישיון לפי סעיף 144(ב) לחוק העונשין. גם בשני המקרים מדובר בנשק קטלני, עם פוטנציאל נזק גבוה. החומרה דומה, אף שבסעיף של תיק 2 צוין גם הרישא וגם הסיפא, מה שעשוי להצביע על עבירה מורכבת יותר, אך העיקרון remains זהה.  
2. **תפקיד הנאשם ומעורבותו** – בתיק 1 הנאשם נשא, הוביל והחזיק את הנשק, אך לא היה הנהג – מעורבות ישירה אך לא בהכרח יזמית. בתיק 2 הנאשם החזיק את הנשק ברשותו, בمكان מגורים, ובתיק – מעורבות אישית וברורה, אך לא בהכרח בהובלה או בהצגה. יש דמיון במעורבות ישירה, אך בתיק 1 יש רכיב של תנועה (בהובלה), מה שמגביר את החומרה.  
3. **שיטת הביצוע (MO)** – בתיק 1 הנשק נמצא על גופו של הנאשם, בתוך מכנס, במהלך נסיעה ברכב – מצב של הובלה פעילה. בתיק 2 הנשק נמצא בתיק, בדירה – מצב של החזקה סטטית. שיטת הביצוע שונה מהותית: הובלה דינמית מול החזקה ביתייה. זהו הבדל משמעותי בדפוס.  
4. **נסיבות הליבה** – בתיק 1 יש שני מעורבים, נשק חצי אוטומטי עם שתי מחסניות, בכביש – מצב פומבי ומסוכן. בתיק 2 מדובר בתת מקלע מאולתר, מחסנית אחת, במקום מגורים – פחות תכנון, פחות תנועה, פחות סיכון מיידי. הכמויות, הסיכון וההקשר הפומבי בתיק 1 מהווים נסיבות מחמירות בהשוואה לתיק 2.  
5. **ישימות כתקדים** – למרות שמדובר באותה עבירה פורמלית, ההקשרים שונים: הובלה ברכב מול החזקה בבית, נשק סטנדרטי מול מאולתר, מעורבות עם אחרים מול פעולה לכאורה בודדת. בית משפט יתקשה להשתמש באחד כתקדים ישיר לשני בשל הבדלים בהקשר, שיטת ביצוע ונסיבות.  

SIMILARITY_SCORE: 50","ok",""
"SH-09-05-9349-998","ME-20-07-29529-567",1,0,0,"{""אכזריות_או_ניצול"": ""לא צוין"", ""דגם_נשק"": ""CZ"", ""התגרות_נפגע"": ""לא צוין"", ""חלקו_של_הנאשם"": ""מבצע יחיד"", ""יכולת_הבנה"": ""לא צוין קושי בהבנה"", ""יכולת_שליטה"": ""לא צוין קושי בשליטה"", ""מחסנית"": ""מחסנית ריקה"", ""מיקום_הנשק"": ""מקפיא בבית הנאשם"", ""מיקום_התחמושת"": ""בתוך נעל בחדרו של הנאשם"", ""מספר_נשק"": ""1066A"", ""מצוקה_נפשית"": ""לא צוין"", ""מקום_ביצוע"": ""בית הנאשם בג'לג'וליה"", ""נזק_צפוי"": ""נשק ותחמושת בכמות המסוגלת לגרום נזק חמור"", ""נזק_שנגרם"": ""לא דווח על נזק בפועל"", ""ניצול_כוח_או_מעמד"": ""לא צוין"", ""סוג_העבירה"": ""החזקת נשק שלא כדין"", ""סוג_נשק"": ""אקדח"", ""סיבות_לביצוע"": ""לא פורטו"", ""סעיף_חוק"": ""סעיף 144(א) לחוק העונשין"", ""קרבה_לסייג_אחריות"": ""לא צוין"", ""רישיון_להחזקה"": ""ללא רישיון"", ""שעת_ביצוע"": ""12:00"", ""תאריך_ביצוע"": ""12/5/2009"", ""תחמושת_נתפסת"": ""26 כדורי אקדח 9 מ\""מ"", ""תכנון_מוקדם"": ""לא צוין תכנון מוקדם""}","{""אופן_החשיפה"": ""מעצר יזום של שוטרים עקב חשד, במהלך מחסום תנועה"", ""האם_הייתה_אכזריות_או_ניצול"": ""לא"", ""האם_הייתה_השפעה_של_אחר"": ""פאדי היה הנהג, לא צוין השפעה ישירה"", ""האם_הייתה_התגרות_או_מצוקה"": ""לא צוין"", ""האם_הייתה_התעללות_קודמת"": ""לא צוין"", ""האם_הייתה_ניצול_מעמד"": ""לא"", ""האם_הייתה_קרבה_לסייג_פלילי"": ""לא"", ""האם_הייתה_תכנית_מוקדמת"": ""לא צוין"", ""האם_הנאשם_הבין_את_מעשיו"": ""לא צוין חוסר הבנה"", ""האם_הנאשם_יכול_היה_להימנע"": ""לא צוין קושי להימנע"", ""האם_הנאשם_נהג"": ""לא, ישב ליד הנהג"", ""האם_הנשק_היה_ברישיון"": ""לא"", ""הסלקת_הנשק"": ""בתוך מכנס, בין רגלי הנאשם"", ""מועד_ביצוע"": ""30.06.2020, שעת ערב"", ""מספר_מחסניות"": 2, ""מספר_מעורבים"": 2, ""מקום_ביצוע"": ""רכב פרטי בכביש 70 לכיוון צפון"", ""נזק_שהיה_צפוי"": ""פוטנציאל לפגיעה חמורה בשל נשיאת נשק חם"", ""נזק_שנגרם"": ""לא צוין"", ""סוג_האמלח"": ""אקדח ומחסניות מתאימות"", ""סוג_הנשק"": ""אקדח חצי אוטומטי"", ""סוג_העבירה"": ""נשיאת והובלת נשק ללא רישיון"", ""סעיף_חוק"": ""144(ב) לחוק העונשין"", ""תפקיד_הנאשם"": ""נשא, הוביל והחזיק את האקדח והמחסניות""}",60.0,"1. **סוג העבירה וחומרתה** — שני התיקים עוסקים בהחזקת נשק ללא רישיון, אך יש הבדל קל: תיק 1 עוסק בהחזקת נשק ותחמושת בבית (עבירה סטטית), בעוד תיק 2 עוסק בהובלת נשק חם ברכב (פעולה דינמית, עם פוטנציאל גבוה יותר לסיכון מיידי). עם זאת, שניהם מתייחסים לאותו סעיף עונשין כמעט (144(א) ו-144(ב)) ובהקשר של נשק אישי. החומרה דומה, אך תיק 2 נראה מעט חמור יותר בשל ההקשר של תנועה והובלה.  
2. **תפקיד הנאשם ומעורבותו** — בתיק 1 הנאשם הוא מבצע יחיד, החוסך נשק ותחמושת במרחב פרטי. בתיק 2, הנאשם נשא והוביל את הנשק, אך לא הנהג — מעורבות פעילה יותר מאשר החזקה סטטית, אך לא יזם. מעורבותו פעילה, אך לא ברמה של שליטה מלאה על הפעולה (כגון נהג או יזם). הדמיון מובהק, אך לא זהה.  
3. **שיטת הביצוע (MO)** — בתיק 1: נשק מוחבא במקפיא, תחמושת בנעל — הסתרה מכוונת בבית. בתיק 2: נשק מוחבא בתוך המכנסיים, בזמן נסיעה — הסתרה לשימוש מיידי או להסתרה מהרשות. שיטת ההסתרה שונה מהותית: אחת סטטית ואחת דינמית. אין דפוס MO זהה.  
4. **נסיבות הליבה** — בתיק 1: כמות תחמושת משמעותית (26 כדורים), נשק לא טעון (מחסנית ריקה), ללא רישיון. בתיק 2: נשק חצי אוטומטי עם שתי מחסניות — פוטנציאל גבוה לירי מהיר. גם כאן אין שימוש בפועל, אך הסיכון הינו גבוה יותר. שניהם ללא רישיון, אך תיק 2 כולל נשק ""חם"" בהקשר של תנועה — נסיבות מחמירות יותר.  
5. **ישימות כתקדים** — שני התיקים עוסקים בהחזקת נשק ללא רישיון, אך ההקשר שונה: אחד בבית, אחר ברכב בשעת נסיעה. בית המשפט עשוי להתייחס אליהם כרלוונטיים לצורך השוואה כללית של עונשים בסעיף 144, אך לא כתקדים ענייני הדוק, בשל ההבדלים בהקשר, שיטת ההסתרה ורמת הסיכון.  

SIMILARITY_SCORE: 60","ok",""
"ME-22-03-46930-359","ME-16-03-59260-279",1,0,0,"{""אמצעי_תשלום"": ""כסף ורכב"", ""האם_בוצע_ניצול_מעמד_או_כוח"": ""לא"", ""האם_בוצעה_עסקת_ברטר"": ""כן"", ""האם_הייתה_אכזריות_או_ניצול"": ""לא"", ""האם_הייתה_השפעה_של_אחר_על_הנאשם"": ""כן, עטאללה יזם את הרכישה והעביר לנאשם"", ""האם_הייתה_התגרות_של_נפגע_העבירה"": ""לא"", ""האם_הייתה_תמורה_לעסקה"": ""כן"", ""האם_המחסנית_אביזר_לנשק"": ""כן"", ""האם_הנאשם_הבין_את_מעשיו"": ""כן"", ""האם_הנאשם_הודה"": ""כן"", ""האם_הנאשם_היה_במצוקה_נפשית"": ""לא צוין"", ""האם_הנאשם_היה_בשליטה_על_המעשה"": ""כן"", ""האם_הנאשם_יזם_את_העבירה"": ""לא, עטאללה רכש את הנשק והעביר לנאשם"", ""האם_הנאשם_עבר_עבירות_נוספות_בעבר"": ""לא צוין"", ""האם_הנאשם_פעל_במסגרת_קבוצתית"": ""כן"", ""האם_הנאשם_פעל_מתוך_תכנון_מוקדם"": ""כן, סוכם על תשלום מראש"", ""האם_הנזק_היה_צפוי"": ""כן, פוטנציאל קטלני"", ""האם_הנשק_בכוחו_להמית"": ""כן"", ""האם_הנשק_הוחזק_במקום_ציבורי"": ""כן, הוסתר בשטח פתוח"", ""האם_הנשק_הוסתר"": ""כן"", ""האם_הנשק_הועבר_בין_מספר_אנשים"": ""כן"", ""האם_הנשק_הועבר_בפומבי"": ""לא צוין"", ""האם_הנשק_הועבר_בתמורה"": ""כן"", ""האם_הנשק_הועבר_לאחר"": ""כן, הועבר לחמאדה"", ""האם_הנשק_נתפס"": ""כן"", ""האם_הנשק_תקין_לשימוש"": ""כן"", ""האם_העבירה_בוצעה_בזיקה_לארגון_פשיעה"": ""לא צוין"", ""האם_העבירה_בוצעה_בלא_רשיון"": ""כן"", ""האם_העבירה_בוצעה_למטרת_רווח"": ""כן"", ""האם_העבירה_נחשפה_בדיעבד"": ""כן"", ""האם_נגרם_נזק_קונקרטי"": ""לא צוין"", ""חלקו_היחסי_של_הנאשם"": ""רכש, החזיק וסחר בנשק"", ""מועד_ביצוע_העבירה"": ""אוגוסט 2016"", ""מועד_חשיפת_העבירה"": ""פברואר-מרץ 2022"", ""מועד_תפיסת_הנשק"": ""9/2/17"", ""מספר_מעורבים"": 3, ""מספר_נשקים"": 1, ""מקום_הסתרה"": ""שטח פתוח בכפר מגוריו של עטאללה"", ""סוג_הנשק"": ""אקדח מסוג גלוק ומחסנית תואמת"", ""סוג_העבירה"": ""רכישה, החזקה וסחר בנשק"", ""סעיפי_חוק"": [""144(א) רישא + סיפא"", ""144(ב2)""], ""קשר_בין_המעורבים"": ""חברות רבת שנים בין הנאשם לעטאללה, קשר חברי עם חמאדה"", ""שווי_העסקה"": 16000}","{""אופן_ההחזקה"": ""הנשק הוחזק כשהוא עטוף בשקית שחורה במחסן החנות"", ""אכזריות_או_ניצול"": ""לא צוין"", ""האם_החזקה_במקום_עבודה"": ""כן, מחסן חנות הדגים בה עבד הנאשם"", ""האם_החזקה_ברכב"": ""כן, לאחר הנטילה מהמחסן"", ""האם_הנשק_תקין"": ""לא צוין, אך היה מצויד בתחמושת תואמת"", ""התגרות_נפגע"": ""לא צוין"", ""חלקו_של_הנאשם"": ""החזקה ונשיאה עצמאית של הנשק והתחמושת"", ""יכולת_הבנה"": ""לא צוין קושי בהבנה או בגיל"", ""יכולת_הימנעות"": ""הנאשם פעל ביוזמה עצמאית, לא צוין קושי בשליטה"", ""מספר_נשקים"": ""נשק אחד"", ""מצוקה_נפשית"": ""לא צוין"", ""מקום_החזקה"": ""מחסן חנות דגים ברחוב נווה שאנן 37 תל אביב"", ""נזק_צפוי"": ""שימוש פוטנציאלי בנשק חם בסביבה אזרחית"", ""נזק_שנגרם"": ""לא צוין נזק ישיר מהנשק עצמו, אך היה אירוע ירי לעבר אחר"", ""ניצול_כוח_או_מעמד"": ""לא צוין"", ""נסיבות_הנשיאה"": ""הנאשם נשא את הנשק לאחר אירוע ירי לעבר אחר, ונסע לחפש את האחר"", ""נשיאת_הנשק"": ""הנאשם נטל את הנשק מהמחסן לאחר אירוע ירי ונשא אותו ברכב"", ""סוג_הנשק"": ""אקדח 9 מ\""מ מסוג גלוק בצבע שחור, מ.ר. F.V.458"", ""סוג_העבירה"": ""נשיאת נשק והחזקת נשק בלא רשות"", ""סיבות_לביצוע"": ""לא פורטו"", ""סעיפי_חוק"": [""144(ב) רישא+סיפא"", ""144(א) רישא+סיפא לחוק העונשין""], ""קרבה_לסייג_אחריות"": ""לא צוין"", ""תחמושת"": ""מחסנית מתאימה לאקדח שבתוכה 14 כדורי קליבר 9 מ\""מ"", ""תכנון_מוקדם"": ""החזקה ממושכת של נשק ותחמושת, נטילה יזומה של הנשק לאחר אירוע ירי"", ""תקופת_החזקה"": ""החל ממועד שאינו ידוע ועד 23.3.16""}",45.0,"1. **סוג העבירה וחומרתה** — שני התיקים עוסקים בעבירות של החזקת ונשיאות נשק ללא רשות, עם נשק מטיפוס גלוק ומחסנית תואמת. התיק הראשון כולל גם רכישה וסחר, כלומר מעורבות רחבה יותר (עבירה כפולה לפי סעיף 144(א) ו-144(ב2)), בעוד התיק השני מתמקד בהחזקת נשיאת נשק לאחר אירוע ירי. החומרה בתקדים הראשון גבוהה יותר בשל תפקידי הסחר וההעברה, אך מדובר בתחום פלילי זהה – נשק ללא רשות.  
2. **תפקיד הנאשם ומעורבותו** — בתיק 1 הנאשם מעורב כקונה, מחזיק וסוחר – מעורבות פעילה, אך לא יזם. בתיק 2 הנאשם מחזיק ונושא את הנשק באופן עצמאי, אך ללא רמז לסחר או העברה. מעורבותו היא פרטנית וריאקטיבית (לאחר ירי), בעוד בתיק 1 מדובר בעבירה מתוכננת ומסחרית. ההבדל בתפקיד מהותי: סוחר/מחזיק מול מחזיק/נושה ריאקטיבי.  
3. **שיטת הביצוע (MO)** — בתיק 1 יש עסקת ברטר, העברה בין שלושה אנשים, הסתרת הנשק בשטח פתוח, ותכנון מראש. בתיק 2: החזקה ממושכת במחסן, נטילה ריאקטיבית לאחר ירי, והובלה ברכב. אין רמז לסחר או העברה. שיטת הביצוע שונה: אחת ארגונית ומסחרית, השנייה פרטנית וריאקטיבית.  
4. **נסיבות הליבה** — בתיק 1 יש תמורה של 16,000 ש""ח (בברטר), תכנון מראש, העברה, ופעילות בקבוצה. בתיק 2: אין תמורה, אין סחר, נשק נלקח לאחר אירוע ירי – נסיבות ריאקטיביות עם נזק פוטנציאלי בסביבה ציבورية. הכמויות זהות (אקדח אחד), אך המניע, ההקשר וההיקף שונים.  
5. **ישימות כתקדים** — למרות השוני בסוג העבירה (סחר והעברה מול החזקה ונשיאה ריאקטיבית), שניהם עוסקים בהחזקת נשק מסוג גלוק ללא רשות, עם פוטנציאל קטלני. עם זאת, בית משפט יבחין בין עבירה עסקתית עם מעורבות קבוצתית לבין עבירה פרטנית בהקשר של מענה לאירוע ירי. ההבדלים בהקשר, תכנון, ותפקיד מונעים מהן לשמש כתקדים ענייני ישיר.

SIMILARITY_SCORE: 45","ok",""
"ME-16-02-18397-87","ME-12-03-13401-281",1,0,0,"{""אופן_גילוי_הנשק"": ""חיפוש יזום של המשטרה"", ""אופן_ההחזקה"": ""הטמנה והסתרה בכלי רכב"", ""אופן_היתקלות_במשטרה"": ""בדיקת רישיונות שגרתית"", ""אכזריות_או_ניצול_נפגע"": ""לא רלוונטי"", ""האם_הושפע_מאחרים"": ""לא צוין"", ""האם_היה_ביטוח_רכב"": ""לא"", ""האם_היה_רישיון_להחזקת_נשק"": ""לא"", ""האם_היה_רישיון_נהיגה"": ""לא"", ""האם_היה_רישיון_רכב"": ""לא"", ""האם_הנשק_היה_תקין"": ""לא"", ""חלקו_היחסי_של_הנאשם"": ""מבצע יחיד"", ""יכולת_הבנה_של_הנאשם"": ""לא צוין קושי בהבנה"", ""יכולת_שליטה_במעשה"": ""לא צוין קושי בשליטה"", ""מצוקה_נפשית_או_התגרות"": ""לא צוין"", ""מקום_הסתרת_הנשק"": ""מתחת למושב קטנוע"", ""מקום_הסתרת_התחמושת"": ""בכיסו של הנאשם"", ""נזק_שהיה_צפוי"": ""נשק ותחמושת עלולים היו לשמש לפגיעה"", ""נזק_שנגרם"": ""לא נגרם נזק בפועל"", ""ניצול_כוח_או_מעמד"": ""לא רלוונטי"", ""סוג_הנשק"": ""אקדח"", ""סוג_העבירה"": ""עבירות בנשק (נשיאה והובלה), נהיגה ללא רישיון, נהיגה ללא ביטוח, נהיגה ללא רישיון רכב"", ""סיבות_לביצוע_העבירה"": ""לא צוין"", ""סעיפי_חוק"": ""סעיף 144(ב) רישא וסיפא לחוק העונשין, סעיף 10(א) לפקודת התעבורה, סעיף 2(א)(ב) לפקודת ביטוח רכב מנועי, סעיף 2 לפקודת התעבורה"", ""פירוט_אי_תקינות_הנשק"": ""חסר חלק פנימי חיוני להפעלה, לא ניתן לבצע ירי"", ""קרבה_לסייג_לאחריות_פלילית"": ""לא צוין"", ""שיתוף_פעולה_עם_המשטרה"": ""סירוב לפתוח את תא האופנוע"", ""תגובה_לנוכחות_משטרה"": ""פניית פרסה וניסיון להימנע מבדיקה"", ""תחמושת"": ""כדורים לרובה"", ""תכנון_מוקדם"": ""לא צוין תכנון מוקדם""}","{""אכזריות_או_ניצול"": ""לא צוין ניצול, אכזריות או התעללות כלפי נפגע העבירה."", ""האם_בוצע_ירי"": ""כן, בוצע ירי של 11 כדורים באזור מגורים."", ""האם_היו_אנשים_נוספים_במקום"": ""לאחר הירי, הנאשם נכנס לרכב בו שהו אנשים נוספים, אך לא צוין מעורבותם בביצוע העבירה."", ""האם_הנאשם_נעצר_בזמן_ביצוע"": ""הנאשם נעצר ברכב, זמן קצר לאחר הירי, כשברשותו האקדח, מחסניות וכדורים."", ""האם_הנשק_היה_ברשות_חוקית"": ""הנשק הוחזק ללא רישיון כדין."", ""האם_הנשק_היה_גנוב"": ""כן, האקדח נגנב בהתפרצות לבית ביישוב ציפורי ב-3.2.12."", ""זמן_העבירה"": ""ליל 25-26.2.12, סמוך לשעה 00:38."", ""חלקו_היחסי_של_הנאשם"": ""הנאשם פעל לבדו בביצוע העבירות המתוארות."", ""יכולת_הבנה"": ""לא צוין קושי בהבנה או במודעות של הנאשם למעשיו."", ""יכולת_הימנעות_ושליטה"": ""לא צוין קושי בשליטה או הימנעות; לא דווח על התגרות מצד נפגע העבירה."", ""כמות_כדורים"": ""11 כדורי אקדח נורו באזור מגורים."", ""מצוקה_נפשית_עקב_התעללות"": ""לא צוינה מצוקה נפשית או התעללות מצד נפגע העבירה."", ""מקום_העבירה"": ""רחוב שיבת ציון, חיפה, אזור מגורים."", ""נזק_צפוי"": ""ירי באקדח באזור מגורים יוצר סיכון חמור לפגיעה בנפש וברכוש."", ""נזק_שנגרם"": ""לא דווח על פגיעה פיזית או נזק קונקרטי לנפגעים כתוצאה מהירי."", ""ניצול_כוח_או_מעמד"": ""לא צוין ניצול לרעה של כוח, מעמד או יחסים."", ""סוג_הנשק"": ""אקדח גנוב מסוג CZ קליבר 9 מ\""מ."", ""סטטוס_הנשק"": ""נשק גנוב, טעון עם כדור בקנה ופטיש משוך לאחור."", ""סיבות_לביצוע"": ""לא נמסר הסבר סביר או מניע לביצוע הירי."", ""קרבה_לסייג_לאחריות_פלילית"": ""לא צוינה קרבה לסייג לאחריות פלילית."", ""תחמושת_שהוחזקה"": ""שתי מחסניות שבתוכן כדורי אקדח ו-11 כדורי אקדח 9 מ\""מ נוספים."", ""תכנון_מוקדם"": ""הנאשם החזיק ונשא אקדח גנוב, מחסניות וכדורים, וירה באזור מגורים ללא הסבר סביר, דבר המצביע על תכנון מסוים אך לא מפורטת רמת התכנון המוקדם.""}",35.0,"1. **סוג העבירה וחומרתה**:  
   שני התיקים כוללים עבירות בנשק ללא רישיון, אך חומרתן שונה מהותית. בתיק 1 מדובר בהחזקת נשק לא תקין שלא ניתן ליירו, כחלק מעבירות תנועה. בתיק 2 מדובר בשימוש פעיל באקדח גנוב – ירי של 11 כדורים באזור מגורים – מה שמייצג סיכון גבוה ופגיעה פוטנציאלית חמורה. החומרה בפועל ובציפייה גבוהה בהרבה בתיק 2.

2. **תפקיד הנאשם ומעורבותו**:  
   בשני התיקים הנאשם פעל כמבצע יחיד, ללא שותפים או השפעה חיצונית. המעורבות היא ישירה ופעילה, אך בתיק 2 יש מעשה אגראסיבי מכוון (ירי), בעוד בתיק 1 מדובר בהסתרת נשק והימנעות מבדיקה – מעורבות פסיבית-דומיננטית.

3. **שיטת הביצוע (MO)**:  
   התנהגות ההימנעות מרשויות קיימת בשני המקרים, אך שיטת הביצוע שונה: בתיק 1 – הסתרת נשק לא תקין בכלי רכב, ללא ירי. בתיק 2 – שימוש פעיל בנשק גנוב וטעון, כולל ירי מרובה באזור מגורים. הדפוס אינו דומה: אחד הוא עקיצה והסתרה, השני – התפרצות אלימה.

4. **נסיבות הליבה**:  
   בתיק 2 יש נסיבות מחמירות חמורות: נשק גנוב, ירי באזור מגורים, כמות גדולה של תחמושת, סיכון גבוה לציבור. בתיק 1 – נשק לא תקין, ללא ירי, נזק לא נגרם ולא צפוי בפועל. גם אם שניהם ""עבירות בנשק"", הנסיבות הופכות את תיק 2 לקיצוני בהשוואה.

5. **ישימות כתקדים**:  
   שני התיקים עוסקים בהחזקת נשק ללא רישיון, אך בשל ההבדלים בחומרה, סיכון, שימוש בנשק ובנסיבות, תיק 1 לא יכול לשמש כתקדים ענייני משמעותי לתיק 2. בית משפט יבדיל בין החזקה פסיבית של נשק לא תקין לבין ירי מרובה באקדח גנוב וטעון באזור מגורים.

SIMILARITY_SCORE: 35","ok",""
"ME-17-10-62597-895","SH-15-12-65958-120",1,0,0,"{""אכזריות_או_ניצול"": ""לא צוין"", ""גיל_הנאשם_בעת_העבירה"": ""18"", ""האם_הייתה_רשות_להחזקת_הנשק"": ""לא"", ""האם_הנשק_היה_ברשות_הנאשם"": ""כן"", ""האם_העבירה_בוצעה_במסגרת_ארגון_פשיעה"": ""לא צוין"", ""האם_העבירה_בוצעה_בתמורה"": ""לא צוין"", ""האם_העבירה_כללה_ייצור_או_יבוא"": ""לא"", ""האם_העבירה_כללה_סחר_או_מסירה"": ""לא"", ""התגרות_נפגע"": ""לא רלוונטי"", ""חלקו_היחסי_של_הנאשם"": ""מבצע יחיד"", ""יכולת_הבנה_של_הנאשם"": ""לא צוין קושי בהבנה"", ""יכולת_שליטה_במעשה"": ""לא צוין קושי בשליטה"", ""מספר_נשקים"": ""אחד"", ""מצוקה_נפשית_עקב_התעללות"": ""לא צוין"", ""מקום_ביצוע"": ""מחוץ ליישוב לקיה"", ""נזק_צפוי"": ""פוטנציאל לפגיעה חמורה עקב נשיאת נשק חם"", ""נזק_שנגרם"": ""לא צוין נזק בפועל"", ""ניצול_כוח_או_מעמד"": ""לא צוין"", ""סוג_הנשק"": ""אקדח FN"", ""סוג_העבירה"": ""נשיאת והובלת נשק ללא רישיון"", ""סיבות_לביצוע"": ""לא פורטו"", ""סעיף_חוק"": ""144(ב) לחוק העונשין"", ""קרבה_לסייג_לאחריות_פלילית"": ""לא צוין"", ""תחמושת"": ""מחסנית וכדורים"", ""תכנון_מוקדם"": ""לא צוין תכנון מוקדם""}","{""גיל_הנאשם_בעת_העבירה"": 31, ""האם_בוצע_שימוש_בפועל"": ""לא"", ""האם_החזקה_במקום_גלוי"": ""לא, כל הנשקים הוסתרו במקומות שונים בבית"", ""האם_החזקה_במקום_מגורים"": ""כן"", ""האם_החזקה_במקום_מסתור"": ""כן, נשק קרלו הוסתר מעל ארון במטבח"", ""האם_החזקה_ללא_רישיון"": ""כן"", ""האם_החזקה_למטרת_סחר"": ""לא צוין"", ""האם_החזקה_לשימוש_עצמי"": ""לא צוין"", ""האם_החזקה_של_תחמושת_בלבד"": ""לא, החזקה של נשק ותחמושת יחד"", ""האם_היה_תכנון_מוקדם"": ""לא צוין"", ""האם_היו_שותפים"": ""לא"", ""האם_הייתה_אכזריות_או_ניצול"": ""לא"", ""האם_הייתה_השפעה_של_אחרים"": ""לא צוין"", ""האם_הייתה_התגרות_של_נפגע_העבירה"": ""לא רלוונטי"", ""האם_הייתה_התעללות_בנאשם"": ""לא צוין"", ""האם_הייתה_ניצול_לרעה_של_כוח_או_מעמד"": ""לא"", ""האם_הייתה_קרבה_לסייג_לאחריות_פלילית"": ""לא"", ""האם_הנאשם_הבין_את_מעשיו"": ""לא צוין אחרת"", ""האם_הנשק_היה_טעון"": ""כן, שני כלי נשק היו טעונים במחסנית"", ""האם_הנשק_מאולתר"": ""כן, אחד מכלי הנשק (קרלו) מאולתר"", ""האם_הנשק_תקין"": ""לא צוין"", ""האם_נגרם_נזק_פיזי"": ""לא"", ""חלקו_היחסי_של_הנאשם"": ""נאשם יחיד"", ""מיקום_הנשק"": [""אקדח זיג זאוור - בבית, טעון במחסנית"", ""נשק קרלו - מעל ארון במטבח, טעון במחסנית"", ""אקדח נוסף - בספרייה, עם שתי מחסניות (אחת ריקה, אחת עם 6 כדורים)""], ""מספר_כדורים_בסך_הכל"": 29, ""מספר_מחסניות"": 3, ""מספר_נשקים"": 3, ""מספר_עבירות"": 3, ""מקום_ביצוע"": ""בית הנאשם בטייבה"", ""סוג_העבירה"": ""החזקת נשק ותחמושת ללא רישיון"", ""סוגי_נשק"": [""אקדח זיג זאוור"", ""נשק מאולתר מסוג קרלו"", ""אקדח נוסף""], ""סוגי_תחמושת"": [""8 כדורי אקדח 9 מ\""מ"", ""15 כדורי 9 מ\""מ"", ""6 כדורי אקדח 7.65 מ\""מ""], ""סעיף_חוק"": ""סעיף 144(א) רישא וסיפא לחוק העונשין"", ""תאריך_ביצוע"": ""24.12.2015""}",45.0,"1. **סוג העבירה וחומרתה** — שני התיקים עוסקים בהחזקת נשק ללא רישיון, אולם תיק 1 עוסק בנשיאה והובלה מחוץ ליישוב, בעוד תיק 2 עוסק בהחזקת מספר נשקים (כולל מאולתר) בבית, חלקם טעונים, במסתור. החזקת נשק בבית, במיוחד בכמות שלושה כלים ותחמושת רבה, נחשבת חמירה יותר מאשר נשיאה יחידת של אקדח אחד, גם אם ללא רישיון. הדמיון ב범 nature, אך חומרת העבירה בתיק 2 גבוהה יותר.  
2. **תפקיד הנאשם ומעורבותו** — בשני המקרים מדובר במבצע יחיד, ללא שותפים או ארגון פשיעה. מעורבותם ישירה ופסיבית באותה מידה – החזקה או נשיאה של נשק. דמיון גבוה ביחס לתפקיד.  
3. **שיטת הביצוע (MO)** — בתיק 1: נשק אחד, מחוץ ליישוב, ללא רמז להסתרה או תכנון. בתיק 2: שלושה נשקים, חלקם טעונים, מוסתרים בבית, כולל נשק מאולתר. שיטת הביצוע בתיק 2 מעידה על זהירות, תכנון והסתרה, מה שמצביע על דפוס של שמירה ארוכת טווח, בניגוד לאפיזודה חד-פעמית של נשיאה בתיק 1. דמיון מוגבל.  
4. **נסיבות הליבה** — בתיק 2: כמות נשק ותחמושת גדולה, נשק טעון, כולל מאולתר – מצב שמגביר את הסיכון. בתיק 1: נשק אחד, מחוץ ליישוב, אך לא טעון בהכרח (אף על פי שיש תחמושת). אין נזק בפועל באף אחד מהמקרים. נזק צפוי בתיק 2 גבוה יותר עקב כמות, טעינה והסתרה.  
5. **ישימות כתקדים** — שני התיקים רלוונטיים להעדר רישיון, אך בית משפט יבחין בין נשיאה של נשק אחד לבין החזקת נשקים מרובים בבית, במיוחד עם נשק מאולתר וטעון. ההבדלים בנסיבות וב POTENTIAL לסיכון מקטינים את הסבירות שיתקבלו כתקדים זה לזה, במיוחד לעניין עונש.  

SIMILARITY_SCORE: 45","ok",""
"ME-13-02-28360-614","ME-16-06-44840-433",1,0,0,"{""אכזריות_או_ניצול"": ""לא צוין אכזריות או ניצול חריגים"", ""בריחה_מהמשטרה"": ""כן, בריחה בנסיעה מהירה, עקיפת ניידת, נסיעה על מדרכה, בריחה רגלית"", ""האם_הנשק_היה_ברשות_הנאשם"": ""הנשק היה ברכב, ברשות הלאל אבו זעילה, הנאשם נהג ברכב"", ""הפרעה_לשוטר"": ""כן, אי ציות להוראות עצירה, הימלטות"", ""התגרות_נפגע"": ""לא צוין"", ""חלקו_היחסי_של_הנאשם"": ""הנאשם נהג ברכב, הלאל אבו זעילה נשא את האקדח וירה, הנאשם היה שותף להימלטות מהמשטרה"", ""יכולת_הבנה"": ""לא צוין קושי בהבנה, הנאשם בגיר"", ""יכולת_הימנעות_ושליטה"": ""הנאשם נהג תחת השפעת אלכוהול, מה שעשוי להשפיע על שליטה, אך לא צוין קושי מהותי"", ""מספר_יריות"": ""3"", ""מצוקה_נפשית_עקב_התעללות"": ""לא צוין"", ""מקום_העבירה"": ""רהט, שטח עירוני"", ""נהיגה_ללא_ביטוח"": ""כן"", ""נהיגה_ללא_רישיון"": ""כן"", ""נהיגה_תחת_השפעת_אלכוהול"": ""כן"", ""נזק_צפוי"": ""ירי באקדח באוויר בשטח עירוני, סיכון חיי אדם, סיכון משתמשי דרך בעת המרדף"", ""נזק_שנגרם"": ""לא דווח על פגיעות גופניות או נזק לרכוש בפועל"", ""ניצול_כוח_או_מעמד"": ""לא צוין"", ""סוג_הנשק"": ""אקדח ותחמושת"", ""סוג_העבירה"": ""נשיאת נשק, הפרעה לשוטר במילוי תפקידו, נהיגה ללא רישיון, נהיגה ללא ביטוח, נהיגה תחת השפעת אלכוהול"", ""סיבות_לביצוע"": ""לא פורטו סיבות מיוחדות לביצוע העבירות"", ""סעיפי_חוק"": ""144(ב) רישא+סיפא, 275 לחוק העונשין, 10(א) לפקודת התעבורה, 2 לפקודת ביטוח רכב מנועי, תקנה 26(2) לתקנות התעבורה"", ""קרבה_לסייג_לאחריות_פלילית"": ""לא צוין"", ""שותפים_לעבירה"": ""הלאל אבו זעילה"", ""תכנון_מוקדם"": ""הנאשם שאל את הרכב מגיסו ונהג בו במספר הזדמנויות ללא רישיון וללא ביטוח, אך לא צוין תכנון מוקדם לנשיאת הנשק או לירי""}","{""אופי_הנשק"": [""רימוני הלם"", ""רימון גז""], ""גיל_הנאשם_בעת_העבירה"": 23, ""האם_בוצעה_העבירה_במסגרת_קבוצתית"": ""כן"", ""האם_היה_נזק_צפוי"": ""כן"", ""האם_היה_תכנון_מוקדם"": ""כן"", ""האם_הייתה_אכזריות_או_ניצול_במעשה"": ""לא צוין"", ""האם_הייתה_התגרות_של_הנפגע"": ""לא צוין"", ""האם_הנאשם_הושפע_מאחרים"": ""כן, פעל לבקשת אלירון גולד"", ""האם_הנאשם_היה_בשליטה_על_מעשיו"": ""כן"", ""האם_הנאשם_הסביר_לאחר_כיצד_להשתמש_בנשק"": ""כן"", ""האם_הנאשם_ניצל_מעמד_או_יחסים"": ""לא צוין"", ""האם_הנשק_היה_חוקי"": ""לא"", ""האם_העביר_נשק_בין_מקומות_מסתור"": ""כן"", ""האם_העביר_נשק_לאחר"": ""כן"", ""האם_העבירה_בוצעה_בזיקה_לארגון_פשיעה"": ""לא צוין"", ""האם_העבירה_בוצעה_במקום_ציבורי"": ""כן, רחוב האפרסמון בירושלים"", ""האם_העבירה_בוצעה_לשם_רווח_כלכלי"": ""לא"", ""האם_העבירה_בוצעה_על_רקע_סכסוך"": ""כן"", ""האם_נגרם_נזק"": ""לא צוין נזק בפועל"", ""חלקו_של_הנאשם"": ""החזיק רימונים, הצטייד בהם, מסר רימון גז, הסביר כיצד להשתמש, השליך רימון גז, הטמין רימונים, העביר בין מקומות מסתור"", ""כמות_רימונים"": 3, ""מניע_לביצוע"": ""סכסוך בין חברו של הנאשם לאחרים"", ""מספר_מעורבים"": ""מספר משתתפים (הנאשם, אלירון גולד, חברים נוספים)"", ""סוג_העבירות"": [""נשיאת נשק"", ""החזקת נשק"", ""סיוע לנסיון תקיפה""], ""סוגי_נשק"": [""רימוני הלם"", ""רימון גז""], ""סעיפי_חוק"": [""144(ב)"", ""144(א)"", ""379"", ""25"", ""31""]}",40.0,"1. **סוג העבירה וחומרתה**: שני התיקים כוללים עבירות של נשיאת נשק ללא רשות, וכן הפרעה לציבור או לשוטר, אך בתיק 1 מדובר בנשק ירי (אקדח) ובמעורבות במרדף מסוכן, בעוד בתיק 2 מדובר ברימוני הלם וגז – נשק לא קטלני יחסית, עם תכנון מראש אך ללא ירי או נזק פיזי. החומרה בתיק 1 גבוהה יותר בשל השימוש באקדח בשטח עירוני ונהיגה מסוכנת.  
2. **תפקיד הנאשם ומעורבותו**: בתיק 1 הנאשם נהג ברכב שבו נשא נשק אדם אחר, השתתף בריצה מהמשטרה, אך לא ירה; בתיק 2 הנאשם היה פעיל בהחזקת, העברת והשלכת הנשק, ופעל כחלק מקבוצה. מעורבותו בתיק 2 היא ישירה ופעילה יותר בנשק עצמו, אך בתיק 1 יש רכיב של סיכון דרמטי עקב הנהיגה המסוכנת.  
3. **שיטת הביצוע (MO)**: בתיק 1 – בריחה דרמטית ברכב, נהיגה פסיעה, ירי באוויר; בתיק 2 – תכנון מראש, העברה של רימונים, השלכה במרחב ציבורי. שני המקרים כוללים התנהגות אלימה וסיכון, אך שיטות הביצוע שונות: אחד ספונטני ומבוסס על בריחה, השני מתוכנן ומבוסס על התקפה קבוצתית.  
4. **נסיבות הליבה**: בתיק 1 – נהיגה ללא רישיון, תחת השפעת אלכוהול, סיכון גבוה לחיי אדם; בתיק 2 – תכנון, סכסוך אישי, שימוש ברימונים, אך ללא אלכוהול או נהיגה מסוכנת. שני המקרים כוללים סיכון ציבורי, אך מקורות הסיכון שונים: אחד טכנולוגי-דרכי, השני אלים-ציבורי.  
5. **ישימות כתקדים**: ההבדלים בסוג הנשק, שיטת הביצוע, מידת התכנון וההקשר (סכסוך אישי מול בריחה מעצירה) מקטינים את הסבירות שבית משפט יראה בתיק אחד תקדים ישיר לשני. אף על פי ששניהם עוסקים בנשיאות נשק, ההקשרים השונים מאוד מונעים מהשוואה עניינית מדויקת.

SIMILARITY_SCORE: 40","ok",""
"SH-18-06-11098-353","SH-16-11-7544-55",3,1,1,"{""אופן_החזקה"": ""החזקה פיזית"", ""האם_הייתה_אכזריות_או_ניצול"": ""לא"", ""האם_הייתה_השפעה_של_אחרים"": ""לא צוין"", ""האם_הייתה_התגרות_של_נפגע"": ""לא"", ""האם_הייתה_התעללות_בנאשם"": ""לא"", ""האם_הייתה_כוונה_לשימוש_בפועל"": ""לא צוין"", ""האם_הייתה_ניצול_כוח_או_מעמד"": ""לא"", ""האם_הייתה_פגיעה_בפועל"": ""לא"", ""האם_הייתה_פגיעה_צפויה"": ""כן"", ""האם_הייתה_שליטה_על_המעשה"": ""כן"", ""האם_הייתה_תכנית_מוקדמת"": ""לא צוין"", ""האם_הנאשם_הבין_את_מעשיו"": ""כן"", ""האם_הנאשם_קטין"": ""לא צוין"", ""האם_הנשק_היה_בשימוש"": ""לא צוין"", ""האם_הנשק_תקין"": ""לא צוין"", ""האם_העבירה_בוצעה_במקום_ציבורי"": ""לא צוין"", ""האם_העבירה_בוצעה_לשם_רווח"": ""לא צוין"", ""האם_העבירה_קשורה_לארגון_פשיעה"": ""לא צוין"", ""חלקו_של_הנאשם"": ""מבצע יחיד"", ""מספר_סידורי_נשק"": ""נמחק"", ""סוג_הנשק"": ""רובה סער מסוג גליל"", ""סוג_העבירה"": ""אחזקת נשק ותחמושת שלא כדין"", ""סוג_תחמושת"": ""מחסניות ותחמושת"", ""סעיף_חוק"": ""144(א) רישא וסיפא לחוק העונשין"", ""רישיון_להחזקה"": ""ללא רישיון"", ""תאריך_ביצוע"": ""23/05/18""}","{""האם_החזקה_במקום_ציבורי"": ""כן"", ""האם_החזקה_ברכב"": ""לא"", ""האם_החזקה_ללא_רישיון"": ""כן"", ""האם_היה_ניצול_כוח_או_מעמד"": ""לא"", ""האם_היו_שותפים"": ""לא"", ""האם_היתה_אכזריות_או_ניצול"": ""לא"", ""האם_היתה_השפעה_של_אחר"": ""לא"", ""האם_היתה_התגרות_של_נפגע"": ""לא"", ""האם_היתה_התעללות_בנאשם"": ""לא"", ""האם_היתה_כוונה_לשימוש"": ""לא ידוע"", ""האם_היתה_פגיעה_בפועל"": ""לא"", ""האם_היתה_פגיעה_צפויה"": ""כן"", ""האם_היתה_תכנית_מוקדמת"": ""לא ידוע"", ""האם_הנאשם_הבין_את_מעשיו"": ""כן"", ""האם_הנאשם_היה_בשליטה_על_מעשיו"": ""כן"", ""האם_הנשק_מאולתר"": ""כן"", ""האם_הנשק_תקין"": ""לא ידוע"", ""האם_קרבה_לסייג_לאחריות_פלילית"": ""לא"", ""חלקו_של_הנאשם"": ""בלעדי"", ""כמות_תחמושת"": 10, ""מקום_ביצוע"": ""מחלף להב-שומריה, כביש 6, לכיוון צפון"", ""סוג_הנשק"": ""רובה תת מקלע מאולתר"", ""סוג_העבירה"": ""החזקת נשק שלא כדין"", ""סוג_תחמושת"": ""מחסנית עם 10 קליעים בקוטר 9 מ\""מ"", ""סעיף_חוק"": ""144(א) רישא וסיפא לחוק העונשין"", ""תאריך_ביצוע"": ""26.10.16""}",65.0,"1. **סוג העבירה וחומרתה** — שני התיקים עוסקים בעבירה של החזקת נשק שלא כדין לפי סעיף 144(א) רישא וסיפא, ללא רישיון. מדובר בעבירה דומה מבחינת הסעיף החוקי והחומרה הפורמלית, אך בתיק 1 מדובר בנשק צבאי (רובה סער), ובתיק 2 בנשק מאולתר. נשק צבאי עשוי להיחשב חמור יותר, אך גם נשק מאולתר מהווה סיכון גבוה. הדמיון ב범 nature של העבירה גבוה, אך יש הבדל בטיב הנשק.  
→ דמיון גבוה, אך לא מלא.

2. **תפקיד הנאשם ומעורבותו** — בשני המקרים מדובר במבצע יחיד, ללא שותפים, ובשליטה מלאה על הפעולה. אין רמז לאי-הבנה או לחץ חיצוני. מעורבותם פעילה ו лично.  
→ דמיון גבוה.

3. **שיטת הביצוע (MO)** — בתיק 1 החזקה פיזית, בתיק 2 — במקום ציבורי (מחלף כביש). ההחזקה בנשק מאולתר לעומת נשק צבאי מצביעה על שיטת ביצוע שונה: נשק מאולתר עלול להצביע על ייצור או שינוי, בעוד רובה סער מצביע על גניבה או החזקה של נשק צבאי.  
→ הבדלים בולטים בשיטת הביצוע.

4. **נסיבות הליבה** — בשני המקרים אין פגיעה בפועל, אך יש פגיעה צפויה. בתיק 2 יש כמות מוגבלת של תחמושת (10 קליעים), ובתיק 1 לא צוינה כמות, אך נמחק מספר סידורי — נסיבה מחמירה. ההחזקה במקום ציבורי בתיק 2 עלולה להחמיר את העונש, אך גם החזקת נשק צבאי ללא רישיון היא מחמירה.  
→ הבדלים בנסיבות, אך רמת הסיכון דומה.

5. **ישימות כתקדים** — שני התיקים עוסקים באותה עבירה פלילית מרכזית, עם נסיבות דומות: החזקה ללא רישיון, שליטה אישית, כוונה לא ידועה לשימוש, אך סיכון צפוי. עם זאת, הבדלים בטיפוס של הנשק (צבאי vs. מאולתר) ובסביבת ההחזקה (מקום ציבורי מול לא צוין) עלולים להגביל את מידת ההתאמה כתקדים ענייני. בית משפט עשוי להתייחס אליהם כרלוונטיים, אך לא זהים.  
→ רלוונטיות חלקית כתקדים.

SIMILARITY_SCORE: 65","ok",""
"ME-14-07-13179-197","m08000207-175",1,0,0,"{""האם_בוצע_ירי_באזור_מגורים"": ""כן"", ""האם_בוצע_שיבוש_מהלכי_משפט"": ""כן, איסוף תרמילים לאחר הירי"", ""האם_בוצעה_גניבה"": ""כן, גניבת מכשיר טלפון מהמתלונן"", ""האם_בוצעו_איומים"": ""כן, איומים על המתלונן"", ""האם_היה_נזק_צפוי"": ""כן, סכנה לחיי אדם מירי באזור מגורים"", ""האם_היה_נזק_שנגרם"": ""לא דווח על נזק פיזי בפועל"", ""האם_היו_שותפים_לעבירה"": ""כן, נידאל בשארה באירוע המרכזי, שניים נוספים באירוע במגרש"", ""האם_הייתה_אכזריות_או_ניצול_יחסים"": ""לא צוין ניצול לרעה של יחסים או אכזריות חריגה"", ""האם_הייתה_הבנה_לפסול_המעשה"": ""כן, הנאשם ניסה להסתיר ראיות וברח מהמקום"", ""האם_הייתה_הודאה"": ""כן"", ""האם_הייתה_החזקת_נשק_ללא_רישיון"": ""כן"", ""האם_הייתה_החזקת_תחמושת_ללא_רישיון"": ""כן"", ""האם_הייתה_הסלמה_בין_הצדדים"": ""כן, עימות מילולי שהסלים לירי באוויר"", ""האם_הייתה_הפרת_הוראה_חוקית"": ""כן, הפרת תנאי מעצר בית"", ""האם_הייתה_הפרת_מעצר_בית"": ""כן"", ""האם_הייתה_התגרות_של_המתלונן"": ""המתלונן הזכיר עירוב שוטר בסכסוך"", ""האם_הייתה_כוונה_לפגוע_פיזית"": ""לא, הירי בוצע באוויר במטרה להפחיד או להקניט"", ""האם_הייתה_פגיעה_פיזית"": ""לא דווחה פגיעה פיזית"", ""האם_הייתה_שליטה_על_המעשה"": ""כן, שלף אקדח, דרך, ירה ואסף תרמילים"", ""האם_הייתה_תכנית_מוקדמת"": ""כן, הגעה יזומה לבית המתלונן לצורך גביית חוב"", ""האם_הנאשם_היה_בגיר"": ""כן"", ""מניע_לביצוע"": ""סכסוך כספי – חוב של 2,000 ש\""ח"", ""מספר_יריות"": ""3 יריות באוויר באירוע המרכזי, מספר לא ידוע באירוע במגרש"", ""מקום_ביצוע"": [""אזור מגורים באכסאל"", ""מגרש לפירוק כלי רכב""], ""סוגי_נשק"": [""אקדח מסוג גלוק""], ""סוגי_תחמושת"": [""מחסניות"", ""תחמושת לאקדח""], ""עבירות"": [""נשיאת נשק"", ""נשיאת תחמושת"", ""ירי באזור מגורים"", ""שיבוש מהלכי משפט"", ""הפרת הוראה חוקית"", ""גניבה"", ""איומים"", ""החזקת נשק"", ""החזקת תחמושת""], ""קשר_בין_המעורבים"": ""הנאשם והמתלונן בני דודים"", ""שנת_האירועים"": [""2013"", ""2014""]}","{""אופן_הביצוע"": ""נשיאת נשק בעת נהיגה ברכב"", ""האם_הייתה_אכזריות_או_ניצול"": ""לא"", ""האם_הייתה_השפעה_של_אחרים"": ""לא צוין"", ""האם_הייתה_התגרות_של_נפגע"": ""לא"", ""האם_הייתה_ניצול_מעמד"": ""לא"", ""האם_הייתה_תכנית_מוקדמת"": ""לא צוין"", ""האם_הנאשם_הבין_את_מעשיו"": ""כן"", ""האם_הנאשם_היה_במצוקה_נפשית"": ""לא צוין"", ""האם_הנאשם_היה_בשליטה"": ""כן"", ""האם_הנשק_היה_ברשות_הנאשם"": ""כן"", ""האם_הנשק_היה_טעון"": ""כן"", ""האם_העבירה_בוצעה_בזיקה_לארגון_פשיעה"": ""לא"", ""האם_העבירה_בוצעה_ביחידות"": ""לא"", ""האם_העבירה_בוצעה_לשם_רווח"": ""לא צוין"", ""כמות_כדורים_במחסנית_ראשונה"": 15, ""כמות_כדורים_במחסנית_שניה"": 10, ""מטרת_החזקת_הסם"": ""שימוש עצמי"", ""מיקום_האירוע"": ""סמוך לצומת הערבה"", ""מספר_מחסניות"": 2, ""משקל_הסם_גרם"": 1.36, ""נזק_שהיה_צפוי"": ""פוטנציאל לסיכון חיי אדם עקב נשיאת נשק"", ""נזק_שנגרם"": ""לא צוין"", ""סוג_הנשק"": ""אקדח בקוטר 0.9 מ\""מ"", ""סוג_הסם"": ""חשיש"", ""סוג_העבירה"": ""נשיאת נשק והחזקת סם לצריכה עצמית"", ""סעיפי_אישום"": [""144(ב) לחוק העונשין"", ""7(א)+(ג) סיפא לפקודת הסמים המסוכנים""], ""קרבה_לסייג_לאחריות_פלילית"": ""לא"", ""שעת_האירוע"": ""00:55"", ""תאריך_האירוע"": ""12.7.08""}",30.0,"1. **סוג העבירה וחומרתה** — תיק 1 עוסק בעבירות אלימות חמורות: ירי באזור מגורים, איומים, גניבה, שיבוש מהלכי משפט והפרת מעצר בית – במסגרת סכסוך אישי עם אלמנטים של אינטימידציה. תיק 2 עוסק בנשיאות נשק והחזקת סם לצריכה עצמית, ללא אלמנטים של אלימות או ירי. החומרה בתק 1 גבוהה בהרבה, גם עקב ההקשר הסוציו-דינמי והסיכון הקולקטיבי.  
2. **תפקיד הנאשם ומעורבותו** — בתיק 1 הנאשם יזם את המפגש, שלף נשק, ירה, גנב והסתיר ראיות – מעורבות פעילה, מרוכזת וمركזת. בתיק 2 הנאשם נשא נשק וסם בזמן נהיגה – מעורבות פסיבית-אקטיבית, אך ללא יוזמה אלימה או תכנון ישיר של עבירה אלימה.  
3. **שיטת הביצוע (MO)** — בתיק 1: ירי באוויר, התנהגות אינטימידטיבית, איסוף תרמילים, תכנון מראש. בתיק 2: נשיאת נשק וסם ברכב, ללא ירי או איומים. אין דפוס דומה – הראשון הוא עבירה אלימית מכוונת, השני הוא עבירה של החזקה בשעת תנועה.  
4. **נסיבות הליבה** — בתיק 1: סכסוך אישי, ירי באזור מגורים, שלוש יריות, נשק טעון, איסוף תרמילים, הפרת מעצר בית, קשר משפחה. בתיק 2: נהיגה עם נשק טעון וסם, ללא ירי או איומים, בשעה מאוחרת. ההבדלים בהקשר, כוונה, סיכון ותוצאות פיזיות מהותיים.  
5. **ישימות כתקדים** — שני התיקים כוללים נשיאות נשק ללא רישיון, אך ההקשר, המניע, חומרת העבירה וההשלכות שונות מהותית. בית משפט לא יראה בתיק 2 תקדים רלוונטי לענישה בתיק 1, שבו יש אלמנטים של אינטימידציה, ירי, שיבוש מהלכי משפט והפרת סדר ציבורי.  

SIMILARITY_SCORE: 30","ok",""
"SH-17-04-19242-11","SH-16-11-7544-55",3,1,1,"{""אופן_החזקה"": ""הוסלק בתוך ארון"", ""אופן_החשיפה"": ""נתפס בחיפוש משטרתי יזום"", ""אכזריות_או_ניצול"": ""לא צוין"", ""חלקו_של_הנאשם"": ""בלעדי"", ""יכולת_הבנה"": ""לא צוין קושי בהבנה"", ""יכולת_שליטה"": ""לא צוין קושי בשליטה או התגרות"", ""מועד_החזקה"": ""02/04/17 (יום התפיסה), החזקה מאז שנת 2000"", ""מצוקה_נפשית"": ""לא צוין"", ""מקום_החזקה"": ""בביתו של הנאשם, מוסלק בארון בחדר השינה"", ""מקור_הנשק"": ""התקבל מידי דודו של הנאשם לפני מותו"", ""נזק_צפוי"": ""נשק ותחמושת בעלי פוטנציאל לגרימת נזק חמור"", ""נזק_שנגרם"": ""לא דווח על נזק בפועל"", ""ניצול_כוח_או_מעמד"": ""לא צוין"", ""סוג_העבירה"": ""אחזקת נשק ותחמושת"", ""סוג_נשק"": ""רובה סער מסוג קלאצ'ניקוב"", ""סוג_תחמושת"": ""שתי מחסניות המכילות קליעים"", ""סיבות_לביצוע"": ""קבלת הנשק בירושה מדוד"", ""סעיף_חוק"": ""144(א) רישא וסיפא לחוק העונשין"", ""קרבה_לסייג_אחריות"": ""לא צוין"", ""רישיון_להחזקה"": ""ללא רישיון"", ""תכנון_מוקדם"": ""לא צוין תכנון מוקדם לביצוע עבירה, הנשק הוחזק לאורך שנים""}","{""האם_החזקה_במקום_ציבורי"": ""כן"", ""האם_החזקה_ברכב"": ""לא"", ""האם_החזקה_ללא_רישיון"": ""כן"", ""האם_היה_ניצול_כוח_או_מעמד"": ""לא"", ""האם_היו_שותפים"": ""לא"", ""האם_היתה_אכזריות_או_ניצול"": ""לא"", ""האם_היתה_השפעה_של_אחר"": ""לא"", ""האם_היתה_התגרות_של_נפגע"": ""לא"", ""האם_היתה_התעללות_בנאשם"": ""לא"", ""האם_היתה_כוונה_לשימוש"": ""לא ידוע"", ""האם_היתה_פגיעה_בפועל"": ""לא"", ""האם_היתה_פגיעה_צפויה"": ""כן"", ""האם_היתה_תכנית_מוקדמת"": ""לא ידוע"", ""האם_הנאשם_הבין_את_מעשיו"": ""כן"", ""האם_הנאשם_היה_בשליטה_על_מעשיו"": ""כן"", ""האם_הנשק_מאולתר"": ""כן"", ""האם_הנשק_תקין"": ""לא ידוע"", ""האם_קרבה_לסייג_לאחריות_פלילית"": ""לא"", ""חלקו_של_הנאשם"": ""בלעדי"", ""כמות_תחמושת"": 10, ""מקום_ביצוע"": ""מחלף להב-שומריה, כביש 6, לכיוון צפון"", ""סוג_הנשק"": ""רובה תת מקלע מאולתר"", ""סוג_העבירה"": ""החזקת נשק שלא כדין"", ""סוג_תחמושת"": ""מחסנית עם 10 קליעים בקוטר 9 מ\""מ"", ""סעיף_חוק"": ""144(א) רישא וסיפא לחוק העונשין"", ""תאריך_ביצוע"": ""26.10.16""}",60.0,"1. **סוג העבירה וחומרתה** — שני התיקים עוסקים בעבירה של החזקת נשק ותחמושת ללא רישיון לפי סעיף 144(א) רישא וסיפא, מה שמצביע על סוג עבירה זהה וחומרתה דומה (נשקי אש בעלי פוטנציאל נזק גבוה). עם זאת, תיק 1 כולל רובה קלאצ'ניקוב — נשק צבאי תקני, בעוד תיק 2 עוסק ברובה תת-מקלע מאולתר, מה שמפחית מעט את החומרה יחסית.  
2. **תפקיד הנאשם ומעורבותו** — בשני המקרים מדובר במעורבות בלעדית, ללא שותפים, ובנאשמים שמבינים את מעשיהם ובשליטה על них. אין רמז לאי-הבנה או לקושי שליטה, ולכן הדמיון כאן גבוה.  
3. **שיטת הביצוע (MO)** — בהקשר של החזקה: בתיק 1 הנשק הוחזק לאורך שנים בבית, מוסתר בארון; בתיק 2 החזקה הייתה במקום ציבורי (מחלף כביש), מה שמעיד על חשיפה גבוהה וסיכון מיידי. ההבדל במשטר החזקה (פרטי מול ציבורי) מהותי ומשפיע על הסיכון החברתי.  
4. **נסיבות הליבה** — בתיק 1 יש היבט של ""ירושה"" ושמירת נשק לאורך זמן ללא כוונה לשימוש מיידי; בתיק 2 החזקה במקום ציבורי מעלה חשד לכוונה אפשרית לשימוש, גם אם לא דווח על כך. בנוסף, הכמות דומה (שתי מחסניות מול 10 קליעים), אך אופי המקום וההקשר מעוררים נזק צפוי משמעותי יותר בתיק 2.  
5. **ישימות כתקדים** — למרות השוני בנסיבות החזקה (בית מול מקום ציבורי) ובאופי הנשק (תקני מול מאולתר), שני התיקים עוסקים באותה עבירה פלילית מרכזית, עם מרכיבי נזק צפוי, החזקה בלעדית, ללא רישיון וללא נזק בפועל. בית משפט עשוי להתייחס אליהם כרלוונטיים, אך עם הבחנה ברורה בנסיבות aggravating בתיק 2 (מקום ציבורי) ו mitigation בתיק 1 (רקע של ירושה, שמירה ממושכת ללא שימוש).  

SIMILARITY_SCORE: 60","ok",""
"ME-14-10-31218-522","ME-14-12-6904-57",1,0,0,"{""אופן_ביצוע"": ""השלכת רימון לעבר מרפסת לאחר שחרור נצרה"", ""אכזריות_או_ניצול_הנפגע"": ""לא צוין"", ""גיל_הנאשם_במועד_העבירה"": ""31"", ""האם_החזקה_או_שימוש"": ""החזקה ושימוש (השלכה והפעלה)"", ""האם_היה_רישיון"": ""לא"", ""האם_היה_תכנון_מוקדם"": ""לא צוין במפורש"", ""האם_הייתה_התגרות_מצד_הנפגע"": ""לא צוין"", ""האם_הנאשם_הושפע_מאחר"": ""לא צוין"", ""האם_הנאשם_פעל_לבד"": ""כן"", ""האם_הנשק_היה_תקין"": ""כן"", ""האם_העבירה_בוצעה_בלילה"": ""כן"", ""האם_העבירה_בוצעה_במקום_מגורים"": ""כן"", ""יכולת_הנשק_להזיק"": ""בכוחו של הרימון היה להזיק לאדם ולגרום פגיעה גופנית"", ""מועד_האירוע"": ""29/5/14 02:45"", ""מניע_העבירה"": ""לא צוין"", ""מספר_זיהוי_נשק"": ""E386201"", ""מצוקה_נפשית_של_הנאשם"": ""לא צוין"", ""מקום_האירוע"": ""מרפסת בית המתלונן, דיר אל אסד"", ""נזק_פיזי_לנפגע"": ""לא נגרם נזק גופני"", ""נזק_רכוש"": ""לא צוין"", ""נזק_שנגרם"": ""קול נפץ עז, העיר את המתלונן ושכנו משנתם"", ""ניצול_כוח_או_מעמד"": ""לא צוין"", ""סוג_הנשק"": ""רימון יד הלם/סינוור M7290"", ""סוג_העבירה"": ""החזקה ושימוש בנשק ללא רישיון"", ""סעיף_חוק"": ""144(א) לחוק העונשין"", ""קורבן_העבירה"": ""ד\""ר אמון חסן"", ""קרבה_לסייג_לאחריות_פלילית"": ""לא"", ""שליטה_במעשה"": ""שליטה מלאה"", ""שעת_העבירה"": ""02:45""}","{""אופן_החזקה_והובלה"": ""הנשק הוסתר בתיק גב עטוף בבגדים, הובל ונישא על ידי הנאשם"", ""אכזריות_או_אלימות"": ""לא צוין שימוש באלימות או אכזריות"", ""גיל_הנאשם"": ""לא צוין"", ""החזקת_סם"": ""0.3027 גרם נטו קנאביס לצריכה עצמית"", ""הסתרת_הנשק"": ""הנשק הוסתר בארון בגדים בחדר השינה בדירה"", ""חלקו_של_הנאשם"": ""רכש, החזיק, נשא והוביל את הנשק והתחמושת"", ""יכולת_הבנה_ושליטה"": ""לא צוין קושי בהבנה או בשליטה"", ""יכולת_הנשק"": ""מסוגל לירות ובכוחו להמית"", ""מקום_העבירה"": ""תל אביב, בדירה וברחוב"", ""משך_החזקה"": ""כחודש ימים לפני 18.11.2014 ועד ליום 18.11.2014"", ""נזק_צפוי"": ""הנשק והתחמושת מסוגלים להמית"", ""נזק_שנגרם"": ""לא נגרם נזק בפועל"", ""ניצול_מעמד_או_יחסים"": ""לא צוין"", ""סוג_הנשק"": ""רובה מאולתר מדגם קרל גוסטב"", ""סוג_העבירה"": ""נשיאה והובלת נשק ללא רישיון, החזקת סם לצריכה עצמית"", ""סיבת_העבירה"": ""לא פורטו מניעים מיוחדים"", ""סעיפי_חוק"": ""סעיף 144(ב) לחוק העונשין, סעיף 7(א) לפקודת הסמים המסוכנים"", ""קרבה_לסייג_לאחריות"": ""לא צוין"", ""רכישת_הנשק"": ""הנשק נרכש על ידי הנאשם בתמורה ל-4,000 ש\""ח"", ""שותפים_לעבירה"": ""נאשם נוסף (נאשם 2, סעיד אבו זנט)"", ""תחמושת"": ""מחסנית וכדורים תואמים לנשק"", ""תכנון_מוקדם"": ""הנשק נרכש מראש, הוסתר והובל באופן מוסתר""}",40.0,"1. **סוג העבירה וחומרתה**: שני התיקים כוללים עבירות של החזקה ושימוש/נשיאה של נשק ללא רישיון לפי סעיף 144, אך בתיק 1 מדובר בשימוש פעיל בנשק (השלכת רימון יד), פעולה אלימה וסיכון ישיר, בעוד בתיק 2 מדובר בהחזקת נשק מאולתר ללא שימוש או איום ישיר. חומרת העבירה בתיק 1 גבוהה יותר עקב הביצוע האקטיבי.  
2. **תפקיד הנאשם ומעורבותו**: בתיק 1 הנאשם פעל באופן עצמאי ובאופן ישיר בביצוע העבירה (השלכה), בעוד בתיק 2 הנאשם רכש והחזיק נשק, אך ללא עדות לשימוש או איום – מעורבות פחות ישירה ופחות פעילה.  
3. **שיטת הביצוע (MO)**: בתיק 1 שיטת הביצוע כוללת שימוש מיידי ונשק שנועד להרעיש ולבהיל (רימון הלם), בעוד בתיק 2 מדובר בהסתרה והובלה של נשק קטלני (רובה מאולתר) לאורך זמן – מטרה אפשרית לפשע עתידי. הדפוס שונה: אחד אקטיבי ומיידי, השני מחבוא וארוך טווח.  
4. **נסיבות הליבה**: בתיק 1 יש ביצוע לילה, במקום מגורים, עם השלכה ישירה – סיכון רגשי ופיזי גבוה, גם ללא נזק גופני. בתיק 2 אין אירוע ביצוע, אלא החזקה סטטית לאורך חודש, ללא איום ישיר. סיכון צפוי קיים, אך לא ביטויי חומרה מיידית.  
5. **ישימות כתקדים**: למרות השוני בסוג הנשק ובשיטת ההחזקת, שני התיקים עוסקים בהפר תקנה של נשק ללא רישיון. עם זאת, השימוש האקטיבי בנשק בתיק 1 עלול להצדיק עונש כבד יותר, ולכן תיק 2 לא ייחשב תקדים רלוונטי לעונש בתיק 1, וההפך גם כן – ההקשר שונה מדי.  

SIMILARITY_SCORE: 40","ok",""
"ME-16-10-9348-780","ME-17-05-35227-215",1,0,0,"{""אופן_ההובלה"": ""הנשק והתחמושת הונחו ברכב אחותו של הנאשם"", ""אופן_ההשגה"": ""נטילה מהאב בעקבות ויכוח"", ""גיל_הנאשם"": ""לא צוין"", ""האם_בוצע_תכנון_מוקדם"": ""לא צוין תכנון מוקדם, אך נטל את הנשק לאחר ויכוח"", ""האם_בוצעה_העברה_לאחר"": ""כן, מסר את הנשק והתחמושת לקטין"", ""האם_היה_נזק_רכושי"": ""כן, נטל כסף ושיק מאביו"", ""האם_היה_שותף_נוסף"": ""כן, מוחמד יונס הצטרף לנסיעה"", ""האם_הייתה_אכזריות_או_התעללות"": ""לא"", ""האם_הייתה_אלימות_נוספת"": ""לא צוין"", ""האם_הייתה_התגרות_של_הנפגע"": ""ויכוח עם האב"", ""האם_הייתה_מסירת_נשק_לזולת"": ""כן"", ""האם_הייתה_ניצול_מעמד_או_כוח"": ""לא"", ""האם_הייתה_נסיעה_עם_הנשק"": ""כן, נסע עם הנשק והתחמושת ברכב"", ""האם_הייתה_קרבה_לסייג_לאחריות_פלילית"": ""לא"", ""האם_הנאשם_הבין_את_מעשיו"": ""לא צוין מגבלה"", ""האם_הנאשם_הורשע_בעבירות_נשק_בעבר"": ""לא צוין"", ""האם_הנאשם_החזיק_ברישיון"": ""לא"", ""האם_הנאשם_היה_בשליטה_על_מעשיו"": ""כן"", ""האם_הנשק_הוחזק_ברישיון"": ""כן, על ידי האב"", ""האם_הנשק_היה_תקין"": ""לא צוין"", ""האם_העבירה_בוצעה_בזיקה_לארגון_פשיעה"": ""לא"", ""האם_העבירה_בוצעה_ליותר_מנשק_אחד"": ""לא"", ""האם_נגרם_נזק_פיזי"": ""לא"", ""כמות_תחמושת"": 75, ""למי_הועבר_הנשק"": ""קטין, פ. י., תושב ערערה"", ""מניע_לביצוע"": ""ויכוח עם האב"", ""מקום_ההשגה"": ""חדר השינה של ההורים, ארון בגדים"", ""מקום_התחמושת"": ""מחסן הבית, מדף"", ""סוג_הנשק"": ""רובה צייד"", ""סוג_העבירה"": ""נשיאת נשק ותחמושת ללא רישיון"", ""סוג_התחמושת"": ""כדורי צייד קליבר 12 מ\""מ"", ""סכום_כסף_שנלקח"": 3500, ""סכום_שיק_שנלקח"": 500, ""סעיפי_חוק"": [""144(ב) רישא"", ""144(ב) סיפא לחוק העונשין""]}","{""אופן_הובלה"": ""בתוך תא המטען של אופנוע"", ""אכזריות_או_ניצול"": ""לא"", ""אמצעי_תחבורה"": ""אופנוע מסוג קואנג יאנג טיו"", ""האם_הייתה_רשות_להחזקה"": ""לא"", ""האם_הייתה_תכנית_מוקדמת"": ""לא צוין"", ""האם_הנשק_היה_טעון"": ""בתוך הנשק נמצאה מחסנית"", ""האם_הנשק_היה_תקין"": ""לא צוין"", ""האם_העבירה_בוצעה_במסגרת_קבוצתית"": ""לא"", ""חלקו_היחסי_של_הנאשם"": ""מבצע יחיד"", ""יכולת_הבנה_של_הנאשם"": ""לא צוין"", ""יכולת_שליטה_במעשה"": ""לא צוין"", ""מועד_העבירה"": ""7 במאי 2017 בשעת צהריים"", ""מצוקה_נפשית_של_הנאשם"": ""לא צוין"", ""נזק_צפוי"": ""פוטנציאל סיכון גבוה לציבור"", ""נזק_שנגרם"": ""לא צוין"", ""ניצול_כוח_או_מעמד"": ""לא"", ""סוג_הנשק"": ""תת-מקלע מאולתר"", ""סוג_העבירה"": ""נשיאת והובלת נשק ללא רישיון"", ""סוג_התחמושת"": ""מחסנית"", ""סיבות_לביצוע"": ""לא צוין"", ""סעיף_חוק"": ""144(ב) רישא וסיפא לחוק העונשין"", ""קרבה_לסייג_לאחריות_פלילית"": ""לא""}",40.0,"1. **סוג העבירה וחומרתה** — שני התיקים עוסקים בעבירה של נשיאת נשק ותחמושת ללא רישיון לפי סעיף 144(ב) רישא וסיפא, אך חומרת הנשק שונה מהותית: בר第一个 מדובר ברובה צייד (נשיאה לאחריה ממשפחה), ובשני בתת-מקלע מאולתר — נשק קטלני בהרבה, עם סיכון גבוה לציבור. ההבדל בסוג הנשק מעלה משמעותית את חומרת העבירה בתיק 2.  
   
2. **תפקיד הנאשם ומעורבותו** — בתיק 1 הנאשם מעורב גם בהשגת הנשק מהאב, העברה לקטין, ונטילת רכוש — מעורבות מורכבת ופעילה. בתיק 2 מדובר בביצוע יחיד, ללא שותפים או העברה נוספת — מעורבות מוגבלת יותר, אך עדיין פעילה. הדמיון חל בפעולה של נשיאת נשק ללא רישיון, אך תיק 1 כולל מעורבות רחבה יותר.

3. **שיטת הביצוע (MO)** — בשני המקרים הנשק הובל ברכב (מכונית/אופנוע), אך אופן ההסתרה שונה: ברכב פרטי של משפחה מול תא אופנוע. בנוסף, בתיק 1 יש השגה מהבית, העברה לשלישי ונטילת רכוש — תבנית מורכבת. בתיק 2 אין מידע על השגה או העברה — רק נשיאה. אין דפוס MO זהה.

4. **נסיבות הליבה** — בתיק 1 יש נטילה בהקשר של ויכוח משפחתי, העברה לקטין, נסיעה עם שותף, ונטילת רכוש — עבירה בהקשר אישי אך עם השלכות חמורות. בתיק 2 — נשיאת תת-מקלע מאולתר, שמהווה סיכון ציבורי משמעותי, גם ללא ידיעת המניע. חומרת הסיכון בתיק 2 גבוהה יותר, והנסיבות שונות מהותית.

5. **ישימות כתקדים** — למרות השוואת הסעיף החוקי הזהה, בית משפט יבחין בהבדלים מהותיים: סוג הנשק (רובה צייד מול תת-מקלע מאולתר), סיכון ציבורי, העברה לקטין, נטילת רכוש, והקשר האישי של העבירה בתיק 1. ההבדלים太大 מונעים שימוש ישיר של אחד כתקדים ענייני לשני, גם אם שניהם עוסקים בנשיאה ללא רישיון.

SIMILARITY_SCORE: 40","ok",""
"ME-16-06-42987-901","ME-12-04-33577-700",1,0,0,"{""אכזריות_או_אלימות"": ""השלכת רימון הלם, ניסיון ירי, השלכת רימון גז"", ""האם_בוצע_ביחד_עם_אחרים"": ""כן"", ""האם_הושג_נזק_פיזי"": ""לא צוין"", ""האם_הושג_נזק_רכושי"": ""לא צוין"", ""האם_היה_ניסיון_לפגיעה_פיזית"": ""כן"", ""האם_היה_סכסוך_רקע"": ""כן"", ""האם_היו_קונים_שהם_שוטרים"": ""כן, שניים"", ""האם_הנאשם_הורשע_בעבירות_נוספות"": ""כן, סחר בסמים, החזקת סם, גניבה"", ""האם_הנאשם_החזיק_נשק_ללא_רישיון"": ""כן"", ""האם_הנאשם_היה_בהשפעת_אחרים"": ""כן, פעל יחד עם אחרים"", ""האם_הנאשם_היה_במצוקה_נפשית"": ""לא צוין"", ""האם_הנאשם_היה_קרוב_לסייג_פלילי"": ""לא צוין"", ""האם_הנאשם_השליך_רימון"": ""כן, רימון הלם ורימון גז"", ""האם_הנאשם_ניסה_לירות"": ""כן, אך הנשק לא פעל"", ""חלקו_היחסי_של_הנאשם"": ""פעיל מרכזי, ביצע את ההשלכה והניסיון לירי"", ""טווח_תמורה_לסחר"": ""100-400 ש\""ח"", ""יכולת_הבנה_של_הנאשם"": ""לא צוין קושי בהבנה"", ""יכולת_שליטה_במעשה"": ""לא צוין קושי בשליטה"", ""כמות_סמים_בכל_עסקה"": ""גרמים בודדים"", ""מניע_עבירה_ראשונה"": ""הטלת אימה על יושבי הבית"", ""מניע_עבירה_שנייה"": ""סכסוך עם אחרים"", ""מספר_אירועי_סחר_בסמים"": 5, ""מספר_אישומים"": 2, ""מספר_מעורבים_נוספים"": ""לפחות אחד (אמיר סלמה) ואחרים"", ""מספר_רימונים"": 3, ""מקום_ביצוע_עבירה_ראשונה"": ""בית משפחה בשכונת גילה, ירושלים"", ""מקום_ביצוע_עבירה_שנייה"": ""מקום בו שהו מסוכסכים עם הנאשם ואחרים"", ""נזק_צפוי"": ""פגיעה פיזית או נפשית ביושבי הבית ובמסוכסכים"", ""נזק_שנגרם"": ""הרימון התפוצץ בחצר, לא צוין נזק פיזי; ניסיון ירי שלא צלח"", ""ניצול_כוח_או_מעמד"": ""לא צוין"", ""סוג_הסם"": ""חשיש"", ""סוגי_נשק"": [""רימון הלם"", ""כלי נשק מאולתר"", ""רימון גז""], ""סעיפי_חוק_בתיק_הנשק"": [""144(ב)"", ""192"", ""329(א)(2)"", ""382(א)+25""], ""עבירות_בתיק_הנשק"": [""נשיאת נשק"", ""איומים"", ""ניסיון לחבלה מחמירה"", ""ניסיון תקיפה בנסיבות מחמירות""], ""עבירת_גניבה"": ""אופניים חשמליים"", ""שווי_הגניבה"": 3000, ""שנת_לידה_נאשם"": 1997, ""תאריך_הגניבה"": ""17.5.16"", ""תחמושת"": [""כדור בקליבר 9 מ\""מ""], ""תכנון_מוקדם"": ""כן, הנאשם הצטייד מראש בנשק ורימונים"", ""תקופת_ביצוע_עבירות_סמים"": ""מאי-יוני 2016""}","{""אכזריות_אלימות_התעללות_או_ניצול"": ""הנאשם השתמש באקדח וירה שלוש יריות לעבר המתלונן, מעשה אלים וחמור"", ""החזקת_נשק_ללא_רישיון"": ""הנאשם החזיק באקדח שלא כדין"", ""השפעת_אחר_על_הנאשם"": ""המתלונן זרק כוס לעבר הנאשם, מהווה התגרות מסוימת אך לא שליטה או השפעה מהותית"", ""התגרות_נפגע"": ""הייתה התגרות מסוימת מצד המתלונן (זריקת כוס)"", ""חלקו_היחסי_של_הנאשם"": ""הנאשם פעל לבדו, יזם את הירי והיה הגורם המרכזי בביצוע העבירה"", ""יכולת_הבנה"": ""הנאשם היה כשיר להבין את מעשיו ומשמעותם"", ""יכולת_הימנעות_ושליטה"": ""הנאשם היה מסוגל להימנע מהמעשה, אך בחר להגיב באלימות חמורה"", ""ירי_באזור_מגורים"": ""הירי בוצע באזור מגורים בבית שאן"", ""מספר_יריות"": ""שלוש"", ""מצוקה_נפשית_עקב_התעללות"": ""לא צוינה מצוקה נפשית או התעללות מצד המתלונן"", ""מקום_ביצוע"": ""אזור מגורים בבית שאן"", ""נזק_צפוי"": ""ירי מאקדח לעבר אדם באזור מגורים עלול לגרום לפציעה קשה או מוות"", ""נזק_שנגרם"": ""המתלונן נשרט בברכו הימנית מירי, לא נגרם נזק קטלני"", ""ניצול_כוח_או_מעמד"": ""לא צוין ניצול לרעה של כוח, מעמד או יחסים"", ""נשיאת_נשק_ללא_רישיון"": ""הנאשם נשא את האקדח שלא כדין"", ""סוג_הנשק"": ""אקדח"", ""סיבות_לביצוע"": ""תגובה מיידית להתגרות במהלך ויכוח"", ""פגיעה_בגוף"": ""פציעה שטחית בברך הימנית של המתלונן"", ""קרבה_לסייג_לאחריות_פלילית"": ""לא התקיימה קרבה לסייג לאחריות פלילית"", ""שעת_ביצוע"": ""02:00 לפנות בוקר"", ""תכנון_מוקדם"": ""העבירה בוצעה במהלך ויכוח ספונטני, ללא תכנון מוקדם""}",35.0,"1. **סוג העבירה וחומרתה**:  
שני התיקים כוללים שימוש בנשק והשלכת אלימות, אך בתיק 1 מדובר בהטלת רימונים ואיומי נשק כחלק מפעילות שגרתית (סחר בסמים, איום), ובתיק 2 – בירי ישיר מאקדח במהלך ויכוח ספונטני. חומרת הפגיעה הפיזית בתיק 2 גבוהה יותר (פגיעה ישירה, גם אם קלה), אך שני המקרים נחשבים לעבירות אלימות חמורות עם נשק. עם זאת, ההקשר שונה: אחד הוא חלק מסכסוך פלילי רחב עם פעילות סמויה, והשני – תגובה מיידית לויכוח.

2. **תפקיד הנאשם ומעורבותו**:  
בשני המקרים הנאשם הוא גורם מרכזי וביצועי – לא שליח או משתתף משני. בתיק 1 הוא מתוכנן ומוביל פעולה עם אחרים; בתיק 2 הוא פועל באופן עצמאי אך ללא שותפים. מעורבותו פעילה ומרכזית בשניהם.

3. **שיטת הביצוע (MO)**:  
שיטות הביצוע שונות מהותית: בתיק 1 – שימוש ברימונים, ניסיון ירי בכלי נשק מאולתר, תכנון מראש, פעילות קבוצתית. בתיק 2 – ירי מאקדח אמיתי בשלושה יריות, ללא תכנון, כחלק מתגובה רגשית לויכוח. אין דפוס MO זהה – האמצעים, הסוג וההקשר שונים.

4. **נסיבות הליבה**:  
בתיק 1 יש תכנון, השתתפות במספר עבירות (סמים, גניבה, נשק), פעילות ממושכת וניסיון לפגוע קבוצתי. בתיק 2 – אירוע יחיד, ספונטני, ללא רקע של עבירות נוספות, ללא תכנון או קשר לסחר/פשיעה שוטפת. נזק פיזי קל יותר בתיק 2, אך אמצעי הפגיעה חמור יותר (אקדח אמיתי).

5. **ישימות כתקדים**:  
הבדלים מהותיים בהקשר, מטרה, שיטת ביצוע ורקע פלילי מקטין את הסיכוי שבית המשפט יראה בתיק 1 תקדים רלוונטי לתיק 2. אף על פי ששניהם כוללים אלימות עם נשק, הם שייכים לסוגים משפטיים שונים: אחד – עבירה פלילית שגרתית עם אלימות וארגון, השני – תגובה אלימה חריפה לויכוח. לא צפוי להיעזר באחד לשיפוט האחר לצורך קביעת עונש.

SIMILARITY_SCORE: 35","ok",""
"ME-15-08-44579-251","SH-17-04-19242-11",1,0,0,"{""אופן_הבריחה"": ""בריחה בקטנוע, חציית צומת באור אדום, פגיעה בניידות משטרה, בריחה רגלית"", ""אופן_הובלה"": ""על קטנוע, הנאשם ישב מאחור"", ""האם_היה_נזק_צפוי"": ""כן, סכנה לחיי אדם ופגיעה ברכוש"", ""האם_היה_נזק_שנגרם"": ""כן, פגיעה בניידות משטרה וסכנה לרכב בצומת"", ""האם_היה_ניצול_מעמד_או_כוח"": ""לא"", ""האם_היו_סיבות_מיוחדות_לביצוע"": ""לא צוין"", ""האם_הייתה_בריחה_מהמשטרה"": ""כן"", ""האם_הייתה_הבנה_של_המעשה"": ""כן"", ""האם_הייתה_השלכת_נשק"": ""כן, הנאשם זרק את השקית עם האקדח והמחסנית בשדה"", ""האם_הייתה_השפעה_של_אחר"": ""ג'וודת היה הנהג, לא צוין השפעה ישירה על הנאשם"", ""האם_הייתה_התגרות_של_נפגע"": ""לא"", ""האם_הייתה_התעללות_בנאשם"": ""לא"", ""האם_הייתה_כוונה_מוקדמת"": ""לא צוין תכנון מוקדם"", ""האם_הייתה_לוחית_רישוי_מזויפת"": ""כן"", ""האם_הייתה_מחסנית"": ""כן"", ""האם_הייתה_מצוקה_נפשית"": ""לא צוין"", ""האם_הייתה_נהיגה_ללא_רישיון"": ""כן, ג'וודת נהג ללא רישיון"", ""האם_הייתה_סכנה_לחיי_אדם"": ""כן, רכב נאלץ לבלום למנוע התנגשות בצומת"", ""האם_הייתה_פגיעה_ברכוש"": ""כן, פגיעה בשתי ניידות משטרה"", ""האם_הייתה_קרבה_לסייג_לאחריות_פלילית"": ""לא"", ""האם_הייתה_שליטה_על_המעשה"": ""כן"", ""האם_הייתה_תחמושת"": ""לא"", ""האם_הנשק_הוסתר"": ""כן, עטוף בסמרטוט בתוך שקית אשפה"", ""האם_הנשק_נטען"": ""לא, המחסנית הייתה ריקה מכדורים"", ""האם_הנשק_תקין"": ""כן"", ""חלקו_של_הנאשם"": ""נשא את האקדח והמחסנית, ישב מאחור על הקטנוע, ברח רגלית וזרק את השקית"", ""מועד_ביצוע"": ""10.08.2015, 22:05"", ""מספר_מעורבים"": ""2"", ""מספר_סידורי_נשק"": ""459238"", ""מקום_ביצוע"": ""כביש 4, חדרה, אזור התעשייה הצפוני"", ""סוג_הנשק"": ""אקדח חצי אוטומט מסוג FN"", ""סוג_העבירה"": ""נשיאת נשק ללא רישיון"", ""סעיף_חוק"": ""144(ב) רישא וסיפא לחוק העונשין"", ""שמות_מעורבים"": ""הנאשם, ג'וודת דמלחי""}","{""אופן_החזקה"": ""הוסלק בתוך ארון"", ""אופן_החשיפה"": ""נתפס בחיפוש משטרתי יזום"", ""אכזריות_או_ניצול"": ""לא צוין"", ""חלקו_של_הנאשם"": ""בלעדי"", ""יכולת_הבנה"": ""לא צוין קושי בהבנה"", ""יכולת_שליטה"": ""לא צוין קושי בשליטה או התגרות"", ""מועד_החזקה"": ""02/04/17 (יום התפיסה), החזקה מאז שנת 2000"", ""מצוקה_נפשית"": ""לא צוין"", ""מקום_החזקה"": ""בביתו של הנאשם, מוסלק בארון בחדר השינה"", ""מקור_הנשק"": ""התקבל מידי דודו של הנאשם לפני מותו"", ""נזק_צפוי"": ""נשק ותחמושת בעלי פוטנציאל לגרימת נזק חמור"", ""נזק_שנגרם"": ""לא דווח על נזק בפועל"", ""ניצול_כוח_או_מעמד"": ""לא צוין"", ""סוג_העבירה"": ""אחזקת נשק ותחמושת"", ""סוג_נשק"": ""רובה סער מסוג קלאצ'ניקוב"", ""סוג_תחמושת"": ""שתי מחסניות המכילות קליעים"", ""סיבות_לביצוע"": ""קבלת הנשק בירושה מדוד"", ""סעיף_חוק"": ""144(א) רישא וסיפא לחוק העונשין"", ""קרבה_לסייג_אחריות"": ""לא צוין"", ""רישיון_להחזקה"": ""ללא רישיון"", ""תכנון_מוקדם"": ""לא צוין תכנון מוקדם לביצוע עבירה, הנשק הוחזק לאורך שנים""}",30.0,"1. **סוג העבירה וחומרתה** — שני התיקים עוסקים בעבירות נשיאת/אחזקת נשק ללא רישיון לפי סעיף 144, אך בתתי-סעיפים שונים (144(ב) ו-144(א)) ובנסיבות שונות: בראשון מעורב בריחה מהמשטרה, שימוש בקטנוע, פגיעה ברכוש וסכנה לחיים; בשני – אחזקת נשק לאורך שנים בבית, ללא קשר לביצוע עבירה פעילה. החומרה בתיק 1 גבוהה בהרבה.

2. **תפקיד הנאשם ומעורבותו** — בתיק 1 הנאשם מעורב בצורה פעילה: נשיאת נשק בזמן בריחה, השתתפות במעשה אלים עם משטרה, שליטה על הנשק. בתיק 2 – מעורבות פסיבית: אחזקת נשק שהתקבל בירושה, ללא עדות לשימוש או כוונה对其进行. אין השוואה למעורבות ישירה בביצוע.

3. **שיטת הביצוע (MO)** — בתיק 1: בריחה במהירות, נהיגה ללא רישיון, חציית צומת באדום, השלכת נשק. מדובר במעשה דרמטי, תוך כדי מעקב שוטרי. בתיק 2: נשק מוסתר בארון בבית לאורך 17 שנה, ללא פעולה פעילה. שיטת הביצוע שונה לחלוטין – בין עבירה דינמית לסכנת ציבור לבין אחסון סטטי ללא פעולה.

4. **נסיבות הליבה** — בתיק 1: סכנה לחיים, פגיעה ברכוש, בריחה מהמשטרה, נשק מוסתר אך מוכן לשימוש (מחסנית ריקה אך נשק תקין). בתיק 2: אין סכנה מיידית, לא היו ניסיונות להשתמש בנשק, ולא דווח על הסיכון שנוצר. הנסיבות מחמירות בתיק 1 הן משמעותיות מאוד לעומת תיק 2 שהוא ""נקי"" יחסית.

5. **ישימות כתקדים** — בית משפט לא יראה את תיק 2 כתקדים רלוונטי לעניין ענישה בתיק 1, שכן ההקשר שונה מהותית: אין כאן neither intent to use the weapon, nor public endangerment, nor flight from justice. שני המקרים אמנם עוסקים בנשיאות/אחזקת נשק ללא רישיון, אך ההבדלים בהקשר, בחומרה ובהתנהגות הפוגעת מונעים מהם להיות תקדימים ענייניים זה לזה.

SIMILARITY_SCORE: 30","ok",""
"ME-15-06-12109-344","SH-14-11-8987-965",1,0,0,"{""האם_היה_נזק_צפוי"": ""כן, פוטנציאל מסוכן בנשיאת נשק"", ""האם_היה_נזק_שנגרם"": ""לא"", ""האם_היו_מעורבים_נוספים"": ""כן"", ""האם_היו_נסיבות_מיוחדות_לביצוע"": ""לא צוין"", ""האם_הייתה_אכזריות_או_ניצול"": ""לא"", ""האם_הייתה_השפעה_של_אחרים"": ""לא צוין"", ""האם_הייתה_התגרות_של_נפגע"": ""לא"", ""האם_הייתה_כוונה_להשתמש_בנשק"": ""לא צוין"", ""האם_הייתה_ניצול_מעמד_או_יחסים"": ""לא"", ""האם_הייתה_פגיעה_בפועל"": ""לא"", ""האם_הייתה_רשיון_להחזקת_הנשק"": ""לא"", ""האם_הייתה_תכנית_מוקדמת"": ""לא צוין"", ""האם_הנאשם_הבין_את_מעשיו"": ""כן"", ""האם_הנאשם_היה_בשליטה_על_מעשיו"": ""כן"", ""האם_הנאשם_פעל_לבד"": ""לא"", ""האם_הנשק_הוסתר"": ""כן"", ""האם_הנשק_היה_ברשות_הנאשם"": ""כן"", ""האם_הנשק_היה_תקין"": ""לא צוין"", ""מועד_ביצוע_העבירה"": ""מועד שאינו ידוע במדויק, וביום 2.5.13"", ""מטרת_הנסיעה"": ""הגעה לחתונה בכפר עזריה"", ""מקום_החזקת_הנשק"": ""ברכב השייך לעמאר זלום"", ""סוג_הנשק"": ""אקדח חצי אוטומטי"", ""סוג_העבירה"": ""נשיאת או הובלת נשק בלא רשות על פי דין"", ""סעיף_חוק"": ""144(ב) לחוק העונשין"", ""שמות_מעורבים_נוספים"": ""עמאר זלום, אחיו של הנאשם""}","{""אופן_החזקה"": ""החזקה ללא רישיון וללא הסכמת הבעלים"", ""אופן_הנטילה"": ""במרמה, ללא תביעת זכות בתום לב"", ""אכזריות_או_אלימות"": ""לא צוין"", ""גיל_הנאשם"": ""יליד 1985"", ""דיווח_לאחר_מעשה"": ""סיפר על המעשה לבן דודתו כעבור חודש"", ""האם_בוצע_ביחד_עם_אחרים"": ""נכנס עם אחרת אך לא צוין שותפות בעבירה"", ""חלקו_היחסי_של_הנאשם"": ""פועל עיקרי, נטל ונשא את האקדח"", ""יכולת_הבנה_ושליטה"": ""לא צוין קושי בהבנה או שליטה"", ""מניע_העבירה"": ""לא צוין"", ""מצוקה_נפשית_או_התגרות"": ""לא צוין"", ""מקום_ביצוע"": ""בית פרטי, רח' דוד רזיאל 28, ירושלים"", ""מקום_מגורים_הנאשם"": ""ירושלים"", ""משך_החזקה"": ""החזיק באקדח לפחות חודש ימים"", ""נזק_צפוי"": ""סיכון בטחוני מהחזקת נשק שלא כדין"", ""נזק_שנגרם"": ""גניבת אקדח מבעליו"", ""ניצול_יחסים_או_מעמד"": ""ניצל את גישתו לבית המתלונן לצורך ניקיון"", ""נסיבות_הכניסה"": ""הנאשם נכנס יחד עם אחרת במטרה לנקות את הבית"", ""סוג_העבירה"": ""גניבה והחזקת נשק שלא כדין"", ""סוג_נשק"": ""אקדח קולט 45"", ""סעיפי_חוק"": [""384"", ""144(א)""], ""קרבה_לסייג_לאחריות_פלילית"": ""לא צוין"", ""שייכות_הנשק"": ""המתלונן, משה מיכלי"", ""תכנון_מוקדם"": ""הבחין באקדח במהלך הניקיון ונטל אותו, לא צוין תכנון מוקדם""}",45.0,"1. **סוג העבירה וחומרתה**:  
   שני התיקים כוללים עבירה של החזקה או נשיאת נשק ללא רשות (סעיף 144), אך בתיק 2 מופיעה גם עבירת גניבה (סעיף 384), מה שמגדיל את החומרה. בעוד שתיק 1 עוסק בהובלת נשק ללא כוונה מוצהרת לגניבה, בתיק 2 יש מעשה גניבה מכוון. החומרה בתיק 2 גבוהה יותר.

2. **תפקיד הנאשם ומעורבותו**:  
   בתיק 1 הנאשם מעורב בהובלה של נשק שנמצא ברשותו, אך לא בהכרח יזם את העבירה; מעורבותו משנית או שותפותית. בתיק 2 הנאשם הוא הפועל העיקרי – נטל את הנשק בגניבה והחזיק אותו חודש. מעורבותו פעילה ומרכזית יותר.

3. **שיטת הביצוע (MO)**:  
   בתיק 1: נשק מוסתר ברכב, בהקשר של תנועה לחתונה – שימוש מעשי בנשק בהקשר של תזוזה. בתיק 2: נשק נגנב במהלך ניקיון בית, תוך ניצול סמיכות וגישה – עבירה שהתגלתה במקרה. שיטות הביצוע שונות מהותית: אחת מבוססת תנועה והסתרה, השנייה – גניבה מזדמנת תוך ניצול סמיכות.

4. **נסיבות הליבה**:  
   בתיק 1: אין נזק פיזי, אך סיכון בטחוני פוטנציאלי, נשק תקין ככל הנראה, מעורבות של אחרים. בתיק 2: נזק קלט – גניבת נשק, סיכון בטחוני דומה, אך בנוסף ניצול עמדה (עובד ניקיון), החזקה ממושכת (חודש), והיעדר רשות מפורשת. יש כאן נסיבות מחמירות נוספות (ניצול, תוקף העבירה).

5. **ישימות כתקדים**:  
   שני התיקים עוסקים בהחזקת נשק ללא רשות, אך ההקשר, המקור, המניע והנסיבות שונים. בית משפט יראה בהם עבירות בתחום דומה (נשק), אך לא יסיק השוואה ישירה לענישה, שכן בתיק 2 יש גניבה, תכנון מינימלי, ניצול, והחזקה ממושכת – נסיבות שעשויות להגביר את העונש. לכן, הקושחה אינה מספקת לשימוש ישיר כתקדים ענייני.

SIMILARITY_SCORE: 45","ok",""
"ME-21-10-18557-340","ME-16-12-50986-619",3,1,1,"{""האם_בוצע_ירי_באזור_מגורים"": ""כן"", ""האם_בוצע_ירי_לעבר_אדם"": ""לא, הירי בוצע כלפי מעלה"", ""האם_היה_נזק_פוטנציאלי"": ""כן, סיכון חיי אדם"", ""האם_היה_סיכון_לחיי_אדם"": ""כן"", ""האם_היה_סכסוך_בין_הצדדים"": ""כן"", ""האם_הירי_בוצע_בכוונה_להפחיד"": ""כן"", ""האם_הירי_בוצע_בכוונה_להרוג"": ""לא"", ""האם_היתה_השפעה_של_אחרים_על_הנאשם"": ""ג'יהאד סייע אך לא השפיע על ההחלטה"", ""האם_היתה_התגרות_של_הנפגע"": ""לא צוין"", ""האם_היתה_כוונה_לפגוע_פיזית"": ""לא, כוונה להפחיד או להקניט"", ""האם_היתה_מצוקה_נפשית_של_הנאשם"": ""לא צוין"", ""האם_הנאשם_הבין_את_מעשיו"": ""כן"", ""האם_הנאשם_היה_בשליטה_על_מעשיו"": ""כן"", ""האם_הנאשם_ניצל_כוח_או_מעמד"": ""לא"", ""האם_הנשק_הוחזק_ללא_רשיון"": ""כן"", ""האם_הנשק_היה_ברכב"": ""כן"", ""האם_הנשק_טעון"": ""כן"", ""האם_העבירה_בוצעה_בסיוע_רכב"": ""כן"", ""האם_העבירה_בוצעה_בצוותא"": ""כן"", ""האם_העבירה_בוצעה_מתוך_תכנון"": ""כן, החזקת נשק, נסיעה יזומה למקום, נשיאה והובלה"", ""האם_העבירה_בוצעה_על_רקע_סכסוך"": ""כן"", ""האם_נגרם_נזק_פיזי"": ""לא"", ""חלקו_של_המסייע"": ""ג'יהאד - נהג, מסייע להובלה ונשיאה"", ""חלקו_של_הנאשם"": ""מרכזי, יוזם ומבצע עיקרי"", ""מטרת_הירי"": ""הפחדה או הקנטה"", ""מספר_יורים"": ""לפחות שניים"", ""מספר_מעורבים"": ""2 (הנאשם וג'יהאד)"", ""מקום_העבירה"": ""כפר אבו סנאן, אזור מגורים"", ""סוג_הנשק"": ""תת מקלע מאולתר"", ""סוג_העבירה"": ""עבירות בנשק וירי מנשק חם"", ""סעיפי_חוק"": [""144(א) רישא וסיפא"", ""144(ב) רישא וסיפא"", ""340א(ב)(1)"", ""340א(ב)(2)""], ""תחמושת"": ""מחסנית ולפחות שני כדורים בקליבר 9 מ\""מ""}","{""אופי_הנשק"": ""נשק חם, לא פורט סוג"", ""אופן_הביצוע"": ""הגעה ברכב, חבישת כובעים וחם-צוואר להסוואה, איום באמצעות נשק, ירי באוויר"", ""האם_בוצע_ירי"": ""כן, ירי באוויר"", ""האם_בוצע_מעשה_באכזריות_מיוחדת"": ""לא"", ""האם_בוצעה_הסוואה_או_הסתרה"": ""כן, חבישת כובעים וחם-צוואר"", ""האם_היה_נזק_פיזי_לנפגעים"": ""לא"", ""האם_היה_נזק_רכוש"": ""פגיעה ברכב הנאשם מצינור מתכת שהושלך על ידי אחד המתלוננים"", ""האם_היה_ניסיון_להקשות_על_זיהוי"": ""כן, חבישת כובעים וחם-צוואר"", ""האם_היה_ניצול_מעמד_או_כוח"": ""לא"", ""האם_היה_רישיון_לנשק"": ""לא היה רישיון"", ""האם_היה_שימוש_ברכב"": ""כן, רכב מסוג ב.מ.וו של הנאשם"", ""האם_היה_תכנון_מוקדם"": ""כן, קשר לחזור ולאיים באמצעות נשק"", ""האם_הייתה_אלימות_פיזית_ישירה"": ""לא, רק איום וירי באוויר"", ""האם_הייתה_השפעה_של_אחרים_על_הנאשם"": ""כן, בוצע יחד עם אחרים"", ""האם_הייתה_התגרות_של_הנפגעים"": ""כן, השלכת צינור מתכת לעבר רכב הנאשם"", ""האם_הייתה_מצוקה_נפשית_של_הנאשם"": ""לא צוין"", ""האם_הייתה_קרבה_לסייג_לאחריות_פלילית"": ""לא"", ""האם_הייתה_שליטה_על_המעשה"": ""כן"", ""האם_הייתה_תגובה_של_הנפגעים"": ""ניסו להסתתר, אחד השליך צינור מתכת"", ""האם_הנאשם_הבין_את_מעשיו"": ""כן"", ""האם_העבירה_בוצעה_ביותר_מנשק_אחד"": ""לא צוין"", ""האם_העבירה_בוצעה_במסגרת_ארגון_פשיעה"": ""לא צוין"", ""האם_העבירה_בוצעה_לשם_רווח_כלכלי"": ""לא"", ""מניע_העבירה"": ""סכסוך קודם, רצון להקניט ולהפחיד"", ""מספר_מעורבים_נוספים"": ""לא ידוע, אך היו אחרים שזהותם אינה ידועה"", ""מספר_נאשמים"": 1, ""מספר_קליעים_שנורו"": ""לא פורט"", ""מקום_העבירה"": ""שכונה 20, רהט, אזור מגורים"", ""סעיפי_חוק"": [""449(א)(1)"", ""144(ב)"", ""192"", ""340א""], ""עבירות"": [""קשירת קשר לפשע"", ""הובלה ונשיאת נשק"", ""איומים"", ""ירי באזור מגורים""], ""קרבה_בין_הנפגעים"": ""קרובי משפחה"", ""קשר_בין_הנפגעים_לנאשם"": ""סכסוך קודם בין משפחות"", ""שעת_העבירה"": ""אחר הצהריים, בין 14:45 ל-15:00""}",85.0,"1. **סוג העבירה וחומרתה** — שני התיקים כוללים ירי באזור מגורים, איומים באמצעות נשק חם והחזקת נשק ללא רישיון. שני המקרים אינם כללו נזק פיזי ישיר, אך הציגו סיכון לחיי אדם. העבירות דומות מאוד בסוגן וחומרתן — ירי באוויר להפחיה או הקנטה, במסגרת סכסוך בין צדדים.  
2. **תפקיד הנאשם ומעורבותו** — בתיק 1 הנאשם הוא יוזם ומבצע עיקרי, ובתוקף זה נושא משקל מרכזי. בתיק 2 הנאשם גם כן מופיע כמבצע עיקרי (הגיע עם נשק, ירה, נהג ברכב), למרות שפעלו עם אחרים. מעורבותו פעילה ומרכזית בשני המקרים.  
3. **שיטת הביצוע (MO)** — בשני המקרים: הגעה ברכב, ירי באוויר, שימוש בנשק חם ללא רישיון, ביצוע בצוותא (אם כי בתיק 2 האחרים לא זוהו), והכוונה להפחיד או להקניט. בתיק 2 יש הסוואה (כובע וחם-צוואר), ובתיק 1 לא צוין — אך הדפוס הכולל של ביצוע עבירה מזוהה ומשולב.  
4. **נסיבות הליבה** — שני המקרים מתרחשים באזורי מגורים, במסגרת סכסוך בין משפחות/צדדים, ללא נזק פיזי אך עם סיכון לחיים. בתיק 2 יש התגרות מצד הנפגעים (השלכת צינור), מה שאינו צוין בתיק 1 — אך המניע (הקפצה, הקנטה) וההקשר הסכסוכי זהה.  
5. **ישימות כתקדים** — שני התיקים מציגים דפוס דומה של ירי להרתעה או הקנטה בסכסוך בין משפחות, ללא כוונה להרוג, אך עם סיכון גבוה. בית משפט עשוי לראות בהם תיקים השוואתיים לעניין ענישה, במיוחד בהיעדר נזק פיזי ובהקשר של סכסוך מקומי עם ירי באוויר.  

SIMILARITY_SCORE: 85","ok",""
"ME-13-10-53169-537","ME-13-10-28139-807",2,0,1,"{""אכזריות_או_אלימות_מיוחדת"": ""לא צוין"", ""האם_הייתה_השפעה_של_אחרים"": ""לא צוין"", ""האם_הייתה_התגרות_או_התעללות"": ""לא צוין"", ""האם_הייתה_כוונה_מוקדמת"": ""לא צוין תכנון מוקדם"", ""האם_הייתה_קרבה_לסייג_לאחריות_פלילית"": ""לא צוין"", ""האם_הנשק_היה_טעון"": ""הנשק היה טעון במחסנית ריקה"", ""יכולת_הבנה_ושליטה"": ""לא צוין קושי בהבנה או שליטה"", ""מחסניות_שנתפסו"": ""2 מחסניות (אחת באקדח, אחת בשקית ברכב)"", ""מקום_החזקה"": ""ברכבו של הנאשם (מתחת לכיסא הנהג ובכיסו האחורי)"", ""נזק_צפוי"": ""פוטנציאל נזק גבוה עקב ירי לא ידוע"", ""נזק_שנגרם"": ""לא צוין נזק שנגרם"", ""ניצול_כוח_או_מעמד"": ""לא צוין"", ""סוג_הנשק"": ""אקדח"", ""סוג_העבירה"": ""נשיאת נשק ללא רישיון"", ""סיבת_ביצוע_העבירה"": ""לא צוין"", ""סעיף_חוק"": ""144(ב) לחוק העונשין"", ""שימוש_בנשק"": ""הנאשם ירה כ-15 יריות לכיוון שאינו ידוע"", ""תחמושת_שנתפסה"": ""19 כדורים (2 בכיס, 17 בשקית ברכב)""}","{""אזהרה_לפני_הירי"": ""הנאשם איים על המתלונן באמירה מילולית לפני הירי"", ""אכזריות_או_ניצול"": ""ירי לעבר רכב בו יושבים אנשים, בנסיבות סכסוך שכנים"", ""בריחה_מהזירה"": ""הנאשם נמלט מהמקום לאחר הירי"", ""גיל_הנאשם"": ""לא פורט"", ""האם_היו_קטינים_מעורבים"": ""בנו של המתלונן, כבן 18, היה נוכח ברכב"", ""האם_הירי_בוצע_במרחב_ציבורי"": ""כן, בסמוך לבית מגורים"", ""התגרות_הקרבן"": ""המתלונן משח את הספסל בשמן כדי להרחיק את הנאשם"", ""חלקו_של_הנאשם"": ""מבצע עיקרי, פעל לבדו"", ""יכולת_הבנה_של_הנאשם"": ""לא נטען לחוסר הבנה או פגם בכשירות"", ""מיקום_העבירה"": ""ליד בית המתלונן בעיר רהט"", ""מניע"": ""תגובה לכך שהמתלונן משח את הספסל בשמן כדי למנוע מהנאשם וחבריו לשבת עליו"", ""מספר_יריות"": ""מספר יריות (לא פורט במדויק)"", ""מצוקה_נפשית_של_הנאשם"": ""לא צוין"", ""נוכחות_אחרים_בזירת_העבירה"": ""בנו של המתלונן, כבן 18, ישב ברכב בזמן הירי"", ""נזק_צפוי"": ""פוטנציאל לפגיעה חמורה או מוות ליושבי הרכב"", ""נזק_שנגרם"": ""נזק לרכב, ללא פגיעה פיזית באדם"", ""ניצול_מעמד_או_כוח"": ""לא צוין ניצול לרעה של מעמד או כוח"", ""סוג_העבירה"": ""החזקה ושימוש בנשק ללא רישיון, ניסיון לחבלה חמורה בנסיבות מחמירות"", ""סוג_נשק"": ""אקדח מסוג לא ידוע"", ""סעיפי_חוק"": ""144(א) רישא, 333, 335(א)(1), 25 לחוק העונשין"", ""פגיעה_ברכוש"": ""פגיעות בדלת הנהג של הרכב, שלושה קליעים פגעו בדלת וחלקם חדרו"", ""פגיעה_פיזית_בקרבן"": ""לא נגרמה פגיעה פיזית"", ""קרבה_לסייג_לאחריות_פלילית"": ""לא צוין"", ""קשר_בין_הצדדים"": ""שכנים"", ""רקע_לעבירה"": ""סכסוך שכנים על שימוש בספסל בטון"", ""שליטה_במעשה"": ""שליטה מלאה, לא נטען למצב של חוסר שליטה"", ""תכנון_מוקדם"": ""קיים תכנון מסוים, הנאשם הגיע חמוש לאירוע לאחר הסכסוך""}",30.0,"1. **סוג העבירה וחומרתה**:  
התיק הראשון עוסק בנשיאה של נשק ללא רישיון, עבירה חמורה אך בדרך כלל פחות מוחמרת משימוש בנשק. התיק השני כולל לא רק החזקה אלא גם שימוש בנשק – ירי לעבר רכב עם אנשים, בהקשר של סכסוך, ובנסיבות מחמירות (מרחב ציבורי, קטינים נוכחים, אזהרה מילולית). מדובר בעבירה מורכבת יותר, הכוללת ניסיון לחבלה חמורה, ולכן חומרתה גבוהה בהרבה.

2. **תפקיד הנאשם ומעורבותו**:  
בשני המקרים הנאשם הוא המבצע הראשי, אך בתיק 2 מעורבותו פעילה ו攻势 – הוא ירה, איים, ונמלט. בתיק 1 אין מידע על התנהגות פעילה מעבר לנשיאה וליירה לכיוון שאינו ידוע, שמעידה על פחות מכוונת ישירה. המעורבות בתיק 2 היא משמעותית יותר מבחינה פלילית.

3. **שיטת הביצוע (MO)**:  
בתיק 1 אין תיאור של תכנון או ירי מכוון – הירי לכיוון שאינו ידוע מצביע על MO פחות מכוון. בתיק 2 מדובר בירי מכוון, לאחר אזהרה מילולית, כחלק מתגובה לסכסוך, עם בריחה – דפוס של פעולה מכוונת ו攻势. השיטות שונות מהותית.

4. **נסיבות הליבה**:  
בתיק 2 יש נסיבות מחמירות ברורות: ירי במרחב ציבורי, נוכחות של אנשים ברכב, קשר אישי, סכסוך מתמשך, תכנון מסוים. בתיק 1 – אין נסיבות מחמירות או מקלות מפורטות, נזק פוטנציאלי בלבד, ולא דווח על ירי מכוון או סיכון ממשי לאדם. ההבדלים בהיקף הסיכון, התכנון וההשפעה הם מהותיים.

5. **ישימות כתקדים**:  
בית משפט יתקשה להשתמש בתיק 1 כתקדים לעניין עונש בתיק 2, שבו יש שימוש בנשק בנסיבות אלימות, אזהרה, ירי מכוון ופגיעה ברכוש עם סיכון גבוה לאדם. שני התיקים עוסקים בנשק ללא רישיון, אך התיק השני כולל רצף של עבירות עם אופי攻势 וסיכון גבוה, ולכן ההשוואה מוגבלת מאוד.

SIMILARITY_SCORE: 30","ok",""
"SH-15-12-65958-120","SH-16-09-33552-535",3,1,1,"{""גיל_הנאשם_בעת_העבירה"": 31, ""האם_בוצע_שימוש_בפועל"": ""לא"", ""האם_החזקה_במקום_גלוי"": ""לא, כל הנשקים הוסתרו במקומות שונים בבית"", ""האם_החזקה_במקום_מגורים"": ""כן"", ""האם_החזקה_במקום_מסתור"": ""כן, נשק קרלו הוסתר מעל ארון במטבח"", ""האם_החזקה_ללא_רישיון"": ""כן"", ""האם_החזקה_למטרת_סחר"": ""לא צוין"", ""האם_החזקה_לשימוש_עצמי"": ""לא צוין"", ""האם_החזקה_של_תחמושת_בלבד"": ""לא, החזקה של נשק ותחמושת יחד"", ""האם_היה_תכנון_מוקדם"": ""לא צוין"", ""האם_היו_שותפים"": ""לא"", ""האם_הייתה_אכזריות_או_ניצול"": ""לא"", ""האם_הייתה_השפעה_של_אחרים"": ""לא צוין"", ""האם_הייתה_התגרות_של_נפגע_העבירה"": ""לא רלוונטי"", ""האם_הייתה_התעללות_בנאשם"": ""לא צוין"", ""האם_הייתה_ניצול_לרעה_של_כוח_או_מעמד"": ""לא"", ""האם_הייתה_קרבה_לסייג_לאחריות_פלילית"": ""לא"", ""האם_הנאשם_הבין_את_מעשיו"": ""לא צוין אחרת"", ""האם_הנשק_היה_טעון"": ""כן, שני כלי נשק היו טעונים במחסנית"", ""האם_הנשק_מאולתר"": ""כן, אחד מכלי הנשק (קרלו) מאולתר"", ""האם_הנשק_תקין"": ""לא צוין"", ""האם_נגרם_נזק_פיזי"": ""לא"", ""חלקו_היחסי_של_הנאשם"": ""נאשם יחיד"", ""מיקום_הנשק"": [""אקדח זיג זאוור - בבית, טעון במחסנית"", ""נשק קרלו - מעל ארון במטבח, טעון במחסנית"", ""אקדח נוסף - בספרייה, עם שתי מחסניות (אחת ריקה, אחת עם 6 כדורים)""], ""מספר_כדורים_בסך_הכל"": 29, ""מספר_מחסניות"": 3, ""מספר_נשקים"": 3, ""מספר_עבירות"": 3, ""מקום_ביצוע"": ""בית הנאשם בטייבה"", ""סוג_העבירה"": ""החזקת נשק ותחמושת ללא רישיון"", ""סוגי_נשק"": [""אקדח זיג זאוור"", ""נשק מאולתר מסוג קרלו"", ""אקדח נוסף""], ""סוגי_תחמושת"": [""8 כדורי אקדח 9 מ\""מ"", ""15 כדורי 9 מ\""מ"", ""6 כדורי אקדח 7.65 מ\""מ""], ""סעיף_חוק"": ""סעיף 144(א) רישא וסיפא לחוק העונשין"", ""תאריך_ביצוע"": ""24.12.2015""}","{""אופן_הסתרה"": ""עטוף ומוסלק בתוך בור באדמה ומעליו הונח ארגז"", ""האם_החזקה_במקום_פרטי"": ""כן"", ""האם_החזקה_במקום_ציבורי"": ""לא"", ""האם_החזקה_לזמן_ממושך"": ""לא צוין"", ""האם_החזקה_קבוצתית"": ""לא"", ""האם_היה_נזק_צפוי"": ""כן"", ""האם_הייתה_אכזריות_או_אלימות"": ""לא"", ""האם_הייתה_הובלה_או_נשיאה"": ""לא"", ""האם_הייתה_העברת_נשק"": ""לא"", ""האם_הייתה_השפעה_של_אחר"": ""לא"", ""האם_הייתה_התגרות_או_התעללות_על_ידי_נפגע"": ""לא"", ""האם_הייתה_ייצור_או_יבוא_או_יצוא"": ""לא"", ""האם_הייתה_כוונה_לעשות_שימוש"": ""לא צוין"", ""האם_הייתה_מצוקה_נפשית"": ""לא"", ""האם_הייתה_ניצול_מעמד_או_כוח"": ""לא"", ""האם_הייתה_עסקה_בנשק"": ""לא"", ""האם_הייתה_פגיעה_בגוף_או_ברכוש"": ""לא"", ""האם_הייתה_קרבה_לסייג_לאחריות_פלילית"": ""לא"", ""האם_הייתה_תכנית_מוקדמת"": ""כן, הסתרה יזומה של הנשק והתחמושת"", ""האם_הנשק_תקין"": ""לא צוין"", ""האם_נגרם_נזק"": ""לא"", ""יכולת_הבנה_של_הנאשם"": ""לא צוין"", ""יכולת_שליטה_במעשה"": ""כן"", ""מקום_ביצוע"": ""מחסן ברשות הנאשם"", ""סוג_העבירה"": ""החזקת נשק ותחמושת ללא רישיון"", ""סוגי_נשק"": [""אקדח ברטה 0.22"", ""רובה מאולתר דמוי M-16""], ""סוגי_תחמושת"": [""מחסנית לאקדח"", ""מחסנית ריקה לרובה"", ""4 כדורים 9 מ\""מ"", ""60 כדורים 5.56 מ\""מ""], ""סיבת_ביצוע_העבירה"": ""לא צוין"", ""סעיף_חוק"": ""144(א) רישא וסיפא לחוק העונשין"", ""תאריך_ביצוע"": ""05.09.2016""}",75.0,"1. **סוג העבירה וחומרתה** — שני התיקים עוסקים בהחזקת נשק ותחמושת ללא רישיון לפי סעיף 144(א) רישא וסיפא, עבירה חמורה במדרגת פלילי. אין שימוש בפועל בנשק, אך החזקה כוללת נשק מאולתר וטעון, מה שמצביע על חומרה דומה.  
2. **תפקיד הנאשם ומעורבותו** — בשני המקרים מדובר בנאשמים יחידים, ללא שותפים, שמחזיקים נשק באופן עצמאי. לא צוין יזם סחר או שליח, אך מעורבותם פעילה והם אחראים על ההסתרה והאחסון.  
3. **שיטת הביצוע (MO)** — בשני המקרים יש הסתרה מכוונת: בתיק 1 — נשקים מוסתרים במקומות שונים בבית (כולל מקום מסתור מעל ארון), בתיק 2 — נשקים עטופים ובבור באדמה עם ארגז למעלה. שני המקרים מעידים על תכנון בהסתרה, אם כי בתיק 2 יש רמז ברור יותר לתכנון מוקדם.  
4. **נסיבות הליבה** — בתיק 1 יש 3 נשקים ו-29 כדורים, כולל נשק מאולתר טעון; בתיק 2 יש נשק מאולתר (רובה דמוי M-16) ו-64 כדורים, כולל מחסניות. הכמויות והסיכון דומים, אך בתיק 2 יש כמות תחמושת גדולה יותר ומבנה הסתרה מוקפד יותר, מה שיכול להיחשב חמורה יחסית.  
5. **ישימות כתקדים** — שני התיקים עוסקים בהחזקת נשק ללא רישיון, עם נשק מאולתר ותחמושת, בהסתרה מכוונת, ללא שימוש בפועל. ההבדלים במבנה ההסתרה ובכמות אינם מהווים פער מהותי מבחינת עקרונות הענישה, ושני המקרים יכולים לשמש כתקדים זה לזה בהערכת חומרת העבירה.

SIMILARITY_SCORE: 75","ok",""
"ME-16-05-9968-487","SH-11-01-41775-497",2,0,1,"{""אביזרים_נלווים"": [""מחסנית""], ""האם_הייתה_אכזריות_או_ניצול"": ""לא"", ""האם_הייתה_השפעה_של_אחר_על_הנאשם"": ""כן, מהדי יזם את ההעברה"", ""האם_הייתה_התגרות_של_נפגע_העבירה"": ""לא"", ""האם_הייתה_כוונה_לשימוש_בנשק"": ""לא צוין"", ""האם_הייתה_מצוקה_נפשית_בשל_התעללות"": ""לא"", ""האם_הייתה_ניצול_מעמד_או_יחסים"": ""לא"", ""האם_הייתה_תכנית_מוקדמת"": ""כן, תיאום בין המעורבים"", ""האם_הייתה_תמורה_כספית_בהעברה_לנאשם"": ""לא"", ""האם_הנאשם_הבין_את_מעשיו"": ""כן"", ""האם_הנאשם_הוביל_את_המשטרה_לנשק"": ""כן"", ""האם_הנאשם_הורשע_בעבירות_נוספות_בעבר"": ""לא צוין"", ""האם_הנאשם_היה_בשליטה_על_מעשיו"": ""כן"", ""האם_הנאשם_קרוב_לסייג_לאחריות_פלילית"": ""לא"", ""האם_הנזק_היה_צפוי"": ""כן, פוטנציאל קטלני"", ""האם_הנשק_הוסתר"": ""כן"", ""האם_הנשק_מסוגל_להמית"": ""כן"", ""האם_הנשק_תקין_לשימוש"": ""כן"", ""האם_העבירה_בוצעה_בזיקה_לארגון_פשיעה"": ""לא"", ""האם_העבירה_בוצעה_בלא_רישיון"": ""כן"", ""האם_העבירה_בוצעה_לגבי_יותר_מנשק_אחד"": ""לא"", ""האם_נגרם_נזק_פועל"": ""לא"", ""מספר_מעורבים"": 3, ""מספר_סידורי_של_הנשק"": ""41814"", ""מקום_החזקה_והסתרה"": ""גג בית חברו של הנאשם בג'דיידה"", ""מקום_הסתרה"": ""גג בית חברו של הנאשם"", ""מקום_רכישת_הנשק"": ""ברטעה"", ""משך_החזקה_על_ידי_הנאשם"": ""כשלושה ימים"", ""סוג_הנשק"": ""תת מקלע מאולתר"", ""סוג_העבירה"": ""החזקת ונשיאת נשק ללא רישיון"", ""סעיפי_חוק"": [""144(א)"", ""144(ב)""], ""קשר_בין_המעורבים"": ""קרובי משפחה"", ""שווי_הנשק_בשקלים"": 7300, ""שלבי_העברת_הנשק"": [""רכישה על ידי מהדי"", ""העברה לסמיר להחבאה"", ""העברה לנאשם"", ""הסתרה על ידי הנאשם""], ""שמות_מעורבים"": [""מהדי בסל"", ""סמיר בסל"", ""הנאשם""]}","{""אכזריות_או_ניצול"": ""לא צוין"", ""התגרות_נפגע"": ""לא רלוונטי"", ""חלקו_היחסי_של_הנאשם"": ""מבצע יחיד"", ""יכולת_הבנה"": ""לא צוין קושי בהבנה"", ""יכולת_שליטה_במעשה"": ""לא צוין קושי בשליטה"", ""מועד_סיום_ההחזקה"": ""1.6.08"", ""מצוקה_נפשית_עקב_התעללות"": ""לא צוין"", ""מקום_החזקת_הנשק"": ""ביתו של הנאשם"", ""מקום_החזקת_התחמושת"": ""רכבו של הנאשם"", ""נזק_צפוי"": ""פוטנציאל נזק גבוה עקב סוג הנשק"", ""נזק_שנגרם"": ""לא צוין נזק בפועל"", ""ניצול_כוח_או_מעמד"": ""לא צוין"", ""סוג_הנשק"": ""אקדח"", ""סוג_העבירה"": ""החזקת נשק ונשיאת תחמושת"", ""סוג_התחמושת"": ""מחסנית ו-34 כדורי אקדח"", ""סיבות_לביצוע"": ""לא פורטו"", ""קרבה_לסייג_לאחריות_פלילית"": ""לא צוין"", ""רישיון_להחזקה"": ""ללא רישיון"", ""תכנון_מוקדם"": ""לא צוין תכנון מוקדם"", ""תקופת_ההחזקה"": ""כשנה וחצי""}",40.0,"1. **סוג העבירה וחומרתה** — שני התיקים עוסקים בהחזקת נשק ללא רישיון, עבירה לפי סעיף 144, אך בתיק 1 יש גם נסיעה עם נשק (144(ב)), מה שמגדיל מעט את החומרה. סוג הנשק בתיק 1 (תת-מקלע מאולתר) נחשב חמור יותר מאקדח רגיל, עם פוטנציאל נזק גבוה יותר. עם זאת, בשני המקרים לא נגרם נזק פיזי, והעבירה נותרה במרחב ההחזקת. דמיון מובהק, אך עם הבדל בחומרת הנשק.  
2. **תפקיד הנאשם ומעורבותו** — בתיק 1 הנאשם הוא שחקן שלישי בהעברה (לא יזם, לא קונה ראשוני), מעורב בהסתרה לפי תיאום, ובתפקיד מוגבל יחסית. בתיק 2 הנאשם הוא מבצע יחיד, החוסם את כל הפעולה – החזקה ממושכת, ללא שותפים. ההבדל בתפקיד מהותי: שותף בהעברה זמנית מול מחזיק עצמאי לטווח ארוך.  
3. **שיטת הביצוע (MO)** — בתיק 1 יש תיאום בין שלושה אנשים, העברה בשלבים, הסתרה במקום לא בבעלות הנאשם. בתיק 2 אין תיאום, אין העברה, החזקה מתמשכת בבית וברכב של הנאשם. אין דפוס MO משותף – אחד עבירה ארגונית-קלה, השני פרטנית וארוכת טווח.  
4. **נסיבות הליבה** — בתיק 1 משך החזקה קצר (3 ימים), הנשק מוסתר במקום של אחר, וקיים יזם ברור (מהדי). בתיק 2 החזקה נמשכת שנה וחצי, בבית וברכב, מה שמעיד על רצינות וקביעות. כמות התחמושת (34 כדורים) אינה חריגה, אך משך הזמן מעצים את החומרה. אין שימוש בנשק, אך הפוטנציאל לנזק קיים בשני המקרים.  
5. **ישימות כתקדים** — למרות השוני בסוג הנשק, שני התיקים עוסקים בהחזקת נשק ללא רישיון ללא נזק פיזי. עם זאת, ההבדלים בתפקיד, משך, תכנון ומבנה העבירה מונעים השוואה ישירה. בית משפט לא יראה בתיק 1 תקדים רלוונטי לעונישה בתיק 2, שבו הנאשם פעל באופן עצמאי וארוך טווח.  

SIMILARITY_SCORE: 40","ok",""
"ME-19-04-1316-977","ME-16-05-19384-544",1,0,0,"{""אכזריות_או_ניצול"": ""לא צוין"", ""האם_הנאשם_בעל_רישיון_לנשק"": ""לא"", ""האם_הנאשם_הורשע_בעבר_בעבירות_נשק"": ""לא צוין"", ""האם_הנאשם_פעל_במסגרת_ארגון_פשע"": ""לא צוין"", ""האם_הנשק_היה_תקין"": ""כן, לפחות בעסקה שהושלמה; בעסקת הניסיון דווח כי הנשק 'מקולקל'"", ""חלקו_היחסי_של_הנאשם"": ""מרכזי, יזם, תיווך, תיאם, השיג את הנשק והתחמושת, מסר אותם לסוכן"", ""יכולת_הבנה"": ""לא צוין קושי בהבנה, הנאשם פעל במודעות ותכנון"", ""יכולת_שליטה_במעשה"": ""הנאשם שלט במעשיו, יזם ותיאם את העסקאות"", ""כמות_תחמושת"": [""1100 כדורים (ניסיון)"", ""900 כדורים (סחר)""], ""מספר_עסקאות"": 2, ""מעורבות_אחרים"": ""היה מעורב אחר שזהותו אינה ידועה, שסיפק לנאשם את הנשק"", ""מצוקה_נפשית_או_התגרות"": ""לא צוין"", ""מקום_ביצוע"": ""א-ראם"", ""נזק_צפוי"": ""הנשק והתחמושת מסוגלים להמית אדם, פוטנציאל נזק חמור לביטחון הציבור"", ""נזק_שנגרם"": ""לא נגרם נזק בפועל, העסקאות בוצעו מול סוכן משטרתי"", ""ניצול_כוח_או_מעמד"": ""לא צוין"", ""נפגע_העבירה"": ""לא קיים נפגע ישיר, הסוכן פעל מטעם המשטרה"", ""סוג_הנשק"": [""תת מקלע מאולתר (קרלו)"", ""אקדח (ניסיון)"", ""תחמושת (M16, 5.56 מ\""מ)""], ""סוג_התחמושת"": [""M16"", ""5.56 מ\""מ""], ""סוכן_משטרתי"": ""כן, כל העסקאות בוצעו מול סוכן משטרתי"", ""סטטוס_העסקאות"": [""ניסיון שלא הושלם"", ""עסקה שהושלמה""], ""סיבות_לביצוע"": ""לא פורטו מניעים אישיים, אך עולה מניע כלכלי (תמורה כספית עבור הנשק והתחמושת)"", ""סעיפי_חוק"": [""144(ב2)"", ""25""], ""עבירה_עיקרית"": ""סחר וניסיון לסחר בנשק"", ""קרבה_לסייג_לאחריות_פלילית"": ""לא צוין"", ""שווי_העסקאות"": [""17,000 ש\""ח (ניסיון)"", ""19,000 ש\""ח (סחר)""], ""שיטת_ביצוע"": ""מסירת נשק ותחמושת ברכב, תיאום מראש, שימוש באמצעי תקשורת"", ""תכנון_מוקדם"": ""הנאשם יזם, תיאם וביצע שיחות רבות עם הסוכן, כולל הצעות מחיר, תיאום מועדים, גיוס נשק ותחמושת, וניהול מו\""מ על סוגי נשק ומחירים""}","{""אזרחיות_הנאשם"": ""ישראלי"", ""אכזריות_או_ניצול_במעשה"": ""לא צוין"", ""האם_הייתה_התגרות_של_נפגע_העבירה"": ""לא"", ""האם_הנאשם_החזיק_נשק_ללא_רישיון"": ""כן"", ""האם_הנאשם_פעל_במסגרת_ארגון_פשיעה"": ""לא צוין"", ""האם_הנאשם_פעל_עם_אחרים"": ""כן, רכש ומכר נשק לאחרים"", ""האם_הנשק_הוסתר_או_הוחבא"": ""כן, הוסתר בשכונה סמוכה למקום מגוריו"", ""האם_הנשק_שימש_לביצוע_פיגוע"": ""כן"", ""האם_העבירה_בוצעה_ביותר_מנשק_אחד"": ""כן"", ""האם_העבירה_בוצעה_בתקופה_ממושכת"": ""כן, מספר חודשים"", ""חלקו_היחסי_של_הנאשם"": ""מרכזי, יזם, רכש, החזיק, סחר ומסר נשק"", ""יכולת_הבנה_של_הנאשם"": ""מלאה"", ""יכולת_שליטה_במעשה"": ""מלאה"", ""מספר_נשקים_שנסחרו"": 3, ""מספר_עבירות_סחר_בנשק"": 2, ""מספר_עבירות_רכישת_נשק"": 2, ""מספר_תחמושת_שנסחרה"": 10, ""נזק_צפוי"": ""פוטנציאל לפגיעה חמורה בחיי אדם"", ""נזק_שנגרם"": ""הנשק שנסחר שימש בפועל לפיגוע ירי"", ""ניצול_כוח_או_מעמד"": ""לא צוין"", ""סוגי_נשק"": [""רובה תבור"", ""קרל גוסטב"", ""תחמושת""], ""סיבות_לביצוע_העבירה"": ""רווח כספי, מניע אידיאולוגי (ירי על כוחות הביטחון)"", ""סעיפי_חוק"": [""144(ב)"", ""333 בצירוף 25"", ""144(א)"", ""144(ב2)""], ""עבירות_שהורשע_בהן"": [""נשיאת נשק"", ""ניסיון לחבלה חמורה"", ""רכישת נשק"", ""סחר בנשק""], ""פירוט_שימוש_נשק_בפיגוע"": ""הנשק שמכר הנאשם שימש את הקונה לביצוע פיגוע ירי בירושלים"", ""שווי_העסקאות"": ""לפחות 11,500 ש\""ח"", ""תכנון_מוקדם"": ""הנאשם תכנן לירות על כוחות הביטחון בעקבות התפרעויות""}",40.0,"1. **סוג העבירה וחומרתה**:  
שני התיקים עוסקים בסחר בנשק ללא רישיון, ובשניהם יש עבירות של רכישה והחזקת נשק. עם זאת, בתיק 2 יש נזק בפועל – הנשק שימש בפיגוע ירי, וקיימת הורשעתו בעבירות חמורות יותר כמו ניסיון לחבלה. החומרה בתיק 2 גבוהה יותר משמעותית.

2. **תפקיד הנאשם ומעורבותו**:  
בשני התיקים הנאשם ממלא תפקיד מרכזי – יזם, מארגן ומבצע פעולות סחר בנשק. עם זאת, בתיק 2 יש רכיב של מעורבות אידיאולוגית ותכנון לפגיעה בכוחות ביטחון, מה שמעיד על מעורבות עמוקה ומסירה רוחנית לפעילות, מעבר לרווח כספי.

3. **שיטת הביצוע (MO)**:  
בשני המקרים יש תיאום, שימוש באמצעי תקשורת, מסירת נשק וסחר בו. עם זאת, בתיק 1 העסקאות נעשו מול סוכן משטרתי ( sting operation), ובתיקים 2 הסחר הוביל לפיגוע אמיתי, והנאשם החביא את הנשק. שיטת הביצוע שונה מהותית בהקשר של אימות ותוצאות.

4. **נסיבות הליבה**:  
בתיק 1 לא נגרם נזק בפועל, והעסקאות התנהלו במסגרת מבצע משטרתי. בתיק 2 נגרם נזק אמיתי – נשק שנסחר שימש לפיגוע ירי, והנאשם גם רכש נשק למטרות פיגוע. בנוסף, יש ריבוי עבירות לאורך זמן, שימוש במספר נשקים, ומניע אידיאולוגי – נסיבות מחמירות קיצוניות.

5. **ישימות כתקדים**:  
למרות הדמיון במעורבות בסחר בנשק, בית משפט יתקשה להשתמש באחד כתקדים רלוונטי למשנהו עקב הבדלים מהותיים: נזק בפועל מול ניסיון, פיגוע אמיתי מול עסקאות תמהיל, ומניע אידיאולוגי חמור מול מניע כלכלי בלבד. ההבדלים משפיעים ישירות על עונשיות ועל שיקולי ענישה.

SIMILARITY_SCORE: 40","ok",""
"SH-16-02-10948-419","SH-16-11-19417-55",3,1,1,"{""אופי_החזקה"": ""החזקה פיזית"", ""האם_החזקה_לזמן_ממושך"": ""לא צוין"", ""האם_הייתה_אלימות_או_אכזריות"": ""לא"", ""האם_הייתה_השפעה_של_אחר"": ""לא"", ""האם_הייתה_התגרות_של_נפגע"": ""לא"", ""האם_הייתה_כוונה_לעשות_שימוש"": ""לא צוין"", ""האם_הייתה_מוטיבציה_מיוחדת"": ""לא צוין"", ""האם_הייתה_מצוקה_נפשית"": ""לא צוין"", ""האם_הייתה_ניצול_מעמד"": ""לא"", ""האם_הייתה_פגיעה_או_נזק"": ""לא"", ""האם_הייתה_קרבה_לסייג_פלילי"": ""לא"", ""האם_הייתה_תכנית_מוקדמת"": ""לא צוין"", ""האם_הנאשם_הבין_את_מעשיו"": ""לא צוין"", ""האם_הנאשם_היה_בשליטה"": ""לא צוין"", ""האם_הנאשם_פעל_לבד"": ""כן"", ""האם_הנשק_תקין"": ""לא צוין"", ""מספר_נשקים"": ""1"", ""מקום_החזקה"": ""ארון בגדים בבית הנאשם"", ""סוג_הנשק"": ""אקדח אוטומטי"", ""סעיף_עבירה"": ""144א לחוק העונשין"", ""קוטר_הנשק"": ""9 מ\""מ"", ""רישיון_להחזקה"": ""ללא רישיון""}","{""דגם_נשק"": ""ברטה F84"", ""האם_החזקה_במקום_ציבורי"": ""לא צוין"", ""האם_החזקה_בצירוף_תחמושת"": ""כן"", ""האם_החזקה_ברכב"": ""כן"", ""האם_החזקה_ללא_רישיון"": ""כן"", ""האם_החזקה_של_חלק_מהותי_בנשק"": ""כן"", ""האם_החזקה_של_נשק_במסגרת_ארגון_פשע"": ""לא צוין"", ""האם_החזקה_של_נשק_במסגרת_עבודה"": ""לא"", ""האם_החזקה_של_נשק_במקום_מגורים"": ""לא"", ""האם_החזקה_של_נשק_בנסיבות_מחמירות"": ""לא צוין"", ""האם_החזקה_של_נשק_בצוותא"": ""לא"", ""האם_החזקה_של_נשק_בקרבת_אחרים"": ""לא צוין"", ""האם_החזקה_של_נשק_ברכב"": ""כן"", ""האם_החזקה_של_נשק_בשל_אי_חידוש_רישיון"": ""לא"", ""האם_החזקה_של_נשק_בשל_השפעת_אחר"": ""לא"", ""האם_החזקה_של_נשק_בשל_התגרות_נפגע"": ""לא"", ""האם_החזקה_של_נשק_בשל_התעללות"": ""לא"", ""האם_החזקה_של_נשק_בשל_מצוקה_נפשית"": ""לא"", ""האם_החזקה_של_נשק_גנוב"": ""לא צוין"", ""האם_החזקה_של_נשק_טעון"": ""לא צוין"", ""האם_החזקה_של_נשק_לצורך_ביצוע_עבירה_נוספת"": ""לא צוין"", ""האם_החזקה_של_נשק_לצורך_סחר"": ""לא צוין"", ""האם_החזקה_של_נשק_לצורך_שימוש_אישי"": ""לא צוין"", ""האם_החזקה_של_נשק_מאולתר"": ""לא"", ""האם_החזקה_של_נשק_מסחרי"": ""לא צוין"", ""האם_החזקה_של_נשק_מתוכננת"": ""לא צוין"", ""האם_החזקה_של_נשק_צבאי"": ""לא צוין"", ""האם_החזקה_של_נשק_תקין"": ""לא צוין"", ""האם_היה_צפוי_נזק"": ""כן, פוטנציאל מסוכן"", ""האם_הנאשם_בעל_מעמד_מיוחד"": ""לא"", ""האם_הנאשם_הבין_את_מעשיו"": ""כן"", ""האם_הנאשם_היה_בשליטה_על_מעשיו"": ""כן"", ""האם_הנאשם_ניצל_כוחו_או_מעמדו"": ""לא"", ""האם_הנאשם_פעל_באכזריות_או_אלימות"": ""לא"", ""האם_הנאשם_קטין"": ""לא צוין"", ""האם_נגרם_נזק_פיזי"": ""לא"", ""האם_נגרם_נזק_רכושי"": ""לא"", ""מועד_העבירה"": ""26.10.16"", ""מיקום_החזקה"": ""מתחת לכיסא הנהג ברכב"", ""מספר_סידורי_נשק"": ""D79906Y"", ""מספר_רכב"": ""53-321-59"", ""סוג_העבירה"": ""החזקת נשק ותחמושת שלא כדין"", ""סוג_נשק"": ""אקדח חם חצי אוטומטי"", ""סוג_רכב"": ""מרצדס"", ""סוג_תחמושת"": ""מחסנית עם כדורים"", ""סעיף_חוק"": ""144(א) רישא וסיפא לחוק העונשין"", ""קליבר"": ""9 מ\""מ קצר"", ""שעת_העבירה"": ""05:00""}",65.0,"1. **סוג העבירה וחומרתה** — שני התיקים עוסקים בהחזקת נשק ללא רישיון לפי סעיף 144א לחוק העונשין, ובשני המקרים מדובר באקדח אוטומטי/חצי אוטומטי בקוטר 9 מ""מ — סוג נשק חמור. החומרה דומה, אף על פי שבתיק 2 יש התייחסות לתחמושת ולמיקום ציבורי-דמוי (רכב), מה שמגביר מעט את החומרה.

2. **תפקיד הנאשם ומעורבותו** — בשני המקרים מדובר בחזקה פרטית, ללא רמז למעורבות בארגון פשע או בתפקיד יזם/סוחר. הנאשמים פעלו לבד, והמעורבות היא ישירה אך לא פעילה בביצוע עבירה נוספת — דפוס של החזקה פסיבית.

3. **שיטת הביצוע (MO)** — ההחזקה ברכב (תחת כיסא הנהג) לעומת ארונית בבית — שונה במיקום, אך שניהם מקומות פרטיים שמאפשרים שליטה. תיק 2 כולל גם תחמושת וברכב, מה שמרמז על ניידות ואפשרות שימוש גבוהה יותר, מה שאינו צוין בתיק 1.

4. **נסיבות הליבה** — בשני המקרים אין אלימות, נזק, או שימוש בנשק. עם זאת, בתיק 2 צוין ""פוטנציאל מסוכן"", והחזקה ברכב בשעה מוקדמת (05:00) עלולה להיחשב מחמירה. בנוסף, החזקת מחסנית עם כדורים מעלה את הסיכון. בתיק 1 אין פרטים על תחמושת או שימוש.

5. **ישימות כתקדים** — שני התיקים רלוונטיים זה לזה כ precedents להחזקת נשק ללא רישיון מסוג חמור, אך ההבדלים במיקום, הקשר (רכב ציבורי-דמוי), והוספת תחמושת בתיק 2 עלולים להפחית את מידת הדמיון עבור קובעי עונש. עם זאת, בסיס העבירה זהה מספיק לשימוש כ傍די רלוונטי, במיוחד בתחום של חוסר רישיון והבנת המעשים.

SIMILARITY_SCORE: 65","ok",""
"ME-22-03-52964-443","ME-17-05-35227-215",2,0,1,"{""אכזריות_או_ניצול"": ""לא צוין"", ""האם_החזקה_ברשיון"": ""לא"", ""האם_הייתה_הפרעה_לשוטר"": ""כן, ניסיון להימלט ולהסתיר ראיות"", ""האם_הייתה_תכנית_מוקדמת"": ""לא צוין תכנון מוקדם"", ""האם_הנשק_היה_תקין"": ""לא צוין, אך היה טעון ועם תחמושת"", ""האם_הנשק_טעון"": ""כן"", ""התגרות_של_נפגע"": ""לא רלוונטי"", ""חלקו_היחסי_של_הנאשם"": ""מבצע יחיד"", ""יכולת_הבנה_של_הנאשם"": ""לא צוין קושי בהבנה"", ""יכולת_שליטה_במעשה"": ""לא צוין קושי בשליטה"", ""מועד_ביצוע"": ""09.03.2022 12:10"", ""מספר_כדורים"": 32, ""מספר_מחסניות"": 2, ""מצוקה_נפשית_עקב_התעללות"": ""לא צוין"", ""מקום_ביצוע"": ""חצר הכניסה למפעל מזון בדיר אל אסד"", ""נזק_שהיה_צפוי"": ""פוטנציאל לסיכון חיי אדם עקב החזקת נשק טעון"", ""נזק_שנגרם"": ""לא צוין נזק פיזי"", ""ניסיון_הסתרה_או_השלכה"": ""כן, ניסיון להשליך את הנשק והתחמושת לארגז עופות"", ""ניצול_כוח_או_מעמד"": ""לא צוין"", ""נסיבות_החזקה"": ""הנשק והמחסניות הוסתרו על גופו של הנאשם"", ""סוג_הנשק"": ""אקדח חצי אוטומטי D.D.G מודל 19 קליבר 9 מ\""מ פרבלום"", ""סוג_העבירה"": ""עבירות נשק והפרעה לשוטר במילוי תפקידו"", ""סיבות_לביצוע"": ""לא פורטו"", ""סעיפי_חוק"": [""144(א) רישא וסיפא"", ""144(ב) רישא וסיפא"", ""144(ג)"", ""275""], ""קרבה_לסייג_לאחריות_פלילית"": ""לא צוין"", ""תגובה_לנוכחות_משטרה"": ""בריחה לתוך המפעל""}","{""אופן_הובלה"": ""בתוך תא המטען של אופנוע"", ""אכזריות_או_ניצול"": ""לא"", ""אמצעי_תחבורה"": ""אופנוע מסוג קואנג יאנג טיו"", ""האם_הייתה_רשות_להחזקה"": ""לא"", ""האם_הייתה_תכנית_מוקדמת"": ""לא צוין"", ""האם_הנשק_היה_טעון"": ""בתוך הנשק נמצאה מחסנית"", ""האם_הנשק_היה_תקין"": ""לא צוין"", ""האם_העבירה_בוצעה_במסגרת_קבוצתית"": ""לא"", ""חלקו_היחסי_של_הנאשם"": ""מבצע יחיד"", ""יכולת_הבנה_של_הנאשם"": ""לא צוין"", ""יכולת_שליטה_במעשה"": ""לא צוין"", ""מועד_העבירה"": ""7 במאי 2017 בשעת צהריים"", ""מצוקה_נפשית_של_הנאשם"": ""לא צוין"", ""נזק_צפוי"": ""פוטנציאל סיכון גבוה לציבור"", ""נזק_שנגרם"": ""לא צוין"", ""ניצול_כוח_או_מעמד"": ""לא"", ""סוג_הנשק"": ""תת-מקלע מאולתר"", ""סוג_העבירה"": ""נשיאת והובלת נשק ללא רישיון"", ""סוג_התחמושת"": ""מחסנית"", ""סיבות_לביצוע"": ""לא צוין"", ""סעיף_חוק"": ""144(ב) רישא וסיפא לחוק העונשין"", ""קרבה_לסייג_לאחריות_פלילית"": ""לא""}",40.0,"1. **סוג העבירה וחומרתה** — שני התיקים עוסקים בהחזקת נשק ללא רישיון, אולם בתיק 1 יש השפיעה נוספת על שוטר (הפרעה במילוי תפקיד), בריחה והסתרת ראיות, מה שמגביר את החומרה. תיק 2 מוגבל להובלת נשק מאולתר באופנוע, ללא הפרעה לשוטר או התנהגות עקומה לאחר המעצר. ההבדל בחומרה משמעותי.

2. **תפקיד הנאשם ומעורבותו** — בשני המקרים מדובר בביצוע יחיד, ללא שותפים או מעורבות קבוצתית. מבחינת תפקוד, שניהם מחזיקים/מובילים נשק באופן לא חוקי, אך בתיק 1 יש התנהגות פעילה יותר (בריחה, הסתרה), מה שמרמז על מעורבות פסיקה גבוהה יותר.

3. **שיטת הביצוע (MO)** — בתיק 1 הנשק הוסתר על הגוף, עם מחסניות נוספות, ובמצב טעון; ניסיון להשליך证据. בתיק 2 הנשק הובל בתוך תא אופנוע — שיטת הסתרה פחות ישירה, אך גם היא מכוונת. הדפוס שונה: אחד כולל הכנה גופנית והסתרה דינמית, השני הובלה מכנית. אין דמיון ברור בסגנון ביצוע.

4. **נסיבות הליבה** — בתיק 1: נשק טעון, כמות תחמושת גבוהה יחסית (32 כדורים, 2 מחסניות), מקום ציבורי, ניסיון הסתרה בזמן מילוי תפקיד של שוטר – נסיבות מחמירות. בתיק 2: נשק מאולתר, אך רק מחסנית אחת, ללא מידע על טעינה או שימוש מיידי. הפוטנציאל לסיכון קיים בשניהם, אך חומרת הנסיבות בתיק 1 גדולה יותר.

5. **ישימות כתקדים** — למרות שייכות לאותו תחום (עבירות נשק לפי סעיף 144), ההבדלים בצורת ההחזקה, נסיבות ההכשחה, מעורבות משטרתית והפרעה למילוי תפקיד מקטינים את הרלוונטיות הדדית. בית משפט יראה בהם תיקים שונים מבחינת עיקרי ענישה, במיוחד בשל ההפרעה לשוטר בתיק 1 שלא קיימת בתיק 2.

SIMILARITY_SCORE: 40","ok",""
"ME-18-04-19642-504","ME-21-10-18557-340",2,0,1,"{""אכזריות_או_אלימות"": ""איומים מילוליים וירי באקדח בנוכחות המתלוננת"", ""האם_היה_תכנון_מוקדם"": ""הנאשם זימן את ר.ק. ליער על רקע סכסוך"", ""האם_הייתה_התגרות"": ""לא צוין"", ""השלכת_נשק"": ""הנאשם השליך את האקדח מתחת למושב הרכב"", ""השפעת_אלכוהול"": ""הנאשם היה תחת השפעת משקאות אלכוהוליים"", ""התנהגות_מאיימת"": ""הנאשם איים על ר.ק. ועל בני משפחתה במהלך השיחה"", ""חלקו_של_הנאשם"": ""מבצע עיקרי, פעל לבדו"", ""טענה_לאי_זכירה"": ""הנאשם טען שאינו זוכר את כל פרטי האירוע"", ""יכולת_הבנה"": ""הנאשם היה תחת השפעת אלכוהול, נטען לאי זכירה מלאה"", ""יכולת_שליטה"": ""פחתה עקב השפעת אלכוהול"", ""כמות_כדורים"": 40, ""כמות_מחסניות"": 2, ""מועד_העבירה"": ""1.4.18"", ""מספר_יריות"": 11, ""מקום_העבירה"": ""יער סמוך לכפר קרע"", ""נוכחות_שוטרים"": ""שלושה שוטרים הגיעו למקום במהלך האירוע"", ""נזק_פוטנציאלי"": ""ירי באוויר בנוכחות אדם נוסף ובסביבה ציבורית"", ""נזק_שנגרם"": ""לא נגרם נזק פיזי לאדם או לרכוש"", ""ניסיון_הימלטות"": ""הנאשם ניסה להניע את רכב המתלוננת כדי להימלט מהשוטרים"", ""ניצול_יחסים"": ""הנאשם ניצל את מערכת היחסים עם ר.ק. כדי לזמן אותה למקום"", ""סוג_הנשק"": ""אקדח FN בקוטר 9 מ\""מ"", ""סוג_העבירה"": ""נשיאת והובלת נשק, פזיזות ורשלנות"", ""סעיפי_חוק"": [""144(א) רישא+סיפא"", ""144(ב) רישא+סיפא"", ""338(א)(5)""], ""רקע_העבירה"": ""סכסוך בין הנאשם לבין חברתו ר.ק."", ""שימוש_בנשק"": ""שלף אקדח, הראה אותו למתלוננת וירה 11 יריות באוויר""}","{""האם_בוצע_ירי_באזור_מגורים"": ""כן"", ""האם_בוצע_ירי_לעבר_אדם"": ""לא, הירי בוצע כלפי מעלה"", ""האם_היה_נזק_פוטנציאלי"": ""כן, סיכון חיי אדם"", ""האם_היה_סיכון_לחיי_אדם"": ""כן"", ""האם_היה_סכסוך_בין_הצדדים"": ""כן"", ""האם_הירי_בוצע_בכוונה_להפחיד"": ""כן"", ""האם_הירי_בוצע_בכוונה_להרוג"": ""לא"", ""האם_היתה_השפעה_של_אחרים_על_הנאשם"": ""ג'יהאד סייע אך לא השפיע על ההחלטה"", ""האם_היתה_התגרות_של_הנפגע"": ""לא צוין"", ""האם_היתה_כוונה_לפגוע_פיזית"": ""לא, כוונה להפחיד או להקניט"", ""האם_היתה_מצוקה_נפשית_של_הנאשם"": ""לא צוין"", ""האם_הנאשם_הבין_את_מעשיו"": ""כן"", ""האם_הנאשם_היה_בשליטה_על_מעשיו"": ""כן"", ""האם_הנאשם_ניצל_כוח_או_מעמד"": ""לא"", ""האם_הנשק_הוחזק_ללא_רשיון"": ""כן"", ""האם_הנשק_היה_ברכב"": ""כן"", ""האם_הנשק_טעון"": ""כן"", ""האם_העבירה_בוצעה_בסיוע_רכב"": ""כן"", ""האם_העבירה_בוצעה_בצוותא"": ""כן"", ""האם_העבירה_בוצעה_מתוך_תכנון"": ""כן, החזקת נשק, נסיעה יזומה למקום, נשיאה והובלה"", ""האם_העבירה_בוצעה_על_רקע_סכסוך"": ""כן"", ""האם_נגרם_נזק_פיזי"": ""לא"", ""חלקו_של_המסייע"": ""ג'יהאד - נהג, מסייע להובלה ונשיאה"", ""חלקו_של_הנאשם"": ""מרכזי, יוזם ומבצע עיקרי"", ""מטרת_הירי"": ""הפחדה או הקנטה"", ""מספר_יורים"": ""לפחות שניים"", ""מספר_מעורבים"": ""2 (הנאשם וג'יהאד)"", ""מקום_העבירה"": ""כפר אבו סנאן, אזור מגורים"", ""סוג_הנשק"": ""תת מקלע מאולתר"", ""סוג_העבירה"": ""עבירות בנשק וירי מנשק חם"", ""סעיפי_חוק"": [""144(א) רישא וסיפא"", ""144(ב) רישא וסיפא"", ""340א(ב)(1)"", ""340א(ב)(2)""], ""תחמושת"": ""מחסנית ולפחות שני כדורים בקליבר 9 מ\""מ""}",60.0,"1. **סוג העבירה וחומרתה**: שני התיקים כוללים עבירות בנשק חם, נשיאת נשק ללא רשיון וירי מכוון להפחיד – אך בתיק 2 יש שימוש בתת-מקלע מאולתר (חומרה גבוהה יותר), בעוד תיק 1 עוסק באקדח תקני ובעבירות של פזיזות. הדמיון ב범 nature, אך חומרת הנשק בתיק 2 עולה.

2. **תפקיד הנאשם ומעורבותו**: בשני התיקים הנאשם הוא יוזם ובוצע עיקרי, אך בתיק 2 יש שותף פעולה ברור (נהג ומסייע בהובלה), בעוד בתיק 1 הנאשם פעל לבדו. המעורבות המרכזית דומה, אך הקואליציה הפועלת בתיק 2 משנה את אופי האחריות.

3. **שיטת הביצוע (MO)**: בשני המקרים היה תכנון – נסיעה למקום מסוים עם נשק טעון, במטרה לאיים. הירי באוויר להפחיד, תוך ניצול סכסוך אישי, מהווה דפוס זהה כמעט. ההבדל: בתיק 1 הירי נעשה במהלך איום ישיר על אדם, בתיק 2 – כחלק מהתפרצות קולקטיבית באזור מגורים.

4. **נסיבות הליבה**: שניהם מבוססי סכסוך, אין נזק פיזי, אך סיכון פוטנציאלי גבוה. בתיק 2 הירי מתבצע באזור מגורים – מחמירת ממשית לעומת יער פתוח. בנוסף, מספר יורים (2) וצוותא מעלה את החומרה. בתיק 1 יש השפעת אלכוהול שמחלישה את האחריות, לא קיימת בתיק 2.

5. **ישימות כתקדים**: למרות דמיון במניע ובשימוש בנשק להפחיד, ההבדלים בצורת הביצוע (יחיד מול צוותא), סוג הנשק, מקום הירי (ציבור צפוף vs. יער), והיעדר השפעת חומרים בתיק 2 – מקטינים משמעותית את מידת הרלוונטיות הדדית. בית משפט עשוי להבחין בין איום אישי לבין ירי קולקטיבי באזורי מגורים.

SIMILARITY_SCORE: 60","ok",""
"ME-16-03-59260-279","SH-11-12-35552-181",2,0,1,"{""אופן_ההחזקה"": ""הנשק הוחזק כשהוא עטוף בשקית שחורה במחסן החנות"", ""אכזריות_או_ניצול"": ""לא צוין"", ""האם_החזקה_במקום_עבודה"": ""כן, מחסן חנות הדגים בה עבד הנאשם"", ""האם_החזקה_ברכב"": ""כן, לאחר הנטילה מהמחסן"", ""האם_הנשק_תקין"": ""לא צוין, אך היה מצויד בתחמושת תואמת"", ""התגרות_נפגע"": ""לא צוין"", ""חלקו_של_הנאשם"": ""החזקה ונשיאה עצמאית של הנשק והתחמושת"", ""יכולת_הבנה"": ""לא צוין קושי בהבנה או בגיל"", ""יכולת_הימנעות"": ""הנאשם פעל ביוזמה עצמאית, לא צוין קושי בשליטה"", ""מספר_נשקים"": ""נשק אחד"", ""מצוקה_נפשית"": ""לא צוין"", ""מקום_החזקה"": ""מחסן חנות דגים ברחוב נווה שאנן 37 תל אביב"", ""נזק_צפוי"": ""שימוש פוטנציאלי בנשק חם בסביבה אזרחית"", ""נזק_שנגרם"": ""לא צוין נזק ישיר מהנשק עצמו, אך היה אירוע ירי לעבר אחר"", ""ניצול_כוח_או_מעמד"": ""לא צוין"", ""נסיבות_הנשיאה"": ""הנאשם נשא את הנשק לאחר אירוע ירי לעבר אחר, ונסע לחפש את האחר"", ""נשיאת_הנשק"": ""הנאשם נטל את הנשק מהמחסן לאחר אירוע ירי ונשא אותו ברכב"", ""סוג_הנשק"": ""אקדח 9 מ\""מ מסוג גלוק בצבע שחור, מ.ר. F.V.458"", ""סוג_העבירה"": ""נשיאת נשק והחזקת נשק בלא רשות"", ""סיבות_לביצוע"": ""לא פורטו"", ""סעיפי_חוק"": [""144(ב) רישא+סיפא"", ""144(א) רישא+סיפא לחוק העונשין""], ""קרבה_לסייג_אחריות"": ""לא צוין"", ""תחמושת"": ""מחסנית מתאימה לאקדח שבתוכה 14 כדורי קליבר 9 מ\""מ"", ""תכנון_מוקדם"": ""החזקה ממושכת של נשק ותחמושת, נטילה יזומה של הנשק לאחר אירוע ירי"", ""תקופת_החזקה"": ""החל ממועד שאינו ידוע ועד 23.3.16""}","{""אופן_הסתרה"": ""עטוף בגרב"", ""אכזריות_או_ניצול"": ""לא"", ""האם_החזקה_ברישיון"": ""לא"", ""האם_הנשק_הוסתר"": ""כן"", ""האם_העבירה_בוצעה_ביחידות"": ""כן"", ""האם_קיים_תכנון_מוקדם"": ""לא צוין"", ""חלקו_היחסי_של_הנאשם"": ""בלעדי"", ""יכולת_הבנה_של_הנאשם"": ""לא צוין"", ""יכולת_שליטה_במעשה"": ""לא צוין"", ""מצוקה_נפשית_עקב_התעללות"": ""לא"", ""מקום_החזקה"": ""בית הנאשם, ארון בגדים בחדר שינה"", ""נזק_שנגרם"": ""לא צוין"", ""נזק_שצפוי_להיגרם"": ""פוטנציאל לנזק חמור"", ""ניצול_כוח_או_מעמד"": ""לא"", ""סוג_העבירה"": ""החזקה בלתי חוקית של נשק"", ""סוג_נשק"": ""אקדח"", ""סיבות_לביצוע"": ""לא צוין"", ""סעיף_חוק"": ""144(א) רישא לחוק העונשין"", ""עיר_ביצוע"": ""לוד"", ""קרבה_לסייג_לאחריות_פלילית"": ""לא"", ""תאריך_ביצוע"": ""14/12/2011""}",40.0,"1. **סוג העבירה וחומרתה** — שני התיקים עוסקים בהחזקת נשק ללא רשות, אולם בתיק 1 יש גם נשיאה של הנשק לאחר אירוע ירי, כולל תחמושת ובנסיבות של תגובה אלימה, מה שמצביע על חומרה גבוהה יותר בהשוואה לתיק 2, שבו ההחזקה הייתה סטטית בבית. הדמיון חלקי, אך לא מלא.  
2. **תפקיד הנאשם ומעורבותו** — בשני המקרים מדובר במעורבות בלעדית ובביצוע ביחידות, ללא שותפים. הנאשם בתיק 1 פעל יוזמה ונשא את הנשק בסיכון ציבורי, בעוד בתיק 2 אין מידע על פעילות מעבר להחזקה. המעורבות בתיק 1 נראית פעילה ומסוכנת יותר.  
3. **שיטת הביצוע (MO)** — בתיק 1 הנשק הוחזק בתחילה במחסן חנות, לאחר מכן הוסתר בשקית ונשא ברכב; בתיק 2 הוא הוסתר בגרב בארון. שני המקרים כוללים הסתרה, אך ההקשר (סביבת עבודה + תנועה) בתיק 1 מצביע על MO דרמטי וסיכון גבוה, בניגוד להחזקה פסיבית בבית. דפוס שונה.  
4. **נסיבות הליבה** — בתיק 1 יש תכנון מוקדם (החזקת נשק לאורך זמן), תגובה לאירוע ירי, נשיאה חמושה בחיפוש אחר אדם – נסיבות מחמירות. בתיק 2 אין מידע על הקשר אלים או שימוש פוטנציאלי. כמויות זהות (אקדח אחד), אך ההקשר של תיק 1 הרבה יותר חמיר.  
5. **ישימות כתקדים** — למרות השוני בנסיבות, שני התיקים עוסקים בהחזקת נשק חם ללא רשות לפי סעיף 144, ועשויים להיחשב רלוונטיים לצורך השוואה כללית בעניין עונש בסיסי. עם זאת, ההבדלים בנסיבות (שימוש, הסיכון, תגובתיות אלימה) מקטינים מאוד את הערך התקדימי של תיק 2 לנוכח תיק 1.  

SIMILARITY_SCORE: 40","ok",""
"ME-16-06-44840-433","ME-14-10-31218-522",1,0,0,"{""אופי_הנשק"": [""רימוני הלם"", ""רימון גז""], ""גיל_הנאשם_בעת_העבירה"": 23, ""האם_בוצעה_העבירה_במסגרת_קבוצתית"": ""כן"", ""האם_היה_נזק_צפוי"": ""כן"", ""האם_היה_תכנון_מוקדם"": ""כן"", ""האם_הייתה_אכזריות_או_ניצול_במעשה"": ""לא צוין"", ""האם_הייתה_התגרות_של_הנפגע"": ""לא צוין"", ""האם_הנאשם_הושפע_מאחרים"": ""כן, פעל לבקשת אלירון גולד"", ""האם_הנאשם_היה_בשליטה_על_מעשיו"": ""כן"", ""האם_הנאשם_הסביר_לאחר_כיצד_להשתמש_בנשק"": ""כן"", ""האם_הנאשם_ניצל_מעמד_או_יחסים"": ""לא צוין"", ""האם_הנשק_היה_חוקי"": ""לא"", ""האם_העביר_נשק_בין_מקומות_מסתור"": ""כן"", ""האם_העביר_נשק_לאחר"": ""כן"", ""האם_העבירה_בוצעה_בזיקה_לארגון_פשיעה"": ""לא צוין"", ""האם_העבירה_בוצעה_במקום_ציבורי"": ""כן, רחוב האפרסמון בירושלים"", ""האם_העבירה_בוצעה_לשם_רווח_כלכלי"": ""לא"", ""האם_העבירה_בוצעה_על_רקע_סכסוך"": ""כן"", ""האם_נגרם_נזק"": ""לא צוין נזק בפועל"", ""חלקו_של_הנאשם"": ""החזיק רימונים, הצטייד בהם, מסר רימון גז, הסביר כיצד להשתמש, השליך רימון גז, הטמין רימונים, העביר בין מקומות מסתור"", ""כמות_רימונים"": 3, ""מניע_לביצוע"": ""סכסוך בין חברו של הנאשם לאחרים"", ""מספר_מעורבים"": ""מספר משתתפים (הנאשם, אלירון גולד, חברים נוספים)"", ""סוג_העבירות"": [""נשיאת נשק"", ""החזקת נשק"", ""סיוע לנסיון תקיפה""], ""סוגי_נשק"": [""רימוני הלם"", ""רימון גז""], ""סעיפי_חוק"": [""144(ב)"", ""144(א)"", ""379"", ""25"", ""31""]}","{""אופן_ביצוע"": ""השלכת רימון לעבר מרפסת לאחר שחרור נצרה"", ""אכזריות_או_ניצול_הנפגע"": ""לא צוין"", ""גיל_הנאשם_במועד_העבירה"": ""31"", ""האם_החזקה_או_שימוש"": ""החזקה ושימוש (השלכה והפעלה)"", ""האם_היה_רישיון"": ""לא"", ""האם_היה_תכנון_מוקדם"": ""לא צוין במפורש"", ""האם_הייתה_התגרות_מצד_הנפגע"": ""לא צוין"", ""האם_הנאשם_הושפע_מאחר"": ""לא צוין"", ""האם_הנאשם_פעל_לבד"": ""כן"", ""האם_הנשק_היה_תקין"": ""כן"", ""האם_העבירה_בוצעה_בלילה"": ""כן"", ""האם_העבירה_בוצעה_במקום_מגורים"": ""כן"", ""יכולת_הנשק_להזיק"": ""בכוחו של הרימון היה להזיק לאדם ולגרום פגיעה גופנית"", ""מועד_האירוע"": ""29/5/14 02:45"", ""מניע_העבירה"": ""לא צוין"", ""מספר_זיהוי_נשק"": ""E386201"", ""מצוקה_נפשית_של_הנאשם"": ""לא צוין"", ""מקום_האירוע"": ""מרפסת בית המתלונן, דיר אל אסד"", ""נזק_פיזי_לנפגע"": ""לא נגרם נזק גופני"", ""נזק_רכוש"": ""לא צוין"", ""נזק_שנגרם"": ""קול נפץ עז, העיר את המתלונן ושכנו משנתם"", ""ניצול_כוח_או_מעמד"": ""לא צוין"", ""סוג_הנשק"": ""רימון יד הלם/סינוור M7290"", ""סוג_העבירה"": ""החזקה ושימוש בנשק ללא רישיון"", ""סעיף_חוק"": ""144(א) לחוק העונשין"", ""קורבן_העבירה"": ""ד\""ר אמון חסן"", ""קרבה_לסייג_לאחריות_פלילית"": ""לא"", ""שליטה_במעשה"": ""שליטה מלאה"", ""שעת_העבירה"": ""02:45""}",58.0,"1. **סוג העבירה וחומרתה** — שני התיקים כוללים עבירות של החזקת ושימוש בנשק ללא רישיון לפי סעיף 144(א), וכן השלכת רימון יד. שניהם עוסקים בנשק לא חוקי עם פוטנציאל לפגיעה, אך בתיק 1 יש גם עבירות נסיעה וסיוע לתקיפה, מה שמצביע על חומרה מוגברת בהקשר קבוצתי ומאורגן יותר. הדמיון ביסוד העבירה (נשיפת נשק, שימוש ברימונים) הוא גבוה, אך חומרת תיק 1 עולה מעט בשל ההקשר הרחב.

2. **תפקיד הנאשם ומעורבותו** — בתיק 1 הנאשם מעורב בצורה פעילה ורבת פנים: מחזיק, מעביר, מסביר שימוש, מטמין, מוסר ומפעיל. בתיק 2 הנאשם פועל לבד, משתמש ונושא בנשק, אך ללא רמז לתפקיד מובנה או לניהול תהליך קבוצתי. המעורבות היא פעילה בשני המקרים, אך בתיק 1 יש אופי של שותפות פלילים והובלה חלקית של פעילות – unlike the isolated act in תיק 2.

3. **שיטת הביצוע (MO)** — בשני המקרים מדובר בהשלכת רימון יד להבהלה או כהבעת תוקפנות, במקום ציבורי/מגורים, ללא נזק גופני. עם זאת, בתיק 1 יש תכנון מוקדם, העברה בין מקומות מסתור, והכשרה其他人, בעוד בתיק 2 אין רמז ברור לתכנון או היערכות. MO של ""השלכה"" זהה, אך רמת הארגון והתכנון שונה.

4. **נסיבות הליבה** — שניהם נעשים ללא רישיון, בנשק מסוכן, ללא נזק גופני בפועל, אך עם נזק צפוי. תיק 1 כולל תכנון, קשר לסכסוך, פעילות קבוצתית, והעברת נשק – נסיבות מחמירות. תיק 2 הוא חד-פעמי, בלילה, בבית, ללא הקשר ארגוני או תכנון מוכח. ההבדלים בהיקף, תכנון ומסגרת הם משמעותיים.

5. **ישימות כתקדים** — למרות דמיון בסעיף החוק (144(א)) ובשימוש ברימון יד, בית משפט יראה את התיקים שונים בהקשר של אחריות פלילית ומידת העונש. תיק 1 רלוונטי יותר לעבירות מאורגנות, בעוד תיק 2 מתאים לעבירה פרטית ואישית. לכן, השימוש באחד כתקדים לשני יהיה מוגבל, בעיקר לצרכים כלליים של הסבר על סעיף 144(א), אך לא לעצימת עונש או הקצאת תפקיד בפשע.

SIMILARITY_SCORE: 58","ok",""
"sh-10-05-7434-952","SH-18-06-11098-353",1,0,0,"{""אכזריות_או_ניצול"": ""לא צוין"", ""חלקו_היחסי_של_הנאשם"": ""מבצע יחיד"", ""יכולת_הבנה"": ""לא צוין קושי בהבנה"", ""יכולת_הימנעות"": ""לא צוין קושי להימנע"", ""כתובת_העבירה"": ""רחוב אורלנסקי 11 פתח תקווה"", ""מספר_כלי_נשק"": 2, ""מספר_עבירות"": 2, ""מצוקה_נפשית"": ""לא צוין"", ""מקום_החזקה"": ""דירת הנאשם"", ""נזק_צפוי"": ""פוטנציאל סיכון גבוה לציבור"", ""נזק_שנגרם"": ""לא צוין נזק בפועל"", ""ניצול_כוח_או_מעמד"": ""לא צוין"", ""סוג_הנשק"": ""אקדח חצי אוטומטי"", ""סוג_העבירה"": ""החזקת נשק ללא רישיון"", ""סוגי_כלי_הנשק"": [""אקדח ברטה חצי אוטומטי"", ""אקדח לאמה חצי אוטומטי""], ""סיבות_לביצוע"": ""לא צוין"", ""סעיף_חוק"": ""144(א) לחוק העונשין"", ""קרבה_לסייג_אחריות"": ""לא צוין"", ""רישיון_להחזקה"": ""ללא רישיון"", ""שנת_לידה_נאשם"": 1961, ""תכנון_מוקדם"": ""לא צוין""}","{""אופן_החזקה"": ""החזקה פיזית"", ""האם_הייתה_אכזריות_או_ניצול"": ""לא"", ""האם_הייתה_השפעה_של_אחרים"": ""לא צוין"", ""האם_הייתה_התגרות_של_נפגע"": ""לא"", ""האם_הייתה_התעללות_בנאשם"": ""לא"", ""האם_הייתה_כוונה_לשימוש_בפועל"": ""לא צוין"", ""האם_הייתה_ניצול_כוח_או_מעמד"": ""לא"", ""האם_הייתה_פגיעה_בפועל"": ""לא"", ""האם_הייתה_פגיעה_צפויה"": ""כן"", ""האם_הייתה_שליטה_על_המעשה"": ""כן"", ""האם_הייתה_תכנית_מוקדמת"": ""לא צוין"", ""האם_הנאשם_הבין_את_מעשיו"": ""כן"", ""האם_הנאשם_קטין"": ""לא צוין"", ""האם_הנשק_היה_בשימוש"": ""לא צוין"", ""האם_הנשק_תקין"": ""לא צוין"", ""האם_העבירה_בוצעה_במקום_ציבורי"": ""לא צוין"", ""האם_העבירה_בוצעה_לשם_רווח"": ""לא צוין"", ""האם_העבירה_קשורה_לארגון_פשיעה"": ""לא צוין"", ""חלקו_של_הנאשם"": ""מבצע יחיד"", ""מספר_סידורי_נשק"": ""נמחק"", ""סוג_הנשק"": ""רובה סער מסוג גליל"", ""סוג_העבירה"": ""אחזקת נשק ותחמושת שלא כדין"", ""סוג_תחמושת"": ""מחסניות ותחמושת"", ""סעיף_חוק"": ""144(א) רישא וסיפא לחוק העונשין"", ""רישיון_להחזקה"": ""ללא רישיון"", ""תאריך_ביצוע"": ""23/05/18""}",75.0,"1. **סוג העבירה וחומרתה** — שני התיקים עוסקים בהחזקת נשק ללא רישיון, ובשניהם אין רמז לשימוש בפועל או לפגיעה, אך בתיק 2 מוזכר ""פגיעה צפויה"", מה שמצביע על סיכון דומה. סוג העבירה כמעט זהה (הפרת סעיף 144(א)), אם כי בתיק 2 יש גם התייחסות לתחמושת, מהשמורח מעט את החומרה.  
2. **תפקיד הנאשם ומעורבותו** — בשני המקרים מדובר בביצוע יחיד, ללא שותפים או השפעות חיצוניות, והנאשם בשליטה מלאה על המעשים. המעורבות אקטיבית ופיזית – הדמיון גבוה.  
3. **שיטת הביצוע (MO)** — בשני המקרים מדובר בהחזקה פיזית של נשק לא מורשה, ללא רמז לשימוש מיידי. עם זאת, סוג הנשק שונה: באחד אקדחים חצי אוטומטיים, בשני רובה גליל – מה שעשוי להצביע על כוונות שונות (פשיעה אורגנית/צבאית מול שימוש אישי).  
4. **נסיבות הליבה** — שניהם מחזיקים נשק ללא רישיון, בסיכון צפוי לציבור, אך אין מידע על תכנון מוקדם, נשק בשימוש, או נזק בפועל. הכמות: תיק 1 מציין שני כלי נשק, תיק 2 מציין רובה אחד אך עם תחמושת – קרוב מאוד ברמת הסיכון.  
5. **ישימות כתקדים** — שניהם עוסקים באותו סעיף עיקרי (144(א)), אותו הקשר משפטי, ואין נסיבות מחמירות חריגות (כגון אלימות או קשר לעבריינות מאורגנת). למרות הבדל בסוג הנשק, ההקשר המשפטי והعقיפי דומה מספיק כדי שהฎ rulings בעניין עונש ייחשבו רלוונטיים.

SIMILARITY_SCORE: 75","ok",""
"SH-19-07-60805-168","SH-16-11-7544-55",2,0,1,"{""אכזריות_או_ניצול"": ""לא צוין"", ""האם_החזקה_היתה_ברישיון"": ""לא"", ""האם_הנאשם_הודה"": ""כן"", ""האם_הנשק_הוסתר"": ""כן, מתחת לשטיח הגלגל הרזרבי בתא המטען"", ""האם_הנשק_היה_תקין"": ""כן, מסוגל לירי"", ""התגרות_נפגע"": ""לא רלוונטי"", ""חלקו_היחסי_של_הנאשם"": ""נאשם יחיד"", ""יכולת_הבנה_של_הנאשם"": ""לא צוין"", ""יכולת_שליטה_במעשה"": ""לא צוין"", ""כמות_תחמושת"": ""10 כדורים"", ""מצוקה_נפשית_של_הנאשם"": ""לא צוין"", ""מקום_החזקה"": ""בתא המטען ברכב מסוג לקסוס, מתחת לשטיח הגלגל הרזרבי"", ""נזק_צפוי"": ""פוטנציאל נזק גבוה עקב החזקת נשק ותחמושת"", ""נזק_שנגרם"": ""לא צוין"", ""ניצול_כוח_או_מעמד"": ""לא צוין"", ""סוג_הנשק"": ""אקדח חצי אוטומטי מסוג גז/הזנקה שהוסב לירי כדורים חיים"", ""סוג_העבירה"": ""החזקת נשק ותחמושת שלא כדין"", ""סוג_התחמושת"": ""מחסנית מתאימה לאקדח חצי אוטומטי מסוג סמית' אנד ווסון"", ""סיבות_לביצוע"": ""לא צוין"", ""סעיף_חוק"": ""144(א) רישא וסיפא לחוק העונשין, התשל\""ז – 1977"", ""קוטר_תחמושת"": ""9 מ\""מ פאראבלום"", ""קרבה_לסייג_לאחריות_פלילית"": ""לא צוין"", ""רכב_מעורב"": ""לקסוס מ.ר. 72-111-79"", ""שינוי_ייעוד_נשק"": ""בוצע שינוי בייעודו המקורי של האקדח, מסוגל לירות כדורי אקדח"", ""תאריך_ביצוע"": ""08.07.19"", ""תכנון_מוקדם"": ""לא צוין""}","{""האם_החזקה_במקום_ציבורי"": ""כן"", ""האם_החזקה_ברכב"": ""לא"", ""האם_החזקה_ללא_רישיון"": ""כן"", ""האם_היה_ניצול_כוח_או_מעמד"": ""לא"", ""האם_היו_שותפים"": ""לא"", ""האם_היתה_אכזריות_או_ניצול"": ""לא"", ""האם_היתה_השפעה_של_אחר"": ""לא"", ""האם_היתה_התגרות_של_נפגע"": ""לא"", ""האם_היתה_התעללות_בנאשם"": ""לא"", ""האם_היתה_כוונה_לשימוש"": ""לא ידוע"", ""האם_היתה_פגיעה_בפועל"": ""לא"", ""האם_היתה_פגיעה_צפויה"": ""כן"", ""האם_היתה_תכנית_מוקדמת"": ""לא ידוע"", ""האם_הנאשם_הבין_את_מעשיו"": ""כן"", ""האם_הנאשם_היה_בשליטה_על_מעשיו"": ""כן"", ""האם_הנשק_מאולתר"": ""כן"", ""האם_הנשק_תקין"": ""לא ידוע"", ""האם_קרבה_לסייג_לאחריות_פלילית"": ""לא"", ""חלקו_של_הנאשם"": ""בלעדי"", ""כמות_תחמושת"": 10, ""מקום_ביצוע"": ""מחלף להב-שומריה, כביש 6, לכיוון צפון"", ""סוג_הנשק"": ""רובה תת מקלע מאולתר"", ""סוג_העבירה"": ""החזקת נשק שלא כדין"", ""סוג_תחמושת"": ""מחסנית עם 10 קליעים בקוטר 9 מ\""מ"", ""סעיף_חוק"": ""144(א) רישא וסיפא לחוק העונשין"", ""תאריך_ביצוע"": ""26.10.16""}",45.0,"1. **סוג העבירה וחומרתה** — שני התיקים עוסקים בהחזקת נשק ללא רישיון לפי סעיף 144(א) – עבירה פלילית חמורה, אך תיק 1 כולל גם תחמושת ושינוי ייעוד נשק, מה שמגביר את החומרה. התיק השני עוסק בנשק מאולתר, אך לא ידוע אם הוא תקין או מסוגל לירי, מה שמעלים סיכון אך פחות מאומת. הדמיון חלקי.  
2. **תפקיד הנאשם ומעורבותו** — בשני המקרים מדובר בנאשם יחיד, ללא שותפים, ובמעורבות ישירה בהחזקת הנשק. אין רמז לארגון או לשרשרת אספקה. מעורבות זהה – בודדת ו пряמית.  
3. **שיטת הביצוע (MO)** — בתיק 1 הנשק הוסתר בצורה מכוונת (תחת שטיח גלגל רזרבי), בתא מטען של רכב פרטי. בתיק 2 החזקה הייתה במקום ציבורי (כביש 6), מה שמעיד על חשיפה גבוהה וסיכון ציבורי מידי. שיטת ההסתרה והקשר להקשר ציבורי שונה מהותית.  
4. **נסיבות הליבה** — שני המקרים כוללים נשק עם 10 קליעים בקוטר 9 מ""מ, אך בתיק 1 יש נשק תקין שהוסב לירי כדורים חיים – מעשה טכנולוגי מכוון. בתיק 2 – נשק מאולתר, פחות ברור אם הוא תקין או מסוגל לירי. התכנון, ההסתרה והיכולת הפונקציונלית של הנשק בתקיף 1 מעידים על רמה גבוהה יותר של סיכון.  
5. **ישימות כתקדים** — למרות דמיון בסעיף החוק ובהolding של נשק ללא רישיון, ההקשר (רכב פרטי מול מקום ציבורי), סוג הנשק (משוחזר/מותאם מול מאולתר), רמת הסיכון וההסתרה – שונים מספיק כדי שהתקדים לא ייחשב מהותי. בית משפט יבחין בדרישות ענישה שונות.

SIMILARITY_SCORE: 45","ok",""
"SH-14-11-8987-965","ME-16-12-50986-619",1,0,0,"{""אופן_החזקה"": ""החזקה ללא רישיון וללא הסכמת הבעלים"", ""אופן_הנטילה"": ""במרמה, ללא תביעת זכות בתום לב"", ""אכזריות_או_אלימות"": ""לא צוין"", ""גיל_הנאשם"": ""יליד 1985"", ""דיווח_לאחר_מעשה"": ""סיפר על המעשה לבן דודתו כעבור חודש"", ""האם_בוצע_ביחד_עם_אחרים"": ""נכנס עם אחרת אך לא צוין שותפות בעבירה"", ""חלקו_היחסי_של_הנאשם"": ""פועל עיקרי, נטל ונשא את האקדח"", ""יכולת_הבנה_ושליטה"": ""לא צוין קושי בהבנה או שליטה"", ""מניע_העבירה"": ""לא צוין"", ""מצוקה_נפשית_או_התגרות"": ""לא צוין"", ""מקום_ביצוע"": ""בית פרטי, רח' דוד רזיאל 28, ירושלים"", ""מקום_מגורים_הנאשם"": ""ירושלים"", ""משך_החזקה"": ""החזיק באקדח לפחות חודש ימים"", ""נזק_צפוי"": ""סיכון בטחוני מהחזקת נשק שלא כדין"", ""נזק_שנגרם"": ""גניבת אקדח מבעליו"", ""ניצול_יחסים_או_מעמד"": ""ניצל את גישתו לבית המתלונן לצורך ניקיון"", ""נסיבות_הכניסה"": ""הנאשם נכנס יחד עם אחרת במטרה לנקות את הבית"", ""סוג_העבירה"": ""גניבה והחזקת נשק שלא כדין"", ""סוג_נשק"": ""אקדח קולט 45"", ""סעיפי_חוק"": [""384"", ""144(א)""], ""קרבה_לסייג_לאחריות_פלילית"": ""לא צוין"", ""שייכות_הנשק"": ""המתלונן, משה מיכלי"", ""תכנון_מוקדם"": ""הבחין באקדח במהלך הניקיון ונטל אותו, לא צוין תכנון מוקדם""}","{""אופי_הנשק"": ""נשק חם, לא פורט סוג"", ""אופן_הביצוע"": ""הגעה ברכב, חבישת כובעים וחם-צוואר להסוואה, איום באמצעות נשק, ירי באוויר"", ""האם_בוצע_ירי"": ""כן, ירי באוויר"", ""האם_בוצע_מעשה_באכזריות_מיוחדת"": ""לא"", ""האם_בוצעה_הסוואה_או_הסתרה"": ""כן, חבישת כובעים וחם-צוואר"", ""האם_היה_נזק_פיזי_לנפגעים"": ""לא"", ""האם_היה_נזק_רכוש"": ""פגיעה ברכב הנאשם מצינור מתכת שהושלך על ידי אחד המתלוננים"", ""האם_היה_ניסיון_להקשות_על_זיהוי"": ""כן, חבישת כובעים וחם-צוואר"", ""האם_היה_ניצול_מעמד_או_כוח"": ""לא"", ""האם_היה_רישיון_לנשק"": ""לא היה רישיון"", ""האם_היה_שימוש_ברכב"": ""כן, רכב מסוג ב.מ.וו של הנאשם"", ""האם_היה_תכנון_מוקדם"": ""כן, קשר לחזור ולאיים באמצעות נשק"", ""האם_הייתה_אלימות_פיזית_ישירה"": ""לא, רק איום וירי באוויר"", ""האם_הייתה_השפעה_של_אחרים_על_הנאשם"": ""כן, בוצע יחד עם אחרים"", ""האם_הייתה_התגרות_של_הנפגעים"": ""כן, השלכת צינור מתכת לעבר רכב הנאשם"", ""האם_הייתה_מצוקה_נפשית_של_הנאשם"": ""לא צוין"", ""האם_הייתה_קרבה_לסייג_לאחריות_פלילית"": ""לא"", ""האם_הייתה_שליטה_על_המעשה"": ""כן"", ""האם_הייתה_תגובה_של_הנפגעים"": ""ניסו להסתתר, אחד השליך צינור מתכת"", ""האם_הנאשם_הבין_את_מעשיו"": ""כן"", ""האם_העבירה_בוצעה_ביותר_מנשק_אחד"": ""לא צוין"", ""האם_העבירה_בוצעה_במסגרת_ארגון_פשיעה"": ""לא צוין"", ""האם_העבירה_בוצעה_לשם_רווח_כלכלי"": ""לא"", ""מניע_העבירה"": ""סכסוך קודם, רצון להקניט ולהפחיד"", ""מספר_מעורבים_נוספים"": ""לא ידוע, אך היו אחרים שזהותם אינה ידועה"", ""מספר_נאשמים"": 1, ""מספר_קליעים_שנורו"": ""לא פורט"", ""מקום_העבירה"": ""שכונה 20, רהט, אזור מגורים"", ""סעיפי_חוק"": [""449(א)(1)"", ""144(ב)"", ""192"", ""340א""], ""עבירות"": [""קשירת קשר לפשע"", ""הובלה ונשיאת נשק"", ""איומים"", ""ירי באזור מגורים""], ""קרבה_בין_הנפגעים"": ""קרובי משפחה"", ""קשר_בין_הנפגעים_לנאשם"": ""סכסוך קודם בין משפחות"", ""שעת_העבירה"": ""אחר הצהריים, בין 14:45 ל-15:00""}",30.0,"1. **סוג העבירה וחומרתה**:  
התיק הראשון עוסק בגניבה והחזקת נשק ללא רישיון – עבירות חמורות, אך ברמה של החזקה ולא שימוש. התיק השני כולל שימוש בנשק – ירי באוויר, איום, והובלה – במסגרת סכסוך משפחתי, עם תכנון מוקדם. בעוד ששניהם קשורים לנשק, התיק השני כולל עבירות פליליות חמורות בהרבה (ירי, איום, קשירת קשר), ולכן חומרתו גבוהה בהרבה.

2. **תפקיד הנאשם ומעורבותו**:  
בתיק הראשון הנאשם הוא הפועל העיקרי – נטל ונשא את הנשק, אך ללא שותפות מוצהרת. בתיק השני הנאשם גם כן עיקרי, אך ביצע את המעשים כחלק מקבוצה (אם כי לא מוצהרת ארגונית), עם תכנון ושיתוף פעולה. מעורבותו פעילה יותר, אך גם כאן אין עדות למנהיגות או יזמות מובחנת.

3. **שיטת הביצוע (MO)**:  
בתיק הראשון – מעשה ספונטני, ללא תכנון מוקדם, ניצול הזדמנות במהלך ניקיון. בתיק השני – תכנון מוקדם, הסוואה, שימוש ברכב, ירי באוויר – שיטת ביצוע מאורגנת ומאיימת. אין דמיון בדפוס – הראשון אקראי, השני מתוכנן וסימבולי.

4. **נסיבות הליבה**:  
התיק הראשון: נשק נגנב מבית פרטי, החזקה חודש, ללא נזק פיזי ישיר. התיק השני: ירי באזור מגורים, סכסוך משפחתי, איום, תגובה של נפגעים. נזק רציני יותר – גם פיזי (לרכב) וגם פסיכולוגי-חברתי. ניצול מעמד קיים בתיק הראשון (ניקיון), אך לא בתיק השני.

5. **ישימות כתקדים**:  
העבירות שונות מהותית: אחת היא גניבה והחזקת נשק (בעיקר רשלנותית-범ת מזג), והשנייה היא שימוש בנשק בהקשר של איום וסכסוך אלים. אין דמיון במניע, תכנון, או רמת איום. בית משפט לא יראה בזה תקדים ענייני רלוונטי לענישה – ההקשר, החומרה והדפוס שונים.

SIMILARITY_SCORE: 30","ok",""
"SH-16-09-33552-535","ME-16-11-56385-886",1,0,0,"{""אופן_הסתרה"": ""עטוף ומוסלק בתוך בור באדמה ומעליו הונח ארגז"", ""האם_החזקה_במקום_פרטי"": ""כן"", ""האם_החזקה_במקום_ציבורי"": ""לא"", ""האם_החזקה_לזמן_ממושך"": ""לא צוין"", ""האם_החזקה_קבוצתית"": ""לא"", ""האם_היה_נזק_צפוי"": ""כן"", ""האם_הייתה_אכזריות_או_אלימות"": ""לא"", ""האם_הייתה_הובלה_או_נשיאה"": ""לא"", ""האם_הייתה_העברת_נשק"": ""לא"", ""האם_הייתה_השפעה_של_אחר"": ""לא"", ""האם_הייתה_התגרות_או_התעללות_על_ידי_נפגע"": ""לא"", ""האם_הייתה_ייצור_או_יבוא_או_יצוא"": ""לא"", ""האם_הייתה_כוונה_לעשות_שימוש"": ""לא צוין"", ""האם_הייתה_מצוקה_נפשית"": ""לא"", ""האם_הייתה_ניצול_מעמד_או_כוח"": ""לא"", ""האם_הייתה_עסקה_בנשק"": ""לא"", ""האם_הייתה_פגיעה_בגוף_או_ברכוש"": ""לא"", ""האם_הייתה_קרבה_לסייג_לאחריות_פלילית"": ""לא"", ""האם_הייתה_תכנית_מוקדמת"": ""כן, הסתרה יזומה של הנשק והתחמושת"", ""האם_הנשק_תקין"": ""לא צוין"", ""האם_נגרם_נזק"": ""לא"", ""יכולת_הבנה_של_הנאשם"": ""לא צוין"", ""יכולת_שליטה_במעשה"": ""כן"", ""מקום_ביצוע"": ""מחסן ברשות הנאשם"", ""סוג_העבירה"": ""החזקת נשק ותחמושת ללא רישיון"", ""סוגי_נשק"": [""אקדח ברטה 0.22"", ""רובה מאולתר דמוי M-16""], ""סוגי_תחמושת"": [""מחסנית לאקדח"", ""מחסנית ריקה לרובה"", ""4 כדורים 9 מ\""מ"", ""60 כדורים 5.56 מ\""מ""], ""סיבת_ביצוע_העבירה"": ""לא צוין"", ""סעיף_חוק"": ""144(א) רישא וסיפא לחוק העונשין"", ""תאריך_ביצוע"": ""05.09.2016""}","{""אכזריות_או_ניצול"": ""לא צוין"", ""דגם_הנשק"": ""יריחו"", ""האם_הייתה_תכנית_מוקדמת"": ""לא צוין"", ""האם_הנשק_גנוב"": ""כן"", ""חלקו_היחסי_של_הנאשם"": ""מבצע יחיד"", ""יכולת_הבנה_של_הנאשם"": ""לא צוין"", ""יכולת_שליטה_במעשה"": ""לא צוין"", ""מועד_העבירה"": ""18.11.16"", ""מצב_הנשק_בעת_ההחזקה"": ""דרוך, טעון ומוכן לירי"", ""מצוקה_נפשית_עקב_התעללות"": ""לא צוין"", ""מקום_הנשק_בעת_העבירה"": ""בכיס מעילו של הנאשם"", ""נזק_שהיה_צפוי"": ""פוטנציאל לסיכון חיי אדם"", ""נזק_שנגרם"": ""לא צוין"", ""ניצול_כוח_או_מעמד"": ""לא צוין"", ""סוג_הנשק"": ""אקדח"", ""סיבות_לביצוע_העבירה"": ""לא צוין"", ""סעיף_עבירה"": ""144(א) רישא לחוק העונשין"", ""קרבה_לסייג_לאחריות_פלילית"": ""לא צוין""}",55.0,"1. **סוג העבירה וחומרתה** — שני התיקים עוסקים בהחזקת נשק ללא רישיון לפי סעיף 144(א) רישא (ותיק 1 כולל גם סיפא), מה שמעיד על דמיון בסוג העבירה. עם זאת, תיק 1 כולל גם תחמושת ורובה מאולתר, וכן הסתרה מתוכננת, מה שמצביע על חומרה גבוהה יותר בהשוואה לתיק 2, שבו נשק אחד (אקדח) במצב טעון.  
2. **תפקיד הנאשם ומעורבותו** — בשני המקרים מדובר במעורבות ישירה ובביצוע עבירה באופן אישי (לא קבוצתי), אך בתיק 1 יש רמזים ליזמות (הסתרה מתוכננת), בעוד בתיק 2 אין מידע על תכנון מוקדם או יזמה.  
3. **שיטת הביצוע (MO)** — בתיק 1 יש הסתרה מתוחכמת (בור באדמה, ארגז), בעוד בתיק 2 הנשק נמצא בכיס מעיל — החזקה ניידת ומיידית. שיטות אלו שונות מהותית: אחת מכוונת להסתרה ארוכת טווח, השנייה מעידה על החזקה פעילה וקרובה לגוף.  
4. **נסיבות הליבה** — בתיק 1 יש תכנון מוקדם, הסתרה, והחזקת נשק ותחמושת מרובה (כולל רובה מאולתר), מה שמגביר את הסיכון והחומרה. בתיק 2, הנשק טעון ומיועד לירי, אך אין רמז להסתרה או איסוף נשק. הסיכון הפוטנציאלי קיים בשני המקרים, אך חומרת הנסיבות בתיק 1 גבוהה יותר.  
5. **ישימות כתקדים** — למרות השוני בסוג הנשק ובשיטת ההסתרה, שני התיקים עוסקים בהחזקת נשק ללא רישיון, ללא נזק מוחשי, אך עם סיכון פוטנציאלי. עם זאת, הבדלים במבנה העבירה (הסתרה מתוכננת מול החזקה ניידת), חומרת הנשק, וההקשר (מחסן פרטי מול כיס מעיל) מפחיתים את הסבירות שיתקבלו באותו שיקול עונשיני.  

SIMILARITY_SCORE: 55","ok",""
"ME-17-08-28615-573","ME-17-05-35227-215",2,0,1,"{""אופן_הסתרה"": ""הוסתר בתוך תיק שהוכנס לפח אשפה ולאחר מכן למיכל מחזור"", ""אכזריות_או_אלימות"": ""לא צוין שימוש באלימות או אכזריות"", ""גיל_הנאשם"": ""לא צוין"", ""האם_החזקה_או_נשיאה"": ""החזקה ונשיאה"", ""האם_החזקה_ברישיון"": ""לא"", ""האם_הנאשם_עבר_פלילי_קודם"": ""לא צוין"", ""האם_הנשק_תקין"": ""כן, מסוגל לירות כדור ובכוחו להמית אדם"", ""האם_העבירה_בוצעה_בזיקה_לארגון_פשיעה"": ""לא צוין"", ""האם_העבירה_בוצעה_בצוותא"": ""לא צוין שיתוף פעולה עם אחרים בביצוע העבירה"", ""הפרעה_לשוטר"": ""הנאשם ברח מהשוטרים, לא נענה להוראות עצירה, והשליך את התיק במהלך המנוסה"", ""יכולת_הבנה_ושליטה"": ""לא צוין קושי בהבנה או שליטה"", ""מספר_כדורים"": 59, ""מספר_נשקים"": 1, ""מספר_רימונים"": 1, ""מקום_העבירה"": ""מתחם תחנת דלק ליד קיבוץ בית העמק"", ""נוכחות_אחרים"": ""הנאשם שהה עם אחרים במתחם"", ""נזק_צפוי"": ""הנשק, התחמושת והרימון מסוגלים להמית או להזיק לאדם"", ""נזק_שנגרם"": ""לא נגרם נזק בפועל"", ""ניסיון_הימלטות"": ""כן, הנאשם נמלט מהשוטרים"", ""ניצול_כוח_או_מעמד"": ""לא צוין"", ""סוג_הנשק"": ""תת מקלע מאולתר בקוטר 9 מ\""מ"", ""סוג_העבירה"": ""החזקה ונשיאה של נשק ללא רישיון, הפרעה לשוטר במילוי תפקידו"", ""סוג_רימון"": ""רימון יד מסוג הלם סינוור"", ""סיבות_לביצוע"": ""לא פורטו"", ""סעיפי_חוק"": ""144(א)+(ב) רישא+סיפא, 275 לחוק העונשין"", ""קרבה_לסייג_לאחריות"": ""לא צוין"", ""שעת_העבירה"": ""החל מ-19:57 ועד 23:04"", ""תחמושת"": ""מחסנית עם 9 כדורים, קופסה עם 50 כדורים בקוטר 9 מ\""מ"", ""תכנון_מוקדם"": ""לא צוין תכנון מוקדם""}","{""אופן_הובלה"": ""בתוך תא המטען של אופנוע"", ""אכזריות_או_ניצול"": ""לא"", ""אמצעי_תחבורה"": ""אופנוע מסוג קואנג יאנג טיו"", ""האם_הייתה_רשות_להחזקה"": ""לא"", ""האם_הייתה_תכנית_מוקדמת"": ""לא צוין"", ""האם_הנשק_היה_טעון"": ""בתוך הנשק נמצאה מחסנית"", ""האם_הנשק_היה_תקין"": ""לא צוין"", ""האם_העבירה_בוצעה_במסגרת_קבוצתית"": ""לא"", ""חלקו_היחסי_של_הנאשם"": ""מבצע יחיד"", ""יכולת_הבנה_של_הנאשם"": ""לא צוין"", ""יכולת_שליטה_במעשה"": ""לא צוין"", ""מועד_העבירה"": ""7 במאי 2017 בשעת צהריים"", ""מצוקה_נפשית_של_הנאשם"": ""לא צוין"", ""נזק_צפוי"": ""פוטנציאל סיכון גבוה לציבור"", ""נזק_שנגרם"": ""לא צוין"", ""ניצול_כוח_או_מעמד"": ""לא"", ""סוג_הנשק"": ""תת-מקלע מאולתר"", ""סוג_העבירה"": ""נשיאת והובלת נשק ללא רישיון"", ""סוג_התחמושת"": ""מחסנית"", ""סיבות_לביצוע"": ""לא צוין"", ""סעיף_חוק"": ""144(ב) רישא וסיפא לחוק העונשין"", ""קרבה_לסייג_לאחריות_פלילית"": ""לא""}",45.0,"1. **סוג העבירה וחומרתה** — שני התיקים עוסקים בהחזקת או נשיאת נשק ללא רישיון, כאשר מדובר בתת-מקלע מאולתר — עבירה חמורה לפי סעיף 144. גם במשטרת ישראל וגם בבתי המשפט, נשיאת נשק מאולתר נחשבת לסיכון גבוה. עם זאת, בתיק 1 מופיע גם רימון יד מסוג הלם סינוור ו59 כדורים, וכן הפרעה לשוטר במילוי תפקידו (סעיף 275), מה שמגביר את החומרה. לכן, החומרה בתיק 1 גבוהה יותר.  
→ דימיון חלקי, אך לא מלא.

2. **תפקיד הנאשם ומעורבותו** — בשני המקרים מדובר באנשים שמעבירים נשק ללא רישיון, ללא רמז לשיתוף פעולה עם ארגון או קבוצה. בתיק 2 צוין במפורש ""מבצע יחיד"", ובתיק 1 אין רמז לפעילות קבוצתית. שני הנאשמים מעורבים ישירות, אך לא כיזמים או מנהיגים.  
→ דימיון גבוה.

3. **שיטת הביצוע (MO)** — בתיק 1 הנשק הוסתר בתוך תיק שהוכנס לפח אשפה, ובתיק 2 הונח בתא המטען של אופנוע. שני המקרים מעורבים בהסתרת נשק במהלך תנועה, אך אופי ההסתרה שונה: אחד נועד להשלמת העברה (אפנוע), והשני נועד להימלט מהחיזוק (פינוי לנמלט). בנוסף, בתיק 1 יש ניסיון בריחה פעיל מהמשטרה, כולל זריקת התיק.  
→ דימיון מוגבל.

4. **נסיבות הליבה** — בתיק 1 יש נשק תקין, רימון יד, כמות תחמושת גדולה, הפרעה לשוטר, ניסיון בריחה, ונזק צפוי גבוה. בתיק 2 אין מידע על תקינות הנשק, כמות התחמושת מינימלית (רק מחסנית), אין הפרעה לשוטר או נזק בפועל. גם הזמן (לילה מול צהריים) והמקום (תחנת דלק מול לא צוין) שונים.  
→ חוסר דמיון משמעותי.

5. **ישימות כתקדים** — למרות ששני התיקים עוסקים בהחזקת נשק מאולתר ללא רישיון, תיק 1 כולל נסיבות מחמירות רבות (כגון רימון, תחמושת, בריחה, הפרעה) שמגבירות משמעותית את החומרה. בית משפט יתקשה להשתמש בתיק 2 כתקדים לעונישה בתיק 1, שכן חסרות בו נסיבות שמשפיעות על קביעת העונש.  
→ רלוונטיות מוגבלת.

**SIMILARITY_SCORE: 45**","ok",""
"SH-16-11-7544-55","ME-16-10-12213-904",1,0,0,"{""האם_החזקה_במקום_ציבורי"": ""כן"", ""האם_החזקה_ברכב"": ""לא"", ""האם_החזקה_ללא_רישיון"": ""כן"", ""האם_היה_ניצול_כוח_או_מעמד"": ""לא"", ""האם_היו_שותפים"": ""לא"", ""האם_היתה_אכזריות_או_ניצול"": ""לא"", ""האם_היתה_השפעה_של_אחר"": ""לא"", ""האם_היתה_התגרות_של_נפגע"": ""לא"", ""האם_היתה_התעללות_בנאשם"": ""לא"", ""האם_היתה_כוונה_לשימוש"": ""לא ידוע"", ""האם_היתה_פגיעה_בפועל"": ""לא"", ""האם_היתה_פגיעה_צפויה"": ""כן"", ""האם_היתה_תכנית_מוקדמת"": ""לא ידוע"", ""האם_הנאשם_הבין_את_מעשיו"": ""כן"", ""האם_הנאשם_היה_בשליטה_על_מעשיו"": ""כן"", ""האם_הנשק_מאולתר"": ""כן"", ""האם_הנשק_תקין"": ""לא ידוע"", ""האם_קרבה_לסייג_לאחריות_פלילית"": ""לא"", ""חלקו_של_הנאשם"": ""בלעדי"", ""כמות_תחמושת"": 10, ""מקום_ביצוע"": ""מחלף להב-שומריה, כביש 6, לכיוון צפון"", ""סוג_הנשק"": ""רובה תת מקלע מאולתר"", ""סוג_העבירה"": ""החזקת נשק שלא כדין"", ""סוג_תחמושת"": ""מחסנית עם 10 קליעים בקוטר 9 מ\""מ"", ""סעיף_חוק"": ""144(א) רישא וסיפא לחוק העונשין"", ""תאריך_ביצוע"": ""26.10.16""}","{""בעלות_הרכב"": ""רשום על שם אחיו של הנאשם"", ""האם_היה_צפי_לנזק"": ""כן, פוטנציאל נזק גבוה מנשק חם"", ""האם_הייתה_אכזריות_או_ניצול"": ""לא"", ""האם_הייתה_הובלה_או_הסתרה"": ""כן, הובלה והסתרה ברכב"", ""האם_הייתה_הודאה"": ""כן"", ""האם_הייתה_החזקה_ממושכת"": ""לא צוין"", ""האם_הייתה_השפעה_של_אחרים"": ""לא"", ""האם_הייתה_התגרות_של_נפגע"": ""לא"", ""האם_הייתה_התנגדות_למשטרה"": ""לא"", ""האם_הייתה_התעללות_בנאשם"": ""לא"", ""האם_הייתה_כוונה_לשימוש_בנשק"": ""לא צוין"", ""האם_הייתה_ניצול_מעמד"": ""לא"", ""האם_הייתה_שליטה_על_המעשה"": ""כן"", ""האם_הייתה_תחמושת_נוספת"": ""כן, כדור 9 מ\""מ במכנסי הנאשם"", ""האם_הייתה_תכנית_מוקדמת"": ""לא צוין"", ""האם_הנאשם_הבין_את_מעשיו"": ""כן"", ""האם_הנאשם_הוביל_את_הנשק"": ""כן"", ""האם_הנאשם_החזיק_ברכב"": ""כן"", ""האם_הנאשם_פעל_לבד"": ""כן"", ""האם_הנאשם_קטין"": ""לא"", ""האם_הנשק_הוסתר"": ""כן"", ""האם_הנשק_היה_ברכב_בעת_המעצר"": ""כן"", ""האם_הנשק_היה_טעון"": ""לא, המחסנית הייתה ריקה"", ""האם_הנשק_מאולתר"": ""כן"", ""האם_הנשק_תקין"": ""לא צוין"", ""האם_העבירה_בוצעה_ביותר_מנשק_אחד"": ""לא"", ""האם_העבירה_בוצעה_במסגרת_ארגון_פשע"": ""לא"", ""האם_העבירה_בוצעה_במקום_ציבורי"": ""לא, ברכב פרטי ליד הבית"", ""האם_העבירה_בוצעה_למטרת_סחר"": ""לא"", ""האם_התחמושת_תקינה"": ""כדור תואם לנשק"", ""האם_נגרם_נזק"": ""לא"", ""מועד_העבירה"": ""ספטמבר 2016 ו-1 באוקטובר 2016"", ""מסלול_הובלה"": ""מאזור מי-עמי לבית אמו באום-אל-פחם"", ""מקום_הסתרה"": ""מתחת לכיסא הנוסע שליד הנהג ברכב"", ""סוג_הנשק"": ""כלי נשק מאולתר מסוג קרל גוסטב"", ""סוג_העבירה"": ""נשיאת נשק ותחמושת ללא רישיון"", ""סוג_הרכב"": ""סובארו"", ""סוג_התחמושת"": ""מחסנית ריקה וכדור 9 מ\""מ"", ""סעיפי_חוק"": [""144(ב) רישה וסיפה לחוק העונשין""]}",60.0,"1. **סוג העבירה וחומרתה** — שני התיקים עוסקים בהחזקת נשק מאולתר ללא רישיון, וב범ת עבירה דומה לפי סעיף 144 לחוק העונשין (החזקה/נשיאה של נשק לא כדין). עם זאת, תיק 1 מתייחס להחזקת נשק טעון (10 קליעים במחסנית), בעוד בתיק 2 הנשק היה ללא מחסנית טעונה, אך עם תחמושת נפרדת. החומרה דומה אך לא זהה – שניהם עבירות חמורות, אך ברמת סיכון שונה במעט.

2. **תפקיד הנאשם ומעורבותו** — בשני המקרים מדובר באנשים שפעלו לבד, без שותפים, והיו בשליטה על הפעולה. מעורבותם היא ישירה והוגדרת כבלעדית, מה שמרמז על דמיון טוב בממד זה.

3. **שיטת הביצוע (MO)** — בשני המקרים מדובר בנשק מאולתר שהוחזק בצורה לא חוקית, אך אופן ההחזקת שונה: בתיק 1 – במקום ציבורי (מחלף), בתיק 2 – ברכב פרטי, בהסתרה. בנוסף, בתיק 2 יש רכיב של הובלה לאורך מרחק (מהדרום לבית באום-אל-פחם), מה שמראה תכנון או מזימה מסוימת, שלא מובהקת בתיק 1. MO שונה במעט – הבדל בהקשר חלל-זמן ואופן ההסתרה.

4. **נסיבות הליבה** — בתיק 1 יש החזקה של נשק טעון במקום ציבורי – נושא רגיש מאוד מבחינת סיכון ציבורי. בתיק 2, למרות שהנשק היה ריק, הייתה הובלה והסתרה ברכב, עם תחמושת נפרדת – אך לא במקום ציבורי. סיכון פוטנציאלי קיים בשניהם, אך התיק הראשון נראה חמיר יותר מבחינת סיכון מיידי לציבור.

5. **ישימות כתקדים** — שני התיקים עשויים להיחשב רלוונטיים לצורך השוואת עונשים בעבירות הקשורים להחזקת נשק מאולתר ללא רישיון, אך ההבדלים במקום, בסיכון המיידי ובאופן ההחזקת מצמצמים את מידת הדמיון. בית משפט עשוי להתייחס אליהם כמקרה מקביל, אך לא כמקרה זהה או כמעט זהה.

SIMILARITY_SCORE: 60","ok",""
"ME-15-02-9111-399","ME-14-07-13179-197",1,0,0,"{""האם_הוסתר_או_הושלך_הנשק"": ""הושלך במהלך מנוסה"", ""האם_היה_נזק_פוטנציאלי"": ""כן, נשק ותחמושת בכוחם להמית אדם"", ""האם_היה_נזק_פיזי"": ""לא"", ""האם_הייתה_אכזריות_או_אלימות_נוספת"": ""לא"", ""האם_הייתה_השפעה_של_אחרים"": ""לא צוין"", ""האם_הייתה_התגרות_של_נפגע_העבירה"": ""לא"", ""האם_הייתה_התעללות_בנאשם"": ""לא"", ""האם_הייתה_כוונה_להשתמש_בנשק"": ""לא צוין"", ""האם_הייתה_מנוסה_מהמשטרה"": ""כן"", ""האם_הייתה_רשות_להחזקה_או_נשיאה"": ""לא"", ""האם_הייתה_תכנית_מוקדמת"": ""לא צוין"", ""האם_הנאשם_הבין_את_מעשיו"": ""כן"", ""האם_הנאשם_הורשע_בעבר_בעבירות_נשק"": ""לא צוין"", ""האם_הנאשם_היה_בשליטה_על_מעשיו"": ""כן"", ""האם_הנאשם_ניצל_מעמד_או_כוח"": ""לא"", ""האם_הנשק_מסוגל_לירות"": ""כן"", ""האם_הנשק_תקין"": ""כן"", ""האם_העבירה_בוצעה_בזיקה_לעבירות_נוספות"": ""לא"", ""האם_העבירה_בוצעה_במסגרת_קבוצתית"": ""לא"", ""האם_העבירה_בוצעה_במקום_ציבורי"": ""כן"", ""האם_העבירה_קשורה_לארגון_פשיעה"": ""לא"", ""זמן_ביצוע"": ""25.1.15, סמוך לשעה 15:00"", ""מספר_כדורים"": 13, ""מקום_ביצוע"": ""סוכת אבלים, כפר בענה"", ""נסיבות_המעשה"": ""הנאשם הבחין בשוטרים, החל במנוסה כשהוא נושא את האקדח והמחסנית, וזרק אותם במהלך המנוסה"", ""סוג_הנשק"": ""אקדח FN מספר 74423"", ""סוג_העבירה"": ""החזקה ונשיאת נשק ללא רישיון"", ""סוג_תחמושת"": ""מחסנית עם 13 כדורים 9 מ\""מ"", ""סעיפי_חוק"": [""144(א)"", ""144(ב)""]}","{""האם_בוצע_ירי_באזור_מגורים"": ""כן"", ""האם_בוצע_שיבוש_מהלכי_משפט"": ""כן, איסוף תרמילים לאחר הירי"", ""האם_בוצעה_גניבה"": ""כן, גניבת מכשיר טלפון מהמתלונן"", ""האם_בוצעו_איומים"": ""כן, איומים על המתלונן"", ""האם_היה_נזק_צפוי"": ""כן, סכנה לחיי אדם מירי באזור מגורים"", ""האם_היה_נזק_שנגרם"": ""לא דווח על נזק פיזי בפועל"", ""האם_היו_שותפים_לעבירה"": ""כן, נידאל בשארה באירוע המרכזי, שניים נוספים באירוע במגרש"", ""האם_הייתה_אכזריות_או_ניצול_יחסים"": ""לא צוין ניצול לרעה של יחסים או אכזריות חריגה"", ""האם_הייתה_הבנה_לפסול_המעשה"": ""כן, הנאשם ניסה להסתיר ראיות וברח מהמקום"", ""האם_הייתה_הודאה"": ""כן"", ""האם_הייתה_החזקת_נשק_ללא_רישיון"": ""כן"", ""האם_הייתה_החזקת_תחמושת_ללא_רישיון"": ""כן"", ""האם_הייתה_הסלמה_בין_הצדדים"": ""כן, עימות מילולי שהסלים לירי באוויר"", ""האם_הייתה_הפרת_הוראה_חוקית"": ""כן, הפרת תנאי מעצר בית"", ""האם_הייתה_הפרת_מעצר_בית"": ""כן"", ""האם_הייתה_התגרות_של_המתלונן"": ""המתלונן הזכיר עירוב שוטר בסכסוך"", ""האם_הייתה_כוונה_לפגוע_פיזית"": ""לא, הירי בוצע באוויר במטרה להפחיד או להקניט"", ""האם_הייתה_פגיעה_פיזית"": ""לא דווחה פגיעה פיזית"", ""האם_הייתה_שליטה_על_המעשה"": ""כן, שלף אקדח, דרך, ירה ואסף תרמילים"", ""האם_הייתה_תכנית_מוקדמת"": ""כן, הגעה יזומה לבית המתלונן לצורך גביית חוב"", ""האם_הנאשם_היה_בגיר"": ""כן"", ""מניע_לביצוע"": ""סכסוך כספי – חוב של 2,000 ש\""ח"", ""מספר_יריות"": ""3 יריות באוויר באירוע המרכזי, מספר לא ידוע באירוע במגרש"", ""מקום_ביצוע"": [""אזור מגורים באכסאל"", ""מגרש לפירוק כלי רכב""], ""סוגי_נשק"": [""אקדח מסוג גלוק""], ""סוגי_תחמושת"": [""מחסניות"", ""תחמושת לאקדח""], ""עבירות"": [""נשיאת נשק"", ""נשיאת תחמושת"", ""ירי באזור מגורים"", ""שיבוש מהלכי משפט"", ""הפרת הוראה חוקית"", ""גניבה"", ""איומים"", ""החזקת נשק"", ""החזקת תחמושת""], ""קשר_בין_המעורבים"": ""הנאשם והמתלונן בני דודים"", ""שנת_האירועים"": [""2013"", ""2014""]}",30.0,"1. **סוג העבירה וחומרתה** — שני התיקים כוללים עבירות של החזקה ונשיאה של נשק ותחמושת ללא רישיון, אולם בתיק 2 יש הדרגה משמעותית: ירי באזור מגורים, איומים, גניבה, שיבוש מהלכי משפט והפרת צו מעצר בית. מדובר בעבירה מורכבת בהקשר אלים ובמתקף אישי, בעוד תיק 1 הוא עבירה חד-פעמית של החזקה ונשיאה עם מנוסה מהמשטרה. החומרה בתיק 2 גבוהה בהרבה.

2. **תפקיד הנאשם ומעורבותו** — בתיק 1 הנאשם מעורב בצורה פסיבית יותר: אינו יורה, לא מתגרה, לא מבצע עבירות נוספות – רק מחזיק ונושא נשק ובורח. בתיק 2 הנאשם הוא יזם המעשה: מגיע לבית הקורבן במטרה לאיים, יורה באוויר, גונב טלפון, משבש ראיות – מעורבות פעילה, מכוונת וمركיבת.

3. **שיטת הביצוע (MO)** — בתיק 1: מנוסה עם זריקת הנשק. אין ירי, אין איום ישיר. בתיק 2: ירי באוויר כאמצעי איום, תכנון מראש, שימוש בנשק למטרת דרישה/איום, בריחה מאורגנת (איסוף תרמילים). שיטת הביצוע שונה מהותית – אחד הוא הסתרה של עבירה, השני הוא ביצוע של עבירה אלימה מכוונת.

4. **נסיבות הליבה** — בתיק 1: נשק תקין, 13 כדורים, מקום ציבורי, אך ללא נזק פיזי או איום ישיר. בתיק 2: ירי באזור מגורים (סיכון קולקטיבי), מספר יריות, קשר אישי, סכסוך כספי, השתלטות על רכוש, הפרת צו – נסיבות מחמירות רבות. גם הכמות וגם עומק הפגיעה בחברה ובביטחון הציבור גבוהים בהרבה בתיק 2.

5. **ישימות כתקדים** — למרות השותף המשותף של ""החזקת נשק ללא רישיון"", שני התיקים שונים במהותם. תיק 2 כולל שורה ארוכה של עבירות משלימות, מוטיב אישי, התנהגות אלימה מכוונת והשלכות חברתיות חמורות. בית משפט לא יראה בו את אותו סוג של עבירה כמו בתיק 1, ולכן לא ישתמש בו כתקדים לענישה זהה או דומה.

SIMILARITY_SCORE: 30","ok",""
"SH-20-02-52091-995","ME-17-05-35227-215",1,0,0,"{""אופן_גילוי"": ""חיפוש משטרתי יזום"", ""אופן_החזקה"": ""החזקה פיזית בבית הנאשם"", ""אכזריות_או_ניצול_נפגע_העבירה"": ""לא רלוונטי"", ""האם_החזקה_ברישיון"": ""לא"", ""האם_הייתה_תכנית_מוקדמת"": ""לא צוין"", ""האם_הנשק_בכוחו_להמית"": ""כן"", ""האם_הנשק_יורה"": ""כן"", ""האם_הנשק_מאולתר"": ""כן"", ""התגרות_של_נפגע_העבירה"": ""לא רלוונטי"", ""חלקו_היחסי_של_הנאשם"": ""בלעדי"", ""יכולת_הבנה_של_הנאשם"": ""לא צוין"", ""יכולת_שליטה_במעשה"": ""לא צוין"", ""כמות_תחמושת"": ""כ-20 קליעים"", ""מצוקה_נפשית_של_הנאשם"": ""לא צוין"", ""מקום_החזקה"": ""ארון במטבח ביתו של הנאשם בשבט אלאעצם"", ""משך_החזקה"": ""מיום 14.02.20 עד 16.02.20"", ""נזק_שהיה_צפוי"": ""פוטנציאל קטלני"", ""נזק_שנגרם"": ""לא צוין"", ""ניצול_כוח_או_מעמד"": ""לא רלוונטי"", ""סוג_הנשק"": ""תת מקלע מאולתר 9 מ\""מ"", ""סוג_העבירה"": ""החזקה לא חוקית של נשק ותחמושת"", ""סוג_התחמושת"": ""קליעי 9 מ\""מ"", ""סיבות_לביצוע_העבירה"": ""לא צוין"", ""סעיף_חוק"": ""144(א) רישא וסיפא לחוק העונשין, תשל\""ז – 1977"", ""קרבה_לסייג_לאחריות_פלילית"": ""לא צוין""}","{""אופן_הובלה"": ""בתוך תא המטען של אופנוע"", ""אכזריות_או_ניצול"": ""לא"", ""אמצעי_תחבורה"": ""אופנוע מסוג קואנג יאנג טיו"", ""האם_הייתה_רשות_להחזקה"": ""לא"", ""האם_הייתה_תכנית_מוקדמת"": ""לא צוין"", ""האם_הנשק_היה_טעון"": ""בתוך הנשק נמצאה מחסנית"", ""האם_הנשק_היה_תקין"": ""לא צוין"", ""האם_העבירה_בוצעה_במסגרת_קבוצתית"": ""לא"", ""חלקו_היחסי_של_הנאשם"": ""מבצע יחיד"", ""יכולת_הבנה_של_הנאשם"": ""לא צוין"", ""יכולת_שליטה_במעשה"": ""לא צוין"", ""מועד_העבירה"": ""7 במאי 2017 בשעת צהריים"", ""מצוקה_נפשית_של_הנאשם"": ""לא צוין"", ""נזק_צפוי"": ""פוטנציאל סיכון גבוה לציבור"", ""נזק_שנגרם"": ""לא צוין"", ""ניצול_כוח_או_מעמד"": ""לא"", ""סוג_הנשק"": ""תת-מקלע מאולתר"", ""סוג_העבירה"": ""נשיאת והובלת נשק ללא רישיון"", ""סוג_התחמושת"": ""מחסנית"", ""סיבות_לביצוע"": ""לא צוין"", ""סעיף_חוק"": ""144(ב) רישא וסיפא לחוק העונשין"", ""קרבה_לסייג_לאחריות_פלילית"": ""לא""}",65.0,"1. **סוג העבירה וחומרתה** — שני התיקים עוסקים בהחזקת נשק מאולתר מסוג תת-מקלע ללא רישיון, אך בתיק 1 מדובר בהחזקה פיזית בבית, ובתיק 2 בהובלה באופנוע. שני המקרים כרוכים בפוטנציאל סיכון גבוה, אך העבירה בתיק 2 (הובלה) נראית כבעלת ממד ציבורי גדול יותר. עם זאת, מדובר בעבירות סמוכות מאוד בהיקפן ובחומרתן, הנובעות מאותו סעיף חוק (144), אם כי בסעיפים משנה שונים (א' ו-ב').  
   
2. **תפקיד הנאשם ומעורבותו** — בכל אחד מהתיקים הנאשם הוא מבצע יחיד, ללא רמז למעורבות קבוצתית או תיאום. מעורבותו היא ישירה ובלעדית, מה שמעיד על דמיון בתפקיד.  

3. **שיטת הביצוע (MO)** — בתיק 1 הנשק נמצא בהחזקה קבועה בבית, ובתיק 2 הוא נמצא בהובלה פעמאית באופנוע. בעוד ששניהם כוללים נשק מאולתר, שיטת ההחזקה וההובלה שונה: אחת סטטית (אחסון), אחת דינמית (תנועה). אין עדות לדפוס ביצוע זהה.  

4. **נסיבות הליבה** — שני המקרים כוללים נשק מאולתר מסוג תת-מקלע 9 מ""מ, עם תחמושת (מחסנית/כ-20 קליעים), ופוטנציאל נזק קטלני. עם זאת, בתיק 2 יש נסיבת סיכון גבוהה יותר לציבור בשל ההובלה בציבור, מה שעלול להיחשב נסיבה מחמירה. משך החזקה בתיק 1 מוגדר, בעוד בתיק 2 אינו מפורט.  

5. **ישימות כתקדים** — שני התיקים רלוונטיים זה לזה לצורכי ענישה, שכן עוסקים באותו סוג נשק, חוסר רישיון, וסיכון ציבורי. עם זאת, הבדל בסוג העבירה (החזקה vs. הובלה) ובסעיף החוק עלול להגביל את מידת ההתאמה. בית משפט עשוי להתייחס אליהם כרלוונטיים, אך לא זהים.  

SIMILARITY_SCORE: 65","ok",""
"SH-16-11-19417-55","SH-16-11-7544-55",3,1,1,"{""דגם_נשק"": ""ברטה F84"", ""האם_החזקה_במקום_ציבורי"": ""לא צוין"", ""האם_החזקה_בצירוף_תחמושת"": ""כן"", ""האם_החזקה_ברכב"": ""כן"", ""האם_החזקה_ללא_רישיון"": ""כן"", ""האם_החזקה_של_חלק_מהותי_בנשק"": ""כן"", ""האם_החזקה_של_נשק_במסגרת_ארגון_פשע"": ""לא צוין"", ""האם_החזקה_של_נשק_במסגרת_עבודה"": ""לא"", ""האם_החזקה_של_נשק_במקום_מגורים"": ""לא"", ""האם_החזקה_של_נשק_בנסיבות_מחמירות"": ""לא צוין"", ""האם_החזקה_של_נשק_בצוותא"": ""לא"", ""האם_החזקה_של_נשק_בקרבת_אחרים"": ""לא צוין"", ""האם_החזקה_של_נשק_ברכב"": ""כן"", ""האם_החזקה_של_נשק_בשל_אי_חידוש_רישיון"": ""לא"", ""האם_החזקה_של_נשק_בשל_השפעת_אחר"": ""לא"", ""האם_החזקה_של_נשק_בשל_התגרות_נפגע"": ""לא"", ""האם_החזקה_של_נשק_בשל_התעללות"": ""לא"", ""האם_החזקה_של_נשק_בשל_מצוקה_נפשית"": ""לא"", ""האם_החזקה_של_נשק_גנוב"": ""לא צוין"", ""האם_החזקה_של_נשק_טעון"": ""לא צוין"", ""האם_החזקה_של_נשק_לצורך_ביצוע_עבירה_נוספת"": ""לא צוין"", ""האם_החזקה_של_נשק_לצורך_סחר"": ""לא צוין"", ""האם_החזקה_של_נשק_לצורך_שימוש_אישי"": ""לא צוין"", ""האם_החזקה_של_נשק_מאולתר"": ""לא"", ""האם_החזקה_של_נשק_מסחרי"": ""לא צוין"", ""האם_החזקה_של_נשק_מתוכננת"": ""לא צוין"", ""האם_החזקה_של_נשק_צבאי"": ""לא צוין"", ""האם_החזקה_של_נשק_תקין"": ""לא צוין"", ""האם_היה_צפוי_נזק"": ""כן, פוטנציאל מסוכן"", ""האם_הנאשם_בעל_מעמד_מיוחד"": ""לא"", ""האם_הנאשם_הבין_את_מעשיו"": ""כן"", ""האם_הנאשם_היה_בשליטה_על_מעשיו"": ""כן"", ""האם_הנאשם_ניצל_כוחו_או_מעמדו"": ""לא"", ""האם_הנאשם_פעל_באכזריות_או_אלימות"": ""לא"", ""האם_הנאשם_קטין"": ""לא צוין"", ""האם_נגרם_נזק_פיזי"": ""לא"", ""האם_נגרם_נזק_רכושי"": ""לא"", ""מועד_העבירה"": ""26.10.16"", ""מיקום_החזקה"": ""מתחת לכיסא הנהג ברכב"", ""מספר_סידורי_נשק"": ""D79906Y"", ""מספר_רכב"": ""53-321-59"", ""סוג_העבירה"": ""החזקת נשק ותחמושת שלא כדין"", ""סוג_נשק"": ""אקדח חם חצי אוטומטי"", ""סוג_רכב"": ""מרצדס"", ""סוג_תחמושת"": ""מחסנית עם כדורים"", ""סעיף_חוק"": ""144(א) רישא וסיפא לחוק העונשין"", ""קליבר"": ""9 מ\""מ קצר"", ""שעת_העבירה"": ""05:00""}","{""האם_החזקה_במקום_ציבורי"": ""כן"", ""האם_החזקה_ברכב"": ""לא"", ""האם_החזקה_ללא_רישיון"": ""כן"", ""האם_היה_ניצול_כוח_או_מעמד"": ""לא"", ""האם_היו_שותפים"": ""לא"", ""האם_היתה_אכזריות_או_ניצול"": ""לא"", ""האם_היתה_השפעה_של_אחר"": ""לא"", ""האם_היתה_התגרות_של_נפגע"": ""לא"", ""האם_היתה_התעללות_בנאשם"": ""לא"", ""האם_היתה_כוונה_לשימוש"": ""לא ידוע"", ""האם_היתה_פגיעה_בפועל"": ""לא"", ""האם_היתה_פגיעה_צפויה"": ""כן"", ""האם_היתה_תכנית_מוקדמת"": ""לא ידוע"", ""האם_הנאשם_הבין_את_מעשיו"": ""כן"", ""האם_הנאשם_היה_בשליטה_על_מעשיו"": ""כן"", ""האם_הנשק_מאולתר"": ""כן"", ""האם_הנשק_תקין"": ""לא ידוע"", ""האם_קרבה_לסייג_לאחריות_פלילית"": ""לא"", ""חלקו_של_הנאשם"": ""בלעדי"", ""כמות_תחמושת"": 10, ""מקום_ביצוע"": ""מחלף להב-שומריה, כביש 6, לכיוון צפון"", ""סוג_הנשק"": ""רובה תת מקלע מאולתר"", ""סוג_העבירה"": ""החזקת נשק שלא כדין"", ""סוג_תחמושת"": ""מחסנית עם 10 קליעים בקוטר 9 מ\""מ"", ""סעיף_חוק"": ""144(א) רישא וסיפא לחוק העונשין"", ""תאריך_ביצוע"": ""26.10.16""}",55.0,"1. **סוג העבירה וחומרתה** — שני התיקים עוסקים בהחזקת נשק ללא רישיון לפי סעיף 144(א) רישא וסיפא, מה שמצביע על עבירה דומה מבחינת הסעיף החוקי. עם זאת, תיק 1 כולל גם החזקת תחמושת וחלק מהותי, וכן נשק מסחרי (אקדח חם), בעוד תיק 2 עוסק בנשק מאולתר (רובה תת-מקלע), מה שמרמז על חומרה שונה.  
2. **תפקיד הנאשם ומעורבותו** — בשני המקרים מדובר בהחזקת נשק באופן אישי ובאופן בלעדי, ללא שותפים או ארגון פשע. מעורבותם פעילה אך לא בהקשר של סחר או יזמות פלילית מצרפית.  
3. **שיטת הביצוע (MO)** — בדפוס ההחזקה יש הבדל מהותי: בתיק 1 הנשק נמצא ברכב (מתחת לכיסא הנהג), בתנאי החבאה, בעוד בתיק 2 ההחזקה הייתה במקום ציבורי (כביש 6), מה שמעיד על חשיפה גבוהה וסיכון ציבורי ישיר.  
4. **נסיבות הליבה** — בתיק 1 יש נשק תקני עם תחמושת, אך ההחזקה ברכב פרטית. בתיק 2, למרות שמדובר בנשק מאולתר, ההחזקה במקום ציבורי עם פוטנציאל נזק גבוה מעצימה את החומרה. שניהם קרו באותו יום, אך ההקשר שונה: אחד פרטי, השני ציבורי ופומבי.  
5. **ישימות כתקדים** — למרות דמיון בסעיף החוק ובתאריך, ההבדלים בנסיבות – סוג הנשק (מסחרי מול מאולתר), מקום ההחזקה (פרטי מול ציבורי), ורמת הסיכון – מקטינים את הסבירות שיתקיימו תנאים לאותה מידה של ענישה. בית משפט ישקול אותם כרלוונטיים רק באופן כללי, אך לא כתקדים ענייני חזק.

SIMILARITY_SCORE: 55","ok",""
"ME-19-01-53615-8","SH-15-12-65958-120",1,0,0,"{""אופן_הובלת_הנשק"": ""ברכב מסוג מאזדה"", ""אכזריות_או_ניצול"": ""לא צוין"", ""האם_היה_תכנון_מוקדם"": ""לא צוין"", ""האם_הירי_בוצע_באזור_מגורים"": ""כן"", ""האם_הנאשם_השליך_את_הנשק"": ""כן, לאחר שזיהה שוטרים"", ""האם_הנאשם_נמלט_מהמקום"": ""כן, נסע מהמקום לאחר הירי"", ""האם_הנאשם_נעצר_במקום"": ""כן"", ""האם_הנשק_דרוך"": ""כן"", ""האם_הנשק_טעון"": ""כן"", ""התגרות_נפגע"": ""לא צוין"", ""חלקו_היחסי_של_הנאשם"": ""מבצע יחיד"", ""יכולת_הבנה_של_הנאשם"": ""לא צוין קושי"", ""יכולת_שליטה_במעשה"": ""לא צוין קושי"", ""מיקום_העבירה"": ""עיר לוד, אזור מגורים"", ""מספר_כדורים_שנורו"": 2, ""מצוקה_נפשית_עקב_התעללות"": ""לא צוין"", ""מרחק_הנסיעה_לאחר_הירי"": ""עשרות מטרים באותו בלוק מבנים"", ""נזק_צפוי"": ""סיכון חיי אדם באזור מגורים"", ""נזק_שנגרם"": ""לא צוין נזק קונקרטי"", ""ניצול_כוח_או_מעמד"": ""לא צוין"", ""סוג_הנשק"": ""תת מקלע מאולתר מסוג קרלו"", ""סוג_העבירה"": ""נשיאה והובלה של נשק, ירי מנשק חם באזור מגורים"", ""סיבות_לביצוע"": ""לא ידועות"", ""סעיפי_חוק"": [""144(ב) רישא לחוק העונשין"", ""340א(ב)(1) לחוק העונשין""], ""קרבה_לסייג_לאחריות_פלילית"": ""לא צוין"", ""שעת_ביצוע"": ""שעת לילה""}","{""גיל_הנאשם_בעת_העבירה"": 31, ""האם_בוצע_שימוש_בפועל"": ""לא"", ""האם_החזקה_במקום_גלוי"": ""לא, כל הנשקים הוסתרו במקומות שונים בבית"", ""האם_החזקה_במקום_מגורים"": ""כן"", ""האם_החזקה_במקום_מסתור"": ""כן, נשק קרלו הוסתר מעל ארון במטבח"", ""האם_החזקה_ללא_רישיון"": ""כן"", ""האם_החזקה_למטרת_סחר"": ""לא צוין"", ""האם_החזקה_לשימוש_עצמי"": ""לא צוין"", ""האם_החזקה_של_תחמושת_בלבד"": ""לא, החזקה של נשק ותחמושת יחד"", ""האם_היה_תכנון_מוקדם"": ""לא צוין"", ""האם_היו_שותפים"": ""לא"", ""האם_הייתה_אכזריות_או_ניצול"": ""לא"", ""האם_הייתה_השפעה_של_אחרים"": ""לא צוין"", ""האם_הייתה_התגרות_של_נפגע_העבירה"": ""לא רלוונטי"", ""האם_הייתה_התעללות_בנאשם"": ""לא צוין"", ""האם_הייתה_ניצול_לרעה_של_כוח_או_מעמד"": ""לא"", ""האם_הייתה_קרבה_לסייג_לאחריות_פלילית"": ""לא"", ""האם_הנאשם_הבין_את_מעשיו"": ""לא צוין אחרת"", ""האם_הנשק_היה_טעון"": ""כן, שני כלי נשק היו טעונים במחסנית"", ""האם_הנשק_מאולתר"": ""כן, אחד מכלי הנשק (קרלו) מאולתר"", ""האם_הנשק_תקין"": ""לא צוין"", ""האם_נגרם_נזק_פיזי"": ""לא"", ""חלקו_היחסי_של_הנאשם"": ""נאשם יחיד"", ""מיקום_הנשק"": [""אקדח זיג זאוור - בבית, טעון במחסנית"", ""נשק קרלו - מעל ארון במטבח, טעון במחסנית"", ""אקדח נוסף - בספרייה, עם שתי מחסניות (אחת ריקה, אחת עם 6 כדורים)""], ""מספר_כדורים_בסך_הכל"": 29, ""מספר_מחסניות"": 3, ""מספר_נשקים"": 3, ""מספר_עבירות"": 3, ""מקום_ביצוע"": ""בית הנאשם בטייבה"", ""סוג_העבירה"": ""החזקת נשק ותחמושת ללא רישיון"", ""סוגי_נשק"": [""אקדח זיג זאוור"", ""נשק מאולתר מסוג קרלו"", ""אקדח נוסף""], ""סוגי_תחמושת"": [""8 כדורי אקדח 9 מ\""מ"", ""15 כדורי 9 מ\""מ"", ""6 כדורי אקדח 7.65 מ\""מ""], ""סעיף_חוק"": ""סעיף 144(א) רישא וסיפא לחוק העונשין"", ""תאריך_ביצוע"": ""24.12.2015""}",40.0,"1. **סוג העבירה וחומרתה** — תיק 1 עוסק בהובלה ובשימוש בנשק חם (ירי באזור מגורים), עבירה חמורה עם סיכון מיידי לציבור. תיק 2 עוסק בהחזקת נשק ללא רישיון, ללא שימוש או ירי. החומרה בתיק 1 גבוהה בהרבה, גם עקב השימוש המעשי והסיכון הנובע ממנו.  
2. **תפקיד הנאשם ומעורבותו** — בשני התיקים הנאשם הוא מבצע יחיד, ללא שותפים. עם זאת, בתיק 1 מדובר בפעולה פעילה (ירי והימלטות), ובתיק 2 – בהחזקת נשק בבית, מעורבות פסיבית יותר.  
3. **שיטת הביצוע (MO)** — בתיק 1: ירי מנשק מאולתר, ניסיון להימלט, השלכת נשק. בתיק 2: הסתרת נשק בבית, ללא פעולה פוגעת ישירה. אין דפוס ביצוע דומה – אחד תוקפני ומיידי, השני סטטי ואגרסיבי בהקשר רחב יותר.  
4. **נסיבות הליבה** — בתיק 1: ירי בשעת לילה באזור מגורים, נשק טעון ודרוך, סיכון נפשי גבוה. בתיק 2: החזקה של מספר נשקים ותחמושת, אך ללא ירי או איום ישיר. הכמות (3 נשקים, 29 כדורים) מעידה על חומרה, אך אין שימוש או סיכון מיידי.  
5. **ישימות כתקדים** — בית משפט יבדיל בין עבירה של שימוש בנשק (תיק 1) לבין עבירה של החזקה בלבד (תיק 2). למרות הדמיון ב向社会 (נשק מאולתר מסוג קרלו, טעון), ההקשר, הסיכון וההתנהגות שונה מהותית – לכן קושי להשתמש באחד כתקדים לעניין ענישה למשנהו.

SIMILARITY_SCORE: 40","ok",""
"SH-14-02-28659-762","SH-17-10-10556-234",3,1,1,"{""אכזריות_או_אלימות"": ""לא צוין"", ""האם_החזקה_ברישיון"": ""לא"", ""הסתרה"": ""הוסתר בעליית הגג של המקלחת"", ""חלקו_היחסי_של_הנאשם"": ""ביצע את העבירה לבדו"", ""יכולת_הבנה_של_הנאשם"": ""לא צוין קושי בהבנה"", ""יכולת_שליטה_במעשה"": ""לא צוין קושי בשליטה"", ""מניע_נטען"": ""הגנה עצמית"", ""מצוקה_נפשית_עקב_התעללות"": ""לא צוין"", ""מקום_החזקה"": ""בית הנאשם בעזריה"", ""משך_החזקה"": ""כשנתיים"", ""נזק_צפוי"": ""החזקה בלתי חוקית של נשק יוצרת סיכון ממשי"", ""נזק_שנגרם"": ""לא נגרם נזק בפועל"", ""ניצול_לרעה_של_כוח_או_מעמד"": ""לא צוין"", ""סוג_הנשק"": ""נשק מאולתר מסוג קרל גוסטב"", ""סעיף_עבירה"": ""144(א) לחוק העונשין"", ""קרבה_לסייג_לאחריות_פלילית"": ""לא צוין"", ""תכנון_מוקדם"": ""החזקה ממושכת והסתרה מעידים על תכנון""}","{""אכזריות_או_ניצול"": ""לא צוין"", ""בעלות_הנשק"": ""הנשק היה בבעלותו של אחר"", ""האם_הייתה_רשות_להחזקה"": ""לא"", ""האם_הנשק_הוסתר"": ""כן, הוסתר בשקית בחצר ובכפפה מתחת למזרון בערימת זבל"", ""האם_הנשק_היה_טעון"": ""כן, מחסנית אחת הייתה טעונה"", ""האם_הנשק_היה_תקין"": ""לא צוין"", ""האם_העבירה_בוצעה_במקום_ציבורי"": ""לא, בסמוך לבית הנאשם ובחצר"", ""התגרות_נפגע"": ""לא רלוונטי"", ""חלקו_היחסי_של_הנאשם"": ""החזקה פיזית של הנשק"", ""יכולת_הבנה"": ""לא צוין קושי בהבנה"", ""יכולת_שליטה_במעשה"": ""לא צוין קושי בשליטה"", ""מיקום_הנשק"": [""שקית בחצר הסמוכה לבית הנאשם"", ""כפפה מתחת למזרון בערימת זבל במרחק כ-100 מטרים מביתו""], ""מספר_מחסניות"": 2, ""מספר_נשקים"": 1, ""מספר_קליעים"": 10, ""מצוקה_נפשית_עקב_התעללות"": ""לא צוין"", ""נזק_צפוי"": ""פוטנציאל נזק גבוה עקב החזקת נשק חם ותחמושת"", ""נזק_שנגרם"": ""לא צוין נזק בפועל"", ""ניצול_כוח_או_מעמד"": ""לא צוין"", ""סוג_הנשק"": ""אקדח"", ""סוג_העבירה"": ""החזקת נשק והחזקת אביזר נשק לתחמושת"", ""סוג_התחמושת"": ""מחסנית ובה 10 קליעים בקוטר 8 מ\""מ"", ""סיבות_לביצוע"": ""לא צוין"", ""סעיפי_חוק"": [""144(א) רישא"", ""144(א) סיפא""], ""קרבה_לסייג_לאחריות_פלילית"": ""לא צוין"", ""תכנון_מוקדם"": ""לא צוין תכנון מוקדם""}",60.0,"1. **סוג העבירה וחומרתה**: שני התיקים עוסקים בהחזקת נשק ללא רישיון לפי סעיף 144(א) לחוק העונשין – עבירה פלילית חמורה. עם זאת, סוג הנשק שונה מהותית: בתקיף הראשון מדובר בנשק מאולתר כבד (קרל גוסטב), שמיועד ללחימה, ובשני באקדח – נשק אישי. החומרה דומה, אך חומרת הפוטנציאל של נשק מאולתר עשויה להיחשב גבוהה יותר.  
2. **תפקיד הנאשם ומעורבותו**: בתיק הראשון הנאשם ביצע את העבירה לבדו, ובתיק השני החזיק פיזית בנשק שהיה בבעלותו של אחר – מעורבות ישירה אך לא בעלות. ההבדל בבעלות על הנשק עלול להשפיע על הערכת המעורבות, אך בשני המקרים מדובר בהחזקת נשק במרחב האישי או קרוב אליו.  
3. **שיטת הביצוע (MO)**: בשני המקרים יש הסתרת הנשק – אחד בעליית הגג, השני בחצר ובמזרון – מה שמעיד על מודעות לאיסוריות. עם זאת, אופן ההסתרה וביתור המקום שונה, ולא נראה דפוס זהה או MO מתקדם משותף.  
4. **נסיבות הליבה**: בתיק הראשון יש החזקה ממושכת של כשנתיים, עם רמז לתכנון; בתיק השני אין ציון למשך, אך יש החזקת תחמושת טעונה – גורם מחמיר. פוטנציאל נזק בשני המקרים גבוה, אך לא נגרם נזק בפועל.  
5. **ישימות כתקדים**: שני התיקים עוסקים בהחזקת נשק ללא רישיון, אך הבדלים בסוג הנשק, בעלות, משך והיקף ההסתרה מצמצמים את הדמיון. בית משפט עשוי להתייחס לשניהם כעבירות של החזקת נשק, אך לא בהכרח כתקדים ישיר, בשל הבדלים מהותיים בסוג הנשק והנסיבות.  

SIMILARITY_SCORE: 60","ok",""
"m07001074-98","ME-17-05-35227-215",1,0,0,"{""אופן_ההשגה"": ""מציאה בשטח אדמה"", ""האם_בוצע_חיפוש_משטרתי"": ""כן"", ""האם_הוסגר_מרצון"": ""לא"", ""האם_היה_נזק_צפוי"": ""כן, פוטנציאל מסוכן"", ""האם_היה_ניצול_מעמד_או_כוח"": ""לא"", ""האם_היה_רישיון"": ""לא"", ""האם_הייתה_אכזריות_או_ניצול"": ""לא"", ""האם_הייתה_השפעה_של_אחרים"": ""לא"", ""האם_הייתה_התגרות_או_התעללות"": ""לא"", ""האם_הייתה_כוונה_להחזיק_בנשק"": ""כן"", ""האם_הייתה_כוונה_להשתמש_בנשק"": ""לא צוין"", ""האם_הייתה_פגיעה_בפועל"": ""לא"", ""האם_הייתה_תכנית_מוקדמת"": ""לא, מדובר במציאה ספונטנית"", ""האם_הנאשם_הודה"": ""כן"", ""האם_הנאשם_ידע_שאין_לו_היתר"": ""כן"", ""האם_הנשק_נתפס"": ""כן"", ""חלקו_היחסי_של_הנאשם"": ""בלעדי"", ""מקום_ההחבאה"": ""מעל ארון בגדים בבית הנאשם"", ""מקום_המציאה"": ""שטח אדמה סמוך לכפר מגורי הנאשם"", ""משך_ההחזקה"": ""כ-4 ימים"", ""סוג_הנשק"": ""עוזי ושתי מחסניות"", ""סוג_העבירה"": ""החזקת נשק ללא רישיון"", ""סעיף_חוק"": ""144(א) רישא לחוק העונשין"", ""פעולות_שבוצעו_בנשק"": ""נשיאה, הובלה, החבאה""}","{""אופן_הובלה"": ""בתוך תא המטען של אופנוע"", ""אכזריות_או_ניצול"": ""לא"", ""אמצעי_תחבורה"": ""אופנוע מסוג קואנג יאנג טיו"", ""האם_הייתה_רשות_להחזקה"": ""לא"", ""האם_הייתה_תכנית_מוקדמת"": ""לא צוין"", ""האם_הנשק_היה_טעון"": ""בתוך הנשק נמצאה מחסנית"", ""האם_הנשק_היה_תקין"": ""לא צוין"", ""האם_העבירה_בוצעה_במסגרת_קבוצתית"": ""לא"", ""חלקו_היחסי_של_הנאשם"": ""מבצע יחיד"", ""יכולת_הבנה_של_הנאשם"": ""לא צוין"", ""יכולת_שליטה_במעשה"": ""לא צוין"", ""מועד_העבירה"": ""7 במאי 2017 בשעת צהריים"", ""מצוקה_נפשית_של_הנאשם"": ""לא צוין"", ""נזק_צפוי"": ""פוטנציאל סיכון גבוה לציבור"", ""נזק_שנגרם"": ""לא צוין"", ""ניצול_כוח_או_מעמד"": ""לא"", ""סוג_הנשק"": ""תת-מקלע מאולתר"", ""סוג_העבירה"": ""נשיאת והובלת נשק ללא רישיון"", ""סוג_התחמושת"": ""מחסנית"", ""סיבות_לביצוע"": ""לא צוין"", ""סעיף_חוק"": ""144(ב) רישא וסיפא לחוק העונשין"", ""קרבה_לסייג_לאחריות_פלילית"": ""לא""}",55.0,"1. **סוג העבירה וחומרתה** — שני התיקים עוסקים בהחזקת/הובלת נשק ללא רישיון, אולם תיק 1 עוסק בהחזקת נשק שנמצא בשטח והוחבא בבית (עוזי), בעוד תיק 2 עוסק בהובלת נשק מאולתר באופנוע. שני המקרים הם עבירות לפי סעיף 144, אך תת-הסעיפים שונים (144(א) מול 144(ב)), מה שמרמז על הבדל באופי העבירה: החזקה מול הובלה. חומרת הנשק (עוזי מול תת-מקלע מאולתר) דומה ברמת הסיכון, אך נשק מאולתר עלול להיחשב חמור יותר.  
   
2. **תפקיד הנאשם ומעורבותו** — בשני המקרים מדובר במבצע יחיד, ללא מעורבות קבוצתית או ניצול מעמד. הנאשם הוא הבעלים/המחזיק הבלעדי של הנשק, מה שמצביע על מעורבות ישירה ופעילה. הדמיון כאן גבוה.

3. **שיטת הביצוע (MO)** — בשני המקרים אין ראיות לתכנון מוקדם. עם זאת, שיטת ההסתרה שונה: החבאה בבית (מעל ארון) לאחר מציאה ספונטנית (תיק 1) לעומת הובלה פעילה באופנוע (תיק 2). בעוד שבטיק 1 מדובר במציאה שלא בהסכמה, בטיק 2 אין מידע על אופן ההשגת הנשק, אך ההובלה מכוונת. ההבדל בסוג הפעולה (הסתרה לאחר מציאה מול הובלה פעילה) מפחית את הדמיון.

4. **נסיבות הליבה** — בשני המקרים אין פגיעה בפועל, אך יש נזק פוטנציאלי גבוה. משך החזקה קצר (ימים ספורים מול יום אחד). תיק 1 כולל הודאה, מה שמקל, בעוד בתיק 2 לא צוין. הנשק בטיק 1 נתפס, וגם בטיק 2 – ככל הנראה כן (נמצא בתא המטען). עם זאת, תכנון מוקדם לא צוין בשני המקרים, אך בטיק 1 מפורש שזה לא היה מכוון.

5. **ישימות כתקדים** — שני התיקים עוסקים בהחזקת/הובלת נשק ללא רישיון, אך ההבדלים בסעיף החוק, אופן ההשגת הנשק (מציאה מול לא ידוע), וההקשר (הסתרה בבית מול הובלה צהירה באופנוע) מקטינים את הסבירות שיתקבלו כתקדים ענייני זה לזה. בית משפט עשוי להבחין בין עבירה של החזקה סטטית לאחר מציאה, לבין הובלה פעילה של נשק מאולתר – במיוחד כשמדובר בסוגים שונים של נשק ובתתי-סעיפים שונים של החוק.

SIMILARITY_SCORE: 55","ok",""
"SH-18-07-52337-770","ME-16-06-50916-362",1,0,0,"{""אכזריות_או_ניצול_הנפגע"": ""לא צוין"", ""האם_החזיק_בעבור_אחר"": ""כן"", ""זהות_האחר"": ""לא ידועה"", ""חלקו_היחסי_של_הנאשם"": ""החזיק את הנשק עבור אחר"", ""יכולת_הבנה_של_הנאשם"": ""לא צוין קושי בהבנה"", ""יכולת_שליטה_במעשה"": ""לא צוין קושי בשליטה"", ""מצוקה_נפשית_עקב_התעללות"": ""לא צוין"", ""מקום_החזקה"": ""בית הנאשם בעיר רהט, בחדרו, מוסלק מתחת למיטה"", ""משך_החזקה"": ""כעשרה ימים"", ""נזק_צפוי"": ""נשק חם מסוג תת מקלע מאולתר עלול לגרום נזק חמור"", ""נזק_שנגרם"": ""לא צוין נזק בפועל"", ""ניצול_כוח_או_מעמד"": ""לא צוין"", ""סוג_העבירה"": ""החזקת נשק חם שלא כדין"", ""סוג_נשק"": ""תת מקלע מאולתר"", ""סיבות_לביצוע"": ""החזקה עבור אחר"", ""סעיף_חוק"": ""144(א) רישא לחוק העונשין"", ""קרבה_לסייג_לאחריות_פלילית"": ""לא צוין"", ""תכנון_מוקדם"": ""לא צוין תכנון מוקדם""}","{""האם_בוצע_ירי_באזור_מגורים"": ""כן"", ""האם_בוצע_ירי_לעבר_אנשים"": ""כן"", ""האם_בוצעה_עבירת_איומים"": ""כן"", ""האם_בוצעה_עבירת_נהיגה_בזמן_פסילה"": ""כן"", ""האם_בוצעה_עבירת_נהיגה_ללא_רישיון"": ""כן"", ""האם_בוצעה_עבירת_פזיזות_ורשלנות"": ""כן"", ""האם_היה_נזק_צפוי"": ""כן, סכנה לחיי אדם או לגרימת חבלה"", ""האם_הייתה_אכזריות_או_התעללות"": ""לא צוין"", ""האם_הייתה_הובלת_נשק"": ""כן"", ""האם_הייתה_החזקה_של_נשק_ברכב"": ""כן"", ""האם_הייתה_התגרות_של_הנפגע"": ""לא צוין במפורש, אך אחד האנשים אחז באלה"", ""האם_הייתה_כניסה_לבית_עם_נשק"": ""הנשק נשאר ברכב"", ""האם_הייתה_תכנון_מוקדם"": ""לא צוין תכנון מוקדם"", ""האם_הנאשם_הבין_את_מעשיו"": ""כן"", ""האם_הנאשם_הודה_בעובדות"": ""כן"", ""האם_הנאשם_היה_במצוקה_נפשית"": ""לא צוין"", ""האם_הנאשם_היה_בשליטה_על_מעשיו"": ""כן"", ""האם_הנאשם_היה_פסול_מלנהוג"": ""כן"", ""האם_הנאשם_הכיר_את_הנפגע"": ""כן, היכרות מוקדמת עם נאסר"", ""האם_הנאשם_נהג_ללא_רישיון"": ""כן"", ""האם_הנאשם_ניצל_כוח_או_מעמד"": ""לא צוין"", ""האם_הנשק_בכוחו_להמית"": ""כן"", ""האם_הנשק_סוגל_לירות"": ""כן"", ""האם_העבירה_בוצעה_באזור_מגורים"": ""כן"", ""האם_העבירה_בוצעה_במטרה_להפחיד"": ""כן"", ""האם_העבירה_בוצעה_במטרה_לפגוע"": ""לא צוין כוונה לפגוע פיזית, אלא להפחיד"", ""האם_העבירה_בוצעה_במסגרת_ארגון_פשע"": ""לא צוין"", ""האם_העבירה_בוצעה_במסגרת_סכסוך"": ""כן"", ""האם_העבירה_בוצעה_במסגרת_עסקת_נשק"": ""לא"", ""האם_העבירה_בוצעה_במסגרת_שימוש_אישי_בנשק"": ""כן"", ""האם_העבירה_בוצעה_במסגרת_שימוש_מסחרי_בנשק"": ""לא"", ""האם_נגרם_נזק_פיזי"": ""לא צוין שנגרם נזק פיזי"", ""מניע_העבירה"": ""ויכוח/סכסוך אישי עם נאסר"", ""מספר_אנשים_שהיו_בסיכון"": ""נאסר וקבוצת אנשים (מספר לא ידוע)"", ""מספר_כדורים_שנורו"": ""לפחות שלושה בכל אירוע, מספר לא ידוע בסך הכל"", ""מקום_העבירה"": ""אזור מגורים בכפר ג'דידה-מכר"", ""סוג_הנשק"": ""קרל גוסטב"", ""עבירות"": [""נשיאת נשק ללא רישיון"", ""איומים"", ""יריות באזור מגורים"", ""מעשה פזיזות ורשלנות"", ""נהיגה בזמן פסילה"", ""נהיגה ללא רישיון נהיגה""]}",30.0,"1. **סוג העבירה וחומרתה**:  
   שני התיקים עוסקים בהחזקת או נשיאת נשק חם ללא רישיון, אך חומרתם שונה מהותית. תיק 1 עוסק בהחזקת נשק מאולתר (תת מקלע) בבית, ללא שימוש או איומים. תיק 2 כולל שימוש פעיל בנשק – יריות באזור מגורים, איומים, נהיגה פסולה ופזיזות – מה שמצביע על סיכון מיידי לקהילה ועל עבירה אלימה ומכוונת. החומרה בתיק 2 גבוהה בהרבה.

2. **תפקיד הנאשם ומעורבותו**:  
   בתיק 1, הנאשם מעורב בצורה פסיבית – הוא מחזיק את הנשק עבור אחר, ללא ידיעת זהותו, ובאופן לא פעיל. בתיק 2, הנאשם הוא המבצע הישיר של הירי, האיומים והנהגת הרכב – מעורבות פעילה, ישירה ו лично. תפקידו כמי שמשתמש בנשק למטרות הפחדה ולחצץ הוא מרכזי.

3. **שיטת הביצוע (MO)**:  
   אין דפוס ביצוע דומה. תיק 1 מתאפיין בחוסר פעולה – נשק מוסתר מתחת למיטה, ללא תכנון מוקדם או שימוש. תיק 2 כולל סדרת פעולות אגרסיביות: נהיגה מסוכנת, יריות חוזרות, איומים, השתמשות בנשק להפחיד בעת סכסוך. השיטה בתיק 2 היא דרמטית, ציבורית ומעוררת פאניקה.

4. **נסיבות הליבה**:  
   בתיק 1, אין נזק בפועל, אין נשק בשימוש, אין קשר לסכסוך או איומים. הכמות (נשק אחד), המקום (בית פרטי) והמשך (10 ימים) מצביעים על החזקה ממושכת אך לא פעילה. בתיק 2, יש שימוש חוזר בנשק, יריות באזור מגורים, סיכון למספר אנשים, והקשר לסכסוך אישי עם מטרה להפחיד – נסיבות מחמירות משמעותיות.

5. **ישימות כתקדים**:  
   בית משפט לא יראה את תיק 1 כתקדים רלוונטי לעניין ענישה בתיק 2. ההבדלים בחומרת העבירה, בסיכון שנוצר, במניע ובשימוש בנשק הם כל כך גדולים שהדמיון החוקי (החזקת נשק חם) אינו מספיק כדי ליצור מקבילות עניינית לצורך קביעת עונש. הקשר בין התיקים שטחי מדי מבחינה פלילית.

SIMILARITY_SCORE: 30","ok",""
"SH-17-11-53539-235","m07001074-98",3,1,1,"{""אביזרים_נוספים"": [""שני קליעי ספוג בקוטר 40 מ\""מ"", ""אקדח אויר"", ""אגרופן"", ""סכין קומנדו""], ""אכזריות_או_ניצול"": ""לא צוין"", ""התגרות_נפגע"": ""לא רלוונטי"", ""חלקו_היחסי_של_הנאשם"": ""בלעדי"", ""יכולת_הבנה"": ""לא צוין קושי בהבנה"", ""יכולת_שליטה"": ""לא צוין קושי בשליטה"", ""מחסנית"": ""מחסנית ריקה בתוך האקדח"", ""מצוקה_נפשית"": ""לא צוין"", ""מקום_החזקה"": ""ביתו של הנאשם בא-ראם"", ""משך_החזקה"": ""כ-5 שנים"", ""נזק_צפוי"": ""נשק ותחמושת בעלי פוטנציאל לגרימת נזק חמור"", ""נזק_שנגרם"": ""לא צוין נזק בפועל"", ""ניצול_כוח_או_מעמד"": ""לא צוין"", ""סוג_העבירה"": ""החזקת נשק, החזקת אביזר נשק ותחמושת"", ""סוגי_נשק"": [""אקדח חצי אוטומטי מסוג אסטרה בקוטר 9 מ\""מ""], ""סיבות_לביצוע"": ""לא פורטו"", ""סעיפי_חוק"": [""144(א) רישא"", ""144(א) סיפא לחוק העונשין""], ""קרבה_לסייג_אחריות"": ""לא צוין"", ""רישיון_נשק"": ""לנאשם לא היה רישיון לשאת נשק"", ""תחמושת"": ""28 כדורי אקדח בקוטר 9 מ\""מ"", ""תכנון_מוקדם"": ""החזקה ממושכת, לא צוין תכנון ספציפי"", ""תקופת_החזקה"": ""משנת 2012 ועד 15.11.2017""}","{""אופן_ההשגה"": ""מציאה בשטח אדמה"", ""האם_בוצע_חיפוש_משטרתי"": ""כן"", ""האם_הוסגר_מרצון"": ""לא"", ""האם_היה_נזק_צפוי"": ""כן, פוטנציאל מסוכן"", ""האם_היה_ניצול_מעמד_או_כוח"": ""לא"", ""האם_היה_רישיון"": ""לא"", ""האם_הייתה_אכזריות_או_ניצול"": ""לא"", ""האם_הייתה_השפעה_של_אחרים"": ""לא"", ""האם_הייתה_התגרות_או_התעללות"": ""לא"", ""האם_הייתה_כוונה_להחזיק_בנשק"": ""כן"", ""האם_הייתה_כוונה_להשתמש_בנשק"": ""לא צוין"", ""האם_הייתה_פגיעה_בפועל"": ""לא"", ""האם_הייתה_תכנית_מוקדמת"": ""לא, מדובר במציאה ספונטנית"", ""האם_הנאשם_הודה"": ""כן"", ""האם_הנאשם_ידע_שאין_לו_היתר"": ""כן"", ""האם_הנשק_נתפס"": ""כן"", ""חלקו_היחסי_של_הנאשם"": ""בלעדי"", ""מקום_ההחבאה"": ""מעל ארון בגדים בבית הנאשם"", ""מקום_המציאה"": ""שטח אדמה סמוך לכפר מגורי הנאשם"", ""משך_ההחזקה"": ""כ-4 ימים"", ""סוג_הנשק"": ""עוזי ושתי מחסניות"", ""סוג_העבירה"": ""החזקת נשק ללא רישיון"", ""סעיף_חוק"": ""144(א) רישא לחוק העונשין"", ""פעולות_שבוצעו_בנשק"": ""נשיאה, הובלה, החבאה""}",40.0,"1. **סוג העבירה וחומרתה** — שני התיקים עוסקים בהחזקת נשק ללא רישיון, בהתאם לסעיף 144(א) רישא, ובשניהם אין שימוש בפועל בנשק או פגיעה. עם זאת, תיק 1 כולל נשק אוטומטי, תחמושת, אביזרים רבים ומשך החזקה ארוך בהרבה (5 שנים), מה שמצביע על חומרה גבוהה יותר בהשוואה לתיק 2, שבו החזיקה הייתה קצרה (4 ימים) ומבוססת על מציאה.  
2. **תפקיד הנאשם ומעורבותו** — בשני המקרים הנאשם מעורב באופן בלעדי, ללא שותפים או ניצול. עם זאת, בתיק 1 יש רמז להחזקת נשק כחלק מפעילות מתמשכת (כ-5 שנים), בעוד בתיק 2 מדובר בהחזקת נשק שנמצא במקרה, ללא תכנון.  
3. **שיטת הביצוע (MO)** — בתיק 1 מדובר בהחזקת נשק ותחמושת בבית לאורך זמן, עם אביזרים נוספים (סכין, אגרופים, קליעי ספוג), מה שמעיד על ארגון ותכנון. בתיק 2 מדובר בהחזקת נשק שנמצא במקרה, הוחבא לזמן קצר, ללא אביזרים נוספים או פעילות נוספת. אין דפוס דומה בMO.  
4. **נסיבות הליבה** — ההבדלים ב circumstances משמעותיים: כמות, משך, מקור (רכישה/שימוש ממושך מול מציאה), נשק (אקדח חצי אוטומטי עם תחמושת מול עוזי), ומשך החזקה (5 שנים מול 4 ימים). גם אם שניהם ללא פגיעה בפועל, הפוטנציאל לסיכון בתיק 1 גבוה בהרבה.  
5. **ישימות כתקדים** — למרות השוני בסעיפים (תיק 1 כולל גם סיפא – החזקת אביזרים ותחמושת), וההבדלים הגדולים בסוג הנשק, משך, מקור והקשר, שני התיקים עוסקים בהחזקת נשק ללא רישיון, ועשויים להיחשב בתחום דומה. אך בשל ההבדלים החשובים בחומרה ובנסיבות, סבירות נמוכה שיתקבלו כתקדים ענייני זה לזה בהליך ענישה.

SIMILARITY_SCORE: 40","ok",""
"ME-16-11-69158-529","ME-12-03-13401-281",3,1,1,"{""אופן_הובלה"": ""בתיק בד, ברכב פרטי"", ""אופן_החזקה"": ""הוסתר באדמה, לאחר מכן הוסתר ברכב"", ""אכזריות_או_ניצול"": ""לא צוין"", ""האם_בוצעה_העבירה_בזיקה_לארגון_פשיעה"": ""לא צוין"", ""האם_בוצעה_העבירה_במהלך_סכסוך"": ""לא צוין"", ""האם_בוצעה_העבירה_למטרת_רווח"": ""לא צוין"", ""התגרות_נפגע"": ""לא צוין"", ""יכולת_הבנה_של_הנאשם"": ""לא צוין קושי"", ""יכולת_שליטה_במעשה"": ""לא צוין קושי"", ""מניע_העבירה"": ""לא צוין"", ""מספר_מחסניות"": 1, ""מספר_נשקים"": 1, ""מספר_סוגי_תחמושת"": 1, ""מצוקה_נפשית_של_הנאשם"": ""לא צוין"", ""מקום_הירי"": ""חצר בית מגורים בטייבה"", ""נזק_צפוי"": ""סיכון חיי אדם באזור מגורים"", ""נזק_שנגרם"": ""לא צוין נזק קונקרטי"", ""ניצול_כוח_או_מעמד"": ""לא צוין"", ""סוג_הירי"": ""ירי צרור כדורים כלפי מעלה"", ""סוג_הנשק"": ""תת-מקלע קרלו (קרל גוסטב)"", ""סוג_העבירה"": ""נשיאת נשק ותחמושת, ירי באזור מגורים"", ""סוג_התחמושת"": ""9 מ\""מ"", ""סעיפי_חוק"": [""144(ב) רישא וסיפא לחוק העונשין"", ""340א לחוק העונשין""], ""עיתוי_הירי"": ""אירוע משפחתי, בשעה 21:00 לערך"", ""קרבה_לסייג_לאחריות_פלילית"": ""לא צוין"", ""תכנון_מוקדם"": ""הנשק והתחמושת הוסתרו מראש והובאו לאירוע""}","{""אכזריות_או_ניצול"": ""לא צוין ניצול, אכזריות או התעללות כלפי נפגע העבירה."", ""האם_בוצע_ירי"": ""כן, בוצע ירי של 11 כדורים באזור מגורים."", ""האם_היו_אנשים_נוספים_במקום"": ""לאחר הירי, הנאשם נכנס לרכב בו שהו אנשים נוספים, אך לא צוין מעורבותם בביצוע העבירה."", ""האם_הנאשם_נעצר_בזמן_ביצוע"": ""הנאשם נעצר ברכב, זמן קצר לאחר הירי, כשברשותו האקדח, מחסניות וכדורים."", ""האם_הנשק_היה_ברשות_חוקית"": ""הנשק הוחזק ללא רישיון כדין."", ""האם_הנשק_היה_גנוב"": ""כן, האקדח נגנב בהתפרצות לבית ביישוב ציפורי ב-3.2.12."", ""זמן_העבירה"": ""ליל 25-26.2.12, סמוך לשעה 00:38."", ""חלקו_היחסי_של_הנאשם"": ""הנאשם פעל לבדו בביצוע העבירות המתוארות."", ""יכולת_הבנה"": ""לא צוין קושי בהבנה או במודעות של הנאשם למעשיו."", ""יכולת_הימנעות_ושליטה"": ""לא צוין קושי בשליטה או הימנעות; לא דווח על התגרות מצד נפגע העבירה."", ""כמות_כדורים"": ""11 כדורי אקדח נורו באזור מגורים."", ""מצוקה_נפשית_עקב_התעללות"": ""לא צוינה מצוקה נפשית או התעללות מצד נפגע העבירה."", ""מקום_העבירה"": ""רחוב שיבת ציון, חיפה, אזור מגורים."", ""נזק_צפוי"": ""ירי באקדח באזור מגורים יוצר סיכון חמור לפגיעה בנפש וברכוש."", ""נזק_שנגרם"": ""לא דווח על פגיעה פיזית או נזק קונקרטי לנפגעים כתוצאה מהירי."", ""ניצול_כוח_או_מעמד"": ""לא צוין ניצול לרעה של כוח, מעמד או יחסים."", ""סוג_הנשק"": ""אקדח גנוב מסוג CZ קליבר 9 מ\""מ."", ""סטטוס_הנשק"": ""נשק גנוב, טעון עם כדור בקנה ופטיש משוך לאחור."", ""סיבות_לביצוע"": ""לא נמסר הסבר סביר או מניע לביצוע הירי."", ""קרבה_לסייג_לאחריות_פלילית"": ""לא צוינה קרבה לסייג לאחריות פלילית."", ""תחמושת_שהוחזקה"": ""שתי מחסניות שבתוכן כדורי אקדח ו-11 כדורי אקדח 9 מ\""מ נוספים."", ""תכנון_מוקדם"": ""הנאשם החזיק ונשא אקדח גנוב, מחסניות וכדורים, וירה באזור מגורים ללא הסבר סביר, דבר המצביע על תכנון מסוים אך לא מפורטת רמת התכנון המוקדם.""}",70.0,"1. **סוג העבירה וחומרתה** — שני התיקים כוללים ירי באקדח באזור מגורים וनשיאה של נשק ותחמושת ללא רישיון. העבירות דומות בחומרתן ובסוגן, עם סיכון גבוה לפגיעה בציבור.  
2. **תפקיד הנאשם ומעורבותו** — בשני המקרים הנאשם פעל באופן עצמאי ובאופן פעיל — נשיאת נשק, הובלתו והפעלתו. אין רמז לארגון פשיעה או שותפים.  
3. **שיטת הביצוע (MO)** — בשני המקרים הירי בוצע באזור מגורים, ללא ירי על יעד ספציפי, ובלי נזק פיזי ישיר. עם זאת, בתיק 1 מדובר בהסתרת נשק מראש וירי כלפי מעלה, ובתיק 2 – נשק גנוב שנמצא ברשותו לאחר הירי, עם עדויות לירי מרובה (11 כדורים). הדפוס דומה אך לא זהה.  
4. **נסיבות הליבה** — שני המקרים מתרחשים בשעות לילה, באזורים מגורים, וכוללים סיכון צפוי לחיי אדם. בתיק 2 יש נשק גנוב, מה שמחמיר את העבירה, ובתיק 1 יש תכנון מוקדם בהסתרת הנשק. רמת התכנון והסיכון דומים, אך חוסר המניע מופיע בשניהם.  
5. **ישימות כתקדים** — שני התיקים יכולים לשמש כתקדים זה לזה בהקשר של עונשים עבור ירי באקדח באזור מגורים ללא נזק פיזי, במיוחד כשאין מניע מוכח ומדובר בסיכון ציבורי. עם זאת, הבדלים בנשק (קרלו vs. CZ), בהקשר (אירוע משפחתי vs. לילה ברחוב), ובגניבה משפיעים על הייחודיות.

SIMILARITY_SCORE: 70","ok",""
"ME-21-06-43085-219","SH-17-08-47445-166",1,0,0,"{""אכזריות_או_ניצול"": ""ירי לעבר רכוש בסביבת אנשים, סיכון חיי אדם, אך לא נגרמה פגיעה פיזית"", ""האם_היה_רישיון_לנשק"": ""לא היה רישיון"", ""האם_היה_רישיון_נהיגה"": ""לא היה רישיון נהיגה מעולם"", ""האם_הייתה_פוליסת_ביטוח"": ""לא הייתה פוליסת ביטוח בתוקף"", ""היכרות_מוקדמת_עם_הקורבן"": ""היכרות מוקדמת וקרבה משפחתית בין הנאשם למנהל"", ""חלקו_היחסי_של_הנאשם"": ""הנאשם פעל לבדו"", ""יכולת_הבנה"": ""לא צוין קושי בהבנה, הנאשם בגיר"", ""יכולת_הימנעות_ושליטה"": ""הנאשם שלט במעשיו, חזר למקום לאחר עזיבתו וביצע את הירי"", ""מניע_לעבירה"": ""ויכוח אישי בין הנאשם למנהל"", ""מספר_כדורים_שנורו"": ""מספר לא ידוע, אך נגרמו פגיעות מרובות ברכב ובקרוואן"", ""מצוקה_נפשית_עקב_התעללות"": ""לא צוינה"", ""מקום_ביצוע_העבירה"": ""בית הספר הטכנולוגי בערוער"", ""נוכחות_אנשים_בזמן_העבירה"": ""בקרוואן שהו שלושה אנשים, בחצר בית הספר נכחו אנשים נוספים"", ""נזק_צפוי"": ""ירי לעבר רכב חונה בסביבת אנשים, סיכון ממשי לפגיעה בגוף וברכוש"", ""נזק_שנגרם"": ""פגיעות מרובות ברכב המנהל, פגיעה בארון בתוך קרוואן בו שהו אנשים, ללא פגיעות בגוף"", ""ניצול_כוח_או_מעמד"": ""לא צוינה"", ""סוג_הנשק"": ""נשק חם, אקדח בקוטר 9 מ\""מ"", ""סיבות_לביצוע_העבירה"": ""ויכוח בין הנאשם למנהל בית הספר, כעס רגעי"", ""סעיפי_חוק"": [""144(א)"", ""144(ב)"", ""340א'(ב)(1)"", ""452"", ""413ה'"", ""10(א) פקודת התעבורה"", ""2(א) ו-2(ב) פקודת ביטוח רכב מנועי""], ""עבירות"": [""החזקה ונשיאת נשק ותחמושת"", ""ירי מנשק חם"", ""היזק בזדון"", ""חבלה במזיד"", ""נהיגה ללא רישיון נהיגה"", ""נהיגה ללא פוליסת ביטוח בתוקף""], ""קרבה_לסייג_לאחריות_פלילית"": ""לא צוינה"", ""תכנון_מוקדם"": ""הנאשם עזב את המקום לאחר ויכוח עם המנהל, חזר לאחר כשעה כשהוא נושא נשק, דבר המצביע על תכנון מסוים""}","{""האם_החזקה_בלא_רשיון"": ""כן"", ""האם_היו_מעורבים_נוספים"": ""לא"", ""האם_היתה_אכזריות_או_ניצול_במעשה"": ""לא"", ""האם_היתה_השפעה_של_אחרים"": ""לא"", ""האם_היתה_התגרות_של_נפגע"": ""לא"", ""האם_היתה_התעללות_בנאשם"": ""לא"", ""האם_היתה_כוונה_לעשות_שימוש"": ""לא צוין"", ""האם_היתה_ניצול_כח_או_מעמד"": ""לא"", ""האם_היתה_פגיעה_בפועל"": ""לא"", ""האם_היתה_פגיעה_צפויה"": ""כן"", ""האם_היתה_תכנית_מוקדמת"": ""לא צוין"", ""האם_הנאשם_הבין_את_מעשיו"": ""לא צוין"", ""האם_הנאשם_היה_בשליטה_על_מעשיו"": ""לא צוין"", ""האם_הנאשם_קרוב_לסייג_לאחריות_פלילית"": ""לא"", ""האם_הנשק_היה_בשימוש"": ""לא צוין"", ""האם_הנשק_היה_מוסתר"": ""כן"", ""האם_הנשק_היה_תקין"": ""לא צוין"", ""חלקו_של_הנאשם"": ""בלעדי"", ""מספר_נשקים"": ""2"", ""מקום_ביצוע"": ""ביתו של הנאשם בפזורה סביב הישוב כסיפה"", ""סוג_הנשק"": ""אקדח חצי אוטומטי מסוג FN וחפץ דמוי תת מקלע מאולתר"", ""סוג_העבירה"": ""אחזקת נשק שלא כדין"", ""סעיף_חוק"": ""144(א) רישא לחוק העונשין"", ""תאריך_ביצוע"": ""09.08.2018""}",25.0,"1. **סוג העבירה וחומרתה**:  
   בתיק 1 מדובר בעבירה אלימה הכוללת ירי מנשק חם לעבר רכב בהיותו בסביבה צפופה של אנשים, סיכון גבוה לפגיעה באנשים, לצד עבירות נשק, נהיגה ללא רישיון וביטוח. העבירה חמורה וכוללת אלימות פוטנציאלית מכוונת. בתיק 2 מדובר באחזקת נשק ללא רישיון בלבד, ללא ירי, ללא סיכון מיידי לציבור, וללא הקשר אלים או ויכוח. החומרה נמוכה בהשוואה, והעבירה מוגבלת להחזקת נשק.  
   → חוסר התאמה בדרגת החומרה והסיכון.

2. **תפקיד הנאשם ומעורבותו**:  
   בשני התיקים הנאשם פעל באופן עצמאי, ללא שותפים. עם זאת, בתיק 1 מדובר בפעולה פעילה ו攻势 – ירי, תכנון חוזר, מעורבות ישירה בסיכון. בתיק 2 מדובר בהחזקת נשק בבית – מעורבות פסיבית, ללא פעולה אלימה או ירי.  
   → דמיון מוגבל: שניהם בודדים, אך אופי ההשתתפות שונה מהותית.

3. **שיטת הביצוע (MO)**:  
   בתיק 1: ירי מינן חם לאחר ויכוח, חזרה למקום עם נשק, פעולה מכוונת וסיכון מוחשי. בתיק 2: אחזקת נשק בבית, ללא ירי, ללא הקשר אלים, ללא קשר בין האירועים. אין דפוס דומה – אחד עוסק בשימוש בנשק בסכסוך, השני בהחזקתו בלבד.  
   → אין דמיון בדפוס ביצוע.

4. **נסיבות הליבה**:  
   בתיק 1: סכסוך אישי, ירי לעבר רכב עם אנשים, סיכון לפגיעה גופנית, תכנון, נשק בשימוש. בתיק 2: אחזקת שני אapons בבית, ללא הקשר אלים, ללא סיכון מיידי, ללא קשר בין הנשק לבין אירוע אלים. הכמויות אינן רלוונטיות באותה מידה, אך העדר סיכון לציבור והיעדר הקשר אלים מהווים הבדל מהותי.  
   → הבדל מהותי בסיבת העבירה, סיכון, תכנון ותוצאות.

5. **ישימות כתקדים**:  
   בית משפט לא יראה את תיק 2 כתקדים רלוונטי לעניין ענישה בתיק 1, שכן מדובר בשתי עבירות שונות באופיין: אחת אלימה, מכוונת, בסיכון גבוה; השנייה – אדמיניסטרטיבית-פלילית, ללא אלימות או ירי. גם אם שניהם כוללים סעיף 144(א), ההקשר שונה לגמרי.  
   → לא רלוונטי כתקדים ענייני.

SIMILARITY_SCORE: 25","ok",""
"ME-16-05-19384-544","m08000207-175",1,0,0,"{""אזרחיות_הנאשם"": ""ישראלי"", ""אכזריות_או_ניצול_במעשה"": ""לא צוין"", ""האם_הייתה_התגרות_של_נפגע_העבירה"": ""לא"", ""האם_הנאשם_החזיק_נשק_ללא_רישיון"": ""כן"", ""האם_הנאשם_פעל_במסגרת_ארגון_פשיעה"": ""לא צוין"", ""האם_הנאשם_פעל_עם_אחרים"": ""כן, רכש ומכר נשק לאחרים"", ""האם_הנשק_הוסתר_או_הוחבא"": ""כן, הוסתר בשכונה סמוכה למקום מגוריו"", ""האם_הנשק_שימש_לביצוע_פיגוע"": ""כן"", ""האם_העבירה_בוצעה_ביותר_מנשק_אחד"": ""כן"", ""האם_העבירה_בוצעה_בתקופה_ממושכת"": ""כן, מספר חודשים"", ""חלקו_היחסי_של_הנאשם"": ""מרכזי, יזם, רכש, החזיק, סחר ומסר נשק"", ""יכולת_הבנה_של_הנאשם"": ""מלאה"", ""יכולת_שליטה_במעשה"": ""מלאה"", ""מספר_נשקים_שנסחרו"": 3, ""מספר_עבירות_סחר_בנשק"": 2, ""מספר_עבירות_רכישת_נשק"": 2, ""מספר_תחמושת_שנסחרה"": 10, ""נזק_צפוי"": ""פוטנציאל לפגיעה חמורה בחיי אדם"", ""נזק_שנגרם"": ""הנשק שנסחר שימש בפועל לפיגוע ירי"", ""ניצול_כוח_או_מעמד"": ""לא צוין"", ""סוגי_נשק"": [""רובה תבור"", ""קרל גוסטב"", ""תחמושת""], ""סיבות_לביצוע_העבירה"": ""רווח כספי, מניע אידיאולוגי (ירי על כוחות הביטחון)"", ""סעיפי_חוק"": [""144(ב)"", ""333 בצירוף 25"", ""144(א)"", ""144(ב2)""], ""עבירות_שהורשע_בהן"": [""נשיאת נשק"", ""ניסיון לחבלה חמורה"", ""רכישת נשק"", ""סחר בנשק""], ""פירוט_שימוש_נשק_בפיגוע"": ""הנשק שמכר הנאשם שימש את הקונה לביצוע פיגוע ירי בירושלים"", ""שווי_העסקאות"": ""לפחות 11,500 ש\""ח"", ""תכנון_מוקדם"": ""הנאשם תכנן לירות על כוחות הביטחון בעקבות התפרעויות""}","{""אופן_הביצוע"": ""נשיאת נשק בעת נהיגה ברכב"", ""האם_הייתה_אכזריות_או_ניצול"": ""לא"", ""האם_הייתה_השפעה_של_אחרים"": ""לא צוין"", ""האם_הייתה_התגרות_של_נפגע"": ""לא"", ""האם_הייתה_ניצול_מעמד"": ""לא"", ""האם_הייתה_תכנית_מוקדמת"": ""לא צוין"", ""האם_הנאשם_הבין_את_מעשיו"": ""כן"", ""האם_הנאשם_היה_במצוקה_נפשית"": ""לא צוין"", ""האם_הנאשם_היה_בשליטה"": ""כן"", ""האם_הנשק_היה_ברשות_הנאשם"": ""כן"", ""האם_הנשק_היה_טעון"": ""כן"", ""האם_העבירה_בוצעה_בזיקה_לארגון_פשיעה"": ""לא"", ""האם_העבירה_בוצעה_ביחידות"": ""לא"", ""האם_העבירה_בוצעה_לשם_רווח"": ""לא צוין"", ""כמות_כדורים_במחסנית_ראשונה"": 15, ""כמות_כדורים_במחסנית_שניה"": 10, ""מטרת_החזקת_הסם"": ""שימוש עצמי"", ""מיקום_האירוע"": ""סמוך לצומת הערבה"", ""מספר_מחסניות"": 2, ""משקל_הסם_גרם"": 1.36, ""נזק_שהיה_צפוי"": ""פוטנציאל לסיכון חיי אדם עקב נשיאת נשק"", ""נזק_שנגרם"": ""לא צוין"", ""סוג_הנשק"": ""אקדח בקוטר 0.9 מ\""מ"", ""סוג_הסם"": ""חשיש"", ""סוג_העבירה"": ""נשיאת נשק והחזקת סם לצריכה עצמית"", ""סעיפי_אישום"": [""144(ב) לחוק העונשין"", ""7(א)+(ג) סיפא לפקודת הסמים המסוכנים""], ""קרבה_לסייג_לאחריות_פלילית"": ""לא"", ""שעת_האירוע"": ""00:55"", ""תאריך_האירוע"": ""12.7.08""}",20.0,"1. **סוג העבירה וחומרתה** — תיק 1 עוסק בסחר ורכישת נשק בהיקף רחב, עם קשר ישיר לפיגוע ירי, תכנון אידיאולוגי ופגיעה ממשית. תיק 2 עוסק בנשיאה פרטית של נשק והחזקת סם לצריכה עצמית, ללא קשר לעבירה אלימה או ארגונית. החומרה בפועל ובתכנון שונה קיצונית.

2. **תפקיד הנאשם ומעורבותו** — בתיק 1 הנאשם הוא יזם מרכזי: רכש, סחר, מסר נשק ושימש כמקור לרועשים אחרים. בתיק 2 הנאשם מעורב באופן פסיבי-פרטי: נשיאה של נשק ואיסוף סם לצריכה. אין עבירה עסקתית או ארגונית.

3. **שיטת הביצוע (MO)** — בתיק 1 יש תכנון ממושך, הסתרת נשק, פעילות שוטפת במספר חודשים, קשר בין רכישה לסחר. בתיק 2 מדובר באירוע יחיד, נשיאה רגעית, ללא עדויות להסתרה או תכנון. אין דפוס פעולה דומה.

4. **נסיבות הליבה** — בתיק 1: מספר נשקים, שימוש בפועל בפיגוע, נזק אמיתי, תכנון אידיאולוגי, רווח. בתיק 2: נשק אחד טעון, אך ללא שימוש אלים, סם בכמות צנועה לצריכה, נזק פוטנציאלי בלבד. הנסיבות שונות מהותית מבחינת סיכון, תרחיש שימוש ונזק.

5. **ישימות כתקדים** — בית משפט לא יראה את התיקים כרלוונטיים זה לזה. תיק 1 מתייחס לעבירה בטחונית חמורה עם השלכות מציאותיות; תיק 2 הוא עבירת ""נשיאה"" וצריכת סמים, ללא רקע אלים או ארגוני. אין בסיס לטענה ששיקוליה של העונשין בתיק 1 יכולים לסייע בבירור על תיק 2.

SIMILARITY_SCORE: 20","ok",""
"SH-11-05-24791-315","ME-16-02-59812-881",1,0,0,"{""אכזריות_או_ניצול_נפגע"": ""לא"", ""האם_בוצע_תכנון_מוקדם"": ""לא צוין"", ""האם_החזקה_ברישיון"": ""לא"", ""האם_הייתה_עסקה_מסחרית"": ""לא"", ""האם_הנשק_היה_תקין"": ""לא צוין"", ""חלקו_היחסי_של_הנאשם"": ""בלעדי"", ""יכולת_הבנה_של_הנאשם"": ""לא צוין"", ""יכולת_שליטה_במעשה"": ""לא צוין"", ""מועד_העבירה"": ""19/07/09 בשעה 21:00 לערך"", ""מספר_נאשמים"": 1, ""מצוקה_נפשית_או_התגרות"": ""לא צוין"", ""מקום_החזקה"": ""בית הנאשמת בכפר עין-נקובא"", ""נזק_שהיה_צפוי"": ""פוטנציאל מסוכן מהחזקת נשק חם"", ""נזק_שנגרם"": ""לא צוין"", ""ניצול_כוח_או_מעמד"": ""לא"", ""סוג_האביזר"": ""שתי מחסניות תואמות"", ""סוג_הנשק"": ""אקדח חצי אוטומטי FN"", ""סוג_העבירה"": ""החזקת נשק ואביזר לנשק ללא רישיון"", ""סיבות_לביצוע_העבירה"": ""לא צוין"", ""סעיפי_חוק"": [""144(א) רישא"", ""144(א) סיפא""], ""קרבה_לסייג_לאחריות_פלילית"": ""לא""}","{""האם_הייתה_החלטה_מוקדמת_למכור"": ""החלטה התקבלה בעקבות תסמיני גמילה"", ""האם_הייתה_הצעה_קודמת_למכור_את_הנשק"": ""כן, מספר פעמים בעבר אך הנאשמת סירבה"", ""האם_הייתה_השפעה_של_אחר_על_הנאשמת"": ""מחמוד הציע בעבר לרכוש את האקדח"", ""האם_הייתה_כוונה_להתחמק_מעונש"": ""כן, באמצעות מסירת ידיעה כוזבת"", ""האם_הייתה_פגיעה_באמון_הציבור"": ""כן, בשל תפקידה כמאבטחת בבית ספר"", ""האם_הייתה_פגיעה_בביטחון_הציבור"": ""פוטנציאלית, העברת נשק לא חוקית"", ""האם_הייתה_פנייה_למשטרה"": ""כן, על ידי המעביד בעקבות הדיווח הכוזב"", ""האם_הייתה_שליטה_על_המעשה"": ""כן, הנאשמת יזמה את המכירה"", ""האם_הייתה_תחבולה_או_הסתרה"": ""כן, סיפור שוד כוזב ודיווח שקרי"", ""האם_הייתה_תחבולה_או_שיבוש_לאחר_העבירה"": ""כן, הנאשמת בדתה סיפור שוד ומסרה ידיעה כוזבת למשטרה"", ""האם_הייתה_תלות_בסמים"": ""כן, צריכה עצמית ותסמיני גמילה"", ""האם_הנאשמת_הודתה_במעשים"": ""כן, בהמשך החקירה"", ""האם_הנשק_היה_ברישיון"": ""כן, במסגרת עבודתה כמאבטחת"", ""האם_העבירה_בוצעה_בתמורה_לסמים"": ""כן, חלק מהתמורה היה סם הרואין"", ""מניע_לביצוע_העבירה"": ""צורך בכסף לרכישת סמים עקב תסמיני גמילה"", ""מספר_כדורים"": 20, ""מספר_מחסניות"": 1, ""מקום_ביצוע_העבירה"": ""סמוך למקום מגוריו של מחמוד"", ""סוג_הנשק"": ""אקדח 9 מ\""מ מסוג תארוס"", ""סוג_העבירה_העיקרית"": ""סחר בנשק"", ""סעיף_חוק_עיקרי"": ""144(ב2)"", ""סעיפי_חוק_נוספים"": [""243 סיפא"", ""244""], ""עבירות_נוספות"": [""מסירת ידיעה כוזבת על עבירת פשע"", ""שיבוש הליכי משפט""], ""קשר_קודם_בין_הצדדים"": ""רכישת סמים קודמת ממחמוד"", ""תמורה_עבור_הנשק"": ""8,000 ש\""ח במזומן וארבע חבילות הרואין"", ""תקופת_ביצוע_העבירה"": ""פברואר 2016""}",20.0,"1. **סוג העבירה וחומרתה**:  
התיק הראשון עוסק בהחזקת נשק ואביזר ללא רישיון – עבירה פסיבית יחסית, ברמה קלטת של חומרה. התיק השני עוסק בסחר בנשק, עבירה חמורה בהרבה, הכוללת יזמה, תכנון, ומעורבות פעילה במעגל נשק לא חוקי, ובכך מתקשרת גם לפגיעה באמון ובביטחון הציבור. החומרה בפועל ובתקדים גבוהה בהרבה.

2. **תפקיד הנאשם ומעורבותו**:  
בתיק הראשון – החזקה בלעדית, אך ללא ראיות לפעילות או יזמה. בתיק השני – הנאשמת יזמה את המכירה, השתמשה בתחבולה, והייתה פעילה ב осуществה העבירה. בנוסף, מעמדה כמאבטחת מעצים את האחריות. מדובר בהבדל מהותי ברמת המעורבות.

3. **שיטת הביצוע (MO)**:  
בתיק הראשון – אין מידע על שיטת ביצוע, אך מדובר בחזקה סטטית בבית. בתיק השני – יש תחבולה, שיבוש הליכים, ידיעה כוזבת, ומכירה בתמורה לסמים וכסף. שיטת הביצוע מורכבת, מכוונת וכוללת הצלבה של עבירות.

4. **נסיבות הליבה**:  
בתיק הראשון – נשק לא תקין (לא צוין), מחסניות בלבד, ללא נשק פעיל ביד, ללא ראיות לכוונה למכירה או שימוש. בתיק השני – נשק תקין, כדור תחוג, מכירה מכוונת, תמורה כספית וסמים, תכנון, תלות סמים, ופגיעה בביטחון הציבור. ההבדלים בהיקף, כוונה ותוצאות פוטנציאליות הם דרמטיים.

5. **ישימות כתקדים**:  
בית משפט לא יראה בתיק הראשון תקדים רלוונטי לעניין עונש בתיק השני. השני כולל סחר, יזמה, שיבוש הליכים, ופגיעה מקצועית-מוסרית – כל אלה חסרים בתיק הראשון. ההשוואה בין החזקה פסיבית ללא רישיון לבין סחר בנשק עם שיבוש הליכים אינה עמידה מבחינה תקדימית.

SIMILARITY_SCORE: 20","ok",""
"ME-16-01-31498-921","ME-16-10-9348-780",1,0,0,"{""אופן_הובלה"": ""בתיק גב באוטובוס"", ""אכזריות_או_אלימות_כלפי_נפגע"": ""לא צוין"", ""אמצעי_גנוב"": ""ארבעה רימוני יד/מדוכה מספר 400 ושלושה רימוני יד הלם סינוור M7290"", ""דרך_הוצאה_מהבסיס"": ""החביא בתיק גב ויצא מהבסיס"", ""האם_בוצע_במסגרת_שירות_צבאי"": ""כן"", ""האם_הייתה_השפעה_של_אחר"": ""לא צוין"", ""האם_הייתה_התגרות_של_נפגע"": ""לא"", ""האם_הייתה_התעללות_בנאשם"": ""לא"", ""האם_הייתה_קרבה_לסייג_לאחריות_פלילית"": ""לא"", ""האם_העבירה_בוצעה_בזיקה_לארגון_פשיעה"": ""לא"", ""האם_העבירה_בוצעה_לגבי_יותר_מנשק_אחד"": ""כן"", ""האם_העבירה_בוצעה_לשם_רווח_כלכלי"": ""כן"", ""יכולת_הבנה_של_הנאשם"": ""לא צוין קושי בהבנה"", ""יכולת_שליטה_במעשה"": ""לא צוין קושי בשליטה"", ""יעד_הובלה"": ""ביתו באשדוד"", ""כוונה_פלילית"": ""גנב מתוך כוונה למכור לשם רווח כספי"", ""כמות_נשק"": ""שבעה רימונים"", ""מועד_ביצוע_העבירה"": ""06.01.16 בשעות הערב"", ""מקום_ביצוע_העבירה"": ""בסיס צה\""ל נווה יאיר"", ""נזק_צפוי"": ""הרימונים בכוחם להזיק לאדם בעת פעולתם"", ""נזק_שנגרם"": ""לא נגרם נזק בפועל"", ""ניצול_מעמד_או_כוח"": ""ניצול מעמד כחייל לוחם לצורך גניבת נשק"", ""סוג_הנשק"": ""רימוני יד צה\""ליים בכוחם להזיק לאדם"", ""סוג_העבירה"": ""גניבה ונשיאה והובלת נשק"", ""סטטוס_הנאשם"": ""חייל בשירות סדיר"", ""סיבת_ביצוע_העבירה"": ""רווח כספי"", ""תכנון_מוקדם"": ""הייתה כוונה מוקדמת למכור את הרימונים"", ""תפקיד_הנאשם"": ""לוחם בגדוד נצח יהודה""}","{""אופן_ההובלה"": ""הנשק והתחמושת הונחו ברכב אחותו של הנאשם"", ""אופן_ההשגה"": ""נטילה מהאב בעקבות ויכוח"", ""גיל_הנאשם"": ""לא צוין"", ""האם_בוצע_תכנון_מוקדם"": ""לא צוין תכנון מוקדם, אך נטל את הנשק לאחר ויכוח"", ""האם_בוצעה_העברה_לאחר"": ""כן, מסר את הנשק והתחמושת לקטין"", ""האם_היה_נזק_רכושי"": ""כן, נטל כסף ושיק מאביו"", ""האם_היה_שותף_נוסף"": ""כן, מוחמד יונס הצטרף לנסיעה"", ""האם_הייתה_אכזריות_או_התעללות"": ""לא"", ""האם_הייתה_אלימות_נוספת"": ""לא צוין"", ""האם_הייתה_התגרות_של_הנפגע"": ""ויכוח עם האב"", ""האם_הייתה_מסירת_נשק_לזולת"": ""כן"", ""האם_הייתה_ניצול_מעמד_או_כוח"": ""לא"", ""האם_הייתה_נסיעה_עם_הנשק"": ""כן, נסע עם הנשק והתחמושת ברכב"", ""האם_הייתה_קרבה_לסייג_לאחריות_פלילית"": ""לא"", ""האם_הנאשם_הבין_את_מעשיו"": ""לא צוין מגבלה"", ""האם_הנאשם_הורשע_בעבירות_נשק_בעבר"": ""לא צוין"", ""האם_הנאשם_החזיק_ברישיון"": ""לא"", ""האם_הנאשם_היה_בשליטה_על_מעשיו"": ""כן"", ""האם_הנשק_הוחזק_ברישיון"": ""כן, על ידי האב"", ""האם_הנשק_היה_תקין"": ""לא צוין"", ""האם_העבירה_בוצעה_בזיקה_לארגון_פשיעה"": ""לא"", ""האם_העבירה_בוצעה_ליותר_מנשק_אחד"": ""לא"", ""האם_נגרם_נזק_פיזי"": ""לא"", ""כמות_תחמושת"": 75, ""למי_הועבר_הנשק"": ""קטין, פ. י., תושב ערערה"", ""מניע_לביצוע"": ""ויכוח עם האב"", ""מקום_ההשגה"": ""חדר השינה של ההורים, ארון בגדים"", ""מקום_התחמושת"": ""מחסן הבית, מדף"", ""סוג_הנשק"": ""רובה צייד"", ""סוג_העבירה"": ""נשיאת נשק ותחמושת ללא רישיון"", ""סוג_התחמושת"": ""כדורי צייד קליבר 12 מ\""מ"", ""סכום_כסף_שנלקח"": 3500, ""סכום_שיק_שנלקח"": 500, ""סעיפי_חוק"": [""144(ב) רישא"", ""144(ב) סיפא לחוק העונשין""]}",30.0,"1. **סוג העבירה וחומרתה** — שני התיקים כוללים עבירות של נשיאת נשק ללא רישיון, אך בתיק 1 מדובר בגניבה של נשק צבאי (רימוני יד) מבסיס צבאי, בהקשר של רווח כספי, ובהתנהלות שכוללת גם הובלה של מספר נשקים. בתיק 2 מדובר בנטילה של רובה צייד מהבית לאחר ויכוח עם האב, ללא כוונה למכירה. חומרת העבירה בתיק 1 גבוהה יותר עקב אופי הנשק, המקור (בסיס צבאי), והכוונה למסירה לצד שלישי לשם רווח.  
   
2. **תפקיד הנאשם ומעורבותו** — בתיק 1 הנאשם הוא חייל בשירות סדיר שניצל את מעמדו לגניבת נשק צבאי — מעורבות פעילה, מכוונת ומאורגנת. בתיק 2 הנאשם הוא בן משפחה שנטל נשק מהבית במהלך ויכוח — מעורבות אימפולסיבית, ללא ניצול של מעמד מקצועי או צבאי. ההבדל בתפקיד ובמעורבות מהותי.

3. **שיטת הביצוע (MO)** — בתיק 1 יש תכנון מוקדם, הסתרת הנשק בתיק גב, הוצאה מבסיס צבאי והובלה ליעד אזרחי. בתיק 2 הפעולה נעשתה בעקבות ויכוח, ללא תכנון מוקדם, והנשק הונח ברכב של קרובה. אין דפוס MO דומה — האחת עבירה מבוזמנת ומאורגנת, השנייה אימפולסיבית ו情境ית.

4. **נסיבות הליבה** — בתיק 1: כמות נשק גדולה (7 רימונים), נשק צבאי מסוכן, כוונה למכירה, תכנון, ניצול מעמד צבאי. בתיק 2: נשק יחיד (רובה צייד), נטילה מהבית, מסירה לקטין, אך ללא רווח כספי או קשר לארגון פשיעה. אין דמיון בנסיבות הליבה — ההקשר, הסיכון, והסיכון הציבורי שונים בדרגה.

5. **ישימות כתקדים** —鉴于 ההבדלים הגדולים בסוג הנשק, המקור, המניע, רמת התכנון, ניצול מעמד והקשר לרווח, קשה לראות בשני התיקים כבעלי עניין משותף לצורכי ענישה. בית משפט לא יראה בתיק 2 תקדים רלוונטי לעניין עונש בתיק 1, או להפך.

SIMILARITY_SCORE: 30","ok",""
"ME-09-11-7566-913","ME-16-06-50916-362",1,0,0,"{""אופן_החזקה"": ""החזקה, נשיאה והובלה"", ""אכזריות_או_ניצול"": ""לא צוין"", ""האם_הייתה_כוונה_להשתמש_בנשק"": ""לא צוין"", ""האם_הייתה_תחמושת"": ""לא צוין"", ""האם_הייתה_תכנית_מוקדמת"": ""לא צוין"", ""האם_הנשק_היה_ברשות_חוקית"": ""לא"", ""האם_הנשק_היה_תקין"": ""לא צוין"", ""האם_העבירה_בוצעה_בציבור"": ""לא צוין"", ""האם_העבירה_בוצעה_ברכב"": ""כן"", ""התגרות_מצד_נפגע"": ""לא רלוונטי"", ""חלקו_היחסי_של_הנאשם"": ""בלעדי"", ""יכולת_הבנה_של_הנאשם"": ""לא צוין"", ""יכולת_שליטה_במעשה"": ""לא צוין"", ""מועד_ביצוע"": ""05.11.09 בסמוך לשעה 17:00"", ""מותג_הנשק"": ""webiey"", ""מיקום_הנשק"": ""מתחת לריפוד במושב שליד הנהג ברכב"", ""מצוקה_נפשית_של_הנאשם"": ""לא צוין"", ""מקום_ביצוע"": ""רכבו של הנאשם"", ""נזק_שהיה_צפוי"": ""פוטנציאל לנזק חמור עקב החזקת נשק חם"", ""נזק_שנגרם"": ""לא צוין"", ""ניצול_כוח_או_מעמד"": ""לא צוין"", ""סוג_הנשק"": ""אקדח תופי"", ""סיבות_לביצוע_העבירה"": ""לא צוין"", ""סעיפי_אישום"": [""144(א) רישא"", ""144(ב) רישא"", ""144(ג)""], ""קרבה_לסייג_לאחריות_פלילית"": ""לא צוין""}","{""האם_בוצע_ירי_באזור_מגורים"": ""כן"", ""האם_בוצע_ירי_לעבר_אנשים"": ""כן"", ""האם_בוצעה_עבירת_איומים"": ""כן"", ""האם_בוצעה_עבירת_נהיגה_בזמן_פסילה"": ""כן"", ""האם_בוצעה_עבירת_נהיגה_ללא_רישיון"": ""כן"", ""האם_בוצעה_עבירת_פזיזות_ורשלנות"": ""כן"", ""האם_היה_נזק_צפוי"": ""כן, סכנה לחיי אדם או לגרימת חבלה"", ""האם_הייתה_אכזריות_או_התעללות"": ""לא צוין"", ""האם_הייתה_הובלת_נשק"": ""כן"", ""האם_הייתה_החזקה_של_נשק_ברכב"": ""כן"", ""האם_הייתה_התגרות_של_הנפגע"": ""לא צוין במפורש, אך אחד האנשים אחז באלה"", ""האם_הייתה_כניסה_לבית_עם_נשק"": ""הנשק נשאר ברכב"", ""האם_הייתה_תכנון_מוקדם"": ""לא צוין תכנון מוקדם"", ""האם_הנאשם_הבין_את_מעשיו"": ""כן"", ""האם_הנאשם_הודה_בעובדות"": ""כן"", ""האם_הנאשם_היה_במצוקה_נפשית"": ""לא צוין"", ""האם_הנאשם_היה_בשליטה_על_מעשיו"": ""כן"", ""האם_הנאשם_היה_פסול_מלנהוג"": ""כן"", ""האם_הנאשם_הכיר_את_הנפגע"": ""כן, היכרות מוקדמת עם נאסר"", ""האם_הנאשם_נהג_ללא_רישיון"": ""כן"", ""האם_הנאשם_ניצל_כוח_או_מעמד"": ""לא צוין"", ""האם_הנשק_בכוחו_להמית"": ""כן"", ""האם_הנשק_סוגל_לירות"": ""כן"", ""האם_העבירה_בוצעה_באזור_מגורים"": ""כן"", ""האם_העבירה_בוצעה_במטרה_להפחיד"": ""כן"", ""האם_העבירה_בוצעה_במטרה_לפגוע"": ""לא צוין כוונה לפגוע פיזית, אלא להפחיד"", ""האם_העבירה_בוצעה_במסגרת_ארגון_פשע"": ""לא צוין"", ""האם_העבירה_בוצעה_במסגרת_סכסוך"": ""כן"", ""האם_העבירה_בוצעה_במסגרת_עסקת_נשק"": ""לא"", ""האם_העבירה_בוצעה_במסגרת_שימוש_אישי_בנשק"": ""כן"", ""האם_העבירה_בוצעה_במסגרת_שימוש_מסחרי_בנשק"": ""לא"", ""האם_נגרם_נזק_פיזי"": ""לא צוין שנגרם נזק פיזי"", ""מניע_העבירה"": ""ויכוח/סכסוך אישי עם נאסר"", ""מספר_אנשים_שהיו_בסיכון"": ""נאסר וקבוצת אנשים (מספר לא ידוע)"", ""מספר_כדורים_שנורו"": ""לפחות שלושה בכל אירוע, מספר לא ידוע בסך הכל"", ""מקום_העבירה"": ""אזור מגורים בכפר ג'דידה-מכר"", ""סוג_הנשק"": ""קרל גוסטב"", ""עבירות"": [""נשיאת נשק ללא רישיון"", ""איומים"", ""יריות באזור מגורים"", ""מעשה פזיזות ורשלנות"", ""נהיגה בזמן פסילה"", ""נהיגה ללא רישיון נהיגה""]}",30.0,"1. **סוג העבירה וחומרתה** — שני התיקים כוללים החזקת נשק ללא רישיון, אך בתיק 2 יש השפלה חמורה בהקשר: יריות באזור מגורים, איומים, נהיגה פסולה ופשיעה במרחב ציבורי עם סיכוןجماعתי. העבירה בתיק 2 חמורה בהרבה מהחזקה עקרה של נשק בתיק 1.

2. **תפקיד הנאשם ומעורבותו** — בתיק 1 מדובר בחזקה בלעדית של נשק ברכב, ללא מעורבות פעילה באלימות. בתיק 2 הנאשם מבצע יריות, מאיים, נוהג ללא רישיון ובמצב של סכסוך – מעורבות פעילה, אגרסיבית וציבורית. התפקיד שונה מהותית: מחזיק נשק מול מניפולטור אלים.

3. **שיטת הביצוע (MO)** — בתיק 1: נשק מוסתר ברכב, ללא פעולה ישירה. בתיק 2: שימוש ישיר בנשק – ירי, איומים, הובלה לצורך שימוש אישי במשבר. שיטת הביצוע בתיק 2 כוללת אלימות, תוקפנות ותכנון רגע-לרגע, בניגוד לסטטיקה של תיק 1.

4. **נסיבות הליבה** — בתיק 2 יש סיכון ממשי לחיים, יריות לעבר אנשים, סכסוך אישי, נהיגה פסולה – נסיבות מחמירות חמורות. בתיק 1 אין מידע על שימוש, איומים או סיכון ישיר. ההבדל בסיכון, כוונה והתנהגות הוא מהותי.

5. **ישימות כתקדים** — למרות שניהם בתחום ""החזקת נשק"", התיק 2 כולל שורה של עבירות מצטרפות, אלימות, סיכון ציבורי ומניע אישי – מה שמונע ממנו לשמש כתקדים רלוונטי לענישה בתיק 1, שבו אין שום רמז לכוונה לפגוע או לפעול אלימutely. בית משפט לא יראה בהם דמיון משפטי מספיק לרלוונטיות עניינית.

SIMILARITY_SCORE: 30","ok",""
"ME-20-01-17935-7","SH-23-03-19819-247",2,0,1,"{""אכזריות_או_ניצול"": ""לא"", ""האם_בוצע_בתכנון_מוקדם"": ""חלקי, תגובה מיידית להגעת שוטרים"", ""האם_הייתה_אלימות_נוספת"": ""לא"", ""האם_הייתה_בריחה_מהמשטרה"": ""כן"", ""האם_הייתה_הודאה"": ""כן"", ""האם_הייתה_הפרעה_לשוטר"": ""כן, הנאשם לא ציית להוראות השוטר ונמלט"", ""האם_הייתה_השפעה_של_אחרים"": ""כן, קיס הזהיר את הנאשם לזרוק את החפץ"", ""האם_הייתה_תחמושת"": ""לא צוין"", ""האם_הנשק_ירה_בפועל"": ""לא"", ""האם_הנשק_תקין"": ""לא צוין"", ""האם_העבירה_בוצעה_במקום_ציבורי"": ""כן, חניון עפר פתוח"", ""האם_העבירה_בוצעה_בצוותא"": ""כן, מספר מעורבים"", ""התגרות_נפגע"": ""לא"", ""זמן_ביצוע"": ""29.12.19, בסביבות 22:00"", ""חלקו_של_הנאשם"": ""נשא את הנשק בפועל וניסה להימלט"", ""יכולת_הבנה"": ""לא צוין קושי בהבנה"", ""יכולת_שליטה_במעשה"": ""לא צוין קושי בשליטה"", ""מספר_מעורבים"": 4, ""מצוקה_נפשית_עקב_התעללות"": ""לא"", ""מקום_ביצוע"": ""חניון עפר פתוח סמוך לבית הוריו של הנאשם, אום אל פחם"", ""נזק_צפוי"": ""פוטנציאל סיכון חיי אדם מהחזקת נשק חם"", ""נזק_שנגרם"": ""לא נגרם נזק בפועל"", ""ניצול_כוח_או_מעמד"": ""לא"", ""סוג_הנשק"": ""תת מקלע מאולתר על חלקיו השונים"", ""סוג_העבירה"": ""ניסיון להחזקה ונשיאת נשק, הפרעה לשוטר"", ""סיבות_לביצוע"": ""לא פורטו"", ""סעיפי_חוק"": [""144(א)"", ""144(ב) רישא"", ""25"", ""275""], ""קרבה_לסייג_לאחריות_פלילית"": ""לא"", ""שמות_מעורבים"": [""הנאשם"", ""קיס אג'באריה"", ""הייתם אג'באריה"", ""רמי אג'באריה""]}","{""אופן_הסתרה"": ""עטוף בשקית שחורה מעל ארון במטבח"", ""האם_החזקה_במקום_מגורים"": ""כן"", ""האם_החזקה_ללא_רישיון"": ""כן"", ""האם_הייתה_אכזריות_או_אלימות"": ""לא"", ""האם_הייתה_הודאה"": ""כן"", ""האם_הייתה_השפעה_של_אחרים"": ""לא צוין"", ""האם_הייתה_התגרות_או_מצוקה"": ""לא צוין"", ""האם_הייתה_חדירה_משטרתית"": ""כן, חיפוש משטרתי בבית"", ""האם_הייתה_כוונה_לשימוש"": ""לא צוין"", ""האם_הייתה_ניצול_מעמד"": ""לא"", ""האם_הייתה_פגיעה_בפועל"": ""לא"", ""האם_הייתה_פגיעה_צפויה"": ""כן, פוטנציאל מסוכן"", ""האם_הייתה_תכנית_מוקדמת"": ""לא צוין"", ""האם_הנשק_הוסב"": ""כן"", ""האם_הנשק_תקין"": ""כן, הוסב לירי תחמושת חיה"", ""חלקו_של_הנאשם"": ""בלעדי"", ""כמות_מחסניות"": ""שלוש"", ""כמות_תחמושת"": ""כמה עשרות כדורים"", ""מקום_ביצוע"": ""בית הנאשם ברהט"", ""סוג_הנשק"": ""רובה סער M-16 שהוסב לירי תחמושת חיה"", ""סוג_העבירה"": ""החזקת נשק ללא רישיון"", ""סוג_תחמושת"": ""כדורי 5.56 מ\""מ"", ""סעיפי_אישום"": ""144(א) רישא + סיפא לחוק העונשין"", ""תאריך_ביצוע"": ""15.2.23""}",40.0,"1. **סוג העבירה וחומרתה** — שני התיקים עוסקים בהחזקת נשק ללא רישיון, אולם בתיק 1 מדובר בניסיון להחזיק ונשיאה של נשק חם במקום ציבורי, הפרעה לשוטר ובריחה, כולל מעורבות צוותית וניסיון שימוש פוטנציאלי. בתיק 2 מדובר בהחזקת נשק מוסב בבית, ללא רישיון, אך ללא ניסיון שימוש, בריחה או אלימות. החומרה בתיק 1 גבוהה יותר בשל ההקשר הדינמי והציבורי.

2. **תפקיד הנאשם ומעורבותו** — בתיק 1 הנאשם מעורב ישירות בנשיאת הנשק, בריחה והפרעה לשוטר, כחלק מצוות. בתיק 2 הנאשם היחיד החזיק בנשק בבית, ללא מעורבות פעילה באלימות או בריחה. מעורבותו בתיק 1 היא פעילה וצפויה יותר, בעוד בתיק 2 היא סבירה ופסיבית.

3. **שיטת הביצוע (MO)** — בתיק 1: נשק מאולתר, שימוש מיידי, תגובה להגעת משטרה, בריחה. בתיק 2: נשק מוסב, מוסתר בבית, התגלה במהלך חיפוש. שיטות הביצוע שונות מהותית — אחד דינמי וספונטני, השני סטטי ומאורגן.

4. **נסיבות הליבה** — בתיק 1: מקום ציבורי, תכנון חלקי, נשק מאולתר, נזק פוטנציאלי גבוה, אך ללא שימוש בפועל. בתיק 2: מקום פרטי, נשק מתקדם (רובה סער מוסב), תחמושת רבה, אך ללא ביטוי של כוונה לשימוש או סיכון מיידי. ההקשרים שונים: אחד קשור להפרעה לסדר ציבורי, השני להחזקת נשק מסוכן בפרטיות.

5. **ישימות כתקדים** — למרות השוני בסוג הנשק, שני התיקים עוסקים בהחזקת נשק חם ללא רישיון, עם הודאה. עם זאת, ההקשר, חומרת העבירה, שיטת הביצוע והסיכון שנוצר שונים בצורה מהותית. בית משפט יתקשה להשתמש באחד כתקדים ענייני לרעהו, שכן ההשלכות על הענישה שונות מאוד.

SIMILARITY_SCORE: 40","ok",""
"SH-17-08-47445-166","SH-16-11-7544-55",3,1,1,"{""האם_החזקה_בלא_רשיון"": ""כן"", ""האם_היו_מעורבים_נוספים"": ""לא"", ""האם_היתה_אכזריות_או_ניצול_במעשה"": ""לא"", ""האם_היתה_השפעה_של_אחרים"": ""לא"", ""האם_היתה_התגרות_של_נפגע"": ""לא"", ""האם_היתה_התעללות_בנאשם"": ""לא"", ""האם_היתה_כוונה_לעשות_שימוש"": ""לא צוין"", ""האם_היתה_ניצול_כח_או_מעמד"": ""לא"", ""האם_היתה_פגיעה_בפועל"": ""לא"", ""האם_היתה_פגיעה_צפויה"": ""כן"", ""האם_היתה_תכנית_מוקדמת"": ""לא צוין"", ""האם_הנאשם_הבין_את_מעשיו"": ""לא צוין"", ""האם_הנאשם_היה_בשליטה_על_מעשיו"": ""לא צוין"", ""האם_הנאשם_קרוב_לסייג_לאחריות_פלילית"": ""לא"", ""האם_הנשק_היה_בשימוש"": ""לא צוין"", ""האם_הנשק_היה_מוסתר"": ""כן"", ""האם_הנשק_היה_תקין"": ""לא צוין"", ""חלקו_של_הנאשם"": ""בלעדי"", ""מספר_נשקים"": ""2"", ""מקום_ביצוע"": ""ביתו של הנאשם בפזורה סביב הישוב כסיפה"", ""סוג_הנשק"": ""אקדח חצי אוטומטי מסוג FN וחפץ דמוי תת מקלע מאולתר"", ""סוג_העבירה"": ""אחזקת נשק שלא כדין"", ""סעיף_חוק"": ""144(א) רישא לחוק העונשין"", ""תאריך_ביצוע"": ""09.08.2018""}","{""האם_החזקה_במקום_ציבורי"": ""כן"", ""האם_החזקה_ברכב"": ""לא"", ""האם_החזקה_ללא_רישיון"": ""כן"", ""האם_היה_ניצול_כוח_או_מעמד"": ""לא"", ""האם_היו_שותפים"": ""לא"", ""האם_היתה_אכזריות_או_ניצול"": ""לא"", ""האם_היתה_השפעה_של_אחר"": ""לא"", ""האם_היתה_התגרות_של_נפגע"": ""לא"", ""האם_היתה_התעללות_בנאשם"": ""לא"", ""האם_היתה_כוונה_לשימוש"": ""לא ידוע"", ""האם_היתה_פגיעה_בפועל"": ""לא"", ""האם_היתה_פגיעה_צפויה"": ""כן"", ""האם_היתה_תכנית_מוקדמת"": ""לא ידוע"", ""האם_הנאשם_הבין_את_מעשיו"": ""כן"", ""האם_הנאשם_היה_בשליטה_על_מעשיו"": ""כן"", ""האם_הנשק_מאולתר"": ""כן"", ""האם_הנשק_תקין"": ""לא ידוע"", ""האם_קרבה_לסייג_לאחריות_פלילית"": ""לא"", ""חלקו_של_הנאשם"": ""בלעדי"", ""כמות_תחמושת"": 10, ""מקום_ביצוע"": ""מחלף להב-שומריה, כביש 6, לכיוון צפון"", ""סוג_הנשק"": ""רובה תת מקלע מאולתר"", ""סוג_העבירה"": ""החזקת נשק שלא כדין"", ""סוג_תחמושת"": ""מחסנית עם 10 קליעים בקוטר 9 מ\""מ"", ""סעיף_חוק"": ""144(א) רישא וסיפא לחוק העונשין"", ""תאריך_ביצוע"": ""26.10.16""}",55.0,"1. **סוג העבירה וחומרתה** — שני התיקים עוסקים בעבירה של החזקת נשק שלא כדין לפי סעיף 144(א), אך תיק 2 כולל גם את הסיפא של הסעיף (שנוגעת להחזקת נשק מאולתר או מטושטש), מה שמצביע על חומרה גבוהה יותר. בנוסף, החזקת נשק במקום ציבורי (מחלף כביש) מעצימה את החומרה לעומת החזקה בבית בפזורה.  
2. **תפקיד הנאשם ומעורבותו** — בכל אחד מהתיקים הנאשם מעורב באופן בלעדי, ללא שותפים או לחצים חיצוניים, מה שמצביע על דמיון גבוה במעורבות.  
3. **שיטת הביצוע (MO)** — שני הנשקים מאולתרים, אך בטיב שונה: בתיק 1 – אקדח וחפץ דמוי תת-מקלע, בתיק 2 – רובה תת-מקלע מאולתר. החשיבות היא ששני המקרים כוללים נשק מאולתר, אך תיק 2 מתייחס להחזקת נשק מתקדם יותר (רובה) במקום ציבורי, מה שמרמז על סיכון גבוה יותר.  
4. **נסיבות הליבה** — ההבדל המרכזי הוא במקום: בית פרטי מול מחלף תנועה ציבורי עירוני, מה שמגדיל משמעותית את הסיכון לציבור. בנוסף, בתיק 2 יש תחמושת מוכנה לשימוש (מחסנית עם 10 קליעים), מה שמעיד על הסיכון האפקטיבי הגבוה יותר.  
5. **ישימות כתקדים** — למרות השוני בנסיבות החמורה (מקום, סוג נשק, סיכון), שני התיקים עוסקים בהחזקת נשק מאולתר ללא רישיון, ללא כוונה לשימוש מיידי אך עם פגיעה צפויה. עם זאת, בית משפט יתקשה להשתמש באחד כתקדים ישיר לשני עקב ההבדלים הקיצוניים בסיכון לציבור ובמקום, שמשפיעים על עקביות בענישה.

SIMILARITY_SCORE: 55","ok",""
"ME-16-11-13999-863","m01008097-376",1,0,0,"{""אכזריות_או_ניצול"": ""לא"", ""האם_החזקה_בצוותא"": ""כן"", ""האם_החזקה_ברכב"": ""כן"", ""האם_החזקה_ללא_רישיון"": ""כן"", ""האם_הייתה_התחמקות_משוטרים"": ""כן, פנו לתחנת דלק בניסיון להימנע ממחסום משטרתי"", ""האם_הנאשם_נהג"": ""לא, נהג היה סלאמה"", ""האם_הנאשם_נוסע"": ""כן"", ""האם_הנשק_היה_תקין"": ""לא פורט"", ""האם_העבירה_בוצעה_במסגרת_ארגון_פשע"": ""לא פורט"", ""האם_העבירה_בוצעה_בציבור"": ""כן, במהלך נסיעה בכביש ציבורי"", ""האם_העבירה_בוצעה_לשם_סחר"": ""לא פורט"", ""האם_העבירה_בוצעה_לשם_שימוש_אישי"": ""לא פורט"", ""התגרות_נפגע"": ""לא רלוונטי"", ""חלקו_של_הנאשם"": ""החזיק, נשא והוביל את הנשק והתחמושת"", ""יכולת_הבנה_של_הנאשם"": ""לא פורטת מגבלה"", ""יכולת_שליטה_במעשה"": ""לא פורטת מגבלה"", ""כמות_כדורים"": ""לא פורט במדויק"", ""כמות_מחסניות"": ""שתי מחסניות"", ""כמות_נשק"": ""אקדח אחד"", ""מספר_מעורבים"": 2, ""מצוקה_נפשית_עקב_התעללות"": ""לא רלוונטי"", ""מקום_ביצוע"": ""רכב פרטי, מסלול מסכנין לראמה"", ""נזק_צפוי"": ""פוטנציאל נזק גבוה עקב החזקת נשק ותחמושת"", ""נזק_שנגרם"": ""לא נגרם נזק בפועל"", ""ניצול_כוח_או_מעמד"": ""לא"", ""סוג_הנשק"": ""אקדח חצי אוטומטי מסוג STAR קליבר 9 מ\""מ פאראבלום"", ""סוג_העבירה"": ""החזקה, נשיאה והובלה של נשק ותחמושת ללא רישיון"", ""סוג_תחמושת"": ""מחסניות עם כדורים לאקדח"", ""סיבת_ביצוע"": ""לא פורט"", ""סעיפי_חוק"": [""144(א) רישא וסיפא"", ""144(ב) רישא וסיפא לחוק העונשין""], ""קרבה_לסייג_לאחריות_פלילית"": ""לא"", ""שעת_ביצוע"": ""סמוך לשעה 20:00"", ""תכנון_מוקדם"": ""לא פורט תכנון מוקדם""}","{""אכזריות_או_ניצול"": ""לא הופגנה אכזריות או ניצול כלפי נפגע עבירה."", ""האם_בוצעה_השלכת_נשק"": ""הנאשם שלף את הניצרה והשליך את הרימון."", ""האם_בוצעה_פגיעה"": ""לא נגרמה פגיעה לאדם או לרכוש."", ""האם_החזקה_או_נשיאה"": ""החזקה ונשיאה של רימון רסס, החזקה של כדורי רובה ומחסניות."", ""האם_החזקה_במקום_פרטי"": ""כדורי רובה ושתי מחסניות הוחזקו בדירת הנאשם."", ""האם_החזקה_במקום_ציבורי"": ""הרימון הוחזק והושלך בשטח ציבורי (רחבת חניה)."", ""האם_היה_רישיון"": ""לא היה רישיון להחזקת הנשק."", ""האם_הייתה_כוונה_לפגוע"": ""הנאשם פעל להימנע מפגיעה באחרים, הטיל את הרימון למקום שומם."", ""חלקו_היחסי_של_הנאשם"": ""הנאשם פעל לבדו, לא הייתה השפעה של אחר."", ""יכולת_הבנה"": ""לא צוין קושי בהבנה, הנאשם היה בגיר."", ""יכולת_הימנעות_ושליטה"": ""הנאשם ניסה להחזיר את הניצרה ולמנוע את ההתפוצצות, ולבסוף הטיל את הרימון למקום שומם כדי להימנע מפגיעה."", ""מצב_הנאשם_בעת_המעשה"": ""הנאשם היה שיכור."", ""מצוקה_נפשית_עקב_התעללות"": ""לא צוינה מצוקה נפשית עקב התעללות."", ""מקום_ביצוע"": ""רחבת חניה בבניין מגורים בבאר שבע."", ""נזק_צפוי"": ""היה צפוי נזק חמור לנפש או לרכוש כתוצאה מהטלת רימון רסס בסביבה מיושבת."", ""נזק_שנגרם"": ""לא נגרם נזק בפועל לאדם או לרכוש."", ""ניצול_כוח_או_מעמד"": ""לא היה ניצול לרעה של כוח או מעמד."", ""סוג_הנשק"": ""רימון רסס, כדורי רובה, שתי מחסניות."", ""סיבות_לביצוע"": ""הנאשם היה שיכור בעת ביצוע העבירה."", ""קרבה_לסייג_לאחריות_פלילית"": ""לא צוינה קרבה לסייג לאחריות פלילית."", ""תכנון_מוקדם"": ""לא היה תכנון מוקדם, הנאשם פעל באופן ספונטני בהיותו שיכור.""}",40.0,"1. **סוג העבירה וחומרתה** — שני התיקים עוסקים בהחזקת נשק ללא רישיון, אך חומרתם שונה: בתיק 1 מדובר באקדח עם תחמושת (כלי ירי ממשי), ובתיק 2 ברימון רסס — כלי נשק מסוכן אף יותר מבחינת פוטנציאל נזק, אך הושלך במקום שומם. גם כאן אין שימוש בפועל בנשק. הדמיון במין העבירה (החזקה בנשק ללא רישיון) הוא גבוה, אך ההקשר שונה.

2. **תפקיד הנאשם ומעורבותו** — בתיק 1 הנאשם מעורב כנוסע החשוד בהחזקת הנשק, אך לא נהג ולא היחיד בביצוע; בתיק 2 הנאשם פועל לבדו, שלף והשליך את הרימון, ובכך מפגין מעורבות ישירה ופעילה. בתיק 1 מעורבותו פחות ברורה (לא ברור אם ידע מראש או רק נשא), בעוד בתיק 2 הוא הבמאי והממשיכ. יש הבדל משמעותי בדרגת האחריות.

3. **שיטת הביצוע (MO)** — בתיק 1: ניסיון להימנע ממחסום משטרתי, נסיעה ברכב עם נשק. בתיק 2: התנהגות ספונטנית בשכרות, הטלת רימון במקום ציבורי. השיטות שונות מהותית — אחת מתואמת/ברunning, השנייה אימפולסיבית ושיכורית. אין דפוס MO משותף.

4. **נסיבות הליבה** — בתיק 1: נשק תקין, מספר מחסניות, נסיעה בכביש ציבורי — מצב של חשיפה גבוהה. בתיק 2: נשק מסוכן במיוחד (רימון רסס), אך הושלך למקום שומם, עם ניסיון מינימלי לצמצם נזק. גם בשני המקרים לא נגרם נזק, אך הפוטנציאל שונה. הכמויות והתוקפנות הפוטנציאלית של הרימון עשויות להצדיק ענישה קפדנית יותר, אך המניע (שיכורות) עשוי להקל.

5. **ישימות כתקדים** — למרות שניהם עוסקים בהחזקת נשק ללא רישיון, ההקשרים שונים: אחד עוסק בהובלה של נשק ירי כחלק מעברה אפשרית מאורגנת (אם כי לא הוכח), והשני בהתפרצות אימפולסיבית בשכרות. בית משפט יתקשה להשתמש באחד כתקדים ישיר לשני עקב הבדלים בהקשר, בחומרת הנשק, בסיכון, בכוונה ובהתנהגות לאחר המעשה.

SIMILARITY_SCORE: 40","ok",""
"ME-16-06-50916-362","ME-15-03-29911-554",3,1,1,"{""האם_בוצע_ירי_באזור_מגורים"": ""כן"", ""האם_בוצע_ירי_לעבר_אנשים"": ""כן"", ""האם_בוצעה_עבירת_איומים"": ""כן"", ""האם_בוצעה_עבירת_נהיגה_בזמן_פסילה"": ""כן"", ""האם_בוצעה_עבירת_נהיגה_ללא_רישיון"": ""כן"", ""האם_בוצעה_עבירת_פזיזות_ורשלנות"": ""כן"", ""האם_היה_נזק_צפוי"": ""כן, סכנה לחיי אדם או לגרימת חבלה"", ""האם_הייתה_אכזריות_או_התעללות"": ""לא צוין"", ""האם_הייתה_הובלת_נשק"": ""כן"", ""האם_הייתה_החזקה_של_נשק_ברכב"": ""כן"", ""האם_הייתה_התגרות_של_הנפגע"": ""לא צוין במפורש, אך אחד האנשים אחז באלה"", ""האם_הייתה_כניסה_לבית_עם_נשק"": ""הנשק נשאר ברכב"", ""האם_הייתה_תכנון_מוקדם"": ""לא צוין תכנון מוקדם"", ""האם_הנאשם_הבין_את_מעשיו"": ""כן"", ""האם_הנאשם_הודה_בעובדות"": ""כן"", ""האם_הנאשם_היה_במצוקה_נפשית"": ""לא צוין"", ""האם_הנאשם_היה_בשליטה_על_מעשיו"": ""כן"", ""האם_הנאשם_היה_פסול_מלנהוג"": ""כן"", ""האם_הנאשם_הכיר_את_הנפגע"": ""כן, היכרות מוקדמת עם נאסר"", ""האם_הנאשם_נהג_ללא_רישיון"": ""כן"", ""האם_הנאשם_ניצל_כוח_או_מעמד"": ""לא צוין"", ""האם_הנשק_בכוחו_להמית"": ""כן"", ""האם_הנשק_סוגל_לירות"": ""כן"", ""האם_העבירה_בוצעה_באזור_מגורים"": ""כן"", ""האם_העבירה_בוצעה_במטרה_להפחיד"": ""כן"", ""האם_העבירה_בוצעה_במטרה_לפגוע"": ""לא צוין כוונה לפגוע פיזית, אלא להפחיד"", ""האם_העבירה_בוצעה_במסגרת_ארגון_פשע"": ""לא צוין"", ""האם_העבירה_בוצעה_במסגרת_סכסוך"": ""כן"", ""האם_העבירה_בוצעה_במסגרת_עסקת_נשק"": ""לא"", ""האם_העבירה_בוצעה_במסגרת_שימוש_אישי_בנשק"": ""כן"", ""האם_העבירה_בוצעה_במסגרת_שימוש_מסחרי_בנשק"": ""לא"", ""האם_נגרם_נזק_פיזי"": ""לא צוין שנגרם נזק פיזי"", ""מניע_העבירה"": ""ויכוח/סכסוך אישי עם נאסר"", ""מספר_אנשים_שהיו_בסיכון"": ""נאסר וקבוצת אנשים (מספר לא ידוע)"", ""מספר_כדורים_שנורו"": ""לפחות שלושה בכל אירוע, מספר לא ידוע בסך הכל"", ""מקום_העבירה"": ""אזור מגורים בכפר ג'דידה-מכר"", ""סוג_הנשק"": ""קרל גוסטב"", ""עבירות"": [""נשיאת נשק ללא רישיון"", ""איומים"", ""יריות באזור מגורים"", ""מעשה פזיזות ורשלנות"", ""נהיגה בזמן פסילה"", ""נהיגה ללא רישיון נהיגה""]}","{""האם_בוצע_ירי"": ""כן"", ""האם_בוצע_ירי_באזור_מגורים"": ""כן"", ""האם_בוצע_ירי_במרחב_ציבורי"": ""כן"", ""האם_בוצע_ירי_לכיוון_רכב_אחר"": ""כן, שני כדורים נורו לאחר עקיפת רכב אחר"", ""האם_בוצע_ירי_מתוך_רכב"": ""כן"", ""האם_החזקה_או_נשיאה"": [""החזקה"", ""נשיאה""], ""האם_החזקה_או_נשיאה_ברשיון"": ""ללא רשות על פי דין"", ""האם_היה_אדם_נוסף"": ""כן, אדם נוסף שזהותו אינה ידועה"", ""האם_היה_נזק_פיזי"": ""לא צוין"", ""האם_היה_נזק_רכוש"": ""לא צוין"", ""האם_היה_תכנון_מוקדם"": ""לא צוין במפורש"", ""האם_הייתה_אכזריות_או_ניצול"": ""לא"", ""האם_הייתה_השפעה_של_אחר"": ""לא צוין במפורש"", ""האם_הייתה_התגרות_של_נפגע"": ""לא"", ""האם_הייתה_ניצול_כח_או_מעמד"": ""לא"", ""האם_הייתה_סכנה_לחיי_אדם"": ""כן, ירי בשכונות מגורים וליד בית ספר"", ""האם_הייתה_תחמושת_נוספת"": ""כן"", ""האם_הנאשם_הבין_את_מעשיו"": ""כן"", ""האם_הנאשם_היה_במצוקה_נפשית"": ""לא צוין"", ""האם_הנאשם_היה_קרוב_לסייג_פלילי"": ""לא"", ""האם_הנאשם_נהג_ברכב"": ""לא, האחר נהג והנאשם ישב לצידו"", ""האם_הנאשם_קטין"": ""לא צוין"", ""האם_הנשק_היה_דרוך_ומוכן_לירי"": ""כן"", ""זמן_ביצוע"": ""5.3.15 בשעות הערב, בין 19:00 ל-19:14"", ""כמות_תחמושת"": ""מחסנית אחת באקדח, מחסנית נוספת, קופסא עם 20 כדורים, 24 כדורים נוספים"", ""מספר_כדורים_במחסנית_בעת_תפיסה"": ""12"", ""מספר_כדורים_שנורו"": ""מספר רב של כדורים, שני כדורים נוספים מתוך הרכב"", ""מקום_ביצוע"": [""חווה בבעלותו בשדות פוריידיס"", ""ברחבי פוריידיס"", ""שכונות מגורים"", ""ליד מגרש בית הספר התיכון בפוריידיס""], ""סוג_הנשק"": ""אקדח מסוג יריחו"", ""סוג_העבירה"": ""עבירות בנשק"", ""סוג_תחמושת"": ""מחסנית תואמת לאקדח, כדורים"", ""סעיפי_אישום"": [""144(א) רישא וסיפא"", ""144(ב) רישא וסיפא לחוק העונשין""]}",58.0,"1. **סוג העבירה וחומרתה**: שני התיקים כוללים עבירות חמורות בנשק, כולל ירי באזור מגורים ואיומים או סיכון לחיי אדם. בעוד שתיק 1 כולל גם עבירות תנועה (נהיגה ללא רישיון/בפסילה) ומעורבות ישירה בירי, תיק 2 מתמקד בעבירות נשיאה והחזקת נשק ללא רישיון וירי מרכב. החומרה דומה – שניהם מעוררים סיכון ציבורי חמור, אך תיק 1 כולל מוטיב אישי (סכסוך) וاعמת עבירות, מה שמגביל את הדמיון.  
2. **תפקיד הנאשם ומעורבותו**: בתיק 1 הנאשם נהג, ירה, והחזיק נשק – מעורבות פעילה ומרכזית. בתיק 2 הנאשם ישב ברכב, לא נהג, אך החזיק אקדח וירה – מעורבות ישירה אך פחות מרכזית (לא נהג, לא היחיד באירוע). ההבדל בתפקיד מפחית מהדמיון.  
3. **שיטת הביצוע (MO)**: שניהם כוללים ירי מרכב באזור מגורים, ללא רישיון, עם נשק ירי. עם זאת, בתיק 1 הירי קשור לסכסוך אישי והמטרה הייתה להפחיד, בעוד בתיק 2 הירי מתרחש בהקשר של עקיפה בכביש וירי לכיוון רכב אחר – MO שונה במניע ובהקשר.  
4. **נסיבות הליבה**: שניהם כוללים ירי באזור מגורים, סיכון ציבורי, נשק ירי, ותחמושת. עם זאת, בתיק 1 יש הוכחה לאיומים, ירי לכיוון אנשים, והקשר לסכסוך אישי; בתיק 2 הירי מתרחש בהקשר של תנועה, ללא מוטיב אישי ידוע. הכמויות של תחמושת בתיק 2 גבוהות יותר, אך חסרה הוכחה לכוונה לפגוע.  
5. **ישימות כתקדים**: שני התיקים רלוונטיים לעבירות נשק, ירי בשטח מגורים, והעמדת סיכון ציבורי. עם זאת, ההבדלים במניע (סכסוך אישי מול ירי במרחב ציבורי ללא הקשר אישי), תפקידי הנאשמים, ועדר הודות בעובדות בתיק 2 – מקטינים את מידת הרלוונטיות הדדית כתקדים ענייני.  

SIMILARITY_SCORE: 58","ok",""
"SH-16-11-49772-358","ME-17-02-54432-484",1,0,0,"{""אופן_ההגעה_לנשק"": ""נכנס לתא שירותים ונטל אקדח שנשכח בשגגה"", ""אופן_ההחזקה"": ""הסלקה באדנית עץ"", ""אכזריות_או_ניצול_הנפגע"": ""לא צוין"", ""האם_הייתה_אלימות_פיזית"": ""לא"", ""האם_הייתה_הובלה_או_נשיאה"": ""כן, הסלקה ממקום למקום"", ""האם_הייתה_עסקה_בנשק"": ""לא"", ""האם_הייתה_פריצה"": ""לא"", ""האם_הייתה_תכנית_מוקדמת"": ""לא צוין תכנון מוקדם"", ""האם_הנשק_היה_תקין"": ""לא צוין"", ""התגרות_של_נפגע_העבירה"": ""לא צוין"", ""חלקו_של_הנאשם"": ""בלעדי"", ""יכולת_הבנה_של_הנאשם"": ""לא צוין קושי בהבנה"", ""יכולת_שליטה_במעשה"": ""לא צוין קושי בשליטה"", ""מספר_נאשמים"": 1, ""מספר_נפגעים"": 0, ""מצוקה_נפשית_של_הנאשם"": ""לא צוין"", ""מקום_ביצוע_העבירה"": ""חנות 'לארג' קפה', רחוב רוטשילד 62, כפר סבא"", ""מקום_הסלקת_הנשק"": ""אדנית עץ, סמוך לרחוב וייצמן 113, כפר סבא"", ""נזק_שהיה_צפוי"": ""אפשרות לשימוש בלתי חוקי בנשק"", ""נזק_שנגרם"": ""לא צוין נזק פיזי"", ""ניצול_כוח_או_מעמד"": ""לא צוין"", ""נסיבות_רכישת_הנשק"": ""נשק שנשכח בשגגה על ידי אחר"", ""סוג_הנשק"": ""אקדח"", ""סוג_העבירה"": ""החזקת נשק, החזקת תחמושת, גניבה"", ""סוג_התחמושת"": ""לא פורט"", ""סיבות_לביצוע_העבירה"": ""הזדמנותית, ניצול מצב בו נשק נשכח"", ""סעיפי_חוק"": [""144(א) רישא"", ""144(א) סיפא"", ""383(א)(1)"", ""384""], ""קרבה_לסייג_לאחריות_פלילית"": ""לא צוין"", ""שווי_הנשק"": ""לא צוין""}","{""אופן_הנשיאה_בעת_המעצר"": ""האקדח היה טעון והוסתר בתחתוניו של הנאשם"", ""אירוע_מעצר"": ""ביום 16.02.17 בשעות הצהריים"", ""האם_היה_שימוש_באלימות_או_איומים"": ""לא"", ""האם_היו_שותפים_לנסיעה"": ""כן, שלושה נוספים ברכב"", ""האם_הנאשם_החזיק_ברישיון_לנשק"": ""לא"", ""האם_הנאשם_היה_בהשפעת_אחרים"": ""לא צוין"", ""האם_הנאשם_היה_במצוקה_נפשית"": ""לא צוין"", ""האם_הנאשם_היה_קטין_בעת_העבירה"": ""לא"", ""האם_הנאשם_היה_קרוב_לסייג_לאחריות_פלילית"": ""לא צוין"", ""האם_הנאשם_ניצל_מעמד_או_כוח"": ""לא צוין"", ""האם_הנאשם_פעל_למנוע_תפיסת_הנשק"": ""כן, הכניס את האקדח לתחתוניו כשראה את השוטרים"", ""האם_הנשק_היה_ברכב"": ""כן, במהלך הנסיעה"", ""האם_הנשק_היה_טעון"": ""כן"", ""האם_הנשק_היה_נגיש_לנאשם"": ""כן, אחז בו בידו"", ""האם_הנשק_תקין_לשימוש"": ""כן"", ""האם_העבירה_בוצעה_במסגרת_ארגון_פשע"": ""לא צוין"", ""האם_העבירה_בוצעה_בתמורה_או_למטרת_רווח"": ""לא צוין"", ""האם_העבירה_בוצעה_מתוך_תכנון_מוקדם"": ""לא צוין תכנון מוקדם"", ""האם_נגרם_נזק_פיזי_או_נפגעים"": ""לא"", ""מספר_כדורים"": 7, ""מקום_החזקה_העיקרי"": ""סמוך לביתו של הנאשם"", ""מקום_המעצר"": ""צומת הרחובות הגעתון והרצל בנהריה"", ""מקום_הנשיאה_העיקרי"": ""למקומות אליהם הלך או נסע"", ""מקום_מגורים_של_הנאשם"": ""כפר קאסם"", ""משך_החזקה_בנשק"": ""מספר חודשים"", ""סוג_הנשק"": ""אקדח מסוג ברטה מס.ד 82233"", ""סוג_העבירה"": ""החזקה ונשיאת נשק"", ""סוג_תחמושת"": ""מחסנית תואמת ובה 7 כדורים 0.22 מ\""מ"", ""סעיפי_אישום"": [""144(א) רישא"", ""144(א) סיפא"", ""144(ב) רישא"", ""144(ב) סיפא""], ""שנת_לידה_של_הנאשם"": 1996, ""תדירות_נשיאת_הנשק"": ""פעמים רבות מאוד""}",40.0,"1. **סוג העבירה וחומרתה** — שני התיקים כוללים עבירות של החזקת ונשיאת נשק ללא רישיון, בהתאם לסעיפים דומים בפקודת הנשק (144(א) רישא וסיפא). עם זאת, בתיק 2 יש החזקה ממושכת (מספר חודשים), נשק טעון, והסתרה מ право שמר, מה שמצביע על חומרה גבוהה יותר. בתיק 1 מדובר בהחזקת נשק שנשכח, ללא רמז לתקיפות או תכנון. הדמיון בסוג העבירה קיים, אך החומרה שונה.  
2. **תפקיד הנאשם ומעורבותו** — בתיק 1 הנאשם פועל בודד, נתקל במקרה בנשק ונושא אותו. בתיק 2 הנאשם מחזיק בנשק לאורך זמן, נושא אותו באופן שגרתי, ופועל להסתירו מהרשויות — מעורבות פעילה ורציפה. ההבדל בדרגת המעורבות הוא מהותי.  
3. **שיטת הביצוע (MO)** — בתיק 1: מעשה הזדמני, ללא תכנון, ניצול הזדמנות. בתיק 2: נשיאה שגרתית, הסתרת הנשק בעת מעצר, נשק טעון ומאוחסן — מצביע על דפוס התנהגות מתמשך. אין דמיון בדפוס ביצוע.  
4. **נסיבות הליבה** — בתיק 1: נשק לא בהכרח תקין, לא צוין איומים או שימוש, מעשה חד-פעמי. בתיק 2: נשק תקין, טעון, נשיאה ממושכת, הסתרה מ право שמר — נסיבות מחמירות. ההבדלים בנסיבות, במיוחד משך החזקה, תוקף הנשק וההתנהגות מול הרשות, מהותיים.  
5. **ישימות כתקדים** — למרות השוני בסעיפים (תיק 2 כולל גם סעיף 144(ב)), שניהם עוסקים בהחזקת נשק ללא רישיון. עם זאת, מאחר שאין דמיון במניע, תכנון, חומרה או MO, סבירות שיתקבלו יחד כתקדים ענייני נמוכה. בית משפט יבחין בין עבירה הזדמנית לבין החזקה ממושכת ומעורבות מתמשכת.  

SIMILARITY_SCORE: 40","ok",""
"ME-14-02-51828-88","ME-14-03-48488-922",1,0,0,"{""אכזריות_או_ניצול"": ""לא צוין"", ""אמצעי_הובלה"": ""רכב פרטי מסוג רנו מגאן"", ""התגרות_נפגע"": ""לא צוין"", ""זמן_ביצוע"": ""19.2.14 בסמוך לשעה 23:12"", ""חלקו_היחסי_של_הנאשם"": ""מבצע יחיד"", ""יכולת_הבנה"": ""לא צוין"", ""יכולת_הימנעות"": ""לא צוין"", ""יכולת_ירי"": ""סוגלים לירות כדור שבכוחו להמית אדם"", ""מספר_נשקים"": 2, ""מצוקה_נפשית"": ""לא צוין"", ""מקום_ביצוע"": ""כביש הכניסה לכפר חורפיש"", ""נזק_צפוי"": ""פוטנציאל קטלני עקב יכולת ירי"", ""נזק_שנגרם"": ""לא צוין"", ""ניצול_כוח_או_מעמד"": ""לא צוין"", ""סוג_הנשק"": ""רובי צייד מאולתרים"", ""סוג_העבירה"": ""נשיאת והובלת נשק ללא רישיון"", ""סיבות_לביצוע"": ""לא צוין"", ""סעיף_חוק"": ""144(ב) רישא לחוק העונשין"", ""קרבה_לסייג_אחריות"": ""לא צוין"", ""רישיון_להחזקת_נשק"": ""לא היה"", ""תכנון_מוקדם"": ""לא צוין""}","{""אופן_ביצוע"": ""ייצור מטען חבלה מצינור מתכת סגור בשני צדדיו שבתוכו חומר נפיץ, פתיל ו-47 קליעי נק\""ל"", ""אופן_הפעלה"": ""הטמנת המטען מתחת למושב הנהג ברכב, הצתת הפתיל, ונמלטות מהמקום"", ""אכזריות_או_ניצול"": ""כן, ניסיון לגרום למוות באמצעות מטען חבלה"", ""האם_בוצע_ניסיון_רצח"": ""כוונה לגרום למוות, אך לא פורט ניסיון רצח"", ""החזקה_בבית"": ""כן, החזקת טלפון נייד המשמש למטעני חבלה בביתו"", ""החזקה_בלא_רישיון"": ""כן"", ""חלקו_של_הנאשם"": ""מרכזי, ייצור, הטמנה והפעלה"", ""יכולת_הבנה_ושליטה"": ""לא פורטו מגבלות"", ""מועד_העבירה"": ""4.1.2014"", ""מניע_הנאשם"": ""לא פורט"", ""מספר_עבירות"": ""שתי עבירות עיקריות (היזק בזדון בחומר נפיץ, החזקת ונשיאת נשק)"", ""מקום_העבירה"": ""רחוב מוהליבר 38, תל אביב"", ""נזק_צפוי"": ""מוות של אדם"", ""נזק_שנגרם"": ""נזק לתחתית וכסא נהג הרכב, נזקים לסביבה ברדיוס של כ-10 מטר"", ""ניצול_מעמד_או_יחסים"": ""לא פורט"", ""נפגעי_העבירה"": ""יורם כהן, גיל כהן"", ""סוג_הנשק"": ""מטען חבלה מאולתר, קליעי נק\""ל"", ""סוג_העבירה"": ""היזק בזדון בחומר נפיץ, החזקת נשק, נשיאת נשק"", ""סעיפי_חוק"": ""454, 144(א) רישא, 144(ב) רישא לחוק העונשין התשל\""ז-1977"", ""קרבה_לסייג_לאחריות_פלילית"": ""לא"", ""שימוש_בחומר_נפיץ"": ""כן"", ""שימוש_במערכת_הפעלה_אלקטרונית"": ""כן, החזקת טלפון נייד המשמש כמערכת הפעלה למטעני חבלה"", ""שימוש_בקליעים"": ""כן, 47 קליעי נק\""ל"", ""תכנון_מוקדם"": ""כן, המטען יוצר ותוכנן מראש לגרום למותו של אדם""}",20.0,"1. **סוג העבירה וחומרתה**:  
התיק הראשון עוסק בהחזקת והובלת נשק ללא רישיון – עבירה חמורה, אך לא בהקשר של ביצוע פגיעה. התיק השני כולל היזק בזדון בחומר נפיץ, ניסיון לגרום למוות, והחזקת נשק מאולתר קטלני – עבירה אלימה, מתוכננת ובעלת מימד של ניסיון רצח. החומרה ב случая השני הרבה יותר גבוהה.  
→ **דמיון מוגבל**.

2. **תפקיד הנאשם ומעורבותו**:  
בתיק הראשון – הנאשם הוא מבצע יחיד של העבירה, אך ללא ידיעת מטרה או הקשר לפגיעה ישירה. בתיק השני – הנאשם מרכז: יצר, הטמין והפעיל מטען במטרה לגרום למוות. מעורבות פעילה, מכוונת ומרכזית.  
→ **הבדל מהותי בתפקיד ובמעורבות**.

3. **שיטת הביצוע (MO)**:  
בתיק הראשון – הובלת נשק מאולתר ברכב, ללא רישיון. שיטת ביצוע פשוטה, לא מתוכננת לפגיעה מיידית. בתיק השני – ייצור מטען חבלה עם פתיל, הטמנה מדויקת, שימוש בטלפון נייד כאמצעי הפעלה – שיטת ביצוע מורכבת, מתוחכמת וקטלנית.  
→ **שיטות ביצוע שונות מהותית**.

4. **נסיבות הליבה**:  
בשני התיקים יש נשק מאולתר, אך בהקשר שונה: בתיק הראשון – נשק להגנה או שימוש עתידי, ללא רישיון. בתיק השני – נשק מתוכנן לפגיעה קטלנית, עם כוונה לרצוח, תכנון מוקדם, נזק אמיתי ופוטנציאל קטלני מוכח. בנוסף, יש נפגעים מזוהים ונזק חומרי.  
→ **הבדלים מהותיים בכמויות, כוונה, תכנון ותוצאות**.

5. **ישימות כתקדים**:  
בית משפט לא יראה בתיק הראשון תקדים רלוונטי לעניין עונש בתיק השני. עבירת נשיאת נשק ללא רישיון (ס' 144(ב)) אינה משקפת את החומרה של ניסיון רצח באמצעות חומר נפיץ (ס' 454). ההקשר, הכוונה והנזק הבלתי הפיך הופכים את תיק 2 לקטגוריה אחרת.  
→ **אי-רלוונטיות כתקדים ענייני**.

SIMILARITY_SCORE: 20","ok",""
"ME-14-12-6904-57","ME-18-04-19642-504",1,0,0,"{""אופן_החזקה_והובלה"": ""הנשק הוסתר בתיק גב עטוף בבגדים, הובל ונישא על ידי הנאשם"", ""אכזריות_או_אלימות"": ""לא צוין שימוש באלימות או אכזריות"", ""גיל_הנאשם"": ""לא צוין"", ""החזקת_סם"": ""0.3027 גרם נטו קנאביס לצריכה עצמית"", ""הסתרת_הנשק"": ""הנשק הוסתר בארון בגדים בחדר השינה בדירה"", ""חלקו_של_הנאשם"": ""רכש, החזיק, נשא והוביל את הנשק והתחמושת"", ""יכולת_הבנה_ושליטה"": ""לא צוין קושי בהבנה או בשליטה"", ""יכולת_הנשק"": ""מסוגל לירות ובכוחו להמית"", ""מקום_העבירה"": ""תל אביב, בדירה וברחוב"", ""משך_החזקה"": ""כחודש ימים לפני 18.11.2014 ועד ליום 18.11.2014"", ""נזק_צפוי"": ""הנשק והתחמושת מסוגלים להמית"", ""נזק_שנגרם"": ""לא נגרם נזק בפועל"", ""ניצול_מעמד_או_יחסים"": ""לא צוין"", ""סוג_הנשק"": ""רובה מאולתר מדגם קרל גוסטב"", ""סוג_העבירה"": ""נשיאה והובלת נשק ללא רישיון, החזקת סם לצריכה עצמית"", ""סיבת_העבירה"": ""לא פורטו מניעים מיוחדים"", ""סעיפי_חוק"": ""סעיף 144(ב) לחוק העונשין, סעיף 7(א) לפקודת הסמים המסוכנים"", ""קרבה_לסייג_לאחריות"": ""לא צוין"", ""רכישת_הנשק"": ""הנשק נרכש על ידי הנאשם בתמורה ל-4,000 ש\""ח"", ""שותפים_לעבירה"": ""נאשם נוסף (נאשם 2, סעיד אבו זנט)"", ""תחמושת"": ""מחסנית וכדורים תואמים לנשק"", ""תכנון_מוקדם"": ""הנשק נרכש מראש, הוסתר והובל באופן מוסתר""}","{""אכזריות_או_אלימות"": ""איומים מילוליים וירי באקדח בנוכחות המתלוננת"", ""האם_היה_תכנון_מוקדם"": ""הנאשם זימן את ר.ק. ליער על רקע סכסוך"", ""האם_הייתה_התגרות"": ""לא צוין"", ""השלכת_נשק"": ""הנאשם השליך את האקדח מתחת למושב הרכב"", ""השפעת_אלכוהול"": ""הנאשם היה תחת השפעת משקאות אלכוהוליים"", ""התנהגות_מאיימת"": ""הנאשם איים על ר.ק. ועל בני משפחתה במהלך השיחה"", ""חלקו_של_הנאשם"": ""מבצע עיקרי, פעל לבדו"", ""טענה_לאי_זכירה"": ""הנאשם טען שאינו זוכר את כל פרטי האירוע"", ""יכולת_הבנה"": ""הנאשם היה תחת השפעת אלכוהול, נטען לאי זכירה מלאה"", ""יכולת_שליטה"": ""פחתה עקב השפעת אלכוהול"", ""כמות_כדורים"": 40, ""כמות_מחסניות"": 2, ""מועד_העבירה"": ""1.4.18"", ""מספר_יריות"": 11, ""מקום_העבירה"": ""יער סמוך לכפר קרע"", ""נוכחות_שוטרים"": ""שלושה שוטרים הגיעו למקום במהלך האירוע"", ""נזק_פוטנציאלי"": ""ירי באוויר בנוכחות אדם נוסף ובסביבה ציבורית"", ""נזק_שנגרם"": ""לא נגרם נזק פיזי לאדם או לרכוש"", ""ניסיון_הימלטות"": ""הנאשם ניסה להניע את רכב המתלוננת כדי להימלט מהשוטרים"", ""ניצול_יחסים"": ""הנאשם ניצל את מערכת היחסים עם ר.ק. כדי לזמן אותה למקום"", ""סוג_הנשק"": ""אקדח FN בקוטר 9 מ\""מ"", ""סוג_העבירה"": ""נשיאת והובלת נשק, פזיזות ורשלנות"", ""סעיפי_חוק"": [""144(א) רישא+סיפא"", ""144(ב) רישא+סיפא"", ""338(א)(5)""], ""רקע_העבירה"": ""סכסוך בין הנאשם לבין חברתו ר.ק."", ""שימוש_בנשק"": ""שלף אקדח, הראה אותו למתלוננת וירה 11 יריות באוויר""}",30.0,"1. **סוג העבירה וחומרתה**: שני התיקים כוללים עבירות של נשיאת והובלת נשק ללא רישיון, אך בתיק 2 יש שימוש פעיל בנשק (ירי באוויר), איומים, ורקע של סכסוך אישי, מה שמגביל אותו כחמור בהרבה מהעבירה בתיק 1, שכוללת החזקה והובלה בלבד, וכן צריכה עצמית של סם בכמות זעירה. ההבדל ברמת החומרה בולט – כאן מדובר בין עבירה של הסתרה והעברה לבין התנהגות מאיימת ופיזית עם שימוש בנשק.

2. **תפקיד הנאשם ומעורבותו**: בתיק 1 הנאשם מעורב כקונה, מחזיק והובלן של הנשק, בשותפות עם אחר. בתיק 2, הנאשם הוא המבצע הראשי, פועל באופן עצמאי ובמצב של אינטראקציה ישירה עם קורבן, תוך ניצול מערכת יחסים. מעורבותו היא ישירה, פוגענית ומאויימת – מעבר להחזקה פסיבית.

3. **שיטת הביצוע (MO)**: בתיק 1, השיטה מוסתרת – נשק מאולתר מוסתר בארון ובתיק גב, הובלה סמויה. בתיק 2, השימוש בנשק הוא פומבי, מאיים, כולל ירי והשלכת נשק לאחר מכן. MO שונה מהותית: אחד מבוסס על הסתרה ואחד על הצגה מכוונת וניצוץ של פחד.

4. **נסיבות הליבה**: בתיק 1 – אין אלימות, אין שימוש, אין איומים, כמות סמים זעירה. בתיק 2 – יש ירי, איומים, שכרות, תכנון לפגישת סכסוך, ניצול יחסים, וסביבה ציבורית. גם משך החזקה וגם ההקשר מצביעים על חומרה גבוהה בהרבה בתיק 2.

5. **ישימות כתקדים**: למרות ששניהם עוסקים בהחזקת/הובלת נשק, ההקשר, המניע, האופן וההשלכות השונים הם כל כך שונים, עד שקשה לראות בשני המקרים תקדים משפטי זה לזה. בית משפט לא יראה את תיק 1 כרלוונטי לעצירת טענה בעדינות בתיק 2 או להפך – הם מייצגים מציאות פלילית שונה.

SIMILARITY_SCORE: 30","ok",""
"ME-18-10-30972-637","ME-14-11-7498-539",3,1,1,"{""האם_היו_נסיבות_מחמירות_נוספות"": ""לא צוין"", ""האם_הייתה_אלימות_או_אכזריות"": ""לא"", ""האם_הייתה_השפעה_של_אחר_על_הנאשם"": ""לא"", ""האם_הייתה_ניצול_מעמד"": ""לא"", ""האם_הייתה_שליטה_על_המעשה"": ""כן"", ""האם_הנאשם_הבין_את_מעשיו"": ""כן"", ""האם_הנאשם_פעל_באופן_עצמאי"": ""לא, גייס אחרים לביצוע חלק מהמעשים"", ""האם_הנזק_היה_צפוי"": ""כן, פוטנציאל לנזק חמור עקב סחר בנשק"", ""האם_הנשק_הועבר_לנאשם"": ""לא, העסקה לא הושלמה"", ""האם_הנשק_היה_ברשות_הנאשם"": ""לא"", ""האם_העבירה_בוצעה_בזיקה_לארגון_פשיעה"": ""לא צוין"", ""האם_נגרם_נזק_ממשי"": ""לא, העסקה לא הושלמה"", ""חלקו_של_הנאשם"": ""יזם את העסקה, תיאם את הרכישה, גייס מסיע"", ""מחיר_מוסכם"": ""7000-8000 ש\""ח"", ""מניע_הנאשם"": ""רכישת נשק בתמורה כספית"", ""מספר_מעורבים"": ""לפחות 4 (הנאשם, סאמי, אימן, עמרו כשאן, יוסף)"", ""מקום_העבירה"": ""בין ירושלים לשכם, שטחים"", ""סוג_הנשק"": ""רובה M-16"", ""סוג_העבירה"": ""ניסיון לעסקה בנשק"", ""סוג_העסקה"": ""רכישה"", ""סעיף_חוק"": ""144(ב2) בצירוף סעיף 25 לחוק העונשין"", ""שלב_העבירה"": ""ניסיון"", ""תכנון_מוקדם"": ""בוצע תכנון מוקדם שכלל שיחות ותיאום בין הנאשם לסאמי""}","{""אופן_ההשגה"": ""גניבה מבסיס צה\""ל"", ""אופן_העברת_הנשק"": [""העברה פיזית בין נאשמים"", ""הובלה ברכב"", ""הסתרה בבתים""], ""אופן_תפיסת_הנשק"": [""מעצר יזום של המשטרה"", ""הובלה על ידי נאשם"", ""הסתרה במחסן""], ""האם_בוצעה_מכירה_בפועל"": false, ""האם_היה_נזק_פוטנציאלי"": true, ""האם_היה_נזק_פיזי"": false, ""האם_היה_ניצול_של_שירות_צבאי"": true, ""האם_היה_שימוש_במעמד_או_כוח"": true, ""האם_היו_נסיבות_מחמירות"": true, ""האם_היו_נסיבות_מקלות"": false, ""האם_היו_קטינים_מעורבים"": false, ""האם_הייתה_אכזריות_או_אלימות"": false, ""האם_הייתה_הבנה_של_המעשה"": true, ""האם_הייתה_הסתרה_או_העלמה_של_נשק"": true, ""האם_הייתה_העברת_נשק_לאדם_שאינו_מורשה"": true, ""האם_הייתה_התגרות_של_נפגע"": false, ""האם_הייתה_מצוקה_נפשית"": false, ""האם_הייתה_פעילות_משטרתית_יזומה"": true, ""האם_הייתה_קרבה_לסייג_פלילי"": false, ""האם_הייתה_שליטה_על_המעשה"": true, ""האם_הנשק_היה_טעון"": true, ""האם_הנשק_היה_מבצעי"": true, ""האם_הנשק_נתפס"": true, ""היכרות_מוקדמת_בין_המעורבים"": true, ""כמות_נשקים"": 2, ""מספר_אנשים_שניסו_לרכוש"": ""לא ידוע, מספר מתעניינים"", ""מספר_נאשמים"": 4, ""מספר_נסיונות_למכור"": 1, ""מקום_ביצוע_העבירה"": [""בסיס צה\""ל בבא\""פ דרום"", ""רהט""], ""משך_הקשר_לפני_העבירה"": ""כשבוע"", ""ניסיון_למכור_נשק"": true, ""סוג_הנשק"": [""רובה מיקרו תבור"", ""כוונת צלפים טרג'יקון"", ""כוונת מארס""], ""סעיפי_חוק"": [""499(א)(1)"", ""144(ב)"", ""144(א)"", ""384"", ""144(ב2)"", ""25""], ""עבירות"": [""קשירת קשר לביצוע פשע"", ""נשיאה והובלת נשק"", ""החזקת נשק"", ""גניבה"", ""ניסיון לסחר בנשק""], ""שווי_עסקה_מתוכנן"": 50000, ""תחמושת"": {""כמות_כדורים"": 29, ""סוג"": ""5.56 מ\""מ""}, ""תכנון_מוקדם"": true}",40.0,"1. **סוג העבירה וחומרתה**:  
שני התיקים עוסקים בסחר/ניסיון לסחר בנשק, ובשניהם לא נגרם נזק פיזי מוחשי. עם זאת, תיק 2 כולל עבירות חמורות ורבות יותר (גניבה מבסיס צה""ל, הקשירה, נשיאה, הקצאת נשק מבצעי וטעון), בעוד תיק 1 מוגבל לניסיון לעסקה שלא הושלמה. חומרת העבירה בתיק 2 גבוהה בהרבה.

2. **תפקיד הנאשם ומעורבותו**:  
בתיק 1 הנאשם הוא יזם העסקה, גייס אחרים ותיאם את הפעולה – מעורבות מובילה. בתיק 2 יש מספר נאשמים עם תפקידים שונים, אך גם כאן יש יזמה (העברת נשק stolen, ניסיון למכור). עם זאת, בתיק 2 יש ניצול של מעמד צבאי, מה שמעיד על מעורבות עמוקה ומסוכנת יותר.

3. **שיטת הביצוע (MO)**:  
בתיק 1: תכנון טלפוני, עסקת רכישה שלא הסתיימה. בתיק 2: גניבה מבסיס צבאי, הסתרה, העברה פיזית, תיאום בין נאשמים. שיטת הביצוע בתיק 2 מורכבת, מבצעית ומעשית, בעוד בתיק 1 מדובר בניסיון תיאורטי יחסית שלא הגיע לשלב ההעברה.

4. **נסיבות הליבה**:  
בתיק 2: נשק מבצעי וטעון, תחמושת, ניצול שירות צבאי, עבירות מרובות, שווי עסקה גבוה בהרבה (50,000 ש""ח). בתיק 1: נשק (M-16), אך העסקה לא התקדמה, ללא תחמושת או העברה פיזית. ניצול מעמד ונסיבות מחמירות מובהקות בתיק 2, בניגוד לתיק 1 שבו לא צוינו.

5. **ישימות כתקדים**:  
למרות ששניהם עוסקים בניסיון לסחר בנשק, התיק 2 כולל רצף עבירות, תכנון מתקדם, נשק מבצעי ונסיבות מחמירות חמורות – מה שמקשה על הפנייתו כתקדים ישיר לתיק 1, שבו מדובר בניסיון ראשוני, ללא השלמת עסקה או העברה פיזית. ההבדלים בנסיבות ובמעורבות הופכים את הדמיון למשני.

SIMILARITY_SCORE: 40","ok",""
"ME-17-02-54432-484","ME-16-07-45228-25",3,1,1,"{""אופן_הנשיאה_בעת_המעצר"": ""האקדח היה טעון והוסתר בתחתוניו של הנאשם"", ""אירוע_מעצר"": ""ביום 16.02.17 בשעות הצהריים"", ""האם_היה_שימוש_באלימות_או_איומים"": ""לא"", ""האם_היו_שותפים_לנסיעה"": ""כן, שלושה נוספים ברכב"", ""האם_הנאשם_החזיק_ברישיון_לנשק"": ""לא"", ""האם_הנאשם_היה_בהשפעת_אחרים"": ""לא צוין"", ""האם_הנאשם_היה_במצוקה_נפשית"": ""לא צוין"", ""האם_הנאשם_היה_קטין_בעת_העבירה"": ""לא"", ""האם_הנאשם_היה_קרוב_לסייג_לאחריות_פלילית"": ""לא צוין"", ""האם_הנאשם_ניצל_מעמד_או_כוח"": ""לא צוין"", ""האם_הנאשם_פעל_למנוע_תפיסת_הנשק"": ""כן, הכניס את האקדח לתחתוניו כשראה את השוטרים"", ""האם_הנשק_היה_ברכב"": ""כן, במהלך הנסיעה"", ""האם_הנשק_היה_טעון"": ""כן"", ""האם_הנשק_היה_נגיש_לנאשם"": ""כן, אחז בו בידו"", ""האם_הנשק_תקין_לשימוש"": ""כן"", ""האם_העבירה_בוצעה_במסגרת_ארגון_פשע"": ""לא צוין"", ""האם_העבירה_בוצעה_בתמורה_או_למטרת_רווח"": ""לא צוין"", ""האם_העבירה_בוצעה_מתוך_תכנון_מוקדם"": ""לא צוין תכנון מוקדם"", ""האם_נגרם_נזק_פיזי_או_נפגעים"": ""לא"", ""מספר_כדורים"": 7, ""מקום_החזקה_העיקרי"": ""סמוך לביתו של הנאשם"", ""מקום_המעצר"": ""צומת הרחובות הגעתון והרצל בנהריה"", ""מקום_הנשיאה_העיקרי"": ""למקומות אליהם הלך או נסע"", ""מקום_מגורים_של_הנאשם"": ""כפר קאסם"", ""משך_החזקה_בנשק"": ""מספר חודשים"", ""סוג_הנשק"": ""אקדח מסוג ברטה מס.ד 82233"", ""סוג_העבירה"": ""החזקה ונשיאת נשק"", ""סוג_תחמושת"": ""מחסנית תואמת ובה 7 כדורים 0.22 מ\""מ"", ""סעיפי_אישום"": [""144(א) רישא"", ""144(א) סיפא"", ""144(ב) רישא"", ""144(ב) סיפא""], ""שנת_לידה_של_הנאשם"": 1996, ""תדירות_נשיאת_הנשק"": ""פעמים רבות מאוד""}","{""אופן_החזקה"": ""נשיאה על הגוף"", ""אופן_הסלקה"": ""הסלקה מתחת לשמיכה על מזרן בחדר בבית"", ""אכזריות_או_ניצול"": ""לא צוין"", ""האם_היו_שותפים"": ""לא"", ""האם_הנאשם_החזיק_רישיון"": ""לא"", ""האם_הנשק_היה_טעון"": ""כן"", ""האם_הנשק_היה_תקין"": ""לא צוין"", ""האם_העבירה_בוצעה_במקום_ציבורי"": ""לא, בכניסה לבית מגורים"", ""התגרות_נפגע"": ""לא רלוונטי"", ""זמן_ביצוע"": ""19.7.16, שעת לילה"", ""חלקו_היחסי_של_הנאשם"": ""מבצע יחיד"", ""יכולת_הבנה"": ""לא צוין קושי בהבנה"", ""יכולת_שליטה_במעשה"": ""שליטה מלאה"", ""מצוקה_נפשית_עקב_התעללות"": ""לא נטענה"", ""מקום_ביצוע"": ""בסמוך לבית דודו בכפר זלפה"", ""נזק_צפוי"": ""פוטנציאל סיכון חמור לחיי אדם"", ""נזק_שנגרם"": ""לא נגרם נזק בפועל"", ""ניצול_כוח_או_מעמד"": ""לא צוין"", ""סוג_הנשק"": ""אקדח FN"", ""סוג_העבירה"": ""נשיאת נשק שלא כדין"", ""סיבות_לביצוע"": ""לא פורטו"", ""סעיף_חוק"": ""144(ב) רישא וסיפא לחוק העונשין"", ""קרבה_לסייג_לאחריות_פלילית"": ""לא נטענה"", ""תגובה_לשוטרים"": ""התרחקות בהליכה מהירה, בריחה בריצה לתוך הבית"", ""תחמושת"": ""מחסנית ובה עשרה כדורי אקדח בקוטר 9 מ\""מ"", ""תכנון_מוקדם"": ""לא צוין תכנון מוקדם""}",75.0,"1. **סוג העבירה וחומרתה** — שני התיקים עוסקים בהחזקת ונשיאת נשק ללא רישיון, ובשניהם הנשק היה טעון ונאשר לשימוש. מדובר בעבירות דומות מבחינת סעיף האישום (144), עם חומרה דומה – נשיאת נשק טעון במרחב ציבורי/מגורים.  
2. **תפקיד הנאשם ומעורבותו** — בשני המקרים מדובר באנשים שפעלו כבודדים, מחזיקים בנשק באופן אישי, ללא רמז לארגון פלילי או שותפות ישירה. מעורבותם פעילה ולא מקרית.  
3. **שיטת הביצוע (MO)** — שניהם נשאו את הנשק על הגוף, הגיבו לשוטרים בהסתרה או בריחה (הכנסת הנשק לתחתוניו / בריחה לתוך הבית), מה שמצביע על מודעות לאיסוריות הפעולה. אופן ההסתרה והבריחה דומה ברוחו, אם כי לא זהה בפרטיו.  
4. **נסיבות הליבה** — בשני המקרים לא היו נפגעים, לא נעשה שימוש באלימות, אך קיים סיכון פוטנציאלי גבוה. הכמות של תחמושת גבוהה יחסית (7–10 כדורים), והנשיאה הייתה מתמשכת (אף שאין פרט מפורש על משך זמן בתיק 2). תיק 1 כולל תדירות גבוהה של נשיאה, מה שמצביע על דפוס התנהגות קבוע – פחות ברור בתיק 2.  
5. **ישימות כתקדים** — שני התיקים יכולים לשמש כתקדים אחד לשני בסוג העבירה, חומרתה, ומידת הסיכון, אך תיק 1 נראה כבעל דפוס התנהגות קבוע יותר (תדירות גבוהה, נשיאה לאורך זמן), מה שעלול להשפיע על עונש. לכן, בעוד שיש דמיון משפטי משמעותי, יש הבדלים בנסיבות שעשויות להצדיק עונשים שונים.

SIMILARITY_SCORE: 75","ok",""
"ME-09-06-10774-130","SH-20-02-52091-995",1,0,0,"{""אכזריות_או_ניצול_נפגע"": ""לא צוין"", ""דגם_הנשק"": ""ברטה"", ""האם_הייתה_תכנית_מוקדמת"": ""לא צוין"", ""האם_הנשק_היה_ברכב"": ""כן"", ""האם_הנשק_היה_ברשות_הנאשם"": ""כן"", ""חלקו_היחסי_של_הנאשם"": ""לא פורט"", ""יכולת_הבנה_של_הנאשם"": ""לא צוין"", ""יכולת_שליטה_במעשה"": ""לא צוין"", ""מיקום_העבירה"": ""רכב באזור כפר מושרייפה"", ""מספר_מעורבים"": ""2"", ""מצוקה_נפשית_של_הנאשם"": ""לא צוין"", ""נזק_שהיה_צפוי"": ""פוטנציאל לפגיעה בשל החזקת נשק חם"", ""נזק_שנגרם"": ""לא צוין"", ""ניצול_כוח_או_מעמד"": ""לא צוין"", ""סוג_הנשק"": ""אקדח"", ""סוג_העבירה"": ""החזקת ונשיאת נשק שלא כדין"", ""סיבות_לביצוע_העבירה"": ""לא צוין"", ""סעיפי_חוק"": [""144(א)"", ""144(ב)""], ""קרבה_לסייג_לאחריות_פלילית"": ""לא צוין""}","{""אופן_גילוי"": ""חיפוש משטרתי יזום"", ""אופן_החזקה"": ""החזקה פיזית בבית הנאשם"", ""אכזריות_או_ניצול_נפגע_העבירה"": ""לא רלוונטי"", ""האם_החזקה_ברישיון"": ""לא"", ""האם_הייתה_תכנית_מוקדמת"": ""לא צוין"", ""האם_הנשק_בכוחו_להמית"": ""כן"", ""האם_הנשק_יורה"": ""כן"", ""האם_הנשק_מאולתר"": ""כן"", ""התגרות_של_נפגע_העבירה"": ""לא רלוונטי"", ""חלקו_היחסי_של_הנאשם"": ""בלעדי"", ""יכולת_הבנה_של_הנאשם"": ""לא צוין"", ""יכולת_שליטה_במעשה"": ""לא צוין"", ""כמות_תחמושת"": ""כ-20 קליעים"", ""מצוקה_נפשית_של_הנאשם"": ""לא צוין"", ""מקום_החזקה"": ""ארון במטבח ביתו של הנאשם בשבט אלאעצם"", ""משך_החזקה"": ""מיום 14.02.20 עד 16.02.20"", ""נזק_שהיה_צפוי"": ""פוטנציאל קטלני"", ""נזק_שנגרם"": ""לא צוין"", ""ניצול_כוח_או_מעמד"": ""לא רלוונטי"", ""סוג_הנשק"": ""תת מקלע מאולתר 9 מ\""מ"", ""סוג_העבירה"": ""החזקה לא חוקית של נשק ותחמושת"", ""סוג_התחמושת"": ""קליעי 9 מ\""מ"", ""סיבות_לביצוע_העבירה"": ""לא צוין"", ""סעיף_חוק"": ""144(א) רישא וסיפא לחוק העונשין, תשל\""ז – 1977"", ""קרבה_לסייג_לאחריות_פלילית"": ""לא צוין""}",55.0,"1. **סוג העבירה וחומרתה** — שני התיקים עוסקים בהחזקת נשק ללא רישיון, ובשניהם מדובר בנשק קטלני. עם זאת, תיק 2 כולל גם תחמושת ומתייחס לנשק מאולתר עם פוטנציאל קטלני גבוה יותר, מה שמצביע על חומרה מוגברת לעומת החזקת אקדח פשוט בתיק 1. הדמיון ב범 nature של העבירה גדול, אך חומרת הנשק בתיק 2 מוסיפה ממד של סיכון גבוה יותר.  
2. **תפקיד הנאשם ומעורבותו** — בתיק 1 מעורבים שני אנשים, וחלקו של הנאשם לא מפורט, בעוד בתיק 2 החזקה היא פיזית, בביתו, ובאופן בלעדי — כלומר מעורבות ישירה וברורה. זה מצביע על מעורבות פעילה וחד-משמעית יותר בתיק 2.  
3. **שיטת הביצוע (MO)** — בתיק 1 הנשק נמצא ברכב באזור כפר מושרייפה, ואילו בתיק 2 הנשק מאולתר ומוחזק בביתו של הנאשם. שיטת ההחזקה שונה: ניידות מול אחסון קבוע, והנשק בתיק 2 הוא מאולתר — מה שמעיד על רמת אירגון או מודעות לסיכון גבוה יותר. אין דפוס MO זהה.  
4. **נסיבות הליבה** — בתיק 2 יש כמות תחמושת מפורטת (כ-20 קליעים), נשק מאולתר ומקום אחסון קבוע, מה שמעיד על תכנון או הכנה מראש. בתיק 1 אין מידע כזה, והעבירה נראית חד-פעמית או פחות מתוכננת. גם משך החזקה בתיק 2 מפורט — מה שמעיד על החזקה ממושכת.  
5. **ישימות כתקדים** — למרות ששני התיקים עוסקים בחברת נשק לפי סעיף 144(א), ההבדלים בסוג הנשק, חומרתו, אופן ההחזקה, מספר המעורבים ומשך הזמן מקטינים את הסבירות שיתקבלו פסקי דין דומים. בית משפט יראה בהם עבירות באותו תחום, אך לא בהכרח רלוונטיים זה לזה לצורכי ענישה זהה.

SIMILARITY_SCORE: 55","ok",""
"SH-15-03-49530-992","ME-16-05-9983-155",2,0,1,"{""גיל_הנאשם_בעת_העבירה"": ""כ-23"", ""האם_החזקה_במחסן"": ""כן"", ""האם_החזקה_במקום_מגורים"": ""כן, בסמוך לבית הנאשם"", ""האם_החזקה_בצמוד_לנשק_תחמושת"": ""כן"", ""האם_החזקה_בתיק"": ""כן"", ""האם_החזקה_ללא_רישיון"": ""כן"", ""האם_החזקה_למשך_מספר_ימים"": ""כן"", ""האם_הנשק_טעון"": ""כן"", ""האם_הנשק_מאולתר"": ""כן"", ""מספר_מחסניות"": ""2"", ""מקום_החזקה"": ""תיק על גג מחסן סמוך לבית הנאשם בג'לג'וליה"", ""סוג_הנשק"": ""רובה מאולתר מסוג קרל גוסטב"", ""סוג_העבירה"": ""החזקת נשק שלא כדין"", ""סוג_תחמושת"": ""כדורים בקוטר 9 מ\""מ וכדורים בקוטר 5.56 מ\""מ"", ""סעיף_חוק"": ""סעיף 144(א) לחוק העונשין"", ""תקופת_העבירה"": ""5.3.2015-11.3.2015""}","{""אופן_החזקה"": ""החביא את הנשק והמחסנית במקום מסתור"", ""אופן_העברת_הנשק"": ""הועבר מהנאשם לאדם אחר לבקשת קרוב משפחה"", ""אכזריות_או_ניצול"": ""לא"", ""האם_הייתה_הובלה"": ""כן, הוביל את הנשק למקום מסתור ולאחר מכן העבירו לאדם אחר"", ""האם_הייתה_תמורה_כספית_לנאשם"": ""לא"", ""האם_הייתה_תמורה_כספית_לעבירה"": ""כן, קרוב המשפחה רכש את הנשק תמורת 7,300 ש\""ח"", ""האם_הנאשם_פעל_בהשפעת_אחר"": ""כן, פעל לבקשת קרוב משפחה"", ""האם_הנשק_הוחזק_במקום_ציבורי"": ""לא, הוסתר במקום מסתור ולאחר מכן בגג בית פרטי"", ""האם_הנשק_היה_טעון"": ""לא צוין"", ""האם_הנשק_תקין"": ""לא צוין"", ""האם_העבירה_בוצעה_במסגרת_ארגון_פשיעה"": ""לא"", ""האם_העבירה_בוצעה_בצוותא"": ""היו מעורבים נוספים אך הנאשם פעל לבקשת אחר"", ""התגרות_נפגע_העבירה"": ""לא רלוונטי"", ""חלקו_של_הנאשם"": ""החזיק והסתיר את הנשק והמחסנית, לאחר מכן העבירם לאדם אחר"", ""יכולת_הבנה_של_הנאשם"": ""לא צוין קושי בהבנה"", ""יכולת_שליטה_במעשה"": ""לא צוין קושי בשליטה"", ""מניע_הנאשם"": ""פנייה של קרוב משפחה, לא צוין מניע אישי"", ""מספר_נאשמים"": 1, ""מספר_נשקים"": 1, ""מצוקה_נפשית_עקב_התעללות"": ""לא"", ""משך_החזקה"": ""כשבוע"", ""נזק_צפוי"": ""החזקה והעברת נשק חם מהווים סיכון חמור לשלום הציבור"", ""נזק_שנגרם"": ""לא צוין נזק בפועל"", ""ניצול_כוח_או_מעמד"": ""לא"", ""סוג_הנשק"": ""תת מקלע מאולתר"", ""סוג_העבירה"": ""החזקה ונשיאת נשק שלא כדין"", ""סוג_תחמושת"": ""מחסנית"", ""סעיפי_אישום"": [""144א"", ""144ב""], ""קרבה_לסייג_לאחריות_פלילית"": ""לא"", ""שווי_הנשק"": 7300, ""תכנון_מוקדם"": ""הנאשם פעל לבקשת קרוב משפחה, לא יזם את רכישת הנשק""}",58.0,"1. **סוג העבירה וחומרתה** — שני התיקים עוסקים בהחזקת נשק לא מורשה, אך תיק 2 כולל גם העברה – מעשה פעיל יותר, עם איסור נוסף לפי סעיף 144(ב). בנוסף, החזקת נשק מאולתר (בשני המקרים) נחשבת לחמורה, אך בתיק 1 יש הימצאות מחסניות וכדורנים בקוטרים שונים, מה שמעיד על פוטנציאל סיכון גבוה יותר. החומרה דומה ברובה, אך תיק 1 נראה חמור יותר בשל הימצאות תחמושת מרובת סוגים.

2. **תפקיד הנאשם ומעורבותו** — בתיק 1, הנאשם הוא החוסה והמחזיק לאורך זמן קצר, ללא רמז לפעילות מעבר לכך – מעורבות יחסית פסיבית. בתיק 2, הנאשם מעביר נשק לאחרים לבקשת קרוב משפחה – מעורבות פעילה יותר, אם כי לא כיזם. שניהם לא יזמו את העבירה, אך בתיק 2 יש מעבר של נשק – פעולה שמערבת אחריות גדולה יותר.

3. **שיטת הביצוע (MO)** — בשני המקרים מדובר בהסתרת נשק מאולתר במקום מוסתר (גג בית/מחסן סמוך לבית), אך בתיק 2 יש תנועה – הסתרה ואז העברה. זה מצביע על שיטת ביצוע מורכבת יותר לעומת החזקה סטטית בתיק 1. הדפוס שונה: אחד הוא אחסון, השני כולל העברה.

4. **נסיבות הליבה** — בתיק 1: נשק טעון, עם שתי מחסניות ותחמושת מרובה, בחצר פרטית ובסמיכות לנשק – סיכון מיידי. בתיק 2: משך קצר (~שבוע), ללא ציון שהנשק טעון או תקין, אך היה ערך כספי ברור (7,300 ש""ח) ותמורה כספית לקשר המשפחתי. סיכון ציבורי קיים בשניהם, אך בתיק 1 הפוטנציאל לסיכון מיידי גדול יותר.

5. **ישימות כתקדים** — שני התיקים עוסקים בהחזקת נשק מאולתר ללא רישיון, בתחום הכפרים הדרוזים/הערבים, אך ההקשר שונה: תיק 1 מתמקד בסיכון מבוקר (אחסון של נשק טעון עם תחמושת), בעוד תיק 2 עוסק בעבירה בתוך שרשרת העברה משפחתית ללא רווח אישי ישיר. למרות הדמיון הכללי בסוג הנשק והסביבה, nature-השל מעשה (החזקה בלבד מול העברה) והמניע (משפחה מול לא ידוע) מקשים על שימוש ישיר כתיקרי ענישה.

SIMILARITY_SCORE: 58","ok",""
