"verdict_1","verdict_2","similarity_scale","similarity_binary_0","similarity_binary_1","feature_vector_1","feature_vector_2","score","response","status","last_error"
"SH-16-04-30406-325","ME-16-02-59812-881",1,0,0,"{""מותג הרכב"": ""רנו"", ""מספר רישוי"": ""88-687-10"", ""מיקום הנשק ברכב"": ""תא מטען"", ""מספר כלי נשק"": 2, ""מספר עבירה"": ""144 א"", ""סוג עבירה"": ""החזקה נשק"", ""סוג הנשק [תת מקלע מאולתר]"": 1.0, ""סטטוס הנשק"": ""נשק מופרד מתחמושת"", ""תכנון"": ""לא"", ""אופן החזקת הנשק"": ""ברכב"", ""אופן קבלת הנשק"": ""רכש"", ""כמות תחמושת"": ""מחסנית ריקה ובה 0 כדורים, 2 מחסניות"", ""שימוש"": ""לא""}","{""מקום עבודה"": ""בית ספר יסודי"", ""תפקיד בעבודה"": ""מאבטחת"", ""סוג האקדח"": ""תארוס 9 מ\""מ"", ""תקופת העבירות"": ""יולי 2015 - פברואר 2016"", ""סוגי סמים"": ""חשיש, הרואין"", ""כמות סם הרואין"": ""ארבע חבילות"", ""מחיר מכירת הנשק"": ""8,000 ₪"", ""סכום כסף במזומן"": ""8,000 ₪"", ""שם הקונה"": ""מחמוד צאלוק"", ""סיבת מכירת הנשק"": ""צורך בכסף לרכישת סמים"", ""תיאור האירוע המזויף"": ""שוד בו נגנב האקדח"", ""תגובת מעבידה לאירוע השוד"": ""פנייה מיידית למשטרה"", ""תאריך הדיווח על השוד"": ""18.2.16"", ""מספר עבירה"": ""144 ב"", ""סוג עבירה"": ""סחר בנשק"", ""עבירות נוספות"": ""הנאשם הואשם והורשע בנוסף לעבירת נשק (סחר בנשק לפי סעיף 144(ב2)), גם בעבירות מסירת ידיעה כוזבת על עבירת פשע (סעיף 243 לחוק העונשין) ושיבוש הליכי משפט (סעיף 244 לחוק העונשין). אלו אינן עבירות נשק."", ""סוג הנשק [אקדח]"": 1.0, ""סטטוס הנשק"": ""נשק מופרד מתחמושת"", ""תכנון"": ""לא"", ""אופן החזקת הנשק"": ""בבית"", ""כמות תחמושת"": ""2 מחסניות, 20 כדורים"", ""מטרה-סיבת העבירה"": ""בצע כסף"", ""שימוש"": ""לא""}",25.0,"1. **סוג העבירה וחומרתה**  
תיק 1 עוסק בהחזקה בלתי חוקית של נשק (סעיף 144(א)), בעוד תיק 2 עוסק בסחר בנשק (סעיף 144(ב2)), בנוסף לעבירות נלוות (מסירת ידיעה כוזבת, שיבוש הליכי משפט). סחר בנשק נחשב לעבירה חמורה בהרבה מהחזקה בלבד, הן מבחינת מדיניות הענישה והן מבחינת מסוכנות.

2. **תפקיד הנאשם ומעורבותו**  
בתיק 1 הנאשם מחזיק בנשק ברכב, ללא אינדיקציה למעורבות פעילה מעבר להחזקה. בתיק 2 הנאשמת יוזמת מכירה של נשק, פועלת באופן אקטיבי להשגת רווח כספי, ומבצעת פעולות נוספות לשיבוש החקירה. מדובר במעורבות יוזמת ופעילה לעומת מעורבות פסיבית יחסית.

3. **שיטת הביצוע (MO)**  
בתיק 1 מדובר בהחזקה פיזית של נשק ברכב, ללא תכנון או שימוש. בתיק 2 יש תכנון מסוים (מכירה, יצירת סיפור כוזב), מכירה בפועל של נשק, ושימוש בתחבולה (דיווח שקרי על שוד). דפוסי הפעולה שונים מהותית.

4. **נסיבות הליבה**  
בתיק 1: שני כלי נשק (תת-מקלעים מאולתרים), ללא תחמושת, ללא שימוש, ללא תכנון. בתיק 2: אקדח עם תחמושת, מכירה תמורת כסף, מניע כלכלי, עבירות נלוות, תכנון מסוים (הסתרה). הנסיבות בתיק 2 מחמירות בהרבה.

5. **ישימות כתקדים**  
בתי המשפט יבחינו בין החזקה לסחר, במיוחד כאשר בתיק 2 יש נסיבות מחמירות נוספות (שיבוש, מסירת ידיעה כוזבת, מניע כלכלי מובהק). תיק החזקה לא ישמש תקדים מהותי לענישה בתיק סחר, ולהפך.

SIMILARITY_SCORE: 25","ok",""
"ME-16-05-25902-514","ME-16-11-56385-886",3,1,1,"{""מקום רכישת הנשק"": ""קלנסוואה"", ""מקום החזקת הנשק"": ""מקלט בבית"", ""תאריך גניבת הנשק"": ""31.12.13"", ""מספר סידורי של הנשק"": ""682663"", ""סוג הנשק"": ""ברטה"", ""תאריך תחילת החזקת הנשק"": ""פברואר 2016"", ""תאריך נשיאת הנשק"": ""8.5.16"", ""שעת נשיאת הנשק"": ""06:00"", ""מספר עבירה"": ""144 א, 144 ב"", ""סוג עבירה"": ""החזקה נשק, נשיאת נשק"", ""סוג הנשק [אקדח]"": 1.0, ""סטטוס הנשק"": ""נשק עם מחסנית בהכנס"", ""תכנון"": ""לא"", ""אופן החזקת הנשק"": ""בבית, על גופו"", ""אופן קבלת הנשק"": ""רכש"", ""כמות תחמושת"": ""מחסנית ובה 7 כדורים"", ""מטרה-סיבת העבירה"": ""הגנה עצמית"", ""שימוש"": ""לא""}","{""תאריך גניבת הנשק"": ""14.10.07"", ""תאריך החזקת הנשק"": ""18.11.16"", ""דגם הנשק"": ""יריחו"", ""מצב הנשק"": ""דרוך, טעון ומוכן לירי"", ""מספר עבירה"": ""144 א"", ""סוג עבירה"": ""החזקה נשק"", ""סוג הנשק [אקדח]"": 1.0, ""סטטוס הנשק"": ""נשק עם כדור בקנה"", ""תכנון"": ""לא"", ""אופן החזקת הנשק"": ""על גופו"", ""שימוש"": ""לא""}",85.0,"1. **סוג העבירה וחומרתה** — בשני התיקים מדובר בעבירת החזקת נשק (סעיף 144 א), כאשר בתיק 1 יש גם נשיאת נשק (144 ב). שניהם עוסקים באקדח, ללא שימוש בפועל. רמת החומרה דומה, אך בתיק 1 יש עבירה נוספת (נשיאה), שמעלה מעט את החומרה.
2. **תפקיד הנאשם ומעורבותו** — בשני המקרים הנאשם הוא המחזיק הישיר של הנשק, ללא אינדיקציה למעורבות רחבה יותר (כגון סחר או תיווך). המעורבות היא ישירה ואקטיבית, אך לא יוזמת או מתוחכמת.
3. **שיטת הביצוע (MO)** — בשני המקרים הנשק הוחזק על גופו של הנאשם, לא בוצע שימוש, ולא היה תכנון מוקדם. אופן ההחזקה דומה מאוד.
4. **נסיבות הליבה** — בשני התיקים מדובר באקדח גנוב, טעון ומוכן לשימוש (מחסנית/כדור בקנה), ללא שימוש בפועל וללא תכנון. בתיק 1 יש גם החזקה בבית ומחסנית עם 7 כדורים, בתיק 2 לא מצוין כמות תחמושת. בתיק 1 צוין מניע (הגנה עצמית), בתיק 2 לא.
5. **ישימות כתקדים** — שני התיקים דומים מאוד בנסיבות המהותיות, למעט העובדה שבתיק 1 יש גם נשיאה (ולא רק החזקה), ופרט טכני של מניע. בית משפט יראה בתיק 1 תקדים רלוונטי מאוד לתיק 2, אך לא זהה לחלוטין בשל העבירה הנוספת.

SIMILARITY_SCORE: 85","ok",""
"ME-18-06-36728-73","ME-16-09-398-589",3,1,1,"{""מיקום האירוע"": ""כפר קרע"", ""תאריך האירוע"": ""24.5.18"", ""שעת האירוע"": ""בסמוך לשעה 14:00"", ""זירת האירוע"": ""פנצ'רייה של משפחת עסלי"", ""סוג הרכב של המתלונן"": ""רכב פרטי"", ""מספר פגיעות"": ""פגיעה אחת"", ""מיקום הפגיעה בגוף"": ""ירך רגל ימין"", ""תוצאת הפגיעה"": ""פצע ירי"", ""משך אשפוז המתלונן"": ""עד ליום 31.5.18"", ""סוג המחלוקת"": ""ויכוח בכביש"", ""מספר עבירה"": ""144 ב"", ""סוג עבירה"": ""נשיאת נשק"", ""עבירות נוספות"": ""הנאשם הורשע בנוסף לעבירת נשק (סעיף 144(ב)), גם בעבירת פציעה לפי סעיף 334 לחוק העונשין. עבירה זו אינה עבירת נשק ומהווה עבירה נוספת."", ""סוג הנשק [אקדח]"": 1.0, ""סטטוס הנשק"": ""נשק עם כדור בקנה"", ""תכנון"": ""לא"", ""אופן החזקת הנשק"": ""על גופו, מוסלק - מוסתר"", ""מטרה-סיבת העבירה"": ""סגירת חשבון"", ""שימוש"": ""לא""}","{""מיקום האירוע"": ""גינה ציבורית בבת-ים"", ""תאריך האירוע"": ""לילה שבין 10.8.16 ל-11.8.16"", ""מרחק ירי"": ""10 מטר"", ""פצעים"": ""פצעי כניסה ויציאה בשוק הימנית"", ""טיפול רפואי"": ""טופל בבית חולים"", ""מספר נפגעים"": 1, ""זהות הנפגע"": ""וויליאם קניסופה"", ""הפתעה"": ""כן"", ""מספר תוקפים"": 2, ""זהות תוקף נוסף"": ""לא ידועה"", ""מספר עבירה"": ""144 ב"", ""סוג עבירה"": ""נשיאת נשק"", ""עבירות נוספות"": ""הנאשם הורשע בנוסף לעבירת נשק (נשיאת נשק שלא כדין לפי סעיף 144(ב)), גם בעבירה של חבלה חמורה בנסיבות מחמירות לפי סעיפים 333 + 335(א)(2+1) לחוק העונשין. זוהי עבירת אלימות חמורה שאינה עבירת נשק."", ""סוג הנשק [אקדח]"": 1.0, ""סטטוס הנשק"": ""נשק עם כדור בקנה"", ""תכנון"": ""כן"", ""אופן החזקת הנשק"": ""על גופו"", ""שימוש"": ""לא""}",65.0,"1. **סוג העבירה וחומרתה**  
בשני התיקים מדובר בהרשעה בעבירת נשיאת נשק (סעיף 144(ב)), ובשניהם עבירת אלימות נוספת: בתיק 1 – פציעה (סעיף 334), בתיק 2 – חבלה חמורה בנסיבות מחמירות (סעיפים 333+335). עם זאת, החבלה בתיק 2 חמורה יותר (חבלה חמורה לעומת פציעה).

2. **תפקיד הנאשם ומעורבותו**  
בשני המקרים הנאשם הוא נושא הנשק והפוגע בפועל, כלומר מעורבות ישירה ופעילה.

3. **שיטת הביצוע (MO)**  
בשני המקרים מדובר בנשיאת אקדח טעון, מוסתר על הגוף, וירי שפצע את הקורבן. עם זאת, בתיק 2 יש תכנון מוקדם והפתעה, בעוד שבתיק 1 לא היה תכנון.

4. **נסיבות הליבה**  
בתיק 1 מדובר בויכוח ספונטני בכביש שהוביל לירי, ללא תכנון; בתיק 2 – תקיפה מתוכננת, בשעת לילה, עם תוקף נוסף, ונסיבות מחמירות. בתיק 2 הפגיעה חמורה יותר (חבלה חמורה), ובוצעה הפתעה.

5. **ישימות כתקדים**  
שני התיקים עוסקים באותו סוג עבירה ובדפוס דומה (נשיאת נשק, ירי, פציעה), אך חומרת העבירה והנסיבות בתיק 2 גבוהות יותר (תכנון, חבלה חמורה, נסיבות מחמירות). לכן, תיק 1 יכול לשמש תקדים רלוונטי לתיק 2, אך לא להיפך, ובית המשפט יבחין בין רמות החומרה.

SIMILARITY_SCORE: 65","ok",""
"SH-17-10-10556-234","ME-16-11-13999-863",1,0,0,"{""קוטר הקליעים"": ""8 מ\""מ"", ""מיקום החזקת הנשק"": ""בחצר הסמוכה לבית, מתחת למזרון בערימת זבל"", ""מרחק החזקת הנשק מהבית"": ""100 מטרים"", ""בעלות הנשק"": ""בבעלות אחר"", ""מספר עבירה"": ""144 א"", ""סוג עבירה"": ""החזקה נשק"", ""סוג הנשק [אקדח]"": 1.0, ""סטטוס הנשק"": ""נשק עם מחסנית בהכנס"", ""תכנון"": ""לא"", ""אופן החזקת הנשק"": ""מוסלק - מוסתר"", ""כמות תחמושת"": ""מחסנית ובה 10 כדורים, מחסנית ריקה ובה 0 כדורים"", ""שימוש"": ""לא""}","{""סוג הרכב"": ""מאזדה"", ""שם הנהג"": ""זבידאת סלאמה"", ""מיקום האירוע"": ""סמוך לישוב ראמה"", ""זמן האירוע"": ""26.10.16 בשעה 20:00"", ""סוג האקדח"": ""STAR"", ""קליבר האקדח"": ""9 מ\""מ פאראבלום"", ""מיקום התקרית"": ""תחנת דלק סמוכה למחסום משטרתי"", ""פעולת הנאשם במעצר"": ""נסיעה לתוך תחנת דלק וניסיון להמשיך בנסיעה"", ""מספר עבירה"": ""144 א, 144 ב"", ""סוג עבירה"": ""החזקה נשק, נשיאת נשק, הובלת נשק"", ""סוג הנשק [אקדח]"": 1.0, ""סטטוס הנשק"": ""נשק עם מחסנית בהכנס"", ""תכנון"": ""לא"", ""אופן החזקת הנשק"": ""ברכב, על גופו"", ""כמות תחמושת"": ""מחסנית ובה כדורים, מחסנית נוספת ובה כדורים"", ""שימוש"": ""לא""}",55.0,"1. **סוג העבירה וחומרתה**  
בשני התיקים מדובר בעבירות נשק מסוג החזקה/נשיאה/הובלה, שתיהן לפי סעיף 144 לחוק העונשין. עם זאת, בתיק 2 מיוחסות גם נשיאה והובלה (144 ב), שמחמירות את התמונה לעומת החזקה בלבד (תיק 1). רמת החומרה דומה, אך בתיק 2 יש פוטנציאל להחמרה.

2. **תפקיד הנאשם ומעורבותו**  
בתיק 1 הנאשם החזיק נשק מוסתר בחצר, לא בביתו, והנשק בבעלות אחר — מעורבות יחסית פסיבית, ייתכן כ""שומר"" או ""מחזיק"" בלבד. בתיק 2 הנאשם נתפס עם הנשק על גופו ברכב, תוך כדי תנועה, וניסה להימלט — מעורבות ישירה, שליטה פיזית, ויוזמה מסוימת.

3. **שיטת הביצוע (MO)**  
בתיק 1 הנשק מוסלק ומוסתר, לא בשימוש מיידי; בתיק 2 הנשק על גופו של הנאשם, ברכב, מוכן לשימוש, תוך כדי תנועה. דפוסי ההחזקה שונים: הסתרה סטטית לעומת נשיאה דינמית.

4. **נסיבות הליבה**  
בשני המקרים מדובר באקדח עם מחסנית ובה כדורים, ללא שימוש בפועל וללא תכנון מוקדם. עם זאת, בתיק 2 יש נסיבות מחמירות: נשק על הגוף, ברכב, ניסיון להימלט, לעומת הסתרה סטטית בחצר בתיק 1. בתיק 1 הנשק לא שייך לנאשם, בתיק 2 לא מצוין.

5. **ישימות כתקדים**  
שני התיקים עוסקים בעבירות נשק דומות, אך נסיבות המעורבות, שיטת ההחזקה והחומרה שונות. בית המשפט עשוי לראות בתיק 1 תקדים רלוונטי לתיק 2 (ולא להיפך), בעיקר לעניין רף הענישה, אך יבחין בין נסיבות סטטיות לפעילות דינמית ומעורבות ישירה.

SIMILARITY_SCORE: 55","ok",""
"SH-17-10-10556-234","m08000207-175",1,0,0,"{""קוטר הקליעים"": ""8 מ\""מ"", ""מיקום החזקת הנשק"": ""בחצר הסמוכה לבית, מתחת למזרון בערימת זבל"", ""מרחק החזקת הנשק מהבית"": ""100 מטרים"", ""בעלות הנשק"": ""בבעלות אחר"", ""מספר עבירה"": ""144 א"", ""סוג עבירה"": ""החזקה נשק"", ""סוג הנשק [אקדח]"": 1.0, ""סטטוס הנשק"": ""נשק עם מחסנית בהכנס"", ""תכנון"": ""לא"", ""אופן החזקת הנשק"": ""מוסלק - מוסתר"", ""כמות תחמושת"": ""מחסנית ובה 10 כדורים, מחסנית ריקה ובה 0 כדורים"", ""שימוש"": ""לא""}","{""זמן האירוע"": ""12.7.08 בשעה 00:55"", ""מיקום האירוע"": ""סמוך לצומת הערבה"", ""סוג הנשק [קוטר]"": ""0.9 מ\""מ"", ""משקל החשיש"": ""1.36 גרם נטו"", ""מספר עבירה"": ""144 ב"", ""סוג עבירה"": ""נשיאת נשק"", ""עבירות נוספות"": ""הנאשם הורשע בנוסף לעבירות נשק (סעיף 144(ב) לחוק העונשין) גם בשתי עבירות של החזקת סם לצריכה עצמית בלבד, לפי סעיף 7(א)+(ג) סיפא לפקודת הסמים המסוכנים."", ""סוג הנשק [אקדח]"": 1.0, ""סטטוס הנשק"": ""נשק עם מחסנית בהכנס"", ""תכנון"": ""לא"", ""אופן החזקת הנשק"": ""ברכב"", ""כמות תחמושת"": ""מחסנית ובה 15 כדורים, מחסנית ובה 10 כדורים"", ""שימוש"": ""לא""}",40.0,"1. **סוג העבירה וחומרתה**  
תיק 1 עוסק ב""החזקה"" (סעיף 144(א)), תיק 2 ב""נשיאה"" (סעיף 144(ב)). נשיאה חמורה מהחזקה, שכן היא כוללת שליטה פיזית וניידות עם הנשק. שניהם עבירות נשק, אך רמת החומרה שונה.

2. **תפקיד הנאשם ומעורבותו**  
בתיק 1 – החזקה מוסלקת, לא ברשותו הישירה של הנאשם, הנשק בבעלות אחר, מוסתר בחצר. בתיק 2 – נשיאה ברכב, שליטה ישירה, מעורבות פעילה יותר. בתיק 2 יש גם עבירות סמים נלוות.

3. **שיטת הביצוע (MO)**  
תיק 1 – הסלקה פסיבית, מרחק מהבית, מוסתר. תיק 2 – החזקה ברכב, ניידות, שליטה ישירה. דפוס שונה: תיק 1 – הסתרה; תיק 2 – נשיאה תוך כדי תנועה.

4. **נסיבות הליבה**  
בשני המקרים: אקדח עם מחסנית, לא נעשה שימוש, אין תכנון מוקדם. בתיק 2 – תחמושת רבה יותר, עבירות סמים נלוות, מיקום ציבורי (רכב בצומת). בתיק 1 – תחמושת פחותה, מיקום פרטי ומוסתר.

5. **ישימות כתקדים**  
שני התיקים עוסקים בעבירות נשק מסוג דומה (אקדח, מחסנית), אך ההבדל בין ""החזקה"" ל""נשיאה"", רמת המעורבות, והנסיבות (הסלקה לעומת שליטה ישירה, עבירות נלוות) הופכים את הדמיון למהותי-חלקי בלבד. בית המשפט עשוי להסתמך על תיק אחד לצורך עקרונות כלליים, אך לא כתקדים ישיר לענישה.

SIMILARITY_SCORE: 40","ok",""
"SH-18-06-11098-353","ME-16-03-54615-517",1,0,0,"{""סוג רובה"": ""גליל"", ""מספר סידורי נשק"": ""נמחק"", ""תאריך תפיסה"": ""23/05/18"", ""סוג תחמושת"": ""מחסניות ותחמושת"", ""מספר עבירה"": ""144 א"", ""סוג עבירה"": ""החזקה נשק"", ""סוג הנשק [רובה סער]"": 1.0, ""סטטוס הנשק"": ""נשק מופרד מתחמושת"", ""תכנון"": ""לא"", ""אופן החזקת הנשק"": ""בבית, מוסלק - מוסתר"", ""שימוש"": ""לא""}","{""מיקום המפגשים"": ""סמוך לביתו של מחמד"", ""מספר תתי מקלע שהועברו"": 2, ""סכום התשלום"": ""3000 ₪"", ""תקלות בנשק"": ""שני תתי מקלע לא ירו"", ""משך הזמן להשגת הנשק"": ""שלושה ימים"", ""משך הזמן להחלפת הנשק"": ""כשבוע"", ""מספר עבירה"": ""144 ב"", ""סוג עבירה"": ""סחר בנשק"", ""סוג הנשק [תת מקלע]"": 1.0, ""סטטוס הנשק"": ""תקול"", ""תכנון"": ""כן"", ""מטרה-סיבת העבירה"": ""בצע כסף"", ""שימוש"": ""לא""}",20.0,"1. **סוג העבירה וחומרתה**  
תיק 1 עוסק ב""החזקה"" של נשק (סעיף 144(א)), בעוד תיק 2 עוסק ב""סחר"" בנשק (סעיף 144(ב)). סחר בנשק נחשב לעבירה חמורה בהרבה מהחזקה, הן מבחינת הענישה והן מבחינת המסוכנות החברתית.

2. **תפקיד הנאשם ומעורבותו**  
בתיק 1 הנאשם מחזיק בנשק מוסתר בביתו, ללא תכנון או שימוש; מעורבותו פסיבית יחסית. בתיק 2 הנאשם יוזם, מתכנן ומבצע עסקת סחר, כולל קבלת תשלום — מעורבות פעילה ומהותית.

3. **שיטת הביצוע (MO)**  
בתיק 1: הסתרה בבית, ללא תנועה או מסחר. בתיק 2: מפגשים יזומים, העברת נשק, תיווך, תשלום, טיפול בתקלות — דפוס פעולה שונה לחלוטין.

4. **נסיבות הליבה**  
תיק 1: רובה סער אחד, לא בשימוש, לא מתוכנן, מוסתר. תיק 2: שני תתי-מקלע, תכנון מוקדם, תשלום, טיפול בליקויים, מטרה כלכלית. הנסיבות בתיק 2 מחמירות בהרבה.

5. **ישימות כתקדים**  
בתי המשפט מבדילים באופן ברור בין החזקה לסחר בנשק, הן ברמת הענישה והן במדיניות ההרתעה. תיק החזקה לא ישמש תקדים מהותי לסחר, ולהפך, בשל פערי החומרה, הדפוס והנסיבות.

SIMILARITY_SCORE: 20","ok",""
"ME-17-05-633-549","ME-19-04-1316-977",3,1,1,"{""סוג הנשק [אקדח חצי אוטומטי]"": 1.0, ""סוג הנשק [אקדח חלוואני]"": 1.0, ""מחיר רכישה תת מקלע"": ""7,000 ₪"", ""מחיר מכירה אקדח חלוואני"": ""14,000 ₪"", ""שותפים לעבירה"": ""נצרי ח'ליפה"", ""מיקום עבירה"": ""בית רביע חוסיין"", ""שנת עבירה"": ""2013, 2015"", ""סוג תחמושת"": ""כדור או קלע"", ""פונקציונליות הנשק"": ""מנגנון הדק חסר, מנגנון הדק מאולתר"", ""מספר עבירה"": ""144 א, 144 ב"", ""סוג עבירה"": ""החזקה נשק, סחר בנשק"", ""סוג הנשק [אקדח]"": 1.0, ""סוג הנשק [תת מקלע מאולתר]"": 1.0, ""סטטוס הנשק"": ""נשק מופרד מתחמושת"", ""תכנון"": ""כן"", ""אופן החזקת הנשק"": ""מוסלק - מוסתר"", ""אופן קבלת הנשק"": ""רכש"", ""כמות תחמושת"": ""2 מחסניות, מאות כדורים, 2 מחסניות ריקה ובהן 0 כדורים"", ""מטרה-סיבת העבירה"": ""בצע כסף"", ""שימוש"": ""לא""}","{""מיקום העסקה"": ""א-ראם"", ""סוג התחמושת"": ""כדורי M16, כדורי 5.56 מ\""מ"", ""כמות כדורים נוספת"": ""1,100 כדורים"", ""מחיר העסקה"": ""17,000 ₪, 19,000 ₪"", ""תאריכים רלוונטיים"": ""10.2.2019, 14.2.2019, 17.2.2019, 18.2.2019, 26.2.2019, 3.3.2019, 13.3.2019, 17.3.2019, 18.3.2019"", ""זהות הסוכן"": ""לוחם מספר 188, עלי"", ""תפקיד הסוכן"": ""שוטר, סוכן מטעם משטרת ישראל"", ""סוג הנשק המוצע למכירה"": ""קרלו"", ""מצב הנשק"": ""מקולקל"", ""התקשרות עם צד שלישי"": ""האחר"", ""מידע על צד שלישי"": ""האחר מתעכב, הנשק מקולקל"", ""הבטחת נשק נוסף"": ""הבטחה להשיג אקדח בעתיד"", ""תקופה עתידית להשגת נשק"": ""עד לחודש הרמדאן"", ""מספר עבירה"": ""144 ב"", ""סוג עבירה"": ""סחר בנשק, ניסיון לסחר בנשק"", ""סוג הנשק [אקדח]"": 1.0, ""סוג הנשק [תת מקלע מאולתר]"": 1.0, ""סטטוס הנשק"": ""תקול"", ""תכנון"": ""לא"", ""אופן החזקת הנשק"": ""ברכב"", ""כמות תחמושת"": ""מחסנית, 900 כדורים"", ""מטרה-סיבת העבירה"": ""בצע כסף"", ""שימוש"": ""לא""}",80.0,"1. **סוג העבירה וחומרתה**  
בשני התיקים מדובר בעבירות סחר בנשק (144ב) והחזקה/ניסיון לסחר, שתיהן ברף חומרה גבוה, עם דגש על סחר ולא רק החזקה. בשני המקרים מדובר בנשק חם ותחמושת בכמות משמעותית.  
**דמיון גבוה.**

2. **תפקיד הנאשם ומעורבותו**  
בשני התיקים הנאשמים פעלו ממניע של בצע כסף, יזמו עסקאות, ניהלו מו""מ ומכרו/ניסו למכור נשק. אין אינדיקציה למעורבות פסיבית או תפקיד שולי.  
**דמיון גבוה.**

3. **שיטת הביצוע (MO)**  
בשני המקרים מדובר בעסקאות מתוכננות, עם תיווך/שותפים, מכירה של כלי נשק חמים ותחמושת, הסתרה/הובלה של נשק, תיאום עם צדדים שלישיים. עם זאת, בתיק 1 יש הסלקה ותכנון, בתיק 2 פחות תכנון (לפי הפיצ'ר), אך יש פגישה עם סוכן משטרתי.  
**דמיון בינוני-גבוה.**

4. **נסיבות הליבה**  
בשני התיקים מדובר בכמויות גדולות של תחמושת, כלי נשק תקינים/מקולקלים, עסקאות בסכומים גבוהים, ללא שימוש בפועל בנשק, וללא נסיבות מחמירות כמו שימוש בפועל או פציעה. בתיק 1 יש תכנון והסלקה, בתיק 2 פחות תכנון אך יש ניסיון לסחר.  
**דמיון בינוני-גבוה.**

5. **ישימות כתקדים**  
שני התיקים עוסקים בסחר יזום בנשק חם ותחמושת, עם מאפיינים דומים של חומרה, מניע, דפוס פעולה ונסיבות. בית משפט יראה בתיקים אלה תקדימים רלוונטיים זה לזה לצורכי ענישה, למרות הבדלים מסוימים בתכנון ובמצב הנשק.  
**דמיון מהותי גבוה, תקדים רלוונטי.**

SIMILARITY_SCORE: 80","ok",""
"ME-16-04-12480-812","ME-13-10-28139-807",3,1,1,"{""מיקום האירועים"": ""טירת הכרמל, בית המתלונן, אתר בניה"", ""סוג הרכב"": ""רכב פרטי"", ""סוג הנשק באירוע הראשון"": ""נשק חם"", ""כמות הקליעים באירוע השני"": ""12 קליעים"", ""מיקום התחמושת באירוע השלישי"": ""בזחל של כלי עבודה, מתחת לתקרה אקוסטית"", ""סכום החוב"": ""300 שקלים"", ""זמן המעשה מהוויכוח"": ""פחות משעה וחצי"", ""זמן המעשה מהאירוע הקודם"": ""יומיים, יום אחד"", ""מספר עבירה"": ""144 א, 144 ב"", ""סוג עבירה"": ""החזקה נשק, נשיאת נשק, הובלת נשק"", ""עבירות נוספות"": ""הנאשם הורשע בנוסף לעבירות נשק (סעיף 144) גם בעבירות של ניסיון חבלה חמורה בנסיבות מחמירות (סעיפים 25 + 335 + 333 לחוק העונשין) ואיומים (סעיף 192 לחוק העונשין)."", ""סוג הנשק [תת מקלע מאולתר]"": 1.0, ""סוג הנשק - אם לא נמצא בטבלה"": ""נשק"", ""סטטוס הנשק"": ""נשק עם כדור בקנה"", ""תכנון"": ""כן"", ""אופן החזקת הנשק"": ""ברכב, על גופו, מוסלק - מוסתר"", ""כמות תחמושת"": ""17 כדורים"", ""שימוש"": ""לא""}","{""מיקום האירוע"": ""רהט"", ""קורבן"": ""מתלונן ובנו קטין"", ""גיל הקורבן"": ""18"", ""סוג הרכב"": ""רכב פרטי"", ""מיקום פגיעת הירי"": ""דלת הנהג"", ""מספר יריות"": ""מספר יריות"", ""פגיעה ברכב"": ""כן"", ""נזק לרכב"": ""קליעים חדרו לדלת הנהג"", ""התנהלות הנאשם לאחר הירי"": ""נמלט מהמקום"", ""סוג המחלוקת"": ""שימוש בספסל בטון"", ""פעולה שקדמה לאירוע"": ""מריחת שמן על הספסל"", ""מספר עבירה"": ""144 א"", ""סוג עבירה"": ""החזקה נשק"", ""עבירות נוספות"": ""הנאשם הורשע, בנוסף לעבירות נשק לפי סעיף 144(א), גם בעבירת ניסיון לחבלה חמורה בנסיבות מחמירות לפי סעיפים 333+335(א)(1) ו-25 לחוק העונשין. מדובר בעבירת אלימות חמורה שאינה עבירת נשק."", ""סוג הנשק [אקדח]"": 1.0, ""סטטוס הנשק"": ""נשק עם כדור בקנה"", ""תכנון"": ""כן"", ""אופן החזקת הנשק"": ""על גופו"", ""מטרה-סיבת העבירה"": ""פגיעה בכבוד"", ""שימוש"": ""לא""}",85.0,"1. **סוג העבירה וחומרתה**  
בשני התיקים מדובר בעבירות נשק חמורות (החזקה, נשיאה, הובלה), ובשתיהן עבירות נלוות של ניסיון חבלה חמורה בנסיבות מחמירות. בשני המקרים לא בוצע ירי בפועל לעבר אדם, אך הייתה כוונה לפגוע. רמת החומרה דומה מאוד.

2. **תפקיד הנאשם ומעורבותו**  
בשני המקרים הנאשמים הם הגורם המרכזי, יזמים ומתכננים, עם מעורבות פעילה (החזקה, נשיאה, הסלקה, הגעה לזירה, תכנון מוקדם).

3. **שיטת הביצוע (MO)**  
בשני התיקים: שימוש ברכב פרטי, נשק מוסלק/על הגוף, נשק עם כדור בקנה, תכנון מוקדם, והגעה לזירה בעקבות סכסוך אישי. בשני המקרים לא בוצע ירי בפועל לעבר אדם, אך הייתה מוכנות לכך.

4. **נסיבות הליבה**  
בשני המקרים: סכסוך אישי, תכנון מוקדם, נשק חם עם כדור בקנה, תחמושת זמינה, לא בוצע ירי בפועל (בתיק 2 נגרם נזק לרכב, אך לא פגיעה פיזית באדם). בתיק 1 יש גם הסלקה של תחמושת, בתיק 2 יש בריחה מהזירה. הכמויות דומות, אין שימוש בפועל בנשק כלפי אדם.

5. **ישימות כתקדים**  
בית המשפט יראה את שני התיקים כרלוונטיים זה לזה לצורכי ענישה: עבירות נשק חמורות, תכנון מוקדם, סכסוך אישי, מעורבות פעילה, עבירות נלוות דומות. ההבדלים (הסלקה/בריחה, נזק לרכב) אינם מהותיים לעניין הענישה והמהות.

SIMILARITY_SCORE: 85","ok",""
"ME-17-05-633-549","ME-09-05-16192-355",1,0,0,"{""סוג הנשק [אקדח חצי אוטומטי]"": 1.0, ""סוג הנשק [אקדח חלוואני]"": 1.0, ""מחיר רכישה תת מקלע"": ""7,000 ₪"", ""מחיר מכירה אקדח חלוואני"": ""14,000 ₪"", ""שותפים לעבירה"": ""נצרי ח'ליפה"", ""מיקום עבירה"": ""בית רביע חוסיין"", ""שנת עבירה"": ""2013, 2015"", ""סוג תחמושת"": ""כדור או קלע"", ""פונקציונליות הנשק"": ""מנגנון הדק חסר, מנגנון הדק מאולתר"", ""מספר עבירה"": ""144 א, 144 ב"", ""סוג עבירה"": ""החזקה נשק, סחר בנשק"", ""סוג הנשק [אקדח]"": 1.0, ""סוג הנשק [תת מקלע מאולתר]"": 1.0, ""סטטוס הנשק"": ""נשק מופרד מתחמושת"", ""תכנון"": ""כן"", ""אופן החזקת הנשק"": ""מוסלק - מוסתר"", ""אופן קבלת הנשק"": ""רכש"", ""כמות תחמושת"": ""2 מחסניות, מאות כדורים, 2 מחסניות ריקה ובהן 0 כדורים"", ""מטרה-סיבת העבירה"": ""בצע כסף"", ""שימוש"": ""לא""}","{""זמן האירוע"": ""19.5.09, 23:30"", ""מיקום האירוע"": ""אום אל פחם"", ""סוג הרכב"": ""טויוטה"", ""בעלות הרכב"": ""בן משפחת הנאשם, אחמד מחאג'נה"", ""פעולת המילוט"": ""ניסיון להימלט מהשוטרים על ידי נסיעה לאחור"", ""תגובת השוטרים"": ""רדיפה אחר הרכב ודימום הרכב"", ""סוג התחמושת"": ""כדורי 9 מ\""מ"", ""מספר עבירה"": ""144 ב"", ""סוג עבירה"": ""נשיאת נשק, הובלת נשק"", ""סוג הנשק [תת מקלע]"": 1.0, ""סטטוס הנשק"": ""נשק עם מחסנית בהכנס"", ""תכנון"": ""לא"", ""אופן החזקת הנשק"": ""ברכב"", ""כמות תחמושת"": ""מחסנית ובה 10 כדורים"", ""שימוש"": ""לא""}",30.0,"1. **סוג העבירה וחומרתה**  
תיק 1 עוסק בהחזקה וסחר בנשק (כולל תכנון, רווח כספי, מספר סוגי נשק ותחמושת רבה); תיק 2 עוסק בנשיאת נשק והובלתו בלבד, ללא סחר או תכנון. חומרת תיק 1 גבוהה יותר בשל מרכיב הסחר והתכנון.

2. **תפקיד הנאשם ומעורבותו**  
בתיק 1 הנאשם יוזם, רוכש, סוחר ומחזיק נשק – מעורבות פעילה, יוזמת ורווחית; בתיק 2 הנאשם מחזיק ומוביל נשק, ללא אינדיקציה לסחר או יוזמה – מעורבות פסיבית יותר.

3. **שיטת הביצוע (MO)**  
בתיק 1 הנשק מוסלק, מוסתר, נרכש, מוחזק במקומות שונים, עם תחמושת רבה; בתיק 2 הנשק מוחזק ברכב, לא מוסתר במיוחד, נתפס תוך כדי ניסיון להימלט מהמשטרה. דפוסי הביצוע שונים מהותית.

4. **נסיבות הליבה**  
תיק 1 כולל תכנון, הסלקה, כמויות גדולות, מנגנון הדק מאולתר, ריבוי סוגי נשק, מניע כלכלי; תיק 2 – החזקה בודדת, ללא תכנון, ללא מניע כלכלי, ללא תחכום מיוחד, ניסיון הימלטות מהמשטרה.

5. **ישימות כתקדים**  
המשותף: שניהם עבירות נשק, ללא שימוש בפועל. עם זאת, ההבדלים המהותיים – בעיקר ברמת המעורבות, סוג העבירה (סחר לעומת נשיאה), היקף התחמושת, תכנון ומניע – הופכים את תיק 1 לבלתי רלוונטי כמעט כתקדים ענישתי לתיק 2, למעט אולי לעניין עקרונות כלליים של החזקת נשק.

SIMILARITY_SCORE: 30","ok",""
"ME-16-05-336-804","ME-15-12-39071-113",1,0,0,"{""זמן האירוע"": ""שעת ערב"", ""מיקום האירוע"": ""טקס חינה"", ""תאריך האירוע"": ""24/04/16"", ""סוג הנשק המדויק"": ""תת מקלע מאולתר מסוג קרל גוסטב"", ""פעולה במהלך האירוע"": ""פריקת נשק"", ""התנהלות במהלך נסיעה"": ""הימלטות מהמשטרה"", ""מספר כביש"": ""24"", ""מעורבות צד שלישי"": ""רדואן סמארה"", ""מספר עבירה"": ""144 ב"", ""סוג עבירה"": ""נשיאת נשק, הובלת נשק"", ""סוג הנשק [תת מקלע מאולתר]"": 1.0, ""סטטוס הנשק"": ""נשק מופרד מתחמושת"", ""תכנון"": ""לא"", ""אופן החזקת הנשק"": ""ברכב, על גופו"", ""כמות תחמושת"": ""2 מחסניות ריקות ובהן 0 כדורים, 26 כדורים"", ""שימוש"": ""לא""}","{""מותג הרכב"": ""מזדה 3"", ""מספר רישוי"": ""71-098-16"", ""מיקום האירוע"": ""כביש מספר 1, בסמוך למחלף הראל"", ""זמן האירוע"": ""22:30"", ""תאריך האירוע"": ""12.10.13"", ""מיקום הנשק ברכב"": ""מתחת לשטיח שמתחת למושב הסמוך לנהג"", ""סוג הנשק"": ""אקדח חצי אוטומטי מסוג סטאר"", ""מספר עבירה"": ""144 א"", ""סוג עבירה"": ""החזקה נשק"", ""סוג הנשק [אקדח]"": 1.0, ""סטטוס הנשק"": ""תקין"", ""תכנון"": ""לא"", ""אופן החזקת הנשק"": ""ברכב, מוסלק - מוסתר"", ""מטרה-סיבת העבירה"": ""הגנה עצמית"", ""שימוש"": ""לא""}",35.0,"1. **סוג העבירה וחומרתה**  
תיק 1 עוסק ב""נשיאת נשק, הובלת נשק"" (סעיף 144(ב)), ותיק 2 ב""החזקת נשק"" (סעיף 144(א)). סעיף 144(ב) חמור יותר, שכן הוא דורש יסוד של תנועה/העברה, בעוד 144(א) עוסק בהחזקה בלבד. בנוסף, בתיק 1 מדובר בתת-מקלע מאולתר (נשק אוטומטי), ובתיק 2 באקדח (נשק קצר). שניהם עבירות נשק, אך לא באותה רמת חומרה.

2. **תפקיד הנאשם ומעורבותו**  
בשני המקרים הנאשם מחזיק בנשק ברכב, אך בתיק 1 יש גם הובלה ונשיאה על הגוף, הימלטות מהמשטרה ופריקת נשק, כלומר מעורבות אקטיבית יותר. בתיק 2 מדובר בהסלקת אקדח ברכב, ללא אינדיקציה לפעולה נוספת.

3. **שיטת הביצוע (MO)**  
בשני המקרים הנשק נמצא ברכב, אך בתיק 1 הנשק היה על גופו של הנאשם, בתיק 2 מוסלק מתחת למושב. בתיק 1 יש גם הימלטות מהמשטרה ופריקת נשק, בתיק 2 אין אינדיקציה להתנהלות דומה.

4. **נסיבות הליבה**  
בתיק 1 מדובר בתת-מקלע מאולתר, 2 מחסניות (ריקות) ו-26 כדורים, ללא שימוש בפועל, אך עם נסיבות מחמירות (הימלטות, פריקה). בתיק 2 מדובר באקדח תקין, מוסלק, ללא תחמושת מצוינת, וללא נסיבות מחמירות. בתיק 2 נטען להגנה עצמית כמניע, מה שעשוי להקל.

5. **ישימות כתקדים**  
שני התיקים עוסקים בעבירות נשק, אך ההבדלים בסוג הנשק, רמת החומרה, אופי ההחזקה והנסיבות המהותיות (הובלה/נשיאה לעומת החזקה מוסלקת, התנהלות אקטיבית לעומת פסיבית) הופכים את השימוש ההדדי כתקדים מוגבל. ייתכן שימוש עקרוני, אך לא כתקדים ישיר לענישה.

SIMILARITY_SCORE: 35","ok",""
"ME-16-10-12213-904","ME-09-05-16192-355",3,1,1,"{""סוג הרכב"": ""סובארו"", ""בעלות על הרכב"": ""רשום על שם אחיו, מג'ד"", ""מיקום החזקת הנשק"": ""מתחת לכיסא הנוסע שליד הנהג"", ""מיקום המחסנית"": ""מתחת לכיסא הנוסע שליד הנהג"", ""מיקום הכדור"": ""במכנסי הנאשם"", ""סוג התחמושת"": ""כדור 9 מ\""מ"", ""מיקום החזקת הנשק בעת המעצר"": ""במוסך"", ""מיקום המחסנית בעת המעצר"": ""במוסך"", ""מיקום הכדור בעת המעצר"": ""במכנסי הנאשם"", ""מספר עבירה"": ""144 ב"", ""סוג עבירה"": ""נשיאת נשק"", ""סוג הנשק [תת מקלע מאולתר]"": 1.0, ""סטטוס הנשק"": ""נשק מופרד מתחמושת"", ""תכנון"": ""כן"", ""אופן החזקת הנשק"": ""ברכב, מוסלק - מוסתר"", ""כמות תחמושת"": ""מחסנית ריקה ובה 0 כדורים, 1 כדור"", ""שימוש"": ""לא""}","{""זמן האירוע"": ""19.5.09, 23:30"", ""מיקום האירוע"": ""אום אל פחם"", ""סוג הרכב"": ""טויוטה"", ""בעלות הרכב"": ""בן משפחת הנאשם, אחמד מחאג'נה"", ""פעולת המילוט"": ""ניסיון להימלט מהשוטרים על ידי נסיעה לאחור"", ""תגובת השוטרים"": ""רדיפה אחר הרכב ודימום הרכב"", ""סוג התחמושת"": ""כדורי 9 מ\""מ"", ""מספר עבירה"": ""144 ב"", ""סוג עבירה"": ""נשיאת נשק, הובלת נשק"", ""סוג הנשק [תת מקלע]"": 1.0, ""סטטוס הנשק"": ""נשק עם מחסנית בהכנס"", ""תכנון"": ""לא"", ""אופן החזקת הנשק"": ""ברכב"", ""כמות תחמושת"": ""מחסנית ובה 10 כדורים"", ""שימוש"": ""לא""}",70.0,"1. **סוג העבירה וחומרתה**  
בשני התיקים מדובר בעבירה לפי סעיף 144(ב) לחוק העונשין – נשיאת נשק, כאשר בשני המקרים מדובר בתת-מקלע (נשק חם) ותחמושת. בתיק 2 יש גם רכיב של ""הובלת נשק"", אך זהו הבדל מינורי יחסית, והחומרה דומה.

2. **תפקיד הנאשם ומעורבותו**  
בשני המקרים הנאשם הוא המחזיק/נושא של הנשק, כאשר הנשק נמצא ברכב שבשליטתו (גם אם לא בבעלותו הרשמית). בתיק 2 יש ניסיון להימלט מהמשטרה, מה שמרמז על מודעות ומעורבות פעילה יותר, אך בשני המקרים הנאשם הוא הדמות המרכזית.

3. **שיטת הביצוע (MO)**  
בשני המקרים הנשק הוסלק ברכב, כאשר בתיק 1 הנשק היה מוסתר מתחת לכיסא, ובתיק 2 לא מצוין הסתרה מיוחדת אך הנשק היה ברכב. בתיק 2 יש ניסיון להימלט, מה שמוסיף אלמנט של תחכום/התחמקות, אך דפוס ההחזקה דומה.

4. **נסיבות הליבה**  
בתיק 1: נשק מופרד מתחמושת, מחסנית ריקה, כדור בודד במכנסי הנאשם, תכנון מוקדם.  
בתיק 2: נשק עם מחסנית ובה 10 כדורים, ללא תכנון, ניסיון להימלט מהמשטרה.  
הבדלים: בתיק 2 הכמות משמעותית יותר, הנשק ""מוכן לשימוש"" (מחסנית עם כדורים), ויש נסיבות מחמירות (ניסיון הימלטות). בתיק 1 יש תכנון, אך הנשק לא היה מוכן לירי מיידי.

5. **ישימות כתקדים**  
שני התיקים עוסקים באותו סוג עבירה, באותו סוג נשק, ובנסיבות דומות (החזקה ברכב שאינו בבעלות הנאשם). עם זאת, יש הבדלים בולטים: בתיק 2 חומרה גבוהה יותר (נשק מוכן, כמות תחמושת, ניסיון הימלטות), בעוד בתיק 1 יש תכנון אך חומרה תפעולית פחותה. בית המשפט יראה בתיק 1 תקדים רלוונטי לתיק 2, אך יבחין בנסיבות המחמירות של תיק 2.

SIMILARITY_SCORE: 70","ok",""
"ME-16-10-9348-780","SH-10-02-25802-731",1,0,0,"{""סוג תחמושת"": ""כדורי צייד קליבר 12 מ\""מ"", ""מקום החזקת התחמושת"": ""מחסן הבית"", ""סכום כסף נגנב"": ""3500 ₪"", ""סכום שיק נגנב"": ""500 ₪"", ""מקום העצירה"": ""קריית גת"", ""מעורבים נוספים"": ""מוחמד יונס, הקטין פ. י."", ""מקום מגורי הקטין"": ""ערערה"", ""מספר עבירה"": ""144 ב"", ""סוג עבירה"": ""נשיאת נשק"", ""סוג הנשק [רובה צייד]"": 1.0, ""סטטוס הנשק"": ""נשק מופרד מתחמושת"", ""תכנון"": ""לא"", ""אופן החזקת הנשק"": ""בבית, ברכב"", ""כמות תחמושת"": ""75 כדורים"", ""שימוש"": ""לא""}","{""מיקום האירוע"": ""כפר מגדל שמס"", ""תאריך האירוע"": ""16/07/09"", ""שעת האירוע"": ""11:00"", ""פוטנציאל לפגיעה באדם"": ""כן"", ""מספר עבירה"": ""144 א"", ""סוג עבירה"": ""החזקה נשק"", ""סוג הנשק [רובה צייד]"": 1.0, ""סוג הנשק - אם לא נמצא בטבלה"": ""אבזר ותחמושת של כלי נשק"", ""סטטוס הנשק"": ""תקול"", ""תכנון"": ""לא"", ""אופן החזקת הנשק"": ""בבית"", ""שימוש"": ""לא""}",65.0,"1. **סוג העבירה וחומרתה** — תיק 1 עוסק ב""נשיאת נשק"" (סעיף 144(ב)), ותיק 2 ב""החזקת נשק"" (סעיף 144(א)). נשיאה נחשבת חמורה יותר מהחזקה, אך שתיהן עוסקות באותו סוג נשק (רובה צייד) ובנסיבות דומות יחסית (לא שימוש, לא תכנון).
2. **תפקיד הנאשם ומעורבותו** — בשני התיקים מדובר בהחזקה/נשיאה ללא שימוש וללא תכנון, ללא אינדיקציה למעורבות יוזמתית או עבריינית מובהקת מעבר לעצם ההחזקה/נשיאה.
3. **שיטת הביצוע (MO)** — בשני המקרים מדובר בהחזקה/נשיאה של רובה צייד ותחמושת, ללא שימוש, כאשר הנשק לא היה מוצמד לתחמושת (בתיק 1) או תקול (בתיק 2). דפוס דומה של החזקה פסיבית יחסית.
4. **נסיבות הליבה** — בשני המקרים לא בוצע שימוש בנשק, לא היה תכנון, והנשק הוחזק בבית (בתיק 1 גם ברכב). בתיק 1 כמות תחמושת גדולה יותר (75 כדורים), אך בשני המקרים לא מדובר בנסיבות מחמירות במיוחד (ללא אלימות, ללא שימוש בפועל).
5. **ישימות כתקדים** — למרות ההבדל בין ""נשיאה"" ל""החזקה"", בתי המשפט עשויים לראות בתיקים אלה רלוונטיים זה לזה, במיוחד כשמדובר באותו סוג נשק, נסיבות דומות, והיעדר שימוש או תכנון. עם זאת, ההבדל בסעיף ובחומרה יפחית מעט את הרלוונטיות.

SIMILARITY_SCORE: 65","ok",""
"ME-16-05-25902-514","ME-12-05-33444-999",3,1,1,"{""מקום רכישת הנשק"": ""קלנסוואה"", ""מקום החזקת הנשק"": ""מקלט בבית"", ""תאריך גניבת הנשק"": ""31.12.13"", ""מספר סידורי של הנשק"": ""682663"", ""סוג הנשק"": ""ברטה"", ""תאריך תחילת החזקת הנשק"": ""פברואר 2016"", ""תאריך נשיאת הנשק"": ""8.5.16"", ""שעת נשיאת הנשק"": ""06:00"", ""מספר עבירה"": ""144 א, 144 ב"", ""סוג עבירה"": ""החזקה נשק, נשיאת נשק"", ""סוג הנשק [אקדח]"": 1.0, ""סטטוס הנשק"": ""נשק עם מחסנית בהכנס"", ""תכנון"": ""לא"", ""אופן החזקת הנשק"": ""בבית, על גופו"", ""אופן קבלת הנשק"": ""רכש"", ""כמות תחמושת"": ""מחסנית ובה 7 כדורים"", ""מטרה-סיבת העבירה"": ""הגנה עצמית"", ""שימוש"": ""לא""}","{""מותג הנשק"": ""ברטה"", ""דגם הנשק"": ""9 מ\""מ"", ""מספר סידורי של הנשק"": ""D60383Y"", ""מיקום החזקת הנשק ברכב"": ""מתחת למושב הקדמי הימני, בתיק שחור ליד כיסא הנהג, בתא האחסון של דלת הנהג"", ""מקור הנשק"": ""נגנב"", ""בעלות מקורית של הנשק"": ""מר יוסף פלדמן"", ""תאריך הגניבה"": ""11.5.12"", ""מיקום הגניבה"": ""רחובות"", ""מספר עבירה"": ""144 א"", ""סוג עבירה"": ""החזקה נשק"", ""סוג הנשק [אקדח]"": 1.0, ""סטטוס הנשק"": ""נשק עם מחסנית בהכנס"", ""תכנון"": ""לא"", ""אופן החזקת הנשק"": ""ברכב, מוסלק - מוסתר"", ""כמות תחמושת"": ""מחסנית ובה כדורים, מחסנית ובה כדורים, מחסנית ובה כדורים"", ""מטרה-סיבת העבירה"": ""הגנה עצמית"", ""שימוש"": ""לא""}",85.0,"1. **סוג העבירה וחומרתה**  
בשני התיקים מדובר בעבירת החזקת נשק (סעיף 144 א לחוק העונשין), ובתיק 1 גם נשיאת נשק (144 ב). בשני המקרים מדובר באקדח עם מחסנית וכדורים, ללא שימוש בפועל וללא תכנון מוקדם. רמת החומרה דומה, אם כי בתיק 1 יש גם נשיאה בפועל.

2. **תפקיד הנאשם ומעורבותו**  
בשני המקרים הנאשם הוא המחזיק הישיר של הנשק, לא סוחר או יוזם עבירות נוספות. המעורבות היא אקטיבית – החזקה פיזית של האקדח, אך לא יוזמה פלילית רחבה יותר.

3. **שיטת הביצוע (MO)**  
בשני המקרים מדובר בהחזקה פיזית של אקדח גנוב עם מחסנית וכדורים, מוסתר (בבית/על הגוף או ברכב). אין תחכום מיוחד או דפוס עברייני ייחודי – מדובר בהסתרה פשוטה לצורך הגנה עצמית.

4. **נסיבות הליבה**  
הנשק בשני המקרים הוא אקדח ברטה גנוב, עם מחסנית וכדורים, ללא שימוש בפועל, ללא תכנון מוקדם, ולצורך הגנה עצמית. ההבדל המרכזי: בתיק 1 ההחזקה בבית ועל הגוף, בתיק 2 – ברכב ומוסתר. בתיק 2 יש יותר מחסניות, אך לא מדובר בכמות חריגה.

5. **ישימות כתקדים**  
בית המשפט יראה את שני התיקים כרלוונטיים זה לזה לצורכי ענישה, שכן נסיבות הליבה, סוג העבירה, רמת החומרה, והמאפיינים העובדתיים דומים מאוד. ההבדלים (מיקום ההחזקה, מספר מחסניות, נשיאה לעומת החזקה בלבד) אינם מהותיים דיים כדי לשלול רלוונטיות תקדימית.

SIMILARITY_SCORE: 85","ok",""
"ME-15-08-44579-251","ME-14-12-6904-57",2,0,1,"{""סוג הקטנוע"": ""גוימקס"", ""מספר לוחית רישוי"": ""3689624"", ""מצב לוחית רישוי"": ""מזויפת"", ""מצב רישיון נהיגה של ג'וודת"": ""ללא רישיון נהיגה"", ""מיקום האירוע"": ""כביש 4, חדרה, קרבת אזור התעשייה הצפוני"", ""זמן האירוע"": ""10.08.15, 22:05"", ""פעולת השוטר רועי"": ""הבחין בקטנוע, חשד בגניבה, הדליק אורות כחולים, קרא לעצור"", ""תגובת ג'וודת להוראת השוטר"": ""לא שעה, הגביר מהירות, נסע לאזור התעשייה"", ""מסלול המרדף"": ""מכביש 4 לצומת נחל חדרה, פנה ימינה ושמאלה, חזר לכביש 4 לצפון"", ""תיאור המרדף"": ""שתי ניידות נוספות הצטרפו, הפעילו סירנות ואורות כחולים"", ""אירוע בצומת בנימינה"": ""הקטנוע עבר באור אדום, רכב אחר נאלץ לבלום"", ""חסימת המשטרה בצומת בית חנניה"": ""ניידות משטרה ביצעו חסימה, ג'וודת פגע בשתי ניידות"", ""תיאור הבריחה"": ""ג'וודת והנאשם ירדו מהקטנוע והחלו בבריחה רגלית"", ""מיקום זריקת השקית"": ""בשדה חשוף סמוך לצומת"", ""תוצאת המרדף"": ""הנאשם וג'וודת נתפסו על ידי השוטרים לאחר מספר דקות"", ""מספר עבירה"": ""144 ב"", ""סוג עבירה"": ""נשיאת נשק"", ""סוג הנשק [אקדח]"": 1.0, ""סטטוס הנשק"": ""נשק מופרד מתחמושת"", ""תכנון"": ""לא"", ""אופן החזקת הנשק"": ""על גופו, מוסלק - מוסתר"", ""כמות תחמושת"": ""מחסנית ריקה ובה 0 כדורים"", ""שימוש"": ""לא""}","{""מיקום החזקת הנשק"": ""ארון בגדים בחדר השינה"", ""מחיר הנשק"": ""4000 ש\""ח"", ""מועד רכישת הנשק"": ""כחודש ימים עובר ליום 18.11.2014"", ""מקום מגורים"": ""תל אביב"", ""כמות קנאביס"": ""0.3027 גרם נטו"", ""סוג הנשק"": ""רובה מאולתר מדגם קרל גוסטב"", ""תיאור האופן שבו נשא הנאשם את הנשק"": ""בתוך תיק גב, עטוף בבגדים"", ""מספר עבירה"": ""144 ב"", ""סוג עבירה"": ""נשיאת נשק, הובלת נשק"", ""עבירות נוספות"": ""הנאשם הואשם והורשע בנוסף לעבירת נשק (סעיף 144(ב) לחוק העונשין) גם בעבירה של החזקת סם לצריכה עצמית לפי סעיף 7(א) לפקודת הסמים המסוכנים."", ""סוג הנשק [תת מקלע מאולתר]"": 1.0, ""סטטוס הנשק"": ""נשק מופרד מתחמושת"", ""תכנון"": ""כן"", ""אופן החזקת הנשק"": ""בבית, על גופו, מוסלק - מוסתר"", ""אופן קבלת הנשק"": ""רכש"", ""כמות תחמושת"": ""מחסנית וכדורים, כדורים"", ""שימוש"": ""לא""}",40.0,"1. **סוג העבירה וחומרתה**  
שני התיקים עוסקים בעבירת נשיאת נשק לפי סעיף 144(ב) לחוק העונשין, אך בתיק 2 יש גם עבירת סמים נלווית. חומרת העבירה דומה, אך בתיק 2 מדובר בנשק מסוג תת-מקלע מאולתר (פוטנציאל קטלני גבוה יותר) ובתכנון מוקדם, בעוד שבתיק 1 מדובר באקדח ללא תחמושת וללא תכנון.

2. **תפקיד הנאשם ומעורבותו**  
בתיק 1 הנאשם היה שותף לבריחה, החזיק את הנשק על גופו והסתיר אותו, אך לא יזם או רכש את הנשק. בתיק 2 הנאשם רכש את הנשק, החזיק אותו בביתו, והייתה לו שליטה מלאה ותכנון מוקדם – מעורבות יוזמתית ופעילה יותר.

3. **שיטת הביצוע (MO)**  
בתיק 1 מדובר בהחזקה מוסלקת על הגוף במהלך בריחה, ללא תכנון, ללא תחמושת, וללא שימוש. בתיק 2 מדובר בהחזקה מוסלקת בבית, לאחר רכישה ותכנון, עם תחמושת זמינה. דפוסי ההחזקה וההסתרה דומים, אך הנסיבות שונות מהותית (בריחה מול החזקה ביתית).

4. **נסיבות הליבה**  
בתיק 1: אקדח ללא תחמושת, ללא תכנון, החזקה רגעית במהלך אירוע פלילי (מרדף). בתיק 2: תת-מקלע מאולתר עם תחמושת, החזקה ממושכת ומתוכננת, רכישה יזומה, עבירת סמים נלווית. הנסיבות בתיק 2 מחמירות יותר.

5. **ישימות כתקדים**  
שני התיקים עוסקים באותו סעיף עבירה, אך ההבדלים בתכנון, סוג הנשק, תחמושת, ונסיבות ההחזקה מהותיים. בית המשפט עשוי להסתמך על תיק אחד לצורך עקרונות כלליים בענישה בעבירות נשק, אך לא יראה בהם תקדימים זהים או קרובים במיוחד – ההבדלים המהותיים יובילו להבחנה.

SIMILARITY_SCORE: 40","ok",""
"ME-17-05-633-549","ME-16-03-54615-517",2,0,1,"{""סוג הנשק [אקדח חצי אוטומטי]"": 1.0, ""סוג הנשק [אקדח חלוואני]"": 1.0, ""מחיר רכישה תת מקלע"": ""7,000 ₪"", ""מחיר מכירה אקדח חלוואני"": ""14,000 ₪"", ""שותפים לעבירה"": ""נצרי ח'ליפה"", ""מיקום עבירה"": ""בית רביע חוסיין"", ""שנת עבירה"": ""2013, 2015"", ""סוג תחמושת"": ""כדור או קלע"", ""פונקציונליות הנשק"": ""מנגנון הדק חסר, מנגנון הדק מאולתר"", ""מספר עבירה"": ""144 א, 144 ב"", ""סוג עבירה"": ""החזקה נשק, סחר בנשק"", ""סוג הנשק [אקדח]"": 1.0, ""סוג הנשק [תת מקלע מאולתר]"": 1.0, ""סטטוס הנשק"": ""נשק מופרד מתחמושת"", ""תכנון"": ""כן"", ""אופן החזקת הנשק"": ""מוסלק - מוסתר"", ""אופן קבלת הנשק"": ""רכש"", ""כמות תחמושת"": ""2 מחסניות, מאות כדורים, 2 מחסניות ריקה ובהן 0 כדורים"", ""מטרה-סיבת העבירה"": ""בצע כסף"", ""שימוש"": ""לא""}","{""מיקום המפגשים"": ""סמוך לביתו של מחמד"", ""מספר תתי מקלע שהועברו"": 2, ""סכום התשלום"": ""3000 ₪"", ""תקלות בנשק"": ""שני תתי מקלע לא ירו"", ""משך הזמן להשגת הנשק"": ""שלושה ימים"", ""משך הזמן להחלפת הנשק"": ""כשבוע"", ""מספר עבירה"": ""144 ב"", ""סוג עבירה"": ""סחר בנשק"", ""סוג הנשק [תת מקלע]"": 1.0, ""סטטוס הנשק"": ""תקול"", ""תכנון"": ""כן"", ""מטרה-סיבת העבירה"": ""בצע כסף"", ""שימוש"": ""לא""}",75.0,"1. **סוג העבירה וחומרתה**  
שני התיקים עוסקים בעבירות נשק, ובשניהם עבירת הסחר בנשק (144ב) היא המרכזית. בתיק 1 יש גם החזקה (144א), אך עיקר המעשים דומים ברמת החומרה – סחר בנשק חם (אקדחים/תת-מקלעים), לא שימוש.

2. **תפקיד הנאשם ומעורבותו**  
בשני המקרים הנאשמים פעלו ממניע של בצע כסף, יזמו ותכננו את העסקאות, והיו מעורבים באופן פעיל (רכישה, מסירה, תיווך). אין אינדיקציה למעורבות פסיבית או שולית.

3. **שיטת הביצוע (MO)**  
בשני התיקים מדובר בעסקאות מתוכננות של סחר בנשק, הכוללות תיאום, מסירה, תשלום, והסתרה/העברת נשק. בתיק 1 יש גם רכישה והסלקה, בתיק 2 – מסירה והחלפה. בשני המקרים הנשק לא היה תקין לגמרי (מאולתר/תקול).

4. **נסיבות הליבה**  
בשני התיקים מדובר בנשק חם (אקדחים/תת-מקלעים), אך בתיק 1 יש גם תחמושת רבה, סוגי נשק מגוונים, ומספר עסקאות לאורך זמן; בתיק 2 – שתי יחידות תת-מקלע תקולות, סכום נמוך יותר, ללא תחמושת. בשני המקרים לא נעשה שימוש בפועל בנשק, אך בתיק 1 הכמויות והמורכבות מעט גבוהות יותר.

5. **ישימות כתקדים**  
בית המשפט יראה את שני התיקים כרלוונטיים זה לזה לצורכי ענישה, במיוחד בהיבט של סחר בנשק חם ממניע של בצע כסף, תוך תכנון ומעורבות פעילה. עם זאת, השוני בכמויות, סוגי הנשק והיקף הפעילות עשוי להשפיע על רמת הענישה, אך לא לשלול רלוונטיות תקדימית.

SIMILARITY_SCORE: 75","ok",""
"ME-20-01-62688-591","ME-16-09-398-589",3,1,1,"{""סוג הרכב"": ""הונדה שחורה"", ""מספר רישוי"": ""60-201-70"", ""זמן האירוע"": ""16.1.20 בשעה 14:55"", ""מיקום האירוע"": ""עסק בו עבד המתלונן"", ""פגיעה פיזית"": ""שבר פמור שליש פרוקסימלי אספקט קדמי של להקורטקס"", ""אורך הפגיעה"": ""כ 7 ס\""מ"", ""טיפול רפואי"": ""ניתוח לשחזור ולקיבוע השבר באמצעות מסמר"", ""מקום אשפוז"": ""בית חולים רמב\""ם"", ""תאריך שחרור מהאשפוז"": ""21.1.20"", ""מקום מעצר הנאשם"": ""תחנת דלק פז בצומת האצטדיון בחיפה"", ""זמן מעצר"": ""סמוך לשעה 15:50 באותו יום"", ""כמות סם"": ""1.5 גרם קוקאין"", ""סכום כסף נמצא"": ""1,950 ₪"", ""מספר עבירה"": ""144 ב"", ""סוג עבירה"": ""נשיאת נשק, הובלת נשק"", ""עבירות נוספות"": ""הנאשם הורשע, בנוסף לעבירות נשק לפי סעיף 144, גם בעבירה של חבלה בכוונה מחמירה לפי סעיף 329(א)(1) לחוק העונשין, ובעבירה של החזקת סם מסוכן לצריכה עצמית לפי סעיפים 7(א) + 7(ג) סיפא לפקודת הסמים המסוכנים."", ""סוג הנשק [אקדח]"": 1.0, ""סטטוס הנשק"": ""נשק עם כדור בקנה"", ""תכנון"": ""כן"", ""אופן החזקת הנשק"": ""ברכב, על גופו"", ""שימוש"": ""לא""}","{""מיקום האירוע"": ""גינה ציבורית בבת-ים"", ""תאריך האירוע"": ""לילה שבין 10.8.16 ל-11.8.16"", ""מרחק ירי"": ""10 מטר"", ""פצעים"": ""פצעי כניסה ויציאה בשוק הימנית"", ""טיפול רפואי"": ""טופל בבית חולים"", ""מספר נפגעים"": 1, ""זהות הנפגע"": ""וויליאם קניסופה"", ""הפתעה"": ""כן"", ""מספר תוקפים"": 2, ""זהות תוקף נוסף"": ""לא ידועה"", ""מספר עבירה"": ""144 ב"", ""סוג עבירה"": ""נשיאת נשק"", ""עבירות נוספות"": ""הנאשם הורשע בנוסף לעבירת נשק (נשיאת נשק שלא כדין לפי סעיף 144(ב)), גם בעבירה של חבלה חמורה בנסיבות מחמירות לפי סעיפים 333 + 335(א)(2+1) לחוק העונשין. זוהי עבירת אלימות חמורה שאינה עבירת נשק."", ""סוג הנשק [אקדח]"": 1.0, ""סטטוס הנשק"": ""נשק עם כדור בקנה"", ""תכנון"": ""כן"", ""אופן החזקת הנשק"": ""על גופו"", ""שימוש"": ""לא""}",80.0,"1. **סוג העבירה וחומרתה**  
בשני התיקים מדובר בעבירת נשיאת נשק (סעיף 144(ב)), ובשניהם יש עבירת אלימות חמורה נלווית (חבלה בכוונה מחמירה/חבלה חמורה בנסיבות מחמירות). עם זאת, בתיק 1 יש גם עבירת סמים (לצריכה עצמית, שאינה מהותית לענייננו). רמת החומרה דומה – פציעה קשה באמצעות נשק חם.

2. **תפקיד הנאשם ומעורבותו**  
בשני המקרים הנאשם הוא התוקף הישיר, מעורבותו פעילה מאוד – לא שליח או מחזיק פסיבי, אלא מבצע עיקרי של תקיפה חמורה.

3. **שיטת הביצוע (MO)**  
בשני המקרים: נשיאת אקדח טעון, תקיפה מתוכננת, פגיעה פיזית קשה. עם זאת, בתיק 2 הירי בוצע ממרחק 10 מטרים ובשניים פעלו יחד, בעוד שבתיק 1 לא צוין ירי בפועל אלא פציעה קשה (ייתכן תקיפה פיזית עם נשק, לא בהכרח ירי).

4. **נסיבות הליבה**  
בשני התיקים: תכנון מוקדם, נשק טעון, פציעה קשה (שבר/פצעי ירי), טיפול רפואי משמעותי. בתיק 2 יש הפתעה ומעורבות של תוקף נוסף, בתיק 1 – פציעה חמורה אך לא ירי. בשניהם לא היה שימוש בפועל בנשק לירי (בתיק 2 יש פצעי ירי, אך מצוין ""שימוש: לא"" – ייתכן אי-בהירות בנתון).

5. **ישימות כתקדים**  
שני התיקים דומים מאוד במאפיינים המהותיים: עבירת נשק חמורה, תקיפה מתוכננת, פציעה קשה, מעורבות פעילה. בית משפט יראה אותם כרלוונטיים זה לזה לצורכי ענישה, למרות הבדלים מסוימים בנסיבות (ירי/לא ירי, מספר תוקפים).

SIMILARITY_SCORE: 80","ok",""
"ME-16-06-42987-901","ME-16-06-44840-433",3,1,1,"{""שנת לידה"": ""1997"", ""מקום האירוע"": ""שכונת גילה, ירושלים"", ""סוג הרימון"": ""רימון הלם"", ""מטרת השימוש בנשק"": ""הטלת אימה"", ""מקום השימוש בנשק"": ""חצר בית משפחה"", ""תוצאת השימוש בנשק"": ""הרימון התפוצץ"", ""שותפים לאירוע"": ""אמיר סלמה"", ""סוג הנשק הנוסף"": ""רימון גז"", ""כמות הרימונים הנוספים"": ""שני רימוני הלם"", ""סוג הסם בתיק הסמים"": ""חשיש"", ""כמות הסם"": ""גרמים בודדים"", ""תקופת המכירות"": ""מאי ויוני 2016"", ""מחיר הסם"": ""בין 100 ל-400 שקלים"", ""סוג הפריט המוגנב"": ""אופניים חשמליים"", ""שווי הפריט המוגנב"": ""3,000 שקלים"", ""תאריך הגניבה"": ""17.5.16"", ""מספר עבירה"": ""144 ב"", ""סוג עבירה"": ""נשיאת נשק"", ""עבירות נוספות"": ""הנאשם הורשע בנוסף לעבירות נשק (סעיף 144) גם בעבירות נוספות: איומים (סעיף 192), ניסיון לחבלה מחמירה (סעיף 329(א)(2)), ניסיון תקיפה בנסיבות מחמירות (סעיפים 382(א)+25), חמש עבירות של סחר בסמים (סעיפים 13+19א' לפקודת הסמים המסוכנים), החזקת סם שלא לשימוש עצמי (סעיפים 7(א)+7(ג) לפקודת הסמים המסוכנים), ועבירת גניבה (סעיף 384)."", ""סוג הנשק [רימון הלם/גז]"": 1.0, ""סוג הנשק - אם לא נמצא בטבלה"": ""כלי נשק מאולתר שבו כדור בקליבר 9 מ\""מ"", ""סטטוס הנשק"": ""תקול"", ""תכנון"": ""לא"", ""אופן החזקת הנשק"": ""על גופו"", ""שימוש"": ""לא""}","{""שנת לידה"": ""1993"", ""מיקום האירוע"": ""רחוב האפרסמון, ירושלים"", ""תאריך האירוע"": ""5.6.16"", ""מעורבים נוספים"": ""אלירון גולד, רן אברג'יל, יוני אברג'יל, נתי קורקוס"", ""סוגי רימונים"": ""רימון הלם, רימון גז"", ""הדרכה בשימוש בנשק"": ""הנאשם הסביר לאלירון כיצד להשתמש ברימון הגז"", ""העברת נשק"": ""הנאשם העביר רימוני הלם בין מקומות מסתור"", ""מספר עבירה"": ""144 א, 144 ב"", ""סוג עבירה"": ""החזקה נשק, נשיאת נשק"", ""עבירות נוספות"": ""הנאשם הורשע בנוסף לעבירות נשק (סעיף 144) גם בסיוע לנסיון לתקיפה לפי סעיפים 379 + 25 + 31 לחוק העונשין. זוהי עבירה שאינה עבירת נשק."", ""סוג הנשק [רימון הלם/גז]"": 1.0, ""סטטוס הנשק"": ""נשק מופרד מתחמושת"", ""תכנון"": ""כן"", ""אופן החזקת הנשק"": ""מוסלק - מוסתר"", ""שימוש"": ""זריקת רימון""}",68.0,"1. **סוג העבירה וחומרתה**  
שני התיקים עוסקים בעבירות נשק (נשיאת/החזקת רימוני הלם וגז), אך בתיק 1 יש ריבוי עבירות נוספות (סחר בסמים, גניבה, איומים, ניסיון לחבלה מחמירה), בעוד בתיק 2 העבירות הנוספות מצומצמות (סיוע לניסיון תקיפה). רמת החומרה דומה בעבירות הנשק, אך תיק 1 כולל סל עבירות רחב וחמור יותר.

2. **תפקיד הנאשם ומעורבותו**  
בתיק 1 הנאשם מעורב ישירות בשימוש ברימון (הטלת אימה, פיצוץ רימון בחצר בית), לצד שותף; בתיק 2 הנאשם מעביר רימונים, מדריך אחרים, ומשתתף בזריקת רימון, אך לא ברור אם הוא היוזם או מבצע עיקרי. בשני המקרים מעורבות פעילה, אך בתיק 1 יש יוזמה ישירה יותר.

3. **שיטת הביצוע (MO)**  
בשני התיקים מדובר בשימוש ברימוני הלם/גז, העברה והסתרה של רימונים, ופעולה קבוצתית. עם זאת, בתיק 1 יש גם שימוש בכלי נשק מאולתר, ובתיק 2 דגש על הדרכה והסתרה.

4. **נסיבות הליבה**  
בתיק 1: פיצוץ רימון בחצר בית משפחה, ללא תכנון מוקדם, נשק תקול, עבירות נוספות רבות (סמים, גניבה). בתיק 2: תכנון, הסתרה, הדרכה, זריקת רימון, נשק מופרד מתחמושת, פחות עבירות נלוות. בשני המקרים לא מדובר בשימוש קטלני במיוחד, אך בתיק 1 יש סל נסיבות מחמירות יותר.

5. **ישימות כתקדים**  
שני התיקים רלוונטיים זה לזה לעניין עבירות נשק (רימונים), דפוס פעולה קבוצתי, ושימוש ברימונים להטלת אימה/תקיפה. עם זאת, בשל ריבוי העבירות והחומרה בתיק 1, הוא ישמש תקדים מחמיר יותר, אך עדיין יש דמיון מהותי גבוה בעבירות הנשק והנסיבות.

SIMILARITY_SCORE: 68","ok",""
"ME-21-10-18557-340","SH-11-01-41775-497",1,0,0,"{""סוג הרכב"": ""מאזדה בצבע כחול"", ""מיקום האירוע"": ""כפר אבו סנאן"", ""זמן האירוע"": ""16.9.2021, סמוך לשעה 19:00"", ""מעורבים נוספים"": ""ג'יהאד סואעד, מוחמד פעאור"", ""סוג המאזדה"": ""מאזדה לבנה"", ""מיקום ישיבת הנאשם ברכב"": ""מושב הנוסע"", ""מיקום ישיבת ג'יהאד ברכב"": ""מושב הנהג"", ""מיקום ישיבת א' במאזדה"": ""מושב הנוסע ליד הנהג"", ""מיקום ישיבת מוחמד פעאור במאזדה"": ""מושב הנהג"", ""כיוון ירי הנאשם"": ""כלפי מעלה"", ""מטרת ירי הנאשם"": ""הפחדה או הקנטה של א'"", ""סכסוך קיים"": ""בין הנאשם לא'"", ""מספר עבירה"": ""144 א, 144 ב"", ""סוג עבירה"": ""החזקה נשק, נשיאת נשק, הובלת נשק"", ""עבירות נוספות"": ""הנאשם הורשע בנוסף לעבירות נשק (סעיף 144(א) ו-144(ב) לחוק העונשין) גם בעבירה של ירי מנשק חם לפי סעיף 340א(ב)(1) ו-(2) לחוק העונשין, שהיא עבירה שאינה לפי סעיף 144 ולכן נחשבת לעבירה נוספת."", ""סוג הנשק [תת מקלע מאולתר]"": 1.0, ""סטטוס הנשק"": ""נשק עם כדור בקנה"", ""תכנון"": ""לא"", ""אופן החזקת הנשק"": ""בבית, ברכב"", ""כמות תחמושת"": ""מחסנית ולכל הפחות 2 כדורים"", ""מטרה-סיבת העבירה"": ""הפחדה/הקנטה"", ""שימוש"": ""לא""}","{""משך זמן ההחזקה"": ""כשנה וחצי"", ""תאריך תחילת ההחזקה"": ""1.6.08"", ""מספר עבירה"": ""144 א, 144 ב"", ""סוג עבירה"": ""החזקה נשק"", ""סוג הנשק [אקדח]"": 1.0, ""סטטוס הנשק"": ""נשק מופרד מתחמושת"", ""תכנון"": ""לא"", ""אופן החזקת הנשק"": ""בבית, ברכב"", ""כמות תחמושת"": ""מחסנית, 34 כדורים"", ""שימוש"": ""לא""}",38.0,"1. **סוג העבירה וחומרתה**  
שני התיקים עוסקים בעבירות נשק לפי סעיפים 144(א) ו-144(ב) לחוק העונשין – החזקה ונשיאה. עם זאת, בתיק 1 יש גם עבירת ירי מנשק חם (סעיף 340א), שהיא חמורה יותר ומוסיפה נדבך מהותי של מסוכנות, בעוד שבתיק 2 מדובר בהחזקה בלבד ללא שימוש.

2. **תפקיד הנאשם ומעורבותו**  
בתיק 1 הנאשם היה מעורב אקטיבית – ירה מנשק (גם אם כלפי מעלה ולמטרת הפחדה), כלומר מעורבות פעילה. בתיק 2 מדובר בהחזקה בלבד לאורך זמן, ללא כל שימוש או הפעלה של הנשק – מעורבות פסיבית.

3. **שיטת הביצוע (MO)**  
בשני המקרים הנשק הוחזק בבית וברכב, אך בתיק 1 נעשה שימוש בפועל (ירי), בעוד שבתיק 2 לא נעשה כל שימוש. בתיק 1 הנשק היה טעון ומוכן לירי, בתיק 2 הנשק היה מופרד מתחמושת.

4. **נסיבות הליבה**  
בתיק 1: תת-מקלע מאולתר, נשק טעון, ירי בפועל, סכסוך אישי, מטרה של הפחדה, מעורבות של מספר אנשים. בתיק 2: אקדח, נשק לא טעון, החזקה ממושכת, ללא נסיבות מחמירות או מקלות מיוחדות, ללא שימוש או סכסוך.

5. **ישימות כתקדים**  
בית המשפט יראה את שני התיקים כרלוונטיים זה לזה רק במובן הכללי של עבירות נשק, אך בשל השוני המהותי – שימוש בפועל ונסיבות מחמירות בתיק 1 לעומת החזקה פסיבית בתיק 2 – תיק 1 לא ישמש תקדים ענייני מלא לתיק 2 (או להפך) לעניין ענישה. ייתכן שימוש בהשוואה כללית בלבד.

SIMILARITY_SCORE: 38","ok",""
"ME-16-06-42987-901","ME-14-10-31218-522",1,0,0,"{""שנת לידה"": ""1997"", ""מקום האירוע"": ""שכונת גילה, ירושלים"", ""סוג הרימון"": ""רימון הלם"", ""מטרת השימוש בנשק"": ""הטלת אימה"", ""מקום השימוש בנשק"": ""חצר בית משפחה"", ""תוצאת השימוש בנשק"": ""הרימון התפוצץ"", ""שותפים לאירוע"": ""אמיר סלמה"", ""סוג הנשק הנוסף"": ""רימון גז"", ""כמות הרימונים הנוספים"": ""שני רימוני הלם"", ""סוג הסם בתיק הסמים"": ""חשיש"", ""כמות הסם"": ""גרמים בודדים"", ""תקופת המכירות"": ""מאי ויוני 2016"", ""מחיר הסם"": ""בין 100 ל-400 שקלים"", ""סוג הפריט המוגנב"": ""אופניים חשמליים"", ""שווי הפריט המוגנב"": ""3,000 שקלים"", ""תאריך הגניבה"": ""17.5.16"", ""מספר עבירה"": ""144 ב"", ""סוג עבירה"": ""נשיאת נשק"", ""עבירות נוספות"": ""הנאשם הורשע בנוסף לעבירות נשק (סעיף 144) גם בעבירות נוספות: איומים (סעיף 192), ניסיון לחבלה מחמירה (סעיף 329(א)(2)), ניסיון תקיפה בנסיבות מחמירות (סעיפים 382(א)+25), חמש עבירות של סחר בסמים (סעיפים 13+19א' לפקודת הסמים המסוכנים), החזקת סם שלא לשימוש עצמי (סעיפים 7(א)+7(ג) לפקודת הסמים המסוכנים), ועבירת גניבה (סעיף 384)."", ""סוג הנשק [רימון הלם/גז]"": 1.0, ""סוג הנשק - אם לא נמצא בטבלה"": ""כלי נשק מאולתר שבו כדור בקליבר 9 מ\""מ"", ""סטטוס הנשק"": ""תקול"", ""תכנון"": ""לא"", ""אופן החזקת הנשק"": ""על גופו"", ""שימוש"": ""לא""}","{""שנת לידה"": 1983, ""זמן האירוע"": ""02:45"", ""תאריך האירוע"": ""29/5/14"", ""מיקום האירוע"": ""דיר אל אסד"", ""סוג הרימון"": ""M7290"", ""צבע הרימון"": ""שחור"", ""מספר הרימון"": ""E386201"", ""פגיעה פוטנציאלית"": ""פגיעה גופנית"", ""מטרת הפעולה"": ""השלכת רימון למרפסת"", ""תוצאת הפעולה"": ""התפוצצות וקול נפץ עז"", ""מספר עבירה"": ""144 א"", ""סוג עבירה"": ""החזקה נשק"", ""סוג הנשק [רימון הלם/גז]"": 1.0, ""תכנון"": ""לא"", ""שימוש"": ""זריקת רימון""}",45.0,"1. **סוג העבירה וחומרתה**  
שני התיקים עוסקים בעבירות נשק מסוג רימון הלם, אך בתיק 1 מדובר ב""נשיאת נשק"" (סעיף 144 ב) לצד שורת עבירות חמורות נוספות (איומים, ניסיון לחבלה מחמירה, סחר בסמים, גניבה), בעוד שבתיק 2 מדובר ב""החזקה נשק"" (סעיף 144 א) בלבד. חומרת העבירות בתיק 1 גבוהה בהרבה בשל ריבוי העבירות והנסיבות המחמירות.

2. **תפקיד הנאשם ומעורבותו**  
בשני המקרים הנאשמים היו מעורבים ישירות בשימוש ברימון הלם, אך בתיק 1 יש גם שותף, והנאשם מעורב בעבירות נוספות (סחר, גניבה), מה שמעיד על דפוס עברייני רחב יותר. בתיק 2 מדובר באירוע בודד של השלכת רימון.

3. **שיטת הביצוע (MO)**  
בשני המקרים מדובר בהשלכת רימון הלם לעבר בית/מרפסת בשעות לילה, ללא תכנון מוקדם. דפוס הפעולה דומה יחסית, אך בתיק 1 יש גם שימוש ברימוני גז וכלי נשק מאולתר, מה שמגביר את המורכבות.

4. **נסיבות הליבה**  
בשני המקרים לא היה תכנון מוקדם, אך בתיק 1 יש נסיבות מחמירות: ריבוי עבירות, שותפים, החזקת כלי נשק נוספים, עבירות סמים וגניבה. בתיק 2 מדובר באירוע יחיד, ללא נסיבות מחמירות נוספות.

5. **ישימות כתקדים**  
למרות הדמיון בשימוש ברימון הלם ובדפוס הפעולה, הפער בחומרת העבירות, ריבוי העבירות בתיק 1 והנסיבות המחמירות שבו, יגרמו לבית המשפט לראות את התיקים כרלוונטיים זה לזה רק באופן חלקי. תיק 2 עשוי להוות תקדים מסוים לתיק 1 לעניין עצם השימוש ברימון הלם, אך לא לעניין הענישה הכוללת.

SIMILARITY_SCORE: 45","ok",""
"ME-18-05-32659-754","ME-15-02-9111-399",1,0,0,"{""מיקום האירוע"": ""ירכא"", ""זמן האירוע"": ""05.05.2018 בשעה 00:25"", ""פרטי הנשק [תת מקלע]"": ""פאראבלום 9 מילימטר"", ""פרטי הנשק [רימוני גז]"": ""שני רימוני גז מדמיע"", ""פרטי הנשק [מחסנית]"": ""מחסנית ריקה לתת מקלע מסוג עוזי"", ""פרטי הנשק [כדורים לאקדח]"": ""9 כדורים לאקדח 9 מילימטר פאראבלום"", ""פרטי הנשק [כדורים בערכה]"": ""10 כדורים בקוטר 5.56 מילימטר"", ""פרטי הנשק [ערכה לניקוי]"": ""ערכה לניקוי של נשק"", ""פעילות משטרתית"": ""הקמת מחסומים באזור ירכא"", ""התנהגות הנאשם בעת המעצר"": ""סירוב לצאת מהרכב, דחיפת שוטרים, ניסיון להשתחרר מאחיזתם"", ""מספר עבירה"": ""144 ב"", ""סוג עבירה"": ""נשיאת נשק, הובלת נשק"", ""עבירות נוספות"": ""הנאשם הורשע בנוסף לעבירות נשק (סעיף 144) גם בעבירה של הפרעה לשוטר במילוי תפקידו לפי סעיף 275 לחוק העונשין."", ""סוג הנשק [תת מקלע מאולתר]"": 1.0, ""סוג הנשק [רימון הלם/גז]"": 1.0, ""סטטוס הנשק"": ""נשק מופרד מתחמושת"", ""תכנון"": ""לא"", ""אופן החזקת הנשק"": ""ברכב"", ""כמות תחמושת"": ""מחסנית ריקה ובה 0 כדורים, 9 כדורים, 10 כדורים"", ""שימוש"": ""לא""}","{""מיקום האירוע"": ""כפר בענה"", ""זמן האירוע"": ""25.1.15, סמוך לשעה 15:00"", ""סיבת המעצר"": ""מנוסה משוטרים"", ""סוג האקדח"": ""FN"", ""מספר האקדח"": ""74423"", ""קליבר"": ""9 מ\""מ"", ""מספר עבירה"": ""144 א, 144 ב"", ""סוג עבירה"": ""החזקה נשק, נשיאת נשק"", ""סוג הנשק [אקדח]"": 1.0, ""סטטוס הנשק"": ""נשק מופרד מתחמושת"", ""תכנון"": ""לא"", ""אופן החזקת הנשק"": ""על גופו"", ""כמות תחמושת"": ""מחסנית ובה 13 כדורים"", ""שימוש"": ""לא""}",65.0,"1. **סוג העבירה וחומרתה**  
בשני התיקים מדובר בעבירות נשק – נשיאה/החזקה/הובלה – לפי סעיף 144 לחוק העונשין. בשני המקרים לא מיוחס שימוש בנשק, אלא החזקה/נשיאה בלבד. עם זאת, בתיק 1 יש גם עבירה נלווית של הפרעה לשוטר, ובתיק 2 לא. חומרת העבירה דומה, אך בתיק 1 יש גיוון רחב יותר של אמצעי לחימה.

2. **תפקיד הנאשם ומעורבותו**  
בשני המקרים הנאשם הוא המחזיק/נושא של הנשק, ללא אינדיקציה למעורבות רחבה יותר (כגון סחר, תיווך או יוזמה פלילית רחבה). המעורבות היא ישירה ואישית, ללא תכנון מוקדם.

3. **שיטת הביצוע (MO)**  
בשני המקרים הנשק הוחזק שלא בשימוש, כשהוא מופרד מתחמושת. בתיק 1 הנשק הוסתר ברכב, בתיק 2 על גופו של הנאשם. בתיק 1 מדובר במגוון כלי נשק (תת-מקלע, רימונים, תחמושת), בתיק 2 באקדח בלבד. דפוס ההחזקה דומה (החזקה פיזית, לא שימוש), אך יש הבדל באמצעים.

4. **נסיבות הליבה**  
בתיק 1 נתפסו מספר כלי נשק ותחמושת מגוונת, כולל רימוני גז ותת-מקלע, בעוד שבתיק 2 מדובר באקדח אחד עם מחסנית ותחמושת. בשני המקרים לא היה שימוש בנשק, לא היה תכנון, והנשק היה מופרד מתחמושת. בתיק 1 יש נסיבה מחמירה של הפרעה לשוטר בעת המעצר.

5. **ישימות כתקדים**  
בית המשפט יראה את שני התיקים כרלוונטיים זה לזה לצורכי ענישה, שכן מדובר בעבירות דומות במהותן (החזקה/נשיאה של נשק שלא כדין, ללא שימוש וללא תכנון). עם זאת, השוני בכמות ובסוגי הנשק, וכן בעבירה הנוספת בתיק 1, יפחיתו את מידת הרלוונטיות המלאה.

SIMILARITY_SCORE: 65","ok",""
"ME-16-05-336-804","ME-16-11-69158-529",2,0,1,"{""זמן האירוע"": ""שעת ערב"", ""מיקום האירוע"": ""טקס חינה"", ""תאריך האירוע"": ""24/04/16"", ""סוג הנשק המדויק"": ""תת מקלע מאולתר מסוג קרל גוסטב"", ""פעולה במהלך האירוע"": ""פריקת נשק"", ""התנהלות במהלך נסיעה"": ""הימלטות מהמשטרה"", ""מספר כביש"": ""24"", ""מעורבות צד שלישי"": ""רדואן סמארה"", ""מספר עבירה"": ""144 ב"", ""סוג עבירה"": ""נשיאת נשק, הובלת נשק"", ""סוג הנשק [תת מקלע מאולתר]"": 1.0, ""סטטוס הנשק"": ""נשק מופרד מתחמושת"", ""תכנון"": ""לא"", ""אופן החזקת הנשק"": ""ברכב, על גופו"", ""כמות תחמושת"": ""2 מחסניות ריקות ובהן 0 כדורים, 26 כדורים"", ""שימוש"": ""לא""}","{""מיקום האירוע"": ""טייבה"", ""תאריך האירוע"": ""23.11.16"", ""סוג התחמושת"": ""9 מ\""מ"", ""מיקום החבייה"": ""מתחת למושב הנהג ומושב סמוך"", ""סוג האירוע"": ""אירוע משפחתי"", ""מיקום טמינת הנשק"": ""באדמה סמוך לבית הנאשם"", ""סוג הנשק המדויק"": ""קרל גוסטב"", ""מספר עבירה"": ""144 ב"", ""סוג עבירה"": ""נשיאת נשק"", ""עבירות נוספות"": ""הנאשם הורשע בנוסף לעבירות נשק (סעיף 144) גם בעבירה של ירי באזור מגורים לפי סעיף 340א לחוק העונשין."", ""סוג הנשק [תת מקלע]"": 1.0, ""סטטוס הנשק"": ""נשק עם כדור בקנה"", ""תכנון"": ""כן"", ""אופן החזקת הנשק"": ""בבית, ברכב, מוסלק - מוסתר"", ""שימוש"": ""לא""}",55.0,"1. **סוג העבירה וחומרתה**  
בשני התיקים מדובר בעבירות נשיאת נשק לפי סעיף 144(ב) לחוק העונשין, ובשני המקרים מדובר בתת-מקלע מסוג קרל גוסטב – נשק חמור. עם זאת, בתיק 2 יש גם הרשעה בעבירה חמורה נוספת: ירי באזור מגורים (סעיף 340א), שמעלה את רמת החומרה הכוללת.

2. **תפקיד הנאשם ומעורבותו**  
בשני המקרים הנאשמים מחזיקים ומובילים את הנשק, אך בתיק 1 מדובר בהובלה תוך כדי הימלטות מהמשטרה (מעורבות אקטיבית, אך ללא תכנון), בעוד שבתיק 2 יש הסלקה מתוכננת של הנשק והתחמושת, וכן החזקה ממושכת יותר (בבית וברכב). בתיק 2 יש גם תכנון, מה שמחמיר את המעורבות.

3. **שיטת הביצוע (MO)**  
בשני המקרים מדובר בהחזקת תת-מקלע, אך בתיק 1 הנשק היה מופרד מתחמושת, הוסע ברכב, ונתפס תוך כדי בריחה; בתיק 2 הנשק היה מוסלק, עם כדור בקנה, והוסתר גם בבית וגם ברכב. בתיק 2 יש דגש על הסתרה ותכנון, לעומת תיק 1 שבו יש דפוס של הובלה ובריחה.

4. **נסיבות הליבה**  
בתיק 1: נשק מופרד מתחמושת, לא נעשה שימוש, לא היה תכנון, נתפס תוך כדי בריחה.  
בתיק 2: נשק עם כדור בקנה, מוסלק, תכנון מוקדם, הרשעה גם בירי באזור מגורים – נסיבות מחמירות בהרבה.  
הכמות דומה (תת-מקלע אחד), אך בתיק 2 יש גם תחמושת מוכנה לשימוש וירי בפועל.

5. **ישימות כתקדים**  
שני התיקים עוסקים באותו סוג נשק ואותה עבירה עיקרית, אך בתיק 2 יש נסיבות מחמירות בהרבה (תכנון, הסלקה, ירי בפועל). תיק 1 יכול לשמש תקדים חלקי בלבד, בעיקר לעניין עצם החזקת הנשק, אך לא לעניין הענישה הכוללת או נסיבות מחמירות.

SIMILARITY_SCORE: 55","ok",""
"SH-17-10-10556-234","m07001074-98",2,0,1,"{""קוטר הקליעים"": ""8 מ\""מ"", ""מיקום החזקת הנשק"": ""בחצר הסמוכה לבית, מתחת למזרון בערימת זבל"", ""מרחק החזקת הנשק מהבית"": ""100 מטרים"", ""בעלות הנשק"": ""בבעלות אחר"", ""מספר עבירה"": ""144 א"", ""סוג עבירה"": ""החזקה נשק"", ""סוג הנשק [אקדח]"": 1.0, ""סטטוס הנשק"": ""נשק עם מחסנית בהכנס"", ""תכנון"": ""לא"", ""אופן החזקת הנשק"": ""מוסלק - מוסתר"", ""כמות תחמושת"": ""מחסנית ובה 10 כדורים, מחסנית ריקה ובה 0 כדורים"", ""שימוש"": ""לא""}","{""מיקום מציאת הנשק"": ""שטח אדמה הסמוך לכפר מגוריו"", ""מיקום החזקת הנשק"": ""מעל ארון בגדים בבית הנאשם"", ""תאריך מציאת הנשק"": ""31/1/07"", ""תאריך תפיסת הנשק"": ""4/2/07"", ""סוג הצו לחיפוש"": ""צו בית משפט"", ""מספר עבירה"": ""144 א"", ""סוג עבירה"": ""החזקה נשק"", ""סוג הנשק [תת מקלע]"": 1.0, ""סטטוס הנשק"": ""נשק מפורק"", ""תכנון"": ""לא"", ""אופן החזקת הנשק"": ""בבית, מוסלק - מוסתר"", ""אופן קבלת הנשק"": ""מצא"", ""כמות תחמושת"": ""2 מחסניות ריקות ובהן 0 כדורים"", ""שימוש"": ""לא""}",75.0,"1. **סוג העבירה וחומרתה**  
בשני המקרים מדובר בעבירה זהה – החזקת נשק לפי סעיף 144(א) לחוק העונשין. עם זאת, יש הבדל מסוים בחומרה: בתיק 1 מדובר באקדח טעון, ובתיק 2 בתת-מקלע מפורק וללא תחמושת. שניהם חמורים, אך אקדח טעון נחשב מסוכן יותר בפועל.

2. **תפקיד הנאשם ומעורבותו**  
בשני התיקים הנאשם הוא המחזיק בלבד, ללא אינדיקציה ליזמות, סחר או שימוש. בתיק 2 מצוין שהנאשם ""מצא"" את הנשק, מה שעשוי להצביע על מעורבות מעט פחותה, אך בשני המקרים אין תכנון או שימוש.

3. **שיטת הביצוע (MO)**  
בשני המקרים הנשק הוסלק והוסתר – בתיק 1 מחוץ לבית (בחצר, מתחת למזרון), בתיק 2 בתוך הבית (מעל ארון בגדים). דפוס ההסלקה דומה, אך מיקום ההסלקה שונה (פנים/חוץ בית).

4. **נסיבות הליבה**  
בתיק 1: אקדח טעון, מוסתר, לא שייך לנאשם, לא נעשה בו שימוש, לא מתוכנן. בתיק 2: תת-מקלע מפורק, ללא תחמושת, מוסתר בבית, לא מתוכנן, לא שייך לנאשם, לא נעשה בו שימוש. בשני המקרים אין נסיבות מחמירות (כמו שימוש, תכנון, סחר), אך בתיק 1 יש פוטנציאל מסוכנות גבוה יותר (נשק טעון).

5. **ישימות כתקדים**  
שני התיקים דומים מאוד במבנה העובדתי והמשפטי: החזקה מוסלקת של נשק שאינו שייך לנאשם, ללא שימוש או תכנון. ההבדל המרכזי הוא סוג הנשק ומידת המסוכנות (אקדח טעון לעומת תת-מקלע מפורק). בית המשפט יראה בתיקים אלה תקדימים רלוונטיים זה לזה, אך יבחין בין רמות המסוכנות.

SIMILARITY_SCORE: 75","ok",""
"SH-19-07-60805-168","ME-14-10-31218-522",1,0,0,"{""סוג הרכב"": ""לקסוס"", ""מספר רישוי"": ""72-111-79"", ""מיקום החזקת הנשק"": ""תחת שטיח הגלגל הרזרבי"", ""סוג האקדח"": ""גז/הזנקה"", ""שינוי בייעוד הנשק"": ""מסוגל לירות כדורי אקדח"", ""סוג המחסנית"": ""סמית' אנד ווסון"", ""קוטר הכדורים"": ""9 מ\""מ פאראבלום"", ""מספר עבירה"": ""144 א"", ""סוג עבירה"": ""החזקה נשק"", ""סוג הנשק [אקדח]"": 1.0, ""סטטוס הנשק"": ""נשק עם מחסנית בהכנס"", ""תכנון"": ""לא"", ""אופן החזקת הנשק"": ""ברכב, מוסלק - מוסתר"", ""כמות תחמושת"": ""מחסנית ובה 10 כדורים"", ""שימוש"": ""לא""}","{""שנת לידה"": 1983, ""זמן האירוע"": ""02:45"", ""תאריך האירוע"": ""29/5/14"", ""מיקום האירוע"": ""דיר אל אסד"", ""סוג הרימון"": ""M7290"", ""צבע הרימון"": ""שחור"", ""מספר הרימון"": ""E386201"", ""פגיעה פוטנציאלית"": ""פגיעה גופנית"", ""מטרת הפעולה"": ""השלכת רימון למרפסת"", ""תוצאת הפעולה"": ""התפוצצות וקול נפץ עז"", ""מספר עבירה"": ""144 א"", ""סוג עבירה"": ""החזקה נשק"", ""סוג הנשק [רימון הלם/גז]"": 1.0, ""תכנון"": ""לא"", ""שימוש"": ""זריקת רימון""}",35.0,"1. **סוג העבירה וחומרתה**  
שני התיקים עוסקים בעבירה זהה – החזקת נשק לפי סעיף 144(א) לחוק העונשין. עם זאת, בתיק 1 מדובר בהחזקה בלבד (אקדח מוסתר ברכב, ללא שימוש), ואילו בתיק 2 יש גם שימוש בפועל (השלכת רימון שגרמה לפיצוץ). החומרה בתיק 2 גבוהה יותר בשל השימוש והסיכון הממשי.

2. **תפקיד הנאשם ומעורבותו**  
בתיק 1 הנאשם מחזיק נשק מוסתר, ללא אינדיקציה לשימוש או כוונה מיידית. בתיק 2 הנאשם לא רק החזיק אלא גם השתמש בנשק (השליך רימון), כלומר מעורבות פעילה ומסוכנת יותר.

3. **שיטת הביצוע (MO)**  
בתיק 1: הסלקת אקדח ברכב, ללא שימוש. בתיק 2: החזקת רימון והשלכתו בפועל לעבר מרפסת. דפוסי הפעולה שונים מהותית – הסלקה לעומת שימוש התקפי.

4. **נסיבות הליבה**  
תיק 1: אקדח מוסב לירי, מוסתר, לא נעשה בו שימוש, מחסנית עם 10 כדורים. תיק 2: רימון הלם, הושלך וגרם לפיצוץ, פוטנציאל לפגיעה גופנית. בתיק 2 יש נסיבות מחמירות – שימוש בפועל, סיכון חיי אדם.

5. **ישימות כתקדים**  
למרות ששני התיקים עוסקים ב""החזקה"" לפי אותו סעיף, ההבדלים המהותיים – סוג הנשק, השימוש בפועל, רמת הסיכון – הופכים את תיק 1 לפחות רלוונטי כתקדים ענישתי לתיק 2. בית המשפט יבחין בין החזקה פסיבית לבין שימוש אקטיבי ומסוכן.

SIMILARITY_SCORE: 35","ok",""
"ME-16-06-44840-433","SH-11-05-24791-315",1,0,0,"{""שנת לידה"": ""1993"", ""מיקום האירוע"": ""רחוב האפרסמון, ירושלים"", ""תאריך האירוע"": ""5.6.16"", ""מעורבים נוספים"": ""אלירון גולד, רן אברג'יל, יוני אברג'יל, נתי קורקוס"", ""סוגי רימונים"": ""רימון הלם, רימון גז"", ""הדרכה בשימוש בנשק"": ""הנאשם הסביר לאלירון כיצד להשתמש ברימון הגז"", ""העברת נשק"": ""הנאשם העביר רימוני הלם בין מקומות מסתור"", ""מספר עבירה"": ""144 א, 144 ב"", ""סוג עבירה"": ""החזקה נשק, נשיאת נשק"", ""עבירות נוספות"": ""הנאשם הורשע בנוסף לעבירות נשק (סעיף 144) גם בסיוע לנסיון לתקיפה לפי סעיפים 379 + 25 + 31 לחוק העונשין. זוהי עבירה שאינה עבירת נשק."", ""סוג הנשק [רימון הלם/גז]"": 1.0, ""סטטוס הנשק"": ""נשק מופרד מתחמושת"", ""תכנון"": ""כן"", ""אופן החזקת הנשק"": ""מוסלק - מוסתר"", ""שימוש"": ""זריקת רימון""}","{""מיקום החזקת הנשק"": ""כפר עין-נקובא"", ""סוג האקדח"": ""FN"", ""סוג המחסניות"": ""תואמות לאקדח FN"", ""זמן החזקת הנשק"": ""19/07/09 בשעה 21:00"", ""מספר עבירה"": ""144 א"", ""סוג עבירה"": ""החזקה נשק"", ""סוג הנשק [אקדח]"": 1.0, ""סטטוס הנשק"": ""נשק מופרד מתחמושת"", ""תכנון"": ""לא"", ""אופן החזקת הנשק"": ""בבית"", ""אופן קבלת הנשק"": ""מאחר"", ""כמות תחמושת"": ""2 מחסניות"", ""שימוש"": ""לא""}",35.0,"1. **סוג העבירה וחומרתה**  
שני התיקים עוסקים בעבירות נשק לפי סעיף 144 א לחוק העונשין (החזקה/נשיאה), אך בתיק 1 יש גם עבירות נוספות (סיוע לניסיון תקיפה) ושימוש בפועל בנשק (זריקת רימון), בעוד שבתיק 2 מדובר בהחזקה בלבד ללא שימוש או עבירות נלוות. חומרת תיק 1 גבוהה יותר בשל השימוש והעבירות הנוספות.

2. **תפקיד הנאשם ומעורבותו**  
בתיק 1 הנאשם פעיל מאוד: מעביר רימונים, מדריך אחרים, מסייע לתקיפה, ומבצע הסלקה. בתיק 2 הנאשם מחזיק נשק בבית, ללא אינדיקציה למעורבות פעילה מעבר להחזקה.

3. **שיטת הביצוע (MO)**  
בתיק 1 יש דפוס של הסלקה, הדרכה, תכנון ושימוש בפועל (זריקה). בתיק 2 מדובר בהחזקה פסיבית של אקדח ומחסניות בבית, ללא תכנון או שימוש.

4. **נסיבות הליבה**  
בתיק 1: רימוני הלם/גז, תכנון, הסלקה, שימוש בפועל, עבירות נלוות. בתיק 2: אקדח ומחסניות, ללא תכנון, ללא שימוש, ללא נסיבות מחמירות או מקלות מיוחדות.

5. **ישימות כתקדים**  
בית המשפט יראה את שני התיקים כרלוונטיים זה לזה רק ברמה עקרונית של ""עבירות נשק"", אך בשל ההבדלים המהותיים בחומרה, מעורבות, נסיבות ושימוש – תיק 1 לא ישמש תקדים ענייני ישיר לתיק 2 (ולהפך), אלא אם מדובר בשאלות עקרוניות של פרשנות סעיף 144 א.

SIMILARITY_SCORE: 35","ok",""
"ME-16-08-229-604","ME-16-05-19384-544",1,0,0,"{""מקום האירוע"": ""תל אביב, מחנה פליטים קלנדיה, רמאללה, סטח מרחבה"", ""סוג הרכב"": ""קטנוע סאן יאנג"", ""מספר רכב"": ""ל.ז. 5018278"", ""סוג הנשק [M16]"": 1.0, ""סוג הנשק [אקדח בלגי]"": 1.0, ""אופן ירי"": ""ירי לעבר כוחות צה\""ל"", ""מרחק ירי"": ""250 מטר"", ""מספר יריות"": ""8"", ""מקום החזקת הנשק"": ""בבית ג'ודה אבו עיישה"", ""מקום ייצור הנשק"": ""חנות האטליז המשפחתית"", ""זמן האירועים"": ""29.6.2016, 4.7.2016, 1.3.2016, 13.4.2016, 1.7.2016, 11.7.2016"", ""סוג הפרעה"": ""ידוי אבנים, ידוי בקבוקי תבערה"", ""מרחק ידוי"": ""20 מטר"", ""מספר ידויים"": ""3"", ""מטרה ידוי"": ""הפרעה לשוטרים וכוחות ביטחון"", ""מקום ידוי"": ""מחנה קלנדיה, שער שכם"", ""מקום רכישת הנשק"": ""כפר עקב"", ""מקום ירי"": ""בכניסה לבית הנאשם"", ""מספר עבירה"": ""144 א, 144 ב"", ""סוג עבירה"": ""החזקה נשק, נשיאת נשק, ייצור נשק"", ""עבירות נוספות"": ""הנאשם הורשע, בנוסף לעבירות נשק לפי סעיף 144, גם בעבירות נוספות שאינן עבירות נשק: חבלה בכוונה מחמירה (סעיף 329(א)(2)), גניבת רכב (סעיף 413ב(א)), הפרעה לשוטר בנסיבות מחמירות (סעיף 275א), ניסיון הצתה (סעיף 448(א)), וירי בשטח בנוי (סעיף 340א)."", ""סוג הנשק [אקדח]"": 1.0, ""סוג הנשק [בקבוק תבערה]"": 1.0, ""סוג הנשק [רובה סער]"": 1.0, ""סטטוס הנשק"": ""נשק עם כדור בקנה"", ""תכנון"": ""כן"", ""אופן החזקת הנשק"": ""בבית, ברכב, מוסלק - מוסתר"", ""אופן קבלת הנשק"": ""מאחר"", ""מטרה-סיבת העבירה"": ""פיגוע"", ""שימוש"": ""לא""}","{""מקום החבייה"": ""שכונה סמוכה למקום מגוריו"", ""מחיר נשק קרל גוסטב"": ""3000 ₪"", ""מחיר מכירה נשק קרל גוסטב לחרוב"": ""3500 ₪"", ""תאריך פיגוע ירי על ידי חרוב"": ""9.3.16"", ""מיקום פיגוע ירי"": ""ירושלים, צומת רמות ושמעון הצדיק"", ""סוג תחמושת"": ""כדורי תחמושת לנשק קרל גוסטב"", ""מספר כדורים שנמכרו"": ""10"", ""מקום חיפוש נשק על ידי כוחות הביטחון"": ""קלנדיה"", ""תאריך החלטה לירות על כוחות הביטחון"": ""14.11.15"", ""מספר כדורים שנורו"": ""5"", ""מספר רכבים של כוחות הביטחון שנזוהו"": ""3"", ""מספר נשקים שנמכרו למחיסן"": ""2"", ""מחיר נשק למחיסן"": ""4000 ₪ לכל נשק"", ""מספר נשקים שנרכשו מאחר"": ""לא צוין מספר מדויק"", ""מספר עבירה"": ""144 א, 144 ב"", ""סוג עבירה"": ""נשיאת נשק, סחר בנשק"", ""עבירות נוספות"": ""הנאשם הורשע גם בעבירת ניסיון לחבלה חמורה לפי סעיף 333 בצירוף סעיף 25 לחוק העונשין, שאינה עבירת נשק לפי סעיף 144."", ""סוג הנשק - אם לא נמצא בטבלה"": ""רובה מסוג תבור, קרל גוסטב"", ""סטטוס הנשק"": ""נשק מופרד מתחמושת"", ""תכנון"": ""כן"", ""אופן החזקת הנשק"": ""בבית, על גופו, מוסלק - מוסתר"", ""אופן קבלת הנשק"": ""רכש"", ""כמות תחמושת"": ""10 כדורים"", ""מטרה-סיבת העבירה"": ""בצע כסף"", ""שימוש"": ""לא""}",65.0,"1. **סוג העבירה וחומרתה**  
שני התיקים עוסקים בעבירות נשק חמורות (נשיאת נשק, החזקה, ייצור/סחר), שתיהן לפי סעיפים 144 א-ב לחוק העונשין. עם זאת, בתיק 1 יש גם ייצור נשק ושימוש בפועל בירי לעבר כוחות ביטחון, לצד עבירות נלוות חמורות (חבלה בכוונה מחמירה, ניסיון הצתה, ירי בשטח בנוי), בעוד בתיק 2 הדגש הוא על סחר בנשק, עם עבירת ניסיון לחבלה חמורה. רמת החומרה דומה, אך תיק 1 כולל גם פיגוע בפועל ואלימות ישירה.

2. **תפקיד הנאשם ומעורבותו**  
בתיק 1 הנאשם יוזם, מחזיק, מייצר ואף מבצע ירי בפועל לעבר כוחות ביטחון — מעורבות ישירה ופעילה מאוד. בתיק 2 הנאשם עוסק בעיקר בסחר, רכש ומכר נשק, החזיק והסתיר, אך לא ביצע ירי בעצמו (הירי בוצע על ידי אחר). המעורבות בתיק 2 יותר ""מאחורי הקלעים"", אם כי עדיין מרכזית.

3. **שיטת הביצוע (MO)**  
בשני התיקים יש דפוס של הסתרת נשק, שימוש באמצעי לחימה צבאיים, תכנון מוקדם, ורכישה/העברה של נשק בין גורמים פליליים. עם זאת, בתיק 1 יש גם ייצור נשק בחנות משפחתית ושימוש ישיר, בעוד בתיק 2 הדגש על מסחר, תיווך והעברת נשק.

4. **נסיבות הליבה**  
בתיק 1: שימוש בפועל בנשק חם (ירי לעבר כוחות ביטחון), ייצור נשק, החזקת נשק מוסתר, כמויות לא מדויקות אך מספר כלי נשק, עבירות נלוות חמורות, מניע אידיאולוגי (פיגוע).  
בתיק 2: סחר בשני כלי נשק, מכירת תחמושת, החזקה מוסתרת, מניע כלכלי (בצע כסף), לא בוצע ירי בפועל על ידי הנאשם, אך הנשק שימש לפיגוע על ידי אחר.  
הנסיבות חמורות בשני המקרים, אך בתיק 1 יש אלימות ישירה ומניע לאומני, בתיק 2 — מניע פלילי-כלכלי.

5. **ישימות כתקדים**  
שני התיקים רלוונטיים זה לזה מבחינת עבירות נשק חמורות, דפוסי הסתרה, תכנון, והקשר לפעילות פלילית/טרור. עם זאת, ההבדל במניע (אידיאולוגי מול כלכלי), במידת המעורבות הישירה באלימות, ובסוג העבירות הנלוות, יגרום לבית המשפט להבחין ביניהם. תיק 1 עשוי להיחשב חמור יותר בשל הירי בפועל והמניע הלאומני, אך עדיין ניתן להסתמך על פסיקה הדדית לעניין רמת הענישה בעבירות נשק חמורות.

SIMILARITY_SCORE: 65","ok",""
"ME-16-02-18397-87","ME-20-01-62688-591",1,0,0,"{""מיקום האירוע"": ""כפר דבוריה"", ""סוג הרכב"": ""קטנוע"", ""פעולת המעצר"": ""פניית פרסה ורדיפה שוטרית"", ""התנהגות במהלך המעצר"": ""סירוב לפתוח את תא האופנוע"", ""מצב הנשק"": ""חסר חלק פנימי חיוני לפעולת ירי"", ""מספר עבירה"": ""144 ב"", ""סוג עבירה"": ""נשיאת נשק, הובלת נשק"", ""עבירות נוספות"": ""הנאשם הורשע בנוסף לעבירות נשק (סעיף 144(ב) לחוק העונשין) גם בעבירות תעבורה: נהיגה ללא רישיון נהיגה (סעיף 10(א) לפקודת התעבורה), נהיגה ללא ביטוח (סעיף 2(א)(ב) לפקודת ביטוח רכב מנועי), וללא רישיון רכב (סעיף 2 לפקודת התעבורה)."", ""סוג הנשק [אקדח]"": 1.0, ""סטטוס הנשק"": ""תקול"", ""תכנון"": ""לא"", ""אופן החזקת הנשק"": ""ברכב, על גופו, מוסלק - מוסתר"", ""כמות תחמושת"": ""כדורים"", ""שימוש"": ""לא""}","{""סוג הרכב"": ""הונדה שחורה"", ""מספר רישוי"": ""60-201-70"", ""זמן האירוע"": ""16.1.20 בשעה 14:55"", ""מיקום האירוע"": ""עסק בו עבד המתלונן"", ""פגיעה פיזית"": ""שבר פמור שליש פרוקסימלי אספקט קדמי של להקורטקס"", ""אורך הפגיעה"": ""כ 7 ס\""מ"", ""טיפול רפואי"": ""ניתוח לשחזור ולקיבוע השבר באמצעות מסמר"", ""מקום אשפוז"": ""בית חולים רמב\""ם"", ""תאריך שחרור מהאשפוז"": ""21.1.20"", ""מקום מעצר הנאשם"": ""תחנת דלק פז בצומת האצטדיון בחיפה"", ""זמן מעצר"": ""סמוך לשעה 15:50 באותו יום"", ""כמות סם"": ""1.5 גרם קוקאין"", ""סכום כסף נמצא"": ""1,950 ₪"", ""מספר עבירה"": ""144 ב"", ""סוג עבירה"": ""נשיאת נשק, הובלת נשק"", ""עבירות נוספות"": ""הנאשם הורשע, בנוסף לעבירות נשק לפי סעיף 144, גם בעבירה של חבלה בכוונה מחמירה לפי סעיף 329(א)(1) לחוק העונשין, ובעבירה של החזקת סם מסוכן לצריכה עצמית לפי סעיפים 7(א) + 7(ג) סיפא לפקודת הסמים המסוכנים."", ""סוג הנשק [אקדח]"": 1.0, ""סטטוס הנשק"": ""נשק עם כדור בקנה"", ""תכנון"": ""כן"", ""אופן החזקת הנשק"": ""ברכב, על גופו"", ""שימוש"": ""לא""}",25.0,"1. **סוג העבירה וחומרתה**  
שני התיקים עוסקים בעבירות נשיאת והובלת נשק (סעיף 144(ב)), אך בתיק 2 יש גם עבירה חמורה של חבלה בכוונה מחמירה (סעיף 329(א)(1)), לצד החזקת סם. חומרת העבירות בתיק 2 גבוהה משמעותית בשל הפגיעה הפיזית והכוונה הפלילית הנלווית.

2. **תפקיד הנאשם ומעורבותו**  
בתיק 1 הנאשם נתפס עם נשק מוסתר, ללא תכנון וללא שימוש; מעורבותו פסיבית יחסית. בתיק 2 יש תכנון, פגיעה פיזית חמורה (שבר בירך), והנאשם פעל באופן יזום ואלים — מעורבות פעילה ומהותית.

3. **שיטת הביצוע (MO)**  
בשני המקרים הנשק הוחזק ברכב ועל גוף הנאשם, אך בתיק 1 הנשק היה תקול ומוסתר, ללא כוונה מוצהרת לשימוש. בתיק 2 הנשק היה תקין, עם כדור בקנה, והאירוע כלל פציעה חמורה — דפוס פעולה אלים ומתוכנן.

4. **נסיבות הליבה**  
בתיק 1: נשק תקול, ללא תכנון, ללא שימוש, ללא פגיעה. בתיק 2: נשק תקין, תכנון מוקדם, פציעה חמורה, החזקת סם, סכום כסף — נסיבות מחמירות בהרבה.

5. **ישימות כתקדים**  
למרות ששני התיקים עוסקים בעבירות נשק, ההבדלים המהותיים בחומרה, במעורבות, ובנסיבות (פציעה, תכנון, נשק תקין) הופכים את תיק 1 לבלתי רלוונטי כמעט כתקדים ענישתי לתיק 2. ייתכן ותהיה התייחסות כללית, אך לא מעבר לכך.

SIMILARITY_SCORE: 25","ok",""
"sh-10-05-7434-952","ME-15-06-12109-344",1,0,0,"{""שנת לידה"": 1961, ""מיקום האירוע"": ""רחוב אורלנסקי 11, פתח תקווה"", ""תאריך האירוע"": ""14.4.10"", ""מודלי הנשק"": [""ברטה חצי אוטומטי"", ""לאמה חצי אוטומטי""], ""מספר עבירה"": ""144 א"", ""סוג עבירה"": ""החזקה נשק"", ""סוג הנשק [אקדח]"": 1.0, ""סטטוס הנשק"": ""נשק מפורק"", ""תכנון"": ""לא"", ""אופן החזקת הנשק"": ""בבית, מוסלק - מוסתר"", ""מטרה-סיבת העבירה"": ""אספנות"", ""שימוש"": ""לא""}","{""מיקום האירוע"": ""כפר עזריה"", ""תאריך האירוע"": ""2.5.13"", ""הקשר לאירוע"": ""חתונה"", ""מעורבים נוספים"": ""עמאר זלום, אחי הנאשם"", ""מקום החזקת הנשק"": ""רכב של עמאר זלום"", ""מספר עבירה"": ""144 ב"", ""סוג עבירה"": ""נשיאת נשק, הובלת נשק"", ""סוג הנשק [אקדח]"": 1.0, ""סטטוס הנשק"": ""תקין"", ""תכנון"": ""כן"", ""אופן החזקת הנשק"": ""ברכב, מוסלק - מוסתר"", ""שימוש"": ""לא""}",40.0,"1. **סוג העבירה וחומרתה** — תיק 1 עוסק ב""החזקה"" (סעיף 144(א)), בעוד תיק 2 עוסק ב""נשיאה והובלה"" (סעיף 144(ב)), שנחשבות חמורות יותר מהחזקה בלבד. שניהם בתחום עבירות נשק, אך רמת החומרה שונה.
2. **תפקיד הנאשם ומעורבותו** — בתיק 1 הנאשם מחזיק את הנשק בביתו, ללא כוונה לשימוש; בתיק 2 יש תכנון, מעורבות פעילה יותר (הובלה ברכב, קשר לאירוע חברתי), ומעורבים נוספים.
3. **שיטת הביצוע (MO)** — בשני המקרים הנשק מוסלק ומוסתר, אך בתיק 1 זה בבית ובתיק 2 ברכב. בתיק 2 יש תכנון מוקדם, בתיק 1 לא.
4. **נסיבות הליבה** — בשני המקרים לא נעשה שימוש בנשק, אך בתיק 1 הנשק מפורק (פחות מסוכן), ובתיק 2 הנשק תקין (פוטנציאל מסוכנות גבוה יותר). בתיק 2 יש תכנון, בתיק 1 לא.
5. **ישימות כתקדים** — למרות הדמיון בתחום (נשק, הסלקה, ללא שימוש), ההבדלים בחומרה, תכנון, סטטוס הנשק ומעורבות הופכים את תיק 1 לפחות רלוונטי כתקדים ענייני לתיק 2, במיוחד לעניין הענישה.

SIMILARITY_SCORE: 40","ok",""
"ME-16-06-44840-433","SH-09-05-9349-998",1,0,0,"{""שנת לידה"": ""1993"", ""מיקום האירוע"": ""רחוב האפרסמון, ירושלים"", ""תאריך האירוע"": ""5.6.16"", ""מעורבים נוספים"": ""אלירון גולד, רן אברג'יל, יוני אברג'יל, נתי קורקוס"", ""סוגי רימונים"": ""רימון הלם, רימון גז"", ""הדרכה בשימוש בנשק"": ""הנאשם הסביר לאלירון כיצד להשתמש ברימון הגז"", ""העברת נשק"": ""הנאשם העביר רימוני הלם בין מקומות מסתור"", ""מספר עבירה"": ""144 א, 144 ב"", ""סוג עבירה"": ""החזקה נשק, נשיאת נשק"", ""עבירות נוספות"": ""הנאשם הורשע בנוסף לעבירות נשק (סעיף 144) גם בסיוע לנסיון לתקיפה לפי סעיפים 379 + 25 + 31 לחוק העונשין. זוהי עבירה שאינה עבירת נשק."", ""סוג הנשק [רימון הלם/גז]"": 1.0, ""סטטוס הנשק"": ""נשק מופרד מתחמושת"", ""תכנון"": ""כן"", ""אופן החזקת הנשק"": ""מוסלק - מוסתר"", ""שימוש"": ""זריקת רימון""}","{""שנת לידה"": ""1979"", ""מקום האירוע"": ""ג'לג'וליה"", ""מיקום הנשק בבית"": ""במקפיא"", ""סוג האקדח"": ""CZ"", ""מספר סידורי של הנשק"": ""1066A"", ""סוג התחמושת"": ""9 מ\""מ"", ""מיקום התחמושת בבית"": ""בתוך נעל בחדרו"", ""מספר עבירה"": ""144 א"", ""סוג עבירה"": ""החזקה נשק"", ""סוג הנשק [אקדח]"": 1.0, ""סטטוס הנשק"": ""נשק מופרד מתחמושת"", ""תכנון"": ""לא"", ""אופן החזקת הנשק"": ""בבית, מוסלק - מוסתר"", ""כמות תחמושת"": ""מחסנית ריקה ובה 0 כדורים, 26 כדורים"", ""שימוש"": ""לא""}",35.0,"1. **סוג העבירה וחומרתה** — בשני התיקים מדובר בעבירות נשק לפי סעיף 144 א לחוק העונשין (החזקה/נשיאה), אך בתיק 1 יש גם עבירות נוספות (סיוע לניסיון תקיפה) ושימוש בפועל בנשק (זריקת רימון), בעוד שבתיק 2 מדובר בהחזקה בלבד ללא שימוש. חומרת תיק 1 גבוהה יותר בשל השימוש והעבירות הנוספות.
2. **תפקיד הנאשם ומעורבותו** — בתיק 1 הנאשם מעורב באופן פעיל: הדרכה, העברה, הסתרה ושימוש ברימונים, ואף סיוע לאחרים. בתיק 2 הנאשם מחזיק את הנשק והתחמושת בביתו בלבד, ללא מעורבות פעילה נוספת.
3. **שיטת הביצוע (MO)** — בתיק 1 יש דפוס של הסתרה, העברה, הדרכה ושימוש; בתיק 2 – הסתרה בלבד, ללא העברה או שימוש. האמצעים שונים (רימונים לעומת אקדח), והיקף הפעילות שונה.
4. **נסיבות הליבה** — בתיק 1: רימונים, תכנון, הסתרה, שימוש בפועל, מעורבות עם אחרים, עבירות נלוות. בתיק 2: אקדח ותחמושת מוסתרים בבית, ללא תכנון, ללא שימוש, ללא מעורבים נוספים. נסיבות תיק 1 מחמירות בהרבה.
5. **ישימות כתקדים** — בשל השוני המהותי במעורבות, בשימוש, ובחומרה, בית המשפט יתקשה לראות בתיק 2 תקדים רלוונטי לענישה בתיק 1 (או להפך), למעט אולי לעניין יסודות החזקה/נשיאה בלבד.

SIMILARITY_SCORE: 35","ok",""
"ME-16-08-44157-713","ME-15-11-45465-294",3,1,1,"{""מיקום העבירה"": ""לוד"", ""מספר עבירות נשק שנידונו"": 3, ""סוגי תחמושת"": ""טוטו, 100 כדורים"", ""מחירים מבוקשים לנשק"": ""10,500 ₪, 10,000 ₪"", ""סוגי נשק נוספים שהוצעו"": ""אקדח 14, אקדח 7, קאנס"", ""תכונות נוספות של הנשק"": ""משתיק קול, כוונת טלסקופית"", ""מספר שותפים בעסקת הנשק"": ""מספר"", ""מספר עבירה"": ""144 ב"", ""סוג עבירה"": ""סחר בנשק"", ""עבירות נוספות"": ""הנאשם הורשע בנוסף לעבירות נשק (סחר בנשק לפי סעיף 144(ב2)), גם בעבירה של קשירת קשר לביצוע פשע לפי סעיף 449(א)(1) לחוק העונשין, שהיא עבירה שאינה עבירת נשק."", ""סוג הנשק [רובה צלפים]"": 1.0, ""סוג הנשק - אם לא נמצא בטבלה"": ""קרל גוסטב מאולתר, מיני עוזי, אקדח 14, אקדח 7"", ""סטטוס הנשק"": ""נשק מופרד מתחמושת"", ""תכנון"": ""כן"", ""אופן החזקת הנשק"": ""בבית"", ""כמות תחמושת"": ""מחסנית"", ""מטרה-סיבת העבירה"": ""בצע כסף"", ""שימוש"": ""לא""}","{""מיקום העסקה"": ""תחנת אוטובוס סמוכה לאוניברסיטת חיפה"", ""תאריך העסקה"": ""30.6.15"", ""זמן העסקה"": ""צהריים"", ""סכום העסקה"": ""8,000 ₪"", ""סוג הסוכן"": ""סוכן משטרתי"", ""שם הסוכן"": ""נעים סביחי"", ""אופן התשלום"": ""מזומן"", ""אופן האחסון ברכב"": ""תת-מקלע ושלוש המחסניות בתיק, תמ"", ""ק נוסף עטוף בבד"": ""ק נוסף עטוף בבד"", ""מספר עבירה"": ""144 ב"", ""סוג עבירה"": ""נשיאת נשק, סחר בנשק"", ""סוג הנשק [תת מקלע]"": 1.0, ""סוג הנשק - אם לא נמצא בטבלה"": ""מחסניות מאולתרות (המותאמות לקרל גוסטב) ומחסנית צולבת (לעוזי)"", ""סטטוס הנשק"": ""נשק מופרד מתחמושת"", ""תכנון"": ""כן"", ""אופן החזקת הנשק"": ""ברכב"", ""כמות תחמושת"": ""2 מחסניות מאולתרות + מחסנית צולבת"", ""מטרה-סיבת העבירה"": ""בצע כסף"", ""שימוש"": ""לא""}",80.0,"1. **סוג העבירה וחומרתה**  
בשני התיקים מדובר בעבירות נשק חמורות מסוג סחר בנשק (סעיף 144(ב)), כאשר בשני המקרים מדובר גם בהחזקת נשק ותחמושת בכמות לא מבוטלת. בתיק 1 יש גם הרשעה בעבירת קשירת קשר לביצוע פשע, שמחמירה מעט את חומרת התיק, אך ליבת העבירה דומה מאוד.

2. **תפקיד הנאשם ומעורבותו**  
בשני המקרים הנאשמים פעלו ממניע של בצע כסף, יזמו את העסקאות, תכננו אותן מראש, והיו מעורבים באופן פעיל (לא שליחים או מחזיקים פסיביים). בתיק 1 יש מספר שותפים, מה שמרמז על רמת ארגון גבוהה יותר, אך בשני המקרים מדובר במבצע עיקרי.

3. **שיטת הביצוע (MO)**  
בשני התיקים מדובר בעסקאות מתוכננות, עם תיאום מוקדם, מסירת נשק ותחמושת בנפרד, שימוש באמצעי הסתרה (בית/רכב/עטיפה בבד), ומחירים דומים. בתיק 2 העסקה בוצעה מול סוכן משטרתי, מה שמאפיין תיקי סחר רבים, אך לא משנה מהותית את דפוס הביצוע.

4. **נסיבות הליבה**  
בשני התיקים מדובר בנשק חם (רובים, תת-מקלעים, אקדחים), תחמושת בכמות משמעותית, תכנון מוקדם, ללא שימוש בפועל בנשק, וללא פגיעה פיזית. בתיק 1 יש תוספת של משתיק קול וכוונת טלסקופית, מה שמחמיר מעט, וכן מספר שותפים וקשירת קשר. עם זאת, הכמויות, סוגי הנשק והמניע דומים.

5. **ישימות כתקדים**  
בית המשפט יראה את שני התיקים כרלוונטיים זה לזה לצורכי ענישה, שכן ליבת העבירה, דפוס ההתנהלות, רמת התכנון, סוגי הנשק והמניע דומים מאוד. החריגות בתיק 1 (קשירת קשר, מספר שותפים, תוספות לנשק) עשויות להשפיע על רמת הענישה, אך לא שוללות רלוונטיות תקדימית.

SIMILARITY_SCORE: 80","ok",""
"ME-15-06-12109-344","ME-12-04-33577-700",1,0,0,"{""מיקום האירוע"": ""כפר עזריה"", ""תאריך האירוע"": ""2.5.13"", ""הקשר לאירוע"": ""חתונה"", ""מעורבים נוספים"": ""עמאר זלום, אחי הנאשם"", ""מקום החזקת הנשק"": ""רכב של עמאר זלום"", ""מספר עבירה"": ""144 ב"", ""סוג עבירה"": ""נשיאת נשק, הובלת נשק"", ""סוג הנשק [אקדח]"": 1.0, ""סטטוס הנשק"": ""תקין"", ""תכנון"": ""כן"", ""אופן החזקת הנשק"": ""ברכב, מוסלק - מוסתר"", ""שימוש"": ""לא""}","{""מיקום האירוע"": ""בית שאן"", ""תאריך האירוע"": ""13/4/12"", ""שעת האירוע"": ""02:00 לפנות בוקר"", ""סוג המפגש"": ""ויכוח"", ""פרטי התקרית"": ""המתלונן זרק כוס לעבר הנאשם, הנאשם שלף אקדח וירה שלוש יריות"", ""מספר יריות"": 3, ""מיקום פגיעות היריות"": ""אחת ליד הראש, אחת ליד הגב, אחת שרטה את הברך הימנית"", ""מספר עבירה"": ""144 א, 144 ב"", ""סוג עבירה"": ""החזקה נשק, נשיאת נשק"", ""עבירות נוספות"": ""הנאשם הורשע בנוסף לעבירות נשק (סעיף 144(א) ו-144(ב)), גם בעבירות של חבלה בכוונה מחמירה (סעיף 329(א)(2)) ויריות באזור מגורים (סעיף 340(א)), שהן אינן עבירות נשק לפי סעיף 144."", ""סוג הנשק [אקדח]"": 1.0, ""סטטוס הנשק"": ""נשק עם כדור בקנה"", ""תכנון"": ""כן"", ""אופן החזקת הנשק"": ""על גופו"", ""שימוש"": ""לא""}",30.0,"1. **סוג העבירה וחומרתה**  
שני התיקים עוסקים בעבירות נשק (נשיאה/החזקה), אך בתיק 2 יש גם עבירות חמורות נוספות: חבלה בכוונה מחמירה וירי באזור מגורים. בתיק 1 אין שימוש בנשק, ובתיק 2 יש שימוש בפועל (ירי לעבר אדם). רמת החומרה בתיק 2 גבוהה משמעותית.

2. **תפקיד הנאשם ומעורבותו**  
בתיק 1 הנאשם מעורב בהובלה והסלקה של נשק, ללא שימוש בו, כאשר הנשק מוסתר ברכב. בתיק 2 הנאשם מחזיק את הנשק על גופו, שולף ויורה בו במהלך עימות. מעורבותו של הנאשם בתיק 2 פעילה ותוקפנית בהרבה.

3. **שיטת הביצוע (MO)**  
בתיק 1: הסלקה ותכנון מראש, ללא עימות או שימוש. בתיק 2: שליפה מהירה, ירי במהלך ויכוח, שימוש מיידי. דפוסי הביצוע שונים מהותית.

4. **נסיבות הליבה**  
בתיק 1: אין שימוש בנשק, אין נפגעים, הנשק מוסתר, האירוע מתרחש בחתונה. בתיק 2: שימוש ממשי בנשק, ירי לעבר אדם, פציעה, נסיבות מחמירות (ירי באזור מגורים, חבלה בכוונה מחמירה).

5. **ישימות כתקדים**  
בית המשפט יתקשה לראות בתיק 1 תקדים רלוונטי לתיק 2 (או להפך) לצורכי ענישה, בשל הפער המשמעותי בחומרה, בשימוש בנשק ובנסיבות. מדובר באותו תחום, אך לא באותה מדרגת חומרה או דפוס.

SIMILARITY_SCORE: 30","ok",""
"ME-17-08-28615-573","ME-16-05-336-804",2,0,1,"{""מיקום האירוע"": ""תחנת דלק ליד קיבוץ בית העמק"", ""זמן האירוע"": ""30.7.2017, מ-19:57 עד 23:04"", ""התנהלות הנאשם במהלך האירוע"": ""הנאשם הגיע למתחם, הכניס את התיק לפח אשפה, שהה במקום ולבסוף ניסה לברוח עם התיק כשהוא רואה את השוטרים"", ""אופן התגובה למשטרה"": ""הנאשם ניסה לברוח ולהסתיר את התיק במיכל מחזור לאחר שהבחין בניידת משטרה"", ""מספר שוטרים במעורבות"": ""5 שוטרים"", ""סוג הניידת"": ""ניידת משטרה"", ""מיקום התיק במהלך האירוע"": ""הוכנס לפח אשפה ולאחר מכן למיכל מחזור"", ""מרחק הנאשם מהפח במהלך האירוע"": ""מטרים ספורים"", ""מספר עבירה"": ""144 א, 144 ב"", ""סוג עבירה"": ""החזקה נשק, נשיאת נשק"", ""עבירות נוספות"": ""הנאשם הורשע בנוסף לעבירות נשק (סעיף 144) גם בעבירת הפרעה לשוטר במילוי תפקידו לפי סעיף 275 לחוק העונשין."", ""סוג הנשק [תת מקלע מאולתר]"": 1.0, ""סוג הנשק [רימון הלם/גז]"": 1.0, ""סטטוס הנשק"": ""נשק עם מחסנית בהכנס"", ""תכנון"": ""לא"", ""אופן החזקת הנשק"": ""מוסלק - מוסתר"", ""כמות תחמושת"": ""מחסנית ובה 9 כדורים, 50 כדורים"", ""שימוש"": ""לא""}","{""זמן האירוע"": ""שעת ערב"", ""מיקום האירוע"": ""טקס חינה"", ""תאריך האירוע"": ""24/04/16"", ""סוג הנשק המדויק"": ""תת מקלע מאולתר מסוג קרל גוסטב"", ""פעולה במהלך האירוע"": ""פריקת נשק"", ""התנהלות במהלך נסיעה"": ""הימלטות מהמשטרה"", ""מספר כביש"": ""24"", ""מעורבות צד שלישי"": ""רדואן סמארה"", ""מספר עבירה"": ""144 ב"", ""סוג עבירה"": ""נשיאת נשק, הובלת נשק"", ""סוג הנשק [תת מקלע מאולתר]"": 1.0, ""סטטוס הנשק"": ""נשק מופרד מתחמושת"", ""תכנון"": ""לא"", ""אופן החזקת הנשק"": ""ברכב, על גופו"", ""כמות תחמושת"": ""2 מחסניות ריקות ובהן 0 כדורים, 26 כדורים"", ""שימוש"": ""לא""}",75.0,"1. **סוג העבירה וחומרתה**  
בשני התיקים מדובר בעבירות נשק חמורות: החזקה/נשיאת נשק (סעיפים 144 א-ב), כאשר בשני המקרים מדובר בתת-מקלע מאולתר. בתיק 1 יש גם עבירת הפרעה לשוטר, אך עיקר התיק הוא עבירות נשק. רמת החומרה דומה.

2. **תפקיד הנאשם ומעורבותו**  
בשני המקרים הנאשם הוא המחזיק/נושא של הנשק, ללא אינדיקציה למעורבות של יוזמה פלילית רחבה יותר (כגון סחר או תיווך). המעורבות היא ישירה ואקטיבית – החזקה פיזית, ניסיון להסתיר/להימלט.

3. **שיטת הביצוע (MO)**  
בשני המקרים מדובר בהחזקה מוסלקת של נשק חם מאולתר, ללא שימוש בפועל, ובשניהם יש ניסיון להימלט מהמשטרה. בתיק 1 ההסלקה בפח אשפה/מיכל מחזור, בתיק 2 החזקה ברכב ועל הגוף. דפוס ההתנהלות מול המשטרה דומה (הימלטות/הסתרה).

4. **נסיבות הליבה**  
בשני התיקים לא בוצע שימוש בנשק, אך בתיק 1 הנשק היה עם מחסנית ובה 9 כדורים ועוד 50 כדורים, בתיק 2 הנשק היה מופרד מתחמושת (מחסניות ריקות, 26 כדורים בנפרד). בתיק 1 יש גם רימון הלם/גז, מה שמחמיר מעט את הנסיבות. בשני המקרים אין תכנון מוקדם.

5. **ישימות כתקדים**  
בית המשפט יראה את שני התיקים כרלוונטיים זה לזה לצורכי ענישה, במיוחד בשל סוג הנשק, אופי ההחזקה, והעדר שימוש. עם זאת, בתיק 1 יש נסיבה מחמירה (רימון הלם/גז, תחמושת רבה יותר, עבירת הפרעה לשוטר), ולכן לא מדובר בזהות מלאה.

SIMILARITY_SCORE: 75","ok",""
"ME-16-05-25902-514","SH-17-08-47445-166",1,0,0,"{""מקום רכישת הנשק"": ""קלנסוואה"", ""מקום החזקת הנשק"": ""מקלט בבית"", ""תאריך גניבת הנשק"": ""31.12.13"", ""מספר סידורי של הנשק"": ""682663"", ""סוג הנשק"": ""ברטה"", ""תאריך תחילת החזקת הנשק"": ""פברואר 2016"", ""תאריך נשיאת הנשק"": ""8.5.16"", ""שעת נשיאת הנשק"": ""06:00"", ""מספר עבירה"": ""144 א, 144 ב"", ""סוג עבירה"": ""החזקה נשק, נשיאת נשק"", ""סוג הנשק [אקדח]"": 1.0, ""סטטוס הנשק"": ""נשק עם מחסנית בהכנס"", ""תכנון"": ""לא"", ""אופן החזקת הנשק"": ""בבית, על גופו"", ""אופן קבלת הנשק"": ""רכש"", ""כמות תחמושת"": ""מחסנית ובה 7 כדורים"", ""מטרה-סיבת העבירה"": ""הגנה עצמית"", ""שימוש"": ""לא""}","{""תאריך המעצר"": ""09.08.2018"", ""מיקום החזקת הנשק"": ""כסיפה"", ""סוג הנשק [חפץ דמוי תת מקלע]"": 1.0, ""סוג האקדח"": ""FN"", ""אופן הפזורה"": ""סביב הישוב"", ""מספר עבירה"": ""144 א"", ""סוג עבירה"": ""החזקה נשק"", ""סוג הנשק [אקדח]"": 1.0, ""סוג הנשק - אם לא נמצא בטבלה"": ""חפץ דמוי תת מקלע מאולתר"", ""סטטוס הנשק"": ""תקין"", ""תכנון"": ""לא"", ""אופן החזקת הנשק"": ""בבית"", ""שימוש"": ""לא""}",70.0,"1. **סוג העבירה וחומרתה**  
שני התיקים עוסקים בעבירות נשק לפי סעיף 144 לחוק העונשין – החזקה (ובאחד גם נשיאה). בשני המקרים מדובר באקדח, אך בתיק 2 נוסף גם ""חפץ דמוי תת-מקלע מאולתר"", מה שעשוי להחמיר את חומרת העבירה. עם זאת, שניהם ברף דומה של עבירות נשק, ללא שימוש בפועל.

2. **תפקיד הנאשם ומעורבותו**  
בשני המקרים הנאשם הוא המחזיק הישיר של הנשק, ללא אינדיקציה למעורבות רחבה יותר (כגון סחר, תיווך או ייצור). בתיק 1 יש גם רכישה יזומה, בתיק 2 אין פירוט על אופן ההשגה, אך בשניהם מדובר בהחזקה עצמאית.

3. **שיטת הביצוע (MO)**  
בשני התיקים הנשק הוחזק בבית, ללא הסתרה מתוחכמת או שימוש באמצעים מיוחדים. בתיק 1 הייתה גם נשיאה על הגוף, בתיק 2 לא. אין דפוס פעולה ייחודי שמבדיל מהותית בין המקרים.

4. **נסיבות הליבה**  
בתיק 1: אקדח ברטה, מחסנית עם 7 כדורים, החזקה ונשיאה, מוצהרת ""הגנה עצמית"", לא נעשה שימוש, לא מתוכנן. בתיק 2: אקדח FN וחפץ דמוי תת-מקלע, החזקה בלבד, לא מתוכנן, לא נעשה שימוש. בתיק 2 יש פוטנציאל חומרה גבוה יותר בשל סוג הנשק (תת-מקלע מאולתר), אך בשני המקרים לא מדובר בשימוש או תכנון לפעולה פלילית.

5. **ישימות כתקדים**  
בית המשפט יראה את שני התיקים כרלוונטיים זה לזה לצורכי ענישה, שכן מדובר בהחזקה בלתי חוקית של נשק חם בבית, ללא נסיבות מחמירות מהותיות (כגון שימוש, תכנון לפשע, סחר וכו'). ההבדל בסוג הנשק (תת-מקלע מאולתר) עשוי להשפיע על רמת הענישה, אך לא מנתק את הדמיון המהותי.

SIMILARITY_SCORE: 70","ok",""
"ME-16-05-336-804","ME-14-12-6904-57",3,1,1,"{""זמן האירוע"": ""שעת ערב"", ""מיקום האירוע"": ""טקס חינה"", ""תאריך האירוע"": ""24/04/16"", ""סוג הנשק המדויק"": ""תת מקלע מאולתר מסוג קרל גוסטב"", ""פעולה במהלך האירוע"": ""פריקת נשק"", ""התנהלות במהלך נסיעה"": ""הימלטות מהמשטרה"", ""מספר כביש"": ""24"", ""מעורבות צד שלישי"": ""רדואן סמארה"", ""מספר עבירה"": ""144 ב"", ""סוג עבירה"": ""נשיאת נשק, הובלת נשק"", ""סוג הנשק [תת מקלע מאולתר]"": 1.0, ""סטטוס הנשק"": ""נשק מופרד מתחמושת"", ""תכנון"": ""לא"", ""אופן החזקת הנשק"": ""ברכב, על גופו"", ""כמות תחמושת"": ""2 מחסניות ריקות ובהן 0 כדורים, 26 כדורים"", ""שימוש"": ""לא""}","{""מיקום החזקת הנשק"": ""ארון בגדים בחדר השינה"", ""מחיר הנשק"": ""4000 ש\""ח"", ""מועד רכישת הנשק"": ""כחודש ימים עובר ליום 18.11.2014"", ""מקום מגורים"": ""תל אביב"", ""כמות קנאביס"": ""0.3027 גרם נטו"", ""סוג הנשק"": ""רובה מאולתר מדגם קרל גוסטב"", ""תיאור האופן שבו נשא הנאשם את הנשק"": ""בתוך תיק גב, עטוף בבגדים"", ""מספר עבירה"": ""144 ב"", ""סוג עבירה"": ""נשיאת נשק, הובלת נשק"", ""עבירות נוספות"": ""הנאשם הואשם והורשע בנוסף לעבירת נשק (סעיף 144(ב) לחוק העונשין) גם בעבירה של החזקת סם לצריכה עצמית לפי סעיף 7(א) לפקודת הסמים המסוכנים."", ""סוג הנשק [תת מקלע מאולתר]"": 1.0, ""סטטוס הנשק"": ""נשק מופרד מתחמושת"", ""תכנון"": ""כן"", ""אופן החזקת הנשק"": ""בבית, על גופו, מוסלק - מוסתר"", ""אופן קבלת הנשק"": ""רכש"", ""כמות תחמושת"": ""מחסנית וכדורים, כדורים"", ""שימוש"": ""לא""}",65.0,"1. **סוג העבירה וחומרתה**  
בשני התיקים מדובר בעבירות נשיאת נשק והובלת נשק לפי סעיף 144(ב) לחוק העונשין, עם נשק מאולתר מסוג קרל גוסטב, כאשר בשני המקרים הנשק מופרד מתחמושת ולא נעשה בו שימוש. רמת החומרה דומה, אם כי בתיק 2 יש גם עבירת סמים קלה (החזקה לשימוש עצמי) – תוספת שולית יחסית.

2. **תפקיד הנאשם ומעורבותו**  
בתיק 1 הנאשם החזיק את הנשק על גופו במהלך אירוע חברתי, נמלט מהמשטרה, אך לא תכנן מראש. בתיק 2 הנאשם רכש את הנשק, החזיק אותו מוסתר בביתו, תכנן את ההחזקה, ולא היה מעורב באירוע דינמי או פלילי נוסף. בתיק 2 יש יוזמה ותכנון, בתיק 1 – מעורבות אקטיבית אך לא יוזמה.

3. **שיטת הביצוע (MO)**  
בתיק 1: החזקה פיזית ברכב, נשק על הגוף, בריחה מהמשטרה, פריקת נשק. בתיק 2: החזקה מוסתרת בבית, רכישה יזומה, הסתרה בתיק ובבגדים. דפוסי הביצוע שונים – תיק 1 דינמי וחשוף, תיק 2 סטטי ומוסתר.

4. **נסיבות הליבה**  
בשני המקרים: נשק מאולתר, מופרד מתחמושת, לא נעשה שימוש. בתיק 1 – 2 מחסניות ריקות ו-26 כדורים; בתיק 2 – מחסנית וכדורים (לא מפורט כמה). בתיק 2 יש תכנון ורכישה, בתיק 1 אין תכנון אך יש נסיבות מחמירות של בריחה מהמשטרה. בתיק 2 יש גם החזקת סם בכמות מזערית.

5. **ישימות כתקדים**  
שני התיקים עוסקים באותו סוג עבירה, עם נשק דומה ובנסיבות דומות מבחינת סטטוס הנשק ואי-שימוש. עם זאת, דפוסי המעורבות שונים: תיק 1 – אירוע דינמי, תיק 2 – החזקה סטטית ומתוכננת. בית המשפט עשוי לראות בתיקים אלה תקדימים רלוונטיים זה לזה, אך יבחין בין רמת התכנון, אופי ההחזקה והנסיבות הנלוות.

SIMILARITY_SCORE: 65","ok",""
"SH-19-07-60805-168","ME-20-01-17935-7",1,0,0,"{""סוג הרכב"": ""לקסוס"", ""מספר רישוי"": ""72-111-79"", ""מיקום החזקת הנשק"": ""תחת שטיח הגלגל הרזרבי"", ""סוג האקדח"": ""גז/הזנקה"", ""שינוי בייעוד הנשק"": ""מסוגל לירות כדורי אקדח"", ""סוג המחסנית"": ""סמית' אנד ווסון"", ""קוטר הכדורים"": ""9 מ\""מ פאראבלום"", ""מספר עבירה"": ""144 א"", ""סוג עבירה"": ""החזקה נשק"", ""סוג הנשק [אקדח]"": 1.0, ""סטטוס הנשק"": ""נשק עם מחסנית בהכנס"", ""תכנון"": ""לא"", ""אופן החזקת הנשק"": ""ברכב, מוסלק - מוסתר"", ""כמות תחמושת"": ""מחסנית ובה 10 כדורים"", ""שימוש"": ""לא""}","{""מיקום האירוע"": ""חניון עפר פתוח באום אל פחם"", ""זמן האירוע"": ""29.12.19 בסביבות השעה 22:00"", ""תיאור המעורבים"": ""הנאשם, אחיו קיס והייתם אג'באריה יחד עם רמי אג'באריה"", ""תגובת הנאשם לפקודת שוטר"": ""לא ציית לפקודה לזרוק את הנשק עד שהשוטר ירה באוויר"", ""אופן תגובת השוטר"": ""ירי באוויר לאחר שהנאשם לא ציית לפקודה"", ""מספר עבירה"": ""144 א, 144 ב"", ""סוג עבירה"": ""החזקה נשק, נשיאת נשק"", ""עבירות נוספות"": ""הנאשם הואשם והורשע בנוסף לעבירות נשק (סעיפים 144(א) ו-144(ב) בצירוף סעיף 25), גם בעבירה של הפרעה לשוטר במילוי תפקידו לפי סעיף 275 לחוק העונשין. זוהי עבירה שאינה עבירת נשק."", ""סוג הנשק [תת מקלע מאולתר]"": 1.0, ""סטטוס הנשק"": ""תקול"", ""תכנון"": ""לא"", ""אופן החזקת הנשק"": ""על גופו"", ""שימוש"": ""לא""}",35.0,"1. **סוג העבירה וחומרתה**  
שני התיקים עוסקים בעבירות נשק לפי סעיף 144(א) לחוק העונשין (החזקה/נשיאה), אך בתיק 2 יש גם עבירת נשיאת נשק (144(ב)) והפרעה לשוטר (275), שמחמירות את חומרת המקרה. בנוסף, בתיק 2 מדובר בתת-מקלע מאולתר (גם אם תקול), לעומת אקדח גז/הזנקה שהוסב לירי בתיק 1 – שניהם כלי ירייה, אך תת-מקלע נתפס כחמור יותר.

2. **תפקיד הנאשם ומעורבותו**  
בתיק 1 לא מצוין תפקיד יוזם או מעורבות פעילה – רק החזקה מוסלקת ברכב, ללא שימוש או אינדיקציה למעורבות אקטיבית. בתיק 2, הנאשם החזיק את הנשק על גופו, לא ציית להוראות שוטר, והיה מעורב באירוע אקטיבי עם שוטרים – מעורבות פעילה ומחמירה.

3. **שיטת הביצוע (MO)**  
בתיק 1: הסלקה מתוחכמת של נשק ברכב, ללא אינטראקציה עם גורמי אכיפה. בתיק 2: נשיאת נשק על הגוף, עימות עם שוטרים, סירוב להוראות – דפוס שונה, עם אלמנט של עימות ישיר.

4. **נסיבות הליבה**  
בתיק 1: אקדח מוסב, מוסתר, מחסנית עם 10 כדורים, ללא שימוש, ללא תכנון. בתיק 2: תת-מקלע תקול, על הגוף, ללא שימוש, ללא תכנון, אך עם סירוב להוראות שוטר ועבירה נלווית. בתיק 2 יש נסיבות מחמירות (עימות עם שוטר, נשק חמור יותר).

5. **ישימות כתקדים**  
שני התיקים עוסקים בעבירות נשק, אך ההבדלים המהותיים – סוג הנשק, נסיבות ההחזקה, התנהגות הנאשם, ועבירות נלוות – יגרמו לבית המשפט לראות בהם תיקים דומים ברמה עקרונית בלבד, אך לא תקדימיים זה לזה לעניין ענישה. תיק 2 חמור בהרבה.

SIMILARITY_SCORE: 35","ok",""
"ME-15-12-39071-113","ME-09-11-7566-913",3,1,1,"{""מותג הרכב"": ""מזדה 3"", ""מספר רישוי"": ""71-098-16"", ""מיקום האירוע"": ""כביש מספר 1, בסמוך למחלף הראל"", ""זמן האירוע"": ""22:30"", ""תאריך האירוע"": ""12.10.13"", ""מיקום הנשק ברכב"": ""מתחת לשטיח שמתחת למושב הסמוך לנהג"", ""סוג הנשק"": ""אקדח חצי אוטומטי מסוג סטאר"", ""מספר עבירה"": ""144 א"", ""סוג עבירה"": ""החזקה נשק"", ""סוג הנשק [אקדח]"": 1.0, ""סטטוס הנשק"": ""תקין"", ""תכנון"": ""לא"", ""אופן החזקת הנשק"": ""ברכב, מוסלק - מוסתר"", ""מטרה-סיבת העבירה"": ""הגנה עצמית"", ""שימוש"": ""לא""}","{""זמן העבירה"": ""17:00"", ""תאריך העבירה"": ""05.11.09"", ""מיקום החזקת הנשק"": ""מתחת לריפוד במושב שליד הנהג"", ""דגם הנשק"": ""webiey"", ""מספר עבירה"": ""144 א, 144 ב"", ""סוג עבירה"": ""החזקה נשק, נשיאת נשק, הובלת נשק"", ""סוג הנשק [אקדח]"": 1.0, ""סטטוס הנשק"": ""תקול"", ""תכנון"": ""לא"", ""אופן החזקת הנשק"": ""ברכב, מוסלק - מוסתר"", ""שימוש"": ""לא""}",90.0,"1. **סוג העבירה וחומרתה** — בשני התיקים מדובר בעבירות נשק לפי סעיף 144 לחוק העונשין, כאשר בתיק 2 יש גם עבירות נלוות (נשיאה והובלה) אך כולן באותה רמת חומרה (עבירות החזקה/נשיאת נשק ללא רישיון). מדובר באותו סוג עבירה ובחומרה דומה.
2. **תפקיד הנאשם ומעורבותו** — בשני המקרים הנאשם מחזיק בנשק מוסתר ברכב, ללא אינדיקציה למעורבות יוזמת או סחר; המעורבות היא של מחזיק בלבד, ללא תכנון או שימוש.
3. **שיטת הביצוע (MO)** — דפוס זהה: הסלקת אקדח מתחת לריפוד/שטיח במושב שליד הנהג, ברכב פרטי, ללא שימוש בפועל.
4. **נסיבות הליבה** — בשני המקרים לא נעשה שימוש בנשק, לא היה תכנון מוקדם, הכמות זהה (אקדח בודד), אין נסיבות מחמירות (כמו שימוש, סחר, כמות גדולה, או נשק אוטומטי). ההבדל היחיד: בתיק 1 הנשק תקין, בתיק 2 תקול – פער מסוים בחומרה, אך לא מהותי.
5. **ישימות כתקדים** — בתי המשפט יראו בתיקים אלה דמיון מהותי רב, ויתייחסו אליהם כתקדימים רלוונטיים זה לזה לעניין ענישה, עם אפשרות להבחנה קלה בשל תקינות הנשק.

SIMILARITY_SCORE: 90","ok",""
"ME-19-04-1316-977","SH-11-05-24791-315",1,0,0,"{""מיקום העסקה"": ""א-ראם"", ""סוג התחמושת"": ""כדורי M16, כדורי 5.56 מ\""מ"", ""כמות כדורים נוספת"": ""1,100 כדורים"", ""מחיר העסקה"": ""17,000 ₪, 19,000 ₪"", ""תאריכים רלוונטיים"": ""10.2.2019, 14.2.2019, 17.2.2019, 18.2.2019, 26.2.2019, 3.3.2019, 13.3.2019, 17.3.2019, 18.3.2019"", ""זהות הסוכן"": ""לוחם מספר 188, עלי"", ""תפקיד הסוכן"": ""שוטר, סוכן מטעם משטרת ישראל"", ""סוג הנשק המוצע למכירה"": ""קרלו"", ""מצב הנשק"": ""מקולקל"", ""התקשרות עם צד שלישי"": ""האחר"", ""מידע על צד שלישי"": ""האחר מתעכב, הנשק מקולקל"", ""הבטחת נשק נוסף"": ""הבטחה להשיג אקדח בעתיד"", ""תקופה עתידית להשגת נשק"": ""עד לחודש הרמדאן"", ""מספר עבירה"": ""144 ב"", ""סוג עבירה"": ""סחר בנשק, ניסיון לסחר בנשק"", ""סוג הנשק [אקדח]"": 1.0, ""סוג הנשק [תת מקלע מאולתר]"": 1.0, ""סטטוס הנשק"": ""תקול"", ""תכנון"": ""לא"", ""אופן החזקת הנשק"": ""ברכב"", ""כמות תחמושת"": ""מחסנית, 900 כדורים"", ""מטרה-סיבת העבירה"": ""בצע כסף"", ""שימוש"": ""לא""}","{""מיקום החזקת הנשק"": ""כפר עין-נקובא"", ""סוג האקדח"": ""FN"", ""סוג המחסניות"": ""תואמות לאקדח FN"", ""זמן החזקת הנשק"": ""19/07/09 בשעה 21:00"", ""מספר עבירה"": ""144 א"", ""סוג עבירה"": ""החזקה נשק"", ""סוג הנשק [אקדח]"": 1.0, ""סטטוס הנשק"": ""נשק מופרד מתחמושת"", ""תכנון"": ""לא"", ""אופן החזקת הנשק"": ""בבית"", ""אופן קבלת הנשק"": ""מאחר"", ""כמות תחמושת"": ""2 מחסניות"", ""שימוש"": ""לא""}",20.0,"1. **סוג העבירה וחומרתה**  
תיק 1 עוסק בסחר וניסיון לסחר בנשק ותחמושת (עבירה לפי סעיף 144(ב) לחוק העונשין), שהיא מהחמורות בתחום עבירות הנשק, עם פוטנציאל ענישה גבוה. תיק 2 עוסק בהחזקה בלבד (סעיף 144(א)), שהיא עבירה פחותה משמעותית בחומרתה, במיוחד כשאין שימוש או תכנון.

2. **תפקיד הנאשם ומעורבותו**  
בתיק 1 הנאשם פועל כסוחר – יוזם, מתווך, ומבצע עסקאות נשק ותחמושת, כולל מו""מ, הבטחות לעסקאות עתידיות, ומעורבות פעילה. בתיק 2 הנאשם מחזיק בנשק ובתחמושת שקיבל מאחר, ללא אינדיקציה למעורבות יוזמת או פעילות מסחרית.

3. **שיטת הביצוע (MO)**  
בתיק 1 מדובר בעסקאות מתמשכות, תיאומים עם סוכן משטרתי, העברת נשק ותחמושת בכמויות גדולות, תיווך והבטחות לעסקאות נוספות. בתיק 2 מדובר בהחזקה פאסיבית של אקדח ומחסניות בבית, ללא תיווך, סחר או תכנון.

4. **נסיבות הליבה**  
תיק 1 כולל כמויות גדולות (מאות ואלפי כדורים), סוגי נשק שונים, עסקאות רבות, מניע כלכלי מובהק, ומעורבות של סוכן משטרתי. תיק 2 – החזקה של אקדח בודד ושתי מחסניות, ללא שימוש, ללא תכנון, וללא נסיבות מחמירות או מקלות מיוחדות.

5. **ישימות כתקדים**  
בתי המשפט יראו בתיקי סחר וניסיון לסחר בנשק מקרים חמורים בהרבה מהחזקה בלבד, הן מבחינת מדיניות הענישה והן מבחינת שיקולי שיקום ומניעה. תיק 1 לא ישמש תקדים ענייני לתיק 2, ולהפך, בשל פער מהותי בסוג העבירה, חומרתה, והנסיבות.

SIMILARITY_SCORE: 20","ok",""
"ME-15-12-39071-113","ME-13-02-28360-614",1,0,0,"{""מותג הרכב"": ""מזדה 3"", ""מספר רישוי"": ""71-098-16"", ""מיקום האירוע"": ""כביש מספר 1, בסמוך למחלף הראל"", ""זמן האירוע"": ""22:30"", ""תאריך האירוע"": ""12.10.13"", ""מיקום הנשק ברכב"": ""מתחת לשטיח שמתחת למושב הסמוך לנהג"", ""סוג הנשק"": ""אקדח חצי אוטומטי מסוג סטאר"", ""מספר עבירה"": ""144 א"", ""סוג עבירה"": ""החזקה נשק"", ""סוג הנשק [אקדח]"": 1.0, ""סטטוס הנשק"": ""תקין"", ""תכנון"": ""לא"", ""אופן החזקת הנשק"": ""ברכב, מוסלק - מוסתר"", ""מטרה-סיבת העבירה"": ""הגנה עצמית"", ""שימוש"": ""לא""}","{""מיקום האירוע"": ""רהט"", ""תאריך האירוע"": ""9/2/13"", ""התנהגות במהלך המעצר"": ""ניסיון בריחה"", ""מצב הנהגה"": ""נהיגה תחת השפעת אלכוהול"", ""שימוש בנשק"": ""ירי באוויר"", ""מספר יריות"": ""שלוש"", ""התערבות שוטרים"": ""ניידת משטרה עם אורות כחולים דולקים וסירנה"", ""אופן העצירה"": ""נסיעה על המדרכה וחסימת נתיב על ידי ניידת משטרה"", ""מספר עבירה"": ""144 ב"", ""סוג עבירה"": ""נשיאת נשק"", ""עבירות נוספות"": ""הנאשם הורשע בנוסף לעבירות נשק (סעיף 144(ב) לחוק העונשין) גם בעבירות נוספות: הפרעה לשוטר במילוי תפקידו (סעיף 275 לחוק העונשין), נהיגה ללא רישיון (סעיף 10(א) לפקודת התעבורה), נהיגה ללא ביטוח (סעיף 2 לפקודת ביטוח רכב מנועי), ונהיגה תחת השפעת משקאות משכרים (תקנה 26(2) לתקנות התעבורה)."", ""סוג הנשק - אם לא נמצא בטבלה"": ""נשק"", ""סטטוס הנשק"": ""נשק עם כדור בקנה"", ""תכנון"": ""לא"", ""אופן החזקת הנשק"": ""ברכב"", ""שימוש"": ""לא""}",25.0,"1. **סוג העבירה וחומרתה**  
תיק 1 עוסק ב""החזקה"" (סעיף 144(א)), ותיק 2 ב""נשיאה"" (סעיף 144(ב)), כאשר נשיאה נחשבת לרוב חמורה יותר מהחזקה בלבד, במיוחד כשיש נסיבות מחמירות (כמו ירי בפועל). בנוסף, בתיק 2 יש עבירות נלוות רבות (נהיגה בשכרות, הפרעה לשוטר וכו'), שמעלות את רמת החומרה הכוללת.

2. **תפקיד הנאשם ומעורבותו**  
בתיק 1 הנאשם החזיק את הנשק מוסתר ברכב, ללא שימוש או תכנון לשימוש, ומטרתו המוצהרת הייתה ""הגנה עצמית"". בתיק 2 הנאשם לא רק נשא את הנשק, אלא גם ירה באוויר, ניסה להימלט מהמשטרה, ונהג תחת השפעת אלכוהול — מעורבות אקטיבית ומסוכנת בהרבה.

3. **שיטת הביצוע (MO)**  
בשני המקרים הנשק היה ברכב, אך בתיק 1 הוא הוסתר ולא נעשה בו שימוש, בעוד שבתיק 2 הנשק היה נגיש, עם כדור בקנה, ונעשה בו ירי בפועל במהלך אירוע דינמי שכלל בריחה מהמשטרה.

4. **נסיבות הליבה**  
תיק 1: החזקה מוסתרת, ללא שימוש, ללא תכנון, ללא נסיבות מחמירות.  
תיק 2: נשיאה, ירי בפועל, נהיגה מסוכנת, בריחה מהמשטרה, עבירות נלוות רבות — נסיבות מחמירות מאוד.

5. **ישימות כתקדים**  
ההבדלים המהותיים בחומרה, במעורבות, ובנסיבות הליבה הופכים את התיקים לשונים מהותית. תיק 1 לא ישמש תקדים ענייני לתיק 2 (או להפך) לצורכי ענישה, שכן בתי המשפט יבחינו בין החזקה פסיבית לבין נשיאה ושימוש אקטיבי עם נסיבות מחמירות.

SIMILARITY_SCORE: 25","ok",""
"ME-16-02-59812-881","ME-22-03-52964-443",3,1,1,"{""מקום עבודה"": ""בית ספר יסודי"", ""תפקיד בעבודה"": ""מאבטחת"", ""סוג האקדח"": ""תארוס 9 מ\""מ"", ""תקופת העבירות"": ""יולי 2015 - פברואר 2016"", ""סוגי סמים"": ""חשיש, הרואין"", ""כמות סם הרואין"": ""ארבע חבילות"", ""מחיר מכירת הנשק"": ""8,000 ₪"", ""סכום כסף במזומן"": ""8,000 ₪"", ""שם הקונה"": ""מחמוד צאלוק"", ""סיבת מכירת הנשק"": ""צורך בכסף לרכישת סמים"", ""תיאור האירוע המזויף"": ""שוד בו נגנב האקדח"", ""תגובת מעבידה לאירוע השוד"": ""פנייה מיידית למשטרה"", ""תאריך הדיווח על השוד"": ""18.2.16"", ""מספר עבירה"": ""144 ב"", ""סוג עבירה"": ""סחר בנשק"", ""עבירות נוספות"": ""הנאשם הואשם והורשע בנוסף לעבירת נשק (סחר בנשק לפי סעיף 144(ב2)), גם בעבירות מסירת ידיעה כוזבת על עבירת פשע (סעיף 243 לחוק העונשין) ושיבוש הליכי משפט (סעיף 244 לחוק העונשין). אלו אינן עבירות נשק."", ""סוג הנשק [אקדח]"": 1.0, ""סטטוס הנשק"": ""נשק מופרד מתחמושת"", ""תכנון"": ""לא"", ""אופן החזקת הנשק"": ""בבית"", ""כמות תחמושת"": ""2 מחסניות, 20 כדורים"", ""מטרה-סיבת העבירה"": ""בצע כסף"", ""שימוש"": ""לא""}","{""מיקום האירוע"": ""מפעל מזון בדיר אל אסד"", ""זמן האירוע"": ""9.3.22 בשעה 12:10"", ""סוג הנשק"": ""אקדח חצי אוטומטי D.D.G מודל 19 קליבר 9 מ\""מ פרבלום"", ""תיאור התפיסה"": ""הנאשם ניסה להשליך את הנשק והתחמושת לתוך ארגז עופות אך נתפס על ידי השוטרים"", ""מספר עבירה"": ""144 א, 144 ב"", ""סוג עבירה"": ""החזקה נשק, נשיאת נשק, הובלת נשק"", ""עבירות נוספות"": ""הנאשם הורשע בנוסף לעבירות נשק גם בעבירת הפרעה לשוטר במילוי תפקידו לפי סעיף 275 לחוק העונשין. לא צוינו עבירות נוספות שאינן עבירות נשק או הפרעה לשוטר."", ""סוג הנשק [אקדח]"": 1.0, ""סטטוס הנשק"": ""נשק עם מחסנית בהכנס"", ""תכנון"": ""כן"", ""אופן החזקת הנשק"": ""על גופו, מוסלק - מוסתר"", ""כמות תחמושת"": ""מחסנית ובה 16 כדורים, מחסנית נוספת ובה 16 כדורים"", ""מטרה-סיבת העבירה"": ""הגנה עצמית"", ""שימוש"": ""לא""}",30.0,"1. **סוג העבירה וחומרתה**  
תיק 1 עוסק בסחר בנשק (סעיף 144(ב2)), עבירה חמורה במיוחד, לצד מסירת ידיעה כוזבת ושיבוש הליכי משפט. תיק 2 עוסק בהחזקה, נשיאה והובלת נשק (סעיפים 144(א), 144(ב)), עבירות חמורות אך ברף נמוך יותר מסחר. מדובר באותו תחום (נשק חם), אך לא באותה רמת חומרה או סוג עבירה.

2. **תפקיד הנאשם ומעורבותו**  
בתיק 1 הנאשמת היא יוזמת – מכרה את הנשק תמורת כסף, יצרה מצג שווא של שוד, ופעלה באופן אקטיבי להסתיר את העבירה. בתיק 2 הנאשם נתפס כשהוא מחזיק ומוביל נשק מוסתר, אך לא פעל למכור או להעביר אותו לאחר. מעורבותו פחות יוזמת ויותר ""מחזיק/נושא"".

3. **שיטת הביצוע (MO)**  
בתיק 1: מכירה יזומה של נשק, תכנון סיפור כוזב, הסתרה ממושכת. בתיק 2: החזקה והסתרה רגעית של נשק, ניסיון להשליך אותו בעת מעצר. אין דפוס פעולה דומה – אין מכירה, אין תכנון מורכב, אין שיבוש הליכים מתוחכם.

4. **נסיבות הליבה**  
בתיק 1: נשק מופרד מתחמושת, מכירה תמורת כסף, מניע כלכלי (רכישת סמים), עבירות נלוות של שיבוש הליכים. בתיק 2: נשק עם מחסנית מוכנה, החזקה מוסתרת, מניע של ""הגנה עצמית"", ללא מכירה או מניע כלכלי, ללא עבירות שיבוש. הכמויות דומות, אך הנסיבות שונות מהותית.

5. **ישימות כתקדים**  
בתי המשפט יבחינו בין סחר בנשק (עבירה חמורה בהרבה, עם יסוד נפשי של יוזמה ורווח) לבין החזקה/נשיאה (גם אם חמורה, אך ללא יסוד של הפצה או מסחר). תיק סחר לא ישמש תקדים ישיר לענישה בתיק החזקה, ולהפך – הפסיקה מבחינה ביניהם באופן מובהק.

SIMILARITY_SCORE: 30","ok",""
"ME-20-01-62688-591","ME-17-05-35227-215",1,0,0,"{""סוג הרכב"": ""הונדה שחורה"", ""מספר רישוי"": ""60-201-70"", ""זמן האירוע"": ""16.1.20 בשעה 14:55"", ""מיקום האירוע"": ""עסק בו עבד המתלונן"", ""פגיעה פיזית"": ""שבר פמור שליש פרוקסימלי אספקט קדמי של להקורטקס"", ""אורך הפגיעה"": ""כ 7 ס\""מ"", ""טיפול רפואי"": ""ניתוח לשחזור ולקיבוע השבר באמצעות מסמר"", ""מקום אשפוז"": ""בית חולים רמב\""ם"", ""תאריך שחרור מהאשפוז"": ""21.1.20"", ""מקום מעצר הנאשם"": ""תחנת דלק פז בצומת האצטדיון בחיפה"", ""זמן מעצר"": ""סמוך לשעה 15:50 באותו יום"", ""כמות סם"": ""1.5 גרם קוקאין"", ""סכום כסף נמצא"": ""1,950 ₪"", ""מספר עבירה"": ""144 ב"", ""סוג עבירה"": ""נשיאת נשק, הובלת נשק"", ""עבירות נוספות"": ""הנאשם הורשע, בנוסף לעבירות נשק לפי סעיף 144, גם בעבירה של חבלה בכוונה מחמירה לפי סעיף 329(א)(1) לחוק העונשין, ובעבירה של החזקת סם מסוכן לצריכה עצמית לפי סעיפים 7(א) + 7(ג) סיפא לפקודת הסמים המסוכנים."", ""סוג הנשק [אקדח]"": 1.0, ""סטטוס הנשק"": ""נשק עם כדור בקנה"", ""תכנון"": ""כן"", ""אופן החזקת הנשק"": ""ברכב, על גופו"", ""שימוש"": ""לא""}","{""תאריך העבירה"": ""7 במאי 2017"", ""זמן העבירה"": ""צהריים"", ""סוג הרכב"": ""אופנוע"", ""דגם הרכב"": ""קואנג יאנג טיו"", ""מיקום הנשק ברכב"": ""תא מטען"", ""מספר עבירה"": ""144 ב"", ""סוג עבירה"": ""נשיאת נשק, הובלת נשק"", ""סוג הנשק [תת מקלע מאולתר]"": 1.0, ""סטטוס הנשק"": ""נשק עם מחסנית בהכנס"", ""תכנון"": ""כן"", ""אופן החזקת הנשק"": ""ברכב"", ""שימוש"": ""לא""}",45.0,"1. **סוג העבירה וחומרתה**  
בשני התיקים מדובר בעבירות נשיאת נשק והובלת נשק לפי סעיף 144(ב) לחוק העונשין, שתיהן עבירות חמורות. עם זאת, בתיק 1 יש גם עבירה חמורה נוספת — חבלה בכוונה מחמירה (סעיף 329(א)(1)), וכן החזקת סם מסוכן, מה שמעלה את רמת החומרה הכוללת של תיק 1 לעומת תיק 2.

2. **תפקיד הנאשם ומעורבותו**  
בשני המקרים הנאשם החזיק את הנשק ברכב, כאשר בתיק 1 הנשק היה גם ""על גופו"" ובתיק 2 בתא המטען. בשני המקרים יש תכנון, אך בתיק 1 יש גם פגיעה פיזית חמורה במתלונן, מה שמעיד על מעורבות פעילה ואלימה יותר לעומת תיק 2 שבו אין פגיעה באדם.

3. **שיטת הביצוע (MO)**  
בשני המקרים מדובר בהובלת נשק ברכב, עם תכנון מוקדם, כאשר הנשק טעון (כדור בקנה/מחסנית בהכנס). עם זאת, בתיק 1 מדובר באקדח, ובתיק 2 בתת-מקלע מאולתר — שניהם כלי ירייה, אך יש הבדל מסוים בסוג הנשק ובאופן ההחזקה (על הגוף לעומת תא מטען).

4. **נסיבות הליבה**  
תיק 1 כולל פציעה חמורה (שבר בירך, ניתוח ואשפוז), החזקת סם, וכסף מזומן, מה שמרמז על נסיבות מחמירות בהרבה. בתיק 2 אין פגיעה פיזית או נסיבות נוספות פרט להובלת הנשק. בשני המקרים הנשק היה מוכן לשימוש, אך רק בתיק 1 הייתה פגיעה ממשית.

5. **ישימות כתקדים**  
בית המשפט עשוי לראות את שני התיקים כרלוונטיים זה לזה לעניין פרשנות עבירת נשיאת נשק והיבטי תכנון, אך בשל הפער המשמעותי בנסיבות (פציעה חמורה, עבירות נוספות בתיק 1), תיק 1 לא ישמש תקדים ישיר לענישה בתיק 2, ולהפך. הדמיון קיים בעיקר ברכיב עבירת הנשק, אך לא במכלול הנסיבות.

SIMILARITY_SCORE: 45","ok",""
"ME-16-06-64845-657","ME-12-03-13401-281",1,0,0,"{""סוג תחמושת"": ""כדורי רובה"", ""קוטר תחמושת"": ""9 מ\""מ"", ""מיקום האירוע"": ""כפר כנא, אזור המשתלה, קצה צפוני"", ""תאריך האירוע"": ""22/6/16"", ""שעת האירוע"": ""22:30"", ""מספר עבירה"": ""144 ב"", ""סוג עבירה"": ""נשיאת נשק, הובלת נשק"", ""סוג הנשק [אקדח]"": 1.0, ""סטטוס הנשק"": ""נשק מופרד מתחמושת"", ""תכנון"": ""לא"", ""אופן החזקת הנשק"": ""ברכב, על גופו, מוסלק - מוסתר"", ""כמות תחמושת"": ""מחסנית ריקה ובה 0 כדורים, 11 כדורים"", ""שימוש"": ""לא""}","{""סוג האקדח"": ""CZ קליבר 9 מ\""מ"", ""מקור הנשק"": ""נגנב"", ""תאריך גניבת הנשק"": ""3.2.12"", ""מיקום הגניבה"": ""ביישוב ציפורי"", ""מיקום הירי"": ""רחוב שיבת ציון בחיפה"", ""זמן הירי"": ""סמוך לשעה 00:38"", ""זמן המעצר"": ""סמוך לשעה 1:50"", ""מצב הנשק בעת המעצר"": ""טעון עם כדור בקנה ופטיש האקדח משוך לאחור"", ""מספר כדורים שנורו"": ""11"", ""מספר עבירה"": ""144 א, 144 ב"", ""סוג עבירה"": ""החזקה נשק, נשיאת נשק, הובלת נשק"", ""עבירות נוספות"": ""הנאשם הורשע גם בעבירה של ירי באזור מגורים לפי סעיף 340א לחוק העונשין, שהיא עבירה שאינה לפי סעיף 144."", ""סוג הנשק [אקדח]"": 1.0, ""סטטוס הנשק"": ""נשק עם כדור בקנה"", ""תכנון"": ""לא"", ""אופן החזקת הנשק"": ""ברכב"", ""כמות תחמושת"": ""2 מחסניות ובהן כדורים, 11 כדורים"", ""שימוש"": ""לא""}",40.0,"1. **סוג העבירה וחומרתה**  
שני התיקים עוסקים בעבירות נשק: נשיאת, החזקת והובלת נשק, כאשר בשניהם מדובר באקדח 9 מ""מ. עם זאת, בתיק 2 יש גם הרשעה בעבירה חמורה נוספת – ירי באזור מגורים (סעיף 340א), מה שמעלה את רמת החומרה שלו ביחס לתיק 1, שבו לא בוצע שימוש בנשק.

2. **תפקיד הנאשם ומעורבותו**  
בתיק 1 הנאשם החזיק והוביל את הנשק אך לא עשה בו שימוש; בתיק 2 הנאשם לא רק החזיק והוביל, אלא גם ירה בפועל 11 כדורים באזור מגורים – מעורבות פעילה ומשמעותית יותר.

3. **שיטת הביצוע (MO)**  
בשני המקרים הנשק הוחזק ברכב, אך בתיק 1 הנשק היה מוסלק ומופרד מהתחמושת, בעוד שבתיק 2 הנשק היה טעון, מוכן לירי, ובוצע בו ירי בפועל. דפוס הביצוע בתיק 2 מסוכן ואקטיבי בהרבה.

4. **נסיבות הליבה**  
בתיק 1 לא היה תכנון, לא בוצע שימוש בנשק, והתחמושת לא הייתה במחסנית. בתיק 2 הנשק נגנב, היה טעון, בוצע ירי, והייתה סכנה ממשית לציבור. הנסיבות בתיק 2 מחמירות בהרבה.

5. **ישימות כתקדים**  
בעוד שיש דמיון מסוים בעבירות הבסיסיות (החזקה/נשיאה/הובלה של אקדח 9 מ""מ), ההבדלים המהותיים – בעיקר השימוש בפועל בנשק והעבירה הנוספת של ירי באזור מגורים – הופכים את תיק 2 לחמור בהרבה. לכן, תיק 1 יוכל להסתמך על תיק 2 רק במידה מוגבלת, בעיקר לעניין רכיבי החזקה/נשיאה, אך לא לעניין הענישה הכוללת.

SIMILARITY_SCORE: 40","ok",""
"SH-14-02-28659-762","ME-16-05-19384-544",1,0,0,"{""מיקום החזקת הנשק"": ""עליית גג של המקלחת"", ""משך זמן החזקת הנשק"": ""כשנתיים"", ""תאריך תחילת החזקת הנשק"": ""11.2.12"", ""מיקום הבית"": ""עזריה"", ""מספר עבירה"": ""144 א"", ""סוג עבירה"": ""החזקה נשק"", ""סוג הנשק [תת מקלע מאולתר]"": 1.0, ""סטטוס הנשק"": ""נשק מופרד מתחמושת"", ""תכנון"": ""לא"", ""אופן החזקת הנשק"": ""בבית, מוסלק - מוסתר"", ""כמות תחמושת"": ""מחסנית וכדורים"", ""מטרה-סיבת העבירה"": ""הגנה עצמית"", ""שימוש"": ""לא""}","{""מקום החבייה"": ""שכונה סמוכה למקום מגוריו"", ""מחיר נשק קרל גוסטב"": ""3000 ₪"", ""מחיר מכירה נשק קרל גוסטב לחרוב"": ""3500 ₪"", ""תאריך פיגוע ירי על ידי חרוב"": ""9.3.16"", ""מיקום פיגוע ירי"": ""ירושלים, צומת רמות ושמעון הצדיק"", ""סוג תחמושת"": ""כדורי תחמושת לנשק קרל גוסטב"", ""מספר כדורים שנמכרו"": ""10"", ""מקום חיפוש נשק על ידי כוחות הביטחון"": ""קלנדיה"", ""תאריך החלטה לירות על כוחות הביטחון"": ""14.11.15"", ""מספר כדורים שנורו"": ""5"", ""מספר רכבים של כוחות הביטחון שנזוהו"": ""3"", ""מספר נשקים שנמכרו למחיסן"": ""2"", ""מחיר נשק למחיסן"": ""4000 ₪ לכל נשק"", ""מספר נשקים שנרכשו מאחר"": ""לא צוין מספר מדויק"", ""מספר עבירה"": ""144 א, 144 ב"", ""סוג עבירה"": ""נשיאת נשק, סחר בנשק"", ""עבירות נוספות"": ""הנאשם הורשע גם בעבירת ניסיון לחבלה חמורה לפי סעיף 333 בצירוף סעיף 25 לחוק העונשין, שאינה עבירת נשק לפי סעיף 144."", ""סוג הנשק - אם לא נמצא בטבלה"": ""רובה מסוג תבור, קרל גוסטב"", ""סטטוס הנשק"": ""נשק מופרד מתחמושת"", ""תכנון"": ""כן"", ""אופן החזקת הנשק"": ""בבית, על גופו, מוסלק - מוסתר"", ""אופן קבלת הנשק"": ""רכש"", ""כמות תחמושת"": ""10 כדורים"", ""מטרה-סיבת העבירה"": ""בצע כסף"", ""שימוש"": ""לא""}",20.0,"1. **סוג העבירה וחומרתה**  
תיק 1 עוסק בהחזקה לא חוקית של נשק (סעיף 144א), ללא שימוש וללא תכנון, לצורך הגנה עצמית. תיק 2 כולל לא רק החזקה, אלא גם נשיאה, סחר בנשק (144א, 144ב), ועבירת ניסיון לחבלה חמורה (סעיף 333+25), עם תכנון מוקדם ומניע של בצע כסף. חומרת העבירות בתיק 2 גבוהה משמעותית.

2. **תפקיד הנאשם ומעורבותו**  
בתיק 1 הנאשם מחזיק פסיבי – החזקה מוסתרת בבית, ללא שימוש או תיווך. בתיק 2 הנאשם יוזם, רוכש, סוחר, מעביר נשק לאחרים, ומעורב בעסקאות נשק ובתכנון פיגוע. מדובר במעורבות פעילה ומהותית.

3. **שיטת הביצוע (MO)**  
בתיק 1 – הסתרה בבית, ללא תנועה או מסחר. בתיק 2 – רכישה, הסתרה, העברה, מכירה, תיווך, תכנון פיגוע. דפוסי הפעולה שונים מהותית: תיק 2 כולל רשתיות, תיווך, תנועה בין מקומות, ותכנון.

4. **נסיבות הליבה**  
תיק 1 – נשק אחד, מוסתר, ללא תחמושת רבה, ללא שימוש, ללא תכנון, מניע הגנה עצמית. תיק 2 – מספר נשקים, תחמושת, תכנון, מניע כלכלי, מכירה, קשר לפיגוע, עבירות נוספות. נסיבות מחמירות בהרבה בתיק 2.

5. **ישימות כתקדים**  
הדמיון מתמצה בכך ששני התיקים עוסקים בנשק לא חוקי, אך ההבדלים המהותיים בסוג העבירה, חומרתה, תפקיד הנאשם, שיטת הביצוע והנסיבות – הופכים את תיק 1 לבלתי רלוונטי כמעט כתקדים ענייני לתיק 2 (ולהפך). בית המשפט יבחין בין המקרים.

SIMILARITY_SCORE: 20","ok",""
"ME-20-01-62688-591","ME-22-03-52964-443",1,0,0,"{""סוג הרכב"": ""הונדה שחורה"", ""מספר רישוי"": ""60-201-70"", ""זמן האירוע"": ""16.1.20 בשעה 14:55"", ""מיקום האירוע"": ""עסק בו עבד המתלונן"", ""פגיעה פיזית"": ""שבר פמור שליש פרוקסימלי אספקט קדמי של להקורטקס"", ""אורך הפגיעה"": ""כ 7 ס\""מ"", ""טיפול רפואי"": ""ניתוח לשחזור ולקיבוע השבר באמצעות מסמר"", ""מקום אשפוז"": ""בית חולים רמב\""ם"", ""תאריך שחרור מהאשפוז"": ""21.1.20"", ""מקום מעצר הנאשם"": ""תחנת דלק פז בצומת האצטדיון בחיפה"", ""זמן מעצר"": ""סמוך לשעה 15:50 באותו יום"", ""כמות סם"": ""1.5 גרם קוקאין"", ""סכום כסף נמצא"": ""1,950 ₪"", ""מספר עבירה"": ""144 ב"", ""סוג עבירה"": ""נשיאת נשק, הובלת נשק"", ""עבירות נוספות"": ""הנאשם הורשע, בנוסף לעבירות נשק לפי סעיף 144, גם בעבירה של חבלה בכוונה מחמירה לפי סעיף 329(א)(1) לחוק העונשין, ובעבירה של החזקת סם מסוכן לצריכה עצמית לפי סעיפים 7(א) + 7(ג) סיפא לפקודת הסמים המסוכנים."", ""סוג הנשק [אקדח]"": 1.0, ""סטטוס הנשק"": ""נשק עם כדור בקנה"", ""תכנון"": ""כן"", ""אופן החזקת הנשק"": ""ברכב, על גופו"", ""שימוש"": ""לא""}","{""מיקום האירוע"": ""מפעל מזון בדיר אל אסד"", ""זמן האירוע"": ""9.3.22 בשעה 12:10"", ""סוג הנשק"": ""אקדח חצי אוטומטי D.D.G מודל 19 קליבר 9 מ\""מ פרבלום"", ""תיאור התפיסה"": ""הנאשם ניסה להשליך את הנשק והתחמושת לתוך ארגז עופות אך נתפס על ידי השוטרים"", ""מספר עבירה"": ""144 א, 144 ב"", ""סוג עבירה"": ""החזקה נשק, נשיאת נשק, הובלת נשק"", ""עבירות נוספות"": ""הנאשם הורשע בנוסף לעבירות נשק גם בעבירת הפרעה לשוטר במילוי תפקידו לפי סעיף 275 לחוק העונשין. לא צוינו עבירות נוספות שאינן עבירות נשק או הפרעה לשוטר."", ""סוג הנשק [אקדח]"": 1.0, ""סטטוס הנשק"": ""נשק עם מחסנית בהכנס"", ""תכנון"": ""כן"", ""אופן החזקת הנשק"": ""על גופו, מוסלק - מוסתר"", ""כמות תחמושת"": ""מחסנית ובה 16 כדורים, מחסנית נוספת ובה 16 כדורים"", ""מטרה-סיבת העבירה"": ""הגנה עצמית"", ""שימוש"": ""לא""}",65.0,"1. **סוג העבירה וחומרתה**  
בשני התיקים מדובר בעבירות נשק חמורות: נשיאת נשק, הובלת נשק, החזקת נשק – כולן לפי סעיף 144 לחוק העונשין. עם זאת, בתיק 1 יש גם עבירה חמורה נוספת של חבלה בכוונה מחמירה (ס' 329(א)(1)), בעוד שבתיק 2 העבירה הנוספת היא הפרעה לשוטר, שהיא פחות חמורה. כלומר, יש דמיון מהותי בעבירות הנשק, אך חומרת התיק הראשון גבוהה יותר בשל הפגיעה הפיזית.

2. **תפקיד הנאשם ומעורבותו**  
בשני המקרים הנאשמים החזיקו את הנשק על גופם, באופן מוסלק, ונראה כי הייתה מעורבות פעילה (לא שליחים או מחזיקים פסיביים). בתיק 1 הייתה גם פגיעה פיזית חמורה במתלונן, מה שמרמז על מעורבות אקטיבית יותר, בעוד שבתיק 2 לא בוצעה פגיעה בפועל.

3. **שיטת הביצוע (MO)**  
בשני המקרים מדובר בהחזקת אקדח טעון (עם כדור בקנה/מחסנית), מוסלק על הגוף, במקומות עבודה (עסק/מפעל). בתיק 2 הייתה גם ניסיון להשליך את הנשק בעת מעצר, אך דפוס ההחזקה דומה.

4. **נסיבות הליבה**  
בשני התיקים: נשק חם, טעון, מוסלק, תכנון מוקדם, לא בוצע שימוש בפועל. עם זאת, בתיק 1 הייתה פגיעה פיזית חמורה (שבר בירך, ניתוח), ובתיק 2 לא הייתה פגיעה כזו. בתיק 2 נתפסה כמות תחמושת משמעותית, ובתיק 1 נמצאה גם כמות קטנה של סם. נסיבות מחמירות יותר בתיק 1 בשל הפגיעה.

5. **ישימות כתקדים**  
בית המשפט יראה את שני התיקים כרלוונטיים זה לזה בכל הנוגע לעבירות הנשק – דפוס, תכנון, החזקה מוסלקת, נשק טעון. עם זאת, בשל הפער בחומרת העבירות הנוספות (חבלה בכוונה מחמירה לעומת הפרעה לשוטר), תיק 1 לא ישמש תקדים מלא לענישה בתיק 2, אך בהחלט יש דמיון מהותי בעבירות הנשק.

SIMILARITY_SCORE: 65","ok",""
"ME-19-01-53615-8","ME-16-11-69158-529",3,1,1,"{""תאריך האירוע"": ""8.1.19"", ""שעת האירוע"": ""שעת לילה"", ""מיקום האירוע"": ""עיר לוד"", ""סוג הרכב"": ""מאזדה"", ""מרחק נסיעה לאחר ירי"": ""עשרות מטרים"", ""מיקום עצירת הרכב"": ""חניית עפר סמוכה"", ""תגובת הנאשם להגעת השוטרים"": ""השליך את הנשק ארצה ונעצר"", ""סוג הנשק המדויק"": ""תת מקלע מאולתר מסוג קרלו"", ""מספר עבירה"": ""144 ב"", ""סוג עבירה"": ""נשיאת נשק, הובלת נשק"", ""עבירות נוספות"": ""הנאשם הורשע בנוסף לעבירת נשק (סעיף 144) גם בעבירה של ירי מנשק חם באזור מגורים, לפי סעיף 340א(ב)(1) לחוק העונשין."", ""סוג הנשק [תת מקלע מאולתר]"": 1.0, ""סטטוס הנשק"": ""נשק עם כדור בקנה"", ""תכנון"": ""לא"", ""אופן החזקת הנשק"": ""ברכב, על גופו"", ""כמות תחמושת"": ""מחסנית טעונה בכדורים"", ""שימוש"": ""לא""}","{""מיקום האירוע"": ""טייבה"", ""תאריך האירוע"": ""23.11.16"", ""סוג התחמושת"": ""9 מ\""מ"", ""מיקום החבייה"": ""מתחת למושב הנהג ומושב סמוך"", ""סוג האירוע"": ""אירוע משפחתי"", ""מיקום טמינת הנשק"": ""באדמה סמוך לבית הנאשם"", ""סוג הנשק המדויק"": ""קרל גוסטב"", ""מספר עבירה"": ""144 ב"", ""סוג עבירה"": ""נשיאת נשק"", ""עבירות נוספות"": ""הנאשם הורשע בנוסף לעבירות נשק (סעיף 144) גם בעבירה של ירי באזור מגורים לפי סעיף 340א לחוק העונשין."", ""סוג הנשק [תת מקלע]"": 1.0, ""סטטוס הנשק"": ""נשק עם כדור בקנה"", ""תכנון"": ""כן"", ""אופן החזקת הנשק"": ""בבית, ברכב, מוסלק - מוסתר"", ""שימוש"": ""לא""}",85.0,"1. **סוג העבירה וחומרתה**  
בשני התיקים מדובר בעבירות נשיאת נשק חם (תת-מקלע), עם כדור בקנה, בצירוף עבירה של ירי מנשק חם באזור מגורים לפי סעיף 340א. רמת החומרה דומה מאוד, שכן מדובר בנשק אוטומטי ובסיכון לציבור.

2. **תפקיד הנאשם ומעורבותו**  
בשני המקרים הנאשם הוא המחזיק והנושא של הנשק, ללא אינדיקציה למעורבות של צדדים שלישיים או תפקיד של שליח/סוחר. המעורבות היא ישירה ופעילה.

3. **שיטת הביצוע (MO)**  
בשני המקרים הנשק הוסתר/הוחזק ברכב, עם כדור בקנה, ובשני המקרים לא נעשה שימוש בפועל בנשק (לא ירו במהלך האירוע). בתיק 2 יש תכנון והסלקה, בתיק 1 אין תכנון מובהק.

4. **נסיבות הליבה**  
הנשק בשני המקרים הוא תת-מקלע, עם מחסנית טעונה. בתיק 2 יש תכנון והסלקה מתוחכמת יותר (הסתרה באדמה וברכב), בעוד שבתיק 1 מדובר בהחזקה פשוטה יותר. בשני המקרים לא בוצע ירי בפועל באירוע, אך יש הרשעה בירי באזור מגורים (כנראה על בסיס אירוע קודם או ראיות אחרות).

5. **ישימות כתקדים**  
בית המשפט יראה את שני התיקים כרלוונטיים זה לזה לצורכי ענישה, שכן מדובר באותו סוג נשק, אותה עבירה עיקרית, נסיבות דומות של החזקה והסתרה, ורמת מסוכנות דומה. ההבדלים בתכנון והסלקה אינם מהותיים עד כדי שלילת רלוונטיות תקדימית.

SIMILARITY_SCORE: 85","ok",""
"ME-15-12-39071-113","sh-10-05-7434-952",3,1,1,"{""מותג הרכב"": ""מזדה 3"", ""מספר רישוי"": ""71-098-16"", ""מיקום האירוע"": ""כביש מספר 1, בסמוך למחלף הראל"", ""זמן האירוע"": ""22:30"", ""תאריך האירוע"": ""12.10.13"", ""מיקום הנשק ברכב"": ""מתחת לשטיח שמתחת למושב הסמוך לנהג"", ""סוג הנשק"": ""אקדח חצי אוטומטי מסוג סטאר"", ""מספר עבירה"": ""144 א"", ""סוג עבירה"": ""החזקה נשק"", ""סוג הנשק [אקדח]"": 1.0, ""סטטוס הנשק"": ""תקין"", ""תכנון"": ""לא"", ""אופן החזקת הנשק"": ""ברכב, מוסלק - מוסתר"", ""מטרה-סיבת העבירה"": ""הגנה עצמית"", ""שימוש"": ""לא""}","{""שנת לידה"": 1961, ""מיקום האירוע"": ""רחוב אורלנסקי 11, פתח תקווה"", ""תאריך האירוע"": ""14.4.10"", ""מודלי הנשק"": [""ברטה חצי אוטומטי"", ""לאמה חצי אוטומטי""], ""מספר עבירה"": ""144 א"", ""סוג עבירה"": ""החזקה נשק"", ""סוג הנשק [אקדח]"": 1.0, ""סטטוס הנשק"": ""נשק מפורק"", ""תכנון"": ""לא"", ""אופן החזקת הנשק"": ""בבית, מוסלק - מוסתר"", ""מטרה-סיבת העבירה"": ""אספנות"", ""שימוש"": ""לא""}",75.0,"1. **סוג העבירה וחומרתה** — בשני התיקים מדובר בעבירה זהה: החזקת נשק (סעיף 144(א) לחוק העונשין), ללא שימוש בפועל וללא נסיבות מחמירות נוספות. עם זאת, בתיק 2 מדובר בשני כלי נשק (אם כי מפורקים), בעוד בתיק 1 מדובר באקדח אחד תקין. רמת החומרה דומה, אך בתיק 2 יש פוטנציאל להחמרה קלה בשל הכמות, ומנגד הנשק מפורק.
2. **תפקיד הנאשם ומעורבותו** — בשני המקרים הנאשם הוא המחזיק בלבד, ללא אינדיקציה למעורבות פעילה מעבר להחזקה. אין יוזמה של סחר, הברחה או שימוש.
3. **שיטת הביצוע (MO)** — בשני המקרים הנשק מוסלק ומוסתר (ברכב/בבית), ללא תכנון מוקדם, ללא תחכום מיוחד או דפוס עברייני מובהק.
4. **נסיבות הליבה** — בתיק 1: אקדח תקין, מוסתר ברכב, טענה להגנה עצמית. בתיק 2: שני אקדחים מפורקים, מוסתרים בבית, טענה לאספנות. בשני המקרים אין שימוש בנשק, אין תכנון, ואין נסיבות מחמירות (כמו סחר, הברחה, שימוש בפועל או סכנה מיידית לציבור). ההבדל המרכזי: מיקום ההחזקה (רכב מול בית), מצב הנשק (תקין מול מפורק), ומניע (הגנה עצמית מול אספנות).
5. **ישימות כתקדים** — שני התיקים דומים מאוד במאפיינים המהותיים: החזקה לא חוקית, ללא שימוש, ללא תכנון, ללא נסיבות מחמירות. ההבדלים (מספר כלי הנשק, מצבם, מיקום ההחזקה והמניע) אינם מהותיים דיים כדי לשלול רלוונטיות הדדית לצורכי ענישה, אך עשויים להשפיע על מתחם הענישה המדויק.

SIMILARITY_SCORE: 75","ok",""
"ME-16-06-44840-433","ME-12-09-51207-971",1,0,0,"{""שנת לידה"": ""1993"", ""מיקום האירוע"": ""רחוב האפרסמון, ירושלים"", ""תאריך האירוע"": ""5.6.16"", ""מעורבים נוספים"": ""אלירון גולד, רן אברג'יל, יוני אברג'יל, נתי קורקוס"", ""סוגי רימונים"": ""רימון הלם, רימון גז"", ""הדרכה בשימוש בנשק"": ""הנאשם הסביר לאלירון כיצד להשתמש ברימון הגז"", ""העברת נשק"": ""הנאשם העביר רימוני הלם בין מקומות מסתור"", ""מספר עבירה"": ""144 א, 144 ב"", ""סוג עבירה"": ""החזקה נשק, נשיאת נשק"", ""עבירות נוספות"": ""הנאשם הורשע בנוסף לעבירות נשק (סעיף 144) גם בסיוע לנסיון לתקיפה לפי סעיפים 379 + 25 + 31 לחוק העונשין. זוהי עבירה שאינה עבירת נשק."", ""סוג הנשק [רימון הלם/גז]"": 1.0, ""סטטוס הנשק"": ""נשק מופרד מתחמושת"", ""תכנון"": ""כן"", ""אופן החזקת הנשק"": ""מוסלק - מוסתר"", ""שימוש"": ""זריקת רימון""}","{""מיקום העבירה"": ""מפעל אם. סי. במעלות, כפר פסוטה"", ""תאריך ייצור הנשק"": ""אוגוסט 2008"", ""תאריך תפיסת הנשק"": ""15/8/11"", ""תאריך הירי"": ""11/8/11"", ""מקום הירי"": ""חתונה בכפר פסוטה"", ""מספר עבירה"": ""144 א, 144 ב"", ""סוג עבירה"": ""החזקה נשק, ייצור נשק"", ""עבירות נוספות"": ""הנאשם הואשם והורשע גם בעבירה של ירי באזור מגורים לפי סעיף 340א לחוק העונשין, שהיא עבירה שאינה לפי סעיף 144 (עבירות נשק)."", ""סוג הנשק - אם לא נמצא בטבלה"": ""נשק (כלי שסוגל לירות קליע שבכוחו להמית אדם, שיוצר על ידי הנאשם)"", ""סטטוס הנשק"": ""נשק עם כדור בקנה"", ""תכנון"": ""לא"", ""אופן החזקת הנשק"": ""בבית"", ""אופן קבלת הנשק"": ""ייצר"", ""מטרה-סיבת העבירה"": ""ציד"", ""שימוש"": ""לא""}",28.0,"1. **סוג העבירה וחומרתה**  
שני התיקים עוסקים בעבירות נשק לפי סעיפים 144 א-ב לחוק העונשין, אך בתיק 1 מדובר בהחזקה, נשיאה ושימוש (כולל זריקת רימון), ובתיק 2 – בייצור, החזקה וירי (אם כי לא במסגרת העבירה המרכזית). חומרת השימוש בתיק 1 גבוהה יותר (שימוש אקטיבי ברימון), בעוד שבתיק 2 יש ייצור נשק אך לא שימוש תוקפני עיקרי.

2. **תפקיד הנאשם ומעורבותו**  
בתיק 1 הנאשם מעורב באופן פעיל: הדרכה, העברה, הסתרה ושימוש בפועל (זריקת רימון). בתיק 2 הנאשם ייצר את הנשק, החזיק בו, אך לא השתמש בו בעצמו (ירי בוצע באירוע אחר, לא בהכרח על ידו). בתיק 1 – יוזם ומבצע; בתיק 2 – יצרן ומחזיק.

3. **שיטת הביצוע (MO)**  
בתיק 1: הסתרה, העברה, הדרכה, שימוש ברימונים (נשק לא קונבנציונלי, מוסלק, תכנון מוקדם). בתיק 2: ייצור נשק חם, החזקה בבית, ללא תכנון מוקדם לשימוש פלילי, ללא הסתרה מיוחדת. דפוסי פעולה שונים מהותית.

4. **נסיבות הליבה**  
תיק 1: רימונים (הלם/גז), מוסלקים, תכנון, שימוש בפועל, הדרכה, נסיבות מחמירות (שימוש בפועל, סיכון חיי אדם). תיק 2: ייצור נשק חם, החזקה בבית, לא מוסלק, לא תכנן שימוש פלילי, לא השתמש בפועל, מטרה מוצהרת – ציד. נסיבות שונות מאוד.

5. **ישימות כתקדים**  
למרות ששני התיקים עוסקים בעבירות נשק, ההבדלים המהותיים בתפקיד, דפוס הפעולה, סוג הנשק, נסיבות השימוש והחומרה – יקשו מאוד על שימוש הדדי כתקדים ענייני. בית המשפט יראה את התיקים כרחוקים זה מזה לעניין ענישה ומהות.

SIMILARITY_SCORE: 28","ok",""
"ME-16-05-19384-544","ME-16-03-54615-517",3,1,1,"{""מקום החבייה"": ""שכונה סמוכה למקום מגוריו"", ""מחיר נשק קרל גוסטב"": ""3000 ₪"", ""מחיר מכירה נשק קרל גוסטב לחרוב"": ""3500 ₪"", ""תאריך פיגוע ירי על ידי חרוב"": ""9.3.16"", ""מיקום פיגוע ירי"": ""ירושלים, צומת רמות ושמעון הצדיק"", ""סוג תחמושת"": ""כדורי תחמושת לנשק קרל גוסטב"", ""מספר כדורים שנמכרו"": ""10"", ""מקום חיפוש נשק על ידי כוחות הביטחון"": ""קלנדיה"", ""תאריך החלטה לירות על כוחות הביטחון"": ""14.11.15"", ""מספר כדורים שנורו"": ""5"", ""מספר רכבים של כוחות הביטחון שנזוהו"": ""3"", ""מספר נשקים שנמכרו למחיסן"": ""2"", ""מחיר נשק למחיסן"": ""4000 ₪ לכל נשק"", ""מספר נשקים שנרכשו מאחר"": ""לא צוין מספר מדויק"", ""מספר עבירה"": ""144 א, 144 ב"", ""סוג עבירה"": ""נשיאת נשק, סחר בנשק"", ""עבירות נוספות"": ""הנאשם הורשע גם בעבירת ניסיון לחבלה חמורה לפי סעיף 333 בצירוף סעיף 25 לחוק העונשין, שאינה עבירת נשק לפי סעיף 144."", ""סוג הנשק - אם לא נמצא בטבלה"": ""רובה מסוג תבור, קרל גוסטב"", ""סטטוס הנשק"": ""נשק מופרד מתחמושת"", ""תכנון"": ""כן"", ""אופן החזקת הנשק"": ""בבית, על גופו, מוסלק - מוסתר"", ""אופן קבלת הנשק"": ""רכש"", ""כמות תחמושת"": ""10 כדורים"", ""מטרה-סיבת העבירה"": ""בצע כסף"", ""שימוש"": ""לא""}","{""מיקום המפגשים"": ""סמוך לביתו של מחמד"", ""מספר תתי מקלע שהועברו"": 2, ""סכום התשלום"": ""3000 ₪"", ""תקלות בנשק"": ""שני תתי מקלע לא ירו"", ""משך הזמן להשגת הנשק"": ""שלושה ימים"", ""משך הזמן להחלפת הנשק"": ""כשבוע"", ""מספר עבירה"": ""144 ב"", ""סוג עבירה"": ""סחר בנשק"", ""סוג הנשק [תת מקלע]"": 1.0, ""סטטוס הנשק"": ""תקול"", ""תכנון"": ""כן"", ""מטרה-סיבת העבירה"": ""בצע כסף"", ""שימוש"": ""לא""}",60.0,"1. **סוג העבירה וחומרתה**  
שני התיקים עוסקים בסחר בנשק (סעיף 144 ב'), אך בתיק 1 יש גם עבירות חמורות נוספות (ניסיון לחבלה חמורה, נשיאת נשק), בעוד שבתיק 2 מדובר רק בסחר בנשק. חומרת תיק 1 גבוהה יותר בשל ריבוי עבירות והשלכות מסוכנות.

2. **תפקיד הנאשם ומעורבותו**  
בשני התיקים הנאשמים פעלו כסוחרים, יזמו את העסקאות ופעלו ממניע של בצע כסף. עם זאת, בתיק 1 יש גם החזקה ונשיאה, וביצוע עבירות נוספות, מה שמעיד על מעורבות רחבה ופעילה יותר.

3. **שיטת הביצוע (MO)**  
בשני המקרים מדובר בעסקאות מתוכננות של מכירת נשק, עם תיאום מוקדם, תשלום, והעברת נשק. עם זאת, בתיק 2 הנשק היה תקול, ובתיק 1 מדובר בנשק תקין ואף בתחמושת, וכן יש הסתרה והחזקת נשק.

4. **נסיבות הליבה**  
בתיק 1 נמכרו כלי נשק תקינים ותחמושת, חלקם שימשו בפועל לפיגוע ירי, ויש תכנון והסתרה. בתיק 2 הנשק היה תקול ולא נעשה בו שימוש, והיקף העסקה דומה (2 כלי נשק). בתיק 1 יש נסיבות מחמירות (שימוש בפועל, תחמושת, עבירות נוספות).

5. **ישימות כתקדים**  
בית המשפט יראה את שני התיקים כרלוונטיים זה לזה לעניין דפוס הסחר בנשק, אך בשל חומרת תיק 1 (עבירות נוספות, שימוש בפועל, תחמושת) הוא ייחשב לחמור בהרבה. תיק 2 יכול להסתמך על תיק 1 כתקדים מחמיר, אך לא להפך.

SIMILARITY_SCORE: 60","ok",""
"ME-12-05-33444-999","ME-17-04-613-913",1,0,0,"{""מותג הנשק"": ""ברטה"", ""דגם הנשק"": ""9 מ\""מ"", ""מספר סידורי של הנשק"": ""D60383Y"", ""מיקום החזקת הנשק ברכב"": ""מתחת למושב הקדמי הימני, בתיק שחור ליד כיסא הנהג, בתא האחסון של דלת הנהג"", ""מקור הנשק"": ""נגנב"", ""בעלות מקורית של הנשק"": ""מר יוסף פלדמן"", ""תאריך הגניבה"": ""11.5.12"", ""מיקום הגניבה"": ""רחובות"", ""מספר עבירה"": ""144 א"", ""סוג עבירה"": ""החזקה נשק"", ""סוג הנשק [אקדח]"": 1.0, ""סטטוס הנשק"": ""נשק עם מחסנית בהכנס"", ""תכנון"": ""לא"", ""אופן החזקת הנשק"": ""ברכב, מוסלק - מוסתר"", ""כמות תחמושת"": ""מחסנית ובה כדורים, מחסנית ובה כדורים, מחסנית ובה כדורים"", ""מטרה-סיבת העבירה"": ""הגנה עצמית"", ""שימוש"": ""לא""}","{""שנת לידה"": ""1994"", ""זמן האירוע"": ""18.3.17, סמוך לשעה 22:00"", ""מקום האירוע"": ""מכפר סאלם אל אום אל פחם"", ""סוג הרכב"": ""מאזדה"", ""שמות נוסעים ברכב"": ""מוחמד גמאסייה, בדרן מחאמיד"", ""מיקום הנאשם ברכב"": ""מושב אחורי"", ""סוג האקדח"": ""ברטה"", ""קליבר האקדח"": ""9 מ\""מ פאראבלום"", ""אופן הסתרת הנשק"": ""בחלק הקדמי של מכנסיו, מוסתר בתוך חם צוואר"", ""מספר עבירה"": ""144 ב"", ""סוג עבירה"": ""נשיאת נשק, הובלת נשק"", ""סוג הנשק [אקדח]"": 1.0, ""סטטוס הנשק"": ""נשק עם מחסנית בהכנס"", ""תכנון"": ""לא"", ""אופן החזקת הנשק"": ""ברכב, על גופו, מוסלק - מוסתר"", ""כמות תחמושת"": ""מחסנית ובה 15 כדורים"", ""שימוש"": ""לא""}",80.0,"1. **סוג העבירה וחומרתה**  
שני התיקים עוסקים בעבירות נשק מסוג אקדח 9 מ""מ, כאשר בתיק 1 מדובר ב""החזקה"" (סעיף 144(א)), ובתיק 2 ב""נשיאה והובלה"" (סעיף 144(ב)). סעיף 144(ב) חמור יותר מהחזקה בלבד, אך שניהם באותו תחום מהותי של עבירות נשק, עם קרבה גבוהה ברמת החומרה.

2. **תפקיד הנאשם ומעורבותו**  
בשני המקרים הנאשם הוא המחזיק הישיר של הנשק: בתיק 1 הנשק מוסתר ברכב בשליטתו, בתיק 2 הנשק מוסתר על גופו של הנאשם. בשני המקרים מדובר במעורבות ישירה ואקטיבית, לא בתיווך או סיוע.

3. **שיטת הביצוע (MO)**  
בשני התיקים הנשק מוסתר ומוסלק (ברכב/על הגוף), בשניהם מדובר באקדח ברטה 9 מ""מ עם מחסנית טעונה. אין שימוש בנשק, אין תכנון מוקדם, וההסתרה דומה (מוסלק, לא גלוי).

4. **נסיבות הליבה**  
בשני המקרים לא נעשה שימוש בנשק, לא מדובר בכמות חריגה של תחמושת, אין תכנון מוקדם, ואין נסיבות מחמירות כמו סחר, ירי או שימוש בפועל. בתיק 1 צוין שהנשק נגנב, אך לא ברור אם לנאשם יש קשר לגניבה. בתיק 2 אין מידע על מקור הנשק. בשני המקרים מדובר בהחזקה/נשיאה לשם החזקה בלבד.

5. **ישימות כתקדים**  
בית המשפט יראה את שני התיקים כרלוונטיים זה לזה לצורכי ענישה, במיוחד לאור הדמיון בסוג הנשק, אופן ההחזקה, היעדר שימוש, והיעדר נסיבות מחמירות. ההבדל בסעיף (החזקה לעומת נשיאה/הובלה) עשוי להשפיע על רמת הענישה, אך לא שולל רלוונטיות תקדימית.

SIMILARITY_SCORE: 80","ok",""
"ME-17-04-613-913","ME-12-04-33577-700",1,0,0,"{""שנת לידה"": ""1994"", ""זמן האירוע"": ""18.3.17, סמוך לשעה 22:00"", ""מקום האירוע"": ""מכפר סאלם אל אום אל פחם"", ""סוג הרכב"": ""מאזדה"", ""שמות נוסעים ברכב"": ""מוחמד גמאסייה, בדרן מחאמיד"", ""מיקום הנאשם ברכב"": ""מושב אחורי"", ""סוג האקדח"": ""ברטה"", ""קליבר האקדח"": ""9 מ\""מ פאראבלום"", ""אופן הסתרת הנשק"": ""בחלק הקדמי של מכנסיו, מוסתר בתוך חם צוואר"", ""מספר עבירה"": ""144 ב"", ""סוג עבירה"": ""נשיאת נשק, הובלת נשק"", ""סוג הנשק [אקדח]"": 1.0, ""סטטוס הנשק"": ""נשק עם מחסנית בהכנס"", ""תכנון"": ""לא"", ""אופן החזקת הנשק"": ""ברכב, על גופו, מוסלק - מוסתר"", ""כמות תחמושת"": ""מחסנית ובה 15 כדורים"", ""שימוש"": ""לא""}","{""מיקום האירוע"": ""בית שאן"", ""תאריך האירוע"": ""13/4/12"", ""שעת האירוע"": ""02:00 לפנות בוקר"", ""סוג המפגש"": ""ויכוח"", ""פרטי התקרית"": ""המתלונן זרק כוס לעבר הנאשם, הנאשם שלף אקדח וירה שלוש יריות"", ""מספר יריות"": 3, ""מיקום פגיעות היריות"": ""אחת ליד הראש, אחת ליד הגב, אחת שרטה את הברך הימנית"", ""מספר עבירה"": ""144 א, 144 ב"", ""סוג עבירה"": ""החזקה נשק, נשיאת נשק"", ""עבירות נוספות"": ""הנאשם הורשע בנוסף לעבירות נשק (סעיף 144(א) ו-144(ב)), גם בעבירות של חבלה בכוונה מחמירה (סעיף 329(א)(2)) ויריות באזור מגורים (סעיף 340(א)), שהן אינן עבירות נשק לפי סעיף 144."", ""סוג הנשק [אקדח]"": 1.0, ""סטטוס הנשק"": ""נשק עם כדור בקנה"", ""תכנון"": ""כן"", ""אופן החזקת הנשק"": ""על גופו"", ""שימוש"": ""לא""}",25.0,"1. **סוג העבירה וחומרתה**  
שני התיקים עוסקים בעבירות נשק (נשיאת/החזקת נשק), אך בתיק 2 יש גם עבירות חמורות נוספות: חבלה בכוונה מחמירה וירי באזור מגורים. בתיק 1 מדובר רק בנשיאת והובלת נשק ללא שימוש. רמת החומרה בתיק 2 גבוהה משמעותית.

2. **תפקיד הנאשם ומעורבותו**  
בתיק 1 הנאשם מחזיק ומסתיר את הנשק, אך אין שימוש או תכנון. בתיק 2 הנאשם לא רק מחזיק אלא גם שולף ויורה, תוך תכנון ויוזמה אקטיבית. המעורבות בתיק 2 פעילה ותוקפנית בהרבה.

3. **שיטת הביצוע (MO)**  
בתיק 1: הסתרה והובלה של נשק מוסתר על הגוף, ללא שימוש. בתיק 2: שליפה, ירי מכוון לעבר אדם, תוך כדי עימות. דפוסי הפעולה שונים מהותית — הסתרה לעומת שימוש תוקפני.

4. **נסיבות הליבה**  
בתיק 1: לא בוצע שימוש, לא הייתה תכנית, לא היו נסיבות מחמירות. בתיק 2: שימוש ממשי בנשק, ירי לעבר אדם, פציעה, תכנון מוקדם, נסיבות מחמירות (ירי באזור מגורים, חבלה בכוונה מחמירה).

5. **ישימות כתקדים**  
בית משפט יתקשה לראות בתיק 1 תקדים רלוונטי לתיק 2 (או להפך) לצורכי ענישה, בשל הפער המשמעותי בחומרה, במעורבות ובנסיבות. הדמיון מתמצה בעצם סוג הנשק והעבירה הבסיסית, אך ההקשר והחומרה שונים מהותית.

SIMILARITY_SCORE: 25","ok",""
"ME-21-10-18557-340","ME-16-10-9348-780",1,0,0,"{""סוג הרכב"": ""מאזדה בצבע כחול"", ""מיקום האירוע"": ""כפר אבו סנאן"", ""זמן האירוע"": ""16.9.2021, סמוך לשעה 19:00"", ""מעורבים נוספים"": ""ג'יהאד סואעד, מוחמד פעאור"", ""סוג המאזדה"": ""מאזדה לבנה"", ""מיקום ישיבת הנאשם ברכב"": ""מושב הנוסע"", ""מיקום ישיבת ג'יהאד ברכב"": ""מושב הנהג"", ""מיקום ישיבת א' במאזדה"": ""מושב הנוסע ליד הנהג"", ""מיקום ישיבת מוחמד פעאור במאזדה"": ""מושב הנהג"", ""כיוון ירי הנאשם"": ""כלפי מעלה"", ""מטרת ירי הנאשם"": ""הפחדה או הקנטה של א'"", ""סכסוך קיים"": ""בין הנאשם לא'"", ""מספר עבירה"": ""144 א, 144 ב"", ""סוג עבירה"": ""החזקה נשק, נשיאת נשק, הובלת נשק"", ""עבירות נוספות"": ""הנאשם הורשע בנוסף לעבירות נשק (סעיף 144(א) ו-144(ב) לחוק העונשין) גם בעבירה של ירי מנשק חם לפי סעיף 340א(ב)(1) ו-(2) לחוק העונשין, שהיא עבירה שאינה לפי סעיף 144 ולכן נחשבת לעבירה נוספת."", ""סוג הנשק [תת מקלע מאולתר]"": 1.0, ""סטטוס הנשק"": ""נשק עם כדור בקנה"", ""תכנון"": ""לא"", ""אופן החזקת הנשק"": ""בבית, ברכב"", ""כמות תחמושת"": ""מחסנית ולכל הפחות 2 כדורים"", ""מטרה-סיבת העבירה"": ""הפחדה/הקנטה"", ""שימוש"": ""לא""}","{""סוג תחמושת"": ""כדורי צייד קליבר 12 מ\""מ"", ""מקום החזקת התחמושת"": ""מחסן הבית"", ""סכום כסף נגנב"": ""3500 ₪"", ""סכום שיק נגנב"": ""500 ₪"", ""מקום העצירה"": ""קריית גת"", ""מעורבים נוספים"": ""מוחמד יונס, הקטין פ. י."", ""מקום מגורי הקטין"": ""ערערה"", ""מספר עבירה"": ""144 ב"", ""סוג עבירה"": ""נשיאת נשק"", ""סוג הנשק [רובה צייד]"": 1.0, ""סטטוס הנשק"": ""נשק מופרד מתחמושת"", ""תכנון"": ""לא"", ""אופן החזקת הנשק"": ""בבית, ברכב"", ""כמות תחמושת"": ""75 כדורים"", ""שימוש"": ""לא""}",45.0,"1. **סוג העבירה וחומרתה**  
שני התיקים עוסקים בעבירות נשק לפי סעיף 144 לחוק העונשין (החזקה/נשיאה/הובלה), אך בתיק 1 יש גם עבירת ירי מנשק חם (סעיף 340א), שהיא חמורה יותר. בתיק 2 מדובר רק בהחזקה/נשיאה ללא שימוש בפועל. רמת החומרה בתיק 1 גבוהה יותר בשל הירי.

2. **תפקיד הנאשם ומעורבותו**  
בתיק 1 הנאשם היה מעורב אקטיבית בירי (גם אם כלפי מעלה ולמטרת הפחדה), בעוד שבתיק 2 מדובר בהחזקה/נשיאה בלבד, ללא שימוש או הפעלה של הנשק. המעורבות בתיק 1 פעילה יותר.

3. **שיטת הביצוע (MO)**  
בשני המקרים הנשק הוחזק/הובל ברכב ובבית, אך בתיק 1 בוצע ירי בפועל, בעוד שבתיק 2 לא נעשה שימוש בנשק. סוגי הנשק שונים (תת-מקלע מאולתר לעומת רובה צייד), אך דפוס ההחזקה דומה.

4. **נסיבות הליבה**  
בתיק 1: תת-מקלע מאולתר, ירי בפועל, סכסוך אישי, תחמושת מועטה, נשק עם כדור בקנה. בתיק 2: רובה צייד, כמות גדולה של תחמושת, נשק מופרד מתחמושת, ללא שימוש, ללא סכסוך. הנסיבות בתיק 1 מחמירות יותר (ירי, סכסוך, נשק מוכן לשימוש).

5. **ישימות כתקדים**  
בית המשפט עשוי לראות את שני התיקים כרלוונטיים זה לזה במובן הכללי של עבירות נשק, במיוחד לעניין החזקה/נשיאה, אך בשל השוני המהותי בשימוש בנשק (ירי בפועל לעומת החזקה בלבד) ורמת החומרה, תיק 1 לא ישמש תקדים ישיר לענישה בתיק 2, אך ייתכן וישמש להשוואה כללית.

SIMILARITY_SCORE: 45","ok",""
"SH-16-04-30406-325","SH-16-11-7544-55",3,1,1,"{""מותג הרכב"": ""רנו"", ""מספר רישוי"": ""88-687-10"", ""מיקום הנשק ברכב"": ""תא מטען"", ""מספר כלי נשק"": 2, ""מספר עבירה"": ""144 א"", ""סוג עבירה"": ""החזקה נשק"", ""סוג הנשק [תת מקלע מאולתר]"": 1.0, ""סטטוס הנשק"": ""נשק מופרד מתחמושת"", ""תכנון"": ""לא"", ""אופן החזקת הנשק"": ""ברכב"", ""אופן קבלת הנשק"": ""רכש"", ""כמות תחמושת"": ""מחסנית ריקה ובה 0 כדורים, 2 מחסניות"", ""שימוש"": ""לא""}","{""מיקום האירוע"": ""מחלף להב-שומריה, כביש 6 לכוון צפון"", ""תאריך האירוע"": ""26.10.16"", ""שם השוטר"": ""מיכאל אדרי"", ""קוטר הקליעים"": ""9 מ\""מ"", ""מספר עבירה"": ""144 א"", ""סוג עבירה"": ""החזקה נשק"", ""סוג הנשק [תת מקלע מאולתר]"": 1.0, ""סטטוס הנשק"": ""נשק מופרד מתחמושת"", ""תכנון"": ""לא"", ""אופן החזקת הנשק"": ""על גופו, מוסלק - מוסתר"", ""כמות תחמושת"": ""מחסנית ובה 10 כדורים"", ""שימוש"": ""לא""}",85.0,"1. **סוג העבירה וחומרתה**  
בשני התיקים מדובר בעבירה זהה – החזקת נשק לפי סעיף 144(א) לחוק העונשין, ובשני המקרים מדובר בתת-מקלע מאולתר. רמת החומרה דומה, שכן אין שימוש בנשק, אין תחמושת תואמת מחוברת, ואין נסיבות מחמירות נוספות.

2. **תפקיד הנאשם ומעורבותו**  
בשני המקרים הנאשם הוא המחזיק הישיר של הנשק – באחד ברכב, בשני על גופו. אין אינדיקציה ליזמות, סחר או תיווך; בשני המקרים מדובר בהחזקה בלבד, ללא מעורבות פעילה נוספת.

3. **שיטת הביצוע (MO)**  
בשני המקרים הנשק הוסתר (בתא מטען/על הגוף), מופרד מתחמושת, ולא נעשה בו שימוש. ההבדל הוא במיקום ההחזקה (רכב מול גוף), אך דפוס ההסתרה דומה.

4. **נסיבות הליבה**  
בשני המקרים מדובר בתת-מקלע מאולתר, ללא שימוש, ללא תכנון מוקדם, וללא תחמושת זמינה (בתיק 1 – מחסניות ריקות; בתיק 2 – מחסנית אחת עם 10 כדורים). בתיק 1 יש שני כלי נשק, בתיק 2 אחד – זהו הבדל מסוים, אך לא מהותי לעניין סוג העבירה. אין שימוש, אין תכנון, אין נסיבות מחמירות.

5. **ישימות כתקדים**  
בית המשפט יראה את שני התיקים כרלוונטיים זה לזה לצורכי ענישה, שכן מדובר באותו סוג עבירה, באותו סוג נשק, בנסיבות דומות של החזקה בלבד, ללא שימוש וללא תכנון. ההבדלים (מיקום ההחזקה, מספר כלי הנשק, כמות התחמושת) אינם מהותיים דיים כדי לשלול רלוונטיות תקדימית.

SIMILARITY_SCORE: 85","ok",""
"SH-16-11-7544-55","ME-13-10-28139-807",1,0,0,"{""מיקום האירוע"": ""מחלף להב-שומריה, כביש 6 לכוון צפון"", ""תאריך האירוע"": ""26.10.16"", ""שם השוטר"": ""מיכאל אדרי"", ""קוטר הקליעים"": ""9 מ\""מ"", ""מספר עבירה"": ""144 א"", ""סוג עבירה"": ""החזקה נשק"", ""סוג הנשק [תת מקלע מאולתר]"": 1.0, ""סטטוס הנשק"": ""נשק מופרד מתחמושת"", ""תכנון"": ""לא"", ""אופן החזקת הנשק"": ""על גופו, מוסלק - מוסתר"", ""כמות תחמושת"": ""מחסנית ובה 10 כדורים"", ""שימוש"": ""לא""}","{""מיקום האירוע"": ""רהט"", ""קורבן"": ""מתלונן ובנו קטין"", ""גיל הקורבן"": ""18"", ""סוג הרכב"": ""רכב פרטי"", ""מיקום פגיעת הירי"": ""דלת הנהג"", ""מספר יריות"": ""מספר יריות"", ""פגיעה ברכב"": ""כן"", ""נזק לרכב"": ""קליעים חדרו לדלת הנהג"", ""התנהלות הנאשם לאחר הירי"": ""נמלט מהמקום"", ""סוג המחלוקת"": ""שימוש בספסל בטון"", ""פעולה שקדמה לאירוע"": ""מריחת שמן על הספסל"", ""מספר עבירה"": ""144 א"", ""סוג עבירה"": ""החזקה נשק"", ""עבירות נוספות"": ""הנאשם הורשע, בנוסף לעבירות נשק לפי סעיף 144(א), גם בעבירת ניסיון לחבלה חמורה בנסיבות מחמירות לפי סעיפים 333+335(א)(1) ו-25 לחוק העונשין. מדובר בעבירת אלימות חמורה שאינה עבירת נשק."", ""סוג הנשק [אקדח]"": 1.0, ""סטטוס הנשק"": ""נשק עם כדור בקנה"", ""תכנון"": ""כן"", ""אופן החזקת הנשק"": ""על גופו"", ""מטרה-סיבת העבירה"": ""פגיעה בכבוד"", ""שימוש"": ""לא""}",30.0,"1. **סוג העבירה וחומרתה** — בשני התיקים מדובר בעבירת החזקת נשק לפי סעיף 144(א), אך בתיק 2 יש גם עבירות אלימות חמורות (ניסיון לחבלה חמורה בנסיבות מחמירות), מה שמעלה משמעותית את רמת החומרה לעומת תיק 1 שבו מדובר בהחזקה בלבד ללא שימוש או עבירות נלוות.
2. **תפקיד הנאשם ומעורבותו** — בתיק 1 הנאשם מחזיק בנשק מוסתר על גופו, ללא אינדיקציה למעורבות פעילה מעבר להחזקה. בתיק 2 הנאשם לא רק מחזיק אלא גם עושה שימוש אקטיבי בנשק (ירי לעבר רכב), עם מניע ברור (פגיעה בכבוד), ומעורבות יוזמתית.
3. **שיטת הביצוע (MO)** — בתיק 1 מדובר בהחזקה מוסתרת של נשק ותחמושת, ללא שימוש. בתיק 2 יש החזקה, טעינה (כדור בקנה), ירי לעבר רכב, פגיעה פיזית ונמלטות מהמקום — דפוס פעולה שונה מהותית.
4. **נסיבות הליבה** — בתיק 1: נשק מופרד מתחמושת, לא נטען לשימוש מיידי, לא בוצע ירי, לא היה תכנון. בתיק 2: נשק טעון, ירי בפועל, פגיעה ברכב, תכנון מוקדם, מניע אישי, עבירות נלוות חמורות.
5. **ישימות כתקדים** — בשל הפערים המהותיים בחומרה, במעורבות, ובנסיבות (שימוש בפועל, עבירות אלימות נלוות), בית המשפט יתקשה לראות בתיק 1 תקדים ענייני לתיק 2 או להפך, למעט אולי לעניין רכיב ההחזקה בלבד.

SIMILARITY_SCORE: 30","ok",""
"ME-16-04-12480-812","SH-16-05-42991-439",1,0,0,"{""מיקום האירועים"": ""טירת הכרמל, בית המתלונן, אתר בניה"", ""סוג הרכב"": ""רכב פרטי"", ""סוג הנשק באירוע הראשון"": ""נשק חם"", ""כמות הקליעים באירוע השני"": ""12 קליעים"", ""מיקום התחמושת באירוע השלישי"": ""בזחל של כלי עבודה, מתחת לתקרה אקוסטית"", ""סכום החוב"": ""300 שקלים"", ""זמן המעשה מהוויכוח"": ""פחות משעה וחצי"", ""זמן המעשה מהאירוע הקודם"": ""יומיים, יום אחד"", ""מספר עבירה"": ""144 א, 144 ב"", ""סוג עבירה"": ""החזקה נשק, נשיאת נשק, הובלת נשק"", ""עבירות נוספות"": ""הנאשם הורשע בנוסף לעבירות נשק (סעיף 144) גם בעבירות של ניסיון חבלה חמורה בנסיבות מחמירות (סעיפים 25 + 335 + 333 לחוק העונשין) ואיומים (סעיף 192 לחוק העונשין)."", ""סוג הנשק [תת מקלע מאולתר]"": 1.0, ""סוג הנשק - אם לא נמצא בטבלה"": ""נשק"", ""סטטוס הנשק"": ""נשק עם כדור בקנה"", ""תכנון"": ""כן"", ""אופן החזקת הנשק"": ""ברכב, על גופו, מוסלק - מוסתר"", ""כמות תחמושת"": ""17 כדורים"", ""שימוש"": ""לא""}","{""סוג האקדח"": ""בראונינג"", ""קליבר התחמושת"": ""9 מ\""מ"", ""התערבות צד שלישי"": ""נאשמת 2 ניסתה להעלים את הנשק"", ""מיקום האירוע"": ""בבית הנאשם"", ""תאריך האירוע"": ""15.5.16"", ""מספר עבירה"": ""144 א"", ""סוג עבירה"": ""החזקה נשק"", ""עבירות נוספות"": ""הנאשם הורשע בנוסף לעבירות נשק (סעיף 144(א)), גם בעבירה של שיבוש הליכי משפט לפי סעיף 244 לחוק העונשין."", ""סוג הנשק [אקדח]"": 1.0, ""סטטוס הנשק"": ""נשק עם מחסנית בהכנס"", ""תכנון"": ""כן"", ""אופן החזקת הנשק"": ""בבית, מוסלק - מוסתר"", ""כמות תחמושת"": ""מחסנית ובה 13 כדורים"", ""שימוש"": ""לא""}",60.0,"1. **סוג העבירה וחומרתה**  
בשני התיקים מדובר בעבירות נשק – החזקה, נשיאה והובלה (תיק 1) לעומת החזקה בלבד (תיק 2). בתיק 1 יש גם עבירות חמורות נוספות (ניסיון חבלה חמורה ואיומים), בעוד שבתיק 2 העבירה הנוספת היא שיבוש הליכי משפט, שהיא פחות חמורה. רמת החומרה בתיק 1 גבוהה יותר.

2. **תפקיד הנאשם ומעורבותו**  
בשני המקרים הנאשמים הם המחזיקים והמסלקים של הנשק, עם תכנון מוקדם. בתיק 2 יש גם מעורבות של צד שלישי (נאשמת 2), אך עיקר המעורבות דומה – החזקה והסתרה.

3. **שיטת הביצוע (MO)**  
בשני המקרים הנשק מוסלק ומוסתר (ברכב/על הגוף/באתר בניה בתיק 1, בבית בתיק 2). בשני המקרים לא נעשה שימוש בפועל בנשק. בתיק 1 יש גם הובלה ברכב ובאתר בניה, מה שמעיד על תחכום רב יותר.

4. **נסיבות הליבה**  
בתיק 1: נשק חם (תת-מקלע מאולתר), 17 כדורים, מוסלק במקומות שונים, תכנון, נשק עם כדור בקנה, עבירות נלוות חמורות, סכום חוב, מספר אירועים. בתיק 2: אקדח בראונינג, 13 כדורים, מוסלק בבית, תכנון, נשק עם מחסנית, עבירה נלווית של שיבוש בלבד. בתיק 1 יש נסיבות מחמירות יותר (סוג הנשק, כמות תחמושת, עבירות נוספות, ריבוי אירועים).

5. **ישימות כתקדים**  
שני התיקים עוסקים בהחזקה והסתרה של נשק חם עם תכנון, אך בתיק 1 יש נסיבות מחמירות בהרבה (ריבוי עבירות, ריבוי אירועים, סוג נשק חמור יותר, תחכום). תיק 2 יוכל להסתמך על תיק 1 כתקדים עקרוני, אך לא להפך, ובית המשפט יבחין בין רמות החומרה.

SIMILARITY_SCORE: 60","ok",""
"ME-16-05-9968-487","ME-13-04-35007-454",3,1,1,"{""מיקום רכישת הנשק"": ""ברטעה"", ""מחיר הנשק"": ""7300 שקלים"", ""מספר סידורי של הנשק"": ""41814"", ""מיקום המסתור"": ""גג בית חברו אחסאן דיב"", ""תאריך העברת הנשק לכוחות הביטחון"": ""22.4.16"", ""קשר משפחתי"": ""מהדי קרוב משפחה של הנאשם ושל סמיר"", ""מקום מגורים משותף"": ""ג'דיידה"", ""מספר עבירה"": ""144 א, 144 ב"", ""סוג עבירה"": ""החזקה נשק, נשיאת נשק"", ""סוג הנשק [תת מקלע מאולתר]"": 1.0, ""סטטוס הנשק"": ""נשק עם מחסנית בהכנס"", ""תכנון"": ""לא"", ""אופן החזקת הנשק"": ""מוסלק - מוסתר"", ""אופן קבלת הנשק"": ""מאחר"", ""כמות תחמושת"": ""מחסנית"", ""מטרה-סיבת העבירה"": ""ירי בחתונה"", ""שימוש"": ""לא""}","{""תאריך האירוע"": ""6/4/13"", ""שעת האירוע"": ""16:30"", ""מיקום האירוע"": ""מרכז הכפר דבוריה"", ""הקשר לאירועים אחרים"": ""סכסוך בכפר דבוריה"", ""מעורבות אחרים"": ""נוכחות אחרים מהסכסוך בקרבת מקום"", ""תגובת הנאשם לאחר האירוע"": ""נמלט מהמקום"", ""מספר עבירה"": ""144 א, 144 ב"", ""סוג עבירה"": ""החזקה נשק, נשיאת נשק"", ""סוג הנשק [אקדח]"": 1.0, ""סטטוס הנשק"": ""נשק עם כדור בקנה"", ""תכנון"": ""כן"", ""אופן החזקת הנשק"": ""על גופו"", ""מטרה-סיבת העבירה"": ""הפחדה"", ""שימוש"": ""לא""}",55.0,"1. **סוג העבירה וחומרתה** — בשני התיקים מדובר בעבירות זהות: החזקה ונשיאת נשק (סעיפים 144 א, 144 ב לחוק העונשין). רמת החומרה דומה, אם כי בתיק 2 יש נסיבות מחמירות פוטנציאליות בשל סכסוך.
2. **תפקיד הנאשם ומעורבותו** — בשני המקרים הנאשם הוא המחזיק והנושא של הנשק, אך בתיק 2 יש מעורבות פעילה יותר (נשיאת הנשק על גופו, נוכחות בסכסוך, בריחה מהמקום), לעומת תיק 1 שבו הנשק מוסתר ולא בשימוש מיידי.
3. **שיטת הביצוע (MO)** — בתיק 1 הנשק מוסלק ומוסתר, בתיק 2 הנשק על גופו של הנאשם. בתיק 2 יש תכנון, בתיק 1 לא. בתיק 2 יש נשק עם כדור בקנה, בתיק 1 מחסנית מוכנסת אך לא ברור אם מוכן לירי.
4. **נסיבות הליבה** — בתיק 1 המטרה היא ירי בחתונה (שימוש עתידי, לא מיידי), בתיק 2 המטרה היא הפחדה בסכסוך (פוטנציאל לאלימות מיידית). בתיק 2 יש תכנון ובריחה, בתיק 1 אין תכנון או שימוש בפועל.
5. **ישימות כתקדים** — שני התיקים עוסקים באותן עבירות, אך נסיבות תיק 2 חמורות יותר (תכנון, סכסוך, נשק על הגוף). תיק 1 יכול לשמש תקדים עקרוני, אך לא מלא, לתיק 2; בית המשפט יבחין בין הנסיבות.

SIMILARITY_SCORE: 55","ok",""
"ME-16-11-69158-529","ME-14-12-6904-57",2,0,1,"{""מיקום האירוע"": ""טייבה"", ""תאריך האירוע"": ""23.11.16"", ""סוג התחמושת"": ""9 מ\""מ"", ""מיקום החבייה"": ""מתחת למושב הנהג ומושב סמוך"", ""סוג האירוע"": ""אירוע משפחתי"", ""מיקום טמינת הנשק"": ""באדמה סמוך לבית הנאשם"", ""סוג הנשק המדויק"": ""קרל גוסטב"", ""מספר עבירה"": ""144 ב"", ""סוג עבירה"": ""נשיאת נשק"", ""עבירות נוספות"": ""הנאשם הורשע בנוסף לעבירות נשק (סעיף 144) גם בעבירה של ירי באזור מגורים לפי סעיף 340א לחוק העונשין."", ""סוג הנשק [תת מקלע]"": 1.0, ""סטטוס הנשק"": ""נשק עם כדור בקנה"", ""תכנון"": ""כן"", ""אופן החזקת הנשק"": ""בבית, ברכב, מוסלק - מוסתר"", ""שימוש"": ""לא""}","{""מיקום החזקת הנשק"": ""ארון בגדים בחדר השינה"", ""מחיר הנשק"": ""4000 ש\""ח"", ""מועד רכישת הנשק"": ""כחודש ימים עובר ליום 18.11.2014"", ""מקום מגורים"": ""תל אביב"", ""כמות קנאביס"": ""0.3027 גרם נטו"", ""סוג הנשק"": ""רובה מאולתר מדגם קרל גוסטב"", ""תיאור האופן שבו נשא הנאשם את הנשק"": ""בתוך תיק גב, עטוף בבגדים"", ""מספר עבירה"": ""144 ב"", ""סוג עבירה"": ""נשיאת נשק, הובלת נשק"", ""עבירות נוספות"": ""הנאשם הואשם והורשע בנוסף לעבירת נשק (סעיף 144(ב) לחוק העונשין) גם בעבירה של החזקת סם לצריכה עצמית לפי סעיף 7(א) לפקודת הסמים המסוכנים."", ""סוג הנשק [תת מקלע מאולתר]"": 1.0, ""סטטוס הנשק"": ""נשק מופרד מתחמושת"", ""תכנון"": ""כן"", ""אופן החזקת הנשק"": ""בבית, על גופו, מוסלק - מוסתר"", ""אופן קבלת הנשק"": ""רכש"", ""כמות תחמושת"": ""מחסנית וכדורים, כדורים"", ""שימוש"": ""לא""}",70.0,"1. **סוג העבירה וחומרתה**  
בשני התיקים מדובר בעבירות נשק לפי סעיף 144(ב) לחוק העונשין – נשיאת נשק, כאשר בשני המקרים מדובר בתת-מקלע (""קרל גוסטב""), שהוא נשק חם וחמור. בשני המקרים יש עבירות נלוות, אך בתיק 1 מדובר גם בירי באזור מגורים (חומרה גבוהה), ובתיק 2 – החזקת סם לצריכה עצמית (חומרה נמוכה בהרבה). רמת החומרה של עבירת הנשק דומה, אך נסיבות נלוות שונות.

2. **תפקיד הנאשם ומעורבותו**  
בשני המקרים הנאשם הוא המחזיק והנושא של הנשק, עם מעורבות פעילה (הסלקה, רכישה, החזקה). בתיק 2 יש גם רכישה יזומה של הנשק, בתיק 1 לא מצוין מקור הנשק אך יש הסלקה והובלה. בשני המקרים לא מדובר בשליח או מחזיק פסיבי.

3. **שיטת הביצוע (MO)**  
בשני המקרים הנשק מוסלק ומוסתר (ברכב, בבית, תיק גב, ארון בגדים), יש תכנון מוקדם, והנשק לא בשימוש בפועל. בתיק 1 הנשק היה עם כדור בקנה (מוכן לשימוש), בתיק 2 מופרד מתחמושת. דפוס ההסלקה דומה, אך יש הבדל במוכנות לשימוש.

4. **נסיבות הליבה**  
בשני המקרים מדובר בתת-מקלע מוסלק, אך בתיק 1 יש גם תחמושת מוכנה (כדור בקנה) וירי באזור מגורים – נסיבה מחמירה. בתיק 2 יש גם סם בכמות קטנה (נסיבה מקלה יחסית). בתיק 1 הנשק הוסתר גם ברכב וגם באדמה, בתיק 2 – בבית ובתיק גב. בשני המקרים אין שימוש בפועל בנשק, אך בתיק 1 הייתה עבירת ירי.

5. **ישימות כתקדים**  
שני התיקים דומים מאוד בעבירת הליבה (נשיאת תת-מקלע מוסלק, תכנון, הסלקה), אך נסיבות מחמירות בתיק 1 (ירי באזור מגורים, מוכנות גבוהה) לעומת נסיבות מקלות בתיק 2 (החזקת סם לצריכה עצמית, נשק מופרד מתחמושת). בית המשפט יראה בתיקים אלה תקדימים רלוונטיים זה לזה, אך יבחין בין רמות החומרה בנסיבות.

SIMILARITY_SCORE: 70","ok",""
"SH-11-05-24791-315","ME-16-10-9348-780",1,0,0,"{""מיקום החזקת הנשק"": ""כפר עין-נקובא"", ""סוג האקדח"": ""FN"", ""סוג המחסניות"": ""תואמות לאקדח FN"", ""זמן החזקת הנשק"": ""19/07/09 בשעה 21:00"", ""מספר עבירה"": ""144 א"", ""סוג עבירה"": ""החזקה נשק"", ""סוג הנשק [אקדח]"": 1.0, ""סטטוס הנשק"": ""נשק מופרד מתחמושת"", ""תכנון"": ""לא"", ""אופן החזקת הנשק"": ""בבית"", ""אופן קבלת הנשק"": ""מאחר"", ""כמות תחמושת"": ""2 מחסניות"", ""שימוש"": ""לא""}","{""סוג תחמושת"": ""כדורי צייד קליבר 12 מ\""מ"", ""מקום החזקת התחמושת"": ""מחסן הבית"", ""סכום כסף נגנב"": ""3500 ₪"", ""סכום שיק נגנב"": ""500 ₪"", ""מקום העצירה"": ""קריית גת"", ""מעורבים נוספים"": ""מוחמד יונס, הקטין פ. י."", ""מקום מגורי הקטין"": ""ערערה"", ""מספר עבירה"": ""144 ב"", ""סוג עבירה"": ""נשיאת נשק"", ""סוג הנשק [רובה צייד]"": 1.0, ""סטטוס הנשק"": ""נשק מופרד מתחמושת"", ""תכנון"": ""לא"", ""אופן החזקת הנשק"": ""בבית, ברכב"", ""כמות תחמושת"": ""75 כדורים"", ""שימוש"": ""לא""}",45.0,"1. **סוג העבירה וחומרתה**  
תיק 1 עוסק ב""החזקה"" של אקדח (עבירה לפי סעיף 144(א)), ותיק 2 ב""נשיאה"" של רובה צייד ותחמושת (עבירה לפי סעיף 144(ב)). אמנם שתיהן עבירות נשק, אך ""נשיאה"" לרוב חמורה יותר מ""החזקה"", ובנוסף יש הבדל בין אקדח לרובה צייד.

2. **תפקיד הנאשם ומעורבותו**  
בשני התיקים הנאשמים מחזיקים בנשק ללא שימוש, ללא תכנון, ובאופן סטטי (בבית/מחסן/רכב). אין יוזמה פלילית פעילה מעבר לעצם ההחזקה/נשיאה.

3. **שיטת הביצוע (MO)**  
בשני המקרים מדובר בהחזקה פאסיבית של נשק ותחמושת, כאשר הנשק מופרד מהתחמושת, ללא שימוש או תכנון לשימוש. עם זאת, בתיק 2 יש גם החזקה ברכב, מה שמרמז על פוטנציאל ניידות.

4. **נסיבות הליבה**  
בתיק 1 מדובר באקדח FN עם 2 מחסניות, בתיק 2 ברובה צייד עם 75 כדורים. בתיק 2 יש גם רכיב של גניבה (כסף ושיק), אך לא ברור אם הוא בליבת עבירת הנשק. בשני המקרים אין שימוש, אין תכנון, והנשק לא היה טעון.

5. **ישימות כתקדים**  
שני התיקים דומים במאפייני ההחזקה הפסיבית, אך נבדלים בסוג הנשק, בכמות התחמושת, ובחומרת העבירה (נשיאה לעומת החזקה). בית המשפט עשוי לראות דמיון מסוים, אך לא יראה בהם תקדימים זה לזה בענישה באופן מלא, בשל ההבדלים המהותיים.

SIMILARITY_SCORE: 45","ok",""
"ME-15-12-39071-113","ME-10-08-17917-313",3,1,1,"{""מותג הרכב"": ""מזדה 3"", ""מספר רישוי"": ""71-098-16"", ""מיקום האירוע"": ""כביש מספר 1, בסמוך למחלף הראל"", ""זמן האירוע"": ""22:30"", ""תאריך האירוע"": ""12.10.13"", ""מיקום הנשק ברכב"": ""מתחת לשטיח שמתחת למושב הסמוך לנהג"", ""סוג הנשק"": ""אקדח חצי אוטומטי מסוג סטאר"", ""מספר עבירה"": ""144 א"", ""סוג עבירה"": ""החזקה נשק"", ""סוג הנשק [אקדח]"": 1.0, ""סטטוס הנשק"": ""תקין"", ""תכנון"": ""לא"", ""אופן החזקת הנשק"": ""ברכב, מוסלק - מוסתר"", ""מטרה-סיבת העבירה"": ""הגנה עצמית"", ""שימוש"": ""לא""}","{""קוטר תחמושת"": ""6.35 מ\""מ"", ""מקום החזקת הנשק"": ""מחסן בית הנאשם"", ""תאריכים נוספים של החזקת הנשק"": ""23.7.10 עד 24.7.10"", ""פרטי נסיעה עם הנשק"": ""נסע לעתלית עם בני משפחתו"", ""כמות סם"": ""15.05 גרם"", ""סוג סם"": ""קנבוס"", ""מחיר תמורת סם"": ""150 ₪"", ""מקום תפיסת הסם"": ""בבית הנאשם"", ""תקופות נוספות של החזקת סם"": ""קדם למועד התפיסה"", ""מספר עבירה"": ""144 א"", ""סוג עבירה"": ""החזקה נשק"", ""עבירות נוספות"": ""הנאשם הורשע בנוסף לעבירות נשק גם בעבירה של החזקת סם מסוכן לצריכה עצמית."", ""סוג הנשק [אקדח]"": 1.0, ""סוג הנשק - אם לא נמצא בטבלה"": ""אקדח עט"", ""סטטוס הנשק"": ""נשק מופרד מתחמושת"", ""תכנון"": ""לא"", ""אופן החזקת הנשק"": ""בבית, מוסלק - מוסתר"", ""אופן קבלת הנשק"": ""מאחר"", ""כמות תחמושת"": ""3 כדורים"", ""מטרה-סיבת העבירה"": ""הגנה עצמית"", ""שימוש"": ""לא""}",75.0,"1. **סוג העבירה וחומרתה**  
בשני התיקים מדובר בעבירה של החזקת נשק (סעיף 144(א) לחוק העונשין), ללא שימוש בנשק, וללא תכנון מוקדם. בשני המקרים מדובר באקדח, כאשר בתיק 2 יש גם עבירת סמים נלווית (לצריכה עצמית, שהיא עבירה פחותה יחסית). רמת החומרה דומה, אך בתיק 2 יש נסיבה מחמירה קלה (עבירה נלווית).

2. **תפקיד הנאשם ומעורבותו**  
בשני המקרים הנאשם הוא המחזיק הישיר של הנשק, לא שליח או צד שלישי. המעורבות היא פסיבית יחסית – החזקה בלבד, ללא שימוש או סחר.

3. **שיטת הביצוע (MO)**  
בשני המקרים הנשק מוסלק ומוסתר (ברכב/בבית), לא נישא על הגוף ולא בשימוש. בתיק 1 ההסלקה ברכב, בתיק 2 בבית. בתיק 2 הנשק מופרד מהתחמושת, מה שמקל מעט את חומרת ההחזקה.

4. **נסיבות הליבה**  
בשני המקרים אין שימוש בנשק, אין תכנון, והמניע הוא ""הגנה עצמית"". בתיק 2 יש גם החזקת סם בכמות קטנה (לצריכה עצמית), וכן החזקת תחמושת (3 כדורים) בנפרד מהנשק. בתיק 1 הנשק תקין ומוסלק ברכב, בתיק 2 – אקדח עט, מוסלק בבית, לא ברור אם תקין.

5. **ישימות כתקדים**  
בית המשפט יראה את שני התיקים כרלוונטיים זה לזה לצורכי ענישה בעבירת החזקת נשק, במיוחד לאור הדמיון במניע, בהיעדר שימוש, ובאופי ההחזקה (מוסלק, לא נישא). עם זאת, עבירת הסמים בתיק 2 וההבדל במיקום ההחזקה (רכב מול בית) עשויים להשפיע על הענישה, אך לא שוללים רלוונטיות תקדימית.

SIMILARITY_SCORE: 75","ok",""
"ME-22-03-52964-443","SH-17-08-47445-166",1,0,0,"{""מיקום האירוע"": ""מפעל מזון בדיר אל אסד"", ""זמן האירוע"": ""9.3.22 בשעה 12:10"", ""סוג הנשק"": ""אקדח חצי אוטומטי D.D.G מודל 19 קליבר 9 מ\""מ פרבלום"", ""תיאור התפיסה"": ""הנאשם ניסה להשליך את הנשק והתחמושת לתוך ארגז עופות אך נתפס על ידי השוטרים"", ""מספר עבירה"": ""144 א, 144 ב"", ""סוג עבירה"": ""החזקה נשק, נשיאת נשק, הובלת נשק"", ""עבירות נוספות"": ""הנאשם הורשע בנוסף לעבירות נשק גם בעבירת הפרעה לשוטר במילוי תפקידו לפי סעיף 275 לחוק העונשין. לא צוינו עבירות נוספות שאינן עבירות נשק או הפרעה לשוטר."", ""סוג הנשק [אקדח]"": 1.0, ""סטטוס הנשק"": ""נשק עם מחסנית בהכנס"", ""תכנון"": ""כן"", ""אופן החזקת הנשק"": ""על גופו, מוסלק - מוסתר"", ""כמות תחמושת"": ""מחסנית ובה 16 כדורים, מחסנית נוספת ובה 16 כדורים"", ""מטרה-סיבת העבירה"": ""הגנה עצמית"", ""שימוש"": ""לא""}","{""תאריך המעצר"": ""09.08.2018"", ""מיקום החזקת הנשק"": ""כסיפה"", ""סוג הנשק [חפץ דמוי תת מקלע]"": 1.0, ""סוג האקדח"": ""FN"", ""אופן הפזורה"": ""סביב הישוב"", ""מספר עבירה"": ""144 א"", ""סוג עבירה"": ""החזקה נשק"", ""סוג הנשק [אקדח]"": 1.0, ""סוג הנשק - אם לא נמצא בטבלה"": ""חפץ דמוי תת מקלע מאולתר"", ""סטטוס הנשק"": ""תקין"", ""תכנון"": ""לא"", ""אופן החזקת הנשק"": ""בבית"", ""שימוש"": ""לא""}",40.0,"1. **סוג העבירה וחומרתה** — בשני התיקים מדובר בעבירת החזקת נשק (סעיף 144 א), אך בתיק 1 יש גם נשיאת והובלת נשק, וכן עבירת הפרעה לשוטר, מה שמעלה את רמת החומרה לעומת תיק 2 שבו מדובר רק בהחזקה. בנוסף, בתיק 1 מדובר בנשק תקני (אקדח חצי אוטומטי), בעוד שבתיק 2 יש גם חפץ דמוי תת-מקלע מאולתר, מה שעשוי להשפיע על חומרת העבירה, אך לרוב החזקת נשק תקני תיחשב חמורה יותר.

2. **תפקיד הנאשם ומעורבותו** — בתיק 1 הנאשם נתפס עם הנשק על גופו, ניסה להסתירו, והיה מעורב באופן פעיל (כולל ניסיון להשליך את הנשק והפרעה לשוטר). בתיק 2 מדובר בהחזקה פסיבית יחסית – הנשק נמצא בבית, ללא אינדיקציה למעורבות פעילה או ניסיון להסתיר/להשתמש.

3. **שיטת הביצוע (MO)** — בתיק 1 יש הסלקה אקטיבית של הנשק על הגוף וניסיון להשליך אותו בעת מעצר, מה שמעיד על מודוס אופרנדי מתוחכם יותר. בתיק 2 מדובר בהחזקה בבית, ללא ניסיון להסתיר או להבריח.

4. **נסיבות הליבה** — בתיק 1: נשק תקני, מחסניות עם 32 כדורים, הסלקה, תכנון, מטרה של ""הגנה עצמית"", ללא שימוש בפועל. בתיק 2: נשק תקין (אך גם חפץ דמוי תת-מקלע מאולתר), ללא תחמושת או שימוש, ללא תכנון, החזקה בלבד. בתיק 1 יש נסיבות מחמירות (הסלקה, תכנון, כמות תחמושת, ניסיון להשליך, הפרעה לשוטר), בתיק 2 נסיבות מקלות יחסית.

5. **ישימות כתקדים** — שני התיקים עוסקים בהחזקת נשק, אך בשל ההבדלים המהותיים ברמת המעורבות, הנסיבות המחמירות בתיק 1, וריבוי העבירות בו, בית המשפט יראה את תיק 1 כחמור בהרבה. תיק 2 יוכל להוות תקדים עקרוני בנוגע לעצם החזקת נשק, אך לא לעניין הענישה או חומרת הנסיבות.

SIMILARITY_SCORE: 40","ok",""
"ME-15-12-39071-113","SH-11-12-35552-181",3,1,1,"{""מותג הרכב"": ""מזדה 3"", ""מספר רישוי"": ""71-098-16"", ""מיקום האירוע"": ""כביש מספר 1, בסמוך למחלף הראל"", ""זמן האירוע"": ""22:30"", ""תאריך האירוע"": ""12.10.13"", ""מיקום הנשק ברכב"": ""מתחת לשטיח שמתחת למושב הסמוך לנהג"", ""סוג הנשק"": ""אקדח חצי אוטומטי מסוג סטאר"", ""מספר עבירה"": ""144 א"", ""סוג עבירה"": ""החזקה נשק"", ""סוג הנשק [אקדח]"": 1.0, ""סטטוס הנשק"": ""תקין"", ""תכנון"": ""לא"", ""אופן החזקת הנשק"": ""ברכב, מוסלק - מוסתר"", ""מטרה-סיבת העבירה"": ""הגנה עצמית"", ""שימוש"": ""לא""}","{""מיקום החזקת הנשק"": ""בארון הבגדים בחדר השינה"", ""אופן אריזת הנשק"": ""עטוף בגרב"", ""מיקום הבית"": ""עיר לוד"", ""תאריך העבירה"": ""14/12/11"", ""מספר עבירה"": ""144 א"", ""סוג עבירה"": ""החזקה נשק"", ""סוג הנשק [אקדח]"": 1.0, ""סטטוס הנשק"": ""תקין"", ""תכנון"": ""כן"", ""אופן החזקת הנשק"": ""בבית, מוסלק - מוסתר"", ""אופן קבלת הנשק"": ""רכש"", ""שימוש"": ""לא""}",75.0,"1. **סוג העבירה וחומרתה**  
בשני התיקים מדובר בעבירה זהה: החזקת נשק (סעיף 144(א) לחוק העונשין), ובשני המקרים מדובר באקדח תקין. רמת החומרה דומה.

2. **תפקיד הנאשם ומעורבותו**  
בשני המקרים הנאשם הוא המחזיק בלבד, ללא אינדיקציה למעורבות כיזם, סוחר או מתווך. אין שימוש בנשק, ואין אינדיקציה למעורבות פלילית נוספת.

3. **שיטת הביצוע (MO)**  
בשני המקרים הנשק מוסלק ומוסתר (ברכב מתחת לשטיח, בבית בארון ועטוף בגרב). ההסלקה דומה, אך יש הבדל בין החזקת נשק ברכב לבין החזקתו בבית.

4. **נסיבות הליבה**  
בשני המקרים לא נעשה שימוש בנשק, הכמות זהה (אקדח אחד), בשני המקרים הנשק תקין. בתיק 2 יש אינדיקציה לתכנון ורכישה יזומה, בעוד שבתיק 1 אין תכנון (החזקה לצורך הגנה עצמית). ההבדל בתכנון עשוי להיחשב נסיבה מחמירה בתיק 2.

5. **ישימות כתקדים**  
שני התיקים דומים מאוד בעבירה, בנסיבות הליבה ובשיטת ההסלקה, אך יש הבדל מסוים במידת התכנון ובמיקום ההחזקה (רכב מול בית). בית המשפט יראה בתיקים אלה תקדימים רלוונטיים זה לזה, אך יבחין בין נסיבות התכנון.

SIMILARITY_SCORE: 75","ok",""
"ME-16-11-69158-529","ME-16-10-12213-904",1,0,0,"{""מיקום האירוע"": ""טייבה"", ""תאריך האירוע"": ""23.11.16"", ""סוג התחמושת"": ""9 מ\""מ"", ""מיקום החבייה"": ""מתחת למושב הנהג ומושב סמוך"", ""סוג האירוע"": ""אירוע משפחתי"", ""מיקום טמינת הנשק"": ""באדמה סמוך לבית הנאשם"", ""סוג הנשק המדויק"": ""קרל גוסטב"", ""מספר עבירה"": ""144 ב"", ""סוג עבירה"": ""נשיאת נשק"", ""עבירות נוספות"": ""הנאשם הורשע בנוסף לעבירות נשק (סעיף 144) גם בעבירה של ירי באזור מגורים לפי סעיף 340א לחוק העונשין."", ""סוג הנשק [תת מקלע]"": 1.0, ""סטטוס הנשק"": ""נשק עם כדור בקנה"", ""תכנון"": ""כן"", ""אופן החזקת הנשק"": ""בבית, ברכב, מוסלק - מוסתר"", ""שימוש"": ""לא""}","{""סוג הרכב"": ""סובארו"", ""בעלות על הרכב"": ""רשום על שם אחיו, מג'ד"", ""מיקום החזקת הנשק"": ""מתחת לכיסא הנוסע שליד הנהג"", ""מיקום המחסנית"": ""מתחת לכיסא הנוסע שליד הנהג"", ""מיקום הכדור"": ""במכנסי הנאשם"", ""סוג התחמושת"": ""כדור 9 מ\""מ"", ""מיקום החזקת הנשק בעת המעצר"": ""במוסך"", ""מיקום המחסנית בעת המעצר"": ""במוסך"", ""מיקום הכדור בעת המעצר"": ""במכנסי הנאשם"", ""מספר עבירה"": ""144 ב"", ""סוג עבירה"": ""נשיאת נשק"", ""סוג הנשק [תת מקלע מאולתר]"": 1.0, ""סטטוס הנשק"": ""נשק מופרד מתחמושת"", ""תכנון"": ""כן"", ""אופן החזקת הנשק"": ""ברכב, מוסלק - מוסתר"", ""כמות תחמושת"": ""מחסנית ריקה ובה 0 כדורים, 1 כדור"", ""שימוש"": ""לא""}",70.0,"1. **סוג העבירה וחומרתה**  
בשני התיקים מדובר בעבירה של נשיאת נשק לפי סעיף 144(ב) לחוק העונשין, שניהם כוללים תת-מקלע (נשק חם), ובשניהם לא בוצע שימוש בפועל. עם זאת, בתיק 1 יש גם הרשעה בעבירה חמורה נוספת – ירי באזור מגורים (סעיף 340א), שמעלה את רמת החומרה.

2. **תפקיד הנאשם ומעורבותו**  
בשני המקרים הנאשם הוא המחזיק והנושא של הנשק, עם מעורבות פעילה (הסלקה, החזקה פיזית). אין אינדיקציה למעורבות של שליח או מחזיק פסיבי – בשני המקרים מדובר במעורבות ישירה.

3. **שיטת הביצוע (MO)**  
בשני התיקים הנשק הוסלק ברכב, מתחת למושב, ובשני המקרים הייתה תחמושת (אם כי בתיק 2 הנשק והתחמושת היו מופרדים). בשני המקרים יש הסלקה ומודעות מלאה.

4. **נסיבות הליבה**  
בתיק 1: נשק עם כדור בקנה, מוסלק גם בבית וגם ברכב, אירוע משפחתי, תכנון, עבירת ירי נוספת. בתיק 2: נשק מופרד מתחמושת, מחסנית ריקה, כדור אחד בלבד, לא בוצע שימוש, תכנון. בתיק 1 יש נסיבה מחמירה – עבירת ירי בפועל, ובתיק 2 אין ירי כלל. בתיק 1 גם הכמות והפוטנציאל לשימוש גבוהים יותר (נשק עם כדור בקנה).

5. **ישימות כתקדים**  
בית המשפט יראה את שני התיקים כרלוונטיים זה לזה לצורכי ענישה, בעיקר בשל הדמיון בסוג העבירה, סוג הנשק, שיטת ההסלקה והמעורבות. עם זאת, חומרת תיק 1 גבוהה יותר בשל עבירת הירי בפועל, ולכן הוא ישמש תקדים מחמיר לתיק 2, אך לא להיפך.

SIMILARITY_SCORE: 70","ok",""
"ME-16-03-59260-279","ME-16-08-54879-35",2,0,1,"{""מיקום החזקת הנשק"": ""מחסן חנות דגים"", ""כתובת החנות"": ""רחוב נווה שאנן 37, תל-אביב"", ""סוג האקדח"": ""גלוק"", ""צבע האקדח"": ""שחור"", ""מספר רישום האקדח"": ""F.V.458"", ""סוג התחמושת"": ""כדורי קליבר 9 מ\""מ"", ""מיקום הירי"": ""רחוב התחייה 19, תל אביב-יפו"", ""סוג הרכב"": ""מרצדס"", ""מיקום נוסף שהוזכר"": ""רחוב המנוע 2, תל אביב-יפו"", ""מספר עבירה"": ""144 א, 144 ב"", ""סוג עבירה"": ""החזקה נשק, נשיאת נשק"", ""סוג הנשק [אקדח]"": 1.0, ""סטטוס הנשק"": ""נשק עם מחסנית בהכנס"", ""תכנון"": ""כן"", ""אופן החזקת הנשק"": ""ברכב, על גופו, מוסלק - מוסתר"", ""כמות תחמושת"": ""מחסנית ובה 14 כדורים"", ""שימוש"": ""לא""}","{""כתובת האירוע"": ""רחוב ברזילי 12, חיפה"", ""תאריך האירוע"": ""17.8.16"", ""שעת האירוע"": ""סמוך לשעה 11:00"", ""מקום מגורי הנאשם"": ""רחוב ברזילי 12, חיפה"", ""קוטר הנשק"": ""9 מ\""מ"", ""כוח הכדור"": ""בכוחו להמית אדם"", ""מספר עבירה"": ""144 ב"", ""סוג עבירה"": ""נשיאת נשק, הובלת נשק"", ""סוג הנשק [תת מקלע מאולתר]"": 1.0, ""סטטוס הנשק"": ""נשק מופרד מתחמושת"", ""תכנון"": ""לא"", ""כמות תחמושת"": ""מחסנית ובה 7 כדורים"", ""שימוש"": ""לא""}",40.0,"1. **סוג העבירה וחומרתה**  
שני התיקים עוסקים בעבירות נשק (החזקה/נשיאה/הובלה) לפי סעיף 144 לחוק העונשין, אך בתיק 1 יש גם החזקה וגם נשיאה, בעוד בתיק 2 רק נשיאה והובלה. שניהם ברף חומרה דומה, אך בתיק 1 יש גם החזקה מוסלקת במספר מקומות, מה שמעלה את החומרה.

2. **תפקיד הנאשם ומעורבותו**  
בתיק 1 הנאשם פעל באופן מתוכנן, החזיק ונשא את הנשק במקומות שונים, כולל הסלקה; מעורבותו פעילה מאוד. בתיק 2 אין תכנון, הנשק נמצא בביתו של הנאשם, ללא אינדיקציה לפעילות עבריינית נוספת — מעורבות פחותה ופסיבית יותר.

3. **שיטת הביצוע (MO)**  
בתיק 1: הסלקה, החזקה ברכב, על הגוף, במקומות שונים, תכנון מוקדם. בתיק 2: החזקה בבית, ללא תכנון, ללא הסלקה מיוחדת. דפוסי פעולה שונים מהותית.

4. **נסיבות הליבה**  
בתיק 1: אקדח תקני, מחסנית עם 14 כדורים, תכנון, הסלקה, נשק מוכן לשימוש. בתיק 2: תת-מקלע מאולתר, מחסנית עם 7 כדורים, הנשק מופרד מהתחמושת, ללא תכנון. בתיק 1 הנסיבות מחמירות יותר (נשק תקני, מוכן, תכנון, כמות תחמושת כפולה).

5. **ישימות כתקדים**  
שני התיקים עוסקים בעבירות נשק, אך ההבדלים המהותיים בתכנון, סוג הנשק, אופן ההחזקה והנסיבות יגרמו לבית המשפט לראות בתיק 1 תיק חמור בהרבה. תיק 1 עשוי לשמש תקדים מחמיר לתיק 2, אך לא להפך, והדמיון המהותי מוגבל.

SIMILARITY_SCORE: 40","ok",""
"SH-18-07-52337-770","SH-16-11-7544-55",3,1,1,"{""תאריך המעצר"": ""15.07.18"", ""מיקום המעצר"": ""רהט"", ""מיקום החזקת הנשק"": ""חדר השינה"", ""משך זמן החזקת הנשק לפני המעצר"": ""עשרה ימים"", ""זהות המחזיק המקורי"": ""לא ידועה"", ""מספר עבירה"": ""144 א"", ""סוג עבירה"": ""החזקה נשק"", ""סוג הנשק [תת מקלע מאולתר]"": 1.0, ""סטטוס הנשק"": ""תקין"", ""תכנון"": ""לא"", ""אופן החזקת הנשק"": ""בבית, מוסלק - מוסתר"", ""שימוש"": ""לא""}","{""מיקום האירוע"": ""מחלף להב-שומריה, כביש 6 לכוון צפון"", ""תאריך האירוע"": ""26.10.16"", ""שם השוטר"": ""מיכאל אדרי"", ""קוטר הקליעים"": ""9 מ\""מ"", ""מספר עבירה"": ""144 א"", ""סוג עבירה"": ""החזקה נשק"", ""סוג הנשק [תת מקלע מאולתר]"": 1.0, ""סטטוס הנשק"": ""נשק מופרד מתחמושת"", ""תכנון"": ""לא"", ""אופן החזקת הנשק"": ""על גופו, מוסלק - מוסתר"", ""כמות תחמושת"": ""מחסנית ובה 10 כדורים"", ""שימוש"": ""לא""}",80.0,"1. **סוג העבירה וחומרתה**  
בשני התיקים מדובר בעבירה זהה – החזקת נשק (סעיף 144(א) לחוק העונשין), ובשני המקרים מדובר בתת-מקלע מאולתר, שהוא נשק חם וחמור יחסית. רמת החומרה דומה מאוד.

2. **תפקיד הנאשם ומעורבותו**  
בשני המקרים הנאשם הוא המחזיק הישיר של הנשק, ללא אינדיקציה למעורבות כיזם, סוחר או שליח. המעורבות היא של מחזיק בלבד, ללא שימוש או תכנון.

3. **שיטת הביצוע (MO)**  
בשני המקרים הנשק הוסלק – בתיק 1 בבית (חדר שינה), בתיק 2 על גוף הנאשם. ההסלקה דומה, אך יש הבדל בין הסתרה בבית לבין הסתרה על הגוף, מה שעשוי להשליך על נסיבות הענישה (ניידות הנשק).

4. **נסיבות הליבה**  
בתיק 1 לא הייתה תחמושת, בתיק 2 נמצאה מחסנית עם 10 כדורים (אם כי הנשק היה מופרד מהתחמושת). בשני המקרים לא היה שימוש בנשק ולא היה תכנון. משך ההחזקה בתיק 1 היה עשרה ימים, בתיק 2 לא מצוין. ההבדל המרכזי: בתיק 2 יש תחמושת זמינה, מה שמחמיר מעט את הנסיבות.

5. **ישימות כתקדים**  
שני התיקים דומים מאוד בעבירה, בסוג הנשק, ובנסיבות הכלליות. ההבדלים (מיקום ההחזקה, קיומה של תחמושת) אינם מהותיים עד כדי שלילת רלוונטיות תקדימית, אך עשויים להשפיע על מתחם הענישה.

SIMILARITY_SCORE: 80","ok",""
"ME-16-06-42987-901","ME-12-03-13401-281",1,0,0,"{""שנת לידה"": ""1997"", ""מקום האירוע"": ""שכונת גילה, ירושלים"", ""סוג הרימון"": ""רימון הלם"", ""מטרת השימוש בנשק"": ""הטלת אימה"", ""מקום השימוש בנשק"": ""חצר בית משפחה"", ""תוצאת השימוש בנשק"": ""הרימון התפוצץ"", ""שותפים לאירוע"": ""אמיר סלמה"", ""סוג הנשק הנוסף"": ""רימון גז"", ""כמות הרימונים הנוספים"": ""שני רימוני הלם"", ""סוג הסם בתיק הסמים"": ""חשיש"", ""כמות הסם"": ""גרמים בודדים"", ""תקופת המכירות"": ""מאי ויוני 2016"", ""מחיר הסם"": ""בין 100 ל-400 שקלים"", ""סוג הפריט המוגנב"": ""אופניים חשמליים"", ""שווי הפריט המוגנב"": ""3,000 שקלים"", ""תאריך הגניבה"": ""17.5.16"", ""מספר עבירה"": ""144 ב"", ""סוג עבירה"": ""נשיאת נשק"", ""עבירות נוספות"": ""הנאשם הורשע בנוסף לעבירות נשק (סעיף 144) גם בעבירות נוספות: איומים (סעיף 192), ניסיון לחבלה מחמירה (סעיף 329(א)(2)), ניסיון תקיפה בנסיבות מחמירות (סעיפים 382(א)+25), חמש עבירות של סחר בסמים (סעיפים 13+19א' לפקודת הסמים המסוכנים), החזקת סם שלא לשימוש עצמי (סעיפים 7(א)+7(ג) לפקודת הסמים המסוכנים), ועבירת גניבה (סעיף 384)."", ""סוג הנשק [רימון הלם/גז]"": 1.0, ""סוג הנשק - אם לא נמצא בטבלה"": ""כלי נשק מאולתר שבו כדור בקליבר 9 מ\""מ"", ""סטטוס הנשק"": ""תקול"", ""תכנון"": ""לא"", ""אופן החזקת הנשק"": ""על גופו"", ""שימוש"": ""לא""}","{""סוג האקדח"": ""CZ קליבר 9 מ\""מ"", ""מקור הנשק"": ""נגנב"", ""תאריך גניבת הנשק"": ""3.2.12"", ""מיקום הגניבה"": ""ביישוב ציפורי"", ""מיקום הירי"": ""רחוב שיבת ציון בחיפה"", ""זמן הירי"": ""סמוך לשעה 00:38"", ""זמן המעצר"": ""סמוך לשעה 1:50"", ""מצב הנשק בעת המעצר"": ""טעון עם כדור בקנה ופטיש האקדח משוך לאחור"", ""מספר כדורים שנורו"": ""11"", ""מספר עבירה"": ""144 א, 144 ב"", ""סוג עבירה"": ""החזקה נשק, נשיאת נשק, הובלת נשק"", ""עבירות נוספות"": ""הנאשם הורשע גם בעבירה של ירי באזור מגורים לפי סעיף 340א לחוק העונשין, שהיא עבירה שאינה לפי סעיף 144."", ""סוג הנשק [אקדח]"": 1.0, ""סטטוס הנשק"": ""נשק עם כדור בקנה"", ""תכנון"": ""לא"", ""אופן החזקת הנשק"": ""ברכב"", ""כמות תחמושת"": ""2 מחסניות ובהן כדורים, 11 כדורים"", ""שימוש"": ""לא""}",55.0,"1. **סוג העבירה וחומרתה**  
שני התיקים עוסקים בעבירות נשק (נשיאת/החזקת נשק), אך בתיק 1 מדובר גם בשימוש בפועל ברימון הלם (שהתפוצץ) ובניסיון לחבלה מחמירה, לצד עבירות סמים וגניבה; בתיק 2 מדובר בהחזקה, נשיאה והובלה של אקדח, עם ירי בפועל באזור מגורים. בשני המקרים יש עבירות חמורות, אך בתיק 1 יש ריבוי עבירות נוספות, ובתיק 2 הירי בוצע באקדח ולא ברימון. רמת החומרה דומה, אך לא זהה.

2. **תפקיד הנאשם ומעורבותו**  
בשני התיקים הנאשמים מעורבים ישירות: בתיק 1 הנאשם יוזם ומשתמש ברימון הלם להטלת אימה, ובתיק 2 הנאשם מחזיק, נושא ויורה באקדח. בשני המקרים מדובר במעורבות פעילה, לא פסיבית.

3. **שיטת הביצוע (MO)**  
בתיק 1 נעשה שימוש ברימוני הלם/גז, השלכת רימון לחצר בית; בתיק 2 מדובר בירי מאקדח ברחוב. דפוסי הביצוע שונים: סוגי נשק שונים, אופן השימוש שונה (השלכה לעומת ירי), אך בשניהם שימוש בנשק חם באזורים מיושבים.

4. **נסיבות הליבה**  
בתיק 1: שימוש ברימון הלם, הטלת אימה, שותף, עבירות סמים וגניבה, ללא תכנון מוקדם. בתיק 2: ירי של 11 כדורים מאקדח גנוב, ללא תכנון, החזקת תחמושת רבה. בשני המקרים אין תכנון מוקדם, אך בתיק 1 יש ריבוי עבירות ונסיבות מחמירות (ניסיון לחבלה מחמירה), בתיק 2 הירי בוצע באזור מגורים.

5. **ישימות כתקדים**  
שני התיקים רלוונטיים זה לזה במובן של ענישה בעבירות נשק חמורות, אך ההבדלים בסוג הנשק, דפוסי השימוש וריבוי העבירות בתיק 1 מגבילים את הרלוונטיות. בית המשפט עשוי להסתמך על תיק אחד לצורך השוואה עקרונית, אך לא כתקדים ישיר.

SIMILARITY_SCORE: 55","ok",""
"SH-20-02-52091-995","SH-16-11-7544-55",3,1,1,"{""מיקום החזקת הנשק"": ""ארון במטבח"", ""מיקום הבית"": ""שבט אלאעצם"", ""תאריך החזקת הנשק"": ""מיום 14.02.20"", ""תאריך התגלית"": ""16.02.20"", ""שעת התגלית"": ""סמוך לשעה 15:00"", ""סוג הפעילות המשטרתית"": ""חיפוש יזום"", ""מיקום התגלית"": ""בית הנאשם"", ""מספר עבירה"": ""144 א"", ""סוג עבירה"": ""החזקה נשק"", ""סוג הנשק [תת מקלע מאולתר]"": 1.0, ""סטטוס הנשק"": ""נשק מופרד מתחמושת"", ""תכנון"": ""לא"", ""אופן החזקת הנשק"": ""בבית, מוסלק - מוסתר"", ""כמות תחמושת"": ""20 כדורים"", ""שימוש"": ""לא""}","{""מיקום האירוע"": ""מחלף להב-שומריה, כביש 6 לכוון צפון"", ""תאריך האירוע"": ""26.10.16"", ""שם השוטר"": ""מיכאל אדרי"", ""קוטר הקליעים"": ""9 מ\""מ"", ""מספר עבירה"": ""144 א"", ""סוג עבירה"": ""החזקה נשק"", ""סוג הנשק [תת מקלע מאולתר]"": 1.0, ""סטטוס הנשק"": ""נשק מופרד מתחמושת"", ""תכנון"": ""לא"", ""אופן החזקת הנשק"": ""על גופו, מוסלק - מוסתר"", ""כמות תחמושת"": ""מחסנית ובה 10 כדורים"", ""שימוש"": ""לא""}",85.0,"1. **סוג העבירה וחומרתה**  
בשני התיקים מדובר בעבירה זהה – החזקת נשק (סעיף 144(א)), באותה רמת חומרה, עם נשק מאולתר ותחמושת.

2. **תפקיד הנאשם ומעורבותו**  
בשני המקרים הנאשם הוא המחזיק הישיר של הנשק, ללא אינדיקציה למעורבות רחבה יותר (כגון סחר או תיווך). המעורבות דומה – החזקה פיזית, אם כי בתיק 1 הנשק הוסתר בבית ובתיק 2 הוסתר על גוף הנאשם.

3. **שיטת הביצוע (MO)**  
בשני המקרים הנשק היה מוסלק ומופרד מתחמושת, ללא שימוש בפועל. ההבדל הוא במיקום ההסלקה (בית לעומת על הגוף), אך דפוס ההסלקה דומה.

4. **נסיבות הליבה**  
הנשק מאולתר, לא נעשה בו שימוש, לא היה תכנון מוקדם, והתחמושת בכמות קטנה (20 לעומת 10 כדורים). אין נסיבות מחמירות או מקלות מהותיות שמבדילות בין המקרים.

5. **ישימות כתקדים**  
בית המשפט יראה את שני התיקים כרלוונטיים זה לזה לצורכי ענישה, שכן מדובר באותה עבירה, באותו סוג נשק, בנסיבות דומות של החזקה מוסלקת וללא שימוש.

SIMILARITY_SCORE: 85","ok",""
"SH-14-02-28659-762","SH-16-05-42991-439",2,0,1,"{""מיקום החזקת הנשק"": ""עליית גג של המקלחת"", ""משך זמן החזקת הנשק"": ""כשנתיים"", ""תאריך תחילת החזקת הנשק"": ""11.2.12"", ""מיקום הבית"": ""עזריה"", ""מספר עבירה"": ""144 א"", ""סוג עבירה"": ""החזקה נשק"", ""סוג הנשק [תת מקלע מאולתר]"": 1.0, ""סטטוס הנשק"": ""נשק מופרד מתחמושת"", ""תכנון"": ""לא"", ""אופן החזקת הנשק"": ""בבית, מוסלק - מוסתר"", ""כמות תחמושת"": ""מחסנית וכדורים"", ""מטרה-סיבת העבירה"": ""הגנה עצמית"", ""שימוש"": ""לא""}","{""סוג האקדח"": ""בראונינג"", ""קליבר התחמושת"": ""9 מ\""מ"", ""התערבות צד שלישי"": ""נאשמת 2 ניסתה להעלים את הנשק"", ""מיקום האירוע"": ""בבית הנאשם"", ""תאריך האירוע"": ""15.5.16"", ""מספר עבירה"": ""144 א"", ""סוג עבירה"": ""החזקה נשק"", ""עבירות נוספות"": ""הנאשם הורשע בנוסף לעבירות נשק (סעיף 144(א)), גם בעבירה של שיבוש הליכי משפט לפי סעיף 244 לחוק העונשין."", ""סוג הנשק [אקדח]"": 1.0, ""סטטוס הנשק"": ""נשק עם מחסנית בהכנס"", ""תכנון"": ""כן"", ""אופן החזקת הנשק"": ""בבית, מוסלק - מוסתר"", ""כמות תחמושת"": ""מחסנית ובה 13 כדורים"", ""שימוש"": ""לא""}",65.0,"1. **סוג העבירה וחומרתה**  
בשני התיקים מדובר בעבירה של החזקת נשק לפי סעיף 144(א) לחוק העונשין, כאשר בשני המקרים מדובר בנשק חם (תת-מקלע מאולתר לעומת אקדח). רמת החומרה דומה, אך בתיק 2 יש גם הרשעה בעבירה נלווית של שיבוש הליכי משפט, שמחמירה את התיק.

2. **תפקיד הנאשם ומעורבותו**  
בשני המקרים הנאשם הוא המחזיק הישיר של הנשק בביתו, אך בתיק 2 יש גם מעורבות של צד שלישי (נאשמת 2 שניסתה להעלים את הנשק), מה שמרמז על מודעות גבוהה יותר והסתרה אקטיבית.

3. **שיטת הביצוע (MO)**  
בשני המקרים הנשק הוסלק והוסתר בבית, עם תחמושת זמינה. עם זאת, בתיק 2 הנשק היה מוכן יותר לשימוש (מחסנית בהכנס), ובוצע תכנון אקטיבי להסתרה.

4. **נסיבות הליבה**  
בתיק 1 מדובר בהחזקה ממושכת (כשנתיים), ללא תכנון, נשק מופרד מתחמושת, ומניע של ""הגנה עצמית"". בתיק 2 – החזקה מתוכננת, נשק מוכן לשימוש, ניסיון לשיבוש הליכים, וכמות תחמושת משמעותית. הנסיבות בתיק 2 מחמירות יותר.

5. **ישימות כתקדים**  
שני התיקים עוסקים באותו סוג עבירה, דפוס החזקה דומה (הסתרה בבית), אך חומרת הנסיבות בתיק 2 גבוהה יותר (תכנון, שיבוש, מוכנות לשימוש). תיק 1 יכול לשמש תקדים עקרוני לתיק 2, אך לא להיפך, ובית המשפט יבחין בין הנסיבות המחמירות בתיק 2.

SIMILARITY_SCORE: 65","ok",""
"ME-14-10-31218-522","ME-17-05-35227-215",1,0,0,"{""שנת לידה"": 1983, ""זמן האירוע"": ""02:45"", ""תאריך האירוע"": ""29/5/14"", ""מיקום האירוע"": ""דיר אל אסד"", ""סוג הרימון"": ""M7290"", ""צבע הרימון"": ""שחור"", ""מספר הרימון"": ""E386201"", ""פגיעה פוטנציאלית"": ""פגיעה גופנית"", ""מטרת הפעולה"": ""השלכת רימון למרפסת"", ""תוצאת הפעולה"": ""התפוצצות וקול נפץ עז"", ""מספר עבירה"": ""144 א"", ""סוג עבירה"": ""החזקה נשק"", ""סוג הנשק [רימון הלם/גז]"": 1.0, ""תכנון"": ""לא"", ""שימוש"": ""זריקת רימון""}","{""תאריך העבירה"": ""7 במאי 2017"", ""זמן העבירה"": ""צהריים"", ""סוג הרכב"": ""אופנוע"", ""דגם הרכב"": ""קואנג יאנג טיו"", ""מיקום הנשק ברכב"": ""תא מטען"", ""מספר עבירה"": ""144 ב"", ""סוג עבירה"": ""נשיאת נשק, הובלת נשק"", ""סוג הנשק [תת מקלע מאולתר]"": 1.0, ""סטטוס הנשק"": ""נשק עם מחסנית בהכנס"", ""תכנון"": ""כן"", ""אופן החזקת הנשק"": ""ברכב"", ""שימוש"": ""לא""}",30.0,"1. **סוג העבירה וחומרתה**  
שני התיקים עוסקים בעבירות נשק, אך יש הבדל מהותי: תיק 1 עוסק ב""החזקה"" ושימוש (השלכת רימון הלם), בעוד תיק 2 עוסק ב""נשיאה והובלה"" של תת-מקלע מאולתר. חומרת השימוש בפועל (תיק 1) לרוב גבוהה מהחזקה/הובלה בלבד (תיק 2), במיוחד כשיש פוטנציאל לפגיעה גופנית.

2. **תפקיד הנאשם ומעורבותו**  
בתיק 1 הנאשם פעל באופן אקטיבי ותקיף — זרק רימון הלם למרפסת, פעולה התקפית מובהקת. בתיק 2 הנאשם החזיק והוביל נשק מוסתר ברכב, ללא שימוש בפועל. מדובר במעורבות שונה: יוזמה התקפית לעומת החזקה/הובלה פסיבית יחסית.

3. **שיטת הביצוע (MO)**  
בתיק 1: שימוש מיידי וגלוי בנשק (השלכה). בתיק 2: הסתרה והובלה של נשק ברכב, ללא שימוש. דפוסי פעולה שונים — תקיפה לעומת הסתרה/העברה.

4. **נסיבות הליבה**  
תיק 1: רימון הלם, השלכה, פוטנציאל לפגיעה, ללא תכנון מוקדם.  
תיק 2: תת-מקלע מאולתר, תכנון מוקדם, הובלה מוסתרת, ללא שימוש בפועל.  
הבדלים מהותיים: סוג הנשק, אופן השימוש, תכנון, פוטנציאל נזק.

5. **ישימות כתקדים**  
למרות ששני התיקים בתחום עבירות הנשק, ההבדלים המהותיים במעורבות, בשימוש, ובנסיבות הליבה הופכים את הרלוונטיות המעשית של תיק אחד כתקדים לשני למוגבלת מאוד. בית המשפט יבחין בין שימוש התקפי בפועל לבין הובלה/החזקה בלבד.

SIMILARITY_SCORE: 30","ok",""
"SH-16-11-7544-55","SH-15-03-49530-992",3,1,1,"{""מיקום האירוע"": ""מחלף להב-שומריה, כביש 6 לכוון צפון"", ""תאריך האירוע"": ""26.10.16"", ""שם השוטר"": ""מיכאל אדרי"", ""קוטר הקליעים"": ""9 מ\""מ"", ""מספר עבירה"": ""144 א"", ""סוג עבירה"": ""החזקה נשק"", ""סוג הנשק [תת מקלע מאולתר]"": 1.0, ""סטטוס הנשק"": ""נשק מופרד מתחמושת"", ""תכנון"": ""לא"", ""אופן החזקת הנשק"": ""על גופו, מוסלק - מוסתר"", ""כמות תחמושת"": ""מחסנית ובה 10 כדורים"", ""שימוש"": ""לא""}","{""שנת לידה"": ""1992"", ""מיקום החזקת הנשק"": ""גג מחסן סמוך לבית בג'לג'וליה"", ""סוג הרובה"": ""קרל גוסטב"", ""קוטר כדורים במחסנית"": ""9 מ\""מ"", ""קוטר כדורים בתפזורת"": ""5.56 מ\""מ"", ""מספר עבירה"": ""144 א"", ""סוג עבירה"": ""החזקה נשק"", ""סוג הנשק [תת מקלע מאולתר]"": 1.0, ""סטטוס הנשק"": ""נשק עם מחסנית בהכנס"", ""תכנון"": ""לא"", ""אופן החזקת הנשק"": ""מוסלק - מוסתר"", ""כמות תחמושת"": ""מחסנית ובה כדורים, מחסנית טעונה בכדורים, כדורים"", ""שימוש"": ""לא""}",85.0,"1. **סוג העבירה וחומרתה** — בשני התיקים מדובר בעבירה זהה: החזקת נשק (סעיף 144א לחוק העונשין), באותו סוג נשק (תת-מקלע מאולתר), ללא שימוש בפועל. רמת החומרה דומה, אם כי בתיק 2 יש יותר תחמושת.
2. **תפקיד הנאשם ומעורבותו** — בשני המקרים מדובר בהחזקה בלבד, ללא אינדיקציה ליזמות, סחר או תיווך. המעורבות דומה – החזקה פיזית, לא יוזמה או הפעלה.
3. **שיטת הביצוע (MO)** — בשני המקרים הנשק הוסלק/הוסתר, לא נעשה בו שימוש, לא היה תכנון מוקדם. דפוס ההחזקה דומה מאוד.
4. **נסיבות הליבה** — בתיק 1 הנשק היה מופרד מהתחמושת, בתיק 2 הנשק היה עם מחסנית טעונה וגם כדורים בתפזורת, כלומר רמת הסיכון מעט גבוהה יותר בתיק 2. בשני המקרים לא היה שימוש, לא היה תכנון, לא היו נסיבות מחמירות אחרות.
5. **ישימות כתקדים** — שני התיקים דומים מאוד בפרמטרים המהותיים, פרט להבדל מסוים בכמות התחמושת ובסטטוס הנשק (טעון לעומת מופרד). בית המשפט יראה בתיקים אלה תקדימים רלוונטיים זה לזה, אך ייתכן שיבחין בין רמת הסיכון.

SIMILARITY_SCORE: 85","ok",""
"ME-16-11-13999-863","ME-21-10-18557-340",1,0,0,"{""סוג הרכב"": ""מאזדה"", ""שם הנהג"": ""זבידאת סלאמה"", ""מיקום האירוע"": ""סמוך לישוב ראמה"", ""זמן האירוע"": ""26.10.16 בשעה 20:00"", ""סוג האקדח"": ""STAR"", ""קליבר האקדח"": ""9 מ\""מ פאראבלום"", ""מיקום התקרית"": ""תחנת דלק סמוכה למחסום משטרתי"", ""פעולת הנאשם במעצר"": ""נסיעה לתוך תחנת דלק וניסיון להמשיך בנסיעה"", ""מספר עבירה"": ""144 א, 144 ב"", ""סוג עבירה"": ""החזקה נשק, נשיאת נשק, הובלת נשק"", ""סוג הנשק [אקדח]"": 1.0, ""סטטוס הנשק"": ""נשק עם מחסנית בהכנס"", ""תכנון"": ""לא"", ""אופן החזקת הנשק"": ""ברכב, על גופו"", ""כמות תחמושת"": ""מחסנית ובה כדורים, מחסנית נוספת ובה כדורים"", ""שימוש"": ""לא""}","{""סוג הרכב"": ""מאזדה בצבע כחול"", ""מיקום האירוע"": ""כפר אבו סנאן"", ""זמן האירוע"": ""16.9.2021, סמוך לשעה 19:00"", ""מעורבים נוספים"": ""ג'יהאד סואעד, מוחמד פעאור"", ""סוג המאזדה"": ""מאזדה לבנה"", ""מיקום ישיבת הנאשם ברכב"": ""מושב הנוסע"", ""מיקום ישיבת ג'יהאד ברכב"": ""מושב הנהג"", ""מיקום ישיבת א' במאזדה"": ""מושב הנוסע ליד הנהג"", ""מיקום ישיבת מוחמד פעאור במאזדה"": ""מושב הנהג"", ""כיוון ירי הנאשם"": ""כלפי מעלה"", ""מטרת ירי הנאשם"": ""הפחדה או הקנטה של א'"", ""סכסוך קיים"": ""בין הנאשם לא'"", ""מספר עבירה"": ""144 א, 144 ב"", ""סוג עבירה"": ""החזקה נשק, נשיאת נשק, הובלת נשק"", ""עבירות נוספות"": ""הנאשם הורשע בנוסף לעבירות נשק (סעיף 144(א) ו-144(ב) לחוק העונשין) גם בעבירה של ירי מנשק חם לפי סעיף 340א(ב)(1) ו-(2) לחוק העונשין, שהיא עבירה שאינה לפי סעיף 144 ולכן נחשבת לעבירה נוספת."", ""סוג הנשק [תת מקלע מאולתר]"": 1.0, ""סטטוס הנשק"": ""נשק עם כדור בקנה"", ""תכנון"": ""לא"", ""אופן החזקת הנשק"": ""בבית, ברכב"", ""כמות תחמושת"": ""מחסנית ולכל הפחות 2 כדורים"", ""מטרה-סיבת העבירה"": ""הפחדה/הקנטה"", ""שימוש"": ""לא""}",45.0,"1. **סוג העבירה וחומרתה**  
שני התיקים כוללים עבירות נשק דומות: החזקה, נשיאה והובלה (סעיפים 144 א, 144 ב לחוק העונשין). עם זאת, בתיק 2 יש גם עבירת ירי מנשק חם (סעיף 340א), שהיא עבירה חמורה יותר, במיוחד לאור השימוש בפועל בנשק, גם אם הירי היה כלפי מעלה ולא לפגיעה ישירה.

2. **תפקיד הנאשם ומעורבותו**  
בתיק 1 הנאשם החזיק ונשא נשק אך לא עשה בו שימוש; מעורבותו מסתכמת בהחזקה והובלה בלבד. בתיק 2 הנאשם לא רק החזיק ונשא, אלא גם עשה שימוש אקטיבי בנשק (ירי), גם אם לא מתוך כוונה להרוג אלא להפחיד/להקניט. מדובר במעורבות פעילה יותר.

3. **שיטת הביצוע (MO)**  
בשני המקרים הנשק הוחזק ברכב, אך בתיק 2 בוצע ירי בפועל, לעומת תיק 1 שבו לא נעשה שימוש בנשק. בנוסף, בתיק 2 היו מעורבים נוספים, והירי בוצע על רקע סכסוך אישי.

4. **נסיבות הליבה**  
בתיק 1: אקדח, מחסניות, לא נעשה שימוש, לא היה תכנון, לא היו נסיבות מחמירות מעבר לעצם ההחזקה.  
בתיק 2: תת-מקלע מאולתר (נשק חמור יותר), ירי בפועל (גם אם כלפי מעלה), סכסוך אישי, מעורבים נוספים, עבירה נוספת של ירי מנשק חם. הנסיבות בתיק 2 מחמירות יותר.

5. **ישימות כתקדים**  
שני התיקים עוסקים בעבירות נשק דומות מבחינת הבסיס, אך השימוש בפועל בנשק בתיק 2, סוג הנשק, והעבירה הנוספת יוצרים פער מהותי. תיק 1 יכול לשמש תקדים חלקי בלבד לתיק 2, בעיקר לגבי רכיב ההחזקה/נשיאה, אך לא לגבי הענישה הכוללת או נסיבות השימוש.

SIMILARITY_SCORE: 45","ok",""
"ME-16-10-12213-904","ME-16-01-189-123",3,1,1,"{""סוג הרכב"": ""סובארו"", ""בעלות על הרכב"": ""רשום על שם אחיו, מג'ד"", ""מיקום החזקת הנשק"": ""מתחת לכיסא הנוסע שליד הנהג"", ""מיקום המחסנית"": ""מתחת לכיסא הנוסע שליד הנהג"", ""מיקום הכדור"": ""במכנסי הנאשם"", ""סוג התחמושת"": ""כדור 9 מ\""מ"", ""מיקום החזקת הנשק בעת המעצר"": ""במוסך"", ""מיקום המחסנית בעת המעצר"": ""במוסך"", ""מיקום הכדור בעת המעצר"": ""במכנסי הנאשם"", ""מספר עבירה"": ""144 ב"", ""סוג עבירה"": ""נשיאת נשק"", ""סוג הנשק [תת מקלע מאולתר]"": 1.0, ""סטטוס הנשק"": ""נשק מופרד מתחמושת"", ""תכנון"": ""כן"", ""אופן החזקת הנשק"": ""ברכב, מוסלק - מוסתר"", ""כמות תחמושת"": ""מחסנית ריקה ובה 0 כדורים, 1 כדור"", ""שימוש"": ""לא""}","{""מחיר יחידתי לכדור אקסטזי"": ""50 ₪"", ""מחיר יחידתי מוזל לכדור אקסטזי ברכישה של 100 כדורים"": ""35 ₪"", ""כמות כדורי אקסטזי שהנאשם ביקש לרכוש"": ""20-30"", ""סוג הסם"": ""אקסטזי"", ""מקום הרכישה"": ""טול-כרם"", ""מקום העצירה"": ""מחסום תאנים"", ""זמן העצירה"": ""21:25"", ""סוג התחמושת"": ""9 מ\""מ"", ""כמות התחמושת"": ""50 כדורים"", ""מיקום החבייה ברכב"": ""דפנות הדלת הימנית הקדמית"", ""מספר עבירה"": ""144 א, 144 ב"", ""סוג עבירה"": ""נשיאת נשק, הובלת נשק"", ""עבירות נוספות"": ""הנאשם הורשע גם בעבירה של קשירת קשר לסחר בסם מסוכן לפי סעיפים 13+19א לפקודת הסמים המסוכנים, יחד עם סעיף 499(א)(1) לחוק העונשין. זוהי עבירה שאינה עבירת נשק לפי סעיף 144."", ""סוג הנשק [תת מקלע מאולתר]"": 1.0, ""סטטוס הנשק"": ""נשק מופרד מתחמושת"", ""תכנון"": ""לא"", ""אופן החזקת הנשק"": ""ברכב, מוסלק - מוסתר"", ""אופן קבלת הנשק"": ""רכש"", ""כמות תחמושת"": ""מחסנית ריקה ובה 0 כדורים, 50 כדורים"", ""שימוש"": ""לא""}",55.0,"1. **סוג העבירה וחומרתה**  
שני התיקים כוללים עבירות נשק (נשיאת נשק, הובלת נשק), אך בתיק 2 יש גם עבירות סמים חמורות (קשירת קשר לסחר בסם מסוכן), מה שמעלה את רמת החומרה הכוללת בתיק 2. עם זאת, עבירת הנשק דומה בשני המקרים.

2. **תפקיד הנאשם ומעורבותו**  
בתיק 1 הנאשם מחזיק ומסתיר את הנשק, עם תכנון מוקדם. בתיק 2 הנאשם רכש את הנשק והחזיק בו ברכב, אך לא צוין תכנון מוקדם. בתיק 2 יש גם מעורבות פעילה בעסקת סמים, מה שמבדיל את רמת המעורבות.

3. **שיטת הביצוע (MO)**  
בשני התיקים הנשק מוסלק ברכב, מופרד מהתחמושת, ולא נעשה בו שימוש. דפוס ההסלקה דומה מאוד.

4. **נסיבות הליבה**  
בשני המקרים מדובר בתת-מקלע מאולתר, נשק מוסתר, מחסנית ריקה, וכדור/כדורים בודדים. בתיק 2 הכמות גדולה יותר (50 כדורים לעומת 1), ויש גם עבירת סמים משמעותית. בתיק 1 יש תכנון, בתיק 2 אין.

5. **ישימות כתקדים**  
לעניין עבירות הנשק בלבד, יש דמיון מהותי: סוג הנשק, אופן ההסלקה, הפרדת התחמושת, והיעדר שימוש. עם זאת, בתיק 2 יש נסיבות מחמירות (כמות תחמושת, עבירות סמים), ולכן תיק 1 יכול לשמש תקדים חלקי בלבד, בעיקר לעניין רכיב הנשק ולא לעניין הענישה הכוללת.

SIMILARITY_SCORE: 55","ok",""
"SH-15-12-65958-120","ME-16-05-9983-155",2,0,1,"{""מיקום החזקת הנשק"": ""טייבה"", ""סוגי נשק נוספים"": ""אקדח זיג זאוור, קרלו"", ""קוטר תחמושת"": ""9 מ\""מ, 7.65 מ\""מ"", ""מספר כדורים במחסנית"": ""8, 15, 6"", ""מיקומי החזקת הנשק"": ""מעל ארון במטבח, בספרייה"", ""סוגי מחסניות"": ""מחסנית טעונה, מחסנית ריקה"", ""מספר עבירה"": ""144 א"", ""סוג עבירה"": ""החזקה נשק"", ""סוג הנשק [אקדח]"": 1.0, ""סוג הנשק [תת מקלע מאולתר]"": 1.0, ""סטטוס הנשק"": ""נשק עם מחסנית בהכנס"", ""תכנון"": ""כן"", ""אופן החזקת הנשק"": ""בבית, מוסלק - מוסתר"", ""אופן קבלת הנשק"": ""רכש"", ""כמות תחמושת"": ""מחסנית ובה 8 כדורים, מחסנית ובה 15 כדורים, מחסנית ריקה ובה 0 כדורים, מחסנית ובה 6 כדורים"", ""מטרה-סיבת העבירה"": ""הגנה עצמית"", ""שימוש"": ""לא""}","{""תאריך העבירה"": ""אפריל 2016"", ""מחיר הנשק"": ""7300 שקלים"", ""מיקום החזקת הנשק"": ""גג בית חבר"", ""משך החזקת הנשק"": ""כשבוע"", ""קשר עם קרוב משפחה"": ""קרוב משפחה רכש והעביר לנאשם"", ""מספר עבירה"": ""144 א, 144 ב"", ""סוג עבירה"": ""החזקה נשק, נשיאת נשק"", ""סוג הנשק [תת מקלע מאולתר]"": 1.0, ""סטטוס הנשק"": ""נשק מופרד מתחמושת"", ""תכנון"": ""לא"", ""אופן החזקת הנשק"": ""מוסלק - מוסתר"", ""אופן קבלת הנשק"": ""מאחר"", ""כמות תחמושת"": ""מחסנית"", ""שימוש"": ""לא""}",65.0,"1. **סוג העבירה וחומרתה**  
שני התיקים עוסקים בעבירות נשק לפי סעיף 144 לחוק העונשין – החזקה, ובתיק 2 גם נשיאה. מדובר באותו סוג עבירה, אך בתיק 2 יש גם נשיאה (חמורה יותר מהחזקה בלבד), מה שמעלה מעט את רמת החומרה.

2. **תפקיד הנאשם ומעורבותו**  
בתיק 1 הנאשם רכש את הנשק בעצמו ותכנן את ההחזקה, כלומר יוזמה ומעורבות פעילה. בתיק 2 הנשק הועבר אליו על ידי קרוב משפחה, ללא תכנון, כלומר מעורבות פחות יוזמת ויותר פאסיבית.

3. **שיטת הביצוע (MO)**  
בשני המקרים הנשק הוסלק והוסתר בבית, אך בתיק 1 מדובר במספר כלי נשק (אקדח ותת-מקלע) ותחמושת רבה, בעוד בתיק 2 מדובר בתת-מקלע אחד ומחסנית בלבד, והנשק היה מופרד מהתחמושת.

4. **נסיבות הליבה**  
בתיק 1: החזקה ממושכת, מספר כלי נשק, תחמושת רבה, תכנון, רכישה עצמאית, החזקה מוסלקת בבית, מטרה – הגנה עצמית.  
בתיק 2: החזקה קצרה (כשבוע), כלי נשק אחד, מחסנית אחת, לא תכנן, קיבל מאחר, החזקה מוסלקת בגג, לא השתמש.  
הבדלים בכמות, תכנון, יוזמה, ומשך ההחזקה.

5. **ישימות כתקדים**  
שני התיקים דומים בעבירה הבסיסית (החזקה/נשיאה), בשיטת ההסלקה ובסוג הנשק (תת-מקלע מאולתר), אך יש פערים מהותיים במידת היוזמה, הכמות, משך ההחזקה והחומרה. בית המשפט עשוי לראות בתיק 1 תקדים רלוונטי לתיק 2, אך לא להפך, בשל חומרת תיק 1. עדיין, יש דמיון מהותי מספק לצורך תקדים, אך לא זהות.

SIMILARITY_SCORE: 65","ok",""
"ME-18-04-19642-504","ME-16-07-45228-25",1,0,0,"{""מיקום האירוע"": ""יער הסמוך לכפר קרע"", ""תאריך האירוע"": ""1.4.18"", ""שעת האירוע"": ""17:00"", ""סוג הנשק"": ""אקדח FN בקוטר 9 מ\""מ"", ""מספר יריות"": ""11 יריות באוויר"", ""השפעת אלכוהול"": ""הנאשם היה תחת השפעת משקאות אלכוהליים"", ""זיכרון הנאשם"": ""הנאשם אינו זוכר את כל פרטי האירוע"", ""התנהגות במהלך מעצר"": ""הנאשם ניסה להימלט על ידי ניסיון להתניע את רכב המתלוננת"", ""מיקום הנשק בעת המעצר"": ""האקדח הושלך מתחת למושב הרכב"", ""מספר עבירה"": ""144 א, 144 ב"", ""סוג עבירה"": ""נשיאת נשק, הובלת נשק"", ""עבירות נוספות"": ""הנאשם הורשע בנוסף לעבירות נשק (סעיפים 144(א) ו-144(ב) לחוק העונשין) גם בעבירה של מעשי פזיזות ורשלנות לפי סעיף 338(א)(5) לחוק העונשין, שהיא עבירה שאינה עבירת נשק."", ""סוג הנשק [אקדח]"": 1.0, ""סטטוס הנשק"": ""נשק עם כדור בקנה"", ""תכנון"": ""לא"", ""אופן החזקת הנשק"": ""ברכב, על גופו, מוסלק - מוסתר"", ""כמות תחמושת"": ""2 מחסניות, 40 כדורים"", ""מטרה-סיבת העבירה"": ""אלימות במשפחה"", ""שימוש"": ""לא""}","{""מיקום האירוע"": ""כפר זלפה"", ""זמן האירוע"": ""שעת ליל"", ""תאריך האירוע"": ""19.7.16"", ""קוטר הכדורים"": ""9 מ\""מ"", ""פעולת הנאשם בעת גילוי"": ""התרחקות מהשוטרים בהליכה מהירה ולאחר מכן בריצה"", ""מקום הסתרת הנשק"": ""מתחת לשמיכה על מזרן בחדר"", ""מספר עבירה"": ""144 ב"", ""סוג עבירה"": ""נשיאת נשק"", ""סוג הנשק [אקדח]"": 1.0, ""סטטוס הנשק"": ""נשק עם מחסנית בהכנס"", ""תכנון"": ""לא"", ""אופן החזקת הנשק"": ""על גופו, מוסלק - מוסתר"", ""כמות תחמושת"": ""מחסנית ובה 10 כדורים"", ""שימוש"": ""לא""}",65.0,"1. **סוג העבירה וחומרתה**  
בשני התיקים מדובר בעבירות נשק מסוג נשיאת נשק (סעיף 144(ב)), כאשר בתיק 1 יש גם עבירת הובלת נשק (144(א)) ועבירת פזיזות ורשלנות (338(א)(5)), בעוד שבתיק 2 מדובר רק בנשיאת נשק. רמת החומרה דומה, אך בתיק 1 יש נסיבה מחמירה של ירי באוויר.

2. **תפקיד הנאשם ומעורבותו**  
בשני המקרים הנאשם הוא המחזיק והנושא של הנשק, ללא אינדיקציה למעורבות של צדדים שלישיים או תפקיד של ""שליח"". עם זאת, בתיק 1 יש גם ניסיון להימלט מהמשטרה וירי באוויר, מה שמצביע על מעורבות פעילה יותר.

3. **שיטת הביצוע (MO)**  
בשני המקרים הנשק מוסלק ומוסתר (ברכב/בחדר), בשניהם מדובר באקדח 9 מ""מ עם מחסנית. בתיק 1 הנשק הוסתר ברכב, בתיק 2 בבית. בתיק 1 בוצע ירי באוויר, בתיק 2 לא נעשה שימוש בנשק.

4. **נסיבות הליבה**  
בתיק 1: ירי באוויר (11 יריות), השפעת אלכוהול, ניסיון להימלט, כמות תחמושת גבוהה יותר (2 מחסניות, 40 כדורים), עבירת פזיזות ורשלנות, הקשר של אלימות במשפחה. בתיק 2: לא בוצע שימוש בנשק, כמות תחמושת קטנה יותר (מחסנית אחת, 10 כדורים), לא צוינה נסיבה מחמירה נוספת. בשני המקרים לא מדובר בתכנון מוקדם.

5. **ישימות כתקדים**  
בית המשפט עשוי לראות את שני התיקים כרלוונטיים זה לזה לצורכי ענישה בעבירות נשק, במיוחד בהיבט של החזקת אקדח מוסלק עם תחמושת. עם זאת, הנסיבות המחמירות בתיק 1 (ירי באוויר, השפעת אלכוהול, עבירת פזיזות ורשלנות) הופכות אותו לחמור יותר, ולכן הוא לא תקדים ""נקי"" לתיק 2, אך בהחלט רלוונטי.

SIMILARITY_SCORE: 65","ok",""
"ME-15-03-29911-554","ME-16-02-18397-87",1,0,0,"{""מיקום האירועים"": ""פוריידיס"", ""זמן האירועים"": ""5.3.15, שעות הערב"", ""מספר כדורים שנורו"": ""מספר רב של כדורים, שני כדורים נוספים"", ""מיקום ירי ספציפי"": ""בשטח חווה, בשכונות מגורים, ליד מגרש בית הספר התיכון"", ""זהות נוסע נוסף"": ""לא ידועה למאשימה"", ""סוג האקדח"": ""יריחו"", ""מצב הנשק בסיום האירועים"": ""דרוך ומוכן לירי"", ""מספר עבירה"": ""144 א, 144 ב"", ""סוג עבירה"": ""החזקה נשק, נשיאת נשק"", ""עבירות נוספות"": ""מעובדות כתב האישום ודברי השופט עולה כי הנאשם הורשע גם בעבירה של ירי באזור מגורים לפי סעיף 340א לחוק העונשין, בנוסף לעבירות הנשק לפי סעיף 144."", ""סוג הנשק [אקדח]"": 1.0, ""סטטוס הנשק"": ""נשק עם כדור בקנה"", ""תכנון"": ""לא"", ""אופן החזקת הנשק"": ""ברכב, על גופו"", ""כמות תחמושת"": ""מחסנית ובה 12 כדורים, מחסנית נוספת, 20 כדורים, 24 כדורים"", ""שימוש"": ""לא""}","{""מיקום האירוע"": ""כפר דבוריה"", ""סוג הרכב"": ""קטנוע"", ""פעולת המעצר"": ""פניית פרסה ורדיפה שוטרית"", ""התנהגות במהלך המעצר"": ""סירוב לפתוח את תא האופנוע"", ""מצב הנשק"": ""חסר חלק פנימי חיוני לפעולת ירי"", ""מספר עבירה"": ""144 ב"", ""סוג עבירה"": ""נשיאת נשק, הובלת נשק"", ""עבירות נוספות"": ""הנאשם הורשע בנוסף לעבירות נשק (סעיף 144(ב) לחוק העונשין) גם בעבירות תעבורה: נהיגה ללא רישיון נהיגה (סעיף 10(א) לפקודת התעבורה), נהיגה ללא ביטוח (סעיף 2(א)(ב) לפקודת ביטוח רכב מנועי), וללא רישיון רכב (סעיף 2 לפקודת התעבורה)."", ""סוג הנשק [אקדח]"": 1.0, ""סטטוס הנשק"": ""תקול"", ""תכנון"": ""לא"", ""אופן החזקת הנשק"": ""ברכב, על גופו, מוסלק - מוסתר"", ""כמות תחמושת"": ""כדורים"", ""שימוש"": ""לא""}",40.0,"1. **סוג העבירה וחומרתה**  
שני התיקים עוסקים בעבירות נשק (נשיאת נשק, החזקת נשק), אך בתיק 1 יש גם הרשעה בעבירה חמורה של ירי באזור מגורים (סעיף 340א), בעוד שבתיק 2 מדובר רק בהחזקה/נשיאה/הובלה ללא ירי בפועל. בנוסף, בתיק 2 הנשק היה תקול ולא כשיר לירי, מה שמפחית את חומרת העבירה לעומת תיק 1 שבו הנשק היה תקין ודרוך.

2. **תפקיד הנאשם ומעורבותו**  
בשני המקרים הנאשם החזיק ונשא את הנשק בעצמו, אך בתיק 1 הייתה מעורבות אקטיבית יותר (ירי בפועל), בעוד שבתיק 2 לא בוצע שימוש בנשק, ואף לא הייתה אפשרות לכך בשל תקלה בנשק.

3. **שיטת הביצוע (MO)**  
בשני המקרים הנשק הוסע ברכב (רכב/קטנוע), והוסתר/הוסלק, אך בתיק 1 בוצע ירי בפועל, כולל ירי בשטח מגורים, בעוד שבתיק 2 לא בוצע ירי כלל. בתיק 2 הייתה גם התנהגות מחשידה (סירוב לפתוח תא), אך לא מעבר לכך.

4. **נסיבות הליבה**  
בתיק 1: נשק תקין, דרוך, כמות תחמושת משמעותית, ירי בפועל, סכנה ממשית לציבור (ירי ליד בית ספר ובשכונות מגורים).  
בתיק 2: נשק תקול, לא בוצע ירי, לא הייתה סכנה מיידית לציבור, עבירות נלוות הן תעבורתיות בלבד.

5. **ישימות כתקדים**  
בית המשפט יראה את שני התיקים כרלוונטיים זה לזה רק במובן הכללי של עבירות נשק, אך בשל ההבדלים המהותיים בחומרה (ירי בפועל לעומת נשק תקול ללא ירי), תיק 1 לא ישמש תקדים ענייני מלא לתיק 2, ולהפך. ייתכן שימוש חלקי בהשוואה, אך לא כהשוואה ישירה לענישה.

SIMILARITY_SCORE: 40","ok",""
"ME-16-11-69158-529","ME-16-01-3772-806",3,1,1,"{""מיקום האירוע"": ""טייבה"", ""תאריך האירוע"": ""23.11.16"", ""סוג התחמושת"": ""9 מ\""מ"", ""מיקום החבייה"": ""מתחת למושב הנהג ומושב סמוך"", ""סוג האירוע"": ""אירוע משפחתי"", ""מיקום טמינת הנשק"": ""באדמה סמוך לבית הנאשם"", ""סוג הנשק המדויק"": ""קרל גוסטב"", ""מספר עבירה"": ""144 ב"", ""סוג עבירה"": ""נשיאת נשק"", ""עבירות נוספות"": ""הנאשם הורשע בנוסף לעבירות נשק (סעיף 144) גם בעבירה של ירי באזור מגורים לפי סעיף 340א לחוק העונשין."", ""סוג הנשק [תת מקלע]"": 1.0, ""סטטוס הנשק"": ""נשק עם כדור בקנה"", ""תכנון"": ""כן"", ""אופן החזקת הנשק"": ""בבית, ברכב, מוסלק - מוסתר"", ""שימוש"": ""לא""}","{""מיקום האירועים"": ""כפר סאלם, מעאוויה, אלרוחה"", ""שותף לעבירה"": ""מחמד ג'בארין"", ""תאריך תפיסת הנשק"": ""20.12.15"", ""כמות יריות באירוע"": ""כ-20 כדורים"", ""מיקום תפיסת הנשק"": ""בסמוך לבית הנאשם"", ""מספר עבירה"": ""144 א, 144 ב"", ""סוג עבירה"": ""החזקה נשק, נשיאת נשק, הובלת נשק"", ""סוג הנשק [תת מקלע מאולתר]"": 1.0, ""סוג הנשק - אם לא נמצא בטבלה"": ""רובה MP5"", ""סטטוס הנשק"": ""נשק עם כדור בקנה"", ""תכנון"": ""כן"", ""אופן החזקת הנשק"": ""מוסלק - מוסתר"", ""כמות תחמושת"": ""מחסנית וכדורים, מחסנית וכדורים"", ""שימוש"": ""לא""}",85.0,"1. **סוג העבירה וחומרתה** — בשני התיקים מדובר בעבירות נשק חמורות: נשיאת נשק, החזקת נשק, הובלת נשק (בתיק 2), ובשני המקרים מדובר בתת-מקלע (נשק אוטומטי) עם כדור בקנה. בתיק 1 יש גם עבירה של ירי באזור מגורים, שמחמירה את חומרת המעשה, אך בשני המקרים מדובר בעבירות מהדרג הגבוה של עבירות נשק.
2. **תפקיד הנאשם ומעורבותו** — בשני התיקים הנאשמים החזיקו ונשאו את הנשק, כאשר בתיק 2 יש גם שותף לעבירה, מה שמרמז על פעילות קבוצתית, אך לא בהכרח על תפקיד יוזם או סוחר. המעורבות בשני המקרים פעילה, עם תכנון והסלקה.
3. **שיטת הביצוע (MO)** — דפוס דומה מאוד: הסלקת נשק חם (תת-מקלע) עם תחמושת, מוסתר בסמוך לבית, תכנון מוקדם, ללא שימוש בפועל. בתיק 1 הנשק הוסתר גם ברכב, בתיק 2 לא צוין רכב אך כן יש הסלקה ומעורבות של שותף.
4. **נסיבות הליבה** — בשני המקרים: נשק אוטומטי, כדור בקנה, הסלקה, תכנון, ללא שימוש בפועל. בתיק 1 יש נסיבה מחמירה של ירי באזור מגורים, בתיק 2 יש כמות יריות (כ-20) אך לא ברור אם בוצע ירי בפועל או שמדובר ביכולת הנשק. בתיק 2 יש גם מחסניות וכדורים.
5. **ישימות כתקדים** — שני התיקים דומים מאוד בפרמטרים המהותיים: סוג הנשק, אופן ההחזקה, תכנון, הסלקה, ללא שימוש בפועל. חריגות מסוימות (עבירת ירי בתיק 1, שותף בתיק 2) אינן פוגעות בדמיון המהותי. בית משפט יראה בתיקים אלה תקדימים רלוונטיים זה לזה לצורכי ענישה.

SIMILARITY_SCORE: 85","ok",""
"ME-17-02-54432-484","ME-16-05-25902-514",3,1,1,"{""תאריך האירוע"": ""16.02.17"", ""מיקום האירוע"": ""נהריה, צומת הרחובות הגעתון והרצל"", ""סוג הרכב"": ""מאזדה"", ""מספר כדורים במחסנית"": ""7 כדורים 0.22 מ\""מ"", ""מספר האקדח"": ""82233"", ""סוג האקדח"": ""ברטה"", ""מיקום החזקת הנשק לפני המעצר"": ""תחתוניו של הנאשם"", ""מקום מגורים"": ""כפר קאסם"", ""תקופת החזקת הנשק"": ""מאז ועד יום 16.02.17"", ""מספר נוסעים ברכב"": ""3 נוסעים נוספים"", ""מספר עבירה"": ""144 א, 144 ב"", ""סוג עבירה"": ""החזקה נשק, נשיאת נשק"", ""סוג הנשק [אקדח]"": 1.0, ""סטטוס הנשק"": ""נשק עם מחסנית בהכנס"", ""תכנון"": ""כן"", ""אופן החזקת הנשק"": ""ברכב, על גופו, מוסלק - מוסתר"", ""כמות תחמושת"": ""מחסנית ובה 7 כדורים"", ""מטרה-סיבת העבירה"": ""הגנה עצמית"", ""שימוש"": ""לא""}","{""מקום רכישת הנשק"": ""קלנסוואה"", ""מקום החזקת הנשק"": ""מקלט בבית"", ""תאריך גניבת הנשק"": ""31.12.13"", ""מספר סידורי של הנשק"": ""682663"", ""סוג הנשק"": ""ברטה"", ""תאריך תחילת החזקת הנשק"": ""פברואר 2016"", ""תאריך נשיאת הנשק"": ""8.5.16"", ""שעת נשיאת הנשק"": ""06:00"", ""מספר עבירה"": ""144 א, 144 ב"", ""סוג עבירה"": ""החזקה נשק, נשיאת נשק"", ""סוג הנשק [אקדח]"": 1.0, ""סטטוס הנשק"": ""נשק עם מחסנית בהכנס"", ""תכנון"": ""לא"", ""אופן החזקת הנשק"": ""בבית, על גופו"", ""אופן קבלת הנשק"": ""רכש"", ""כמות תחמושת"": ""מחסנית ובה 7 כדורים"", ""מטרה-סיבת העבירה"": ""הגנה עצמית"", ""שימוש"": ""לא""}",90.0,"1. **סוג העבירה וחומרתה** — בשני התיקים מדובר בעבירות זהות: החזקה ונשיאת נשק (סעיפים 144 א, 144 ב), עם אקדח טעון במחסנית. רמת החומרה דומה מאוד.
2. **תפקיד הנאשם ומעורבותו** — בשני המקרים הנאשם הוא המחזיק הישיר של הנשק, לא סוחר או מתווך, אלא אדם שמחזיק ונושא את הנשק לצרכי הגנה עצמית. המעורבות פעילה וזהה.
3. **שיטת הביצוע (MO)** — דפוס הביצוע דומה: החזקת אקדח טעון, מוסתר (על הגוף/בבית), ללא שימוש בפועל. בשני המקרים הנשק לא שימש לירי.
4. **נסיבות הליבה** — בשני המקרים מדובר באקדח ברטה, מחסנית עם 7 כדורים, ללא שימוש, וללא נסיבות מחמירות (כמו ירי או סיכון ממשי). בתיק 1 הנשק הוסלק על הגוף ברכב, בתיק 2 בבית, אך בשני המקרים מדובר בהסתרה לצורך הגנה עצמית. בתיק 1 יש תכנון, בתיק 2 לא, אך ההבדל מינורי יחסית.
5. **ישימות כתקדים** — בית המשפט יראה את שני התיקים כרלוונטיים מאוד זה לזה לצורכי ענישה, שכן מדובר באותן עבירות, דפוס פעולה דומה, ומניע זהה (הגנה עצמית), עם הבדל מינורי בלבד בנסיבות ההחזקה.

SIMILARITY_SCORE: 90","ok",""
"SH-17-10-10556-234","ME-09-06-10774-130",2,0,1,"{""קוטר הקליעים"": ""8 מ\""מ"", ""מיקום החזקת הנשק"": ""בחצר הסמוכה לבית, מתחת למזרון בערימת זבל"", ""מרחק החזקת הנשק מהבית"": ""100 מטרים"", ""בעלות הנשק"": ""בבעלות אחר"", ""מספר עבירה"": ""144 א"", ""סוג עבירה"": ""החזקה נשק"", ""סוג הנשק [אקדח]"": 1.0, ""סטטוס הנשק"": ""נשק עם מחסנית בהכנס"", ""תכנון"": ""לא"", ""אופן החזקת הנשק"": ""מוסלק - מוסתר"", ""כמות תחמושת"": ""מחסנית ובה 10 כדורים, מחסנית ריקה ובה 0 כדורים"", ""שימוש"": ""לא""}","{""סוג אקדח"": ""ברטה"", ""מיקום האירוע"": ""כפר מושרייפה"", ""נסיעה ברכב"": ""כן"", ""מספר עבירה"": ""144 א, 144 ב"", ""סוג עבירה"": ""החזקה נשק, נשיאת נשק"", ""סוג הנשק [אקדח]"": 1.0, ""סטטוס הנשק"": ""תקין"", ""תכנון"": ""לא"", ""אופן החזקת הנשק"": ""ברכב"", ""שימוש"": ""לא""}",75.0,"1. **סוג העבירה וחומרתה**  
שני התיקים עוסקים בעבירות נשק מסוג החזקה (144א), כאשר בתיק 2 יש גם עבירת נשיאה (144ב) — עבירה חמורה יותר, אך עדיין באותו מתחם ענישה. שניהם עוסקים באקדח תקין, ללא שימוש בפועל.

2. **תפקיד הנאשם ומעורבותו**  
בשני המקרים אין אינדיקציה למעורבות יוזמת או סחר; מדובר בהחזקה בלבד. בתיק 1 הנשק בבעלות אחר ומוסלק, בתיק 2 ברכב בו נסע הנאשם — שניהם מצביעים על מעורבות שאינה יוזמת, אך בתיק 2 יש שליטה פיזית ישירה יותר.

3. **שיטת הביצוע (MO)**  
בתיק 1 הנשק מוסלק ומוסתר בחצר, בתיק 2 מוחזק ברכב במהלך נסיעה. שני המקרים כוללים הסתרה מסוימת, אך בתיק 2 יש ניידות ושליטה ישירה, בעוד שבתיק 1 מדובר בהסתרה סטטית.

4. **נסיבות הליבה**  
בשני המקרים לא נעשה שימוש בנשק, אין תכנון מוקדם, אין נסיבות מחמירות כמו ירי או סיכון חיי אדם. בתיק 1 יש תחמושת (מחסנית עם 10 כדורים), בתיק 2 לא מצוין כמות תחמושת. בתיק 1 הנשק לא היה בבית אלא בחצר, בתיק 2 ברכב.

5. **ישימות כתקדים**  
שני התיקים דומים מאוד במתחם העובדתי והענישתי: החזקה לא חוקית של אקדח, ללא שימוש, ללא תכנון, ללא נסיבות מחמירות. ההבדלים (נשיאה ברכב לעומת הסתרה בחצר) אינם מהותיים דיים כדי לשלול רלוונטיות תקדימית, אך עשויים להשפיע על מתחם הענישה.

SIMILARITY_SCORE: 75","ok",""
"sh-10-05-7434-952","ME-21-10-18557-340",1,0,0,"{""שנת לידה"": 1961, ""מיקום האירוע"": ""רחוב אורלנסקי 11, פתח תקווה"", ""תאריך האירוע"": ""14.4.10"", ""מודלי הנשק"": [""ברטה חצי אוטומטי"", ""לאמה חצי אוטומטי""], ""מספר עבירה"": ""144 א"", ""סוג עבירה"": ""החזקה נשק"", ""סוג הנשק [אקדח]"": 1.0, ""סטטוס הנשק"": ""נשק מפורק"", ""תכנון"": ""לא"", ""אופן החזקת הנשק"": ""בבית, מוסלק - מוסתר"", ""מטרה-סיבת העבירה"": ""אספנות"", ""שימוש"": ""לא""}","{""סוג הרכב"": ""מאזדה בצבע כחול"", ""מיקום האירוע"": ""כפר אבו סנאן"", ""זמן האירוע"": ""16.9.2021, סמוך לשעה 19:00"", ""מעורבים נוספים"": ""ג'יהאד סואעד, מוחמד פעאור"", ""סוג המאזדה"": ""מאזדה לבנה"", ""מיקום ישיבת הנאשם ברכב"": ""מושב הנוסע"", ""מיקום ישיבת ג'יהאד ברכב"": ""מושב הנהג"", ""מיקום ישיבת א' במאזדה"": ""מושב הנוסע ליד הנהג"", ""מיקום ישיבת מוחמד פעאור במאזדה"": ""מושב הנהג"", ""כיוון ירי הנאשם"": ""כלפי מעלה"", ""מטרת ירי הנאשם"": ""הפחדה או הקנטה של א'"", ""סכסוך קיים"": ""בין הנאשם לא'"", ""מספר עבירה"": ""144 א, 144 ב"", ""סוג עבירה"": ""החזקה נשק, נשיאת נשק, הובלת נשק"", ""עבירות נוספות"": ""הנאשם הורשע בנוסף לעבירות נשק (סעיף 144(א) ו-144(ב) לחוק העונשין) גם בעבירה של ירי מנשק חם לפי סעיף 340א(ב)(1) ו-(2) לחוק העונשין, שהיא עבירה שאינה לפי סעיף 144 ולכן נחשבת לעבירה נוספת."", ""סוג הנשק [תת מקלע מאולתר]"": 1.0, ""סטטוס הנשק"": ""נשק עם כדור בקנה"", ""תכנון"": ""לא"", ""אופן החזקת הנשק"": ""בבית, ברכב"", ""כמות תחמושת"": ""מחסנית ולכל הפחות 2 כדורים"", ""מטרה-סיבת העבירה"": ""הפחדה/הקנטה"", ""שימוש"": ""לא""}",20.0,"1. **סוג העבירה וחומרתה**  
שני התיקים עוסקים בעבירות נשק לפי סעיף 144 לחוק העונשין, אך בתיק 2 יש גם עבירות חמורות נוספות: נשיאת נשק, הובלת נשק וירי מנשק חם (סעיף 340א), בעוד שבתיק 1 מדובר רק בהחזקה (למטרת אספנות, ללא שימוש). חומרת העבירות בתיק 2 גבוהה משמעותית.

2. **תפקיד הנאשם ומעורבותו**  
בתיק 1 הנאשם מחזיק נשק מוסתר בביתו, ללא כל שימוש או כוונה פלילית מובהקת (אספנות). בתיק 2 הנאשם מעורב אקטיבית: החזקה, נשיאה, הובלה ואף ירי בפועל (גם אם כלפי מעלה), כחלק מסכסוך. המעורבות בתיק 2 פעילה ומסוכנת בהרבה.

3. **שיטת הביצוע (MO)**  
בתיק 1: החזקה פסיבית, מוסתרת, ללא תנועה או שימוש. בתיק 2: החזקה, הובלה ברכב, ירי בפועל, נוכחות של אחרים, הקשר לסכסוך. דפוסי הביצוע שונים מהותית.

4. **נסיבות הליבה**  
תיק 1: נשק מפורק, ללא תחמושת, ללא תכנון, ללא שימוש, ללא נסיבות מחמירות. תיק 2: נשק טעון, ירי בפועל, סכסוך, תחמושת, נסיבות מחמירות (ירי, הפחדה). נסיבות הליבה שונות מאוד.

5. **ישימות כתקדים**  
הדמיון מתמצה בכך ששני התיקים עוסקים בעבירות נשק, אך ההבדלים המהותיים בחומרה, במעורבות, בנסיבות ובשימוש הופכים את תיק 1 לבלתי רלוונטי כמעט כתקדים ענישתי לתיק 2. בית המשפט יבחין בין המקרים.

SIMILARITY_SCORE: 20","ok",""
"SH-10-02-25802-731","ME-13-04-35007-454",1,0,0,"{""מיקום האירוע"": ""כפר מגדל שמס"", ""תאריך האירוע"": ""16/07/09"", ""שעת האירוע"": ""11:00"", ""פוטנציאל לפגיעה באדם"": ""כן"", ""מספר עבירה"": ""144 א"", ""סוג עבירה"": ""החזקה נשק"", ""סוג הנשק [רובה צייד]"": 1.0, ""סוג הנשק - אם לא נמצא בטבלה"": ""אבזר ותחמושת של כלי נשק"", ""סטטוס הנשק"": ""תקול"", ""תכנון"": ""לא"", ""אופן החזקת הנשק"": ""בבית"", ""שימוש"": ""לא""}","{""תאריך האירוע"": ""6/4/13"", ""שעת האירוע"": ""16:30"", ""מיקום האירוע"": ""מרכז הכפר דבוריה"", ""הקשר לאירועים אחרים"": ""סכסוך בכפר דבוריה"", ""מעורבות אחרים"": ""נוכחות אחרים מהסכסוך בקרבת מקום"", ""תגובת הנאשם לאחר האירוע"": ""נמלט מהמקום"", ""מספר עבירה"": ""144 א, 144 ב"", ""סוג עבירה"": ""החזקה נשק, נשיאת נשק"", ""סוג הנשק [אקדח]"": 1.0, ""סטטוס הנשק"": ""נשק עם כדור בקנה"", ""תכנון"": ""כן"", ""אופן החזקת הנשק"": ""על גופו"", ""מטרה-סיבת העבירה"": ""הפחדה"", ""שימוש"": ""לא""}",30.0,"1. **סוג העבירה וחומרתה**  
שני התיקים עוסקים בעבירות נשק לפי סעיף 144 לחוק העונשין, אך בתיק 2 יש גם נשיאה (144 ב) ולא רק החזקה (144 א), והנשק במצב תקין עם כדור בקנה, לעומת נשק תקול בתיק 1. חומרת תיק 2 גבוהה יותר.

2. **תפקיד הנאשם ומעורבותו**  
בתיק 1 מדובר בהחזקה פסיבית של נשק בבית, ללא תכנון או שימוש. בתיק 2 הנאשם נושא נשק על גופו, מתכנן את המעשה, ונמצא בהקשר של סכסוך – מעורבות פעילה בהרבה.

3. **שיטת הביצוע (MO)**  
תיק 1: החזקה בבית, ללא תכנון, נשק תקול.  
תיק 2: נשיאה פומבית, תכנון, נשק תקין, נוכחות בסכסוך, בריחה מהמקום. דפוסי פעולה שונים מהותית.

4. **נסיבות הליבה**  
תיק 1: ללא תכנון, ללא שימוש, נשק תקול, החזקה בלבד.  
תיק 2: תכנון, נשק תקין, נשיאה פומבית, הקשר של סכסוך, מטרה של הפחדה. נסיבות מחמירות בהרבה בתיק 2.

5. **ישימות כתקדים**  
למרות ששני התיקים עוסקים בעבירות נשק, ההבדלים המהותיים בחומרה, במעורבות, בנסיבות ובשיטת הביצוע הופכים את תיק 1 לפחות רלוונטי כתקדים ענייני לתיק 2. ייתכן שימוש כללי בלבד, אך לא כתקדים מהותי לענישה.

SIMILARITY_SCORE: 30","ok",""
"ME-16-10-12213-904","ME-15-02-9111-399",1,0,0,"{""סוג הרכב"": ""סובארו"", ""בעלות על הרכב"": ""רשום על שם אחיו, מג'ד"", ""מיקום החזקת הנשק"": ""מתחת לכיסא הנוסע שליד הנהג"", ""מיקום המחסנית"": ""מתחת לכיסא הנוסע שליד הנהג"", ""מיקום הכדור"": ""במכנסי הנאשם"", ""סוג התחמושת"": ""כדור 9 מ\""מ"", ""מיקום החזקת הנשק בעת המעצר"": ""במוסך"", ""מיקום המחסנית בעת המעצר"": ""במוסך"", ""מיקום הכדור בעת המעצר"": ""במכנסי הנאשם"", ""מספר עבירה"": ""144 ב"", ""סוג עבירה"": ""נשיאת נשק"", ""סוג הנשק [תת מקלע מאולתר]"": 1.0, ""סטטוס הנשק"": ""נשק מופרד מתחמושת"", ""תכנון"": ""כן"", ""אופן החזקת הנשק"": ""ברכב, מוסלק - מוסתר"", ""כמות תחמושת"": ""מחסנית ריקה ובה 0 כדורים, 1 כדור"", ""שימוש"": ""לא""}","{""מיקום האירוע"": ""כפר בענה"", ""זמן האירוע"": ""25.1.15, סמוך לשעה 15:00"", ""סיבת המעצר"": ""מנוסה משוטרים"", ""סוג האקדח"": ""FN"", ""מספר האקדח"": ""74423"", ""קליבר"": ""9 מ\""מ"", ""מספר עבירה"": ""144 א, 144 ב"", ""סוג עבירה"": ""החזקה נשק, נשיאת נשק"", ""סוג הנשק [אקדח]"": 1.0, ""סטטוס הנשק"": ""נשק מופרד מתחמושת"", ""תכנון"": ""לא"", ""אופן החזקת הנשק"": ""על גופו"", ""כמות תחמושת"": ""מחסנית ובה 13 כדורים"", ""שימוש"": ""לא""}",65.0,"1. **סוג העבירה וחומרתה**  
בשני התיקים מדובר בעבירות נשק – נשיאת נשק (תיק 1) והחזקה/נשיאת נשק (תיק 2), שתיהן לפי סעיף 144 לחוק העונשין. רמת החומרה דומה, אם כי בתיק 2 מיוחסות שתי עבירות (החזקה ונשיאה), אך שתיהן באותו מדרג ענישה.

2. **תפקיד הנאשם ומעורבותו**  
בשני המקרים הנאשם הוא המחזיק הישיר של הנשק: בתיק 1 הנשק מוסתר ברכב שבשליטתו, בתיק 2 הנשק על גופו. אין אינדיקציה למעורבות של צדדים שלישיים או תפקיד של ""שליח"" בלבד. המעורבות דומה – החזקה פיזית, לא סחר או ייצור.

3. **שיטת הביצוע (MO)**  
בתיק 1 הנשק מוסלק ברכב (מתחת לכיסא), בתיק 2 על גופו של הנאשם. בשני המקרים הנשק מופרד מהתחמושת, אך בתיק 2 המחסנית טעונה ב-13 כדורים, לעומת מחסנית ריקה בתיק 1. דפוס ההסתרה שונה (הסלקה ברכב לעומת נשיאה על הגוף), אך בשניהם לא נעשה שימוש בנשק.

4. **נסיבות הליבה**  
בתיק 1 מדובר בתת-מקלע מאולתר, מחסנית ריקה וכדור בודד; בתיק 2 – אקדח תקני, מחסנית עם 13 כדורים. בתיק 1 יש תכנון (הסלקה ברכב), בתיק 2 אין תכנון (החזקה על הגוף, מנוסה משוטרים). בתיק 2 הכמות והנגישות לתחמושת חמורות יותר. בשני המקרים לא נעשה שימוש בנשק.

5. **ישימות כתקדים**  
שני התיקים עוסקים בהחזקה/נשיאה לא חוקית של נשק ותחמושת, ללא שימוש, כאשר הנשק מופרד מהתחמושת. עם זאת, יש הבדל מהותי בסוג הנשק (מאולתר מול תקני), בכמות התחמושת, ובשאלת התכנון. בית המשפט עשוי לראות בתיק 1 תקדים רלוונטי לתיק 2, אך יבחין בנסיבות המחמירות של תיק 2 (נשק תקני, תחמושת רבה, נשיאה על הגוף).

SIMILARITY_SCORE: 65","ok",""
"ME-16-05-25902-514","SH-11-01-41775-497",3,1,1,"{""מקום רכישת הנשק"": ""קלנסוואה"", ""מקום החזקת הנשק"": ""מקלט בבית"", ""תאריך גניבת הנשק"": ""31.12.13"", ""מספר סידורי של הנשק"": ""682663"", ""סוג הנשק"": ""ברטה"", ""תאריך תחילת החזקת הנשק"": ""פברואר 2016"", ""תאריך נשיאת הנשק"": ""8.5.16"", ""שעת נשיאת הנשק"": ""06:00"", ""מספר עבירה"": ""144 א, 144 ב"", ""סוג עבירה"": ""החזקה נשק, נשיאת נשק"", ""סוג הנשק [אקדח]"": 1.0, ""סטטוס הנשק"": ""נשק עם מחסנית בהכנס"", ""תכנון"": ""לא"", ""אופן החזקת הנשק"": ""בבית, על גופו"", ""אופן קבלת הנשק"": ""רכש"", ""כמות תחמושת"": ""מחסנית ובה 7 כדורים"", ""מטרה-סיבת העבירה"": ""הגנה עצמית"", ""שימוש"": ""לא""}","{""משך זמן ההחזקה"": ""כשנה וחצי"", ""תאריך תחילת ההחזקה"": ""1.6.08"", ""מספר עבירה"": ""144 א, 144 ב"", ""סוג עבירה"": ""החזקה נשק"", ""סוג הנשק [אקדח]"": 1.0, ""סטטוס הנשק"": ""נשק מופרד מתחמושת"", ""תכנון"": ""לא"", ""אופן החזקת הנשק"": ""בבית, ברכב"", ""כמות תחמושת"": ""מחסנית, 34 כדורים"", ""שימוש"": ""לא""}",80.0,"1. **סוג העבירה וחומרתה** — בשני התיקים מדובר בעבירות החזקה (ובאחד גם נשיאה) של נשק חם (אקדח), לפי אותם סעיפי חוק (144 א, 144 ב). רמת החומרה דומה, אם כי בתיק 1 יש גם נשיאה בפועל, מה שמחמיר מעט.
2. **תפקיד הנאשם ומעורבותו** — בשני המקרים הנאשם הוא המחזיק הישיר של הנשק, ללא אינדיקציה למעורבות כיזם/סוחר או כחלק מרשת. המעורבות דומה: החזקה פיזית, לא סחר או תיווך.
3. **שיטת הביצוע (MO)** — דפוס דומה: החזקה בבית, ללא שימוש, ללא תכנון מוקדם, ללא הברחה או הסתרה מתוחכמת. בתיק 1 הייתה גם נשיאה על הגוף, בתיק 2 גם החזקה ברכב.
4. **נסיבות הליבה** — בשני המקרים לא נעשה שימוש בנשק, לא מדובר בכמויות חריגות (אקדח אחד בכל תיק), אך בתיק 2 כמות התחמושת גבוהה יותר (34 לעומת 7). בתיק 1 הנשק היה עם מחסנית מוכנסת, בתיק 2 מופרד מתחמושת. בתיק 1 צוין מניע של ""הגנה עצמית"", בתיק 2 לא צוין מניע.
5. **ישימות כתקדים** — שני התיקים דומים מאוד בנסיבותיהם המהותיות: החזקה לא חוקית של אקדח, ללא שימוש, ללא תכנון, ללא נסיבות מחמירות מובהקות. ההבדלים (נשיאה בפועל, כמות תחמושת, סטטוס הנשק) אינם מהותיים דיים כדי לשלול רלוונטיות תקדימית, אך עשויים להשפיע על מתחם הענישה.

SIMILARITY_SCORE: 80","ok",""
"ME-18-05-32659-754","ME-16-08-54879-35",3,1,1,"{""מיקום האירוע"": ""ירכא"", ""זמן האירוע"": ""05.05.2018 בשעה 00:25"", ""פרטי הנשק [תת מקלע]"": ""פאראבלום 9 מילימטר"", ""פרטי הנשק [רימוני גז]"": ""שני רימוני גז מדמיע"", ""פרטי הנשק [מחסנית]"": ""מחסנית ריקה לתת מקלע מסוג עוזי"", ""פרטי הנשק [כדורים לאקדח]"": ""9 כדורים לאקדח 9 מילימטר פאראבלום"", ""פרטי הנשק [כדורים בערכה]"": ""10 כדורים בקוטר 5.56 מילימטר"", ""פרטי הנשק [ערכה לניקוי]"": ""ערכה לניקוי של נשק"", ""פעילות משטרתית"": ""הקמת מחסומים באזור ירכא"", ""התנהגות הנאשם בעת המעצר"": ""סירוב לצאת מהרכב, דחיפת שוטרים, ניסיון להשתחרר מאחיזתם"", ""מספר עבירה"": ""144 ב"", ""סוג עבירה"": ""נשיאת נשק, הובלת נשק"", ""עבירות נוספות"": ""הנאשם הורשע בנוסף לעבירות נשק (סעיף 144) גם בעבירה של הפרעה לשוטר במילוי תפקידו לפי סעיף 275 לחוק העונשין."", ""סוג הנשק [תת מקלע מאולתר]"": 1.0, ""סוג הנשק [רימון הלם/גז]"": 1.0, ""סטטוס הנשק"": ""נשק מופרד מתחמושת"", ""תכנון"": ""לא"", ""אופן החזקת הנשק"": ""ברכב"", ""כמות תחמושת"": ""מחסנית ריקה ובה 0 כדורים, 9 כדורים, 10 כדורים"", ""שימוש"": ""לא""}","{""כתובת האירוע"": ""רחוב ברזילי 12, חיפה"", ""תאריך האירוע"": ""17.8.16"", ""שעת האירוע"": ""סמוך לשעה 11:00"", ""מקום מגורי הנאשם"": ""רחוב ברזילי 12, חיפה"", ""קוטר הנשק"": ""9 מ\""מ"", ""כוח הכדור"": ""בכוחו להמית אדם"", ""מספר עבירה"": ""144 ב"", ""סוג עבירה"": ""נשיאת נשק, הובלת נשק"", ""סוג הנשק [תת מקלע מאולתר]"": 1.0, ""סטטוס הנשק"": ""נשק מופרד מתחמושת"", ""תכנון"": ""לא"", ""כמות תחמושת"": ""מחסנית ובה 7 כדורים"", ""שימוש"": ""לא""}",85.0,"1. **סוג העבירה וחומרתה**  
בשני התיקים מדובר בעבירות נשיאת נשק והובלת נשק לפי סעיף 144(ב) לחוק העונשין, ללא שימוש בפועל בנשק. בשני המקרים מדובר בתת-מקלע מאולתר, כאשר הנשק מופרד מהתחמושת. רמת החומרה דומה מאוד.

2. **תפקיד הנאשם ומעורבותו**  
בשני המקרים הנאשם נתפס כמחזיק/נושא נשק, ללא אינדיקציה ליזמות, סחר או תכנון מוקדם. המעורבות היא ברמת החזקה/הובלה בלבד, ללא הפעלה או שימוש.

3. **שיטת הביצוע (MO)**  
בשני המקרים הנשק הוחזק כשהוא מופרד מהתחמושת, ללא שימוש, וללא תכנון מוקדם. בתיק 1 הנשק הוחזק ברכב, בתיק 2 לא מצוין אופן ההחזקה אך מדובר בביתו של הנאשם. דפוס דומה מאוד.

4. **נסיבות הליבה**  
בשני התיקים מדובר בתת-מקלע מאולתר, ללא שימוש, ללא תכנון, עם תחמושת בכמות לא גדולה (תיק 1: 9+10 כדורים, תיק 2: 7 כדורים). בתיק 1 יש גם רימוני גז וערכה לניקוי, וכן עבירה נלווית של הפרעה לשוטר והתנהגות אלימה במעצר — נסיבה מחמירה מסוימת שאינה קיימת בתיק 2.

5. **ישימות כתקדים**  
בית המשפט יראה את שני התיקים כרלוונטיים זה לזה לצורכי ענישה, במיוחד לעניין רמת החומרה, סוג הנשק, והעדר שימוש. עם זאת, בתיק 1 יש נסיבה מחמירה (הפרעה לשוטר), מה שמפחית מעט את הדמיון המהותי.

SIMILARITY_SCORE: 85","ok",""
"ME-17-05-35227-215","ME-15-02-9111-399",1,0,0,"{""תאריך העבירה"": ""7 במאי 2017"", ""זמן העבירה"": ""צהריים"", ""סוג הרכב"": ""אופנוע"", ""דגם הרכב"": ""קואנג יאנג טיו"", ""מיקום הנשק ברכב"": ""תא מטען"", ""מספר עבירה"": ""144 ב"", ""סוג עבירה"": ""נשיאת נשק, הובלת נשק"", ""סוג הנשק [תת מקלע מאולתר]"": 1.0, ""סטטוס הנשק"": ""נשק עם מחסנית בהכנס"", ""תכנון"": ""כן"", ""אופן החזקת הנשק"": ""ברכב"", ""שימוש"": ""לא""}","{""מיקום האירוע"": ""כפר בענה"", ""זמן האירוע"": ""25.1.15, סמוך לשעה 15:00"", ""סיבת המעצר"": ""מנוסה משוטרים"", ""סוג האקדח"": ""FN"", ""מספר האקדח"": ""74423"", ""קליבר"": ""9 מ\""מ"", ""מספר עבירה"": ""144 א, 144 ב"", ""סוג עבירה"": ""החזקה נשק, נשיאת נשק"", ""סוג הנשק [אקדח]"": 1.0, ""סטטוס הנשק"": ""נשק מופרד מתחמושת"", ""תכנון"": ""לא"", ""אופן החזקת הנשק"": ""על גופו"", ""כמות תחמושת"": ""מחסנית ובה 13 כדורים"", ""שימוש"": ""לא""}",45.0,"1. **סוג העבירה וחומרתה**  
שני התיקים עוסקים בעבירות נשק (נשיאה/הובלה/החזקה), אך בתיק 1 מדובר ב""הובלת נשק"" (144ב) בלבד, בעוד שבתיק 2 יש גם ""החזקה"" (144א) וגם ""נשיאה"" (144ב). שניהם ברף חומרה דומה, אך יש הבדל מסוים בסוגי העבירות (הובלה לעומת החזקה/נשיאה).

2. **תפקיד הנאשם ומעורבותו**  
בתיק 1 הנאשם תכנן מראש והחזיק את הנשק בתא מטען של אופנוע, מה שמרמז על מעורבות פעילה ותכנון. בתיק 2 לא היה תכנון, הנשק הוחזק על גופו של הנאשם, והוא ניסה להימלט מהמשטרה — מעורבות ישירה אך פחות מתוחכמת.

3. **שיטת הביצוע (MO)**  
בתיק 1: הסתרה בתא מטען של אופנוע, תכנון מוקדם, נשק מאולתר עם מחסנית מוכנה. בתיק 2: נשק תקני (אקדח FN), מוחזק על הגוף, הנשק מופרד מהתחמושת, ללא תכנון. דפוסי הביצוע שונים — הסתרה ותכנון לעומת החזקה גלויה ובריחה.

4. **נסיבות הליבה**  
בתיק 1: תת-מקלע מאולתר, מחסנית מוכנה, תכנון, לא בוצע שימוש. בתיק 2: אקדח תקני, מחסנית עם 13 כדורים, לא מחובר לאקדח, לא בוצע שימוש, בריחה משוטרים. בתיק 1 יש פוטנציאל מסוכנות גבוה יותר (תת-מקלע, תכנון), בתיק 2 יש נסיבה מחמירה של מנוסה משוטרים אך מסוכנות הנשק פחותה.

5. **ישימות כתקדים**  
שני התיקים עוסקים בעבירות נשק, אך יש הבדלים מהותיים בסוג הנשק, אופן ההחזקה, מידת התכנון והנסיבות. בית משפט עשוי לראות בהם רלוונטיים זה לזה לצורכי ענישה כללית, אך לא כתקדים ישיר בשל ההבדלים המהותיים.

SIMILARITY_SCORE: 45","ok",""
"ME-16-04-12480-812","ME-12-03-15148-775",1,0,0,"{""מיקום האירועים"": ""טירת הכרמל, בית המתלונן, אתר בניה"", ""סוג הרכב"": ""רכב פרטי"", ""סוג הנשק באירוע הראשון"": ""נשק חם"", ""כמות הקליעים באירוע השני"": ""12 קליעים"", ""מיקום התחמושת באירוע השלישי"": ""בזחל של כלי עבודה, מתחת לתקרה אקוסטית"", ""סכום החוב"": ""300 שקלים"", ""זמן המעשה מהוויכוח"": ""פחות משעה וחצי"", ""זמן המעשה מהאירוע הקודם"": ""יומיים, יום אחד"", ""מספר עבירה"": ""144 א, 144 ב"", ""סוג עבירה"": ""החזקה נשק, נשיאת נשק, הובלת נשק"", ""עבירות נוספות"": ""הנאשם הורשע בנוסף לעבירות נשק (סעיף 144) גם בעבירות של ניסיון חבלה חמורה בנסיבות מחמירות (סעיפים 25 + 335 + 333 לחוק העונשין) ואיומים (סעיף 192 לחוק העונשין)."", ""סוג הנשק [תת מקלע מאולתר]"": 1.0, ""סוג הנשק - אם לא נמצא בטבלה"": ""נשק"", ""סטטוס הנשק"": ""נשק עם כדור בקנה"", ""תכנון"": ""כן"", ""אופן החזקת הנשק"": ""ברכב, על גופו, מוסלק - מוסתר"", ""כמות תחמושת"": ""17 כדורים"", ""שימוש"": ""לא""}","{""סוג הרכב"": ""הונדה סיוויק"", ""פרטי הנשק הנוסף"": ""אקדח דמה עם משתיק קול"", ""פריטים נוספים ברכב"": ""זוגות של כפפות בד, לוחיות זיהוי מקוריות"", ""תאריך העבירה"": ""2.3.2012"", ""משך זמן החזקת הנשק"": ""לילה אחד"", ""מספר עבירה"": ""144 א"", ""סוג עבירה"": ""החזקה נשק"", ""עבירות נוספות"": ""הנאשם הורשע בנוסף לעבירת החזקת נשק שלא כדין (סעיף 144(א)), גם בעבירה של שינוי זהות של כלי רכב לפי סעיף 413ט' לחוק העונשין. זו עבירה שאינה עבירת נשק."", ""סוג הנשק [אקדח]"": 1.0, ""סטטוס הנשק"": ""נשק מופרד מתחמושת"", ""תכנון"": ""לא"", ""אופן החזקת הנשק"": ""ברכב"", ""כמות תחמושת"": ""מחסנית ובה 11 כדורים"", ""שימוש"": ""לא""}",35.0,"1. **סוג העבירה וחומרתה**  
שני התיקים עוסקים בעבירות נשק (החזקה/נשיאה/הובלה), אך בתיק 1 יש גם עבירות חמורות נוספות (ניסיון חבלה חמורה בנסיבות מחמירות, איומים), בעוד שבתיק 2 העבירה הנוספת היא שינוי זהות רכב – עבירה חמורה פחות. חומרת המעשים בתיק 1 גבוהה יותר.

2. **תפקיד הנאשם ומעורבותו**  
בתיק 1 הנאשם פעל באופן יזום ומתוכנן, החזיק והסתיר נשק, והיה מעורב בעבירות נוספות עם פוטנציאל לאלימות. בתיק 2 מדובר בהחזקה בלבד, ללא תכנון, וללא שימוש או איום ממשי.

3. **שיטת הביצוע (MO)**  
בשני המקרים הנשק הוחזק ברכב, אך בתיק 1 הייתה הסלקה מתוחכמת (בזחל, בתקרה אקוסטית), נשק עם כדור בקנה, ותכנון מוקדם. בתיק 2 – החזקה פשוטה יותר, נשק מופרד מתחמושת, ללא תחכום מיוחד.

4. **נסיבות הליבה**  
בתיק 1: תכנון, הסלקה, נשק חם, תחמושת רבה, נשק עם כדור בקנה, עבירות נלוות חמורות, פוטנציאל ממשי לשימוש. בתיק 2: החזקה קצרה, נשק מופרד, ללא תכנון, ללא נסיבות מחמירות, ללא שימוש.

5. **ישימות כתקדים**  
למרות ששני התיקים עוסקים בעבירות נשק, ההבדלים בחומרה, בתכנון, בנסיבות ובמעורבות הנאשם מהותיים. תיק 1 לא ישמש תקדים ענייני ישיר לתיק 2 (ולהפך), בעיקר בשל הפער בחומרה ובנסיבות.

SIMILARITY_SCORE: 35","ok",""
"ME-16-02-59812-881","ME-16-03-54615-517",1,0,0,"{""מקום עבודה"": ""בית ספר יסודי"", ""תפקיד בעבודה"": ""מאבטחת"", ""סוג האקדח"": ""תארוס 9 מ\""מ"", ""תקופת העבירות"": ""יולי 2015 - פברואר 2016"", ""סוגי סמים"": ""חשיש, הרואין"", ""כמות סם הרואין"": ""ארבע חבילות"", ""מחיר מכירת הנשק"": ""8,000 ₪"", ""סכום כסף במזומן"": ""8,000 ₪"", ""שם הקונה"": ""מחמוד צאלוק"", ""סיבת מכירת הנשק"": ""צורך בכסף לרכישת סמים"", ""תיאור האירוע המזויף"": ""שוד בו נגנב האקדח"", ""תגובת מעבידה לאירוע השוד"": ""פנייה מיידית למשטרה"", ""תאריך הדיווח על השוד"": ""18.2.16"", ""מספר עבירה"": ""144 ב"", ""סוג עבירה"": ""סחר בנשק"", ""עבירות נוספות"": ""הנאשם הואשם והורשע בנוסף לעבירת נשק (סחר בנשק לפי סעיף 144(ב2)), גם בעבירות מסירת ידיעה כוזבת על עבירת פשע (סעיף 243 לחוק העונשין) ושיבוש הליכי משפט (סעיף 244 לחוק העונשין). אלו אינן עבירות נשק."", ""סוג הנשק [אקדח]"": 1.0, ""סטטוס הנשק"": ""נשק מופרד מתחמושת"", ""תכנון"": ""לא"", ""אופן החזקת הנשק"": ""בבית"", ""כמות תחמושת"": ""2 מחסניות, 20 כדורים"", ""מטרה-סיבת העבירה"": ""בצע כסף"", ""שימוש"": ""לא""}","{""מיקום המפגשים"": ""סמוך לביתו של מחמד"", ""מספר תתי מקלע שהועברו"": 2, ""סכום התשלום"": ""3000 ₪"", ""תקלות בנשק"": ""שני תתי מקלע לא ירו"", ""משך הזמן להשגת הנשק"": ""שלושה ימים"", ""משך הזמן להחלפת הנשק"": ""כשבוע"", ""מספר עבירה"": ""144 ב"", ""סוג עבירה"": ""סחר בנשק"", ""סוג הנשק [תת מקלע]"": 1.0, ""סטטוס הנשק"": ""תקול"", ""תכנון"": ""כן"", ""מטרה-סיבת העבירה"": ""בצע כסף"", ""שימוש"": ""לא""}",70.0,"1. **סוג העבירה וחומרתה**  
בשני התיקים מדובר בעבירת סחר בנשק לפי סעיף 144(ב) לחוק העונשין – אותה עבירה, באותה רמת חומרה. עם זאת, בתיק 1 יש גם עבירות נלוות (שיבוש הליכים, מסירת ידיעה כוזבת), שמעלות את החומרה הכוללת.

2. **תפקיד הנאשם ומעורבותו**  
בשני המקרים הנאשמים הם הסוחרים עצמם, יוזמים ומבצעים את העסקה, ולא שליחים או מחזיקים בלבד. המעורבות פעילה וברורה.

3. **שיטת הביצוע (MO)**  
בשני המקרים מדובר בעסקת מכירה ישירה של נשק תמורת כסף, אך יש הבדל: בתיק 1 מדובר במכירת אקדח ממקום עבודה (תוך ניצול מעמד כמאבטחת), כולל ניסיון להסתיר את המעשה באמצעות דיווח כוזב; בתיק 2 – מכירת תתי-מקלע, עם תכנון מוקדם, תקלות טכניות והחלפה. דפוס דומה (סחר ישיר), אך יש הבדל מהותי במורכבות ובתחכום.

4. **נסיבות הליבה**  
בתיק 1 נמכר אקדח עם תחמושת, בתיק 2 – שני תתי-מקלע תקולים. בתיק 1 לא היה תכנון מוקדם, בתיק 2 כן. בתיק 1 יש נסיבות מחמירות (ניצול תפקיד, שיבוש הליכים), בתיק 2 – פחות נסיבות מחמירות, אך הכמות גדולה יותר. בשני המקרים לא נעשה שימוש בפועל בנשק.

5. **ישימות כתקדים**  
שני התיקים רלוונטיים זה לזה כתקדימים בענייני ענישה בעבירת סחר בנשק, אך ההבדלים בנסיבות (סוג הנשק, תכנון, עבירות נלוות, ניצול תפקיד) יובילו לכך שבית המשפט יבחין ביניהם וייתן משקל שונה לכל מקרה. עדיין, יש דמיון מהותי גבוה.

SIMILARITY_SCORE: 70","ok",""
"SH-23-03-19819-247","SH-16-11-7544-55",3,1,1,"{""מיקום החיפוש"": ""בית הנאשם ברהט"", ""זמן החיפוש"": ""15.2.23 בסמוך לשעה 13:04"", ""מיקום הנשק בבית"": ""עטוף בשקית שחורה מעל ארון, שהיה מעל מקרר המטבח"", ""מספר עבירה"": ""144 א"", ""סוג עבירה"": ""החזקה נשק"", ""סוג הנשק - אם לא נמצא בטבלה"": ""רובה דמוי רובה סער W300326 מסוג M-16 – רובה אויר שהוסב לירי תחמושת בקליבר 5.56X45"", ""סטטוס הנשק"": ""נשק מופרד מתחמושת"", ""תכנון"": ""לא"", ""אופן החזקת הנשק"": ""בבית, מוסלק - מוסתר"", ""כמות תחמושת"": ""3 מחסניות ובהן כמה עשרות כדורים"", ""שימוש"": ""לא""}","{""מיקום האירוע"": ""מחלף להב-שומריה, כביש 6 לכוון צפון"", ""תאריך האירוע"": ""26.10.16"", ""שם השוטר"": ""מיכאל אדרי"", ""קוטר הקליעים"": ""9 מ\""מ"", ""מספר עבירה"": ""144 א"", ""סוג עבירה"": ""החזקה נשק"", ""סוג הנשק [תת מקלע מאולתר]"": 1.0, ""סטטוס הנשק"": ""נשק מופרד מתחמושת"", ""תכנון"": ""לא"", ""אופן החזקת הנשק"": ""על גופו, מוסלק - מוסתר"", ""כמות תחמושת"": ""מחסנית ובה 10 כדורים"", ""שימוש"": ""לא""}",85.0,"1. **סוג העבירה וחומרתה** — בשני המקרים מדובר בעבירה זהה: החזקת נשק בניגוד לסעיף 144(א) לחוק העונשין, ללא שימוש וללא תכנון, כאשר הנשק מופרד מתחמושת. רמת החומרה דומה, אם כי יש הבדל מסוים בסוג הנשק (רובה סער מוסב לעומת תת-מקלע מאולתר), אך שניהם כלי ירייה משמעותיים.
2. **תפקיד הנאשם ומעורבותו** — בשני המקרים הנאשם הוא המחזיק הישיר של הנשק, ללא אינדיקציה למעורבות כיזם, סוחר או שליח. המעורבות היא החזקה בלבד, ללא פעולה נוספת.
3. **שיטת הביצוע (MO)** — בשני התיקים הנשק הוסלק (מוסתר), אך בתיק 1 ההסלקה הייתה בבית, ואילו בתיק 2 על גופו של הנאשם. ההסלקה דומה במהות (הסתרה), אך יש הבדל מסוים במיקום.
4. **נסיבות הליבה** — בשני המקרים לא נעשה שימוש בנשק, לא היה תכנון, הנשק מופרד מתחמושת, והכמות דומה (כמה עשרות כדורים לעומת 10 כדורים). יש שוני מסוים בסוג הנשק ובכמות התחמושת, אך לא באופן מהותי.
5. **ישימות כתקדים** — שני התיקים דומים מאוד בפרמטרים המהותיים: סוג העבירה, רמת החומרה, אופי ההחזקה והנסיבות. בית המשפט יראה בתיק אחד תקדים רלוונטי מאוד לשני, עם הבדלים מינוריים בלבד (סוג הנשק, מיקום ההסלקה).

SIMILARITY_SCORE: 85","ok",""
"ME-15-12-39071-113","ME-16-10-12213-904",1,0,0,"{""מותג הרכב"": ""מזדה 3"", ""מספר רישוי"": ""71-098-16"", ""מיקום האירוע"": ""כביש מספר 1, בסמוך למחלף הראל"", ""זמן האירוע"": ""22:30"", ""תאריך האירוע"": ""12.10.13"", ""מיקום הנשק ברכב"": ""מתחת לשטיח שמתחת למושב הסמוך לנהג"", ""סוג הנשק"": ""אקדח חצי אוטומטי מסוג סטאר"", ""מספר עבירה"": ""144 א"", ""סוג עבירה"": ""החזקה נשק"", ""סוג הנשק [אקדח]"": 1.0, ""סטטוס הנשק"": ""תקין"", ""תכנון"": ""לא"", ""אופן החזקת הנשק"": ""ברכב, מוסלק - מוסתר"", ""מטרה-סיבת העבירה"": ""הגנה עצמית"", ""שימוש"": ""לא""}","{""סוג הרכב"": ""סובארו"", ""בעלות על הרכב"": ""רשום על שם אחיו, מג'ד"", ""מיקום החזקת הנשק"": ""מתחת לכיסא הנוסע שליד הנהג"", ""מיקום המחסנית"": ""מתחת לכיסא הנוסע שליד הנהג"", ""מיקום הכדור"": ""במכנסי הנאשם"", ""סוג התחמושת"": ""כדור 9 מ\""מ"", ""מיקום החזקת הנשק בעת המעצר"": ""במוסך"", ""מיקום המחסנית בעת המעצר"": ""במוסך"", ""מיקום הכדור בעת המעצר"": ""במכנסי הנאשם"", ""מספר עבירה"": ""144 ב"", ""סוג עבירה"": ""נשיאת נשק"", ""סוג הנשק [תת מקלע מאולתר]"": 1.0, ""סטטוס הנשק"": ""נשק מופרד מתחמושת"", ""תכנון"": ""כן"", ""אופן החזקת הנשק"": ""ברכב, מוסלק - מוסתר"", ""כמות תחמושת"": ""מחסנית ריקה ובה 0 כדורים, 1 כדור"", ""שימוש"": ""לא""}",40.0,"1. **סוג העבירה וחומרתה** — תיק 1 עוסק ב""החזקה"" (סעיף 144(א)), ותיק 2 ב""נשיאה"" (סעיף 144(ב)); נשיאת נשק נחשבת חמורה יותר מהחזקה בלבד, ובנוסף בתיק 2 מדובר בתת-מקלע מאולתר (נשק חמור יותר מאקדח סטנדרטי).
2. **תפקיד הנאשם ומעורבותו** — בשני המקרים הנאשם החזיק את הנשק ברכב, אך בתיק 2 יש אינדיקציה לתכנון (""כן""), ובתיק 1 לא היה תכנון; בתיק 2 הכדור היה במכנסי הנאשם, מה שמרמז על מעורבות פעילה יותר.
3. **שיטת הביצוע (MO)** — בשני המקרים הנשק הוסלק ברכב, מתחת למושב הנוסע, אך בתיק 2 יש גם תחמושת מופרדת, והנשק נמצא במוסך, לא במהלך נסיעה.
4. **נסיבות הליבה** — בתיק 1 מדובר באקדח תקין, ללא תחמושת זמינה, ללא תכנון, וללא שימוש; בתיק 2 תת-מקלע מאולתר, מחסנית ריקה, כדור אחד, תכנון, והנשק והתחמושת היו מופרדים אך זמינים.
5. **ישימות כתקדים** — שני התיקים עוסקים בהסלקת נשק ברכב, אך ההבדלים בסוג העבירה, חומרת הנשק, קיומו של תכנון ומעורבות הנאשם, הופכים את תיק 1 לפחות רלוונטי כתקדים ענייני לתיק 2 (ולהפך). ייתכן שבית המשפט יתייחס לדמיון בשיטת ההסלקה, אך לא יראה בהם תקדימים מהותיים זה לזה לעניין הענישה.

SIMILARITY_SCORE: 40","ok",""
"ME-16-08-44157-713","ME-17-05-35227-215",2,0,1,"{""מיקום העבירה"": ""לוד"", ""מספר עבירות נשק שנידונו"": 3, ""סוגי תחמושת"": ""טוטו, 100 כדורים"", ""מחירים מבוקשים לנשק"": ""10,500 ₪, 10,000 ₪"", ""סוגי נשק נוספים שהוצעו"": ""אקדח 14, אקדח 7, קאנס"", ""תכונות נוספות של הנשק"": ""משתיק קול, כוונת טלסקופית"", ""מספר שותפים בעסקת הנשק"": ""מספר"", ""מספר עבירה"": ""144 ב"", ""סוג עבירה"": ""סחר בנשק"", ""עבירות נוספות"": ""הנאשם הורשע בנוסף לעבירות נשק (סחר בנשק לפי סעיף 144(ב2)), גם בעבירה של קשירת קשר לביצוע פשע לפי סעיף 449(א)(1) לחוק העונשין, שהיא עבירה שאינה עבירת נשק."", ""סוג הנשק [רובה צלפים]"": 1.0, ""סוג הנשק - אם לא נמצא בטבלה"": ""קרל גוסטב מאולתר, מיני עוזי, אקדח 14, אקדח 7"", ""סטטוס הנשק"": ""נשק מופרד מתחמושת"", ""תכנון"": ""כן"", ""אופן החזקת הנשק"": ""בבית"", ""כמות תחמושת"": ""מחסנית"", ""מטרה-סיבת העבירה"": ""בצע כסף"", ""שימוש"": ""לא""}","{""תאריך העבירה"": ""7 במאי 2017"", ""זמן העבירה"": ""צהריים"", ""סוג הרכב"": ""אופנוע"", ""דגם הרכב"": ""קואנג יאנג טיו"", ""מיקום הנשק ברכב"": ""תא מטען"", ""מספר עבירה"": ""144 ב"", ""סוג עבירה"": ""נשיאת נשק, הובלת נשק"", ""סוג הנשק [תת מקלע מאולתר]"": 1.0, ""סטטוס הנשק"": ""נשק עם מחסנית בהכנס"", ""תכנון"": ""כן"", ""אופן החזקת הנשק"": ""ברכב"", ""שימוש"": ""לא""}",30.0,"1. **סוג העבירה וחומרתה**  
תיק 1 עוסק בסחר בנשק (סעיף 144(ב2)), עבירה חמורה יותר, ובנוסף קשירת קשר לביצוע פשע; תיק 2 עוסק בנשיאת נשק והובלת נשק (סעיף 144(ב)), עבירה פחותה יחסית. מדובר באותו תחום (נשק), אך רמת החומרה והעבירה שונה מהותית.

2. **תפקיד הנאשם ומעורבותו**  
בתיק 1 הנאשם פעל כיזם וסוחר, יזם עסקאות, הציע סוגי נשק שונים, תכנן והחזיק בבית; בתיק 2 הנאשם שימש כמוביל/מחזיק בלבד, ללא אינדיקציה למעורבות יזמית או מסחרית.

3. **שיטת הביצוע (MO)**  
בתיק 1: עסקאות מתוכננות, הצעות מגוונות, מספר שותפים, החזקה בבית; בתיק 2: הובלה חד-פעמית ברכב (אופנוע), החזקת נשק מוסתר בתא מטען. דפוסי פעולה שונים – סחר מתוחכם מול הובלה פשוטה.

4. **נסיבות הליבה**  
תיק 1 כולל כמויות גדולות, סוגי נשק מגוונים, תחמושת רבה, תכנון, אמצעים מיוחדים (משתיק קול, כוונת), מניע כלכלי מובהק; תיק 2 – נשק אחד, מחסנית אחת, תכנון מסוים אך ללא מאפיינים מחמירים נוספים.

5. **ישימות כתקדים**  
בית המשפט יבחין בין סוחר נשק יוזם לבין מוביל/מחזיק, הן ברמת הענישה והן בהיבט המהותי. תיק 1 לא ישמש תקדים ענייני ישיר לתיק 2, למעט אולי בהיבטים טכניים של פרשנות סעיף 144, אך לא לעניין ענישה או חומרה.

SIMILARITY_SCORE: 30","ok",""
"ME-10-08-17917-313","ME-16-04-12480-812",1,0,0,"{""קוטר תחמושת"": ""6.35 מ\""מ"", ""מקום החזקת הנשק"": ""מחסן בית הנאשם"", ""תאריכים נוספים של החזקת הנשק"": ""23.7.10 עד 24.7.10"", ""פרטי נסיעה עם הנשק"": ""נסע לעתלית עם בני משפחתו"", ""כמות סם"": ""15.05 גרם"", ""סוג סם"": ""קנבוס"", ""מחיר תמורת סם"": ""150 ₪"", ""מקום תפיסת הסם"": ""בבית הנאשם"", ""תקופות נוספות של החזקת סם"": ""קדם למועד התפיסה"", ""מספר עבירה"": ""144 א"", ""סוג עבירה"": ""החזקה נשק"", ""עבירות נוספות"": ""הנאשם הורשע בנוסף לעבירות נשק גם בעבירה של החזקת סם מסוכן לצריכה עצמית."", ""סוג הנשק [אקדח]"": 1.0, ""סוג הנשק - אם לא נמצא בטבלה"": ""אקדח עט"", ""סטטוס הנשק"": ""נשק מופרד מתחמושת"", ""תכנון"": ""לא"", ""אופן החזקת הנשק"": ""בבית, מוסלק - מוסתר"", ""אופן קבלת הנשק"": ""מאחר"", ""כמות תחמושת"": ""3 כדורים"", ""מטרה-סיבת העבירה"": ""הגנה עצמית"", ""שימוש"": ""לא""}","{""מיקום האירועים"": ""טירת הכרמל, בית המתלונן, אתר בניה"", ""סוג הרכב"": ""רכב פרטי"", ""סוג הנשק באירוע הראשון"": ""נשק חם"", ""כמות הקליעים באירוע השני"": ""12 קליעים"", ""מיקום התחמושת באירוע השלישי"": ""בזחל של כלי עבודה, מתחת לתקרה אקוסטית"", ""סכום החוב"": ""300 שקלים"", ""זמן המעשה מהוויכוח"": ""פחות משעה וחצי"", ""זמן המעשה מהאירוע הקודם"": ""יומיים, יום אחד"", ""מספר עבירה"": ""144 א, 144 ב"", ""סוג עבירה"": ""החזקה נשק, נשיאת נשק, הובלת נשק"", ""עבירות נוספות"": ""הנאשם הורשע בנוסף לעבירות נשק (סעיף 144) גם בעבירות של ניסיון חבלה חמורה בנסיבות מחמירות (סעיפים 25 + 335 + 333 לחוק העונשין) ואיומים (סעיף 192 לחוק העונשין)."", ""סוג הנשק [תת מקלע מאולתר]"": 1.0, ""סוג הנשק - אם לא נמצא בטבלה"": ""נשק"", ""סטטוס הנשק"": ""נשק עם כדור בקנה"", ""תכנון"": ""כן"", ""אופן החזקת הנשק"": ""ברכב, על גופו, מוסלק - מוסתר"", ""כמות תחמושת"": ""17 כדורים"", ""שימוש"": ""לא""}",25.0,"1. **סוג העבירה וחומרתה**  
שני התיקים כוללים עבירות נשק לפי סעיף 144 א', אך בתיק 2 יש גם עבירות חמורות בהרבה: ניסיון חבלה חמורה בנסיבות מחמירות ואיומים, וכן עבירות נשק נוספות (נשיאה, הובלה). בתיק 1 מדובר בהחזקה בלבד, לצד החזקת סם לשימוש עצמי – עבירה פחותה בהרבה. הפער בחומרה משמעותי.

2. **תפקיד הנאשם ומעורבותו**  
בתיק 1 הנאשם מחזיק את הנשק בביתו, מוסתר, ללא שימוש או תכנון, ומטרתו המוצהרת – הגנה עצמית. בתיק 2 הנאשם נושא, מוביל ומחזיק נשק, עם תכנון, מעורבות אקטיבית, והקשר לאירועים פליליים נוספים (ניסיון חבלה חמורה). המעורבות בתיק 2 פעילה ומסוכנת בהרבה.

3. **שיטת הביצוע (MO)**  
בתיק 1: החזקה פסיבית, הסתרה במחסן, ללא תנועה או שימוש. בתיק 2: החזקה, נשיאה, הובלה, הסתרה במקומות שונים, תכנון מוקדם, והנשק במצב מוכן (כדור בקנה). דפוס הפעולה בתיק 2 אקטיבי, מתוחכם ומסוכן יותר.

4. **נסיבות הליבה**  
תיק 1: אקדח עט, 3 כדורים, לא בשימוש, לא מתוכנן, החזקה בבית, ללא נסיבות מחמירות. תיק 2: תת-מקלע מאולתר, 17 כדורים, נשק עם כדור בקנה, תכנון, החזקה ונשיאה ברכב ועל הגוף, נסיבות מחמירות (ניסיון חבלה חמורה). הפער בנסיבות הליבה גדול מאוד.

5. **ישימות כתקדים**  
למרות ששני התיקים עוסקים בעבירות נשק, ההבדלים בחומרה, במעורבות, בנסיבות ובשיטת הביצוע מהותיים. בית המשפט יתקשה לראות בתיק 1 תקדים ענייני לתיק 2 (או להפך) לצורכי ענישה, בשל הפערים המהותיים.

SIMILARITY_SCORE: 25","ok",""
"ME-20-07-29529-567","ME-16-08-54879-35",2,0,1,"{""תאריך האירוע"": ""30.06.2020"", ""מיקום האירוע"": ""כביש 70 לכיוון צפון"", ""זמן האירוע"": ""שעת ערב"", ""זהות הנהג"": ""פאדי"", ""סוג הרכב"": ""רכב פרטי"", ""סיבת העצירה"": ""חשד להימצאות נשק"", ""מיקום העצירה"": ""סמוך למחלף סומך"", ""תוצאת העצירה"": ""פקק תנועה, עצירת הנאשם והנהג"", ""מספר עבירה"": ""144 ב"", ""סוג עבירה"": ""נשיאת נשק, הובלת נשק"", ""סוג הנשק [אקדח]"": 1.0, ""סטטוס הנשק"": ""נשק מופרד מתחמושת"", ""תכנון"": ""כן"", ""אופן החזקת הנשק"": ""ברכב, על גופו, מוסלק - מוסתר"", ""כמות תחמושת"": ""2 מחסניות"", ""שימוש"": ""לא""}","{""כתובת האירוע"": ""רחוב ברזילי 12, חיפה"", ""תאריך האירוע"": ""17.8.16"", ""שעת האירוע"": ""סמוך לשעה 11:00"", ""מקום מגורי הנאשם"": ""רחוב ברזילי 12, חיפה"", ""קוטר הנשק"": ""9 מ\""מ"", ""כוח הכדור"": ""בכוחו להמית אדם"", ""מספר עבירה"": ""144 ב"", ""סוג עבירה"": ""נשיאת נשק, הובלת נשק"", ""סוג הנשק [תת מקלע מאולתר]"": 1.0, ""סטטוס הנשק"": ""נשק מופרד מתחמושת"", ""תכנון"": ""לא"", ""כמות תחמושת"": ""מחסנית ובה 7 כדורים"", ""שימוש"": ""לא""}",65.0,"1. **סוג העבירה וחומרתה** — בשני המקרים מדובר בעבירה לפי סעיף 144(ב) לחוק העונשין: נשיאת נשק והובלת נשק. עם זאת, בתיק 1 מדובר באקדח, ובתיק 2 בתת-מקלע מאולתר (נשק חמור יותר מבחינת פוטנציאל קטלני). שניהם נשק חם, אך תת-מקלע לרוב ייחשב חמור יותר.
2. **תפקיד הנאשם ומעורבותו** — בשני המקרים הנאשם הוא המחזיק/נושא הנשק, ללא אינדיקציה למעורבות רחבה יותר (כגון סחר או תיווך). בתיק 1 יש תכנון, בתיק 2 אין תכנון.
3. **שיטת הביצוע (MO)** — בשני המקרים הנשק מופרד מתחמושת, מוסלק/מוסתר, לא נעשה בו שימוש בפועל. בתיק 1 ההחזקה ברכב, בתיק 2 בכתובת מגורים.
4. **נסיבות הליבה** — בתיק 1: אקדח, 2 מחסניות, תכנון, החזקה ברכב, מוסלק. בתיק 2: תת-מקלע מאולתר, מחסנית אחת עם 7 כדורים, ללא תכנון, החזקה בבית. בתיק 2 סוג הנשק חמור יותר, אך בתיק 1 יש תכנון ותחמושת רבה יותר.
5. **ישימות כתקדים** — שני התיקים עוסקים באותו סעיף ובדפוס דומה של החזקת נשק חם מופרד מתחמושת, ללא שימוש בפועל. עם זאת, יש הבדל מהותי בסוג הנשק (אקדח מול תת-מקלע), ובשאלת התכנון. בית המשפט עשוי לראות בתיקים אלה תקדימים רלוונטיים זה לזה, אך יבחין בין חומרת סוג הנשק ובין קיומו של תכנון.

SIMILARITY_SCORE: 65","ok",""
"SH-09-05-9349-998","ME-20-07-29529-567",1,0,0,"{""שנת לידה"": ""1979"", ""מקום האירוע"": ""ג'לג'וליה"", ""מיקום הנשק בבית"": ""במקפיא"", ""סוג האקדח"": ""CZ"", ""מספר סידורי של הנשק"": ""1066A"", ""סוג התחמושת"": ""9 מ\""מ"", ""מיקום התחמושת בבית"": ""בתוך נעל בחדרו"", ""מספר עבירה"": ""144 א"", ""סוג עבירה"": ""החזקה נשק"", ""סוג הנשק [אקדח]"": 1.0, ""סטטוס הנשק"": ""נשק מופרד מתחמושת"", ""תכנון"": ""לא"", ""אופן החזקת הנשק"": ""בבית, מוסלק - מוסתר"", ""כמות תחמושת"": ""מחסנית ריקה ובה 0 כדורים, 26 כדורים"", ""שימוש"": ""לא""}","{""תאריך האירוע"": ""30.06.2020"", ""מיקום האירוע"": ""כביש 70 לכיוון צפון"", ""זמן האירוע"": ""שעת ערב"", ""זהות הנהג"": ""פאדי"", ""סוג הרכב"": ""רכב פרטי"", ""סיבת העצירה"": ""חשד להימצאות נשק"", ""מיקום העצירה"": ""סמוך למחלף סומך"", ""תוצאת העצירה"": ""פקק תנועה, עצירת הנאשם והנהג"", ""מספר עבירה"": ""144 ב"", ""סוג עבירה"": ""נשיאת נשק, הובלת נשק"", ""סוג הנשק [אקדח]"": 1.0, ""סטטוס הנשק"": ""נשק מופרד מתחמושת"", ""תכנון"": ""כן"", ""אופן החזקת הנשק"": ""ברכב, על גופו, מוסלק - מוסתר"", ""כמות תחמושת"": ""2 מחסניות"", ""שימוש"": ""לא""}",45.0,"1. **סוג העבירה וחומרתה**  
תיק 1 עוסק ב""החזקה"" (סעיף 144(א)), בעוד תיק 2 עוסק ב""נשיאה והובלה"" (סעיף 144(ב)). נשיאה/הובלה נחשבת חמורה יותר מהחזקה בלבד, שכן היא כרוכה בפוטנציאל שימוש מיידי ובסיכון לציבור.

2. **תפקיד הנאשם ומעורבותו**  
בתיק 1 הנאשם מחזיק את הנשק בביתו, מוסתר, ללא אינדיקציה למעורבות פעילה מעבר להחזקה. בתיק 2 הנאשם נושא ומוביל את הנשק ברכב, עם תכנון מוקדם, מה שמעיד על מעורבות פעילה יותר.

3. **שיטת הביצוע (MO)**  
בשני המקרים הנשק מוסלק ומופרד מהתחמושת, אך בתיק 1 ההסלקה בבית (במקפיא), ובתיק 2 ההסלקה ברכב ועל גוף הנאשם. בתיק 2 יש גם תנועה פיזית עם הנשק, מה שמעלה את רמת הסיכון.

4. **נסיבות הליבה**  
בתיק 1: אקדח CZ, מחסנית ריקה ו-26 כדורים, ללא שימוש, ללא תכנון, החזקה סטטית.  
בתיק 2: אקדח (כנראה דומה), 2 מחסניות, ללא שימוש, עם תכנון, החזקה דינמית (בתנועה).  
ההבדל המרכזי: תכנון והובלה לעומת החזקה בלבד.

5. **ישימות כתקדים**  
בתי המשפט יראו את שני התיקים כרלוונטיים זה לזה במובן הכללי של עבירות נשק, אך בשל ההבדל המהותי בין החזקה סטטית להובלה/נשיאה עם תכנון, תיק 1 לא ישמש תקדים ישיר לענישה בתיק 2 (ולהפך). ייתכן שימוש בהשוואה עקרונית, אך לא כתקדים ענייני מלא.

SIMILARITY_SCORE: 45","ok",""
"ME-22-03-46930-359","ME-16-03-59260-279",1,0,0,"{""תאריך לידה הנאשם"": ""2/8/82"", ""מחיר רכישת הנשק"": ""12000 ₪"", ""מיקום החזקת הנשק"": ""שטח פתוח מכפר מגוריו"", ""פרטי הפגישה"": ""נפגש עם עטאללה באוגוסט 16', קיבל את הנשק והמחסנית"", ""פרטי המסירה לחמאדה"": ""מסר את הנשק והמחסנית לחמאדה בתמורה לרכב יגואר"", ""מספר רישוי הרכב"": ""65-947-64"", ""סכום תשלום לעטאללה"": ""16000 ₪"", ""תאריך גילוי העבירות"": ""פברואר - מרץ 22'"", ""תאריך מעצר הנאשם"": ""2/3/22"", ""תאריך הגשת כתב האישום"": ""22/3/22"", ""מספר עבירה"": ""144 א, 144 ב"", ""סוג עבירה"": ""החזקה נשק, סחר בנשק"", ""סוג הנשק [אקדח]"": 1.0, ""סטטוס הנשק"": ""נשק מופרד מתחמושת"", ""תכנון"": ""כן"", ""אופן קבלת הנשק"": ""רכש"", ""כמות תחמושת"": ""מחסנית"", ""מטרה-סיבת העבירה"": ""בצע כסף"", ""שימוש"": ""לא""}","{""מיקום החזקת הנשק"": ""מחסן חנות דגים"", ""כתובת החנות"": ""רחוב נווה שאנן 37, תל-אביב"", ""סוג האקדח"": ""גלוק"", ""צבע האקדח"": ""שחור"", ""מספר רישום האקדח"": ""F.V.458"", ""סוג התחמושת"": ""כדורי קליבר 9 מ\""מ"", ""מיקום הירי"": ""רחוב התחייה 19, תל אביב-יפו"", ""סוג הרכב"": ""מרצדס"", ""מיקום נוסף שהוזכר"": ""רחוב המנוע 2, תל אביב-יפו"", ""מספר עבירה"": ""144 א, 144 ב"", ""סוג עבירה"": ""החזקה נשק, נשיאת נשק"", ""סוג הנשק [אקדח]"": 1.0, ""סטטוס הנשק"": ""נשק עם מחסנית בהכנס"", ""תכנון"": ""כן"", ""אופן החזקת הנשק"": ""ברכב, על גופו, מוסלק - מוסתר"", ""כמות תחמושת"": ""מחסנית ובה 14 כדורים"", ""שימוש"": ""לא""}",65.0,"1. **סוג העבירה וחומרתה**  
בשני התיקים מיוחסות עבירות לפי סעיפים 144 א ו-144 ב לחוק העונשין – החזקת נשק, כאשר בתיק 1 יש גם רכיב של סחר בנשק, ובתיק 2 – נשיאת נשק. שניהם ברף חומרה גבוה (נשק חם, תחמושת, תכנון), אך סחר נחשב חמור יותר מהחזקה/נשיאה בלבד.

2. **תפקיד הנאשם ומעורבותו**  
בתיק 1 הנאשם פעל כמתווך/סוחר – רכש ומסר נשק בתמורה לרכב, כלומר יוזם ומבצע פעיל בעסקת נשק. בתיק 2 הנאשם מחזיק ונושא נשק מוסתר, אך אין אינדיקציה למעורבות בסחר או תיווך – תפקידו פסיבי יותר.

3. **שיטת הביצוע (MO)**  
בשני המקרים מדובר באקדח עם מחסנית, החזקה מוסתרת, תכנון מוקדם, אך בתיק 1 יש דפוס של רכישה ומסירה (עסקה), בעוד בתיק 2 – החזקה מוסתרת במקומות שונים, ללא מסירה או סחר.

4. **נסיבות הליבה**  
בתיק 1: רכישת נשק, מסירה בתמורה לרכב, תכנון, מניע כלכלי, לא בוצע שימוש. בתיק 2: החזקה מוסתרת, נשיאת נשק עם מחסנית טעונה, לא בוצע שימוש, אך לא מדובר בעסקה. בתיק 2 יש כמות תחמושת גדולה יותר, אך אין נסיבות מחמירות כמו סחר.

5. **ישימות כתקדים**  
שני התיקים עוסקים בעבירות נשק חמורות, עם תכנון והחזקת אקדח ותחמושת, אך ההבדל המהותי הוא רכיב הסחר בתיק 1 לעומת החזקה/נשיאה בלבד בתיק 2. לכן, תיק 1 עשוי לשמש תקדים מחמיר לתיק 2, אך לא להיפך. יש דמיון מהותי, אך לא זהות מלאה.

SIMILARITY_SCORE: 65","ok",""
"ME-16-02-18397-87","ME-12-03-13401-281",1,0,0,"{""מיקום האירוע"": ""כפר דבוריה"", ""סוג הרכב"": ""קטנוע"", ""פעולת המעצר"": ""פניית פרסה ורדיפה שוטרית"", ""התנהגות במהלך המעצר"": ""סירוב לפתוח את תא האופנוע"", ""מצב הנשק"": ""חסר חלק פנימי חיוני לפעולת ירי"", ""מספר עבירה"": ""144 ב"", ""סוג עבירה"": ""נשיאת נשק, הובלת נשק"", ""עבירות נוספות"": ""הנאשם הורשע בנוסף לעבירות נשק (סעיף 144(ב) לחוק העונשין) גם בעבירות תעבורה: נהיגה ללא רישיון נהיגה (סעיף 10(א) לפקודת התעבורה), נהיגה ללא ביטוח (סעיף 2(א)(ב) לפקודת ביטוח רכב מנועי), וללא רישיון רכב (סעיף 2 לפקודת התעבורה)."", ""סוג הנשק [אקדח]"": 1.0, ""סטטוס הנשק"": ""תקול"", ""תכנון"": ""לא"", ""אופן החזקת הנשק"": ""ברכב, על גופו, מוסלק - מוסתר"", ""כמות תחמושת"": ""כדורים"", ""שימוש"": ""לא""}","{""סוג האקדח"": ""CZ קליבר 9 מ\""מ"", ""מקור הנשק"": ""נגנב"", ""תאריך גניבת הנשק"": ""3.2.12"", ""מיקום הגניבה"": ""ביישוב ציפורי"", ""מיקום הירי"": ""רחוב שיבת ציון בחיפה"", ""זמן הירי"": ""סמוך לשעה 00:38"", ""זמן המעצר"": ""סמוך לשעה 1:50"", ""מצב הנשק בעת המעצר"": ""טעון עם כדור בקנה ופטיש האקדח משוך לאחור"", ""מספר כדורים שנורו"": ""11"", ""מספר עבירה"": ""144 א, 144 ב"", ""סוג עבירה"": ""החזקה נשק, נשיאת נשק, הובלת נשק"", ""עבירות נוספות"": ""הנאשם הורשע גם בעבירה של ירי באזור מגורים לפי סעיף 340א לחוק העונשין, שהיא עבירה שאינה לפי סעיף 144."", ""סוג הנשק [אקדח]"": 1.0, ""סטטוס הנשק"": ""נשק עם כדור בקנה"", ""תכנון"": ""לא"", ""אופן החזקת הנשק"": ""ברכב"", ""כמות תחמושת"": ""2 מחסניות ובהן כדורים, 11 כדורים"", ""שימוש"": ""לא""}",35.0,"1. **סוג העבירה וחומרתה**  
שני התיקים עוסקים בעבירות נשק (נשיאה, הובלה, החזקה), אך בתיק 2 יש גם עבירת ירי באזור מגורים (סעיף 340א), שהיא חמורה יותר מהעבירות בתיק 1. בנוסף, בתיק 2 בוצע ירי בפועל, בעוד שבתיק 1 לא נעשה שימוש בנשק, והוא אף היה תקול.

2. **תפקיד הנאשם ומעורבותו**  
בשני המקרים הנאשם החזיק ונשא את הנשק, אך בתיק 2 הייתה מעורבות פעילה יותר – ירי של 11 כדורים באזור מגורים. בתיק 1 הנאשם סירב לשתף פעולה אך לא עשה שימוש בנשק.

3. **שיטת הביצוע (MO)**  
בשני המקרים הנשק הוסתר ברכב, אך בתיק 2 מדובר בנשק גנוב, טעון ומוכן לירי, ובוצע ירי בפועל. בתיק 1 הנשק היה מוסתר ותקול, ללא שימוש.

4. **נסיבות הליבה**  
בתיק 2: ירי בפועל, נשק גנוב, טעון, 11 כדורים, עבירה חמורה של ירי באזור מגורים. בתיק 1: נשק תקול, לא בוצע ירי, עבירות תעבורה נלוות, ללא תכנון או נסיבות מחמירות נוספות.

5. **ישימות כתקדים**  
בית המשפט יראה את שני התיקים כרלוונטיים זה לזה רק במידה מוגבלת – שניהם עוסקים בעבירות נשק, אך חומרת המעשים, השימוש בנשק והנסיבות שונים מהותית. תיק 2 חמור בהרבה, ולכן תיק 1 לא ישמש תקדים ענייני מלא לתיק 2, אך ייתכן וישמש להשוואה כללית בענישה בעבירות נשק ללא שימוש.

SIMILARITY_SCORE: 35","ok",""
"ME-17-10-62597-895","SH-15-12-65958-120",1,0,0,"{""תאריך העבירה"": ""דצמבר 2016"", ""מיקום העבירה"": ""מחוץ ליישוב לקיה"", ""סוג האקדח"": ""FN"", ""מעורבות בפרשייה מורכבת"": ""כן"", ""מספר עבירה"": ""144 ב"", ""סוג עבירה"": ""נשיאת נשק, הובלת נשק"", ""סוג הנשק [אקדח]"": 1.0, ""סטטוס הנשק"": ""נשק מופרד מתחמושת"", ""תכנון"": ""לא"", ""אופן החזקת הנשק"": ""על גופו"", ""כמות תחמושת"": ""מחסנית, כדורים"", ""שימוש"": ""לא""}","{""מיקום החזקת הנשק"": ""טייבה"", ""סוגי נשק נוספים"": ""אקדח זיג זאוור, קרלו"", ""קוטר תחמושת"": ""9 מ\""מ, 7.65 מ\""מ"", ""מספר כדורים במחסנית"": ""8, 15, 6"", ""מיקומי החזקת הנשק"": ""מעל ארון במטבח, בספרייה"", ""סוגי מחסניות"": ""מחסנית טעונה, מחסנית ריקה"", ""מספר עבירה"": ""144 א"", ""סוג עבירה"": ""החזקה נשק"", ""סוג הנשק [אקדח]"": 1.0, ""סוג הנשק [תת מקלע מאולתר]"": 1.0, ""סטטוס הנשק"": ""נשק עם מחסנית בהכנס"", ""תכנון"": ""כן"", ""אופן החזקת הנשק"": ""בבית, מוסלק - מוסתר"", ""אופן קבלת הנשק"": ""רכש"", ""כמות תחמושת"": ""מחסנית ובה 8 כדורים, מחסנית ובה 15 כדורים, מחסנית ריקה ובה 0 כדורים, מחסנית ובה 6 כדורים"", ""מטרה-סיבת העבירה"": ""הגנה עצמית"", ""שימוש"": ""לא""}",35.0,"1. **סוג העבירה וחומרתה** — תיק 1 עוסק ב""נשיאת נשק, הובלת נשק"" (סעיף 144(ב)), בעוד תיק 2 עוסק ב""החזקת נשק"" (סעיף 144(א)). שניהם בתחום עבירות הנשק, אך סעיף 144(ב) חמור יותר (נשיאה/הובלה לעומת החזקה בלבד), ובתיק 2 יש גם החזקת תת-מקלע מאולתר, שמחמירה את חומרת העבירה.
2. **תפקיד הנאשם ומעורבותו** — בתיק 1: נשיאת נשק על הגוף, ללא תכנון, כחלק מפרשייה מורכבת (ייתכן תפקיד פעיל אך לא יוזם). בתיק 2: רכישת נשק, הסלקה בבית, תכנון, החזקה של מספר כלי נשק ותחמושת — מעורבות יוזמת, אקטיבית, עם שליטה מלאה.
3. **שיטת הביצוע (MO)** — תיק 1: נשיאת אקדח בודד על הגוף, ללא תכנון, מחוץ ליישוב. תיק 2: רכישת מספר כלי נשק, הסלקה מתוחכמת בבית, תכנון מוקדם, החזקת תחמושת רבה. דפוסי פעולה שונים מהותית.
4. **נסיבות הליבה** — תיק 1: אקדח בודד, לא טעון, לא נעשה שימוש, ללא תכנון. תיק 2: מספר כלי נשק (כולל תת-מקלע), חלקם טעונים, הסלקה, תכנון, תחמושת רבה, טענה להגנה עצמית. נסיבות תיק 2 מחמירות בהרבה.
5. **ישימות כתקדים** — למרות ששני התיקים עוסקים בעבירות נשק, ההבדלים בסוג העבירה, היקף הנשק, רמת התכנון והחומרה מהותיים. בית המשפט יתקשה לראות בתיק 1 תקדים ענייני לתיק 2, ולהפך, בשל פערי החומרה והנסיבות.

SIMILARITY_SCORE: 35","ok",""
"ME-13-02-28360-614","ME-16-06-44840-433",1,0,0,"{""מיקום האירוע"": ""רהט"", ""תאריך האירוע"": ""9/2/13"", ""התנהגות במהלך המעצר"": ""ניסיון בריחה"", ""מצב הנהגה"": ""נהיגה תחת השפעת אלכוהול"", ""שימוש בנשק"": ""ירי באוויר"", ""מספר יריות"": ""שלוש"", ""התערבות שוטרים"": ""ניידת משטרה עם אורות כחולים דולקים וסירנה"", ""אופן העצירה"": ""נסיעה על המדרכה וחסימת נתיב על ידי ניידת משטרה"", ""מספר עבירה"": ""144 ב"", ""סוג עבירה"": ""נשיאת נשק"", ""עבירות נוספות"": ""הנאשם הורשע בנוסף לעבירות נשק (סעיף 144(ב) לחוק העונשין) גם בעבירות נוספות: הפרעה לשוטר במילוי תפקידו (סעיף 275 לחוק העונשין), נהיגה ללא רישיון (סעיף 10(א) לפקודת התעבורה), נהיגה ללא ביטוח (סעיף 2 לפקודת ביטוח רכב מנועי), ונהיגה תחת השפעת משקאות משכרים (תקנה 26(2) לתקנות התעבורה)."", ""סוג הנשק - אם לא נמצא בטבלה"": ""נשק"", ""סטטוס הנשק"": ""נשק עם כדור בקנה"", ""תכנון"": ""לא"", ""אופן החזקת הנשק"": ""ברכב"", ""שימוש"": ""לא""}","{""שנת לידה"": ""1993"", ""מיקום האירוע"": ""רחוב האפרסמון, ירושלים"", ""תאריך האירוע"": ""5.6.16"", ""מעורבים נוספים"": ""אלירון גולד, רן אברג'יל, יוני אברג'יל, נתי קורקוס"", ""סוגי רימונים"": ""רימון הלם, רימון גז"", ""הדרכה בשימוש בנשק"": ""הנאשם הסביר לאלירון כיצד להשתמש ברימון הגז"", ""העברת נשק"": ""הנאשם העביר רימוני הלם בין מקומות מסתור"", ""מספר עבירה"": ""144 א, 144 ב"", ""סוג עבירה"": ""החזקה נשק, נשיאת נשק"", ""עבירות נוספות"": ""הנאשם הורשע בנוסף לעבירות נשק (סעיף 144) גם בסיוע לנסיון לתקיפה לפי סעיפים 379 + 25 + 31 לחוק העונשין. זוהי עבירה שאינה עבירת נשק."", ""סוג הנשק [רימון הלם/גז]"": 1.0, ""סטטוס הנשק"": ""נשק מופרד מתחמושת"", ""תכנון"": ""כן"", ""אופן החזקת הנשק"": ""מוסלק - מוסתר"", ""שימוש"": ""זריקת רימון""}",35.0,"1. **סוג העבירה וחומרתה**  
שני התיקים עוסקים בעבירות נשק (סעיפים 144(א)/(ב)), אך בתיק 1 מדובר בנשיאת נשק חם (ירי באוויר), בעוד שבתיק 2 מדובר בהחזקה ונשיאה של רימוני הלם וגז, כולל שימוש (זריקה). בתיק 2 יש גם תכנון מוקדם, ובשני התיקים יש עבירות נלוות, אך בתיק 2 יש גם סיוע לניסיון תקיפה – עבירה חמורה יותר מהפרעה לשוטר ונהיגה בשכרות שבתיק 1. רמת החומרה בתיק 2 גבוהה יותר בשל התכנון והשימוש האקטיבי ברימונים.

2. **תפקיד הנאשם ומעורבותו**  
בתיק 1 הנאשם פעל לבד, החזיק וירה בנשק (אם כי לא לעבר אדם), וניסה להימלט מהמשטרה. בתיק 2 הנאשם היה חלק מקבוצה, הדריך אחרים, העביר רימונים והשתמש בהם בפועל (זריקה). המעורבות בתיק 2 יוזמת, מתוכננת וקבוצתית, לעומת מעורבות בודדת ובלתי מתוכננת בתיק 1.

3. **שיטת הביצוע (MO)**  
בתיק 1: החזקת נשק ברכב, ירי באוויר, ניסיון בריחה מהמשטרה. בתיק 2: הסלקת רימונים, הדרכה בשימוש, העברה בין מקומות, זריקה בפועל. דפוסי הפעולה שונים – בתיק 2 יש תכנון, שיתוף פעולה, והסתרה; בתיק 1 – פעולה בודדת, לא מתוכננת, ותגובה מיידית.

4. **נסיבות הליבה**  
בתיק 1: ירי באוויר (לא לעבר אדם), נהיגה בשכרות, ניסיון בריחה, נשק עם כדור בקנה, ללא תכנון. בתיק 2: רימונים מוסלקים, תכנון מוקדם, הדרכה, זריקה בפועל, שותפים נוספים, נשק מופרד מתחמושת. הנסיבות בתיק 2 מחמירות יותר – תכנון, שותפים, שימוש אקטיבי.

5. **ישימות כתקדים**  
למרות ששני התיקים עוסקים בעבירות נשק, ההבדלים המהותיים – סוג הנשק, רמת התכנון, המעורבות הקבוצתית והשימוש האקטיבי לעומת ירי באוויר – הופכים את תיק 1 לפחות רלוונטי כתקדים ענייני לתיק 2. בית המשפט יראה הבדלים מהותיים במידת החומרה והנסיבות.

SIMILARITY_SCORE: 35","ok",""
"SH-18-06-11098-353","SH-16-11-7544-55",3,1,1,"{""סוג רובה"": ""גליל"", ""מספר סידורי נשק"": ""נמחק"", ""תאריך תפיסה"": ""23/05/18"", ""סוג תחמושת"": ""מחסניות ותחמושת"", ""מספר עבירה"": ""144 א"", ""סוג עבירה"": ""החזקה נשק"", ""סוג הנשק [רובה סער]"": 1.0, ""סטטוס הנשק"": ""נשק מופרד מתחמושת"", ""תכנון"": ""לא"", ""אופן החזקת הנשק"": ""בבית, מוסלק - מוסתר"", ""שימוש"": ""לא""}","{""מיקום האירוע"": ""מחלף להב-שומריה, כביש 6 לכוון צפון"", ""תאריך האירוע"": ""26.10.16"", ""שם השוטר"": ""מיכאל אדרי"", ""קוטר הקליעים"": ""9 מ\""מ"", ""מספר עבירה"": ""144 א"", ""סוג עבירה"": ""החזקה נשק"", ""סוג הנשק [תת מקלע מאולתר]"": 1.0, ""סטטוס הנשק"": ""נשק מופרד מתחמושת"", ""תכנון"": ""לא"", ""אופן החזקת הנשק"": ""על גופו, מוסלק - מוסתר"", ""כמות תחמושת"": ""מחסנית ובה 10 כדורים"", ""שימוש"": ""לא""}",80.0,"1. **סוג העבירה וחומרתה**  
בשני התיקים מדובר בעבירה זהה: החזקת נשק לפי סעיף 144(א) לחוק העונשין, ללא שימוש וללא תכנון, כאשר בשני המקרים הנשק היה מופרד מהתחמושת. רמת החומרה דומה.

2. **תפקיד הנאשם ומעורבותו**  
בשני המקרים מדובר בהחזקה בלבד, ללא אינדיקציה ליזמות, סחר או תיווך. המעורבות היא של ""מחזיק"" ולא של יוזם/סוחר.

3. **שיטת הביצוע (MO)**  
בשני המקרים הנשק הוסלק (מוסתר), אך בתיק 1 ההסלקה הייתה בבית ובתיק 2 על גוף הנאשם. בשני המקרים לא נעשה שימוש בנשק.

4. **נסיבות הליבה**  
הנשק בשני המקרים היה מופרד מהתחמושת, לא נעשה בו שימוש, לא היה תכנון, אך יש הבדל מסוים: בתיק 1 מדובר ברובה סער (גליל), בתיק 2 בתת-מקלע מאולתר. בתיק 2 נתפסה מחסנית עם 10 כדורים, בתיק 1 לא מצוין מספר הכדורים. שני סוגי הנשק מסוכנים, אך תת-מקלע מאולתר עשוי להיחשב מסוכן יותר, תלוי בנסיבות.

5. **ישימות כתקדים**  
בית המשפט יראה את שני התיקים כרלוונטיים זה לזה לצורכי ענישה, שכן מדובר באותה עבירה, דפוס דומה של החזקה מוסלקת, ללא שימוש וללא תכנון. ההבדלים (סוג הנשק, מיקום ההסלקה) אינם מהותיים דיים כדי לשלול רלוונטיות תקדימית.

SIMILARITY_SCORE: 80","ok",""
"ME-14-07-13179-197","m08000207-175",1,0,0,"{""קרבת משפחה"": ""בני דודים"", ""מיקום האירוע"": ""כפר יפיע, אכסאל"", ""סכום החוב"": ""2,000 ₪"", ""מקום עבודה"": ""מגרש לפירוק כלי רכב"", ""סוג הנשק במגרש"": ""אקדח גלוק"", ""מספר יריות"": ""3 יריות"", ""מטרת הירי"": ""הפחדה או הקנטה"", ""זמן הירי"": ""סמוך לשעה 22:30"", ""זמן האירוע במגרש"": ""בין 12.02.13 ל-13.02.13"", ""זמן הירי במגרש"": ""סמוך לשעה 00:12"", ""מספר אנשים במגרש"": ""שלושה"", ""פעולה לאחר הירי"": ""איסוף תרמילי האקדח"", ""מספר עבירה"": ""144 א, 144 ב"", ""סוג עבירה"": ""החזקה נשק, נשיאת נשק"", ""עבירות נוספות"": ""הנאשם הורשע, בנוסף לעבירות נשק לפי סעיף 144, גם בעבירות נוספות: ירי באזור מגורים (סעיף 340א), שיבוש מהלכי משפט (סעיף 244), הפרת הוראה חוקית (סעיף 287(א)), גניבה (סעיף 384), ואיומים (סעיף 192)."", ""סוג הנשק [אקדח]"": 1.0, ""סטטוס הנשק"": ""נשק עם כדור בקנה"", ""תכנון"": ""לא"", ""אופן החזקת הנשק"": ""על גופו"", ""כמות תחמושת"": ""שלוש מחסניות ובהן כדורים"", ""מטרה-סיבת העבירה"": ""בצע כסף"", ""שימוש"": ""לא""}","{""זמן האירוע"": ""12.7.08 בשעה 00:55"", ""מיקום האירוע"": ""סמוך לצומת הערבה"", ""סוג הנשק [קוטר]"": ""0.9 מ\""מ"", ""משקל החשיש"": ""1.36 גרם נטו"", ""מספר עבירה"": ""144 ב"", ""סוג עבירה"": ""נשיאת נשק"", ""עבירות נוספות"": ""הנאשם הורשע בנוסף לעבירות נשק (סעיף 144(ב) לחוק העונשין) גם בשתי עבירות של החזקת סם לצריכה עצמית בלבד, לפי סעיף 7(א)+(ג) סיפא לפקודת הסמים המסוכנים."", ""סוג הנשק [אקדח]"": 1.0, ""סטטוס הנשק"": ""נשק עם מחסנית בהכנס"", ""תכנון"": ""לא"", ""אופן החזקת הנשק"": ""ברכב"", ""כמות תחמושת"": ""מחסנית ובה 15 כדורים, מחסנית ובה 10 כדורים"", ""שימוש"": ""לא""}",35.0,"1. **סוג העבירה וחומרתה**  
בשני התיקים מדובר בעבירות נשק – נשיאת נשק (סעיף 144(ב)), ובשניהם מדובר באקדח טעון. עם זאת, בתיק 1 יש גם עבירות חמורות נוספות (ירי באזור מגורים, שיבוש מהלכי משפט, איומים, גניבה), בעוד שבתיק 2 העבירות הנוספות הן החזקת סם לצריכה עצמית בלבד – עבירה פחותה בהרבה. חומרת האירועים בתיק 1 גבוהה יותר.

2. **תפקיד הנאשם ומעורבותו**  
בתיק 1 הנאשם היה מעורב באופן פעיל – ביצע ירי, אסף תרמילים, פעל להסתיר ראיות. בתיק 2 הנאשם החזיק את הנשק ברכב, ללא שימוש או הפעלת אלימות. המעורבות בתיק 1 אקטיבית ומסוכנת יותר.

3. **שיטת הביצוע (MO)**  
בתיק 1: נשיאת נשק על הגוף, ירי בפועל, איסוף תרמילים. בתיק 2: החזקת נשק טעון ברכב, ללא שימוש. דפוס הפעולה שונה – בתיק 1 יש שימוש ממשי בנשק, בתיק 2 לא.

4. **נסיבות הליבה**  
בתיק 1: ירי בפועל, שלוש יריות, איסוף תרמילים, עבירות נלוות חמורות, מניע של בצע כסף, התנהלות לילית במגרש רכב. בתיק 2: החזקת נשק טעון ברכב, ללא ירי, ללא נסיבות מחמירות נוספות, לצד החזקת סם בכמות קטנה. נסיבות הליבה שונות מהותית.

5. **ישימות כתקדים**  
בית המשפט יראה את שני התיקים כרלוונטיים זה לזה רק במובן הצר של עצם נשיאת נשק טעון ללא רישיון, אך בשל השוני המהותי בנסיבות, בחומרה, ובמעורבות – תיק 1 לא ישמש תקדים ענייני מלא לתיק 2 (ולהפך). לכל היותר, ניתן להסתמך על עקרונות כלליים, אך לא מעבר לכך.

SIMILARITY_SCORE: 35","ok",""
"SH-17-04-19242-11","SH-16-11-7544-55",3,1,1,"{""סוג רובה סער"": ""קלאצ'ניקוב"", ""מיקום החזקת הנשק"": ""ארון בחדר שינה"", ""מקור הנשק"": ""מורש מדודו"", ""שנת קבלת הנשק"": ""2000"", ""סוג הפעילות המשטרתית"": ""חיפוש יזום"", ""תאריך המעצר"": ""02/04/17"", ""מספר עבירה"": ""144 א"", ""סוג עבירה"": ""החזקה נשק"", ""סוג הנשק [רובה סער]"": 1.0, ""סטטוס הנשק"": ""נשק מופרד מתחמושת"", ""תכנון"": ""לא"", ""אופן החזקת הנשק"": ""בבית, מוסלק - מוסתר"", ""אופן קבלת הנשק"": ""מאחר"", ""כמות תחמושת"": ""2 מחסניות ובהן כדורים"", ""שימוש"": ""לא""}","{""מיקום האירוע"": ""מחלף להב-שומריה, כביש 6 לכוון צפון"", ""תאריך האירוע"": ""26.10.16"", ""שם השוטר"": ""מיכאל אדרי"", ""קוטר הקליעים"": ""9 מ\""מ"", ""מספר עבירה"": ""144 א"", ""סוג עבירה"": ""החזקה נשק"", ""סוג הנשק [תת מקלע מאולתר]"": 1.0, ""סטטוס הנשק"": ""נשק מופרד מתחמושת"", ""תכנון"": ""לא"", ""אופן החזקת הנשק"": ""על גופו, מוסלק - מוסתר"", ""כמות תחמושת"": ""מחסנית ובה 10 כדורים"", ""שימוש"": ""לא""}",85.0,"1. **סוג העבירה וחומרתה**  
בשני המקרים מדובר בעבירה זהה – החזקת נשק לפי סעיף 144(א) לחוק העונשין. בשני המקרים מדובר בנשק חם (רובה סער/תת-מקלע), שניהם מסווגים כנשק חמור יחסית, והתחמושת נלוות. רמת החומרה דומה.

2. **תפקיד הנאשם ומעורבותו**  
בשני התיקים הנאשם הוא המחזיק בלבד, ללא אינדיקציה לשימוש, סחר או תיווך. אין יוזמה פלילית מעבר להחזקה.

3. **שיטת הביצוע (MO)**  
בשני המקרים הנשק הוסלק (בבית/על הגוף), מופרד מתחמושת, לא נעשה בו שימוש, ולא היה תכנון לפעולה נוספת. דפוס ההחזקה דומה מאוד.

4. **נסיבות הליבה**  
הבדלים מסוימים: בתיק 1 הנשק הוסתר בבית, בתיק 2 – על הגוף; בתיק 1 מדובר ברובה סער (קלאצ'ניקוב), בתיק 2 בתת-מקלע מאולתר (שניהם כלי ירייה מסוכנים, אך תת-מקלע מאולתר לרוב נחשב פחות איכותי). כמויות התחמושת דומות. אין שימוש, אין תכנון, אין נסיבות מחמירות נוספות.

5. **ישימות כתקדים**  
בית המשפט יראה את שני התיקים כרלוונטיים זה לזה לצורכי ענישה, שכן מדובר באותה עבירה, רמת חומרה דומה, דפוס החזקה דומה, ואין נסיבות מחמירות/מקלות מהותיות שמבדילות ביניהם.

SIMILARITY_SCORE: 85","ok",""
"ME-14-10-31218-522","ME-14-12-6904-57",1,0,0,"{""שנת לידה"": 1983, ""זמן האירוע"": ""02:45"", ""תאריך האירוע"": ""29/5/14"", ""מיקום האירוע"": ""דיר אל אסד"", ""סוג הרימון"": ""M7290"", ""צבע הרימון"": ""שחור"", ""מספר הרימון"": ""E386201"", ""פגיעה פוטנציאלית"": ""פגיעה גופנית"", ""מטרת הפעולה"": ""השלכת רימון למרפסת"", ""תוצאת הפעולה"": ""התפוצצות וקול נפץ עז"", ""מספר עבירה"": ""144 א"", ""סוג עבירה"": ""החזקה נשק"", ""סוג הנשק [רימון הלם/גז]"": 1.0, ""תכנון"": ""לא"", ""שימוש"": ""זריקת רימון""}","{""מיקום החזקת הנשק"": ""ארון בגדים בחדר השינה"", ""מחיר הנשק"": ""4000 ש\""ח"", ""מועד רכישת הנשק"": ""כחודש ימים עובר ליום 18.11.2014"", ""מקום מגורים"": ""תל אביב"", ""כמות קנאביס"": ""0.3027 גרם נטו"", ""סוג הנשק"": ""רובה מאולתר מדגם קרל גוסטב"", ""תיאור האופן שבו נשא הנאשם את הנשק"": ""בתוך תיק גב, עטוף בבגדים"", ""מספר עבירה"": ""144 ב"", ""סוג עבירה"": ""נשיאת נשק, הובלת נשק"", ""עבירות נוספות"": ""הנאשם הואשם והורשע בנוסף לעבירת נשק (סעיף 144(ב) לחוק העונשין) גם בעבירה של החזקת סם לצריכה עצמית לפי סעיף 7(א) לפקודת הסמים המסוכנים."", ""סוג הנשק [תת מקלע מאולתר]"": 1.0, ""סטטוס הנשק"": ""נשק מופרד מתחמושת"", ""תכנון"": ""כן"", ""אופן החזקת הנשק"": ""בבית, על גופו, מוסלק - מוסתר"", ""אופן קבלת הנשק"": ""רכש"", ""כמות תחמושת"": ""מחסנית וכדורים, כדורים"", ""שימוש"": ""לא""}",30.0,"1. **סוג העבירה וחומרתה**  
שני התיקים עוסקים בעבירות נשק, אך יש הבדל מהותי: תיק 1 עוסק ב""החזקה"" ושימוש (השלכת רימון הלם), בעוד תיק 2 עוסק ב""נשיאה"" ו""הובלה"" של נשק חם (רובה מאולתר) וכן החזקת סם. חומרת השימוש בפועל (תיק 1) לרוב גבוהה מהחזקה/נשיאה בלבד (תיק 2), במיוחד כשיש שימוש בפועל.

2. **תפקיד הנאשם ומעורבותו**  
בתיק 1 הנאשם פעל באופן אקטיבי ותקיף — זרק רימון הלם למרפסת, פעולה התקפית מובהקת. בתיק 2 הנאשם החזיק, רכש והסתיר נשק, אך לא עשה בו שימוש בפועל; מדובר במעורבות פסיבית יותר.

3. **שיטת הביצוע (MO)**  
בתיק 1: שימוש מיידי וגלוי (השלכת רימון). בתיק 2: רכישה, הסתרה והחזקה ממושכת של נשק, ללא שימוש. דפוסי הפעולה שונים מהותית — תקיפה לעומת הסתרה/החזקה.

4. **נסיבות הליבה**  
תיק 1: רימון הלם, השלכה בפועל, פוטנציאל לפגיעה גופנית, ללא תכנון מוקדם.  
תיק 2: רובה מאולתר, מוסתר בבית, תכנון ורכישה, ללא שימוש בפועל, נשק מופרד מתחמושת, כמות קטנה של סם. הנסיבות שונות מאוד — סוג נשק, אופן השימוש, תכנון, והקשר לעבירות נוספות.

5. **ישימות כתקדים**  
בתי המשפט יראו את שני התיקים כשייכים לאותו תחום (עבירות נשק), אך בשל ההבדלים המהותיים — סוג הנשק, אופי המעורבות (שימוש לעומת החזקה), והנסיבות — תיק אחד לא ישמש תקדים ענייני מובהק לשני, במיוחד לעניין הענישה.

SIMILARITY_SCORE: 30","ok",""
"ME-16-10-9348-780","ME-17-05-35227-215",1,0,0,"{""סוג תחמושת"": ""כדורי צייד קליבר 12 מ\""מ"", ""מקום החזקת התחמושת"": ""מחסן הבית"", ""סכום כסף נגנב"": ""3500 ₪"", ""סכום שיק נגנב"": ""500 ₪"", ""מקום העצירה"": ""קריית גת"", ""מעורבים נוספים"": ""מוחמד יונס, הקטין פ. י."", ""מקום מגורי הקטין"": ""ערערה"", ""מספר עבירה"": ""144 ב"", ""סוג עבירה"": ""נשיאת נשק"", ""סוג הנשק [רובה צייד]"": 1.0, ""סטטוס הנשק"": ""נשק מופרד מתחמושת"", ""תכנון"": ""לא"", ""אופן החזקת הנשק"": ""בבית, ברכב"", ""כמות תחמושת"": ""75 כדורים"", ""שימוש"": ""לא""}","{""תאריך העבירה"": ""7 במאי 2017"", ""זמן העבירה"": ""צהריים"", ""סוג הרכב"": ""אופנוע"", ""דגם הרכב"": ""קואנג יאנג טיו"", ""מיקום הנשק ברכב"": ""תא מטען"", ""מספר עבירה"": ""144 ב"", ""סוג עבירה"": ""נשיאת נשק, הובלת נשק"", ""סוג הנשק [תת מקלע מאולתר]"": 1.0, ""סטטוס הנשק"": ""נשק עם מחסנית בהכנס"", ""תכנון"": ""כן"", ""אופן החזקת הנשק"": ""ברכב"", ""שימוש"": ""לא""}",40.0,"1. **סוג העבירה וחומרתה**  
שני התיקים עוסקים בעבירה לפי סעיף 144(ב) לחוק העונשין – נשיאת נשק, אך יש הבדל מהותי בחומרה: תיק 1 עוסק ברובה צייד (נשק חוקי בנסיבות מסוימות, לרוב פחות קטלני), בעוד תיק 2 עוסק בתת-מקלע מאולתר (נשק התקפי, אסור ומסוכן בהרבה). בתיק 2 יש גם ""הובלת נשק"" ותכנון, שמחמירים את חומרת המעשה.

2. **תפקיד הנאשם ומעורבותו**  
בשני המקרים הנאשם מחזיק/נושא את הנשק, אך בתיק 2 יש תכנון מוקדם, מה שמעיד על מעורבות יוזמת ואקטיבית יותר לעומת תיק 1 שבו אין תכנון.

3. **שיטת הביצוע (MO)**  
בשני המקרים הנשק הוחזק ברכב, אך בתיק 1 גם בבית ובמחסן, ובתיק 2 הנשק היה מוסתר בתא מטען של אופנוע. בתיק 2 מדובר בנשק מוכן לשימוש (מחסנית בהכנס), לעומת תיק 1 שבו הנשק מופרד מהתחמושת.

4. **נסיבות הליבה**  
תיק 1: רובה צייד, 75 כדורי צייד, הנשק מופרד מהתחמושת, לא נעשה שימוש, לא היה תכנון.  
תיק 2: תת-מקלע מאולתר, מחסנית מוכנה, תכנון מוקדם, לא נעשה שימוש.  
הבדלים מהותיים: סוג הנשק (התקפי לעומת צייד), מוכנות הנשק, תכנון.

5. **ישימות כתקדים**  
שני התיקים עוסקים בעבירה דומה מבחינת הסעיף, אך בשל ההבדלים המהותיים בסוג הנשק, מידת התכנון, ורמת הסיכון – בית המשפט יראה בהם תיקים דומים במבנה אך שונים מהותית בחומרה. תיק 1 לא ישמש תקדים ענייני מלא לתיק 2, אך ייתכן וישמש להשוואה כללית בלבד.

SIMILARITY_SCORE: 40","ok",""
"ME-16-06-42987-901","ME-12-04-33577-700",1,0,0,"{""שנת לידה"": ""1997"", ""מקום האירוע"": ""שכונת גילה, ירושלים"", ""סוג הרימון"": ""רימון הלם"", ""מטרת השימוש בנשק"": ""הטלת אימה"", ""מקום השימוש בנשק"": ""חצר בית משפחה"", ""תוצאת השימוש בנשק"": ""הרימון התפוצץ"", ""שותפים לאירוע"": ""אמיר סלמה"", ""סוג הנשק הנוסף"": ""רימון גז"", ""כמות הרימונים הנוספים"": ""שני רימוני הלם"", ""סוג הסם בתיק הסמים"": ""חשיש"", ""כמות הסם"": ""גרמים בודדים"", ""תקופת המכירות"": ""מאי ויוני 2016"", ""מחיר הסם"": ""בין 100 ל-400 שקלים"", ""סוג הפריט המוגנב"": ""אופניים חשמליים"", ""שווי הפריט המוגנב"": ""3,000 שקלים"", ""תאריך הגניבה"": ""17.5.16"", ""מספר עבירה"": ""144 ב"", ""סוג עבירה"": ""נשיאת נשק"", ""עבירות נוספות"": ""הנאשם הורשע בנוסף לעבירות נשק (סעיף 144) גם בעבירות נוספות: איומים (סעיף 192), ניסיון לחבלה מחמירה (סעיף 329(א)(2)), ניסיון תקיפה בנסיבות מחמירות (סעיפים 382(א)+25), חמש עבירות של סחר בסמים (סעיפים 13+19א' לפקודת הסמים המסוכנים), החזקת סם שלא לשימוש עצמי (סעיפים 7(א)+7(ג) לפקודת הסמים המסוכנים), ועבירת גניבה (סעיף 384)."", ""סוג הנשק [רימון הלם/גז]"": 1.0, ""סוג הנשק - אם לא נמצא בטבלה"": ""כלי נשק מאולתר שבו כדור בקליבר 9 מ\""מ"", ""סטטוס הנשק"": ""תקול"", ""תכנון"": ""לא"", ""אופן החזקת הנשק"": ""על גופו"", ""שימוש"": ""לא""}","{""מיקום האירוע"": ""בית שאן"", ""תאריך האירוע"": ""13/4/12"", ""שעת האירוע"": ""02:00 לפנות בוקר"", ""סוג המפגש"": ""ויכוח"", ""פרטי התקרית"": ""המתלונן זרק כוס לעבר הנאשם, הנאשם שלף אקדח וירה שלוש יריות"", ""מספר יריות"": 3, ""מיקום פגיעות היריות"": ""אחת ליד הראש, אחת ליד הגב, אחת שרטה את הברך הימנית"", ""מספר עבירה"": ""144 א, 144 ב"", ""סוג עבירה"": ""החזקה נשק, נשיאת נשק"", ""עבירות נוספות"": ""הנאשם הורשע בנוסף לעבירות נשק (סעיף 144(א) ו-144(ב)), גם בעבירות של חבלה בכוונה מחמירה (סעיף 329(א)(2)) ויריות באזור מגורים (סעיף 340(א)), שהן אינן עבירות נשק לפי סעיף 144."", ""סוג הנשק [אקדח]"": 1.0, ""סטטוס הנשק"": ""נשק עם כדור בקנה"", ""תכנון"": ""כן"", ""אופן החזקת הנשק"": ""על גופו"", ""שימוש"": ""לא""}",55.0,"1. **סוג העבירה וחומרתה**  
שני התיקים כוללים עבירות נשק חמורות (נשיאת/החזקת נשק, שימוש בפועל), אך בתיק 1 מדובר ברימוני הלם/גז ובתיק 2 באקדח. שניהם כוללים גם עבירות נלוות של חבלה מחמירה, אך בתיק 1 יש גם סחר בסמים, גניבה ואיומים – מה שמרחיב את היריעה מעבר לעבירות נשק בלבד. רמת החומרה דומה, אך יש פיזור רחב יותר של עבירות בתיק 1.

2. **תפקיד הנאשם ומעורבותו**  
בשני המקרים הנאשמים הם מבצעי העבירה הראשיים, עם מעורבות ישירה ופעילה: בתיק 1 – זריקת רימון הלם לחצר בית (יחד עם שותף), בתיק 2 – שליפת אקדח וירי שלוש יריות לעבר אדם בעקבות ויכוח. בשני המקרים מדובר ביוזמה ובביצוע עצמאי, לא בשליח או מחזיק פסיבי.

3. **שיטת הביצוע (MO)**  
בתיק 1 – שימוש ברימוני הלם/גז להטלת אימה, ללא תכנון מוקדם, ובנוסף עבירות סמים וגניבה. בתיק 2 – שליפת אקדח וירי מכוון בעקבות עימות, עם תכנון מסוים (הנשק היה מוכן לירי). דפוסי הביצוע שונים: רימונים לעומת ירי באקדח, נסיבות שונות (הטלת אימה לעומת תגובה לאלימות).

4. **נסיבות הליבה**  
בתיק 1 – רימון התפוצץ בחצר בית, לא ברור אם נגרמה פגיעה פיזית; בתיק 2 – ירי שלוש יריות, אחת שרטה את המתלונן. בתיק 1 לא היה תכנון, בתיק 2 היה תכנון. בתיק 1 יש גם עבירות סמים וגניבה, בתיק 2 אין. בתיק 2 הירי התרחש בעקבות ויכוח, בתיק 1 – לא מצוין טריגר דומה.

5. **ישימות כתקדים**  
שני התיקים עוסקים בעבירות נשק חמורות עם פוטנציאל לפגיעה חמורה, ושניהם כוללים גם עבירות של חבלה מחמירה. עם זאת, השוני בסוג הנשק, בנסיבות, ובשילוב עבירות נוספות בתיק 1, יגרום לבית המשפט לראות בהם תיקים דומים במידת מה, אך לא תקדימים מובהקים זה לזה. ניתן להסתמך עליהם לעניין עקרונות ענישה בעבירות נשק חמורות, אך לא מעבר לכך.

SIMILARITY_SCORE: 55","ok",""
"ME-15-08-44579-251","SH-17-04-19242-11",1,0,0,"{""סוג הקטנוע"": ""גוימקס"", ""מספר לוחית רישוי"": ""3689624"", ""מצב לוחית רישוי"": ""מזויפת"", ""מצב רישיון נהיגה של ג'וודת"": ""ללא רישיון נהיגה"", ""מיקום האירוע"": ""כביש 4, חדרה, קרבת אזור התעשייה הצפוני"", ""זמן האירוע"": ""10.08.15, 22:05"", ""פעולת השוטר רועי"": ""הבחין בקטנוע, חשד בגניבה, הדליק אורות כחולים, קרא לעצור"", ""תגובת ג'וודת להוראת השוטר"": ""לא שעה, הגביר מהירות, נסע לאזור התעשייה"", ""מסלול המרדף"": ""מכביש 4 לצומת נחל חדרה, פנה ימינה ושמאלה, חזר לכביש 4 לצפון"", ""תיאור המרדף"": ""שתי ניידות נוספות הצטרפו, הפעילו סירנות ואורות כחולים"", ""אירוע בצומת בנימינה"": ""הקטנוע עבר באור אדום, רכב אחר נאלץ לבלום"", ""חסימת המשטרה בצומת בית חנניה"": ""ניידות משטרה ביצעו חסימה, ג'וודת פגע בשתי ניידות"", ""תיאור הבריחה"": ""ג'וודת והנאשם ירדו מהקטנוע והחלו בבריחה רגלית"", ""מיקום זריקת השקית"": ""בשדה חשוף סמוך לצומת"", ""תוצאת המרדף"": ""הנאשם וג'וודת נתפסו על ידי השוטרים לאחר מספר דקות"", ""מספר עבירה"": ""144 ב"", ""סוג עבירה"": ""נשיאת נשק"", ""סוג הנשק [אקדח]"": 1.0, ""סטטוס הנשק"": ""נשק מופרד מתחמושת"", ""תכנון"": ""לא"", ""אופן החזקת הנשק"": ""על גופו, מוסלק - מוסתר"", ""כמות תחמושת"": ""מחסנית ריקה ובה 0 כדורים"", ""שימוש"": ""לא""}","{""סוג רובה סער"": ""קלאצ'ניקוב"", ""מיקום החזקת הנשק"": ""ארון בחדר שינה"", ""מקור הנשק"": ""מורש מדודו"", ""שנת קבלת הנשק"": ""2000"", ""סוג הפעילות המשטרתית"": ""חיפוש יזום"", ""תאריך המעצר"": ""02/04/17"", ""מספר עבירה"": ""144 א"", ""סוג עבירה"": ""החזקה נשק"", ""סוג הנשק [רובה סער]"": 1.0, ""סטטוס הנשק"": ""נשק מופרד מתחמושת"", ""תכנון"": ""לא"", ""אופן החזקת הנשק"": ""בבית, מוסלק - מוסתר"", ""אופן קבלת הנשק"": ""מאחר"", ""כמות תחמושת"": ""2 מחסניות ובהן כדורים"", ""שימוש"": ""לא""}",35.0,"1. **סוג העבירה וחומרתה**  
שני התיקים עוסקים בעבירות נשק, אך יש הבדל מהותי: תיק 1 – ""נשיאת נשק"" (סעיף 144(ב)), תיק 2 – ""החזקת נשק"" (סעיף 144(א)). נשיאת נשק בציבור נחשבת חמורה יותר מהחזקה בבית, במיוחד בהיבט של מסוכנות פוטנציאלית. בנוסף, בתיק 1 מדובר באקדח, בתיק 2 ברובה סער – כלי נשק שונים, אך שניהם מסווגים כנשק חם.

2. **תפקיד הנאשם ומעורבותו**  
בתיק 1, הנאשם מעורב אקטיבית: נשיאת נשק מוסלק על גופו, בריחה מהמשטרה, נהיגה מסוכנת, פגיעה בניידות. בתיק 2, הנאשם מחזיק בנשק מוסתר בביתו לאורך זמן, ללא אינדיקציה לשימוש או כוונה מיידית לשימוש. המעורבות בתיק 1 פעילה ומסוכנת יותר.

3. **שיטת הביצוע (MO)**  
בתיק 1 – נשיאת נשק מוסלק על הגוף, תנועה במרחב הציבורי, בריחה, הסתרה רגעית. בתיק 2 – החזקת נשק מוסתר בבית, ללא תנועה או שימוש. דפוסי הפעולה שונים מהותית: תיק 1 דינמי, תיק 2 סטטי.

4. **נסיבות הליבה**  
תיק 1: אקדח ללא תחמושת, נשיאה בציבור, בריחה, פגיעה בניידות, סיכון חיי אדם (מעבר באור אדום). תיק 2: רובה סער עם תחמושת, החזקה בבית, ללא שימוש, ללא נסיבות מחמירות נוספות. בתיק 1 יש נסיבות מחמירות רבות, בתיק 2 – נסיבות מקלות יחסית (החזקה בלבד).

5. **ישימות כתקדים**  
למרות ששני התיקים עוסקים בעבירות נשק, ההבדלים בסוג העבירה, בנסיבות, ובדפוס ההתנהגות מהותיים. בית המשפט יבחין בין נשיאה בציבור תוך סיכון חיי אדם לבין החזקה סטטית בבית. תיק אחד לא ישמש תקדים ענייני מלא לשני, אך ייתכן שייעשה שימוש בהשוואה כללית לעבירות נשק.

SIMILARITY_SCORE: 35","ok",""
"ME-15-06-12109-344","SH-14-11-8987-965",1,0,0,"{""מיקום האירוע"": ""כפר עזריה"", ""תאריך האירוע"": ""2.5.13"", ""הקשר לאירוע"": ""חתונה"", ""מעורבים נוספים"": ""עמאר זלום, אחי הנאשם"", ""מקום החזקת הנשק"": ""רכב של עמאר זלום"", ""מספר עבירה"": ""144 ב"", ""סוג עבירה"": ""נשיאת נשק, הובלת נשק"", ""סוג הנשק [אקדח]"": 1.0, ""סטטוס הנשק"": ""תקין"", ""תכנון"": ""כן"", ""אופן החזקת הנשק"": ""ברכב, מוסלק - מוסתר"", ""שימוש"": ""לא""}","{""שנת לידה"": ""1985"", ""מקום מגורים"": ""ירושלים"", ""סוג האקדח"": ""קולט 45"", ""מיקום האירוע"": ""רח' דוד רזיאל 28, ירושלים"", ""תאריך האירוע"": ""מאי 2014"", ""זמן החזקת הנשק לאחר הגניבה"": ""חודש ימים"", ""מטרת הכניסה לבית המתלונן"": ""ניקיון הבית"", ""מספר עבירה"": ""144 א"", ""סוג עבירה"": ""החזקה נשק"", ""עבירות נוספות"": ""הנאשם הורשע גם בעבירת גניבה לפי סעיף 384 לחוק העונשין, בנוסף לעבירת החזקת נשק שלא כדין לפי סעיף 144(א)."", ""סוג הנשק [אקדח]"": 1.0, ""סטטוס הנשק"": ""תקול"", ""תכנון"": ""לא"", ""אופן החזקת הנשק"": ""בבית, על גופו"", ""אופן קבלת הנשק"": ""גנב"", ""שימוש"": ""לא""}",35.0,"1. **סוג העבירה וחומרתה**  
שני התיקים עוסקים בעבירות נשק, אך יש הבדל מהותי: תיק 1 עוסק ב""נשיאת והובלת נשק"" (סעיף 144(ב)), בעוד תיק 2 עוסק ב""החזקת נשק"" (סעיף 144(א)) ובנוסף גם בעבירת גניבה. סעיף 144(ב) חמור יותר מ-144(א), והעבירה בתיק 2 כוללת גם רכיב של גניבה, שמחמיר את התמונה.

2. **תפקיד הנאשם ומעורבותו**  
בתיק 1 הנאשם מעורב באופן פעיל, יש תכנון, והוא חלק מקבוצה (עם אחיו), כאשר הנשק מוסלק ברכב. בתיק 2 הנאשם גנב את הנשק תוך כדי עבודה בבית, החזיק בו על גופו, אך לא תכנן מראש (לפי הפיצ'ר). בשני המקרים יש מעורבות ישירה, אך בתיק 2 יש יוזמה פלילית נוספת (גניבה).

3. **שיטת הביצוע (MO)**  
בתיק 1: הסלקת נשק ברכב, תכנון מראש, שותפות. בתיק 2: גניבה תוך כדי עבודה, החזקה על הגוף, ללא תכנון מוקדם. דפוסי הביצוע שונים מהותית — תיק 1 מאורגן ומתוכנן, תיק 2 מזדמן ואישי.

4. **נסיבות הליבה**  
בתיק 1: נשק תקין, מוסלק, לא נעשה בו שימוש, תכנון, אירוע חברתי (חתונה), שותפים. בתיק 2: נשק תקול, גניבה, החזקה בבית ועל הגוף, ללא שימוש, ללא תכנון, עבירה נלווית (גניבה). נסיבות הליבה שונות — בתיק 1 יש מאפיינים של עבירה מאורגנת, בתיק 2 עבירה מזדמנת עם רכיב של גניבה.

5. **ישימות כתקדים**  
למרות ששני התיקים עוסקים באקדח שלא נעשה בו שימוש, ההבדלים בסעיפי האישום, במידת התכנון, ובנסיבות (גניבה לעומת תכנון והסלקה) מהותיים. בית משפט יראה דמיון מסוים, אך לא יראה בתיק אחד תקדים ענייני מובהק לשני, במיוחד לעניין הענישה.

SIMILARITY_SCORE: 35","ok",""
"ME-21-10-18557-340","ME-16-12-50986-619",3,1,1,"{""סוג הרכב"": ""מאזדה בצבע כחול"", ""מיקום האירוע"": ""כפר אבו סנאן"", ""זמן האירוע"": ""16.9.2021, סמוך לשעה 19:00"", ""מעורבים נוספים"": ""ג'יהאד סואעד, מוחמד פעאור"", ""סוג המאזדה"": ""מאזדה לבנה"", ""מיקום ישיבת הנאשם ברכב"": ""מושב הנוסע"", ""מיקום ישיבת ג'יהאד ברכב"": ""מושב הנהג"", ""מיקום ישיבת א' במאזדה"": ""מושב הנוסע ליד הנהג"", ""מיקום ישיבת מוחמד פעאור במאזדה"": ""מושב הנהג"", ""כיוון ירי הנאשם"": ""כלפי מעלה"", ""מטרת ירי הנאשם"": ""הפחדה או הקנטה של א'"", ""סכסוך קיים"": ""בין הנאשם לא'"", ""מספר עבירה"": ""144 א, 144 ב"", ""סוג עבירה"": ""החזקה נשק, נשיאת נשק, הובלת נשק"", ""עבירות נוספות"": ""הנאשם הורשע בנוסף לעבירות נשק (סעיף 144(א) ו-144(ב) לחוק העונשין) גם בעבירה של ירי מנשק חם לפי סעיף 340א(ב)(1) ו-(2) לחוק העונשין, שהיא עבירה שאינה לפי סעיף 144 ולכן נחשבת לעבירה נוספת."", ""סוג הנשק [תת מקלע מאולתר]"": 1.0, ""סטטוס הנשק"": ""נשק עם כדור בקנה"", ""תכנון"": ""לא"", ""אופן החזקת הנשק"": ""בבית, ברכב"", ""כמות תחמושת"": ""מחסנית ולכל הפחות 2 כדורים"", ""מטרה-סיבת העבירה"": ""הפחדה/הקנטה"", ""שימוש"": ""לא""}","{""זמן האירוע"": ""15.12.16, בסמוך לשעה 14:45"", ""מיקום האירוע"": ""שכונה 20 ברהט"", ""סוג הרכב"": ""ב.מ.וו"", ""בעלות על הרכב"": ""הרכב שייך לנאשם"", ""פעולת הנאשם"": ""נסיעה מהירה ליד בתי המתלוננים, ירי באוויר"", ""כוונת הנאשם"": ""להקניט ולהפחיד את המתלוננים"", ""זיהוי הנאשם"": ""נעשה קשה על ידי חבישת כובעים וחם-צוואר"", ""תגובת המתלוננים"": ""ניסיון להסתתר והשלכת צינור לעבר הרכב"", ""מספר עבירה"": ""144 ב"", ""סוג עבירה"": ""נשיאת נשק, הובלת נשק"", ""עבירות נוספות"": ""הנאשם הורשע גם בעבירות שאינן לפי סעיף 144 לחוק העונשין: קשירת קשר לפשע (סעיף 449(א)(1)), איומים (סעיף 192), וירי באזור מגורים (סעיף 340א')."", ""סוג הנשק - אם לא נמצא בטבלה"": ""נשק"", ""סטטוס הנשק"": ""נשק עם כדור בקנה"", ""תכנון"": ""כן"", ""אופן החזקת הנשק"": ""ברכב, על גופו"", ""מטרה-סיבת העבירה"": ""הפחדה ואיומים"", ""שימוש"": ""לא""}",65.0,"1. **סוג העבירה וחומרתה**  
בשני התיקים מדובר בעבירות נשק (נשיאת נשק, הובלת נשק), ובשניהם בוצע ירי באוויר לשם הפחדה/הקנטה. עם זאת, בתיק 2 יש גם עבירות נוספות חמורות יותר (קשירת קשר לפשע, איומים, ירי באזור מגורים), מה שמעלה את רמת החומרה יחסית לתיק 1.

2. **תפקיד הנאשם ומעורבותו**  
בשני המקרים הנאשם היה מעורב באופן פעיל: בתיק 1 הנאשם ירה באוויר ממושב הנוסע, בתיק 2 הנאשם נהג ברכב, תכנן את האירוע, וירה באוויר. בתיק 2 יש יוזמה ותכנון, בעוד שבתיק 1 לא היה תכנון מוקדם.

3. **שיטת הביצוע (MO)**  
בשני המקרים הירי בוצע מתוך רכב, כלפי מעלה, ובמטרה להרתיע/להפחיד. בתיק 2 הייתה תחפושת (חבישת כובעים וחם-צוואר) ונסיעה מהירה, מה שמרמז על תחכום ותכנון גבוהים יותר.

4. **נסיבות הליבה**  
בשני התיקים מדובר בירי באוויר לשם הפחדה, עם נשק טעון. בתיק 1 לא היה תכנון, ובוצע על רקע סכסוך אישי; בתיק 2 היה תכנון, קשירת קשר, ואיומים כלפי מספר מתלוננים, וכן ירי באזור מגורים – נסיבות מחמירות יותר.

5. **ישימות כתקדים**  
בית המשפט עשוי לראות את שני התיקים כרלוונטיים זה לזה, בעיקר בשל דפוס הירי באוויר לשם הפחדה מתוך רכב. עם זאת, ההבדלים ברמת התכנון, חומרת העבירות הנוספות והנסיבות המחמירות בתיק 2 יגבילו את הרלוונטיות המלאה של תיק 1 כתקדים ישיר לתיק 2, אך עדיין יש דמיון מהותי.

SIMILARITY_SCORE: 65","ok",""
"ME-13-10-53169-537","ME-13-10-28139-807",2,0,1,"{""מיקום החזקת הנשק"": ""מתחת לכיסא הנהג"", ""מיקום התחמושת"": ""בכיס האחורי, מתחת לכיסא הנהג"", ""סוג התחמושת"": ""כדורי אקדח"", ""מספר כדורים בכיס האחורי"": 2, ""מספר כדורים בשקית"": 17, ""סוג המחסנית"": ""מחסנית לאקדח"", ""פרטי יריות"": ""15 יריות לכיוון שאינו ידוע"", ""מספר עבירה"": ""144 ב"", ""סוג עבירה"": ""נשיאת נשק"", ""עבירות נוספות"": ""הנאשם הורשע גם בירי בנשק (כ-15 יריות לכיוון שאינו ידוע), שהיא עבירה לפי סעיף 340א לחוק העונשין (ירי באזור מגורים או ירי מנשק חם), בנוסף לעבירות הנשק לפי סעיף 144."", ""סוג הנשק [אקדח]"": 1.0, ""סטטוס הנשק"": ""נשק עם כדור בקנה"", ""תכנון"": ""כן"", ""אופן החזקת הנשק"": ""ברכב, על גופו, מוסלק - מוסתר"", ""כמות תחמושת"": ""מחסנית ריקה ובה 0 כדורים, 2 כדורים, 17 כדורים, מחסנית"", ""שימוש"": ""לא""}","{""מיקום האירוע"": ""רהט"", ""קורבן"": ""מתלונן ובנו קטין"", ""גיל הקורבן"": ""18"", ""סוג הרכב"": ""רכב פרטי"", ""מיקום פגיעת הירי"": ""דלת הנהג"", ""מספר יריות"": ""מספר יריות"", ""פגיעה ברכב"": ""כן"", ""נזק לרכב"": ""קליעים חדרו לדלת הנהג"", ""התנהלות הנאשם לאחר הירי"": ""נמלט מהמקום"", ""סוג המחלוקת"": ""שימוש בספסל בטון"", ""פעולה שקדמה לאירוע"": ""מריחת שמן על הספסל"", ""מספר עבירה"": ""144 א"", ""סוג עבירה"": ""החזקה נשק"", ""עבירות נוספות"": ""הנאשם הורשע, בנוסף לעבירות נשק לפי סעיף 144(א), גם בעבירת ניסיון לחבלה חמורה בנסיבות מחמירות לפי סעיפים 333+335(א)(1) ו-25 לחוק העונשין. מדובר בעבירת אלימות חמורה שאינה עבירת נשק."", ""סוג הנשק [אקדח]"": 1.0, ""סטטוס הנשק"": ""נשק עם כדור בקנה"", ""תכנון"": ""כן"", ""אופן החזקת הנשק"": ""על גופו"", ""מטרה-סיבת העבירה"": ""פגיעה בכבוד"", ""שימוש"": ""לא""}",55.0,"1. **סוג העבירה וחומרתה**  
שני התיקים עוסקים בעבירות נשק (סעיפים 144), אך בתיק 1 מדובר ב""נשיאת נשק"" (144ב) ובתיק 2 ב""החזקת נשק"" (144א). שניהם כוללים עבירות נוספות חמורות: בתיק 1 – ירי מנשק חם (340א), בתיק 2 – ניסיון לחבלה חמורה בנסיבות מחמירות (333+335). בתיק 2 יש פגיעה ישירה בקורבן, מה שמעלה את רמת החומרה.

2. **תפקיד הנאשם ומעורבותו**  
בשני המקרים הנאשם הוא המחזיק/נושא והמבצע בפועל, עם מעורבות פעילה (תכנון, ביצוע, הסלקה). בתיק 2 יש גם אלמנט של תקיפה מכוונת כלפי אדם, בעוד שבתיק 1 הירי לא כוון למטרה ברורה.

3. **שיטת הביצוע (MO)**  
בשני התיקים מדובר בהחזקת אקדח עם כדור בקנה, הסלקה ברכב/על הגוף, ותכנון מוקדם. בתיק 1 הירי בוצע לכיוון לא ידוע, בתיק 2 הירי בוצע לעבר רכב בו ישבו קורבנות, עם פגיעה פיזית ברכב.

4. **נסיבות הליבה**  
בתיק 1: ירי לא ממוקד, ללא פגיעה ישירה באדם, אך עם כמות תחמושת משמעותית והסלקה. בתיק 2: ירי ממוקד לעבר קורבן, פגיעה ברכב, מניע אישי (פגיעה בכבוד), עבירת אלימות חמורה. בשני המקרים יש תכנון, אך בתיק 2 הנסיבות מחמירות יותר.

5. **ישימות כתקדים**  
שני התיקים דומים במאפייני עבירות הנשק, אך בתיק 2 יש נסיבות מחמירות בהרבה (ירי לעבר אדם, פגיעה, עבירת אלימות חמורה). תיק 1 יכול לשמש תקדים מסוים לתיק 2 לעניין רכיב החזקת/נשיאת נשק, אך לא לעניין הענישה הכוללת או נסיבות החומרה.

SIMILARITY_SCORE: 55","ok",""
"SH-15-12-65958-120","SH-16-09-33552-535",3,1,1,"{""מיקום החזקת הנשק"": ""טייבה"", ""סוגי נשק נוספים"": ""אקדח זיג זאוור, קרלו"", ""קוטר תחמושת"": ""9 מ\""מ, 7.65 מ\""מ"", ""מספר כדורים במחסנית"": ""8, 15, 6"", ""מיקומי החזקת הנשק"": ""מעל ארון במטבח, בספרייה"", ""סוגי מחסניות"": ""מחסנית טעונה, מחסנית ריקה"", ""מספר עבירה"": ""144 א"", ""סוג עבירה"": ""החזקה נשק"", ""סוג הנשק [אקדח]"": 1.0, ""סוג הנשק [תת מקלע מאולתר]"": 1.0, ""סטטוס הנשק"": ""נשק עם מחסנית בהכנס"", ""תכנון"": ""כן"", ""אופן החזקת הנשק"": ""בבית, מוסלק - מוסתר"", ""אופן קבלת הנשק"": ""רכש"", ""כמות תחמושת"": ""מחסנית ובה 8 כדורים, מחסנית ובה 15 כדורים, מחסנית ריקה ובה 0 כדורים, מחסנית ובה 6 כדורים"", ""מטרה-סיבת העבירה"": ""הגנה עצמית"", ""שימוש"": ""לא""}","{""סוג האקדח"": ""ברטה"", ""קליבר אקדח"": ""0.22"", ""סוג רובה"": ""דמוי M-16"", ""קליבר רובה"": ""5.56 מ\""מ"", ""סוג תחמושת [9 מ\""מ]"": 4, ""סוג תחמושת [5.56 מ\""מ]"": 60, ""מיקום החזקת הנשק"": ""במחסן"", ""אופן הסתרת הנשק"": ""עטוף ומוסלק בבור באדמה"", ""מספר עבירה"": ""144 א"", ""סוג עבירה"": ""החזקה נשק"", ""סוג הנשק [אקדח]"": 1.0, ""סוג הנשק [רובה סער מאולתר]"": 1.0, ""סטטוס הנשק"": ""נשק מופרד מתחמושת"", ""תכנון"": ""כן"", ""אופן החזקת הנשק"": ""מוסלק - מוסתר"", ""כמות תחמושת"": ""מחסנית, מחסנית ריקה ובה 0 כדורים, 4 כדורים, 60 כדורים"", ""שימוש"": ""לא""}",85.0,"1. **סוג העבירה וחומרתה**  
בשני התיקים מדובר בעבירה זהה – החזקת נשק ותחמושת שלא כדין לפי סעיף 144(א) לחוק העונשין. בשני המקרים מדובר במספר כלי נשק ותחמושת בכמות לא מבוטלת, כך שרמת החומרה דומה.

2. **תפקיד הנאשם ומעורבותו**  
בשני המקרים הנאשם הוא המחזיק בפועל של הנשק, עם תכנון והסתרה יזומה. אין אינדיקציה למעורבות פסיבית או שליחות – מדובר במבצע עיקרי.

3. **שיטת הביצוע (MO)**  
בשני התיקים הנשק הוסלק והוסתר במקומות שונים (בבית, במחסן, בבור באדמה), תוך תכנון והפרדה מסוימת של הנשק מהתחמושת. דפוס ההסתרה וההחזקה דומה.

4. **נסיבות הליבה**  
בשני המקרים מדובר במספר כלי נשק (אקדח, נשק ארוך/מאולתר), תחמושת בכמות משמעותית, הסתרה יזומה, ללא שימוש בפועל. יש שוני מסוים בסוגי הנשק (ברטה/דמוי M-16 לעומת זיג זאוור/קרלו), אך לא ברמת חומרה מהותית. בתיק 1 צוין מניע של ""הגנה עצמית"", אך לא ברור אם זהו שיקול מהותי לעניין הדמיון.

5. **ישימות כתקדים**  
בית המשפט יראה את שני התיקים כרלוונטיים זה לזה לצורכי ענישה: עבירה זהה, דפוס פעולה דומה, ריבוי כלי נשק ותחמושת, הסתרה ותכנון, ללא שימוש בפועל. השוני בסוגי הנשק והכמויות אינו מהותי דיו כדי לשלול רלוונטיות תקדימית.

SIMILARITY_SCORE: 85","ok",""
"ME-16-05-9968-487","SH-11-01-41775-497",2,0,1,"{""מיקום רכישת הנשק"": ""ברטעה"", ""מחיר הנשק"": ""7300 שקלים"", ""מספר סידורי של הנשק"": ""41814"", ""מיקום המסתור"": ""גג בית חברו אחסאן דיב"", ""תאריך העברת הנשק לכוחות הביטחון"": ""22.4.16"", ""קשר משפחתי"": ""מהדי קרוב משפחה של הנאשם ושל סמיר"", ""מקום מגורים משותף"": ""ג'דיידה"", ""מספר עבירה"": ""144 א, 144 ב"", ""סוג עבירה"": ""החזקה נשק, נשיאת נשק"", ""סוג הנשק [תת מקלע מאולתר]"": 1.0, ""סטטוס הנשק"": ""נשק עם מחסנית בהכנס"", ""תכנון"": ""לא"", ""אופן החזקת הנשק"": ""מוסלק - מוסתר"", ""אופן קבלת הנשק"": ""מאחר"", ""כמות תחמושת"": ""מחסנית"", ""מטרה-סיבת העבירה"": ""ירי בחתונה"", ""שימוש"": ""לא""}","{""משך זמן ההחזקה"": ""כשנה וחצי"", ""תאריך תחילת ההחזקה"": ""1.6.08"", ""מספר עבירה"": ""144 א, 144 ב"", ""סוג עבירה"": ""החזקה נשק"", ""סוג הנשק [אקדח]"": 1.0, ""סטטוס הנשק"": ""נשק מופרד מתחמושת"", ""תכנון"": ""לא"", ""אופן החזקת הנשק"": ""בבית, ברכב"", ""כמות תחמושת"": ""מחסנית, 34 כדורים"", ""שימוש"": ""לא""}",65.0,"1. **סוג העבירה וחומרתה**  
שני התיקים עוסקים בעבירות דומות: החזקה (ונשיאה בתיק 1) של נשק, לפי אותם סעיפי חוק (144 א, 144 ב). עם זאת, בתיק 1 יש גם נשיאה, ובתיק 2 רק החזקה. שניהם ללא שימוש בפועל, אך בתיק 1 מדובר בתת-מקלע מאולתר (נשק חמור יותר מאקדח), ובתיק 2 באקדח.

2. **תפקיד הנאשם ומעורבותו**  
בשני המקרים הנאשמים מחזיקים בנשק, אך בתיק 1 יש גם רכישה, הסלקה, וקשר משפחתי המעורב בהעברה. בתיק 2 מדובר בהחזקה ממושכת, אך ללא אינדיקציה למעורבות פעילה מעבר להחזקה.

3. **שיטת הביצוע (MO)**  
בתיק 1 הנשק מוסלק בגג של בית אחר, בתיק 2 הנשק מוחזק בבית וברכב. בתיק 1 יש הסתרה יזומה, בתיק 2 החזקה ""רגילה"". בתיק 1 הנשק עם מחסנית מוכנה, בתיק 2 מופרד מתחמושת.

4. **נסיבות הליבה**  
בתיק 1 מדובר בתת-מקלע מאולתר (נשק חמור יותר), מוסתר, עם מחסנית מוכנה, אך ללא תכנון לשימוש (ירי בחתונה שלא בוצע). בתיק 2 אקדח, החזקה ממושכת, תחמושת רבה, אך לא מחובר לנשק. בשני המקרים אין שימוש בפועל, ואין תכנון פלילי מובהק.

5. **ישימות כתקדים**  
שני התיקים דומים בעבירה הבסיסית (החזקה), אך יש הבדלים מהותיים: סוג הנשק, אופן ההחזקה, ורמת המעורבות. בית משפט עשוי לראות בתיק 1 חומרה גבוהה יותר (נשק אוטומטי, הסלקה, נשיאה), אך עדיין יראה בתיק 2 רלוונטי כתקדים עקרוני, במיוחד לעניין מתחם הענישה.

SIMILARITY_SCORE: 65","ok",""
"ME-19-04-1316-977","ME-16-05-19384-544",1,0,0,"{""מיקום העסקה"": ""א-ראם"", ""סוג התחמושת"": ""כדורי M16, כדורי 5.56 מ\""מ"", ""כמות כדורים נוספת"": ""1,100 כדורים"", ""מחיר העסקה"": ""17,000 ₪, 19,000 ₪"", ""תאריכים רלוונטיים"": ""10.2.2019, 14.2.2019, 17.2.2019, 18.2.2019, 26.2.2019, 3.3.2019, 13.3.2019, 17.3.2019, 18.3.2019"", ""זהות הסוכן"": ""לוחם מספר 188, עלי"", ""תפקיד הסוכן"": ""שוטר, סוכן מטעם משטרת ישראל"", ""סוג הנשק המוצע למכירה"": ""קרלו"", ""מצב הנשק"": ""מקולקל"", ""התקשרות עם צד שלישי"": ""האחר"", ""מידע על צד שלישי"": ""האחר מתעכב, הנשק מקולקל"", ""הבטחת נשק נוסף"": ""הבטחה להשיג אקדח בעתיד"", ""תקופה עתידית להשגת נשק"": ""עד לחודש הרמדאן"", ""מספר עבירה"": ""144 ב"", ""סוג עבירה"": ""סחר בנשק, ניסיון לסחר בנשק"", ""סוג הנשק [אקדח]"": 1.0, ""סוג הנשק [תת מקלע מאולתר]"": 1.0, ""סטטוס הנשק"": ""תקול"", ""תכנון"": ""לא"", ""אופן החזקת הנשק"": ""ברכב"", ""כמות תחמושת"": ""מחסנית, 900 כדורים"", ""מטרה-סיבת העבירה"": ""בצע כסף"", ""שימוש"": ""לא""}","{""מקום החבייה"": ""שכונה סמוכה למקום מגוריו"", ""מחיר נשק קרל גוסטב"": ""3000 ₪"", ""מחיר מכירה נשק קרל גוסטב לחרוב"": ""3500 ₪"", ""תאריך פיגוע ירי על ידי חרוב"": ""9.3.16"", ""מיקום פיגוע ירי"": ""ירושלים, צומת רמות ושמעון הצדיק"", ""סוג תחמושת"": ""כדורי תחמושת לנשק קרל גוסטב"", ""מספר כדורים שנמכרו"": ""10"", ""מקום חיפוש נשק על ידי כוחות הביטחון"": ""קלנדיה"", ""תאריך החלטה לירות על כוחות הביטחון"": ""14.11.15"", ""מספר כדורים שנורו"": ""5"", ""מספר רכבים של כוחות הביטחון שנזוהו"": ""3"", ""מספר נשקים שנמכרו למחיסן"": ""2"", ""מחיר נשק למחיסן"": ""4000 ₪ לכל נשק"", ""מספר נשקים שנרכשו מאחר"": ""לא צוין מספר מדויק"", ""מספר עבירה"": ""144 א, 144 ב"", ""סוג עבירה"": ""נשיאת נשק, סחר בנשק"", ""עבירות נוספות"": ""הנאשם הורשע גם בעבירת ניסיון לחבלה חמורה לפי סעיף 333 בצירוף סעיף 25 לחוק העונשין, שאינה עבירת נשק לפי סעיף 144."", ""סוג הנשק - אם לא נמצא בטבלה"": ""רובה מסוג תבור, קרל גוסטב"", ""סטטוס הנשק"": ""נשק מופרד מתחמושת"", ""תכנון"": ""כן"", ""אופן החזקת הנשק"": ""בבית, על גופו, מוסלק - מוסתר"", ""אופן קבלת הנשק"": ""רכש"", ""כמות תחמושת"": ""10 כדורים"", ""מטרה-סיבת העבירה"": ""בצע כסף"", ""שימוש"": ""לא""}",55.0,"1. **סוג העבירה וחומרתה**  
שני התיקים עוסקים בעבירות נשק חמורות: סחר בנשק, נשיאת נשק, ובשני המקרים מדובר גם בתחמושת. עם זאת, בתיק 2 יש גם הרשעה בעבירת ניסיון לחבלה חמורה (סעיף 333), שהיא עבירה חמורה נוספת שאינה קיימת בתיק 1, ומעלה את רמת החומרה הכוללת של תיק 2.

2. **תפקיד הנאשם ומעורבותו**  
בשני התיקים הנאשמים פועלים כסוחרי נשק, יוזמים עסקאות, ומעורבותם פעילה. עם זאת, בתיק 2 יש גם רכיב של החזקת נשק לשימוש עצמי (נשיאת נשק, הסלקה), בעוד בתיק 1 הדגש הוא על סחר וניסיון לסחר בלבד.

3. **שיטת הביצוע (MO)**  
בשני המקרים מדובר בעסקאות נשק ותחמושת, אך בתיק 1 העסקאות בוצעו מול סוכן משטרתי (פעולה מבוקרת), בעוד בתיק 2 מדובר בעסקאות ""אמיתיות"" עם צדדים שלישיים, כולל הסלקה, רכישה ומכירה, וכן תכנון מוקדם. בתיק 2 יש גם אלמנט של הסתרה והחזקה פיזית של הנשק.

4. **נסיבות הליבה**  
בתיק 1 מדובר בכמויות גדולות מאוד של תחמושת (1,100 כדורים, 900 כדורים), נשק מקולקל, ללא שימוש בפועל וללא תכנון מוקדם. בתיק 2 הכמויות קטנות בהרבה (10 כדורים), אך יש תכנון, הסלקה, ורכיב של ניסיון חבלה חמורה (אם כי לא בוצע שימוש בפועל בנשק לצורך פגיעה). בתיק 2 יש גם נשק תקין, ולא רק תחמושת.

5. **ישימות כתקדים**  
שני התיקים רלוונטיים זה לזה במובן של עבירות סחר בנשק, אך השוני ברמת החומרה (עקב עבירת החבלה החמורה בתיק 2), השוני בכמויות, ובנסיבות (סוכן משטרתי מול עסקאות אמיתיות, תכנון מול היעדר תכנון) מגבילים את הרלוונטיות. בית המשפט עשוי להסתמך על תיק אחד לצורך גזירת עונש בתיק השני, אך יידרש להבחין בין הנסיבות המקלות והמחמירות.

SIMILARITY_SCORE: 55","ok",""
"SH-16-02-10948-419","SH-16-11-19417-55",3,1,1,"{""סוג הנשק [אוטומטי]"": 1.0, ""קוטר הנשק"": ""9 ממ"", ""מיקום החזקת הנשק"": ""ארון הבגדים"", ""מספר עבירה"": ""144 א"", ""סוג עבירה"": ""החזקה נשק"", ""סוג הנשק [אקדח]"": 1.0, ""סטטוס הנשק"": ""תקין"", ""תכנון"": ""לא"", ""אופן החזקת הנשק"": ""בבית"", ""שימוש"": ""לא""}","{""זמן המעצר"": ""26.10.16, 05:00 בבוקר"", ""דגם הנשק"": ""ברטה F84"", ""קליבר הנשק"": ""9 מ\""מ קצר"", ""מספר סידורי של הנשק"": ""D79906Y"", ""סוג הרכב"": ""מרצדס"", ""מספר רישוי הרכב"": ""53-321-59"", ""מיקום החזקת הנשק"": ""מתחת לכיסא הנהג"", ""מספר עבירה"": ""144 א"", ""סוג עבירה"": ""החזקה נשק"", ""סוג הנשק [אקדח]"": 1.0, ""סטטוס הנשק"": ""נשק מופרד מתחמושת"", ""תכנון"": ""לא"", ""אופן החזקת הנשק"": ""ברכב, מוסלק - מוסתר"", ""כמות תחמושת"": ""מחסנית ובה כדורים"", ""שימוש"": ""לא""}",80.0,"1. **סוג העבירה וחומרתה**  
בשני התיקים מדובר בעבירה זהה – החזקת נשק (סעיף 144(א) לחוק העונשין), ובשני המקרים מדובר באקדח תקני בקוטר 9 מ""מ. רמת החומרה דומה, שכן אין שימוש בנשק או נסיבות מחמירות אחרות.

2. **תפקיד הנאשם ומעורבותו**  
בשני המקרים הנאשם הוא המחזיק בלבד, ללא אינדיקציה ליזמות, סחר או תיווך. המעורבות היא פסיבית – החזקה בלבד, ללא שימוש או תכנון.

3. **שיטת הביצוע (MO)**  
בשני המקרים מדובר בהחזקה פיזית של אקדח, אך יש הבדל: תיק 1 – החזקה גלויה יחסית (בארון בגדים בבית); תיק 2 – החזקה מוסלקת (מתחת לכיסא ברכב, מוסתר). עם זאת, בשני המקרים לא מדובר בהובלה, סחר או שימוש.

4. **נסיבות הליבה**  
בשני התיקים לא היה שימוש בנשק ולא תכנון מוקדם. בתיק 2 יש תחמושת (מחסנית עם כדורים), ובתיק 1 אין אזכור לתחמושת. בתיק 2 הנשק מופרד מהתחמושת, מה שמקל במעט. בשני המקרים לא מדובר בכמות חריגה או בנסיבות מחמירות (כגון שימוש, איום, או החזקה במקום ציבורי).

5. **ישימות כתקדים**  
בית המשפט יראה את שני התיקים כרלוונטיים זה לזה לצורכי ענישה, שכן מדובר באותו סוג עבירה, באותו סוג נשק, ובנסיבות דומות יחסית. ההבדלים (מיקום ההחזקה, קיומה של תחמושת) אינם מהותיים עד כדי שלילת רלוונטיות תקדימית.

SIMILARITY_SCORE: 80","ok",""
"ME-22-03-52964-443","ME-17-05-35227-215",2,0,1,"{""מיקום האירוע"": ""מפעל מזון בדיר אל אסד"", ""זמן האירוע"": ""9.3.22 בשעה 12:10"", ""סוג הנשק"": ""אקדח חצי אוטומטי D.D.G מודל 19 קליבר 9 מ\""מ פרבלום"", ""תיאור התפיסה"": ""הנאשם ניסה להשליך את הנשק והתחמושת לתוך ארגז עופות אך נתפס על ידי השוטרים"", ""מספר עבירה"": ""144 א, 144 ב"", ""סוג עבירה"": ""החזקה נשק, נשיאת נשק, הובלת נשק"", ""עבירות נוספות"": ""הנאשם הורשע בנוסף לעבירות נשק גם בעבירת הפרעה לשוטר במילוי תפקידו לפי סעיף 275 לחוק העונשין. לא צוינו עבירות נוספות שאינן עבירות נשק או הפרעה לשוטר."", ""סוג הנשק [אקדח]"": 1.0, ""סטטוס הנשק"": ""נשק עם מחסנית בהכנס"", ""תכנון"": ""כן"", ""אופן החזקת הנשק"": ""על גופו, מוסלק - מוסתר"", ""כמות תחמושת"": ""מחסנית ובה 16 כדורים, מחסנית נוספת ובה 16 כדורים"", ""מטרה-סיבת העבירה"": ""הגנה עצמית"", ""שימוש"": ""לא""}","{""תאריך העבירה"": ""7 במאי 2017"", ""זמן העבירה"": ""צהריים"", ""סוג הרכב"": ""אופנוע"", ""דגם הרכב"": ""קואנג יאנג טיו"", ""מיקום הנשק ברכב"": ""תא מטען"", ""מספר עבירה"": ""144 ב"", ""סוג עבירה"": ""נשיאת נשק, הובלת נשק"", ""סוג הנשק [תת מקלע מאולתר]"": 1.0, ""סטטוס הנשק"": ""נשק עם מחסנית בהכנס"", ""תכנון"": ""כן"", ""אופן החזקת הנשק"": ""ברכב"", ""שימוש"": ""לא""}",70.0,"1. **סוג העבירה וחומרתה**  
בשני התיקים מדובר בעבירות נשק – נשיאת נשק והובלת נשק, כאשר בתיק 1 יש גם החזקה והפרעה לשוטר. חומרת העבירה דומה, אך בתיק 1 יש עבירה נוספת (הפרעה לשוטר) ואקדח תקני, בעוד בתיק 2 מדובר בתת-מקלע מאולתר (שלעיתים ייחשב חמור יותר, תלוי בנסיבות).

2. **תפקיד הנאשם ומעורבותו**  
בשני המקרים הנאשמים הם המחזיקים והנושאים של הנשק, ללא אינדיקציה למעורבות של צדדים שלישיים או תפקיד של ""שליח"" בלבד. המעורבות פעילה – החזקה פיזית או שליטה ישירה.

3. **שיטת הביצוע (MO)**  
בשני המקרים מדובר בהסלקת נשק: תיק 1 – מוסלק על הגוף ומוסתר, תיק 2 – מוסלק בתא מטען של אופנוע. בשני המקרים הנשק לא היה גלוי, אך יש הבדל בין הסלקה על הגוף להסלקה ברכב.

4. **נסיבות הליבה**  
בשני המקרים הנשק היה טעון (מחסנית בהכנס), לא נעשה בו שימוש בפועל, ובשני המקרים הייתה מידה של תכנון. בתיק 1 נתפסו שתי מחסניות מלאות, בתיק 2 לא מצוין מספר הכדורים. בתיק 1 הייתה גם ניסיון להשליך את הנשק בעת התפיסה והפרעה לשוטר, מה שמחמיר מעט את הנסיבות.

5. **ישימות כתקדים**  
בית משפט יראה את שני התיקים כרלוונטיים זה לזה לצורכי ענישה, שכן מדובר בעבירות נשק דומות, עם דפוסי פעולה דומים (הסלקה, תכנון, נשק טעון, ללא שימוש בפועל). עם זאת, יש הבדלים מסוימים בסוג הנשק, נסיבות התפיסה, ועבירה נלווית בתיק 1.

SIMILARITY_SCORE: 70","ok",""
"ME-18-04-19642-504","ME-21-10-18557-340",2,0,1,"{""מיקום האירוע"": ""יער הסמוך לכפר קרע"", ""תאריך האירוע"": ""1.4.18"", ""שעת האירוע"": ""17:00"", ""סוג הנשק"": ""אקדח FN בקוטר 9 מ\""מ"", ""מספר יריות"": ""11 יריות באוויר"", ""השפעת אלכוהול"": ""הנאשם היה תחת השפעת משקאות אלכוהליים"", ""זיכרון הנאשם"": ""הנאשם אינו זוכר את כל פרטי האירוע"", ""התנהגות במהלך מעצר"": ""הנאשם ניסה להימלט על ידי ניסיון להתניע את רכב המתלוננת"", ""מיקום הנשק בעת המעצר"": ""האקדח הושלך מתחת למושב הרכב"", ""מספר עבירה"": ""144 א, 144 ב"", ""סוג עבירה"": ""נשיאת נשק, הובלת נשק"", ""עבירות נוספות"": ""הנאשם הורשע בנוסף לעבירות נשק (סעיפים 144(א) ו-144(ב) לחוק העונשין) גם בעבירה של מעשי פזיזות ורשלנות לפי סעיף 338(א)(5) לחוק העונשין, שהיא עבירה שאינה עבירת נשק."", ""סוג הנשק [אקדח]"": 1.0, ""סטטוס הנשק"": ""נשק עם כדור בקנה"", ""תכנון"": ""לא"", ""אופן החזקת הנשק"": ""ברכב, על גופו, מוסלק - מוסתר"", ""כמות תחמושת"": ""2 מחסניות, 40 כדורים"", ""מטרה-סיבת העבירה"": ""אלימות במשפחה"", ""שימוש"": ""לא""}","{""סוג הרכב"": ""מאזדה בצבע כחול"", ""מיקום האירוע"": ""כפר אבו סנאן"", ""זמן האירוע"": ""16.9.2021, סמוך לשעה 19:00"", ""מעורבים נוספים"": ""ג'יהאד סואעד, מוחמד פעאור"", ""סוג המאזדה"": ""מאזדה לבנה"", ""מיקום ישיבת הנאשם ברכב"": ""מושב הנוסע"", ""מיקום ישיבת ג'יהאד ברכב"": ""מושב הנהג"", ""מיקום ישיבת א' במאזדה"": ""מושב הנוסע ליד הנהג"", ""מיקום ישיבת מוחמד פעאור במאזדה"": ""מושב הנהג"", ""כיוון ירי הנאשם"": ""כלפי מעלה"", ""מטרת ירי הנאשם"": ""הפחדה או הקנטה של א'"", ""סכסוך קיים"": ""בין הנאשם לא'"", ""מספר עבירה"": ""144 א, 144 ב"", ""סוג עבירה"": ""החזקה נשק, נשיאת נשק, הובלת נשק"", ""עבירות נוספות"": ""הנאשם הורשע בנוסף לעבירות נשק (סעיף 144(א) ו-144(ב) לחוק העונשין) גם בעבירה של ירי מנשק חם לפי סעיף 340א(ב)(1) ו-(2) לחוק העונשין, שהיא עבירה שאינה לפי סעיף 144 ולכן נחשבת לעבירה נוספת."", ""סוג הנשק [תת מקלע מאולתר]"": 1.0, ""סטטוס הנשק"": ""נשק עם כדור בקנה"", ""תכנון"": ""לא"", ""אופן החזקת הנשק"": ""בבית, ברכב"", ""כמות תחמושת"": ""מחסנית ולכל הפחות 2 כדורים"", ""מטרה-סיבת העבירה"": ""הפחדה/הקנטה"", ""שימוש"": ""לא""}",75.0,"1. **סוג העבירה וחומרתה**  
בשני התיקים מדובר בעבירות נשק לפי סעיפים 144(א) ו-144(ב) לחוק העונשין (נשיאה, החזקה, הובלה), ובשניהם יש עבירה נלווית שאינה עבירת נשק (מעשי פזיזות/ירי מנשק חם). עם זאת, בתיק 2 יש ירי מנשק חם (סעיף 340א), שהיא עבירה חמורה יותר ממעשי פזיזות ורשלנות (סעיף 338(א)(5)), אך הפער אינו קיצוני.

2. **תפקיד הנאשם ומעורבותו**  
בשני המקרים הנאשם הוא המחזיק והיורה בפועל, בעל מעורבות ישירה ופעילה. אין הבדל מהותי במידת המעורבות.

3. **שיטת הביצוע (MO)**  
בשני המקרים מדובר בהחזקה, נשיאה וירי באוויר מנשק חם, כאשר הירי בוצע מתוך רכב, ללא תכנון מוקדם, ובשני המקרים הנשק היה טעון. ההבדל הוא בסוג הנשק (אקדח לעומת תת-מקלע מאולתר), אך דפוס הפעולה דומה מאוד.

4. **נסיבות הליבה**  
בשני המקרים הירי בוצע כלפי מעלה (לא לעבר אדם), ללא תכנון, כאשר ברקע קיים סכסוך/אלימות במשפחה או הפחדה. בתיק 1 הכמות גדולה יותר (11 יריות, 2 מחסניות, 40 כדורים), בתיק 2 מדובר במחסנית אחת ולפחות 2 כדורים. בתיק 1 הייתה השפעת אלכוהול וניסיון להימלט, בתיק 2 לא צוין. בשני המקרים לא נעשה שימוש ישיר לפגיעה באדם.

5. **ישימות כתקדים**  
בתי המשפט יראו את שני התיקים כרלוונטיים זה לזה לצורכי ענישה, שכן מדובר באותו סוג עבירה, דפוס פעולה דומה, ומידת מסוכנות דומה. ההבדלים (סוג הנשק, כמות תחמושת, עבירה נלווית) אינם מהותיים עד כדי שלילת רלוונטיות תקדימית.

SIMILARITY_SCORE: 75","ok",""
"ME-16-03-59260-279","SH-11-12-35552-181",2,0,1,"{""מיקום החזקת הנשק"": ""מחסן חנות דגים"", ""כתובת החנות"": ""רחוב נווה שאנן 37, תל-אביב"", ""סוג האקדח"": ""גלוק"", ""צבע האקדח"": ""שחור"", ""מספר רישום האקדח"": ""F.V.458"", ""סוג התחמושת"": ""כדורי קליבר 9 מ\""מ"", ""מיקום הירי"": ""רחוב התחייה 19, תל אביב-יפו"", ""סוג הרכב"": ""מרצדס"", ""מיקום נוסף שהוזכר"": ""רחוב המנוע 2, תל אביב-יפו"", ""מספר עבירה"": ""144 א, 144 ב"", ""סוג עבירה"": ""החזקה נשק, נשיאת נשק"", ""סוג הנשק [אקדח]"": 1.0, ""סטטוס הנשק"": ""נשק עם מחסנית בהכנס"", ""תכנון"": ""כן"", ""אופן החזקת הנשק"": ""ברכב, על גופו, מוסלק - מוסתר"", ""כמות תחמושת"": ""מחסנית ובה 14 כדורים"", ""שימוש"": ""לא""}","{""מיקום החזקת הנשק"": ""בארון הבגדים בחדר השינה"", ""אופן אריזת הנשק"": ""עטוף בגרב"", ""מיקום הבית"": ""עיר לוד"", ""תאריך העבירה"": ""14/12/11"", ""מספר עבירה"": ""144 א"", ""סוג עבירה"": ""החזקה נשק"", ""סוג הנשק [אקדח]"": 1.0, ""סטטוס הנשק"": ""תקין"", ""תכנון"": ""כן"", ""אופן החזקת הנשק"": ""בבית, מוסלק - מוסתר"", ""אופן קבלת הנשק"": ""רכש"", ""שימוש"": ""לא""}",65.0,"1. **סוג העבירה וחומרתה**  
בשני התיקים מדובר בעבירת החזקת נשק (סעיף 144 א), כאשר בתיק 1 יש גם נשיאת נשק (144 ב) – עבירה חמורה יותר, שכן היא כוללת נשיאת נשק במרחב הציבורי. שניהם עוסקים באקדח תקני, אך בתיק 1 יש גם תחמושת מוכנה לשימוש.

2. **תפקיד הנאשם ומעורבותו**  
בשני המקרים הנאשם הוא המחזיק הישיר של הנשק, עם תכנון מוקדם והסלקה. בתיק 1 יש גם החזקה ברכב ובגוף, מה שמעיד על מעורבות פעילה יותר, ואולי אף כוונה לשימוש פוטנציאלי.

3. **שיטת הביצוע (MO)**  
בשני המקרים הנשק מוסלק (מחסן/ארון בגדים), אך בתיק 1 יש הסלקה במספר מקומות (מחסן, רכב, על הגוף), לעומת תיק 2 שבו ההסלקה היא בבית בלבד. בתיק 1 יש גם תחמושת מוכנה במחסנית, מה שמעלה את רמת הסיכון.

4. **נסיבות הליבה**  
תיק 1 כולל גם נשיאת נשק, תחמושת מוכנה, החזקה ברכב ובמרחב ציבורי, מה שמחמיר את הנסיבות. בתיק 2 מדובר בהחזקה בלבד, בבית, ללא אינדיקציה לשימוש מיידי או נשיאה בציבור. בשני המקרים לא בוצע שימוש בפועל.

5. **ישימות כתקדים**  
בית המשפט יראה את שני התיקים כרלוונטיים זה לזה בעיקר בשאלת החזקת נשק מוסלק ומתוכנן, אך תיק 1 חמור יותר בשל נשיאה, תחמושת מוכנה והחזקה במרחב ציבורי. תיק 2 יכול להוות תקדים מקל לתיק 1, אך לא להיפך.

SIMILARITY_SCORE: 65","ok",""
"ME-16-06-44840-433","ME-14-10-31218-522",1,0,0,"{""שנת לידה"": ""1993"", ""מיקום האירוע"": ""רחוב האפרסמון, ירושלים"", ""תאריך האירוע"": ""5.6.16"", ""מעורבים נוספים"": ""אלירון גולד, רן אברג'יל, יוני אברג'יל, נתי קורקוס"", ""סוגי רימונים"": ""רימון הלם, רימון גז"", ""הדרכה בשימוש בנשק"": ""הנאשם הסביר לאלירון כיצד להשתמש ברימון הגז"", ""העברת נשק"": ""הנאשם העביר רימוני הלם בין מקומות מסתור"", ""מספר עבירה"": ""144 א, 144 ב"", ""סוג עבירה"": ""החזקה נשק, נשיאת נשק"", ""עבירות נוספות"": ""הנאשם הורשע בנוסף לעבירות נשק (סעיף 144) גם בסיוע לנסיון לתקיפה לפי סעיפים 379 + 25 + 31 לחוק העונשין. זוהי עבירה שאינה עבירת נשק."", ""סוג הנשק [רימון הלם/גז]"": 1.0, ""סטטוס הנשק"": ""נשק מופרד מתחמושת"", ""תכנון"": ""כן"", ""אופן החזקת הנשק"": ""מוסלק - מוסתר"", ""שימוש"": ""זריקת רימון""}","{""שנת לידה"": 1983, ""זמן האירוע"": ""02:45"", ""תאריך האירוע"": ""29/5/14"", ""מיקום האירוע"": ""דיר אל אסד"", ""סוג הרימון"": ""M7290"", ""צבע הרימון"": ""שחור"", ""מספר הרימון"": ""E386201"", ""פגיעה פוטנציאלית"": ""פגיעה גופנית"", ""מטרת הפעולה"": ""השלכת רימון למרפסת"", ""תוצאת הפעולה"": ""התפוצצות וקול נפץ עז"", ""מספר עבירה"": ""144 א"", ""סוג עבירה"": ""החזקה נשק"", ""סוג הנשק [רימון הלם/גז]"": 1.0, ""תכנון"": ""לא"", ""שימוש"": ""זריקת רימון""}",60.0,"1. **סוג העבירה וחומרתה**  
בשני התיקים מדובר בעבירות נשק – החזקה ושימוש ברימון הלם/גז, לפי סעיף 144 א לחוק העונשין. עם זאת, בתיק 1 יש גם הרשעה בעבירות נוספות (סיוע לניסיון תקיפה), מה שמעלה את רמת החומרה לעומת תיק 2 שבו מדובר רק בהחזקה ושימוש.

2. **תפקיד הנאשם ומעורבותו**  
בתיק 1 הנאשם היה דמות מרכזית: הדריך אחרים, העביר רימונים בין מקומות מסתור, והיה מעורב בתכנון. בתיק 2, הנאשם השליך רימון אך לא היה תכנון מוקדם או מעורבות נוספת מעבר לביצוע הישיר. כלומר, בתיק 1 מעורבות גבוהה ויזומה, בתיק 2 – ביצוע נקודתי.

3. **שיטת הביצוע (MO)**  
בשני המקרים מדובר בזריקת רימון הלם/גז, אך בתיק 1 יש דפוס של הסתרה, הדרכה, ותכנון, בעוד שבתיק 2 מדובר בזריקה ישירה ללא תכנון או הסתרה.

4. **נסיבות הליבה**  
בתיק 1: תכנון, הסתרה, הדרכה, רימונים במספר מקומות, עבירות נלוות. בתיק 2: פעולה אחת, ללא תכנון, ללא נסיבות מחמירות נוספות. בתיק 1 יש נסיבות מחמירות יותר.

5. **ישימות כתקדים**  
שני התיקים עוסקים בעבירות נשק דומות (רימון הלם/גז, החזקה ושימוש), אך בשל ההבדלים במעורבות, תכנון, ועבירות נלוות – תיק 1 חמור יותר. עם זאת, יש דמיון מהותי מסוים, במיוחד לעניין עצם השימוש והחזקה ברימון, ולכן תיק 1 עשוי לשמש תקדים רלוונטי לתיק 2, אך לא להיפך.

SIMILARITY_SCORE: 60","ok",""
"sh-10-05-7434-952","SH-18-06-11098-353",1,0,0,"{""שנת לידה"": 1961, ""מיקום האירוע"": ""רחוב אורלנסקי 11, פתח תקווה"", ""תאריך האירוע"": ""14.4.10"", ""מודלי הנשק"": [""ברטה חצי אוטומטי"", ""לאמה חצי אוטומטי""], ""מספר עבירה"": ""144 א"", ""סוג עבירה"": ""החזקה נשק"", ""סוג הנשק [אקדח]"": 1.0, ""סטטוס הנשק"": ""נשק מפורק"", ""תכנון"": ""לא"", ""אופן החזקת הנשק"": ""בבית, מוסלק - מוסתר"", ""מטרה-סיבת העבירה"": ""אספנות"", ""שימוש"": ""לא""}","{""סוג רובה"": ""גליל"", ""מספר סידורי נשק"": ""נמחק"", ""תאריך תפיסה"": ""23/05/18"", ""סוג תחמושת"": ""מחסניות ותחמושת"", ""מספר עבירה"": ""144 א"", ""סוג עבירה"": ""החזקה נשק"", ""סוג הנשק [רובה סער]"": 1.0, ""סטטוס הנשק"": ""נשק מופרד מתחמושת"", ""תכנון"": ""לא"", ""אופן החזקת הנשק"": ""בבית, מוסלק - מוסתר"", ""שימוש"": ""לא""}",75.0,"1. **סוג העבירה וחומרתה** — בשני המקרים מדובר בעבירה זהה: החזקת נשק ללא היתר לפי סעיף 144(א) לחוק העונשין. עם זאת, יש הבדל מסוים בחומרה: תיק 1 עוסק באקדחים (נשק קצר), תיק 2 ברובה סער (נשק ארוך, לרוב חמור יותר מבחינת פוטנציאל מסוכנות).
2. **תפקיד הנאשם ומעורבותו** — בשני התיקים הנאשם הוא המחזיק בלבד, ללא אינדיקציה למעורבות פעילה מעבר להחזקה (לא סחר, לא תיווך, לא שימוש).
3. **שיטת הביצוע (MO)** — דפוס זהה: החזקת נשק מוסלק בבית, ללא שימוש, ללא תכנון מוקדם, ללא אינדיקציה לפעילות עבריינית נלווית.
4. **נסיבות הליבה** — בשני המקרים הנשק לא היה בשימוש, לא היה תכנון, לא נתפסה כמות חריגה, לא נעשה שימוש בתחמושת, והנשק היה מופרד/מוסלק. עם זאת, בתיק 2 מדובר ברובה סער (פוטנציאל מסוכנות גבוה יותר), ובתיק 1 באקדחים (אך שניים). בתיק 1 צוין מניע של ""אספנות"", בתיק 2 אין מניע מוצהר.
5. **ישימות כתקדים** — בית המשפט יראה את שני התיקים כרלוונטיים זה לזה לצורכי ענישה, במיוחד בשל הדמיון בדפוס ההחזקה והיעדר שימוש, אך ייתכן שיבחין בין חומרת סוג הנשק (רובה סער לעומת אקדח) וייתן לכך משקל מסוים.

SIMILARITY_SCORE: 75","ok",""
"SH-19-07-60805-168","SH-16-11-7544-55",2,0,1,"{""סוג הרכב"": ""לקסוס"", ""מספר רישוי"": ""72-111-79"", ""מיקום החזקת הנשק"": ""תחת שטיח הגלגל הרזרבי"", ""סוג האקדח"": ""גז/הזנקה"", ""שינוי בייעוד הנשק"": ""מסוגל לירות כדורי אקדח"", ""סוג המחסנית"": ""סמית' אנד ווסון"", ""קוטר הכדורים"": ""9 מ\""מ פאראבלום"", ""מספר עבירה"": ""144 א"", ""סוג עבירה"": ""החזקה נשק"", ""סוג הנשק [אקדח]"": 1.0, ""סטטוס הנשק"": ""נשק עם מחסנית בהכנס"", ""תכנון"": ""לא"", ""אופן החזקת הנשק"": ""ברכב, מוסלק - מוסתר"", ""כמות תחמושת"": ""מחסנית ובה 10 כדורים"", ""שימוש"": ""לא""}","{""מיקום האירוע"": ""מחלף להב-שומריה, כביש 6 לכוון צפון"", ""תאריך האירוע"": ""26.10.16"", ""שם השוטר"": ""מיכאל אדרי"", ""קוטר הקליעים"": ""9 מ\""מ"", ""מספר עבירה"": ""144 א"", ""סוג עבירה"": ""החזקה נשק"", ""סוג הנשק [תת מקלע מאולתר]"": 1.0, ""סטטוס הנשק"": ""נשק מופרד מתחמושת"", ""תכנון"": ""לא"", ""אופן החזקת הנשק"": ""על גופו, מוסלק - מוסתר"", ""כמות תחמושת"": ""מחסנית ובה 10 כדורים"", ""שימוש"": ""לא""}",80.0,"1. **סוג העבירה וחומרתה**  
בשני המקרים מדובר בעבירה זהה: החזקת נשק (סעיף 144א לחוק העונשין). בשני התיקים מדובר בנשק חם (או שהוסב לכזה), עם תחמושת. רמת החומרה דומה.

2. **תפקיד הנאשם ומעורבותו**  
בשני המקרים אין אינדיקציה ליזמות או סחר; מדובר בהחזקה בלבד, ללא שימוש או תכנון לשימוש. המעורבות דומה — החזקה פיזית ומוסלקת.

3. **שיטת הביצוע (MO)**  
בשני המקרים הנשק הוסלק (ברכב/על גוף), לא היה בשימוש, והתחמושת הוחזקה יחד עם הנשק (או בנפרד, אך זמינה). דפוס ההסלקה דומה.

4. **נסיבות הליבה**  
בשני המקרים:  
- כמות תחמושת זהה (10 כדורים, 9 מ""מ).  
- לא נעשה שימוש בנשק.  
- לא היה תכנון מוקדם.  
- סוג הנשק שונה (אקדח מוסב לעומת תת-מקלע מאולתר), אך שניהם נשק חם לא חוקי.  
- ברכב לעומת על גוף — הבדל מסוים, אך לא מהותי לעניין הענישה.

5. **ישימות כתקדים**  
בית המשפט יראה את שני התיקים כרלוונטיים זה לזה לצורכי ענישה, שכן מדובר באותה עבירה, בנסיבות דומות מאוד, עם שוני מסוים בסוג הנשק אך לא ברמת החומרה הכוללת.

SIMILARITY_SCORE: 80","ok",""
"SH-14-11-8987-965","ME-16-12-50986-619",1,0,0,"{""שנת לידה"": ""1985"", ""מקום מגורים"": ""ירושלים"", ""סוג האקדח"": ""קולט 45"", ""מיקום האירוע"": ""רח' דוד רזיאל 28, ירושלים"", ""תאריך האירוע"": ""מאי 2014"", ""זמן החזקת הנשק לאחר הגניבה"": ""חודש ימים"", ""מטרת הכניסה לבית המתלונן"": ""ניקיון הבית"", ""מספר עבירה"": ""144 א"", ""סוג עבירה"": ""החזקה נשק"", ""עבירות נוספות"": ""הנאשם הורשע גם בעבירת גניבה לפי סעיף 384 לחוק העונשין, בנוסף לעבירת החזקת נשק שלא כדין לפי סעיף 144(א)."", ""סוג הנשק [אקדח]"": 1.0, ""סטטוס הנשק"": ""תקול"", ""תכנון"": ""לא"", ""אופן החזקת הנשק"": ""בבית, על גופו"", ""אופן קבלת הנשק"": ""גנב"", ""שימוש"": ""לא""}","{""זמן האירוע"": ""15.12.16, בסמוך לשעה 14:45"", ""מיקום האירוע"": ""שכונה 20 ברהט"", ""סוג הרכב"": ""ב.מ.וו"", ""בעלות על הרכב"": ""הרכב שייך לנאשם"", ""פעולת הנאשם"": ""נסיעה מהירה ליד בתי המתלוננים, ירי באוויר"", ""כוונת הנאשם"": ""להקניט ולהפחיד את המתלוננים"", ""זיהוי הנאשם"": ""נעשה קשה על ידי חבישת כובעים וחם-צוואר"", ""תגובת המתלוננים"": ""ניסיון להסתתר והשלכת צינור לעבר הרכב"", ""מספר עבירה"": ""144 ב"", ""סוג עבירה"": ""נשיאת נשק, הובלת נשק"", ""עבירות נוספות"": ""הנאשם הורשע גם בעבירות שאינן לפי סעיף 144 לחוק העונשין: קשירת קשר לפשע (סעיף 449(א)(1)), איומים (סעיף 192), וירי באזור מגורים (סעיף 340א')."", ""סוג הנשק - אם לא נמצא בטבלה"": ""נשק"", ""סטטוס הנשק"": ""נשק עם כדור בקנה"", ""תכנון"": ""כן"", ""אופן החזקת הנשק"": ""ברכב, על גופו"", ""מטרה-סיבת העבירה"": ""הפחדה ואיומים"", ""שימוש"": ""לא""}",30.0,"1. **סוג העבירה וחומרתה**  
תיק 1 עוסק בהחזקת נשק שלא כדין (סעיף 144(א)) ובגניבה, ללא שימוש בנשק; תיק 2 עוסק בנשיאת והובלת נשק (סעיף 144(ב)), קשירת קשר, איומים וירי באזור מגורים, עם הפעלת הנשק (ירי באוויר) ותכנון מראש. תיק 2 חמור יותר, הן מבחינת סוג העבירות והן מבחינת הסיכון לציבור.

2. **תפקיד הנאשם ומעורבותו**  
בתיק 1 הנאשם גנב את הנשק תוך כדי עבודתו בבית, החזיק בו ללא שימוש או תכנון; בתיק 2 הנאשם יזם פעולה מתוכננת, נשא את הנשק ברכב, ירה באוויר כדי להפחיד, ונקט אמצעי הסוואה. מעורבותו של נאשם 2 פעילה, יוזמת ומסוכנת יותר.

3. **שיטת הביצוע (MO)**  
בתיק 1 – גניבה והחזקה פסיבית של נשק תקול, ללא שימוש; בתיק 2 – נשיאת נשק תקין, נסיעה ברכב, ירי באוויר, הפחדה, תכנון והסוואה. דפוסי הביצוע שונים מהותית.

4. **נסיבות הליבה**  
תיק 1: נשק תקול, לא נעשה בו שימוש, לא היה תכנון, לא הופעל איום; תיק 2: נשק תקין, ירי בפועל, תכנון, הפחדה, נסיבות מחמירות (ירי באזור מגורים, קשירת קשר). נסיבות תיק 2 מחמירות בהרבה.

5. **ישימות כתקדים**  
המשותף: שניהם עוסקים בעבירות נשק לפי חוק העונשין, אך ההבדלים המהותיים – סוג העבירה, רמת המסוכנות, תכנון, שימוש בפועל – הופכים את תיק 1 לפחות רלוונטי כתקדים ענייני לתיק 2. בית המשפט יבחין בין המקרים, במיוחד לעניין הענישה.

SIMILARITY_SCORE: 30","ok",""
"SH-16-09-33552-535","ME-16-11-56385-886",1,0,0,"{""סוג האקדח"": ""ברטה"", ""קליבר אקדח"": ""0.22"", ""סוג רובה"": ""דמוי M-16"", ""קליבר רובה"": ""5.56 מ\""מ"", ""סוג תחמושת [9 מ\""מ]"": 4, ""סוג תחמושת [5.56 מ\""מ]"": 60, ""מיקום החזקת הנשק"": ""במחסן"", ""אופן הסתרת הנשק"": ""עטוף ומוסלק בבור באדמה"", ""מספר עבירה"": ""144 א"", ""סוג עבירה"": ""החזקה נשק"", ""סוג הנשק [אקדח]"": 1.0, ""סוג הנשק [רובה סער מאולתר]"": 1.0, ""סטטוס הנשק"": ""נשק מופרד מתחמושת"", ""תכנון"": ""כן"", ""אופן החזקת הנשק"": ""מוסלק - מוסתר"", ""כמות תחמושת"": ""מחסנית, מחסנית ריקה ובה 0 כדורים, 4 כדורים, 60 כדורים"", ""שימוש"": ""לא""}","{""תאריך גניבת הנשק"": ""14.10.07"", ""תאריך החזקת הנשק"": ""18.11.16"", ""דגם הנשק"": ""יריחו"", ""מצב הנשק"": ""דרוך, טעון ומוכן לירי"", ""מספר עבירה"": ""144 א"", ""סוג עבירה"": ""החזקה נשק"", ""סוג הנשק [אקדח]"": 1.0, ""סטטוס הנשק"": ""נשק עם כדור בקנה"", ""תכנון"": ""לא"", ""אופן החזקת הנשק"": ""על גופו"", ""שימוש"": ""לא""}",45.0,"1. **סוג העבירה וחומרתה**  
שני התיקים עוסקים בעבירה זהה – החזקת נשק ללא היתר לפי סעיף 144(א) לחוק העונשין. עם זאת, בתיק 1 מדובר בהחזקה של מספר כלי נשק (אקדח ורובה סער מאולתר) וכמות תחמושת משמעותית, בעוד שבתיק 2 מדובר באקדח בודד. חומרת תיק 1 גבוהה יותר בשל הכמות והמגוון.

2. **תפקיד הנאשם ומעורבותו**  
בשני המקרים הנאשם הוא ""מחזיק"" בלבד, ללא אינדיקציה לשימוש או סחר. עם זאת, בתיק 1 יש תכנון והסתרה אקטיבית (הנשק מוסלק באדמה), בעוד שבתיק 2 ההחזקה פשוטה – על גופו של הנאשם, ללא תכנון מיוחד.

3. **שיטת הביצוע (MO)**  
בתיק 1: הסתרה מתוחכמת (עטוף, מוסלק בבור), הפרדה בין נשק לתחמושת. בתיק 2: נשק דרוך וטעון על גוף הנאשם, ללא הסתרה. דפוסי הביצוע שונים מהותית – האחד מצביע על ניסיון להרחיק עצמו מהנשק, השני על זמינות מיידית.

4. **נסיבות הליבה**  
תיק 1: החזקה מוסלקת, תכנון, מספר כלי נשק, תחמושת רבה, ללא שימוש. תיק 2: החזקה גלויה, נשק בודד, דרוך וטעון, ללא שימוש. בתיק 1 יש נסיבות מחמירות (כמות, הסתרה, תכנון), בתיק 2 – נסיבה מחמירה אחת (נשק דרוך), אך חומרה כוללת פחותה.

5. **ישימות כתקדים**  
שני התיקים עוסקים באותו סעיף ובאותו סוג עבירה, אך ההבדלים בכמות, שיטת ההחזקה, רמת התכנון והנסיבות המקלות/מחמירות – משמעותיים. בית המשפט עשוי להסתמך על תיק אחד כנקודת ייחוס עקרונית, אך לא כתקדים ישיר לענישה, בשל פערי חומרה ונסיבות.

SIMILARITY_SCORE: 45","ok",""
"ME-17-08-28615-573","ME-17-05-35227-215",2,0,1,"{""מיקום האירוע"": ""תחנת דלק ליד קיבוץ בית העמק"", ""זמן האירוע"": ""30.7.2017, מ-19:57 עד 23:04"", ""התנהלות הנאשם במהלך האירוע"": ""הנאשם הגיע למתחם, הכניס את התיק לפח אשפה, שהה במקום ולבסוף ניסה לברוח עם התיק כשהוא רואה את השוטרים"", ""אופן התגובה למשטרה"": ""הנאשם ניסה לברוח ולהסתיר את התיק במיכל מחזור לאחר שהבחין בניידת משטרה"", ""מספר שוטרים במעורבות"": ""5 שוטרים"", ""סוג הניידת"": ""ניידת משטרה"", ""מיקום התיק במהלך האירוע"": ""הוכנס לפח אשפה ולאחר מכן למיכל מחזור"", ""מרחק הנאשם מהפח במהלך האירוע"": ""מטרים ספורים"", ""מספר עבירה"": ""144 א, 144 ב"", ""סוג עבירה"": ""החזקה נשק, נשיאת נשק"", ""עבירות נוספות"": ""הנאשם הורשע בנוסף לעבירות נשק (סעיף 144) גם בעבירת הפרעה לשוטר במילוי תפקידו לפי סעיף 275 לחוק העונשין."", ""סוג הנשק [תת מקלע מאולתר]"": 1.0, ""סוג הנשק [רימון הלם/גז]"": 1.0, ""סטטוס הנשק"": ""נשק עם מחסנית בהכנס"", ""תכנון"": ""לא"", ""אופן החזקת הנשק"": ""מוסלק - מוסתר"", ""כמות תחמושת"": ""מחסנית ובה 9 כדורים, 50 כדורים"", ""שימוש"": ""לא""}","{""תאריך העבירה"": ""7 במאי 2017"", ""זמן העבירה"": ""צהריים"", ""סוג הרכב"": ""אופנוע"", ""דגם הרכב"": ""קואנג יאנג טיו"", ""מיקום הנשק ברכב"": ""תא מטען"", ""מספר עבירה"": ""144 ב"", ""סוג עבירה"": ""נשיאת נשק, הובלת נשק"", ""סוג הנשק [תת מקלע מאולתר]"": 1.0, ""סטטוס הנשק"": ""נשק עם מחסנית בהכנס"", ""תכנון"": ""כן"", ""אופן החזקת הנשק"": ""ברכב"", ""שימוש"": ""לא""}",75.0,"1. **סוג העבירה וחומרתה**  
בשני התיקים מדובר בעבירות נשק חמורות: החזקה, נשיאה והובלה של תת-מקלע מאולתר עם מחסנית וכדורים. בשני המקרים לא בוצע שימוש בנשק. תיק 1 כולל גם עבירת הפרעה לשוטר, אך עיקר העבירה דומה מאוד.

2. **תפקיד הנאשם ומעורבותו**  
בשני המקרים הנאשם הוא המחזיק והנושא של הנשק, ללא אינדיקציה למעורבות של צדדים שלישיים או תפקיד של שליח בלבד. בתיק 2 יש תכנון, בתיק 1 לא, אך בשניהם המעורבות ישירה ופעילה.

3. **שיטת הביצוע (MO)**  
בשני המקרים הנשק מוסלק (בתיק 1 בפח אשפה/מיכל מחזור, בתיק 2 בתא מטען של אופנוע). בשני המקרים מדובר בהסתרה והובלה של נשק חם, עם דפוס פעולה דומה של ניסיון להסתיר את הנשק.

4. **נסיבות הליבה**  
הנשק זהה (תת-מקלע מאולתר עם מחסנית), בשני המקרים לא נעשה שימוש בפועל, אך בתיק 1 יש גם רימון הלם/גז וכמות תחמושת גדולה יותר. בתיק 2 יש תכנון מראש, בתיק 1 לא. בתיק 1 יש ניסיון להימלט מהמשטרה והפרעה לשוטר, מה שמחמיר את הנסיבות.

5. **ישימות כתקדים**  
בית המשפט יראה את שני התיקים כרלוונטיים זה לזה לצורכי ענישה, במיוחד לאור סוג הנשק, אופן ההחזקה והעדר שימוש. עם זאת, יש הבדל מסוים בחומרה (תכנון בתיק 2, הפרעה לשוטר בתיק 1, ורימון הלם/גז בתיק 1), כך שלא מדובר בזהות מוחלטת.

SIMILARITY_SCORE: 75","ok",""
"SH-16-11-7544-55","ME-16-10-12213-904",1,0,0,"{""מיקום האירוע"": ""מחלף להב-שומריה, כביש 6 לכוון צפון"", ""תאריך האירוע"": ""26.10.16"", ""שם השוטר"": ""מיכאל אדרי"", ""קוטר הקליעים"": ""9 מ\""מ"", ""מספר עבירה"": ""144 א"", ""סוג עבירה"": ""החזקה נשק"", ""סוג הנשק [תת מקלע מאולתר]"": 1.0, ""סטטוס הנשק"": ""נשק מופרד מתחמושת"", ""תכנון"": ""לא"", ""אופן החזקת הנשק"": ""על גופו, מוסלק - מוסתר"", ""כמות תחמושת"": ""מחסנית ובה 10 כדורים"", ""שימוש"": ""לא""}","{""סוג הרכב"": ""סובארו"", ""בעלות על הרכב"": ""רשום על שם אחיו, מג'ד"", ""מיקום החזקת הנשק"": ""מתחת לכיסא הנוסע שליד הנהג"", ""מיקום המחסנית"": ""מתחת לכיסא הנוסע שליד הנהג"", ""מיקום הכדור"": ""במכנסי הנאשם"", ""סוג התחמושת"": ""כדור 9 מ\""מ"", ""מיקום החזקת הנשק בעת המעצר"": ""במוסך"", ""מיקום המחסנית בעת המעצר"": ""במוסך"", ""מיקום הכדור בעת המעצר"": ""במכנסי הנאשם"", ""מספר עבירה"": ""144 ב"", ""סוג עבירה"": ""נשיאת נשק"", ""סוג הנשק [תת מקלע מאולתר]"": 1.0, ""סטטוס הנשק"": ""נשק מופרד מתחמושת"", ""תכנון"": ""כן"", ""אופן החזקת הנשק"": ""ברכב, מוסלק - מוסתר"", ""כמות תחמושת"": ""מחסנית ריקה ובה 0 כדורים, 1 כדור"", ""שימוש"": ""לא""}",72.0,"1. **סוג העבירה וחומרתה**  
תיק 1 עוסק ב""החזקה נשק"" (סעיף 144(א)), תיק 2 ב""נשיאת נשק"" (סעיף 144(ב)). שניהם עוסקים בעבירות נשק, אך ""נשיאה"" נחשבת לרוב חמורה יותר מהחזקה בלבד, שכן היא כוללת פוטנציאל לשימוש מחוץ לבית או לרכב. עם זאת, שניהם באותו מדרג ענישה (עבירות נשק ללא רישיון).

2. **תפקיד הנאשם ומעורבותו**  
בשני המקרים הנאשם הוא המחזיק הישיר של הנשק, כאשר בתיק 1 הנשק היה על גופו ובתיק 2 – ברכב שבו שהה, עם כדור במכנסיו. המעורבות בשני המקרים פעילה, לא מדובר בשליח או מחזיק פסיבי.

3. **שיטת הביצוע (MO)**  
בשני התיקים מדובר בהסלקת תת-מקלע מאולתר, כשהנשק מופרד מהתחמושת. בתיק 1 הנשק היה מוסתר על הגוף, בתיק 2 – מוסתר ברכב, אך הכדור היה על גופו של הנאשם. דפוס ההסלקה דומה, אך יש הבדל במיקום.

4. **נסיבות הליבה**  
בשני המקרים לא נעשה שימוש בנשק, לא מדובר בכמות תחמושת חריגה (תיק 1: 10 כדורים, תיק 2: כדור בודד). בתיק 2 יש תכנון, בתיק 1 לא. שניהם לא כוללים נסיבות מחמירות כמו שימוש בפועל או סכנה מיידית, אך בתיק 2 יש אלמנט של תכנון שמחמיר את הנסיבות.

5. **ישימות כתקדים**  
שני התיקים דומים מאוד בעבירה, בסוג הנשק, ובנסיבות הליבה. ההבדלים – בעיקר ברמת התכנון ובשאלה האם מדובר בהחזקה או נשיאה – אינם שוללים רלוונטיות הדדית, אך עשויים להשפיע על הענישה. בית משפט יראה בתיק אחד תקדים רלוונטי לשני, אך לא זהה.

SIMILARITY_SCORE: 72","ok",""
"ME-15-02-9111-399","ME-14-07-13179-197",1,0,0,"{""מיקום האירוע"": ""כפר בענה"", ""זמן האירוע"": ""25.1.15, סמוך לשעה 15:00"", ""סיבת המעצר"": ""מנוסה משוטרים"", ""סוג האקדח"": ""FN"", ""מספר האקדח"": ""74423"", ""קליבר"": ""9 מ\""מ"", ""מספר עבירה"": ""144 א, 144 ב"", ""סוג עבירה"": ""החזקה נשק, נשיאת נשק"", ""סוג הנשק [אקדח]"": 1.0, ""סטטוס הנשק"": ""נשק מופרד מתחמושת"", ""תכנון"": ""לא"", ""אופן החזקת הנשק"": ""על גופו"", ""כמות תחמושת"": ""מחסנית ובה 13 כדורים"", ""שימוש"": ""לא""}","{""קרבת משפחה"": ""בני דודים"", ""מיקום האירוע"": ""כפר יפיע, אכסאל"", ""סכום החוב"": ""2,000 ₪"", ""מקום עבודה"": ""מגרש לפירוק כלי רכב"", ""סוג הנשק במגרש"": ""אקדח גלוק"", ""מספר יריות"": ""3 יריות"", ""מטרת הירי"": ""הפחדה או הקנטה"", ""זמן הירי"": ""סמוך לשעה 22:30"", ""זמן האירוע במגרש"": ""בין 12.02.13 ל-13.02.13"", ""זמן הירי במגרש"": ""סמוך לשעה 00:12"", ""מספר אנשים במגרש"": ""שלושה"", ""פעולה לאחר הירי"": ""איסוף תרמילי האקדח"", ""מספר עבירה"": ""144 א, 144 ב"", ""סוג עבירה"": ""החזקה נשק, נשיאת נשק"", ""עבירות נוספות"": ""הנאשם הורשע, בנוסף לעבירות נשק לפי סעיף 144, גם בעבירות נוספות: ירי באזור מגורים (סעיף 340א), שיבוש מהלכי משפט (סעיף 244), הפרת הוראה חוקית (סעיף 287(א)), גניבה (סעיף 384), ואיומים (סעיף 192)."", ""סוג הנשק [אקדח]"": 1.0, ""סטטוס הנשק"": ""נשק עם כדור בקנה"", ""תכנון"": ""לא"", ""אופן החזקת הנשק"": ""על גופו"", ""כמות תחמושת"": ""שלוש מחסניות ובהן כדורים"", ""מטרה-סיבת העבירה"": ""בצע כסף"", ""שימוש"": ""לא""}",40.0,"1. **סוג העבירה וחומרתה** — בשני התיקים מדובר בעבירות נשק לפי סעיפים 144 א ו-144 ב (החזקה ונשיאת נשק), אך בתיק 2 יש גם עבירות נוספות (ירי באזור מגורים, שיבוש מהלכי משפט, גניבה, איומים), שמעלות את רמת החומרה הכוללת של התיק מעבר לעבירות הנשק בלבד.
2. **תפקיד הנאשם ומעורבותו** — בשני המקרים הנאשם החזיק את הנשק על גופו, אך בתיק 2 הייתה גם הפעלת הנשק (ירי בפועל), בעוד שבתיק 1 לא נעשה שימוש בנשק כלל. בתיק 2 יש גם מניע של בצע כסף ופעולה אקטיבית יותר (איסוף תרמילים, הפחדה).
3. **שיטת הביצוע (MO)** — בשני המקרים מדובר בהחזקה פיזית של אקדח על הגוף, אך בתיק 2 בוצע ירי (3 יריות) ונעשו פעולות נוספות (איסוף תרמילים), בעוד שבתיק 1 לא היה שימוש בנשק.
4. **נסיבות הליבה** — בתיק 1 הנשק היה מופרד מתחמושת, לא נעשה בו שימוש, ולא היה תכנון. בתיק 2 הנשק היה עם כדור בקנה, בוצע ירי, היו שלוש מחסניות, והיו נסיבות מחמירות (ירי באזור מגורים, עבירות נוספות, מניע פלילי מובהק).
5. **ישימות כתקדים** — למרות שמדובר באותו סוג עבירה בסיסית (החזקה ונשיאת נשק), ההבדלים המהותיים בשימוש בנשק, בעבירות הנוספות ובנסיבות המחמירות הופכים את תיק 2 לחמור בהרבה. תיק 1 עשוי להוות תקדים חלקי בלבד, בעיקר לעניין עצם ההחזקה, אך לא לעניין הענישה הכוללת או נסיבות מחמירות.

SIMILARITY_SCORE: 40","ok",""
"SH-20-02-52091-995","ME-17-05-35227-215",1,0,0,"{""מיקום החזקת הנשק"": ""ארון במטבח"", ""מיקום הבית"": ""שבט אלאעצם"", ""תאריך החזקת הנשק"": ""מיום 14.02.20"", ""תאריך התגלית"": ""16.02.20"", ""שעת התגלית"": ""סמוך לשעה 15:00"", ""סוג הפעילות המשטרתית"": ""חיפוש יזום"", ""מיקום התגלית"": ""בית הנאשם"", ""מספר עבירה"": ""144 א"", ""סוג עבירה"": ""החזקה נשק"", ""סוג הנשק [תת מקלע מאולתר]"": 1.0, ""סטטוס הנשק"": ""נשק מופרד מתחמושת"", ""תכנון"": ""לא"", ""אופן החזקת הנשק"": ""בבית, מוסלק - מוסתר"", ""כמות תחמושת"": ""20 כדורים"", ""שימוש"": ""לא""}","{""תאריך העבירה"": ""7 במאי 2017"", ""זמן העבירה"": ""צהריים"", ""סוג הרכב"": ""אופנוע"", ""דגם הרכב"": ""קואנג יאנג טיו"", ""מיקום הנשק ברכב"": ""תא מטען"", ""מספר עבירה"": ""144 ב"", ""סוג עבירה"": ""נשיאת נשק, הובלת נשק"", ""סוג הנשק [תת מקלע מאולתר]"": 1.0, ""סטטוס הנשק"": ""נשק עם מחסנית בהכנס"", ""תכנון"": ""כן"", ""אופן החזקת הנשק"": ""ברכב"", ""שימוש"": ""לא""}",35.0,"1. **סוג העבירה וחומרתה**  
תיק 1 עוסק ב""החזקת נשק"" (סעיף 144(א)), בעוד תיק 2 עוסק ב""נשיאת נשק, הובלת נשק"" (סעיף 144(ב)). סעיף 144(ב) חמור יותר, שכן נשיאה/הובלה נתפסת כמעשה אקטיבי יותר מהחזקה סטטית בבית. שניהם בתחום עבירות נשק, אך רמת החומרה שונה.

2. **תפקיד הנאשם ומעורבותו**  
בתיק 1 הנאשם החזיק את הנשק בביתו, מוסתר, ללא אינדיקציה לשימוש או תכנון. בתיק 2 הנאשם הוביל את הנשק ברכב, עם תכנון מוקדם, מה שמעיד על מעורבות פעילה יותר ועל פוטנציאל מסוכנות גבוה יותר.

3. **שיטת הביצוע (MO)**  
בתיק 1 הנשק הוסתר בבית, ללא תנועה או העברה. בתיק 2 הנשק הוסתר בתא מטען של אופנוע ונישא ממקום למקום. דפוסי הביצוע שונים: סטטי ומוסתר לעומת דינמי ומועבר.

4. **נסיבות הליבה**  
בשני המקרים מדובר בתת-מקלע מאולתר, ללא שימוש בפועל. בתיק 1 הנשק מופרד מהתחמושת (אם כי יש 20 כדורים בבית), בתיק 2 הנשק עם מחסנית מוכנה, מה שמחמיר את המסוכנות. בתיק 2 יש תכנון, בתיק 1 אין.

5. **ישימות כתקדים**  
למרות שמדובר באותו סוג נשק ובתחום עבירות דומה, ההבדלים ברמת החומרה, במעורבות, בתכנון ובאופי ההחזקה/נשיאה מהותיים. בית המשפט יראה את התיקים כרלוונטיים זה לזה רק ברמה עקרונית (עבירות נשק), אך לא כתקדימים ישירים לענישה.

SIMILARITY_SCORE: 35","ok",""
"SH-16-11-19417-55","SH-16-11-7544-55",3,1,1,"{""זמן המעצר"": ""26.10.16, 05:00 בבוקר"", ""דגם הנשק"": ""ברטה F84"", ""קליבר הנשק"": ""9 מ\""מ קצר"", ""מספר סידורי של הנשק"": ""D79906Y"", ""סוג הרכב"": ""מרצדס"", ""מספר רישוי הרכב"": ""53-321-59"", ""מיקום החזקת הנשק"": ""מתחת לכיסא הנהג"", ""מספר עבירה"": ""144 א"", ""סוג עבירה"": ""החזקה נשק"", ""סוג הנשק [אקדח]"": 1.0, ""סטטוס הנשק"": ""נשק מופרד מתחמושת"", ""תכנון"": ""לא"", ""אופן החזקת הנשק"": ""ברכב, מוסלק - מוסתר"", ""כמות תחמושת"": ""מחסנית ובה כדורים"", ""שימוש"": ""לא""}","{""מיקום האירוע"": ""מחלף להב-שומריה, כביש 6 לכוון צפון"", ""תאריך האירוע"": ""26.10.16"", ""שם השוטר"": ""מיכאל אדרי"", ""קוטר הקליעים"": ""9 מ\""מ"", ""מספר עבירה"": ""144 א"", ""סוג עבירה"": ""החזקה נשק"", ""סוג הנשק [תת מקלע מאולתר]"": 1.0, ""סטטוס הנשק"": ""נשק מופרד מתחמושת"", ""תכנון"": ""לא"", ""אופן החזקת הנשק"": ""על גופו, מוסלק - מוסתר"", ""כמות תחמושת"": ""מחסנית ובה 10 כדורים"", ""שימוש"": ""לא""}",80.0,"1. **סוג העבירה וחומרתה** — בשני המקרים מדובר בעבירה זהה: החזקת נשק בניגוד לסעיף 144(א) לחוק העונשין, ללא שימוש וללא תכנון, כאשר הנשק מופרד מתחמושת. רמת החומרה דומה, אם כי תת-מקלע מאולתר עשוי להיחשב חמור מעט יותר מאקדח רגיל, אך לא בהפרש מהותי.
2. **תפקיד הנאשם ומעורבותו** — בשני המקרים הנאשם הוא המחזיק הישיר של הנשק, ללא אינדיקציה למעורבות יוזמת (סחר, תיווך) או לפסיביות יתרה. המעורבות דומה: החזקה פיזית, מוסלקת, ללא שימוש.
3. **שיטת הביצוע (MO)** — דפוס ההחזקה דומה: נשק מוסלק (ברכב/על הגוף), מופרד מתחמושת, ללא אינדיקציה לשימוש או תכנון מיידי. ההבדל הוא במיקום (רכב מול גוף), אך שניהם מוסתרים ומופרדים.
4. **נסיבות הליבה** — בשני המקרים: נשק מוסלק, מופרד מתחמושת, לא נעשה בו שימוש, אין תכנון מוקדם, כמות תחמושת דומה (מחסנית עם כדורים). ההבדל המרכזי הוא בסוג הנשק (אקדח לעומת תת-מקלע מאולתר), כאשר תת-מקלע עשוי להיחשב חמור יותר, אך לא מדובר בפער קיצוני.
5. **ישימות כתקדים** — בית המשפט יראה את שני התיקים כרלוונטיים זה לזה לצורכי ענישה, במיוחד לאור הדמיון בסוג העבירה, בנסיבות ההחזקה ובמאפייני המעורבות. ייתכן שייעשה הבחנה מסוימת בשל סוג הנשק, אך לא מדובר בשוני מהותי שימנע הסתמכות הדדית.

SIMILARITY_SCORE: 80","ok",""
"ME-19-01-53615-8","SH-15-12-65958-120",1,0,0,"{""תאריך האירוע"": ""8.1.19"", ""שעת האירוע"": ""שעת לילה"", ""מיקום האירוע"": ""עיר לוד"", ""סוג הרכב"": ""מאזדה"", ""מרחק נסיעה לאחר ירי"": ""עשרות מטרים"", ""מיקום עצירת הרכב"": ""חניית עפר סמוכה"", ""תגובת הנאשם להגעת השוטרים"": ""השליך את הנשק ארצה ונעצר"", ""סוג הנשק המדויק"": ""תת מקלע מאולתר מסוג קרלו"", ""מספר עבירה"": ""144 ב"", ""סוג עבירה"": ""נשיאת נשק, הובלת נשק"", ""עבירות נוספות"": ""הנאשם הורשע בנוסף לעבירת נשק (סעיף 144) גם בעבירה של ירי מנשק חם באזור מגורים, לפי סעיף 340א(ב)(1) לחוק העונשין."", ""סוג הנשק [תת מקלע מאולתר]"": 1.0, ""סטטוס הנשק"": ""נשק עם כדור בקנה"", ""תכנון"": ""לא"", ""אופן החזקת הנשק"": ""ברכב, על גופו"", ""כמות תחמושת"": ""מחסנית טעונה בכדורים"", ""שימוש"": ""לא""}","{""מיקום החזקת הנשק"": ""טייבה"", ""סוגי נשק נוספים"": ""אקדח זיג זאוור, קרלו"", ""קוטר תחמושת"": ""9 מ\""מ, 7.65 מ\""מ"", ""מספר כדורים במחסנית"": ""8, 15, 6"", ""מיקומי החזקת הנשק"": ""מעל ארון במטבח, בספרייה"", ""סוגי מחסניות"": ""מחסנית טעונה, מחסנית ריקה"", ""מספר עבירה"": ""144 א"", ""סוג עבירה"": ""החזקה נשק"", ""סוג הנשק [אקדח]"": 1.0, ""סוג הנשק [תת מקלע מאולתר]"": 1.0, ""סטטוס הנשק"": ""נשק עם מחסנית בהכנס"", ""תכנון"": ""כן"", ""אופן החזקת הנשק"": ""בבית, מוסלק - מוסתר"", ""אופן קבלת הנשק"": ""רכש"", ""כמות תחמושת"": ""מחסנית ובה 8 כדורים, מחסנית ובה 15 כדורים, מחסנית ריקה ובה 0 כדורים, מחסנית ובה 6 כדורים"", ""מטרה-סיבת העבירה"": ""הגנה עצמית"", ""שימוש"": ""לא""}",35.0,"1. **סוג העבירה וחומרתה**  
שני התיקים עוסקים בעבירות נשק, אך בתיק 1 מדובר בנשיאת נשק, הובלת נשק וירי מנשק חם באזור מגורים (עבירות חמורות יותר, כולל עבירת ירי בפועל), בעוד שבתיק 2 מדובר בהחזקה בלבד (ללא ירי או נשיאה בציבור). חומרת העבירות בתיק 1 גבוהה יותר.

2. **תפקיד הנאשם ומעורבותו**  
בתיק 1 הנאשם היה עם הנשק על גופו ברכב, נסע עמו, והשליך אותו בניסיון להימלט מהמשטרה — מעורבות פעילה, עם פוטנציאל שימוש מיידי. בתיק 2 מדובר בהחזקה מוסלקת בבית, ללא נשיאה או תנועה עם הנשק — מעורבות פסיבית יותר.

3. **שיטת הביצוע (MO)**  
בתיק 1: נשיאת נשק טעון ברכב, תנועה בעיר, השלכת הנשק בעת היתקלות בשוטרים. בתיק 2: הסלקת נשק בבית, רכישת נשק מראש, החזקה מוסתרת. דפוסי פעולה שונים — אחד נייד וחשוף, השני סטטי ומוסתר.

4. **נסיבות הליבה**  
בתיק 1: נשק טעון, מחסנית בכדורים, לא דווח על תכנון, אך בוצע ירי באזור מגורים (נסיבה מחמירה). בתיק 2: מספר כלי נשק, תחמושת רבה, החזקה מוסתרת, תכנון ורכישה, אך ללא שימוש בפועל וללא סכנה מיידית לציבור. בתיק 1 יש נסיבות מחמירות יותר (ירי בפועל), בתיק 2 יש כמות נשק ותחמושת רבה, אך ללא שימוש.

5. **ישימות כתקדים**  
שני התיקים עוסקים בעבירות נשק, אך ההבדלים המהותיים — בעיקר חומרת העבירה (ירי בפועל לעומת החזקה בלבד), אופי המעורבות (נשיאה ניידת לעומת הסלקה סטטית), והנסיבות — יגרמו לבית המשפט לראות בהם תיקים שונים מהותית לצורכי ענישה. תיק 1 לא ישמש תקדים ישיר לתיק 2, ולהפך, למעט עקרונות כלליים של ענישה בעבירות נשק.

SIMILARITY_SCORE: 35","ok",""
"SH-14-02-28659-762","SH-17-10-10556-234",3,1,1,"{""מיקום החזקת הנשק"": ""עליית גג של המקלחת"", ""משך זמן החזקת הנשק"": ""כשנתיים"", ""תאריך תחילת החזקת הנשק"": ""11.2.12"", ""מיקום הבית"": ""עזריה"", ""מספר עבירה"": ""144 א"", ""סוג עבירה"": ""החזקה נשק"", ""סוג הנשק [תת מקלע מאולתר]"": 1.0, ""סטטוס הנשק"": ""נשק מופרד מתחמושת"", ""תכנון"": ""לא"", ""אופן החזקת הנשק"": ""בבית, מוסלק - מוסתר"", ""כמות תחמושת"": ""מחסנית וכדורים"", ""מטרה-סיבת העבירה"": ""הגנה עצמית"", ""שימוש"": ""לא""}","{""קוטר הקליעים"": ""8 מ\""מ"", ""מיקום החזקת הנשק"": ""בחצר הסמוכה לבית, מתחת למזרון בערימת זבל"", ""מרחק החזקת הנשק מהבית"": ""100 מטרים"", ""בעלות הנשק"": ""בבעלות אחר"", ""מספר עבירה"": ""144 א"", ""סוג עבירה"": ""החזקה נשק"", ""סוג הנשק [אקדח]"": 1.0, ""סטטוס הנשק"": ""נשק עם מחסנית בהכנס"", ""תכנון"": ""לא"", ""אופן החזקת הנשק"": ""מוסלק - מוסתר"", ""כמות תחמושת"": ""מחסנית ובה 10 כדורים, מחסנית ריקה ובה 0 כדורים"", ""שימוש"": ""לא""}",75.0,"1. **סוג העבירה וחומרתה** — בשני המקרים מדובר בעבירה זהה: החזקת נשק לפי סעיף 144(א) לחוק העונשין. חומרת העבירה דומה, אם כי יש הבדל מסוים בין תת-מקלע מאולתר (תיק 1) לאקדח (תיק 2), אך שניהם כלי ירייה אסורים.
2. **תפקיד הנאשם ומעורבותו** — בשני התיקים הנאשם מחזיק בנשק מוסתר, ללא שימוש וללא תכנון לבצע עבירה נוספת. בתיק 2 הנשק בבעלות אחר, אך ההחזקה בפועל דומה.
3. **שיטת הביצוע (MO)** — דפוס ההסלקה דומה: הסתרה במקום פרטי (בית/חצר), ללא נשיאה גלויה, ללא הפעלה או שימוש.
4. **נסיבות הליבה** — בשני המקרים לא נעשה שימוש בנשק, לא היה תכנון, והנשק הוסתר עם תחמושת. בתיק 1 מדובר בתת-מקלע מאולתר (פוטנציאל מסוכן יותר), אך בתיק 2 האקדח היה מוכן לשימוש (מחסנית בהכנס). בשני המקרים הכמות לא חריגה, ואין נסיבות מחמירות או מקלות בולטות.
5. **ישימות כתקדים** — בתי המשפט יראו את שני התיקים כרלוונטיים זה לזה לצורכי ענישה, שכן מדובר באותה עבירה, דפוס החזקה דומה, והבדלים מסוימים (סוג הנשק, בעלות) אינם מהותיים לעניין הענישה.

SIMILARITY_SCORE: 75","ok",""
"m07001074-98","ME-17-05-35227-215",1,0,0,"{""מיקום מציאת הנשק"": ""שטח אדמה הסמוך לכפר מגוריו"", ""מיקום החזקת הנשק"": ""מעל ארון בגדים בבית הנאשם"", ""תאריך מציאת הנשק"": ""31/1/07"", ""תאריך תפיסת הנשק"": ""4/2/07"", ""סוג הצו לחיפוש"": ""צו בית משפט"", ""מספר עבירה"": ""144 א"", ""סוג עבירה"": ""החזקה נשק"", ""סוג הנשק [תת מקלע]"": 1.0, ""סטטוס הנשק"": ""נשק מפורק"", ""תכנון"": ""לא"", ""אופן החזקת הנשק"": ""בבית, מוסלק - מוסתר"", ""אופן קבלת הנשק"": ""מצא"", ""כמות תחמושת"": ""2 מחסניות ריקות ובהן 0 כדורים"", ""שימוש"": ""לא""}","{""תאריך העבירה"": ""7 במאי 2017"", ""זמן העבירה"": ""צהריים"", ""סוג הרכב"": ""אופנוע"", ""דגם הרכב"": ""קואנג יאנג טיו"", ""מיקום הנשק ברכב"": ""תא מטען"", ""מספר עבירה"": ""144 ב"", ""סוג עבירה"": ""נשיאת נשק, הובלת נשק"", ""סוג הנשק [תת מקלע מאולתר]"": 1.0, ""סטטוס הנשק"": ""נשק עם מחסנית בהכנס"", ""תכנון"": ""כן"", ""אופן החזקת הנשק"": ""ברכב"", ""שימוש"": ""לא""}",38.0,"1. **סוג העבירה וחומרתה**  
תיק 1 עוסק ב""החזקה"" (סעיף 144(א)), בעוד תיק 2 עוסק ב""נשיאה והובלה"" (סעיף 144(ב)). נשיאה/הובלה נחשבות חמורות יותר מהחזקה בלבד, במיוחד כאשר מדובר בנשק מחוץ לבית. שניהם עוסקים בנשק חם (תת-מקלע), אך רמת החומרה שונה.

2. **תפקיד הנאשם ומעורבותו**  
בתיק 1 הנאשם מצא את הנשק והחזיק בו בביתו, ללא תכנון וללא שימוש. בתיק 2 יש תכנון, והנאשם מוביל את הנשק ברכב, מה שמעיד על מעורבות פעילה יותר ועל פוטנציאל לשימוש או העברה.

3. **שיטת הביצוע (MO)**  
בתיק 1 הנשק הוסתר בבית, מוסלק מעל ארון בגדים; בתיק 2 הנשק הוסתר בתא מטען של אופנוע. בשני המקרים יש הסתרה, אך בתיק 2 מדובר בהובלה אקטיבית, בעוד בתיק 1 בהחזקה סטטית.

4. **נסיבות הליבה**  
בתיק 1 הנשק מפורק, ללא תחמושת; בתיק 2 הנשק עם מחסנית מוכנה. בתיק 2 יש תכנון, בתיק 1 לא. בשני המקרים לא נעשה שימוש בפועל, אך בתיק 2 הפוטנציאל לשימוש גבוה יותר.

5. **ישימות כתקדים**  
למרות שמדובר באותו סוג נשק ובשני המקרים לא נעשה שימוש, ההבדלים בסוג העבירה (החזקה לעומת נשיאה/הובלה), רמת התכנון, ומידת הסיכון, הופכים את תיק 1 לפחות רלוונטי כתקדים ענישתי לתיק 2. ייתכן שבית המשפט יתייחס לתיק 1 כנקודת ייחוס נמוכה, אך לא כתקדים מהותי.

SIMILARITY_SCORE: 38","ok",""
"SH-18-07-52337-770","ME-16-06-50916-362",1,0,0,"{""תאריך המעצר"": ""15.07.18"", ""מיקום המעצר"": ""רהט"", ""מיקום החזקת הנשק"": ""חדר השינה"", ""משך זמן החזקת הנשק לפני המעצר"": ""עשרה ימים"", ""זהות המחזיק המקורי"": ""לא ידועה"", ""מספר עבירה"": ""144 א"", ""סוג עבירה"": ""החזקה נשק"", ""סוג הנשק [תת מקלע מאולתר]"": 1.0, ""סטטוס הנשק"": ""תקין"", ""תכנון"": ""לא"", ""אופן החזקת הנשק"": ""בבית, מוסלק - מוסתר"", ""שימוש"": ""לא""}","{""סוג הרכב"": ""סקודה"", ""מועד פסילת הנהיגה"": ""3.2.15"", ""תקופת הפסילה"": ""24 חודשים"", ""מועד תוקף רישיון הנהיגה"": ""2002"", ""מקום האירוע"": ""כפר ג'דידה-מכר"", ""סוג הנשק המדויק"": ""קרל גוסטב"", ""כמות יריות"": ""לא פחות משלושה כדורים"", ""היכרות עם הנאסר"": ""היכרות מוקדמת"", ""זמן האירוע"": ""12.6.16, שעה 18:25"", ""תיאור האירוע"": ""הנאשם נסע לבית אחיו, נשא נשק וירה במהלך ויכוח עם נאסר וקבוצת אנשים"", ""התנהלות הנאשם לאחר הירי"": ""המשיך בנסיעתו, עצר וירה שוב, ולאחר מכן נמלט"", ""מספר עבירה"": ""144 ב"", ""סוג עבירה"": ""נשיאת נשק, הובלת נשק"", ""עבירות נוספות"": ""הנאשם הורשע, בנוסף לעבירות נשק לפי סעיף 144, גם בעבירות נוספות שאינן עבירות נשק: איומים (סעיף 192 לחוק העונשין), ירי באזור מגורים (סעיף 340א לחוק העונשין), מעשה פזיזות ורשלנות (סעיף 338(א)(5) לחוק העונשין), נהיגה בזמן פסילה (סעיף 67 לפקודת התעבורה), ונהיגה ללא רישיון נהיגה (סעיפים 10א ו-62(1) לפקודת התעבורה)."", ""סוג הנשק [תת מקלע]"": 1.0, ""סטטוס הנשק"": ""נשק עם כדור בקנה"", ""תכנון"": ""לא"", ""אופן החזקת הנשק"": ""בבית, ברכב, על גופו"", ""מטרה-סיבת העבירה"": ""הפחדה"", ""שימוש"": ""לא""}",15.0,"1. **סוג העבירה וחומרתה**  
תיק 1 עוסק בהחזקה בלבד (סעיף 144א), ללא שימוש או נסיבות מחמירות; תיק 2 עוסק בנשיאת נשק, הובלתו, ושימוש בו לירי בפועל, בצירוף עבירות נלוות (איומים, ירי באזור מגורים, נהיגה בזמן פסילה). חומרת תיק 2 גבוהה משמעותית.

2. **תפקיד הנאשם ומעורבותו**  
בתיק 1 הנאשם מחזיק פסיבי – החזקה מוסתרת בבית, ללא שימוש; בתיק 2 הנאשם פעיל מאוד – נושא, מוביל, יורה, מאיים, ונמלט. מעורבותו גבוהה בהרבה.

3. **שיטת הביצוע (MO)**  
בתיק 1 – הסלקה סטטית של נשק בבית; בתיק 2 – נשיאת נשק, הובלה ברכב, שליפה וירי פומבי. דפוסי פעולה שונים בתכלית.

4. **נסיבות הליבה**  
תיק 1 – החזקה בלבד, ללא תכנון, ללא שימוש, ללא נסיבות מחמירות; תיק 2 – שימוש אקטיבי, ירי, הפחדה, עבירות נלוות, נשק עם כדור בקנה, נסיבות מחמירות רבות.

5. **ישימות כתקדים**  
בתי המשפט יראו את התיקים כשונים מהותית: תיק 2 חמור בהרבה, עם נסיבות מחמירות ושימוש בפועל, ולכן תיק 1 לא ישמש תקדים ענייני לתיק 2 (או להפך) לצורכי ענישה.

SIMILARITY_SCORE: 15","ok",""
"SH-17-11-53539-235","m07001074-98",3,1,1,"{""סוג הנשק [קליעי ספוג]"": 2.0, ""סוג הנשק [אגרופן]"": 1.0, ""סוג הנשק [סכין קומנדו]"": 1.0, ""כלי נשק נוספים"": ""קליעי ספוג, אגרופן, סכין קומנדו"", ""כמות כלי נשק"": 5, ""כמות כדורים"": 28, ""קוטר כדורים"": ""9 מ\""מ"", ""קוטר קליעי ספוג"": ""40 מ\""מ"", ""מיקום החזקת הנשק"": ""בית הנאשם"", ""תקופת החזקת הנשק"": ""2012-2017"", ""חוסר רישיון נשק"": ""כן"", ""מספר עבירה"": ""144 א"", ""סוג עבירה"": ""החזקה נשק"", ""סוג הנשק [אקדח]"": 1.0, ""סוג הנשק - אם לא נמצא בטבלה"": ""אקדח אויר"", ""סטטוס הנשק"": ""נשק מופרד מתחמושת"", ""תכנון"": ""כן"", ""אופן החזקת הנשק"": ""בבית, מוסלק - מוסתר"", ""כמות תחמושת"": ""מחסנית ריקה ובה 0 כדורים, 28 כדורים"", ""מטרה-סיבת העבירה"": ""הגנה עצמית"", ""שימוש"": ""לא""}","{""מיקום מציאת הנשק"": ""שטח אדמה הסמוך לכפר מגוריו"", ""מיקום החזקת הנשק"": ""מעל ארון בגדים בבית הנאשם"", ""תאריך מציאת הנשק"": ""31/1/07"", ""תאריך תפיסת הנשק"": ""4/2/07"", ""סוג הצו לחיפוש"": ""צו בית משפט"", ""מספר עבירה"": ""144 א"", ""סוג עבירה"": ""החזקה נשק"", ""סוג הנשק [תת מקלע]"": 1.0, ""סטטוס הנשק"": ""נשק מפורק"", ""תכנון"": ""לא"", ""אופן החזקת הנשק"": ""בבית, מוסלק - מוסתר"", ""אופן קבלת הנשק"": ""מצא"", ""כמות תחמושת"": ""2 מחסניות ריקות ובהן 0 כדורים"", ""שימוש"": ""לא""}",45.0,"1. **סוג העבירה וחומרתה** — בשני התיקים מדובר בעבירה זהה: החזקת נשק ללא רישיון לפי סעיף 144(א) לחוק העונשין. עם זאת, בתיק 1 מדובר במגוון כלי נשק (אקדח, אגרופן, סכין קומנדו, קליעי ספוג, אקדח אוויר) ובתחמושת רבה, בעוד שבתיק 2 מדובר בתת-מקלע מפורק בלבד וללא תחמושת. חומרת תיק 1 גבוהה יותר בשל הכמות והמגוון.
2. **תפקיד הנאשם ומעורבותו** — בתיק 1 הנאשם החזיק את הנשק לאורך שנים (2012-2017) ותכנן את ההחזקה, בעוד שבתיק 2 מדובר במציאה אקראית של נשק, ללא תכנון. מעורבותו של נאשם 1 פעילה וממושכת, של נאשם 2 פסיבית יחסית.
3. **שיטת הביצוע (MO)** — בשני המקרים הנשק הוסלק בבית, אך בתיק 1 מדובר בהסתרה מתמשכת ומתוכננת של מספר כלי נשק, ובתיק 2 בהסתרה קצרה של נשק בודד שנמצא.
4. **נסיבות הליבה** — תיק 1 כולל כמות ומגוון נשק ותחמושת, החזקה ממושכת, תכנון, ומניע (הגנה עצמית). תיק 2: נשק בודד, מפורק, ללא תחמושת, ללא תכנון, החזקה קצרה. נסיבות תיק 1 מחמירות יותר.
5. **ישימות כתקדים** — שני התיקים עוסקים באותו סעיף ובדפוס החזקה מוסלקת, אך ההבדלים בכמות, תכנון, סוגי הנשק ומעורבות הנאשם מהותיים. תיק 1 חמור בהרבה, ולכן תיק 2 יוכל לשמש תקדים רק במובן הכללי של ""החזקה מוסלקת"", אך לא לעניין הענישה או חומרת המעשה.

SIMILARITY_SCORE: 45","ok",""
"ME-16-11-69158-529","ME-12-03-13401-281",3,1,1,"{""מיקום האירוע"": ""טייבה"", ""תאריך האירוע"": ""23.11.16"", ""סוג התחמושת"": ""9 מ\""מ"", ""מיקום החבייה"": ""מתחת למושב הנהג ומושב סמוך"", ""סוג האירוע"": ""אירוע משפחתי"", ""מיקום טמינת הנשק"": ""באדמה סמוך לבית הנאשם"", ""סוג הנשק המדויק"": ""קרל גוסטב"", ""מספר עבירה"": ""144 ב"", ""סוג עבירה"": ""נשיאת נשק"", ""עבירות נוספות"": ""הנאשם הורשע בנוסף לעבירות נשק (סעיף 144) גם בעבירה של ירי באזור מגורים לפי סעיף 340א לחוק העונשין."", ""סוג הנשק [תת מקלע]"": 1.0, ""סטטוס הנשק"": ""נשק עם כדור בקנה"", ""תכנון"": ""כן"", ""אופן החזקת הנשק"": ""בבית, ברכב, מוסלק - מוסתר"", ""שימוש"": ""לא""}","{""סוג האקדח"": ""CZ קליבר 9 מ\""מ"", ""מקור הנשק"": ""נגנב"", ""תאריך גניבת הנשק"": ""3.2.12"", ""מיקום הגניבה"": ""ביישוב ציפורי"", ""מיקום הירי"": ""רחוב שיבת ציון בחיפה"", ""זמן הירי"": ""סמוך לשעה 00:38"", ""זמן המעצר"": ""סמוך לשעה 1:50"", ""מצב הנשק בעת המעצר"": ""טעון עם כדור בקנה ופטיש האקדח משוך לאחור"", ""מספר כדורים שנורו"": ""11"", ""מספר עבירה"": ""144 א, 144 ב"", ""סוג עבירה"": ""החזקה נשק, נשיאת נשק, הובלת נשק"", ""עבירות נוספות"": ""הנאשם הורשע גם בעבירה של ירי באזור מגורים לפי סעיף 340א לחוק העונשין, שהיא עבירה שאינה לפי סעיף 144."", ""סוג הנשק [אקדח]"": 1.0, ""סטטוס הנשק"": ""נשק עם כדור בקנה"", ""תכנון"": ""לא"", ""אופן החזקת הנשק"": ""ברכב"", ""כמות תחמושת"": ""2 מחסניות ובהן כדורים, 11 כדורים"", ""שימוש"": ""לא""}",68.0,"1. **סוג העבירה וחומרתה**  
בשני התיקים מדובר בעבירות נשק חמורות: נשיאת נשק, החזקת נשק, ובשני המקרים גם ירי באזור מגורים (סעיף 340א). עם זאת, בתיק 2 יש גם עבירת החזקה והובלה, ובתיק 1 מדובר בתת-מקלע (קרל גוסטב) לעומת אקדח בתיק 2 – שניהם כלי ירייה מסוכנים, אך תת-מקלע לרוב ייחשב חמור יותר.

2. **תפקיד הנאשם ומעורבותו**  
בשני המקרים הנאשם הוא המחזיק והנושא של הנשק, ללא אינדיקציה למעורבות של צדדים שלישיים או תפקיד של שליח/מתווך. המעורבות פעילה בשני המקרים.

3. **שיטת הביצוע (MO)**  
בשני המקרים הנשק הוסתר ברכב, היה טעון עם כדור בקנה, והייתה הסלקה/הסתרה. עם זאת, בתיק 1 הנשק גם הוסתר באדמה סמוך לבית, ובתיק 2 מדובר בנשק גנוב. דפוס ההחזקה וההסתרה דומה, אך יש הבדל במקור הנשק ובשימוש בו.

4. **נסיבות הליבה**  
בתיק 1 מדובר בתכנון, הסלקה כפולה (ברכב ובאדמה), תת-מקלע (נשק אוטומטי), ללא שימוש בפועל. בתיק 2 אין תכנון, אך יש ירי בפועל (11 כדורים), נשק גנוב, אקדח (פחות חמור מתת-מקלע), כמות תחמושת משמעותית. בשני המקרים לא היה שימוש בפועל כלפי אדם, אך בתיק 2 בוצע ירי באזור מגורים.

5. **ישימות כתקדים**  
שני התיקים עוסקים בעבירות נשק חמורות, עם דפוסי החזקה דומים, עבירות נלוות דומות, ומעורבות דומה של הנאשם. עם זאת, יש הבדל מהותי בסוג הנשק, בתכנון, ובשאלה האם בוצע ירי בפועל. בית המשפט עשוי לראות בתיקים אלה תקדימים רלוונטיים זה לזה, אך לא זהים – בשל ההבדלים בסוג הנשק, התכנון והשימוש.

SIMILARITY_SCORE: 68","ok",""
"ME-21-06-43085-219","SH-17-08-47445-166",1,0,0,"{""קליבר הכדורים"": ""9 מ\""מ"", ""מספר נפגעים"": 0, ""נזק לרכוש"": ""רכב המנהל נפגע ממספר כדורים, כדור אחד חדר לקרוואן ופגע בארון"", ""מיקום האירוע"": ""בית הספר הטכנולוגי בערוער"", ""קשר למנהל"": ""היכרות מוקדמת וקרבה משפחתית"", ""זמן האירוע"": ""23.05.21, סמוך לשעה 11:50 ושוב בסמוך לשעה 12:50"", ""סיבת הוויכוח"": ""לא מצוין במפורש, אך התפתח משיחה בין הנאשם למנהל"", ""מספר עבירה"": ""144 א, 144 ב"", ""סוג עבירה"": ""החזקה נשק, נשיאת נשק"", ""עבירות נוספות"": ""הנאשם הורשע בנוסף לעבירות נשק (סעיף 144) גם בעבירות נוספות: ירי מנשק חם (סעיף 340א(ב)(1)), היזק בזדון (סעיף 452), חבלה במזיד (סעיף 413ה'), נהיגה ללא רישיון נהיגה (פקודת התעבורה סעיף 10(א)), ונהיגה ללא פוליסת ביטוח בתוקף (פקודת ביטוח רכב מנועי סעיפים 2(א) ו-2(ב))."", ""סוג הנשק [אקדח]"": 1.0, ""סטטוס הנשק"": ""נשק עם כדור בקנה"", ""תכנון"": ""כן"", ""אופן החזקת הנשק"": ""ברכב, על גופו"", ""שימוש"": ""לא""}","{""תאריך המעצר"": ""09.08.2018"", ""מיקום החזקת הנשק"": ""כסיפה"", ""סוג הנשק [חפץ דמוי תת מקלע]"": 1.0, ""סוג האקדח"": ""FN"", ""אופן הפזורה"": ""סביב הישוב"", ""מספר עבירה"": ""144 א"", ""סוג עבירה"": ""החזקה נשק"", ""סוג הנשק [אקדח]"": 1.0, ""סוג הנשק - אם לא נמצא בטבלה"": ""חפץ דמוי תת מקלע מאולתר"", ""סטטוס הנשק"": ""תקין"", ""תכנון"": ""לא"", ""אופן החזקת הנשק"": ""בבית"", ""שימוש"": ""לא""}",25.0,"1. **סוג העבירה וחומרתה**  
שני התיקים עוסקים בעבירות נשק לפי סעיף 144 (החזקה/נשיאה), אך בתיק 1 יש גם עבירות חמורות נוספות (ירי מנשק חם, היזק בזדון, חבלה במזיד, עבירות תעבורה), בעוד שבתיק 2 מדובר בהחזקה בלבד. רמת החומרה בתיק 1 גבוהה משמעותית.

2. **תפקיד הנאשם ומעורבותו**  
בתיק 1 הנאשם פעל באופן יזום, תכנן, החזיק ונשא נשק, ואף ביצע ירי (אם כי לא פגע באדם). בתיק 2 מדובר בהחזקה בלבד, ללא תכנון או שימוש. המעורבות בתיק 1 פעילה ויוזמת, בתיק 2 פסיבית.

3. **שיטת הביצוע (MO)**  
בתיק 1: החזקת נשק ברכב ועל הגוף, נשיאה לבית ספר, ירי לעבר רכוש. בתיק 2: החזקת נשק בבית, ללא שימוש או הפעלה. דפוסי פעולה שונים מאוד.

4. **נסיבות הליבה**  
בתיק 1: תכנון, ירי, נזק לרכוש, קשר אישי עם הקורבן, החזקת נשק עם כדור בקנה, נסיבות מחמירות. בתיק 2: החזקה בלבד, ללא תכנון, ללא נזק, ללא נסיבות מחמירות. נסיבות הליבה שונות מהותית.

5. **ישימות כתקדים**  
בית המשפט יתקשה לראות בתיק 2 תקדים רלוונטי לתיק 1 (או להפך) לצורכי ענישה, בשל הפער המשמעותי בחומרה, במעורבות ובנסיבות. ייתכן שימוש בהשוואה כללית לעבירות נשק, אך לא כתקדים ענייני מהותי.

SIMILARITY_SCORE: 25","ok",""
"ME-16-05-19384-544","m08000207-175",1,0,0,"{""מקום החבייה"": ""שכונה סמוכה למקום מגוריו"", ""מחיר נשק קרל גוסטב"": ""3000 ₪"", ""מחיר מכירה נשק קרל גוסטב לחרוב"": ""3500 ₪"", ""תאריך פיגוע ירי על ידי חרוב"": ""9.3.16"", ""מיקום פיגוע ירי"": ""ירושלים, צומת רמות ושמעון הצדיק"", ""סוג תחמושת"": ""כדורי תחמושת לנשק קרל גוסטב"", ""מספר כדורים שנמכרו"": ""10"", ""מקום חיפוש נשק על ידי כוחות הביטחון"": ""קלנדיה"", ""תאריך החלטה לירות על כוחות הביטחון"": ""14.11.15"", ""מספר כדורים שנורו"": ""5"", ""מספר רכבים של כוחות הביטחון שנזוהו"": ""3"", ""מספר נשקים שנמכרו למחיסן"": ""2"", ""מחיר נשק למחיסן"": ""4000 ₪ לכל נשק"", ""מספר נשקים שנרכשו מאחר"": ""לא צוין מספר מדויק"", ""מספר עבירה"": ""144 א, 144 ב"", ""סוג עבירה"": ""נשיאת נשק, סחר בנשק"", ""עבירות נוספות"": ""הנאשם הורשע גם בעבירת ניסיון לחבלה חמורה לפי סעיף 333 בצירוף סעיף 25 לחוק העונשין, שאינה עבירת נשק לפי סעיף 144."", ""סוג הנשק - אם לא נמצא בטבלה"": ""רובה מסוג תבור, קרל גוסטב"", ""סטטוס הנשק"": ""נשק מופרד מתחמושת"", ""תכנון"": ""כן"", ""אופן החזקת הנשק"": ""בבית, על גופו, מוסלק - מוסתר"", ""אופן קבלת הנשק"": ""רכש"", ""כמות תחמושת"": ""10 כדורים"", ""מטרה-סיבת העבירה"": ""בצע כסף"", ""שימוש"": ""לא""}","{""זמן האירוע"": ""12.7.08 בשעה 00:55"", ""מיקום האירוע"": ""סמוך לצומת הערבה"", ""סוג הנשק [קוטר]"": ""0.9 מ\""מ"", ""משקל החשיש"": ""1.36 גרם נטו"", ""מספר עבירה"": ""144 ב"", ""סוג עבירה"": ""נשיאת נשק"", ""עבירות נוספות"": ""הנאשם הורשע בנוסף לעבירות נשק (סעיף 144(ב) לחוק העונשין) גם בשתי עבירות של החזקת סם לצריכה עצמית בלבד, לפי סעיף 7(א)+(ג) סיפא לפקודת הסמים המסוכנים."", ""סוג הנשק [אקדח]"": 1.0, ""סטטוס הנשק"": ""נשק עם מחסנית בהכנס"", ""תכנון"": ""לא"", ""אופן החזקת הנשק"": ""ברכב"", ""כמות תחמושת"": ""מחסנית ובה 15 כדורים, מחסנית ובה 10 כדורים"", ""שימוש"": ""לא""}",25.0,"1. **סוג העבירה וחומרתה**  
שני התיקים כוללים עבירות נשק, אך בתיק 1 מדובר גם בסחר בנשק ובעבירת ניסיון לחבלה חמורה (עבירה ביטחונית חמורה), בעוד שבתיק 2 מדובר בנשיאת נשק בלבד (לצד החזקת סם לשימוש עצמי – עבירה קלה יחסית). רמת החומרה בתיק 1 גבוהה משמעותית.

2. **תפקיד הנאשם ומעורבותו**  
בתיק 1 הנאשם פעל כסוחר נשק, יזם עסקאות, רכש ומכר נשקים, ותכנן את מעשיו. בתיק 2 הנאשם החזיק נשק ברכבו, ללא תכנון, וללא אינדיקציה למעורבות פעילה מעבר להחזקה.

3. **שיטת הביצוע (MO)**  
בתיק 1 מדובר בפעילות עבריינית מאורגנת: רכישה, הסלקה, מכירה, תיווך. בתיק 2 – החזקה פאסיבית יחסית של נשק ברכב, ללא דפוס של סחר או תיווך.

4. **נסיבות הליבה**  
בתיק 1: מספר נשקים, תחמושת, תכנון, מניע כלכלי, קשר לפיגוע ירי, עבירות נלוות חמורות. בתיק 2: נשק אחד, תחמושת, ללא תכנון, ללא שימוש, לצד החזקת סם לשימוש עצמי בלבד. אין נסיבות מחמירות דומות.

5. **ישימות כתקדים**  
בית המשפט יתקשה לראות בתיקים אלה תקדימים רלוונטיים זה לזה לענישה: חומרת המעשים, סוג המעורבות והנסיבות שונים מהותית. לכל היותר, ניתן ללמוד עקרונות כלליים לגבי נשיאת נשק, אך לא מעבר לכך.

SIMILARITY_SCORE: 25","ok",""
"SH-11-05-24791-315","ME-16-02-59812-881",1,0,0,"{""מיקום החזקת הנשק"": ""כפר עין-נקובא"", ""סוג האקדח"": ""FN"", ""סוג המחסניות"": ""תואמות לאקדח FN"", ""זמן החזקת הנשק"": ""19/07/09 בשעה 21:00"", ""מספר עבירה"": ""144 א"", ""סוג עבירה"": ""החזקה נשק"", ""סוג הנשק [אקדח]"": 1.0, ""סטטוס הנשק"": ""נשק מופרד מתחמושת"", ""תכנון"": ""לא"", ""אופן החזקת הנשק"": ""בבית"", ""אופן קבלת הנשק"": ""מאחר"", ""כמות תחמושת"": ""2 מחסניות"", ""שימוש"": ""לא""}","{""מקום עבודה"": ""בית ספר יסודי"", ""תפקיד בעבודה"": ""מאבטחת"", ""סוג האקדח"": ""תארוס 9 מ\""מ"", ""תקופת העבירות"": ""יולי 2015 - פברואר 2016"", ""סוגי סמים"": ""חשיש, הרואין"", ""כמות סם הרואין"": ""ארבע חבילות"", ""מחיר מכירת הנשק"": ""8,000 ₪"", ""סכום כסף במזומן"": ""8,000 ₪"", ""שם הקונה"": ""מחמוד צאלוק"", ""סיבת מכירת הנשק"": ""צורך בכסף לרכישת סמים"", ""תיאור האירוע המזויף"": ""שוד בו נגנב האקדח"", ""תגובת מעבידה לאירוע השוד"": ""פנייה מיידית למשטרה"", ""תאריך הדיווח על השוד"": ""18.2.16"", ""מספר עבירה"": ""144 ב"", ""סוג עבירה"": ""סחר בנשק"", ""עבירות נוספות"": ""הנאשם הואשם והורשע בנוסף לעבירת נשק (סחר בנשק לפי סעיף 144(ב2)), גם בעבירות מסירת ידיעה כוזבת על עבירת פשע (סעיף 243 לחוק העונשין) ושיבוש הליכי משפט (סעיף 244 לחוק העונשין). אלו אינן עבירות נשק."", ""סוג הנשק [אקדח]"": 1.0, ""סטטוס הנשק"": ""נשק מופרד מתחמושת"", ""תכנון"": ""לא"", ""אופן החזקת הנשק"": ""בבית"", ""כמות תחמושת"": ""2 מחסניות, 20 כדורים"", ""מטרה-סיבת העבירה"": ""בצע כסף"", ""שימוש"": ""לא""}",30.0,"1. **סוג העבירה וחומרתה**  
תיק 1 עוסק ב""החזקה נשק"" (סעיף 144(א)), עבירה חמורה אך ברף נמוך יחסית לעבירות נשק. תיק 2 עוסק ב""סחר בנשק"" (סעיף 144(ב2)), שהיא עבירה חמורה בהרבה, עם מדרג ענישה גבוה יותר. מדובר בסוגי עבירה שונים וברמות חומרה שונות.

2. **תפקיד הנאשם ומעורבותו**  
בתיק 1 הנאשם מחזיק בנשק בביתו, ללא שימוש או תכנון, ומעורבותו פסיבית יחסית (קיבל מאחר). בתיק 2 הנאשמת יזמה מכירה של נשק, פעלה ממניע של בצע כסף, וביצעה פעולות אקטיביות (מכירה, מסירת ידיעה כוזבת, שיבוש). מעורבותה פעילה ויזומה.

3. **שיטת הביצוע (MO)**  
בשני המקרים הנשק הוחזק בבית, מופרד מתחמושת, אך בתיק 2 בוצעה עסקת מכירה, תיאום עם קונה, ויצירת סיפור כוזב. בתיק 1 לא הייתה כל פעולה מעבר להחזקה. דפוסי הפעולה שונים מהותית.

4. **נסיבות הליבה**  
בשני התיקים מדובר באקדח, מופרד מתחמושת, עם 2 מחסניות. בתיק 2 יש גם 20 כדורים, מניע כלכלי, תקופת ביצוע ממושכת, עבירות נלוות (שיבוש, מסירת ידיעה כוזבת), ותכנון של סיפור כוזב. בתיק 1 אין נסיבות מחמירות או מקלות מיוחדות.

5. **ישימות כתקדים**  
בתי המשפט יבחינו בין החזקה לסחר, במיוחד לאור ההבדלים במעורבות, חומרה, ומניעים. תיק החזקה לא ישמש תקדים מהותי לענישה בתיק סחר, ולהפך. ייתכן שימוש בהשוואה כללית, אך לא כתקדים ענייני.

SIMILARITY_SCORE: 30","ok",""
"ME-16-01-31498-921","ME-16-10-9348-780",1,0,0,"{""תפקיד הנאשם"": ""חייל קרבי"", ""יחידה"": ""גדוד נצח יהודה"", ""מיקום הבסיס"": ""נווה יאיר"", ""תאריך הגניבה"": ""06.01.16"", ""תאריך המעצר"": ""07.01.16"", ""אופן המעצר"": ""במהלך פעילות משטרתית"", ""מקום המגורים של הנאשם"": ""אשדוד"", ""אופן ההחבאה"": ""בתיק גב"", ""מספר עבירה"": ""144 ב"", ""סוג עבירה"": ""נשיאת נשק, הובלת נשק"", ""עבירות נוספות"": ""הנאשם הורשע גם בעבירת גניבה לפי סעיף 384 לחוק העונשין, בנוסף לעבירות נשק לפי סעיף 144."", ""סוג הנשק [רימון הלם/גז]"": 1.0, ""סוג הנשק - אם לא נמצא בטבלה"": ""ארבעה רימוני יד/מדוכה מספר 400 ושלושה רימוני יד הלם סינוור M7290"", ""סטטוס הנשק"": ""נשק מופרד מתחמושת"", ""תכנון"": ""כן"", ""אופן החזקת הנשק"": ""מוסלק - מוסתר"", ""אופן קבלת הנשק"": ""גנב"", ""מטרה-סיבת העבירה"": ""בצע כסף"", ""שימוש"": ""לא""}","{""סוג תחמושת"": ""כדורי צייד קליבר 12 מ\""מ"", ""מקום החזקת התחמושת"": ""מחסן הבית"", ""סכום כסף נגנב"": ""3500 ₪"", ""סכום שיק נגנב"": ""500 ₪"", ""מקום העצירה"": ""קריית גת"", ""מעורבים נוספים"": ""מוחמד יונס, הקטין פ. י."", ""מקום מגורי הקטין"": ""ערערה"", ""מספר עבירה"": ""144 ב"", ""סוג עבירה"": ""נשיאת נשק"", ""סוג הנשק [רובה צייד]"": 1.0, ""סטטוס הנשק"": ""נשק מופרד מתחמושת"", ""תכנון"": ""לא"", ""אופן החזקת הנשק"": ""בבית, ברכב"", ""כמות תחמושת"": ""75 כדורים"", ""שימוש"": ""לא""}",45.0,"1. **סוג העבירה וחומרתה**  
שני התיקים עוסקים בעבירות נשק לפי סעיף 144(ב) לחוק העונשין, אך בתיק 1 יש גם הרשעה בגניבה (סעיף 384), ובתיק 2 יש גם רכיב של גניבת כסף ושיק. בשני המקרים מדובר בנשק מופרד מתחמושת וללא שימוש בפועל, אך בתיק 1 מדובר ברימונים (נשק צבאי) ובתיק 2 ברובה צייד (נשק אזרחי). רמת החומרה דומה, אך סוג הנשק שונה מהותית.

2. **תפקיד הנאשם ומעורבותו**  
בתיק 1 הנאשם הוא חייל קרבי שיזם את הגניבה (תכנון, בצע כסף), פעל לבד, והחזיק את הנשק באופן מוסלק. בתיק 2 מדובר בקבוצת מעורבים, ללא תכנון מוקדם, והנשק הוחזק בבית וברכב. בתיק 1 יש יוזמה ותכנון, בתיק 2 מעורבות פחות יוזמת.

3. **שיטת הביצוע (MO)**  
בתיק 1: גניבה מתוכננת של רימונים צבאיים, הסלקה בתיק גב. בתיק 2: החזקת רובה צייד ותחמושת במחסן הבית וברכב, ללא תכנון. דפוסי הביצוע שונים – תיק 1 מתוחכם ומוסלק, תיק 2 פשוט וגלוי יחסית.

4. **נסיבות הליבה**  
בתיק 1: רימונים צבאיים, תכנון, הסלקה, מניע כלכלי, ללא שימוש בפועל. בתיק 2: רובה צייד, תחמושת רבה, ללא תכנון, החזקה בבית, גם כאן ללא שימוש בפועל. בשני המקרים לא נעשה שימוש בנשק, אך בתיק 1 יש נסיבות מחמירות (נשק צבאי, תכנון, הסלקה).

5. **ישימות כתקדים**  
שני התיקים עוסקים בעבירות נשק מופרד מתחמושת וללא שימוש, אך ההבדלים בסוג הנשק (צבאי לעומת אזרחי), רמת התכנון, ואופי המעורבות (יוזמה לעומת החזקה פשוטה) משמעותיים. בית המשפט עשוי לראות דמיון מסוים, אך לא יראה בהם תקדימים מובהקים זה לזה, בעיקר בשל ההבדלים בסוג הנשק ובנסיבות.

SIMILARITY_SCORE: 45","ok",""
"ME-09-11-7566-913","ME-16-06-50916-362",1,0,0,"{""זמן העבירה"": ""17:00"", ""תאריך העבירה"": ""05.11.09"", ""מיקום החזקת הנשק"": ""מתחת לריפוד במושב שליד הנהג"", ""דגם הנשק"": ""webiey"", ""מספר עבירה"": ""144 א, 144 ב"", ""סוג עבירה"": ""החזקה נשק, נשיאת נשק, הובלת נשק"", ""סוג הנשק [אקדח]"": 1.0, ""סטטוס הנשק"": ""תקול"", ""תכנון"": ""לא"", ""אופן החזקת הנשק"": ""ברכב, מוסלק - מוסתר"", ""שימוש"": ""לא""}","{""סוג הרכב"": ""סקודה"", ""מועד פסילת הנהיגה"": ""3.2.15"", ""תקופת הפסילה"": ""24 חודשים"", ""מועד תוקף רישיון הנהיגה"": ""2002"", ""מקום האירוע"": ""כפר ג'דידה-מכר"", ""סוג הנשק המדויק"": ""קרל גוסטב"", ""כמות יריות"": ""לא פחות משלושה כדורים"", ""היכרות עם הנאסר"": ""היכרות מוקדמת"", ""זמן האירוע"": ""12.6.16, שעה 18:25"", ""תיאור האירוע"": ""הנאשם נסע לבית אחיו, נשא נשק וירה במהלך ויכוח עם נאסר וקבוצת אנשים"", ""התנהלות הנאשם לאחר הירי"": ""המשיך בנסיעתו, עצר וירה שוב, ולאחר מכן נמלט"", ""מספר עבירה"": ""144 ב"", ""סוג עבירה"": ""נשיאת נשק, הובלת נשק"", ""עבירות נוספות"": ""הנאשם הורשע, בנוסף לעבירות נשק לפי סעיף 144, גם בעבירות נוספות שאינן עבירות נשק: איומים (סעיף 192 לחוק העונשין), ירי באזור מגורים (סעיף 340א לחוק העונשין), מעשה פזיזות ורשלנות (סעיף 338(א)(5) לחוק העונשין), נהיגה בזמן פסילה (סעיף 67 לפקודת התעבורה), ונהיגה ללא רישיון נהיגה (סעיפים 10א ו-62(1) לפקודת התעבורה)."", ""סוג הנשק [תת מקלע]"": 1.0, ""סטטוס הנשק"": ""נשק עם כדור בקנה"", ""תכנון"": ""לא"", ""אופן החזקת הנשק"": ""בבית, ברכב, על גופו"", ""מטרה-סיבת העבירה"": ""הפחדה"", ""שימוש"": ""לא""}",25.0,"1. **סוג העבירה וחומרתה**  
שני התיקים עוסקים בעבירות נשק (נשיאה, הובלה, החזקה), אך בתיק 2 יש גם עבירות נלוות חמורות (ירי, איומים, פזיזות, נהיגה בזמן פסילה). בתיק 1 מדובר בהחזקה בלבד, ללא שימוש או עבירות נלוות. רמת החומרה בתיק 2 גבוהה משמעותית.

2. **תפקיד הנאשם ומעורבותו**  
בתיק 1 הנאשם מחזיק ומסתיר נשק תקול ברכב, ללא שימוש או אינדיקציה למעורבות פעילה מעבר להחזקה. בתיק 2 הנאשם נושא נשק, יורה בפועל, מאיים, ונוהג ברכב בניגוד לחוק — מעורבות פעילה, יוזמה ומסוכנות גבוהה.

3. **שיטת הביצוע (MO)**  
בתיק 1: הסלקת נשק תקול ברכב, ללא שימוש. בתיק 2: נשיאת נשק תקין, ירי בפועל, שימוש ברכב ככלי עזר, בריחה מזירת האירוע. דפוסי פעולה שונים מהותית.

4. **נסיבות הליבה**  
תיק 1: נשק מוסתר, לא תקין, לא נעשה בו שימוש, ללא תכנון, ללא נסיבות מחמירות.  
תיק 2: נשק תקין, ירי בפועל, הפחדה, נהיגה בזמן פסילה, עבירות נוספות, מסוכנות גבוהה, נסיבות מחמירות רבות.

5. **ישימות כתקדים**  
בית המשפט יתקשה לראות בתיק 1 תקדים רלוונטי לתיק 2, בשל פערי החומרה, המעורבות והנסיבות. תיק 2 חמור בהרבה, ודורש ענישה מחמירה בהרבה.

SIMILARITY_SCORE: 25","ok",""
"ME-20-01-17935-7","SH-23-03-19819-247",2,0,1,"{""מיקום האירוע"": ""חניון עפר פתוח באום אל פחם"", ""זמן האירוע"": ""29.12.19 בסביבות השעה 22:00"", ""תיאור המעורבים"": ""הנאשם, אחיו קיס והייתם אג'באריה יחד עם רמי אג'באריה"", ""תגובת הנאשם לפקודת שוטר"": ""לא ציית לפקודה לזרוק את הנשק עד שהשוטר ירה באוויר"", ""אופן תגובת השוטר"": ""ירי באוויר לאחר שהנאשם לא ציית לפקודה"", ""מספר עבירה"": ""144 א, 144 ב"", ""סוג עבירה"": ""החזקה נשק, נשיאת נשק"", ""עבירות נוספות"": ""הנאשם הואשם והורשע בנוסף לעבירות נשק (סעיפים 144(א) ו-144(ב) בצירוף סעיף 25), גם בעבירה של הפרעה לשוטר במילוי תפקידו לפי סעיף 275 לחוק העונשין. זוהי עבירה שאינה עבירת נשק."", ""סוג הנשק [תת מקלע מאולתר]"": 1.0, ""סטטוס הנשק"": ""תקול"", ""תכנון"": ""לא"", ""אופן החזקת הנשק"": ""על גופו"", ""שימוש"": ""לא""}","{""מיקום החיפוש"": ""בית הנאשם ברהט"", ""זמן החיפוש"": ""15.2.23 בסמוך לשעה 13:04"", ""מיקום הנשק בבית"": ""עטוף בשקית שחורה מעל ארון, שהיה מעל מקרר המטבח"", ""מספר עבירה"": ""144 א"", ""סוג עבירה"": ""החזקה נשק"", ""סוג הנשק - אם לא נמצא בטבלה"": ""רובה דמוי רובה סער W300326 מסוג M-16 – רובה אויר שהוסב לירי תחמושת בקליבר 5.56X45"", ""סטטוס הנשק"": ""נשק מופרד מתחמושת"", ""תכנון"": ""לא"", ""אופן החזקת הנשק"": ""בבית, מוסלק - מוסתר"", ""כמות תחמושת"": ""3 מחסניות ובהן כמה עשרות כדורים"", ""שימוש"": ""לא""}",45.0,"1. **סוג העבירה וחומרתה** — בשני התיקים מדובר בעבירת החזקת נשק (סעיף 144(א)), אך בתיק 1 יש גם נשיאת נשק (144(ב)) והפרעה לשוטר (275), בעוד בתיק 2 מדובר רק בהחזקה. בתיק 1 יש נסיבות מחמירות יותר (נשק על הגוף, עימות עם שוטר), מה שמעלה את רמת החומרה.
2. **תפקיד הנאשם ומעורבותו** — בתיק 1 הנאשם החזיק את הנשק על גופו, לא ציית לשוטר, והיה מעורב באירוע אקטיבי; בתיק 2 הנשק הוסתר בבית, ללא אינדיקציה למעורבות פעילה או עימות עם רשויות.
3. **שיטת הביצוע (MO)** — בתיק 1 הנשק היה על גופו של הנאשם במקום ציבורי, בתיק 2 הנשק הוסלק בבית. דפוסי ההחזקה שונים: פומבי ונייד לעומת מוסתר וסטטי.
4. **נסיבות הליבה** — בתיק 1 מדובר בתת-מקלע מאולתר תקול, ללא תחמושת, ללא שימוש, אך עם עימות עם שוטר; בתיק 2 רובה מוסב, מוסתר, עם מחסניות ותחמושת, אך ללא עימות או שימוש. בתיק 2 יש פוטנציאל מסוכן יותר מבחינת התחמושת, אך בתיק 1 יש נסיבות מחמירות של עימות עם שוטר.
5. **ישימות כתקדים** — שני התיקים עוסקים בהחזקת נשק בלתי חוקי, אך ההבדלים בנסיבות (החזקה פומבית ועימות עם שוטר לעומת החזקה מוסתרת בבית) משמעותיים. בית משפט עשוי להסתמך על תיק אחד לצורך עקרונות כלליים של ענישה בעבירות נשק, אך לא יראה בהם תקדימים זהים או קרובים מאוד.

SIMILARITY_SCORE: 45","ok",""
"SH-17-08-47445-166","SH-16-11-7544-55",3,1,1,"{""תאריך המעצר"": ""09.08.2018"", ""מיקום החזקת הנשק"": ""כסיפה"", ""סוג הנשק [חפץ דמוי תת מקלע]"": 1.0, ""סוג האקדח"": ""FN"", ""אופן הפזורה"": ""סביב הישוב"", ""מספר עבירה"": ""144 א"", ""סוג עבירה"": ""החזקה נשק"", ""סוג הנשק [אקדח]"": 1.0, ""סוג הנשק - אם לא נמצא בטבלה"": ""חפץ דמוי תת מקלע מאולתר"", ""סטטוס הנשק"": ""תקין"", ""תכנון"": ""לא"", ""אופן החזקת הנשק"": ""בבית"", ""שימוש"": ""לא""}","{""מיקום האירוע"": ""מחלף להב-שומריה, כביש 6 לכוון צפון"", ""תאריך האירוע"": ""26.10.16"", ""שם השוטר"": ""מיכאל אדרי"", ""קוטר הקליעים"": ""9 מ\""מ"", ""מספר עבירה"": ""144 א"", ""סוג עבירה"": ""החזקה נשק"", ""סוג הנשק [תת מקלע מאולתר]"": 1.0, ""סטטוס הנשק"": ""נשק מופרד מתחמושת"", ""תכנון"": ""לא"", ""אופן החזקת הנשק"": ""על גופו, מוסלק - מוסתר"", ""כמות תחמושת"": ""מחסנית ובה 10 כדורים"", ""שימוש"": ""לא""}",80.0,"1. **סוג העבירה וחומרתה**  
בשני התיקים מדובר בעבירה זהה – החזקת נשק לפי סעיף 144(א) לחוק העונשין. בשני המקרים מדובר בנשק חם (אקדח/תת-מקלע מאולתר), ללא שימוש בפועל וללא תכנון מוקדם. רמת החומרה דומה.

2. **תפקיד הנאשם ומעורבותו**  
בשני המקרים מדובר בהחזקה בלבד, ללא אינדיקציה למעורבות פעילה מעבר לכך (לא סחר, לא הברחה, לא שימוש). אין יוזמה פלילית ברורה מעבר לעצם ההחזקה.

3. **שיטת הביצוע (MO)**  
בשני המקרים הנשק הוסתר – בתיק 1 בבית ובפזורה סביב היישוב, בתיק 2 מוסלק על גוף הנאשם. יש דמיון מסוים בדפוס ההסתרה, אך בתיק 2 מדובר בהחזקה פיזית על הגוף, בעוד שבתיק 1 ההחזקה סטטית יותר.

4. **נסיבות הליבה**  
בתיק 1: אקדח FN וחפץ דמוי תת-מקלע מאולתר, סטטוס תקין, ללא תחמושת, לא נעשה שימוש, לא היה תכנון.  
בתיק 2: תת-מקלע מאולתר, נשק מופרד מתחמושת, מחסנית עם 10 כדורים, לא נעשה שימוש, לא היה תכנון.  
הבדל עיקרי – בתיק 2 נתפסה גם תחמושת מוכנה לשימוש, מה שמחמיר מעט את הנסיבות.

5. **ישימות כתקדים**  
שני התיקים דומים מאוד בעבירה, בנסיבות ובמאפייני ההחזקה. ההבדל העיקרי הוא נוכחות התחמושת בתיק 2, אך לא מדובר בפער מהותי היוצר שוני עקרוני. בית המשפט יראה בתיקים אלה תקדימים רלוונטיים זה לזה, במיוחד לעניין מתחם הענישה.

SIMILARITY_SCORE: 80","ok",""
"ME-16-11-13999-863","m01008097-376",1,0,0,"{""סוג הרכב"": ""מאזדה"", ""שם הנהג"": ""זבידאת סלאמה"", ""מיקום האירוע"": ""סמוך לישוב ראמה"", ""זמן האירוע"": ""26.10.16 בשעה 20:00"", ""סוג האקדח"": ""STAR"", ""קליבר האקדח"": ""9 מ\""מ פאראבלום"", ""מיקום התקרית"": ""תחנת דלק סמוכה למחסום משטרתי"", ""פעולת הנאשם במעצר"": ""נסיעה לתוך תחנת דלק וניסיון להמשיך בנסיעה"", ""מספר עבירה"": ""144 א, 144 ב"", ""סוג עבירה"": ""החזקה נשק, נשיאת נשק, הובלת נשק"", ""סוג הנשק [אקדח]"": 1.0, ""סטטוס הנשק"": ""נשק עם מחסנית בהכנס"", ""תכנון"": ""לא"", ""אופן החזקת הנשק"": ""ברכב, על גופו"", ""כמות תחמושת"": ""מחסנית ובה כדורים, מחסנית נוספת ובה כדורים"", ""שימוש"": ""לא""}","{""מיקום האירוע"": ""באר שבע, רחוב מבצע יואב"", ""מצב הנאשם בזמן האירוע"": ""שיכור"", ""ניסיון למנוע את האירוע"": ""ניסה להשיב את ניצרת הרימון למקומה"", ""מיקום זריקת הרימון"": ""למקום שומם מאדם"", ""תוצאת האירוע"": ""לא נגרמה פגיעה באדם או רכוש"", ""הודאה בביצוע המעשים"": ""הנאשם הודה בביצוע המעשים"", ""מספר עבירה"": ""144 א, 144 ב"", ""סוג עבירה"": ""החזקה נשק, נשיאת נשק"", ""עבירות נוספות"": ""הנאשם הורשע בנוסף לעבירות נשק (סעיף 144(א) ו-144(ב)), גם בעבירת מעשה פזיזות ורשלנות לפי סעיף 338(5) לחוק העונשין, שהיא עבירה שאינה עבירת נשק."", ""סוג הנשק [רימון רסס]"": 1.0, ""סוג הנשק - אם לא נמצא בטבלה"": ""כדורי רובה ושתי מחסניות"", ""סטטוס הנשק"": ""נשק מופרד מתחמושת"", ""תכנון"": ""לא"", ""אופן החזקת הנשק"": ""בבית, על גופו"", ""כמות תחמושת"": ""כדורים, 2 מחסניות"", ""שימוש"": ""זריקת רימון""}",40.0,"1. **סוג העבירה וחומרתה**  
שני התיקים עוסקים בעבירות נשק לפי סעיפים 144(א) ו-144(ב) לחוק העונשין (החזקה, נשיאה, הובלה), אך בתיק 2 יש גם הרשעה בעבירת פזיזות ורשלנות (338(5)), וכן בוצע שימוש בפועל בנשק (זריקת רימון), מה שמעלה את רמת החומרה לעומת תיק 1 שבו לא נעשה שימוש בנשק.

2. **תפקיד הנאשם ומעורבותו**  
בשני המקרים הנאשמים הם מחזיקים ונושאים של נשק, אך בתיק 2 יש מעורבות פעילה יותר – הנאשם זרק רימון (גם אם למקום שומם), בעוד בתיק 1 הנאשם רק החזיק והוביל את האקדח ולא עשה בו שימוש.

3. **שיטת הביצוע (MO)**  
בתיק 1: החזקת אקדח עם מחסניות ברכב ועל הגוף, ללא תכנון וללא שימוש.  
בתיק 2: החזקת רימון, כדורי רובה ומחסניות בבית ועל הגוף, ובוצעה זריקה של רימון. דפוסי הביצוע שונים – סוגי נשק שונים, אופן ההחזקה שונה, ובתיק 2 יש פעולה אקטיבית (זריקה).

4. **נסיבות הליבה**  
בתיק 1: לא היה תכנון, לא נעשה שימוש בנשק, לא נגרמה פגיעה, הנשק היה מוכן לשימוש (מחסנית בהכנס).  
בתיק 2: לא היה תכנון, אך בוצע שימוש בפועל (זריקת רימון), הנאשם היה שיכור, ניסה למנוע את האירוע, לא נגרמה פגיעה בפועל. חומרת הנסיבות בתיק 2 גבוהה יותר בשל השימוש בנשק.

5. **ישימות כתקדים**  
שני התיקים עוסקים בעבירות נשק, אך בשל השוני המהותי – בתיק 2 יש שימוש בפועל בנשק ועבירת פזיזות, בעוד בתיק 1 מדובר בהחזקה בלבד – בית המשפט יראה את תיק 1 כקל יותר, ותיק 2 ככזה שמצדיק ענישה חמורה יותר. תיק 1 לא ישמש תקדים ענייני מלא לתיק 2, אך ייתכן וישמש להשוואה כללית ברף התחתון של הענישה.

SIMILARITY_SCORE: 40","ok",""
"ME-16-06-50916-362","ME-15-03-29911-554",3,1,1,"{""סוג הרכב"": ""סקודה"", ""מועד פסילת הנהיגה"": ""3.2.15"", ""תקופת הפסילה"": ""24 חודשים"", ""מועד תוקף רישיון הנהיגה"": ""2002"", ""מקום האירוע"": ""כפר ג'דידה-מכר"", ""סוג הנשק המדויק"": ""קרל גוסטב"", ""כמות יריות"": ""לא פחות משלושה כדורים"", ""היכרות עם הנאסר"": ""היכרות מוקדמת"", ""זמן האירוע"": ""12.6.16, שעה 18:25"", ""תיאור האירוע"": ""הנאשם נסע לבית אחיו, נשא נשק וירה במהלך ויכוח עם נאסר וקבוצת אנשים"", ""התנהלות הנאשם לאחר הירי"": ""המשיך בנסיעתו, עצר וירה שוב, ולאחר מכן נמלט"", ""מספר עבירה"": ""144 ב"", ""סוג עבירה"": ""נשיאת נשק, הובלת נשק"", ""עבירות נוספות"": ""הנאשם הורשע, בנוסף לעבירות נשק לפי סעיף 144, גם בעבירות נוספות שאינן עבירות נשק: איומים (סעיף 192 לחוק העונשין), ירי באזור מגורים (סעיף 340א לחוק העונשין), מעשה פזיזות ורשלנות (סעיף 338(א)(5) לחוק העונשין), נהיגה בזמן פסילה (סעיף 67 לפקודת התעבורה), ונהיגה ללא רישיון נהיגה (סעיפים 10א ו-62(1) לפקודת התעבורה)."", ""סוג הנשק [תת מקלע]"": 1.0, ""סטטוס הנשק"": ""נשק עם כדור בקנה"", ""תכנון"": ""לא"", ""אופן החזקת הנשק"": ""בבית, ברכב, על גופו"", ""מטרה-סיבת העבירה"": ""הפחדה"", ""שימוש"": ""לא""}","{""מיקום האירועים"": ""פוריידיס"", ""זמן האירועים"": ""5.3.15, שעות הערב"", ""מספר כדורים שנורו"": ""מספר רב של כדורים, שני כדורים נוספים"", ""מיקום ירי ספציפי"": ""בשטח חווה, בשכונות מגורים, ליד מגרש בית הספר התיכון"", ""זהות נוסע נוסף"": ""לא ידועה למאשימה"", ""סוג האקדח"": ""יריחו"", ""מצב הנשק בסיום האירועים"": ""דרוך ומוכן לירי"", ""מספר עבירה"": ""144 א, 144 ב"", ""סוג עבירה"": ""החזקה נשק, נשיאת נשק"", ""עבירות נוספות"": ""מעובדות כתב האישום ודברי השופט עולה כי הנאשם הורשע גם בעבירה של ירי באזור מגורים לפי סעיף 340א לחוק העונשין, בנוסף לעבירות הנשק לפי סעיף 144."", ""סוג הנשק [אקדח]"": 1.0, ""סטטוס הנשק"": ""נשק עם כדור בקנה"", ""תכנון"": ""לא"", ""אופן החזקת הנשק"": ""ברכב, על גופו"", ""כמות תחמושת"": ""מחסנית ובה 12 כדורים, מחסנית נוספת, 20 כדורים, 24 כדורים"", ""שימוש"": ""לא""}",75.0,"1. **סוג העבירה וחומרתה**  
בשני התיקים מדובר בעבירות נשק חמורות: נשיאת נשק, החזקת נשק, ירי באזור מגורים (סעיף 340א), כאשר בשני המקרים מדובר בנשק חם (תת-מקלע/אקדח) עם כדור בקנה. עם זאת, בתיק 1 יש גם עבירות נלוות נוספות (איומים, נהיגה בזמן פסילה, רשלנות), שמעלות את רמת החומרה הכוללת.

2. **תפקיד הנאשם ומעורבותו**  
בשני המקרים הנאשם הוא המחזיק והנושא של הנשק, עם מעורבות ישירה ופעילה. בתיק 1 יש גם יוזמה של ירי במהלך עימות, בעוד שבתיק 2 לא מצוין עימות אישי, אך כן ירי במקומות ציבוריים.

3. **שיטת הביצוע (MO)**  
בשני המקרים: נשק חם, החזקה ברכב ועל הגוף, ירי במספר מוקדים, נשק דרוך ומוכן לירי. ההבדל המרכזי: בתיק 1 הירי בוצע במהלך ויכוח אישי, בתיק 2 הירי בוצע במקומות ציבוריים שונים, ללא עימות אישי מובהק.

4. **נסיבות הליבה**  
בשני התיקים: ירי באזור מגורים, שימוש בנשק חם, נשק עם כדור בקנה, ללא תכנון מוקדם. בתיק 1 יש גם נסיבות מחמירות (נהיגה בזמן פסילה, איומים), ובתיק 2 יש כמות תחמושת גדולה וירי במקומות רגישים (ליד בית ספר).

5. **ישימות כתקדים**  
שני התיקים דומים מאוד במרכיבי הליבה של עבירות נשק חמורות, ירי באזור מגורים, והחזקה/נשיאה של נשק חם. למרות ההבדלים בנסיבות הנלוות, בית משפט יראה את שני התיקים כרלוונטיים זה לזה לצורכי ענישה, במיוחד בהקשר של מדיניות החמרה בעבירות נשק.

SIMILARITY_SCORE: 75","ok",""
"SH-16-11-49772-358","ME-17-02-54432-484",1,0,0,"{""מיקום האירוע"": ""חנות לארג' קפה, רחוב רוטשילד 62, כפר סבא"", ""תאריך האירוע"": ""18.11.16"", ""שעת האירוע"": ""13:30"", ""מיקום הסלקת הנשק"": ""סמטה סמוכה לרחוב וייצמן 113, כפר סבא"", ""סוג הנשק המדויק"": ""אקדח"", ""מספר עבירה"": ""144 א"", ""סוג עבירה"": ""החזקה נשק"", ""עבירות נוספות"": ""הנאשם הורשע גם בעבירת גניבה לפי סעיפים 383(א)(1) ו-384 לחוק העונשין, בנוסף לעבירות הנשק לפי סעיף 144."", ""סוג הנשק [אקדח]"": 1.0, ""סטטוס הנשק"": ""תקין"", ""תכנון"": ""לא"", ""אופן החזקת הנשק"": ""מוסלק - מוסתר"", ""אופן קבלת הנשק"": ""גנב"", ""שימוש"": ""לא""}","{""תאריך האירוע"": ""16.02.17"", ""מיקום האירוע"": ""נהריה, צומת הרחובות הגעתון והרצל"", ""סוג הרכב"": ""מאזדה"", ""מספר כדורים במחסנית"": ""7 כדורים 0.22 מ\""מ"", ""מספר האקדח"": ""82233"", ""סוג האקדח"": ""ברטה"", ""מיקום החזקת הנשק לפני המעצר"": ""תחתוניו של הנאשם"", ""מקום מגורים"": ""כפר קאסם"", ""תקופת החזקת הנשק"": ""מאז ועד יום 16.02.17"", ""מספר נוסעים ברכב"": ""3 נוסעים נוספים"", ""מספר עבירה"": ""144 א, 144 ב"", ""סוג עבירה"": ""החזקה נשק, נשיאת נשק"", ""סוג הנשק [אקדח]"": 1.0, ""סטטוס הנשק"": ""נשק עם מחסנית בהכנס"", ""תכנון"": ""כן"", ""אופן החזקת הנשק"": ""ברכב, על גופו, מוסלק - מוסתר"", ""כמות תחמושת"": ""מחסנית ובה 7 כדורים"", ""מטרה-סיבת העבירה"": ""הגנה עצמית"", ""שימוש"": ""לא""}",68.0,"1. **סוג העבירה וחומרתה**  
שני התיקים עוסקים בעבירות נשק מסוג החזקה/נשיאה של אקדח, לפי סעיף 144 לחוק העונשין. בתיק 2 יש גם נשיאת נשק (144 ב) ותחמושת, אך בשני המקרים מדובר בעבירות נשק חמורות יחסית, אם כי לא בשימוש בפועל.

2. **תפקיד הנאשם ומעורבותו**  
בתיק 1 הנאשם גנב את האקדח והחזיק בו (יוזמה פלילית ברורה), בתיק 2 החזיק ונשא את האקדח על גופו, עם טענה להגנה עצמית. בשני המקרים מעורבות ישירה ופעילה, אך בתיק 1 יש גם עבירת גניבה.

3. **שיטת הביצוע (MO)**  
בשני המקרים האקדח הוסלק (בתיק 1 בסמטה, בתיק 2 על גוף הנאשם/ברכב). בתיק 2 יש גם תחמושת מוכנה לשימוש, מה שמרמז על מוכנות גבוהה יותר.

4. **נסיבות הליבה**  
בתיק 1 לא היה תכנון, בתיק 2 היה תכנון. בתיק 2 האקדח היה טעון ומוכן, בתיק 1 לא מצוין אם הייתה תחמושת. בתיק 1 יש גם עבירת גניבה, בתיק 2 לא. בשני המקרים לא נעשה שימוש בפועל בנשק.

5. **ישימות כתקדים**  
שני התיקים דומים מאוד בעבירה המרכזית (החזקה/נשיאת אקדח מוסלק), אך יש הבדלים מהותיים: בתיק 1 יש גניבה, בתיק 2 יש תכנון ותחמושת מוכנה. בית משפט יראה אותם כרלוונטיים זה לזה, אך יבחין בנסיבות המחמירות/מקלות בכל תיק.

SIMILARITY_SCORE: 68","ok",""
"ME-14-02-51828-88","ME-14-03-48488-922",1,0,0,"{""תאריך העבירה"": ""19.2.14"", ""שעת העבירה"": ""23:12"", ""סוג הרכב"": ""רנו מגאן"", ""מספר רכב"": ""98-057-36"", ""מיקום העבירה"": ""כביש הכניסה לכפר חורפיש"", ""פוטנציאל הנשק"": ""סוגל לירות כדור שבכוחו להמית אדם"", ""מספר עבירה"": ""144 ב"", ""סוג עבירה"": ""נשיאת נשק, הובלת נשק"", ""סוג הנשק - אם לא נמצא בטבלה"": ""שני רובי ציד מאולתרים"", ""סטטוס הנשק"": ""תקין"", ""תכנון"": ""לא"", ""אופן החזקת הנשק"": ""ברכב"", ""מטרה-סיבת העבירה"": ""נסיבות כלכליות"", ""שימוש"": ""לא""}","{""תאריך האירוע"": ""4.1.2014"", ""מיקום האירוע"": ""רחוב מוהליבר 38, תל אביב"", ""זמן הפעלת המטען"": ""סמוך לתאריך 4.1.14"", ""סוג המטען"": ""מטען חבלה מצינור מתכת"", ""מרכיבי המטען"": ""חומר נפיץ, פתיל, 47 קליעי נק\""ל"", ""השפעת המטען"": ""נזק לתחתית וכסא נהג הרכב ונזקים לסביבה במרחק של כ-10 מטר"", ""זיהוי המתלוננים"": ""יורם וגיל כהן"", ""תאריך החזקת נשק נוסף"": ""25.2.2014"", ""מיקום החזקת הנשק הנוסף"": ""בבית הנאשם"", ""מספר עבירה"": ""144 א, 144 ב"", ""סוג עבירה"": ""החזקה נשק, נשיאת נשק"", ""עבירות נוספות"": ""הנאשם הורשע גם בעבירה של היזק בזדון בחומר נפיץ לפי סעיף 454 לחוק העונשין, שהיא עבירה שאינה לפי סעיף 144 (עבירות נשק)."", ""סוג הנשק [מטען חבלה]"": 1.0, ""סוג הנשק [מטען חבלה מאולתר]"": 1.0, ""סוג הנשק - אם לא נמצא בטבלה"": ""מכשיר טלפון נייד המשמש בין היתר כמערכת הפעלה במטעני חבלה מאולתרים"", ""סטטוס הנשק"": ""נשק מופרד מתחמושת"", ""תכנון"": ""כן"", ""אופן החזקת הנשק"": ""בבית, ברכב, מוסלק - מוסתר"", ""אופן קבלת הנשק"": ""ייצר"", ""מטרה-סיבת העבירה"": ""אות אזהרה"", ""שימוש"": ""הפעלת מטען""}",18.0,"1. **סוג העבירה וחומרתה**  
שני התיקים עוסקים בעבירות נשק, אך בתיק 1 מדובר בנשיאת והובלת נשק (רובי ציד מאולתרים) ללא שימוש, בעוד שבתיק 2 מדובר בהחזקה, נשיאה, ייצור ושימוש בפועל במטען חבלה (כולל הפעלתו וגרימת נזק), וכן הרשעה בעבירה חמורה נוספת של היזק בזדון בחומר נפיץ. חומרת העבירות בתיק 2 גבוהה משמעותית.

2. **תפקיד הנאשם ומעורבותו**  
בתיק 1 הנאשם החזיק והוביל נשק ברכב, ללא תכנון וללא שימוש; מעורבותו פסיבית יחסית. בתיק 2 הנאשם ייצר, החזיק, הסליק, והפעיל מטען חבלה – מעורבות יוזמת, פעילה ומתוחכמת.

3. **שיטת הביצוע (MO)**  
בתיק 1: החזקת נשק ברכב, ללא תחכום או הסתרה מיוחדת. בתיק 2: ייצור מטען חבלה, הסלקה, שימוש באמצעים טכנולוגיים (טלפון כמפעיל), והפעלה מכוונת – דפוס פעולה שונה לחלוטין, מתוחכם ואלים יותר.

4. **נסיבות הליבה**  
בתיק 1: שני רובי ציד מאולתרים, לא נעשה שימוש, לא היה תכנון, מניע כלכלי. בתיק 2: מטען חבלה, תכנון מוקדם, ייצור עצמי, הפעלה שגרמה נזק, מניע של ""אות אזהרה"" (כלומר, איום או סכסוך), נסיבות מחמירות בהרבה.

5. **ישימות כתקדים**  
הדמיון מתמצה בכך ששני התיקים עוסקים בעבירות נשק, אך ההבדלים המהותיים בחומרה, במעורבות, בשיטת הביצוע ובנסיבות הליבה הופכים את תיק 1 לבלתי רלוונטי כמעט כתקדים ענייני לתיק 2 (ולהפך). בית המשפט יבחין בין המקרים, במיוחד בשל השימוש בפועל במטען חבלה בתיק 2.

SIMILARITY_SCORE: 18","ok",""
"ME-14-12-6904-57","ME-18-04-19642-504",1,0,0,"{""מיקום החזקת הנשק"": ""ארון בגדים בחדר השינה"", ""מחיר הנשק"": ""4000 ש\""ח"", ""מועד רכישת הנשק"": ""כחודש ימים עובר ליום 18.11.2014"", ""מקום מגורים"": ""תל אביב"", ""כמות קנאביס"": ""0.3027 גרם נטו"", ""סוג הנשק"": ""רובה מאולתר מדגם קרל גוסטב"", ""תיאור האופן שבו נשא הנאשם את הנשק"": ""בתוך תיק גב, עטוף בבגדים"", ""מספר עבירה"": ""144 ב"", ""סוג עבירה"": ""נשיאת נשק, הובלת נשק"", ""עבירות נוספות"": ""הנאשם הואשם והורשע בנוסף לעבירת נשק (סעיף 144(ב) לחוק העונשין) גם בעבירה של החזקת סם לצריכה עצמית לפי סעיף 7(א) לפקודת הסמים המסוכנים."", ""סוג הנשק [תת מקלע מאולתר]"": 1.0, ""סטטוס הנשק"": ""נשק מופרד מתחמושת"", ""תכנון"": ""כן"", ""אופן החזקת הנשק"": ""בבית, על גופו, מוסלק - מוסתר"", ""אופן קבלת הנשק"": ""רכש"", ""כמות תחמושת"": ""מחסנית וכדורים, כדורים"", ""שימוש"": ""לא""}","{""מיקום האירוע"": ""יער הסמוך לכפר קרע"", ""תאריך האירוע"": ""1.4.18"", ""שעת האירוע"": ""17:00"", ""סוג הנשק"": ""אקדח FN בקוטר 9 מ\""מ"", ""מספר יריות"": ""11 יריות באוויר"", ""השפעת אלכוהול"": ""הנאשם היה תחת השפעת משקאות אלכוהליים"", ""זיכרון הנאשם"": ""הנאשם אינו זוכר את כל פרטי האירוע"", ""התנהגות במהלך מעצר"": ""הנאשם ניסה להימלט על ידי ניסיון להתניע את רכב המתלוננת"", ""מיקום הנשק בעת המעצר"": ""האקדח הושלך מתחת למושב הרכב"", ""מספר עבירה"": ""144 א, 144 ב"", ""סוג עבירה"": ""נשיאת נשק, הובלת נשק"", ""עבירות נוספות"": ""הנאשם הורשע בנוסף לעבירות נשק (סעיפים 144(א) ו-144(ב) לחוק העונשין) גם בעבירה של מעשי פזיזות ורשלנות לפי סעיף 338(א)(5) לחוק העונשין, שהיא עבירה שאינה עבירת נשק."", ""סוג הנשק [אקדח]"": 1.0, ""סטטוס הנשק"": ""נשק עם כדור בקנה"", ""תכנון"": ""לא"", ""אופן החזקת הנשק"": ""ברכב, על גופו, מוסלק - מוסתר"", ""כמות תחמושת"": ""2 מחסניות, 40 כדורים"", ""מטרה-סיבת העבירה"": ""אלימות במשפחה"", ""שימוש"": ""לא""}",35.0,"1. **סוג העבירה וחומרתה**  
שני התיקים עוסקים בעבירות נשיאת והובלת נשק לפי סעיף 144(ב) לחוק העונשין, אך בתיק 2 יש גם עבירה לפי סעיף 144(א) (החזקת נשק), וכן עבירת פזיזות ורשלנות (338(א)(5)), שהיא חמורה יותר בשל השימוש בפועל בנשק (ירי באוויר). בתיק 1 לא בוצע שימוש בנשק, והנשק היה מופרד מתחמושת. חומרת תיק 2 גבוהה יותר.

2. **תפקיד הנאשם ומעורבותו**  
בתיק 1 הנאשם רכש את הנשק, החזיק בו והסתיר אותו, אך לא עשה בו שימוש. בתיק 2 הנאשם החזיק בנשק, ירה 11 יריות באוויר, וניסה להימלט מהמשטרה. מעורבותו של נאשם 2 פעילה ומסוכנת יותר.

3. **שיטת הביצוע (MO)**  
בתיק 1 הנשק הוסתר בבית ובתיק גב, לא נעשה בו שימוש, והוא היה מופרד מתחמושת. בתיק 2 הנשק היה טעון, הוסתר ברכב, בוצע ירי בפועל, והייתה בריחה מהמשטרה. דפוסי הביצוע שונים מהותית: תיק 2 כולל שימוש אקטיבי ואלים.

4. **נסיבות הליבה**  
בתיק 1 מדובר בנשק מאולתר (קרל גוסטב), ללא שימוש, עם תחמושת אך לא טעון, החזקה מוסתרת ומתוכננת. בתיק 2 מדובר באקדח תקני, טעון, ירי בפועל, נסיבות של אלימות במשפחה, השפעת אלכוהול, ניסיון להימלט. נסיבות תיק 2 מחמירות בהרבה.

5. **ישימות כתקדים**  
למרות ששני התיקים עוסקים בעבירות נשק, ההבדלים המהותיים בשימוש בנשק, סוג הנשק, נסיבות האירוע ורמת הסיכון, הופכים את תיק 1 לפחות רלוונטי כתקדים ענייני לתיק 2 (ולהפך). בית המשפט יבחין בין החזקה פסיבית לבין שימוש בפועל ונסיבות מחמירות.

SIMILARITY_SCORE: 35","ok",""
"ME-18-10-30972-637","ME-14-11-7498-539",3,1,1,"{""מחיר הנשק"": ""7,000-8,000 ₪"", ""מיקום העסקה"": ""שכם"", ""תאריך העסקה"": ""לפני 8.9.2018"", ""שיטת הובלת הנשק"": ""הסעה על ידי צד שלישי"", ""מעורבים נוספים"": ""אימן, עמרו כשאן, יוסף"", ""סוג הנשק מפורט"": ""M-16"", ""מספר עבירה"": ""144 ב"", ""סוג עבירה"": ""ניסיון לסחר בנשק"", ""סוג הנשק [רובה סער]"": 1.0, ""סטטוס הנשק"": ""תקין"", ""תכנון"": ""לא"", ""אופן קבלת הנשק"": ""רכש"", ""שימוש"": ""לא""}","{""מיקום האירועים"": ""בסיס צה\""ל בבא\""פ דרום סמוך לצאלים, רהט"", ""תאריכים רלוונטיים"": ""23.10.14, 26.10.14"", ""סוגי נשק נוספים"": ""מיקרו תבור עם כוונת מארס"", ""כוונת צלפים"": ""טרג'יקון, מארס"", ""סוג תחמושת"": ""5.56 מ\""מ"", ""מספר נאשמים"": 4, ""מיקום החזקת הנשק"": ""בתא מטען של רכב, בבית הנאשם 3, במחסן הנאשם 4"", ""שיטת העברת הנשק"": ""מסירה יד ביד, העברה ברכב"", ""פעילות משטרתית"": ""עצירה ותפיסת נשק על ידי בלשי מג\""ב דרום"", ""מספר עבירה"": ""144 א, 144 ב"", ""סוג עבירה"": ""החזקה נשק, נשיאת נשק, הובלת נשק, ניסיון לסחר בנשק"", ""עבירות נוספות"": ""הנאשם הורשע גם בעבירת קשירת קשר לביצוע פשע (סעיף 499(א)(1) לחוק העונשין) ובעבירת גניבה (סעיף 384 לחוק העונשין), שהן אינן עבירות נשק לפי סעיף 144."", ""סוג הנשק [רובה סער]"": 1.0, ""סטטוס הנשק"": ""נשק עם מחסנית בהכנס"", ""תכנון"": ""כן"", ""אופן החזקת הנשק"": ""ברכב"", ""אופן קבלת הנשק"": ""מאחר"", ""כמות תחמושת"": ""מחסנית ובה 29 כדורים"", ""מטרה-סיבת העבירה"": ""בצע כסף"", ""שימוש"": ""לא""}",60.0,"1. **סוג העבירה וחומרתה**  
שני התיקים כוללים עבירות נשק חמורות, ובשניהם ניסיון לסחר בנשק מסוג רובה סער (M-16/מיקרו תבור). עם זאת, בתיק 2 יש גם עבירות נלוות (החזקה, נשיאה, הובלה, קשירת קשר, גניבה), מה שמעלה את רמת החומרה הכוללת בתיק זה לעומת תיק 1, שבו מדובר בניסיון לסחר בלבד.

2. **תפקיד הנאשם ומעורבותו**  
בתיק 1 הנאשם מעורב בניסיון לסחר, אך לא יזם או תכנן את העסקה, וההובלה בוצעה על ידי צד שלישי. בתיק 2 יש מספר נאשמים, תכנון מוקדם, החזקה והובלה של הנשק, וכן קשירת קשר – כלומר, מעורבות פעילה יותר, יוזמה ותכנון.

3. **שיטת הביצוע (MO)**  
בשני התיקים מדובר בהעברת נשק ברכב, אך בתיק 1 ההובלה בוצעה על ידי צד שלישי, ללא תכנון מוקדם, ואילו בתיק 2 הייתה מסירה יד ביד, העברה ברכב, תכנון מוקדם, והנשק הוסתר במקומות שונים. דפוס הפעולה בתיק 2 מתוחכם ומורכב יותר.

4. **נסיבות הליבה**  
בשני המקרים מדובר בנשק תקני מסוג רובה סער, ללא שימוש בפועל. בתיק 2 יש גם תחמושת רבה, כוונות צלפים, ותכנון מוקדם, וכן עבירות נלוות שמחמירות את הנסיבות. בתיק 1 אין תכנון, אין תחמושת, ואין נסיבות מחמירות נוספות.

5. **ישימות כתקדים**  
שני התיקים עוסקים בעבירות נשק חמורות, ובשניהם ניסיון לסחר ברובה סער, כך שיש רלוונטיות עניינית. עם זאת, בשל ריבוי העבירות, התכנון והנסיבות המחמירות בתיק 2, בית המשפט יראה את תיק 2 כחמור יותר, וייתכן שיראה בתיק 1 תקדים רלוונטי רק לגבי רכיב ניסיון הסחר, אך לא לעניין הענישה הכוללת.

SIMILARITY_SCORE: 60","ok",""
"ME-17-02-54432-484","ME-16-07-45228-25",3,1,1,"{""תאריך האירוע"": ""16.02.17"", ""מיקום האירוע"": ""נהריה, צומת הרחובות הגעתון והרצל"", ""סוג הרכב"": ""מאזדה"", ""מספר כדורים במחסנית"": ""7 כדורים 0.22 מ\""מ"", ""מספר האקדח"": ""82233"", ""סוג האקדח"": ""ברטה"", ""מיקום החזקת הנשק לפני המעצר"": ""תחתוניו של הנאשם"", ""מקום מגורים"": ""כפר קאסם"", ""תקופת החזקת הנשק"": ""מאז ועד יום 16.02.17"", ""מספר נוסעים ברכב"": ""3 נוסעים נוספים"", ""מספר עבירה"": ""144 א, 144 ב"", ""סוג עבירה"": ""החזקה נשק, נשיאת נשק"", ""סוג הנשק [אקדח]"": 1.0, ""סטטוס הנשק"": ""נשק עם מחסנית בהכנס"", ""תכנון"": ""כן"", ""אופן החזקת הנשק"": ""ברכב, על גופו, מוסלק - מוסתר"", ""כמות תחמושת"": ""מחסנית ובה 7 כדורים"", ""מטרה-סיבת העבירה"": ""הגנה עצמית"", ""שימוש"": ""לא""}","{""מיקום האירוע"": ""כפר זלפה"", ""זמן האירוע"": ""שעת ליל"", ""תאריך האירוע"": ""19.7.16"", ""קוטר הכדורים"": ""9 מ\""מ"", ""פעולת הנאשם בעת גילוי"": ""התרחקות מהשוטרים בהליכה מהירה ולאחר מכן בריצה"", ""מקום הסתרת הנשק"": ""מתחת לשמיכה על מזרן בחדר"", ""מספר עבירה"": ""144 ב"", ""סוג עבירה"": ""נשיאת נשק"", ""סוג הנשק [אקדח]"": 1.0, ""סטטוס הנשק"": ""נשק עם מחסנית בהכנס"", ""תכנון"": ""לא"", ""אופן החזקת הנשק"": ""על גופו, מוסלק - מוסתר"", ""כמות תחמושת"": ""מחסנית ובה 10 כדורים"", ""שימוש"": ""לא""}",70.0,"1. **סוג העבירה וחומרתה**  
בשני התיקים מדובר בעבירת נשיאת נשק (סעיף 144 ב לחוק העונשין), כאשר בתיק 1 יש גם החזקת נשק (144 א). בשני המקרים מדובר בנשק חם (אקדח) עם מחסנית טעונה. רמת החומרה דומה, אם כי בתיק 1 יש עבירה נוספת.

2. **תפקיד הנאשם ומעורבותו**  
בשני המקרים הנאשם הוא המחזיק הישיר של הנשק, כאשר בתיק 1 הנשק מוסתר על גופו (בתחתוניו) וברכב, ובתיק 2 מוסתר בחדר אך גם ""על גופו, מוסלק"". המעורבות בשני המקרים היא ישירה ואקטיבית, ללא תיווך של צדדים שלישיים.

3. **שיטת הביצוע (MO)**  
בשני המקרים הנשק מוסתר ומוסלק, טעון במחסנית, ולא נעשה בו שימוש בפועל. בתיק 1 ההסתרה היא על הגוף וברכב, בתיק 2 בחדר מתחת לשמיכה, אך גם מצוין ""על גופו, מוסלק"". דפוס ההסתרה דומה, אך יש הבדל קל במיקום.

4. **נסיבות הליבה**  
בתיק 1: 7 כדורים, קליבר 0.22 מ""מ, טענה להגנה עצמית, תכנון מוקדם, החזקה ממושכת, שלושה נוסעים נוספים ברכב. בתיק 2: 10 כדורים, קליבר 9 מ""מ, ללא תכנון, החזקה רגעית יותר, ניסיון להימלט מהשוטרים. בתיק 1 יש נסיבות מחמירות (תכנון, החזקה ממושכת, רכב עם נוסעים), בתיק 2 נסיבות מעט מקלות (אין תכנון, החזקה סטטית).

5. **ישימות כתקדים**  
בית המשפט יראה את שני התיקים כרלוונטיים זה לזה לצורכי ענישה, שכן מדובר באותו סוג עבירה, דפוס החזקה דומה, והנסיבות אינן שונות מהותית. עם זאת, בתיק 1 יש נסיבות מחמירות יותר (תכנון, החזקה ממושכת, רכב), ולכן הוא עשוי לשמש תקדים מחמיר לתיק 2, אך לא להיפך.

SIMILARITY_SCORE: 70","ok",""
"ME-09-06-10774-130","SH-20-02-52091-995",1,0,0,"{""סוג אקדח"": ""ברטה"", ""מיקום האירוע"": ""כפר מושרייפה"", ""נסיעה ברכב"": ""כן"", ""מספר עבירה"": ""144 א, 144 ב"", ""סוג עבירה"": ""החזקה נשק, נשיאת נשק"", ""סוג הנשק [אקדח]"": 1.0, ""סטטוס הנשק"": ""תקין"", ""תכנון"": ""לא"", ""אופן החזקת הנשק"": ""ברכב"", ""שימוש"": ""לא""}","{""מיקום החזקת הנשק"": ""ארון במטבח"", ""מיקום הבית"": ""שבט אלאעצם"", ""תאריך החזקת הנשק"": ""מיום 14.02.20"", ""תאריך התגלית"": ""16.02.20"", ""שעת התגלית"": ""סמוך לשעה 15:00"", ""סוג הפעילות המשטרתית"": ""חיפוש יזום"", ""מיקום התגלית"": ""בית הנאשם"", ""מספר עבירה"": ""144 א"", ""סוג עבירה"": ""החזקה נשק"", ""סוג הנשק [תת מקלע מאולתר]"": 1.0, ""סטטוס הנשק"": ""נשק מופרד מתחמושת"", ""תכנון"": ""לא"", ""אופן החזקת הנשק"": ""בבית, מוסלק - מוסתר"", ""כמות תחמושת"": ""20 כדורים"", ""שימוש"": ""לא""}",60.0,"1. **סוג העבירה וחומרתה** — בשני התיקים מדובר בעבירת ""החזקה"" של נשק, אך בתיק 1 יש גם ""נשיאת נשק"" (144 ב'), בעוד בתיק 2 רק ""החזקה"" (144 א'). בתיק 1 מדובר באקדח תקני, בתיק 2 בתת-מקלע מאולתר (נשק חמור יותר לרוב, אך מאולתר). רמת החומרה דומה, אך לא זהה.
2. **תפקיד הנאשם ומעורבותו** — בשני המקרים הנאשם הוא המחזיק בלבד, ללא אינדיקציה ליזמות, סחר או שימוש. המעורבות פסיבית יחסית.
3. **שיטת הביצוע (MO)** — בתיק 1 הנשק הוחזק ברכב במהלך נסיעה, בתיק 2 מוסתר בבית בארון. דפוס ההחזקה שונה: ניידות מול הסתרה סטטית.
4. **נסיבות הליבה** — בתיק 1 לא היה תכנון, לא בוצע שימוש, הנשק היה תקין; בתיק 2 גם לא היה תכנון או שימוש, אך הנשק מופרד מתחמושת, מוסתר, ויש 20 כדורים. אין נסיבות מחמירות מובהקות, אך יש שוני בפרטי ההחזקה.
5. **ישימות כתקדים** — שני התיקים עוסקים בהחזקה בלתי חוקית של נשק, ללא שימוש או תכנון, והנאשם אינו יוזם או סוחר. למרות ההבדלים (סוג הנשק, מקום ההחזקה, קיומה של עבירת נשיאה בתיק 1), בתי המשפט עשויים לראות בתיקים אלה רלוונטיים זה לזה לצורכי ענישה, אך לא כתקדים מובהק.

SIMILARITY_SCORE: 60","ok",""
"SH-15-03-49530-992","ME-16-05-9983-155",2,0,1,"{""שנת לידה"": ""1992"", ""מיקום החזקת הנשק"": ""גג מחסן סמוך לבית בג'לג'וליה"", ""סוג הרובה"": ""קרל גוסטב"", ""קוטר כדורים במחסנית"": ""9 מ\""מ"", ""קוטר כדורים בתפזורת"": ""5.56 מ\""מ"", ""מספר עבירה"": ""144 א"", ""סוג עבירה"": ""החזקה נשק"", ""סוג הנשק [תת מקלע מאולתר]"": 1.0, ""סטטוס הנשק"": ""נשק עם מחסנית בהכנס"", ""תכנון"": ""לא"", ""אופן החזקת הנשק"": ""מוסלק - מוסתר"", ""כמות תחמושת"": ""מחסנית ובה כדורים, מחסנית טעונה בכדורים, כדורים"", ""שימוש"": ""לא""}","{""תאריך העבירה"": ""אפריל 2016"", ""מחיר הנשק"": ""7300 שקלים"", ""מיקום החזקת הנשק"": ""גג בית חבר"", ""משך החזקת הנשק"": ""כשבוע"", ""קשר עם קרוב משפחה"": ""קרוב משפחה רכש והעביר לנאשם"", ""מספר עבירה"": ""144 א, 144 ב"", ""סוג עבירה"": ""החזקה נשק, נשיאת נשק"", ""סוג הנשק [תת מקלע מאולתר]"": 1.0, ""סטטוס הנשק"": ""נשק מופרד מתחמושת"", ""תכנון"": ""לא"", ""אופן החזקת הנשק"": ""מוסלק - מוסתר"", ""אופן קבלת הנשק"": ""מאחר"", ""כמות תחמושת"": ""מחסנית"", ""שימוש"": ""לא""}",80.0,"1. **סוג העבירה וחומרתה**  
בשני התיקים מדובר בעבירות נשק לפי סעיף 144 א לחוק העונשין (החזקה), כאשר בתיק 2 יש גם עבירה של נשיאת נשק (144 ב). בשני המקרים מדובר בתת-מקלע מאולתר, עבירה חמורה יחסית, אך תיק 2 כולל גם נשיאה, שמחמירה מעט את התמונה.

2. **תפקיד הנאשם ומעורבותו**  
בתיק 1 הנאשם החזיק את הנשק במחסן סמוך לביתו; בתיק 2 קיבל את הנשק מקרוב משפחה והחזיק אותו בגג בית חבר. בשני המקרים לא מדובר ביוזם או סוחר, אלא במי שמחזיק/מאחסן, אך בתיק 2 יש אלמנט של קבלת הנשק מאחר (מעורבות מעט פחות יוזמת).

3. **שיטת הביצוע (MO)**  
בשני המקרים הנשק הוסלק/הוסתר, לא נעשה בו שימוש, ולא היה תכנון מוקדם. דפוס ההחזקה דומה מאוד.

4. **נסיבות הליבה**  
בשני התיקים מדובר בתת-מקלע מאולתר, ללא שימוש בפועל, ללא תכנון, והנשק הוסלק. בתיק 1 הנשק היה טעון ומוכן לשימוש (מחסנית בכנס), בתיק 2 הנשק היה מופרד מהתחמושת. בתיק 1 נמצאו גם כדורים בתפזורת, בתיק 2 רק מחסנית. ההבדל המרכזי: בתיק 1 הנשק היה מוכן לשימוש, בתיק 2 לא.

5. **ישימות כתקדים**  
בית המשפט יראה את שני התיקים כרלוונטיים זה לזה לצורכי ענישה, שכן מדובר באותו סוג נשק, דפוס החזקה דומה, ללא שימוש וללא תכנון. עם זאת, יש הבדל מסוים בחומרה (נשק טעון ומוכן לעומת מופרד, ותוספת של נשיאה בתיק 2), אך לא הבדל מהותי היוצר פער ענישה משמעותי.

SIMILARITY_SCORE: 80","ok",""
