"verdict_1","verdict_2","similarity_scale","similarity_binary_0","similarity_binary_1","indicment_facts_1","indicment_facts_2","score","response","status","last_error"
"SH-16-04-30406-325","ME-16-02-59812-881",1,0,0,"הנאשם שלפני נותן את הדין בגין שתי עבירות של החזקת נשק שלא כדין, בניגוד לסעיף 144(א) רישא לחוק העונשין, תשל""ז-1977.

בהתאם לעובדות כתב האישום, בהן הורשע הנאשם במסגרת הסדר טיעון, נתפס הנאשם, בתאריך 06/04/16, מחזיק, בתא המטען של רכבו מסוג רנו מ.ר. 88-687-10, שני כלי נשק מסוג תת מקלע מאולתר, האחד – בתחתית תא המטען, אליו צמודה מחסנית ריקה והשני – בתוך תיק שחור, ביחד עם שתי מחסניות.","הנאשמת הורשעה בהתאם להודאתה בעובדות כתב האישום המתוקן בעבירות כדלקמן:

סחר בנשק, לפי סעיף 144(ב2) בחוק העונשין, תשל""ז – 1977 (להלן: ""החוק"").

מסירת ידיעה כוזבת על עבירת פשע, לפי סעיף 243 סיפא לחוק.

שיבוש הליכי משפט, לפי סעיף 244 לחוק.

בין החודשים יולי 2015 לפברואר 2016 עבדה הנאשמת כמאבטחת בבית ספר יסודי. במסגרת עבודתה קיבלה הנאשמת לחזקתה אקדח 9 מ""מ מסוג תארוס (להלן:""האקדח""), שתי מחסניות וכן 20 כדורים תואמים.

על פי האישום הראשון, בין החודשים אוגוסט 2014 לפברואר 2016, במספר רב של הזדמנויות רכשה הנאשמת ממחמוד צאלוק (להלן:""מחמוד"") סמים מסוכנים מסוג חשיש והרואין לצריכה עצמית. בחלק מההזדמנויות הציע מחמוד לנאשמת כי ירכוש ממנה את האקדח והיא סירבה. ביום 15.2.16, לאחר שאזלו לנאשמת הסמים והחלה לחוש תסמיני גמילה, מתוך מטרה להשיג סכום כסף לרכישת מנות סם נוספות, גמלה בליבה של הנאשמת החלטה למכור את האקדח שברשותה למחמוד. לצורך כך, פנתה הנאשמת למחמוד והציעה לו לרכוש ממנה את האקדח, המחסניות והכדורים תמורת 10,000 ₪. השניים סיכמו ביניהם כי הנאשמת תמכור למחמוד את האקדח תמורת סכום של 8,000 ₪ וכן כמות של סם מסוכן מסוג הרואין. בהמשך נפגשו השניים סמוך למקום מגוריו של מחמוד, שם מסרה לו הנאשמת את האקדח, המחסנית והכדורים ובתמורה שילם לה מחמוד 8,000 ₪ במזומן וכן מסר לה ארבע חבילות של סם מסוג הרואין לצריכתה העצמית.

על פי האישום השני, בהמשך למתואר, ובמטרה להתחמק מעונש, החליטה הנאשמת לרקום סיפור בדים לפיו נפלה קורבן לאירוע שוד במהלכו נגנב ממנה האקדח. ביום 18.2.16, פנתה הנאשמת למעבידה, שי יהושע לוי, ודיווחה על אירוע השוד. בתגובה פנה שי למשטרה באופן מידי ושוטרים רבים החלו בסריקות ובגביית הודעות מעדים שונים במטרה לאתר את מבצע השוד. באותו יום הגיעה הנאשמת לתחנת המשטרה ומסרה בפני חוקר הודעה בה פירטה את אירוע השוד. בהמשך נחקרה הנאשמת פעם נוספת, מספר שעות לאחר מכן, במהלך עדותה זו הודתה כי בדתה מליבה את אירוע השוד וטענה בכזב כי האקדח אבד לה, וזאת במטרה לחפות על מעשיה ומתוך רצון להתחמק מעונש.",25.0,"1. סוג העבירה וחומרתה  
   תיק 1 עוסק ב""החזקת נשק"" בלבד (ס' 144(א)), עבירת נשק במדרג נמוך יחסית.  
   תיק 2 עוסק ב""סחר בנשק"" (ס' 144(ב2)) – מדרג גבוה יותר במובהק, בצירוף מסירת ידיעה כוזבת ושיבוש הליכי משפט, כך שחומרת מכלול העבירות בתיק 2 גבוהה משמעותית מתיק 1.

2. תפקיד הנאשם ומעורבותו  
   בתיק 1 הנאשם הוא מחזיק/מאחסן נשק – אין תיאור של מכירה, תיווך או שימוש במסגרת פעילות עבריינית אחרת; מעורבותו ""סטטית"" יחסית.  
   בתיק 2 הנאשמת יוזמת עסקת מכר נשק, מתמחרת, מנהלת מו""מ ומבצעת מסירה בפועל – כלומר תפקיד פעיל כסוחרת, נוסף על תכנון פעיל של שיבוש הליכים.

3. שיטת הביצוע (MO)  
   בתיק 1: הסתרת שני תתי־מקלע מאולתרים בתא מטען של רכב – הדגש הוא על אחזקה והסתרה.  
   בתיק 2: מכירת אקדח שירות שנמסר כחלק מעבודה כמאבטחת, לעבריין סמים, תמורת כסף וסם, ולאחר מכן תפירת ""סיפור שוד"" ודיווח שקרי – דפוס מורכב של ניצול משרה, מסחר ושיבוש, ששונה מהותית מהאחזקה הפסיבית ברכב.

4. נסיבות הליבה  
   בתיק 1 – שני כלי נשק מסוג תת־מקלע מאולתר, ללא נסיבות נלוות של שימוש, סחר, שוד, שיבוש או הפרת אמון תעסוקתית.  
   בתיק 2 – נשק אחד אך תקני (אקדח 9 מ""מ), שנמסר מתוקף תפקיד, נמכר לעבריין סמים לשם מימון סמים, תוך ניצול תפקיד כמאבטחת, התמכרות לסם כנסיבה מסבירה, ושילוב עבירות שיבוש חמורות – סט נסיבתי שונה מאוד, עם רכיבים מחמירים ייחודיים.

5. ישימות כתקדים  
   שני התיקים נמצאים באותו תחום כללי – עבירות נשק – ולכן ייתכן שימוש השוואתי כללי ברמת הענישה על סוגי נשק/כמויות.  
   עם זאת, בשל ההבדל המהותי בין אחזקה ""טהורה"" (תיק 1) לבין סחר פעיל בנשק תוך ניצול תפקיד ושיבוש הליכים (תיק 2), סביר שבית משפט יראה בתיק 2 מדרג חומרה אחר, ולא יחשב את תיק 1 כתקדים ענישתי מרכזי עבורו (ולהיפך).

SIMILARITY_SCORE: 25","ok",""
"ME-16-05-25902-514","ME-16-11-56385-886",3,1,1,"הנאשם הודה במסגרת הסדר טיעון בעובדות כתב אישום מתוקן והורשע על סמך הודאתו בעבירות של נשיאת נשק, עבירה לפי סעיף 144(ב) רישא וסיפא לחוק העונשין, התשל""ז-1977 ובעבירה של החזקת נשק, עבירה לפי סעיף 144(א) רישא וסיפא לחוק.

על פי עובדות כתב האישום המתוקן, ביום 31.12.13 נגנב אקדח מסוג ברטה מספר סידורי 682663 (להלן: ""האקדח"") מביתו של דינו תמאם.

במהלך חודש פברואר 2016 , במועד מדויק שאינו יודע למאשימה, רכש הנאשם את האקדח והחזיק בו במקלט ביתו בקלנסוואה וכן החזיק מחסנית ובה 7 כדורים.

למן חודש פברואר 2016 ועד ליום 8.5.16, בימים בהם יצא הנאשם לעבודתו בשעת בוקר מוקדמת, נהג הנאשם לשאת עמו את האקדח ואת המחסנית לעבודתו.

ביום 8.5.16 , בסמוך לשעה 06:00 , נשא הנאשם את האקדח ובתוכו המחסנית על גופו מתחת לבגדיו.","הנאשם הורשע על יסוד הודאתו בעבירה של החזקת נשק שלא כדין, לפי סעיף 144(א) רישא לחוק העונשין תשל""ז-1977.

על-פי האמור בכתב האישום, ביום 14.10.07 נגנב אקדח מסוג ""יריחו"" מבעליו, וביום 18.11.16 החזיק הנאשם באקדח הגנוב, בכיס מעילו, כשהוא דרוך, טעון ומוכן לירי.",70.0,"1. סוג העבירה וחומרתה  
בשני התיקים מדובר בעבירות לפי סעיף 144 לחוק העונשין, ביחס לאקדח גנוב, ללא שימוש בפועל בנשק וללא עבירות נלוות (ירי, איומים וכו'). בתיק 1 העבירות חמורות יותר נורמטיבית – נשיאת נשק בציבור + החזקת תחמושת ולתקופה ממושכת; בתיק 2 ""רק"" החזקת נשק, אך כשהוא דרוך וטעון – נסיבה מחמירה. בסך הכול מדובר באותה משפחת עבירות וברמת חומרה די קרובה.  

2. תפקיד הנאשם ומעורבותו  
בשני המקרים הנאשם הוא חוליית ""הקצה"" – מחזיק/נושא נשק גנוב, לא גונב, לא סוחר ולא מפיץ. בתיק 1 יש יוזמה רכישתית ומעורבות מתמשכת – רכישה יזומה, החזקה בבית ונשיאה לעבודה לאורך חודשים; בתיק 2 מתוארת החזקה נקודתית בזמן תפיסה, ללא תיאור פרק זמן ממושך. מבחינת טיפוס העבריין ותפקידו, הדמיון גדול, אך רמת ההתמדה בתיק 1 גבוהה יותר.  

3. שיטת הביצוע (MO)  
בשני התיקים מדובר באקדח גנוב שמגיע לידי הנאשם לאחר זמן מה, ומוחזק צמוד לגוף (בכיס מעיל / מתחת לבגדים) במרחב הציבורי. בתיק 1 יש גם אחסון במקלט ביתו ונשיאה יומיומית לעבודה; בתיק 2 אין תיאור של אחסון אלא רק החזקה באירוע ספציפי כשהאקדח דרוך. דפוס הפעולה – החזקת נשק גנוב, נסתר, על הגוף – דומה מהותית.  

4. נסיבות הליבה  
בשני התיקים מדובר באקדח יחיד, ללא שימוש בו, ללא אירוע אלים קונקרטי וללא אינדיקציה למטרה פלילית ספציפית. בתיק 1 יש החזקה ממושכת (כשלושה חודשים+) ונשיאה חוזרת לעבודה עם תחמושת (7 כדורים) – מצביע על מסוכנות נמשכת; בתיק 2 האקדח דרוך, טעון ומוכן לירי – מגביר את המסוכנות המידית של האירוע. לשני הצדדים יש נסיבות מחמירות שונות, אך רמת המסוכנות הבסיסית דומה.  

5. ישימות כתקדים  
בית משפט יראה בשני התיקים נקודת השוואה עניינית לעבירות של החזקת/נשיאת אקדח גנוב על הגוף, ללא שימוש, לצורך קביעת מתחם ענישה. עם זאת, יהיה צורך להבחין: בתיק 1 – להדגיש את משך הזמן, הנשיאה היומיומית והתחמושת; בתיק 2 – את הדריכות והטעינה של האקדח ואת האירוע הנקודתי. לפיכך, התיקים רלוונטיים זה לזה כתקדימי ענישה, אך אינם ""אחים תאומים"" עובדתית.  

SIMILARITY_SCORE: 70","ok",""
"ME-18-06-36728-73","ME-16-09-398-589",3,1,1,"הנאשם הורשע, על פי הודייתו, בעבירות של פציעה, לפי סעיף 334 לחוק העונשין, התשל""ז-1977 (להלן: החוק) ונשיאת נשק, לפי סעיפים 144(ב) רישא וסיפא לחוק, וזאת בהקשר לאירוע ירי  שהתרחש בכפר קרע ביום 24.5.18.

בתקופה הרלוונטית עבד פלוני (להלן: המתלונן) בפנצ'רייה של משפחת עסלי בכפר קרע (להלן: העסק). ביום 24.5.18 בסמוך לשעה 13:45, התפתחה בקרבת העסק קטטה בין המתלונן לבין נוספים שזהותם אינה ידועה למאשימה, על רקע ויכוח בכביש בין המתלונן שנסע ברכבו לבין הנוספים שנסעו ברכב אחר (להלן: הקטטה). בהמשך, בסמוך לשעה 14:00 ועל רקע הקטטה, הגיע הנאשם יחד עם אחרים שזהותם אינם ידועה לעסק, כשהנאשם נושא על גופו אקדח שהוסתר תחת חולצתו. הנאשם ניגש למוסטפא עסלי - בעל העסק, על מנת לברר אם המתלונן נמצא במקום ומוסטפא השיב בשלילה. הנאשם המתין למתלונן וכעבור מספר דקות הגיע האחרון לעסק ברכבו יחד עם אחר. משהבחין במתלונן יוצא מרכבו באזור החניה הסמוכה לעסק, ניגש אליו הנאשם יחד עם אחרים שנכחו במקום, התקרב אליו באופן מאיים ואמר לו ""איך אתה עושה דבר כזה"" ו""איך אתה נותן לבן אדם ככה מכות"". בהמשך, ובעודו עומד במרחק קצר מאוד מהמתלונן, שלף הנאשם את האקדח וירה בו כדור אחד בירך רגלו הימנית. כתוצאה מכך, נגרם למתלונן פצע ירי בירך ימין והוא אושפז עד ליום 31.5.18.

בגין מעשיו לעיל, הורשע הנאשם, כאמור, בפציעה, לפי סעיף 334 לחוק ובנשיאת נשק, לפי סעיף 144(ב) רישא וסיפא לחוק.","הנאשם הורשע על פי הודאתו בכתב אישום מתוקן במסגרת הסדר טיעון, בתום שמיעת ראיות ובפתח סיכומי המאשימה, לאחר הליך גישור שהתנהל לפני כב' השופט בני שגיא, בעבירות אלו: חבלה חמורה בנסיבות מחמירות, עבירה לפי סעיף 333 + 335(א)(2+1) לחוק העונשין, התשל""ז-1977 (להלן: ""החוק""); נשיאת נשק שלא כדין, עבירה לפי סעיף 144(ב) רישא לחוק.

סמוך לאוגוסט 2016 התגלע סכסוך בין הנאשם ובין בני חבורה, שכללה את וויליאם קניסופה (להלן: ""וויליאם"" או ""המתלונן""), אליאס וייסי ותמיר נגוסה.

בלילה שבין 10.8.16 ל-11.8.16 ישבה החבורה בגינה ציבורית הסמוכה לרחוב אנה פרנק ולרחוב ניסים בכר בבת-ים (להלן: ""הגינה"").

מעט לאחר חצות הגיעו הנאשם ואחר שזהותו אינה ידועה למאשימה לגינה. הנאשם והאחר רצו לעבר בני החבורה, הפתיעו אותם, ומי מהם אחז אקדח בידו, וממרחק של 10 מטר ירה באמצעות האקדח כדור אחד לעבר בני החבורה.

הקליע חדר לשוֹק רגלו הימנית של וויליאם וגרם לפצעי כניסה ויציאה, והוא טופל בבית חולים.

במעשיו המתוארים נשא הנאשם יחד עם האחר נשק שלא כדין וגרם לוויליאם חבלה חמורה ברגלו.",65.0,"1. סוג העבירה וחומרתה  
בשני התיקים מדובר בעבירות אלימות חמורה בירי מנשק חם בצירוף עבירת נשיאת נשק שלא כדין – זהו אותו ""משפחה"" של עבירות (אלימות חמושה בירי). עם זאת, בתיק 1 מדובר ב""פציעה"" לפי סעיף 334, בעוד שבתיק 2 מדובר ב""חבלה חמורה בנסיבות מחמירות"" לפי סעיפים 333+335(א)(1+2) – מדרגת חומרה גבוהה יותר, המגלמת מסוכנות ועונשיות גדולות יותר.  

2. תפקיד הנאשם ומעורבותו  
בשני התיקים הנאשם הוא הגורם היוזם, שמגיע למקום מצויד מראש בנשק כדי לסגור חשבון על רקע סכסוך קודם, ונמצא בליבת האירוע ולא כ""שליח"" או מחזיק פסיבי. בתיק 2 קיים מרכיב של פעולה מתואמת עם אחר וירי לעבר קבוצת אנשים, המעצים את מסוכנות ההתנהגות, אך עדיין תפקיד הנאשם דומה – תוקף מרכזי חמוש.  

3. שיטת הביצוע (MO)  
בשניהם: נשיאת אקדח שלא כדין, הגעה מודעת לזירה בעקבות סכסוך, ירי בודד לגפה תחתונה (רגל) של המתלונן, ולא ""ריסוס"" או ירי ממושך. בתיק 1 מדובר בעימות קרוב ""פנים אל פנים"" עם אמירות מאיימות וירי מטווח קצר מאוד, בעוד שבתיק 2 יש הגעה לילית לגינה ציבורית, הפתעה, ריצה לעבר החבורה וירי מטווח כ-10 מטר לעבר קבוצה – דפוס התקפי יותר, אך ה־MO הכללי (ירי נקודתי מרגליים על רקע סכסוך) דומה למדי.  

4. נסיבות הליבה  
בתיק 1 הרקע הוא קטטה ספונטנית בכביש, האירוע מתרחש בשעות היום, במקום עבודה, עם פגיעה באדם אחד ואשפוז של מספר ימים, ללא סעיף ""נסיבות מחמירות"" אלא פציעה בלבד. בתיק 2 יש סכסוך מוקדם, הגעה לילית למרחב ציבורי פתוח, ירי לעבר מספר אנשים, שיוך לעבירת חבלה חמורה *בנסיבות מחמירות* (ירי בנשק חם, בצוותא, לעבר חבורה) – נסיבות ליבה מחמירות יותר מבחינת מסוכנות ציבורית ועונשיות.  

5. ישימות כתקדים  
בית משפט בהחלט עשוי לראות בשני התיקים כרלוונטיים זה לזה לצורכי ענישה, שכן בשניהם מדובר בירי מכוון ברגל על רקע סכסוך, עם נשיאת נשק שלא כדין ויוזמה תקפית של הנאשם. יחד עם זאת, בתיק 2 סעיפי האישום והנסיבות משקפים רמת חומרה גבוהה יותר (חבלה חמורה + נסיבות מחמירות, ירי לעבר חבורה), ולכן השימוש בו כתקדים לתיק 1 יהיה בהסתייגות, כ""רף עליון"" ולא כמצב זהה.  

SIMILARITY_SCORE: 65","ok",""
"SH-17-10-10556-234","ME-16-11-13999-863",1,0,0,"הנאשם שלפני הורשע, על פי הודאתו במסגרת הסדר טיעון, בעבירות של החזקת נשק, על פי סעיף 144(א) רישא לחוק העונשין תשל""ז – 1977, והחזקת אביזר נשק לתחמושת, לפי סעיף 144(א) סיפא לחוק האמור.

עובר ליום 28/08/2017 החזיק הנאשם באקדח ובתוכו מחסנית ובה 10 קליעים בקוטר 8 מ""מ. האקדח היה בבעלותו של אחר והוחזק על ידי הנאשם בתוך שקית בחצר הסמוכה לביתו. עוד במועד האמור החזיק הנאשם באקדח ובתוכו מחסנית לא טעונה. הנאשם החזיק את האקדח בתוך כפפה מתחת למזרון בתוך ערימת זבל, במרחק של כ-100 מטרים מביתו.","הנאשם הורשע על פי הודאתו בעבירות בנשק (החזקה, נשיאה והובלה) לפי סעיפים 144(א) רישא וסיפא + 144(ב) רישא וסיפא לחוק העונשין, התשל""ז – 1977 (להלן: ""חוק העונשין"").

בהתאם לעובדות כתב האישום המתוקן אשר הוגש במסגרת הסדר טיעון, ביום 26.10.16 סמוך לשעה 20.00 נסע הנאשם מסכנין לאזור הישוב ראמה, ברכב מאזדה, בו נהג חברו זבידאת סלאמה (להלן: ""סלאמה""). הנאשם ישב ברכב ליד סלאמה, כשהוא מחזיק, נושא ומוביל, בלא רשות על פי דין, אקדח חצי אוטומטי מסוג ""STAR"", קליבר 9 מ""מ פאראבלום (להלן: ""האקדח""), ובתוכו מחסנית עם כדורים לאקדח וכן החזיק, נשא והוביל מחסנית נוספת עם כדורים לאקדח (להלן: ""המחסניות והכדורים""). בהמשך, התקרבו הנאשם וסלאמה עם הרכב למחסום משטרתי שהוצב בסמוך לצומת ראמה. בהבחינם בשוטר שעמד ליד המחסום ואותת להם לעצור את הרכב, פנו הנאשם וסלאמה עם הרכב לתוך תחנת דלק סמוכה והמשיכו בנסיעה לכיוון היציאה מתחנת הדלק. בהמשך נעצרו הנאשם וסלאמה על ידי השוטרים. במעשיו המתוארים לעיל, הנאשם החזיק, נשא והוביל נשק, תחמושת ואביזרים לנשק, בלא רשות על פי דין להחזקתם, לנשיאתם ולהובלתם.",65.0,"1. סוג העבירה וחומרתה  
בשני התיקים מדובר בעבירות נשק ""קלאסיות"" – החזקת אקדח, תחמושת ואביזרים, לפי סעיף 144(א). בתיק 2 נוספות עבירות נשיאה והובלה לפי סעיף 144(ב), וכן נסיבות של נשיאה במרחב ציבורי ותגובה לחשש מאכיפה (מחסום משטרתי), ולכן רמת החומרה הכוללת בתיק 2 גבוהה יותר, אך בסיס העבירה דומה.

2. תפקיד הנאשם ומעורבותו  
בשני התיקים הנאשם הוא המחזיק הישיר והעיקרי של האקדח והתחמושת, ולא שליח שולי או דמות שולית בעסקה רחבה. בתיק 1 הנאשם מחזיק ומסתיר (עבור אחר) בשטח ביתו וסביבתו; בתיק 2 הוא המחזיק והנושא ברכב, כשחברו רק נוהג – התפקיד המהותי קשור במישרין בשליטה באקדח בשני המקרים.

3. שיטת הביצוע (MO)  
בתיק 1 מדובר בהסתרה סטטית של נשק בשטח הבית וסביבתו, בשני מקומות מסתור קבועים. בתיק 2 מדובר בהובלת אקדח טעון ומחסנית נוספת ברכב, במרחב ציבורי, עד כדי מפגש עם מחסום משטרתי וניסיון לשנות נתיב – MO של ""תנועה"" והובלה ולא ""הטמנה"". קיים דמיון בסיסי בעצם ההחזקה בנשק חם, אך דפוס השימוש (הטמנה לעומת הובלה) שונה.

4. נסיבות הליבה  
בשני המקרים מדובר באקדח חצי־אוטומטי עם מחסניות וכדורים, ללא שימוש בפועל או ירי. בתיק 1 יש דווקא החמרה בכמות/איכות הנשק (שני אקדחים, אחד טעון, הסתרה מתוחכמת בשני מוקדים), ואילו בתיק 2 חומרת המסוכנות נובעת מהנשיאה במרחב הציבורי, מחסנית טעונה בזמן נסיעה, וניסיון עקיף להימנע ממפגש חזיתי עם המחסום. בשני התיקים אין תיאור של שימוש פלילי קונקרטי (שוד/סכסוך), אלא החזקה/הובלה ""יבשה"".

5. ישימות כתקדים  
בית משפט יראה בשני התיקים פסיקה מאותו ""משפחת מקרים"" של החזקת אקדח ותחמושת ללא שימוש, ולכן פסק דין אחד יכול לשמש כנקודת ייחוס ענישתית לשני, אך לא כתקדים חופף. יחד עם זאת, בתיק 2 יידרש להדגיש שהנשיאה וההובלה ברכב ובמרחב ציבורי מצדיקות לרוב ענישה מחמירה יותר, בעוד שבתיק 1 ניתן להדגיש את החומרה שבשני אקדחים והטמנתם. לפיכך, רלוונטיות כתקדים קיימת ברמה בינונית–גבוהה, אך עם התאמות מהותיות.

SIMILARITY_SCORE: 65","ok",""
"SH-17-10-10556-234","m08000207-175",1,0,0,"הנאשם שלפני הורשע, על פי הודאתו במסגרת הסדר טיעון, בעבירות של החזקת נשק, על פי סעיף 144(א) רישא לחוק העונשין תשל""ז – 1977, והחזקת אביזר נשק לתחמושת, לפי סעיף 144(א) סיפא לחוק האמור.

עובר ליום 28/08/2017 החזיק הנאשם באקדח ובתוכו מחסנית ובה 10 קליעים בקוטר 8 מ""מ. האקדח היה בבעלותו של אחר והוחזק על ידי הנאשם בתוך שקית בחצר הסמוכה לביתו. עוד במועד האמור החזיק הנאשם באקדח ובתוכו מחסנית לא טעונה. הנאשם החזיק את האקדח בתוך כפפה מתחת למזרון בתוך ערימת זבל, במרחק של כ-100 מטרים מביתו.","נגד הנאשם הוגש כתב אישום. בשלב מאוחר יותר, הוגש כתב אישום מתוקן, ובו הודה הנאשם, ולאור הודאתו הרשעתי אותו בעבירה (ראה הכרעת דין מיום ב אב תשס""ח (3.8.08)).

על פי כתב האישום המתוקן, נשא הנאשם ביום 12.7.08 בשעה 00:55 לערך, בעת שנהג ברכב, סמוך לצומת הערבה, אקדח בקוטר 0.9 מ""מ, כשבתוכו מחסנית ובה 15 כדורים, וכן מחסנית ובה כ-10 כדורים. בנוסף לכך, החזיק הנאשם באותו אירוע חשיש במשקל 1.36 גרם נטו, לשימוש עצמי.

הנאשם הורשע על פי הודאתו בשתי עבירות של נשיאת נשק, עבירה לפי סעיף 144(ב) לחוק העונשין, התשל""ז-1977, והחזקת סם לצריכה עצמית בלבד, עבירה לפי סעיף 7(א) + (ג) סיפא לפקודת הסמים המסוכנים, התשל""ג-1973 (ראה הכרעת דין מיום ב אב תשס""ח (3.8.08)).",60.0,"1. סוג העבירה וחומרתה  
בשני התיקים מדובר בעבירות נשק לפי סעיף 144 לחוק העונשין, ובשניהם מדובר באקדח ומחסניות עם תחמושת. עם זאת, תיק 1 עוסק ב""החזקת נשק"" לפי סעיף 144(א) (חומרה נמוכה יותר), ותיק 2 ב""נשיאת נשק"" לפי סעיף 144(ב) (עבירה מחמירה יותר), בנוסף לעבירת סמים נפרדת – כך שאין זהות ברמת החומרה, אך כן קיימת קרבה נורמטיבית.

2. תפקיד הנאשם ומעורבותו  
בשני המקרים הנאשם הוא ""מחזיק/נושא"" נשק, לא סוחר ולא יוזם עסקת נשק, אלא בעל שליטה פיזית בכלי הנשק. בתיק 1 ההחזקה היא סטטית, בחצר ובמקום מסתור, באקדח השייך לאחר; בתיק 2 הנשיאה היא דינמית ברכב, אך גם כאן התפקיד הוא מחזיק/נושא ולא חלק משרשרת הפצה – רמת המעורבות דומה יחסית.

3. שיטת הביצוע (MO)  
בתיק 1 הנאשם מסתיר את האקדחים והמחסניות בסמיכות לביתו, במקומות מסתור (שקית בחצר, כפפה מתחת למזרון בערימת זבל) – דפוס של ""מחסן"" מקומי. בתיק 2 הנשק נמצא על הנאשם במהלך נסיעה ברכב, בלילה, עם מחסנית טעונה ומחסנית נוספת – דפוס של נשיאה ניידת; שתי השיטות משקפות החזקה בלתי חוקית של אקדח טעון, אך ההקשר (אחסון קבוע מול נשיאה בדרכים) שונה.

4. נסיבות הליבה  
בשני התיקים מדובר באקדח אמיתי, עם מחסניות וכמות תחמושת לא מבוטלת (10 כדורים בתיק 1, כ-25 בתיק 2), ללא שימוש בפועל וללא אירוע אלים נלווה. בתיק 1 יש שני אקדחים המוסתרים, מה שמחמיר בכמות ובאופי האחסון; בתיק 2 קיימת נשיאה ברכב בשעת לילה יחד עם סם לשימוש עצמי – עובדה שיכולה להיחשב נסיבה מחמירה מסוימת (שילוב נשק וסם) אך בהיקף סם זעיר ולא סחר.

5. ישימות כתקדים  
בתי משפט נוטים להסתמך על פסיקה כללית בסעיף 144 גם בין החזקה לנשיאה, כך שתיק 2 יכול לשמש נקודת ייחוס מסוימת לענישה בתיק 1 (ולהפך), אך תמיד תוך הסתייגות מפער החומרה המובנה בין 144(א) ל‑144(ב) והנסיבות השונות (אחסון לעומת נשיאה בפועל). לכן הדמיון מצדיק שימוש כתקדים רלוונטי אך מוגבל, ולא כאנלוגיה כמעט מלאה.

SIMILARITY_SCORE: 60","ok",""
"SH-18-06-11098-353","ME-16-03-54615-517",1,0,0,"הנאשם שלפני נותן את הדין בגין עבירה של אחזקת נשק ותחמושת שלא כדין, בניגוד לסעיף 144(א) רישא וסיפא לחוק העונשין, תשל""ז-1977.

בהתאם לעובדות כתב האישום, בהם הודה הנאשם כפי שהן – נתפס, בתאריך 23/05/18, מחזיק רובה סער מסוג ""גליל"", שמספרו הסידורי נמחק; וכן מחסניות ותחמושת - שלא כדין.","הנאשם הורשע על פי הודאתו, במסגרת הסדר טיעון בכתב אישום מתוקן, לאחר שחזר בו מכפירתו, בעבירת סחר בנשק לפי סעיף 144(ב2) לחוק העונשין התשל""ז-1977 (להלן חוק העונשין).

על פי עובדות כתב האישום המתוקן, במועד שאינו ידוע במדויק למאשימה במהלך חודש פברואר 2016, פנה אל הנאשם מחמד עליאן (להלן מחמד) וביקש שיבדוק אם באפשרותו להשיג עבורו תת- מקלע מסוג ""קרלו"". כעבור שלושה ימים נפגש הנאשם עם מחמד, סמוך לביתו של מחמד, והנאשם מסר למחמד כי מצא עבורו נשק. באותו יום שילם מחמד לנאשם סך של 3,000 ₪ לצורך רכישת הנשק. כשבוע לאחר מכן מסר הנאשם תת- מקלע מסוג ""קרלו"" למחמד (להלן תת המקלע הראשון). כשבוע לאחר מכן ניסה מחמד לירות באמצעות תת המקלע באוויר אך הנשק לא ירה.

כשבוע לאחר מכן נפגש מחמד עם הנאשם וסיפר לו שתת-המקלע הראשון אינו תקין. לבקשת הנאשם, מסר לו מחמד את תת המקלע. זמן מה לאחר מכן נפגש שוב מחמד עם הנאשם והנאשם מסר לו תת- מקלע אחר מסוג ""קרלו"" (להלן תת המקלע השני). מחמד ניסה לירות גם בתת המקלע השני אך הנשק לא ירה. מחמד פנה שוב אל הנאשם, אך הנאשם אמר לו שאין באפשרותו להחליף שוב את הנשק.",30.0,"1. סוג העבירה וחומרתה  
   בתיק 1 מדובר בעבירת אחזקת נשק ותחמושת לפי סעיף 144(א) – עבירת ""החזקה"".  
   בתיק 2 מדובר בסחר בנשק לפי סעיף 144(ב2) – עבירה מחמירה יותר, עם יסוד מסחרי וענישה גבוהה יותר. אין זה אותו סוג עבירה, ורמת החומרה בתיק 2 גבוהה באופן מובהק.

2. תפקיד הנאשם ומעורבותו  
   בתיק 1 הנאשם הוא מחזיק בנשק – אין תיאור של פעילות מסחרית, תיווך או העברה לאחר; מעמדו ""קצה שרשרת"" או מחזיק ביניים לא מפורט.  
   בתיק 2 הנאשם פועל כסוחר/מתווך: מאתר נשק לפי הזמנה, מקבל תשלום, מוסר נשק, ואף מחליף נשק פגום – מעורבות יוזמת, פעילה ומסחרית.

3. שיטת הביצוע (MO)  
   בתיק 1 אין תיאור של שיטה מורכבת – רק החזקה ברובה סער גליל שמספרו הסידורי הוסר, עם מחסניות ותחמושת.  
   בתיק 2 קיימת דפוס פעולה עסקי: פנייה מצד לקוח, מציאת נשק, קבלת מקדמה, מסירה, טיפול בתלונת ""אחריות"" והחלפת הנשק – שיטה המאפיינת שוק שחור מאורגן יותר, ולא רק החזקה פאסיבית.

4. נסיבות הליבה  
   בשני התיקים מדובר בנשק חם קטלני (רובה סער גליל לעומת תת־מקלע ""קרלו""), כאשר בתיק 1 קיימת מחמירה מסוימת של מחיקת מספר סידורי והחזקה בתחמושת.  
   בתיק 2 קיימות נסיבות מחמירות אחרות: יסוד מסחרי מובהק, שתי עסקאות (או עסקה עם החלפה), תכנון ומתן מענה לדרישה ספציפית לנשק – גם אם הנשקים לא ירו בפועל, הסיכון הנורמטיבי גבוה.

5. ישימות כתקדים  
   שניהם עוסקים באותו פרק חוק ובסוג מסוכן דומה (נשק חם בלתי חוקי), כך שבית משפט עשוי להסתמך על עקרונות כלליים משני הסוגים (הדגשת מסוכנות נשק בלתי חוקי, חשיבות ההרתעה).  
   עם זאת, בשל ההבדל המהותי בין החזקה לסחר, ת""פ של סחר לא ישמש בדרך כלל תקדים מרכזי לגזירת דין בעבירת החזקה בלבד (ולהפך), אלא לכל היותר כנקודת ייחוס רחוקה.  

SIMILARITY_SCORE: 30","ok",""
"ME-17-05-633-549","ME-19-04-1316-977",3,1,1,"הנאשם הודה לאחר ניהול חלק מהליך ההוכחות בכתב אישום מתוקן באישומים הבאים: אישום ראשון- סחר בנשק לפי סעיפים 144(ב2)+(ג) לחוק העונשין+ עבירות בנשק (רכישה) לפי סעיף 144(א) רישא וסיפא לחוק; אישום שני- עבירות בנשק (החזקה) לפי סעיף 144(א) סיפא לחוק; ואישום שלישי- סחר בנשק לפי סעיפים 144(ב2)+ (ג) לחוק.

כאמור בכתב האישום המתוקן, במסגרת האישום הראשון תואר שבסביבות שנת 2013 הגיע הנאשם לביתו של רביע חוסיין ביחד עם אדם נוסף בשם נצרי ח'ליפה ורכש מרביע תת מקלע מאולתר מסוג קרלו (קרלו-גוסטב). הנאשם סיכם שישלם לרביע במועד נדחה 7,000 ₪ בתמורה. בהמשך נתגלה ויכוח ביניהם לגבי טיב הקרלו, וסוכם שהנאשם ימסור לרביע אקדח תמורתו. בהתאם לאמור מסר הנאשם לרביע אקדח חצי אוטומטי מסוג סירקיס עם מנגנון הדק חסר ומנגנון הדק מאולתר שהיה מופרד מהאקדח. פורט כי האקדח מסוגל לירות כדור או קלע שבכוחם להמית אדם. על פי האישום השני, בשנת 2013 או בסמוך לכך החזיק הנאשם בשתי מחסניות תואמות לאקדח ובמאות כדורים התואמים למחסניות ולאקדח. על פי האישום השלישי, במהלך שנת 2015 הציע הנאשם למכור לרביע אקדח מסוג חלוואני ושתי מחסניות ריקות התואמות לאקדח תמורת 14,000 ₪. בהמשך הוא אכן מכר את הנשק והמחסניות לרביע.","הנאשם הורשע, על פי הודאתו במסגרת הסדר טיעון, בעבירות של ניסיון לסחר בנשק, לפי סעיף 144(ב2) בצירוף סעיף 25 לחוק העונשין תשל""ז-1977 (להלן: ""החוק""); ובעבירה של סחר בנשק, לפי סעיף 144(ב2) לחוק.

על פי עובדות כתב האישום המתוקן בהסדר, ביצע הנאשם עסקה בה מכר נשק, ועסקה של ניסיון למכירת נשק, מול לוחם מספר 188 המכונה ""עלי"", שהנו שוטר אשר במועדים הרלוונטיים לכתב האישום שימש כ""סוכן"" מטעם משטרת ישראל.

ביום 10.2.2019 שוחחו הנאשם והסוכן על עסקה למכירת נשק.

ביום 14.2.2019 התקשר הנאשם אל הסוכן והציע למכור לו נשק מסוג תת מקלע מאולתר המכונה ""קרלו"". הסוכן אמר לנאשם כי הוא מעוניין באקדח, אך בשיחה נוספת באותו יום, נעתר הסוכן להצעת הנאשם, והשניים סיכמו להיפגש בשבוע הבא לצורך רכישת הקרלו. הסוכן ביקש מהנאשם ""לדאוג לו"" למחיר עבור הקרלו, וכן הזכיר לנאשם בנוגע לרכישת אקדח.

ביום 17.2.2019 התקשר הסוכן לנאשם. במהלך השיחה שאל הנאשם את הסוכן מתי יגיע אליו לשם רכישת הקרלו, והסוכן השיב לו כי יגיע אליו למחרת בערב. במהלך שיחות נוספות באותו יום, הודיע הנאשם לסוכן כי עלות הקרלו, בתוספת 1,100 כדורים מסוג M16, הינה 17,000 ₪ (להלן: ""העסקה"").

ביום 18.2.2019, בהמשך לשיחות התיאום, נסע הסוכן למקום אליו כיוון אותו הנאשם בא-ראם. כאשר הגיעו למקום, התקרב הנאשם לרכב בו נסע הסוכן, כשבאמתחתו ארגז מלא בתחמושת מסוג M16 (להלן: ""הארגז""). הנאשם ניגש לסוכן, הניח את הארגז על רצפת הרכב בו ישב הסוכן, בצמוד לרגליו של הסוכן אשר בדק את תכולתו. בשלב זה הודיע הנאשם לסוכן כי ישנו עיכוב בהבאת הקרלו, והנשק יובא בתוך מספר דקות. בתגובה החזיר הסוכן לנאשם את הארגז, ואמר לו כי כשיגיע הקרלו, יחזור לקחת אותו יחד עם הארגז. הסוכן ביקש לעדכן אותו מתי להגיע ואמר כי הוא יהיה בקרבת מקום.

בהמשך למתואר, שוחח הנאשם עם אחר, שזהותו אינה ידועה למאשימה (להלן: ""האחר""), במטרה לברר היכן הנשק שבכוונתו למכור לסוכן ובניסיון לזרז את הגעתו למקום. האחר הודיע לנאשם כי הוא מתעכב וכי הנשק שניסה הנאשם למכור לסוכן ""מקולקל"". הנאשם ביקש מהאחר להביא לו את הנשק ""המקולקל"" בכל זאת.

בהמשך למתואר, בשעה 19:21, התקשר הנאשם לסוכן והודיע לו כי עליו לדחות את ביצוע העסקה בכל הנוגע לנשק. הנאשם אמר לסוכן כי הקרלו שהתכוון למכור לו ""מקולקל"" וביקש ממנו לחזור להשלים את רכישת ארגז התחמושת, אך הסוכן סירב לרכוש את הארגז ללא הקרלו.

במהלך הימים 26.2.2019 עד 3.3.2019 ובסמוך לכך, שוחחו הנאשם והסוכן במספר הזדמנויות במטרה לקדם עסקה בנשק.

מספר ימים עובר לתאריך 18.3.2019, שוחחו הנאשם והסוכן על אפשרות רכישת אקדח ונשק מסוג ""קרלו"".

בשיחה ביום 3.3.2019 הודיע הנאשם לסוכן כי השיג עבורו אקדח והסוכן סיכם עם הנאשם שיהיה איתו בקשר. בשיחה ביום 13.3.2019 מסר הנאשם לסוכן כי עלות האקדח הינה 18,000 ₪, והסוכן אמר לו כי ישקול את ההצעה.

ביום 17.3.2019 הודיע הנאשם לסוכן כי האקדח עליו שוחחו כבר נמכר, והציע למכור לסוכן נשק מסוג קרלו וכדורים תואמים תמורת 18,000 ₪. במהלך השיחה תיאמו השניים להיפגש למחרת לשם ביצוע העיסקה, והנאשם הבטיח לסוכן להשיג עבורו בהמשך אקדח, באומרו כי עד לחודש הרמדאן הסוכן ""יצא עם אחד שלא היה לאף אחד לפניו"".

למחרת, ביום 18.3.2019, לאחר שיחות תיאום בין השניים, נסע הסוכן למקום אליו כיוון אותו הנאשם בא-ראם. בהגיעו למקום, התקרב הנאשם לרכב בו נסע הסוכן והניח על רצפת הרכב, בין רגליו של הסוכן, שקית ובה נשק מסוג קרלו שבכוחו להמית אדם, וכן מחסנית תואמת. הסוכן בדק את תקינות הנשק. בהמשך מסר הנאשם לסוכן שקית נוספת שבתוכה 900 כדורי 5.56 מ""מ, כל זאת תמורת 19,000 ₪ במזומן, אשר העביר הסוכן לידי הנאשם.

בסיום הפגישה שאל הנאשם את הסוכן אם הוא מעוניין לרכוש נשק נוסף. הסוכן השיב כי הוא מעוניין לרכוש אקדח, והנאשם אמר לו כי בפעם הבאה ""יסדר"" עבורו אקדח ותחמושת תואמת.",80.0,"1. **סוג העבירה וחומרתה**  
בשני התיקים מדובר בעבירות סחר בנשק לפי סעיף 144(ב2) לחוק, בצירוף עבירות נלוות של החזקה/רכישה לפי סעיף 144(א), כך שהמסגרת הנורמטיבית ורמת החומרה הבסיסית זהות. בתיק 1 יש ריבוי אישומים (שני אירועי סחר + רכישה + החזקה), בתיק 2 – סחר וניסיון לסחר, עם כמויות גדולות מאוד של תחמושת; שני התיקים נמצאים באותה מדרגת חומרה של ""סוחר נשק"" ולא רק מחזיק מזדמן.

2. **תפקיד הנאשם ומעורבותו**  
בשני התיקים הנאשם הוא הגורם המרכזי בעסקאות – יוזם, מנהל מו""מ, מביא את הנשק/התחמושת למפגש ומוסר אותו לצד השני. בתיק 2 יש אלמנט מתווך מול ""האחר"", המצביע על תפקיד כבורר/מתווך בעסקאות נשק, אך עדיין מדובר ברמת מעורבות דומה לנאשם בתיק 1, שהוא סוחר עצמאי המבצע עסקאות ישירות.

3. **שיטת הביצוע (MO)**  
בשני התיקים דפוס העבודה כולל תיאום טלפוני, סיכום סוג הנשק והמחיר מראש, מפגש פיזי שבו הנאשם מגיע לרכב הקונה ומניח בו את הנשק/התחמושת. בתיק 2 יש אלמנט של סוכן משטרתי ועסקאות מבוקרות, וכן אירוע של נשק ""מקולקל"", אך ליבת שיטת הסחר (מכירה פרטית, מפגש יזום, מסירה ישירה) דומה מאוד לזו שבתיק 1.

4. **נסיבות הליבה**  
בשני התיקים נמכרים/מוצעים למכירה כלי ירייה תקינים מסוג קרלו ואקדחים, בליווי תחמושת רבה, ללא שימוש בנשק, אלימות נלווית או הקשר טרוריסטי/ארגוני. בתיק 1 יש פיזור על פני שנים (2013–2015), ריבוי אירועים והחזקת מאות כדורים; בתיק 2 יש העסקה אחת מושלמת ואחת שנכשלה, אך עם כמויות גדולות במיוחד של תחמושת 5.56 ומו""מ חוזר ונשנה – בשקלול כולל, שני המקרים ממקמים את הנאשמים ברמת מסוכנות ומקצועיות דומה.

5. **ישימות כתקדים**  
מבחינת בית משפט הדן בענישה, שני התיקים יסווגו כפסיקה רלוונטית זה לזה ביחס לענישה על ""סוחר נשק"" המבצע עסקאות לא בודדות, עם כלי ירייה תקניים ותחמושת מרובה. יהיו התאמות הנובעות מכמות התחמושת, מספר האירועים והעובדה שבתיק 2 מדובר בעסקאות עם סוכן משטרתי, אך בבסיס – מדובר במקרים דומים מהותית שיישקלו זה לצד זה כתקדימים ענייניים.

SIMILARITY_SCORE: 80","ok",""
"ME-16-04-12480-812","ME-13-10-28139-807",3,1,1,"הנאשם הורשע על פי הודאתו לאחר ניהול חלקי של ההליך במסגרת כתב אישום מתוקן בשלושה אישומים נפרדים בגין ביצוע עבירות של ניסיון חבלה חמורה בנסיבות מחמירות לפי סעיף 25 + 335 + 333 לחוק העונשין, התשל""ז-1977, עבירות בנשק (החזקה) לפי סעיף 144(א) רישא + סיפא לחוק (2  עבירות), עבירות בנשק (נשיאה והובלת נשק) לפי סעיף 144(ב) רישא + סיפא לחוק (2 עבירות) ואיומים לפי סעיף 192 לחוק (2 עבירות).

כעולה מעובדות כתב האישום המתוקן, הנאשם היה חייב למתלונן סך של 300 ₪ בגין עסקת רכב. במהלך מפגש אקראי בין הנאשם למתלונן בטירת הכרמל התפתח ביניהם ויכוח במהלכו דרש המתלונן מן הנאשם שישיב לו את החוב. על רקע זה, בחלוף פחות משעה וחצי הגיע הנאשם ברכב לאתר בניה בו עבד המתלונן כשהוא רעול פנים ומצוייד בנשק. הנאשם יצא מן הרכב כשבידיו הנשק וניגש לעבר עובד ששהה במקום, אותו עובד פנה לנאשם וביקש לדעת מה ברצונו ובתגובה הנאשם ירה כדור אחד באויר על מנת להפחידו. לאחר מכן פנה הנאשם לכיוון הרכב ובמהלך הליכתו ירה כדור נוסף לעבר אותו עובד בניסיון לחבול בו חבלה חמורה עם נשק חם.

על פי האישום השני, יומיים לאחר מכן, הגיע הנאשם לקרבת ביתו של המתלונן בשעת בוקר מוקדמת כשהוא נושא תת מקלע מאולתר ותחמושת. בשעה שהמתלונן ובני משפחתו שהו בבית, ירה הנאשם כ- 12 קליעים לעבר ביתו של המתלונן שפגעו בקירות החיצוניים של הבית והמרפסת.

מהאישום השלישי עולה כי לערך יום לאחר ביצוע הירי לעבר המתלונן, בעת שהנאשם עבד כשומר באתר בניה, הוא החזיק נשק נוסף, מחסנית ותחמושת בזחל של אחד מכלי העבודה באתר, וכן כ- 17 כדורים מתחת לתקרה אקוסטית במכולה שעמדה במקום.","הנאשם הורשע על פי הודאתו במסגרת הסדר טיעון, שלא כלל רכיב עונשי, בכתב אישום מתוקן, בביצוע עבירות בנשק לפי סעיף 144(א) רישא לחוק העונשין,תשל""ז-1977 (להלן: ""החוק"") וניסיון לחבלה חמורה בנסיבות מחמירות לפי סעיפים 333+335(א)(1) ו-25 לפי החוק.

מכתב האישום המתוקן עולה, כי המתלונן והנאשם הם שכנים בעיר רהט. בסמוך לבית המתלונן ישנו ספסל בטון. עובר לאירוע היו מחלוקות בין המתלונן ובני משפחתו לבין הנאשם וחבריו לגבי השימוש באותו ספסל. בעקבות המחלוקות, ובכדי למנוע מהנאשם וחבריו לשבת על הספסל, משח המתלונן את הספסל בשמן. מאוחר יותר באותו יום,  ישב המתלונן ברכבו, והמתין לפתיחת השער החשמלי של החנייה בביתו. במושב שלידו ישב בנו, כבן 18. באותה העת, ניגש הנאשם אל רכבו של המתלונן, כשהוא אוחז בידו אקדח מסוג שאינו ידוע למאשימה, נקש על חלון הנהג ואמר למתלונן :""אם תעשה את זה עוד פעם אני אראה לך"". המתלונן אמר לנאשם לחזור הביתה. הנאשם בתגובה התרחק מעט מהרכב וירה מספר יריות לעבר דלת הנהג, כאשר הוא מנסה לחבול ביושבי הרכב, ונמלט מהמקום. כתוצאה ממעשיו של הנאשם שלושה מהקליעים פגעו בדלת הנהג ברכב, וחלקם חדרו. המתלונן והקטין לא נפגעו.",70.0,"1. **סוג העבירה וחומרתה**  
בשני התיקים מדובר בעבירת ניסיון לחבלה חמורה בנסיבות מחמירות באמצעות נשק חם לצד עבירות נשק – זהה מבחינה נורמטיבית ב""ליבת"" הסיווג. עם זאת, תיק 1 כולל ריבוי אישומים, ירי לעבר בית מאוכלס ותת-מקלע מאולתר והחזקת נשק/תחמושת נוספים, כך שהחומרה הכוללת גבוהה משמעותית מתיק 2, שהוא אירוע יחיד.  

2. **תפקיד הנאשם ומעורבותו**  
בשני המקרים הנאשם הוא המבצע העיקרי, היוזם את האירוע, נושא הנשק ויורה בפועל – אין דמות ""מארגן"" מעליו או תפקיד של שליח בלבד. רמת המעורבות פעילה וישירה בשני התיקים, ללא גורם מתווך, כך שממד זה דומה מאוד.  

3. **שיטת הביצוע (MO)**  
בשני התיקים מדובר בסכסוך שכנות/עסקה אזרחית בעל רקע של מה בכך, שלאחריו הנאשם יוצא, מצטייד בנשק, חוזר לזירה של המתלונן (בית/חניה/אתר עבודה) ומבצע ירי מכוון לעבר המתלונן או סביבתו הקרובה. בשניהם יש איום מילולי בצמידות לשימוש בנשק, וירי מטווח קצר יחסית לעבר רכב/אדם (ובחלק מהאישומים בתיק 1 גם לעבר בית). עם זאת, בתיק 1 יש שימוש בכלי נשק שונים, הסוואה (רעלה), ירי נרחב לעבר בית מאוכלס והסתרת נשק באתר בניה – דפוס רחב ומסוכן יותר.  

4. **נסיבות הליבה**  
בשני התיקים הרקע לסכסוך טריוויאלי יחסית, יש אלמנט של חזרה למקום אחרי זמן להתארגנות (מלמד על תכנון ולא על התפרצות רגעית), ירי ממשי בכוונה לחבול, ולמרות זאת – בפועל אין נפגעים. בתיק 1 נסיבות מחמירות יותר: מספר אירועים נפרדים, ירי לעבר בית בו שוהים בני משפחה, שימוש בתת-מקלע מאולתר, כמות ירי גדולה והחזקת נשק/תחמושת נוספים במסתור. בתיק 2 מדובר באירוע יחיד, באקדח, לעבר רכב, ללא רכיב נוסף של החזקת ארסנל נשק או אירועי ירי חוזרים.  

5. **ישימות כתקדים**  
מבחינת סוג העבירה, דפוס השימוש בנשק ברקע של סכסוך שכנים/עסקה אזרחית, והעובדה שמדובר בניסיון לחבלה חמורה בירי ללא פגיעה בפועל – בתי המשפט יראו את שני התיקים כרלוונטיים זה לזה לצורכי גזירת הדין. עם זאת, תיק 1 משקף רמת חומרה גבוהה יותר (ריבוי אירועים, ירי לעבר בית, ארסנל נשק), ולכן ישמש יותר כ""רף עליון"" או נקודת השוואה מחמירה ביחס לתיק 2, ולא כתקדים זהה בעוצמתו.  

SIMILARITY_SCORE: 70","ok",""
"ME-17-05-633-549","ME-09-05-16192-355",1,0,0,"הנאשם הודה לאחר ניהול חלק מהליך ההוכחות בכתב אישום מתוקן באישומים הבאים: אישום ראשון- סחר בנשק לפי סעיפים 144(ב2)+(ג) לחוק העונשין+ עבירות בנשק (רכישה) לפי סעיף 144(א) רישא וסיפא לחוק; אישום שני- עבירות בנשק (החזקה) לפי סעיף 144(א) סיפא לחוק; ואישום שלישי- סחר בנשק לפי סעיפים 144(ב2)+ (ג) לחוק.

כאמור בכתב האישום המתוקן, במסגרת האישום הראשון תואר שבסביבות שנת 2013 הגיע הנאשם לביתו של רביע חוסיין ביחד עם אדם נוסף בשם נצרי ח'ליפה ורכש מרביע תת מקלע מאולתר מסוג קרלו (קרלו-גוסטב). הנאשם סיכם שישלם לרביע במועד נדחה 7,000 ₪ בתמורה. בהמשך נתגלה ויכוח ביניהם לגבי טיב הקרלו, וסוכם שהנאשם ימסור לרביע אקדח תמורתו. בהתאם לאמור מסר הנאשם לרביע אקדח חצי אוטומטי מסוג סירקיס עם מנגנון הדק חסר ומנגנון הדק מאולתר שהיה מופרד מהאקדח. פורט כי האקדח מסוגל לירות כדור או קלע שבכוחם להמית אדם. על פי האישום השני, בשנת 2013 או בסמוך לכך החזיק הנאשם בשתי מחסניות תואמות לאקדח ובמאות כדורים התואמים למחסניות ולאקדח. על פי האישום השלישי, במהלך שנת 2015 הציע הנאשם למכור לרביע אקדח מסוג חלוואני ושתי מחסניות ריקות התואמות לאקדח תמורת 14,000 ₪. בהמשך הוא אכן מכר את הנשק והמחסניות לרביע.","ביום 1.9.09 הורשע הנאשם על פי הודייתו, במסגרת הסדר טיעון, אשר בא בעקבות הליך גישור שהתקיים בפני, בעבירה של נשיאת והובלת נשק לפי סעיפים 144(ב) רישא+29 לחוק העונשין, התשל""ז – 1977 (להלן: ""חוק העונשין""), אשר יוחסה לו בכתב אישום מתוקן (ת/1 – להלן: ""כתב האישום"").

ביום 19.5.09, בשעה 23:30 לערך, נסע הנאשם באום אל פחם יחד עם בן משפחתו, אחמד מחאג'נה (להלן: ""האחר"") ברכב טויוטה שבבעלות האחר (להלן: ""הרכב""), כאשר בתא המטען של הרכב החזיקו הנאשם והאחר רובה תת מקלע מסוג ""קרלו"", שמסוגל לירות כדור (להלן:""הרובה"") ומחסנית המכילה 10 כדורי 9 מ""מ אשר היתה במצב הכנס.

במהלך הנסיעה הגיעו הנאשם והאחר סמוך למחסום משטרתי והשוטרים הורו להם לעצור אך האחר שנהג ברכב, עצר בפתאומיות והחל לנסוע לאחור בניסיון להימלט מהשוטרים.

השוטרים שהיו במקום דלקו אחר הרכב ובהגיעם אליו, פתחו את דלת הנהג ודוממו את הרכב.

בחיפוש שנערך ברכב נתפסו הרובה והמחסנית.

בעשותו  את המתואר לעיל, נשא והוביל הנאשם בצוותא עם האחר, נשק המסוגל לירות כדור ותחמושת שבכוחם להמית אדם, בלא רשות על פי דין להחזקתם, הובלתם ונשיאתם.",35.0,"1. סוג העבירה וחומרתה  
שני התיקים עוסקים בעבירות נשק לפי סעיף 144 לחוק העונשין, אך בתיק 1 עיקר ההרשעה הוא בעבירות **סחר ורכישה** (144(ב2)+(ג)), הנחשבות לחמורות יותר, לצד החזקה. בתיק 2 מדובר ב**נשיאה והובלה** (144(ב)), ללא רכיב של סחר או תיווך, ולכן דרגת החומרה המשפטית שונה באופן מהותי.

2. תפקיד הנאשם ומעורבותו  
בתיק 1 הנאשם הוא דמות יוזמת וסוכנת בעולם הנשק – רוכש, מחליף ומוכר כלי נשק, לאורך תקופה, ובעל תפקיד של סוחר/מקור. בתיק 2 הנאשם פועל בצוותא עם קרוב משפחה, בהחזקת נשק ברכב, ללא אינדיקציה לסחר או תיווך, ותפקידו קרוב יותר ל""נושא/מוביל"" מאשר ל""סוחר"".

3. שיטת הביצוע (MO)  
בתיק 1 דפוס פעולה של עסקאות נשק: רכישה, החלפה (ברטר של קרלו באקדח) ומכירה, בפגישות יזומות, עם מגוון כלי נשק ותחמושת, על פני שנים. בתיק 2 מדובר בהובלת נשק ברכב פרטי בשעת לילה, ללא עסקה, עם ניסיון להימלט ממחסום – זהו MO של נשיאה/הובלה לצורך לא ידוע, לא של סחר.

4. נסיבות הליבה  
בתיק 1: ריבוי אירועים, מספר כלי נשק (קרלו, שני אקדחים), מאות כדורים, עסקה בכסף, עסקת החלפה, וממד מתמשך של פעילות בנשק – כל אלו מחמירים וממקמים את הנאשם בליבת תופעת הסחר. בתיק 2: אירוע יחיד, רובה קרלו אחד ומחסנית עם 10 כדורים, ניסיון הימלטות מהמשטרה, אך ללא היקף או תכנון עסקי רחב – חומרה קיימת אך בקנה מידה מצומצם יותר.

5. ישימות כתקדים  
לצורכי ענישה, בית משפט יראה בשני התיקים כשייכים לאותה ""משפחת"" עבירות נשק, אך התיק הראשון מתאים יותר כתקדים לעבירות סחר/תיווך וריבוי עסקאות, בעוד שהתיק השני שייך לקטגוריית נשיאה/הובלה בצוותא. לפיכך, הרלוונטיות ההדדית כתקדימי ענישה מוגבלת, וניתנת בעיקר בהשוואת רמת מסוכנות כלי הנשק ולא במבנה העבירה ותפקיד הנאשם.

SIMILARITY_SCORE: 35","ok",""
"ME-16-05-336-804","ME-15-12-39071-113",1,0,0,"הנאשם הורשע על יסוד הודאתו בעובדות כתב אישום מתוקן, שגובש במסגרת הסדר דיוני, בעבירה של נשיאה והובלת נשק, אביזר נשק ותחמושת, לפי סעיף 144 (ב) רישא וסיפא לחוק העונשין, התשל""ז-1977 [להלן: ""חוק העונשין""].

על פי עובדות כתב האישום המתוקן, שהה הנאשם, בשעת ערב, בטקס חינה לקראת חתונתם של בני זוג ביום 24/04/16. במהלך טקס החינה, יצא הנאשם מהמקום כשהוא נושא תת מקלע מאולתר מסוג ""קרל גוסטב"". כשהגיע לפינת רחוב סמוך, הרים את תת המקלע לכיוון השמיים, ביצע ""פריקה"" שלו בכך שדרך את תת המקלע, לחץ על הדק תת- המקלע וביצע נקירה. מיד בהמשך, הלך הנאשם לכיוון צפון כשהוא נושא את תת המקלע בידו.

לאחר מכן, במהלך החינה, בשעה שאינה ידועה במדויק, פגש הנאשם בשכנו – רדואן סמארה (להלן: ""רדואן"") וביקש להתלוות לרדואן למכוניתו על מנת להגיע לביתו. הנאשם ורדואן נכנסו למכונית, כאשר רדואן נהג ברכב והנאשם התיישב במושב שליד הנהג בעודו נושא עמו, בתוך תיק גב, את תת המקלע יחד עם שתי מחסניות ריקות וכפפה ובה 26 כדורים מסוג 9 מ""מ. רדואן החל בנסיעה על כביש מספר 24, באותה עת הבחינו שלושה שוטרים במכונית, והחלו בנסיעה אחריה בניידת משטרתית. השוטרים כרזו למכונית לעצור, אך המכונית החלה להימלט מהניידת והנאשם זרק את התיק ובו תת המקלע, שתי המחסניות הריקות, הכפפה ו-26 כדורים מחוץ לחלון המכונית. מיד ובסמוך לאחר מכן, תפסו השוטרים את התיק והכפפה.","ביום 22.9.16 הוגש הסדר טיעון בעניינו של הנאשם ועמו כתב אישום מתוקן (אלו נקלטו בנט-המשפט ביום 23.9.16). באותו המועד הורשע הנאשם על סמך הודאתו באחזקת נשק, עבירה לפי סעיף 144(א) רישא, בחוק העונשין, תשל""ז-1977 (להלן: ""החוק"" או ""חוק העונשין"").

המסכת העובדתית שביסוד הרשעת הנאשם, כפי שפורטה בכתב האישום המתוקן הינה כלהלן: ביום 12.10.13, בשעה 22:30 או בסמוך לכך, נסע הנאשם ברכב אשר היה בשימושו באותה העת, מסוג מזדה 3, מס' רישיון 71-098-16, בכביש מספר 1, בסמוך למחלף הראל. במהלך הנסיעה ישב הנאשם במושב הסמוך לנהג. באותה העת החזיק הנאשם מתחת לשטיח שמתחת למושב אקדח חצי אוטומטי מסוג סטאר, וזאת כאשר הנאשם לא היה בעל רישיון להחזיק את הנשק.

על פי האישום, במעשיו המתוארים לעיל החזיק הנאשם נשק בלא רשות על פי דין להחזקתו.",35.0,"1. סוג העבירה וחומרתה  
בשני התיקים מדובר בעבירות נשק לפי סעיף 144 לחוק העונשין, אולם בתיק 1 מדובר ב""נשיאה והובלת נשק, אביזר נשק ותחמושת"" לפי 144(ב) – עבירה חמורה יותר מבסיס ""אחזקה"" לפי 144(א) שבתיק 2. בתיק 1 קיימים גם שימוש בפועל בנשק (ירי) והובלת תחמושת בכמות לא מבוטלת, שמעצימים את החומרה ביחס לתיק 2, העוסק בהחזקה פסיבית יחסית של אקדח.

2. תפקיד הנאשם ומעורבותו  
בשני התיקים הנאשמים הם המחזיקים הישירים בנשק, ללא תיווך של צדדים אחרים – אין ""שליח"" או חוליה זוטרה, אלא מבצע עיקרי. עם זאת, בתיק 1 מעורבות הנאשם אקטיבית ומשמעותית יותר – הוא נושא את הנשק בגלוי, יורה, נע עם הנשק ברכב, משליך אותו בעת מרדף; בתיק 2 המעורבות מסתכמת בהחזקה מוסתרת של אקדח ברכב, ללא שימוש או פעולה נוספת.

3. שיטת הביצוע (MO)  
בתיק 1 הנשק הוא תת־מקלע מאולתר, נישא על הגוף ובתיק, נעשה ירי לאוויר באירוע חברתי, ובהמשך הובלה ברכב תוך ניסיון להימלט מהמשטרה והשלכת התיק. בתיק 2 האקדח מוסתר מתחת לשטיח ברכב פרטי, ללא ירי, ללא אינטראקציה עם רשויות האכיפה וללא התנהגות חבלנית נלווית. דפוס הפעולה שונה מהותית, הן מבחינת אופן הנשיאה וההסתרה, הן מבחינת השימוש וההתנהלות מול המשטרה.

4. נסיבות הליבה  
בתיק 1: תת־מקלע מאולתר (נשק מלחמתי), תחמושת (26 כדורים), ירי בפועל באירוע חברתי, תנועה עם הנשק ברכב, ניסיון הימלטות מהמשטרה והשלכת הנשק – מכלול נסיבות מחמירות וברמת מסוכנות גבוהה. בתיק 2: אקדח חצי־אוטומטי יחיד, ללא ירי, ללא תכנון נראה לעין לשימוש מיידי, ללא מרדף או ניסיון לסכל תפיסה – נסיבות חמורות כשלעצמן (עבירת נשק), אך ברף מסוכנות נמוך בהרבה ביחס לתיק 1.

5. ישימות כתקדים  
שני התיקים שייכים לאותו ""משפחה נורמטיבית"" של עבירות נשק, כך שעל רמת־העל ניתן להיעזר זה בזה להבנת תפיסת הענישה הכללית בעבירות נשק. עם זאת, הפער בהוראות החיקוק (144(ב) לעומת 144(א)), השימוש האקטיבי והמסוכן בנשק בתיק 1 לעומת אחזקה מוסתרת בלבד בתיק 2, הופכים את תיק 1 לחריף יותר ומגבילים מאוד את הרלוונטיות של תיק 2 כתקדים ענייני ישיר לתיק 1 (ולהפך). בית משפט יוכל להסתמך על תיק 2 כמסמן רף לענישה בעבירת אחזקה ""יבשה"", אך יראה בתיק 1 מדרג חומרה גבוה בהרבה, כך שהדמיון המהותי ביניהם חלקי בלבד.  

SIMILARITY_SCORE: 35","ok",""
"ME-16-10-12213-904","ME-09-05-16192-355",3,1,1,"מוחמד ג'בארין, הנאשם שלפניי, הורשע על-סמך הודאתו, בעבירה של נשיאת נשק ותחמושת בניגוד לסעיף 144(ב) רישה וסיפה לחוק העונשין, התשל""ז - 1977 (להלן: ""חוק העונשין"").
חוק העונשין, תשל""ז-1977: סע'  29, 40ב, 40ג(א), 40ט, 144, 144(א), 144(ב), 287(א), 380, 40 יא, 40 יג(א), ב א'1 שבפרק ו'

הנאשם החזיק ברשותו ברכב מסוג סובארו, אשר היה רשום על-שם אחיו, מג'ד (להלן: ""הרכב"").

במהלך חודש ספטמבר 16', נשא והוביל הנאשם כלי נשק מאולתר מסוג ""קרל גוסטב"", שבתוכו מחסנית ריקה, מאזור מי-עמי ועד לבית אמו באום-אל-פחם, בו התגורר באותה עת (להלן: ""הבית""). בהגיעו לבית, עטף הנאשם  בחולצה לבנה את הנשק והמחסנית הריקה  והחביאם  מתחת לכיסא הנוסע שליד הנהג  ברכב, שחנה בסמוך לבית.

ביום 1 אוקטובר 16' בשעת אחר-צהריים, הזיז הנאשם את הרכב מפאת היותו בלתי תקין מאזור הבית ועד למוסך במורד הרחוב, כאשר כלי-הנשק והמחסנית הריקה מצויים בתוכו וכשבמכנסיו מצוי כדור 9 מ""מ התואם את הנשק. שוטרים, אשר הגיעו למקום וביצעו חיפוש ברכב מצאו בו את כלי-הנשק ואת המחסנית.","ביום 1.9.09 הורשע הנאשם על פי הודייתו, במסגרת הסדר טיעון, אשר בא בעקבות הליך גישור שהתקיים בפני, בעבירה של נשיאת והובלת נשק לפי סעיפים 144(ב) רישא+29 לחוק העונשין, התשל""ז – 1977 (להלן: ""חוק העונשין""), אשר יוחסה לו בכתב אישום מתוקן (ת/1 – להלן: ""כתב האישום"").

ביום 19.5.09, בשעה 23:30 לערך, נסע הנאשם באום אל פחם יחד עם בן משפחתו, אחמד מחאג'נה (להלן: ""האחר"") ברכב טויוטה שבבעלות האחר (להלן: ""הרכב""), כאשר בתא המטען של הרכב החזיקו הנאשם והאחר רובה תת מקלע מסוג ""קרלו"", שמסוגל לירות כדור (להלן:""הרובה"") ומחסנית המכילה 10 כדורי 9 מ""מ אשר היתה במצב הכנס.

במהלך הנסיעה הגיעו הנאשם והאחר סמוך למחסום משטרתי והשוטרים הורו להם לעצור אך האחר שנהג ברכב, עצר בפתאומיות והחל לנסוע לאחור בניסיון להימלט מהשוטרים.

השוטרים שהיו במקום דלקו אחר הרכב ובהגיעם אליו, פתחו את דלת הנהג ודוממו את הרכב.

בחיפוש שנערך ברכב נתפסו הרובה והמחסנית.

בעשותו  את המתואר לעיל, נשא והוביל הנאשם בצוותא עם האחר, נשק המסוגל לירות כדור ותחמושת שבכוחם להמית אדם, בלא רשות על פי דין להחזקתם, הובלתם ונשיאתם.",78.0,"1. סוג העבירה וחומרתה  
בשני התיקים מדובר בעבירה זהה מהותית של נשיאת והובלת נשק בניגוד לסעיף 144(ב) לחוק העונשין, בצירוף תחמושת. עם זאת, בתיק 2 מדובר בנשק במצב מוכן לירי עם מחסנית ובה 10 כדורים, לעומת מחסנית ריקה וכדור בודד בכיס בתיק 1 – מה שמחריף במעט את חומרת תיק 2, אך עדיין במסגרת אותה משפחת עבירות ואותה “רמת מדף” ענישתית.

2. תפקיד הנאשם ומעורבותו  
בתיק 1 הנאשם הוא המחזיק/נושא הבלעדי, היוזם את ההסתרה וההובלה ברכב. בתיק 2 מדובר בנשיאה בצוותא עם אחר, כשהרכב בבעלות האחר וזה גם הנוהג ומנסה להימלט; הנאשם שם שותף מלא לנשיאה ולהחזקה אך לא ברור כמוביל יחיד או כמי שמקבל החלטות – עדיין רמת מעורבותו דומה לנאשם מרכזי ולא ל""טרמפיסט תמים"".

3. שיטת הביצוע (MO)  
בשני המקרים מדובר בנשיאת נשק ארוך מסוג תת־מקלע (""קרלו""/""קרל גוסטב"" מאולתר) ברכב פרטי באזור אום אל פחם, כשהנשק מוסתר בתוך הרכב (תיק 1 – מתחת למושב, תיק 2 – בתא מטען). בשני התיקים הנשק והתחמושת מובלים ברכב לצורך החזקתם שלא כדין, ללא רקע של סחר/שימוש מיידי, אך בתיק 2 מצטרפת התנהגות מתחמקת מול שוטרים (ניסיון להימלט ממחסום).

4. נסיבות הליבה  
בתיק 1: נשק מאולתר, מחסנית ריקה, כדור בודד בכיס, רכב לא תקין המשמש בפועל כמקום אחסון/הסתרה, ללא ניסיון הימלטות מהשוטרים – נסיבות מעט פחות מחמירות. בתיק 2: נשק תקין, מחסנית עם 10 כדורים ""במצב הכנס"", נסיעה לילית בעיר, ניסיון להימלט ממחסום משטרתי – נסיבות המאותות על מסוכנות תכליתית גבוהה יותר ושימוש מיידי פוטנציאלי בנשק.

5. ישימות כתקדים  
מבחינת ענישה, שני התיקים בהחלט ייחשבו רלוונטיים זה לזה – אותה עבירה, אותו סוג נשק (תת־מקלע מאולתר), אותה זירה גיאוגרפית, ואותו אופן בסיסי של נשיאה ברכב. יחד עם זאת, תיק 2 צפוי להיתפס כמדורג מעט גבוה יותר בחומרה בשל מוכנות הנשק לירי, כמות התחמושת והניסיון להימלט, כך שבית משפט ישתמש בו כתקדים השוואתי תוך הדגשת ההבדלים בנסיבות הליבה.

SIMILARITY_SCORE: 78","ok",""
"ME-16-10-9348-780","SH-10-02-25802-731",1,0,0,"הנאשם הורשע על פי הודאתו בעבירה של נשיאת נשק ותחמושת, עבירה לפי סעיפים 144(ב) רישא ו-144(ב) סיפא לחוק העונשין, תשל""ז-1977.

בעובדות כתב האישום נטען כי הנאשם נכנס ביום 4.10.16, לחדר השינה של הוריו, זאת בעקבות ויכוח עם אביו ונטל את רובה הצייד מארון הבגדים (להלן: ""הנשק""), שהוחזק על ידי האב ברישיון ביחד עם קופסת כדורי צייד קליבר 12 מ""מ והמכילה 75 כדורים. הקופסה הייתה מונחת על מדף במחסן הבית (להלן: ""התחמושת""). עוד נטל הנאשם מכיס אביו כסף בסך של 3,500 ₪ ושיק על סך 500 ₪.

בהמשך הניח הנאשם את הנשק והתחמשות ברכב אחותו (להלן: ""הרכב""), ונהג בו עד סמוך לבית חברו מוחמד יונס (להלן: ""מוחמד""), שהצטרף אליו ומשם נסעו שניהם עד לביתו של הקטין פ. י. (להלן: ""הקטין""), המתגורר בערערה ומסרו לו הן את הנשק והן את התחמושת, תוך שהם מבקשים ממנו להשאיר אותם בביתו.

הנאשם המשיך לנסוע ברכב ורק במהלך הלילה אותר על ידי המשטרה באזור קריית גת ונעצר.","הנאשם הורשע על פי הודאתו בכתב האישום, בעבירות שעניינן, החזקת נשק שלא כדין, עבירה לפי סעיף 144 (א) לחוק העונשין, התשל""ז-1977 (להלן: ""חוק העונשין"") וכן, עבירה של החזקת חלק-אבזר תחמושת של כלי נשק, עבירה לפי סעיף 144(א)(1) לאותו חוק.

מכתב האישום עולה, כי ביום 16/07/09 בשעה 11:00 או בסמוך לכך בכפר מגדל שמס, החזיק הנאשם בביתו נשק מסוג רובה צייד שמסוגל לירות כדור ובכוחו להמית אדם וזאת ללא רשות על פי דין. באותן הנסיבות, החזיק הנאשם באבזר ותחמושת של כלי נשק שבכוחם להמית אדם וזאת ללא רשות על פי דין.",45.0,"1. סוג העבירה וחומרתה  
   בשני התיקים מדובר בעבירות נשק לפי סעיף 144 לחוק העונשין, ובשני המקרים מדובר ברובה ציד ותחמושת היכולים להמית אדם, כך שיש קרבה עניינית בתחום העבירה. עם זאת, בתיק 1 מדובר ב""נשיאת נשק ותחמושת"" לפי סעיף 144(ב) – עבירה הנתפסת כחמורה יותר מ""החזקת נשק"" לפי סעיף 144(א) שבתיק 2, וכן כרוכה בגניבה/נטילה שלא כדין ובהעברת הנשק לאחר. לכן מדובר באותה משפחה של עבירות, אך לא באותה רמת חומרה ומהות.

2. תפקיד הנאשם ומעורבותו  
   בתיק 1 הנאשם יוזם, נוטל נשק מאביו ללא רשות, מעביר אותו ברכב, מערב אחר (מוחמד) ומוסר את הנשק והתחמושת לקטין – מעורבות אקטיבית, יזומה, בעלת מאפיינים של הסתרה והעברת נשק. בתיק 2 הנאשם הוא מחזיק פסיבי יחסית – הנשק נמצא בביתו והוא ""רק"" מחזיק בו ללא רישיון, ללא העברה, תזוזה או תיווך לאחרים. לפיכך, רמת המעשה והיוזמה בתיק 1 גבוהה מהותית מזו שבתיק 2.

3. שיטת הביצוע (MO)  
   בשני המקרים הנשק הוא רובה ציד בסביבה ביתית, אך בזה בערך מסתיים הדמיון. בתיק 1 ה-MO כולל נטילת נשק מאדם אחר, הסעתו ברכב, עירוב צד שלישי ומסירת הנשק לקטין לצורך החזקתו אצלו – דפוס של העברה והסתרה. בתיק 2 ה-MO הוא פשוט: החזקה בבית, ללא תנועה, ללא שותפים וללא אלמנט של גניבה או העברה.

4. נסיבות הליבה  
   בשני התיקים מדובר ברובה ציד ותחמושת שמסוגלים להמית אדם, אולם בתיק 1 יש נסיבות מחמירות מובהקות: גניבת הנשק מבעל רישיון בעקבות ויכוח עם האב, נטילת כסף ושיק, כמות תחמושת ניכרת (75 כדורים), הסעת הנשק ומסירתו לקטין – כל אלה מגבירים את המסוכנות והקלון. בתיק 2 הנסיבות מצומצמות יותר: החזקה בלתי חוקית של נשק ותחמושת בבית, ללא ציון כמות מיוחדת של תחמושת, ללא שימוש ברכב, ללא קטין וללא אירוע קונפליקטואלי או תכנון מיוחד מעבר לעצם ההחזקה. גם הפער הנורמטיבי בין מקור הנשק (חוקי אצל האב בתיק 1, בלתי חוקי אצל הנאשם בתיק 2) יוצר פרופיל אחר בחומרת ההתנהגות.

5. ישימות כתקדים  
   שני התיקים מצויים באותו תחום ענישה – עבירות נשק פרטיות (רובה ציד) במרחב ביתי – ולכן ניתן לעשות ביניהם שימוש השוואתי מסוים בגזירת הדין, בעיקר לעניין נקודת המוצא בענישה בעבירות נשק ""אזרחיות"" שאינן נשק צבאי/אוטומטי. עם זאת, ההבדל בין ""נשיאה והעברה לקטין לאחר גניבה"" לבין ""החזקה בבית"" משמעותי מאוד, וסביר שבית משפט יתייחס לתיק 1 ככבד יותר ויראה את תיק 2 כקל יותר במדרג, כך שהתיק האחד ישמש רק כתקדים חלקי וזהיר לשני. לפיכך, הרלוונטיות התקprecedנטית קיימת אך מוגבלת.

SIMILARITY_SCORE: 45","ok",""
"ME-16-05-25902-514","ME-12-05-33444-999",3,1,1,"הנאשם הודה במסגרת הסדר טיעון בעובדות כתב אישום מתוקן והורשע על סמך הודאתו בעבירות של נשיאת נשק, עבירה לפי סעיף 144(ב) רישא וסיפא לחוק העונשין, התשל""ז-1977 ובעבירה של החזקת נשק, עבירה לפי סעיף 144(א) רישא וסיפא לחוק.

על פי עובדות כתב האישום המתוקן, ביום 31.12.13 נגנב אקדח מסוג ברטה מספר סידורי 682663 (להלן: ""האקדח"") מביתו של דינו תמאם.

במהלך חודש פברואר 2016 , במועד מדויק שאינו יודע למאשימה, רכש הנאשם את האקדח והחזיק בו במקלט ביתו בקלנסוואה וכן החזיק מחסנית ובה 7 כדורים.

למן חודש פברואר 2016 ועד ליום 8.5.16, בימים בהם יצא הנאשם לעבודתו בשעת בוקר מוקדמת, נהג הנאשם לשאת עמו את האקדח ואת המחסנית לעבודתו.

ביום 8.5.16 , בסמוך לשעה 06:00 , נשא הנאשם את האקדח ובתוכו המחסנית על גופו מתחת לבגדיו.","הנאשם הורשע עפ""י הודייתו, במסגרת הסדר טיעון בגדרו הוגש כתב אישום מתוקן, בעבירה שעניינה החזקת נשק ותחמושת שלא כדין, לפי סעיף 144(א) לחוק העונשין, תשל""ז – 1977 (להלן: ""חוק העונשין"").

עפ""י עובדות כתב האישום המתוקן, עובר ליום 11.5.12 נגנב אקדח 9 מ""מ מסוג ברטה שמספרו D60383Y (להלן: ""האקדח""), אשר היה בבעלותו של מר יוסף פלדמן.

ביום 11.5.12 בעיר רחובות, החזיק הנאשם ברכבו את הפריטים הבאים:

מתחת למושב הקדמי הימני נשא הנאשם את האקדח ובו מחסנית שבתוכה כדורים.

בתיק שחור שהיה מונח ליד כיסא הנהג נשא הנאשם מחסנית ובה כדורים.

בתא האחסון המצוי בדלת הנהג נשא הנאשם מחסנית ובה כדורים.",70.0,"1. סוג העבירה וחומרתה  
שני התיקים עוסקים בעבירות נשק מסוג אקדח גנוב + תחמושת לפי סעיף 144 לחוק העונשין. בתיק 1 קיימת גם עבירת *נשיאת* נשק (144(ב)), ובנוסף גם החזקה; בתיק 2 רק *החזקה* (144(א)), כך שמבחינת סיווג פורמלי תיק 1 חמור מעט יותר, אך שניהם באותה משפחת עבירות ובדרגת חומרה דומה (אקדח גנוב, טעון, זמין לשימוש).

2. תפקיד הנאשם ומעורבותו  
בשני התיקים הנאשם הוא ""מחזיק/נושא"" ולא מייבא, סוחר או משתמש; אין תיאור של ירי, איומים או שימוש התקפי. בתיק 1 ניתן ללמוד על רכישת נשק גנוב והחזקתו לאורך זמן, מה שמקרב אותו לדפוס של ""נשק זמין דרך קבע""; בתיק 2 מדובר באירוע החזקה נקודתי יותר ברכב, אך גם כאן האקדח טעון וזמין.

3. שיטת הביצוע (MO)  
בשני המקרים מדובר באקדח ברטה גנוב עם מחסנית וכדורים, המוחזק בסתר ובצורה המאפשרת שליפה מהירה. בתיק 1 האקדח מוחזק במקלט הבית ונישא על הגוף מתחת לבגדים בדרכו לעבודה; בתיק 2 האקדח מתחת למושב ברכב, עם מחסניות נוספות פזורות בתא הנוסעים – דפוס דומה של נשק טעון, נגיש וזמין, אך אמצעי ההסתרה שונים (על הגוף לעומת ברכב).

4. נסיבות הליבה  
בשני התיקים: אקדח גנוב, טעון, עם יותר ממחסנית אחת/מספר כדורים, ללא שימוש בפועל וללא תיאור של כוונת פגיעה קונקרטית. בתיק 1 קיימת החזקה רציפה במשך כשלושה חודשים + נשיאה יומיומית לעבודה על הגוף – מאפייני מסוכנות וביסוס ""שגרת נשק""; בתיק 2 נראה כאירוע חד־פעמי, אך עם מספר מחסניות נוספות ברכב, המעצים את הפוטנציאל המסוכן.

5. ישימות כתקדים  
לצורכי ענישה, שני התיקים רלוונטיים זה לזה: אותה סוג עבירה (נשק קצר גנוב + תחמושת), זמינות מיידית לשימוש והעדר שימוש בפועל, והנאשם במעמד ""מחזיק/נושא"" בלבד. עם זאת, בתיק 1 יינתן בדרך כלל משקל מחמיר ל*נשיאה ממושכת על הגוף ולרציפות ההחזקה*, בעוד שבתיק 2 משקל מחמיר ל*מספר המחסניות והחזקתן ברכב*; לכן התקדים איננו ""זהה"", אך בהחלט רלוונטי ומסייע בגזירת מתחם ענישה.

SIMILARITY_SCORE: 70","ok",""
"ME-15-08-44579-251","ME-14-12-6904-57",2,0,1,"הנאשם הורשע על פי הודאתו בעובדות כתב האישום המתוקן שסומן ""מ/1"" בעבירות בנשק (נשיאה) לפי סעיף 144 (ב) רישא וסיפא לחוק העונשין, התשל""ז- 1977.

ביום 10.08.15, בשעה 22:05 או בסמוך לכך, בכביש 4 בחדרה, בקרבת אזור התעשייה הצפוני, הנאשם וג'וודת דמלחי - (להלן: ""ג'וודת"") נסעו ביחד על קטנוע מסוג גוימקס, שנשא לוחית רישוי מזויפת שמספרה 3689624 - (להלן: ""הקטנוע""), כאשר ג'וודת נהג בו ללא רישיון נהיגה והנאשם ישב מאחוריו.

באותה עת הנאשם נשא אקדח חצי אוטומט  מסוג FN, מס""ד 459238 - (להלן: ""האקדח"") ובתוכו מחסנית מתאימה ללא כדורים - (להלן: ""המחסנית""), אשר היו עטופים בסמרטוט בתוך שקית אשפה - (להלן: ""השקית"").

האקדח הנו כלי שסוגל לירות כדור שבכוחו להמית אדם.

באותו זמן, קצין המשטרה רועי סירי - (להלן: ""השוטר רועי""), שנהג בניידת משטרה בכביש 4 לכיוון צפון, הבחין בקטנוע וראה שספרות לוחית הרישוי שלו מטושטשות וקטנות. השוטר רועי חשד שמדובר בקטנוע גנוב ולפיכך הדליק אורות כחולים וקרא לג'וודת לעצור בצד הדרך.

ג'וודת לא שעה להוראתו של השוטר רועי, המשיך בנסיעה, הגביר מהירות, פנה לאזור התעשייה בחדרה, המשיך בנסיעתו שם, חזר לכביש 4, פנה ימינה בצומת נחל חדרה ומיד פנה שמאלה לכיוון כביש 4 לצפון והמשיך בנסיעה צפונה.

בתוך כך, השוטר רועי דיווח על האירוע ברשת הקשר, ביקש סיוע ותוך כדי הנסיעה אחר הקטנוע הצטרפו אליו עוד שתי ניידות ששתיהן הפעילו סירנות ואורות כחולים כשהניידות נוסעות בעקבות הקטנוע.

כשהקטנוע הגיע לצומת בנימינה, עבר את הצומת באור אדום ורכב שהגיע מכיוון בנימינה נאלץ לבלום כי למנוע התנגשות ופגיעה בקטנוע.

בהתאם לדיווח של השוטר רועי, בצומת בית חנניה - (להלן: ""הצומת""), המתינו ניידות משטרה נוספות שביצעו חסימה בכביש וכאשר הקטנוע הגיע למקום; ג'וודת ניסה לעבור בין הניידות, פגע בשתי ניידות, ומשלא יכול היה להמשיך בנסיעה, ג'וודת והנאשם ירדו מהקטנוע והחלו בבריחה רגלית.

שוטרים שהיו במקום רדפו אחרי הנאשם וג'וודת, שהתפצלו לכיוונים שונים, וכעבור מספר מטרים בשדה חשוף הסמוך לצומת, הנאשם זרק את השקית בה האקדח והמחסנית, המשיך בבריחתו וכעבור מספר דקות הנאשם וג'וודת נתפסו על ידי השוטרים ונעצרו.

במעשיו המתוארים לעיל הנאשם נשא נשק ואביזר של נשק בלא רשות על פי דין.","הנאשם 1, אוסיד כבהא (להלן: ""הנאשם"") הורשע, על יסוד הודאתו, בעבירות של נשיאה והובלת נשק, לפי סעיף 144(ב) לחוק העונשין, התשל""ז-1977 (להלן: ""החוק"") והחזקת סם לצריכה עצמית, לפי סעיף 7(א) לפקודת הסמים המסוכנים, התשל""ג-1973.

בתאריך 28.07.2014 עבר הנאשם להתגורר, יחד עם נאשם 2, סעיד אבו זנט, בדירת האחרון בתל אביב (להלן: ""הדירה"").

במועד שאינו ידוע במדויק למאשימה, כחודש ימים עובר ליום 18.11.2014, רכש הנאשם רובה מאולתר, מדגם ""קרל גוסטב"" יחד עם מחסנית וכדורים, בתמורה                  ל-4,000 ש""ח (להלן: ""הנשק"").

הנשק מסוגל לירות ובכוחו להמית.

בתאריך 18.11.2014, סמוך לשעה 16:40, בתל אביב, בתוך תיק גב, נשא והוביל הנאשם את הנשק כשהוא עטוף בבגדים. עוד נשא והוביל הנאשם כדורי תחמושת התואמים לנשק. הנאשם החזיק בכיסו 0.3027 גרם נטו קנאביס לצריכה עצמית.

בהמשך, בחיפוש שנערך בדירה, נמצאה מחסנית התואמת לנשק.

מספר ימים עובר ליום 18.11.2014, החזיקו הנאשמים את הנשק בדירה כשהוא מוטמן בארון בגדים בחדר השינה.",62.0,"1. סוג העבירה וחומרתה  
בשני התיקים מדובר בעבירת נשק לפי סעיף 144(ב) לחוק העונשין – נשיאה/הובלת נשק חם קטלני ללא רישיון, וזה בסיס דמיון מהותי. בתיק 2 יש בנוסף רכיב של החזקת סם לצריכה עצמית (קל יחסית) וכן החזקה מתמשכת של נשק בדירה, לעומת נשיאה חד־פעמית בתיק 1. בתיק 2 גם קיימת נשיאה של תחמושת מתאימה, בעוד שבתיק 1 האקדח נשא מחסנית ריקה בלבד – דבר שמגביר במעט את חומרת תיק 2 מבחינת פוטנציאל מימוש הסיכון.

2. תפקיד הנאשם ומעורבותו  
בתיק 1 הנאשם מופיע בעיקר כ""מחזיק/נושא"" – אין אינדיקציה שרכש או יזם את השגת הנשק, והוא יושב כנוסע אחורי על קטנוע, לכאורה במעמד קרוב ל""שליח"" או מחזיק עבור אחר. בתיק 2 הנאשם הוא היוזם והרוכש של הנשק, שילם עבורו 4,000 ₪, החזיק אותו בדירה ונשא אותו על גופו – מעמד מובהק של בעלים/מחזיק מרכזי ולא דמות שולית. רמת המעורבות והרכיב היזמי בתיק 2 גבוהים יותר, ולכן הוא חמור יותר בממד זה.

3. שיטת הביצוע (MO)  
בשני המקרים הנשק מוסלק בתוך תיק/שקית, עטוף בבגדים/סמרטוט – יש דמיון מסוים בדפוס ההסלקה ובהובלה במרחב ציבורי. יחד עם זאת, בתיק 1 ההובלה נעשית על קטנוע עם לוחית רישוי מזויפת, כרוכה במרדף משטרתי, ניסיון הימלטות וזריקת הנשק בשדה פתוח. בתיק 2 ההובלה יותר ""שקטה"" – תיק גב בעיר, והסיפור העיקרי כולל גם החזקה מתמשכת בדירה; כלומר, הדפוס הכללי דומה (נשק מוסלק בתיק במרחב אזרחי), אך נסיבות ההפעלה וההתנהגות מול הרשויות שונות.

4. נסיבות הליבה  
בשני התיקים מדובר בנשק יחיד קטלני (אקדח לעומת רובה מאולתר) ללא רקע של ירי בפועל או שימוש מיידי. בתיק 2 יש תחמושת תואמת ונשיאה שלה, והחזקת הנשק מספר ימים בדירה – מעיד על יציבות והעמקה במעשה העבירה. בתיק 1 אין תחמושת, אך קיימות נסיבות מחמירות אחרות: נסיעה פרועה, מעבר באדום, כמעט תאונה, פגיעה בניידות, בריחה והשלכת הנשק – נסיבות שיכולות להיחשב מחמירות בהיבט הסיכון לציבור ואכיפת החוק, גם אם אינן מתורגמות לעבירות נפרדות בכתב האישום המתוקן.

5. ישימות כתקדים  
שני התיקים עוסקים ב""נשיאת/הובלת נשק חם קטלני ללא רישיון"" בהקשר פלילי-אזרחי (לא ביטחוני/פח""עי), ללא שימוש בפועל, והם רלוונטיים זה לזה לצורכי גזירת מתחמי ענישה לעבירות נשיאה/הובלה של נשק. יחד עם זאת, בית משפט יידרש להבחין: בתיק 2 יוזמה ורכישה והחזקה ממושכת + תחמושת; בתיק 1 מעמד נאשם כפחות יוזם אך עם נסיבות מסוכנות של בריחה והתנגשות עם המשטרה. לכן תיק אחד יכול לשמש תקדים ענישתי כללי לשני (רמת חומרה, מתחם), אך לא כ""תקדים כמעט זהה"" – נדרשת התאמה לנסיבות השונות.

SIMILARITY_SCORE: 62","ok",""
"ME-17-05-633-549","ME-16-03-54615-517",2,0,1,"הנאשם הודה לאחר ניהול חלק מהליך ההוכחות בכתב אישום מתוקן באישומים הבאים: אישום ראשון- סחר בנשק לפי סעיפים 144(ב2)+(ג) לחוק העונשין+ עבירות בנשק (רכישה) לפי סעיף 144(א) רישא וסיפא לחוק; אישום שני- עבירות בנשק (החזקה) לפי סעיף 144(א) סיפא לחוק; ואישום שלישי- סחר בנשק לפי סעיפים 144(ב2)+ (ג) לחוק.

כאמור בכתב האישום המתוקן, במסגרת האישום הראשון תואר שבסביבות שנת 2013 הגיע הנאשם לביתו של רביע חוסיין ביחד עם אדם נוסף בשם נצרי ח'ליפה ורכש מרביע תת מקלע מאולתר מסוג קרלו (קרלו-גוסטב). הנאשם סיכם שישלם לרביע במועד נדחה 7,000 ₪ בתמורה. בהמשך נתגלה ויכוח ביניהם לגבי טיב הקרלו, וסוכם שהנאשם ימסור לרביע אקדח תמורתו. בהתאם לאמור מסר הנאשם לרביע אקדח חצי אוטומטי מסוג סירקיס עם מנגנון הדק חסר ומנגנון הדק מאולתר שהיה מופרד מהאקדח. פורט כי האקדח מסוגל לירות כדור או קלע שבכוחם להמית אדם. על פי האישום השני, בשנת 2013 או בסמוך לכך החזיק הנאשם בשתי מחסניות תואמות לאקדח ובמאות כדורים התואמים למחסניות ולאקדח. על פי האישום השלישי, במהלך שנת 2015 הציע הנאשם למכור לרביע אקדח מסוג חלוואני ושתי מחסניות ריקות התואמות לאקדח תמורת 14,000 ₪. בהמשך הוא אכן מכר את הנשק והמחסניות לרביע.","הנאשם הורשע על פי הודאתו, במסגרת הסדר טיעון בכתב אישום מתוקן, לאחר שחזר בו מכפירתו, בעבירת סחר בנשק לפי סעיף 144(ב2) לחוק העונשין התשל""ז-1977 (להלן חוק העונשין).

על פי עובדות כתב האישום המתוקן, במועד שאינו ידוע במדויק למאשימה במהלך חודש פברואר 2016, פנה אל הנאשם מחמד עליאן (להלן מחמד) וביקש שיבדוק אם באפשרותו להשיג עבורו תת- מקלע מסוג ""קרלו"". כעבור שלושה ימים נפגש הנאשם עם מחמד, סמוך לביתו של מחמד, והנאשם מסר למחמד כי מצא עבורו נשק. באותו יום שילם מחמד לנאשם סך של 3,000 ₪ לצורך רכישת הנשק. כשבוע לאחר מכן מסר הנאשם תת- מקלע מסוג ""קרלו"" למחמד (להלן תת המקלע הראשון). כשבוע לאחר מכן ניסה מחמד לירות באמצעות תת המקלע באוויר אך הנשק לא ירה.

כשבוע לאחר מכן נפגש מחמד עם הנאשם וסיפר לו שתת-המקלע הראשון אינו תקין. לבקשת הנאשם, מסר לו מחמד את תת המקלע. זמן מה לאחר מכן נפגש שוב מחמד עם הנאשם והנאשם מסר לו תת- מקלע אחר מסוג ""קרלו"" (להלן תת המקלע השני). מחמד ניסה לירות גם בתת המקלע השני אך הנשק לא ירה. מחמד פנה שוב אל הנאשם, אך הנאשם אמר לו שאין באפשרותו להחליף שוב את הנשק.",65.0,"1. סוג העבירה וחומרתה  
בשני התיקים מדובר בעבירת **סחר בנשק לפי סעיף 144(ב2)** – זו ליבת הדמיון, והעבירה באותו מדרג נורמטיבי. עם זאת, בתיק 1 קיימות עבירות נוספות של **רכישה והחזקה של נשק ותחמושת בכמות גדולה**, ובמספר אירועים ולמשך שנים – מה שמציב את תיק 1 ברמת חומרה גבוהה משמעותית מתיק 2, שעניינו אירוע סחר יחיד (עם שתי החלפות במסגרת אותה עסקה).

2. תפקיד הנאשם ומעורבותו  
בשני התיקים הנאשם ממלא בפועל תפקיד של **""ספק נשק"" ללקוח ספציפי**, ולא של מחזיק אקראי או שליח זוטר – זו מעורבות פעילה וברורה בסחר. אולם בתיק 1 דפוס ההתנהגות מצביע על **סוחר/מפיץ פעיל ומתמשך**, המחזיק מלאי (אקדחים, מחסניות, מאות כדורים) ומנהל מספר עסקאות לאורך זמן; בתיק 2 הנאשם נראה יותר כמי שמארגן עסקה בודדת ללקוח, ללא אינדיקציה ל""מקצוענות"" או היקף פעילות דומה.

3. שיטת הביצוע (MO)  
בשני המקרים מדובר בעסקאות **פנים‑אל‑פנים, במעגל עברייני מצומצם, ללא שימוש באמצעי תקשורת מתוחכמים**, ובניסיון להשיג ולספק נשק חם מאולתר מסוג ""קרלו"" ללקוח. בתיק 1 יש גם עסקאות של **החלפת נשק בנשק** (ברטר – קרלו תמורת אקדח) וסחר באקדחים ותחמושת; בתיק 2 השיטה מתקרבת יותר לתיווך עבור לקוח: הלקוח משלם, הנאשם ""מוצא"" נשק ומעבירו, לרבות החלפה עקב תקלה – MO דומה בעיקר ברמה של סחר ישיר בנשק, אך פחות זהה בפרטי הביצוע.

4. נסיבות הליבה  
תיק 1 כולל **מספר אירועים שונים** (2013–2015), סוגי נשק שונים (קרלו, אקדח סירקיס חצי אוטומטי, אקדח חלוואני), שתי מחסניות ומאות כדורים – היקף ומסוכנות גבוהים יותר, גם מבחינת תחמושת וגם מבחינת ריבוי עסקאות והחזקות. בתיק 2 מדובר **בעסקה אחת של קרלו אחד** (שהוחלף לקרלו אחר), ללא תחמושת וללא ירי מוצלח בפועל, כך שהמסוכנות המעשית קטנה יותר, אף שהעבירה עצמה נותרת סחר בנשק. הפער בכמויות, ברצף העבירות ובקיומה של תחמושת הוא נסיבה מהותית המרחיקה את תיק 2 מרמת החומרה של תיק 1.

5. ישימות כתקדים  
לצורכי ענישה, בית משפט יראה בשני התיקים **פסיקה רלוונטית באותו ""משפחת עבירות"" – סחר בכלי נשק חם בלתי חוקי, לרבות תת‑מקלעים מאולתרים מסוג קרלו**, ולכן יש זיקה עניינית. יחד עם זאת, תיק 1 משקף מקרה **חמור ומרובה‑אירועים**, ולכן יתאים יותר לשמש רף עליון או נקודת ייחוס למקרים של סחר מתמשך ומלאי נשק/תחמושת, בעוד שתיק 2 יתאים יותר לתיקים של עסקה בודדת. לפיכך, הדמיון המהותי ביניהם בינוני‑גבוה אך לא מלא.

SIMILARITY_SCORE: 65","ok",""
"ME-20-01-62688-591","ME-16-09-398-589",3,1,1,"על פי הודאתו במסגרת הסדר טיעון, אשר לא כלל הסכמה לעניין העונש ואשר הוגש לאחר שמיעת חלק מראיות התביעה, הורשע הנאשם על פי כתב אישום מתוקן, שהוגש במסגרת ההסדר (סומן ""א""), בביצוע עבירה של חבלה בכוונה מחמירה - עבירה לפי סעיף 329 (א)(1) לחוק העונשין, התשל""ז-1977 (להלן: ""החוק""); עבירות בנשק (נשיאה והובלה) - עבירה לפי סעיפים 144 (ב) לחוק; החזקת סם מסוכן לצריכה עצמית - עבירה לפי סעיף 7(א) + (ג) סיפא לפקודת הסמים המסוכנים [נוסח חדש], התשל""ג-1973.

הנאשם הורשע בכך שביום 16.1.20 בשעה 14:55 הוא הגיע לעסק בו עבד המתלונן, ברכב מסוג הונדה בצבע שחור, ל.ז. 60-201-70 (להלן: ""הרכב"") בו נהג אחר, שזהותו אינה ידועה למאשימה (להלן: ""האחר""). הנאשם יצא מהרכב כשהוא נושא על גופו אקדח טעון בכדורים (להלן: ""האקדח"") אותם נשא והוביל בלא רשות על פי דין.

הנאשם יצא מהרכב, תוך שהותיר את דלת הרכב פתוחה ונכנס לעסק בו שהה אותה העת המתלונן ובמקביל, קירב האחר את הרכב לכיוון דלת הכניסה של העסק.

הנאשם דיבר, זמן קצר, עם המתלונן בתוך העסק, ולאחר מכן,  יצאו המתלונן והנאשם מבית העסק ונעמדו סמוך לכניסה לבית העסק והמשיכו לדבר. זמן קצר לאחר מכן, הנאשם שלף לפתע את האקדח שהיה על גופו, דרך אותו, הצמיד את קנה האקדח לחלק העליון של ירכו השמאלית של המתלונן, ירה כדור אחד בכוונה לגרום למתלונן חבלה חמורה, נכות או מום. מיד לאחר מכן חזר הנאשם לרכב והוא והאחר נמלטו מהמקום, בנסיעה ברכב, כאשר הנאשם נושא ומוביל את האקדח עמו.

כתוצאה מהירי שביצע הנאשם כמתואר לעיל, קליע אחד פגע ברגלו השמאלית של המתלונן, גרם לשבר פמור שליש פרוקסימלי אספקט קדמי של להקורטקס, ספליט שנמשך עד כ 7 ס""מ מתחת ל- LT. המתלונן הובהל לבית חולים רמב""ם על ידי צוות מגן דוד אדום, אושפז, נותח לשחזור ולקיבוע השבר באמצעות מסמר, והקליע הושאר בגופו של המתלונן בשל חשש שהוצאתו תגרום לפגיעה בכלי דם ועצבים. רגלו של המתלונן גובסה והוא שוחרר מהאשפוז בתאריך 21.1.20.

בהמשך אותו יום, סמוך לשעה 15:50, אותר הנאשם על ידי המשטרה בתחנת דלק פז הנמצאת בצומת האצטדיון בחיפה ובחיפוש נמצא על גופו סם מסוג קוקאין במשקל נטו של 1.5 גרם וכן שטרות כסף בסך 1,950 ₪.

במעשיו המתוארים לעיל גרם הנאשם למתלונן חבלה חמורה שלא כדין, בכוונה להטיל בו נכות או מום ולגרום לו חבלה חמורה, נשא והוביל נשק בלא רשות על פי דין להחזקתו, נשיאתו והובלתו, החזיק בסם מסוכן מסוג קוקאין במשקל כולל של 1.5 גרם נטו לצריכתו העצמית, ללא היתר ורישיון מאת המנהל.","הנאשם הורשע על פי הודאתו בכתב אישום מתוקן במסגרת הסדר טיעון, בתום שמיעת ראיות ובפתח סיכומי המאשימה, לאחר הליך גישור שהתנהל לפני כב' השופט בני שגיא, בעבירות אלו: חבלה חמורה בנסיבות מחמירות, עבירה לפי סעיף 333 + 335(א)(2+1) לחוק העונשין, התשל""ז-1977 (להלן: ""החוק""); נשיאת נשק שלא כדין, עבירה לפי סעיף 144(ב) רישא לחוק.

סמוך לאוגוסט 2016 התגלע סכסוך בין הנאשם ובין בני חבורה, שכללה את וויליאם קניסופה (להלן: ""וויליאם"" או ""המתלונן""), אליאס וייסי ותמיר נגוסה.

בלילה שבין 10.8.16 ל-11.8.16 ישבה החבורה בגינה ציבורית הסמוכה לרחוב אנה פרנק ולרחוב ניסים בכר בבת-ים (להלן: ""הגינה"").

מעט לאחר חצות הגיעו הנאשם ואחר שזהותו אינה ידועה למאשימה לגינה. הנאשם והאחר רצו לעבר בני החבורה, הפתיעו אותם, ומי מהם אחז אקדח בידו, וממרחק של 10 מטר ירה באמצעות האקדח כדור אחד לעבר בני החבורה.

הקליע חדר לשוֹק רגלו הימנית של וויליאם וגרם לפצעי כניסה ויציאה, והוא טופל בבית חולים.

במעשיו המתוארים נשא הנאשם יחד עם האחר נשק שלא כדין וגרם לוויליאם חבלה חמורה ברגלו.",70.0,"1. **סוג העבירה וחומרתה** – בשני התיקים מדובר בעבירת אלימות חמורה בירי מאקדח שגרמה לחבלה חמורה, בצירוף עבירת נשק לפי סעיף 144(ב). עם זאת, בתיק 1 העבירה המרכזית היא חבלה בכוונה מחמירה לפי סעיף 329 – מדרג חומרה גבוה יותר, עם יסוד נפשי של כוונה להטיל נכות/מום; בתיק 2 מדובר ב־333+335 (חבלה חמורה בנסיבות מחמירות), שהן נורמטיבית ""דרגה אחת מתחת"". לכן יש דמיון מהותי בתחום (ירי שגורם חבלה חמורה) אך פער ממשי ברמת הסיווג והעונש המקסימלי.

2. **תפקיד הנאשם ומעורבותו** – בתיק 1 הנאשם הוא היורה המובהק: שלף את האקדח, הצמיד לירך וירה – מעורבות ישירה ומובילה. בתיק 2 מופרש ""מי מהם"" ירה, כך שמעמדו הראייתי של הנאשם הוא שותף במעשה (בין אם כיורה ובין אם כשותף מלא), אך לא יוחסה לו באופן חד־משמעי הירייה עצמה. לכן מעמדו המרכזי של הנאשם בתיק 1 כ""מבצע עיקרי ברור"" הופך את מעורבותו לחמורה יותר במעט ביחס לתיק 2.

3. **שיטת הביצוע (MO)** – בשני המקרים הנאשם מגיע למקום עם אחר, כשהם מצוידים מראש באקדח, ויוצא אירוע ירי קצר שבסיומו נמלטים מהמקום – דפוס של הגעה מזוינת, ביצוע ירי חד־פעמי ובריחה. בתיק 1 מדובר במפגש ""צמוד"" עם המתלונן, שיחה קצרה וירי מטווח מגע לירך; בתיק 2 מדובר בהגעה לגינה ציבורית, ריצה לעבר קבוצה וירי ממרחק של כ־10 מטר. הדפוס הבסיסי דומה (ירי ממוקד כלפי קורבן/קבוצה בהקשר של סכסוך), אך אופן המפגש והטווח שונים.

4. **נסיבות הליבה** – בשני התיקים: ירי בודד, פגיעה ברגל, חבלה חמורה אך לא מסכנת חיים באופן מיידי, שימוש באקדח שלא כדין, הגעה עם אחר ונסיבה של סכסוך קודם. בתיק 1 החבלה קשה יותר: שבר בפמור, ניתוח לקיבוע במסמר וקליע שנותר בגוף – פגיעה עמוקה יותר עם השלכה תפקודית, ובנוסף צמוד קנה לירך, המלמד על שליטה מלאה במיקום הפגיעה. בתיק 2 נגרמה פציעת כניסה–יציאה בשוק, פחות מורכבת טיפולית, אך הירי לעבר ""בני חבורה"" מ־10 מטר מגלם סיכון רחב יותר לפגיעה באחרים.

5. **ישימות כתקדים** – בתי משפט יראו בשני המקרים ""אותו ז'אנר"" של עבירות: ירי מאקדח על רקע סכסוך הגורם לחבלה חמורה בגוף, כך שיש רלוונטיות ממשית ביניהם לצורך קביעת רמת ענישה כללית על ""ירי לרגל"". עם זאת, ההבדל בסיווג (329 לעומת 333+335) ובחומרת החבלה בפועל מחייב התאמות – תיק 1 ישמש לרוב כרף מחמיר יותר, ותיק 2 כנקודת ייחוס לעונש קל יחסית בתוך משפחת עבירות הירי הפוגעני. לפיכך, התיקים דומים במידה ניכרת אך אינם ""אחיות תאומות"" נורמטיביות.

SIMILARITY_SCORE: 70","ok",""
"ME-16-06-42987-901","ME-16-06-44840-433",3,1,1,"הנאשם, יליד 1997, הודה והורשע בתיק זה בכתב אישום מתוקן אשר תוקן במסגרת הסדר בין הצדדים. ההסדר כלל תיקון כתב האישום ללא הסכמה בעניין העונש. בנוסף צירף הנאשם שני תיקים אחרים שהיו תלויים ועומדים נגדו. בסך הכל הודה הנאשם והורשע כמפורט להלן:

בכתב האישום המתוקן בתיק זה  (להלן: תיק הנשק) – הנאשם הורשע באישום הראשון בעבירות  של נשיאת נשק לפי סעיף 144(ב) לחוק העונשין תשל""ז-1977 (להלן: חוק העונשין; החוק) ואיומים לפי סעיף 192 לחוק, בכך שקיבל לידיו רימון הלם, הגיע לבית משפחה בשכונת גילה בירושלים והשליך את הרימון לחצר הבית במטרה להטיל אימה על יושביו. הרימון התפוצץ בחצר. באישום השני הורשע הנאשם בכך שהצטייד בכלי נשק מאולתר שבו כדור בקליבר 9 מ""מ, ויחד עם אנשים נוספים, ביניהם אמיר סלמה שהצטייד ברימון גז ובשני רימוני הלם, הלכו למקום בו שהו אחרים שהיו מסוכסכים עמם. הנאשם ניסה לירות בנשק המאולתר לעבר רגליו של אחד מהאחרים, אך הנשק לא פעל. הנאשם זרק לעברו את רימון הגז אותו קיבל קודם לכן מידיו של אמיר סלמה. על כך הורשע הנאשם בעבירות של ניסיון לחבלה מחמירה לפי סעיף 329(א)(2) לחוק וניסיון תקיפה בנסיבות מחמירות לפי סעיפים 382(א) + 25 לחוק העונשין.

בת""פ (שלום ירושלים) 45121-06-16 (להלן: תיק הסמים) הורשע הנאשם בכתב אישום מתוקן בחמש עבירות של סחר בסמים לפי סעיפים 13+19א' לפקודת הסמים המסוכנים [נוסח חדש] תשל""ג-1973 ובעבירה אחת של החזקת סם שלא לשימוש עצמי לפי סעיפים 7(א) + 7(ג) רישא לפקודה זו. מדובר במספר אירועים של מכירת סם מסוג חשיש לקונים שונים (שניים מהם שוטרים), בכמויות משתנות של גרמים בודדים תמורת סכומים שבין 100 ₪ ל-400 ₪, במהלך החודשים מאי ויוני 2016.

בת""פ (שלום ירושלים) 25586-07-16 (להלן: תיק הגניבה) הורשע הנאשם בעבירה של גניבה לפי סעיף 384 לחוק העונשין. מדובר בגניבה של אופניים חשמליים בשווי 3,000 ₪ שבוצעה ביום 17.5.16.","הנאשם, יליד 1993, הודה והורשע בכתב אישום שתוקן במסגרת הסדר טיעון בעבירות של נשיאת נשק לפי סעיף 144(ב) לחוק העונשין התשל""ז-1977 (להלן: חוק העונשין), החזקת נשק לפי סעיף 144(א) לחוק וסיוע לנסיון לתקיפה לפי סעיפים 379 + 25 + 31 לחוק. 

על פי כתב האישום המתוקן, קיים סכסוך בין חברו של הנאשם אלירון גולד לבין אחרים, ביניהם רן ויוני אברג'יל ונתי קורקוס. עובר ליום 3.5.16 קיבל הנאשם לידיו והחזיק במקום מסתור שני רימוני הלם ורימון גז (להלן: הרימונים). בתאריך 5.6.16 נאמר לאלירון כי האחרים נמצאים ברחוב האפרסמון בירושלים. הוא קרא לנאשם ולחברים נוספים, הנאשם הצטייד ברימונים וכולם נסעו לרחוב האפרסמון. הנאשם מסר לאלירון את רימון הגז והסביר לו כיצד להשתמש בו. מאוחר יותר השליך הנאשם את רימון הגז לעבר רן אברג'יל . הנאשם נטל את שני רימוני ההלם והטמינם במקום סמוך. ביומיים שלאחר מכן העבירם בין שני מקומות מסתור נוספים. במסגרת הסדר הטיעון הוסכם גם שעבירת הסיוע לנסיון התקיפה התבטאה רק בכך שהנאשם הביא לזירה את הרימונים והסביר לאלירן איך להשתמש ברימון הגז.",65.0,"1. סוג העבירה וחומרתה  
בשני התיקים מדובר בעבירות נשק לפי סעיף 144, ובהקשר של עימות אלים בין צדדים מסוכסכים. עם זאת, בתיק 1 נוספה עבירת ניסיון לחבלה מחמירה לפי סעיף 329(א)(2) – עבירה חמורה בהרבה מניסיון תקיפה לפי סעיף 379 בתיק 2, וכן אירוע נוסף של רימון לבית מגורים ועבירות סמים וגניבה ש""המיסגור"" הכולל שלהן מחמיר מאוד את חומרת התיק. לכן קיימת קרבה סוגית, אך פער משמעותי ברמת החומרה הכוללת.

2. תפקיד הנאשם ומעורבותו  
בתיק 1 הנאשם הוא מבצע עיקרי ופעיל: הוא זה שזורק רימון הלם לחצר בית, מנסה לירות מנשק מאולתר לעבר רגלי המתלונן וזורק רימון גז – מעורבות התקפית ישירה ומובילה. בתיק 2 הנאשם מוגדר בהסדר כנותן סיוע: אחסון הרימונים, הבאתם לזירה והסבר על אופן השימוש, כאשר עבירת הסיוע לנסיון התקיפה ""צומצמה"" בפירוש רק לתפקיד זה – תפקיד מסייע/תומך יותר מאשר תוקף ראשי. הפער ברמת היוזמה והאקטיביות מגביל את הדמיון המהותי.

3. שיטת הביצוע (MO)  
בשני המקרים יש דפוס דומה של הצטיידות ברימוני הלם/גז, נסיעה כחלק מחבורה לזירת עימות על רקע סכסוך, ושימוש או היערכות לשימוש ברימונים כלפי היריבים. בתיק 1 מתווספים אלמנטים ייחודיים: שימוש בבית מגורים כ""זירת הטלת אימה"" ויורה (או ניסיון ירי) מנשק מאולתר – דבר שאינו קיים בתיק 2. לכן קיימת זהות מהותית בשימוש ברימונים במסגרת סכסוך, אך הביצוע בתיק 1 אלים ומסלים יותר.

4. נסיבות הליבה  
בשני התיקים מדובר בצעירים, סכסוך בין קבוצות, התארגנות מראש, הגעה חמושה למקום שבו נמצאים היריבים ושימוש ברימונים באזור עירוני. עם זאת, בתיק 1 יש שני אירועים נפרדים, השלכת רימון הלם לחצר בית מגורים (פגיעה בביטחון הציבור ותושבים חפים מפשע), ניסיון לירי מנשק חם ועבירה לפי סעיף 329 – המקרינים חומרה גבוהה בהרבה. בתיק 2 אין שימוש בנשק חם, אין עבירת 329, ותפקידו של הנאשם מצומצם לסיוע, כך שמדובר ב""אותו עולם"" נסיבתי, אך ברמת סיכון ותוצאה נמוכה יותר.

5. ישימות כתקדים  
לתכלית ענישה בעבירות נשק על רקע סכסוך תוך שימוש ברימונים, תיק 1 יכול לשמש נקודת ייחוס מהותית לתיק 2, במיוחד לעניין המסר ההרתעתי בעבירות רימונים בסכסוכים בעיר. עם זאת, בשל הפער המשמעותי בחומרת עבירת היסוד (329 לעומת 379 + סיוע), בריבוי האירועים ובכך שבתיק 1 צורפו גם תיקי סמים וגניבה – בית המשפט יראה בו, לכל היותר, רף עליון או מקרה מחמיר יותר, ולא תקדים אנלוגי במדויק. לכן הרלוונטיות כתקדים קיימת, אך היא חלקית ומסויגת.

SIMILARITY_SCORE: 65","ok",""
"ME-21-10-18557-340","SH-11-01-41775-497",1,0,0,"הנאשם שלפניי הורשע, על פי הודאתו במסגרת הסדר טיעון בעובדות כתב אישום מתוקן, בביצוע העבירות הבאות: עבירות בנשק (החזקה, הובלה ונשיאה) - עבירה לפי סעיף 144(א) רישא וסיפא + סעיף 144(ב) רישא וסיפא לחוק העונשין, התשל""ז-1977 (להלן: ""החוק""), וכן ירי מנשק חם - עבירה לפי סעיף 340א(ב)(1) ו-(2) לחוק.

על פי עובדות כתב האישום המתוקן, אשר עיקרן יובא להלן, הנאשם וג'יהאד סואעד (להלן: ""ג'יהאד"") הם מכרים. הנאשם ו- א' (להלן: ""א'"") הם מכרים וביניהם קיים סכסוך.

במהלך יום 16.9.2021, הנאשם החזיק בנשק מסוג תת מקלע מאולתר אשר סוגל לירות כדור / קלע ובכוחו להמית אדם, וכן במחסנית ולכל הפחות בשני כדורים תואמים לתת המקלע בקליבר 9 מ""מ (להלן יחד: ""הנשק""), זאת בלא רשות על פי דין. עובר לשעה 19:00, הנאשם הניח את הנשק שהיה טעון במחסנית ובכדורים ברכבו מסוג מאזדה בצבע כחול (להלן: ""הרכב"").

סמוך לשעה 19:00, בכפר אבו סנאן, הנאשם נסע ברכב כשהוא נושא ומוביל את הנשק. הוא הגיע אל ביתו של ג'יהאד אשר התיישב במושב הנהג והנאשם התיישב במושב הנוסע לידו, כשהנשק ברשותו. השניים נסעו בכפר אבו סנאן כשהנאשם נושא ומוביל את הנשק, בסיועו של ג'יהאד. במהלך הנסיעה, הגיעו השניים לרחוב בו נמצא עסק לחומרי בניין. במקום היה א' כשהוא יושב במאזדה לבנה (להלן: ""המאזדה"") במושב הנוסע ליד הנהג, ומכרו מוחמד פעאור ישב במושב הנהג.

הנאשם וג'יהאד עצרו ליד המאזדה, ובין הצדדים התפתחו חילופי דברים, במהלכם יצא הנאשם מהרכב כשהוא מחזיק בידו את הנשק הטעון. הנאשם פנה לעבר המאזדה, נעמד בצמוד לחלקה השמאלי קדמי (כך צויין- א' ס'), שם ישב א', וכיוון את הנשק לעבר המאזדה בכוונה להפחיד או להקניט את א'. מוחמד פעאור שהבחין במתרחש החל לנסוע מהמקום במטרה להתחמק מהנאשם.

הנאשם רץ אחרי המאזדה כשהוא מחזיק בידו את הנשק, וכשהמאזדה הייתה במרחק קצר ממנו, כיוון הוא את הנשק כלפי מעלה וירה לפחות שני כדורים. זאת בכוונה להפחיד את א' או להקניטו, באזור מגורים ובאופן שיש בו לסכן חיי אדם. הנאשם חזר אל הרכב, בו המתין ג'יהאד כל אותה העת, והשניים נסעו מהמקום כשג'יהאד נוהג ברכב ומסייע לנאשם לשאת ולהוביל את הנשק הטעון במחסנית ובכדורים.","הנאשם הורשע על פי הודאתו בעבירה של החזקת נשק ונשיאת תחמושת בכך שבמשך כשנה וחצי עובר ליום 1.6.08 החזיק בביתו אקדח ומחסנית. כמו כן החזיק ברכבו 34 כדורי אקדח.",30.0,"1. סוג העבירה וחומרתה  
שני התיקים עוסקים בעבירות נשק לפי סעיף 144 לחוק – החזקת ונשיאת נשק ותחמושת ללא רישיון. עם זאת, בתיק 1 מצטרפת עבירת ירי מנשק חם באזור מגורים עם סיכון לחיי אדם (סעיף 340א), הממקמת אותו ברמת חומרה גבוהה בהרבה מתיק 2, שעניינו החזקה ונשיאה פסיביות בלבד.

2. תפקיד הנאשם ומעורבותו  
בשני התיקים הנאשם הוא המחזיק הישיר בנשק והנאשם המרכזי בעבירה. אולם בתיק 1 הנאשם פועל באופן יזום ואקטיבי – מגיע לזירה, מציג את הנשק, רודף אחרי רכב ויורה, תוך הסתייעות בנהג; בתיק 2 מעורבותו מסתכמת בהחזקה ואחסון של הנשק והתחמושת ללא שימוש בהם.

3. שיטת הביצוע (MO)  
בתיק 1 מדובר בהחזקת תת־מקלע מאולתר, טעון, ברכב, הגעה לזירת סכסוך, יציאה מהרכב, כיוון הנשק וירי בפועל במרחב מיושב. בתיק 2 השיטה היא החזקה סטטית של אקדח בבית ואחזקת 34 כדורים ברכב לאורך זמן, ללא תזוזה ""מבצעית"", ללא איום גלוי וללא ירי – דפוס התנהגות שונה מהותית.

4. נסיבות הליבה  
תיק 1 כולל סכסוך קודם, תכנון מסוים (הבאת נשק טעון לזירה), ירי באזור מגורים, כוונה להפחדה ונסיבות היוצרות סיכון מובהק לחיי אדם – כולן נסיבות מחמירות. בתיק 2 אין אירוע עימות קונקרטי, אין שימוש בנשק, ואין תיאור של סיכון מיידי לחיי אדם; החומרה בו נשענת על עצם ההחזקה הבלתי חוקית והממושכת בלבד.

5. ישימות כתקדים  
לתיק 1 יהיה ערך מוגבל כתקדים ענישתי לתיק 2, שכן ההחמרה שם נשענת בעיקר על הירי והסיכון הממשי לחיי אדם, שאינם קיימים בתיק 2. מנגד, תיק 2 ישמש לכל היותר כרף נמוך להשוואה בתיקי ירי כמו תיק 1, אך אינו משקף את רמת החומרה והמסוכנות הגלומה בשימוש פעיל בנשק.

SIMILARITY_SCORE: 30","ok",""
"ME-16-06-42987-901","ME-14-10-31218-522",1,0,0,"הנאשם, יליד 1997, הודה והורשע בתיק זה בכתב אישום מתוקן אשר תוקן במסגרת הסדר בין הצדדים. ההסדר כלל תיקון כתב האישום ללא הסכמה בעניין העונש. בנוסף צירף הנאשם שני תיקים אחרים שהיו תלויים ועומדים נגדו. בסך הכל הודה הנאשם והורשע כמפורט להלן:

בכתב האישום המתוקן בתיק זה  (להלן: תיק הנשק) – הנאשם הורשע באישום הראשון בעבירות  של נשיאת נשק לפי סעיף 144(ב) לחוק העונשין תשל""ז-1977 (להלן: חוק העונשין; החוק) ואיומים לפי סעיף 192 לחוק, בכך שקיבל לידיו רימון הלם, הגיע לבית משפחה בשכונת גילה בירושלים והשליך את הרימון לחצר הבית במטרה להטיל אימה על יושביו. הרימון התפוצץ בחצר. באישום השני הורשע הנאשם בכך שהצטייד בכלי נשק מאולתר שבו כדור בקליבר 9 מ""מ, ויחד עם אנשים נוספים, ביניהם אמיר סלמה שהצטייד ברימון גז ובשני רימוני הלם, הלכו למקום בו שהו אחרים שהיו מסוכסכים עמם. הנאשם ניסה לירות בנשק המאולתר לעבר רגליו של אחד מהאחרים, אך הנשק לא פעל. הנאשם זרק לעברו את רימון הגז אותו קיבל קודם לכן מידיו של אמיר סלמה. על כך הורשע הנאשם בעבירות של ניסיון לחבלה מחמירה לפי סעיף 329(א)(2) לחוק וניסיון תקיפה בנסיבות מחמירות לפי סעיפים 382(א) + 25 לחוק העונשין.

בת""פ (שלום ירושלים) 45121-06-16 (להלן: תיק הסמים) הורשע הנאשם בכתב אישום מתוקן בחמש עבירות של סחר בסמים לפי סעיפים 13+19א' לפקודת הסמים המסוכנים [נוסח חדש] תשל""ג-1973 ובעבירה אחת של החזקת סם שלא לשימוש עצמי לפי סעיפים 7(א) + 7(ג) רישא לפקודה זו. מדובר במספר אירועים של מכירת סם מסוג חשיש לקונים שונים (שניים מהם שוטרים), בכמויות משתנות של גרמים בודדים תמורת סכומים שבין 100 ₪ ל-400 ₪, במהלך החודשים מאי ויוני 2016.

בת""פ (שלום ירושלים) 25586-07-16 (להלן: תיק הגניבה) הורשע הנאשם בעבירה של גניבה לפי סעיף 384 לחוק העונשין. מדובר בגניבה של אופניים חשמליים בשווי 3,000 ₪ שבוצעה ביום 17.5.16.","הנאשם, יליד 83', הורשע במסגרת הסדר בכתב אישום אשר תוקן, בעבירות בנשק – לפי סעיף 144 (א) לחוק העונשין, התשל""ז-1977 (להלן: חוק העונשין).

בתאריך 29/5/14 בשעה 02:45 בלילה (להלן: מועד האירוע), הגיע הנאשם סמוך לבית ד""ר אמון חסן בדיר אל אסד (להלן: המתלונן והבית, בהתאמה), כשהוא מחזיק רימון יד הלם/סינוור M7290 בצבע שחור עם פס כתוב המקיף אותו, שמספרו E386201 (להלן: הרימון). בכוחו של הרימון היה להזיק לאדם ולגרום לו פגיעה גופנית בעת פעולתו, בכפוף לקרבה של אותו אדם למוקד פעולת הרימון. במועד האירוע הושלך הרימון לעבר מרפסת ביתו של המתלונן, לאחר שהנצרה שוחררה. כתוצאה מכך נחת הרימון במרפסת והתפוצץ תוך גרימת קול נפץ עז, שהעיר את המתלונן ושכנו משנתם.

במעשיו כאמור לעיל, החזיק הנאשם נשק בלא רשות על פי דין.",70.0,"1. סוג העבירה וחומרתה  
בשני התיקים מדובר בעבירות נשק הכוללות החזקה/נשיאה ושימוש ברימון הלם/סינוור שהושלך לעבר בית מגורים, ברמת סיכון דומה (פיצוץ בסביבת בית מאוכלס, ללא נפגעים). עם זאת, בתיק 1 מצורפות לעבירת הרימון גם עבירות חמורות נוספות (ניסיון חבלה מחמירה בנשק מאולתר, תקיפה בנסיבות מחמירות, סחר בסמים וגניבה), כך שהחומרה הכוללת של ""תיק 1"" גבוהה באופן משמעותי מ""תיק 2"", אם בוחנים את כלל ההרשעות.

2. תפקיד הנאשם ומעורבותו  
בשני המקרים הנאשם הוא המבצע הישיר והמרכזי: מגיע לבית המתלונן, מחזיק ברימון ומשליך אותו כך שהוא מתפוצץ בסמוך לבית. בשני התיקים אין מדובר ב""דמות שולית"" או מחזיק פסיבי, אלא בפעולה יזומה, מכוונת ומבוצעת בפועל בידי הנאשם.

3. שיטת הביצוע (MO)  
דפוס הביצוע דומה מאוד: הגעה יזומה לבית אדם מסוים בשעת לילה, החזקת רימון הלם/סינוור, שליפת הנצרה וזריקת הרימון לחצר/מרפסת של בית מגורים, התפוצצות הרימון ויצירת קול נפץ והטלת אימה על דיירי הבית והשכנים. זהו דמיון מובהק בשיטה, באמצעי ובזירה (בית פרטי, לילה, שימוש בנשק חם-נפיץ למטרת הפחדה).

4. נסיבות הליבה  
בשני המקרים מדובר ברימון אחד, ללא פגיעה גופנית בפועל, אך עם פוטנציאל מסוים לגרימת נזק גופני ובהכרח נזק נפשי/תחושת ביטחון. בתיק 1 קיימת החמרה מהותית בנפרד – אירוע נוסף של ניסיון חבלה מחמירה בנשק מאולתר ורימוני גז/הלם בעימות עם יריבים, וכן עבריינות נלווית (סמים, גניבה), המייצרת פרופיל מסוכנות גבוה יותר מהנאשם בתיק 2. מנגד, האירוע הספציפי של הרימון לבית דומה מאוד מבחינת תכנון (הגעה יזומה לבית), סוג הנשק, מקום היעד והיעדר נפגעים.

5. ישימות כתקדים  
לצורכי ענישה בעבירה הספציפית של זריקת רימון הלם לבית מגורים, תיק 2 יכול להוות תקדים ענייני רלוונטי מאוד לתיק 1, כפסיקה השוואתית לגבי מתחם הענישה למעשה של זריקת רימון לבית ללא נפגעים. עם זאת, לצורך גזירת העונש הכולל בתיק 1 (שכולל גם ניסיון חבלה מחמירה ועבירות נוספות) משקלו של תיק 2 כתקדים מוגבל יותר, משום שהמסוכנות והחומרה המצרפית בתיק 1 גבוהות בהרבה.

SIMILARITY_SCORE: 70","ok",""
"ME-18-05-32659-754","ME-15-02-9111-399",1,0,0,"הנאשם הודה במסגרת כתב אישום מתוקן בביצוע העבירות בנשק (נשיאה והובלה) לפי סעיפים 144(ב)(רישא+סיפא) לחוק העונשין, והפרעה לשוטר במילוי תפקידו לפי סעיף 275 לחוק.

על פי האמור בכתב האישום המתוקן, ביום 05.05.2018, בשעה 00:25, נסע הנאשם בירכא, כשהוא נושא ומוביל את הפריטים הבאים: על רצפת הרכב מאחורי מושב הנהג – נשק דמוי תת-מקלע מאולתר בקוטר 9 מילימטר ""פאראבלום"", שמסוגל לירות כדור שבכוחו להמית אדם; בכיס האחורי של המושב ליד הנהג – שני רימוני גז מדמיע; בדופן הדלת ליד הנהג – מחסנית ריקה לתת מקלע מסוג עוזי; בדופן הדלת ליד הנהג – 9 כדורים לאקדח, 9 מילימטר ""פאראבלום""; ברכב בתוך שקית לבנה – ערכה לניקוי של נשק, ובתוכה 10 כדורים בקוטר 5.56 מילימטר.

באותה עת, ביצעה משטרת ישראל פעילות של הקמת מחסומים באזור ירכא לצורך איתור רכבו של הנאשם, ונוצר כתוצאה מכך פקק תנועה, והנאשם בתוכו. שוטרים שהבחינו ברכבו של הנאשם יצאו מהניידת שלהם וניגשו אליו, כשהם מזדהים כשוטרים. אחד מהם פתח את דלת הרכב וכיבה את המנוע, כאשר באותו שלב הבחינו השוטרים בתת-המקלע המאולתר על רצפת הרכב מאחורי הנהג, והודיעו לנאשם שהוא עצור. הנאשם סירב לצאת מהרכב, והחל לדחוף את השוטרים, כדי למנוע מהם להוציאו מהרכב, ואלה נאלצו להפעיל כוח סביר להשתלט עליו. הנאשם התנגד גם להכנסתו לניידת, וניסה להשתחרר מאחיזתם של השוטרים.","ביום  18.3.15 הורשע הנאשם על סמך הודייתו, בעבירות שיוחסו לו בכתב אישום שתוקן במסגרת הסדר טיעון. ההסדר לא כלל הסכמה לענין העונש.

בכתב האישום המתוקן יוחסו לנאשם עבירות בנשק – לפי סעיף 144(א) + (ב) לחוק העונשין, התשל""ז-1977.

נאמר כי ביום 25.1.15, סמוך לשעה 15:00, הגיעו שוטרים לסוכת אבלים של משפחת חסארמה בכפר בענה במטרה לעכב את יוסף חסארמה לחקירה. הנאשם שהיה במתחם הבחין בשוטרים והחל במנוסה מהם, וזאת כשהוא נושא ומחזיק אקדח מסוג FN מספר 74423 ומחסנית עם 13 כדורים 9 מ""מ. זאת עשה הנאשם בלא רשות על פי דין לנשיאתם והחזקתם של האקדח והמחסנית. במהלך המנוסה מהשוטרים, זרק הנאשם את האקדח והמחסנית ובמעשיו המתוארים לעיל הוא החזיק ונשא  נשק שמסוגל לירות כדור שבכוחו להמית אדם, אביזר לנשק ותחמושת וזאת בלא רשות על פי דין להחזקתם ונשיאתם.",72.0,"1. סוג העבירה וחומרתה  
בשני התיקים מדובר בעבירות נשק לפי סעיף 144 – נשיאה/הובלה של נשק ותחמושת ללא רישיון, כשהעבירות הבסיסיות כמעט זהות מבחינה נורמטיבית. עם זאת, בתיק 1 יש ריבוי פריטי נשק (תת‑מקלע מאולתר, תחמושת, רימוני גז) ועבירת נלוות של הפרעה לשוטר, מה שמעלה את רמת החומרה ביחס לתיק 2 שבו מדובר באקדח אחד עם מחסנית בלבד.

2. תפקיד הנאשם ומעורבותו  
בשני המקרים הנאשם הוא המחזיק והנושא הישיר של הנשק, ללא אינדיקציה לעיסוק כסוחר נשק או כחלק ממערך עברייני רחב יותר – ""נושא/מחזיק"" ולא ""סוחר/מארגן"". המעורבות היא פעילה וישירה בשני התיקים, ולא מדובר בהחזקה תיאורטית או עקיפה בלבד.

3. שיטת הביצוע (MO)  
בשני התיקים מדובר בנשיאת נשק טעון/מוכן לשימוש במרחב ציבורי, עד לרגע המגע עם שוטרים. בתיק 1 הנאשם נתפס ברכב במחסום והגיב בהתנגדות פיזית; בתיק 2 הנאשם החל במנוסה רגלית וזרק את האקדח – דפוס תגובה דומה של ניסיון להימלט או לסכל את מעצרו, אם כי ללא אלימות כלפי שוטרים.

4. נסיבות הליבה  
בתיק 1 יש נשק מאולתר מסוג תת‑מקלע, תחמושת בכמויות שונות ורימוני גז מדמיע – ריבוי אמצעי לחימה ונשק בעל פוטנציאל פגיעה חמור יותר, בתוספת התנגדות פיזית לשוטרים. בתיק 2 מדובר באקדח אחד עם 13 כדורים, בלי שימוש בנשק ובלי אלימות כלפי שוטרים, אך עם השלכת הנשק תוך מנוסה – נסיבה מחמירה פחות בהשוואה למאבק פיזי. בשני המקרים אין שימוש בפועל בנשק, אך היקף האמל""ח וההתנהגות מול השוטרים מציבים את תיק 1 כמחמיר יותר.

5. ישימות כתקדים  
לצורכי ענישה בעבירות נשק לפי סעיף 144, שני התיקים מצויים באותה ""משפחת"" עבירות: נשיאה/החזקה בפועל של נשק חם במרחב הציבורי ללא רישיון, ולכן בתי משפט יראו בתיק אחד רלוונטי כנקודת מוצא לשיקולי ענישה בתיק האחר. יחד עם זאת, יהיה צורך לסייג – תיק 1 ישמש בדרך כלל כרף מחמיר יותר בשל היקף הנשק וריבוי הפריטים וההתנגדות לשוטרים, ותיק 2 כנקודת השוואה לעבירת נשיאת אקדח בודד.  

SIMILARITY_SCORE: 72","ok",""
"ME-16-05-336-804","ME-16-11-69158-529",2,0,1,"הנאשם הורשע על יסוד הודאתו בעובדות כתב אישום מתוקן, שגובש במסגרת הסדר דיוני, בעבירה של נשיאה והובלת נשק, אביזר נשק ותחמושת, לפי סעיף 144 (ב) רישא וסיפא לחוק העונשין, התשל""ז-1977 [להלן: ""חוק העונשין""].

על פי עובדות כתב האישום המתוקן, שהה הנאשם, בשעת ערב, בטקס חינה לקראת חתונתם של בני זוג ביום 24/04/16. במהלך טקס החינה, יצא הנאשם מהמקום כשהוא נושא תת מקלע מאולתר מסוג ""קרל גוסטב"". כשהגיע לפינת רחוב סמוך, הרים את תת המקלע לכיוון השמיים, ביצע ""פריקה"" שלו בכך שדרך את תת המקלע, לחץ על הדק תת- המקלע וביצע נקירה. מיד בהמשך, הלך הנאשם לכיוון צפון כשהוא נושא את תת המקלע בידו.

לאחר מכן, במהלך החינה, בשעה שאינה ידועה במדויק, פגש הנאשם בשכנו – רדואן סמארה (להלן: ""רדואן"") וביקש להתלוות לרדואן למכוניתו על מנת להגיע לביתו. הנאשם ורדואן נכנסו למכונית, כאשר רדואן נהג ברכב והנאשם התיישב במושב שליד הנהג בעודו נושא עמו, בתוך תיק גב, את תת המקלע יחד עם שתי מחסניות ריקות וכפפה ובה 26 כדורים מסוג 9 מ""מ. רדואן החל בנסיעה על כביש מספר 24, באותה עת הבחינו שלושה שוטרים במכונית, והחלו בנסיעה אחריה בניידת משטרתית. השוטרים כרזו למכונית לעצור, אך המכונית החלה להימלט מהניידת והנאשם זרק את התיק ובו תת המקלע, שתי המחסניות הריקות, הכפפה ו-26 כדורים מחוץ לחלון המכונית. מיד ובסמוך לאחר מכן, תפסו השוטרים את התיק והכפפה.","הנאשם הורשע בהתאם להודאתו בעובדות כתב האישום המתוקן בעבירות כדלקמן:

נשיאת נשק ותחמושת, עבירה לפי סעיף 144 (ב) רישא וסיפא בחוק העונשין, תשל""ז – 1977 (להלן: ""החוק"").

ירי באזור מגורים, עבירה לפי סעיף 340 א' בחוק.

עלי־פי המתואר בעובדות כתב האישום המתוקן, עובר לתאריך 23.11.16 טמן הנאשם באדמה, סמוך לביתו בטייבה תיק בד ובו נשק תת־מקלע מסוג ""קרלו"" (קרל גוסטב) (להלן: ""הנשק""), יחד עם מחסנית ותחמושת מסוג 9 מ""מ (להלן: ""התחמושת""). בתאריך 23.11.16 הוציא הנאשם את התיק, הכניסו לרכבו ובשעה 21:00 לערך הגיע ברכבו לאירוע משפחתי ברחבת בית משפחת ג'בארה בטייבה, שם הנאשם הוציא את הנשק והתחמושת מהרכב, ניגש לחצר הבית, כיוון את הנשק כלפי מעלה, וירה צרור כדורים. לאחר שסיים לירות, ניגש הנאשם לרכבו, החביא בו את הנשק מתחת למושב הנהג, ואת התחמושות החביא בתוך שקית מתחת למושב הסמוך למושב הנהג ברכב.",75.0,"1. סוג העבירה וחומרתה  
בשני התיקים מדובר בעבירת נשיאת/הובלת נשק ותחמושת לפי סעיף 144(ב) רישא וסיפא – זו זהות מלאה בסוג העבירה העיקרית. עם זאת, בתיק 2 קיימת עבירה נוספת של ירי באזור מגורים לפי סעיף 340א', המעלה את רמת החומרה המצרפית ביחס לתיק 1, שבו אין ייחוס של ירי מסוכן בפועל אלא לכל היותר פריקה/נקירה כלפי מעלה ללא תוצאה.  

2. תפקיד הנאשם ומעורבותו  
בשני המקרים הנאשם הוא המחזיק והנושא העיקרי של הנשק – לא שליח, לא ""נותן שירות"" לאחר, ולא חוליה בשרשרת סחר; הוא הגורם המרכזי בביצוע. המעורבות בשני התיקים היא אקטיבית (נשיאה, שליטה, שימוש/ניסיון שימוש), ולא ""פסיבית"" או אגבית – כך שמבחינת תפקיד ומידת מעורבות יש דמיון גבוה.  

3. שיטת הביצוע (MO)  
בשני התיקים: תת־מקלע מאולתר מסוג ""קרלו""/""קרל גוסטב"", תחמושת 9 מ""מ, הקשר של אירוע משפחתי (חינה/אירוע משפחתי ברחבה), ונשיאת הנשק ברכב ובהמשך החבאתו (בתיק 1 בתיק גב שנזרק, בתיק 2 ברכב ומתחת לאדמה). בשניהם נעשה שימוש כלפי מעלה באזור מגורים בהקשר של אירוע, מאפיין טיפוסי של ""ירי שמחה""; עם זאת, בתיק 2 מדובר בצרור יריות מובהק, ובתיק 1 זה מתואר כ""פריקה"" ונקירה אחת, כך שעוצמת השימוש שונה.  

4. נסיבות הליבה  
יש דמיון מהותי ברכיבי הליבה: נשק אוטומטי מאולתר, תחמושת 9 מ""מ, אזור מגורים/סביבת מגורים, הקשר משפחתי, ונשיאה ברכב. ההבדל המרכזי: בתיק 2 יש החזקה מתמשכת ומתוכננת (טמינת הנשק באדמה, הוצאה לקראת האירוע, צרור יריות, הסתרה מחדש) וכן ירי משמעותי בפועל באזור מגורים – נסיבות מחמירות יותר מהתיק הראשון, שבו הירי מינימלי/ספק אם מבצע ירי ""ממשי"" וכולל הימלטות והשלכת הנשק בעת מרדף משטרתי.  

5. ישימות כתקדים  
לבית משפט הדן בעבירת נשק ""חברתית"" (ירי באירועים, נשיאת תת־מקלע מאולתר עם תחמושת ברכב ובסביבה עירונית) שני המקרים יהיו רלוונטיים זה לזה לצורכי גזירת עונש במתחם עבירות נשק, ובעיקר לניתוח סיכון לציבור ושיקולי הרתעה. עם זאת, בתיק 2 יש עבירה נוספת והיקף ירי חמור יותר, ולכן הוא ישמש בעיקר כתקדים מחמיר ביחס לתיק 1, ולא בהכרח כאנלוגיה מלאה כאשר נשאלת השאלה מהו רף הענישה ה""רגיל"" להחזקה בלבד ללא ירי משמעותי באזור מגורים.  

SIMILARITY_SCORE: 75","ok",""
"SH-17-10-10556-234","m07001074-98",2,0,1,"הנאשם שלפני הורשע, על פי הודאתו במסגרת הסדר טיעון, בעבירות של החזקת נשק, על פי סעיף 144(א) רישא לחוק העונשין תשל""ז – 1977, והחזקת אביזר נשק לתחמושת, לפי סעיף 144(א) סיפא לחוק האמור.

עובר ליום 28/08/2017 החזיק הנאשם באקדח ובתוכו מחסנית ובה 10 קליעים בקוטר 8 מ""מ. האקדח היה בבעלותו של אחר והוחזק על ידי הנאשם בתוך שקית בחצר הסמוכה לביתו. עוד במועד האמור החזיק הנאשם באקדח ובתוכו מחסנית לא טעונה. הנאשם החזיק את האקדח בתוך כפפה מתחת למזרון בתוך ערימת זבל, במרחק של כ-100 מטרים מביתו.","הנאשם הורשע על פי הודאתו בכתב אישום מתוקן שבמסגרתו נכללה עבירה של החזקת נשק -עבירה לפי סעיף 144 (א) רישא לחוק העונשין, התשל""ז-1977 (להלן: ""חוק העונשין"").

מהעובדות המופיעות בכתב האישום המתוקן עולה, כי בתאריך 31/1/07, מצא הנאשם בשטח אדמה הסמוך לכפר מגוריו נשק מסוג עוזי ושתי מחסניות (להלן: ""הנשק""). הנאשם נשא את הנשק והובילו עד לביתו, שם החביאו מעל ארון בגדים בכוונה להמשיך להחזיק בו מבלי שהיה בידיו היתר להחזקתו עפ""י דין. ביום 4/2/07 נערך חיפוש בביתו של הנאשם, על פי צו בית משפט, וכך אותר הנשק ונתפס, כשעד לאותו מועד נמנע הנאשם מלהסגיר את הנשק לגורמי החוק, וזאת חרף ידיעתו כי אין לו היתר להחזיק בנשק או להובילו.",72.0,"1. סוג העבירה וחומרתה  
שני התיקים עוסקים באותה עבירה סטטוטורית – החזקת נשק לפי סעיף 144(א) לחוק העונשין, ללא שימוש, סחר או ירי. עם זאת, בתיק 1 מדובר באקדח (ואקדח נוסף לא טעון) עם תחמושת, ואילו בתיק 2 בעוזי (נשק צבאי אוטומטי) עם שתי מחסניות – מה שבדרך‑כלל נתפס כחמור יותר, מנגד בתיק 1 יש שני אקדחים ואחד טעון, כך שהחומרה הכוללת קרובה אך לא זהה.  

2. תפקיד הנאשם ומעורבותו  
בשני המקרים הנאשם הוא המחזיק הישיר והראשי בנשק, לא שליח ולא דמות שולית. בתיק 1 הנאשם מחזיק בנשק השייך לאחר ומסתיר אותו בשני מקומות שונים, מה שמעיד על מודעות ופעילות אקטיבית לשמירת הנשק עבור אחר; בתיק 2 הנאשם מוצא נשק, אך מקבל החלטה מודעת לקחתו לביתו, להחביאו ולהמשיך להחזיק בו – גם כאן מעורבות פעילה, ברמת אשמה דומה.  

3. שיטת הביצוע (MO)  
בשני התיקים דפוס הביצוע דומה: החזקת נשק מוסתר בסביבת המגורים של הנאשם, ללא גילוי יזום לרשויות, עד שנתפס בחיפוש. ההבדל הוא בדרך ההגעה לנשק – בתיק 1 החזקה של נשק של אחר (מגלם בדרך‑כלל קשר לעולם עברייני), ובתיק 2 מציאה אקראית לכאורה – אך מאותו רגע ואילך הדפוס זהה: נשיאה לבית, הסתרה מכוונת והמשך החזקה.  

4. נסיבות הליבה  
שני המקרים עוסקים בהחזקה ""יבשה"" – ללא שימוש, איומים, סכסוך או הקשר פלילי אחר, בבית/סביב הבית. בתיק 1: שני אקדחים, אחד טעון עם 10 כדורים, הסתרה בשתי נקודות שונות, החזקה עבור אחר – נקודות מחמירות מבחינת מסוכנות וקשר פלילי; בתיק 2: עוזי ושתי מחסניות, החזקה למספר ימים והימנעות מהסגרה – חומרה גבוהה בסוג הנשק אך משך החזקה קצר יותר ומקורו כ""מציאה"", שיש שיראו בו רכיב מקל חלקי.  

5. ישימות כתקדים  
שני התיקים רלוונטיים זה לזה כמסגרת ענישה לעבירת החזקת נשק שלא בהקשר של שימוש פעיל, כשעיקר הדיון בעונש ייסוב סביב סוג הנשק, מספר כלי הנשק, התחמושת, משך ההחזקה והאם הנשק ""עבור אחר"". בית משפט בהחלט יכול להיעזר בתיק אחד כתקדים ענישתי לשני, אך יידרש לבצע התאמות: בתיק 2 להדגיש את חומרת העוזי, ובתיק 1 את ריבוי האקדחים, הנשק הטעון וההחזקה עבור אחר.  

SIMILARITY_SCORE: 72","ok",""
"SH-19-07-60805-168","ME-14-10-31218-522",1,0,0,"הנאשם שלפני נותן את הדין בגין עבירות של החזקת נשק ותחמושת שלא כדין, בניגוד לסעיף 144(א) רישא וסיפא לחוק העונשין, התשל""ז – 1977.

בהתאם לעובדות כתב האישום המתוקן כא/1, בהן הודה הנאשם במסגרת הסדר טיעון, בתאריך 08.07.19, נתפס הנאשם מחזיק, בתא המטען ברכבו מסוג לקסוס, מ.ר. 72-111-79 (להלן: ""הלקסוס""), מתחת לשטיח הגלגל הרזרבי, אקדח חצי אוטומטי מסוג גז/הזנקה, אשר בוצע שינוי בייעודו המקורי ובעת תפיסתו – מסוגל היה לירות כדורי אקדח. כמו כן, בתוך האקדח נתפסה מחסנית, המתאימה לאקדח חצי אוטומטי מסוג ""סמית' אנד ווסון"", טעונה ב-10 כדורים בקוטר 9 מ""מ פאראבלום.","הנאשם, יליד 83', הורשע במסגרת הסדר בכתב אישום אשר תוקן, בעבירות בנשק – לפי סעיף 144 (א) לחוק העונשין, התשל""ז-1977 (להלן: חוק העונשין).

בתאריך 29/5/14 בשעה 02:45 בלילה (להלן: מועד האירוע), הגיע הנאשם סמוך לבית ד""ר אמון חסן בדיר אל אסד (להלן: המתלונן והבית, בהתאמה), כשהוא מחזיק רימון יד הלם/סינוור M7290 בצבע שחור עם פס כתוב המקיף אותו, שמספרו E386201 (להלן: הרימון). בכוחו של הרימון היה להזיק לאדם ולגרום לו פגיעה גופנית בעת פעולתו, בכפוף לקרבה של אותו אדם למוקד פעולת הרימון. במועד האירוע הושלך הרימון לעבר מרפסת ביתו של המתלונן, לאחר שהנצרה שוחררה. כתוצאה מכך נחת הרימון במרפסת והתפוצץ תוך גרימת קול נפץ עז, שהעיר את המתלונן ושכנו משנתם.

במעשיו כאמור לעיל, החזיק הנאשם נשק בלא רשות על פי דין.",30.0,"1. סוג העבירה וחומרתה  
שני התיקים נסובים סביב עבירות נשק לפי סעיף 144(א), כלומר אותה מסגרת נורמטיבית. עם זאת, בתיק 1 מדובר בהחזקת אקדח ותחמושת ""יבשה"", ללא שימוש; בתיק 2 מדובר ברימון הלם שהופעל והושלך לעבר בית, מה שהופך את חומרת המעשה הממשית לגבוהה בהרבה, גם אם סעיף האישום הפורמלי זהה.

2. תפקיד הנאשם ומעורבותו  
בתיק 1 הנאשם הוא מחזיק/מסתיר נשק ברכבו, ללא פעולה תוקפנית נלווית – מעורבות ""סטטית"" של החזקה. בתיק 2 הנאשם הוא המבצע הישיר של פעולה התקפית (הגעה לבית המתלונן, החזקת הרימון והשלכתו), כלומר מעורבות אקטיבית ותוקפנית, הנחשבת חמורה יותר מבחינת אופי המעשה.

3. שיטת הביצוע (MO)  
בתיק 1 – הסתרת אקדח ומחסנית ברכב, מתחת לשטיח הגלגל הרזרבי; מדובר בדפוס של החזקה והטמנה, ללא מטרה התקפית גלויה. בתיק 2 – הגעה יזומה לבית מסוים בשעת לילה, שליפת נצרה והשלכת רימון למרפסת; זהו MO של ""תקיפת בית"" באמצעות אמצעי לחימה. אין דמיון של ממש בדפוסי ההתנהגות.

4. נסיבות הליבה  
בתיק 1 – אקדח חצי-אוטומטי שעבר שינוי ייעוד, ומחסנית עם 10 כדורים; אין תיאור של תכנון תקיפה, איומים או שימוש. בתיק 2 – רימון הלם בעל פוטנציאל לגרימת פגיעה גופנית, הופעל והופנה לעבר מרפסת בית מגורים בשעה 02:45; נסיבות של תכנון, בחירת יעד וזמן, וסיכון ממשי לסובבים – נסיבות מחמירות לעומת החזקה בלבד.

5. ישימות כתקדים  
לצורכי ענישה, בית משפט יראה בשני המקרים חלק מאותה ""משפחת"" עבירות הנשק, אך יבחין בבירור בין החזקה פסיבית לבין החזקה בצירוף שימוש התקפי ברימון לעבר בית. תיק 2 עשוי לשמש לכל היותר כרף עליון או דוגמה מחמירה ולא כתקדים ישיר ומדיד לתיק 1; הדמיון המהותי לענייני ענישה מוגבל.

SIMILARITY_SCORE: 30","ok",""
"ME-16-06-44840-433","SH-11-05-24791-315",1,0,0,"הנאשם, יליד 1993, הודה והורשע בכתב אישום שתוקן במסגרת הסדר טיעון בעבירות של נשיאת נשק לפי סעיף 144(ב) לחוק העונשין התשל""ז-1977 (להלן: חוק העונשין), החזקת נשק לפי סעיף 144(א) לחוק וסיוע לנסיון לתקיפה לפי סעיפים 379 + 25 + 31 לחוק. 

על פי כתב האישום המתוקן, קיים סכסוך בין חברו של הנאשם אלירון גולד לבין אחרים, ביניהם רן ויוני אברג'יל ונתי קורקוס. עובר ליום 3.5.16 קיבל הנאשם לידיו והחזיק במקום מסתור שני רימוני הלם ורימון גז (להלן: הרימונים). בתאריך 5.6.16 נאמר לאלירון כי האחרים נמצאים ברחוב האפרסמון בירושלים. הוא קרא לנאשם ולחברים נוספים, הנאשם הצטייד ברימונים וכולם נסעו לרחוב האפרסמון. הנאשם מסר לאלירון את רימון הגז והסביר לו כיצד להשתמש בו. מאוחר יותר השליך הנאשם את רימון הגז לעבר רן אברג'יל . הנאשם נטל את שני רימוני ההלם והטמינם במקום סמוך. ביומיים שלאחר מכן העבירם בין שני מקומות מסתור נוספים. במסגרת הסדר הטיעון הוסכם גם שעבירת הסיוע לנסיון התקיפה התבטאה רק בכך שהנאשם הביא לזירה את הרימונים והסביר לאלירן איך להשתמש ברימון הגז.","על פי כתב האישום, ביום 19/07/09 בשעה 21:00 לערך החזיקה הנאשמת בביתה שבכפר עין-נקובא אקדח חצי אוטומטי אף-אן (FN) ושתי מחסניות תואמות.

על יסוד הודאתה זו הורשעה הנאשמת ביום 09/01/13  בעבירה של החזקת נשק לפי סעיף 144(א) רישא לחוק העונשין, התשל""ז-1977 (להלן: ""החוק"") ובעבירה של החזקת אביזר לנשק לפי סעיף 144(א) סיפא לחוק.",30.0,"1. **סוג העבירה וחומרתה**  
בשני התיקים קיימת הרשעה בעבירה לפי סעיף 144(א) לחוק העונשין (החזקת נשק), כך שיש חפיפה נורמטיבית בסיסית. עם זאת, בתיק 1 יש מצבור עבירות חמור בהרבה – נשיאת נשק, החזקת נשק, וסיוע לניסיון תקיפה תוך שימוש ברימון גז במסגרת סכסוך אלים – המעמיד את התיק ברף מסוכנות ועונשיות גבוה משמעותית מתיק 2, שהוא ""החזקה יבשה"" בבית.

2. **תפקיד הנאשם ומעורבותו**  
בתיק 1 הנאשם הוא דמות פעילה: מצטייד בנשק, מביא אותו לזירת הסכסוך, מסביר שימוש, ואף משליך רימון גז לעבר אדם – מעורבות יוזמת ותוקפנית. בתיק 2 תפקיד הנאשמת מצטמצם להחזקת נשק ואביזריו בבית, ללא הפעלה, ללא תנועה עם הנשק וללא קישור מובהק לאירוע אלים ספציפי – מעורבות ""סטטית"" בהרבה.

3. **שיטת הביצוע (MO)**  
בתיק 1 מדובר בהחזקת רימונים במקומות מסתור, הובלתם לזירת עימות, שימוש בפועל ברימון גז והטמנת רימוני הלם במקומות נוספים – דפוס עברייני דינמי, מתוכנן ומוסתר. בתיק 2 השיטה היא החזקה בבית של אקדח ומחסניות, ללא תנועה, ללא הטמנות וללא שילוב בסכסוך – דפוס שונה מהותית.

4. **נסיבות הליבה**  
בתיק 1 יש שימוש בפועל בנשק (רימון גז), היערכות מוקדמת לסכסוך, תנועה עם נשק בשטח ציבורי והטמנת רימונים – כל אלה נסיבות מחמירות מובהקות של מסוכנות ותכנון. בתיק 2 מדובר באקדח אחד ושתי מחסניות בבית, ללא שימוש, ללא אירוע אלים צמוד, וללא נסיבות מחמירות נוספות מעבר לעצם ההחזקה.  

5. **ישימות כתקדים**  
הדמיון העיקרי הוא נורמטיבי – שני המקרים עוסקים בעבירות לפי סעיף 144(א), ולכן ניתן לשאוב עקרונות כלליים בענישה על החזקת נשק. אולם בשל הפער המשמעותי במידת המסוכנות, השימוש בפועל בנשק והקשר לסכסוך אלים בתיק 1, בית משפט יראה בתיק 1 תקדים מוגבל ורחוק לתיק 2 (וההיפך), ולא ""תיק מקביל"" לענישה.

SIMILARITY_SCORE: 30","ok",""
"ME-16-08-229-604","ME-16-05-19384-544",1,0,0,"הנאשם הורשע, על פי הודאתו בעובדות כתב אישום מתוקן בשנית, במסגרת הסדר טיעון, בעבירה של חבלה בכוונה מחמירה, לפי סעיף 329(א)(2) בצירוף סעיף 29 לחוק העונשין תשל""ז – 1977 (להלן: ""החוק""); בעבירה של נשיאת נשק, לפי סעיף 144(ב) לחוק; בשתי עבירות של החזקת נשק, לפי סעיף 144(א) לחוק; בעבירה של גניבת רכב, לפי סעיף 413ב(א) לחוק; בעבירה של ייצור נשק, לפי סעיף 144(ב2) לחוק; בשלוש עבירות של הפרעה לשוטר בנסיבות מחמירות, לפי סעיף 275א לחוק; בעבירה של ניסיון הצתה, לפי סעיף 448(א) רישא בצירוף סעיף 25 לחוק; ובעבירה של ירי בשטח בנוי, לפי סעיף 340 א לחוק.

להלן עובדות כתב האישום המתוקן בשנית:

האישום הראשון - ביום 29.6.2016, בשעה שאינה ידועה במדויק למאשימה, בעת ששהה הנאשם בתל אביב ביחד עם חברו, הבחין בדרך ההגנה בתל אביב בקטנוע מסוג סאן יאנג ל.ז. 5018278 (להלן: ""הקטנוע""). בליבו של הנאשם גמלה ההחלטה לגנוב את הקטנוע, ולאחר שחברו אמר כי אינו מעוניין להיות מעורב בכך ונסע מהמקום, הניע הנאשם את הקטנוע באמצעות חיבור החוטים ונסע עם הקטנוע מהמקום.

בתאריך 4.7.2016, בשעות הלילה, נכנס כח צה""ל למחנה הפליטים קלנדיה (להלן: ""המחנה"") לפעילות מבצעית. הנאשם, אשר שמע כי ישנם כוחות במחנה, מיהר לביתו, לקח משם רובה מסוג M16 קצר, אשר התבקש להסתיר בביתו, והעביר אותו לחנות האטליז המשפחתית בעיר רמאללה. כאשר שב למחנה בסביבות השעה 02:30 או בסמוך לכך, פגש את צלאח חמד (להלן: ""צלאח""), אשר החליט לבצע פיגוע ירי כנגד חיילי צה""ל. צלאח פנה לנאשם וביקש ממנו, לצורך כך, את הרובה מסוג M16 המצוי בחזקתו של הנאשם (להלן : ""הנשק""). הנאשם הסכים, והשניים נסעו על הקטנוע לרמאללה, וחזרו כעבור כשעה עם הנשק כשהוא מוסתר בתוך הקטנוע. הנאשם וצלאח, רכובים על הקטנוע, נסעו ברחבי המחנה וסביבותיו, כשהם תרים, בין היתר, אחר כח צה""ל על מנת לירות לעברו. בשלב מסוים ראו חיילים, אולם מאחר שבמקום היו אנשים נוספים המוכרים לשניים, החליטו שלא לבצע את הפיגוע. בסביבות השעה 05:30 הגיעו הנאשם וצלאח לאזור הררי המכונה ""סטח מרחבה"", שם הבחינו בכח צה""ל העושה דרכו רגלית אל מחוץ לכפר. הנאשם וצלאח עצרו את הקטנוע בסמוך לאחד הבתים, הנאשם הוציא את הנשק מן הקטנוע ומסר אותו לצלאח, אשר התרחק מן הנאשם כמטר וירה לעבר החיילים שמונה יריות ממרחק של כ-250 מטר, בכוונה לפגוע בהם באמצעות ירי. במעשיו המתוארים לעיל ניסה הנאשם, בצוותא חדא, לפגוע באדם בקליע, בסכין, או בנשק מסוכן או פוגעני אחר שלא כדין, נשא נשק בלא רשות על פי דין לנשיאתו, החזיק נשק בלא רשות על פי דין להחזקתו, וגנב רכב.

האישום השני - במהלך גל הטרור האחרון, החל מספטמבר 2015 ועובר להגשת כתב האישום (להלן: ""התקופה הרלוונטית""), נטל הנאשם חלק במספר הזדמנויות בעימותים אלימים כנגד כוחות הביטחון, כפי שיפורט להלן:

ביום 1.3.2016, בעקבות כניסתו של רכב צבאי בשוגג לתוך מחנה קלנדיה וניסיונות החילוץ של שני החיילים נוסעי הרכב עקב כך, התפתחו במקום עימותים אלימים מול כוחות הביטחון. הנאשם נטל חלק בעימותים ויידה ממרחק של כ-20 מטר אבנים לעבר כוחות הביטחון.

בתאריך 13.4.2016, בשעות הלילה, במהלך הריסת ביתו של המחבל חסין אבו גוש במחנה קלנדיה על ידי כוחות הביטחון, הגיע הנאשם למקום ויידה שלושה בקבוקי תבערה ממרחק של כ-20 מטר לעבר הרכבים של כוחות הביטחון.

בתאריך 1.7.2016, המועד בו חל ""ליל אל-קדר"", בסביבות השעה 22:00 או בסמוך לכך, התרחשה התפרעות אלימה כנגד כוחות הביטחון בשער שכם. הנאשם וחבריו, שזהותם אינה ידועה במדויק למאשימה, נטלו חלק בהתפרעות, והנאשם יידה לעבר כוחות הביטחון אבן ובקבוק מים.

במעשיו המתוארים לעיל הנאשם ייצר נשק; יידה אבן או חפץ אחר לעבר שוטר או לעבר כלי רכב משטרתי, במטרה להפריע לשוטר כשהוא ממלא את תפקידו כחוק או להכשילו בכך בשלוש הזדמנויות שונות, וניסה לשלח אש במזיד בדבר לא לו.

האישום השלישי - בחודש יוני 2016, במועד שאינו ידוע במדויק למאשימה, שוחח הנאשם עם אדם בשם קדרי ושאל אותו אם יוכל להשיג עבורו רובה מסוג M16. לאחר שקדרי השיב בחיוב, ביקש הנאשם מאביו כי ייתן לו כסף לצורך רכישת הנשק, אולם אביו סירב. במועד שאינו ידוע במדויק למאשימה, קיבל הנאשם מאביו אקדח 9 מ""מ (""אקדח בלגי"") והחזיק אותו בביתו של בן דודו ג'ודה אבו עיישה (להלן: ""ג'ודה"") הנמצא בבית המשפחה בכפר עקב.

ביום 11.7.2016, יום סיום מבחני הבגרות של הנאשם, בסביבות השעה 10:30 או בסמוך לכך, לקח הנאשם את האקדח מביתו של ג'ודה וירה בכניסה לביתו שמונה כדורים באוויר.

לאחר מכן החביא את האקדח בביתו, ובערב השיב לג'ודה את האקדח.

במעשיו המתוארים לעיל החזיק הנאשם נשק בלא רשות על פי דין להחזקתו, וירה מנשק חם באזור מגורים ללא הסבר סביר.","הנאשם הורשע על פי הודאתו, במסגרת הסדר טיעון בכתב אישום מתוקן, לאחר שחזר בו מכפירתו, בעבירת נשיאת נשק לפי סעיף 144(ב) לחוק העונשין התשל""ז-1977 (להלן חוק העונשין), בעבירת ניסיון לחבלה חמורה לפי סעיף 333 בצירוף סעיף 25 לחוק העונשין, בעבירת רכישת נשק לפי סעיף 144(א) לחוק העונשין ובשתי עבירות סחר בנשק לפי סעיף 144(ב2) לחוק העונשין.

מעובדות החלק הכללי של כתב האישום המתוקן עולה שהנאשם הוא אזרח ישראלי. בתקופה הרלבנטית לכתב האישום עסק הנאשם בקנייה ומכירה של כלי נשק ותחמושת מסוגים שונים. לפחות באחד המקרים שימש נשק שמכר הנאשם בידי קונהו לביצוע פיגוע בתחום מדינת ישראל והכל כמפורט להלן.

יוער כי, ב""כ המאשימה הודיע על חזרה מאישום מספר 1 בכתב האישום בדיון שנערך לפניי ביום 10.1.17 לאחר שהנאשם השיב לכתב האישום שהוגש נגדו. לפיכך ובהתאם לאמור בסעיף 94(א) לחוק סדר הדין הפלילי [נוסח משולב], תשמ""ב-1982(להלן חוק סדר הדין הפלילי), הוריתי על זיכוי הנאשם מאישום מספר 1.

מעובדות האישום השני בכתב האישום המתוקן עולה כי במועד ובדרך שאינה ידועה במדויק למאשימה, השיג הנאשם רובה מסוג ""תבור"" (להלן הנשק). הנאשם החביא את הנשק בשכונה הסמוכה למקום מגוריו.

ביום 14.11.15, בשעה 1:00 או בסמוך לכך, הגיעו כוחות הביטחון להרוס בית של מפגע בקלנדיה. בעקבות כך החלו התפרעויות נגד כוחות הביטחון, במסגרתן נהרגו שניים מהמתפרעים. בעקבות כך החליט הנאשם לירות על כוחות הביטחון. הנאשם הלך למחבוא בו החביא את הנשק ולקח את הנשק עימו. הנאשם חיפש מקום בו יעברו רכבים של כוחות הביטחון עליהם יוכל לירות. בשעה 2:00 או בסמוך לכך זיהה הנאשם שלושה רכבים של כוחות הביטחון, ולאחר שהרכבים התקרבו, ירה לעברם חמישה כדורים.

בתאריך שאינו ידוע במדויק למאשימה, בסביבות חודש מרץ 2016, ראה הנאשם כי כוחות הביטחון מבצעים חיפושים אחר נשקים בקלנדיה, ועל כן חשש כי כוחות הביטחון יאתרו את נשקו. נוכח זאת לקח הנאשם את הנשק, נתן אותו למחמוד זהאדה, וביקש ממנו לשמור על הנשק למשך מספר ימים.

במסגרת כתב האישום המתוקן, האישום השלישי נמחק.

על פי עובדות האישום הרביעי בכתב האישום המתוקן, בתאריך שאינו ידוע במדויק למאשימה, במהלך חודש פברואר 2016, פנה אל הנאשם מוראד מחיסן (להלן מחיסן) וביקש מהנאשם להשיג עבורו מספר כלי נשק. בעקבות כך, הלך הנאשם לאחר וקנה ממנו נשקים שונים אותם מכר למחיסן והכל כמפורט להלן: הנאשם מכר למחיסן שני נשקים מסוג קרל גוסטב, תמורת 4,000 ₪ לכל נשק. במעשיו המתוארים לעיל רכש הנאשם נשק וסחר או עשה עסקה אחרת שיש עמה מסירת החזקה בנשק לזולתו.

על פי עובדות האישום החמישי בכתב האישום המתוקן, בתאריך 8.3.16 או בסמוך לכך, הגיע אל הנאשם עבד חרוב (להלן חרוב) וביקש מהנאשם לקנות ממנו נשק מסוג קרל גוסטב. בעקבות כך הלך הנאשם לאחר וקנה נשק מסוג קרל גוסטב (להלן הנשק) במחיר של 3,000 ₪. לאחר מכן חזר הנאשם לחרוב ואמר לו כי מחיר הנשק הוא 3,500 ₪. חרוב הסכים למחיר והביא לנאשם סך של 3,000 ₪. בתמורה לכך מסר הנאשם את הנשק לחרוב. כמו כן, סמוך לאחר מכן, מכר הנאשם לחרוב כעשרה כדורי תחמושת לנשק.

בתאריך 9.3.16 השתמש חרוב בנשק לביצוע פיגוע ירי מתמשך בירושלים. במהלך פיגוע הירי ירה חרוב, ביחד עם אחר, לעבר נוסעים שעמדו בתחנת אוטובוס בצומת רמות בירושלים, לאחר מכן ניסה לירות לעבר שוטר משמר הגבול שעמד במעבר חצייה בסמוך לתחנת הרכבה הקלה ""שמעון הצדיק"" בירושלים והכל עד שחרוב והאחר נורו ונוטרלו בסמוך לשער החדש בירושלים. במעשיו המתוארים לעיל, רכש הנאשם נשק וסחר או עשה עסקה אחרת שיש עמה מסירת החזקה בנשק לזולתו.",67.0,"1. סוג העבירה וחומרתה  
בשני התיקים מדובר בעבירות נשק חמורות הכוללות ירי מכוון לעבר כוחות הביטחון בכוונה לגרום חבלה חמורה, בצירוף עבירות נשק נלוות (נשיאה/החזקה/רכישה). יחד עם זאת, בתיק 1 העבירה המרכזית היא חבלה בכוונה מחמירה לפי סעיף 329 – מסגרת נורמטיבית חמורה במיוחד, בצירוף ""חבילת"" עבירות הפרת סדר וטרור עממי; בתיק 2 משולבות עבירות ירי עם עבירות סחר שיטתיות בנשק, שחומרתן ניכרת במיוחד עקב השימוש בפועל בנשק שנמכר לפיגוע קטלני. לכן יש דמיון מהותי בתחום ובסוג הפגיעה (ירי לעבר כוחות ביטחון בעבירת נשק ביטחונית), אך פרופיל החומרה שונה – בתיק 1 דגש על מעשה הירי והפרות הסדר, בתיק 2 דגש כבד על סחר שיטתי ותוצאותיו.

2. תפקיד הנאשם ומעורבותו  
בתיק 1 הנאשם הוא שותף פעיל לירי – מאתר כוחות, מסיע ומוסר את הנשק ליורה, ונמנה בפועל עם המתפרעים (אבנים, בקבוקי תבערה), לצד החזקת נשק וירי ""חגיגי"" באקדח – אך אינו מוצג כסוחר או כגורם מנהל/יזמי בעולם הנשק. בתיק 2 הנאשם גם מבצע בעצמו ירי על כוחות הביטחון, אך מעבר לכך הוא דמות יזמית מרכזית בסחר בכלי נשק – מאתר קונים, משיג נשק, קונה ומוכר ברווח, כשידוע לו שהנשק מיועד לפעילות פלילית/ביטחונית. לפיכך, בממד התפקיד בתיקי הירי יש דמיון (מבצע/מנסה לגרום חבלה חמורה בירי), אולם בממד הסחר יש פער ברור – בתיק 2 הנאשם הוא ""שחקן מרכזי בשוק הנשק"", בניגוד לתיק 1.

3. שיטת הביצוע (MO)  
בגרעין הירי לעבר כוחות הביטחון, שיטת הביצוע דומה מאוד: בשני התיקים הנאשם מחזיק מראש בנשק ארוך צבאי (M-16 לעומת תבור), מסתיר אותו במחבוא, ובתגובה לפעילות כוחות הביטחון בקלנדיה (הריסת בית מחבל/פעילות צה""ל) מוציא את הנשק, מחפש מגע עם כוחות הביטחון ויורה מספר יריות לעברם בשטח בנוי או סמוך לו, בשעות לילה/לפנות בוקר. לעומת זאת, שיטת הפעולה בעסקאות הנשק בתיק 2 – פנייה יזומה לקונים/מוכרים, קנייה ומכירה חוזרת ברווח, מכירת תחמושת – אינה מקבילה כלל לנסיבות ייצור הנשק וההחזקה בתיק 1. לכן ביחס ל""עבירת הירי הביטחונית"" דפוס הפעולה דומה מאוד; לגבי רכישת/סחר נשק – הדמיון נמוך.

4. נסיבות הליבה  
בשני התיקים מדובר בקונטקסט ביטחוני מובהק (קלנדיה, הריסת בית מחבל/פעילות כוחות צה""ל) ובירי מכוון לעבר כוחות ביטחון ללא פגיעה בפועל, עם נשק צבאי תקני, לאחר החלטה מודעת ומראש לחפש מגע ולירות. עם זאת, בתיק 1 התמונה ""מתפזרת"" על פני מספר רב של אירועים: התפרעויות, יידוי בקבוקי תבערה, גניבת רכב, ייצור נשק, החזקת אקדח וירי באזור מגורים – ללא תוצאות קטלניות בפועל; בתיק 2 הרקע כולל אמנם פחות ""אירועי רחוב"", אך כולל עסקאות נשק חוזרות, כמות משמעותית של נשק ותחמושת, ובעיקר – שימוש בפועל באחד מהנשקים שנמכרו לביצוע פיגוע ירי קטלני בירושלים, שהיא נסיבה מחמירה מאוד. מכאן שנסיבות הליבה של הירי דומות, אך מכלול הנסיבות הכללי (סחר חוזר ותוצאות הפיגוע) בתיק 2 מחמיר יותר.

5. ישימות כתקדים  
לצורכי ענישה בעבירות ירי מכוון לעבר כוחות הביטחון על רקע ביטחוני, תוך החזקת נשק צבאי בלי רישיון והוצאתו ממחבוא לצורך פגיעה בכוחות, שני התיקים בהחלט רלוונטיים זה לזה ובית משפט עשוי להיעזר באחד כנקודת ייחוס לשני. עם זאת, בתיק 2 קיימת שכבה נורמטיבית ועובדתית נוספת – סחר שיטתי בנשק שהוביל לשימוש בפועל בפיגוע ירי – שלא קיימת בתיק 1, ולכן קשה לראות בתיק 1 תקדים ממצה לעבירות הסחר והשלכותיהן בתיק 2, ולהפך, ענישת הסוחר בתיק 2 לא תשמש מודל מלא לנאשם מתיק 1 שאינו ""סוחר"" אלא מבצע/משתתף באירועים. בסיכומו של דבר, יש דמיון מהותי בחלק הביטחוני-ירי, אך לא בכל מארג העבירות, ולכן מדובר בתקדים רלוונטי חלקית בלבד.

SIMILARITY_SCORE: 67","ok",""
"ME-16-02-18397-87","ME-20-01-62688-591",1,0,0,"הנאשם הורשע על פי הודאתו בביצוע עבירות של עבירות בנשק (נשיאה והובלה), לפי סעיף 144(ב) רישא וסיפא לחוק העונשין, התשל""ז- 1977 (להלן: ""חוק העונשין""), נהיגה ללא רישיון לפי סעיפים 10(א) לפקודת התעבורה [נוסח חדש], התשכ""א – 1961 (להלן: ""פקודת התעבורה""), נהיגה ללא ביטוח לפי סעיף 2(א)(ב) לפקודת ביטוח רכב מנועי [נוסח חדש], תש""ל – 1970 וללא רישיון רכב לפי סעיף 2 לפקודת התעבורה.

הנאשם הטמין אקדח מתחת למושב קטנוע שברשותו, שם בכיסו כדורים לרובה, ונהג בקטנוע ללא רישיון נהיגה, ללא ביטוח וללא רישיון רכב תקף. מעט לפני הכניסה לכפר דבוריה, הבחין הנאשם בשני שוטרים שמבצעים בדיקת רישיונות שיגרתית. הנאשם ביצע פניית פרסה, השוטרים נסעו אחריו עד שהשיגו אותו, ביקשו ממנו לפתוח את התא של האופנוע אך הוא סירב. בחיפוש על גופו נמצאו כדורי הרובה ובתא שמתחת לכיסא הקטנוע, מצאו את הנשק. הנשק נמצא לא תקין, שכן לצורך הפעלתו יש להוסיף חלק פנימי שחסר, שבלעדיו לא ניתן לבצע ירי.","על פי הודאתו במסגרת הסדר טיעון, אשר לא כלל הסכמה לעניין העונש ואשר הוגש לאחר שמיעת חלק מראיות התביעה, הורשע הנאשם על פי כתב אישום מתוקן, שהוגש במסגרת ההסדר (סומן ""א""), בביצוע עבירה של חבלה בכוונה מחמירה - עבירה לפי סעיף 329 (א)(1) לחוק העונשין, התשל""ז-1977 (להלן: ""החוק""); עבירות בנשק (נשיאה והובלה) - עבירה לפי סעיפים 144 (ב) לחוק; החזקת סם מסוכן לצריכה עצמית - עבירה לפי סעיף 7(א) + (ג) סיפא לפקודת הסמים המסוכנים [נוסח חדש], התשל""ג-1973.

הנאשם הורשע בכך שביום 16.1.20 בשעה 14:55 הוא הגיע לעסק בו עבד המתלונן, ברכב מסוג הונדה בצבע שחור, ל.ז. 60-201-70 (להלן: ""הרכב"") בו נהג אחר, שזהותו אינה ידועה למאשימה (להלן: ""האחר""). הנאשם יצא מהרכב כשהוא נושא על גופו אקדח טעון בכדורים (להלן: ""האקדח"") אותם נשא והוביל בלא רשות על פי דין.

הנאשם יצא מהרכב, תוך שהותיר את דלת הרכב פתוחה ונכנס לעסק בו שהה אותה העת המתלונן ובמקביל, קירב האחר את הרכב לכיוון דלת הכניסה של העסק.

הנאשם דיבר, זמן קצר, עם המתלונן בתוך העסק, ולאחר מכן,  יצאו המתלונן והנאשם מבית העסק ונעמדו סמוך לכניסה לבית העסק והמשיכו לדבר. זמן קצר לאחר מכן, הנאשם שלף לפתע את האקדח שהיה על גופו, דרך אותו, הצמיד את קנה האקדח לחלק העליון של ירכו השמאלית של המתלונן, ירה כדור אחד בכוונה לגרום למתלונן חבלה חמורה, נכות או מום. מיד לאחר מכן חזר הנאשם לרכב והוא והאחר נמלטו מהמקום, בנסיעה ברכב, כאשר הנאשם נושא ומוביל את האקדח עמו.

כתוצאה מהירי שביצע הנאשם כמתואר לעיל, קליע אחד פגע ברגלו השמאלית של המתלונן, גרם לשבר פמור שליש פרוקסימלי אספקט קדמי של להקורטקס, ספליט שנמשך עד כ 7 ס""מ מתחת ל- LT. המתלונן הובהל לבית חולים רמב""ם על ידי צוות מגן דוד אדום, אושפז, נותח לשחזור ולקיבוע השבר באמצעות מסמר, והקליע הושאר בגופו של המתלונן בשל חשש שהוצאתו תגרום לפגיעה בכלי דם ועצבים. רגלו של המתלונן גובסה והוא שוחרר מהאשפוז בתאריך 21.1.20.

בהמשך אותו יום, סמוך לשעה 15:50, אותר הנאשם על ידי המשטרה בתחנת דלק פז הנמצאת בצומת האצטדיון בחיפה ובחיפוש נמצא על גופו סם מסוג קוקאין במשקל נטו של 1.5 גרם וכן שטרות כסף בסך 1,950 ₪.

במעשיו המתוארים לעיל גרם הנאשם למתלונן חבלה חמורה שלא כדין, בכוונה להטיל בו נכות או מום ולגרום לו חבלה חמורה, נשא והוביל נשק בלא רשות על פי דין להחזקתו, נשיאתו והובלתו, החזיק בסם מסוכן מסוג קוקאין במשקל כולל של 1.5 גרם נטו לצריכתו העצמית, ללא היתר ורישיון מאת המנהל.",25.0,"1. סוג העבירה וחומרתה  
שני התיקים כוללים עבירות בנשק לפי סעיף 144(ב), אך בתיק 2 מצטרפת עבירת ליבה חמורה בהרבה – חבלה בכוונה מחמירה לפי סעיף 329(א)(1), עם גרימת חבלה קשה בפועל. בתיק 1 מדובר אך ורק בנשיאה/הובלה (של נשק לא תקין) ובעבירות תעבורה, ללא כל שימוש אלים בנשק; הפער ברמת החומרה הכוללת מהותי מאוד.

2. תפקיד הנאשם ומעורבותו  
בתיק 1 הנאשם הוא לכל היותר מחזיק/נושא נשק, ללא שימוש בו וללא מעשה התקפי כלפי אחר – מעורבות ""פסיבית"" יחסית. בתיק 2 הנאשם הוא המבצע הישיר של מעשה הירי, יוזם המעשה האלים, הפוגע בפועל במתלונן, ואף פועל יחד עם מסייע (הנהג) – מעורבות פעילה ומרכזית ברף החומרה הגבוה ביותר.

3. שיטת הביצוע (MO)  
בתיק 1 הנשק מוסתר בקטנוע, אין יציאה לעימות, והאירוע מתגלה אקראית כתוצאה מבדיקת משטרה; אין תכנון התקפי כלפי אדם ספציפי. בתיק 2 קיימת הגעה יזומה למקום עבודת המתלונן, שימוש באקדח טעון מטווח קצר לאחר שיחה ""מכינה"", ונסיעה מתוזמנת עם נהג הממתין – דפוס פעולה אלים, תקיפתי ומתוכנן יחסית, השונה באופן מהותי מאחזקת נשק נסיעתית.

4. נסיבות הליבה  
בתיק 1 האקדח אינו תקין וללא יכולת ירי ללא הוספת חלק פנימי; אין ירי ואין נפגעים, והנסיבות המחמירות העיקריות הן ההברחה/הסתרה והבריחה מהמשטרה לצד נהיגה ללא רישיון/ביטוח. בתיק 2 מדובר באקדח תקין, טעון, ירי מכוון לרגל מטרה אנושית, חבלה חמורה שמצריכה ניתוח וקיבוע, פעולה באור יום בעסק – נסיבות מחמירות מאוד, הממקמות את התיק ברמת אלימות גבוהה ואיכותית שונה לחלוטין.  

5. ישימות כתקדים  
לצורכי ענישה בעבירות נשק ""טהורות"", תיק 1 יכול לשמש רק באופן מוגבל ביותר ביחס לרכיב 144(ב) בתיק 2, וגם זאת בזהירות רבה, שכן בתיק 2 עבירת הנשק נשזרת בתוך עבירת אלימות חמורה והמשקל הענישתי העיקרי עובר לסעיף 329. בית משפט יראה בתיק 2 ""מדרגה"" אחרת לגמרי של חומרה, כך שהרלוונטיות העניינית בין השניים כתקדימי ענישה היא נמוכה.

SIMILARITY_SCORE: 25","ok",""
"sh-10-05-7434-952","ME-15-06-12109-344",1,0,0,"הנאשם, איגור בן סמיון סבובסקי, יליד 1961, הורשע ביום 17.6.10 על-פי הודייתו בכתב אישום המייחס לו שתי עבירות של החזקת נשק לפי סעיף 144(א) לחוק העונשין, תשל""ז-1977.

לפי העובדות המפורטות בכתב האישום, ביום 14.4.10 נמצא מחזיק בדירתו ברחוב אורלנסקי 11 בפתח תקווה שני כלי נשק ללא רשות על פי דין: אקדח ""ברטה"" חצי אוטומטי ואקדח ""לאמה"" חצי אוטומטי (להלן: ""שני האקדחים"").","הנאשם הורשע על פי הודאתו בעובדות כתב האישום במסגרת הסדר טיעון, בביצוע עבירה בנשק (נשיאת או הובלת נשק בלא רשות על פי דין), לפי סעיף 144(ב) לחוק העונשין, התשל""ז-1977 (להלן – החוק).

כפי שתואר בכתב האישום, במועד שאינו ידוע במדויק, נשא הנאשם אקדח חצי אוטומטי, בלא רשות על פי דין. ביום 2.5.13 החביא הנאשם את האקדח ברכב השייך לעמאר זלום, ובאותו היום נסעו הנאשם, עמאר ואחיו של הנאשם לחתונה בכפר עזריה. הנאשם הודה, כי במעשיו אלה, הוא נשא או הוביל נשק בלא רשות על פי דין.",65.0,"1. **סוג העבירה וחומרתה**  
   בשני התיקים מדובר בעבירות נשק לפי סעיף 144 לחוק העונשין, על נשק קל (אקדח חצי אוטומטי) ללא רישיון. עם זאת, בתיק 1 מדובר ב""החזקת נשק"" (144(א)) בדירה, ובתיק 2 ב""נשיאת או הובלת נשק"" (144(ב)) ברכב – נשיאה/הובלה נחשבת לרוב חמורה יותר מהחזקה סטטית בבית, אך רמת החומרה הכללית של שני התיקים דומה יחסית.  

2. **תפקיד הנאשם ומעורבותו**  
   בשני המקרים הנאשם הוא המחזיק/נושא הישיר של הנשק, לא שליח ולא ""בובה"" של אחר; היוזמה והשליטה בנשק אצלו. אין אינדיקציה לעבירת סחר או לארגון עברייני – מדובר במעורבות אישית וישירה, ברמת מבצע עיקרי בשני התיקים.  

3. **שיטת הביצוע (MO)**  
   בשניהם מדובר בהחזקה בלתי חוקית של אקדח(ים) לשימוש אישי, ללא מאפיינים של סחר, הברחה או פעילות טרור. ההבדל: בתיק 1 החזקה סטטית של שני אקדחים בבית; בתיק 2 החבאה של אקדח ברכב ויציאה איתו למרחב הציבורי (נסיעה לחתונה), דפוס שמעיד על פוטנציאל נשיאה ""פעילה"" יותר.  

4. **נסיבות הליבה**  
   בתיק 1: שני אקדחים, בבית; בתיק 2: אקדח אחד, ברכב, בנסיעה לאירוע חברתי, ללא תיאור של שימוש או איום. בשני התיקים אין ירי, אין שימוש בפועל, אין תיאור של סכסוך, רקע ביטחוני או נסיבות מחמירות חריגות; בשניהם הודאה והליך לפי הסדר טיעון. ההבדל המרכזי: נשיאה ברכב למרחב הציבורי מול החזקה ביתית, ומספר כלי הנשק.  

5. **ישימות כתקדים**  
   שני התיקים בהחלט ייחשבו בני־השוואה לצורך גזירת דין בעבירות נשק ""פרטיות"" (אקדח ללא רישיון, לא סחר ולא טרור), אך בית המשפט ידגיש כי נשיאה/הובלה מחוץ לבית נחשבת לרוב חמורה מהחזקה סטטית, ומנגד יובא בחשבון שבתיק 1 היו שני כלי נשק. לפיכך, מדובר בתקדים רלוונטי, אך לא ""מקרי מראה"" זהים.  

SIMILARITY_SCORE: 65","ok",""
"ME-16-06-44840-433","SH-09-05-9349-998",1,0,0,"הנאשם, יליד 1993, הודה והורשע בכתב אישום שתוקן במסגרת הסדר טיעון בעבירות של נשיאת נשק לפי סעיף 144(ב) לחוק העונשין התשל""ז-1977 (להלן: חוק העונשין), החזקת נשק לפי סעיף 144(א) לחוק וסיוע לנסיון לתקיפה לפי סעיפים 379 + 25 + 31 לחוק. 

על פי כתב האישום המתוקן, קיים סכסוך בין חברו של הנאשם אלירון גולד לבין אחרים, ביניהם רן ויוני אברג'יל ונתי קורקוס. עובר ליום 3.5.16 קיבל הנאשם לידיו והחזיק במקום מסתור שני רימוני הלם ורימון גז (להלן: הרימונים). בתאריך 5.6.16 נאמר לאלירון כי האחרים נמצאים ברחוב האפרסמון בירושלים. הוא קרא לנאשם ולחברים נוספים, הנאשם הצטייד ברימונים וכולם נסעו לרחוב האפרסמון. הנאשם מסר לאלירון את רימון הגז והסביר לו כיצד להשתמש בו. מאוחר יותר השליך הנאשם את רימון הגז לעבר רן אברג'יל . הנאשם נטל את שני רימוני ההלם והטמינם במקום סמוך. ביומיים שלאחר מכן העבירם בין שני מקומות מסתור נוספים. במסגרת הסדר הטיעון הוסכם גם שעבירת הסיוע לנסיון התקיפה התבטאה רק בכך שהנאשם הביא לזירה את הרימונים והסביר לאלירן איך להשתמש ברימון הגז.","הנאשם, מאלק עודה, יליד 1979 הודה והורשע במסגרת הסדר טיעון בעבירה של החזקת נשק שלא כדין לפי ס' 144 (א) לחוק העונשין, התשל""ז 1977.

כעולה מכתב האישום ביום 12/5/09, בשעה 12:00 במהלך חיפוש במקפיא בביתו שבג'לג'וליה נמצא הנאשם מחזיק באקדח מסוג  CZ שמספרו 1066A עם מחסנית ריקה. ובתוך נעל בחדרו 26 כדורי אקדח 9 מ""מ  התואמים לנשק שבמקפיא.",30.0,"1. סוג העבירה וחומרתה  
בשני התיקים קיימת הרשעה בעבירה של החזקת נשק שלא כדין לפי סעיף 144(א) לחוק העונשין, כך שיש חפיפה נורמטיבית בסיסית. עם זאת, בתיק 1 יש בנוסף נשיאת נשק (144(ב)) וסיוע לניסיון תקיפה – שילוב ההופך את המארג העברייני לעבירה אלימה ומחמירה בהרבה מהחזקת נשק ""יבשה"" בתיק 2. לכן הדמיון רק חלקי, ורמת החומרה בתיק 1 גבוהה באופן מובהק.

2. תפקיד הנאשם ומעורבותו  
בתיק 1 הנאשם הוא שחקן פעיל באירוע אלים: מקבל נשק, מסתיר, מעביר לזירה, מדריך שימוש בו, ואף משליך רימון גז לעבר אדם – תפקיד יזמי/מבצע מובהק. בתיק 2 הנאשם הוא מחזיק נשק בביתו, ללא ראיה לשימוש, לאספקה לאחרים או לשילוב באירוע אלים קונקרטי – מעורבות ""סטטית"" ומצומצמת יותר. הפער ברמת המעורבות משמעותי, גם אם בשני המקרים הנאשמים הם בעלי שליטה אפקטיבית בנשק.

3. שיטת הביצוע (MO)  
בתיק 1 יש דפוס עברייני אקטיבי: החזקת רימונים במקומות מסתור, העברתם בין מסתורים שונים, יציאה יזומה לזירת סכסוך, שילוב הנשק באירוע חיכוך בין יריבים והכוונת שימוש. בתיק 2 מדובר בהחזקת אקדח ותחמושת מוסתרים בבית (מקפיא, נעל) ללא תנועה, ללא תיאום עם אחרים וללא הוצאת הנשק מהבית. שיטות הביצוע שונות מהותית – האחד ""תפעולי"" בהקשר של סכסוך, השני ""אחסנתי"" בלבד.

4. נסיבות הליבה  
בתיק 1 מדובר ברימוני הלם ורימון גז, בסכסוך בין קבוצות, הגעה יזומה לזירה, שימוש בפועל ברימון גז לעבר אדם, ותכנון מסוים (הצטיידות, העברה, הסבר שימוש) – נסיבות מחמירות מאוד לצורכי ענישה. בתיק 2 הכמות היא אקדח אחד ו-26 כדורים, ללא שימוש, ללא איומים, ללא סכסוך מזוהה וללא נסיבות אלימות נלוות – מקרה ""קלאסי"" של החזקה בלבד. הדמיון מתמצה בכך שבשני המקרים מדובר בהחזקת נשק ותחמושת שלא כדין, אך הליבה העובדתית והמסוכנות בפועל שונות מאוד.

5. ישימות כתקדים  
לצורכי ענישה בעבירת החזקת נשק ""טהורה"" (כבתיק 2), בית משפט יראה בתיק 1 תקדים מוגבל ורחוק – מתאים יותר למקרים שבהם החזקת הנשק כרוכה בשימוש או בשילוב בסכסוך אלים. ניתן אולי להיעזר בתיק 1 ברמת ההלכה העקרונית לגבי חומרת עבירות נשק, אך מבחינת גזירת עונש קונקרטי למחזיק נשק בבית ללא שימוש, התיק יובדל בקלות על ידי בית המשפט. לפיכך, הפוטנציאל לשימוש בתיק 1 כתקדים ממשי לתיק 2 נמוך למדי.

SIMILARITY_SCORE: 30","ok",""
"ME-16-08-44157-713","ME-15-11-45465-294",3,1,1,"הנאשם הורשע על יסוד הודאתו בעובדות כתב אישום מתוקן, שגובש במסגרת הסדר דיוני בהליכי גישור שיפוטי, בעבירות של סחר בנשק לפי סעיף 144 (ב2) לחוק העונשין, התשל""ז – 1977 (להלן: ""חוק העונשין""), כמפורט באישום הראשון, וכן קשירת קשר לביצוע פשע לפי סעיף 449 (א) (1) לחוק העונשין, כמפורט באישום השני.

עובר ליום 24.3.15, במספר הזדמנויות, קיים אחר בשם אברהים אבו עאנם (להלן: ""אברהים"") שיחות טלפון עם סוכן משטרתי, במסגרתן הציע לסוכן לרכוש נשק מסוג ""עוזי"". בהמשך, ביום 24.3.15 נפגשו הסוכן ואברהים ליד פסי הרכבת בעיר לוד. בהתאם לסיכום ביניהם ובאותו היום בשעה 18:15, נפגשו הסוכן ואברהים מחוץ לביתו של אברהים בלוד, ונסעו יחדיו במונית לעבר ביתו של הנאשם שבשכונת הרכבת בלוד. לאחר שהסוכן ואברהים הגיעו אל ביתו של הנאשם, ובעת שעמדו בחצר פנימית, הגיע הנאשם ומסר לידי הסוכן נשק מסוג קרל גוסטב מאולתר ונשק נוסף הנחזה להיות ""מיני עוזי"". לאחר דין ודברים מסר הנאשם לידי אברהים את נשק הקרל גוסטב בצירוף מחסנית לצורך העברתו לסוכן, והסוכן מסר לאברהים את התמורה עבור הנשק בסך 10,500 ₪.

ביום 1.4.15 הציע הנאשם לסוכן לרכוש ""אקדח 14"", אך עסקה זו לא יצאה אל הפועל.

ביום 8.4.15, בשעת צהריים, עת שהה הסוכן בביתו של הנאשם, פנה אליו הנאשם והציע לו ""אקדח 7"". הסוכן שאל את הנאשם איזה סוג כדורים מתאים לנשק כזה והנאשם השיב לו כי מדובר ב""טוטו"". בהמשך, מסר הנאשם לסוכן כי מחירו המבוקש של הנשק הוא 10,000 ₪, ובסופו של יום, גם עסקה זו לא יצאה לפועל.

ביום 15.4.15 בשעת צהריים, הגיע הסוכן אל בית הנאשם במטרה לבצע עסקת סמים עם אחר. בסמוך לסיום העסקה הגיע הנאשם אל הבית, פגש את הסוכן בחצר, ופנה אל הסוכן תוך ששאל אותו האם הוא מעוניין לרכוש ""קאנס"" שהינו רובה צלפים. הנאשם הוביל את הסוכן למבנה ארעי מכוסה הממוקם בחצר הבית, שם המשיך לפרט בפני הסוכן אודות טיבו של הנשק, הסביר כי הוא מגיע מצויד במשתיק קול, כוונת טלסקופית ומחסנית המכילה 100 כדורים. בהמשך, ועל מנת לעורר את עניינו של הסוכן, תיאר הנאשם כי מצבו של הנשק מצוין, כי יצלמו ויעביר תמונתו אל הסוכן. בסופו של יום עסקה זו לא יצאה אל הפועל.

במסגרת ההסדר הדיוני שגובש בין ב""כ הצדדים הוצהר כי המאשימה מסכימה כי מבחינה עובדתית, לעסקת הנשק נושא האישום הראשון היו מספר שותפים, וחלקו של הנאשם התמצה בכך שהוא העביר את הנשק לאחר לצורך העברתו לסוכן.","ביום 7 בספט' 2016, הורשע הנאשם שלפניי, ג'יהאד סביחי, על-סמך הודאתו בעובדות אשר נכללו בכתב-אישום מתוקן אשר הוגש נגדו באותו היום.

במהלך חודש יוני 2015, הציע הנאשם למכור לסוכן משטרתי (מר נעים סביחי) שני תתי-מקלע מסוג קרל גוסטב תמורת 4,000 ₪ כל אחד. ביום 30.6.15 בשעת צהריים נדברו השניים לבצע את העסקה בעוספיה בו-ביום. ואכן, כשעה אחרי התנהלות אותה שיחה הודיע הסוכן לנאשם שהוא ממתין לו בתחנת אוטובוס הסמוכה לאוניברסיטת חיפה; הנאשם הגיע למקום תוך זמן קצר ברכב כשברשותו שני תתי-המקלע, שתי מחסניות מאולתרות (המותאמות לקרל גוסטב) ומחסנית צולבת (לעוזי).

במעמד זה, ברכבו, מסר הנאשם לסוכן תיק ובתוכו תת-מקלע ושלוש המחסניות. הסוכן בדק את תת-המקלע בעוד הנאשם ניגש לתא-המטען והוציא תמ""ק נוסף עטוף בבד, שב לרכב והכניסו לתיק. הסוכן בדק גם את הנשק הזה, הכניסו לתיק ומסר תמורת השניים לנאשם סך כולל של 8,000 ₪. בתום מפגש זה, עזב הסוכן את המקום כששני כלי-הנשק ברשותו.

בגין מעשיו דלעיל, הורשע הנאשם בעבירה שעניינה סחר בנשק שלא כדין, לפי סעיפים 144(ב2) ו-(ג) לחוק העונשין, התשל""ז-1977 (להלן: ""חוק העונשין"") ובעבירה שעניינה נשיאת נשק בניגוד לסעיף 144(ב) רישא וסיפא לחוק העונשין.",72.0,"1. סוג העבירה וחומרתה  
בשני התיקים מדובר בעבירת ליבה זהה – סחר בנשק לפי סעיף 144(ב2) לחוק העונשין, בשילוב עבירת נלוות (תיק 1 – קשירת קשר; תיק 2 – נשיאת נשק). רמת החומרה העקרונית דומה: סחר מבצעי בתתי‑מקלע/נשק אוטומטי, במסגרת עסקה מתוכננת עם סוכן. ההבדל הוא בפרופיל הנלווה: בתיק 1 יש דפוס חוזר של הצעות לעסקאות נוספות; בתיק 2 – נשיאה בפועל של שני נשקים ברכב במרחב הציבורי.  

2. תפקיד הנאשם ומעורבותו  
בתיק 1, לפי הודעת המאשימה, חלקו של הנאשם בעסקה שבוצעה הוגדר כמצומצם – העברת הנשק לאחר לצורך העברתו לסוכן, כלומר תפקיד קרוב ל""מחזיק/מתווך"" ולא יוזם‑על. עם זאת, הוא עצמו יזם והציע לסוכן מספר עסקאות נוספות (אקדחים, רובה צלפים), מה שמעמיד אותו גם בעמדת ""סוחר פוטנציאלי"". בתיק 2 הנאשם הוא הסוחר המלא: הוא זה שהציע, תיאם, נשא את הנשק ברכבו, מסר אותו וקיבל את התמורה – מעורבות ראשית וישירה.  

3. שיטת הביצוע (MO)  
בשני המקרים קיימת תבנית דומה: יצירת קשר עם סוכן משטרתי, תיאום עסקה בטלפון, מפגש פיזי מתוכנן, העברת נשק (כולל מחסניות) כנגד מזומן. בתיק 1 קיימת שכבת תיווך (אברהים) בעסקה שבוצעה, וכן שורה של ""בדיקות שוק""/הצעות שלא הבשילו; בתיק 2 מדובר בעסקה נקודתית וישירה בין הסוחר לסוכן, ברכב, ללא צד שלישי. דפוס הביצוע הכללי זהה (סחר בלתי‑חוקי בכלי ירייה אוטומטיים), ההבדלים הם בעיקר במבנה שרשרת ההפצה וברמת הפורמליזציה של הקשר.  

4. נסיבות הליבה  
בתיק 1 בוצעה בפועל עסקה אחת של נשק קרל גוסטב מאולתר (ועוד נשק הנחזה למיני‑עוזי), בתמורה לסך 10,500 ₪, לצד מספר ניסיונות סחר שלא יצאו אל הפועל, כולל הצעה לרובה צלפים עם משתיק וטלסקופ – נסיבה מחמירה פוטנציאלית. בתיק 2 בוצעה עסקה אחת של שני תתי‑מקלע קרל גוסטב, עם מחסניות מתאימות, בסך כולל 8,000 ₪, תוך נשיאתם ברכב במרחב ציבורי – כמות נשק מעט גדולה יותר אך ללא ""תפריט"" נשקים מתקדם כמו בתיק 1. בשני התיקים אין שימוש בפועל בנשק או אלימות, ומדובר בסחר לשם רווח כספי מול סוכן.  

5. ישימות כתקדים  
שני התיקים עוסקים באותו סעיף ליבה, באותו סוג נשק ובמתכונת דומה של עסקה עם סוכן, ולכן בית משפט בהחלט עשוי לראות בהם פסיקה השוואתית רלוונטית לצורכי ענישה. עם זאת, בתיק 1 ניתן יהיה לטעון לנסיבה מקלה מסוימת בשל תפקיד מוגבל יותר בעסקה שבוצעה, אך מנגד – דפוס חוזר של הצעות לנשק ""איכותי"" ומסוכן; בתיק 2 – מעמד סוחר מרכזי ושני כלי נשק שנישאו בפועל ברכב. לפיכך, מדובר בתקדים ענייני רלוונטי, אך לא ""חופף"" – יידרש איזון פרטני להבדלי התפקיד והנסיבות.  

SIMILARITY_SCORE: 72","ok",""
"ME-15-06-12109-344","ME-12-04-33577-700",1,0,0,"הנאשם הורשע על פי הודאתו בעובדות כתב האישום במסגרת הסדר טיעון, בביצוע עבירה בנשק (נשיאת או הובלת נשק בלא רשות על פי דין), לפי סעיף 144(ב) לחוק העונשין, התשל""ז-1977 (להלן – החוק).

כפי שתואר בכתב האישום, במועד שאינו ידוע במדויק, נשא הנאשם אקדח חצי אוטומטי, בלא רשות על פי דין. ביום 2.5.13 החביא הנאשם את האקדח ברכב השייך לעמאר זלום, ובאותו היום נסעו הנאשם, עמאר ואחיו של הנאשם לחתונה בכפר עזריה. הנאשם הודה, כי במעשיו אלה, הוא נשא או הוביל נשק בלא רשות על פי דין.","הנאשם הורשע, לאחר שמיעת ראיות, בעבירות של החזקת נשק, עבירה לפי סעיף 144(א) רישא + סיפא לחוק העונשין, התשל""ז – 1977, נשיאת נשק, עבירה לפי סעיף 144(ב) רישא + סיפא לחוק העונשין, חבלה בכוונה מחמירה, עבירה לפי סעיף 329(א)(2) לחוק העונשין ויריות באזור מגורים, עבירה לפי סעיף 340(א) לחוק העונשין.

על פי עובדות כתב האישום בהן הורשע, פגש הנאשם את המתלונן באזור מגורים בבית שאן ביום 13/4/12 בסמוך לשעה 02:00 לפנות בוקר. במהלך ויכוח זרק המתלונן כוס שהיתה בידו לכיוונו של הנאשם. בתגובה שלף הנאשם אקדח שהיה ברשותו, אותו החזיק שלא כדין, וירה לעברו של המתלונן שלוש יריות, האחת, חלפה בסמוך לראשו, השנייה, בסמוך לגבו והשלישית, שרטה את ברכו הימנית.",35.0,"1. סוג העבירה וחומרתה  
   בשני התיקים קיימת עבירת נשק לפי סעיף 144 לחוק, אך בתיק 1 מדובר *רק* בנשיאת/הובלת נשק ללא רשות, בעוד שבתיק 2 יש בנוסף חבלה בכוונה מחמירה וירי באזור מגורים – קפיצה לקטגוריה של עבירות אלימות חמורות בשילוב נשק. לכן הדמיון חלקי בלבד, ורמת החומרה בתיק 2 גבוהה משמעותית.

2. תפקיד הנאשם ומעורבותו  
   בשני המקרים הנאשם הוא המחזיק והנושא של האקדח, ולא ""שליח תמים"". עם זאת, בתיק 1 תפקידו מסתכם בהחזקה/נשיאה והסתרת הנשק ברכב, ללא שימוש התקפי, בעוד שבתיק 2 הוא ""שחקן מרכזי"" באירוע אלים – יוזם שליפת האקדח וירי לעבר אדם במהלך עימות. רמת המעורבות הפעילה באלימות בתיק 2 הופכת את אופיו המהותי לשונה.

3. שיטת הביצוע (MO)  
   בתיק 1: הסתרת אקדח ברכב ונשיאתו לנסיעה שגרתית (חתונה), ללא הפעלה של הנשק. בתיק 2: נשיאת האקדח ""על הגוף"" לצורך מיידי, שליפה מהירה במהלך ויכוח וירי מכוון לעבר המתלונן באזור מגורים. דפוס השימוש שונה באופן מהותי – האחד החזקה פסיבית-נסיבתית, השני שימוש התקפי מובהק בנשק.

4. נסיבות הליבה  
   בשני התיקים מדובר באקדח יחיד המוחזק שלא כדין וללא רישיון. אולם בתיק 2 יש ירי בפועל, פגיעה באדם, ירי באזור מגורים, תגובה ""חמה"" לעימות – כל אלו נסיבות מחמירות המעלות משמעותית את מסוכנות המעשה והענישה הצפויה. בתיק 1 אין תכנון לשימוש באקדח או נסיבות אלימות נלוות, אלא רק עצם ההחזקה/הנשיאה.

5. ישימות כתקדים  
   בית משפט יוכל לראות בתיק 1 תקדים מוגבל לעניין רמת הענישה על עצם החזקת/נשיאת נשק ללא רישיון, אך תיק 2 נמצא ""עולם אחר"" מבחינת מתחם הענישה בשל עבירת האלימות החמורה והירי. כתקדים ענישתי מהותי לתיק 2 (שכולל חבלה בכוונה מחמירה וירי), תיק 1 יהיה רלוונטי רק בשוליים, ולא כעיקר.

SIMILARITY_SCORE: 35","ok",""
"ME-17-08-28615-573","ME-16-05-336-804",2,0,1,"הנאשם הורשע על פי הודייתו בעובדות כתב אישום מתוקן (להלן: ""כתב האישום""), במסגרת הסדר טיעון אשר לא כלל הסכמה לעניין העונש, בעבירות בנשק (החזקה ונשיאה), לפי סעיף 144(א)+(ב) רישא+סיפא לחוק העונשין, תשל""ז-1977 (להלן: ""חוק העונשין"") וכן בעבירת הפרעה לשוטר במילוי תפקידו, לפי סעיף 275 לחוק העונשין.

לפי עובדות כתב האישום, בתאריך 30.7.2017 החזיק הנאשם בלא רשות על פי דין תת מקלע מאולתר בקוטר 9 מ""מ, שמסוגל לירות כדור ובכוחו להמית אדם (להלן: ""הנשק""), מחסנית המתאימה לנשק ובתוכה 9 כדורים, קופסה ובה 50 כדורים בקוטר 9 מ""מ (להלן: ""התחמושת""), וכן רימון יד מסוג הלם סינוור שבכוחו להזיק לאדם בעת פעולתו (להלן: ""הרימון""). בשעה 19:57 או בסמוך לכך, הגיע הנאשם למתחם תחנת דלק שליד קיבוץ בית העמק (להלן: ""המתחם"") כשהוא מחזיק ונושא את הנשק, התחמושת והרימון בתוך תיק (התיק על תכולתו ייקרא להלן: ""התיק""). עם הגעתו למתחם, הכניס את התיק לתוך פח אשפה המצוי במתחם (להלן: ""הפח""). בהמשך לכך, שהה הנאשם יחד עם אחרים בחלק הצפוני של המתחם, במרחק מטרים ספורים מהפח ובמקום בו הפח נראה לעין, באופן רצוף עד השעה 22:59, אז ניגש לחנות ""פיצוצייה"", שהה בה כדקה, וחזר למקום בו שהה קודם לכן בחלק הצפוני של המתחם. סמוך לשעה 23:02 נסעה ניידת משטרה ובה כוח משטרתי המונה 5 שוטרים (להלן: ""הניידת"", ""השוטרים""), על כביש 70 והתקרבה למתחם. הנאשם הבחין בניידת, רץ במהירות אל הפח, הוציא מתוכו את התיק, והמשיך בריצה עם התיק לכיוון דרום. בשעה 23:04 נכנסה הניידת אל המתחם ונסעה לכיוון היציאה ממנו. הנאשם הבחין בניידת והחל להימלט מפניה ומפני השוטרים כשבידו התיק. השוטרים, שהבחינו בהתנהגות החשודה של הנאשם, יצאו מהניידת כשהם לבושים מדי יס""מ, רדפו אחרי הנאשם, והורו לו מספר פעמים ""עצור משטרה"", אולם הנאשם המשיך במנוסתו. במהלך הבריחה מפני השוטרים השליך הנאשם את התיק לתוך מיכל מחזור (להלן: ""המיכל""). בהמשך איתרו השוטרים את הנאשם כשהוא מסתתר בשיחים בקרבת מקום, ובסריקה שערכו מיד לאחר מכן איתרו בתוך המיכל את התיק שבתוכו הנשק, התחמושת והרימון.","הנאשם הורשע על יסוד הודאתו בעובדות כתב אישום מתוקן, שגובש במסגרת הסדר דיוני, בעבירה של נשיאה והובלת נשק, אביזר נשק ותחמושת, לפי סעיף 144 (ב) רישא וסיפא לחוק העונשין, התשל""ז-1977 [להלן: ""חוק העונשין""].

על פי עובדות כתב האישום המתוקן, שהה הנאשם, בשעת ערב, בטקס חינה לקראת חתונתם של בני זוג ביום 24/04/16. במהלך טקס החינה, יצא הנאשם מהמקום כשהוא נושא תת מקלע מאולתר מסוג ""קרל גוסטב"". כשהגיע לפינת רחוב סמוך, הרים את תת המקלע לכיוון השמיים, ביצע ""פריקה"" שלו בכך שדרך את תת המקלע, לחץ על הדק תת- המקלע וביצע נקירה. מיד בהמשך, הלך הנאשם לכיוון צפון כשהוא נושא את תת המקלע בידו.

לאחר מכן, במהלך החינה, בשעה שאינה ידועה במדויק, פגש הנאשם בשכנו – רדואן סמארה (להלן: ""רדואן"") וביקש להתלוות לרדואן למכוניתו על מנת להגיע לביתו. הנאשם ורדואן נכנסו למכונית, כאשר רדואן נהג ברכב והנאשם התיישב במושב שליד הנהג בעודו נושא עמו, בתוך תיק גב, את תת המקלע יחד עם שתי מחסניות ריקות וכפפה ובה 26 כדורים מסוג 9 מ""מ. רדואן החל בנסיעה על כביש מספר 24, באותה עת הבחינו שלושה שוטרים במכונית, והחלו בנסיעה אחריה בניידת משטרתית. השוטרים כרזו למכונית לעצור, אך המכונית החלה להימלט מהניידת והנאשם זרק את התיק ובו תת המקלע, שתי המחסניות הריקות, הכפפה ו-26 כדורים מחוץ לחלון המכונית. מיד ובסמוך לאחר מכן, תפסו השוטרים את התיק והכפפה.",72.0,"1. סוג העבירה וחומרתה  
שני התיקים עוסקים בעבירות נשק לפי סעיף 144 לחוק העונשין, ובעיקר בעבירת נשיאה/הובלה של תת־מקלע מאולתר ותחמושת, כך שמדובר באותו ""סוג"" עבירה ובאותו סל נורמטיבי. בתיק 1 נוספו גם החזקה (144(א)), רימון הלם־סינוור וכמות תחמושת גדולה משמעותית, וכן עבירת הפרעה לשוטר (ס' 275), ולכן החומרה הכוללת בתיק 1 גבוהה יותר.

2. תפקיד הנאשם ומעורבותו  
בשני המקרים הנאשם הוא הדמות המרכזית השולטת בנשק: הוא זה שנושא, מחזיק ומחליט היכן להצפין/להשליך אותו – לא ""שליח תמים"" ולא מחזיק אגבי. בתיק 1 ניכרת שהות ממושכת, שמירה על קשר עין עם מקום הסתרת הנשק והתנהגות מחשידה עם הגעת המשטרה; בתיק 2 המעשה משולב באירוע חברתי/משפחתי ויש נופך של ""הפגנת כוח"" או ראווה, אך גם שם המעורבות אקטיבית וברורה.

3. שיטת הביצוע (MO)  
בשני התיקים מדובר בתת־מקלע מאולתר בקוטר 9 מ""מ, הנישא בתוך תיק במרחב ציבורי, כאשר הגילוי מתרחש בעקבות תשומת לב שוטרים להתנהגות חשודה, והתגובה המיידית של הנאשם היא הימלטות והשלכת התיק עם הנשק והתחמושת. דפוס ""נשיאה בלתי חוקית במרחב ציבורי → מפגש עם משטרה → ניסיון להיפטר מהנשק"" דומה מאוד בין שני המקרים; השוני הוא במתכונת ההימלטות (רגלית והסתרה בפחים בתיק 1 לעומת רכב והשלכה מהחלון בתיק 2).

4. נסיבות הליבה  
בתיק 1 הכמות והאיכות מחמירות יותר: תת־מקלע, 59 כדורים, ורימון הלם־סינוור – מה שמעלה מדרגה את הסיכון ואת החומרה, בצירוף הפרעה לשוטר. בתיק 2 הכמות קטנה יותר (26 כדורים, ללא רימון), אך קיימת ""נקירה"" בפועל לאחר דריכת הנשק כלפי מעלה בסביבה עירונית, היוצרת סיכון מיידי; מנגד, אין רימון ואין ""סטוק"" תחמושת. בתיק 1 ניכרת שהייה ממושכת בסמוך למקום הסתרת הנשק שעלולה להתפרש כ""תכנון"" או היערכות לשימוש, בעוד שבתיק 2 ההקשר הוא אירוע משפחתי והובלה לבית, הנוטים להיתפס מעט פחות כתכנון עברייני מובהק.

5. ישימות כתקדים  
מבחינת ענישה, שני התיקים ייחשבו רלוונטיים זה לזה: אותו סוג נשק (תת־מקלע מאולתר 9 מ""מ), אותה עבירה מרכזית (נשיאה/הובלה לפי 144(ב)), אותו דפוס של נשיאת נשק חם במרחב ציבורי וניסיון להיפטר ממנו מול משטרה. עם זאת, בית משפט יבליט הבדלים מהותיים – ובעיקר את קיום הרימון, ריבוי התחמושת והפרעה לשוטר בתיק 1, לעומת הירי/נקירה באוויר ונסיבות החינה בתיק 2 – ולכן מדובר בתקדים ענייני רלוונטי, אך לא ""תאום"" עובדתי מלא.

SIMILARITY_SCORE: 72","ok",""
"ME-16-05-25902-514","SH-17-08-47445-166",1,0,0,"הנאשם הודה במסגרת הסדר טיעון בעובדות כתב אישום מתוקן והורשע על סמך הודאתו בעבירות של נשיאת נשק, עבירה לפי סעיף 144(ב) רישא וסיפא לחוק העונשין, התשל""ז-1977 ובעבירה של החזקת נשק, עבירה לפי סעיף 144(א) רישא וסיפא לחוק.

על פי עובדות כתב האישום המתוקן, ביום 31.12.13 נגנב אקדח מסוג ברטה מספר סידורי 682663 (להלן: ""האקדח"") מביתו של דינו תמאם.

במהלך חודש פברואר 2016 , במועד מדויק שאינו יודע למאשימה, רכש הנאשם את האקדח והחזיק בו במקלט ביתו בקלנסוואה וכן החזיק מחסנית ובה 7 כדורים.

למן חודש פברואר 2016 ועד ליום 8.5.16, בימים בהם יצא הנאשם לעבודתו בשעת בוקר מוקדמת, נהג הנאשם לשאת עמו את האקדח ואת המחסנית לעבודתו.

ביום 8.5.16 , בסמוך לשעה 06:00 , נשא הנאשם את האקדח ובתוכו המחסנית על גופו מתחת לבגדיו.","הנאשם שלפני נותן את הדין בגין עבירה של אחזקת נשק שלא כדין, בניגוד לסעיף 144 (א) רישא לחוק העונשין, תשל""ז – 1977.

בהתאם לעובדות כתב האישום המתוקן ת/1, אשר הוגש במסגרת הסדר טיעון, נתפש הנאשם, בתאריך 09.08.2018, מחזיק, בביתו, בפזורה סביב הישוב כסיפה, אקדח חצי אוטומטי מסוג FN וכן ""חפץ דמוי תת מקלע מאולתר"", כל זאת – שלא כדין.",68.0,"1. סוג העבירה וחומרתה  
בשני התיקים מדובר בעבירות לפי סעיף 144 לחוק – החזקת נשק שלא כדין, ובשניהם נשק חם (אקדח) בליבת הכתב. עם זאת, בתיק 1 קיימת גם עבירת **נשיאת נשק** לפי סעיף 144(ב) ומסלול של החזקה + נשיאה לאורך זמן, בעוד שבתיק 2 מדובר רק ב""החזקת נשק"" באירוע נתפס נקודתי, אך עם שני כלי נשק, כולל חפץ דמוי תת־מקלע – מה שמאזן חלקית את הפער בחומרה.

2. תפקיד הנאשם ומעורבותו  
בשני המקרים הנאשמים הם **מחזיקים פרטיים** ולא סוחרי נשק או חלק מרשת הפצה – העיסוק נשאר ברמת החזקה/שימוש אישי פוטנציאלי. בתיק 1 יש תיאור אקטיבי יותר – רכישת האקדח ולקיחתו עמו לעבודה באופן שגרתי; בתיק 2 התיאור מצטמצם למציאת הנשק בביתו במועד אחד, ללא אינדיקציה לפעילות נוספת סביבו.

3. שיטת הביצוע (MO)  
בתיק 1 השיטה כוללת רכישה של נשק גנוב, החזקתו במקלט הבית, והסתובבות יומיומית עם האקדח והמחסנית מוסתרים על הגוף בדרך לעבודה – דפוס של נשיאה שוטפת במרחב הציבורי. בתיק 2 השיטה היא החזקה סטטית של נשק בבית, ללא תיאור נשיאה מחוץ לבית או שימוש, ובלא רצף זמן מתואר, כך שהדמיון מוגבל להחזקה ביתית בלבד.

4. נסיבות הליבה  
בתיק 1 מדובר באקדח יחיד עם מחסנית ובה 7 כדורים, החזקה ונשיאה במשך כ־3 חודשים, כולל נשיאה מוסתרת על הגוף – נסיבה מחמירה עקב פוטנציאל מימוש מיידי במרחב הציבורי. בתיק 2 מדובר בשני כלי נשק (אקדח FN וחפץ דמוי תת־מקלע מאולתר) אך ללא תיאור תחמושת, ללא רצף החזקה וללא נשיאה מחוץ לבית; מצד אחד כמות וסוג הנשק מחמירים, מצד שני היעדר נשיאה מתמשכת ותחמושת מפחית מהדמיון לנסיבות תיק 1.

5. ישימות כתקדים  
מבחינת ענישה, שני התיקים שייכים לאותה ""משפחת"" עבירות – החזקת נשק חם שלא כדין, לצרכים שאינם מבצעיים/פליליים ספציפיים נוספים, ולכן בתי משפט כן יראו בתיק אחד רלוונטי עקרונית לשני. עם זאת, ההבדל המהותי בין **נשיאה יומיומית במרחב הציבורי עם תחמושת** (תיק 1) לבין **החזקה ביתית של מספר כלי נשק** (תיק 2) יצריך התאמה זהירה, ולא יאפשר לראות בהם מקרה כמעט זהה.

SIMILARITY_SCORE: 68","ok",""
"ME-16-05-336-804","ME-14-12-6904-57",3,1,1,"הנאשם הורשע על יסוד הודאתו בעובדות כתב אישום מתוקן, שגובש במסגרת הסדר דיוני, בעבירה של נשיאה והובלת נשק, אביזר נשק ותחמושת, לפי סעיף 144 (ב) רישא וסיפא לחוק העונשין, התשל""ז-1977 [להלן: ""חוק העונשין""].

על פי עובדות כתב האישום המתוקן, שהה הנאשם, בשעת ערב, בטקס חינה לקראת חתונתם של בני זוג ביום 24/04/16. במהלך טקס החינה, יצא הנאשם מהמקום כשהוא נושא תת מקלע מאולתר מסוג ""קרל גוסטב"". כשהגיע לפינת רחוב סמוך, הרים את תת המקלע לכיוון השמיים, ביצע ""פריקה"" שלו בכך שדרך את תת המקלע, לחץ על הדק תת- המקלע וביצע נקירה. מיד בהמשך, הלך הנאשם לכיוון צפון כשהוא נושא את תת המקלע בידו.

לאחר מכן, במהלך החינה, בשעה שאינה ידועה במדויק, פגש הנאשם בשכנו – רדואן סמארה (להלן: ""רדואן"") וביקש להתלוות לרדואן למכוניתו על מנת להגיע לביתו. הנאשם ורדואן נכנסו למכונית, כאשר רדואן נהג ברכב והנאשם התיישב במושב שליד הנהג בעודו נושא עמו, בתוך תיק גב, את תת המקלע יחד עם שתי מחסניות ריקות וכפפה ובה 26 כדורים מסוג 9 מ""מ. רדואן החל בנסיעה על כביש מספר 24, באותה עת הבחינו שלושה שוטרים במכונית, והחלו בנסיעה אחריה בניידת משטרתית. השוטרים כרזו למכונית לעצור, אך המכונית החלה להימלט מהניידת והנאשם זרק את התיק ובו תת המקלע, שתי המחסניות הריקות, הכפפה ו-26 כדורים מחוץ לחלון המכונית. מיד ובסמוך לאחר מכן, תפסו השוטרים את התיק והכפפה.","הנאשם 1, אוסיד כבהא (להלן: ""הנאשם"") הורשע, על יסוד הודאתו, בעבירות של נשיאה והובלת נשק, לפי סעיף 144(ב) לחוק העונשין, התשל""ז-1977 (להלן: ""החוק"") והחזקת סם לצריכה עצמית, לפי סעיף 7(א) לפקודת הסמים המסוכנים, התשל""ג-1973.

בתאריך 28.07.2014 עבר הנאשם להתגורר, יחד עם נאשם 2, סעיד אבו זנט, בדירת האחרון בתל אביב (להלן: ""הדירה"").

במועד שאינו ידוע במדויק למאשימה, כחודש ימים עובר ליום 18.11.2014, רכש הנאשם רובה מאולתר, מדגם ""קרל גוסטב"" יחד עם מחסנית וכדורים, בתמורה                  ל-4,000 ש""ח (להלן: ""הנשק"").

הנשק מסוגל לירות ובכוחו להמית.

בתאריך 18.11.2014, סמוך לשעה 16:40, בתל אביב, בתוך תיק גב, נשא והוביל הנאשם את הנשק כשהוא עטוף בבגדים. עוד נשא והוביל הנאשם כדורי תחמושת התואמים לנשק. הנאשם החזיק בכיסו 0.3027 גרם נטו קנאביס לצריכה עצמית.

בהמשך, בחיפוש שנערך בדירה, נמצאה מחסנית התואמת לנשק.

מספר ימים עובר ליום 18.11.2014, החזיקו הנאשמים את הנשק בדירה כשהוא מוטמן בארון בגדים בחדר השינה.",75.0,"1. **סוג העבירה וחומרתה**  
   בשני התיקים מדובר בעבירת נשיאה והובלת נשק לפי סעיף 144(ב) לחוק העונשין, עם נשק חם מאולתר (תת־מקלע/רובה ""קרל גוסטב"") ותחמושת – אותה משפחת עבירות ואותה מדרגת חומרה בסיסית. בתיק 2 יש תוספת של החזקת סם לצריכה עצמית, אך זו עבירה נלווית קלת־משקל יחסית ואינה משנה מהותית את מדרגת החומרה של עבירת הנשק עצמה.  

2. **תפקיד הנאשם ומעורבותו**  
   בשני התיקים הנאשם הוא נושא ומוביל הנשק בפועל, ברמה של מבצע עיקרי ולא דמות שולית/מסייעת. בתיק 2 יש גם שליטה מתמשכת בנשק (רכישה, החזקה בדירה, ולא רק נשיאה רגעית), מה שמעלה את רמת המעורבות המהותית בהיבט של קשר לנשק.  

3. **שיטת הביצוע (MO)**  
   בשני המקרים: נשק מאולתר מסוג ""קרל גוסטב"", נשיאה בתיק גב, יחד עם מחסנית/מחסניות וכדורים תואמים – דפוס דומה מאוד מבחינת אמצעים ואופן ההובלה. עם זאת, בתיק 1 קיימת גם תנועה ברכב, ניסיון להימלט מהמשטרה וזריקת התיק, בעוד שבתיק 2 ההובלה היא ברגל/במרחב אזרחי ללא אלמנט של מרדף או השמדת ראיות.  

4. **נסיבות הליבה**  
   בתיק 1 יש שימוש אקטיבי בנשק (דריכה, נקירה והכוונה לשמיים באירוע חינה) וכן מרדף וזריקת הנשק – נסיבות מחמירות של סיכון ציבורי והתנהגות ""חמה"" בשטח. בתיק 2 הנסיבות ""קרות"" יותר: רכישה מתוכננת, החזקה מוסלקת בדירה והובלה בעיר ללא ירי וללא עימות עם רשויות האכיפה, אם כי עצם ההחזקה הממושכת וההסלקה בדירה גם היא נסיבה מחמירה מסוימת.  

5. **ישימות כתקדים**  
   שני התיקים בהחלט ייחשבו רלוונטיים זה לזה לצורכי ענישה בעבירות נשיאה והובלת נשק מאולתרים מסוג ""קרל גוסטב"" במרחב עירוני, עם תחמושת תואמת ובנשיאה בתיק גב. יחד עם זאת, השפעתם ההדדית לא תהיה ""אחד לאחד"": בתיק 1 יודגש השימוש בפועל והמרדף; בתיק 2 יודגש ההיבט של החזקה ממושכת ורכישה של הנשק, כך שההשוואה תהיה כללית במסגרת רמת הענישה, לא זהות כמעט מלאה במתווה העובדתי.  

SIMILARITY_SCORE: 75","ok",""
"SH-19-07-60805-168","ME-20-01-17935-7",1,0,0,"הנאשם שלפני נותן את הדין בגין עבירות של החזקת נשק ותחמושת שלא כדין, בניגוד לסעיף 144(א) רישא וסיפא לחוק העונשין, התשל""ז – 1977.

בהתאם לעובדות כתב האישום המתוקן כא/1, בהן הודה הנאשם במסגרת הסדר טיעון, בתאריך 08.07.19, נתפס הנאשם מחזיק, בתא המטען ברכבו מסוג לקסוס, מ.ר. 72-111-79 (להלן: ""הלקסוס""), מתחת לשטיח הגלגל הרזרבי, אקדח חצי אוטומטי מסוג גז/הזנקה, אשר בוצע שינוי בייעודו המקורי ובעת תפיסתו – מסוגל היה לירות כדורי אקדח. כמו כן, בתוך האקדח נתפסה מחסנית, המתאימה לאקדח חצי אוטומטי מסוג ""סמית' אנד ווסון"", טעונה ב-10 כדורים בקוטר 9 מ""מ פאראבלום.","הנאשם הודה בביצוע עבירות של ניסיון להחזקה ונשיאת נשק לפי סעיף 144(א) + 144(ב) רישא בצירוף סעיף 25 לחוק העונשין, התשל""ז-1977 והפרעה לשוטר לפי סעיף 275 לחוק.

על פי האמור בכתב האישום, ביום 29.12.19 בסביבות השעה 22:00 הגיעו שוטרים שהיו בסיור שיגרתי באום אל פחם לאזור של חניון עפר פתוח סמוך לבית הוריו של הנאשם ולציר שכונת ""אלמדינה"". באותה עת שהו בבית הנאשם, אחיו קיס והייתם אג'באריה יחד עם רמי אג'באריה. קיס הבחין ברכב השוטרים ויצא לכיוונו. אחד השוטרים הזדהה בפניו כשוטר ומיד לאחר מכן קיס צעק לעבר הנאשם שהיה בבית שיזרוק דבר מה ולאחר מספר שניות יצאו הייתם ורמי מהבית ואחריהם הנאשם כשהוא נושא בידיו חפץ דימוי תת מקלע מאולתר על חלקיו השונים. השוטר הבחין שהנאשם נושא תת מקלע וקרא לעברו ""משטרה, זרוק את הנשק""  אך הנאשם לא ציית עד שהשוטר ירה באוויר באקדחו ואז הוא זרק את הנשק ונמלט מאחורי הבית. בהמשך, נתפסו הנאשם והחפץ.",60.0,"1. **סוג העבירה וחומרתה**  
שני התיקים עוסקים בעבירות נשק לפי סעיף 144 לחוק העונשין – זו אותה משפחת עבירות (נשק חם בלתי חוקי). בתיק 1 מדובר בהחזקה מלאה של אקדח ותחמושת; בתיק 2 בעבירת ניסיון להחזקה ונשיאה של נשק (תת‑מקלע מאולתר) בצירוף הפרעה לשוטר לפי סעיף 275. תיק 2 חמור יותר מבחינת אופי הנשק והעימות עם שוטרים, אך היסוד של ""ניסיון"" מקל חלקית לעומת החזקה שהושלמה.

2. **תפקיד הנאשם ומעורבותו**  
בשני התיקים הנאשם הוא המחזיק הישיר והעיקרי של הנשק, לא ""שליח"" או דמות שולית – מעורבותו מרכזית. בתיק 1 ההחזקה פסיבית ומוסתרת בתא מטען; בתיק 2 הנאשם נושא את הנשק בפועל בידיו, מתעלם מקריאת השוטר, משליך את הנשק ובורח – התנהגות אקטיבית ומסלימה.

3. **שיטת הביצוע (MO)**  
בתיק 1 הנשק מוחזק ברכב פרטי, מוסתר היטב (מתחת לשטיח גלגל רזרבי) – דפוס של ""אחסון/הסלקה"". בתיק 2 הנשק מוחזק גלוי ביד, בסמוך לבית, בהקשר של הגעת משטרה וקריאה מצד אח (“תזרוק משהו”) – דפוס של החזקה ""מבצעית""/מיידית יותר ופחות של אחסון. אין דפוס פעולה ייחודי שחוזר על עצמו בשני המקרים מעבר לעצם החזקת נשק אסור.

4. **נסיבות הליבה**  
בתיק 1: אקדח חצי‑אוטומטי שהוסב מגז/הזנקה לנשק ירי, עם מחסנית ו‑10 כדורי 9 מ""מ, ללא שימוש, איומים או עימות עם שוטרים – נסיבות החזקה ""שקטות"" יחסית. בתיק 2: נשק מסוג תת‑מקלע מאולתר, נשיאה פיזית, אי ציות לפקודת שוטר, ירי אזהרה באוויר ובריחה – נסיבות מחמירות מבחינת סיכון, זלזול ברשויות ועוצמת הפוטנציאל התוקפני של הנשק. שני המקרים עוסקים בנשק חם קטלני, אך רמת הסיכון הממשי בסיטואציה בתיק 2 גבוהה יותר.

5. **ישימות כתקדים**  
שני התיקים יכולים לשמש זה לזה נקודת ייחוס כללית לענישה בעבירות נשק לפי סעיף 144 (בעיקר בסוגיית החזקת נשק חם שלא כדין), מבחינת הטווח העונשי והמשקל שנותנים לסוג הנשק והעבר הפלילי (אם קיים). עם זאת, בית משפט יבדיל בין נסיבות של אחסון מוסתר ו""ללא אירוע"" (תיק 1) לבין אירוע של נשיאה גלויה, עימות עם משטרה ועבירה נלווית של הפרעה לשוטר (תיק 2), כך שההקבלה לא תהיה מלאה. בפועל – תקדים רלוונטי במידה בינונית, אך יידרש ניתוח הבחנות מהותיות.

SIMILARITY_SCORE: 60","ok",""
"ME-15-12-39071-113","ME-09-11-7566-913",3,1,1,"ביום 22.9.16 הוגש הסדר טיעון בעניינו של הנאשם ועמו כתב אישום מתוקן (אלו נקלטו בנט-המשפט ביום 23.9.16). באותו המועד הורשע הנאשם על סמך הודאתו באחזקת נשק, עבירה לפי סעיף 144(א) רישא, בחוק העונשין, תשל""ז-1977 (להלן: ""החוק"" או ""חוק העונשין"").

המסכת העובדתית שביסוד הרשעת הנאשם, כפי שפורטה בכתב האישום המתוקן הינה כלהלן: ביום 12.10.13, בשעה 22:30 או בסמוך לכך, נסע הנאשם ברכב אשר היה בשימושו באותה העת, מסוג מזדה 3, מס' רישיון 71-098-16, בכביש מספר 1, בסמוך למחלף הראל. במהלך הנסיעה ישב הנאשם במושב הסמוך לנהג. באותה העת החזיק הנאשם מתחת לשטיח שמתחת למושב אקדח חצי אוטומטי מסוג סטאר, וזאת כאשר הנאשם לא היה בעל רישיון להחזיק את הנשק.

על פי האישום, במעשיו המתוארים לעיל החזיק הנאשם נשק בלא רשות על פי דין להחזקתו.","הנאשם הורשע על פי הודאתו בכתב האישום, בעבירות לפי סעיף 144(א) רישא+ (ב) רישא + סעיף קטן (ג) לחוק העונשין תשל""ז-1977, קרי, עבירות בנשק.

ביום ה- 05.11.09 בסמוך לשעה 17:00 הנאשם נשא, הוביל והחזיק שלא כדין נשק ברכבו, אקדח תופי webiey, מתחת לריפוד במושב שליד הנהג.",92.0,"1. **סוג העבירה וחומרתה**  
בשני התיקים מדובר בעבירות בנשק לפי סעיף 144(א) לחוק – החזקה/נשיאה של אקדח ללא רישיון. בתיק 2 נוספו גם 144(ב) ו-(ג), אולם לפי התיאור העובדתי בפועל מדובר באותה ליבת חומרה: החזקת אקדח יחיד ברכב ללא רישיון, ללא אינדיקציה לעבירות נשק ""כבדות"" יותר (סחר, נשק צבאי וכו').  

2. **תפקיד הנאשם ומעורבותו**  
בשני המקרים הנאשם הוא המחזיק הישיר והבעלים בפועל של הנשק בעת הנסיעה ברכב, ללא דמות ""מעליו"" (כגון סוחר או שולח). אין פער מהותי במידת המעורבות – בשניהם מעורבות ישירה, אישית ועצמאית.  

3. **שיטת הביצוע (MO)**  
בשני התיקים מדובר באקדח המוסתר מתחת לחלקי מושב הנוסע הקדמי ברכב (מתחת לשטיח/ריפוד במושב ליד הנהג), בעת נסיעה. דפוס ההסתרה, אמצעי הביצוע ומסגרת ההחזקה (ברכב פרטי, בזמן נסיעה) כמעט זהים.  

4. **נסיבות הליבה**  
בשני התיקים מדובר באקדח יחיד, ללא אזכור שימוש בפועל, איומים, ירי, סחר או תכנון עברייני רחב יותר – רק החזקה/נשיאה. אין אזכור לנסיבות מחמירות ייחודיות באחד התיקים (כמו כמות נשק, תחמושת רבה, נשק צבאי, קשר לעבירות אחרות), כך שרמת החומרה המעשית דומה מאוד.  

5. **ישימות כתקדים**  
בית משפט יראה בשני התיקים דוגמאות מובהקות לאותה ""משפחת מקרה"" לצורכי ענישה: החזקת אקדח בודד ברכב פרטי, מוסתר ליד הנהג, ללא רישיון וללא שימוש. תיק 2, אף שמנוסח עם סעיפים נוספים, מתאים היטב לשמש תקדים ענישתי מהותי לתיק 1, ולהפך.  

SIMILARITY_SCORE: 92","ok",""
"ME-19-04-1316-977","SH-11-05-24791-315",1,0,0,"הנאשם הורשע, על פי הודאתו במסגרת הסדר טיעון, בעבירות של ניסיון לסחר בנשק, לפי סעיף 144(ב2) בצירוף סעיף 25 לחוק העונשין תשל""ז-1977 (להלן: ""החוק""); ובעבירה של סחר בנשק, לפי סעיף 144(ב2) לחוק.

על פי עובדות כתב האישום המתוקן בהסדר, ביצע הנאשם עסקה בה מכר נשק, ועסקה של ניסיון למכירת נשק, מול לוחם מספר 188 המכונה ""עלי"", שהנו שוטר אשר במועדים הרלוונטיים לכתב האישום שימש כ""סוכן"" מטעם משטרת ישראל.

ביום 10.2.2019 שוחחו הנאשם והסוכן על עסקה למכירת נשק.

ביום 14.2.2019 התקשר הנאשם אל הסוכן והציע למכור לו נשק מסוג תת מקלע מאולתר המכונה ""קרלו"". הסוכן אמר לנאשם כי הוא מעוניין באקדח, אך בשיחה נוספת באותו יום, נעתר הסוכן להצעת הנאשם, והשניים סיכמו להיפגש בשבוע הבא לצורך רכישת הקרלו. הסוכן ביקש מהנאשם ""לדאוג לו"" למחיר עבור הקרלו, וכן הזכיר לנאשם בנוגע לרכישת אקדח.

ביום 17.2.2019 התקשר הסוכן לנאשם. במהלך השיחה שאל הנאשם את הסוכן מתי יגיע אליו לשם רכישת הקרלו, והסוכן השיב לו כי יגיע אליו למחרת בערב. במהלך שיחות נוספות באותו יום, הודיע הנאשם לסוכן כי עלות הקרלו, בתוספת 1,100 כדורים מסוג M16, הינה 17,000 ₪ (להלן: ""העסקה"").

ביום 18.2.2019, בהמשך לשיחות התיאום, נסע הסוכן למקום אליו כיוון אותו הנאשם בא-ראם. כאשר הגיעו למקום, התקרב הנאשם לרכב בו נסע הסוכן, כשבאמתחתו ארגז מלא בתחמושת מסוג M16 (להלן: ""הארגז""). הנאשם ניגש לסוכן, הניח את הארגז על רצפת הרכב בו ישב הסוכן, בצמוד לרגליו של הסוכן אשר בדק את תכולתו. בשלב זה הודיע הנאשם לסוכן כי ישנו עיכוב בהבאת הקרלו, והנשק יובא בתוך מספר דקות. בתגובה החזיר הסוכן לנאשם את הארגז, ואמר לו כי כשיגיע הקרלו, יחזור לקחת אותו יחד עם הארגז. הסוכן ביקש לעדכן אותו מתי להגיע ואמר כי הוא יהיה בקרבת מקום.

בהמשך למתואר, שוחח הנאשם עם אחר, שזהותו אינה ידועה למאשימה (להלן: ""האחר""), במטרה לברר היכן הנשק שבכוונתו למכור לסוכן ובניסיון לזרז את הגעתו למקום. האחר הודיע לנאשם כי הוא מתעכב וכי הנשק שניסה הנאשם למכור לסוכן ""מקולקל"". הנאשם ביקש מהאחר להביא לו את הנשק ""המקולקל"" בכל זאת.

בהמשך למתואר, בשעה 19:21, התקשר הנאשם לסוכן והודיע לו כי עליו לדחות את ביצוע העסקה בכל הנוגע לנשק. הנאשם אמר לסוכן כי הקרלו שהתכוון למכור לו ""מקולקל"" וביקש ממנו לחזור להשלים את רכישת ארגז התחמושת, אך הסוכן סירב לרכוש את הארגז ללא הקרלו.

במהלך הימים 26.2.2019 עד 3.3.2019 ובסמוך לכך, שוחחו הנאשם והסוכן במספר הזדמנויות במטרה לקדם עסקה בנשק.

מספר ימים עובר לתאריך 18.3.2019, שוחחו הנאשם והסוכן על אפשרות רכישת אקדח ונשק מסוג ""קרלו"".

בשיחה ביום 3.3.2019 הודיע הנאשם לסוכן כי השיג עבורו אקדח והסוכן סיכם עם הנאשם שיהיה איתו בקשר. בשיחה ביום 13.3.2019 מסר הנאשם לסוכן כי עלות האקדח הינה 18,000 ₪, והסוכן אמר לו כי ישקול את ההצעה.

ביום 17.3.2019 הודיע הנאשם לסוכן כי האקדח עליו שוחחו כבר נמכר, והציע למכור לסוכן נשק מסוג קרלו וכדורים תואמים תמורת 18,000 ₪. במהלך השיחה תיאמו השניים להיפגש למחרת לשם ביצוע העיסקה, והנאשם הבטיח לסוכן להשיג עבורו בהמשך אקדח, באומרו כי עד לחודש הרמדאן הסוכן ""יצא עם אחד שלא היה לאף אחד לפניו"".

למחרת, ביום 18.3.2019, לאחר שיחות תיאום בין השניים, נסע הסוכן למקום אליו כיוון אותו הנאשם בא-ראם. בהגיעו למקום, התקרב הנאשם לרכב בו נסע הסוכן והניח על רצפת הרכב, בין רגליו של הסוכן, שקית ובה נשק מסוג קרלו שבכוחו להמית אדם, וכן מחסנית תואמת. הסוכן בדק את תקינות הנשק. בהמשך מסר הנאשם לסוכן שקית נוספת שבתוכה 900 כדורי 5.56 מ""מ, כל זאת תמורת 19,000 ₪ במזומן, אשר העביר הסוכן לידי הנאשם.

בסיום הפגישה שאל הנאשם את הסוכן אם הוא מעוניין לרכוש נשק נוסף. הסוכן השיב כי הוא מעוניין לרכוש אקדח, והנאשם אמר לו כי בפעם הבאה ""יסדר"" עבורו אקדח ותחמושת תואמת.","על פי כתב האישום, ביום 19/07/09 בשעה 21:00 לערך החזיקה הנאשמת בביתה שבכפר עין-נקובא אקדח חצי אוטומטי אף-אן (FN) ושתי מחסניות תואמות.

על יסוד הודאתה זו הורשעה הנאשמת ביום 09/01/13  בעבירה של החזקת נשק לפי סעיף 144(א) רישא לחוק העונשין, התשל""ז-1977 (להלן: ""החוק"") ובעבירה של החזקת אביזר לנשק לפי סעיף 144(א) סיפא לחוק.",20.0,"1. סוג העבירה וחומרתה  
   בתיק 1 מדובר בעבירות של *סחר וניסיון לסחר בנשק* לפי סעיף 144(ב2) – עבירות מובהקות של שוק נשק ותכלית מסחרית. בתיק 2 מדובר ב-*החזקת נשק ואבזר לנשק* לפי סעיף 144(א) – עברה בסיסית יותר, הנחשבת קלה משמעותית מסחר. הדמיון מסתכם בכך ששתיהן עבירות נשק לפי אותו פרק בחוק, אך רמת החומרה והסוג המהותי שונים מאוד.

2. תפקיד הנאשם ומעורבותו  
   בתיק 1 הנאשם פועל כסוחר/מתווך: יוזם עסקאות, מתאם מפגשים, מנהל מו""מ על סוג הנשק, הכמויות והמחיר, ומחובר לספק נוסף (""האחר""). בתיק 2 הנאשמת היא מחזיקה בלבד, ללא כל אינדיקציה למסחר, תיווך או העברת הנשק לאחר. הפער המהותי בתפקיד (סוחר פעיל מול מחזיקה פסיבית) גדול.

3. שיטת הביצוע (MO)  
   בתיק 1 קיימת שיטת פעולה עבריינית‑מסחרית: שיחות תיאום רבות, שימוש ב""מקום מפגש"" מחוץ לבית, תיווך אל מול מקור נשק אחר, אספקת כמויות תחמושת גדולות ותמחור. בתיק 2 אין כלל ""שיטה"" או דפוס מסחרי – רק החזקה בבית; אין תיאום, אין העברה, אין תשלום. זהו MO שונה מהותית.

4. נסיבות הליבה  
   בתיק 1: מספר אירועים, ניסיון עסקה שלא יצאה לפועל ועסקה שבוצעה בפועל, נשק מסוג קרלו, תחמושת בהיקף ניכר (מאות ואלפי כדורים), סכומי כסף גבוהים (17–19 אלף ₪), תכנון ונכונות לעסקאות נוספות. בתיק 2: אירוע יחיד, אקדח אחד ושתי מחסניות, בבית הנאשמת, ללא אינדיקציה לסחר, תכנון מתמשך או היקף מעבר לרמת ""החזקה"". נסיבות הליבה אינן דומות, מעבר לעצם קיום נשק.

5. ישימות כתקדים לצורכי ענישה  
   בתי המשפט נוהגים להבחין במובהק בין סחר/הפצה בשוק הנשק לבין החזקה בלבד, וקובעים מתחמי ענישה שונים. תיק 1 עשוי לשמש לכל היותר כפסיקה כללית על חומרת עבירות נשק והצורך בהרתעה, אך אינו תקדים ישיר או ממשי לקביעת עונש בתיק 2 של החזקה, ולהפך. השימוש ההדדי כתקדים ענייני יהיה מוגבל ושולי.

SIMILARITY_SCORE: 20","ok",""
"ME-15-12-39071-113","ME-13-02-28360-614",1,0,0,"ביום 22.9.16 הוגש הסדר טיעון בעניינו של הנאשם ועמו כתב אישום מתוקן (אלו נקלטו בנט-המשפט ביום 23.9.16). באותו המועד הורשע הנאשם על סמך הודאתו באחזקת נשק, עבירה לפי סעיף 144(א) רישא, בחוק העונשין, תשל""ז-1977 (להלן: ""החוק"" או ""חוק העונשין"").

המסכת העובדתית שביסוד הרשעת הנאשם, כפי שפורטה בכתב האישום המתוקן הינה כלהלן: ביום 12.10.13, בשעה 22:30 או בסמוך לכך, נסע הנאשם ברכב אשר היה בשימושו באותה העת, מסוג מזדה 3, מס' רישיון 71-098-16, בכביש מספר 1, בסמוך למחלף הראל. במהלך הנסיעה ישב הנאשם במושב הסמוך לנהג. באותה העת החזיק הנאשם מתחת לשטיח שמתחת למושב אקדח חצי אוטומטי מסוג סטאר, וזאת כאשר הנאשם לא היה בעל רישיון להחזיק את הנשק.

על פי האישום, במעשיו המתוארים לעיל החזיק הנאשם נשק בלא רשות על פי דין להחזקתו.","הנאשם הורשע על פי הודאתו, לאחר הסדר טיעון לעניין תיקונו של כתב האישום, בכתב אישום מתוקן בעבירות של נשיאת נשק, הפרעה לשוטר במילוי תפקידו, עבירות לפי סעיפים  144(ב) רישא+סיפא ו- 275 לחוק העונשין, התשל""ז- 1977 וכן בעבירה של נהיגה ללא רישיון, עבירה לפי סעיף 10(א) לפקודת התעבורה [נוסח חדש], התשכ""א- 1961, נהיגה ללא ביטוח, עבירה לפי סעיף 2 לפקודת ביטוח רכב מנועי, התש""ל- 1970 ובעבירה של נהיגה תחת השפעת משקאות משכרים- עבירה לפי תקנה 26(2) לתקנות התעבורה, התשכ""א- 1961.

על פי עובדות כתב האישום המתוקן, ביום 7/2/13 שאל הנאשם מגיסו את רכבו ונהג ברכב במספר הזדמנויות, על אף שמעולם לא היה ברשותו רישיון נהיגה וכשהוא נוסע ללא ביטוח תקף. בתאריך 9/2/13 נהג הנאשם ברכב כשלצדו ישב חברו הלאל אבו זעילה, כשהלאל נושא עמו ברכב אקדח ותחמושת. הנאשם נהג ברכב לאחר ששתה משקאות אלכוהוליים משכרים. הנאשם והלאל עצרו את הרכב ברהט, הלכו לצריף הנמצא בקרבת מקום ושם הלאל אחז באקדח וירה בו שלוש יריות באוויר. השניים עזבו את המקום לאחר שדייר השכונה צעק לעברם. צוות משטרה שקיבל דיווח על הירי, איתר את הרכב בו נסעו הנאשם והלאל וסימן להם לעצור באמצעות הסירנה והכריזה. הנאשם והלאל לא צייתו להוראת השוטרים לעצור והחלו להימלט בנסיעה מהירה בתוך העיר רהט. ניידת משטרה עם אורות כחולים דולקים עצרה בקרבת מקום באופן שהיא חוסמת את נתיב הנסיעה במטרה לעצור את הרכב. הרכב נסע לכיוון הניידת, עקף אותה תוך נסיעה על המדרכה והשניים המשיכו להימלט בנסיעה מהירה כשהניידת דולקת בעקבותיהם ומורה להם לעצור. לבסוף הרכב נעצר והנאשם והלאל יצאו מתוכו וברחו בריצה.",40.0,"1. **סוג העבירה וחומרתה**  
שני התיקים עוסקים בעבירות נשק, אך בתיק 1 מדובר ב""אחזקת נשק"" (144(א)), ובעובדות אין שימוש, הצגה או נסיבה מסכנת. בתיק 2 מדובר ב""נשיאת נשק"" (144(ב)) בצמידות לירי בפועל, מרדף משטרתי, עבירת הפרעה לשוטר וסט של עבירות תעבורה חמורות – מקפיץ את רמת החומרה הכוללת משמעותית מעל תיק 1.

2. **תפקיד הנאשם ומעורבותו**  
בתיק 1 הנאשם הוא המחזיק הישיר של האקדח ברכב, ללא גורמים נוספים וללא מעשה נלווה. בתיק 2 הנאשם אינו היורה אך מורשע כנושא נשק יחד עם האחר, הוא הנהג, יוצר את סיטואציית המרדף, מתעלם מהוראות השוטרים ונמלט – מעורבותו בפועל באירוע מסוכן ודינמי רחבה ואקטיבית יותר.

3. **שיטת הביצוע (MO)**  
בתיק 1 – החזקת אקדח חצי‑אוטומטי מתחת לשטיח ברכב, ללא אינטראקציה עם רשויות אכיפה וללא שימוש באמצעים נוספים. בתיק 2 – נשיאת אקדח ברכב, ירי באוויר בשכונת מגורים, הימלטות מניידות עם סירנה ואורות, נסיעה על המדרכה וחסימת ניידת – דפוס פעולה אלים, בוטה ומסלים לעומת אחזקה ""סטטית"" וסמויה בתיק 1.

4. **נסיבות הליבה**  
בתיק 1 אין נסיבות מחמירות בולטות: אין ירי, אין פגיעה בצדדים שלישיים, אין הפרעה לשוטרים, ואין עבירות נלוות. בתיק 2 קיימות נסיבות מחמירות מובהקות: ירי בפועל באוויר בתוך רהט, סיכון משתמשי דרך (נהיגה במהירות, על מדרכה, ללא רישיון וללא ביטוח, תחת אלכוהול), הפרעה לשוטרים במרדף – הפער בעוצמת הסיכון לשלום הציבור חד.

5. **ישימות כתקדים**  
בית משפט יראה בשני התיקים ""מאותה משפחה"" של עבירות נשק ברכב, אך יבחין שתיק 2 משקף מדרג חומרה גבוה בהרבה, ולכן יתאים יותר כפסיקה מחמירה שתשמש ""תקרת ענישה"" ביחס לתיק 1 מאשר כתקדים ענייני שווי‑ערך. כתיק השוואה כללי בעבירות נשק ברכב הוא רלוונטי, אך לדפוס ונסיבות דומות לצורך גזירת עונש מדויק – הדמיון מוגבל.

SIMILARITY_SCORE: 40","ok",""
"ME-16-02-59812-881","ME-22-03-52964-443",3,1,1,"הנאשמת הורשעה בהתאם להודאתה בעובדות כתב האישום המתוקן בעבירות כדלקמן:

סחר בנשק, לפי סעיף 144(ב2) בחוק העונשין, תשל""ז – 1977 (להלן: ""החוק"").

מסירת ידיעה כוזבת על עבירת פשע, לפי סעיף 243 סיפא לחוק.

שיבוש הליכי משפט, לפי סעיף 244 לחוק.

בין החודשים יולי 2015 לפברואר 2016 עבדה הנאשמת כמאבטחת בבית ספר יסודי. במסגרת עבודתה קיבלה הנאשמת לחזקתה אקדח 9 מ""מ מסוג תארוס (להלן:""האקדח""), שתי מחסניות וכן 20 כדורים תואמים.

על פי האישום הראשון, בין החודשים אוגוסט 2014 לפברואר 2016, במספר רב של הזדמנויות רכשה הנאשמת ממחמוד צאלוק (להלן:""מחמוד"") סמים מסוכנים מסוג חשיש והרואין לצריכה עצמית. בחלק מההזדמנויות הציע מחמוד לנאשמת כי ירכוש ממנה את האקדח והיא סירבה. ביום 15.2.16, לאחר שאזלו לנאשמת הסמים והחלה לחוש תסמיני גמילה, מתוך מטרה להשיג סכום כסף לרכישת מנות סם נוספות, גמלה בליבה של הנאשמת החלטה למכור את האקדח שברשותה למחמוד. לצורך כך, פנתה הנאשמת למחמוד והציעה לו לרכוש ממנה את האקדח, המחסניות והכדורים תמורת 10,000 ₪. השניים סיכמו ביניהם כי הנאשמת תמכור למחמוד את האקדח תמורת סכום של 8,000 ₪ וכן כמות של סם מסוכן מסוג הרואין. בהמשך נפגשו השניים סמוך למקום מגוריו של מחמוד, שם מסרה לו הנאשמת את האקדח, המחסנית והכדורים ובתמורה שילם לה מחמוד 8,000 ₪ במזומן וכן מסר לה ארבע חבילות של סם מסוג הרואין לצריכתה העצמית.

על פי האישום השני, בהמשך למתואר, ובמטרה להתחמק מעונש, החליטה הנאשמת לרקום סיפור בדים לפיו נפלה קורבן לאירוע שוד במהלכו נגנב ממנה האקדח. ביום 18.2.16, פנתה הנאשמת למעבידה, שי יהושע לוי, ודיווחה על אירוע השוד. בתגובה פנה שי למשטרה באופן מידי ושוטרים רבים החלו בסריקות ובגביית הודעות מעדים שונים במטרה לאתר את מבצע השוד. באותו יום הגיעה הנאשמת לתחנת המשטרה ומסרה בפני חוקר הודעה בה פירטה את אירוע השוד. בהמשך נחקרה הנאשמת פעם נוספת, מספר שעות לאחר מכן, במהלך עדותה זו הודתה כי בדתה מליבה את אירוע השוד וטענה בכזב כי האקדח אבד לה, וזאת במטרה לחפות על מעשיה ומתוך רצון להתחמק מעונש.","הנאשם הורשע על פי הודאתו בביצוע עבירות נשק (החזקה, נשיאה, והובלה) לפי סעיפים 144(א) רישא וסיפא + 144(ב) רישא וסיפא + 144(ג) לחוק העונשין, התשל""ז-1977 (להלן: ""החוק""), ובעבירת הפרעה לשוטר במילוי תפקידו לפי סעיף 275 לחוק.

על פי האמור בכתב האישום, עבד הנאשם במפעל מזון בדיר אל אסד. ביום 9.3.22 בשעה 12:10 החזיק ונשא הנאשם על גופו בחצר הכניסה למפעל אקדח חצי אוטומטי D.D.G מודל 19 קליבר 9 מ""מ פרבלום. הנאשם נשא את האקדח על גופו כשהוא טעון במחסנית ובתוכה 16 כדורים, הכל בלא רשות על פי דין. בנוסף, החזיק ונשא הנאשם על גופו מחסנית נוספת ובתוכה 16 כדורים נוספים. בהמשך למתואר לעיל, עברה בסמוך למפעל ניידת משטרה, ומשהבחין הנאשם בניידת החל לרוץ אל תוך המפעל. השוטרים רדפו אחריו והנאשם ניסה להשליך את הנשק, המחסנית והתחמושת לתוך ארגז עופות שהיה מונח על הרצפה, אולם נתפס על ידי השוטרים.",35.0,"1. סוג העבירה וחומרתה  
שני התיקים עוסקים בעבירות נשק, אך בתיק 1 מדובר ב""סחר בנשק"" לפי סעיף 144(ב2) – עבירה שמדורגת בפסיקה כחמורה יותר מהחזקת/נשיאת נשק, בעוד שבתיק 2 מדובר ב""החזקה, נשיאה והובלה"" (144(א),(ב),(ג)) ללא רכיב של מסחר.  
בנוסף, בתיק 1 קיימות עבירות נלוות חמורות של מסירת ידיעה כוזבת על פשע ושיבוש הליכי משפט, לעומת ""הפרעה לשוטר"" בתיק 2, כך שמכלול האישומים בתיק 1 חמור יותר באופן מובהק.

2. תפקיד הנאשם ומעורבותו  
בתיק 1 הנאשמת היא היוזמת וה""מוכרת"" – היא מקבלת החלטה אקטיבית למכור נשק שנמסר לה כדין במסגרת תפקידה, למוכר סמים, תמורת כסף וסם; מדובר בתפקיד מרכזי בשרשרת פלילית של סחר.  
בתיק 2 הנאשם הוא ""מחזיק/נושא"" בלבד, ללא אינדיקציה לפעילות מסחרית או העברת הנשק לאחר, ותפקידו בשרשרת הנשק (מקור/יעד/תכלית) אינו מפורט – מעורבותו מצטמצמת להחזקה בלתי חוקית וניסיון להשלכה בשלב המפגש עם המשטרה.

3. שיטת הביצוע (MO)  
בתיק 1: נשק שהוחזק כדין מכוח תפקיד מאבטחת, נמכר באופן מתוכנן לאדם מסוים, במסגרת קשר מתמשך של רכישת סמים, תוך הסכמה על תמורה כספית וסם, ובהמשך בדיית סיפור שוד ושימוש במשטרה ככלי להסוואת העבירה.  
בתיק 2: החזקה ונשיאה פיזית של אקדח טעון ושתי מחסניות במקום העבודה, ללא הסוואה מורכבת או תכנון מסחרי, ורק בעת זיהוי ניידת – ניסיון מהיר להשליך את הנשק ולהכשיל את השוטרים. הדפוסים שונים מהותית: סחר מתוכנן והטעיית רשויות לעומת החזקה-נשיאה וניסיון סיכול אכיפה.

4. נסיבות הליבה  
בשני המקרים מדובר באקדח 9 מ""מ עם מחסניות וכדורים, אך בתיק 1 מדובר במכירה חד־פעמית של נשק שנמסר לנאשמת מתוקף תפקידה, תוך ניצול אמון המעסיק ומסירת הנשק לעולם הפשע (סוחר סמים), ובצירוף שיבוש חקירה משמעותי.  
בתיק 2 הנשק אינו קשור לתפקיד או לניצול אמון, אלא להחזקה בלתי מוסברת של אקדח טעון עם 32 כדורים, היוצר סיכון מיידי לציבור, אך ללא שימוש בנשק וללא נסיבות מחמירות נוספות כמו תכנון פיגוע/שוד או סחר. הפער בנסיבות ובחומרת ההתנהלות הנלווית (שיבוש מול הפרעה) משמעותי.

5. ישימות כתקדים  
בית משפט יראה בשני התיקים חלק מאותו ""משפחת עבירות"" של נשק, וייתכן שיעשה שימוש כללי בקביעות עקרוניות לגבי מסוכנות אקדחים והחמרת הענישה בתחום.  
עם זאת, כתקדים ענישתי קונקרטי – תיק של סחר בנשק תוך ניצול מעמד ושיבוש הליכים אינו מהווה נקודת השוואה ישירה ומתאימה לתיק של החזקת/נשיאת נשק בלבד; הרלוונטיות מוגבלת ועל פי רוב משנית.

SIMILARITY_SCORE: 35","ok",""
"ME-20-01-62688-591","ME-17-05-35227-215",1,0,0,"על פי הודאתו במסגרת הסדר טיעון, אשר לא כלל הסכמה לעניין העונש ואשר הוגש לאחר שמיעת חלק מראיות התביעה, הורשע הנאשם על פי כתב אישום מתוקן, שהוגש במסגרת ההסדר (סומן ""א""), בביצוע עבירה של חבלה בכוונה מחמירה - עבירה לפי סעיף 329 (א)(1) לחוק העונשין, התשל""ז-1977 (להלן: ""החוק""); עבירות בנשק (נשיאה והובלה) - עבירה לפי סעיפים 144 (ב) לחוק; החזקת סם מסוכן לצריכה עצמית - עבירה לפי סעיף 7(א) + (ג) סיפא לפקודת הסמים המסוכנים [נוסח חדש], התשל""ג-1973.

הנאשם הורשע בכך שביום 16.1.20 בשעה 14:55 הוא הגיע לעסק בו עבד המתלונן, ברכב מסוג הונדה בצבע שחור, ל.ז. 60-201-70 (להלן: ""הרכב"") בו נהג אחר, שזהותו אינה ידועה למאשימה (להלן: ""האחר""). הנאשם יצא מהרכב כשהוא נושא על גופו אקדח טעון בכדורים (להלן: ""האקדח"") אותם נשא והוביל בלא רשות על פי דין.

הנאשם יצא מהרכב, תוך שהותיר את דלת הרכב פתוחה ונכנס לעסק בו שהה אותה העת המתלונן ובמקביל, קירב האחר את הרכב לכיוון דלת הכניסה של העסק.

הנאשם דיבר, זמן קצר, עם המתלונן בתוך העסק, ולאחר מכן,  יצאו המתלונן והנאשם מבית העסק ונעמדו סמוך לכניסה לבית העסק והמשיכו לדבר. זמן קצר לאחר מכן, הנאשם שלף לפתע את האקדח שהיה על גופו, דרך אותו, הצמיד את קנה האקדח לחלק העליון של ירכו השמאלית של המתלונן, ירה כדור אחד בכוונה לגרום למתלונן חבלה חמורה, נכות או מום. מיד לאחר מכן חזר הנאשם לרכב והוא והאחר נמלטו מהמקום, בנסיעה ברכב, כאשר הנאשם נושא ומוביל את האקדח עמו.

כתוצאה מהירי שביצע הנאשם כמתואר לעיל, קליע אחד פגע ברגלו השמאלית של המתלונן, גרם לשבר פמור שליש פרוקסימלי אספקט קדמי של להקורטקס, ספליט שנמשך עד כ 7 ס""מ מתחת ל- LT. המתלונן הובהל לבית חולים רמב""ם על ידי צוות מגן דוד אדום, אושפז, נותח לשחזור ולקיבוע השבר באמצעות מסמר, והקליע הושאר בגופו של המתלונן בשל חשש שהוצאתו תגרום לפגיעה בכלי דם ועצבים. רגלו של המתלונן גובסה והוא שוחרר מהאשפוז בתאריך 21.1.20.

בהמשך אותו יום, סמוך לשעה 15:50, אותר הנאשם על ידי המשטרה בתחנת דלק פז הנמצאת בצומת האצטדיון בחיפה ובחיפוש נמצא על גופו סם מסוג קוקאין במשקל נטו של 1.5 גרם וכן שטרות כסף בסך 1,950 ₪.

במעשיו המתוארים לעיל גרם הנאשם למתלונן חבלה חמורה שלא כדין, בכוונה להטיל בו נכות או מום ולגרום לו חבלה חמורה, נשא והוביל נשק בלא רשות על פי דין להחזקתו, נשיאתו והובלתו, החזיק בסם מסוכן מסוג קוקאין במשקל כולל של 1.5 גרם נטו לצריכתו העצמית, ללא היתר ורישיון מאת המנהל.","ביום 7 במאי 2017 בשעת צהריים נהג הנאשם בתיק זה, דוד טבצ'ניקוב, באופנוע מסוג קואנג יאנג טיו כשהוא נושא ומוביל עמו בתוך תא המטען תת-מקלע מאולתר שבתוכו מחסנית. לפניי, הודה הנאשם בביצוע עבירה זו, בניגוד לסעיף 144(ב) רישא וסיפא לחוק העונשין, התשל""ז-1977 (להלן: ""חוק העונשין"") והוא הורשע בה.",30.0,"1. סוג העבירה וחומרתה  
בתיק 1 העבירה המרכזית היא חבלה בכוונה מחמירה (ס' 329(א)(1)), בצירוף עבירות נשק וסמים – קומבינציה של אלימות חמורה מאוד עם נשק חם. בתיק 2 מדובר בעבירת נשק ""טהורה"" בלבד לפי ס' 144(ב), ללא כל שימוש בנשק וללא עבירת אלימות נלווית. החפיפה קיימת רק ברכיב של נשיאת/הובלת נשק, אך מדרג החומרה הכללי שונה מהותית – תיק 1 חמור לאין שיעור.  

2. תפקיד הנאשם ומעורבותו  
בשני התיקים הנאשם הוא המחזיק הישיר והנושא הפיזי של הנשק, ללא תיווך של צדדים שלישיים. אולם בתיק 1 הנאשם הוא גם התוקף העיקרי שביצע ירי מכוון מטווח קצר וגרם חבלה קשה – מעורבות יזומה ואלימה ברף גבוה. בתיק 2 תפקידו מצטמצם לנשיאה והובלה בלבד, ללא ראיה לאירוע אלים, איום או ניסיון שימוש – מעורבות ""לוגיסטית"" בלבד.  

3. שיטת הביצוע (MO)  
בשני התיקים יש דפוס של נשיאת נשק חם טעון בזמן נסיעה בכלי רכב (רכב בתיק 1, אופנוע בתיק 2), כאשר הנשק אינו מוחזק ברישיון. עם זאת, בתיק 1 הנשק נישא על גוף הנאשם, בהישג יד מיידי, ונעשה בו שימוש מיד לאחר אינטראקציה עם המתלונן; בתיק 2 הנשק נמצא בתא המטען של האופנוע, ללא פעולה נוספת של שליפה/כוון/ירי. שיטת הביצוע בתיק 1 ביטאה היערכות לשימוש מיידי בנשק לצורך פגיעה, בעוד שבתיק 2 מדובר בהובלה ""קרה"" ללא מימוש השימוש.  

4. נסיבות הליבה  
תיק 1 כולל ירי מטווח קצר, פגיעה חמורה, ניתוח, אשפוז, בריחה מהזירה, ושיתוף פעולה עם נהג נוסף – נסיבות מחמירות מובהקות של אלימות חמושה מתוכננת יחסית. בנוסף קיים רכיב משני של החזקת סם לצריכה עצמית, שאינו משנה דרמטית את מדרג החומרה אך מצייר תמונה כוללת מחמירה. בתיק 2 אין פגיעה, אין איום, אין מימוש תכלית אלימה; החומרה נובעת מסוג הנשק (תת-מקלע מאולתר עם מחסנית) והנשיאה במרחב הציבורי, אך ללא נסיבות אלימות נלוות.  

5. ישימות כתקדים  
לצורכי ענישה, תיק 2 יכול לשמש לכל היותר כאסמכתא חלקית למתחמי ענישה של עבירות נשק לפי ס' 144(ב), ברכיב הנשיאה/ההובלה בלבד. אולם בתיק 1 הענישה תיגזר בראש ובראשונה מפסיקה העוסקת בס' 329 (ירי מכוון הגורם חבלה חמורה), ורכיב הנשק ""נבלע"" בתוך עבירת האלימות החמורה; לפיכך, הרלוונטיות של תיק 2 כתקדים ענייני כוללת בלבד ומוגבלת. בית משפט לא יראה בתיק 2 תקדים ממשי למכלול תיק 1, אלא לכל היותר לעבירת הנשק כשלעצמה וברף חומרה נמוך בהרבה.  

SIMILARITY_SCORE: 30","ok",""
"ME-16-06-64845-657","ME-12-03-13401-281",1,0,0,"הנאשם הורשע על פי הודאתו בביצוע עבירות בנשק (נשיאה והובלה), לפי סעיף 144(ב) רישא לחוק העונשין, התשל""ז- 1977 (להלן: ""חוק העונשין""), ועבירות בנשק (תחמושת) לפי סעיף 144(ב) סיפא לחוק העונשין.

עובר ליום 22/6/16 הצטייד הנאשם באקדח ובו מחסנית ריקה, ו-11 כדורי רובה בקוטר 9 מ""מ. ביום 22/6/16 הטמין הנאשם את האקדח בתא הכפפות של רכבו, ואת כדורי הרובה החזיק בכיסו. סמוך לשעה 22:30 הגיע הנאשם, לאזור המשתלה בקצה הצפוני של כפר כנא, שם נתפס ע""י השוטרים כשהנשק וכדורי הרובה ברשותו.","הנאשם הודה, טרם שמיעת ראיות, בעובדות כתב אישום מתוקן והורשע בביצוע העבירות: החזקת נשק שלא כדין - עבירה לפי סעיפים 144(א) (רישא + סיפא) + 144(ג) לחוק העונשין, תשל""ז-1977 (להלן: ""החוק""), נשיאת והובלת נשק - עבירה לפי סעיפים 144(ב) (רישא + סיפא) + 144(ג) לחוק ויריות באזור מגורים - עבירה לפי סעיף 340א לחוק.

מעובדות כתב האישום המתוקן עולה כי בליל 25 -26.2.12, הנאשם החזיק ונשא אקדח גנוב מסוג CZ קליבר 9 מ""מ, שתי מחסניות שבתוכן כדורי אקדח ו-11 כדורי אקדח 9 מ""מ נוספים. האקדח נגנב ב- 3.2.12 בהתפרצות לבית  ביישוב ציפורי.

סמוך לשעה 00:38, ברחוב שיבת ציון בחיפה שהינו ""איזור מגורים"", ירה הנאשם מהאקדח 11 כדורים, ללא הסבר סביר. לאחר מכן נכנס הנאשם עם האקדח, כשהוא טעון עם כדור בקנה ופטיש האקדח משוך לאחור, עם הכדורים ועם המחסניות לרכב, בו שהו אנשים נוספים. סמוך לשעה 1:50 הנאשם נעצר ברכב על ידי שוטרים.",40.0,"1. סוג העבירה וחומרתה  
בשני התיקים מדובר בעבירות נשק לפי סעיף 144 לחוק העונשין – נשיאה/הובלה ותחמושת, ובכך יש חפיפה נורמטיבית בסיסית. עם זאת, בתיק 2 נוספו החזקת נשק, נסיבה מחמירה לפי 144(ג) (נשק גנוב) וירי באזור מגורים לפי סעיף 340א – כך שמדרג החומרה בתיק 2 גבוה משמעותית, גם במספר העבירות וגם בסיכון הממשי שנגרם.

2. תפקיד הנאשם ומעורבותו  
בשני המקרים הנאשם הוא העושה העיקרי: הוא זה שמחזיק, נושא ומוביל את הנשק. אולם בתיק 1 מעורבותו מתמצה בהחזקה/נשיאה פסיבית יחסית (לא נעשה שימוש בנשק), בעוד שבתיק 2 הנאשם מבצע שימוש אקטיבי באקדח (ירי 11 כדורים) ונושא אקדח דרוך ברכב עם אחרים – מעורבות יוזמת ומסכנת בפועל.

3. שיטת הביצוע (MO)  
קיים דמיון מסוים: בשני המקרים מדובר באקדח בקוטר 9 מ""מ, תחמושת תואמת, נשיאה ברכב בשעות הלילה, ולבסוף תפיסה ע""י המשטרה. עם זאת, בתיק 1 מדובר בהטמנת האקדח בתא הכפפות והחזקת כדורים בכיס ללא שימוש, בעוד שבתיק 2 דפוס הביצוע כולל ירי בפועל ברחוב מגורים, החזקת נשק גנוב וניודו כשהוא טעון ודרוך ברכב – שיטה תוקפנית ומסוכנת בהרבה.

4. נסיבות הליבה  
הכמות הבסיסית של האקדח והתחמושת דומה, אך כאן פחות קובע המספר ויותר אופן השימוש: בתיק 1 אין ירי, אין אינדיקציה שנשק גנוב, ואין נסיבה מעצימה (כגון אזור מגורים או סכנה קונקרטית לאחרים). בתיק 2 יש ירי לילי באזור מגורים ללא הסבר סביר, נשק שמקורו בהתפרצות וגניבה, נשיאה של נשק דרוך עם אנשים נוספים ברכב – מכלול נסיבות מחמירות משמעותית מבחינת סיכון לציבור והערכת האשמה.

5. ישימות כתקדים  
לתיק 2 יש רלוונטיות עקרונית כפסיקה בתחום עבירות הנשק – לעניין מדיניות ענישה מחמירה, הדגשת הסיכון החברתי והצורך בהרתעה. אולם כתקדים ענייני ישיר לתיק 1, שבו אין ירי, אין גניבת נשק ואין סיכון קונקרטי ממומש, ההתאמה מוגבלת: בית משפט צפוי לראות בתיק 2 דוגמה לקצה מחמיר של מדרג הענישה, לא כמקרה דומה בעובדות שניתן להקיש ממנו באופן ישיר על רף הענישה בתיק 1.

SIMILARITY_SCORE: 40","ok",""
"SH-14-02-28659-762","ME-16-05-19384-544",1,0,0,"הנאשם הורשע על פי הודאתו בעבירה של החזקת נשק לפי סעיף 144(א) לחוק העונשין התשל""ז-1977, בכך שבמשך כשנתיים עובר ליום 11.2.14, החזיק הנאשם שבביתו שבעזריה נשק מאולתר מסוג ""קרל גוסטב"". הנאשם הסתיר את הנשק בעליית הגג של המקלחת בביתו וטען כי החזיקו לצורך הגנה עצמית.","הנאשם הורשע על פי הודאתו, במסגרת הסדר טיעון בכתב אישום מתוקן, לאחר שחזר בו מכפירתו, בעבירת נשיאת נשק לפי סעיף 144(ב) לחוק העונשין התשל""ז-1977 (להלן חוק העונשין), בעבירת ניסיון לחבלה חמורה לפי סעיף 333 בצירוף סעיף 25 לחוק העונשין, בעבירת רכישת נשק לפי סעיף 144(א) לחוק העונשין ובשתי עבירות סחר בנשק לפי סעיף 144(ב2) לחוק העונשין.

מעובדות החלק הכללי של כתב האישום המתוקן עולה שהנאשם הוא אזרח ישראלי. בתקופה הרלבנטית לכתב האישום עסק הנאשם בקנייה ומכירה של כלי נשק ותחמושת מסוגים שונים. לפחות באחד המקרים שימש נשק שמכר הנאשם בידי קונהו לביצוע פיגוע בתחום מדינת ישראל והכל כמפורט להלן.

יוער כי, ב""כ המאשימה הודיע על חזרה מאישום מספר 1 בכתב האישום בדיון שנערך לפניי ביום 10.1.17 לאחר שהנאשם השיב לכתב האישום שהוגש נגדו. לפיכך ובהתאם לאמור בסעיף 94(א) לחוק סדר הדין הפלילי [נוסח משולב], תשמ""ב-1982(להלן חוק סדר הדין הפלילי), הוריתי על זיכוי הנאשם מאישום מספר 1.

מעובדות האישום השני בכתב האישום המתוקן עולה כי במועד ובדרך שאינה ידועה במדויק למאשימה, השיג הנאשם רובה מסוג ""תבור"" (להלן הנשק). הנאשם החביא את הנשק בשכונה הסמוכה למקום מגוריו.

ביום 14.11.15, בשעה 1:00 או בסמוך לכך, הגיעו כוחות הביטחון להרוס בית של מפגע בקלנדיה. בעקבות כך החלו התפרעויות נגד כוחות הביטחון, במסגרתן נהרגו שניים מהמתפרעים. בעקבות כך החליט הנאשם לירות על כוחות הביטחון. הנאשם הלך למחבוא בו החביא את הנשק ולקח את הנשק עימו. הנאשם חיפש מקום בו יעברו רכבים של כוחות הביטחון עליהם יוכל לירות. בשעה 2:00 או בסמוך לכך זיהה הנאשם שלושה רכבים של כוחות הביטחון, ולאחר שהרכבים התקרבו, ירה לעברם חמישה כדורים.

בתאריך שאינו ידוע במדויק למאשימה, בסביבות חודש מרץ 2016, ראה הנאשם כי כוחות הביטחון מבצעים חיפושים אחר נשקים בקלנדיה, ועל כן חשש כי כוחות הביטחון יאתרו את נשקו. נוכח זאת לקח הנאשם את הנשק, נתן אותו למחמוד זהאדה, וביקש ממנו לשמור על הנשק למשך מספר ימים.

במסגרת כתב האישום המתוקן, האישום השלישי נמחק.

על פי עובדות האישום הרביעי בכתב האישום המתוקן, בתאריך שאינו ידוע במדויק למאשימה, במהלך חודש פברואר 2016, פנה אל הנאשם מוראד מחיסן (להלן מחיסן) וביקש מהנאשם להשיג עבורו מספר כלי נשק. בעקבות כך, הלך הנאשם לאחר וקנה ממנו נשקים שונים אותם מכר למחיסן והכל כמפורט להלן: הנאשם מכר למחיסן שני נשקים מסוג קרל גוסטב, תמורת 4,000 ₪ לכל נשק. במעשיו המתוארים לעיל רכש הנאשם נשק וסחר או עשה עסקה אחרת שיש עמה מסירת החזקה בנשק לזולתו.

על פי עובדות האישום החמישי בכתב האישום המתוקן, בתאריך 8.3.16 או בסמוך לכך, הגיע אל הנאשם עבד חרוב (להלן חרוב) וביקש מהנאשם לקנות ממנו נשק מסוג קרל גוסטב. בעקבות כך הלך הנאשם לאחר וקנה נשק מסוג קרל גוסטב (להלן הנשק) במחיר של 3,000 ₪. לאחר מכן חזר הנאשם לחרוב ואמר לו כי מחיר הנשק הוא 3,500 ₪. חרוב הסכים למחיר והביא לנאשם סך של 3,000 ₪. בתמורה לכך מסר הנאשם את הנשק לחרוב. כמו כן, סמוך לאחר מכן, מכר הנאשם לחרוב כעשרה כדורי תחמושת לנשק.

בתאריך 9.3.16 השתמש חרוב בנשק לביצוע פיגוע ירי מתמשך בירושלים. במהלך פיגוע הירי ירה חרוב, ביחד עם אחר, לעבר נוסעים שעמדו בתחנת אוטובוס בצומת רמות בירושלים, לאחר מכן ניסה לירות לעבר שוטר משמר הגבול שעמד במעבר חצייה בסמוך לתחנת הרכבה הקלה ""שמעון הצדיק"" בירושלים והכל עד שחרוב והאחר נורו ונוטרלו בסמוך לשער החדש בירושלים. במעשיו המתוארים לעיל, רכש הנאשם נשק וסחר או עשה עסקה אחרת שיש עמה מסירת החזקה בנשק לזולתו.",20.0,"1. סוג העבירה וחומרתה  
שני התיקים עוסקים בעבירות נשק לפי סעיף 144, אך בתיק 1 מדובר בעבירה יחידה של החזקת נשק (144(א)) ללא שימוש או מסחר, בעוד שבתיק 2 יש רצף עבירות חמורות בהרבה: נשיאת נשק, רכישת נשק, סחר בנשק וניסיון לחבלה חמורה (333+25), כאשר חלק מהנשק נמכר לצורך פיגוע. הפער ברמת החומרה מהותי – תיק 2 נמצא בליבת עבירות ביטחוניות/טרוריסטיות וסחר בנשק, לעומת החזקה אחת ""סטטית"" בתיק 1.  

2. תפקיד הנאשם ומעורבותו  
בתיק 1 הנאשם הוא מחזיק בודד של נשק מאולתר בביתו, בטענה להגנה עצמית, ללא יוזמה להפצה או שימוש התקפי. בתיק 2 הנאשם הוא דמות יוזמת ואקטיבית: עוסק ברכישה וסחר שיטתי בנשק, יורה בפועל לעבר כוחות ביטחון, ומספק נשק ששימש לפיגוע ירי. לכן מידת המעורבות והיוזמה הפלילית בתיק 2 גבוהה לאין ערוך.  

3. שיטת הביצוע (MO)  
בתיק 1 – החזקת כלי נשק יחיד המוסתר בעליית גג בבית; אין תנועה, אין עסקאות, אין שימוש. בתיק 2 – דפוס פעולה של סוחר נשק: איתור מקורות, רכישה מאחר, הסתרה מחוץ לבית, מכירה למספר לקוחות, תמחור, וכן יציאה אקטיבית עם נשק לזירת עימות לצורך ירי. הדמיון השולי הוא בקיומו של נשק מסוג ""קרל גוסטב"" בשני התיקים, אך ה־MO שונה לחלוטין.  

4. נסיבות הליבה  
תיק 1 – כלי נשק מאולתר אחד, החזקה ממושכת ללא ראיית שימוש, ללא ירי, ללא נפגעים, ללא אינדיקציה לנסיבות ביטחוניות או עברייניות נוספות (מלבד עצם ההחזקה הבלתי חוקית). תיק 2 – מספר כלי נשק ותחמושת, שימוש בירי לעבר כוחות ביטחון, מסירת נשק ששימש לפיגוע רב־יעדי בירושלים, תכנון ויוזמה התקפית ברורה, ונסיבות ביטחוניות מובהקות – כולן נסיבות מחמירות מסוג אחר לחלוטין.  

5. ישימות כתקדים  
לצורכי ענישה בתיק 1, תיק 2 כמעט ואינו יכול לשמש כתקדים ענייני: בתי המשפט יראו בתיק 2 ""רף עליון"" קיצוני השייך לקטגוריה אחרת – סחר ונשק המשמש לטרור וניסיון לחבלה חמורה – ולא כמדד ישיר לעונש על החזקת נשק בודד בבית. לכל היותר ניתן ללמוד ממנו על העמדה הערכית הכללית כלפי הפצת נשק בלתי חוקי, אך לא על מתחם ענישה אופייני לעבירת החזקה פשוטה.  

SIMILARITY_SCORE: 20","ok",""
"ME-20-01-62688-591","ME-22-03-52964-443",1,0,0,"על פי הודאתו במסגרת הסדר טיעון, אשר לא כלל הסכמה לעניין העונש ואשר הוגש לאחר שמיעת חלק מראיות התביעה, הורשע הנאשם על פי כתב אישום מתוקן, שהוגש במסגרת ההסדר (סומן ""א""), בביצוע עבירה של חבלה בכוונה מחמירה - עבירה לפי סעיף 329 (א)(1) לחוק העונשין, התשל""ז-1977 (להלן: ""החוק""); עבירות בנשק (נשיאה והובלה) - עבירה לפי סעיפים 144 (ב) לחוק; החזקת סם מסוכן לצריכה עצמית - עבירה לפי סעיף 7(א) + (ג) סיפא לפקודת הסמים המסוכנים [נוסח חדש], התשל""ג-1973.

הנאשם הורשע בכך שביום 16.1.20 בשעה 14:55 הוא הגיע לעסק בו עבד המתלונן, ברכב מסוג הונדה בצבע שחור, ל.ז. 60-201-70 (להלן: ""הרכב"") בו נהג אחר, שזהותו אינה ידועה למאשימה (להלן: ""האחר""). הנאשם יצא מהרכב כשהוא נושא על גופו אקדח טעון בכדורים (להלן: ""האקדח"") אותם נשא והוביל בלא רשות על פי דין.

הנאשם יצא מהרכב, תוך שהותיר את דלת הרכב פתוחה ונכנס לעסק בו שהה אותה העת המתלונן ובמקביל, קירב האחר את הרכב לכיוון דלת הכניסה של העסק.

הנאשם דיבר, זמן קצר, עם המתלונן בתוך העסק, ולאחר מכן,  יצאו המתלונן והנאשם מבית העסק ונעמדו סמוך לכניסה לבית העסק והמשיכו לדבר. זמן קצר לאחר מכן, הנאשם שלף לפתע את האקדח שהיה על גופו, דרך אותו, הצמיד את קנה האקדח לחלק העליון של ירכו השמאלית של המתלונן, ירה כדור אחד בכוונה לגרום למתלונן חבלה חמורה, נכות או מום. מיד לאחר מכן חזר הנאשם לרכב והוא והאחר נמלטו מהמקום, בנסיעה ברכב, כאשר הנאשם נושא ומוביל את האקדח עמו.

כתוצאה מהירי שביצע הנאשם כמתואר לעיל, קליע אחד פגע ברגלו השמאלית של המתלונן, גרם לשבר פמור שליש פרוקסימלי אספקט קדמי של להקורטקס, ספליט שנמשך עד כ 7 ס""מ מתחת ל- LT. המתלונן הובהל לבית חולים רמב""ם על ידי צוות מגן דוד אדום, אושפז, נותח לשחזור ולקיבוע השבר באמצעות מסמר, והקליע הושאר בגופו של המתלונן בשל חשש שהוצאתו תגרום לפגיעה בכלי דם ועצבים. רגלו של המתלונן גובסה והוא שוחרר מהאשפוז בתאריך 21.1.20.

בהמשך אותו יום, סמוך לשעה 15:50, אותר הנאשם על ידי המשטרה בתחנת דלק פז הנמצאת בצומת האצטדיון בחיפה ובחיפוש נמצא על גופו סם מסוג קוקאין במשקל נטו של 1.5 גרם וכן שטרות כסף בסך 1,950 ₪.

במעשיו המתוארים לעיל גרם הנאשם למתלונן חבלה חמורה שלא כדין, בכוונה להטיל בו נכות או מום ולגרום לו חבלה חמורה, נשא והוביל נשק בלא רשות על פי דין להחזקתו, נשיאתו והובלתו, החזיק בסם מסוכן מסוג קוקאין במשקל כולל של 1.5 גרם נטו לצריכתו העצמית, ללא היתר ורישיון מאת המנהל.","הנאשם הורשע על פי הודאתו בביצוע עבירות נשק (החזקה, נשיאה, והובלה) לפי סעיפים 144(א) רישא וסיפא + 144(ב) רישא וסיפא + 144(ג) לחוק העונשין, התשל""ז-1977 (להלן: ""החוק""), ובעבירת הפרעה לשוטר במילוי תפקידו לפי סעיף 275 לחוק.

על פי האמור בכתב האישום, עבד הנאשם במפעל מזון בדיר אל אסד. ביום 9.3.22 בשעה 12:10 החזיק ונשא הנאשם על גופו בחצר הכניסה למפעל אקדח חצי אוטומטי D.D.G מודל 19 קליבר 9 מ""מ פרבלום. הנאשם נשא את האקדח על גופו כשהוא טעון במחסנית ובתוכה 16 כדורים, הכל בלא רשות על פי דין. בנוסף, החזיק ונשא הנאשם על גופו מחסנית נוספת ובתוכה 16 כדורים נוספים. בהמשך למתואר לעיל, עברה בסמוך למפעל ניידת משטרה, ומשהבחין הנאשם בניידת החל לרוץ אל תוך המפעל. השוטרים רדפו אחריו והנאשם ניסה להשליך את הנשק, המחסנית והתחמושת לתוך ארגז עופות שהיה מונח על הרצפה, אולם נתפס על ידי השוטרים.",30.0,"1. סוג העבירה וחומרתה  
בתיק 1 העבירה המרכזית היא חבלה בכוונה מחמירה (ס' 329(א)(1)) שכוללת שימוש בפועל בנשק וגרימת חבלה חמורה – עבירת אלימות חמורה הקרובה במדרג לניסיון רצח; עבירות הנשק הן נלוות. בתיק 2 מדובר בעבירות נשק ""טהורות"" (החזקה/נשיאה/הובלה) והפרעה לשוטר, ללא שימוש בנשק וללא פגיעה בגוף. הדמיון בסוג עבירת הנשק קיים, אך מדרג החומרה הכולל שונה מהותית.

2. תפקיד הנאשם ומעורבותו  
בשני התיקים הנאשם הוא המחזיק והנושא הישיר של האקדח – לא ""שליח"" או דמות שולית. אולם בתיק 1 הנאשם הוא התוקף העיקרי, יוזם האירוע האלים ויורה במתלונן מטווח קרוב, בעוד שבתיק 2 מעורבותו מסתכמת בהחזקה בלתי-חוקית ובריחה/השלכה בעת היתקלות בשוטרים, ללא הפעלת הנשק כלפי אדם. לפיכך רמת המעורבות האלימה בתיק 1 גבוהה לאין שיעור.

3. שיטת הביצוע (MO)  
בשני המקרים יש נשיאת אקדח טעון על הגוף במרחב אזרחי (מקום עבודה/מפעל), ללא רישיון, עם תחמושת זמינה. בתיק 1 קיים דפוס מתוכנן יותר: הגעה למקום עם אחר ברכב, יצירת מפגש ""שיחה"" ואז שליפת האקדח וירי מטווח קצר, ולאחר מכן בריחה ברכב. בתיק 2 ה-MO הוא ""החזקה עד להיתקלות באכיפה"" וניסיון מהיר להשלכת הנשק – ללא מרכיב של איתור קורבן או ביצוע תקיפה.

4. נסיבות הליבה  
בתיק 1 יש שימוש ממשי בנשק, ירי מכוון לגופו של אדם וגרימת שבר מורכב ונזק גופני חמור, נסיבות המעלות את רמת המסוכנות וההחמרה באופן דרמטי; קיים גם רכיב נלווה של סם לצריכה עצמית שאינו דומיננטי. בתיק 2 האקדח אמנם טעון ובכמות תחמושת משמעותית (שתי מחסניות מלאות), אך אין ירי, אין איום, ואין נפגעים, והנסיבה המרכזית הנוספת היא הפרעה לשוטר בניסיון להשליך את הנשק. לכן גרעין הנסיבות המחמירות שונה: אלימות תוצאתית חמורה בתיק 1 לעומת החזקה מסוכנת אך ""סטטית"" בתיק 2.

5. ישימות כתקדים  
לעניין ענישה על עצם עבירות הנשק (החזקה/נשיאה/הובלה), ייתכן שבית משפט יתייחס לתיק 1 באופן מוגבל כנקודת ייחוס, מאחר שבשני המקרים מדובר בהחזקת אקדח טעון במרחב ציבורי/עבודה. עם זאת, בתיק 1 הענישה תיגזר בעיקר מעבירת החבלה בכוונה מחמירה והשימוש בפועל בנשק, ולכן הוא איננו תקדים מהותי לתיק 2, שבו אין שימוש בנשק ואין תוצאה אלימה. מנגד, תיק 2 איננו יכול לשמש כמעט תקדים ענייני לתיק 1, משום שהוא נעדר את רכיב האלימות והתוצאה הקשה.

SIMILARITY_SCORE: 30","ok",""
"ME-19-01-53615-8","ME-16-11-69158-529",3,1,1,"הנאשם הורשע בהתאם להודאתו בעובדות כתב האישום המתוקן בעבירות כדלקמן:

נשיאה והובלה של נשק, עבירה לפי סעיף 144 (ב) רישא בחוק העונשין, תשל""ז-1977 (להלן: ""החוק"").

ירי מנשק חם באזור מגורים, עבירה לפי סעיף 340א(ב)(1) בחוק.

על-פי המתואר בעובדות כתב האישום, ביום 8.1.19 בשעת לילה, נהג הנאשם ברכב מסוג מאזדה (להלן: ""הרכב"") בעיר לוד, כשברשותו תת מקלע מאולתר מסוג קרלו (להלן: ""הנשק""), שהוא דרוך ובו מחסנית טעונה בכדורים תואמים, אחד מהם בבית הבליעה. מסיבה שאינה ידועה, הנאשם ירה שני כדורים באזור מגורים והחל לנסוע מהמקום כשברשותו הנשק, עד שהגיע לחניית עפר סמוכה. לאחר נסיעה של עשרות מטרים באותו בלוק מבנים, עצר הנאשם ויצא מהרכב כשברשותו הנשק. הנאשם הבחין בשוטרים, אשר הגיעו למקום בעקבות דווח תושבים על האירוע למשטרה, השליך את הנשק מידיו ארצה ובהמשך נעצר במקום על ידי השוטרים.","הנאשם הורשע בהתאם להודאתו בעובדות כתב האישום המתוקן בעבירות כדלקמן:

נשיאת נשק ותחמושת, עבירה לפי סעיף 144 (ב) רישא וסיפא בחוק העונשין, תשל""ז – 1977 (להלן: ""החוק"").

ירי באזור מגורים, עבירה לפי סעיף 340 א' בחוק.

עלי־פי המתואר בעובדות כתב האישום המתוקן, עובר לתאריך 23.11.16 טמן הנאשם באדמה, סמוך לביתו בטייבה תיק בד ובו נשק תת־מקלע מסוג ""קרלו"" (קרל גוסטב) (להלן: ""הנשק""), יחד עם מחסנית ותחמושת מסוג 9 מ""מ (להלן: ""התחמושת""). בתאריך 23.11.16 הוציא הנאשם את התיק, הכניסו לרכבו ובשעה 21:00 לערך הגיע ברכבו לאירוע משפחתי ברחבת בית משפחת ג'בארה בטייבה, שם הנאשם הוציא את הנשק והתחמושת מהרכב, ניגש לחצר הבית, כיוון את הנשק כלפי מעלה, וירה צרור כדורים. לאחר שסיים לירות, ניגש הנאשם לרכבו, החביא בו את הנשק מתחת למושב הנהג, ואת התחמושות החביא בתוך שקית מתחת למושב הסמוך למושב הנהג ברכב.",82.0,"1. סוג העבירה וחומרתה  
בשני התיקים מדובר באותן עבירות ליבה: נשיאה/הובלת נשק חם בלתי-חוקי וירי באזור מגורים, לפי אותם סעיפים או סעיפים קרובים מאוד (144(ב), 340א). בתיק 2 נוסף גם אישום מפורש על נשיאת תחמושת, אך המסגרת הנורמטיבית ורמת החומרה הכללית דומות מאוד.

2. תפקיד הנאשם ומעורבותו  
בשני המקרים הנאשם הוא המחזיק הישיר והיורה – עבריין ""ראשי"", לא שליח ולא מחזיק משני. בתיק 2 ניכרת שליטה ממושכת ויוזמה גבוהה יותר (הטמנה, הוצאה, נסיעה יזומה לאירוע), מה שממקם אותו מעט ברמת מעורבות ותכנון גבוהה יותר מתיק 1, שנראה כאירוע נקודתי וספונטני יותר.

3. שיטת הביצוע (MO)  
דפוס הפעולה דומה מאוד: החזקת תת-מקלע ""קרלו"" טעון ברכב, הגעה לאזור מגורים וירי ללא יעד קונקרטי (ירי ""באוויר""/ירי פרוע), ולא בהקשר של עבירת רכוש/טרור. בתיק 2 מדובר בצרור כלפי מעלה באירוע משפחתי; בתיק 1 בשני כדורים באזור מגורים ללא פירוט כיוון – אך ליבת השיטה (נשק אוטומטי מאולתר, ירי פרוע בסביבה אזרחית) כמעט זהה.

4. נסיבות הליבה  
בשני התיקים: לילה, אזור מגורים, תת-מקלע מאולתר, נשק טעון ומוכן לירי, סיכון ממשי לציבור – אלה נסיבות ליבה משותפות ורלוונטיות מאוד לענישה. בתיק 2 יש נסיבות מחמירות נוספות: החזקת נשק ותחמושת לאורך זמן (הטמנה), הוצאתם לאירוע עם ריבוי אנשים, ירי בצרור, והסתרה יזומה לאחר מכן – מה שעשוי להיתפס כחומרה גבוהה יותר לעומת תיק 1.

5. ישימות כתקדים  
לבית משפט העוסק בענישה על נשיאת נשק מסוג ""קרלו"" וירי פרוע באזור מגורים, שני התיקים יהיו רלוונטיים מאוד זה לזה לקביעת מתחם ענישה ולגזירת מדיניות כללית. ההבדלים ברמת התכנון, משך ההחזקה והיקף הירי ישמשו לשקלול בתוך המתחם (חומרה מעט גבוהה יותר בתיק 2), אך אינם שוללים את התאמתם כתקדימים הדדיים.

SIMILARITY_SCORE: 82","ok",""
"ME-15-12-39071-113","sh-10-05-7434-952",3,1,1,"ביום 22.9.16 הוגש הסדר טיעון בעניינו של הנאשם ועמו כתב אישום מתוקן (אלו נקלטו בנט-המשפט ביום 23.9.16). באותו המועד הורשע הנאשם על סמך הודאתו באחזקת נשק, עבירה לפי סעיף 144(א) רישא, בחוק העונשין, תשל""ז-1977 (להלן: ""החוק"" או ""חוק העונשין"").

המסכת העובדתית שביסוד הרשעת הנאשם, כפי שפורטה בכתב האישום המתוקן הינה כלהלן: ביום 12.10.13, בשעה 22:30 או בסמוך לכך, נסע הנאשם ברכב אשר היה בשימושו באותה העת, מסוג מזדה 3, מס' רישיון 71-098-16, בכביש מספר 1, בסמוך למחלף הראל. במהלך הנסיעה ישב הנאשם במושב הסמוך לנהג. באותה העת החזיק הנאשם מתחת לשטיח שמתחת למושב אקדח חצי אוטומטי מסוג סטאר, וזאת כאשר הנאשם לא היה בעל רישיון להחזיק את הנשק.

על פי האישום, במעשיו המתוארים לעיל החזיק הנאשם נשק בלא רשות על פי דין להחזקתו.","הנאשם, איגור בן סמיון סבובסקי, יליד 1961, הורשע ביום 17.6.10 על-פי הודייתו בכתב אישום המייחס לו שתי עבירות של החזקת נשק לפי סעיף 144(א) לחוק העונשין, תשל""ז-1977.

לפי העובדות המפורטות בכתב האישום, ביום 14.4.10 נמצא מחזיק בדירתו ברחוב אורלנסקי 11 בפתח תקווה שני כלי נשק ללא רשות על פי דין: אקדח ""ברטה"" חצי אוטומטי ואקדח ""לאמה"" חצי אוטומטי (להלן: ""שני האקדחים"").",80.0,"1. סוג העבירה וחומרתה  
בשני התיקים מדובר באותה עבירה בדיוק – החזקת נשק לפי סעיף 144(א) לחוק העונשין, ללא רישיון. בתיק 2 החומרה מעט גבוהה יותר במובן הכמותי (שני אקדחים לעומת אחד), אך מדרג החומרה הבסיסי זהה.

2. תפקיד הנאשם ומעורבותו  
בשני המקרים הנאשם הוא ""מחזיק"" הנשק כעבריין עיקרי, לא שליח, לא סוחר ולא חלק מעסקת נשק. בשני התיקים אין אינדיקציה לשימוש פעיל בנשק או לעסקת נשק, אלא להחזקה גרידא.

3. שיטת הביצוע (MO)  
בשני התיקים דפוס העבירה הוא החזקת אקדחים חצי-אוטומטיים ללא רישיון, ללא מאפיינים מיוחדים של סחר/הברחה/הסוואה מתוחכמת. ההבדל הוא במיקום ההחזקה – בתיק 1 ברכב, בתיק 2 בדירה – אך המהות (שליטה בכלי ירייה אסור) דומה.

4. נסיבות הליבה  
בתיק 1 מדובר באקדח אחד המוחזק ברכב נוסע; בתיק 2 בשני אקדחים בבית – כמותית תיק 2 מחמיר יותר, בעוד שבתיק 1 האפשרות לנשק זמין במרחב הציבורי יכולה להיתפס גם כנסיבה מחמירה. בשני המקרים אין שימוש בנשק, אין אזכור לאירוע עברייני נלווה, אין תחמושת או ירי המתוארים בכתב האישום, ואין נסיבות קיצון לכאן או לכאן.

5. ישימות כתקדים  
בית משפט יראה בשני התיקים מקרים קרובים של החזקת נשק ""טהורה"" ללא רכיב של סחר או שימוש, כך שתיק אחד רלוונטי מאוד לשאלת רמת הענישה בתיק האחר, תוך התאמות קלות בגין מספר כלי הנשק ומיקום ההחזקה. לפיכך, מדובר בתקדים ענייני די מובהק.

SIMILARITY_SCORE: 80","ok",""
"ME-16-06-44840-433","ME-12-09-51207-971",1,0,0,"הנאשם, יליד 1993, הודה והורשע בכתב אישום שתוקן במסגרת הסדר טיעון בעבירות של נשיאת נשק לפי סעיף 144(ב) לחוק העונשין התשל""ז-1977 (להלן: חוק העונשין), החזקת נשק לפי סעיף 144(א) לחוק וסיוע לנסיון לתקיפה לפי סעיפים 379 + 25 + 31 לחוק. 

על פי כתב האישום המתוקן, קיים סכסוך בין חברו של הנאשם אלירון גולד לבין אחרים, ביניהם רן ויוני אברג'יל ונתי קורקוס. עובר ליום 3.5.16 קיבל הנאשם לידיו והחזיק במקום מסתור שני רימוני הלם ורימון גז (להלן: הרימונים). בתאריך 5.6.16 נאמר לאלירון כי האחרים נמצאים ברחוב האפרסמון בירושלים. הוא קרא לנאשם ולחברים נוספים, הנאשם הצטייד ברימונים וכולם נסעו לרחוב האפרסמון. הנאשם מסר לאלירון את רימון הגז והסביר לו כיצד להשתמש בו. מאוחר יותר השליך הנאשם את רימון הגז לעבר רן אברג'יל . הנאשם נטל את שני רימוני ההלם והטמינם במקום סמוך. ביומיים שלאחר מכן העבירם בין שני מקומות מסתור נוספים. במסגרת הסדר הטיעון הוסכם גם שעבירת הסיוע לנסיון התקיפה התבטאה רק בכך שהנאשם הביא לזירה את הרימונים והסביר לאלירן איך להשתמש ברימון הגז.","בכתב האישום שהוגש בתיק זה הואשם הנאשם בכך, שבמהלך חודש אוגוסט 2008, בעת שעבד כרתך במפעל אם. סי. במעלות, הוא יצר כלי שסוגל לירות קליע שבכוחו להמית אדם (להלן: ""הנשק"") וזאת - בלא רשות על פי דין.

הנאשם החזיק את הנשק בביתו, ללא רשות על פי דין, עד ליום 15/8/11, שאז נתפס הנשק בחיפוש שערכה משטרת ישראל בביתו.

כן מואשם הנאשם בכך, שבתאריך 11/8/11, במהלך חתונה בכפר פסוטה, הוא ירה מנשק חם, אותו החזיק ללא רשות על פי דין וזאת  - באזור מגורים וללא הסבר סביר.

בגין האמור לעיל הואשם הנאשם הוראות החיקוק כדלקמן"":

א.	עבירות בנשק (ייצור) - עבירה לפי סעיף 144 (ב2) + (ג)(1) לחוק העונשין, התשל""ז 	- 1977 (להלן: ""חוק העונשין"").

ב.	עבירות בנשק (החזקה) - עבירה לפי סעיף 144 (א) + (ג)(1) לחוק.

ג.	יריות באזור מגורים - עבירה לפי סעיף 340א לחוק.",40.0,"1. סוג העבירה וחומרתה  
בשני התיקים מדובר בעבירות נשק לפי סעיף 144 לחוק העונשין, כך שיש חפיפה כללית בתחום המשפטי (עבירות בנשק). עם זאת, בתיק 1 מדובר בנשיאת נשק, החזקתו וסיוע לעבירת אלימות קונקרטית, בעוד שבתיק 2 יש ייצור נשק (רכיב חמור וייעודי) לצד החזקה וירי באזור מגורים. רמת החומרה שונה באופייה: בתיק 1 – נשק ייעודי לסכסוך אלים; בתיק 2 – דגש על ייצור נשק וירי מסוכן אך ללא יעד תקיפה אישי מוגדר.

2. תפקיד הנאשם ומעורבותו  
בתיק 1 הנאשם הוא חלק מאירוע אלים מתוכנן־למחצה: הוא מביא רימונים לזירה, מחזיק אותם, מסביר שימוש ואף משליך רימון גז – תפקיד אקטיבי בסכסוך פיזי קונקרטי (גם אם הוגדר כ""סיוע"" לנסיון תקיפה). בתיק 2 הנאשם הוא יצרן הנשק ומחזיקו לאורך שנים, ויורה ממנו באירוע חברתי; מעורבותו היא ""בעלים/יצרן"" של אמצעי לחימה, לא כקו תקיפה בסכסוך פלילי בין קבוצות. זהו סוג אחר של מעורבות: יוזמה טכנית (ייצור) והחזקה עצמאית, לעומת השתלבות בצוות אלים.

3. שיטת הביצוע (MO)  
בתיק 1: השגת רימוני הלם וגז, החזקתם במקומות מסתור, נשיאתם לזירת סכסוך, והכוונת שימוש בהם נגד אדם מסוים – דפוס של שימוש טקטי בנשק במסגרת סכסוך עברייני. בתיק 2: ייצור כלי ירי במפעל, החזקת הנשק בבית לאורך זמן, וירי באירוע חתונה באזור מגורים – דפוס של ייצור עצמי ושימוש ""טקסי""/חגיגי מסוכן. אין דמיון של ממש בשיטת הביצוע, בסוג הנשק או בהקשר השימוש.

4. נסיבות הליבה  
תיק 1: מעורבות בסכסוך אישי־עברייני, שימוש ברימונים (הלם וגז) בזירה אורבנית בירושלים, תכנון מסוים (איסוף חברים, נסיעה למקום, הטמנת הרימונים), והיבט של סיכון ממוקד כלפי אדם ספציפי. תיק 2: ייצור נשק חם והחזקתו שלוש שנים, ירי באזור מגורים בחתונה, ללא יעד תקיפה מוגדר אך בסיכון לציבור הרחב; אין תכנון של פגיעה באדם מסוים אלא התנהגות פזיזה/מסכנת. הדמיון מתמצה בעצם קיומו של נשק בלתי חוקי ושימוש בו, אך אופי הנסיבות, סוג הסיכון וקונטקסט העבריינות שונים למדי.

5. ישימות כתקדים  
שני התיקים עשויים לשמש זה לזה כתקדים כללי במדיניות ענישה בעבירות נשק: הדגשת מסוכנות החזקת נשק לא חוקי, הצורך בהרתעה, וההתייחסות לכמה רכיבים מחמירים (משך החזקה, שימוש בפועל, סוג הנשק). עם זאת, כתקדים ענייני קונקרטי – בית משפט יראה בתיק 2 פחות רלוונטי לשאלת ענישה בתיק 1, שבו מדובר בשילוב נשק עם סכסוך ותקיפה, ולהפך – בתיק 1 אין סוגיית ייצור נשק וירי ""שמחה"" באזור מגורים. לכן הרלוונטיות ההדדית כתקדים היא חלקית בלבד.

SIMILARITY_SCORE: 40","ok",""
"ME-16-05-19384-544","ME-16-03-54615-517",3,1,1,"הנאשם הורשע על פי הודאתו, במסגרת הסדר טיעון בכתב אישום מתוקן, לאחר שחזר בו מכפירתו, בעבירת נשיאת נשק לפי סעיף 144(ב) לחוק העונשין התשל""ז-1977 (להלן חוק העונשין), בעבירת ניסיון לחבלה חמורה לפי סעיף 333 בצירוף סעיף 25 לחוק העונשין, בעבירת רכישת נשק לפי סעיף 144(א) לחוק העונשין ובשתי עבירות סחר בנשק לפי סעיף 144(ב2) לחוק העונשין.

מעובדות החלק הכללי של כתב האישום המתוקן עולה שהנאשם הוא אזרח ישראלי. בתקופה הרלבנטית לכתב האישום עסק הנאשם בקנייה ומכירה של כלי נשק ותחמושת מסוגים שונים. לפחות באחד המקרים שימש נשק שמכר הנאשם בידי קונהו לביצוע פיגוע בתחום מדינת ישראל והכל כמפורט להלן.

יוער כי, ב""כ המאשימה הודיע על חזרה מאישום מספר 1 בכתב האישום בדיון שנערך לפניי ביום 10.1.17 לאחר שהנאשם השיב לכתב האישום שהוגש נגדו. לפיכך ובהתאם לאמור בסעיף 94(א) לחוק סדר הדין הפלילי [נוסח משולב], תשמ""ב-1982(להלן חוק סדר הדין הפלילי), הוריתי על זיכוי הנאשם מאישום מספר 1.

מעובדות האישום השני בכתב האישום המתוקן עולה כי במועד ובדרך שאינה ידועה במדויק למאשימה, השיג הנאשם רובה מסוג ""תבור"" (להלן הנשק). הנאשם החביא את הנשק בשכונה הסמוכה למקום מגוריו.

ביום 14.11.15, בשעה 1:00 או בסמוך לכך, הגיעו כוחות הביטחון להרוס בית של מפגע בקלנדיה. בעקבות כך החלו התפרעויות נגד כוחות הביטחון, במסגרתן נהרגו שניים מהמתפרעים. בעקבות כך החליט הנאשם לירות על כוחות הביטחון. הנאשם הלך למחבוא בו החביא את הנשק ולקח את הנשק עימו. הנאשם חיפש מקום בו יעברו רכבים של כוחות הביטחון עליהם יוכל לירות. בשעה 2:00 או בסמוך לכך זיהה הנאשם שלושה רכבים של כוחות הביטחון, ולאחר שהרכבים התקרבו, ירה לעברם חמישה כדורים.

בתאריך שאינו ידוע במדויק למאשימה, בסביבות חודש מרץ 2016, ראה הנאשם כי כוחות הביטחון מבצעים חיפושים אחר נשקים בקלנדיה, ועל כן חשש כי כוחות הביטחון יאתרו את נשקו. נוכח זאת לקח הנאשם את הנשק, נתן אותו למחמוד זהאדה, וביקש ממנו לשמור על הנשק למשך מספר ימים.

במסגרת כתב האישום המתוקן, האישום השלישי נמחק.

על פי עובדות האישום הרביעי בכתב האישום המתוקן, בתאריך שאינו ידוע במדויק למאשימה, במהלך חודש פברואר 2016, פנה אל הנאשם מוראד מחיסן (להלן מחיסן) וביקש מהנאשם להשיג עבורו מספר כלי נשק. בעקבות כך, הלך הנאשם לאחר וקנה ממנו נשקים שונים אותם מכר למחיסן והכל כמפורט להלן: הנאשם מכר למחיסן שני נשקים מסוג קרל גוסטב, תמורת 4,000 ₪ לכל נשק. במעשיו המתוארים לעיל רכש הנאשם נשק וסחר או עשה עסקה אחרת שיש עמה מסירת החזקה בנשק לזולתו.

על פי עובדות האישום החמישי בכתב האישום המתוקן, בתאריך 8.3.16 או בסמוך לכך, הגיע אל הנאשם עבד חרוב (להלן חרוב) וביקש מהנאשם לקנות ממנו נשק מסוג קרל גוסטב. בעקבות כך הלך הנאשם לאחר וקנה נשק מסוג קרל גוסטב (להלן הנשק) במחיר של 3,000 ₪. לאחר מכן חזר הנאשם לחרוב ואמר לו כי מחיר הנשק הוא 3,500 ₪. חרוב הסכים למחיר והביא לנאשם סך של 3,000 ₪. בתמורה לכך מסר הנאשם את הנשק לחרוב. כמו כן, סמוך לאחר מכן, מכר הנאשם לחרוב כעשרה כדורי תחמושת לנשק.

בתאריך 9.3.16 השתמש חרוב בנשק לביצוע פיגוע ירי מתמשך בירושלים. במהלך פיגוע הירי ירה חרוב, ביחד עם אחר, לעבר נוסעים שעמדו בתחנת אוטובוס בצומת רמות בירושלים, לאחר מכן ניסה לירות לעבר שוטר משמר הגבול שעמד במעבר חצייה בסמוך לתחנת הרכבה הקלה ""שמעון הצדיק"" בירושלים והכל עד שחרוב והאחר נורו ונוטרלו בסמוך לשער החדש בירושלים. במעשיו המתוארים לעיל, רכש הנאשם נשק וסחר או עשה עסקה אחרת שיש עמה מסירת החזקה בנשק לזולתו.","הנאשם הורשע על פי הודאתו, במסגרת הסדר טיעון בכתב אישום מתוקן, לאחר שחזר בו מכפירתו, בעבירת סחר בנשק לפי סעיף 144(ב2) לחוק העונשין התשל""ז-1977 (להלן חוק העונשין).

על פי עובדות כתב האישום המתוקן, במועד שאינו ידוע במדויק למאשימה במהלך חודש פברואר 2016, פנה אל הנאשם מחמד עליאן (להלן מחמד) וביקש שיבדוק אם באפשרותו להשיג עבורו תת- מקלע מסוג ""קרלו"". כעבור שלושה ימים נפגש הנאשם עם מחמד, סמוך לביתו של מחמד, והנאשם מסר למחמד כי מצא עבורו נשק. באותו יום שילם מחמד לנאשם סך של 3,000 ₪ לצורך רכישת הנשק. כשבוע לאחר מכן מסר הנאשם תת- מקלע מסוג ""קרלו"" למחמד (להלן תת המקלע הראשון). כשבוע לאחר מכן ניסה מחמד לירות באמצעות תת המקלע באוויר אך הנשק לא ירה.

כשבוע לאחר מכן נפגש מחמד עם הנאשם וסיפר לו שתת-המקלע הראשון אינו תקין. לבקשת הנאשם, מסר לו מחמד את תת המקלע. זמן מה לאחר מכן נפגש שוב מחמד עם הנאשם והנאשם מסר לו תת- מקלע אחר מסוג ""קרלו"" (להלן תת המקלע השני). מחמד ניסה לירות גם בתת המקלע השני אך הנשק לא ירה. מחמד פנה שוב אל הנאשם, אך הנאשם אמר לו שאין באפשרותו להחליף שוב את הנשק.",45.0,"1. סוג העבירה וחומרתה  
בשני התיקים מדובר בעבירת סחר בנשק לפי סעיף 144(ב2), כך שקיימת חפיפה נורמטיבית בליבת העבירה. עם זאת, בתיק 1 יש בנוסף נשיאת נשק, רכישת נשק וניסיון לחבלה חמורה בירי לעבר כוחות ביטחון, וכן היקף פעילות רחב יותר – מה שממקם אותו ברמת חומרה גבוהה משמעותית מתיק 2, שהוא תיק ""סחר בנשק"" נקודתי בלבד.  

2. תפקיד הנאשם ומעורבותו  
בתיק 1 הנאשם הוא דמות מרכזית בעסקי הנשק – עוסק ""כדרך עיסוק"" בקנייה ומכירה, יוזם עסקאות, מחזיק ומסתיר נשק, ואף עושה בו שימוש לצורך ירי לעבר כוחות ביטחון. בתיק 2 תפקיד הנאשם מצומצם יותר, מתווך/משיג נשק לבקשת אחר בעסקה יחידה, ללא שימוש אישי בנשק וללא דפוס מתמשך מוכח.  

3. שיטת הביצוע (MO)  
בשני התיקים דפוס הסחר דומה במובן הבסיסי – פנייה של מבקש נשק, פנייה של הנאשם לספק לא ידוע, רכישה ומסירה תמורת אלפי שקלים, ובמרכזם נשקי ""קרלו""/""קרל גוסטב"". בתיק 1 השיטה מופעלת מספר פעמים, בהיקף רחב יותר, ובצירוף החזקת רובה צבאי (""תבור"") והסתרתו; בתיק 2 מדובר בשרשרת אחת של מסירת שני כלי נשק (עקב תקלה) לאותו קונה, ללא נסיבות ביטחוניות נלוות.  

4. נסיבות הליבה  
בתיק 1 קיימות נסיבות מחמירות מובהקות: ירי בפועל לעבר כוחות ביטחון (ניסיון לחבלה חמורה), והעובדה שנשק שסיפק שימש בפיגוע ירי בירושלים נגד אזרחים ושוטרים – פגיעה ממשית בביטחון הציבור. בתיק 2, שני כלי הנשק שסופקו לא ירו בפועל, ואין תיאור של שימוש פלילי קונקרטי או רקע פח""עי; היקף הנשק והסיכון הממומש נמוכים בהרבה.  

5. ישימות כתקדים  
בית משפט יראה בשני התיקים חלק מאותו ""משפחת עבירות"" של סחר בנשק ויעשה שימוש כללי בתיק 1 להמחשת רמת הענישה בעבירות סחר חמורות ורחבות היקף. עם זאת, בשל הפער הדרמטי בחומרה (ירי בפועל, פיגוע, ריבוי עסקאות ותפקיד מרכזי לעומת עסקה יחידה ונשק שלא ירה), תיק 1 ישמש לתיק 2 בעיקר כנקודת השוואה מחמירה אך לא כתקדים ענייני קרוב, ותיק 2 לא ישמש כתקדים ממשי להקלה בתיק 1.  

SIMILARITY_SCORE: 45","ok",""
"ME-12-05-33444-999","ME-17-04-613-913",1,0,0,"הנאשם הורשע עפ""י הודייתו, במסגרת הסדר טיעון בגדרו הוגש כתב אישום מתוקן, בעבירה שעניינה החזקת נשק ותחמושת שלא כדין, לפי סעיף 144(א) לחוק העונשין, תשל""ז – 1977 (להלן: ""חוק העונשין"").

עפ""י עובדות כתב האישום המתוקן, עובר ליום 11.5.12 נגנב אקדח 9 מ""מ מסוג ברטה שמספרו D60383Y (להלן: ""האקדח""), אשר היה בבעלותו של מר יוסף פלדמן.

ביום 11.5.12 בעיר רחובות, החזיק הנאשם ברכבו את הפריטים הבאים:

מתחת למושב הקדמי הימני נשא הנאשם את האקדח ובו מחסנית שבתוכה כדורים.

בתיק שחור שהיה מונח ליד כיסא הנהג נשא הנאשם מחסנית ובה כדורים.

בתא האחסון המצוי בדלת הנהג נשא הנאשם מחסנית ובה כדורים.","הנאשם, יליד 1994, הורשע על פי הודאתו בעובדות כתב האישום המתוקן שסומן באות מ/1, בעבירה של נשיאה והובלה של נשק ותחמושת, לפי סעיף 144(ב) רישא וסיפא לחוק העונשין, תשל""ז-1977 (להלן: ""חוק העונשין"").

ביום 18.3.17, סמוך לשעה 22:00, נסע הנאשם מכפר סאלם אל אום אל פחם, ברכב מסוג מאזדה, בו נהג חברו מוחמד גמאסייה, ובמושב שליד הנהג ישב בדרן מחאמיד.

הנאשם ישב ברכב במושב האחורי, כשהוא נושא ומוביל, בלא רשות על פי דין, אקדח חצי אוטומטי מסוג ""ברטה"", קליבר 9 מ""מ פאראבלום (להלן: ""האקדח""), ובתוכו מחסנית עם 15 כדורים לאקדח (להלן: ""המחסנית והכדורים"").

האקדח הוחזק על גופו של הנאשם, בחלק הקדמי של מכנסיו, כשהוא מוסתר בתוך חם צוואר.",75.0,"1. סוג העבירה וחומרתה  
בשני התיקים מדובר בעבירות נשק ""יבשות"" (ללא שימוש בירי/איומים), סביב אקדח ותחמושת. יחד עם זאת, תיק 1 לפי סעיף 144(א) – החזקה בלבד; תיק 2 לפי סעיף 144(ב) – נשיאה והובלה, שנחשבת בדרך‑כלל חמורה יותר (הנשק ""בתנועה"" במרחב הציבורי). מבחינת מדיניות ענישה – הם באותו אשכול כללי של עבירות נשק, אך לא באותה רמת חומרה נורמטיבית.

2. תפקיד הנאשם ומעורבותו  
בשני התיקים הנאשם הוא המחזיק הפיזי והמיידי בנשק, ולא דמות שולית/נספחת. בתיק 1 – הנשק ומספר מחסניות מפוזרים בכמה מקומות ברכב שבשליטת הנאשם, מה שמצביע על שליטה לאורך פרק זמן מסוים; בתיק 2 – האקדח על גופו, מוחזק באופן אקטיבי ומוסתר במהלך נסיעה בין יישובים. בשני המקרים מעורבותו היא מרכזית ופעילה, לא ""מחזיק מקרי"" או נלווה.

3. שיטת הביצוע (MO)  
בשניהם: החזקת אקדח ""ברטה"" 9 מ""מ עם תחמושת ברכב פרטי, תוך הסתרה מסוימת. בתיק 1 ההסתרה היא במרחב הרכב (מתחת למושב, בתיק, בתא אחסון בדלת); בתיק 2 – על הגוף, בתוך חם‑צוואר, במושב האחורי. קיים דפוס משותף של נשיאת אקדח טעון ברכב, אך צורת ההסתרה/הפריסה שונה.

4. נסיבות הליבה  
תיק 1: אקדח גנוב + מספר מחסניות עם כדורים – נסיבה מחמירה מסוימת (בעיקר עצם היות הנשק גנוב, גם אם לא יוחסה גניבה לנאשם), וכמות תחמושת גדולה יותר. תיק 2: אקדח אחד, מחסנית אחת עם 15 כדורים, נשיאה מוסתרת על הגוף בנסיעה בין כפר סאלם לאום אל‑פחם, בשעת לילה; אין אינדיקציה לגניבה או לכמות חריגה של תחמושת. בשני המקרים אין שימוש בפועל בנשק, אין אירוע סכסוך/ירי, והעבירה מתמצית בהחזקה/נשיאה בלבד.

5. ישימות כתקדים  
מבחינת ענישה, בתי המשפט נוהגים להיעזר גם בפסיקה על החזקה (144(א)) וגם על נשיאה/הובלה (144(ב)) זה לצד זה, בעיקר כשמדובר באקדח בודד ותחמושת ברכב, כך שהשוואה ענישתית בין שני התיקים בהחלט סבירה. עם זאת, בית משפט יקח בחשבון את ההבדל הנורמטיבי בין החזקה סטטית לבין נשיאה והובלה, וכן את נסיבת הגניבה/ריבוי המחסניות בתיק 1 לעומת ההובלה המוסתרת על הגוף בתיק 2. לכן התיקים מהווים תקדימים רלוונטיים זה לזה, אך לא ""אח תאום"" הדוק.

SIMILARITY_SCORE: 75","ok",""
"ME-17-04-613-913","ME-12-04-33577-700",1,0,0,"הנאשם, יליד 1994, הורשע על פי הודאתו בעובדות כתב האישום המתוקן שסומן באות מ/1, בעבירה של נשיאה והובלה של נשק ותחמושת, לפי סעיף 144(ב) רישא וסיפא לחוק העונשין, תשל""ז-1977 (להלן: ""חוק העונשין"").

ביום 18.3.17, סמוך לשעה 22:00, נסע הנאשם מכפר סאלם אל אום אל פחם, ברכב מסוג מאזדה, בו נהג חברו מוחמד גמאסייה, ובמושב שליד הנהג ישב בדרן מחאמיד.

הנאשם ישב ברכב במושב האחורי, כשהוא נושא ומוביל, בלא רשות על פי דין, אקדח חצי אוטומטי מסוג ""ברטה"", קליבר 9 מ""מ פאראבלום (להלן: ""האקדח""), ובתוכו מחסנית עם 15 כדורים לאקדח (להלן: ""המחסנית והכדורים"").

האקדח הוחזק על גופו של הנאשם, בחלק הקדמי של מכנסיו, כשהוא מוסתר בתוך חם צוואר.","הנאשם הורשע, לאחר שמיעת ראיות, בעבירות של החזקת נשק, עבירה לפי סעיף 144(א) רישא + סיפא לחוק העונשין, התשל""ז – 1977, נשיאת נשק, עבירה לפי סעיף 144(ב) רישא + סיפא לחוק העונשין, חבלה בכוונה מחמירה, עבירה לפי סעיף 329(א)(2) לחוק העונשין ויריות באזור מגורים, עבירה לפי סעיף 340(א) לחוק העונשין.

על פי עובדות כתב האישום בהן הורשע, פגש הנאשם את המתלונן באזור מגורים בבית שאן ביום 13/4/12 בסמוך לשעה 02:00 לפנות בוקר. במהלך ויכוח זרק המתלונן כוס שהיתה בידו לכיוונו של הנאשם. בתגובה שלף הנאשם אקדח שהיה ברשותו, אותו החזיק שלא כדין, וירה לעברו של המתלונן שלוש יריות, האחת, חלפה בסמוך לראשו, השנייה, בסמוך לגבו והשלישית, שרטה את ברכו הימנית.",25.0,"1. סוג העבירה וחומרתה  
   - תיק 1: עבירה ""נקייה"" של נשיאה והובלת נשק ותחמושת ללא שימוש בפועל, לפי סעיף 144(ב) בלבד.  
   - תיק 2: בנוסף לעבירות נשק (החזקה + נשיאה), יש חבלה בכוונה מחמירה וירי באזור מגורים – עבירות אלימות חמורות בהרבה, עם פגיעה בגוף ובשלום הציבור.  
   ⇒ לא אותה רמת חומרה; תיק 2 מדורג משמעותית גבוה יותר בסולם הענישה.

2. תפקיד הנאשם ומעורבותו  
   - תיק 1: הנאשם הוא מחזיק/נושא בלבד, ללא אינדיקציה לשימוש או לאיום, תפקיד ""סטטי"" של נשיאה מוסתרת ברכב.  
   - תיק 2: הנאשם הוא היוזם והמפעיל של הנשק – שולף, משתמש ויורה לעבר אדם ספציפי, מעורבות אקטיבית באלימות.  
   ⇒ המעורבות בתיק 2 הרבה יותר יוזמת, תוקפנית ומרכזית.

3. שיטת הביצוע (MO)  
   - תיק 1: נשיאת אקדח מוסתר על הגוף, בנסיעה ברכב, ללא אינטראקציה עם קורבן או ירי, ללא ""אירוע"" אלים.  
   - תיק 2: שליפת אקדח במהלך ויכוח, ירי מכוון מטווח קצר לעבר אדם באזור מגורים.  
   ⇒ דפוס הביצוע שונה מהותית – האחד החזקת נשק במרחב פרטי/נסיעה, השני שימוש מבצעי בנשק בסכסוך.

4. נסיבות הליבה  
   - תיק 1: לילה, נסיעה ברכב, אחזקת אקדח עם מחסנית 15 כדורים, ללא ירי, ללא נפגעים, ללא תיאור של תכנון פלילי קונקרטי מעבר להחזקת הנשק.  
   - תיק 2: ויכוח שהתפתח לאלימות, ירי שלוש יריות לעבר אדם, פגיעה בפועל (שריטה בברך) וירי בסמוך לראש ולגב, באזור מגורים – נסיבות מחמירות של סיכון חיים ושל שלום הציבור.  
   ⇒ נסיבות הליבה בתיק 2 חמורות בהרבה וממוקדות בפגיעה באדם.

5. ישימות כתקדים  
   - שני התיקים אכן עוסקים בעבירות נשק, אך בתיק 2 ההכרעה והענישה יונחו בעיקר על-ידי עבירת החבלה בכוונה מחמירה והירי, ולא על-ידי עצם ההחזקה/נשיאה.  
   - תיק 1 יכול לשמש לכל היותר כאסמכתא לרמת ענישה בסיסית על נשיאה/הובלה ""יבשה"" של נשק, אך איננו תקדים מהותי למקרה של שימוש בירי לעבר אדם.  
   ⇒ הרלוונטיות ההדדית לענישה מוגבלת ונמוכה.

SIMILARITY_SCORE: 25","ok",""
"ME-21-10-18557-340","ME-16-10-9348-780",1,0,0,"הנאשם שלפניי הורשע, על פי הודאתו במסגרת הסדר טיעון בעובדות כתב אישום מתוקן, בביצוע העבירות הבאות: עבירות בנשק (החזקה, הובלה ונשיאה) - עבירה לפי סעיף 144(א) רישא וסיפא + סעיף 144(ב) רישא וסיפא לחוק העונשין, התשל""ז-1977 (להלן: ""החוק""), וכן ירי מנשק חם - עבירה לפי סעיף 340א(ב)(1) ו-(2) לחוק.

על פי עובדות כתב האישום המתוקן, אשר עיקרן יובא להלן, הנאשם וג'יהאד סואעד (להלן: ""ג'יהאד"") הם מכרים. הנאשם ו- א' (להלן: ""א'"") הם מכרים וביניהם קיים סכסוך.

במהלך יום 16.9.2021, הנאשם החזיק בנשק מסוג תת מקלע מאולתר אשר סוגל לירות כדור / קלע ובכוחו להמית אדם, וכן במחסנית ולכל הפחות בשני כדורים תואמים לתת המקלע בקליבר 9 מ""מ (להלן יחד: ""הנשק""), זאת בלא רשות על פי דין. עובר לשעה 19:00, הנאשם הניח את הנשק שהיה טעון במחסנית ובכדורים ברכבו מסוג מאזדה בצבע כחול (להלן: ""הרכב"").

סמוך לשעה 19:00, בכפר אבו סנאן, הנאשם נסע ברכב כשהוא נושא ומוביל את הנשק. הוא הגיע אל ביתו של ג'יהאד אשר התיישב במושב הנהג והנאשם התיישב במושב הנוסע לידו, כשהנשק ברשותו. השניים נסעו בכפר אבו סנאן כשהנאשם נושא ומוביל את הנשק, בסיועו של ג'יהאד. במהלך הנסיעה, הגיעו השניים לרחוב בו נמצא עסק לחומרי בניין. במקום היה א' כשהוא יושב במאזדה לבנה (להלן: ""המאזדה"") במושב הנוסע ליד הנהג, ומכרו מוחמד פעאור ישב במושב הנהג.

הנאשם וג'יהאד עצרו ליד המאזדה, ובין הצדדים התפתחו חילופי דברים, במהלכם יצא הנאשם מהרכב כשהוא מחזיק בידו את הנשק הטעון. הנאשם פנה לעבר המאזדה, נעמד בצמוד לחלקה השמאלי קדמי (כך צויין- א' ס'), שם ישב א', וכיוון את הנשק לעבר המאזדה בכוונה להפחיד או להקניט את א'. מוחמד פעאור שהבחין במתרחש החל לנסוע מהמקום במטרה להתחמק מהנאשם.

הנאשם רץ אחרי המאזדה כשהוא מחזיק בידו את הנשק, וכשהמאזדה הייתה במרחק קצר ממנו, כיוון הוא את הנשק כלפי מעלה וירה לפחות שני כדורים. זאת בכוונה להפחיד את א' או להקניטו, באזור מגורים ובאופן שיש בו לסכן חיי אדם. הנאשם חזר אל הרכב, בו המתין ג'יהאד כל אותה העת, והשניים נסעו מהמקום כשג'יהאד נוהג ברכב ומסייע לנאשם לשאת ולהוביל את הנשק הטעון במחסנית ובכדורים.","הנאשם הורשע על פי הודאתו בעבירה של נשיאת נשק ותחמושת, עבירה לפי סעיפים 144(ב) רישא ו-144(ב) סיפא לחוק העונשין, תשל""ז-1977.

בעובדות כתב האישום נטען כי הנאשם נכנס ביום 4.10.16, לחדר השינה של הוריו, זאת בעקבות ויכוח עם אביו ונטל את רובה הצייד מארון הבגדים (להלן: ""הנשק""), שהוחזק על ידי האב ברישיון ביחד עם קופסת כדורי צייד קליבר 12 מ""מ והמכילה 75 כדורים. הקופסה הייתה מונחת על מדף במחסן הבית (להלן: ""התחמושת""). עוד נטל הנאשם מכיס אביו כסף בסך של 3,500 ₪ ושיק על סך 500 ₪.

בהמשך הניח הנאשם את הנשק והתחמשות ברכב אחותו (להלן: ""הרכב""), ונהג בו עד סמוך לבית חברו מוחמד יונס (להלן: ""מוחמד""), שהצטרף אליו ומשם נסעו שניהם עד לביתו של הקטין פ. י. (להלן: ""הקטין""), המתגורר בערערה ומסרו לו הן את הנשק והן את התחמושת, תוך שהם מבקשים ממנו להשאיר אותם בביתו.

הנאשם המשיך לנסוע ברכב ורק במהלך הלילה אותר על ידי המשטרה באזור קריית גת ונעצר.",35.0,"1. סוג העבירה וחומרתה  
בשני התיקים מדובר בעבירות נשק לפי סעיף 144 לחוק – כך שיש חפיפה בסיסית בתחום העבירה (נשיאת/החזקת נשק בלתי מורשה). עם זאת, תיק 1 כולל גם ירי מנשק חם (ס' 340א) ונשק אוטומטי מאולתר באזור מגורים, מה שמעלה את רמת החומרה בכמה דרגות לעומת תיק 2, שבו מדובר בעיקר בנשיאת/הובלת נשק ציד ברישיון שהוצא מהחזקה חוקית של האב והועבר הלאה.

2. תפקיד הנאשם ומעורבותו  
בשני המקרים הנאשמים הם הדמויות המרכזיות והיוזמות – אין כאן ""שליח תמים"" או מחזיק פסיבי: בשניהם הנאשם נוטל את הנשק ביוזמתו, מוביל אותו, ומחליט מה ייעשה בו. עם זאת, בתיק 1 המעורבות פעילה ותוקפנית (יציאה מהרכב, התקרבות לאדם עמו קיים סכסוך וירי בפועל), ואילו בתיק 2 מדובר ביוזמה שנולדה מסכסוך משפחתי והסתיימה בהעברה והסתרה של נשק אצל קטין, ללא עימות אלים או שימוש מיידי בנשק.

3. שיטת הביצוע (MO)  
בתיק 1 – יציאה יזומה למפגש עם יריב, הסתייעות בנהג, נשיאת נשק טעון, התקרבות למכונית היריב, מרדף קצר וירי באזור מגורים – דפוס ""רחוב אלים"" קלאסי. בתיק 2 – נטילת נשק ציד מבית המשפחה לאחר ויכוח, גניבת כסף, העמסת הנשק ברכב אחותו ונסיעה למסירתו לקטין לצורך אחסון; אין עימות חזיתי או שימוש בנשק כלפי אחר. דפוסי הביצוע שונים מהותית – האחד אלים וראוותני, השני חתרני/משפחתי יותר.

4. נסיבות הליבה  
בתיק 1: נשק אוטומטי מאולתר המסוגל לירי רציף, טעון, ירי בפועל באזור מגורים, כוונה להפחיד צד מסוכסך, סיכון ממשי לחיי אדם ותוספת עבירת ירי – כל אלה מהווים נסיבות מחמירות מובהקות. בתיק 2: רובה ציד ברישיון שהוצא שלא כדין מהאב, ללא ירי, ללא עימות פיזי בזירה ציבורית, אך עם נסיבה מחמירה של מסירת נשק ותחמושת לקטין וגניבת כסף מהאב; רמת הסיכון המיידי לחיי אדם נמוכה משמעותית ביחס לתיק 1. המשותף הוא עצם נשיאת והובלת נשק ללא רשות, אך רמת המסוכנות בפועל בתיק 1 גבוהה בהרבה.

5. ישימות כתקדים  
לצורכי ענישה בעבירות ""עירומות"" של נשיאת/הובלת נשק בלבד, ניתן אולי להיעזר בתיק 2 כנקודת ייחוס חלקית ביחס לרכיב הנשיאה בתיק 1, אך בית המשפט יבדיל חד-משמעית בין המקרים בשל הירי, הנשק האוטומטי, הסכסוך הפלילי והסיכון לציבור בתיק 1. מנגד, שימוש בתיק 1 כתקדים לענישה בתיק 2 יהיה מאולץ, שכן מדובר ברף חומרה שונה מהותית; בית משפט יראה בהם מקרים מאותו סוג כללי (עבירות נשק), אך לא דומים דיים לשמש תקדימים מובהקים זה לזה.

SIMILARITY_SCORE: 35","ok",""
"SH-16-04-30406-325","SH-16-11-7544-55",3,1,1,"הנאשם שלפני נותן את הדין בגין שתי עבירות של החזקת נשק שלא כדין, בניגוד לסעיף 144(א) רישא לחוק העונשין, תשל""ז-1977.

בהתאם לעובדות כתב האישום, בהן הורשע הנאשם במסגרת הסדר טיעון, נתפס הנאשם, בתאריך 06/04/16, מחזיק, בתא המטען של רכבו מסוג רנו מ.ר. 88-687-10, שני כלי נשק מסוג תת מקלע מאולתר, האחד – בתחתית תא המטען, אליו צמודה מחסנית ריקה והשני – בתוך תיק שחור, ביחד עם שתי מחסניות.","הנאשם הורשע על פי הודאתו בעבירה של החזקת נשק שלא כדין בהתאם להוראת סעיף 144(א) רישא וסיפא לחוק העונשין.

על פי המתואר בעובדות כתב האישום, בתאריך 26.10.16, עת שנסע ברכבו במחלף להב-שומריה שבכביש 6 לכוון צפון, הבחין השוטר מיכאל אדרי (להלן: ""מיכאל"") בנאשם עומד מאחורי ארונות השקיה הצמודים לנתיבי הנסיעה. בהגיעו לנאשם, הבחין מיכאל כי הנאשם מחזיק בנשק מסוג רובה תת מקלע מאולתר ומחסנית המכילה 10 קליעים בקוטר 9 מ""מ. במעשיו האמורים החזיק הנאשם בנשק ובאבזר תחמושת ללא רשות על פי דין להחזיקם.",80.0,"1. סוג העבירה וחומרתה  
בשני התיקים מדובר בעבירה זהה של החזקת נשק שלא כדין לפי סעיף 144(א) לחוק העונשין, כאשר בתיק 2 נוספים גם רכיבי תחמושת (רישא וסיפא). בתיק 1 מיוחסות שתי עבירות החזקה ושני כלי נשק, לעומת עבירה אחת וכלי נשק אחד בתיק 2 – כך שרמת החומרה הכללית דומה אך מעט גבוהה יותר בתיק 1 מבחינת מספר כלי הנשק, ומעט מחמירה בתיק 2 מבחינת תחמושת טעונה.

2. תפקיד הנאשם ומעורבותו  
בשני המקרים הנאשם הוא ""מחזיק נשק"" ישיר – אין תיאור של תפקיד ארגוני, תיווך, תיווך בעסקאות נשק או שותפים נוספים. בשניהם מדובר בהחזקה אישית-פיזית (ברכב/בידיו) ולא במעורבות שולית או פסיבית.

3. שיטת הביצוע (MO)  
בשני התיקים מדובר בהחזקה של נשק מאולתר, בעת נסיעה או בקשר לרכב, ובזירת דרך בין-עירונית. עם זאת, בתיק 1 הנשק מוסתר בתא המטען ובתיק, בעוד שבתיק 2 הנשק מוחזק בפועל ביד מאחורי ארונות השקיה – פחות הסתרה ויותר ""נשיאה"" גלויה בשטח פתוח. המאפיין העיקרי המשותף: החזקה בלתי חוקית של נשק מאולתר ולא נשק תקני.

4. נסיבות הליבה  
בתיק 1: שני תתי-מקלע מאולתרים, מחסנית ריקה ואחרות שלא פורט אם טעונות – כמות כלי הנשק גבוהה יותר, אך ללא תיאור תחמושת מבצעית ודאית. בתיק 2: תת‑מקלע מאולתר אחד ומחסנית עם 10 כדורים – פחות נשקים, אך נשק מבצעי טעון בפועל. בשני התיקים אין שימוש בנשק, אין ירי, אין אלימות נלווית ואין תכנון קונקרטי לשימוש מיידי שעולה מכתב האישום.

5. ישימות כתקדים  
עבור ענישה בעבירות החזקת נשק מאולתר – שני התיקים בהחלט מצויים באותו ""משפחַת מקרים"" וניתנים לשימוש הדדי כפסיקה משווה, תוך התאמת הענישה להבדלים בכמות הנשק ובתחמושת. בית משפט יראה בהם מקרים דומים מהותית של החזקת נשק שלא כדין, אך לא זהים מבחינת רמת החומרה המדויקת, ולכן ישמשו כתקדים רלוונטי אך עם הבחנות.

SIMILARITY_SCORE: 80","ok",""
"SH-16-11-7544-55","ME-13-10-28139-807",1,0,0,"הנאשם הורשע על פי הודאתו בעבירה של החזקת נשק שלא כדין בהתאם להוראת סעיף 144(א) רישא וסיפא לחוק העונשין.

על פי המתואר בעובדות כתב האישום, בתאריך 26.10.16, עת שנסע ברכבו במחלף להב-שומריה שבכביש 6 לכוון צפון, הבחין השוטר מיכאל אדרי (להלן: ""מיכאל"") בנאשם עומד מאחורי ארונות השקיה הצמודים לנתיבי הנסיעה. בהגיעו לנאשם, הבחין מיכאל כי הנאשם מחזיק בנשק מסוג רובה תת מקלע מאולתר ומחסנית המכילה 10 קליעים בקוטר 9 מ""מ. במעשיו האמורים החזיק הנאשם בנשק ובאבזר תחמושת ללא רשות על פי דין להחזיקם.","הנאשם הורשע על פי הודאתו במסגרת הסדר טיעון, שלא כלל רכיב עונשי, בכתב אישום מתוקן, בביצוע עבירות בנשק לפי סעיף 144(א) רישא לחוק העונשין,תשל""ז-1977 (להלן: ""החוק"") וניסיון לחבלה חמורה בנסיבות מחמירות לפי סעיפים 333+335(א)(1) ו-25 לפי החוק.

מכתב האישום המתוקן עולה, כי המתלונן והנאשם הם שכנים בעיר רהט. בסמוך לבית המתלונן ישנו ספסל בטון. עובר לאירוע היו מחלוקות בין המתלונן ובני משפחתו לבין הנאשם וחבריו לגבי השימוש באותו ספסל. בעקבות המחלוקות, ובכדי למנוע מהנאשם וחבריו לשבת על הספסל, משח המתלונן את הספסל בשמן. מאוחר יותר באותו יום,  ישב המתלונן ברכבו, והמתין לפתיחת השער החשמלי של החנייה בביתו. במושב שלידו ישב בנו, כבן 18. באותה העת, ניגש הנאשם אל רכבו של המתלונן, כשהוא אוחז בידו אקדח מסוג שאינו ידוע למאשימה, נקש על חלון הנהג ואמר למתלונן :""אם תעשה את זה עוד פעם אני אראה לך"". המתלונן אמר לנאשם לחזור הביתה. הנאשם בתגובה התרחק מעט מהרכב וירה מספר יריות לעבר דלת הנהג, כאשר הוא מנסה לחבול ביושבי הרכב, ונמלט מהמקום. כתוצאה ממעשיו של הנאשם שלושה מהקליעים פגעו בדלת הנהג ברכב, וחלקם חדרו. המתלונן והקטין לא נפגעו.",30.0,"1. **סוג העבירה וחומרתה**  
   בשני התיקים קיימת עבירה של ""עבירות בנשק"" לפי סעיף 144(א), אך בתיק 2 מתווספת עבירת ניסיון לחבלה חמורה בנסיבות מחמירות (333+335+25) – עבירת אלימות חמורה בעזרת נשק חם. בתיק 1 מדובר בהחזקה ""סטטית"" בלבד, ללא שימוש או איום, בעוד שבתיק 2 יש שימוש ממשי בירי לעבר אדם ברכבו. הפער ברמת החומרה בין התיקים משמעותי, כאשר תיק 2 מצוי ברף ענישה גבוה בהרבה.

2. **תפקיד הנאשם ומעורבותו**  
   בתיק 1 הנאשם הוא מחזיק/נושא נשק ותחמושת ללא רשות, ללא תיאור יוזמה עבריינית נוספת, ללא שימוש, ללא איום וללא מעשה אלים נלווה. בתיק 2 הנאשם הוא היוזם והמבצע הפעיל של מעשה אלים: מאתר את המתלונן, ניגש אליו חמוש, מאיים עליו ולאחר מכן יורה מספר יריות לעברו ולעבר בנו. מבחינת תפקיד ומעורבות, מדובר ברמת אקטיביות, תוקפנות ויוזמה פלילית גבוהה בהרבה בתיק 2.

3. **שיטת הביצוע (MO)**  
   בתיק 1: החזקת רובה תת-מקלע מאולתר ומחסנית עם 10 כדורים, כאשר הנאשם עומד מאחורי ארונות השקיה בצד כביש; אין תיאור של הסתרה מתוחכמת, הכנה לקראת אירוע אלים או שימוש. בתיק 2: גישה יזומה לקרבן ליד ביתו, בשכונת מגורים, נשיאת אקדח טעון, הקשה על חלון הרכב, איום מילולי ואז ירי לעבר דלת הנהג של רכב שבו יושב הקורבן עם בנו. דפוס הביצוע בתיק 2 הוא התקפי ואלים, בעוד שבתיק 1 מדובר באחזקת נשק שנתפסת אגב סיור משטרתי.

4. **נסיבות הליבה**  
   בשני התיקים קיים נשק חם אחד בכל מקרה (תת-מקלע מאולתר לעומת אקדח), אולם בתיק 1 אין ירי, אין נפגעים, אין קורבן ספציפי ואין סכסוך קונקרטי – ""עוולה"" של עצם האחזקה. בתיק 2 יש סכסוך שכנים קודם, איום מפורש, ירי בפועל לעבר רכב שבו יושב המתלונן ובן משפחתו הקטין, ירי בסביבת מגורים אזרחית ובנסיבות שעלולות היו להסתיים בפגיעה קשה או מוות – נסיבות מחמירות ביותר לעומת תיק 1. מנגד, עצם העובדה שנשק בתיק 1 הוא תת-מקלע מאולתר אינה מאזנת את השימוש האלים הממשי בתיק 2.

5. **ישימות כתקדים**  
   לצורכי ענישה בעבירת החזקת נשק ""טהורה"", בית משפט יראה בתיק 2 תקדים מוגבל בלבד: הוא רלוונטי רק ברמת העיקרון ש""החזקת נשק"" היא מסוכנת ונמדדת גם בפוטנציאל שימוש, אבל הוא יובחן בקלות כי שם הנשק שימש בפועל לניסיון חבלה חמורה. כתקדים אונכרונולוגי/אנלוגי ישיר לקביעת רף ענישה בתיקי החזקת נשק בלבד (כמו תיק 1), תיק 2 איננו דומה מהותית וצפוי להיחשב מקרה חמור וחריג, ולא מודל מתאים לרמת ענישה.

SIMILARITY_SCORE: 30","ok",""
"ME-16-04-12480-812","SH-16-05-42991-439",1,0,0,"הנאשם הורשע על פי הודאתו לאחר ניהול חלקי של ההליך במסגרת כתב אישום מתוקן בשלושה אישומים נפרדים בגין ביצוע עבירות של ניסיון חבלה חמורה בנסיבות מחמירות לפי סעיף 25 + 335 + 333 לחוק העונשין, התשל""ז-1977, עבירות בנשק (החזקה) לפי סעיף 144(א) רישא + סיפא לחוק (2  עבירות), עבירות בנשק (נשיאה והובלת נשק) לפי סעיף 144(ב) רישא + סיפא לחוק (2 עבירות) ואיומים לפי סעיף 192 לחוק (2 עבירות).

כעולה מעובדות כתב האישום המתוקן, הנאשם היה חייב למתלונן סך של 300 ₪ בגין עסקת רכב. במהלך מפגש אקראי בין הנאשם למתלונן בטירת הכרמל התפתח ביניהם ויכוח במהלכו דרש המתלונן מן הנאשם שישיב לו את החוב. על רקע זה, בחלוף פחות משעה וחצי הגיע הנאשם ברכב לאתר בניה בו עבד המתלונן כשהוא רעול פנים ומצוייד בנשק. הנאשם יצא מן הרכב כשבידיו הנשק וניגש לעבר עובד ששהה במקום, אותו עובד פנה לנאשם וביקש לדעת מה ברצונו ובתגובה הנאשם ירה כדור אחד באויר על מנת להפחידו. לאחר מכן פנה הנאשם לכיוון הרכב ובמהלך הליכתו ירה כדור נוסף לעבר אותו עובד בניסיון לחבול בו חבלה חמורה עם נשק חם.

על פי האישום השני, יומיים לאחר מכן, הגיע הנאשם לקרבת ביתו של המתלונן בשעת בוקר מוקדמת כשהוא נושא תת מקלע מאולתר ותחמושת. בשעה שהמתלונן ובני משפחתו שהו בבית, ירה הנאשם כ- 12 קליעים לעבר ביתו של המתלונן שפגעו בקירות החיצוניים של הבית והמרפסת.

מהאישום השלישי עולה כי לערך יום לאחר ביצוע הירי לעבר המתלונן, בעת שהנאשם עבד כשומר באתר בניה, הוא החזיק נשק נוסף, מחסנית ותחמושת בזחל של אחד מכלי העבודה באתר, וכן כ- 17 כדורים מתחת לתקרה אקוסטית במכולה שעמדה במקום.","הנאשם הורשע בהתאם להודאתו בעובדות כתב האישום המתוקן בעבירות כדלקמן:

החזקת נשק ותחמושת, לפי סעיף 144(א) רישא וסיפא לחוק העונשין, תשל""ז – 1977 (להלן: ""החוק"").

שיבוש הליכי משפט, לפי סעיף 244 לחוק.

על-פי המתואר בעובדות כתב האישום המתוקן, ביום 15.5.16 החזיק הנאשם אקדח כסוף מסוג בראונינג ובו מחסנית עם 13 כדורים 9 מ""מ. משהגיעו השוטרים לבית, הורה הנאשם לרעייתו (להלן: ""נאשמת 2"") להסליק את האקדח בין בגדיה ולצאת מהבית במטרה להעלים את האקדח מעיני השוטרים. בתגובה לכך הכניסה נאשמת 2 את האקדח מתחת לחצאיתה וניסתה לצאת מהבית מבלי שהשוטרים יבחינו בנשק.",20.0,"1. סוג העבירה וחומרתה  
בתיק 1 מדובר במכלול עבירות אלימות חמורות מאוד: ניסיון חבלה חמורה בנסיבות מחמירות בשילוב שימוש בפועל בנשק חם, ירי לעבר אדם ולעבר בית מאוכלס, איומים, לצד החזקת ונשיאת נשק. בתיק 2 מדובר בהחזקה ""יבשה"" של נשק ותחמושת בבית ושיבוש הליכי משפט ללא שימוש בנשק או אלימות פיזית. חומרת תיק 1 גבוהה באופן מהותי מתיק 2, גם אם בשני התיקים קיימת עבירת נשק לפי סעיף 144(א).  

2. תפקיד הנאשם ומעורבותו  
בתיק 1 הנאשם הוא היוזם והמבצע הישיר של מעשי האלימות והירי – הוא זה שמחליט להגיע חמוש, לירות, ולאחסן נשק באתר בנייה. בתיק 2 הנאשם ""רק"" מחזיק נשק בבית ונוקט פעולה לשיבוש (הוראה להסליק את האקדח), ללא הפעלה אלימה של הנשק כלפי צד ג'. רמת המעורבות הפעילה והאגרסיבית בתיק 1 גבוהה לאין שיעור.  

3. שיטת הביצוע (MO)  
בתיק 1 שיטת הביצוע כוללת הגעה יזומה וחמושה לזירת המתלונן, כיסוי פנים, ירי הפחדה וירי מכוון לעבר אדם, ולאחר מכן ירי מאסיבי לעבר בית מאוכלס, וכן הסתרת נשק ותחמושת באתר בנייה. בתיק 2 מדובר בהחזקת אקדח בבית ובהסלקתו על גוף אשתו כדי להעלימו מעיני שוטרים. הדפוס בתיק 1 הוא של שימוש תוקפני, התקפי ומתמשך בנשק; בתיק 2 הדגש הוא על החזקה והסתרה, לא על שימוש התקפי.  

4. נסיבות הליבה  
בתיק 1 יש סכסוך קונקרטי על חוב, תכנון (חזרה לאחר כשעה וחצי חמוש ומחופש), ירי בפועל לעבר אדם ולעבר בית שבו שוהים בני משפחה, שימוש במספר כלי נשק ותחמושת רבה, ומסוכנות גבוהה מאוד לציבור – נסיבות מחמירות מובהקות. בתיק 2 מדובר באקדח אחד עם 13 כדורים בבית, ללא ירי, ללא נפגעים וללא סכסוך קונקרטי שמתפרץ לאלימות, כשנסיבה המחמירה העיקרית היא השיבוש באמצעות גיוס בת הזוג להסלקת הנשק. הליבה העובדתית שונה באופן מהותי.  

5. ישימות כתקדים  
בית משפט עשוי להיעזר בתיק 1 כפסיקה מחמירה במקרים של ירי בפועל ושימוש התקפי בנשק, הרבה מעבר ל""סתם"" החזקת נשק. לתיק 2 יש רלוונטיות חלקית בלבד, ורק לגבי מתחמי ענישה של החזקת נשק בבית ושיבוש, אך עיקר תיק 1 (ניסיון חבלה חמורה בירי, ירי לעבר בית מאוכלס) אינו דומה כלל לתיק 2. לכן, כתקדים ענישה מהותי – הרלוונטיות בין התיקים נמוכה.  

SIMILARITY_SCORE: 20","ok",""
"ME-16-05-9968-487","ME-13-04-35007-454",3,1,1,"בדיון בפניי ביום 9/6/16 הודה הנאשם בעובדות כתב האישום בתיק זה ובד בבד הורשע בעבירה של החזקת ונשיאת נשק, עבירה לפי סעיף 144(א) ו(ב) לחוק העונשין, התשל""ז-1977 (להלן: חוק העונשין).

בעובדות כתב האישום נטען כי מהדי בסל (להלן: מהדי), תושב ג'דיידה, הוא קרוב משפחתם של הנאשם ושל סמיר בסל (להלן: סמיר), המתגוררים אף הם בג'דיידה. במועד מדויק שאינו ידוע למאשימה, במחצית הראשונה של חודש אפריל 2016, רכש מהדי, בלא רשות על פי דין, בברטעה, תת מקלע מאולתר עליו מוטבע המספר 41814  ומחסנית לתת המקלע, בסכום של 7,300 ₪. תת המקלע הוא כלי שסוגל לירות כדור שבכוחו להמית אדם, והמחסנית היא אביזר של כלי זה. לאחר רכישת תת המקלע, הגיע מהדי לשכונת מגוריו בג'דיידה כשברשותו  תת המקלע והמחסנית. בשלב זה, יצר מהדי קשר עם סמיר, וביקש ממנו כי יקח את תת המקלע לחזקתו ויחביא אותו. בהמשך, הגיע סמיר לשכונה, לקח ממהדי את תת המקלע והמחסנית , והובילם למקום מסתור, שם החזיק בהם כשבוע, כל זאת בלא רשות על פי דין. ביום 19.4.16, או קודם לכן, פנה הנאשם למהדי, ביודעו כי רכש את תת המקלע, וביקש ממנו לקבל את תת המקלע לחזקתו. מהדי הסכים, והודיע לנאשם שעליו לקחת  את תת המקלע מסמיר. ביום 19.4.16 פנה מהדי לסמיר וביקש ממנו להעביר את תת המקלע לנאשם. בהמשך לכך, הגיע הנאשם סמוך לביתו של סמיר, שם העביר לו האחרון, בתיאום עם מהדי, את תת המקלע והמחסנית, בלא רשות על פי דין. לאחר שהנאשם קבל לידיו את תת המקלע והמחסנית, הוא הובילם לגג בית חברו אחסאן דיב (להלן: מקום המסתור), שם החזיק בהם, בהיחבא, בתוך תיק, כל זאת בלא רשות על פי דין. בתאריך 22.4.16 הוביל הנאשם את כוחות הביטחון למקום המסתור, שם נמצא תת המקלע, כשהמחסנית בתוכו.","הנאשם הודה בעובדות כתב האישום המתוקן והורשע על פי הודאתו בעבירות כדלקמן:

נשיאת נשק שלא כדין - עבירה לפי סעיף 144(ב) רישא + סיפא לחוק העונשין, התשל""ז - 1977 (להלן: ""חוק העונשין"").

החזקת נשק שלא כדין - עבירה לפי סעיף 144(א) רישא + סיפא לחוק העונשין.

מעובדות כתב האישום המתוקן עולה, כי בזמן הרלוונטי לכתב האישום, שרר סכסוך בכפר דבוריה, בו היו מעורבים הנאשם ואחרים (להלן: ""הסכסוך""). במסגרת הסכסוך אירעו מספר אירועי אלימות בכפר במהלך הימים הראשונים של חודש אפריל 2013.

עוד עולה, כי במועד אשר אינו ידוע למאשימה, הצטייד הנאשם בנשק מסוג אקדח (להלן: ""הנשק""). ביום 6/4/13, בשעה 16:30 או בסמוך לכך, על רקע האירועים הקשורים לסכסוך, הגיע הנאשם למרכז הכפר כשהוא נושא ומוביל עמו נשק כשהוא טעון, זאת כאשר אחרים, המעורבים בסכסוך, נמצאים בקרבת מקום ובמטרה להפחידם. לאחר מכן, נמלט הנאשם במהירות מהמקום.",60.0,"1. סוג העבירה וחומרתה  
בשני התיקים מדובר באותן עבירות סטטוטוריות בדיוק – החזקת ונשיאת נשק שלא כדין לפי סעיף 144(א)+(ב) לחוק העונשין, כך שמבחינת ""כותרת"" העבירה הם זהים. עם זאת, בתיק 1 מדובר בתת‑מקלע מאולתר (נשק אוטומטי, לרוב חמור יותר מאקדח), ואילו בתיק 2 אקדח טעון בהקשר של סכסוך אלים – כך שהחומרה המעשית דומה, אך מבוססת על שיקולים שונים (סוג הנשק לעומת נסיבות השימוש).

2. תפקיד הנאשם ומעורבותו  
בתיק 1 הנאשם אינו הרוכש המקורי אלא מי שביקש לקבל את הנשק ולהחזיקו במקום מסתור; הוא ממלא תפקיד של ""מחזיק ומחביא"" ביוזמתו, אך לא כמי שעושה בו שימוש אקטיבי. בתיק 2 הנאשם הוא היוזם והמבצע הישיר: הצטייד בעצמו בנשק, נשא אותו בפומבי למוקד הסכסוך כדי להפחיד יריבים – מעורבות אקטיבית וברורה באירוע מתוח.  

3. שיטת הביצוע (MO)  
בתיק 1 הדפוס הוא של קבלת נשק מרשת קרובים, הובלתו למקום מסתור והחזקתו בהסתר, ללא נשיאה פומבית או עימות גלוי, ואף עם שיתוף פעולה מאוחר עם הרשויות (הובלת הכוחות למקום המסתור). בתיק 2 הדפוס הפוך כמעט: נשיאה פומבית של נשק טעון למרכז הכפר בעת סכסוך, נוכחות ליד המעורבים האחרים למטרת הפחדה, ובריחה מהמקום – שימוש בהופעה החיצונית של הנשק כאמצעי איום.

4. נסיבות הליבה  
בתיק 1 אין תיאור של סכסוך, איומים או שימוש פוטנציאלי מידי; הנשק מוחזק מספר ימים במסתור, ויש נסיבה מקלה משמעותית של הובלת כוחות הביטחון למקום הנשק. בתיק 2 יש סכסוך מתמשך, אקדח טעון במרחב ציבורי צפוף ובמובהק ""על רקע הסכסוך"" ולמטרת הפחדה – נסיבה מחמירה מהותית של סיכון ממשי לפגיעה.  

5. ישימות כתקדים  
מאחר שמדובר באותן עבירות לפי סעיף 144, שני התיקים רלוונטיים זה לזה כנקודת מוצא לעקרונות ענישה בעבירות נשק. יחד עם זאת, ההבדלים המשמעותיים בנסיבות – החזקת נשק במסתור ללא הקשר סכסוך לעומת נשיאת נשק טעון בלב סכסוך אלים לשם הפחדה – יגרמו לבית המשפט לראות בהם תקדימים חלקיים בלבד, הדורשים התאמה ברמת החומרה.  

SIMILARITY_SCORE: 60","ok",""
"ME-16-11-69158-529","ME-14-12-6904-57",2,0,1,"הנאשם הורשע בהתאם להודאתו בעובדות כתב האישום המתוקן בעבירות כדלקמן:

נשיאת נשק ותחמושת, עבירה לפי סעיף 144 (ב) רישא וסיפא בחוק העונשין, תשל""ז – 1977 (להלן: ""החוק"").

ירי באזור מגורים, עבירה לפי סעיף 340 א' בחוק.

עלי־פי המתואר בעובדות כתב האישום המתוקן, עובר לתאריך 23.11.16 טמן הנאשם באדמה, סמוך לביתו בטייבה תיק בד ובו נשק תת־מקלע מסוג ""קרלו"" (קרל גוסטב) (להלן: ""הנשק""), יחד עם מחסנית ותחמושת מסוג 9 מ""מ (להלן: ""התחמושת""). בתאריך 23.11.16 הוציא הנאשם את התיק, הכניסו לרכבו ובשעה 21:00 לערך הגיע ברכבו לאירוע משפחתי ברחבת בית משפחת ג'בארה בטייבה, שם הנאשם הוציא את הנשק והתחמושת מהרכב, ניגש לחצר הבית, כיוון את הנשק כלפי מעלה, וירה צרור כדורים. לאחר שסיים לירות, ניגש הנאשם לרכבו, החביא בו את הנשק מתחת למושב הנהג, ואת התחמושות החביא בתוך שקית מתחת למושב הסמוך למושב הנהג ברכב.","הנאשם 1, אוסיד כבהא (להלן: ""הנאשם"") הורשע, על יסוד הודאתו, בעבירות של נשיאה והובלת נשק, לפי סעיף 144(ב) לחוק העונשין, התשל""ז-1977 (להלן: ""החוק"") והחזקת סם לצריכה עצמית, לפי סעיף 7(א) לפקודת הסמים המסוכנים, התשל""ג-1973.

בתאריך 28.07.2014 עבר הנאשם להתגורר, יחד עם נאשם 2, סעיד אבו זנט, בדירת האחרון בתל אביב (להלן: ""הדירה"").

במועד שאינו ידוע במדויק למאשימה, כחודש ימים עובר ליום 18.11.2014, רכש הנאשם רובה מאולתר, מדגם ""קרל גוסטב"" יחד עם מחסנית וכדורים, בתמורה                  ל-4,000 ש""ח (להלן: ""הנשק"").

הנשק מסוגל לירות ובכוחו להמית.

בתאריך 18.11.2014, סמוך לשעה 16:40, בתל אביב, בתוך תיק גב, נשא והוביל הנאשם את הנשק כשהוא עטוף בבגדים. עוד נשא והוביל הנאשם כדורי תחמושת התואמים לנשק. הנאשם החזיק בכיסו 0.3027 גרם נטו קנאביס לצריכה עצמית.

בהמשך, בחיפוש שנערך בדירה, נמצאה מחסנית התואמת לנשק.

מספר ימים עובר ליום 18.11.2014, החזיקו הנאשמים את הנשק בדירה כשהוא מוטמן בארון בגדים בחדר השינה.",60.0,"1. סוג העבירה וחומרתה  
בשני התיקים מדובר בעבירת נשיאת/הובלת נשק ותחמושת לפי סעיף 144(ב), באותו סוג נשק ובעבירה באותה מסגרת נורמטיבית. עם זאת, תיק 1 כולל גם עבירת ירי באזור מגורים (ס' 340א) – רכיב מחמיר מהותית שאינו קיים בתיק 2, ולכן החומרה הכוללת בתיק 1 גבוהה יותר באופן ברור.

2. תפקיד הנאשם ומעורבותו  
בשני המקרים הנאשם הוא המחזיק/נושא המרכזי של הנשק, לא שליח ולא חוליה שולית בשרשרת סחר – שליטה ישירה ואישית בנשק. בתיק 1 מעורבותו גם כמי שעושה שימוש בפועל בירי; בתיק 2 מעורבותו נעצרת ברכישה, החזקה והובלה, ללא שימוש בפועל, ובנוסף יש שיתוף בהחזקה עם נאשם נוסף.

3. שיטת הביצוע (MO)  
בשני התיקים מדובר ברכישה יזומה של רובה מאולתר מסוג ""קרלו"", יחד עם מחסנית ותחמושת, ובהסתרת הנשק (קבורה באדמה/ארון בגדים; הסתרה ברכב/תיק גב). עם זאת, בתיק 1 השימוש כולל הגעה לאירוע משפחתי וירי בפועל; בתיק 2 השימוש נעצר ברמת ההובלה וההחזקה בדירה, ללא יציאה למרחב הציבורי לצורך ירי.

4. נסיבות הליבה  
בשני התיקים מדובר בנשק אחד, תחמושת תואמת, וסביבה עירונית, ללא זיקה לעבירת רקע אחרת (כמו שוד/טרור). בתיק 1 יש ירי באזור מגורים, סיכון ממשי לציבור ותכנון להצטייד ולהגיע לאירוע משפחתי עם נשק – נסיבות מחמירות. בתיק 2 אין ירי כלל, והעבירה הנוספת היא החזקת כמות זעירה של סם לצריכה עצמית, שאין לה משקל ענישתי דומה לעבירת הירי.

5. ישימות כתקדים  
לצורכי ענישה בעבירות נשיאת/הובלת נשק מסוג ""קרלו"" – שני התיקים רלוונטיים זה לזה, במיוחד לקביעת רמת בסיס לעבירת סעיף 144(ב) בנשק מאולתר. עם זאת, הרכיב המהותי של ירי באזור מגורים בתיק 1 יוצר מדרג חומרה נפרד, כך שתיק 2 יהיה תקדים מוגבל: רלוונטי לרכיב הנשק, אך פחות ישים להשלכת הענישה הכוללת בתיק 1.

SIMILARITY_SCORE: 60","ok",""
"SH-11-05-24791-315","ME-16-10-9348-780",1,0,0,"על פי כתב האישום, ביום 19/07/09 בשעה 21:00 לערך החזיקה הנאשמת בביתה שבכפר עין-נקובא אקדח חצי אוטומטי אף-אן (FN) ושתי מחסניות תואמות.

על יסוד הודאתה זו הורשעה הנאשמת ביום 09/01/13  בעבירה של החזקת נשק לפי סעיף 144(א) רישא לחוק העונשין, התשל""ז-1977 (להלן: ""החוק"") ובעבירה של החזקת אביזר לנשק לפי סעיף 144(א) סיפא לחוק.","הנאשם הורשע על פי הודאתו בעבירה של נשיאת נשק ותחמושת, עבירה לפי סעיפים 144(ב) רישא ו-144(ב) סיפא לחוק העונשין, תשל""ז-1977.

בעובדות כתב האישום נטען כי הנאשם נכנס ביום 4.10.16, לחדר השינה של הוריו, זאת בעקבות ויכוח עם אביו ונטל את רובה הצייד מארון הבגדים (להלן: ""הנשק""), שהוחזק על ידי האב ברישיון ביחד עם קופסת כדורי צייד קליבר 12 מ""מ והמכילה 75 כדורים. הקופסה הייתה מונחת על מדף במחסן הבית (להלן: ""התחמושת""). עוד נטל הנאשם מכיס אביו כסף בסך של 3,500 ₪ ושיק על סך 500 ₪.

בהמשך הניח הנאשם את הנשק והתחמשות ברכב אחותו (להלן: ""הרכב""), ונהג בו עד סמוך לבית חברו מוחמד יונס (להלן: ""מוחמד""), שהצטרף אליו ומשם נסעו שניהם עד לביתו של הקטין פ. י. (להלן: ""הקטין""), המתגורר בערערה ומסרו לו הן את הנשק והן את התחמושת, תוך שהם מבקשים ממנו להשאיר אותם בביתו.

הנאשם המשיך לנסוע ברכב ורק במהלך הלילה אותר על ידי המשטרה באזור קריית גת ונעצר.",40.0,"1. סוג העבירה וחומרתה  
שני התיקים עוסקים בעבירות נשק לפי סעיף 144 לחוק העונשין, אולם בתיק 1 מדובר ב""החזקה"" לפי 144(א), ואילו בתיק 2 ב""נשיאה"" נשק ותחמושת לפי 144(ב) – עבירה הנחשבת חמורה יותר, במיוחד כשהיא נעשית במרחב הציבורי ותוך העברת הנשק לאחר. כלומר, שייכות לאותו משפחה נורמטיבית, אך לא לאותה דרגת חומרה.

2. תפקיד הנאשם ומעורבותו  
בתיק 1 תפקיד הנאשמת הוא של מחזיקה פסיבית של נשק בבית, ללא תנועה, העברה או שימוש בו, וללא תיאור של יוזמה עבריינית נלווית. בתיק 2 הנאשם נוטל ביוזמתו נשק מאביו, מעביר אותו ברכב, משתף אחר, ומוסר אותו לקטין – מעורבות פעילה, יוזמת ורב-שלבית, הכוללת גם גניבת כסף ושיק מאביו.

3. שיטת הביצוע (MO)  
בתיק 1 אין ""שיטה"" מורכבת – החזקת אקדח ומחסניות בבית ותו לא. בתיק 2 יש דפוס פעולה: נטילת נשק מרישיון חוקי, הוצאתו מבית ההורים, הסתרתו ברכב אחות, נסיעה עם שותף ומסירה לקטין לצורך החזקתו – רצף מעשים היוצר מסוכנות גבוהה יותר ושיתוף אחרים.

4. נסיבות הליבה  
בשני התיקים מדובר בנשק אחד ותחמושת/אביזר מתאים, ללא שימוש בפועל או איומים. עם זאת, בתיק 2 קיימות נסיבות מחמירות מובהקות: גניבת נשק ואמצעי לחימה ברישיון מאב, גניבת כספים, העברת נשק לקטין, נשיאתו ברכב במרחב הציבורי וריבוי תחמושת; לעומת החזקה סטטית בבית בתיק 1.

5. ישימות כתקדים  
בית משפט עשוי לראות בתיק 1 פסיקה רלוונטית להשוואת רמת ענישה בסיסית בעבירות נשק ""יבשות"", אך הפער במידת הפעילות, בסעיפי האישום (144(א) לעומת 144(ב)) ובנסיבות המחמירות בתיק 2 יצמצם מאוד את המשקל התקדיוני שלו. לפיכך, התיקים נמצאים באותה ""משפחה"" אך אינם דומים דיים כדי לשמש כתקדימים ענישתיים חזקים זה לזה.

SIMILARITY_SCORE: 40","ok",""
"ME-15-12-39071-113","ME-10-08-17917-313",3,1,1,"ביום 22.9.16 הוגש הסדר טיעון בעניינו של הנאשם ועמו כתב אישום מתוקן (אלו נקלטו בנט-המשפט ביום 23.9.16). באותו המועד הורשע הנאשם על סמך הודאתו באחזקת נשק, עבירה לפי סעיף 144(א) רישא, בחוק העונשין, תשל""ז-1977 (להלן: ""החוק"" או ""חוק העונשין"").

המסכת העובדתית שביסוד הרשעת הנאשם, כפי שפורטה בכתב האישום המתוקן הינה כלהלן: ביום 12.10.13, בשעה 22:30 או בסמוך לכך, נסע הנאשם ברכב אשר היה בשימושו באותה העת, מסוג מזדה 3, מס' רישיון 71-098-16, בכביש מספר 1, בסמוך למחלף הראל. במהלך הנסיעה ישב הנאשם במושב הסמוך לנהג. באותה העת החזיק הנאשם מתחת לשטיח שמתחת למושב אקדח חצי אוטומטי מסוג סטאר, וזאת כאשר הנאשם לא היה בעל רישיון להחזיק את הנשק.

על פי האישום, במעשיו המתוארים לעיל החזיק הנאשם נשק בלא רשות על פי דין להחזקתו.","הנאשם הורשע בעבירות של החזקת נשק  והחזקת סם מסוכן לצריכה עצמית.

באישום הראשון – בחודש יולי 2010 קיבל הנאשם מאחר אקדח עט ושלושה כדורים בקוטר 6.35 מ""מ התואמים לאקדח החביאו במחסן ביתו ובין התאריכים 23.7.10 עד 24.7.10 הוא הובילו ממקום מחבואו ונסע לעתלית עם בני משפחתו, חזר לביתו ושב והחביאו במחסן.

באישום השני – בחודש יולי 2010 קיבל הנאשם מאותו אחר 15.05 גרם סם מסוכן נסוג קנבוס, תמורתו שילם 150 ₪. בחיפוש בבית הנאשם נתפס הסם. גם במועד אחר, שקדם למועד זה סופק לנאשם סם מסוג קנבוס לשימוש עצמי.",72.0,"1. **סוג העבירה וחומרתה**  
בשני התיקים מדובר בעבירת **החזקת נשק ללא רישיון** לפי סעיף 144(א) לחוק העונשין – אותה עבירה יסודית, באותה ""משפחת חומרה"" (נשק חם, אין שימוש). בתיק 2 קיימת עבירה נוספת של **החזקת סם לצריכה עצמית**, שהיא עבירה קלה יחסית ואינה משנה מהותית את מדרג החומרה לעומת תיק 1 לעניין רכיב הנשק.

2. **תפקיד הנאשם ומעורבותו**  
בשני המקרים הנאשמים מתוארים כמי שמחזיקים בנשק עבור עצמם – לא כסוחרים, לא כמבריחים ולא כמי שמחלקים נשק לאחרים. בתיק 2 יש רכיב של קבלה, החבאה והובלה של הנשק לפרק זמן של יומיים, אך עדיין מדובר במחזיק/שומר נשק, לא ביוזם פעילות עבריינית רחבה יותר, כך שסוג המעורבות דומה.

3. **שיטת הביצוע (MO)**  
בתיק 1 – החזקת אקדח חצי־אוטומטי מתחת לשטיח ברכב במהלך נסיעה. בתיק 2 – החזקת אקדח־עט והחבאתו במחסן הבית, עם הובלה חד־פעמית בעת נסיעה משפחתית. בשניהם מדובר בהסתרה פיזית של נשק חם בסביבה ""אזרחית"" (רכב/בית), ללא שימוש, ללא מסחר וללא תיווך – השוני הוא בעיקר במיקום (רכב לעומת בית) ובסוג האקדח.

4. **נסיבות הליבה**  
בשני התיקים אין שימוש בנשק, אין איום, אין ירי ואין זיקה מוצהרת לעבירת אלימות או לפעילות עבריינית מאורגנת – רק עצם ההחזקה ללא רישיון. בתיק 2 ההחזקה משתרעת על פרק זמן מסוים וכוללת גם תחמושת, ובנוסף עבירת סם לשימוש עצמי, ואילו בתיק 1 מדובר באירוע נקודתי של החזקה ברכב; מנגד, האקדח בתיק 1 הוא אקדח חצי־אוטומטי ""רגיל"", שיכול להיתפס כפוטנציאלית מסוכנת יותר מאקדח־עט עם שלושה כדורים בלבד. בסך הכול, מדרג המסוכנות והנסיבות המחמירות/מקלות קרוב למדי בין שני התיקים.

5. **ישימות כתקדים**  
מבחינת מדיניות ענישה בעבירת **החזקת נשק יחיד ללא רישיון, ללא שימוש וללא נסיבות מחמירות קיצוניות**, תיק 2 יכול לשמש בהחלט כתקדים ענייני לתיק 1 (ולהפך), בכפוף להבחנות על משך ההחזקה והעבירה הנלווית של סם לשימוש עצמי. בית משפט צפוי לראות בתיקים רף השוואה רלוונטי לאומדן מתחם הענישה, אם כי יידרש להסביר בקצרה את ההבדלים בנסיבות.

SIMILARITY_SCORE: 72","ok",""
"ME-22-03-52964-443","SH-17-08-47445-166",1,0,0,"הנאשם הורשע על פי הודאתו בביצוע עבירות נשק (החזקה, נשיאה, והובלה) לפי סעיפים 144(א) רישא וסיפא + 144(ב) רישא וסיפא + 144(ג) לחוק העונשין, התשל""ז-1977 (להלן: ""החוק""), ובעבירת הפרעה לשוטר במילוי תפקידו לפי סעיף 275 לחוק.

על פי האמור בכתב האישום, עבד הנאשם במפעל מזון בדיר אל אסד. ביום 9.3.22 בשעה 12:10 החזיק ונשא הנאשם על גופו בחצר הכניסה למפעל אקדח חצי אוטומטי D.D.G מודל 19 קליבר 9 מ""מ פרבלום. הנאשם נשא את האקדח על גופו כשהוא טעון במחסנית ובתוכה 16 כדורים, הכל בלא רשות על פי דין. בנוסף, החזיק ונשא הנאשם על גופו מחסנית נוספת ובתוכה 16 כדורים נוספים. בהמשך למתואר לעיל, עברה בסמוך למפעל ניידת משטרה, ומשהבחין הנאשם בניידת החל לרוץ אל תוך המפעל. השוטרים רדפו אחריו והנאשם ניסה להשליך את הנשק, המחסנית והתחמושת לתוך ארגז עופות שהיה מונח על הרצפה, אולם נתפס על ידי השוטרים.","הנאשם שלפני נותן את הדין בגין עבירה של אחזקת נשק שלא כדין, בניגוד לסעיף 144 (א) רישא לחוק העונשין, תשל""ז – 1977.

בהתאם לעובדות כתב האישום המתוקן ת/1, אשר הוגש במסגרת הסדר טיעון, נתפש הנאשם, בתאריך 09.08.2018, מחזיק, בביתו, בפזורה סביב הישוב כסיפה, אקדח חצי אוטומטי מסוג FN וכן ""חפץ דמוי תת מקלע מאולתר"", כל זאת – שלא כדין.",60.0,"1. סוג העבירה וחומרתה  
שני התיקים עוסקים באותה משפחת עבירות – החזקת נשק חם שלא כדין לפי סעיף 144 לחוק. עם זאת, תיק 1 כולל מקבץ רחב וחמור יותר: נשיאה והובלה בציבור, תחמושת, ומסכת עובדתית ""מבצעית"" יותר, וכן עבירת הפרעה לשוטר; תיק 2 מוגבל לאחזקת נשק בבית בלבד, ללא רכיבי נשיאה/הובלה/תחמושת וללא עבירה נלווית.

2. תפקיד הנאשם ומעורבותו  
בשני התיקים הנאשם הוא המחזיק הישיר בנשק, לא מתווך, לא סוחר ולא ""שליח"" – מעורבות ישירה ולא שולית. יחד עם זאת, בתיק 1 ההחזקה היא ""על הגוף"" ובמקום עבודה, מה שמצביע על אופי נשיאה שימושי/זמין יותר, בעוד שבתיק 2 ההחזקה היא כ""החזקת מלאי"" בבית, פסיבית יותר במובן המיידי.

3. שיטת הביצוע (MO)  
בתיק 1 – נשיאת אקדח טעון + מחסנית נוספת על הגוף, במרחב ציבורי/חצי ציבורי, ובריחה בעת הגעת ניידת וניסיון להשלכה והסלקה של הנשק. בתיק 2 – החזקה סטטית של אקדח וחפץ דמוי תת־מקלע בבית בפזורה, ללא אלמנט של נשיאה בפועל, בריחה או ניסיון סילוק, ולכן דפוס ביצוע שונה באופן מובהק.

4. נסיבות הליבה  
תיק 1: אקדח חצי אוטומטי טעון עם 16 כדורים + מחסנית נוספת עם 16 כדורים, נשיאה במקום עבודה, מפגש יזום עם שוטרים, בריחה, ניסיון להשלכה – נסיבות מחמירות (נשק טעון, ניידות, הפרעה לשוטר). תיק 2: אקדח חצי אוטומטי + חפץ דמוי תת־מקלע בבית, ללא ציון תחמושת, ללא נשיאה בציבור, ללא אלימות או עימות – מצד אחד סוג נשק פוטנציאלית חמור (תת־מקלע מאולתר), מצד שני נסיבות סטטיות ושקטות יותר.

5. ישימות כתקדים  
לבית משפט יהיו שני התיקים כרלוונטיים לאותה ""משפחת ענישה"" של החזקת נשק שלא כדין, ובוודאי שניתן להיעזר בתיק 1 כנקודת ייחוס עקרונית לענישה בתיק 2 (ולהיפך, תוך הבהרה מתי הנסיבות מחמירות/מקלות יותר). עם זאת, בשל ההבדל המהותי בין נשיאה טעונה בציבור ובריחה לשוטרים לבין אחזקה ביתית, הדמיון הוא משמעותי אך לא כמעט־מלא, ויידרש סיווג ברור של תיק 1 כמקרה מחמיר יותר/שונה נסיבתית.

SIMILARITY_SCORE: 60","ok",""
"ME-15-12-39071-113","SH-11-12-35552-181",3,1,1,"ביום 22.9.16 הוגש הסדר טיעון בעניינו של הנאשם ועמו כתב אישום מתוקן (אלו נקלטו בנט-המשפט ביום 23.9.16). באותו המועד הורשע הנאשם על סמך הודאתו באחזקת נשק, עבירה לפי סעיף 144(א) רישא, בחוק העונשין, תשל""ז-1977 (להלן: ""החוק"" או ""חוק העונשין"").

המסכת העובדתית שביסוד הרשעת הנאשם, כפי שפורטה בכתב האישום המתוקן הינה כלהלן: ביום 12.10.13, בשעה 22:30 או בסמוך לכך, נסע הנאשם ברכב אשר היה בשימושו באותה העת, מסוג מזדה 3, מס' רישיון 71-098-16, בכביש מספר 1, בסמוך למחלף הראל. במהלך הנסיעה ישב הנאשם במושב הסמוך לנהג. באותה העת החזיק הנאשם מתחת לשטיח שמתחת למושב אקדח חצי אוטומטי מסוג סטאר, וזאת כאשר הנאשם לא היה בעל רישיון להחזיק את הנשק.

על פי האישום, במעשיו המתוארים לעיל החזיק הנאשם נשק בלא רשות על פי דין להחזקתו.","הנאשם הורשע על פי הודאתו בעבירות בנשק, עבירה לפי סעיף 144(א) רישא לחוק העונשין, התשל""ז-1977, בנסיבות בהן ביום 14/12/11 החזיק הנאשם בביתו בעיר לוד, בארון הבגדים בחדר השינה אקדח כשהוא עטוף בגרב.",90.0,"1. סוג העבירה וחומרתה  
בשני התיקים מדובר באותה עבירה בדיוק – החזקת נשק לפי סעיף 144(א) רישא לחוק העונשין, ברמת חומרה דומה מאוד. בשני המקרים – אקדח יחיד, ללא תיאור של שימוש, סחר או ירי.

2. תפקיד הנאשם ומעורבותו  
בשני התיקים הנאשם הוא ""מחזיק"" בלבד, ללא ייזום עסקה, תיווך או סחר בנשק. המעורבות היא דומה – החזקה פיזית/שליטה בנשק, ללא אינדיקציה לפעילות עבריינית נלווית.

3. שיטת הביצוע (MO)  
שני המקרים עוסקים בהסתרת אקדח במקום נגיש לנאשם (מתחת לשטיח במכונית, בארון הבגדים בבית). אין שימוש באמצעים מיוחדים, אין מעורבות של אחרים או דפוס מורכב – דפוס החזקה ""פשוטה"" ודומה.

4. נסיבות הליבה  
בשני התיקים מדובר באקדח אחד, ללא אמל""ח נוסף, ללא שימוש או איום, ללא אזכור של תחמושת, ללא נסיבות מחמירות מיוחדות (כגון רקע של סכסוך אלים). ההבדל המרכזי הוא מקום ההחזקה (רכב נע בכביש לעומת בית), אך שניהם במרחב שבשליטת הנאשם וללא נסיבה קיצונית המבדילה מהותית את רמת החומרה.

5. ישימות כתקדים  
בית משפט צפוי לראות בתיקים אלו כקרובים מאוד לצורכי ענישה, כמסגרת השוואה ישירה למקרים של החזקת אקדח בודד ללא נסיבות מחמירות נוספות. ההבדל במיקום (רכב/בית) לבדו אינו מייצר פער מהותי לסיווג או למדיניות הענישה.

SIMILARITY_SCORE: 90","ok",""
"ME-16-11-69158-529","ME-16-10-12213-904",1,0,0,"הנאשם הורשע בהתאם להודאתו בעובדות כתב האישום המתוקן בעבירות כדלקמן:

נשיאת נשק ותחמושת, עבירה לפי סעיף 144 (ב) רישא וסיפא בחוק העונשין, תשל""ז – 1977 (להלן: ""החוק"").

ירי באזור מגורים, עבירה לפי סעיף 340 א' בחוק.

עלי־פי המתואר בעובדות כתב האישום המתוקן, עובר לתאריך 23.11.16 טמן הנאשם באדמה, סמוך לביתו בטייבה תיק בד ובו נשק תת־מקלע מסוג ""קרלו"" (קרל גוסטב) (להלן: ""הנשק""), יחד עם מחסנית ותחמושת מסוג 9 מ""מ (להלן: ""התחמושת""). בתאריך 23.11.16 הוציא הנאשם את התיק, הכניסו לרכבו ובשעה 21:00 לערך הגיע ברכבו לאירוע משפחתי ברחבת בית משפחת ג'בארה בטייבה, שם הנאשם הוציא את הנשק והתחמושת מהרכב, ניגש לחצר הבית, כיוון את הנשק כלפי מעלה, וירה צרור כדורים. לאחר שסיים לירות, ניגש הנאשם לרכבו, החביא בו את הנשק מתחת למושב הנהג, ואת התחמושות החביא בתוך שקית מתחת למושב הסמוך למושב הנהג ברכב.","מוחמד ג'בארין, הנאשם שלפניי, הורשע על-סמך הודאתו, בעבירה של נשיאת נשק ותחמושת בניגוד לסעיף 144(ב) רישה וסיפה לחוק העונשין, התשל""ז - 1977 (להלן: ""חוק העונשין"").
חוק העונשין, תשל""ז-1977: סע'  29, 40ב, 40ג(א), 40ט, 144, 144(א), 144(ב), 287(א), 380, 40 יא, 40 יג(א), ב א'1 שבפרק ו'

הנאשם החזיק ברשותו ברכב מסוג סובארו, אשר היה רשום על-שם אחיו, מג'ד (להלן: ""הרכב"").

במהלך חודש ספטמבר 16', נשא והוביל הנאשם כלי נשק מאולתר מסוג ""קרל גוסטב"", שבתוכו מחסנית ריקה, מאזור מי-עמי ועד לבית אמו באום-אל-פחם, בו התגורר באותה עת (להלן: ""הבית""). בהגיעו לבית, עטף הנאשם  בחולצה לבנה את הנשק והמחסנית הריקה  והחביאם  מתחת לכיסא הנוסע שליד הנהג  ברכב, שחנה בסמוך לבית.

ביום 1 אוקטובר 16' בשעת אחר-צהריים, הזיז הנאשם את הרכב מפאת היותו בלתי תקין מאזור הבית ועד למוסך במורד הרחוב, כאשר כלי-הנשק והמחסנית הריקה מצויים בתוכו וכשבמכנסיו מצוי כדור 9 מ""מ התואם את הנשק. שוטרים, אשר הגיעו למקום וביצעו חיפוש ברכב מצאו בו את כלי-הנשק ואת המחסנית.",70.0,"1. סוג העבירה וחומרתה  
בשני התיקים מדובר בעבירת נשיאת נשק ותחמושת לפי סעיף 144(ב) – זהה לחלוטין מבחינת ""ליבת"" העבירה. עם זאת, בתיק 1 נוספה עבירה של ירי באזור מגורים (ס' 340א), המגבירה בצורה מהותית את חומרת המעשה והסיכון לציבור ביחס לתיק 2, שבו אין שימוש/ירי בנשק.

2. תפקיד הנאשם ומעורבותו  
בשני התיקים הנאשמים הם המחזיקים והנושאים הפיזיים של הנשק – לא סוחרים, לא מתווכים ולא ""בכירים"" בעסקה – אלא מבצעי העבירה הישירים. בתיק 1 המעורבות אקטיבית יותר, שכן הנאשם לא רק נושא ומחביא את הנשק אלא גם עושה בו שימוש בפועל; בתיק 2 המעורבות מתמצה בנשיאה, החזקה והסתרה.

3. שיטת הביצוע (MO)  
בשני המקרים מדובר בנשיאת נשק מאולתר מסוג ""קרלו"" ברכב, תוך הסתרתו מתחת למושב קדמי – דפוס דומה מאוד של החזקה והסתרה. בתיק 1 קיים שלב נוסף של הטמנת הנשק באדמה סמוך לבית ולאחר מכן הוצאתו לצורך ירי, מה שמוסיף נדבך תכנוני ושימושי שאינו קיים בתיק 2.

4. נסיבות הליבה  
בשני התיקים מדובר בנשק תת־מקלע מסוג ""קרלו"" ותחמושת 9 מ""מ, בכמות בסיסית (נשק אחד, מחסנית אחת, תחמושת מוגבלת). ההבדל המהותי: בתיק 1 בוצע ירי בפועל באזור מגורים, באירוע משפחתי – מעשה מסוכן ומחמיר; בתיק 2 אין ירי, המחסנית ריקה והתחמושת מסתכמת בכדור בודד בכיס, מה שמעמיד את תיק 1 בעומדת חומרה גבוהה יותר.

5. ישימות כתקדים  
בית משפט יראה בשני התיקים תיקים מאותו ""זן"" לעניין ענישה בעבירות נשק: נשיאת נשק מאולתר ברכב, החזקה והסתרה תחת המושב הקדמי. עם זאת, הירי באזור מגורים בתיק 1 ייחשב נסיבה מחמירה משמעותית, כך שתיק 1 ישמש לכל היותר כנקודת ייחוס ""מחמירה"" ביחס לתיק 2, ולא כתקדים אחד-לאחד.

SIMILARITY_SCORE: 70","ok",""
"ME-16-03-59260-279","ME-16-08-54879-35",2,0,1,"הנאשם הורשע, על יסוד הודאתו, במסגרת הסדר טיעון, בכתב אישום מתוקן, בעבירות של נשיאת נשק בלא רשות, על פי דין, לפי סעיף 144(ב) רישא+סיפא לחוק העונשין, התשל""ז-1977 (להלן: ""החוק"") והחזקת נשק בלא רשות על פי דין, לפי סעיף 144(א) רישא+סיפא לחוק.

החל ממועד שאינו ידוע למאשימה ועד לתאריך 23.3.16, החזיק הנאשם במחסן חנות הדגים שבה עבד, ברחוב נווה שאנן 37 בתל-אביב (להלן: ""החנות""), אקדח 9 מ""מ מסוג 'גלוק' בצבע שחור, מ.ר. F.V.458 (להלן: ""האקדח"") ללא היתר כדין, כשהוא עטוף בשקית שחורה, וכן תחמושת מסוג מחסנית המתאימה לאקדח שבתוכה 14 כדורי קליבר 9 מ""מ (להלן יחד: ""הנשק"").

ביום 23.3.16 סמוך לשעה 7:30 הגיעו הנאשם ואחר לרחוב התחייה 19, תל אביב-יפו, ומיד לאחר הגיעם למקום, נורו יריות לעבר האחר. בעקבות הירי ומיד לאחריו, ולאחר שהאחר נמלט רגלית מהמקום, נסע הנאשם לבדו ברכב מסוג ""מרצדס"" (להלן: ""הרכב""), למחסן החנות שבו הוחזק הנשק, נטל ונשא משם את הנשק.

הנאשם שב לרכב כשהוא מצויד בנשק ובתחמושת ונסע מהמקום. בהמשך לכך, נסע הנאשם לבדו ברכב על מנת לחפש את האחר, עד שהגיע לרחוב המנוע 2, תל אביב-יפו.","הנאשם הודה בתיק זה בעובדות כתב האישום שתוקן, במסגרת הסדר טיעון בין הצדדים, אשר לא כלל הסדר לעניין העונש והורשע בביצוע עבירה בנשק (נשיאה והובלה),  לפי סעיף 144(ב) רישא וסיפא לחוק העונשין, התשל""ז – 1977 (להלן: חוק העונשין).

מעובדות כתב האישום המתוקן שהוגש במסגרת הסדר הטיעון עולה כי, ביום 17.8.16, סמוך לשעה 11:00  ברחוב ברזילי 12 בחיפה, שם התגורר הנאשם, נשא הלה והוביל תיק ובו תת מקלע מאולתר בקוטר 9 מ""מ, שסוגל לירות כדור שבכוחו להמית אדם (להלן גם: הנשק), מחסנית המתאימה לנשק ובתוכה 7 כדורים, וזאת בלא רשות על פי דין.",55.0,"1. סוג העבירה וחומרתה  
בשני התיקים מדובר בעבירות נשק לפי סעיף 144(ב) רישא+סיפא (נשיאה/הובלה ללא רישיון), ובתיק 1 גם בעבירת החזקת נשק לפי סעיף 144(א). מבחינת מסגרת נורמטיבית – זהה, אך בתיק 1 העבירה משולבת בהקשר של אירוע ירי, חיפוש אחר אדם ונשיאת נשק לצורך פוטנציאלי של שימוש, מה שמחמיר את החומרה ביחס לתיק 2 שבו מדובר באחזקת נשק ""יבשה"" ללא נסיבות אלימות נלוות.  

2. תפקיד הנאשם ומעורבותו  
בשני המקרים הנאשם הוא המחזיק והנושא הישיר של הנשק, ולא שליח שולי או חוליה משנית בשרשרת. עם זאת, בתיק 1 מעורבותו אקטיבית ומבצעית יותר – החזקה ממושכת, נטילה יזומה של הנשק לאחר אירוע ירי, ונסיעה לחיפוש אחר אדם; בתיק 2 מדובר בנשיאה חד־פעמית (כפי שמתואר) ללא פעולה מבצעית נוספת.  

3. שיטת הביצוע (MO)  
בתיק 1 הנשק מוסתר מראש במחסן במקום עבודה, נשלף לאחר אירוע ירי, ונישא ברכב לצורך איתור מטרה – דפוס המעיד על הכנה, הצפנה ושימוש מבצעי. בתיק 2 הדפוס פשוט: נשיאת תיק ובו תת־מקלע ומחסנית ליד ביתו של הנאשם, ללא אלמנט של הסתרה מיוחדת, קשר מיידי לאירוע אלים או תנועה מבצעית. לפיכך הדמיון בשיטת הביצוע מוגבל.  

4. נסיבות הליבה  
תיק 1 כולל: החזקה ממושכת, נשק תקין (אקדח גלוק), תחמושת מוכנה (14 כדורים), קשר ישיר לאירוע ירי ולחיפוש אחר אדם – נסיבות מחמירות מאוד מבחינת מסוכנות ותכלית הנשק. בתיק 2: נשיאה חד־פעמית של תת־מקלע מאולתר (שכשלעצמו נשק חמור) עם 7 כדורים, ללא תיאור של תכנון שימוש מיידי, ללא אירוע ירי נלווה או יעד קונקרטי – עדיין עבירה חמורה, אך ליבת נסיבות פחות ""מבצעית"".  

5. ישימות כתקדים  
לצורכי ענישה, שני התיקים רלוונטיים זה לזה כפסיקה בתחום עבירות נשק לפי סעיף 144(ב), וניתן ללמוד זה מזה על מתחמי ענישה בעבירות נשיאה/הובלה ללא רישיון. עם זאת, בית משפט יבחין היטב בכך שתיק 1 משולב בהקשר של סכסוך אלים/ירי ומעיד על מסוכנות תכליתית גבוהה, בעוד תיק 2 הוא דוגמה טיפוסית יותר של אחזקת נשק ללא שימוש מיידי; לפיכך הרלוונטיות כתקדים היא חלקית ולא מלאה.  

SIMILARITY_SCORE: 55","ok",""
"SH-18-07-52337-770","SH-16-11-7544-55",3,1,1,"הנאשם שלפני נותן את הדין בגין עבירה של החזקת נשק חם שלא כדין, בניגוד לסעיף 144 (א) רישא לחוק העונשין, תשל""ז – 1977.

בהתאם לעובדות כתב האישום המתוקן כא/1, בהן הודה הנאשם במסגרת הסדר טיעון, נתפס, בתאריך 15.07.18, בביתו בעיר רהט, מחזיק נשק חם מסוג תת מקלע מאולתר, בחדרו, מוסלק מתחת למיטה.

עוד צוין בכתב האישום, כי הנשק הגיע לידי הנאשם כעשרה ימים לפני המועד בו נתפס והחזיק בו בעבור אחר, שזהותו אינה ידועה למאשימה.","הנאשם הורשע על פי הודאתו בעבירה של החזקת נשק שלא כדין בהתאם להוראת סעיף 144(א) רישא וסיפא לחוק העונשין.

על פי המתואר בעובדות כתב האישום, בתאריך 26.10.16, עת שנסע ברכבו במחלף להב-שומריה שבכביש 6 לכוון צפון, הבחין השוטר מיכאל אדרי (להלן: ""מיכאל"") בנאשם עומד מאחורי ארונות השקיה הצמודים לנתיבי הנסיעה. בהגיעו לנאשם, הבחין מיכאל כי הנאשם מחזיק בנשק מסוג רובה תת מקלע מאולתר ומחסנית המכילה 10 קליעים בקוטר 9 מ""מ. במעשיו האמורים החזיק הנאשם בנשק ובאבזר תחמושת ללא רשות על פי דין להחזיקם.",75.0,"1. סוג העבירה וחומרתה  
בשני התיקים מדובר בעבירה זהה של החזקת נשק חם שלא כדין לפי סעיף 144(א) לחוק העונשין; בתיק 2 נוספה גם החזקת אבזר תחמושת (סיפא), המעלה במקצת את החומרה. עדיין, מדרג החומרה הכללי דומה מאוד – החזקת נשק חם ללא שימוש בפועל.

2. תפקיד הנאשם ומעורבותו  
בשני התיקים הנאשם הוא ""מחזיק נשק"" ולא יוזם עסקת נשק, לא סוחר ולא משתמש. בתיק 1 מודגש שהוא מחזיק ""בעבור אחר"", מה שממקם אותו יותר כ""מחסן""/שומר, בעוד שבתיק 2 נראה שהוא מחזיק בנשק ובעצמו נתפס איתו בשטח; ההבדל קיים אך שניהם ברמת מעורבות של מחזיק בפועל.

3. שיטת הביצוע (MO)  
בתיק 1 ההחזקה היא בבית, בחדרו, כשהנשק מוסלק מתחת למיטה – החזקה סטטית ומוסתרת. בתיק 2 ההחזקה היא בשטח פתוח, ליד כביש 6, כשהנאשם נראה מחזיק את הנשק והמחסנית באופן גלוי יחסית; עם זאת, בשני המקרים אין סיפור של שימוש, ירי או סחר, אלא החזקה גרידא של תת-מקלע מאולתר.

4. נסיבות הליבה  
בשני התיקים מדובר בנשק מסוג תת-מקלע מאולתר, ללא תיאור של שימוש או ירי. בתיק 1 אין אזכור לתחמושת, והנשק בבית – נסיבות פחות מסוכנות מיידית אך עם מרכיב של אחסון עבור אחר; בתיק 2 יש מחסנית עם 10 כדורי 9 מ""מ ובהחזקה במקום ציבורי, המגבירה את המסוכנות הממשית. בשניהם אין נסיבות מחמירות יוצאות דופן נוספות כמו סכסוך אלים, עבריינות מאורגנת מובהקת או שימוש בפועל.

5. ישימות כתקדים  
מבחינת ענישה, בית משפט יראה בתיקים אלו רלוונטיים זה לזה – אותה עבירה, אותו סוג נשק, ללא שימוש בפועל, והנאשם בתפקיד של מחזיק. יחד עם זאת, תיק 2 יכול להיתפס כקצת חמור יותר (מיקום, תחמושת), ולכן יישמש יותר כרף עליון/אמצעי ביחס לתיק 1, אך עדיין כתקדים מהותי בתחום ""החזקת תת-מקלע מאולתר"" ללא שימוש.

SIMILARITY_SCORE: 75","ok",""
"ME-16-06-42987-901","ME-12-03-13401-281",1,0,0,"הנאשם, יליד 1997, הודה והורשע בתיק זה בכתב אישום מתוקן אשר תוקן במסגרת הסדר בין הצדדים. ההסדר כלל תיקון כתב האישום ללא הסכמה בעניין העונש. בנוסף צירף הנאשם שני תיקים אחרים שהיו תלויים ועומדים נגדו. בסך הכל הודה הנאשם והורשע כמפורט להלן:

בכתב האישום המתוקן בתיק זה  (להלן: תיק הנשק) – הנאשם הורשע באישום הראשון בעבירות  של נשיאת נשק לפי סעיף 144(ב) לחוק העונשין תשל""ז-1977 (להלן: חוק העונשין; החוק) ואיומים לפי סעיף 192 לחוק, בכך שקיבל לידיו רימון הלם, הגיע לבית משפחה בשכונת גילה בירושלים והשליך את הרימון לחצר הבית במטרה להטיל אימה על יושביו. הרימון התפוצץ בחצר. באישום השני הורשע הנאשם בכך שהצטייד בכלי נשק מאולתר שבו כדור בקליבר 9 מ""מ, ויחד עם אנשים נוספים, ביניהם אמיר סלמה שהצטייד ברימון גז ובשני רימוני הלם, הלכו למקום בו שהו אחרים שהיו מסוכסכים עמם. הנאשם ניסה לירות בנשק המאולתר לעבר רגליו של אחד מהאחרים, אך הנשק לא פעל. הנאשם זרק לעברו את רימון הגז אותו קיבל קודם לכן מידיו של אמיר סלמה. על כך הורשע הנאשם בעבירות של ניסיון לחבלה מחמירה לפי סעיף 329(א)(2) לחוק וניסיון תקיפה בנסיבות מחמירות לפי סעיפים 382(א) + 25 לחוק העונשין.

בת""פ (שלום ירושלים) 45121-06-16 (להלן: תיק הסמים) הורשע הנאשם בכתב אישום מתוקן בחמש עבירות של סחר בסמים לפי סעיפים 13+19א' לפקודת הסמים המסוכנים [נוסח חדש] תשל""ג-1973 ובעבירה אחת של החזקת סם שלא לשימוש עצמי לפי סעיפים 7(א) + 7(ג) רישא לפקודה זו. מדובר במספר אירועים של מכירת סם מסוג חשיש לקונים שונים (שניים מהם שוטרים), בכמויות משתנות של גרמים בודדים תמורת סכומים שבין 100 ₪ ל-400 ₪, במהלך החודשים מאי ויוני 2016.

בת""פ (שלום ירושלים) 25586-07-16 (להלן: תיק הגניבה) הורשע הנאשם בעבירה של גניבה לפי סעיף 384 לחוק העונשין. מדובר בגניבה של אופניים חשמליים בשווי 3,000 ₪ שבוצעה ביום 17.5.16.","הנאשם הודה, טרם שמיעת ראיות, בעובדות כתב אישום מתוקן והורשע בביצוע העבירות: החזקת נשק שלא כדין - עבירה לפי סעיפים 144(א) (רישא + סיפא) + 144(ג) לחוק העונשין, תשל""ז-1977 (להלן: ""החוק""), נשיאת והובלת נשק - עבירה לפי סעיפים 144(ב) (רישא + סיפא) + 144(ג) לחוק ויריות באזור מגורים - עבירה לפי סעיף 340א לחוק.

מעובדות כתב האישום המתוקן עולה כי בליל 25 -26.2.12, הנאשם החזיק ונשא אקדח גנוב מסוג CZ קליבר 9 מ""מ, שתי מחסניות שבתוכן כדורי אקדח ו-11 כדורי אקדח 9 מ""מ נוספים. האקדח נגנב ב- 3.2.12 בהתפרצות לבית  ביישוב ציפורי.

סמוך לשעה 00:38, ברחוב שיבת ציון בחיפה שהינו ""איזור מגורים"", ירה הנאשם מהאקדח 11 כדורים, ללא הסבר סביר. לאחר מכן נכנס הנאשם עם האקדח, כשהוא טעון עם כדור בקנה ופטיש האקדח משוך לאחור, עם הכדורים ועם המחסניות לרכב, בו שהו אנשים נוספים. סמוך לשעה 1:50 הנאשם נעצר ברכב על ידי שוטרים.",40.0,"1. סוג העבירה וחומרתה  
בשני התיקים מדובר בעבירות נשק לפי סעיף 144 לחוק העונשין, ובשניהם יש נשיאה/החזקה של נשק חם באזור מגורים. עם זאת, בתיק 1 נוספו עבירות חמורות בהרבה – ניסיון לחבלה מחמירה (ס' 329) ותקיפה בנסיבות מחמירות, לצד שימוש ברימונים, לעומת תיק 2 שבו העבירה המרכזית מעבר להחזקה/נשיאה היא ירי באזור מגורים (ס' 340א) ללא כוונה קונקרטית לפגוע באדם מסוים. לכן חומרת הליבה בתיק 1 גבוהה משמעותית.

2. תפקיד הנאשם ומעורבותו  
בשני התיקים הנאשם הוא המוציא לפועל המרכזי: בתיק 1 הוא זה שקיבל, נשא והשתמש בנשק וברימונים בפועל, ובתיק 2 הוא זה שהחזיק, נשא וירה את האקדח. עם זאת, בתיק 1 מעורבותו משולבת במסגרת סכסוך ופעילות קבוצתית מתוכננת יחסית, בעוד שבתיק 2 מדובר באירוע בודד של ירי ללא הסבר, ללא יריב מזוהה.

3. שיטת הביצוע (MO)  
בתיק 1 יש דפוס של שימוש אקטיבי בנשק לצורך תקיפה/הטלת אימה: הגעה יזומה לבית יעד, השלכת רימון הלם לחצר, ובהמשך ניסיון ירי מנשק מאולתר וזריקת רימון גז לעבר אדם מסוים. בתיק 2 מדובר בהחזקת אקדח גנוב וירי של 11 כדורים ברחוב מגורים ללא הסבר, ללא התקדמות לתקיפה ישירה באדם מזוהה. השוני בסוגי הנשק (רימונים ונשק מאולתר מול אקדח תקני) ובאופי הירי (ממוקד לעבר קורבן לעומת ירי ""פראי"") מצביע על MO שונה למדי.

4. נסיבות הליבה  
בתיק 1 קיימות נסיבות מחמירות בולטות: שימוש ברימונים באזור מגורים, הגעה יזומה לזירת הסכסוך, ניסיון לחבלה מחמירה, ריבוי אירועים ועבירות נלוות (סחר בסמים, גניבה). בתיק 2 יש אמנם החזקת נשק גנוב, נשיאה כשהאקדח דרוך וטעון, וירי מסיבי ברחוב מגורים – נסיבות חמורות, אך ללא קורבן יעד, ללא תכנון תקיפה ספציפית ומתמקדות באירוע אחד. לכן הליבה בתיק 1 אלימה ותוקפנית יותר, בעוד שבתיק 2 הליבה היא מסוכנות כללית מירי באזור מגורים.

5. ישימות כתקדים  
שני התיקים רלוונטיים לאותה משפחת עבירות – נשק חם בשילוב ירי בסביבה אזרחית – וייתכן שבית משפט ייעזר זה בזה להשוואת רמות ענישה כלליות בעבירות נשק עם הפעלה בפועל. עם זאת, בשל השוני המהותי בכוונה (תקיפה יזומה וניסיון חבלה מחמירה לעומת ירי לא מוסבר), ברמת האלימות ובנסיבות הנלוות, כל תיק יתאים יותר כתקדים לתיקים ""מהסוג שלו"" (תיק 1 – אלימות חמורה בסכסוך עם נשק; תיק 2 – ירי באזור מגורים ללא יעד ספציפי). הדמיון מאפשר הקבלה חלקית בלבד.

SIMILARITY_SCORE: 40","ok",""
"SH-20-02-52091-995","SH-16-11-7544-55",3,1,1,"הנאשם שלפני נותן את הדין בגין עבירת נשק (החזקה), בניגוד לסעיף 144 (א) רישא וסיפא לחוק העונשין, תשל""ז – 1977 (להלן: ""החוק"").

בהתאם לעובדות כתב האישום המתוקן כא/1, במועד שאינו ידוע במדויק למאשימה, קיבל הנאשם לידיו נשק תת מקלע מאולתר 9 מ""מ אשר יורה ובכוחו להמית (להלן: ""הנשק"") ובנוסף, כ-20 קליעי 9 מ""מ (להלן: ""התחמושת"").

מיום 14.02.20, החזיק הנאשם את הנשק והתחמושת הנ""ל בארון במטבח ביתו בשבט אלאעצם.

ביום 16.02.20, סמוך לשעה 15:00, במסגרת פעילות משטרתית יזומה, הגיעו שוטרי תחנת העיירות אל ביתו של הנאשם בשבת אלאעצם, בכדי לערוך חיפוש בבית. במהלך החיפוש, איתרו השוטרים את הנשק והתחמושת בארון במטבח.","הנאשם הורשע על פי הודאתו בעבירה של החזקת נשק שלא כדין בהתאם להוראת סעיף 144(א) רישא וסיפא לחוק העונשין.

על פי המתואר בעובדות כתב האישום, בתאריך 26.10.16, עת שנסע ברכבו במחלף להב-שומריה שבכביש 6 לכוון צפון, הבחין השוטר מיכאל אדרי (להלן: ""מיכאל"") בנאשם עומד מאחורי ארונות השקיה הצמודים לנתיבי הנסיעה. בהגיעו לנאשם, הבחין מיכאל כי הנאשם מחזיק בנשק מסוג רובה תת מקלע מאולתר ומחסנית המכילה 10 קליעים בקוטר 9 מ""מ. במעשיו האמורים החזיק הנאשם בנשק ובאבזר תחמושת ללא רשות על פי דין להחזיקם.",80.0,"1. סוג העבירה וחומרתה  
בשני התיקים מדובר באותה עבירה בדיוק – החזקת נשק שלא כדין לפי סעיף 144(א) רישא וסיפא לחוק העונשין, עם תחמושת. גם סוג הנשק דומה מאוד (תת-מקלע מאולתר 9 מ""מ) והכמות אינה חורגת לקנה מידה משמעותי. רמת החומרה הנורמטיבית דומה מאוד.  

2. תפקיד הנאשם ומעורבותו  
בשני המקרים הנאשם הוא ""מחזיק"" הנשק, לא מתואר כמי שסוחר, יורה או משתמש בנשק בהקשר פלילי נוסף. אין אינדיקציה ל""תפקיד"" עברייני רחב יותר (כגון חלק בארגון פשיעה, הפצה לאחרים וכד'). אפיון המעמד המהותי – מחזיק עצמאי של נשק ותחמושת – דומה מאוד.  

3. שיטת הביצוע (MO)  
בתיק 1 הנשק מוחזק ומוסתר בארון במטבח בבית, לאורך פרק זמן של מספר ימים לפחות; בתיק 2 הנאשם מחזיק את הנשק פיזית בידיו בשטח ציבורי סמוך לכביש 6. בשני המקרים מדובר בהחזקה פשוטה ללא מנגנון הסוואה מתוחכם, ללא שימוש בנשק וללא פעולה נוספת (כמו העברה לאחרים). יש הבדל במיקום ההחזקה (בית פרטי לעומת מקום ציבורי), אך דפוס הליבה – החזקת נשק מאולתר ותחמושת שלא כדין – דומה.  

4. נסיבות הליבה  
בתיק 1: החזקה מוסתרת בבית, לפרק זמן, עם כ-20 קליעים – יש יסוד של החזקה מתמשכת, נשק נגיש בסביבת מגורים. בתיק 2: החזקה מיידית, גלויה יחסית, במקום ציבורי סמוך לציר תחבורה מרכזי, עם 10 קליעים – יש פוטנציאל מסוכן מיידי בסביבה ציבורית. בשני המקרים מדובר באותה ""דרגת"" נשק (תת-מקלע מאולתר 9 מ""מ) עם כמות תחמושת לא חריגה, ללא שימוש, ללא ירי וללא נסיבות מחמירות חריגות (כגון תכנון פיגוע, סכסוך אלים וכו').  

5. ישימות כתקדים  
שני התיקים רלוונטיים מאוד זה לזה לצורכי ענישה והערכת חומרה בעבירות החזקת נשק מאולתר מסוג תת-מקלע עם תחמושת. בית משפט יראה בשניהם פסיקה השייכת לאותה ""משפחת מקרים"", ויעשה בה שימוש לקביעת מתחם הענישה, תוך התאמה לשוני בנסיבות (מקום ההחזקה, פרק הזמן, כמות התחמושת). מדובר בתיקים בעלי ערך תקדימי הדדי מהותי, עם הבדלי נסיבות שאינם שוברים את הדמיון העיקרי.  

SIMILARITY_SCORE: 80","ok",""
"SH-14-02-28659-762","SH-16-05-42991-439",2,0,1,"הנאשם הורשע על פי הודאתו בעבירה של החזקת נשק לפי סעיף 144(א) לחוק העונשין התשל""ז-1977, בכך שבמשך כשנתיים עובר ליום 11.2.14, החזיק הנאשם שבביתו שבעזריה נשק מאולתר מסוג ""קרל גוסטב"". הנאשם הסתיר את הנשק בעליית הגג של המקלחת בביתו וטען כי החזיקו לצורך הגנה עצמית.","הנאשם הורשע בהתאם להודאתו בעובדות כתב האישום המתוקן בעבירות כדלקמן:

החזקת נשק ותחמושת, לפי סעיף 144(א) רישא וסיפא לחוק העונשין, תשל""ז – 1977 (להלן: ""החוק"").

שיבוש הליכי משפט, לפי סעיף 244 לחוק.

על-פי המתואר בעובדות כתב האישום המתוקן, ביום 15.5.16 החזיק הנאשם אקדח כסוף מסוג בראונינג ובו מחסנית עם 13 כדורים 9 מ""מ. משהגיעו השוטרים לבית, הורה הנאשם לרעייתו (להלן: ""נאשמת 2"") להסליק את האקדח בין בגדיה ולצאת מהבית במטרה להעלים את האקדח מעיני השוטרים. בתגובה לכך הכניסה נאשמת 2 את האקדח מתחת לחצאיתה וניסתה לצאת מהבית מבלי שהשוטרים יבחינו בנשק.",65.0,"1. סוג העבירה וחומרתה  
בשני התיקים מדובר בעבירת **החזקת נשק לפי סעיף 144(א)**, כך שסוג העבירה הבסיסי זהה. עם זאת, בתיק 2 נוספו החזקת תחמושת ושיבוש הליכי משפט, וכן החזקה של אקדח טעון, מה שמעלה את רמת החומרה ביחס לתיק 1.

2. תפקיד הנאשם ומעורבותו  
בשני המקרים הנאשם הוא **המחזיק הישיר והמרכזי** בנשק בביתו. בתיק 2 מעורבותו אקטיבית יותר – הוא מנהל ""מבצע"" להסתרת הנשק ומגייס את רעייתו לשיבוש, בעוד שבתיק 1 מדובר בהחזקה סטטית ו""פסיבית"" לאורך זמן, ללא התנהלות אקטיבית מול רשויות האכיפה.

3. שיטת הביצוע (MO)  
בשני התיקים קיימת **הסתרת נשק בבית המגורים** (עליית גג לעומת הסלקה בגוף באמצעות בן משפחה). עם זאת, בתיק 1 מדובר בהסתרה קבועה וארוכת טווח; בתיק 2 השיטה היא הסתרה מיידית ודינמית מול הגעת המשטרה, תוך שימוש באחר לשם ההסלקה – דפוס שונה במובהק.

4. נסיבות הליבה  
בשני התיקים אין שימוש בפועל בנשק ואין סחר, אלא החזקה בלבד. ההבדלים המהותיים: בתיק 1 – החזקת נשק מאולתר במשך כשנתיים עם טענה להגנה עצמית; בתיק 2 – אקדח תקני, טעון ב‑13 כדורים, נסיבות של ביקורת משטרתית, ושיבוש הליכי משפט באמצעות בן זוג – נסיבות מחמירות יותר לעומת תיק 1.

5. ישימות כתקדים  
לצורכי **מדיניות ענישה בעבירת החזקת נשק לפי סעיף 144(א)**, תיק 1 ותיק 2 יכולים לשמש זה לזה תקדים חלקי, בעיקר לקביעת רף כללי להחזקת נשק בבית. יחד עם זאת, בתיק 2 העונש יושפע משמעותית מעבירת השיבוש, מהתחמושת ומההתנהלות מול השוטרים, ולכן הוא לא תקדים ""מלא"" לתיק 1 אלא נקודת השוואה עם נסיבות מחמירות יותר.

SIMILARITY_SCORE: 65","ok",""
"ME-14-10-31218-522","ME-17-05-35227-215",1,0,0,"הנאשם, יליד 83', הורשע במסגרת הסדר בכתב אישום אשר תוקן, בעבירות בנשק – לפי סעיף 144 (א) לחוק העונשין, התשל""ז-1977 (להלן: חוק העונשין).

בתאריך 29/5/14 בשעה 02:45 בלילה (להלן: מועד האירוע), הגיע הנאשם סמוך לבית ד""ר אמון חסן בדיר אל אסד (להלן: המתלונן והבית, בהתאמה), כשהוא מחזיק רימון יד הלם/סינוור M7290 בצבע שחור עם פס כתוב המקיף אותו, שמספרו E386201 (להלן: הרימון). בכוחו של הרימון היה להזיק לאדם ולגרום לו פגיעה גופנית בעת פעולתו, בכפוף לקרבה של אותו אדם למוקד פעולת הרימון. במועד האירוע הושלך הרימון לעבר מרפסת ביתו של המתלונן, לאחר שהנצרה שוחררה. כתוצאה מכך נחת הרימון במרפסת והתפוצץ תוך גרימת קול נפץ עז, שהעיר את המתלונן ושכנו משנתם.

במעשיו כאמור לעיל, החזיק הנאשם נשק בלא רשות על פי דין.","ביום 7 במאי 2017 בשעת צהריים נהג הנאשם בתיק זה, דוד טבצ'ניקוב, באופנוע מסוג קואנג יאנג טיו כשהוא נושא ומוביל עמו בתוך תא המטען תת-מקלע מאולתר שבתוכו מחסנית. לפניי, הודה הנאשם בביצוע עבירה זו, בניגוד לסעיף 144(ב) רישא וסיפא לחוק העונשין, התשל""ז-1977 (להלן: ""חוק העונשין"") והוא הורשע בה.",55.0,"1. סוג העבירה וחומרתה  
בשני התיקים מדובר בעבירות בנשק לפי סעיף 144 לחוק העונשין – כלומר באותו ""משפחת עבירות"" של החזקת/נשיאת נשק ללא רישיון. עם זאת, בתיק 1 יש גם הפעלה בפועל של הרימון בסביבת מגורים, בעוד שבתיק 2 מדובר בנשיאת והובלת תת־מקלע מאולתר בלבד; שני המקרים חמורים, אך האספקט האקטיבי של שימוש בתיק 1 לעומת עצם ההחזקה/נשיאה בתיק 2 יוצר הבדל ברמת החומרה המעשית.

2. תפקיד הנאשם ומעורבותו  
בתיק 1 הנאשם הוא מבצע ישיר של השלכת הרימון לבית המתלונן – פעולה יזומה ומכוונת כלפי יעד ספציפי, בעלת אופי מאיים/אלים מובהק. בתיק 2 הנאשם הוא נושא ומוביל הנשק, ללא תיאור של יעד קונקרטי או שימוש יזום; התפקיד קרוב יותר ל""מחזיק/מוביל"" מאשר למבצע תקיפה, ולכן האופי המהותי של המעורבות שונה.

3. שיטת הביצוע (MO)  
בתיק 1 מדובר בהגעה יזומה לבית המתלונן בלילה, שליפת נצרה וזריקת רימון למרפסת – דפוס פעולה התקפי, ממוקד מטרה, בשעת לילה ובסביבת מגורים. בתיק 2 ה־MO הוא הובלת תת־מקלע מאולתר בתא מטען של אופנוע בשעת צהריים, ללא הפעלה או ניסיון הפעלה; זהו דפוס לוגיסטי-תנועתי ולא התקפי. מכאן שמדובר בדפוסי פעולה שונים מהותית.

4. נסיבות הליבה  
בשני התיקים מדובר בפריט נשק יחיד, אך בתיק 2 מדובר בתת־מקלע מאולתר עם מחסנית – נשק קטלני ומתקדם יותר באופן טכני, בעוד שבתיק 1 זהו רימון הלם/סינוור שמעצם השימוש בו בסביבת מגורים יוצר סיכון לאדם ולרכוש. בתיק 1 קיימת נסיבה מחמירה של הטלת הרימון על בית מאויש בשעת לילה (סיכון מיידי לדיירים ולשכנים), בעוד שבתיק 2 אין הפעלה ואין יעד מזוהה, אך קיים סיכון ציבורי משמעותי הנובע מנשיאת נשק אוטומטי במרחב הציבורי. כך שיש דמיון בבסיס (נשק לא חוקי), אך שוני בנסיבות המהותיות.

5. ישימות כתקדים  
לצורכי ענישה, שני המקרים יכולים לשמש זה לזה כנקודת התייחסות כללית למדיניות הענישה בעבירות נשק לפי סעיף 144, במיוחד כשמדובר בנשק אחד וללא נפגעי גוף בפועל. עם זאת, בית משפט יידרש להבחין: תיק 1 רלוונטי יותר כתקדים למקרים של שימוש התקפי בנשק בסביבת מגורים, ותיק 2 רלוונטי יותר למקרים של נשיאה/הובלה של נשק חם, בלי שימוש. לכן, הרלוונטיות ההדדית קיימת אך מוגבלת ודורשת הסתייגויות.

SIMILARITY_SCORE: 55","ok",""
"SH-16-11-7544-55","SH-15-03-49530-992",3,1,1,"הנאשם הורשע על פי הודאתו בעבירה של החזקת נשק שלא כדין בהתאם להוראת סעיף 144(א) רישא וסיפא לחוק העונשין.

על פי המתואר בעובדות כתב האישום, בתאריך 26.10.16, עת שנסע ברכבו במחלף להב-שומריה שבכביש 6 לכוון צפון, הבחין השוטר מיכאל אדרי (להלן: ""מיכאל"") בנאשם עומד מאחורי ארונות השקיה הצמודים לנתיבי הנסיעה. בהגיעו לנאשם, הבחין מיכאל כי הנאשם מחזיק בנשק מסוג רובה תת מקלע מאולתר ומחסנית המכילה 10 קליעים בקוטר 9 מ""מ. במעשיו האמורים החזיק הנאשם בנשק ובאבזר תחמושת ללא רשות על פי דין להחזיקם.","הנאשם, אחמד חגלה יליד 1992, הורשע על יסוד הודאתו בעובדות כתב אישום מתוקן, במסגרת הסדר דיוני שלא כלל הסכמה לעניין העונש, בביצוע עבירה של החזקת נשק שלא כדין.

לפי עובדות כתב האישום המתוקן, בין התאריכים 5.3.2015 – 11.3.2015 החזיק הנאשם בתיק על גג מחסן סמוך לביתו בג'לג'וליה ברובה מאולתר מסוג ""קרל גוסטב"" טעון במחסנית תואמת ובה כדורים. לצד הרובה החזיק הנאשם שקית ובה מחסנית טעונה בכדורים בקוטר 9 מ""מ וכדורים בקוטר 5.56 מ""מ בתפזורת.",82.0,"1. סוג העבירה וחומרתה  
בשני התיקים מדובר באותה עבירה בדיוק – החזקת נשק שלא כדין לפי סעיף 144(א), ללא שימוש או סחר, וברמת חומרה דומה: נשק חם, אוטומטי/תת-מקלע מאולתר, בליווי תחמושת. בתיק 2 יש אלמנט מעט מחמיר של החזקה ממושכת יותר וכמות תחמושת גדולה ומגוונת יותר, אך לא מדובר בקפיצת מדרגה לעבירות חמורות יותר (כגון סחר/שימוש).

2. תפקיד הנאשם ומעורבותו  
בשני המקרים הנאשם הוא ""מחזיק"" בלבד ולא מוצג כמי שסוחר, מתווך או משתמש בנשק. אין תיאור של תיווך, מכירה או שימוש התקפי – בשני התיקים מדובר במעורבות ברמת ""החזקה פיזית/שליטה"" ולא בייזום פעילות פלילית רחבה יותר.

3. שיטת הביצוע (MO)  
בשני התיקים ההחזקה היא של רובה תת-מקלע מאולתר טעון במחסנית, בצירוף תחמושת תואמת. ההבדל הוא מקום וסגנון ההחזקה: תיק 1 – החזקה גלויה בפועל ביד, בצידי כביש מהיר; תיק 2 – אחסון מוסתר בתיק על גג מחסן ליד הבית. מבחינת דפוס מהותי של ""החזקה בלתי חוקית של נשק אוטומטי עם תחמושת"" ה‑MO דומה מאוד.

4. נסיבות הליבה  
כמות הנשק: בשניהם נשק אחד; בתחמושת – בתיק 1 מחסנית אחת עם 10 כדורים 9 מ""מ; בתיק 2 מחסנית טעונה נוספת ותחמושת 9 מ""מ ו‑5.56 מ""מ בתפזורת (כמות ואבחנה מחמירה יותר). בתיק 1 ההחזקה במקום ציבורי לצד כביש מהיר עשויה להיחשב נסיבה מחמירה; בתיק 2 – אחסון סמוך לבית, פרק זמן של כשבוע ותחמושת מגוונת. שני המקרים נטולי שימוש בפועל, איומים או נשק מלחמתי ""כבד"" יותר, כך שהנסיבות נמצאות באותו ""סוג"" חומרה, עם ניואנסים לשני הצדדים.

5. ישימות כתקדים  
מבחינת ענישה, בית משפט יראה בתיק אחד מקור רלוונטי מאוד לתיק האחר: אותה עבירה, אותו סוג נשק (תת-מקלע מאולתר), החזקה+תחמושת, ללא שימוש, ללא סחר, וללא נסיבות קיצון (כגון ירי, רקע ביטחוני או ארגון פשיעה). השוני ברמת משך ההחזקה, כמות התחמושת ומיקום ההחזקה יילקחו בחשבון כמשתנים בתוך אותה מסגרת ענישה, אך לא ימנעו שימוש הדדי כתקדימים ענייניים.

SIMILARITY_SCORE: 82","ok",""
"ME-16-11-13999-863","ME-21-10-18557-340",1,0,0,"הנאשם הורשע על פי הודאתו בעבירות בנשק (החזקה, נשיאה והובלה) לפי סעיפים 144(א) רישא וסיפא + 144(ב) רישא וסיפא לחוק העונשין, התשל""ז – 1977 (להלן: ""חוק העונשין"").

בהתאם לעובדות כתב האישום המתוקן אשר הוגש במסגרת הסדר טיעון, ביום 26.10.16 סמוך לשעה 20.00 נסע הנאשם מסכנין לאזור הישוב ראמה, ברכב מאזדה, בו נהג חברו זבידאת סלאמה (להלן: ""סלאמה""). הנאשם ישב ברכב ליד סלאמה, כשהוא מחזיק, נושא ומוביל, בלא רשות על פי דין, אקדח חצי אוטומטי מסוג ""STAR"", קליבר 9 מ""מ פאראבלום (להלן: ""האקדח""), ובתוכו מחסנית עם כדורים לאקדח וכן החזיק, נשא והוביל מחסנית נוספת עם כדורים לאקדח (להלן: ""המחסניות והכדורים""). בהמשך, התקרבו הנאשם וסלאמה עם הרכב למחסום משטרתי שהוצב בסמוך לצומת ראמה. בהבחינם בשוטר שעמד ליד המחסום ואותת להם לעצור את הרכב, פנו הנאשם וסלאמה עם הרכב לתוך תחנת דלק סמוכה והמשיכו בנסיעה לכיוון היציאה מתחנת הדלק. בהמשך נעצרו הנאשם וסלאמה על ידי השוטרים. במעשיו המתוארים לעיל, הנאשם החזיק, נשא והוביל נשק, תחמושת ואביזרים לנשק, בלא רשות על פי דין להחזקתם, לנשיאתם ולהובלתם.","הנאשם שלפניי הורשע, על פי הודאתו במסגרת הסדר טיעון בעובדות כתב אישום מתוקן, בביצוע העבירות הבאות: עבירות בנשק (החזקה, הובלה ונשיאה) - עבירה לפי סעיף 144(א) רישא וסיפא + סעיף 144(ב) רישא וסיפא לחוק העונשין, התשל""ז-1977 (להלן: ""החוק""), וכן ירי מנשק חם - עבירה לפי סעיף 340א(ב)(1) ו-(2) לחוק.

על פי עובדות כתב האישום המתוקן, אשר עיקרן יובא להלן, הנאשם וג'יהאד סואעד (להלן: ""ג'יהאד"") הם מכרים. הנאשם ו- א' (להלן: ""א'"") הם מכרים וביניהם קיים סכסוך.

במהלך יום 16.9.2021, הנאשם החזיק בנשק מסוג תת מקלע מאולתר אשר סוגל לירות כדור / קלע ובכוחו להמית אדם, וכן במחסנית ולכל הפחות בשני כדורים תואמים לתת המקלע בקליבר 9 מ""מ (להלן יחד: ""הנשק""), זאת בלא רשות על פי דין. עובר לשעה 19:00, הנאשם הניח את הנשק שהיה טעון במחסנית ובכדורים ברכבו מסוג מאזדה בצבע כחול (להלן: ""הרכב"").

סמוך לשעה 19:00, בכפר אבו סנאן, הנאשם נסע ברכב כשהוא נושא ומוביל את הנשק. הוא הגיע אל ביתו של ג'יהאד אשר התיישב במושב הנהג והנאשם התיישב במושב הנוסע לידו, כשהנשק ברשותו. השניים נסעו בכפר אבו סנאן כשהנאשם נושא ומוביל את הנשק, בסיועו של ג'יהאד. במהלך הנסיעה, הגיעו השניים לרחוב בו נמצא עסק לחומרי בניין. במקום היה א' כשהוא יושב במאזדה לבנה (להלן: ""המאזדה"") במושב הנוסע ליד הנהג, ומכרו מוחמד פעאור ישב במושב הנהג.

הנאשם וג'יהאד עצרו ליד המאזדה, ובין הצדדים התפתחו חילופי דברים, במהלכם יצא הנאשם מהרכב כשהוא מחזיק בידו את הנשק הטעון. הנאשם פנה לעבר המאזדה, נעמד בצמוד לחלקה השמאלי קדמי (כך צויין- א' ס'), שם ישב א', וכיוון את הנשק לעבר המאזדה בכוונה להפחיד או להקניט את א'. מוחמד פעאור שהבחין במתרחש החל לנסוע מהמקום במטרה להתחמק מהנאשם.

הנאשם רץ אחרי המאזדה כשהוא מחזיק בידו את הנשק, וכשהמאזדה הייתה במרחק קצר ממנו, כיוון הוא את הנשק כלפי מעלה וירה לפחות שני כדורים. זאת בכוונה להפחיד את א' או להקניטו, באזור מגורים ובאופן שיש בו לסכן חיי אדם. הנאשם חזר אל הרכב, בו המתין ג'יהאד כל אותה העת, והשניים נסעו מהמקום כשג'יהאד נוהג ברכב ומסייע לנאשם לשאת ולהוביל את הנשק הטעון במחסנית ובכדורים.",55.0,"1. **סוג העבירה וחומרתה**  
בשני התיקים מדובר בעבירות בנשק לפי אותם סעיפי חוק: 144(א) ו-144(ב) לחוק העונשין (החזקה, נשיאה והובלה ללא רישיון). עם זאת, בתיק 2 מתווספת עבירת ירי מנשק חם לפי סעיף 340א(ב)(1)(2), שהיא עבירה נפרדת וחמורה בהרבה, הן מבחינת סיכון לחיי אדם והן מבחינת מדיניות הענישה. לכן יש חפיפה מלאה בעבירת הנשק, אך חומרת מכלול העבירות בתיק 2 גבוהה משמעותית.

2. **תפקיד הנאשם ומעורבותו**  
בשני התיקים הנאשם הוא המחזיק, הנושא וה""מוביל"" העיקרי של הנשק, כאשר לצידו אדם נוסף הנוהג ברכב ומסייע (סלאמה בתיק 1, ג’יהאד בתיק 2). בשני המקרים הנאשם אינו ""שליח תמים"" אלא הגורם המרכזי האוחז בנשק והאחראי לשינועו. אולם בתיק 2 מעורבותו פעילה ותוקפנית יותר, שכן הוא משתמש בפועל בנשק במסגרת סכסוך.

3. **שיטת הביצוע (MO)**  
בשני המקרים הנשק מוחזק ברכב פרטי, כשהנאשם נוסע עם אחר, והנשק טעון ומלוּוה במחסנית/מחסניות עם כדורים – דפוס דומה של החזקת נשק זמין בנסיעה. ההבדל המהותי הוא שבתיק 1 האירוע נעצר ברמת ההחזקה וההובלה בלבד, בעוד שבתיק 2 מתפתחת סיטואציה של עימות, יציאה מהרכב עם הנשק, ריצה אחרי רכב אחר וירי בפועל. מכאן שה-MO לגבי שלב ההחזקה וההובלה דומה, אך שלב השימוש שונה מהותית ונוכח רק בתיק 2.

4. **נסיבות הליבה**  
בתיק 1 מדובר באקדח חצי-אוטומטי ומחסניות עם כדורים, ללא שימוש, ללא ירי וללא תיאור של סכסוך קונקרטי; הנסיבות המחמירות הן בעיקר עצם ההחזקה והבריחה מנקודת המחסום. בתיק 2 מדובר בתת-מקלע מאולתר (נשק התקפי יותר), טעון, על רקע סכסוך אישי, כולל יציאה עם נשק טעון לעבר יריב, ירי של לפחות שני כדורים באזור מגורים במודע ובמטרה להפחיד – נסיבות מחמירות משמעותית של סיכון חיי אדם והפרת שלום הציבור. לכן ליבת המסוכנות בתיק 2 גבוהה בהרבה.

5. **ישימות כתקדים**  
לצורכי קביעת רמת הענישה הראויה לעבירת ""החזקה/נשיאה/הובלה"" גרידא, תיק 1 יכול לשמש כתקדים רלוונטי חלקי בתיק 2 (ברף הנמוך יותר או כ""שכבת בסיס"" לעבירת הנשק עצמה). אולם כמסגרת ענישה כוללת לתיק 2, בשל הירי באזור מגורים על רקע סכסוך, בתי המשפט יראו בתיק 1 דוגמה פחות רלוונטית, שמבטאת רמת חומרה נמוכה בהרבה מהתיק השני. לפיכך הדמיון המהותי הוא בינוני בלבד ולא גבוה.

SIMILARITY_SCORE: 55","ok",""
"ME-16-10-12213-904","ME-16-01-189-123",3,1,1,"מוחמד ג'בארין, הנאשם שלפניי, הורשע על-סמך הודאתו, בעבירה של נשיאת נשק ותחמושת בניגוד לסעיף 144(ב) רישה וסיפה לחוק העונשין, התשל""ז - 1977 (להלן: ""חוק העונשין"").
חוק העונשין, תשל""ז-1977: סע'  29, 40ב, 40ג(א), 40ט, 144, 144(א), 144(ב), 287(א), 380, 40 יא, 40 יג(א), ב א'1 שבפרק ו'

הנאשם החזיק ברשותו ברכב מסוג סובארו, אשר היה רשום על-שם אחיו, מג'ד (להלן: ""הרכב"").

במהלך חודש ספטמבר 16', נשא והוביל הנאשם כלי נשק מאולתר מסוג ""קרל גוסטב"", שבתוכו מחסנית ריקה, מאזור מי-עמי ועד לבית אמו באום-אל-פחם, בו התגורר באותה עת (להלן: ""הבית""). בהגיעו לבית, עטף הנאשם  בחולצה לבנה את הנשק והמחסנית הריקה  והחביאם  מתחת לכיסא הנוסע שליד הנהג  ברכב, שחנה בסמוך לבית.

ביום 1 אוקטובר 16' בשעת אחר-צהריים, הזיז הנאשם את הרכב מפאת היותו בלתי תקין מאזור הבית ועד למוסך במורד הרחוב, כאשר כלי-הנשק והמחסנית הריקה מצויים בתוכו וכשבמכנסיו מצוי כדור 9 מ""מ התואם את הנשק. שוטרים, אשר הגיעו למקום וביצעו חיפוש ברכב מצאו בו את כלי-הנשק ואת המחסנית.","הנאשם הורשע על פי הודאתו, שניתנה במסגרת הסדר טיעון, בעובדות כתב-אישום מתוקן הכולל שני אישומים ומייחס לו את העבירות הבאות: קשירת קשר לסחר בסם מסוכן, לפי סעיף 13 + 19א לפקודת הסמים המסוכנים [נוסח חדש], תשל""ג-1973 (להלן: ""הפקודה""), יחד עם סעיף 499(א)(1) לחוק העונשין, התשל""ז-1977 (להן: ""החוק""); רכישת נשק, לפי סעיף 144(א) רישא לחוק; נשיאה והובלת נשק, לפי סעיף 144(ב) רישא לחוק.

בהתאם לעובדות האישום הראשון, עובר ליום 10.12.2015, קשר הנאשם קשר לסחור בסם מסוג אקסטזי, עם אדם בשם הילאל שזהותו אינה ידועה. הנאשם ביקש לקנות מאותו הילאל 20-30 כדורי אקסטזי. הילאל אמר לנאשם כי ימכור לו כל כדור ב-50 ₪, אך אם יקנה 100 כדורים, ימכור לו כל כדור ב-35 ₪.

בהתאם לעובדות האישום השני, ביום 13.12.2015 נסע הנאשם ברכבו דרך מחסום ""תאנים"" לטול-כרם. לאחר שהגיע לטול-כרם, קנה הנאשם נשק מסוג תת-מקלע מאולתר ""קרלו"", מחסנית ריקה תואמת, וקופסת תחמושת המכילה 50 כדורים מסוג 9 מ""מ. הנאשם החביא את הנשק והתחמושת בתוך דפנות הדלת הימנית הקדמית ברכב.

בהמשך, בשעה 21:25, נסע הנאשם חזרה אל המחסום על-מנת להיכנס לשטח מדינת ישראל, ושם נעצר על-ידי שוטרים שערכו חיפוש ברכב ומצאו את הנשק והתחמושת.",58.0,"1. סוג העבירה וחומרתה  
שני התיקים כוללים עבירת נשק לפי סעיף 144(ב) – נשיאה/הובלה של תת‑מקלע מאולתר מסוג ""קרלו/קרל גוסטב"" עם מחסנית ותחמושת 9 מ""מ, כך שמבחינת *סוג* עבירת הנשק יש חפיפה ברורה. עם זאת, בתיק 2 קיימות עבירות נוספות (קשירת קשר לסחר בסם, רכישת נשק) והיקף תחמושת גדול יותר, כך שמכלול החומרה בתיק 2 גבוה באופן משמעותי.

2. תפקיד הנאשם ומעורבותו  
בשני התיקים הנאשם הוא מבצע עיקרי של עבירת הנשק – הוא זה שמחזיק, נושא ומוביל את כלי הנשק ברכב שבשליטתו. עם זאת, בתיק 2 הנאשם הוא גם הרוכש של הנשק, יוזם נסיעה לטול‑כרם והמעורב בקשירת קשר לסחר בסמים – יוזמה עבריינית אקטיבית יותר מאשר בתיק 1, שבו מדובר בהחזקה/נשיאה בסביבה הביתית ללא רכישה או פעילות עבריינית נלווית.

3. שיטת הביצוע (MO)  
בשני התיקים הנשק הוא תת‑מקלע מאולתר מסוג דומה, מוחזק ברכב פרטי ומוסתר בו (מתחת לכיסא הנוסע לעומת בתוך דופן הדלת הקדמית). יחד עם זאת, בתיק 2 יש מאפיין מובהק נוסף של מעבר דרך מחסום רשמי מהרשות הפלסטינית לשטח ישראל, עם הסתרה מתוחכמת יותר המכוונת להטעיית כוחות הביטחון, בעוד שבתיק 1 ההסתרה וההובלה הן בתוך תחומי היישוב ובסביבה מוכרת.

4. נסיבות הליבה  
בתיק 1 מדובר בנשק אחד, מחסנית ריקה וכדור 9 מ""מ בודד, ללא ראיה לתכלית עבריינית קונקרטית נוספת, ללא חציית מחסום או גבול, וברכב בלתי תקין שהוזז למוסך. בתיק 2 יש רכישת נשק מעבר לקו התפר, מעבר במחסום, הסתרה בדפנות הרכב ותחמושת רבה (50 כדורי 9 מ""מ), בצירוף עבירת סמים – מכלול נסיבתי מחמיר יותר המעיד על תכנון ומסוכנות מוגברת.

5. ישימות כתקדים  
לצורך גזירת הדין בעבירת נשיאה/הובלת נשק, תיק 2 בהחלט יכול לשמש נקודת ייחוס עקרונית לתיק 1, שכן מדובר באותו סוג כלי נשק, באותה עבירה סטטוטורית, ובהחזקת הנשק ברכב באופן מוסתר. עם זאת, בית משפט יבחין בבירור בין הדרגות השונות של החומרה (רכישה, כמות תחמושת, חציית מחסום ועבירת סמים נלווית) ולכן השימוש בתיק 2 כתקדים לתיק 1 יהיה מוגבל ותוך הדגשת ההבדלים; הוא רלוונטי, אך לא ""אח תאום"" ענישתי.

SIMILARITY_SCORE: 58","ok",""
"SH-15-12-65958-120","ME-16-05-9983-155",2,0,1,"הנאשם, יליד 1984, הורשע על יסוד הודאתו, בעובדות כתב האישום מתוקן, בשלוש עבירות של החזקת נשק ותחמושת לפי סעיף 144 (א) רישא וסיפא לחוק העונשין התשל""ז-1977.

לפי עובדות כתב האישום, ביום 24.12.15, החזיק הנאשם בביתו בטייבה אקדח זיג זאוור טעון במחסנית ו-8 כדורי אקדח בקוטר 9 מ""מ. עוד החזיק במקום מסתור מעל ארון במטבח ביתו, נשק מאולתר מסוג קרלו טעון במחסנית ובה 15 כדורי 9 מ""מ. באותו מועד, החזיק הנאשם אקדח נוסף ושתי מחסניות האחת ריקה ואחת מלאה ב-6 כדורי אקדח בקוטר 7.65 בתוך קופסה בספרייה בביתו.","הנאשם הודה במסגרת הסדר טיעון חלקי שלא כלל הסכמה לגבי העונש בעבירה של החזקה ונשיאת נשק לפי סעיף 144(א) + (ב) לחוק העונשין, התשל""ז-1977. 

על פי האמור בכתב האישום המתוקן, במחצית הראשונה של אפריל 2016, קרוב משפחתו של הנאשם ושל אדם אחר רכש שלא כדין תת מקלע מאולתר ומחסנית תמורת 7,300 ₪. לאחר מכן הגיע קרוב המשפחה לשכונת מגוריו ויצר קשר עם הנאשם וביקש ממנו שיקח את הנשק לחזקתו ויחביא אותו. הנאשם הגיע, לקח את הנשק והובילו למקום מסתור, שם החזיק את הנשק והמחסנית כשבוע. ביום 19.4.16 פנה האחר לקרוב המשפחה וביקש לקבל את התת מקלע לידיו. קרוב המשפחה הסכים והודיע לאחר שעליו לקחת את התת מקלע מהנאשם. כאשר האחר הגיע בסמוך לביתו של הנאשם, הוא העביר לו את התת מקלע והמחסנית. לאחר שקיבל אותם, הוא הובילם לגג בית חברו, שם החזיק בהם בתוך תיק ללא רשות.",65.0,"1. סוג העבירה וחומרתה  
שני התיקים עוסקים בעבירות נשק לפי סעיף 144 לחוק העונשין, בגדר עבירות פשע חמורות של החזקת נשק חם. בתיק 1 מדובר ב""החזקה"" בלבד אך של שלושה כלי נשק ותחמושת רבה; בתיק 2 מדובר ב""החזקה ונשיאה"" של כלי נשק אחד (תת־מקלע), כך שהחומרה בתיק 1 נובעת מהריבוי והכמות, ובתיק 2 בעיקר מרכיב הנשיאה והסוג (תת־מקלע).

2. תפקיד הנאשם ומעורבותו  
בתיק 1 הנאשם משמש כגורם מרכזי המחזיק ""מחסן נשק"" בביתו, ללא ייחוס לאחרים, מה שמעיד על שליטה ישירה ומעמד דומיננטי בהחזקה. בתיק 2 הנאשם הוא חוליה בשרשרת – מחזיק עבור קרוב משפחה ולאחר, עם תפקיד של שומר/מוסר, אם כי מעורבותו אקטיבית (לקיחה, הסתרה והעברה).

3. שיטת הביצוע (MO)  
בתיק 1 השיטה היא אחסון והסתרה של מספר כלי נשק ותחמושת במקומות מסתור בתוך הבית, ללא תנועה החוצה. בתיק 2 השיטה כוללת קבלת נשק לאחר רכישה בלתי חוקית, הובלתו למקום מסתור, החזקתו לזמן קצוב ומסירתו לאדם אחר – דפוס של לוגיסטיקה בשרשרת סחר. המשותף הוא החזקת נשק חם בלתי חוקי והסתרתו, אך המבנה בתיק 2 דינמי ו""עסקי"" יותר.

4. נסיבות הליבה  
בתיק 1 יש חומרה בכמות: שני אקדחים ותת־מקלע מאולתר (""קרלו"") ותחמושת רבה, החזקה בתוך ביתו של הנאשם, ללא אינדיקציה לזמן אך ברצף אחד. בתיק 2 מדובר בתת־מקלע מאולתר אחד ומחסנית, החזקה כשבוע, אך עם נשיאה בפועל והעברה לאדם אחר, כחלק משרשרת רכישה לא חוקית; אין בשני התיקים שימוש בפועל או נשק בהקשר של סכסוך אלים/טרור, מה שמעמיד אותם באותה משפחת חומרה, עם איזון: ריבוי כלים בתיק 1 מול נשיאה ו""שרשרת"" בתיק 2.

5. ישימות כתקדים  
בתי משפט יראו בשני התיקים מקרים מאותה תבנית נורמטיבית – החזקת נשק חם בלתי חוקי, כולל נשק אוטומטי מאולתר – וישתמשו זה בזה להשוואת רמות ענישה, במיוחד בשאלות משקל של סוג הנשק (תת־מקלע/קרלו), משך החזקה וריבוי כלים. עם זאת, ההבדלים בתפקיד הנאשם (מחסן מרכזי לעומת חוליה בשרשרת), במספר כלי הנשק וברכיב הנשיאה מצמצמים את ערך התקדים למידת רלוונטיות בינונית, לא זהות גבוהה.

SIMILARITY_SCORE: 65","ok",""
"ME-18-04-19642-504","ME-16-07-45228-25",1,0,0,"הנאשם הורשע, על פי הודייתו, בעבירות נשק בנוגע לאירוע שהתרחש ביער הסמוך לכפר קרע ביום 1.4.18.

בגין מעשיו אלה, הורשע הנאשם בנשיאת והובלת נשק, לפי ס' 144(א) רישא+סיפא וכן 144(ב) רישא+סיפא לחוק העונשין, תשל""ז – 1977; וכן במעשי פזיזות ורשלנות, לפי ס' 338(א)(5) לחוק.

על פי עובדות כתב האישום המתוקן והסכמות הצדדים שתוצגנה להלן, במהלך החודשים שקדמו לאירוע נושא כתב האישום ושהתרחש ביום 1.4.18 (להלן: יום האירוע), היתה ר.ק. (להלן: גם המתלוננת) חברתו של הנאשם. כשבועיים לפני יום האירוע התגלע בין השניים סכסוך.

ביום האירוע בסביבות השעה 17:00, הגיע הנאשם ברכבו ליער הסמוך לכפר קרע (להלן: היער) כשהוא נושא עמו אקדח מסוג FN בקוטר 9 מ""מ, שתי מחסניות ולא פחות מ 40 כדורים. על רקע הסכסוך עם ר.ק. הוא ביקש ממנה להגיע ליער ולאחר שהגיעה לשם ברכבה, ישבו השניים על האדמה בסמוך לרכבה של ר.ק. ושוחחו אודות מערכת היחסים ביניהם.

במהלך השיחה לעיל, אמר הנאשם לר.ק., בין היתר, את המשפטים הבאים: ""תגידי איפה היית, תתוודי איפה היית, איפה היית, עכשיו אני אגמור אותך פה""; ""באמא שלי אני אגמור עלייך עכשיו""; ""אגמור עלייך ועל אמא שלך ועל אבא שלך ועל האחים שלך ואחרי זה אני אכנס לכלא, אין לי בעיה"". בנוסף, במהלך השיחה לעיל שלף הנאשם את האקדח ממכנסיו, הראה אותו לר.ק. וירה, לסירוגין, 11 יריות באוויר.

באותה העת, הגיעו ליער 3 שוטרים בניידת וכשהתקרבו למקום בו ישבו ר.ק והנאשם, קם האחרון, רץ לעבר רכבה של ר.ק. כשהאקדח ברשותו, התיישב בכיסא הנהג וביקש ממנה שתאמר לו מה הקוד להתנעת הרכב על מנת להימלט מהשוטרים. כמו כן השליך הנאשם את האקדח מתחת למושב הרכב. השוטרים הורו לנאשם לצאת מהרכב והנאשם עשה כן.

בנוסף לעובדות כתב האישום המתוקן, הצדדים הסכימו (ר' הודעת הצדדים על פרטי הסדר הטיעון, עמ' 10 שורות 18-20 לפרוטוקול), כי במהלך האירוע היה הנאשם תחת השפעת משקאות אלכוהוליים. כמו כן הורשה הנאשם לטעון (בעוד המאשימה ציינה כי לא ניתן לסתור זאת), כי הנאשם אינו זוכר את כל פרטי האירוע.","על מעשיו הללו הוא הורשע בעבירה של נשיאת נשק שלא כדין, לפי סעיף 144(ב)(רישא וסיפא) לחוק העונשין, התשל""ז-1977 (להלן: ""חוק העונשין"").

מחמוד ג'בארין, הנאשם שלפניי, נותן את הדין על מעשה עבירה, שאותו ביצע ביום 19.7.16 עת שהה בסמוך לבית דודו בכפר זלפה בשעת ליל. הוא נתפס אותה עת כשהוא נושא על גופו אקדח מסוג FN, טעון במחסנית ובה עשרה כדורי אקדח בקוטר 9 מ""מ. שוטרים הגיעו אל סמוך לבית באותה שעה וכשהבחין בהם, הנאשם החל מתרחק מהם בהליכה מהירה. השוטרים דלקו אחריו; הוא נמלט מהם בריצה לתוך הבית. בבית, נכנס הנאשם לאחד מחדרי הבית והסליק את הנשק, המחסנית והכדורים מתחת לשמיכה שהיתה מונחת על מזרן בחדר.",40.0,"1. **סוג העבירה וחומרתה**  
   בשני התיקים מדובר בעבירות נשק לפי סעיף 144 לחוק העונשין, ובכך יש חפיפה עקרונית בסוג העבירה. עם זאת, בתיק 1 מיוחסות גם נשיאת והובלת נשק, ירי בפועל ומעשי פזיזות ורשלנות, תוך הקשר אלים ופוגעני כלפי מתלוננת – מה שמעלה משמעותית את רמת החומרה ביחס לתיק 2, שבו מדובר בהחזקה/נשיאה בלבד ללא שימוש.  

2. **תפקיד הנאשם ומעורבותו**  
   בשני התיקים הנאשם הוא בעל הנשק בפועל, לא ""חייל"" בעסקת נשק ולא סוחר – כלומר מעורבות ישירה ועצמאית בעבירת הנשק. עם זאת, בתיק 1 הנאשם עושה שימוש אקטיבי בנשק במסגרת סכסוך זוגי ומאיים על חיי המתלוננת; בתיק 2 תפקידו מתמצה בנשיאה והסתרה של האקדח בעת הגעת המשטרה, ללא שימוש בו מול אדם כלשהו.  

3. **שיטת הביצוע (MO)**  
   בתיק 1 יש דפוס מתוכנן יותר: הזמנה יזומה של המתלוננת ליער, נשיאת אקדח עם תחמושת רבה, שילוב של איומים מפורשים וירי של 11 כדורים באוויר, תוך ניסיון להימלט באמצעות רכבה. בתיק 2 מדובר בנשיאה ""סטטית"" יחסית של נשק על הגוף בסמוך לבית המשפחה, ללא סכסוך קונקרטי, כשהתגובה היא הימלטות מהשוטרים והסלקת הנשק – דפוס אופייני לעבירת נשק ""יבשה"" ולא לעבירת נשק בהקשר אלים בין-אישי.  

4. **נסיבות הליבה**  
   בשני התיקים מדובר באקדח מסוג FN בקוטר 9 מ""מ ותחמושת (10 לעומת כ-40 כדורים), כך שיש דמיון בכלי עצמו. אולם בתיק 1 הנסיבות מחמירות בהרבה: סכסוך זוגי, איומי הרג מפורשים, ירי בפועל, הימצאות תחת השפעת אלכוהול, סכנה קונקרטית לסביבה ולמתלוננת; בתיק 2 אין ירי, אין נפגעים, אין מתלונן ספציפי ואין הדלחה של אלימות – רק סיכון מובנה הנובע מעצם נשיאת הנשק והניסיון להסתירו.  

5. **ישימות כתקדים**  
   שני התיקים שייכים לאותה ""משפחת עבירות"" של נשיאת נשק, ולכן עשויים לשמש זה את זה כנקודת ייחוס כללית לרמת ענישה בסיסית בעבירות נשק. עם זאת, בית המשפט יראה בתיק 1 מקרה חמור ומוחמר משמעותית ביחס לתיק 2, שנמצא בליבת עבירת הנשק ללא שימוש; לפיכך, תקדימיותו של כל אחד ביחס לשני מוגבלת – תיק 1 כ""רף עליון"" ותיק 2 כ""רף בסיסי"" – אך הם אינם ""תיקים תאומים"" לענישה.  

SIMILARITY_SCORE: 40","ok",""
"ME-15-03-29911-554","ME-16-02-18397-87",1,0,0,"הנאשם הורשע ביום 2.7.15, על פי הודאתו בעובדות כתב האישום, בביצוע עבירות בנשק, עבירות  לפי סעיף 144(א) רישא וסיפא וסעיף 144(ב) רישא וסיפא לחוק העונשין, התשל""ז- 1977 (להלן: ""חוק העונשין"").

בכתב האישום נגד הנאשם נטען, כדלקמן: ביום 5.3.15 בשעות הערב בפוריידיס, החזיק ונשא הנאשם, בלא רשות על פי דין, אקדח מסוג ""יריחו"" (להלן: ""האקדח"") ובו מחסנית התואמת לאקדח שהכילה כדורים  (להלן: ""הנשק""). באותו מועד, סמוך לשעה 19:00 , ירה הנאשם ,באמצעות האקדח, מספר רב של כדורים בשטח חווה שבבעלותו, הממוקמת בשדות פוריידיס. בהמשך, כשהוא מחזיק ונושא בנשק שלא כדין, עזב הנאשם את החווה ברכב יחד עם אדם נוסף שזהותו אינה ידועה למאשימה, כאשר האחר נוהג ברכב והנאשם יושב לצדו. הנאשם והאחר נסעו ברחבי פוריידיס לכיוון ביתו של הנאשם ובמהלך הנסיעה, בשכונות מגורים, ירה הנאשם, באמצעות האקדח, מספר רב של כדורים. סמוך לשעה 19:14,ליד מגרש בית הספר התיכון בפוריידיס, הנמצא בתוך שכונת מגורים, עקפו הנאשם והאחר ברכבם רכב אחר שנסע לפניהם בכביש. מיד לאחר מכן ותוך כדי נסיעה, ירה הנאשם, באמצעות האקדח, שני כדורים נוספים מתוך הרכב. בהמשך למתואר לעיל, חזר הנאשם לחווה וממנה המשיך למקום סמוך, כשהוא מחזיק ונושא שלא כדין באקדח דרוך ומוכן לירי ובתוכו מחסנית ובה 12 כדורים. כמו כן, החזיק הנאשם מחסנית נוספת התואמת לאקדח, קופסא המכילה 20 כדורים נוספים ו- 24 כדורים נוספים המהווים תחמושת ואביזר של כלי נשק שבכוחם להמית אדם.","הנאשם הורשע על פי הודאתו בביצוע עבירות של עבירות בנשק (נשיאה והובלה), לפי סעיף 144(ב) רישא וסיפא לחוק העונשין, התשל""ז- 1977 (להלן: ""חוק העונשין""), נהיגה ללא רישיון לפי סעיפים 10(א) לפקודת התעבורה [נוסח חדש], התשכ""א – 1961 (להלן: ""פקודת התעבורה""), נהיגה ללא ביטוח לפי סעיף 2(א)(ב) לפקודת ביטוח רכב מנועי [נוסח חדש], תש""ל – 1970 וללא רישיון רכב לפי סעיף 2 לפקודת התעבורה.

הנאשם הטמין אקדח מתחת למושב קטנוע שברשותו, שם בכיסו כדורים לרובה, ונהג בקטנוע ללא רישיון נהיגה, ללא ביטוח וללא רישיון רכב תקף. מעט לפני הכניסה לכפר דבוריה, הבחין הנאשם בשני שוטרים שמבצעים בדיקת רישיונות שיגרתית. הנאשם ביצע פניית פרסה, השוטרים נסעו אחריו עד שהשיגו אותו, ביקשו ממנו לפתוח את התא של האופנוע אך הוא סירב. בחיפוש על גופו נמצאו כדורי הרובה ובתא שמתחת לכיסא הקטנוע, מצאו את הנשק. הנשק נמצא לא תקין, שכן לצורך הפעלתו יש להוסיף חלק פנימי שחסר, שבלעדיו לא ניתן לבצע ירי.",35.0,"1. סוג העבירה וחומרתה  
שני התיקים עוסקים בעבירות בנשק לפי סעיף 144(ב) לחוק העונשין, כך שיש חפיפה נורמטיבית בסיסית. עם זאת, תיק 1 כולל גם החזקה לפי 144(א) ושימוש בפועל בירי מרובה באזורים מיושבים, מה שמציב אותו ברמת חומרה גבוהה משמעותית ביחס לתיק 2, שבו מדובר בנשיאה/הובלה בלבד, ללא שימוש.

2. תפקיד הנאשם ומעורבותו  
בשניהם הנאשם הוא המחזיק והנושא העיקרי של הנשק, ולא ""שליח תמים"" או דמות שולית – בשני המקרים מדובר באחריות ישירה. אולם בתיק 1 הנאשם הוא גם היורה בפועל, יוזם ומבצע של מעשי הירי; בתיק 2 תפקידו מתמצה בהובלה והסתרת הנשק, ללא שימוש אקטיבי בו.

3. שיטת הביצוע (MO)  
בתיק 1 השיטה היא של נשיאת נשק טעון ומוכן לירי, שימוש בו בשטח פתוח ואז ""מסע ירי"" תוך כדי נסיעה ברכב בשכונת מגורים, כולל בסמוך לבית ספר – דפוס אלים, גלוי ומסוכן לציבור. בתיק 2 מדובר בהטמנת האקדח מתחת למושב קטנוע, נשיאת תחמושת בכיס, ניסיון התחמקות מבדיקת משטרה וסירוב לפתוח תא – דפוס של הסתרה והימנעות מגילוי, ללא ירי. המשותף מצומצם למוביליות (רכב/קטנוע) והחזקה מוסלקת של אקדח.

4. נסיבות ליבה  
תיק 1: אקדח תקין, דרוך, שתי מחסניות, קופסת כדורים וכדורים נוספים – כמות תחמושת ניכרת, ירי של ""מספר רב של כדורים"" בשטח חקלאי ואחר כך בשכונת מגורים, סמוך לבית ספר ותוך כדי נסיעה; נסיבות מחמירות מאוד של סיכון חיי אדם ותכנון מסוים (הצטיידות בתחמושת רבה). תיק 2: אקדח לא תקין שאינו מסוגל לירות ללא חלק חסר, ללא שימוש, ללא איומים, ללא פגיעה; נסיבות מקלות מבחינת מידת הסיכון הממשי לחיי אדם, אם כי יש נסיבות מחמירות יחסית של נהיגה ללא רישיון/ביטוח והתחמקות משוטרים.

5. ישימות כתקדים  
לתיק 1 עשויה להיות רלוונטיות מסוימת לתיק 2 רק ברמת העיקרון הכללי של חומרת עבירות נשק והחובה להחמיר בענישה, אך כתקדים ענישתי קונקרטי הפער בעובדות (ירי רב לעומת הובלה נסתרת של נשק לא תקין) גדול, ובית משפט צפוי להבחין ברור בין המקרים. תיק 2 יכול לכל היותר לשמש נקודת השוואה לקצה הנמוך יותר של סקאלת הענישה בעבירות נשק, ותיק 1 לקצה גבוה בהרבה – אך הם אינם ""דומים מהותית"" במידה שתצדיק הישענות ענישתית ישירה.

SIMILARITY_SCORE: 35","ok",""
"ME-16-11-69158-529","ME-16-01-3772-806",3,1,1,"הנאשם הורשע בהתאם להודאתו בעובדות כתב האישום המתוקן בעבירות כדלקמן:

נשיאת נשק ותחמושת, עבירה לפי סעיף 144 (ב) רישא וסיפא בחוק העונשין, תשל""ז – 1977 (להלן: ""החוק"").

ירי באזור מגורים, עבירה לפי סעיף 340 א' בחוק.

עלי־פי המתואר בעובדות כתב האישום המתוקן, עובר לתאריך 23.11.16 טמן הנאשם באדמה, סמוך לביתו בטייבה תיק בד ובו נשק תת־מקלע מסוג ""קרלו"" (קרל גוסטב) (להלן: ""הנשק""), יחד עם מחסנית ותחמושת מסוג 9 מ""מ (להלן: ""התחמושת""). בתאריך 23.11.16 הוציא הנאשם את התיק, הכניסו לרכבו ובשעה 21:00 לערך הגיע ברכבו לאירוע משפחתי ברחבת בית משפחת ג'בארה בטייבה, שם הנאשם הוציא את הנשק והתחמושת מהרכב, ניגש לחצר הבית, כיוון את הנשק כלפי מעלה, וירה צרור כדורים. לאחר שסיים לירות, ניגש הנאשם לרכבו, החביא בו את הנשק מתחת למושב הנהג, ואת התחמושות החביא בתוך שקית מתחת למושב הסמוך למושב הנהג ברכב.","הנאשם הורשע על פי הודייתו בעובדות כתב אישום אשר תוקן, במסגרת הסדר טיעון, בעבירות של החזקת נשק שלא כדין, לפי סעיפים 144(א) (רישא + סיפא) + 144(ג) + 29 לחוק העונשין, תשל""ז – 1977 (להלן: ""חוק העונשין""), ונשיאת והובלת נשק שלא כדין, לפי סעיפים 144(ב) (רישא + סיפא) + 144(ג) לחוק העונשין. הסדר הטיעון לא כלל הסכמה לגבי העונש.

בעובדות כתב האישום המתוקן (להלן: ""כתב האישום"") נאמר כי בין הנאשם למחמד ג'בארין (להלן: ""מחמד""), תושב כפר סאלם, ישנה היכרות מוקדמת. במהלך שנת 2009, החזיקו הנאשם ומחמד, בצוותא חדא, רובה MP5, שהינו נשק שסוגל לירות כדור שבכוחו להמית אדם, וכן מחסנית וכדורים, בלא רשות על פי דין להחזקתם.

בשנת 2011, או בסמוך לה, החזיקו הנאשם ומחמד, בצוותא חדא, בלא רשות על פי דין, תת מקלע מאולתר, שהינו נשק שסוגל לירות כדור שבכוחו להמית אדם, וכן מחסנית וכדורים. במהלך שנת 2011 הוביל ונשא הנאשם את תת המקלע המאולתר, המחסנית והכדורים למקום המכונה ""אלרוחה"", שם ירה באמצעות תת המקלע המאולתר כ-20 כדורים.

הנאשם ומחמד החזיקו בצוותא חדא בתת המקלע המאולתר והמחסנית במטע זיתים במעאוויה, בלא רשות על פי דין להחזקתם, עד ליום 20.12.15, אז נתפס תת המקלע המאולתר על ידי המשטרה, בסמוך לביתו של הנאשם.",68.0,"1. סוג העבירה וחומרתה  
שני התיקים עוסקים בעבירות נשק חמורות לפי סעיף 144 לחוק – החזקה/נשיאה של כלי ירייה אוטומטיים (תת־מקלע/MP5). בתיק 1 מתווספת עבירה ייחודית של ירי באזור מגורים (ס' 340א), בעוד שבתיק 2 החומרה נובעת מריבוי עבירות, משך זמן ארוך של החזקה ונשיאה, ושני כלי נשק שונים. בסך הכול, שניהם באותה ""משפחת חומרה"", אך הדגשים שונים – בתיק 1 דגש על סיכון הציבור בעיר, בתיק 2 על החזקה ממושכת וריבוי נשקים.

2. תפקיד הנאשם ומעורבותו  
בשני התיקים הנאשם הוא מבצע ישיר ועיקרי, לא דמות שולית – הוא זה שנושא, מסתיר ויורה בנשק. בתיק 2 יש שותפות בצוותא חדא עם מחמד לאורך שנים, המצביעה על מעמד יותר ""בעלים/מחזיק קבוע"" של נשק, לעומת תיק 1 המתאר אירוע נקודתי אחד ללא שותפים. רמת המעורבות הממשית בשימוש בנשק דומה, אך בתיק 2 ניכרת מעורבות מערכתית ויציבה יותר.

3. שיטת הביצוע (MO)  
בשני המקרים מדובר בתת־מקלע אוטומטי המוסתר בסמוך לבית/מגורי הנאשם (קבורה ליד הבית בתיק 1, מטע זיתים סמוך לבית בתיק 2), נשלף בעת הצורך, נישא למקום מרוחק יותר, ונורה ממנו מטח ירי. עם זאת, בתיק 1 הירי נעשה במסגרת אירוע משפחתי באזור מגורים, ואילו בתיק 2 הירי נעשה באזור פתוח (""אלרוחה"") ויותר כירי ניסוי/אימון. המאפיינים הטכניים והשימושיים דומים, אך סביבת הירי והקונטקסט שונים.

4. נסיבות הליבה  
תיק 1 מתאר אירוע יחיד, קצר, של ירי צרור באוויר באזור מגורים – נסיבה מחמירה בשל הסיכון הישיר לציבור, אך ללא תיאור של החזקה ממושכת או מטרה פלילית נוספת. תיק 2 כולל החזקה ממושכת של שני כלי נשק אוטומטיים לאורך שנים, ירי של כ־20 כדורים באזור לא מיושב, והסתרת הנשק במטע עד לתפיסתו – חומרה מצטברת על פני זמן, אך ללא אלמנט מפורש של ירי בסביבה אזרחית צפופה. בשניהם אין תיאור של שימוש לצורך פיגוע/סכסוך חמולתי/עברייני קלאסי, אלא ""ירי לשם ירי"".

5. ישימות כתקדים  
לבית משפט הדן בתיק נשק הכולל גם ירי בפועל יהיה רלוונטי להיעזר בשני התיקים כנקודת ייחוס, שכן שניהם עוסקים בתת־מקלע, בהסתרה, בנשיאה ובירי חי. עם זאת, תיק 1 יתאים יותר כתקדים למקרים של ירי באזור מגורים חד־פעמי; תיק 2 יתאים יותר כתקדים להחזקה ממושכת וריבוי כלי נשק, כאשר הירי אינו בסביבה עירונית. לכן השימוש ההדדי כתקדים הוא בינוני–מוגבל: רלוונטי למשטר הענישה הכללי בעבירות נשק אוטומטי עם ירי, אך לא ""מקרה מראה"" זהה.

SIMILARITY_SCORE: 68","ok",""
"ME-17-02-54432-484","ME-16-05-25902-514",3,1,1,"הנאשם, יליד 1996, הורשע על פי הודאתו בעובדות כתב האישום המתוקן שסומן באות א', במספר עבירות של החזקה ונשיאת נשק, לפי סעיפים 144(א) רישא וסיפא ו- 144(ב) רישא וסיפא לחוק העונשין, תשל""ז-1977 (להלן: ""חוק העונשין"").

במסגרת הסדר טיעון, הוגש כתב אישום מתוקן בעובדותיו הודה הנאשם והורשע בעבירות המפורטות לעיל.

הנאשם מתגורר בביתו שנמצא בכפר קאסם (להלן: ""הבית"").

סמוך לפני יום 22.02.16 באופן שאינו ידוע למאשימה, הנאשם השיג אקדח מסוג ברטה מס.ד 	82233 (להלן: ""האקדח"") ביחד עם מחסנית תואמת שבה 7 כדורים 0.22 מ""מ (להלן: 	""המחסנית""). האקדח הינו כלי שסוגל לירות כדור שבכוחו להמית אדם.

מאז ועד יום 16.02.17, הנאשם החזיק באקדח ובמחסנית סמוך לביתו ובמשך מספר חודשים עד ליום 16.02.17 נשא אותם פעמים רבות מאוד, למקומות אליהם הלך או נסע.

ביום 16.02.17, בשעות הצהריים, הנאשם נסע מכפר קאסם אל נהריה, ברכב מסוג מאזדה (להלן: ""הרכב""), בו נהג חברו אחמד עיסא כשלנסיעה הצטרף גם עותמאן עיסא ומגארי יאסין. במהלך הנסיעה הנאשם החזיק באקדח ובמחסנית ונשא אותם עמו.

באותו יום, סמוך לפני השעה 16:00, בצומת הרחובות הגעתון והרצל בנהריה, שוטרים עצרו את הרכב לבדיקה. באותה העת, הנאשם אחז בידו את האקדח כשהוא טעון במחסנית ובה הכדורים ומשהבחין בשוטרים הכניס את האקדח הטעון לתחתוניו. מיד לאחר מכן, האקדח והמחסנית נתפסו על ידי המשטרה.","הנאשם הודה במסגרת הסדר טיעון בעובדות כתב אישום מתוקן והורשע על סמך הודאתו בעבירות של נשיאת נשק, עבירה לפי סעיף 144(ב) רישא וסיפא לחוק העונשין, התשל""ז-1977 ובעבירה של החזקת נשק, עבירה לפי סעיף 144(א) רישא וסיפא לחוק.

על פי עובדות כתב האישום המתוקן, ביום 31.12.13 נגנב אקדח מסוג ברטה מספר סידורי 682663 (להלן: ""האקדח"") מביתו של דינו תמאם.

במהלך חודש פברואר 2016 , במועד מדויק שאינו יודע למאשימה, רכש הנאשם את האקדח והחזיק בו במקלט ביתו בקלנסוואה וכן החזיק מחסנית ובה 7 כדורים.

למן חודש פברואר 2016 ועד ליום 8.5.16, בימים בהם יצא הנאשם לעבודתו בשעת בוקר מוקדמת, נהג הנאשם לשאת עמו את האקדח ואת המחסנית לעבודתו.

ביום 8.5.16 , בסמוך לשעה 06:00 , נשא הנאשם את האקדח ובתוכו המחסנית על גופו מתחת לבגדיו.",85.0,"1. סוג העבירה וחומרתה  
בשני התיקים מיוחסות בדיוק אותן עבירות לפי סעיפים 144(א) ו‑144(ב) רישא וסיפא – החזקת נשק ונשיאת נשק, באקדח עם מחסנית וכדורים. החומרה הנורמטיבית (רמת העונש המקסימלי והליבה הערכית של העבירות) כמעט זהה, ללא עבירות נלוות אחרות (כגון שימוש, סחר או ירי).

2. תפקיד הנאשם ומעורבותו  
בשני המקרים הנאשם הוא ""מחזיק ונושא"" של נשק יחיד לצרכיו, ולא חוליה בשרשרת סחר או הפצה. בשני התיקים אין דמות ""מארגן"" מעליו, אלא הנאשם עצמו הוא בעל השליטה המלאה בנשק – מעורבות דומה מאוד מבחינת דרגת האקטיביות והאחריות.

3. שיטת הביצוע (MO)  
בשני התיקים הנאשם משיג אקדח (ברטה) עם מחסנית ובה 7 כדורים, מחזיק אותו בביתו ונושא אותו על גופו באופן מוסווה ביציאות שגרתיות (לעבודה/לנסיעה). בשני המקרים מדובר בנשיאת נשק טעון, מוסתר מתחת לבגדים, ללא שימוש בו בפועל – דפוס פעולה כמעט זהה.

4. נסיבות הליבה  
בשני המקרים מדובר באקדח בודד מסוג דומה וכמות זהה של תחמושת, ללא ירי, ללא איום, וללא זיקה מובהקת לאירוע פלילי אחר. בתיק 1 תקופת ההחזקה והנשיאה ארוכה יותר (""חודשים רבים"", ""פעמים רבות מאוד"") ויש גם ניסיון אקטיבי להסתרה בעת מפגש עם שוטרים – נסיבות מעט מחמירות ביחס לתיק 2, שבו הנשיאה ממוקדת לנסיעות לעבודה ולפרק זמן קצר יותר. מנגד, בתיק 2 מדובר באקדח גנוב שנרכש, מה שעלול להיתפס כנסיבה מחמירה מסוימת, אף שלא יוחסה עבירה נפרדת על כך.

5. ישימות כתקדים  
מבחינת ענישה, בית משפט צפוי לראות בשני התיקים מקרים דומים מאוד של החזקת ונשיאת אקדח טעון, ללא שימוש בפועל, כאשר ההבדלים העיקריים הם בעיקר במידת הריבוי והמשך הזמן. לפיכך, כל אחד מהתיקים יכול לשמש תקדים רלוונטי וישיר לשני לצורכי גזירת העונש, תוך התאמות מסוימות לנסיבות הייחודיות בכל תיק.

SIMILARITY_SCORE: 85","ok",""
"SH-17-10-10556-234","ME-09-06-10774-130",2,0,1,"הנאשם שלפני הורשע, על פי הודאתו במסגרת הסדר טיעון, בעבירות של החזקת נשק, על פי סעיף 144(א) רישא לחוק העונשין תשל""ז – 1977, והחזקת אביזר נשק לתחמושת, לפי סעיף 144(א) סיפא לחוק האמור.

עובר ליום 28/08/2017 החזיק הנאשם באקדח ובתוכו מחסנית ובה 10 קליעים בקוטר 8 מ""מ. האקדח היה בבעלותו של אחר והוחזק על ידי הנאשם בתוך שקית בחצר הסמוכה לביתו. עוד במועד האמור החזיק הנאשם באקדח ובתוכו מחסנית לא טעונה. הנאשם החזיק את האקדח בתוך כפפה מתחת למזרון בתוך ערימת זבל, במרחק של כ-100 מטרים מביתו.","הנאשם הורשע על פי הודאתו בעבירות של החזקת ונשיאת נשק שלא כדין, עבירות לפי סעיפים 144(א) + (ב) לחוק העונשין.

על פי עובדות כתב האישום החזיק הנאשם נשק, אקדח מסוג ברטה, בעת שנסע עם אחר ברכב באזור כפר מושרייפה.",70.0,"1. סוג העבירה וחומרתה  
שני התיקים עוסקים בעבירות לפי סעיף 144 לחוק העונשין – החזקת נשק שלא כדין, ובשניהם מדובר באקדח יחיד. בתיק 1 יש החזקת נשק ואביזר תחמושת (מחסנית וקליעים), ואילו בתיק 2 יש החזקה ונשיאה (שנחשבת מחמירה יותר מהחזקה ""סטטית""). מבחינת סוג העבירה – יש חפיפה גבוהה; מבחינת מדרג חומרה – תיק 2 מעט חמור יותר בגלל רכיב ה""נשיאה"".

2. תפקיד הנאשם ומעורבותו  
בשני התיקים הנאשם הוא ""המחזיק הישיר"" בנשק, לא שליח צדדי ולא חוליה בשולי שרשרת סחר. בתיק 1 הוא מחזיק ומחביא נשק (ששייך לאחר) בסמוך לביתו; בתיק 2 הוא מחזיק נשק כשהוא נוסע ברכב עם אחר. בשני המקרים יש מעורבות ישירה ואקטיבית בהחזקת הנשק, ללא ריחוק או פסיביות.

3. שיטת הביצוע (MO)  
בתיק 1 הדגש הוא על החזקת נשק מוסתר במרחב ""סטטי"" – בחצר הסמוכה לבית, ובמקום נוסף מוסתר (כפפה מתחת למזרון בערימת זבל), דפוס של אחסון/הסלקה. בתיק 2 הנשק מוחזק בזמן נסיעה ברכב – דפוס של תנועה/נשיאה במרחב ציבורי. יש דמיון בסיסי (אקדח לא חוקי ברשות הנאשם), אך דפוס ההסלקה בבית לעומת נשיאה ברכב יוצר הבדל מהותי באופן המימוש.

4. נסיבות הליבה  
בתיק 1 מצוינת מחסנית עם 10 קליעים (תחמושת, שמגבירה את המסוכנות), והאקדח שייך לאחר ומוסתר במספר נקודות – יש אלמנט של הכנה והסתרה, אך לא מתוארת יציאה למרחב ציבורי עם הנשק. בתיק 2 אין פירוט לגבי תחמושת, אבל עצם הנשיאה ברכב באזור מיושב מגלמת פוטנציאל מיידי יותר לשימוש ולמסוכנות לציבור. בשני המקרים מדובר באקדח בודד, ללא שימוש בפועל, ללא אירוע ירי או סכסוך נלווה – כך שמדובר ב""טווח האפור"" של עבירות נשק ""יבשות"" יחסית.

5. ישימות כתקדים  
שני התיקים רלוונטיים זה לזה לצורכי ענישה כפסיקה בעבירות ""בסיסיות"" של החזקת אקדח שלא כדין, ללא נסיבות מחמירות קיצוניות (ירי, סכסוך עברייני מאורגן, כמות נשק גדולה וכו'). יחד עם זאת, בית משפט יצטרך להבחין בין החזקה סטטית עם תחמושת (תיק 1) לבין החזקה + נשיאה ברכב (תיק 2), ולכן השוואה לא תהיה ""אוטומטית"" ותצריך התאמות במדרג הענישה. בסך הכול, מדובר בתקדים ענייני רלוונטי, אך לא זהה.

SIMILARITY_SCORE: 70","ok",""
"sh-10-05-7434-952","ME-21-10-18557-340",1,0,0,"הנאשם, איגור בן סמיון סבובסקי, יליד 1961, הורשע ביום 17.6.10 על-פי הודייתו בכתב אישום המייחס לו שתי עבירות של החזקת נשק לפי סעיף 144(א) לחוק העונשין, תשל""ז-1977.

לפי העובדות המפורטות בכתב האישום, ביום 14.4.10 נמצא מחזיק בדירתו ברחוב אורלנסקי 11 בפתח תקווה שני כלי נשק ללא רשות על פי דין: אקדח ""ברטה"" חצי אוטומטי ואקדח ""לאמה"" חצי אוטומטי (להלן: ""שני האקדחים"").","הנאשם שלפניי הורשע, על פי הודאתו במסגרת הסדר טיעון בעובדות כתב אישום מתוקן, בביצוע העבירות הבאות: עבירות בנשק (החזקה, הובלה ונשיאה) - עבירה לפי סעיף 144(א) רישא וסיפא + סעיף 144(ב) רישא וסיפא לחוק העונשין, התשל""ז-1977 (להלן: ""החוק""), וכן ירי מנשק חם - עבירה לפי סעיף 340א(ב)(1) ו-(2) לחוק.

על פי עובדות כתב האישום המתוקן, אשר עיקרן יובא להלן, הנאשם וג'יהאד סואעד (להלן: ""ג'יהאד"") הם מכרים. הנאשם ו- א' (להלן: ""א'"") הם מכרים וביניהם קיים סכסוך.

במהלך יום 16.9.2021, הנאשם החזיק בנשק מסוג תת מקלע מאולתר אשר סוגל לירות כדור / קלע ובכוחו להמית אדם, וכן במחסנית ולכל הפחות בשני כדורים תואמים לתת המקלע בקליבר 9 מ""מ (להלן יחד: ""הנשק""), זאת בלא רשות על פי דין. עובר לשעה 19:00, הנאשם הניח את הנשק שהיה טעון במחסנית ובכדורים ברכבו מסוג מאזדה בצבע כחול (להלן: ""הרכב"").

סמוך לשעה 19:00, בכפר אבו סנאן, הנאשם נסע ברכב כשהוא נושא ומוביל את הנשק. הוא הגיע אל ביתו של ג'יהאד אשר התיישב במושב הנהג והנאשם התיישב במושב הנוסע לידו, כשהנשק ברשותו. השניים נסעו בכפר אבו סנאן כשהנאשם נושא ומוביל את הנשק, בסיועו של ג'יהאד. במהלך הנסיעה, הגיעו השניים לרחוב בו נמצא עסק לחומרי בניין. במקום היה א' כשהוא יושב במאזדה לבנה (להלן: ""המאזדה"") במושב הנוסע ליד הנהג, ומכרו מוחמד פעאור ישב במושב הנהג.

הנאשם וג'יהאד עצרו ליד המאזדה, ובין הצדדים התפתחו חילופי דברים, במהלכם יצא הנאשם מהרכב כשהוא מחזיק בידו את הנשק הטעון. הנאשם פנה לעבר המאזדה, נעמד בצמוד לחלקה השמאלי קדמי (כך צויין- א' ס'), שם ישב א', וכיוון את הנשק לעבר המאזדה בכוונה להפחיד או להקניט את א'. מוחמד פעאור שהבחין במתרחש החל לנסוע מהמקום במטרה להתחמק מהנאשם.

הנאשם רץ אחרי המאזדה כשהוא מחזיק בידו את הנשק, וכשהמאזדה הייתה במרחק קצר ממנו, כיוון הוא את הנשק כלפי מעלה וירה לפחות שני כדורים. זאת בכוונה להפחיד את א' או להקניטו, באזור מגורים ובאופן שיש בו לסכן חיי אדם. הנאשם חזר אל הרכב, בו המתין ג'יהאד כל אותה העת, והשניים נסעו מהמקום כשג'יהאד נוהג ברכב ומסייע לנאשם לשאת ולהוביל את הנשק הטעון במחסנית ובכדורים.",30.0,"1. סוג העבירה וחומרתה  
בשני התיקים מדובר בעבירות בנשק לפי סעיף 144(א) לחוק, ולכן יש שייכות לאותו ""משפחה"" של עבירות – החזקת נשק ללא רישיון. עם זאת, בתיק 2 מצטרפות עבירות נוספות: נשיאה והובלה לפי סעיף 144(ב) וירי מנשק חם לפי סעיף 340א, והמעשה כולל שימוש אקטיבי בנשק והעמדה בסיכון של חיי אדם, כך שמדרג החומרה גבוה באופן משמעותי לעומת תיק 1, שהוא החזקת נשק סטטית בבית בלבד.  

2. תפקיד הנאשם ומעורבותו  
בתיק 1 הנאשם הוא מחזיק בלבד – אין תיאור של שימוש, הובלה, הצגה או איום, אלא החזקה בדירה. בתיק 2 הנאשם הוא הגורם המרכזי: הוא מחזיק, נושא, מוביל וגם עושה שימוש בפועל בנשק לצורך הפחדה על רקע סכסוך, תוך הפעלה של שותף (נהג) – מעורבות פעילה, יוזמת ותוקפנית יותר.  

3. שיטת הביצוע (MO)  
בתיק 1 מדובר בהחזקה ""סטטית"" של אקדחים בדירת מגורים, ללא יציאה לחלל הציבורי או אינטראקציה עם אחרים. בתיק 2 השיטה היא דינמית: טעינת הנשק, אחסונו ברכב, נסיעה עמו ליישוב, איתור היריב, יציאה מהרכב, כיוון הנשק וירי בפועל – דפוס פעולה התקפי ו""כביש־ציבור"" המשלב נשיאה, הובלה ושימוש, השונה מהותית מהחזקה פסיבית בבית.  

4. נסיבות הליבה  
בתיק 1 – שני אקדחים חצי-אוטומטיים, ללא תיאור של סכסוך, איום, שימוש, ירי, תכנון מעשה אלים או נסיבות מחמירות נוספות; מדובר ב""כמות"" מצומצמת יחסית של נשק, אך ללא ניצול שלהם בפועל. בתיק 2 – תת-מקלע מאולתר טעון בכדורים, יציאה יזומה לרכב, תנועה באזור מגורים, מפגש עם יריב בסכסוך, כיוון הנשק וירי של לפחות שני כדורים באזור מגורים, בכוונה להפחיד ולהקניט, ובאופן המסכן חיי אדם – נסיבות מחמירות משמעותית (גם מבחינת סוג הנשק, גם השימוש בו, גם ההקשר החברתי-פלילי).  

5. ישימות כתקדים  
תיק 1 יכול לשמש, לכל היותר, כתקדים רלוונטי לרכיב הענישה של עצם החזקת נשק ללא רישיון, ברף נמוך יחסית של מסוכנות (החזקה בבית, ללא שימוש). תיק 2, לעומת זאת, נוגע לקטגוריה מחמירה בהרבה של עבירות נשק – החזקה ונשיאה בציבור בליווי ירי על רקע סכסוך – שבתי משפט מטפלים בה לרוב באמצעות הלכות ייעודיות לעבירות ירי וסיכון חיי אדם; לפיכך, השימוש בתיק 1 כתקדים מהותי לענישה בתיק 2 יהיה מוגבל ושולי, בעיקר כרקע למדרג ענישה לגבי עצם ההחזקה ולא לגבי מכלול חומרת המעשה.  

SIMILARITY_SCORE: 30","ok",""
"SH-10-02-25802-731","ME-13-04-35007-454",1,0,0,"הנאשם הורשע על פי הודאתו בכתב האישום, בעבירות שעניינן, החזקת נשק שלא כדין, עבירה לפי סעיף 144 (א) לחוק העונשין, התשל""ז-1977 (להלן: ""חוק העונשין"") וכן, עבירה של החזקת חלק-אבזר תחמושת של כלי נשק, עבירה לפי סעיף 144(א)(1) לאותו חוק.

מכתב האישום עולה, כי ביום 16/07/09 בשעה 11:00 או בסמוך לכך בכפר מגדל שמס, החזיק הנאשם בביתו נשק מסוג רובה צייד שמסוגל לירות כדור ובכוחו להמית אדם וזאת ללא רשות על פי דין. באותן הנסיבות, החזיק הנאשם באבזר ותחמושת של כלי נשק שבכוחם להמית אדם וזאת ללא רשות על פי דין.","הנאשם הודה בעובדות כתב האישום המתוקן והורשע על פי הודאתו בעבירות כדלקמן:

נשיאת נשק שלא כדין - עבירה לפי סעיף 144(ב) רישא + סיפא לחוק העונשין, התשל""ז - 1977 (להלן: ""חוק העונשין"").

החזקת נשק שלא כדין - עבירה לפי סעיף 144(א) רישא + סיפא לחוק העונשין.

מעובדות כתב האישום המתוקן עולה, כי בזמן הרלוונטי לכתב האישום, שרר סכסוך בכפר דבוריה, בו היו מעורבים הנאשם ואחרים (להלן: ""הסכסוך""). במסגרת הסכסוך אירעו מספר אירועי אלימות בכפר במהלך הימים הראשונים של חודש אפריל 2013.

עוד עולה, כי במועד אשר אינו ידוע למאשימה, הצטייד הנאשם בנשק מסוג אקדח (להלן: ""הנשק""). ביום 6/4/13, בשעה 16:30 או בסמוך לכך, על רקע האירועים הקשורים לסכסוך, הגיע הנאשם למרכז הכפר כשהוא נושא ומוביל עמו נשק כשהוא טעון, זאת כאשר אחרים, המעורבים בסכסוך, נמצאים בקרבת מקום ובמטרה להפחידם. לאחר מכן, נמלט הנאשם במהירות מהמקום.",35.0,"1. סוג העבירה וחומרתה  
שני התיקים עוסקים בעבירות נשק לפי סעיף 144 לחוק העונשין, כך שמדובר באותה ""משפחה"" של עבירות (עבירות נשק). עם זאת, בתיק 2 נוספה עבירת **נשיאת נשק** לפי סעיף 144(ב), הנחשבת חמורה יותר מהחזקה ""פסיבית"" בבית, ובצירוף נסיבות הסכסוך והמטרה להפחיד – רמת החומרה הכוללת בתיק 2 גבוהה משמעותית.

2. תפקיד הנאשם ומעורבותו  
בתיק 1 תפקיד הנאשם הוא של **מחזיק נשק בביתו**, ללא תיאור של שימוש אקטיבי או הקשר קונפליקטואלי – מעורבות יותר ""סטטית/פסיבית"". בתיק 2 הנאשם הוא שחקן פעיל בסכסוך אלים, מצטייד מראש באקדח, יוצא איתו למרכז הכפר בכוונה להפחיד יריבים; זו מעורבות אקטיבית ושימוש תכליתי בנשק כחלק מעימות.

3. שיטת הביצוע (MO)  
בתיק 1: החזקת רובה ציד ותחמושת בבית, ללא תזוזה, ללא תצוגה פומבית וללא שימוש. בתיק 2: הצטיידות באקדח, נשיאתו כשהוא טעון למוקד הסכסוך, נוכחות במרחב הציבורי בנוכחות היריבים ובריחה מהמקום – דפוס פעולה התקפי־הפגנתי. דפוסי הפעולה שונים: ""אחסון"" לעומת ""נשיאה פומבית מאיימת"".

4. נסיבות הליבה  
בתיק 1 אין סכסוך, אין איום, אין יציאה למרחב ציבורי; מדובר ברובה ציד בבית בלבד, ללא תיאור של תכנון לשימוש בו. בתיק 2 יש סכסוך פעיל בכפר, נשק מסוג אקדח טעון, יציאה יזומה למרכז הכפר כדי להפחיד צדדים מעורבים – נסיבות מחמירות מובהקות (ציבוריות, הקשר אלים, כוונה להפחיד). הדמיון מתמצה בעצם היות שני המקרים עבירות נשק; נסיבות הליבה שונות באופן משמעותי.

5. ישימות כתקדים  
בית משפט יראה בשני התיקים פסיקה מאותו תחום (עבירות נשק), כך שתיק 1 יכול לשמש לכל היותר כנקודת ייחוס לעבירות החזקה ""יבשה"" ללא נסיבות מחמירות. אולם לתיק 2, שבו יש נשיאה במרחב הציבורי על רקע סכסוך וכוונה להטיל אימה, תיק 1 יהווה תקדים מוגבל בלבד, ויובחן בקלות; הוא לא ישמש כתקדים ענישתי מרכזי למקרה כזה, ולהיפך.  

SIMILARITY_SCORE: 35","ok",""
"ME-16-10-12213-904","ME-15-02-9111-399",1,0,0,"מוחמד ג'בארין, הנאשם שלפניי, הורשע על-סמך הודאתו, בעבירה של נשיאת נשק ותחמושת בניגוד לסעיף 144(ב) רישה וסיפה לחוק העונשין, התשל""ז - 1977 (להלן: ""חוק העונשין"").
חוק העונשין, תשל""ז-1977: סע'  29, 40ב, 40ג(א), 40ט, 144, 144(א), 144(ב), 287(א), 380, 40 יא, 40 יג(א), ב א'1 שבפרק ו'

הנאשם החזיק ברשותו ברכב מסוג סובארו, אשר היה רשום על-שם אחיו, מג'ד (להלן: ""הרכב"").

במהלך חודש ספטמבר 16', נשא והוביל הנאשם כלי נשק מאולתר מסוג ""קרל גוסטב"", שבתוכו מחסנית ריקה, מאזור מי-עמי ועד לבית אמו באום-אל-פחם, בו התגורר באותה עת (להלן: ""הבית""). בהגיעו לבית, עטף הנאשם  בחולצה לבנה את הנשק והמחסנית הריקה  והחביאם  מתחת לכיסא הנוסע שליד הנהג  ברכב, שחנה בסמוך לבית.

ביום 1 אוקטובר 16' בשעת אחר-צהריים, הזיז הנאשם את הרכב מפאת היותו בלתי תקין מאזור הבית ועד למוסך במורד הרחוב, כאשר כלי-הנשק והמחסנית הריקה מצויים בתוכו וכשבמכנסיו מצוי כדור 9 מ""מ התואם את הנשק. שוטרים, אשר הגיעו למקום וביצעו חיפוש ברכב מצאו בו את כלי-הנשק ואת המחסנית.","ביום  18.3.15 הורשע הנאשם על סמך הודייתו, בעבירות שיוחסו לו בכתב אישום שתוקן במסגרת הסדר טיעון. ההסדר לא כלל הסכמה לענין העונש.

בכתב האישום המתוקן יוחסו לנאשם עבירות בנשק – לפי סעיף 144(א) + (ב) לחוק העונשין, התשל""ז-1977.

נאמר כי ביום 25.1.15, סמוך לשעה 15:00, הגיעו שוטרים לסוכת אבלים של משפחת חסארמה בכפר בענה במטרה לעכב את יוסף חסארמה לחקירה. הנאשם שהיה במתחם הבחין בשוטרים והחל במנוסה מהם, וזאת כשהוא נושא ומחזיק אקדח מסוג FN מספר 74423 ומחסנית עם 13 כדורים 9 מ""מ. זאת עשה הנאשם בלא רשות על פי דין לנשיאתם והחזקתם של האקדח והמחסנית. במהלך המנוסה מהשוטרים, זרק הנאשם את האקדח והמחסנית ובמעשיו המתוארים לעיל הוא החזיק ונשא  נשק שמסוגל לירות כדור שבכוחו להמית אדם, אביזר לנשק ותחמושת וזאת בלא רשות על פי דין להחזקתם ונשיאתם.",70.0,"1. סוג העבירה וחומרתה – בשני התיקים מדובר בעבירות נשק לפי סעיף 144, נשיאה והחזקה ללא רישיון, באותה ""משפחת"" עבירות וברמת חומרה דומה. עם זאת, בתיק 2 העבירה כוללת נשק תקין, טעון ומוכן לירי בכמות תחמושת משמעותית יותר, ולכן הוא מעט חמור יותר מהותית.

2. תפקיד הנאשם ומעורבותו – בשני המקרים הנאשם הוא מחזיק/נושא הנשק לשימוש עצמי, ללא אינדיקציה לסחר, תיווך או פעילות עבריינית מאורגנת. אין מעורבות של גורמים נוספים או חלוקת תפקידים, והמעורבות דומה במהותה – נשיאה והחזקה אישית של נשק.

3. שיטת הביצוע (MO) – בשני התיקים מדובר בהחזקת נשק חם ותחמושת באופן מוסתר יחסית, ללא שימוש בנשק עצמו. ההבדל הוא בהקשר: בתיק 1 ההסתרה ברכב והובלה לבית; בתיק 2 נשיאה על הגוף, מנוסה מהשוטרים והשלכת הנשק – דפוס שמבטא יותר הימנעות ממפגש עם רשויות האכיפה, אך עדיין באותו מודוס של החזקה אישית ולא שימוש התקפי.

4. נסיבות הליבה – בשני התיקים מדובר בנשק אחד ותחמושת מתאימה, ללא ירי, ללא איומים וללא פגיעה פיזית. יחד עם זאת, בתיק 2 מדובר באקדח תקין, טעון ב‑13 כדורים, בהקשר ציבורי (סוכת אבלים) ותוך מנוסה מהמשטרה והשלכת הנשק, מה שמחמיר לעומת תיק 1 שבו נשק מאולתר, מחסנית ריקה, כדור בודד בכיס והחזקה בעיקר בסביבת הבית וברכב.

5. ישימות כתקדים – בתי המשפט יראו בשני התיקים מקרים מאותה קטגוריה לצורכי ענישה בעבירות נשק (סעיף 144), ויעשו שימוש ביניהם כהשוואה לרמת ענישה כללית. עם זאת, בשל ההבדלים בכשירות הנשק, כמות התחמושת ובהתנהגות מול השוטרים, התיקים אינם זהים מבחינת מדרג החומרה, אך בהחלט רלוונטיים זה לזה כתקדימים ענישתיים.

SIMILARITY_SCORE: 70","ok",""
"ME-16-05-25902-514","SH-11-01-41775-497",3,1,1,"הנאשם הודה במסגרת הסדר טיעון בעובדות כתב אישום מתוקן והורשע על סמך הודאתו בעבירות של נשיאת נשק, עבירה לפי סעיף 144(ב) רישא וסיפא לחוק העונשין, התשל""ז-1977 ובעבירה של החזקת נשק, עבירה לפי סעיף 144(א) רישא וסיפא לחוק.

על פי עובדות כתב האישום המתוקן, ביום 31.12.13 נגנב אקדח מסוג ברטה מספר סידורי 682663 (להלן: ""האקדח"") מביתו של דינו תמאם.

במהלך חודש פברואר 2016 , במועד מדויק שאינו יודע למאשימה, רכש הנאשם את האקדח והחזיק בו במקלט ביתו בקלנסוואה וכן החזיק מחסנית ובה 7 כדורים.

למן חודש פברואר 2016 ועד ליום 8.5.16, בימים בהם יצא הנאשם לעבודתו בשעת בוקר מוקדמת, נהג הנאשם לשאת עמו את האקדח ואת המחסנית לעבודתו.

ביום 8.5.16 , בסמוך לשעה 06:00 , נשא הנאשם את האקדח ובתוכו המחסנית על גופו מתחת לבגדיו.","הנאשם הורשע על פי הודאתו בעבירה של החזקת נשק ונשיאת תחמושת בכך שבמשך כשנה וחצי עובר ליום 1.6.08 החזיק בביתו אקדח ומחסנית. כמו כן החזיק ברכבו 34 כדורי אקדח.",80.0,"1. סוג העבירה וחומרתה  
בשני התיקים מדובר בעבירות לפי סעיף 144 לחוק העונשין – החזקת/נשיאת נשק ותחמושת, באותו ""משפחה"" של עבירות נשק. בתיק 1 יש *נשיאת נשק* בפועל על הגוף בציבור, בעוד שבתיק 2 מדובר ב""החזקת נשק"" ו""נשיאת תחמושת"" בלבד, אך מבחינת סיווג וחומרה עקרונית – שני התיקים קרובים מאוד ונעים באותו מדרג ענישה בסיסי של החזקת נשק שלא כדין.  

2. תפקיד הנאשם ומעורבותו  
בשני המקרים הנאשמים הם ""מחזיקים סופיים"" (end users) – לא סוחרי נשק, לא מפיצים ולא חלק מרשת עבריינית לפי הנטען. אין יוזמה עבריינית מורכבת מעבר לרכישה/החזקה; בשני הצדדים לא מיוחס שימוש בנשק או עבירה נלווית (ירי, סחיטה וכו'), כך שמבחינת תפקיד ומהות המעורבות – קיים דמיון גבוה.  

3. שיטת הביצוע (MO)  
תיק 1: החזקה בבית + נשיאה יומיומית לעבודה, אקדח טעון ומוסלק על הגוף, דפוס קבוע של נשיאה גלויה-סמויה בציבור. תיק 2: החזקה סטטית של אקדח ומחסנית בבית, ותחמושת ברכב; אין תיאור של נשיאה פיזית על הגוף במרחב הציבורי. הדפוס בשניהם הוא החזקה בלתי חוקית ללא שימוש, אך בתיק 1 קיימת נשיאה אקטיבית ומתמשכת במרחב הציבורי המגבירה את המסוכנות.  

4. נסיבות הליבה  
בתיק 1 – פרק זמן של כשלושה חודשים, אקדח אחד, מחסנית ו-7 כדורים, נשיאה בפועל על הגוף, ובנוסף העובדה שהאקדח במקור נגנב (גם אם אין ייחוס של ההתפרצות לנאשם – נסיבה מחמירה ברקע). בתיק 2 – החזקה למשך כשנה וחצי (משך ארוך יותר), אקדח, מחסנית ו-34 כדורים (כמות תחמושת גבוהה יותר), אך ללא תיאור של נשיאה על הגוף. בכלים של ענישה, שני התיקים ממוקמים באזור דומה של ""החזקה/נשיאה שלא לצורך עבירה אחרת"", עם שילוב נסיבות מחמירות שונות בכל תיק.  

5. ישימות כתקדים  
בתי משפט נוטים להשוות זה לזה תיקים של החזקת/נשיאת אקדח ותחמושת בבית וברכב לצורך קביעת מתחמי ענישה, כך שהתיק השני בהחלט יכול להיתפס כתקדים רלוונטי לתיק הראשון ולהפך. יחד עם זאת, יידרש הסבר לשוני: בתיק 1 – דגש על נשיאה בפועל במרחב הציבורי; בתיק 2 – דגש על משך ההחזקה וכמות התחמושת. בסך הכול, מדובר בתיקים דומים מהותית לאותה ""ליבה"" של עבירות נשק, המתאימים להשוואה בענישה, עם התאמות.  

SIMILARITY_SCORE: 80","ok",""
"ME-18-05-32659-754","ME-16-08-54879-35",3,1,1,"הנאשם הודה במסגרת כתב אישום מתוקן בביצוע העבירות בנשק (נשיאה והובלה) לפי סעיפים 144(ב)(רישא+סיפא) לחוק העונשין, והפרעה לשוטר במילוי תפקידו לפי סעיף 275 לחוק.

על פי האמור בכתב האישום המתוקן, ביום 05.05.2018, בשעה 00:25, נסע הנאשם בירכא, כשהוא נושא ומוביל את הפריטים הבאים: על רצפת הרכב מאחורי מושב הנהג – נשק דמוי תת-מקלע מאולתר בקוטר 9 מילימטר ""פאראבלום"", שמסוגל לירות כדור שבכוחו להמית אדם; בכיס האחורי של המושב ליד הנהג – שני רימוני גז מדמיע; בדופן הדלת ליד הנהג – מחסנית ריקה לתת מקלע מסוג עוזי; בדופן הדלת ליד הנהג – 9 כדורים לאקדח, 9 מילימטר ""פאראבלום""; ברכב בתוך שקית לבנה – ערכה לניקוי של נשק, ובתוכה 10 כדורים בקוטר 5.56 מילימטר.

באותה עת, ביצעה משטרת ישראל פעילות של הקמת מחסומים באזור ירכא לצורך איתור רכבו של הנאשם, ונוצר כתוצאה מכך פקק תנועה, והנאשם בתוכו. שוטרים שהבחינו ברכבו של הנאשם יצאו מהניידת שלהם וניגשו אליו, כשהם מזדהים כשוטרים. אחד מהם פתח את דלת הרכב וכיבה את המנוע, כאשר באותו שלב הבחינו השוטרים בתת-המקלע המאולתר על רצפת הרכב מאחורי הנהג, והודיעו לנאשם שהוא עצור. הנאשם סירב לצאת מהרכב, והחל לדחוף את השוטרים, כדי למנוע מהם להוציאו מהרכב, ואלה נאלצו להפעיל כוח סביר להשתלט עליו. הנאשם התנגד גם להכנסתו לניידת, וניסה להשתחרר מאחיזתם של השוטרים.","הנאשם הודה בתיק זה בעובדות כתב האישום שתוקן, במסגרת הסדר טיעון בין הצדדים, אשר לא כלל הסדר לעניין העונש והורשע בביצוע עבירה בנשק (נשיאה והובלה),  לפי סעיף 144(ב) רישא וסיפא לחוק העונשין, התשל""ז – 1977 (להלן: חוק העונשין).

מעובדות כתב האישום המתוקן שהוגש במסגרת הסדר הטיעון עולה כי, ביום 17.8.16, סמוך לשעה 11:00  ברחוב ברזילי 12 בחיפה, שם התגורר הנאשם, נשא הלה והוביל תיק ובו תת מקלע מאולתר בקוטר 9 מ""מ, שסוגל לירות כדור שבכוחו להמית אדם (להלן גם: הנשק), מחסנית המתאימה לנשק ובתוכה 7 כדורים, וזאת בלא רשות על פי דין.",78.0,"1. **סוג העבירה וחומרתה**  
   בשני התיקים מדובר בעבירה זהה של נשיאה והובלת נשק לפי סעיף 144(ב) רישא+סיפא לחוק העונשין, באותו סוג נשק – תת־מקלע מאולתר 9 מ""מ, המסוגל להמית. בתיק 1 קיימת עבירה נוספת של הפרעה לשוטר, וכן נשיאה של אמצעי לחימה נוספים (רימוני גז, תחמושת מסוגים שונים), מה שמעלה את מדרג החומרה ביחס לתיק 2, אך ליבת העבירה העיקרית – זהה.  

2. **תפקיד הנאשם ומעורבותו**  
   בשני התיקים הנאשם ממוקם באותו ""סטטוס תפקידי"": נושא ומוביל את הנשק ברשותו, לא כשליח ולא במסגרת רשת סחר מאורגנת לפי המתואר, אלא כמחזיק־נושא עצמאי. בשניהם אין תיאור של שימוש אקטיבי בנשק או סחר בו, אלא שלב ההחזקה/נשיאה בלבד, ולכן רמת המעורבות בליבת עבירת הנשק דומה.  

3. **שיטת הביצוע (MO)**  
   בשני המקרים הנאשם נע ברשות הרבים כשהוא נושא תת־מקלע מאולתר טעון/מוכן לשימוש (או לכל הפחות עם מחסנית ותחמושת מתאימים), ללא רישיון. ההבדל הוא שבתיק 1 הנשק מוסלק/מונח בתוך רכב יחד עם אמצעי לחימה נוספים, ובתיק 2 הוא בתיק שנישא על ידי הנאשם סמוך לביתו; אך דפוס הביצוע הבסיסי – נשיאה פיזית של תת־מקלע מאולתר במרחב הציבורי ללא היתר – דומה מאוד.  

4. **נסיבות הליבה**  
   בשני התיקים: נשק קטלני מסוג תת־מקלע מאולתר 9 מ""מ, עם מחסנית ותחמושת, ברשות הרבים. בתיק 1 קיימים מספר גורמים מחמירים: כמות ואיכות האמל""ח (רימוני גז, מחסנית לעוזי, סוגי תחמושת נוספים, ערכת ניקוי), התנגדות פיזית לשוטרים והפרעה למעצר, אירוע בלילה ובתוך רכב בעת פעילות יזומה של משטרה; בתיק 2 מדובר באירוע ""נקי"" יותר – נשיאה יחידה של נשק ומחסנית בסביבה אזור מגורי הנאשם, ללא עימות עם המשטרה וללא נסיבות מחמירות נוספות.  

5. **ישימות כתקדים**  
   בית משפט יראה בתיק 2 תקדים רלוונטי לענישה בתיק 1 (ולהפך) לעניין רמת הענישה הבסיסית בעבירת נשיאה והובלת תת־מקלע מאולתר 9 מ""מ. עם זאת, בתיק 1 צפויה החמרה ניכרת בהשוואה לתיק 2 בשל ריבוי אמצעי הלחימה והעבירה הנלווית נגד שוטרים, כך שההקבלה לא תהיה מלאה אך כן מהותית לליבת עבירת הנשק.  

SIMILARITY_SCORE: 78","ok",""
"ME-17-05-35227-215","ME-15-02-9111-399",1,0,0,"ביום 7 במאי 2017 בשעת צהריים נהג הנאשם בתיק זה, דוד טבצ'ניקוב, באופנוע מסוג קואנג יאנג טיו כשהוא נושא ומוביל עמו בתוך תא המטען תת-מקלע מאולתר שבתוכו מחסנית. לפניי, הודה הנאשם בביצוע עבירה זו, בניגוד לסעיף 144(ב) רישא וסיפא לחוק העונשין, התשל""ז-1977 (להלן: ""חוק העונשין"") והוא הורשע בה.","ביום  18.3.15 הורשע הנאשם על סמך הודייתו, בעבירות שיוחסו לו בכתב אישום שתוקן במסגרת הסדר טיעון. ההסדר לא כלל הסכמה לענין העונש.

בכתב האישום המתוקן יוחסו לנאשם עבירות בנשק – לפי סעיף 144(א) + (ב) לחוק העונשין, התשל""ז-1977.

נאמר כי ביום 25.1.15, סמוך לשעה 15:00, הגיעו שוטרים לסוכת אבלים של משפחת חסארמה בכפר בענה במטרה לעכב את יוסף חסארמה לחקירה. הנאשם שהיה במתחם הבחין בשוטרים והחל במנוסה מהם, וזאת כשהוא נושא ומחזיק אקדח מסוג FN מספר 74423 ומחסנית עם 13 כדורים 9 מ""מ. זאת עשה הנאשם בלא רשות על פי דין לנשיאתם והחזקתם של האקדח והמחסנית. במהלך המנוסה מהשוטרים, זרק הנאשם את האקדח והמחסנית ובמעשיו המתוארים לעיל הוא החזיק ונשא  נשק שמסוגל לירות כדור שבכוחו להמית אדם, אביזר לנשק ותחמושת וזאת בלא רשות על פי דין להחזקתם ונשיאתם.",70.0,"1. סוג העבירה וחומרתה  
בשני התיקים מדובר בעבירות נשק לפי סעיף 144 לחוק העונשין, כשהליבה היא החזקה ונשיאה של נשק חם ותחמושת ללא רישיון. בתיק 1 מדובר בתת־מקלע מאולתר (נשק מלחמתי חמור יותר), ובתיק 2 באקדח עם מחסנית; עם זאת, בתיק 2 יש נסיבה מחמירה של מנוסה מהמשטרה והשלכת נשק. במאזן הכולל, רמת החומרה דומה, עם הבדלי משנה בסוג הנשק ובהתנהלות סביב האירוע.

2. תפקיד הנאשם ומעורבותו  
בשני המקרים הנאשם הוא המחזיק והנושא הישיר של הנשק – לא שליח, לא ""מחסן"", ולא חלק משרשרת סחר. בתיק 1 המעשה ""שקט"" – נשיאת הנשק על אופנוע ללא אינטראקציה עם רשויות; בתיק 2 יש מעורבות אקטיבית יותר – מנוסה מהשוטרים וזריקת הנשק, מה שמצביע על מודעות גבוהה יותר לאסור ועל ניסיונות התחמקות.

3. שיטת הביצוע (MO)  
בשני התיקים הדפוס העיקרי הוא נשיאת נשק חם טעון/עם מחסנית במרחב ציבורי, כשהנשק מוסתר (בתא מטען של אופנוע לעומת נשיאה על הגוף/בסביבה הומה וזריקה במהלך מנוסה). אין שימוש בפועל בנשק, אין ירי ואין איומים; ההבדל הוא שבתיק 2 מצטרפת התנהגות של הימלטות והשלכת הנשק לשם סיכול תפיסה, שהיא ""צבע"" שונה למעשים אך לא משנה את ליבת דפוס העבירה.

4. נסיבות הליבה  
בשני המקרים מדובר בכלי נשק בודד עם מחסנית וכדורים, ביום, במקום ציבורי, ללא רישיון, ללא ירי או שימוש התקפי. בתיק 1 – תת־מקלע מאולתר (פוטנציאל נזק גבוה, מאפיין לעיתים נשק פלילי/ארגוני); בתיק 2 – אקדח סטנדרטי, אך הנאשם נמלט מהשוטרים וזורק את הנשק, נסיבה שעשויה להיחשב מחמירה מבחינת התנהלות מול רשויות. בשני המקרים אין תיאור של הקשר עברייני רחב (סכסוך, ארגון פשיעה) או תכנון לשימוש מיידי בנשק.

5. ישימות כתקדים  
שני התיקים עוסקים בליבת אותה עבירה – החזקת ונשיאת נשק חם ותחמושת ללא רישיון, במרחב ציבורי, ללא שימוש בפועל. בית משפט צפוי לראות בתיק אחד תקדים ענייני רלוונטי לשאלת רמת הענישה בשני, כשהבדלי הסוג (תת־מקלע לעומת אקדח) והנסיבות (מנוסה מהמשטרה) ישמשו שיקולים למקול או להחמרה בתוך אותו מתחם. לפיכך, מדובר בדימיון מהותי משמעותי, עם הבדלי חומרה נקודתיים אך לא מהסוג שמנתק רלוונטיות תקדימית.

SIMILARITY_SCORE: 70","ok",""
"ME-16-04-12480-812","ME-12-03-15148-775",1,0,0,"הנאשם הורשע על פי הודאתו לאחר ניהול חלקי של ההליך במסגרת כתב אישום מתוקן בשלושה אישומים נפרדים בגין ביצוע עבירות של ניסיון חבלה חמורה בנסיבות מחמירות לפי סעיף 25 + 335 + 333 לחוק העונשין, התשל""ז-1977, עבירות בנשק (החזקה) לפי סעיף 144(א) רישא + סיפא לחוק (2  עבירות), עבירות בנשק (נשיאה והובלת נשק) לפי סעיף 144(ב) רישא + סיפא לחוק (2 עבירות) ואיומים לפי סעיף 192 לחוק (2 עבירות).

כעולה מעובדות כתב האישום המתוקן, הנאשם היה חייב למתלונן סך של 300 ₪ בגין עסקת רכב. במהלך מפגש אקראי בין הנאשם למתלונן בטירת הכרמל התפתח ביניהם ויכוח במהלכו דרש המתלונן מן הנאשם שישיב לו את החוב. על רקע זה, בחלוף פחות משעה וחצי הגיע הנאשם ברכב לאתר בניה בו עבד המתלונן כשהוא רעול פנים ומצוייד בנשק. הנאשם יצא מן הרכב כשבידיו הנשק וניגש לעבר עובד ששהה במקום, אותו עובד פנה לנאשם וביקש לדעת מה ברצונו ובתגובה הנאשם ירה כדור אחד באויר על מנת להפחידו. לאחר מכן פנה הנאשם לכיוון הרכב ובמהלך הליכתו ירה כדור נוסף לעבר אותו עובד בניסיון לחבול בו חבלה חמורה עם נשק חם.

על פי האישום השני, יומיים לאחר מכן, הגיע הנאשם לקרבת ביתו של המתלונן בשעת בוקר מוקדמת כשהוא נושא תת מקלע מאולתר ותחמושת. בשעה שהמתלונן ובני משפחתו שהו בבית, ירה הנאשם כ- 12 קליעים לעבר ביתו של המתלונן שפגעו בקירות החיצוניים של הבית והמרפסת.

מהאישום השלישי עולה כי לערך יום לאחר ביצוע הירי לעבר המתלונן, בעת שהנאשם עבד כשומר באתר בניה, הוא החזיק נשק נוסף, מחסנית ותחמושת בזחל של אחד מכלי העבודה באתר, וכן כ- 17 כדורים מתחת לתקרה אקוסטית במכולה שעמדה במקום.","בעקבות הודאת הנאשם בעובדות כתב האישום, הורשע הנאשם בעבירות הבאות:

החזקת נשק שלא כדין, עבירה לפי סעיפים 144(א) רישא וסיפא לחוק העונשין, תשל""ז - 1977;

שינוי זהות של כלי רכב, עבירה לפי סעיף 413ט' לחוק העונשין, תשל""ז - 1977.

על פי כתב האישום, בתאריך 2.3.2012 זייף הנאשם לוחות זיהוי של מכונית מסוג ""הונדה סיוויק"". פעולת הזיוף באה לידי ביטוי בכך, שהנאשם הסיר את לוחות הזיהוי המקוריות של המכונית והתקין במקומה שתי לוחיות זיהוי שונות. בלילה שבין 2.3.2012 ל- 3.3.2012, הנאשם החזיק במכונית הנזכרת אקדח מסוג ""ברטה"" בקוטר 9 מ""מ, וכן מחסנית שהכילה 11 כדורים, בהם החזיק הנאשם שלא כדין. בנוסף לפריטים אלה, נמצאו במכונית אקדח ""דמה"" עם משתיק קול, מספר זוגות של כפפות בד, ולוחיות הזיהוי המקוריות של המכונית.",20.0,"1. סוג העבירה וחומרתה  
בתיק 1 עיקר המוקד הוא עבירות אלימות חמורות בנשק חם: ניסיונות לחבלה חמורה בנסיבות מחמירות, ירי לעבר אדם ולעבר בית מגורים, בצירוף עבירות נשק ואיומים – רמת חומרה גבוהה מאוד, עם סיכון ממשי לחיי אדם. בתיק 2 מדובר בהחזקת נשק בלבד ושינוי זהות רכב – עבירות חמורות כשלעצמן, אך ללא שימוש בפועל בנשק, ללא תקיפה או ירי וללא נפגעים. הפער ברמת החומרה המעשית והנזק/סיכון הממשי גדול מאוד.  

2. תפקיד הנאשם ומעורבותו  
בתיק 1 הנאשם הוא היוזם והמבצע המרכזי של מעשי אלימות קשים: הוא מאתר את המתלונן, מגיע חמוש, יורה לעבר עובדים ולעבר בית המאוכלס בבני משפחה, וכן מחזיק נשק נוסף במוקדים שונים. בתיק 2 הנאשם הוא מחזיק הנשק ומבצע זיוף לוחיות – מעורבות פעילה אך בשלב ""ההכנה"" בלבד, ללא מימוש תכנוני אלים או פגיעה פיזית. לפיכך, מעמדו כמבצע אלימות חמושה בתיק 1 שונה מהותית ממעמדו כמחזיק נשק ""מוכן לשימוש"" בתיק 2.  

3. שיטת הביצוע (MO)  
בתיק 1 שיטת הביצוע היא אלימה-אישית: הגעה רעול פנים לאתר בנייה, ירי הפחדה וירי מכוון לעובד, ולאחר מכן ירי מסיבי (כ-12 קליעים) לעבר בית מגורים, וכן הסתרת נשק ותחמושת באתר בנייה. בתיק 2 ה־MO הוא ""מבצעי-לוגיסטי"": זיוף לוחיות זיהוי, החזקת אקדח אמיתי, אקדח דמה עם משתיק קול, כפפות ולוחיות מקוריות – תבנית שמעידה על היערכות לעבירה (לרוב רכושית/התפרצות/שוד), לא על ירי בפועל. דפוסי הפעולה והייעוד המיידי של הנשק שונים באופן מהותי.  

4. נסיבות הליבה  
בתיק 1 יש שימוש תדיר וממשי בנשק חם, ירי בסביבה מיושבת, פגיעה פוטנציאלית גבוהה ברבים, תכנון מסוים (נסיעה יזומה עם נשק, הגעה לבית המתלונן), וניסיון חבלה חמורה – נסיבות מחמירות באופן מובהק. בתיק 2 הכמות: אקדח אחד, 11 כדורים, אקדח דמה, כפפות ורכב עם לוחיות מזויפות; אין ירי, אין תקיפה ואין קורבן קונקרטי – נסיבות המעידות על מסוכנות פוטנציאלית ותכנון, אך ללא מימוש אלים. חפיפה חלקית קיימת רק ברכיב ""נשק + הכנה למעשים פליליים"", אך עוצמת הסיכון בפועל שונה לחלוטין.  

5. ישימות כתקדים  
לתיק 1 יש רלוונטיות מסוימת לתיק 2 רק ברמה צרה של מדיניות ענישה בעבירות נשק בכלל (הדגשת המסוכנות הגלומה בנשק חם והחומרה שבנשק בהקשר פלילי). עם זאת, בתיקי אלימות חמושה וניסיונות חבלה חמורה הענישה נמדדת לפי הפגיעה/הסיכון הממשי בנפש, בעוד שבתיק 2 מדובר בהחזקת נשק והכנה, ללא שימוש. לכן, בית משפט צפוי לראות בתיק 1 תקדים מוגבל ורחוק יחסית לענישה בתיק 2, ולא תקדים ענייני ""מכוון"" לאותו סוג מקרה.  

SIMILARITY_SCORE: 20","ok",""
"ME-16-02-59812-881","ME-16-03-54615-517",1,0,0,"הנאשמת הורשעה בהתאם להודאתה בעובדות כתב האישום המתוקן בעבירות כדלקמן:

סחר בנשק, לפי סעיף 144(ב2) בחוק העונשין, תשל""ז – 1977 (להלן: ""החוק"").

מסירת ידיעה כוזבת על עבירת פשע, לפי סעיף 243 סיפא לחוק.

שיבוש הליכי משפט, לפי סעיף 244 לחוק.

בין החודשים יולי 2015 לפברואר 2016 עבדה הנאשמת כמאבטחת בבית ספר יסודי. במסגרת עבודתה קיבלה הנאשמת לחזקתה אקדח 9 מ""מ מסוג תארוס (להלן:""האקדח""), שתי מחסניות וכן 20 כדורים תואמים.

על פי האישום הראשון, בין החודשים אוגוסט 2014 לפברואר 2016, במספר רב של הזדמנויות רכשה הנאשמת ממחמוד צאלוק (להלן:""מחמוד"") סמים מסוכנים מסוג חשיש והרואין לצריכה עצמית. בחלק מההזדמנויות הציע מחמוד לנאשמת כי ירכוש ממנה את האקדח והיא סירבה. ביום 15.2.16, לאחר שאזלו לנאשמת הסמים והחלה לחוש תסמיני גמילה, מתוך מטרה להשיג סכום כסף לרכישת מנות סם נוספות, גמלה בליבה של הנאשמת החלטה למכור את האקדח שברשותה למחמוד. לצורך כך, פנתה הנאשמת למחמוד והציעה לו לרכוש ממנה את האקדח, המחסניות והכדורים תמורת 10,000 ₪. השניים סיכמו ביניהם כי הנאשמת תמכור למחמוד את האקדח תמורת סכום של 8,000 ₪ וכן כמות של סם מסוכן מסוג הרואין. בהמשך נפגשו השניים סמוך למקום מגוריו של מחמוד, שם מסרה לו הנאשמת את האקדח, המחסנית והכדורים ובתמורה שילם לה מחמוד 8,000 ₪ במזומן וכן מסר לה ארבע חבילות של סם מסוג הרואין לצריכתה העצמית.

על פי האישום השני, בהמשך למתואר, ובמטרה להתחמק מעונש, החליטה הנאשמת לרקום סיפור בדים לפיו נפלה קורבן לאירוע שוד במהלכו נגנב ממנה האקדח. ביום 18.2.16, פנתה הנאשמת למעבידה, שי יהושע לוי, ודיווחה על אירוע השוד. בתגובה פנה שי למשטרה באופן מידי ושוטרים רבים החלו בסריקות ובגביית הודעות מעדים שונים במטרה לאתר את מבצע השוד. באותו יום הגיעה הנאשמת לתחנת המשטרה ומסרה בפני חוקר הודעה בה פירטה את אירוע השוד. בהמשך נחקרה הנאשמת פעם נוספת, מספר שעות לאחר מכן, במהלך עדותה זו הודתה כי בדתה מליבה את אירוע השוד וטענה בכזב כי האקדח אבד לה, וזאת במטרה לחפות על מעשיה ומתוך רצון להתחמק מעונש.","הנאשם הורשע על פי הודאתו, במסגרת הסדר טיעון בכתב אישום מתוקן, לאחר שחזר בו מכפירתו, בעבירת סחר בנשק לפי סעיף 144(ב2) לחוק העונשין התשל""ז-1977 (להלן חוק העונשין).

על פי עובדות כתב האישום המתוקן, במועד שאינו ידוע במדויק למאשימה במהלך חודש פברואר 2016, פנה אל הנאשם מחמד עליאן (להלן מחמד) וביקש שיבדוק אם באפשרותו להשיג עבורו תת- מקלע מסוג ""קרלו"". כעבור שלושה ימים נפגש הנאשם עם מחמד, סמוך לביתו של מחמד, והנאשם מסר למחמד כי מצא עבורו נשק. באותו יום שילם מחמד לנאשם סך של 3,000 ₪ לצורך רכישת הנשק. כשבוע לאחר מכן מסר הנאשם תת- מקלע מסוג ""קרלו"" למחמד (להלן תת המקלע הראשון). כשבוע לאחר מכן ניסה מחמד לירות באמצעות תת המקלע באוויר אך הנשק לא ירה.

כשבוע לאחר מכן נפגש מחמד עם הנאשם וסיפר לו שתת-המקלע הראשון אינו תקין. לבקשת הנאשם, מסר לו מחמד את תת המקלע. זמן מה לאחר מכן נפגש שוב מחמד עם הנאשם והנאשם מסר לו תת- מקלע אחר מסוג ""קרלו"" (להלן תת המקלע השני). מחמד ניסה לירות גם בתת המקלע השני אך הנשק לא ירה. מחמד פנה שוב אל הנאשם, אך הנאשם אמר לו שאין באפשרותו להחליף שוב את הנשק.",55.0,"1. סוג העבירה וחומרתה  
שני הנאשמים הורשעו בעבירה זהה של סחר בנשק לפי סעיף 144(ב2) לחוק – זה מעניק דמיון נורמטיבי חזק בנקודת המוצא לענישה. עם זאת, בתיק 1 יש צירוף עבירות נוספות (ידיעה כוזבת, שיבוש) ובתיק 2 אין, ובמקביל בתיק 2 מדובר בתת־מקלעים מסוג ""קרלו"" (נשק אוטומטי מאולתר) ובשניים מהם, מה שמעמיק את החומרה הפוטנציאלית שם ביחס לעצם הסחר.

2. תפקיד הנאשם ומעורבותו  
בתיק 1 הנאשמת היא מחזיקת נשק חוקית (מאבטחת) שביצעה אירוע חד־פעמי, בעל אופי ""אימפולסיבי"" על רקע התמכרות וסימני גמילה – היא אינה חלק מרשת סחר קבועה. בתיק 2 הנאשם מתפקד כספק/מתווך נשק: מאתרים אותו כדי להשיג נשק, הוא לוקח מקדמה, מוצא מקור, מחליף נשק פגום – זה פרופיל טיפוסי יותר של סוחר נשק פעיל. לכן מעמדו של נאשם 2 כסוחר ""מקצועי"" משמעותית חמור ומ מובחן מזה של נאשמת 1.

3. שיטת הביצוע (MO)  
בתיק 1 מדובר במכירה חד־פעמית של אקדח שהופקד בידי הנאשמת מתוקף עבודתה, לקונה שהוא ספק הסמים שלה, בתמורה לכסף ולסם – שילוב של הפרת אמונים תפקודית ומימון התמכרות. בתיק 2 מדובר במודל עסקי מובהק: פנייה יזומה אליו להשגת נשק, גביית תשלום מראש, אספקת נשק, החלפה כשאינו תקין – שרשרת עסקאות ולא אירוע נקודתי. לפיכך דפוס הפעולה שונה למדי, למרות שברמה הגולמית בשני המקרים יש ""מוכר"" שמעביר נשק ל""קונה"".

4. נסיבות הליבה  
בתיק 1 נמכר אקדח אחד, חוקי במקור, עם מחסניות וכדורים, תוך ניצול תפקיד מאבטחת ובצירוף נסיבות מקלות של התמכרות, אך גם נסיבות מחמירות של שיבוש הליכים והפעלת מערך חקירתי בעקבות דיווח כוזב. בתיק 2 מעורבים שני תתי־מקלע ""קרלו"" – נשק התקפי חמור יותר מאקדח – ולמרות שהיו פגומים, כוונת השימוש היא ירי, ויש רצף זמנים ותכנון מסוים. שתי התיקים חמורים, אך ""ליבת"" החומרה שונה: בתיק 1 – הפרת אמון ותפקוד ממלכתי ושיבוש; בתיק 2 – סחר חוזר בנשק אוטומטי.

5. ישימות כתקדים  
שני המקרים שייכים לאותו סעיף עבירה ובשניהם הנאשמים הם צד ""המוכר"" בעסקת נשק, ולכן בית משפט עשוי להיעזר בשניהם להתוויית רמת ענישה כללית לעבירות סחר בנשק. עם זאת, השוני המהותי בפרופיל העברייני (מכור חד־פעמי שמוכר נשק שהופקד בידיו לעומת סוחר/מתווך נשק פעיל) ובמאפייני הנשק והנסיבות יחייב סייגים משמעותיים בהקבלה. לפיכך, התיקים רלוונטיים זה לזה כתקדימים ברמה בינונית, אך אינם ""מקרה מראה"".

SIMILARITY_SCORE: 55","ok",""
"SH-23-03-19819-247","SH-16-11-7544-55",3,1,1,"הנאשם הורשע ביום 22.5.23, על פי הודאתו בעובדות כתב האישום המתוקן, בעבירה של החזקת נשק  בניגוד לסעיפים 144 (א) רישא + סיפא לחוק העונשין התשל""ז-1977.

על פי עובדות כתב האישום המתוקן, בתאריך 15.2.23 בסמוך לשעה 13:04 במסגרת חיפוש שנערך בביתו של הנאשם ברהט, נתפסו:

נשק דמוי רובה סער W300326 מסוג M-16 – רובה אויר שהוסב לירי תחמושת בקליבר 5.56X45 - עטוף בשקית שחורה מעל ארון, שהיה מעל מקרר המטבח בבית.

שלוש מחסניות המכילות כמה עשרות כדורי 5.56 מ""מ.","הנאשם הורשע על פי הודאתו בעבירה של החזקת נשק שלא כדין בהתאם להוראת סעיף 144(א) רישא וסיפא לחוק העונשין.

על פי המתואר בעובדות כתב האישום, בתאריך 26.10.16, עת שנסע ברכבו במחלף להב-שומריה שבכביש 6 לכוון צפון, הבחין השוטר מיכאל אדרי (להלן: ""מיכאל"") בנאשם עומד מאחורי ארונות השקיה הצמודים לנתיבי הנסיעה. בהגיעו לנאשם, הבחין מיכאל כי הנאשם מחזיק בנשק מסוג רובה תת מקלע מאולתר ומחסנית המכילה 10 קליעים בקוטר 9 מ""מ. במעשיו האמורים החזיק הנאשם בנשק ובאבזר תחמושת ללא רשות על פי דין להחזיקם.",75.0,"1. סוג העבירה וחומרתה  
שני התיקים עוסקים באותה עבירה בדיוק – החזקת נשק ואבזרי תחמושת שלא כדין לפי סעיף 144(א) רישא+סיפא. בשני המקרים מדובר בנשק חם ארוך (רובה סער/תת־מקלע), עם תחמושת מתאימה, ולכן רמת החומרה הבסיסית דומה. ההבדל: בתיק 2 ההחזקה הייתה בסביבה ציבורית (בסמוך לכביש 6), שבדרך כלל נחשבת מחמירה יותר לעומת החזקת נשק בבית (תיק 1).

2. תפקיד הנאשם ומעורבותו  
בשני התיקים הנאשם הוא ""מחזיק"" בלבד – לא נטען לייבוא, סחר, תיווך או שימוש בירי, אלא החזקה פיזית של נשק ותחמושת. אין אינדיקציה למעורבות עבריינית מערכתית (כגון ארגון פשיעה) או לאחרים מאחורי הקלעים. מידת המעורבות האישית דומה – כל אחד מהנאשמים הוא הגורם הישיר המחזיק בנשק.

3. שיטת הביצוע (MO)  
בתיק 1 הנשק הוחזק מוסתר בתוך הבית, עטוף בשקית מעל ארון במטבח; בתיק 2 הנשק מוחזק פיזית בידי הנאשם במקום פתוח סמוך לכביש, לאחר שהגיע ברכב. לא מדובר ב""דפוס עברייני"" מורכב אלא בהחזקה פשוטה בשני המקרים, אך אופי ההסתרה/האחזקה שונה (בית פרטי לעומת שטח פתוח – נסיבות תפיסה שונות).

4. נסיבות הליבה  
בשני התיקים מדובר בכלי נשק אחד ותחמושת תואמת: בתיק 1 – רובה M16 (רובה אוויר שהוסב לירי 5.56×45) ושלוש מחסניות עם עשרות כדורים; בתיק 2 – תת־מקלע מאולתר ומחסנית עם 10 כדורי 9 מ""מ. לתיק 1 כמות תחמושת גדולה יותר, לתיק 2 נסיבה מחמירה של החזקת נשק טעון/מוכן לשימוש בשטח ציבורי. בשני המקרים אין ירי, אין שימוש בפועל ואין תיאור של תכנון לביצוע עבירת אלימות ספציפית.

5. ישימות כתקדים  
לבית משפט הדן בעבירת החזקת נשק לפי סעיף 144(א) שני המקרים יהיו בהחלט בני השוואה לצורכי ענישה – שניהם מייצגים החזקה ""טהורה"" של נשק חם ארוך עם תחמושת. ההבדלים בנסיבות (בית מול דרך מהירה, כמות תחמושת, סוג הנשק ותצורתו) ישפיעו על רמת העונש בתוך המתחם, אבל אינם שוללים רלוונטיות מהותית. לכן תיק אחד יכול לשמש כתקדים ענייני לשני במידה ניכרת, בכפוף להתייחסות מפורשת להבדלי הנסיבות.

SIMILARITY_SCORE: 75","ok",""
"ME-15-12-39071-113","ME-16-10-12213-904",1,0,0,"ביום 22.9.16 הוגש הסדר טיעון בעניינו של הנאשם ועמו כתב אישום מתוקן (אלו נקלטו בנט-המשפט ביום 23.9.16). באותו המועד הורשע הנאשם על סמך הודאתו באחזקת נשק, עבירה לפי סעיף 144(א) רישא, בחוק העונשין, תשל""ז-1977 (להלן: ""החוק"" או ""חוק העונשין"").

המסכת העובדתית שביסוד הרשעת הנאשם, כפי שפורטה בכתב האישום המתוקן הינה כלהלן: ביום 12.10.13, בשעה 22:30 או בסמוך לכך, נסע הנאשם ברכב אשר היה בשימושו באותה העת, מסוג מזדה 3, מס' רישיון 71-098-16, בכביש מספר 1, בסמוך למחלף הראל. במהלך הנסיעה ישב הנאשם במושב הסמוך לנהג. באותה העת החזיק הנאשם מתחת לשטיח שמתחת למושב אקדח חצי אוטומטי מסוג סטאר, וזאת כאשר הנאשם לא היה בעל רישיון להחזיק את הנשק.

על פי האישום, במעשיו המתוארים לעיל החזיק הנאשם נשק בלא רשות על פי דין להחזקתו.","מוחמד ג'בארין, הנאשם שלפניי, הורשע על-סמך הודאתו, בעבירה של נשיאת נשק ותחמושת בניגוד לסעיף 144(ב) רישה וסיפה לחוק העונשין, התשל""ז - 1977 (להלן: ""חוק העונשין"").
חוק העונשין, תשל""ז-1977: סע'  29, 40ב, 40ג(א), 40ט, 144, 144(א), 144(ב), 287(א), 380, 40 יא, 40 יג(א), ב א'1 שבפרק ו'

הנאשם החזיק ברשותו ברכב מסוג סובארו, אשר היה רשום על-שם אחיו, מג'ד (להלן: ""הרכב"").

במהלך חודש ספטמבר 16', נשא והוביל הנאשם כלי נשק מאולתר מסוג ""קרל גוסטב"", שבתוכו מחסנית ריקה, מאזור מי-עמי ועד לבית אמו באום-אל-פחם, בו התגורר באותה עת (להלן: ""הבית""). בהגיעו לבית, עטף הנאשם  בחולצה לבנה את הנשק והמחסנית הריקה  והחביאם  מתחת לכיסא הנוסע שליד הנהג  ברכב, שחנה בסמוך לבית.

ביום 1 אוקטובר 16' בשעת אחר-צהריים, הזיז הנאשם את הרכב מפאת היותו בלתי תקין מאזור הבית ועד למוסך במורד הרחוב, כאשר כלי-הנשק והמחסנית הריקה מצויים בתוכו וכשבמכנסיו מצוי כדור 9 מ""מ התואם את הנשק. שוטרים, אשר הגיעו למקום וביצעו חיפוש ברכב מצאו בו את כלי-הנשק ואת המחסנית.",65.0,"1. סוג העבירה וחומרתה  
בשני התיקים מדובר בעבירות בנשק לפי סעיף 144 לחוק העונשין, אך בתיק 1 מדובר ב""אחזקת נשק"" לפי 144(א), ואילו בתיק 2 ב""נשיאת נשק ותחמושת"" לפי 144(ב) רישא וסיפה – עבירה הנחשבת בדרך‑כלל חמורה יותר. בתיק 2 יש גם תחמושת וכלי ירייה מאולתר מסוג ""קרל גוסטב"", שהוא מטבעו מסוכן יותר מאקדח רגיל.

2. תפקיד הנאשם ומעורבותו  
בשני המקרים הנאשמים הם המחזיקים הישירים והבלעדיים בנשק, לא שליחים או דמויות שוליות; הם בעלי שליטה בפועל על כלי הירייה ברכב. עם זאת, בתיק 2 הנאשם יוזם ומוביל את הנשק בין מקומות שונים לאורך תקופה, מה שמעיד על פעילות יזומה יותר מאשר עצם אחזקה חד‑פעמית במהלך נסיעה בתיק 1.

3. שיטת הביצוע (MO)  
קיימת דמיון בולט: בשני התיקים הנשק מוסתר ברכב פרטי, מתחת למושב הנוסע שליד הנהג. בתיק 2 יש נדבך נוסף של עטיפת הנשק בחולצה, החזקת כדור תואם בכיס והמשך השארת הנשק ברכב לאורך זמן – מאפיינים שמצביעים על שיטת הסתרה ומובילות מתוחכמים מעט יותר.

4. נסיבות הליבה  
תיק 1: אקדח חצי‑אוטומטי, בלא תחמושת מתוארת, בהחזקה חד‑פעמית במהלך נסיעה בכביש 1, ללא תיאור של תכנון מיוחד או פרק זמן ממושך. תיק 2: כלי ירייה מאולתר בסוג הנוטה להיות אוטומטי/חצי‑אוטומטי, מחסנית, כדור תואם, נשיאה והובלה בין יישובים, הסתרה יזומה ברכב, ופריסה על פני תקופה – כל אלה מחריפים את חומרת הנסיבות ביחס לתיק 1.

5. ישימות כתקדים  
מבחינת ענישה, שני התיקים מצויים באותו ""משפחת עבירות"" – נשק חם בלתי חוקי ברכב, והדמיון בנסיבות הליבה (נשק מתחת למושב ברכב פרטי) הופך את תיק 1 לרלוונטי כנקודת ייחוס עקרונית. עם זאת, מאחר שבתיק 2 מדובר בנשיאה והובלה של נשק ותחמושת, בכלי מסוכן יותר ובנסיבות מחמירות יותר, בית משפט צפוי לראות בתיק 1 בעיקר רף נמוך/בסיסי, ולא תקדים כמעט זהה.

SIMILARITY_SCORE: 65","ok",""
"ME-16-08-44157-713","ME-17-05-35227-215",2,0,1,"הנאשם הורשע על יסוד הודאתו בעובדות כתב אישום מתוקן, שגובש במסגרת הסדר דיוני בהליכי גישור שיפוטי, בעבירות של סחר בנשק לפי סעיף 144 (ב2) לחוק העונשין, התשל""ז – 1977 (להלן: ""חוק העונשין""), כמפורט באישום הראשון, וכן קשירת קשר לביצוע פשע לפי סעיף 449 (א) (1) לחוק העונשין, כמפורט באישום השני.

עובר ליום 24.3.15, במספר הזדמנויות, קיים אחר בשם אברהים אבו עאנם (להלן: ""אברהים"") שיחות טלפון עם סוכן משטרתי, במסגרתן הציע לסוכן לרכוש נשק מסוג ""עוזי"". בהמשך, ביום 24.3.15 נפגשו הסוכן ואברהים ליד פסי הרכבת בעיר לוד. בהתאם לסיכום ביניהם ובאותו היום בשעה 18:15, נפגשו הסוכן ואברהים מחוץ לביתו של אברהים בלוד, ונסעו יחדיו במונית לעבר ביתו של הנאשם שבשכונת הרכבת בלוד. לאחר שהסוכן ואברהים הגיעו אל ביתו של הנאשם, ובעת שעמדו בחצר פנימית, הגיע הנאשם ומסר לידי הסוכן נשק מסוג קרל גוסטב מאולתר ונשק נוסף הנחזה להיות ""מיני עוזי"". לאחר דין ודברים מסר הנאשם לידי אברהים את נשק הקרל גוסטב בצירוף מחסנית לצורך העברתו לסוכן, והסוכן מסר לאברהים את התמורה עבור הנשק בסך 10,500 ₪.

ביום 1.4.15 הציע הנאשם לסוכן לרכוש ""אקדח 14"", אך עסקה זו לא יצאה אל הפועל.

ביום 8.4.15, בשעת צהריים, עת שהה הסוכן בביתו של הנאשם, פנה אליו הנאשם והציע לו ""אקדח 7"". הסוכן שאל את הנאשם איזה סוג כדורים מתאים לנשק כזה והנאשם השיב לו כי מדובר ב""טוטו"". בהמשך, מסר הנאשם לסוכן כי מחירו המבוקש של הנשק הוא 10,000 ₪, ובסופו של יום, גם עסקה זו לא יצאה לפועל.

ביום 15.4.15 בשעת צהריים, הגיע הסוכן אל בית הנאשם במטרה לבצע עסקת סמים עם אחר. בסמוך לסיום העסקה הגיע הנאשם אל הבית, פגש את הסוכן בחצר, ופנה אל הסוכן תוך ששאל אותו האם הוא מעוניין לרכוש ""קאנס"" שהינו רובה צלפים. הנאשם הוביל את הסוכן למבנה ארעי מכוסה הממוקם בחצר הבית, שם המשיך לפרט בפני הסוכן אודות טיבו של הנשק, הסביר כי הוא מגיע מצויד במשתיק קול, כוונת טלסקופית ומחסנית המכילה 100 כדורים. בהמשך, ועל מנת לעורר את עניינו של הסוכן, תיאר הנאשם כי מצבו של הנשק מצוין, כי יצלמו ויעביר תמונתו אל הסוכן. בסופו של יום עסקה זו לא יצאה אל הפועל.

במסגרת ההסדר הדיוני שגובש בין ב""כ הצדדים הוצהר כי המאשימה מסכימה כי מבחינה עובדתית, לעסקת הנשק נושא האישום הראשון היו מספר שותפים, וחלקו של הנאשם התמצה בכך שהוא העביר את הנשק לאחר לצורך העברתו לסוכן.","ביום 7 במאי 2017 בשעת צהריים נהג הנאשם בתיק זה, דוד טבצ'ניקוב, באופנוע מסוג קואנג יאנג טיו כשהוא נושא ומוביל עמו בתוך תא המטען תת-מקלע מאולתר שבתוכו מחסנית. לפניי, הודה הנאשם בביצוע עבירה זו, בניגוד לסעיף 144(ב) רישא וסיפא לחוק העונשין, התשל""ז-1977 (להלן: ""חוק העונשין"") והוא הורשע בה.",30.0,"1. **סוג העבירה וחומרתה**  
תיק 1 עוסק בסחר בנשק (סעיף 144(ב2)) ובקשירת קשר לפשע – עבירות שמדורגות בפסיקה כחמורות יותר מעבירת החזקת ונשיאת נשק ""רגילה"". תיק 2 עוסק בעבירת החזקה ונשיאה לפי סעיף 144(ב), ללא יסוד מסחרי או קונספירטיבי. יש זיקה נושאית (נשק חם) אך לא זהות בסוג העבירה וברף הענישה הנורמטיבי.

2. **תפקיד הנאשם ומעורבותו**  
בתיק 1 הנאשם משמש כחלק משרשרת סחר: הוא מקור הנשק בעסקה שבוצעה בפועל, ובהמשך יוזם ומציע עסקאות נוספות – גם אם הוצהר שחלקו בעסקה הראשונה ""התמצה בכך שהעביר את הנשק לאחר"". בתיק 2 הנאשם הוא מחזיק/נושא בלבד, ללא כל אינדיקציה למעורבות ברשת סחר או ליוזמה עבריינית מעבר להובלת הנשק. הפער בתפקיד (סוחר/חוליה במסחר לעומת מחזיק-מוביל) משמעותי.

3. **שיטת הביצוע (MO)**  
בתיק 1 מדובר במפגשים מתואמים מראש, שימוש במתווך, ניהול מו""מ על מחיר וסוגי נשק, הצעות חוזרות ונשנות והצגת מאפייני הנשק כדי לקדם עסקה – דפוס מובהק של פעילות מסחרית מאורגנת. בתיק 2 מדובר בהובלת נשק בתא מטען של אופנוע באירוע נקודתי אחד, ללא אינטראקציה מסחרית או דפוס עסקאות חוזרות. דפוסי הפעולה שונים מהותית.

4. **נסיבות הליבה**  
בתיק 1 מדובר במספר אירועים, נשקים שונים (קרל גוסטב מאולתר, ""מיני עוזי"", אקדחים, רובה צלפים עם משתיק קול וכוונת), סכום כסף משמעותי ואלמנטים של תכנון ויוזמה חוזרת – נסיבות מחמירות אופייניות לעבירות סחר. בתיק 2 מדובר בנשק אחד (תת-מקלע מאולתר עם מחסנית) שמוחזק ומובל במקום ציבורי, מצב חמור כשלעצמו אך ללא רב-אירועיות, קשר לפעילות עבריינית נוספת או אינדיקציה לתכנון רב-שלבי. רמת החומרה הכוללת בתיק 1 גבוהה יותר.

5. **ישימות כתקדים**  
בית משפט עשוי להיעזר בתיק 1 לצורך אמירות כלליות על מסוכנות נשק אוטומטי מאולתר והצורך בענישה מחמירה בעבירות נשק, אך כתקדים כמותי לענישה בתיק 2 הרלוונטיות מוגבלת, משום שמדובר בסוג עבירה שונה (סחר+קשר לעומת החזקה/נשיאה) וברמת מעורבות שונה. לפיכך, תיק 1 איננו ""תקדים ענישה"" טבעי לתיק 2, אלא לכל היותר מקור השוואה רחוק למדרג המסוכנות.

SIMILARITY_SCORE: 30","ok",""
"ME-10-08-17917-313","ME-16-04-12480-812",1,0,0,"הנאשם הורשע בעבירות של החזקת נשק  והחזקת סם מסוכן לצריכה עצמית.

באישום הראשון – בחודש יולי 2010 קיבל הנאשם מאחר אקדח עט ושלושה כדורים בקוטר 6.35 מ""מ התואמים לאקדח החביאו במחסן ביתו ובין התאריכים 23.7.10 עד 24.7.10 הוא הובילו ממקום מחבואו ונסע לעתלית עם בני משפחתו, חזר לביתו ושב והחביאו במחסן.

באישום השני – בחודש יולי 2010 קיבל הנאשם מאותו אחר 15.05 גרם סם מסוכן נסוג קנבוס, תמורתו שילם 150 ₪. בחיפוש בבית הנאשם נתפס הסם. גם במועד אחר, שקדם למועד זה סופק לנאשם סם מסוג קנבוס לשימוש עצמי.","הנאשם הורשע על פי הודאתו לאחר ניהול חלקי של ההליך במסגרת כתב אישום מתוקן בשלושה אישומים נפרדים בגין ביצוע עבירות של ניסיון חבלה חמורה בנסיבות מחמירות לפי סעיף 25 + 335 + 333 לחוק העונשין, התשל""ז-1977, עבירות בנשק (החזקה) לפי סעיף 144(א) רישא + סיפא לחוק (2  עבירות), עבירות בנשק (נשיאה והובלת נשק) לפי סעיף 144(ב) רישא + סיפא לחוק (2 עבירות) ואיומים לפי סעיף 192 לחוק (2 עבירות).

כעולה מעובדות כתב האישום המתוקן, הנאשם היה חייב למתלונן סך של 300 ₪ בגין עסקת רכב. במהלך מפגש אקראי בין הנאשם למתלונן בטירת הכרמל התפתח ביניהם ויכוח במהלכו דרש המתלונן מן הנאשם שישיב לו את החוב. על רקע זה, בחלוף פחות משעה וחצי הגיע הנאשם ברכב לאתר בניה בו עבד המתלונן כשהוא רעול פנים ומצוייד בנשק. הנאשם יצא מן הרכב כשבידיו הנשק וניגש לעבר עובד ששהה במקום, אותו עובד פנה לנאשם וביקש לדעת מה ברצונו ובתגובה הנאשם ירה כדור אחד באויר על מנת להפחידו. לאחר מכן פנה הנאשם לכיוון הרכב ובמהלך הליכתו ירה כדור נוסף לעבר אותו עובד בניסיון לחבול בו חבלה חמורה עם נשק חם.

על פי האישום השני, יומיים לאחר מכן, הגיע הנאשם לקרבת ביתו של המתלונן בשעת בוקר מוקדמת כשהוא נושא תת מקלע מאולתר ותחמושת. בשעה שהמתלונן ובני משפחתו שהו בבית, ירה הנאשם כ- 12 קליעים לעבר ביתו של המתלונן שפגעו בקירות החיצוניים של הבית והמרפסת.

מהאישום השלישי עולה כי לערך יום לאחר ביצוע הירי לעבר המתלונן, בעת שהנאשם עבד כשומר באתר בניה, הוא החזיק נשק נוסף, מחסנית ותחמושת בזחל של אחד מכלי העבודה באתר, וכן כ- 17 כדורים מתחת לתקרה אקוסטית במכולה שעמדה במקום.",30.0,"1. סוג העבירה וחומרתה  
בתיק 1 מדובר בהחזקת נשק ""יבש"" ללא שימוש, בצירוף החזקת סם לשימוש עצמי – עבירות רכוש/סיכון מופחת, ללא מרכיב אלימות כלפי אדם. בתיק 2 מדובר בעבירות נשק בשילוב ניסיונות לחבלה חמורה בנסיבות מחמירות וירי לעבר אדם ובית מגורים – מדרגת חומרה גבוהה בהרבה. הדמיון מסתכם בכך שבשני התיקים קיימת עבירת נשק לפי סעיף 144, אך ההקשר המהותי והחומרה שונים מאוד.

2. תפקיד הנאשם ומעורבותו  
בתיק 1 הנאשם הוא מחזיק/נושא נשק באופן פסיבי יחסית: קיבל, החביא והוביל, ללא יוזמה פלילית אלימה וללא שימוש. בתיק 2 הנאשם הוא יוזם ועיקרי – מגיע חמוש ביוזמתו, רעול פנים, עושה שימוש פעיל בנשק בכוונה להפחיד ולפגוע, וחוזר על המעשים במספר אירועים. מדובר ברמת מעורבות ואקטיביות פלילית גבוהה בהרבה בתיק 2.

3. שיטת הביצוע (MO)  
בתיק 1: הסתרת נשק במחסן והובלתו ברכב משפחתי, ללא הפגנה, איומים או ירי – דפוס של החזקה/נשיאה דיסקרטית. בתיק 2: הגעה לאתר הבניה רעול פנים, ירי באוויר ואחר כך לעבר אדם, ירי לעבר בית מגורים עם תת-מקלע מאולתר, והחזקת נשק ותחמושת בסתר באתר בניה – דפוס אלים, מאיים, חוזר ונשנה, עם שימוש ממשי בנשק. המשותף הוא הסתרה והחזקה שלא כדין, אך אופן השימוש וההקשר שונים מהותית.

4. נסיבות הליבה  
בתיק 1 אין סכסוך אישי, אין איומים, אין ירי או נפגעים, ואין תכנון התקפי – הנסיבות מצביעות על מסוכנות נמוכה יחסית; גם עבירת הסם היא לשימוש עצמי ובכמות לא גדולה. בתיק 2 יש סכסוך ספציפי על חוב, תגובה מהירה במעשה נקמה, הגעה מזויינת, ירי לעבר אדם ולבית מיושב, שימוש בתת-מקלע מאולתר, אחסון נשק ותחמושת – נסיבות מחמירות מאד המעידות על מסוכנות גבוהה, תכנון מסוים וריבוי מעשים. הפער בנסיבות הליבה גדול מאוד.

5. ישימות כתקדים  
כתקדים ענישתי לעבירות האלימות והירי – תיק 1 כמעט שאינו רלוונטי, שכן חסר בו כל מרכיב של שימוש בנשק או פגיעה באדם. גם לעבירת החזקת הנשק, בית משפט יבחין בקלות בין החזקה ""יבשה"" חד-פעמית בבית (תיק 1) לבין החזקה ונשיאה כחלק מדפוס ירי ואלימות חמורה (תיק 2); לכל היותר תיק 2 יכול לשמש ""רף עליון"" תאורטי לסיכון מעבירות נשק, אך אינו תקדים ענייני ישיר לתיק 1. לפיכך, מידת הרלוונטיות ההדדית לצורכי ענישה מוגבלת ונמוכה.  

SIMILARITY_SCORE: 30","ok",""
"ME-20-07-29529-567","ME-16-08-54879-35",2,0,1,"הנאשם הודה במסגרת הסדר שלא כלל הסדר אודות העונש בעבירות בנשק (נשיאה והובלה – לפי סעיף 144(ב) (רישא + סיפא לחוק העונשין – התשל""ז 1977).

על פי האמור בכתב האישום המתוקן, ביום 30.06.2020, הנאשם ואדם אחר בשם פאדי נסעו בשעת ערב ברכב על כביש 70 לכיוון צפון, כאשר פאדי נוהג, והנאשם יושב לידו. במהלך הנסיעה, החזיק הוביל ונשא הנאשם אקדח חצי אוטומטי ולידו שתי מחסניות מתאימות כשכל האמל""ח מוסלק בתוך מכנס. עקב חשד להימצאות נשק ברכב, עצרו השוטרים את התנועה בכביש בסמוך למחלף סומך, ועקב כך נוצר פקק תנועה במקום. כשהרכב הגיע לפקק, עצרו השוטרים את הנאשם ואת פאדי יחד עם האקדח והמחסניות, כאשר הם מוסלקים בין רגליו של הנאשם.","הנאשם הודה בתיק זה בעובדות כתב האישום שתוקן, במסגרת הסדר טיעון בין הצדדים, אשר לא כלל הסדר לעניין העונש והורשע בביצוע עבירה בנשק (נשיאה והובלה),  לפי סעיף 144(ב) רישא וסיפא לחוק העונשין, התשל""ז – 1977 (להלן: חוק העונשין).

מעובדות כתב האישום המתוקן שהוגש במסגרת הסדר הטיעון עולה כי, ביום 17.8.16, סמוך לשעה 11:00  ברחוב ברזילי 12 בחיפה, שם התגורר הנאשם, נשא הלה והוביל תיק ובו תת מקלע מאולתר בקוטר 9 מ""מ, שסוגל לירות כדור שבכוחו להמית אדם (להלן גם: הנשק), מחסנית המתאימה לנשק ובתוכה 7 כדורים, וזאת בלא רשות על פי דין.",80.0,"1. סוג העבירה וחומרתה  
בשני התיקים מדובר באותה עבירה בדיוק – נשיאת והובלת נשק לפי סעיף 144(ב) רישא + סיפא לחוק העונשין, ללא רכיבים נוספים (לא סחר, לא שימוש בירי וכו'). רמת החומרה הנורמטיבית זהה; ההבדל בין אקדח לבין תת-מקלע מאולתר משפיע על מתחם הענישה בתוך אותה עבירה, אך לא משנה את סיווג העבירה או מדרג החומרה הבסיסי.

2. תפקיד הנאשם ומעורבותו  
בשני המקרים הנאשם הוא נושא ומוביל הנשק בפועל, כמבצע עיקרי – לא ""נלווה"" ולא מחזיק אגבי. אין בתיאורים אינדיקציה שהוא רק שליח תמים או נמצא בסיטואציה פסיבית; בשני התיקים הנאשם שולט פיזית בנשק ונושא אותו ביודעין.

3. שיטת הביצוע (MO)  
בשני התיקים מדובר בנשיאת נשק חם טעון/מוכן לשימוש (נשק + מחסנית מתאימה עם כדורים) במרחב ציבורי, כשהנשק מוסלק (בתיק/במכנסיים) ומובל ממקום למקום. ההבדל הוא באמצעי ההובלה (רכב בכביש בינעירוני לעומת הליכה עם תיק ליד הבית), אך דפוס הביצוע – הסלקת נשק חם והובלתו ללא רישיון – דומה מאוד.

4. נסיבות הליבה  
בשני המקרים מדובר בנשק קטלני אמיתי ולא באמצעי דמה, עם מחסנית ותחמושת; אין שימוש בפועל, אין ירי, ואין תיאור של נסיבות מחמירות מיוחדות (כגון סכסוך אלים מיידי, איום בפועל, אירוע טרור). בתיק 2 התת-מקלע המאולתר נתפס כמשהו יותר ""צבאי""/אוטומטי ולכן עלול להיחשב חמור יותר ברמת המסוכנות, בעוד שבתיק 1 קיים אלמנט של תנועה בכביש ראשי ובעצירת משטרה, אך שניהם נשארים בליבת עבירת הנשיאה/הובלה ללא נסיבות קיצון.

5. ישימות כתקדים  
לבית משפט יהיה נוח מאוד להסתמך על תיק אחד כנקודת ייחוס ענישתית לשני, מאחר שמדובר באותה עבירה, באותה רמת מעורבות ובנסיבות דומות של נשיאת נשק קטלני במרחב הציבורי. ההבדלים בסוג הנשק ובמיקום (כביש מול רחוב מגורים) יצדיקו אולי התאמה מסוימת ברף הענישה בתוך המתחם, אך לא ישללו רלוונטיות מהותית הדדית כתקדימי ענישה.

SIMILARITY_SCORE: 80","ok",""
"SH-09-05-9349-998","ME-20-07-29529-567",1,0,0,"הנאשם, מאלק עודה, יליד 1979 הודה והורשע במסגרת הסדר טיעון בעבירה של החזקת נשק שלא כדין לפי ס' 144 (א) לחוק העונשין, התשל""ז 1977.

כעולה מכתב האישום ביום 12/5/09, בשעה 12:00 במהלך חיפוש במקפיא בביתו שבג'לג'וליה נמצא הנאשם מחזיק באקדח מסוג  CZ שמספרו 1066A עם מחסנית ריקה. ובתוך נעל בחדרו 26 כדורי אקדח 9 מ""מ  התואמים לנשק שבמקפיא.","הנאשם הודה במסגרת הסדר שלא כלל הסדר אודות העונש בעבירות בנשק (נשיאה והובלה – לפי סעיף 144(ב) (רישא + סיפא לחוק העונשין – התשל""ז 1977).

על פי האמור בכתב האישום המתוקן, ביום 30.06.2020, הנאשם ואדם אחר בשם פאדי נסעו בשעת ערב ברכב על כביש 70 לכיוון צפון, כאשר פאדי נוהג, והנאשם יושב לידו. במהלך הנסיעה, החזיק הוביל ונשא הנאשם אקדח חצי אוטומטי ולידו שתי מחסניות מתאימות כשכל האמל""ח מוסלק בתוך מכנס. עקב חשד להימצאות נשק ברכב, עצרו השוטרים את התנועה בכביש בסמוך למחלף סומך, ועקב כך נוצר פקק תנועה במקום. כשהרכב הגיע לפקק, עצרו השוטרים את הנאשם ואת פאדי יחד עם האקדח והמחסניות, כאשר הם מוסלקים בין רגליו של הנאשם.",45.0,"1. סוג העבירה וחומרתה  
שני התיקים עוסקים בעבירות נשק נגד אותו אינטרס מוגן (שלום הציבור), אך בתיק 1 מדובר בהחזקה בלבד לפי ס' 144(א), בעוד שבתיק 2 מדובר בנשיאה והובלה לפי ס' 144(ב), הנחשבות בפסיקה חמורות יותר, במיוחד כשמדובר במרחב ציבורי. לכן יש דמיון מסוג העבירה, אך פער מהותי ברמת החומרה.

2. תפקיד הנאשם ומעורבותו  
בשני המקרים הנאשם הוא המחזיק הישיר בנשק – לא שליח, לא ""מארח"" נשק של אחר באופן פסיבי, אלא מי שבשליטתו המעשית והפיזית נמצא האקדח. בתיק 2 יש אדם נוסף (הנהג), אך הנאשם הוא זה שנושא בפועל את האקדח על גופו; מבחינת דרגת מעורבות – דמיון גבוה.

3. שיטת הביצוע (MO)  
בתיק 1 מדובר בהחזקה סטטית בבית, בהסתרה במקפיא ובנעל – אופי ""מחסני"" יותר, ללא תנועה במרחב הציבורי. בתיק 2 מדובר בהסתרת האקדח על הגוף ובין הרגליים בזמן נסיעה בכביש ציבורי, באופן שמאפשר נגישות מיידית לשימוש; זה דפוס מסוכן ודינמי יותר, מה שמבדיל מהותית את שיטת הביצוע.

4. נסיבות הליבה  
בשני התיקים מדובר באקדח בודד מסוג אקדח חצי אוטומטי עם תחמושת מתאימה, ללא ירי, איומים או שימוש בפועל, ובלי מאפיינים ""צבאיים"" מיוחדים – זה דומה. עם זאת, בתיק 2 הנשיאה ברכב בכביש הומה, בשעת ערב, עם שתי מחסניות מוכנות, מעלה את רמת הסיכון והחומרה לעומת החזקה ביתית מוסתרת בתיק 1, הנתפסת בפסיקה כקלה יותר.

5. ישימות כתקדים  
בית משפט יראה בשני התיקים כחלק מאותו מארג נורמטיבי של עבירות נשק, וייתכן שיעשה שימוש בתיק ההחזקה כנקודת ייחוס נמוכה יותר במנעד הענישה. עם זאת, בשל ההבחנה המהותית שהפסיקה עושה בין החזקה ""סטטית"" (144(א)) לבין נשיאה/הובלה במרחב הציבורי (144(ב)), המשקל התקדי של תיק 1 לתיק 2 יהיה מוגבל, ולא נתפס כתקדים ענישתי ישיר.

SIMILARITY_SCORE: 45","ok",""
"ME-22-03-46930-359","ME-16-03-59260-279",1,0,0,"הנאשם, יליד 2/8/82, הורשע, על יסוד הודייתו בעובדות כתב האישום שהוגש נגדו, בעבירות בנשק (רכישה והחזקה) – לפי סעיף 144(א) רישא + סיפא לחוק העונשין, תשל""ז -1977 (להלן: חוק העונשין) ועבירות בנשק (סחר) – לפי סעיף 144(ב2) לחוק העונשין.

הנאשם וסולטאן עטאללה תושב ירכא (להלן: עטאללה), נמצאים בקשרי חברות שנים ארוכות.

במהלך שנת 16', רכש עטאללה אקדח מסוג גלוק יחד עם מחסנית תואמת (להלן: האקדח והמחסנית בהתאמה), בסכום של 12,000 ₪, והמשיך להחזיקם כשהם מוסתרים בשטח פתוח מכפר מגוריו, כל זאת בלא רשות על פי דין. האקדח הוא כלי נשק שסוגל לירות כדור, שבכוחו להמית אדם, והמחסנית היא אביזר לכלי נשק כאמור.

במהלך חודש אוגוסט 16', נפגש הנאשם עם עטאללה (להלן: הפגישה); עטאללה הגיע לפגישה כשהוא נושא ומוביל עמו את האקדח והמחסנית, בלא רשות על פי דין, מסר אותם לנאשם בלא רשות על פי דין,  והשניים סיכמו כי הנאשם ישלם לעטאללה עבורם בהמשך.

הנאשם החזיק באקדח ובמחסנית, עד שמסר אותם למחרת לחברו חמאדה עתאמנה (להלן: חמאדה), כל זאת בלא רשות על פי דין. בעת המסירה סיכמו הנאשם וחמאדה כי בתמורה לאקדח ולמחסנית, ימסור חמאדה לנאשם את רכבו מסוג יגואר, מ""ר 65-947-64 (להלן: הרכב), ובהמשך לאמור חמאדה אכן מסר לנאשם את החזקה ברכב.

לאחר המתואר לעיל, במועד שאינו ידוע במדויק למאשימה, העביר הנאשם לעטאללה סכום של כ-16,000 ₪, תמורת האקדח והמחסנית.

בתאריך 9/2/17 נתפסו האקדח והמחסנית ברשותו של חמאדה, על ידי שוטרי משטרת ישראל.

במעשיו המתוארים לעיל, רכש הנאשם, החזיק נשק ומחסנית וכן סחר בהם, כל זאת בלא רשות על פי דין.

אין חולק שהעבירות אשר בוצעו על ידי הנאשם בשנת 16' כאמור, התגלו רק בחודשים פברואר - מרץ  22' - עקב מעצרו של עטאללה; הנאשם נעצר ביום 2/3/22, וכתב האישום נגדו הוגש בתאריך 22/3/22.","הנאשם הורשע, על יסוד הודאתו, במסגרת הסדר טיעון, בכתב אישום מתוקן, בעבירות של נשיאת נשק בלא רשות, על פי דין, לפי סעיף 144(ב) רישא+סיפא לחוק העונשין, התשל""ז-1977 (להלן: ""החוק"") והחזקת נשק בלא רשות על פי דין, לפי סעיף 144(א) רישא+סיפא לחוק.

החל ממועד שאינו ידוע למאשימה ועד לתאריך 23.3.16, החזיק הנאשם במחסן חנות הדגים שבה עבד, ברחוב נווה שאנן 37 בתל-אביב (להלן: ""החנות""), אקדח 9 מ""מ מסוג 'גלוק' בצבע שחור, מ.ר. F.V.458 (להלן: ""האקדח"") ללא היתר כדין, כשהוא עטוף בשקית שחורה, וכן תחמושת מסוג מחסנית המתאימה לאקדח שבתוכה 14 כדורי קליבר 9 מ""מ (להלן יחד: ""הנשק"").

ביום 23.3.16 סמוך לשעה 7:30 הגיעו הנאשם ואחר לרחוב התחייה 19, תל אביב-יפו, ומיד לאחר הגיעם למקום, נורו יריות לעבר האחר. בעקבות הירי ומיד לאחריו, ולאחר שהאחר נמלט רגלית מהמקום, נסע הנאשם לבדו ברכב מסוג ""מרצדס"" (להלן: ""הרכב""), למחסן החנות שבו הוחזק הנשק, נטל ונשא משם את הנשק.

הנאשם שב לרכב כשהוא מצויד בנשק ובתחמושת ונסע מהמקום. בהמשך לכך, נסע הנאשם לבדו ברכב על מנת לחפש את האחר, עד שהגיע לרחוב המנוע 2, תל אביב-יפו.",45.0,"1. סוג העבירה וחומרתה  
בתיק 1 מדובר ברכישה, החזקה **וסחר** בנשק (144(א), 144(ב2)), כשעבירת הסחר מעלה את החומרה (עבירה כלכלית-ארגונית, פוטנציאל הפצה). בתיק 2 מדובר בהחזקה **ונשיאה** (144(א), 144(ב)) ללא רכיב מסחרי, אך הנשיאה מתרחשת בהקשר מובהק של אירוע ירי וחיפוש אחרי יעד – נסיבות שמעלות מסוכנות אישית. אלו סעיפים ""אחים"" אבל דגש נורמטיבי שונה: סחר לעומת נשיאה בהקשר אלים.

2. תפקיד הנאשם ומעורבותו  
בתיק 1 הנאשם פועל כסוחר/מתווך: רוכש נשק מאדם אחד ומעבירו לאחר בתמורה כלכלית מובהקת (אקדח תמורת רכב וכסף), בלי שיוחס לו שימוש מבצעי בנשק. בתיק 2 הנאשם הוא המחזיק והנושא של הנשק בהקשר מבצעי-אקטיבי של סכסוך וירי, ללא רכיב מסחרי או תיווך; מעורבותו היא ""מבצעית"" ולא ""מסחרית"". מדובר בסוג שונה של תפקיד פלילי.

3. שיטת הביצוע (MO)  
בתיק 1 – דפוס כלכלי-עסקאי: פגישה מתואמת, קבלת אקדח, העברתו לחבר אחר, תשלום כספי מאוחר יותר – הכול במבנה של עסקת נשק ""סגורה"". בתיק 2 – החזקה במחסן עבודה ושאיבת הנשק משם מיד לאחר אירוע ירי לצורך יציאה לחיפוש אחר יעד; השימוש בנשק הוא כחלק מדינמיקה אלימה מתגלגלת בעיר. שיטת הביצוע ו""הלוגיקה"" של העבירה שונות מהותית.

4. נסיבות הליבה  
בשני התיקים מדובר באקדח גלוק ומחסנית/תחמושת, ובשניהם אין ירי בפועל המיוחס לנאשם עצמו, אך: בתיק 1 אין הקשר של סכסוך, איומים או תכנון שימוש באקדח נגד אדם מסוים – רק מסחר והעברה; לעומת זאת בתיק 2 ההחזקה והנשיאה כרוכות ישירות באירוע ירי חי ומתמשך (הגעה לזירה, ירי כלפי האחר, בריחה, חימוש מחדש ויציאה לחיפוש). חומרת הסיכון והמסוכנות האישית בתיק 2 גבוהה יותר, בעוד שבתיק 1 החומרה נובעת מהפצת נשק בשוק האפור.

5. ישימות כתקדים  
לצורכי ענישה שני התיקים יכולים לשמש זה את זה **בגבוליות** כ""מסגרת"" כללית לעבירות נשק מסוג אקדח (רמת ענישה, משקל ההודאה, חלוף זמן), אך לא כתקדימים קרובים במובן המהותי. בית משפט צפוי להבחין בבירור בין תיק סחר/העברה ""עסקית"" (תיק 1) לבין תיק נשיאה בהקשר של אירוע אלים מתגלגל (תיק 2), ולראות בהם תתי-קטגוריות שונות של עבירות נשק. לכן הרלוונטיות ההדדית כתקדים ענישתי היא חלקית בלבד.

SIMILARITY_SCORE: 45","ok",""
"ME-16-02-18397-87","ME-12-03-13401-281",1,0,0,"הנאשם הורשע על פי הודאתו בביצוע עבירות של עבירות בנשק (נשיאה והובלה), לפי סעיף 144(ב) רישא וסיפא לחוק העונשין, התשל""ז- 1977 (להלן: ""חוק העונשין""), נהיגה ללא רישיון לפי סעיפים 10(א) לפקודת התעבורה [נוסח חדש], התשכ""א – 1961 (להלן: ""פקודת התעבורה""), נהיגה ללא ביטוח לפי סעיף 2(א)(ב) לפקודת ביטוח רכב מנועי [נוסח חדש], תש""ל – 1970 וללא רישיון רכב לפי סעיף 2 לפקודת התעבורה.

הנאשם הטמין אקדח מתחת למושב קטנוע שברשותו, שם בכיסו כדורים לרובה, ונהג בקטנוע ללא רישיון נהיגה, ללא ביטוח וללא רישיון רכב תקף. מעט לפני הכניסה לכפר דבוריה, הבחין הנאשם בשני שוטרים שמבצעים בדיקת רישיונות שיגרתית. הנאשם ביצע פניית פרסה, השוטרים נסעו אחריו עד שהשיגו אותו, ביקשו ממנו לפתוח את התא של האופנוע אך הוא סירב. בחיפוש על גופו נמצאו כדורי הרובה ובתא שמתחת לכיסא הקטנוע, מצאו את הנשק. הנשק נמצא לא תקין, שכן לצורך הפעלתו יש להוסיף חלק פנימי שחסר, שבלעדיו לא ניתן לבצע ירי.","הנאשם הודה, טרם שמיעת ראיות, בעובדות כתב אישום מתוקן והורשע בביצוע העבירות: החזקת נשק שלא כדין - עבירה לפי סעיפים 144(א) (רישא + סיפא) + 144(ג) לחוק העונשין, תשל""ז-1977 (להלן: ""החוק""), נשיאת והובלת נשק - עבירה לפי סעיפים 144(ב) (רישא + סיפא) + 144(ג) לחוק ויריות באזור מגורים - עבירה לפי סעיף 340א לחוק.

מעובדות כתב האישום המתוקן עולה כי בליל 25 -26.2.12, הנאשם החזיק ונשא אקדח גנוב מסוג CZ קליבר 9 מ""מ, שתי מחסניות שבתוכן כדורי אקדח ו-11 כדורי אקדח 9 מ""מ נוספים. האקדח נגנב ב- 3.2.12 בהתפרצות לבית  ביישוב ציפורי.

סמוך לשעה 00:38, ברחוב שיבת ציון בחיפה שהינו ""איזור מגורים"", ירה הנאשם מהאקדח 11 כדורים, ללא הסבר סביר. לאחר מכן נכנס הנאשם עם האקדח, כשהוא טעון עם כדור בקנה ופטיש האקדח משוך לאחור, עם הכדורים ועם המחסניות לרכב, בו שהו אנשים נוספים. סמוך לשעה 1:50 הנאשם נעצר ברכב על ידי שוטרים.",40.0,"1. סוג העבירה וחומרתה  
בשני התיקים מדובר בעבירות נשק לפי סעיף 144 לחוק העונשין, כך שיש חפיפה בסוג העבירה הבסיסי (נשיאה/הובלה של אקדח ותחמושת). עם זאת, בתיק 2 מתווספות עבירות חמורות יותר – החזקת נשק גנוב, תחולת סעיף 144(ג) וירי באזור מגורים (סעיף 340א) – מה שמעלה משמעותית את רמת החומרה ביחס לתיק 1, שבו לא בוצע ירי והנשק לא היה תקין.

2. תפקיד הנאשם ומעורבותו  
בשני התיקים הנאשם הוא המחזיק והמוביל הישיר של הנשק, ללא גורם מעליו או מתחתיו (לא שליח ולא ""בעל בית"" של ארגון), כך שבמובן זה יש דמיון במידת המעורבות האישית. עם זאת, בתיק 2 הנאשם מבצע פעולה יזומה ואקטיבית של ירי במרחב ציבורי, בעוד שבתיק 1 המעורבות מסתכמת בהחזקה/הטמנה והימנעות מבדיקה – ללא שימוש בפועל בנשק.

3. שיטת הביצוע (MO)  
בתיק 1 הנשק מוסתר מתחת למושב קטנוע, לא תקין לשימוש, וההתנהלות מתמקדת בהימנעות מביקורת משטרתית ובהפרות תנועה. בתיק 2 הנשק מוחזק ונישא כשהוא גנוב, תקין, טעון ומוכן לירי, נורה בפועל ברחוב מגורים, ולאחר מכן הנאשם נכנס לרכב עם אחרים כשאקדח עם כדור בקנה – דפוס ביצוע יוזמתי ומסוכן בהרבה, ושונה מהותית מהסתרה פסיבית יחסית בקטנוע.

4. נסיבות הליבה  
בתיק 1: נשק אחד לא תקין, ללא ירי, ללא שימוש מאיים מתואר, בצירוף עבירות תעבורה (ללא רישיון, ביטוח ורישיון רכב) – נסיבות שיש בהן מסוכנות, אך ברף נמוך יחסית לעבירות נשק. בתיק 2: אקדח גנוב, תקין, שתי מחסניות, תחמושת רבה, ירי של 11 כדורים באזור מגורים בשעת לילה, נשק טעון עם כדור בקנה ופטיש משוך ברכב עם אנשים נוספים – מכלול נסיבות מחמירות, עם סיכון קונקרטי לחיי אדם ולשלום הציבור.

5. ישימות כתקדים  
בית משפט עשוי לראות בתיקים כמצויים באותו ""משפחת עבירות"" (עבירות נשק אישיות במרחב אזרחי), ולכן ייתכן שימוש השוואתי כללי ברמת הענישה. אך בשל הפער המהותי בחומרה – ירי באזור מגורים, נשק גנוב, תקין וטעון לעומת נשיאה של נשק לא תקין ללא ירי – תיק 2 אינו תקדים ענישה מייצג לתיק 1 אלא דוגמה למקרה מחמיר בהרבה, ולהיפך תיק 1 ישמש לכל היותר כרף תחתון או נקודת ייחוס מופחתת ביחס לתיק 2.

SIMILARITY_SCORE: 40","ok",""
"ME-17-10-62597-895","SH-15-12-65958-120",1,0,0,"הנאשם, יליד 23.2.1998, הורשע על סמך הודאתו בעובדות כתב אישום מתוקן בהסדר, בעבירה של נשיאת והובלת נשק על פי סעיף 144(ב) לחוק העונשין, התשל""ז-1977.

בחודש דצמבר 2016 יצא הנאשם מביתו שבלקיה אל מקום שמחוץ ליישוב כשהוא נושא עמו אקדח FN, מחסנית וכדורים, וזאת ללא רשות על פי דין (לציין, מלכתחילה יוחסה לנאשם מעורבות בפרשייה מורכבת ומסובכת יותר).","הנאשם, יליד 1984, הורשע על יסוד הודאתו, בעובדות כתב האישום מתוקן, בשלוש עבירות של החזקת נשק ותחמושת לפי סעיף 144 (א) רישא וסיפא לחוק העונשין התשל""ז-1977.

לפי עובדות כתב האישום, ביום 24.12.15, החזיק הנאשם בביתו בטייבה אקדח זיג זאוור טעון במחסנית ו-8 כדורי אקדח בקוטר 9 מ""מ. עוד החזיק במקום מסתור מעל ארון במטבח ביתו, נשק מאולתר מסוג קרלו טעון במחסנית ובה 15 כדורי 9 מ""מ. באותו מועד, החזיק הנאשם אקדח נוסף ושתי מחסניות האחת ריקה ואחת מלאה ב-6 כדורי אקדח בקוטר 7.65 בתוך קופסה בספרייה בביתו.",55.0,"1. סוג העבירה וחומרתה  
שני התיקים עוסקים בעבירות נשק לפי סעיף 144 לחוק העונשין, כך שהם באותה משפחה נורמטיבית. עם זאת, בתיק 1 מדובר ב""נשיאת והובלת נשק"" (מעשה דינמי, בדרך‑כלל נתפס כחמור יותר מהחזקה סטטית), ואילו בתיק 2 ב""החזקת נשק ותחמושת"" בבית אך בכמות וכלים מרובים – מה שמחמיר את חומרת תיק 2 בפועל.

2. תפקיד הנאשם ומעורבותו  
בשני המקרים הנאשם הוא המחזיק הישיר בנשק, ללא תיאור של תפקיד כ""סוחר"" או כחוליה בשרשרת ארגונית, כך שמדובר במעורבות ישירה ואישית בשימוש/שליטה בנשק. עם זאת, ריבוי כלי הנשק והמיקומים בתיק 2 מצביעים על תפקיד קרוב יותר ל""מחסן נשק"" מאשר על נשיאה חד‑פעמית כמו בתיק 1.

3. שיטת הביצוע (MO)  
בתיק 1 מדובר בנשיאה פיזית של אקדח אחד מחוץ לבית, במרחב הציבורי, באירוע בודד. בתיק 2 מדובר בהחזקת מספר כלי נשק ותחמושת מוסתרים במקומות שונים בתוך הבית, ללא תנועה החוצה – דפוס של אחסון/הסתרה קבועים, להבדיל מהובלה או נשיאה.

4. נסיבות הליבה  
תיק 1: נאשם צעיר (כבן 18), אקדח יחיד, ללא פירוט של תכנון מיוחד, ריבוי נשק או אספקט ""מחסני""; קיימת אמירה על פרשה מורכבת יותר אך אין לכך ביטוי בעובדות המרשיעות. תיק 2: נאשם מבוגר יותר, שלושה כלי נשק (כולל ""קרלו"" מאולתר שנחשב חמור), תחמושת בכמות לא מבוטלת ומקומות מסתור – נסיבות ליבה מחמירות משמעותית יותר המעידות על שליטה מתמשכת בארסנל נשק ולא על אירוע נקודתי.

5. ישימות כתקדים  
מבחינת עקרונות כלליים של ענישה בעבירות נשק (סכנה לציבור, החמרה עם נשק חם בלתי חוקי, משקל לכמות כלי הנשק וכו') – שני התיקים רלוונטיים זה לזה, ובית המשפט עשוי להיעזר באחד לצורך מתחמי ענישה של האחר. עם זאת, ההבדל בין נשיאה חד‑פעמית של אקדח יחיד לבין החזקת ""מחסן"" נשק ביתי עם מספר כלים ותחמושת מצמצם את כוחם כתקדימים הדדיים ישירים; הדמיון הוא יותר ברמת הקטגוריה (עבירות נשק) מאשר ברמת דפוס העבירה הקונקרטי.

SIMILARITY_SCORE: 55","ok",""
"ME-13-02-28360-614","ME-16-06-44840-433",1,0,0,"הנאשם הורשע על פי הודאתו, לאחר הסדר טיעון לעניין תיקונו של כתב האישום, בכתב אישום מתוקן בעבירות של נשיאת נשק, הפרעה לשוטר במילוי תפקידו, עבירות לפי סעיפים  144(ב) רישא+סיפא ו- 275 לחוק העונשין, התשל""ז- 1977 וכן בעבירה של נהיגה ללא רישיון, עבירה לפי סעיף 10(א) לפקודת התעבורה [נוסח חדש], התשכ""א- 1961, נהיגה ללא ביטוח, עבירה לפי סעיף 2 לפקודת ביטוח רכב מנועי, התש""ל- 1970 ובעבירה של נהיגה תחת השפעת משקאות משכרים- עבירה לפי תקנה 26(2) לתקנות התעבורה, התשכ""א- 1961.

על פי עובדות כתב האישום המתוקן, ביום 7/2/13 שאל הנאשם מגיסו את רכבו ונהג ברכב במספר הזדמנויות, על אף שמעולם לא היה ברשותו רישיון נהיגה וכשהוא נוסע ללא ביטוח תקף. בתאריך 9/2/13 נהג הנאשם ברכב כשלצדו ישב חברו הלאל אבו זעילה, כשהלאל נושא עמו ברכב אקדח ותחמושת. הנאשם נהג ברכב לאחר ששתה משקאות אלכוהוליים משכרים. הנאשם והלאל עצרו את הרכב ברהט, הלכו לצריף הנמצא בקרבת מקום ושם הלאל אחז באקדח וירה בו שלוש יריות באוויר. השניים עזבו את המקום לאחר שדייר השכונה צעק לעברם. צוות משטרה שקיבל דיווח על הירי, איתר את הרכב בו נסעו הנאשם והלאל וסימן להם לעצור באמצעות הסירנה והכריזה. הנאשם והלאל לא צייתו להוראת השוטרים לעצור והחלו להימלט בנסיעה מהירה בתוך העיר רהט. ניידת משטרה עם אורות כחולים דולקים עצרה בקרבת מקום באופן שהיא חוסמת את נתיב הנסיעה במטרה לעצור את הרכב. הרכב נסע לכיוון הניידת, עקף אותה תוך נסיעה על המדרכה והשניים המשיכו להימלט בנסיעה מהירה כשהניידת דולקת בעקבותיהם ומורה להם לעצור. לבסוף הרכב נעצר והנאשם והלאל יצאו מתוכו וברחו בריצה.","הנאשם, יליד 1993, הודה והורשע בכתב אישום שתוקן במסגרת הסדר טיעון בעבירות של נשיאת נשק לפי סעיף 144(ב) לחוק העונשין התשל""ז-1977 (להלן: חוק העונשין), החזקת נשק לפי סעיף 144(א) לחוק וסיוע לנסיון לתקיפה לפי סעיפים 379 + 25 + 31 לחוק. 

על פי כתב האישום המתוקן, קיים סכסוך בין חברו של הנאשם אלירון גולד לבין אחרים, ביניהם רן ויוני אברג'יל ונתי קורקוס. עובר ליום 3.5.16 קיבל הנאשם לידיו והחזיק במקום מסתור שני רימוני הלם ורימון גז (להלן: הרימונים). בתאריך 5.6.16 נאמר לאלירון כי האחרים נמצאים ברחוב האפרסמון בירושלים. הוא קרא לנאשם ולחברים נוספים, הנאשם הצטייד ברימונים וכולם נסעו לרחוב האפרסמון. הנאשם מסר לאלירון את רימון הגז והסביר לו כיצד להשתמש בו. מאוחר יותר השליך הנאשם את רימון הגז לעבר רן אברג'יל . הנאשם נטל את שני רימוני ההלם והטמינם במקום סמוך. ביומיים שלאחר מכן העבירם בין שני מקומות מסתור נוספים. במסגרת הסדר הטיעון הוסכם גם שעבירת הסיוע לנסיון התקיפה התבטאה רק בכך שהנאשם הביא לזירה את הרימונים והסביר לאלירן איך להשתמש ברימון הגז.",35.0,"1. סוג העבירה וחומרתה  
בשני התיקים קיימת עבירת נשק לפי סעיף 144, אך בתיק 1 עבירת הנשק משולבת בעיקר עם נהיגה מסוכנת, הפרעה לשוטר ועבירות תעבורה; בתיק 2 עבירות הנשק משולבות עם סכסוך עברייני ועם סיוע לניסיון תקיפה. בתיק 2 מדובר בהחזקת ונשיאת רימונים (אמצעי לחימה ""צבאיים"") ובהקשר של סכסוך אלים מתוכנן, מה שמעלה את החומרה ביחס לתיק 1 שבו הירי באוויר והעיקר הוא מרדף משטרתי ונהיגה מסכנת.

2. תפקיד הנאשם ומעורבותו  
בתיק 1 הנאשם הוא הנהג, כאשר החבר הוא שנושא את האקדח ויורה; מעורבותו בנשק עצמה משנית ביחס למעורבותו בהימלטות, בנהיגה תחת השפעה ובהפרעה לשוטרים. בתיק 2 הנאשם הוא נושא הנשק המרכזי – מחזיק, מסתיר, מעביר ומביא את הרימונים לשטח, מסביר איך להשתמש בהם ואף משליך רימון גז; מעמדו כ""גורם הנשק"" בסכסוך האלימ־מאורגן מהותי בהרבה.

3. שיטת הביצוע (MO)  
בתיק 1 מדובר בהתנהלות ספונטנית יחסית: נשיאת אקדח ברכב, ירי באוויר בשכונה, ולאחר מכן הימלטות פרועה מהמשטרה ברכב ובריצה. בתיק 2 מדובר בדפוס מתוכנן ומתמשך: קבלת רימונים מראש, החזקתם במקומות מסתור, הטמנתם והעברתם במספר מקומות, גיוס חברים ונסיעה יזומה לזירת המפגש עם היריבים.

4. נסיבות הליבה  
בתיק 1: אקדח אחד ותחמושת, ירי באוויר ללא כוונה מוצהרת לפגוע באדם מסוים, אך בצירוף נהיגה בשכרות, ללא רישיון, ללא ביטוח, מרדף, עקיפת ניידת על המדרכה והימלטות – דגש על סיכון משתמשי הדרך ואי ציות למשטרה. בתיק 2: שלושה רימונים (הלם וגז), החזקה והעברה חוזרת שלהם, הגעה יזומה לרחוב בו נמצאים יריבים והשלכת רימון גז לעבר אדם ספציפי בהקשר של סכסוך; זהו דפוס של אלימות עבריינית מאורגנת יותר ופחות ""תעבורתי־שוטטותי"".

5. ישימות כתקדים  
למרות המכנה המשותף של ""עבירות נשק"", גרעין אי־החוקיות בכל תיק שונה: בתיק 1 – נשק בהקשר של נהיגה מסוכנת והפרעה לשוטרים; בתיק 2 – נשק בהקשר של סכסוך עברייני ואלימות מתוכננת עם אמצעי לחימה חריגים. בית משפט עשוי להסתמך עליהם זה על זה באופן נקודתי לעניין מתחם ענישה כללי בעבירות נשק, אך כתקדים ענייני ""ישיר"" – מידת הרלוונטיות מוגבלת.

SIMILARITY_SCORE: 35","ok",""
"SH-18-06-11098-353","SH-16-11-7544-55",3,1,1,"הנאשם שלפני נותן את הדין בגין עבירה של אחזקת נשק ותחמושת שלא כדין, בניגוד לסעיף 144(א) רישא וסיפא לחוק העונשין, תשל""ז-1977.

בהתאם לעובדות כתב האישום, בהם הודה הנאשם כפי שהן – נתפס, בתאריך 23/05/18, מחזיק רובה סער מסוג ""גליל"", שמספרו הסידורי נמחק; וכן מחסניות ותחמושת - שלא כדין.","הנאשם הורשע על פי הודאתו בעבירה של החזקת נשק שלא כדין בהתאם להוראת סעיף 144(א) רישא וסיפא לחוק העונשין.

על פי המתואר בעובדות כתב האישום, בתאריך 26.10.16, עת שנסע ברכבו במחלף להב-שומריה שבכביש 6 לכוון צפון, הבחין השוטר מיכאל אדרי (להלן: ""מיכאל"") בנאשם עומד מאחורי ארונות השקיה הצמודים לנתיבי הנסיעה. בהגיעו לנאשם, הבחין מיכאל כי הנאשם מחזיק בנשק מסוג רובה תת מקלע מאולתר ומחסנית המכילה 10 קליעים בקוטר 9 מ""מ. במעשיו האמורים החזיק הנאשם בנשק ובאבזר תחמושת ללא רשות על פי דין להחזיקם.",80.0,"1. **סוג העבירה וחומרתה**  
שני התיקים עוסקים באותה עבירה בדיוק – החזקת נשק ותחמושת שלא כדין לפי סעיף 144(א) רישא וסיפא. בשני המקרים מדובר בנשק ארוך קטלני (רובה סער גליל לעומת תת־מקלע מאולתר) המלווה בתחמושת, וברמת חומרה עקרונית דומה של ""נשק קרבּי"" ולא אקדח יחיד או תחמושת בלבד.

2. **תפקיד הנאשם ומעורבותו**  
בשני התיקים הנאשם הוא *המחזיק הישיר* בנשק – אין תיאור של סחר, תיווך או פעילות עבריינית נלווית, אלא החזקה ""נטו"". בשני המקרים מדובר במעורבות ישירה ואקטיבית (הנאשם מחזיק פיזית בנשק), ללא גורם מתווך או דרג הפעלה מעליו.

3. **שיטת הביצוע (MO)**  
העבירה בשני המקרים היא החזקה גרידא, ללא תכנון מורכב או שיטה עבריינית מתוחכמת (אין הברחה, הסתרה בדירה שכורה למטרות סחר, שימוש ברכב ""ממוגן"" וכד'). בתיק 2 יש אלמנט של החזקה במקום ציבורי והתחבאות מאחורי ארונות השקיה, בעוד שבתיק 1 אין פירוט נסיבות התפיסה – אבל בשניהם דפוס העבירה המרכזי הוא עצם ההחזקה הבלתי־חוקית.

4. **נסיבות הליבה**  
בתיק 1 מדובר ברובה סער גליל שמספרו הסידורי נמחק, עם מחסניות ותחמושת – מה שמעיד על נשק צבאי תקין ומוכנות לשימוש, ובנוסף מחיקת המספר מחמירה את מאפיין ה""עולם הפלילי"". בתיק 2 מדובר בתת־מקלע מאולתר ומחסנית עם 10 כדורים, וההחזקה במקום ציבורי (מחלף בכביש 6) יוצרת סיכון מיידי יותר לציבור; בסך הכול, בשני המקרים: נשק קרבי + תחמושת, נשק מוכן לשימוש, ללא שימוש בפועל, ללא אינדיקציה לייעוד טרוריסטי/עברייני קונקרטי.

5. **ישימות כתקדים**  
בית משפט הדן בתיק אחד יראה בתיק האחר פסיקה רלוונטית מאוד לקביעת מתחם ענישה לעבירות החזקת נשק ותחמושת מסוג זה (נשק ארוך/אוטומטי, החזקה יחידנית, ללא שימוש בפועל). יחד עם זאת, ניתן יהיה לטעון להחמרה/הקלה יחסית בשל ההבדלים הספציפיים (מספר סידורי שנמחק לעומת נשק מאולתר, מקום ההחזקה – ציבורי לעומת לא מפורט), אך אלה ניואנסים במסגרת אותה קטגוריה מהותית של עבירות.

SIMILARITY_SCORE: 80","ok",""
"ME-14-07-13179-197","m08000207-175",1,0,0,"הנאשם לפניי הורשע, על-פי הודאתו בעובדות כתב-אישום מתוקן מיום 13.01.15, בעבירות של נשיאת נשק ותחמושת, לפי סעיף 144(ב)+(ג)(1) לחוק העונשין, התשל""ז-1977; ירי באזור מגורים, לפי סעיף 340א לחוק; שיבוש מהלכי משפט, לפי סעיף 244 לחוק; הפרת הוראה חוקית, לפי סעיף 287(א) לחוק; גניבה, לפי סעיף 384 לחוק; ואיומים, לפי סעיף 192 לחוק.
בנוסף הורשע הנאשם, לאחר הודאתו בעובדותיו של כתב אישום נוסף שאותו ביקש לצרף (ת""פ (שלום נצרת) 37290-02-13), בעבירות של החזקת נשק ותחמושת, לפי סעיף 144(א) רישא וסיפא לחוק.

על-פי המתואר בכתב האישום, עודאי חבשי (להלן: ""המתלונן"") והנאשם הינם בני דודים.

ביום 19.02.13 הוגש כנגד הנאשם כתב-האישום המצורף. בד בבד עם הגשת כתב האישום המצורף הוגשה בקשה למעצרו של הנאשם עד תום ההליכים המשפטיים נגדו. עוד באותו המועד הורה בית-המשפט שם על שחרורו של הנאשם לחלופת מעצר בתנאים של 'מעצר בית' מלא, בביתו שבכפר יפיע תחת פיקוחם, יחד ולחוד, של אמו וסבו (להלן: ""מעצר הבית""). מעצר הבית עמד בתוקפו במועדים בהם התרחשו האירועים המתוארים בכתב האישום הנוכחי.

כחודשיים עובר ליום 22.06.14 היה המתלונן אמור לשלם לנאשם סך של 2,000 ₪ (להלן: ""החוב""), סכום אותו לא הצליח לגייס. חוב זה עמד בבסיסי האירועים שיפורטו.

על רקע החוב התפתח עימות בין הנאשם למתלונן ביום 22.06.14 במהלכו גנב הנאשם את מכשיר הטלפון של המתלונן. בעקבות העימות יצר אביו של המתלונן, טארק חבשי (להלן: ""טארק""), הוא דודו של הנאשם, קשר עם הנאשם והשניים סיכמו להיפגש. ביום 23.06.14, בסמוך לשעה 22:30, הגיע הנאשם לבית המתלונן באכסאל, תוך שהוא מפר את תנאי מעצר הבית בו היה נתון, יחד עם בן-דודו נידאל בשארה (להלן: ""נידאל""), ופגש בטארק. אותה העת שהה המתלונן מחוץ לביתו.

טארק, נידאל והנאשם שוחחו אודות חובו של המתלונן לנאשם וניסו ליישב את הסכסוך ביניהם. כעבור זמן מה הגיע המתלונן לביתו ואז התפתח בינו לבין הנאשם דין ודברים. הנאשם דרש מהמתלונן כי ישלם לו את חובו בסך 2,000 ₪, אך המתלונן הודיע לנאשם כי אין ברשותו את הסכום האמור. בתגובה החל הנאשם לצעוק ולקלל את המתלונן. במהלך חילופי הדברים הקשים הזכיר המתלונן את שמו של שוטר המתגורר בכפר וסיפר כי עירב אותו בסיפור. או אז, שלף הנאשם אקדח ממכנסיו, דרך אותו וירה 3 יריות באוויר במטרה להפחיד או להקניט את המתלונן. בתום הירי אסף הנאשם את תרמילי האקדח, בכוונה למנוע או להכשיל הליך שיפוטי, וברח מן המקום יחד עם נידאל.

באשר לכתב האישום המצורף, זה מתייחס לאירועים שהתרחשו בשנת 2013, עת עבד הנאשם כשומר במגרש לפירוק כלי רכב (להלן: ""המגרש""). על-פי המתואר שם, עובר ליום 13.02.13, במועד מדויק שאינו ידוע, החזיק הנאשם בעת שהיה במגרש באקדח מסוג ""גלוק"", המסוגל לירות קלע שבכוחו להמית אדם, יחד עם שלוש מחסניות ובהן תחמושת. בלילה שבין 12.02.13 ל-13.02.13 שהה הנאשם במגרש יחד עם שניים נוספים, כשברשות השלושה האקדח, המחסניות והתחמושת. באותו הלילה, סמוך לשעה 00:12, ירו הנאשם וחבריו מספר יריות באקדח במתחם המגרש.","נגד הנאשם הוגש כתב אישום. בשלב מאוחר יותר, הוגש כתב אישום מתוקן, ובו הודה הנאשם, ולאור הודאתו הרשעתי אותו בעבירה (ראה הכרעת דין מיום ב אב תשס""ח (3.8.08)).

על פי כתב האישום המתוקן, נשא הנאשם ביום 12.7.08 בשעה 00:55 לערך, בעת שנהג ברכב, סמוך לצומת הערבה, אקדח בקוטר 0.9 מ""מ, כשבתוכו מחסנית ובה 15 כדורים, וכן מחסנית ובה כ-10 כדורים. בנוסף לכך, החזיק הנאשם באותו אירוע חשיש במשקל 1.36 גרם נטו, לשימוש עצמי.

הנאשם הורשע על פי הודאתו בשתי עבירות של נשיאת נשק, עבירה לפי סעיף 144(ב) לחוק העונשין, התשל""ז-1977, והחזקת סם לצריכה עצמית בלבד, עבירה לפי סעיף 7(א) + (ג) סיפא לפקודת הסמים המסוכנים, התשל""ג-1973 (ראה הכרעת דין מיום ב אב תשס""ח (3.8.08)).",40.0,"1. סוג העבירה וחומרתה  
בשני התיקים קיימת חפיפה מהותית בעבירות הנשק – בשניהם עבירות לפי סעיף 144(ב) לחוק העונשין (נשיאת נשק ותחמושת). עם זאת, תיק 1 כולל סל רחב וכבד בהרבה: ירי באזור מגורים, שיבוש מהלכי משפט, הפרת הוראה חוקית, גניבה ואיומים – מה שמעלה את מדרג החומרה משמעותית ביחס לתיק 2, שבו מדובר בנשיאת נשק + החזקת סם לשימוש עצמי בלבד, ללא שימוש בנשק.

2. תפקיד הנאשם ומעורבותו  
בשני התיקים הנאשם הוא נושא/מחזיק הנשק הראשי – לא ""שליח"" של אחר, אלא זה שמחזיק פיזית את האקדח והתחמושת. אולם בתיק 1 מעורבותו אקטיבית ותוקפנית: יוזם עימות, מפעיל את הנשק, מפר תנאי מעצר בית ומבצע שיבוש; בתיק 2 המעמד יותר ""פסיבי"" – נשיאת נשק ברכב, ללא כל שימוש, איום או מעורבות באירוע אלים.

3. שיטת הביצוע (MO)  
בתיק 1 השימוש בנשק משולב בסכסוך אישי/כספי: הגעה יזומה לבית המתלונן, שליפת אקדח, ירי הפחדה באוויר ואיסוף תרמילים לשיבוש – דפוס של שימוש בנשק כ""אמצעי כוח"" בסכסוך, עם מודעות אקטיבית לטשטוש ראיות. בתיק 2 מדובר בהחזקת נשק ברכב בשעת לילה, ללא ירי, ללא איום, ללא מעורבות בזירה חברתית/משפחתית – דפוס אחר לגמרי מבחינת אופן ההפעלה וההקשר.

4. נסיבות הליבה  
בתיק 1 יש מספר נסיבות מחמירות: ירי בפועל באזור מגורים, סכסוך על חוב, הפרת מעצר בית מתיק נשק קודם, ירי נוסף בעבר במתחם העבודה, שיבוש מהלכי משפט ואיומים – מצביע על מסוכנות גבוהה ודפוס עברייני מתמשך בהקשר נשק. בתיק 2 הכמות: אקדח אחד עם תחמושת, ללא שימוש, בצירוף כמות מזערית של סם לשימוש עצמי – נסיבות קלות בהרבה, ללא נפגעים, ללא תכנון עברייני נלווה וללא עבירות נלוות של אלימות/שיבוש/הפרת צו.

5. ישימות כתקדים  
מבחינת עצם סעיף העבירה (נשיאת נשק) יש רלוונטיות מסוימת – בית משפט יוכל להיעזר בתיק 1 כדי להדגים את מדרג הענישה בעבירות נשק, בעיקר כרף עליון ביחס לתיק 2 או כרף תחתון במקרים חמורים עוד יותר. עם זאת, בשל פערי המסוכנות, השימוש בפועל בנשק, ריבוי העבירות הנלוות והנסיבות המחמירות בתיק 1, תיק 1 לא מהווה תקדים ענייני ""דומה"" לתיק 2, אלא יותר דוגמה לקטגוריה מחמירה בהרבה באותו סוג עבירה.

SIMILARITY_SCORE: 40","ok",""
"SH-17-04-19242-11","SH-16-11-7544-55",3,1,1,"הנאשם שלפני נותן את הדין בגין עבירות של אחזקת נשק ותחמושת, בניגוד לסעיף 144(א) רישא וסיפא לחוק העונשין, תשל""ז-1977.

בהתאם לעובדות כתב האישום המתוקן ת/1, בהן הורשע הנאשם במסגרת הסדר טיעון, בתאריך 02/04/17, בחיפוש שנערך במסגרת פעילות משטרתית יזומה, נתפס הנאשם מחזיק, בביתו, רובה סער מסוג קלאצ'ניקוב ושתי מחסניות המכילות קליעים, מוסלקים בתוך ארון בחדר השינה. עוד נאמר בכתב האישום המתוקן, כי את הנשק האמור – קיבל הנאשם מידי דודו, לפני מותו, בשנת 2000.","הנאשם הורשע על פי הודאתו בעבירה של החזקת נשק שלא כדין בהתאם להוראת סעיף 144(א) רישא וסיפא לחוק העונשין.

על פי המתואר בעובדות כתב האישום, בתאריך 26.10.16, עת שנסע ברכבו במחלף להב-שומריה שבכביש 6 לכוון צפון, הבחין השוטר מיכאל אדרי (להלן: ""מיכאל"") בנאשם עומד מאחורי ארונות השקיה הצמודים לנתיבי הנסיעה. בהגיעו לנאשם, הבחין מיכאל כי הנאשם מחזיק בנשק מסוג רובה תת מקלע מאולתר ומחסנית המכילה 10 קליעים בקוטר 9 מ""מ. במעשיו האמורים החזיק הנאשם בנשק ובאבזר תחמושת ללא רשות על פי דין להחזיקם.",70.0,"1. סוג העבירה וחומרתה  
שני התיקים עוסקים באותה עבירה בדיוק – החזקת נשק ותחמושת שלא כדין לפי סעיף 144(א) רישא וסיפא לחוק העונשין. בשניהם מדובר בנשק ארוך (רובה סער/תת-מקלע) עם תחמושת, ללא שימוש בפועל וללא עבירות נלוות – רמת חומרה דומה במסגרת מתחם עבירות ההחזקה.

2. תפקיד הנאשם ומעורבותו  
בשני המקרים הנאשם הוא ""מחזיק"" נטו, לא סוחר, לא יוזם עסקה ולא חלק מארגון – זהה ברמת סוג המעורבות (החזקה בלבד). עם זאת, בתיק 1 ההחזקה היא סטטית, מוסלקת וביתי­­ת לאורך שנים, בעוד בתיק 2 מדובר בהחזקה פיזית במקום ציבורי, שיש בה נופך אקטיבי ו""מבצעי"" יותר.

3. שיטת הביצוע (MO)  
בתיק 1 הנשק מוסלק בתוך ארון בבית – דגש על שמירה והסתרה לאורך זמן בסביבה פרטית. בתיק 2 הנאשם נתפס כשהוא מחזיק בנשק מאולתר מאחורי ארונות השקיה בצמוד לכביש 6 – החזקה בשטח פתוח, בלי תיאור של הסלקה מתוחכמת, כשהוא נצפה בפועל עם הנשק. שיטות הביצוע שונות מבחינת סביבה ודרך ההחזקה, גם אם בשתיהן אין שימוש פעיל בנשק.

4. נסיבות הליבה  
בשני התיקים מדובר בנשק אחד ומחסנית/מחסניות ספורות, ללא ירי, ללא איום, ללא שימוש בפועל וללא עבירות נלוות – זה מייצר גרעין ליבה דומה של ""החזקה יבשה"". עם זאת, בתיק 1 יש החזקה ארוכת שנים בבית, לכאורה מאז שנת 2000, ובתיק 2 מדובר באירוע נקודתי במקום ציבורי שעלול להגביר את פוטנציאל הסיכון; מנגד, בתיק 2 הנשק מאולתר, מה שעלול להיתפס כחומרה מסוימת, אך בסך הכול רמת הסיכון המעשית בשני התיקים אינה קיצונית.

5. ישימות כתקדים  
מדובר בשני תיקים אופייניים של החזקת נשק לפי סעיף 144(א), עם מאפייני ליבה דומים מאוד (נשק ארוך, תחמושת, ללא שימוש, ללא עבירות נלוות), ולכן הם בהחלט רלוונטיים זה לזה לצורכי גזירת עונש וגיבוש מתחם ענישה. ההבדלים בנסיבות (בית לעומת שטח ציבורי, משך ההחזקה, סוג הנשק הספציפי) יאפשרו לבית המשפט להבחין אם צריך להחמיר או להקל ביחס לאחד מהם, אך לא ימנעו שימוש הדדי כתקדימים ענישתיים.

SIMILARITY_SCORE: 70","ok",""
"ME-14-10-31218-522","ME-14-12-6904-57",1,0,0,"הנאשם, יליד 83', הורשע במסגרת הסדר בכתב אישום אשר תוקן, בעבירות בנשק – לפי סעיף 144 (א) לחוק העונשין, התשל""ז-1977 (להלן: חוק העונשין).

בתאריך 29/5/14 בשעה 02:45 בלילה (להלן: מועד האירוע), הגיע הנאשם סמוך לבית ד""ר אמון חסן בדיר אל אסד (להלן: המתלונן והבית, בהתאמה), כשהוא מחזיק רימון יד הלם/סינוור M7290 בצבע שחור עם פס כתוב המקיף אותו, שמספרו E386201 (להלן: הרימון). בכוחו של הרימון היה להזיק לאדם ולגרום לו פגיעה גופנית בעת פעולתו, בכפוף לקרבה של אותו אדם למוקד פעולת הרימון. במועד האירוע הושלך הרימון לעבר מרפסת ביתו של המתלונן, לאחר שהנצרה שוחררה. כתוצאה מכך נחת הרימון במרפסת והתפוצץ תוך גרימת קול נפץ עז, שהעיר את המתלונן ושכנו משנתם.

במעשיו כאמור לעיל, החזיק הנאשם נשק בלא רשות על פי דין.","הנאשם 1, אוסיד כבהא (להלן: ""הנאשם"") הורשע, על יסוד הודאתו, בעבירות של נשיאה והובלת נשק, לפי סעיף 144(ב) לחוק העונשין, התשל""ז-1977 (להלן: ""החוק"") והחזקת סם לצריכה עצמית, לפי סעיף 7(א) לפקודת הסמים המסוכנים, התשל""ג-1973.

בתאריך 28.07.2014 עבר הנאשם להתגורר, יחד עם נאשם 2, סעיד אבו זנט, בדירת האחרון בתל אביב (להלן: ""הדירה"").

במועד שאינו ידוע במדויק למאשימה, כחודש ימים עובר ליום 18.11.2014, רכש הנאשם רובה מאולתר, מדגם ""קרל גוסטב"" יחד עם מחסנית וכדורים, בתמורה                  ל-4,000 ש""ח (להלן: ""הנשק"").

הנשק מסוגל לירות ובכוחו להמית.

בתאריך 18.11.2014, סמוך לשעה 16:40, בתל אביב, בתוך תיק גב, נשא והוביל הנאשם את הנשק כשהוא עטוף בבגדים. עוד נשא והוביל הנאשם כדורי תחמושת התואמים לנשק. הנאשם החזיק בכיסו 0.3027 גרם נטו קנאביס לצריכה עצמית.

בהמשך, בחיפוש שנערך בדירה, נמצאה מחסנית התואמת לנשק.

מספר ימים עובר ליום 18.11.2014, החזיקו הנאשמים את הנשק בדירה כשהוא מוטמן בארון בגדים בחדר השינה.",45.0,"1. **סוג העבירה וחומרתה**  
   בשני התיקים מדובר בעבירות נשק לפי סעיף 144 לחוק העונשין, אך בתיק 1 מדובר ב""החזקה"" (144(א)) של רימון הלם שהופעל ונזרק על בית המתלונן, ואילו בתיק 2 בנשיאה והובלת נשק חם (144(ב)) – רובה מאולתר, מחסנית ותחמושת, ללא שימוש. בתיק 1 יש שימוש התקפי בפועל (זריקה והתפוצצות ליד בית), בעוד שבתיק 2 העבירה ממוקדת באחזקה/נשיאה של כלי ירייה קטלני ללא הפעלה, כך שרמת החומרה המעשית שונה, אף ששניהם ברף גבוה בתחום עבירות הנשק.

2. **תפקיד הנאשם ומעורבותו**  
   בתיק 1 הנאשם הוא מבצע ישיר של פעולה תוקפנית – הוא מגיע למקום, מחזיק ברימון, משחרר נצרה וזורק אותו אל מרפסת בית המתלונן. בתיק 2 הנאשם הוא הרוכש, המחזיק והנושא של הנשק, אך אינו עושה בו שימוש התקפי; תפקידו הוא ""בעל הנשק/נושא הנשק"" ולא ""תוקף"", מה שמציב את המעורבות האקטיבית-תוקפנית של תיק 1 ברמה שונה.

3. **שיטת הביצוע (MO)**  
   בתיק 1 שיטת הביצוע היא ""אירוע תקיפה"" ממוקד: הגעה לבית מתלונן בשעת לילה, זריקת רימון הלם למרפסת, יצירת נפץ והטלת אימה/סיכון. בתיק 2 מדובר בדפוס של רכישה, הסתרה בדירה, ונשיאה בתיק גב בשעת יום בעיר – אין יעד קונקרטי, אין הפעלה של הנשק, והדגש הוא על החזקת תשתית נשקית ולא על ביצוע תקיפה. דפוסי הפעולה שונים מהותית.

4. **נסיבות הליבה**  
   בתיק 1 – נשק אחד (רימון הלם), שימוש חד-פעמי, פיצוץ בסמוך לבית מגורים, ללא אזכור של נפגעים אך עם סיכון ממשי ותכנון נקודתי (הגעה יזומה בלילה). בתיק 2 – רובה מאולתר, מחסנית, תחמושת, החזקה ונשיאה במשך פרק זמן, ללא ירי וללא עימות; נוספה גם אחזקת קנאביס בכמות לצריכה עצמית (נסיבה שולית יחסית לנשק). שני התיקים כוללים נשק המסוגל לגרום נזק חמור, אך בתיק 1 הוא הופעל בפועל כלפי יעד אזרחי, ובתיק 2 מדובר בסיכון פוטנציאלי מתמשך מפני נשק חם מוסתר.

5. **ישימות כתקדים**  
   שניהם רלוונטיים מבחינת עקרונות כלליים בענישה בעבירות נשק (הרתעה, מסוכנות, מאבק בהחזקת נשק בלתי חוקי), ולכן תיק אחד יכול לשמש נקודת התייחסות כללית למשנהו. עם זאת, ההבדל בין תיק תקיפה בפועל באמצעות רימון לעבירת נשיאה/החזקה של רובה ללא שימוש הוא מהותי, ולכן בית משפט יראה בתיק המקביל לכל היותר השוואה זהירה ולא תקדים ""ענייני קרוב"" לקביעת מתחם ענישה.  

SIMILARITY_SCORE: 45","ok",""
"ME-16-10-9348-780","ME-17-05-35227-215",1,0,0,"הנאשם הורשע על פי הודאתו בעבירה של נשיאת נשק ותחמושת, עבירה לפי סעיפים 144(ב) רישא ו-144(ב) סיפא לחוק העונשין, תשל""ז-1977.

בעובדות כתב האישום נטען כי הנאשם נכנס ביום 4.10.16, לחדר השינה של הוריו, זאת בעקבות ויכוח עם אביו ונטל את רובה הצייד מארון הבגדים (להלן: ""הנשק""), שהוחזק על ידי האב ברישיון ביחד עם קופסת כדורי צייד קליבר 12 מ""מ והמכילה 75 כדורים. הקופסה הייתה מונחת על מדף במחסן הבית (להלן: ""התחמושת""). עוד נטל הנאשם מכיס אביו כסף בסך של 3,500 ₪ ושיק על סך 500 ₪.

בהמשך הניח הנאשם את הנשק והתחמשות ברכב אחותו (להלן: ""הרכב""), ונהג בו עד סמוך לבית חברו מוחמד יונס (להלן: ""מוחמד""), שהצטרף אליו ומשם נסעו שניהם עד לביתו של הקטין פ. י. (להלן: ""הקטין""), המתגורר בערערה ומסרו לו הן את הנשק והן את התחמושת, תוך שהם מבקשים ממנו להשאיר אותם בביתו.

הנאשם המשיך לנסוע ברכב ורק במהלך הלילה אותר על ידי המשטרה באזור קריית גת ונעצר.","ביום 7 במאי 2017 בשעת צהריים נהג הנאשם בתיק זה, דוד טבצ'ניקוב, באופנוע מסוג קואנג יאנג טיו כשהוא נושא ומוביל עמו בתוך תא המטען תת-מקלע מאולתר שבתוכו מחסנית. לפניי, הודה הנאשם בביצוע עבירה זו, בניגוד לסעיף 144(ב) רישא וסיפא לחוק העונשין, התשל""ז-1977 (להלן: ""חוק העונשין"") והוא הורשע בה.",65.0,"1. סוג העבירה וחומרתה  
בשני התיקים מדובר באותה עבירה סטטוטורית – נשיאת/הובלת נשק ותחמושת לפי סעיף 144(ב) רישא וסיפא, ללא שימוש בפועל. עם זאת, בתיק 1 מדובר ברובה ציד ברישיון שנלקח שלא כדין מאב, ובתיק 2 בתת-מקלע מאולתר (נשק מלחמתי/מאולתר), שבפסיקה נוטים לראות בו חומרה מיוחדת – כך שיש זהות בסוג העבירה אך פער מסוים בחומרה האינהרנטית של סוג הנשק.  

2. תפקיד הנאשם ומעורבותו  
בשני התיקים הנאשם הוא הנושא והנוהג/רוכב בכלי הרכב שבו מצוי הנשק – מעורבות ישירה ואקטיבית, לא ""מחזיק פאסיבי"". בתיק 1 הנאשם הוא גם מיוזם הוצאת הנשק מבית האב והעברתו הלאה לקטין, מה שמוסיף נדבך יוזמתי לעומת נשיאה גרידא; בתיק 2 אין פירוט על יוזמה מעבר לעצם הנשיאה.  

3. שיטת הביצוע (MO)  
בשני המקרים הנשק והתחמושת נישאים במרחב הציבורי בתוך כלי רכב (רכב/אופנוע, תא מטען/תא אחסון) ולא על הגוף, ללא שימוש בו, אלא כנשיאה/הובלה ממקום למקום. בתיק 1 יש גם שלב של העברת הנשק לכתובת ""מסתור"" אצל אחר (קטין), בעוד שבתיק 2 מדובר בהיתפסות במהלך הנסיעה ללא פירוט על יעד/מקבל.  

4. נסיבות הליבה  
בתיק 1 יש נסיבות ייחודיות: ויכוח משפחתי, גניבת כסף ושיק, נטילת נשק ברישיון מאב, העברתו לקטין, וכמות תחמושת גדולה יחסית (75 כדורי ציד) – חלקן מחמירות (גניבה, הקטין) וחלקן עשויות להתפרש פחות כ""עולם פשע מאורגן"". בתיק 2 מדובר בנשיאת תת-מקלע מאולתר עם מחסנית – סוג נשק שחומרתו בפסיקה גבוהה מאוד, אך ללא נסיבות נוספות של שימוש, איומים או תכנון עבירה מסוימת המתוארת בכתב האישום.  

5. ישימות כתקדים  
לצרכי ענישה, שני התיקים ייחשבו כרלוונטיים זה לזה כפסיקה השוואתית לאי-שימוש בנשק במסגרת סעיף 144(ב), ובית משפט בהחלט עשוי להסתמך על האחד בבואו לדון בשני, תוך התאמת העונש לסוג הנשק והנסיבות. יחד עם זאת, הפער בסוג הנשק (רובה ציד ברישיון לעומת תת-מקלע מאולתר) והאלמנטים הייחודיים (קטין, גניבה במשפחה מול נשק ""קרבי"") מונעים לראות בהם דומים מאוד, אלא יותר ""תקדימים בני השוואה"" מאשר מקרים מקבילים ממש.  

SIMILARITY_SCORE: 65","ok",""
"ME-16-06-42987-901","ME-12-04-33577-700",1,0,0,"הנאשם, יליד 1997, הודה והורשע בתיק זה בכתב אישום מתוקן אשר תוקן במסגרת הסדר בין הצדדים. ההסדר כלל תיקון כתב האישום ללא הסכמה בעניין העונש. בנוסף צירף הנאשם שני תיקים אחרים שהיו תלויים ועומדים נגדו. בסך הכל הודה הנאשם והורשע כמפורט להלן:

בכתב האישום המתוקן בתיק זה  (להלן: תיק הנשק) – הנאשם הורשע באישום הראשון בעבירות  של נשיאת נשק לפי סעיף 144(ב) לחוק העונשין תשל""ז-1977 (להלן: חוק העונשין; החוק) ואיומים לפי סעיף 192 לחוק, בכך שקיבל לידיו רימון הלם, הגיע לבית משפחה בשכונת גילה בירושלים והשליך את הרימון לחצר הבית במטרה להטיל אימה על יושביו. הרימון התפוצץ בחצר. באישום השני הורשע הנאשם בכך שהצטייד בכלי נשק מאולתר שבו כדור בקליבר 9 מ""מ, ויחד עם אנשים נוספים, ביניהם אמיר סלמה שהצטייד ברימון גז ובשני רימוני הלם, הלכו למקום בו שהו אחרים שהיו מסוכסכים עמם. הנאשם ניסה לירות בנשק המאולתר לעבר רגליו של אחד מהאחרים, אך הנשק לא פעל. הנאשם זרק לעברו את רימון הגז אותו קיבל קודם לכן מידיו של אמיר סלמה. על כך הורשע הנאשם בעבירות של ניסיון לחבלה מחמירה לפי סעיף 329(א)(2) לחוק וניסיון תקיפה בנסיבות מחמירות לפי סעיפים 382(א) + 25 לחוק העונשין.

בת""פ (שלום ירושלים) 45121-06-16 (להלן: תיק הסמים) הורשע הנאשם בכתב אישום מתוקן בחמש עבירות של סחר בסמים לפי סעיפים 13+19א' לפקודת הסמים המסוכנים [נוסח חדש] תשל""ג-1973 ובעבירה אחת של החזקת סם שלא לשימוש עצמי לפי סעיפים 7(א) + 7(ג) רישא לפקודה זו. מדובר במספר אירועים של מכירת סם מסוג חשיש לקונים שונים (שניים מהם שוטרים), בכמויות משתנות של גרמים בודדים תמורת סכומים שבין 100 ₪ ל-400 ₪, במהלך החודשים מאי ויוני 2016.

בת""פ (שלום ירושלים) 25586-07-16 (להלן: תיק הגניבה) הורשע הנאשם בעבירה של גניבה לפי סעיף 384 לחוק העונשין. מדובר בגניבה של אופניים חשמליים בשווי 3,000 ₪ שבוצעה ביום 17.5.16.","הנאשם הורשע, לאחר שמיעת ראיות, בעבירות של החזקת נשק, עבירה לפי סעיף 144(א) רישא + סיפא לחוק העונשין, התשל""ז – 1977, נשיאת נשק, עבירה לפי סעיף 144(ב) רישא + סיפא לחוק העונשין, חבלה בכוונה מחמירה, עבירה לפי סעיף 329(א)(2) לחוק העונשין ויריות באזור מגורים, עבירה לפי סעיף 340(א) לחוק העונשין.

על פי עובדות כתב האישום בהן הורשע, פגש הנאשם את המתלונן באזור מגורים בבית שאן ביום 13/4/12 בסמוך לשעה 02:00 לפנות בוקר. במהלך ויכוח זרק המתלונן כוס שהיתה בידו לכיוונו של הנאשם. בתגובה שלף הנאשם אקדח שהיה ברשותו, אותו החזיק שלא כדין, וירה לעברו של המתלונן שלוש יריות, האחת, חלפה בסמוך לראשו, השנייה, בסמוך לגבו והשלישית, שרטה את ברכו הימנית.",65.0,"1. סוג העבירה וחומרתה  
בשני התיקים מדובר בעבירות נשק חמורות הכוללות נשיאה/החזקה שלא כדין ושימוש בו לפגיעה באדם, ובשניהם קיימת הרשעה לפי סעיף 329(א)(2) (חבלה בכוונה מחמירה – ניסיון/מימוש). עם זאת, בתיק 2 מדובר בעבירה מושלמת של חבלה בכוונה מחמירה עם פגיעה בפועל, בעוד שבתיק הנשק בתיק 1 מדובר בניסיון ובשילוב עבירות נוספות (רימונים, איומים, תקיפה). רמת החומרה דומה אך לא זהה, שכן בתיק 1 יש ריבוי אירועים וכלי נשק, ובתיק 2 פגיעה ממשית בגוף.

2. תפקיד הנאשם ומעורבותו  
בשני התיקים הנאשמים הם מבצעי העבירה המרכזיים, המחזיקים והמשתמשים בפועל בנשק, ולא שליחים או גורמים שוליים. בתיק 1 הנאשם פועל כחלק מקבוצה חמושה ומתכנן מראש הגעה חמושה לזירה, אך הוא עצמו זה שמנסה לירות ומשליך רימון/רימון גז; בתיק 2 מדובר בפעולה יחידנית על רקע ויכוח מיידי. בשני המקרים מעורבותו ישירה ופעילה ברף גבוה, אף אם דפוס קבלת ההחלטות שונה (מתוכנן לעומת תגובה מיידית).

3. שיטת הביצוע (MO)  
בשני התיקים מדובר בנשק חם/נפיץ המוחזק שלא כדין ומשמש לפגיעה באדם באזור מגורים על רקע סכסוך. בתיק 1 השימוש הוא ברימוני הלם/גז ובנשק מאולתר, כולל הטלת רימון לחצר בית כדי להטיל אימה; בתיק 2 – שליפת אקדח וירי מספר יריות מטווח קרוב לעבר המתלונן. יש דמיון עקרוני (החזקה בלתי חוקית, נשיאה, שימוש התקפי בזירה אזרחית), אך האמצעים הקונקרטיים ואלמנט ה""טרוריזציה"" של משפחה בתיק 1 יוצרים שוני מהותי במתודה.

4. נסיבות הליבה  
בשני התיקים האירועים מתרחשים באזור מגורים בשעת לילה ועל רקע סכסוך/ויכוח, עם סיכון ממשי לחיי אדם ולציבור. בתיק 1 קיימים מספר אירועים, תכנון מוקדם, יציאה ""מזוינת"" עם מספר כלי נשק ורימונים, ואירוע יזום של זריקת רימון לחצר בית – אך ללא תיאור של פגיעה גופנית בפועל; בתיק 2 מדובר באירוע יחיד, ספונטני יותר, אך עם ירי מכוון לראש/גב/רגל ופגיעה ממשית (גם אם קלה יחסית). בנוסף, בתיק 1 צירוף תיקי סמים וגניבה מחריף את ""חבילת"" הענישה, בעוד שבתיק 2 יש ריכוז בגרעין של עבירות הנשק והחבלה בלבד.

5. ישימות כתקדים  
בית משפט יראה בתיקים אלה נקודת השוואה רלוונטית זה לזה בעבירות נשק לפי סעיף 144 ובחבלה בכוונה מחמירה לפי סעיף 329, לעניין רף הענישה הכללי במקרי שימוש בנשק לא חוקי על רקע סכסוך. יחד עם זאת, ההבדלים – ניסיון לעומת חבלה מושלמת, ריבוי אירועים ורימונים לעומת אירוע יחיד עם פגיעה בפועל, וצירוף תיקי סמים/גניבה בתיק 1 לעומת הרשעה ממוקדת בתיק 2 – יגבילו את המשקל התקדימי הישיר, בעיקר כשמבקשים לגזור ""אחד לאחד"" את מתחם הענישה. לכן מידת הרלוונטיות כתקדים ענישתי היא בינונית‑גבוהה, אך לא גבוהה מאוד.

SIMILARITY_SCORE: 65","ok",""
"ME-15-08-44579-251","SH-17-04-19242-11",1,0,0,"הנאשם הורשע על פי הודאתו בעובדות כתב האישום המתוקן שסומן ""מ/1"" בעבירות בנשק (נשיאה) לפי סעיף 144 (ב) רישא וסיפא לחוק העונשין, התשל""ז- 1977.

ביום 10.08.15, בשעה 22:05 או בסמוך לכך, בכביש 4 בחדרה, בקרבת אזור התעשייה הצפוני, הנאשם וג'וודת דמלחי - (להלן: ""ג'וודת"") נסעו ביחד על קטנוע מסוג גוימקס, שנשא לוחית רישוי מזויפת שמספרה 3689624 - (להלן: ""הקטנוע""), כאשר ג'וודת נהג בו ללא רישיון נהיגה והנאשם ישב מאחוריו.

באותה עת הנאשם נשא אקדח חצי אוטומט  מסוג FN, מס""ד 459238 - (להלן: ""האקדח"") ובתוכו מחסנית מתאימה ללא כדורים - (להלן: ""המחסנית""), אשר היו עטופים בסמרטוט בתוך שקית אשפה - (להלן: ""השקית"").

האקדח הנו כלי שסוגל לירות כדור שבכוחו להמית אדם.

באותו זמן, קצין המשטרה רועי סירי - (להלן: ""השוטר רועי""), שנהג בניידת משטרה בכביש 4 לכיוון צפון, הבחין בקטנוע וראה שספרות לוחית הרישוי שלו מטושטשות וקטנות. השוטר רועי חשד שמדובר בקטנוע גנוב ולפיכך הדליק אורות כחולים וקרא לג'וודת לעצור בצד הדרך.

ג'וודת לא שעה להוראתו של השוטר רועי, המשיך בנסיעה, הגביר מהירות, פנה לאזור התעשייה בחדרה, המשיך בנסיעתו שם, חזר לכביש 4, פנה ימינה בצומת נחל חדרה ומיד פנה שמאלה לכיוון כביש 4 לצפון והמשיך בנסיעה צפונה.

בתוך כך, השוטר רועי דיווח על האירוע ברשת הקשר, ביקש סיוע ותוך כדי הנסיעה אחר הקטנוע הצטרפו אליו עוד שתי ניידות ששתיהן הפעילו סירנות ואורות כחולים כשהניידות נוסעות בעקבות הקטנוע.

כשהקטנוע הגיע לצומת בנימינה, עבר את הצומת באור אדום ורכב שהגיע מכיוון בנימינה נאלץ לבלום כי למנוע התנגשות ופגיעה בקטנוע.

בהתאם לדיווח של השוטר רועי, בצומת בית חנניה - (להלן: ""הצומת""), המתינו ניידות משטרה נוספות שביצעו חסימה בכביש וכאשר הקטנוע הגיע למקום; ג'וודת ניסה לעבור בין הניידות, פגע בשתי ניידות, ומשלא יכול היה להמשיך בנסיעה, ג'וודת והנאשם ירדו מהקטנוע והחלו בבריחה רגלית.

שוטרים שהיו במקום רדפו אחרי הנאשם וג'וודת, שהתפצלו לכיוונים שונים, וכעבור מספר מטרים בשדה חשוף הסמוך לצומת, הנאשם זרק את השקית בה האקדח והמחסנית, המשיך בבריחתו וכעבור מספר דקות הנאשם וג'וודת נתפסו על ידי השוטרים ונעצרו.

במעשיו המתוארים לעיל הנאשם נשא נשק ואביזר של נשק בלא רשות על פי דין.","הנאשם שלפני נותן את הדין בגין עבירות של אחזקת נשק ותחמושת, בניגוד לסעיף 144(א) רישא וסיפא לחוק העונשין, תשל""ז-1977.

בהתאם לעובדות כתב האישום המתוקן ת/1, בהן הורשע הנאשם במסגרת הסדר טיעון, בתאריך 02/04/17, בחיפוש שנערך במסגרת פעילות משטרתית יזומה, נתפס הנאשם מחזיק, בביתו, רובה סער מסוג קלאצ'ניקוב ושתי מחסניות המכילות קליעים, מוסלקים בתוך ארון בחדר השינה. עוד נאמר בכתב האישום המתוקן, כי את הנשק האמור – קיבל הנאשם מידי דודו, לפני מותו, בשנת 2000.",35.0,"1. סוג העבירה וחומרתה  
שני התיקים עוסקים בעבירות נשק לפי סעיף 144, אך בתיק 1 מדובר ב""נשיאה"" (144(ב)) ובתיק 2 ב""אחזקה"" (144(א)), כשבתי המשפט רואים בנשיאת נשק במרחב הציבורי מעשה חמור ומסוכן יותר מהחזקה בבית. בתיק 2 יש אמנם נשק מלחמתי ותחמושת, המגבירים את חומרת ההחזקה, אך סעיף העבירה ונסיבותיה מציבים את תיק 1 ברף מסוכנות התנהגותית גבוה יותר.

2. תפקיד הנאשם ומעורבותו  
בתיק 1 הנאשם נושא פיזית אקדח במהלך נסיעה על קטנוע, מעורב בבריחה אקטיבית מהמשטרה וזורק את הנשק בשטח – דפוס של מעורבות פעילה באירוע דינמי. בתיק 2 הנאשם מחזיק לאורך זמן נשק ותחמושת בביתו, ללא שימוש או הפעלה בזמן האירוע, דפוס של החזקה סטטית ו""פסיבית"" יותר.

3. שיטת הביצוע (MO)  
בתיק 1 מדובר בנשיאת נשק מוסלק בשקית תוך תנועה במרחב הציבורי, על כלי רכב עם לוחית רישוי מזויפת, כשהאירוע כולל מרדף, חציה באור אדום וזריקת הנשק בשדה. בתיק 2 הנשק והמחסניות מוסלקים בארון בחדר שינה בבית, ללא תנועה, ללא אינטראקציה עם רשויות עד לחיפוש היזום – שיטת ביצוע שונה מהותית.

4. נסיבות הליבה  
בתיק 1: אקדח ללא כדורים, אך שימוש בקטנוע עם לוחית מזויפת, נהיגה מסוכנת, אי ציות לשוטרים, פגיעה בניידות וזריקת הנשק – נסיבות מחמירות במישור ההתנהגותי והביטחוני-ציבורי. בתיק 2: רובה סער מסוג קלאצ'ניקוב עם מחסניות וקליעים, החזקה ממושכת (משנת 2000), אך ללא אירוע תנועתי/עימות עם משטרה – מסוכנות גבוהה מעצם סוג הנשק והתחמושת, אך ללא מארג של עבירות נלוות ודינמיקה של מרדף.

5. ישימות כתקדים  
שני התיקים רלוונטיים זה לזה במובן הכללי של מדיניות ענישה בעבירות נשק ואפשר להשתמש בהם לציון רמת הענישה עבור עצם החזקת/נשיאת נשק בלתי חוקי. עם זאת, בשל ההבדל בסעיפי העבירה (נשיאה לעומת אחזקה), הדינמיקה של מרדף ותעבורה מסוכנת בתיק 1 לעומת החזקה ביתית סטטית בתיק 2, בית משפט יראה בהם תקדימים מוגבלים זה לזה, ולא כעוגן מרכזי לענישה הדדית.

SIMILARITY_SCORE: 35","ok",""
"ME-15-06-12109-344","SH-14-11-8987-965",1,0,0,"הנאשם הורשע על פי הודאתו בעובדות כתב האישום במסגרת הסדר טיעון, בביצוע עבירה בנשק (נשיאת או הובלת נשק בלא רשות על פי דין), לפי סעיף 144(ב) לחוק העונשין, התשל""ז-1977 (להלן – החוק).

כפי שתואר בכתב האישום, במועד שאינו ידוע במדויק, נשא הנאשם אקדח חצי אוטומטי, בלא רשות על פי דין. ביום 2.5.13 החביא הנאשם את האקדח ברכב השייך לעמאר זלום, ובאותו היום נסעו הנאשם, עמאר ואחיו של הנאשם לחתונה בכפר עזריה. הנאשם הודה, כי במעשיו אלה, הוא נשא או הוביל נשק בלא רשות על פי דין.","הנאשם תושב ירושלים, יליד שנת 1985, הורשע על פי הודאתו בעבירות של גניבה והחזקת נשק שלא כדין – לפי סעיפים 384 ו- 144(א) לחוק העונשין התשל""ז – 1977.

מכתב האישום עולה, כי במהלך חודש מאי 2014, בביתו של משה מיכלי (להלן: ""המתלונן""), ברח' דוד רזיאל 28 בירושלים, נטל ונשא הנאשם אקדח מסוג קולט 45 ללא הסכמת הבעלים, במרמה וללא תביעת זכות בתום לב.

הנאשם נכנס לביתו של המתלונן יחד עם אחרת, במטרה לנקות את ביתו של המתלונן, הבחין באקדח נטל אותו ורק כעבור חודש ימים סיפר על כך לבן דודתו.",60.0,"1. **סוג העבירה וחומרתה**  
בשני התיקים מדובר בעבירות נשק ביחס לאקדח אחד, ללא שימוש בו, ברף בינוני של חומרה. עם זאת, בתיק 2 נוסף רכיב גניבה (384) וכן החזקת נשק שלא כדין לפי 144(א), לעומת נשיאה/הובלה לפי 144(ב) בתיק 1 – מה שמוסיף נדבך של פגיעה בקניין ומרמה, ומעמיק את החומרה בתיק 2.

2. **תפקיד הנאשם ומעורבותו**  
בתיק 1 הנאשם הוא מחזיק/נושא הנשק, מסתיר אותו ברכב של אחר, אך אין רכיב של השגת הנשק בדרך פלילית (הוא ""רק"" מחזיק ונושא ללא רישיון). בתיק 2 הנאשם גם משיג את הנשק בעצמו במעשה גניבה תוך ניצול גישה לבית, וגם מחזיק בו למשך זמן – מעורבות יוזמת ופעילה יותר, גם בפגיעה בקורבן קונקרטי.

3. **שיטת הביצוע (MO)**  
תיק 1: החזקת אקדח חצי אוטומטי, הסתרתו ברכב של אחר ונסיעה עם הנשק לאירוע (חתונה); אין קשר ישיר לניצול מצב אמון או חדירה לבית. תיק 2: כניסה לבית כחלק מעבודת ניקיון, ניצול ההזדמנות לגנוב את האקדח מהדירה והחזקתו בחשאי כחודש – דפוס של עבירת רכוש מזדמנת עם רכיב נשק. דפוסי הפעולה שונים מהותית.

4. **נסיבות הליבה**  
בשני המקרים מדובר באקדח יחיד, ללא שימוש מבצעי, ללא תיאור של כוונה מיידית לבצע עבירת אלימות. בתיק 2 קיימת נסיבה מחמירה מובהקת: גניבה מביתו של מתלונן וניצול אמון, והחזקת הנשק לאורך זמן; בתיק 1 – נשיאה והסתרה ברכב, אך ללא קורבן ספציפי וללא תיאור הפרת אמון.

5. **ישימות כתקדים**  
לצורכי ענישה בעבירות נשק ""קלות יחסית"" (אקדח אחד, ללא שימוש, ללא פעילות טרור/פשיעה מאורגנת) ניתן לראות בתיקים כקרובים דיים כדי להיעזר זה בזה לקביעת רמת ענישה בסיסית על עצם החזקת/נשיאת אקדח ללא רישיון. עם זאת, הרכיב העצמאי של גניבת הנשק וניצול האמון בתיק 2 ייחודי ויגרום לכך שבית משפט יראה בו מדרג חומרה נפרד, כך שהתיקים אינם ""תאומים"" עובדתיים אלא דומים חלקית.

SIMILARITY_SCORE: 60","ok",""
"ME-21-10-18557-340","ME-16-12-50986-619",3,1,1,"הנאשם שלפניי הורשע, על פי הודאתו במסגרת הסדר טיעון בעובדות כתב אישום מתוקן, בביצוע העבירות הבאות: עבירות בנשק (החזקה, הובלה ונשיאה) - עבירה לפי סעיף 144(א) רישא וסיפא + סעיף 144(ב) רישא וסיפא לחוק העונשין, התשל""ז-1977 (להלן: ""החוק""), וכן ירי מנשק חם - עבירה לפי סעיף 340א(ב)(1) ו-(2) לחוק.

על פי עובדות כתב האישום המתוקן, אשר עיקרן יובא להלן, הנאשם וג'יהאד סואעד (להלן: ""ג'יהאד"") הם מכרים. הנאשם ו- א' (להלן: ""א'"") הם מכרים וביניהם קיים סכסוך.

במהלך יום 16.9.2021, הנאשם החזיק בנשק מסוג תת מקלע מאולתר אשר סוגל לירות כדור / קלע ובכוחו להמית אדם, וכן במחסנית ולכל הפחות בשני כדורים תואמים לתת המקלע בקליבר 9 מ""מ (להלן יחד: ""הנשק""), זאת בלא רשות על פי דין. עובר לשעה 19:00, הנאשם הניח את הנשק שהיה טעון במחסנית ובכדורים ברכבו מסוג מאזדה בצבע כחול (להלן: ""הרכב"").

סמוך לשעה 19:00, בכפר אבו סנאן, הנאשם נסע ברכב כשהוא נושא ומוביל את הנשק. הוא הגיע אל ביתו של ג'יהאד אשר התיישב במושב הנהג והנאשם התיישב במושב הנוסע לידו, כשהנשק ברשותו. השניים נסעו בכפר אבו סנאן כשהנאשם נושא ומוביל את הנשק, בסיועו של ג'יהאד. במהלך הנסיעה, הגיעו השניים לרחוב בו נמצא עסק לחומרי בניין. במקום היה א' כשהוא יושב במאזדה לבנה (להלן: ""המאזדה"") במושב הנוסע ליד הנהג, ומכרו מוחמד פעאור ישב במושב הנהג.

הנאשם וג'יהאד עצרו ליד המאזדה, ובין הצדדים התפתחו חילופי דברים, במהלכם יצא הנאשם מהרכב כשהוא מחזיק בידו את הנשק הטעון. הנאשם פנה לעבר המאזדה, נעמד בצמוד לחלקה השמאלי קדמי (כך צויין- א' ס'), שם ישב א', וכיוון את הנשק לעבר המאזדה בכוונה להפחיד או להקניט את א'. מוחמד פעאור שהבחין במתרחש החל לנסוע מהמקום במטרה להתחמק מהנאשם.

הנאשם רץ אחרי המאזדה כשהוא מחזיק בידו את הנשק, וכשהמאזדה הייתה במרחק קצר ממנו, כיוון הוא את הנשק כלפי מעלה וירה לפחות שני כדורים. זאת בכוונה להפחיד את א' או להקניטו, באזור מגורים ובאופן שיש בו לסכן חיי אדם. הנאשם חזר אל הרכב, בו המתין ג'יהאד כל אותה העת, והשניים נסעו מהמקום כשג'יהאד נוהג ברכב ומסייע לנאשם לשאת ולהוביל את הנשק הטעון במחסנית ובכדורים.","על יסוד הודאת הנאשם בעובדות, כאמור, הוא הורשע בעבירות של קשירת קשר לפשע, לפי סעיף 449(א)(1) לחוק העונשין תשל""ז-1977 (להלן: ""חוק העונשין""); הובלה ונשיאת נשק, לפי סעיף 144(ב) לחוק העונשין; איומים, לפי סעיף 192 לחוק העונשין;  וירי באזור מגורים, לפי סעיף 340 א' לחוק העונשין.

שריף אלקאדי, באקר אלקאדי, סהר אלקאדי והאני אלקאדי הם קרובי משפחה המתגוררים בשכונה 20 ברהט (להלן: ""המתלוננים""). בין משפחת הנאשם למשפחת המתלוננים ישנו סכסוך קודם לאירוע שיתואר בהמשך (להלן: ""הסכסוך""). במסגרת הסכסוך, החליטו הנאשם ואחרים שזהותם אינה ידועה למאשימה להתגרות במתלוננים. בתאריך 15.12.16 בסמוך לשעה 14:45 הגיעו הנאשם והאחרים ברכב מסוג ב.מ.וו, השייך לנאשם, לשכונה 20 ברהט והחלו לנסוע במהירות הלוך ושוב בכביש הסמוך לבתי המתלוננים, על מנת להקניטם. כתוצאה מהרעש הרב שגרמה נסיעת הרכב, יצאו המתלוננים מבתיהם ונעמדו בסמוך לכביש. כאשר הרכב חלף במהירות על פני המתלוננים, אחד מהם סימן לרכב לעצור, אך הנאשם והאחרים המשיכו בנסיעה מהירה לכיוון היציאה מהשכונה, שם ביצעו פניית פרסה וחזרו שוב בנסיעה לעבר המתלוננים. אחד המתלוננים אחז צינור מתכת בידו וכשהנאשם והאחרים חלפו שוב על פניו הוא השליך את הצינור לעבר הרכב ופגע בחלקו האחורי. הנאשם והאחרים נסעו מהמקום, וקשרו ביניהם קשר לחזור לשכונה 20 במטרה לאיים על המתלוננים באמצעות נשק חם שהיה ברשותם, ללא היתר או רישיון כדין, על מנת להקניטם או להפחידם. הנאשם והאחרים הצטיידו בכלי נשק (להלן: ""הנשק""), וחבשו כובעים וחם- צוואר על מנת להקשות על זיהויים. בסמוך לאחר מכן, לאחר השעה 15:00, חזרו הנאשם והאחרים לשכונה 20. באותה העת המתלוננים עמדו בסמוך לכביש ליד אחד הבתים בשכונה. הנאשם והאחרים הגיעו בנסיעה לעבר המתלוננים וכשהתקרבו אליהם, אחד מהם הוציא את פלג גופו העליון מחלון הגג הנפתח ברכב כשהוא נושא את הנשק, וזאת בכוונה להפחידם. המתלוננים נבהלו למראה הנשק וניסו להסתתר מפני הנאשם והאחרים. הנאשם והאחרים עזבו את השכונה אך חזרו אליה כעבור כמה דקות, כדי לשוב ולאיים על המתלוננים. הנאשם נשא את הנשק, הוציא את פלג גופו העליון מחלון גג הרכב, וירה מהנשק מספר קליעים באוויר, במטרה להפחיד את המתלוננים. לאחר מכן הנאשם והאחרים עזבו את המקום.",72.0,"1. **סוג העבירה וחומרתה**  
בשני התיקים מדובר בליבת עבירות זהה: החזקת/נשיאת נשק שלא כדין וירי בנשק חם באזור מגורים לשם הפחדה/הקנטה, לפי אותם סעיפי חוק (144, 340א). בתיק 2 נוספו עבירות של קשירת קשר לפשע ואיומים המעלות את רמת החומרה, אך גרעין ההתנהגות העבריינית – שימוש בנשק חם על רקע סכסוך – דומה מאוד.  

2. **תפקיד הנאשם ומעורבותו**  
בשני התיקים הנאשם הוא הדמות המרכזית: הוא זה שמחזיק בפועל בנשק ויורה, בעוד שאחרים מסייעים (נהג/שותפים ברכב). בתיק 2 הנאשם גם בעל הרכב, שותף לקשירת הקשר ונראה כבעל תפקיד מוביל יותר בתוך קבוצה, ולכן המעורבות שם מעט עמוקה ואקטיבית יותר, אך המבנה הכללי (נאשם כ""יורה הראשי"") זהה.  

3. **שיטת הביצוע (MO)**  
בשני המקרים: הגעה ברכב לשטח בו נמצאים מי שנמצאים בסכסוך עם הנאשם, נשיאת נשק ברכב, התקרבות למתלוננים, שליפת הנשק והפגנתו, וירי כלפי מעלה/באוויר באזור מגורים לצורך הפחדה. בתיק 2 נוספו תחפושות (כובעים/חם-צוואר), שימוש בחלון גג, חזרה מספר פעמים למקום וקיום תכנון מוקדם מפורש – כלומר אותה שיטה בסיסית אך ""מוחצנת"" ומתוחכמת יותר.  

4. **נסיבות הליבה**  
בשני התיקים קיים סכסוך קודם, הירי נעשה באזור מגורים, אין נפגעים פיזית, והירי נעשה לשם הפחדה ולא לשם פגיעה מיידית בגוף. עם זאת, בתיק 2 יש קבוצה של נפגעים (מספר בני משפחה), קשירת קשר, הגעה חוזרת למקום וירי חוזר – נסיבות מחמירות בהיקף, בתכנון ובמסוכנות החברתית בהשוואה לאירוע יחיד וספונטני יותר בתיק 1.  

5. **ישימות כתקדים**  
בית משפט יראה בתיקים אלה מקרים קרובים באופי ההתנהגות לצורכי ענישה בגין נשיאת נשק חם וירי להפחדה באזור מגורים על רקע סכסוך, ויעשה שימוש זה בעניינו של זה כנקודת ייחוס לרמת החומרה. יחד עם זאת, ביחס לתיק 2 יובלטו רכיבי התכנון, ריבוי המעורבים והחזרה לזירה כמחמירים לעומת תיק 1, כך שהאנלוגיה לא תהיה מלאה אלא ברמת ""רף הבסיס"" לעונש.  

SIMILARITY_SCORE: 72","ok",""
"ME-13-10-53169-537","ME-13-10-28139-807",2,0,1,"ביום 29.1.14 הרשעתי את הנאשם על פי הודאתו ובמסגרת הסדר טיעון, בכתב אישום מתוקן בעבירה של נשיאת נשק בניגוד לסעיף 144(ב) לחוק העונשין.

הנאשם הודה, כי נשא אקדח הטעון במחסנית ריקה ובכיסו האחורי נמצאו 2 כדורים התואמים לאקדח. כמו כן, הודה הנאשם, כי החזיק מתחת לכיסא הנהג שברכבו שקית ובה 17 כדורי אקדח ומחסנית לאקדח.

בנוסף, הודה הנאשם, כי זמן מה קודם לכן, ירה בנשק כ- 15 יריות לכיוון שאינו ידוע למאשימה.","הנאשם הורשע על פי הודאתו במסגרת הסדר טיעון, שלא כלל רכיב עונשי, בכתב אישום מתוקן, בביצוע עבירות בנשק לפי סעיף 144(א) רישא לחוק העונשין,תשל""ז-1977 (להלן: ""החוק"") וניסיון לחבלה חמורה בנסיבות מחמירות לפי סעיפים 333+335(א)(1) ו-25 לפי החוק.

מכתב האישום המתוקן עולה, כי המתלונן והנאשם הם שכנים בעיר רהט. בסמוך לבית המתלונן ישנו ספסל בטון. עובר לאירוע היו מחלוקות בין המתלונן ובני משפחתו לבין הנאשם וחבריו לגבי השימוש באותו ספסל. בעקבות המחלוקות, ובכדי למנוע מהנאשם וחבריו לשבת על הספסל, משח המתלונן את הספסל בשמן. מאוחר יותר באותו יום,  ישב המתלונן ברכבו, והמתין לפתיחת השער החשמלי של החנייה בביתו. במושב שלידו ישב בנו, כבן 18. באותה העת, ניגש הנאשם אל רכבו של המתלונן, כשהוא אוחז בידו אקדח מסוג שאינו ידוע למאשימה, נקש על חלון הנהג ואמר למתלונן :""אם תעשה את זה עוד פעם אני אראה לך"". המתלונן אמר לנאשם לחזור הביתה. הנאשם בתגובה התרחק מעט מהרכב וירה מספר יריות לעבר דלת הנהג, כאשר הוא מנסה לחבול ביושבי הרכב, ונמלט מהמקום. כתוצאה ממעשיו של הנאשם שלושה מהקליעים פגעו בדלת הנהג ברכב, וחלקם חדרו. המתלונן והקטין לא נפגעו.",35.0,"1. סוג העבירה וחומרתה  
בתיק 1 מדובר בעבירת נשק ""טהורה"" – נשיאת/החזקת נשק וירי לא ממוקד, ללא עבירת אלימות נפרדת כלפי אדם מזוהה. בתיק 2 העבירה המרכזית היא ניסיון לחבלה חמורה בנסיבות מחמירות בירי לעבר אדם, כשהעבירה לפי סע' 144(א) היא נספחת; זה מדרג חומרה גבוה בהרבה (כוונה לפגוע, קורבן ספציפי, נסיבות מחמירות).  

2. תפקיד הנאשם ומעורבותו  
בשני התיקים הנאשם הוא נושא הנשק והיורה בפועל – אין מדובר בשליח או מחזיק פסיבי, אלא בעושה העיקרי. עם זאת, בתיק 2 הוא יוזם עימות ממוקד, מאיים ויורה במטרה לחבול, ואילו בתיק 1 אין יוזמה לתקיפה באירוע ספציפי או התנהלות מול קורבן מזוהה.  

3. שיטת הביצוע (MO)  
בשני המקרים מדובר באקדח ובירי של מספר קליעים. ההבדל המהותי: בתיק 1 הירי הוא ""לכיוון לא ידוע"", ללא סכסוך נקודתי וללא יעד אישי; בתיק 2 הנאשם ניגש לרכב, מקיש על החלון, מאיים ואז יורה מטווח קרוב לעבר דלת הנהג כשהרכב מאויש – דפוס אופייני לעבירת אלימות חמורה ולא רק לעבירת נשק.  

4. נסיבות הליבה  
תיק 1: אקדח, תחמושת (2+17 כדורים), מחסנית ריקה, ירי קודם של כ־15 כדורים לכיוון לא ידוע, ללא נפגעים וללא זירת סכסוך קונקרטית – המסוכנות בעיקר ""כללית"". תיק 2: סכסוך שכנים על ספסל, תגובה נקמנית, נוכחות בן כבן 18 ברכב, איום מילולי מפורש, ירי החודר לדלת רכב מאויש – נסיבות מחמירות ברורות של אלימות חמורה, גם אם בפועל לא נגרם נזק גופני.  

5. ישימות כתקדים  
לצרכי ענישה, תיק 1 יכול לשמש לכל היותר כרקע לרמת הענישה על נשיאת נשק וירי כללי, אך אינו משקף את מדרג החומרה של ניסיון חבלה חמורה בירי לעבר אדם ברכב. בתי משפט יראו בתיק 2 קטגוריה מחמירה יותר, כך שהתיקים רלוונטיים זה לזה באופן חלקי בלבד, ובעיקר בהיבט המסוכנות שבהחזקת ושימוש בנשק חם, לא כתקדימים ענישתיים ישירים.  

SIMILARITY_SCORE: 35","ok",""
"SH-15-12-65958-120","SH-16-09-33552-535",3,1,1,"הנאשם, יליד 1984, הורשע על יסוד הודאתו, בעובדות כתב האישום מתוקן, בשלוש עבירות של החזקת נשק ותחמושת לפי סעיף 144 (א) רישא וסיפא לחוק העונשין התשל""ז-1977.

לפי עובדות כתב האישום, ביום 24.12.15, החזיק הנאשם בביתו בטייבה אקדח זיג זאוור טעון במחסנית ו-8 כדורי אקדח בקוטר 9 מ""מ. עוד החזיק במקום מסתור מעל ארון במטבח ביתו, נשק מאולתר מסוג קרלו טעון במחסנית ובה 15 כדורי 9 מ""מ. באותו מועד, החזיק הנאשם אקדח נוסף ושתי מחסניות האחת ריקה ואחת מלאה ב-6 כדורי אקדח בקוטר 7.65 בתוך קופסה בספרייה בביתו.","הנאשם הורשע בהתאם להודאתו בעובדות כתב האישום המתוקן בעבירת החזקת נשק ותחמושת, לפי סעיף 144(א) רישא וסיפא לחוק העונשין, תשל""ז – 1977 (להלן: ""החוק"").

על-פי המתואר בעובדות כתב האישום המתוקן, ביום 5.9.16 החזיק הנאשם במחסן שברשותו אקדח מסוג ""ברטה"", 0.22 ומחסנית; רובה מאולתר דמוי M-16 ובו מחסנית ריקה; 4 כדורים מסוג 9 מ""מ וכן 60 כדורים מסוג 5.56 מ""מ. את כלי הנשק והתחמושת החזיק הנאשם כשהם עטופים ומוסלקים בתוך בור שנחפר באדמה ומעליו הונח ארגז.",90.0,"1. **סוג העבירה וחומרתה**  
שני התיקים עוסקים באותה עבירה בדיוק – החזקת נשק ותחמושת לפי סעיף 144(א) רישא וסיפא לחוק העונשין. בשני המקרים מדובר בהחזקה ""יבשה"" (ללא שימוש, סחר או ירי) ובכמות ומשקל נשק/תחמושת הנמצאים באותה רמת חומרה כללית של ""מאגר נשק"" בידי פרטי, כך שהחומרה הנורמטיבית דומה מאוד.

2. **תפקיד הנאשם ומעורבותו**  
בשני התיקים הנאשם מתואר כמחזיק עצמאי של מאגר נשק – לא כשליח, לא כמתווך ולא כמי שפועל במסגרת ארגון. המיקום (בית/מחסן שבשליטתו) מעיד בשני המקרים על שליטה מלאה ורצונית במטען הנשק, ללא גורם מתווך, כך שרמת המעורבות האישית דומה כמעט לגמרי.

3. **שיטת הביצוע (MO)**  
בשני התיקים מדובר בהסתרת כלי נשק ותחמושת בשטח פרטי של הנאשם (בית/מחסן), כאשר חלק מהנשק מוסלק היטב (מקום מסתור מעל ארון/בור באדמה מתחת לארגז). ההבדל הוא ברמת התחכום של ההסלקה (בור באדמה מעט מתוחכם יותר), אך הדפוס המהותי – החזקה והסלקה של ""מחסן נשק"" בשטח הנאשם – דומה מאוד.

4. **נסיבות הליבה**  
בשני התיקים: החזקת נשק חם אמיתי, שילוב של אקדח ונשק מאולתר (קרלו/רובה מאולתר), ותחמושת בכמות לא זניחה למספר כלי נשק. בתיק 1 יש 3 כלי נשק ותחמושת מוכנה לירי (אקדח טעון, קרלו טעון), בתיק 2 יש 2 כלי נשק וכמות תחמושת גדולה יותר לסוג אחד (60 כדורי 5.56), אך בשני המקרים מדובר במאגר משמעותי ולא ""כדור תועה"" – כך שהפערים הם בכמות מדויקת ולא במהות.

5. **ישימות כתקדים**  
בית משפט העוסק בענישה בתיק אחד בהחלט יראה בתיק האחר תקדים רלוונטי: אותה עבירה, אותו דפוס של החזקת מאגר נשק בשטח פרטי, ללא נסיבות ייחודיות קיצוניות לכאן או לכאן. שני המקרים שייכים לאותה ""משפחה ענישתית"", והבדלי המספרים/אופן ההסתרה ישמשו בעיקר לכיול בתוך אותו מתחם, לא לשינוי קטגוריה.

SIMILARITY_SCORE: 90","ok",""
"ME-16-05-9968-487","SH-11-01-41775-497",2,0,1,"בדיון בפניי ביום 9/6/16 הודה הנאשם בעובדות כתב האישום בתיק זה ובד בבד הורשע בעבירה של החזקת ונשיאת נשק, עבירה לפי סעיף 144(א) ו(ב) לחוק העונשין, התשל""ז-1977 (להלן: חוק העונשין).

בעובדות כתב האישום נטען כי מהדי בסל (להלן: מהדי), תושב ג'דיידה, הוא קרוב משפחתם של הנאשם ושל סמיר בסל (להלן: סמיר), המתגוררים אף הם בג'דיידה. במועד מדויק שאינו ידוע למאשימה, במחצית הראשונה של חודש אפריל 2016, רכש מהדי, בלא רשות על פי דין, בברטעה, תת מקלע מאולתר עליו מוטבע המספר 41814  ומחסנית לתת המקלע, בסכום של 7,300 ₪. תת המקלע הוא כלי שסוגל לירות כדור שבכוחו להמית אדם, והמחסנית היא אביזר של כלי זה. לאחר רכישת תת המקלע, הגיע מהדי לשכונת מגוריו בג'דיידה כשברשותו  תת המקלע והמחסנית. בשלב זה, יצר מהדי קשר עם סמיר, וביקש ממנו כי יקח את תת המקלע לחזקתו ויחביא אותו. בהמשך, הגיע סמיר לשכונה, לקח ממהדי את תת המקלע והמחסנית , והובילם למקום מסתור, שם החזיק בהם כשבוע, כל זאת בלא רשות על פי דין. ביום 19.4.16, או קודם לכן, פנה הנאשם למהדי, ביודעו כי רכש את תת המקלע, וביקש ממנו לקבל את תת המקלע לחזקתו. מהדי הסכים, והודיע לנאשם שעליו לקחת  את תת המקלע מסמיר. ביום 19.4.16 פנה מהדי לסמיר וביקש ממנו להעביר את תת המקלע לנאשם. בהמשך לכך, הגיע הנאשם סמוך לביתו של סמיר, שם העביר לו האחרון, בתיאום עם מהדי, את תת המקלע והמחסנית, בלא רשות על פי דין. לאחר שהנאשם קבל לידיו את תת המקלע והמחסנית, הוא הובילם לגג בית חברו אחסאן דיב (להלן: מקום המסתור), שם החזיק בהם, בהיחבא, בתוך תיק, כל זאת בלא רשות על פי דין. בתאריך 22.4.16 הוביל הנאשם את כוחות הביטחון למקום המסתור, שם נמצא תת המקלע, כשהמחסנית בתוכו.","הנאשם הורשע על פי הודאתו בעבירה של החזקת נשק ונשיאת תחמושת בכך שבמשך כשנה וחצי עובר ליום 1.6.08 החזיק בביתו אקדח ומחסנית. כמו כן החזיק ברכבו 34 כדורי אקדח.",65.0,"1. סוג העבירה וחומרתה  
בשני התיקים מדובר בעבירות לפי סעיף 144 לחוק העונשין – החזקת ונשיאת נשק/תחמושת ללא רישיון, כך שמדובר באותו סוג עבירה מבחינה נורמטיבית. יחד עם זאת, בתיק 1 מדובר בתת‑מקלע מאולתר (נשק אוטומטי) הנחשב חמור יותר מאקדח רגיל, ואילו בתיק 2 מדובר באקדח אך עם החזקה ממושכת מאוד ותחמושת רבה – כך שהחומרה הכוללת דומה אך לא זהה.

2. תפקיד הנאשם ומעורבותו  
בתיק 1 הנאשם יזם את קבלת הנשק, פנה לקרוב המשפחה, לקח את תת‑המקלע והוביל אותו למקום מסתור – תפקיד פעיל בשרשרת החזקה והעברה. בתיק 2 הנאשם הוא מחזיק יחיד של כלי הנשק והתחמושת לאורך תקופה, ללא תיאור של שרשרת גורמים נוספים, אך עדיין כמי שמחזיק ומוסר את הדין על הנשק. בשני התיקים הנאשם אינו ""שליח תמים"" אלא מחזיק מודע ובעל שליטה משמעותית בנשק.

3. שיטת הביצוע (MO)  
בתיק 1 יש דפוס של העברה קונספירטיבית יותר – רכישה בשוק שחור, העברת הנשק בין מספר קרובים, והסתרה על גג בית חבר, מה שמאיים יותר בהיבט ארגוני. בתיק 2 הדפוס פשוט וישיר: החזקה ""שקטה"" בבית וברכב במשך זמן רב, ללא תיאורי העברה או שותפים. בשני המקרים ה‑MO המרכזי הוא החזקה והסתרה של נשק ללא שימוש גלוי.

4. נסיבות הליבה  
בתיק 1: תת‑מקלע (נשק קטלני במיוחד), החזקה קצרה יחסית אך לאחר ""ביקוש"" פעיל של הנאשם, הסתרה מחוץ לבית, ולבסוף שיתוף פעולה עם כוחות הביטחון שהוביל לאיתור הנשק – נסיבה מקלה מסוימת. בתיק 2: אקדח, 34 כדורים, והחזקה רציפה של כשנה וחצי – משך זמן מחמיר מהותי, המעיד על נגישות מתמדת לנשק ותחמושת. בשני המקרים אין שימוש בפועל בנשק ואין אזכור לירי, איומים או הקשר אלים קונקרטי.

5. ישימות כתקדים  
שני התיקים עוסקים בליבת הדוקטרינה של החזקת נשק ללא רישיון, ולכן בית משפט יראה ביניהם זיקה רלוונטית לצורכי מדיניות ענישה כללית. עם זאת, קיימים הבדלים מהותיים – סוג הנשק (אוטומטי לעומת אקדח), משך ההחזקה (ימים מול שנה וחצי), שיתוף פעולה עם המשטרה בתיק 1 לעומת החזקה שקטה ומתמשכת בתיק 2 – שיגרמו לבית המשפט ""לתרגם"" את הפסיקה ולא להסתמך עליה כתקדים זהה. לכן התיק יכול לשמש תקדים ענייני, אך בהסתייגות ובשקלול ההבדלים.

SIMILARITY_SCORE: 65","ok",""
"ME-19-04-1316-977","ME-16-05-19384-544",1,0,0,"הנאשם הורשע, על פי הודאתו במסגרת הסדר טיעון, בעבירות של ניסיון לסחר בנשק, לפי סעיף 144(ב2) בצירוף סעיף 25 לחוק העונשין תשל""ז-1977 (להלן: ""החוק""); ובעבירה של סחר בנשק, לפי סעיף 144(ב2) לחוק.

על פי עובדות כתב האישום המתוקן בהסדר, ביצע הנאשם עסקה בה מכר נשק, ועסקה של ניסיון למכירת נשק, מול לוחם מספר 188 המכונה ""עלי"", שהנו שוטר אשר במועדים הרלוונטיים לכתב האישום שימש כ""סוכן"" מטעם משטרת ישראל.

ביום 10.2.2019 שוחחו הנאשם והסוכן על עסקה למכירת נשק.

ביום 14.2.2019 התקשר הנאשם אל הסוכן והציע למכור לו נשק מסוג תת מקלע מאולתר המכונה ""קרלו"". הסוכן אמר לנאשם כי הוא מעוניין באקדח, אך בשיחה נוספת באותו יום, נעתר הסוכן להצעת הנאשם, והשניים סיכמו להיפגש בשבוע הבא לצורך רכישת הקרלו. הסוכן ביקש מהנאשם ""לדאוג לו"" למחיר עבור הקרלו, וכן הזכיר לנאשם בנוגע לרכישת אקדח.

ביום 17.2.2019 התקשר הסוכן לנאשם. במהלך השיחה שאל הנאשם את הסוכן מתי יגיע אליו לשם רכישת הקרלו, והסוכן השיב לו כי יגיע אליו למחרת בערב. במהלך שיחות נוספות באותו יום, הודיע הנאשם לסוכן כי עלות הקרלו, בתוספת 1,100 כדורים מסוג M16, הינה 17,000 ₪ (להלן: ""העסקה"").

ביום 18.2.2019, בהמשך לשיחות התיאום, נסע הסוכן למקום אליו כיוון אותו הנאשם בא-ראם. כאשר הגיעו למקום, התקרב הנאשם לרכב בו נסע הסוכן, כשבאמתחתו ארגז מלא בתחמושת מסוג M16 (להלן: ""הארגז""). הנאשם ניגש לסוכן, הניח את הארגז על רצפת הרכב בו ישב הסוכן, בצמוד לרגליו של הסוכן אשר בדק את תכולתו. בשלב זה הודיע הנאשם לסוכן כי ישנו עיכוב בהבאת הקרלו, והנשק יובא בתוך מספר דקות. בתגובה החזיר הסוכן לנאשם את הארגז, ואמר לו כי כשיגיע הקרלו, יחזור לקחת אותו יחד עם הארגז. הסוכן ביקש לעדכן אותו מתי להגיע ואמר כי הוא יהיה בקרבת מקום.

בהמשך למתואר, שוחח הנאשם עם אחר, שזהותו אינה ידועה למאשימה (להלן: ""האחר""), במטרה לברר היכן הנשק שבכוונתו למכור לסוכן ובניסיון לזרז את הגעתו למקום. האחר הודיע לנאשם כי הוא מתעכב וכי הנשק שניסה הנאשם למכור לסוכן ""מקולקל"". הנאשם ביקש מהאחר להביא לו את הנשק ""המקולקל"" בכל זאת.

בהמשך למתואר, בשעה 19:21, התקשר הנאשם לסוכן והודיע לו כי עליו לדחות את ביצוע העסקה בכל הנוגע לנשק. הנאשם אמר לסוכן כי הקרלו שהתכוון למכור לו ""מקולקל"" וביקש ממנו לחזור להשלים את רכישת ארגז התחמושת, אך הסוכן סירב לרכוש את הארגז ללא הקרלו.

במהלך הימים 26.2.2019 עד 3.3.2019 ובסמוך לכך, שוחחו הנאשם והסוכן במספר הזדמנויות במטרה לקדם עסקה בנשק.

מספר ימים עובר לתאריך 18.3.2019, שוחחו הנאשם והסוכן על אפשרות רכישת אקדח ונשק מסוג ""קרלו"".

בשיחה ביום 3.3.2019 הודיע הנאשם לסוכן כי השיג עבורו אקדח והסוכן סיכם עם הנאשם שיהיה איתו בקשר. בשיחה ביום 13.3.2019 מסר הנאשם לסוכן כי עלות האקדח הינה 18,000 ₪, והסוכן אמר לו כי ישקול את ההצעה.

ביום 17.3.2019 הודיע הנאשם לסוכן כי האקדח עליו שוחחו כבר נמכר, והציע למכור לסוכן נשק מסוג קרלו וכדורים תואמים תמורת 18,000 ₪. במהלך השיחה תיאמו השניים להיפגש למחרת לשם ביצוע העיסקה, והנאשם הבטיח לסוכן להשיג עבורו בהמשך אקדח, באומרו כי עד לחודש הרמדאן הסוכן ""יצא עם אחד שלא היה לאף אחד לפניו"".

למחרת, ביום 18.3.2019, לאחר שיחות תיאום בין השניים, נסע הסוכן למקום אליו כיוון אותו הנאשם בא-ראם. בהגיעו למקום, התקרב הנאשם לרכב בו נסע הסוכן והניח על רצפת הרכב, בין רגליו של הסוכן, שקית ובה נשק מסוג קרלו שבכוחו להמית אדם, וכן מחסנית תואמת. הסוכן בדק את תקינות הנשק. בהמשך מסר הנאשם לסוכן שקית נוספת שבתוכה 900 כדורי 5.56 מ""מ, כל זאת תמורת 19,000 ₪ במזומן, אשר העביר הסוכן לידי הנאשם.

בסיום הפגישה שאל הנאשם את הסוכן אם הוא מעוניין לרכוש נשק נוסף. הסוכן השיב כי הוא מעוניין לרכוש אקדח, והנאשם אמר לו כי בפעם הבאה ""יסדר"" עבורו אקדח ותחמושת תואמת.","הנאשם הורשע על פי הודאתו, במסגרת הסדר טיעון בכתב אישום מתוקן, לאחר שחזר בו מכפירתו, בעבירת נשיאת נשק לפי סעיף 144(ב) לחוק העונשין התשל""ז-1977 (להלן חוק העונשין), בעבירת ניסיון לחבלה חמורה לפי סעיף 333 בצירוף סעיף 25 לחוק העונשין, בעבירת רכישת נשק לפי סעיף 144(א) לחוק העונשין ובשתי עבירות סחר בנשק לפי סעיף 144(ב2) לחוק העונשין.

מעובדות החלק הכללי של כתב האישום המתוקן עולה שהנאשם הוא אזרח ישראלי. בתקופה הרלבנטית לכתב האישום עסק הנאשם בקנייה ומכירה של כלי נשק ותחמושת מסוגים שונים. לפחות באחד המקרים שימש נשק שמכר הנאשם בידי קונהו לביצוע פיגוע בתחום מדינת ישראל והכל כמפורט להלן.

יוער כי, ב""כ המאשימה הודיע על חזרה מאישום מספר 1 בכתב האישום בדיון שנערך לפניי ביום 10.1.17 לאחר שהנאשם השיב לכתב האישום שהוגש נגדו. לפיכך ובהתאם לאמור בסעיף 94(א) לחוק סדר הדין הפלילי [נוסח משולב], תשמ""ב-1982(להלן חוק סדר הדין הפלילי), הוריתי על זיכוי הנאשם מאישום מספר 1.

מעובדות האישום השני בכתב האישום המתוקן עולה כי במועד ובדרך שאינה ידועה במדויק למאשימה, השיג הנאשם רובה מסוג ""תבור"" (להלן הנשק). הנאשם החביא את הנשק בשכונה הסמוכה למקום מגוריו.

ביום 14.11.15, בשעה 1:00 או בסמוך לכך, הגיעו כוחות הביטחון להרוס בית של מפגע בקלנדיה. בעקבות כך החלו התפרעויות נגד כוחות הביטחון, במסגרתן נהרגו שניים מהמתפרעים. בעקבות כך החליט הנאשם לירות על כוחות הביטחון. הנאשם הלך למחבוא בו החביא את הנשק ולקח את הנשק עימו. הנאשם חיפש מקום בו יעברו רכבים של כוחות הביטחון עליהם יוכל לירות. בשעה 2:00 או בסמוך לכך זיהה הנאשם שלושה רכבים של כוחות הביטחון, ולאחר שהרכבים התקרבו, ירה לעברם חמישה כדורים.

בתאריך שאינו ידוע במדויק למאשימה, בסביבות חודש מרץ 2016, ראה הנאשם כי כוחות הביטחון מבצעים חיפושים אחר נשקים בקלנדיה, ועל כן חשש כי כוחות הביטחון יאתרו את נשקו. נוכח זאת לקח הנאשם את הנשק, נתן אותו למחמוד זהאדה, וביקש ממנו לשמור על הנשק למשך מספר ימים.

במסגרת כתב האישום המתוקן, האישום השלישי נמחק.

על פי עובדות האישום הרביעי בכתב האישום המתוקן, בתאריך שאינו ידוע במדויק למאשימה, במהלך חודש פברואר 2016, פנה אל הנאשם מוראד מחיסן (להלן מחיסן) וביקש מהנאשם להשיג עבורו מספר כלי נשק. בעקבות כך, הלך הנאשם לאחר וקנה ממנו נשקים שונים אותם מכר למחיסן והכל כמפורט להלן: הנאשם מכר למחיסן שני נשקים מסוג קרל גוסטב, תמורת 4,000 ₪ לכל נשק. במעשיו המתוארים לעיל רכש הנאשם נשק וסחר או עשה עסקה אחרת שיש עמה מסירת החזקה בנשק לזולתו.

על פי עובדות האישום החמישי בכתב האישום המתוקן, בתאריך 8.3.16 או בסמוך לכך, הגיע אל הנאשם עבד חרוב (להלן חרוב) וביקש מהנאשם לקנות ממנו נשק מסוג קרל גוסטב. בעקבות כך הלך הנאשם לאחר וקנה נשק מסוג קרל גוסטב (להלן הנשק) במחיר של 3,000 ₪. לאחר מכן חזר הנאשם לחרוב ואמר לו כי מחיר הנשק הוא 3,500 ₪. חרוב הסכים למחיר והביא לנאשם סך של 3,000 ₪. בתמורה לכך מסר הנאשם את הנשק לחרוב. כמו כן, סמוך לאחר מכן, מכר הנאשם לחרוב כעשרה כדורי תחמושת לנשק.

בתאריך 9.3.16 השתמש חרוב בנשק לביצוע פיגוע ירי מתמשך בירושלים. במהלך פיגוע הירי ירה חרוב, ביחד עם אחר, לעבר נוסעים שעמדו בתחנת אוטובוס בצומת רמות בירושלים, לאחר מכן ניסה לירות לעבר שוטר משמר הגבול שעמד במעבר חצייה בסמוך לתחנת הרכבה הקלה ""שמעון הצדיק"" בירושלים והכל עד שחרוב והאחר נורו ונוטרלו בסמוך לשער החדש בירושלים. במעשיו המתוארים לעיל, רכש הנאשם נשק וסחר או עשה עסקה אחרת שיש עמה מסירת החזקה בנשק לזולתו.",58.0,"1. סוג העבירה וחומרתה  
בשני התיקים קיימות עבירות לפי סעיף 144(ב2) – סחר בנשק, ובשניהם גם אלמנט של ניסיון (סחר/חבלה). עם זאת, בתיק 2 מצטרפות עבירות נשיאת נשק, רכישת נשק וניסיון לחבלה חמורה בירי לעבר כוחות ביטחון, וכן קשר ישיר בין אחד כלי הנשק שנמכרו לבין פיגוע ירי – מה שהופך את תיק 2 לחמור באופן מהותי יותר מבחינת תכלית הגנת ביטחון הציבור.

2. תפקיד הנאשם ומעורבותו  
בתיק 1 הנאשם פועל כסוחר/מתווך בעסקאות נקודתיות, מול סוכן משטרתי, ללא הוכחה לדפוס מתמשך או להפעלת אחרים. בתיק 2 הנאשם מתואר כמ מי ש""עסק בקנייה ומכירה"" – כלומר עיסוק שיטתי, כולל הפעלת צדדים שלישיים (ספקים ולקוחות), ובנוסף הוא גם נשא נשק והשתמש בו בעצמו בירי לעבר כוחות הביטחון – מעמד דומיננטי ויוזם יותר.

3. שיטת הביצוע (MO)  
בשני התיקים מדובר בהשגת נשק (בפרט קרלו/קרל גוסטב) ומסירתו בתמורה לכסף, באמצעות מפגשים מתואמים מראש. עם זאת, בתיק 1 מדובר בעסקאות שנוהלו מראש עם סוכן משטרתי, בסביבה מבוקרת, תוך מיקוד בעסקה יחידה (קרלו + תחמושת), ואילו בתיק 2 מדובר בדפוס ""מסחרי"" רחב יותר – קנייה מאחרים ומכירה לצדדים שונים, הסתרת נשק, העברת נשק לשמירה וכדומה, לצד שימוש מבצעי בנשק.

4. נסיבות הליבה  
בתיק 1 מדובר בעסקה אחת מוצלחת (קרלו + 900 כדורי 5.56) וניסיון קודם שלא הבשיל (קרלו ""מקולקל"" + 1,100 כדורים), ללא פגיעה בפועל, במסגרת פעילות סוכן, ללא זיקת טרור. בתיק 2 יש כמה עסקאות (לפחות שלושה כלי נשק שונים), החזקת רובה תבור וירי בפועל על כוחות ביטחון, והעובדה שאחד מקרלי הגוסטב שנמכרו שימש לפיגוע ירי בירושלים – נסיבות ביטחוניות חמורות, בעלות ממד טרוריסטי מובהק ומימוש בפועל של הסיכון.

5. ישימות כתקדים  
לצורכי ענישה בעבירות ""סחר בנשק"" גרידא, תיק 2 יכול לשמש נקודת ייחוס כללית (אותו סעיף, אותו סוג נשק בערך, מכירה לצד שלישי), אך בתי המשפט צפויים להבחין בכך שתיק 2 חמור בהרבה – גם בגלל ריבוי עסקאות, גם בגלל השימוש המבצעי בנשק והקשר לפיגוע, וגם בשל ירי יזום לעבר כוחות ביטחון. לפיכך, תיק 2 הוא תקדים רלוונטי חלקית בלבד לתיק 1, בעיקר כרף עליון מחמיר יותר, ולא כתקדים ""מקביל"" לענישה.

SIMILARITY_SCORE: 58","ok",""
"SH-16-02-10948-419","SH-16-11-19417-55",3,1,1,"הנאשם הורשע במסגרת הסדר טיעון, על-פי הודאתו בכתב האישום המתוקן בעבירה של החזקת נשק שלא כדין לפי סעיף 144(א) לחוק העונשין התשל""ז-1977, שעניינה בכך שהנאשם החזיק בארון הבגדים בביתו באקדח אוטומטי בקוטר 9 מ""מ.","הנאשם שלפני נותן את הדין בגין עבירות של החזקת נשק ותחמושת שלא כדין, בניגוד לסעיף 144(א) רישא וסיפא לחוק העונשין, תשל""ז-1977.

בהתאם לעובדות כתב האישום המתוקן (תיקון פרוצדורלי) נתפס הנאשם, בתאריך 26.10.16, סמוך לשעה 05:00 בבוקר, מחזיק בנשק חם מסוג אקדח ברטה, חצי אוטומטי, מודל F84, קליבר 9 מ""מ קצר, מספר סידורי D79906Y, בצירוף מחסנית ובה כדורים.

הנשק הוחזק מתחת לכיסא הנהג ברכב אותו החזיק הנאשם, מסוג מרצדס, מ.ר. 53-321-59.",85.0,"1. **סוג העבירה וחומרתה**  
בשני התיקים מדובר בעבירת החזקת נשק חם בניגוד לסעיף 144(א) לחוק העונשין, כאשר בתיק 2 מתווספת גם החזקת תחמושת – תוספת מחמירה אך באותה “משפחה” של עבירה. בשני המקרים מדובר באקדח 9 מ""מ, ללא אינדיקציה לשימוש בו, לעסקאות נשק או להיבט ביטחוני-ביטחוני. רמת החומרה הכללית דומה מאוד, עם חומרה מעט גבוהה יותר בתיק 2 בשל תחמושת והחזקה ברכב.

2. **תפקיד הנאשם ומעורבותו**  
בשני התיקים הנאשם הוא ""מַחְזִיק"" הנשק – אין טענה לתיווך, סחר, תכנון פיגוע או הפעלה של אחרים. ההחזקה היא אישית, פיזית, ובלעדית לכאורה, ללא חלוקה לתפקידים במערך עברייני רחב יותר. מדובר במעורבות דומה של החזקה ""בסיסית"" ולא יוזמה עבריינית מורכבת.

3. **שיטת הביצוע (MO)**  
בשני המקרים מדובר בהחזקת נשק מוסתר במקום הנמצא בשליטת הנאשם: ארון בגדים בבית (תיק 1) לעומת מתחת לכיסא הנהג ברכב שבחזקתו (תיק 2). אין שימוש באלימות, אין העברה, אין מסחר – רק אחזקה פאסיבית מוסתרת. ההבדל הוא רק בזירת ההחזקה (בית מול רכב), לא בדפוס העברייני המהותי.

4. **נסיבות הליבה**  
בשני התיקים מדובר באקדח יחיד בקוטר 9 מ""מ; בתיק 2 קיימת מחסנית עם כדורים – אלמנט מחמיר מסוים. מנגד, בתיק 1 מדובר באקדח אוטומטי (עשוי להיתפס כחמור יותר מסוג חצי-אוטומטי), אך שניהם נשק חם קטלני ו""הסטנדרטי"" לעבירת 144(א). אין בכתבי האישום אינדיקציה לנסיבות מחמירות מיוחדות (כגון ארגון פשיעה, סכסוך אלים, שימוש בפועל, איומים) או לנסיבות מקלות חריגות; הפערים בנסיבות הליבה הם בשוליים.

5. **ישימות כתקדים**  
בית משפט הדן בענישה בתיק אחד יראה בתיק האחר תקדים ענייני רלוונטי מאוד, שכן מדובר באותו סוג עבירה, באותו סוג נשק, באותה רמת מעורבות, ובנסיבות יסוד דומות של החזקה מוסתרת ""יבשה"". יידרשו התאמות נקודתיות (תחמושת/רכב מול בית, אוטומטי/חצי-אוטומטי), אך כמסגרת ענישה כללית – שני התיקים קרובים מאוד ומסוגלים לשמש זה לזה כתקדימים משמעותיים.

SIMILARITY_SCORE: 85","ok",""
"ME-22-03-52964-443","ME-17-05-35227-215",2,0,1,"הנאשם הורשע על פי הודאתו בביצוע עבירות נשק (החזקה, נשיאה, והובלה) לפי סעיפים 144(א) רישא וסיפא + 144(ב) רישא וסיפא + 144(ג) לחוק העונשין, התשל""ז-1977 (להלן: ""החוק""), ובעבירת הפרעה לשוטר במילוי תפקידו לפי סעיף 275 לחוק.

על פי האמור בכתב האישום, עבד הנאשם במפעל מזון בדיר אל אסד. ביום 9.3.22 בשעה 12:10 החזיק ונשא הנאשם על גופו בחצר הכניסה למפעל אקדח חצי אוטומטי D.D.G מודל 19 קליבר 9 מ""מ פרבלום. הנאשם נשא את האקדח על גופו כשהוא טעון במחסנית ובתוכה 16 כדורים, הכל בלא רשות על פי דין. בנוסף, החזיק ונשא הנאשם על גופו מחסנית נוספת ובתוכה 16 כדורים נוספים. בהמשך למתואר לעיל, עברה בסמוך למפעל ניידת משטרה, ומשהבחין הנאשם בניידת החל לרוץ אל תוך המפעל. השוטרים רדפו אחריו והנאשם ניסה להשליך את הנשק, המחסנית והתחמושת לתוך ארגז עופות שהיה מונח על הרצפה, אולם נתפס על ידי השוטרים.","ביום 7 במאי 2017 בשעת צהריים נהג הנאשם בתיק זה, דוד טבצ'ניקוב, באופנוע מסוג קואנג יאנג טיו כשהוא נושא ומוביל עמו בתוך תא המטען תת-מקלע מאולתר שבתוכו מחסנית. לפניי, הודה הנאשם בביצוע עבירה זו, בניגוד לסעיף 144(ב) רישא וסיפא לחוק העונשין, התשל""ז-1977 (להלן: ""חוק העונשין"") והוא הורשע בה.",78.0,"1. **סוג העבירה וחומרתה**  
בשני התיקים מדובר בעבירות נשיאת/הובלת נשק לפי סעיף 144(ב) לחוק – אותה ""משפחת עבירות"" וליבה זהה: החזקת נשק בלתי חוקי במרחב אזרחי. בתיק 1 יש גם החזקה (144(א)), תחמושת (144(ג)) והפרעה לשוטר (275), בעוד שבתיק 2 מדובר ""רק"" בנשיאת/הובלת נשק; מנגד, בתיק 2 מדובר בתת־מקלע מאולתר, שהוא נשק מסוכן יותר מאקדח. בסך הכול רמת החומרה דומה, עם שוני בדגשי החומרה (סוג הנשק בתיק 2 לעומת ריבוי רכיבי הנשק והפרעה לשוטר בתיק 1).

2. **תפקיד הנאשם ומעורבותו**  
בשני המקרים הנאשם הוא המחזיק הישיר והבלעדי בנשק, לא ""חייל זוטר"" בשרשרת סחר ולא אדם שנקלע לסיטואציה משנית. בשני התיקים הוא זה שנושא/מוביל את הנשק בפועל, ביוזמה אישית, ברמת מעורבות פעילה וישירה.

3. **שיטת הביצוע (MO)**  
בתיק 1 האקדח נישא על גוף הנאשם, טעון ומוכן לשימוש, במקום עבודתו; כשמבחין בניידת מנסה לברוח ולהשליך את הנשק. בתיק 2 הנשק (תת־מקלע) הוחזק בתא מטען של אופנוע בעת נהיגה – כלומר הובלה/נשיאה בכלי רכב ולא ""על הגוף"". בשני התיקים מדובר בדפוס פשוט של החזקה/הובלה, ללא תחכום מיוחד, ללא מנגנון הסוואה מתוחכם וללא שימוש בפועל – אך עם דגש שונה: ""נשיאה על הגוף"" ותגובה לשוטרים בתיק 1 לעומת ""נשיאה בכלי רכב"" בתיק 2.

4. **נסיבות הליבה**  
תיק 1: אקדח חצי אוטומטי טעון במחסנית עם 16 כדורים + מחסנית נוספת עם 16 כדורים, נשיאה על הגוף, בריחה מהשוטרים וניסיון להשליך את הנשק – נסיבות שמעצימות את המסוכנות המיידית ואת הפן הערכי (הפרעה לשוטר). תיק 2: תת־מקלע מאולתר עם מחסנית, נשק קטלני יותר מטבעו, אך הוחזק בתא מטען ולא מתואר כטעון/מוכן לשימוש באותה רמת מיידיות, ללא מרדף או עימות עם שוטרים. בשני המקרים אין תיאור של שימוש בפועל, ירי, איום או הקשר של פעילות עבריינית מאורגנת – ולכן ""ליבת"" העבירה היא עצם החזקת נשק חם שלא כדין.

5. **ישימות כתקדים**  
מבחינת ענישה, בתי המשפט נוטים להסתכל על כלל עבירות הנשק מסוג ""נשיאה/הובלה/החזקה"" כקבוצת ייחוס אחת, ולהשוות בין תיקים מסוג זה לפי פרמטרים של סוג הנשק, מיקומו (על הגוף / ברכב), כמות תחמושת ונסיבות נלוות (כמו הפרעה לשוטר). לכן תיק 2 יכול לשמש תקדים ענייני לתיק 1 (ולהפך) לעניין רמת הענישה ההולמת בעבירת נשיאת/הובלת נשק חד־פעמית, תוך התאמות בשל השוני בסוג הנשק ובנסיבות המלוות.  

SIMILARITY_SCORE: 78","ok",""
"ME-18-04-19642-504","ME-21-10-18557-340",2,0,1,"הנאשם הורשע, על פי הודייתו, בעבירות נשק בנוגע לאירוע שהתרחש ביער הסמוך לכפר קרע ביום 1.4.18.

בגין מעשיו אלה, הורשע הנאשם בנשיאת והובלת נשק, לפי ס' 144(א) רישא+סיפא וכן 144(ב) רישא+סיפא לחוק העונשין, תשל""ז – 1977; וכן במעשי פזיזות ורשלנות, לפי ס' 338(א)(5) לחוק.

על פי עובדות כתב האישום המתוקן והסכמות הצדדים שתוצגנה להלן, במהלך החודשים שקדמו לאירוע נושא כתב האישום ושהתרחש ביום 1.4.18 (להלן: יום האירוע), היתה ר.ק. (להלן: גם המתלוננת) חברתו של הנאשם. כשבועיים לפני יום האירוע התגלע בין השניים סכסוך.

ביום האירוע בסביבות השעה 17:00, הגיע הנאשם ברכבו ליער הסמוך לכפר קרע (להלן: היער) כשהוא נושא עמו אקדח מסוג FN בקוטר 9 מ""מ, שתי מחסניות ולא פחות מ 40 כדורים. על רקע הסכסוך עם ר.ק. הוא ביקש ממנה להגיע ליער ולאחר שהגיעה לשם ברכבה, ישבו השניים על האדמה בסמוך לרכבה של ר.ק. ושוחחו אודות מערכת היחסים ביניהם.

במהלך השיחה לעיל, אמר הנאשם לר.ק., בין היתר, את המשפטים הבאים: ""תגידי איפה היית, תתוודי איפה היית, איפה היית, עכשיו אני אגמור אותך פה""; ""באמא שלי אני אגמור עלייך עכשיו""; ""אגמור עלייך ועל אמא שלך ועל אבא שלך ועל האחים שלך ואחרי זה אני אכנס לכלא, אין לי בעיה"". בנוסף, במהלך השיחה לעיל שלף הנאשם את האקדח ממכנסיו, הראה אותו לר.ק. וירה, לסירוגין, 11 יריות באוויר.

באותה העת, הגיעו ליער 3 שוטרים בניידת וכשהתקרבו למקום בו ישבו ר.ק והנאשם, קם האחרון, רץ לעבר רכבה של ר.ק. כשהאקדח ברשותו, התיישב בכיסא הנהג וביקש ממנה שתאמר לו מה הקוד להתנעת הרכב על מנת להימלט מהשוטרים. כמו כן השליך הנאשם את האקדח מתחת למושב הרכב. השוטרים הורו לנאשם לצאת מהרכב והנאשם עשה כן.

בנוסף לעובדות כתב האישום המתוקן, הצדדים הסכימו (ר' הודעת הצדדים על פרטי הסדר הטיעון, עמ' 10 שורות 18-20 לפרוטוקול), כי במהלך האירוע היה הנאשם תחת השפעת משקאות אלכוהוליים. כמו כן הורשה הנאשם לטעון (בעוד המאשימה ציינה כי לא ניתן לסתור זאת), כי הנאשם אינו זוכר את כל פרטי האירוע.","הנאשם שלפניי הורשע, על פי הודאתו במסגרת הסדר טיעון בעובדות כתב אישום מתוקן, בביצוע העבירות הבאות: עבירות בנשק (החזקה, הובלה ונשיאה) - עבירה לפי סעיף 144(א) רישא וסיפא + סעיף 144(ב) רישא וסיפא לחוק העונשין, התשל""ז-1977 (להלן: ""החוק""), וכן ירי מנשק חם - עבירה לפי סעיף 340א(ב)(1) ו-(2) לחוק.

על פי עובדות כתב האישום המתוקן, אשר עיקרן יובא להלן, הנאשם וג'יהאד סואעד (להלן: ""ג'יהאד"") הם מכרים. הנאשם ו- א' (להלן: ""א'"") הם מכרים וביניהם קיים סכסוך.

במהלך יום 16.9.2021, הנאשם החזיק בנשק מסוג תת מקלע מאולתר אשר סוגל לירות כדור / קלע ובכוחו להמית אדם, וכן במחסנית ולכל הפחות בשני כדורים תואמים לתת המקלע בקליבר 9 מ""מ (להלן יחד: ""הנשק""), זאת בלא רשות על פי דין. עובר לשעה 19:00, הנאשם הניח את הנשק שהיה טעון במחסנית ובכדורים ברכבו מסוג מאזדה בצבע כחול (להלן: ""הרכב"").

סמוך לשעה 19:00, בכפר אבו סנאן, הנאשם נסע ברכב כשהוא נושא ומוביל את הנשק. הוא הגיע אל ביתו של ג'יהאד אשר התיישב במושב הנהג והנאשם התיישב במושב הנוסע לידו, כשהנשק ברשותו. השניים נסעו בכפר אבו סנאן כשהנאשם נושא ומוביל את הנשק, בסיועו של ג'יהאד. במהלך הנסיעה, הגיעו השניים לרחוב בו נמצא עסק לחומרי בניין. במקום היה א' כשהוא יושב במאזדה לבנה (להלן: ""המאזדה"") במושב הנוסע ליד הנהג, ומכרו מוחמד פעאור ישב במושב הנהג.

הנאשם וג'יהאד עצרו ליד המאזדה, ובין הצדדים התפתחו חילופי דברים, במהלכם יצא הנאשם מהרכב כשהוא מחזיק בידו את הנשק הטעון. הנאשם פנה לעבר המאזדה, נעמד בצמוד לחלקה השמאלי קדמי (כך צויין- א' ס'), שם ישב א', וכיוון את הנשק לעבר המאזדה בכוונה להפחיד או להקניט את א'. מוחמד פעאור שהבחין במתרחש החל לנסוע מהמקום במטרה להתחמק מהנאשם.

הנאשם רץ אחרי המאזדה כשהוא מחזיק בידו את הנשק, וכשהמאזדה הייתה במרחק קצר ממנו, כיוון הוא את הנשק כלפי מעלה וירה לפחות שני כדורים. זאת בכוונה להפחיד את א' או להקניטו, באזור מגורים ובאופן שיש בו לסכן חיי אדם. הנאשם חזר אל הרכב, בו המתין ג'יהאד כל אותה העת, והשניים נסעו מהמקום כשג'יהאד נוהג ברכב ומסייע לנאשם לשאת ולהוביל את הנשק הטעון במחסנית ובכדורים.",65.0,"1. **סוג העבירה וחומרתה**  
בשני התיקים מדובר בעבירות נשק לפי סעיף 144(א)+(ב) – החזקה, נשיאה והובלה של נשק טעון. עם זאת, בתיק 1 העבירה הנלווית היא מעשי פזיזות ורשלנות (ס' 338(א)(5)), בעוד שבתיק 2 מדובר בירי מנשק חם באזור מגורים לשם הפחדה (ס' 340א(ב)), שהיא עבירה מחמירה יותר ומסווגת את המעשה כמסוכן יותר לציבור. לכן, יש דמיון בליבת העבירה (נשק + ירי ללא כוונה לפגוע בגוף), אך רמת החומרה הכוללת בתיק 2 גבוהה יותר.

2. **תפקיד הנאשם ומעורבותו**  
בשני התיקים הנאשמים הם מבצעים עיקריים, יוזמים את האירוע, מחזיקים ונושאים את הנשק, ומבצעים בעצמם את הירי – אין מדובר בדמויות שוליות או ""בלדרים"". בתיק 2 קיים שותף (ג'יהאד) המסייע בהובלה ונהיגה, אך אין בכך כדי להפוך את הנאשם לפחות מרכזי; בשני המקרים הנאשם הוא הדמות המרכזית שמובילה את העימות ומממשת את השימוש בנשק.

3. **שיטת הביצוע (MO)**  
בשני המקרים הנאשם מגיע ברכב כשהנשק טעון ומוכן לשימוש, על רקע סכסוך אישי (זוגי בתיק 1, בין מכרים/עסקיים בתיק 2), יוצר מפגש חזיתי עם הצד השני, שולף את הנשק ויורה ירי כלפי מעלה כדי להפחיד ולהפגין כוח, ולא כדי לפגוע פיזית בגוף. בתיק 1 הירי מתבצע ביער, כשהמתלוננת יושבת לידו והוא ממטיר 11 יריות באוויר; בתיק 2 הירי מתבצע ברחוב ביישוב, תוך ריצה אחרי רכב וניסיון הפחדה, באמצעות תת מקלע מאולתר – מה שמחזק את מאפיין ה""בריונות"" הציבורית.

4. **נסיבות הליבה**  
בשני התיקים אין נפגעי גוף ואין ירי מכוון לגוף הקורבן, והירי נעשה באופן מוצהר/מובן לשם הפחדה, על רקע סכסוך אישי, כאשר כמות מסוימת של תחמושת זמינה. עם זאת, בתיק 1 ההתרחשות ביער, במרחב פחות צפוף, תוך שכרות ובעיקר על רקע זוגי – נסיבות אשר מקטינות במידת מה את פוטנציאל הפגיעה בצדדים שלישיים; בתיק 2 הירי מתבצע באזור מגורים, ליד עסק, אחרי רכב בתנועה, באמצעות נשק אוטומטי מאולתר, באופן שמעצים את הסיכון לציבור ואת מדרג החומרה.

5. **ישימות כתקדים**  
בית משפט עשוי לראות בשני התיקים כקרובים עניינית לצורכי ענישה במובן של ""התיקון הטיפוסי"" של החזקת נשק טעון וירי באוויר לשם הפחדה על רקע סכסוך, ולכן תיק 1 יכול לשמש נקודת ייחוס מסוימת בבואו לגזור את דינו של נאשם בתיק 2 (או להפך). עם זאת, בשל השונות המהותית בסעיף הירי (338 לעומת 340א), בסביבת ההתרחשות (יער לעומת אזור מגורים) וברמת הסיכון לציבור, בית המשפט גם יבחין ביניהם ויגדיר את תיק 2 כחמור יותר, כך שהתיק הראשון יהיה תקדים רלוונטי אך לא ""מקביל"" במדרג.

SIMILARITY_SCORE: 65","ok",""
"ME-16-03-59260-279","SH-11-12-35552-181",2,0,1,"הנאשם הורשע, על יסוד הודאתו, במסגרת הסדר טיעון, בכתב אישום מתוקן, בעבירות של נשיאת נשק בלא רשות, על פי דין, לפי סעיף 144(ב) רישא+סיפא לחוק העונשין, התשל""ז-1977 (להלן: ""החוק"") והחזקת נשק בלא רשות על פי דין, לפי סעיף 144(א) רישא+סיפא לחוק.

החל ממועד שאינו ידוע למאשימה ועד לתאריך 23.3.16, החזיק הנאשם במחסן חנות הדגים שבה עבד, ברחוב נווה שאנן 37 בתל-אביב (להלן: ""החנות""), אקדח 9 מ""מ מסוג 'גלוק' בצבע שחור, מ.ר. F.V.458 (להלן: ""האקדח"") ללא היתר כדין, כשהוא עטוף בשקית שחורה, וכן תחמושת מסוג מחסנית המתאימה לאקדח שבתוכה 14 כדורי קליבר 9 מ""מ (להלן יחד: ""הנשק"").

ביום 23.3.16 סמוך לשעה 7:30 הגיעו הנאשם ואחר לרחוב התחייה 19, תל אביב-יפו, ומיד לאחר הגיעם למקום, נורו יריות לעבר האחר. בעקבות הירי ומיד לאחריו, ולאחר שהאחר נמלט רגלית מהמקום, נסע הנאשם לבדו ברכב מסוג ""מרצדס"" (להלן: ""הרכב""), למחסן החנות שבו הוחזק הנשק, נטל ונשא משם את הנשק.

הנאשם שב לרכב כשהוא מצויד בנשק ובתחמושת ונסע מהמקום. בהמשך לכך, נסע הנאשם לבדו ברכב על מנת לחפש את האחר, עד שהגיע לרחוב המנוע 2, תל אביב-יפו.","הנאשם הורשע על פי הודאתו בעבירות בנשק, עבירה לפי סעיף 144(א) רישא לחוק העונשין, התשל""ז-1977, בנסיבות בהן ביום 14/12/11 החזיק הנאשם בביתו בעיר לוד, בארון הבגדים בחדר השינה אקדח כשהוא עטוף בגרב.",40.0,"1. סוג העבירה וחומרתה  
שני התיקים עוסקים בעבירות לפי סעיף 144 לחוק העונשין – החזקת נשק ללא רישיון, ובכך יש זיקה סוגית ברורה. עם זאת, בתיק 1 מיוחסת גם *נשיאת* נשק בציבור, בצירוף תחמושת ובהקשר של אירוע ירי וחיפוש אחר אדם, ולכן רמת החומרה בתיק 1 גבוהה באופן ניכר מתיק 2, שהוא החזקה ""סטטית"" בבית.

2. תפקיד הנאשם ומעורבותו  
בתיק 1 הנאשם אינו רק מחזיק פסיבי: הוא נוטל את האקדח ממחסן החנות לאחר אירוע ירי, נושא אותו ברכב ומחפש אחר אדם – מעורבות אקטיבית בהקשר אלים. בתיק 2 הנאשם מתואר כמי שמחזיק אקדח בביתו, בארון הבגדים, ללא תיאור של שימוש, יעד או מעורבות באירוע פלילי נלווה – מעורבות פסיבית בהרבה.

3. שיטת הביצוע (MO)  
בשני התיקים קיימת הסתרה של אקדח במקום שנמצא בשליטת הנאשם (מחסן עסק/בית), כשהאקדח עטוף (שקית/גרב) – זהו הדמיון העיקרי. אולם בתיק 1 יש דפוס של החזקת נשק ""זמין"" במחסן עסק, שליפה לאחר אירוע ירי, נשיאתו ברכב בעיר וחיפוש אקטיבי; בתיק 2 הדפוס הוא החזקה ביתית נסתרת ללא אלמנט מבצעי-דינמי.

4. נסיבות הליבה  
בתיק 1: אקדח גלוק + מחסנית עם 14 כדורים, הקשר לאירוע ירי קודם, יציאה לחיפוש אחר אחר, תנועה עם נשק טעון, מסוכנות קונקרטית ומוגברת לציבור ולמושא הסכסוך. בתיק 2: אקדח אחד בבית, ללא פירוט על תחמושת, ללא תכנון מיידי לשימוש או הקשר של סכסוך/ירי – נסיבות מקלות בהרבה בהיבט המסוכנות הממשית.

5. ישימות כתקדים  
מבחינת סיווג משפטי-עקרוני, תיק 2 יכול לשמש נקודת ייחוס כללית לרמת ענישה בעבירות החזקת אקדח ללא רישיון. אולם הפער בנסיבות – ובעיקר הקשר של תיק 1 לאירוע ירי, נשיאה אקטיבית וחיפוש אחר יעד – יביא לכך שבית המשפט יראה בתיק 2 השוואה מוגבלת בלבד, ולא תקדים ענייני מרכזי לגזירת הדין בתיק 1.

SIMILARITY_SCORE: 40","ok",""
"ME-16-06-44840-433","ME-14-10-31218-522",1,0,0,"הנאשם, יליד 1993, הודה והורשע בכתב אישום שתוקן במסגרת הסדר טיעון בעבירות של נשיאת נשק לפי סעיף 144(ב) לחוק העונשין התשל""ז-1977 (להלן: חוק העונשין), החזקת נשק לפי סעיף 144(א) לחוק וסיוע לנסיון לתקיפה לפי סעיפים 379 + 25 + 31 לחוק. 

על פי כתב האישום המתוקן, קיים סכסוך בין חברו של הנאשם אלירון גולד לבין אחרים, ביניהם רן ויוני אברג'יל ונתי קורקוס. עובר ליום 3.5.16 קיבל הנאשם לידיו והחזיק במקום מסתור שני רימוני הלם ורימון גז (להלן: הרימונים). בתאריך 5.6.16 נאמר לאלירון כי האחרים נמצאים ברחוב האפרסמון בירושלים. הוא קרא לנאשם ולחברים נוספים, הנאשם הצטייד ברימונים וכולם נסעו לרחוב האפרסמון. הנאשם מסר לאלירון את רימון הגז והסביר לו כיצד להשתמש בו. מאוחר יותר השליך הנאשם את רימון הגז לעבר רן אברג'יל . הנאשם נטל את שני רימוני ההלם והטמינם במקום סמוך. ביומיים שלאחר מכן העבירם בין שני מקומות מסתור נוספים. במסגרת הסדר הטיעון הוסכם גם שעבירת הסיוע לנסיון התקיפה התבטאה רק בכך שהנאשם הביא לזירה את הרימונים והסביר לאלירן איך להשתמש ברימון הגז.","הנאשם, יליד 83', הורשע במסגרת הסדר בכתב אישום אשר תוקן, בעבירות בנשק – לפי סעיף 144 (א) לחוק העונשין, התשל""ז-1977 (להלן: חוק העונשין).

בתאריך 29/5/14 בשעה 02:45 בלילה (להלן: מועד האירוע), הגיע הנאשם סמוך לבית ד""ר אמון חסן בדיר אל אסד (להלן: המתלונן והבית, בהתאמה), כשהוא מחזיק רימון יד הלם/סינוור M7290 בצבע שחור עם פס כתוב המקיף אותו, שמספרו E386201 (להלן: הרימון). בכוחו של הרימון היה להזיק לאדם ולגרום לו פגיעה גופנית בעת פעולתו, בכפוף לקרבה של אותו אדם למוקד פעולת הרימון. במועד האירוע הושלך הרימון לעבר מרפסת ביתו של המתלונן, לאחר שהנצרה שוחררה. כתוצאה מכך נחת הרימון במרפסת והתפוצץ תוך גרימת קול נפץ עז, שהעיר את המתלונן ושכנו משנתם.

במעשיו כאמור לעיל, החזיק הנאשם נשק בלא רשות על פי דין.",60.0,"1. סוג העבירה וחומרתה  
בשני התיקים העבירה המרכזית היא החזקת נשק לפי סעיף 144(א) לחוק העונשין, ובשניהם מדובר ברימון הלם/גז – אמצעי לחימה ""אמיתי"" ולא אמצעי דמוי-נשק. עם זאת, בתיק 1 קיימות עבירות נוספות (נשיאת נשק לפי 144(ב) וסיוע לניסיון תקיפה), מה שמעמיד את החומרה הכוללת של תיק 1 ברף גבוה יותר מתיק 2, שבו ההרשעה היא רק לפי 144(א), אף שהעובדות כוללות גם השלכה בפועל.

2. תפקיד הנאשם ומעורבותו  
בתיק 1 הנאשם פועל כחלק מקבוצה, בעל תפקיד לוגיסטי-מבצעי: מחזיק ומסתיר רימונים במשך זמן, מביא אותם לזירת העימות, מלמד להשתמש בהם ואף משליך רימון גז לעבר אדם – שילוב של ""מחזיק"", ""מסיע"" ו""מבצע בפועל"". בתיק 2 הנאשם הוא המבצע הישיר של האירוע: מגיע לבדו לבית המתלונן, מחזיק ברימון ומי שמבצע את ההשלכה בפועל; אין גורמים נוספים או תפקיד-משנה. בשני המקרים מדובר במעורבות פעילה ומרכזית, לא בדמות שולית או ""בלדר"" בלבד.

3. שיטת הביצוע (MO)  
בשני התיקים נעשה שימוש ברימוני הלם/גז, שנישאו בידי הנאשם והושלכו לעבר יעד אזרחי (אדם/בית), כשהרימון מופעל (שחרור נצרה) וגורם לנפץ חזק. בתיק 1 יש דפוס של החזקה והעברה למספר מקומות מסתור והגעה ""מצוידת"" לאירוע אלים בין יריבים; בתיק 2 מדובר בהגעה נקודתית לבית המתלונן בשעת לילה והשלכת רימון למרפסת – יותר ""אירוע יחיד"" מאשר חלק מסכסוך מתמשך. לפיכך, יש דמיון משמעותי בסוג האמצעי ובשימוש בו, אך שיטת הפעולה הכוללת שונה במידת התכנון והיקף הפעילות.

4. נסיבות הליבה  
בתיק 1: מספר רימונים, החזקה פרק זמן, העברה בין מסתורים, יציאה יזומה לעימות על רקע סכסוך, ותרומה לתקיפה (גם אם בגדר סיוע) – אלו נסיבות מחמירות, אף שלרימונים עצמם (הלם/גז) יש אופי פחות קטלני מנשק חם. בתיק 2: רימון יחיד, השלכה בשעת לילה למרפסת בית, פוטנציאל סיכון לדיירי הבית ולשכנים, אך בפועל הנזק מתמצה ברעש ובהבהלה. שני התיקים מאופיינים באי-גרימת חבלה בפועל אך בסיכון ממשי לחיי אדם/שלמות הגוף, ובשימוש באמצעי חבלה בשטח מיושב.

5. ישימות כתקדים  
מבחינת ענישה בעבירות נשק, שני התיקים מצויים ב""אותו עולם"" – החזקת רימוני הלם/גז, נשק אמיתי, שימוש בפועל על רקע סכסוך/עימות אזרחי. עם זאת, השונות במערך העבירות (בתיק 1 עבירות נוספות, תפקיד לוגיסטי מתמשך ומספר רימונים; בתיק 2 אירוע חד-פעמי של רימון אחד לבית) מחייבת התאמות משמעותיות, ולא ניתן לראותם כמקבילים לגמרי. בית משפט יוכל להיעזר באחד כנקודת ייחוס לשיקול מדיניות הענישה בעבירות החזקת/שימוש ברימונים, אך לא כתקדים ""ממש דומה"" ללא הבחנות.

SIMILARITY_SCORE: 60","ok",""
"sh-10-05-7434-952","SH-18-06-11098-353",1,0,0,"הנאשם, איגור בן סמיון סבובסקי, יליד 1961, הורשע ביום 17.6.10 על-פי הודייתו בכתב אישום המייחס לו שתי עבירות של החזקת נשק לפי סעיף 144(א) לחוק העונשין, תשל""ז-1977.

לפי העובדות המפורטות בכתב האישום, ביום 14.4.10 נמצא מחזיק בדירתו ברחוב אורלנסקי 11 בפתח תקווה שני כלי נשק ללא רשות על פי דין: אקדח ""ברטה"" חצי אוטומטי ואקדח ""לאמה"" חצי אוטומטי (להלן: ""שני האקדחים"").","הנאשם שלפני נותן את הדין בגין עבירה של אחזקת נשק ותחמושת שלא כדין, בניגוד לסעיף 144(א) רישא וסיפא לחוק העונשין, תשל""ז-1977.

בהתאם לעובדות כתב האישום, בהם הודה הנאשם כפי שהן – נתפס, בתאריך 23/05/18, מחזיק רובה סער מסוג ""גליל"", שמספרו הסידורי נמחק; וכן מחסניות ותחמושת - שלא כדין.",75.0,"1. **סוג העבירה וחומרתה**  
שני התיקים עוסקים בעבירה זהה במהותה – החזקת נשק בניגוד לסעיף 144(א) לחוק העונשין; בתיק 2 יש גם תחמושת (רישא וסיפא), ובנוסף מדובר ברובה סער צבאי עם מספר סידורי מחוק, נתון המחמיר את החומרה. למרות זאת, מסגרת העבירה והרציונל הענישתי זהים, כך שהדמיון גבוה, עם מובהקות מסוימת לחומרה יתרה בתיק 2.  

2. **תפקיד הנאשם ומעורבותו**  
בשני התיקים הנאשמים מתוארים כמחזיקים בלבד, ללא טענה לסחר, הפצה, שימוש בפועל או תפקיד ""יזמי"" בעולם הנשק. אין תיאור של שותפים, רשת או פעילות עבריינית רחבה – בשני המקרים מדובר במעורבות כ""מחזיק"" פסיבי יחסית, ברמת תפקיד דומה מאוד.  

3. **שיטת הביצוע (MO)**  
בשני התיקים הנשק נתפס במקום המצוי בשליטת הנאשם (בדירה/החזקה פיזית) ללא תיאור של מנגנון הסוואה מתוחכם או הפעלה. אין דפוס פעולה ייחודי מעבר לעצם ההחזקה הבלתי-חוקית, כך שמבחינת MO מדובר בדפוס פשוט וזהה כמעט – החזקת נשק אסור במקום פרטי.  

4. **נסיבות הליבה**  
בתיק 1 מדובר בשני אקדחים; בתיק 2 ברובה סער מסוג ""גליל"" עם מחיקת מספר סידורי, ובנוסף מחסניות ותחמושת – נתונים שנתפסים בפסיקה בדרך כלל כמלמדים על פוטנציאל שימוש גבוה יותר ועל מסוכנות גבוהה יותר. מנגד, בתיק 1 הכמות (שני אקדחים) גם אינה זניחה, אך עדיין בדרך כלל רובה סער צבאי + תחמושת ומספר מחוק ייחשבו חמורים יותר מהחזקת שני אקדחים ""רגילים"".  

5. **ישימות כתקדים**  
מבחינת בית משפט, שני המקרים שייכים לאותו ""סוג מקרה"" לצורכי ענישה – החזקת נשק חם ללא רישיון, ללא הקשר של פעילות טרור/פשיעה מאורגנת/שימוש בפועל. לכן הם בהחלט יכולים לשמש זה לזה תקדים ענישתי, תוך הסתייגות שהמקרה של רובה סער עם מספר מחוק ותחמושת (תיק 2) צפוי להיחשב חמור יותר מהותית ולהצדיק מדרג ענישה גבוה יותר מתיק 1.  

SIMILARITY_SCORE: 75","ok",""
"SH-19-07-60805-168","SH-16-11-7544-55",2,0,1,"הנאשם שלפני נותן את הדין בגין עבירות של החזקת נשק ותחמושת שלא כדין, בניגוד לסעיף 144(א) רישא וסיפא לחוק העונשין, התשל""ז – 1977.

בהתאם לעובדות כתב האישום המתוקן כא/1, בהן הודה הנאשם במסגרת הסדר טיעון, בתאריך 08.07.19, נתפס הנאשם מחזיק, בתא המטען ברכבו מסוג לקסוס, מ.ר. 72-111-79 (להלן: ""הלקסוס""), מתחת לשטיח הגלגל הרזרבי, אקדח חצי אוטומטי מסוג גז/הזנקה, אשר בוצע שינוי בייעודו המקורי ובעת תפיסתו – מסוגל היה לירות כדורי אקדח. כמו כן, בתוך האקדח נתפסה מחסנית, המתאימה לאקדח חצי אוטומטי מסוג ""סמית' אנד ווסון"", טעונה ב-10 כדורים בקוטר 9 מ""מ פאראבלום.","הנאשם הורשע על פי הודאתו בעבירה של החזקת נשק שלא כדין בהתאם להוראת סעיף 144(א) רישא וסיפא לחוק העונשין.

על פי המתואר בעובדות כתב האישום, בתאריך 26.10.16, עת שנסע ברכבו במחלף להב-שומריה שבכביש 6 לכוון צפון, הבחין השוטר מיכאל אדרי (להלן: ""מיכאל"") בנאשם עומד מאחורי ארונות השקיה הצמודים לנתיבי הנסיעה. בהגיעו לנאשם, הבחין מיכאל כי הנאשם מחזיק בנשק מסוג רובה תת מקלע מאולתר ומחסנית המכילה 10 קליעים בקוטר 9 מ""מ. במעשיו האמורים החזיק הנאשם בנשק ובאבזר תחמושת ללא רשות על פי דין להחזיקם.",80.0,"1. סוג העבירה וחומרתה  
בשני התיקים מדובר בעבירה זהה של החזקת נשק שלא כדין לפי סעיף 144(א) רישא וסיפא, ובפועל בשניהם גם החזקת תחמושת. רמת החומרה העקרונית דומה, אם כי רובה תת-מקלע מאולתר (תיק 2) נתפס לרוב כחמור מעט יותר מאקדח, גם אם אקדח שהוסב מגז/הזנקה (תיק 1).

2. תפקיד הנאשם ומעורבותו  
בשני המקרים הנאשם הוא המחזיק הישיר והבלעדי בנשק, ללא תיאור של רשת, תיווך או סחר – כלומר מעורבות כ""מחזיק"" ולא כ""סוחר"". לא מתוארת יוזמה עבריינית מורכבת בשום תיק (כגון מכירה, שימוש או איומים), אלא עצם ההחזקה.

3. שיטת הביצוע (MO)  
בשני התיקים הנשק הוחזק לצורך זמינות, ללא שימוש בפועל, עם מחסנית ובה 10 כדורי 9 מ""מ. ההבדל הוא באופן ההחזקה: בתיק 1 הנשק מוסתר בתא מטען מתחת לשטיח, לעומת החזקה גלויה יחסית בשטח פתוח סמוך לכביש בתיק 2 – אך זה הבדל נסיבתי יותר מאשר ""דפוס עברייני"" שונה.

4. נסיבות הליבה  
בשני התיקים: נשק אחד, מחסנית אחת, 10 כדורים, קליבר זהה, ללא שימוש, ללא ירי או איום, וללא נסיבה מחמירה כמו זירת סכסוך או אירוע פלילי נוסף. הבדל מהותי אחד הוא סוג הנשק (רובה תת-מקלע לעומת אקדח מוסב) והסתרה ברכב יוקרתי לעומת החזקה בשטח פתוח; אלה יכולים להשפיע על מידת המסוכנות הנתפסת, אך לא לשנות את ""סוג התיק"".

5. ישימות כתקדים  
בית משפט יראה בשני התיקים פסיקה רלוונטית הדדית לצורכי ענישה בעבירת החזקת נשק/תחמושת, שכן נקודת המוצא העובדתית דומה מאוד: החזקה בודדת של נשק טעון, ללא שימוש וללא אירוע נלווה. סוג הנשק והנסיבות הקונקרטיות עשויים להצדיק הבחנה ברמת העונש, אך התיק האחד בוודאי יכול לשמש תקדים ענישתי ענייני לשני.

SIMILARITY_SCORE: 80","ok",""
"SH-14-11-8987-965","ME-16-12-50986-619",1,0,0,"הנאשם תושב ירושלים, יליד שנת 1985, הורשע על פי הודאתו בעבירות של גניבה והחזקת נשק שלא כדין – לפי סעיפים 384 ו- 144(א) לחוק העונשין התשל""ז – 1977.

מכתב האישום עולה, כי במהלך חודש מאי 2014, בביתו של משה מיכלי (להלן: ""המתלונן""), ברח' דוד רזיאל 28 בירושלים, נטל ונשא הנאשם אקדח מסוג קולט 45 ללא הסכמת הבעלים, במרמה וללא תביעת זכות בתום לב.

הנאשם נכנס לביתו של המתלונן יחד עם אחרת, במטרה לנקות את ביתו של המתלונן, הבחין באקדח נטל אותו ורק כעבור חודש ימים סיפר על כך לבן דודתו.","על יסוד הודאת הנאשם בעובדות, כאמור, הוא הורשע בעבירות של קשירת קשר לפשע, לפי סעיף 449(א)(1) לחוק העונשין תשל""ז-1977 (להלן: ""חוק העונשין""); הובלה ונשיאת נשק, לפי סעיף 144(ב) לחוק העונשין; איומים, לפי סעיף 192 לחוק העונשין;  וירי באזור מגורים, לפי סעיף 340 א' לחוק העונשין.

שריף אלקאדי, באקר אלקאדי, סהר אלקאדי והאני אלקאדי הם קרובי משפחה המתגוררים בשכונה 20 ברהט (להלן: ""המתלוננים""). בין משפחת הנאשם למשפחת המתלוננים ישנו סכסוך קודם לאירוע שיתואר בהמשך (להלן: ""הסכסוך""). במסגרת הסכסוך, החליטו הנאשם ואחרים שזהותם אינה ידועה למאשימה להתגרות במתלוננים. בתאריך 15.12.16 בסמוך לשעה 14:45 הגיעו הנאשם והאחרים ברכב מסוג ב.מ.וו, השייך לנאשם, לשכונה 20 ברהט והחלו לנסוע במהירות הלוך ושוב בכביש הסמוך לבתי המתלוננים, על מנת להקניטם. כתוצאה מהרעש הרב שגרמה נסיעת הרכב, יצאו המתלוננים מבתיהם ונעמדו בסמוך לכביש. כאשר הרכב חלף במהירות על פני המתלוננים, אחד מהם סימן לרכב לעצור, אך הנאשם והאחרים המשיכו בנסיעה מהירה לכיוון היציאה מהשכונה, שם ביצעו פניית פרסה וחזרו שוב בנסיעה לעבר המתלוננים. אחד המתלוננים אחז צינור מתכת בידו וכשהנאשם והאחרים חלפו שוב על פניו הוא השליך את הצינור לעבר הרכב ופגע בחלקו האחורי. הנאשם והאחרים נסעו מהמקום, וקשרו ביניהם קשר לחזור לשכונה 20 במטרה לאיים על המתלוננים באמצעות נשק חם שהיה ברשותם, ללא היתר או רישיון כדין, על מנת להקניטם או להפחידם. הנאשם והאחרים הצטיידו בכלי נשק (להלן: ""הנשק""), וחבשו כובעים וחם- צוואר על מנת להקשות על זיהויים. בסמוך לאחר מכן, לאחר השעה 15:00, חזרו הנאשם והאחרים לשכונה 20. באותה העת המתלוננים עמדו בסמוך לכביש ליד אחד הבתים בשכונה. הנאשם והאחרים הגיעו בנסיעה לעבר המתלוננים וכשהתקרבו אליהם, אחד מהם הוציא את פלג גופו העליון מחלון הגג הנפתח ברכב כשהוא נושא את הנשק, וזאת בכוונה להפחידם. המתלוננים נבהלו למראה הנשק וניסו להסתתר מפני הנאשם והאחרים. הנאשם והאחרים עזבו את השכונה אך חזרו אליה כעבור כמה דקות, כדי לשוב ולאיים על המתלוננים. הנאשם נשא את הנשק, הוציא את פלג גופו העליון מחלון גג הרכב, וירה מהנשק מספר קליעים באוויר, במטרה להפחיד את המתלוננים. לאחר מכן הנאשם והאחרים עזבו את המקום.",25.0,"1. סוג העבירה וחומרתה  
בשני התיקים יש עבירות נשק לפי סעיף 144, אך מדובר בתתי-עבירות שונות ובחומרה שונה: תיק 1 – החזקת נשק שלא כדין + גניבה, ללא שימוש; תיק 2 – הובלה ונשיאת נשק בציבור, קשירת קשר לפשע, ירי באזור מגורים ואיומים. בתיק 2 יש שימוש פעיל בנשק, ירי ונסיבות המאיינות איום על שלום הציבור – מדרג חומרה גבוה בהרבה מתיק 1.

2. תפקיד הנאשם ומעורבותו  
בתיק 1 הנאשם הוא גנב מזדמן של אקדח, ללא כל אינדיקציה לשימוש בו לצורך סכסוך, איום או ירי – מעורבות ""סטטית"" של החזקה לאחר גניבה. בתיק 2 הנאשם הוא שחקן מרכזי בסכסוך אלים: יוזם/משתתף בקשר, בעל הרכב, נושא הנשק ואף מבצע הירי בפועל – מעורבות פעילה, דומיננטית ואסקלטיבית.

3. שיטת הביצוע (MO)  
בתיק 1 – נטילה מזדמנת של הנשק מתוך בית בעת ביצוע עבודה (ניקיון), ללא תכנון מוקדם לשימוש בו ככלי עבירה, וללא הופעה פומבית עם הנשק. בתיק 2 – יציאה יזומה וחוזרת לשטח האויב במסגרת סכסוך משפחות, נסיעה פרובוקטיבית, הצטיידות בנשק, הסוואת זהות, הצגת הנשק מתוך רכב וירי – דפוס מאורגן, מאיים וציבורי. שיטות הביצוע שונות מהותית.

4. נסיבות הליבה  
תיק 1: אקדח אחד, בבית פרטי, ללא ירי, ללא איומים, ללא נפגעים, ללא סכסוך קיים – נסיבות המלמדות על חומרה נמוכה יחסית בתחום עבירות הנשק (לצד עבירת הגניבה). תיק 2: סכסוך משפחות מתמשך, הגעה מכוונת לשכונת מגורים, הצטיידות מראש בכלי נשק, הסוואת פנים, הפחדת מספר מתלוננים, ירי באוויר באזור מגורים – נסיבות מחמירות מובהקות של שימוש בנשק בהקשר אלים-חברתי.

5. ישימות כתקדים  
לצרכי ענישה, בית משפט יראה בשני התיקים חלק מאותו ""עולם תוכן"" של עבירות נשק, אך רמת ההקבלה המעשית נמוכה: תיק 1 מתאים לפסיקה העוסקת בהחזקת נשק (ולכל היותר גניבתו), ואילו תיק 2 רלוונטי יותר לפסיקה על שימוש מאיים וירי בסכסוכים ובמרחב הציבורי. לפיכך, תיק 2 אינו ישמש כתקדים ענייני ישיר לתיק 1, אלא לכל היותר כאסמכתה כללית למדיניות מחמירה בעבירות נשק.

SIMILARITY_SCORE: 25","ok",""
"SH-16-09-33552-535","ME-16-11-56385-886",1,0,0,"הנאשם הורשע בהתאם להודאתו בעובדות כתב האישום המתוקן בעבירת החזקת נשק ותחמושת, לפי סעיף 144(א) רישא וסיפא לחוק העונשין, תשל""ז – 1977 (להלן: ""החוק"").

על-פי המתואר בעובדות כתב האישום המתוקן, ביום 5.9.16 החזיק הנאשם במחסן שברשותו אקדח מסוג ""ברטה"", 0.22 ומחסנית; רובה מאולתר דמוי M-16 ובו מחסנית ריקה; 4 כדורים מסוג 9 מ""מ וכן 60 כדורים מסוג 5.56 מ""מ. את כלי הנשק והתחמושת החזיק הנאשם כשהם עטופים ומוסלקים בתוך בור שנחפר באדמה ומעליו הונח ארגז.","הנאשם הורשע על יסוד הודאתו בעבירה של החזקת נשק שלא כדין, לפי סעיף 144(א) רישא לחוק העונשין תשל""ז-1977.

על-פי האמור בכתב האישום, ביום 14.10.07 נגנב אקדח מסוג ""יריחו"" מבעליו, וביום 18.11.16 החזיק הנאשם באקדח הגנוב, בכיס מעילו, כשהוא דרוך, טעון ומוכן לירי.",60.0,"1. **סוג העבירה וחומרתה**  
בשני התיקים מדובר בעבירת החזקת נשק לפי סעיף 144(א) לחוק העונשין – כלומר אותו ""סוג"" עבירה לפי הסיווג המשפטי. בתיק 1 החזקת הנשק מלווה בהחזקה משמעותית של תחמושת ובשני כלי נשק (כולל רובה מאולתר), מה שמעלה את רמת החומרה ביחס להחזקת אקדח יחיד בתיק 2, אף שמדובר עדיין באותה מסגרת נורמטיבית.

2. **תפקיד הנאשם ומעורבותו**  
בשני המקרים הנאשם הוא ""המחזיק"" – אין טענה שהוא סוחר, יורה או משתמש, אלא מחזיק פיזית בנשק. בתיק 1 מדובר בהחזקה במחסן שבשליטת הנאשם, באופן המזכיר אחסון/הסלקה; בתיק 2 ההחזקה היא על גופו, בכיס המעיל, מה שמעיד על שליטה מיידית, אך ברמת התפקיד שניהם ממוקמים כרוכשי/מחזיקי נשק ולא כגורם עברייני ""מארגן"" מעליהם.

3. **שיטת הביצוע (MO)**  
בתיק 1: הסלקה מתוחכמת יחסית – בור באדמה, עטיפה, הסתרה תחת ארגז, כנראה לצורך אחסון מתמשך והרחקה מעין הרשות. בתיק 2: נשיאת אקדח גנוב, דרוך וטעון על הגוף, ללא אלמנט של הסלקה מיוחדת אלא נשיאה ""מוכנה לשימוש"". דפוס הפעולה שונה – אחסון והסתרה לעומת נשיאה מיידית – והדמיון מתמצה בעצם ההחזקה הבלתי-חוקית.

4. **נסיבות הליבה**  
תיק 1 כולל שני כלי נשק (אקדח ורובה מאולתר) וכמות תחמושת ניכרת, מוסתרים היטב, דבר המצביע על תכנון, שליטה מתמשכת ופוטנציאל נזק רב יותר; מנגד, הנשק אינו מתואר כדרוך ומוכן לשימוש מיידי. תיק 2 עוסק באקדח יחיד, אך הוא גנוב, דרוך, טעון ומוכן לירי, ומוחזק על הגוף – נסיבות שמגבירות את המסוכנות המיידית, גם אם הפוטנציאל הכמותי לנזק נמוך יותר. לכן יש דמיון ברמת ""החזקת נשק מסוכנת"" אך מוקדי החומרה שונים.

5. **ישימות כתקדים**  
בית משפט יראה בשני התיקים פסיקה רלוונטית זה לזה לצורכי ענישה, מאחר שמדובר באותה עבירה נורמטיבית (ס' 144(א)) ובהחזקת נשק שלא כדין כליבת המעשה. עם זאת, לצורך גזירת הדין יידרש בית המשפט להבחין: תיק 1 כמדגים חומרה בשל ריבוי כלי הנשק והתחמושת וההסלקה; תיק 2 כמדגים חומרה בשל החזקה על הגוף, נשק גנוב ודרוך. לכן התיק יכול לשמש תקדים ענייני, אך לא כ""מקביל כמעט מושלם"" – תידרש השוואה זהירה והתאמת העונש לנסיבות הספציפיות.

SIMILARITY_SCORE: 60","ok",""
"ME-17-08-28615-573","ME-17-05-35227-215",2,0,1,"הנאשם הורשע על פי הודייתו בעובדות כתב אישום מתוקן (להלן: ""כתב האישום""), במסגרת הסדר טיעון אשר לא כלל הסכמה לעניין העונש, בעבירות בנשק (החזקה ונשיאה), לפי סעיף 144(א)+(ב) רישא+סיפא לחוק העונשין, תשל""ז-1977 (להלן: ""חוק העונשין"") וכן בעבירת הפרעה לשוטר במילוי תפקידו, לפי סעיף 275 לחוק העונשין.

לפי עובדות כתב האישום, בתאריך 30.7.2017 החזיק הנאשם בלא רשות על פי דין תת מקלע מאולתר בקוטר 9 מ""מ, שמסוגל לירות כדור ובכוחו להמית אדם (להלן: ""הנשק""), מחסנית המתאימה לנשק ובתוכה 9 כדורים, קופסה ובה 50 כדורים בקוטר 9 מ""מ (להלן: ""התחמושת""), וכן רימון יד מסוג הלם סינוור שבכוחו להזיק לאדם בעת פעולתו (להלן: ""הרימון""). בשעה 19:57 או בסמוך לכך, הגיע הנאשם למתחם תחנת דלק שליד קיבוץ בית העמק (להלן: ""המתחם"") כשהוא מחזיק ונושא את הנשק, התחמושת והרימון בתוך תיק (התיק על תכולתו ייקרא להלן: ""התיק""). עם הגעתו למתחם, הכניס את התיק לתוך פח אשפה המצוי במתחם (להלן: ""הפח""). בהמשך לכך, שהה הנאשם יחד עם אחרים בחלק הצפוני של המתחם, במרחק מטרים ספורים מהפח ובמקום בו הפח נראה לעין, באופן רצוף עד השעה 22:59, אז ניגש לחנות ""פיצוצייה"", שהה בה כדקה, וחזר למקום בו שהה קודם לכן בחלק הצפוני של המתחם. סמוך לשעה 23:02 נסעה ניידת משטרה ובה כוח משטרתי המונה 5 שוטרים (להלן: ""הניידת"", ""השוטרים""), על כביש 70 והתקרבה למתחם. הנאשם הבחין בניידת, רץ במהירות אל הפח, הוציא מתוכו את התיק, והמשיך בריצה עם התיק לכיוון דרום. בשעה 23:04 נכנסה הניידת אל המתחם ונסעה לכיוון היציאה ממנו. הנאשם הבחין בניידת והחל להימלט מפניה ומפני השוטרים כשבידו התיק. השוטרים, שהבחינו בהתנהגות החשודה של הנאשם, יצאו מהניידת כשהם לבושים מדי יס""מ, רדפו אחרי הנאשם, והורו לו מספר פעמים ""עצור משטרה"", אולם הנאשם המשיך במנוסתו. במהלך הבריחה מפני השוטרים השליך הנאשם את התיק לתוך מיכל מחזור (להלן: ""המיכל""). בהמשך איתרו השוטרים את הנאשם כשהוא מסתתר בשיחים בקרבת מקום, ובסריקה שערכו מיד לאחר מכן איתרו בתוך המיכל את התיק שבתוכו הנשק, התחמושת והרימון.","ביום 7 במאי 2017 בשעת צהריים נהג הנאשם בתיק זה, דוד טבצ'ניקוב, באופנוע מסוג קואנג יאנג טיו כשהוא נושא ומוביל עמו בתוך תא המטען תת-מקלע מאולתר שבתוכו מחסנית. לפניי, הודה הנאשם בביצוע עבירה זו, בניגוד לסעיף 144(ב) רישא וסיפא לחוק העונשין, התשל""ז-1977 (להלן: ""חוק העונשין"") והוא הורשע בה.",72.0,"1. סוג העבירה וחומרתה  
בשני התיקים מדובר בעבירות נשק לפי סעיף 144(ב) – נשיאת/הובלת תת‑מקלע מאולתר ללא רישיון, שזה אותו ""ליבת עבירה"". בתיק 1 יש החמרה מובנית: גם סעיף 144(א) (החזקה), תחמושת רבה ורימון הלם, וכן עבירת הפרעה לשוטר – כך שמדרג החומרה הכולל גבוה יותר, אך עדיין זה אותו סוג עבירה בסיסי (נשיאת נשק חם מסוכן בציבור).

2. תפקיד הנאשם ומעורבותו  
בשני התיקים הנאשם הוא מחזיק/נושא של הנשק, לא סוחר, לא מתווך ולא ""שליח תמים"". שניהם מבצעים את עבירת הנשק כעבירה ישירה ועיקרית, ללא דמות דומיננטית אחרת שניצלה אותם, ולכן דפוס המעורבות דומה למדי.

3. שיטת הביצוע (MO)  
בתיק 2 – הובלה ""פשוטה"" של תת‑מקלע באופנוע, בתוך תא מטען, ללא אינטראקציה עם רשויות האכיפה באירוע. בתיק 1 – החזקה והטמנה בפח בתחנת דלק, שהייה בקרבתו, ניסיון להימלט מהמשטרה, הוצאה והשלכה חוזרת למיכל מחזור והתחמקות/הסתתרות; כלומר, אותו ""גרעין"" של נשיאה/הובלה, אך עם התנהגות מסכלת ואקטיבית מול משטרה שמחדדת מודעות לאי‑חוקיות. ה‑MO דומה בליבה (נשק מוסתר, נישא בציבור) אך בתיק 1 מורכב ומחמיר יותר.

4. נסיבות הליבה  
בשני המקרים מדובר באירוע חד‑פעמי של נשיאת תת‑מקלע מאולתר בציבור, ללא שימוש בפועל וללא ירי או איום. בתיק 1 קיימות נסיבות מחמירות מובהקות: כמות תחמושת משמעותית, רימון הלם נוסף, מקום ציבורי רגיש (תחנת דלק), התנהגות מחמירה כלפי שוטרים (בריחה, השלכת נשק), וסיכון פוטנציאלי גבוה יותר לציבור. בתיק 2 – נסיבות ""נקיות"" יותר: רק נשק אחד עם מחסנית, ללא תוספות וללא עימות עם המשטרה.

5. ישימות כתקדים  
מבחינת ענישה בעבירות נשק, שני התיקים בהחלט רלוונטיים זה לזה: אותו סוג נשק (תת‑מקלע מאולתר), אותה עבירה סטטוטורית עיקרית, ואירוע יחיד של נשיאה/הובלה. עם זאת, בתיק 1 יש לצפות שבית המשפט יסמן אותו כקשה יותר ויבהיר שהטווח העונשי שם גבוה מזה של תיק 2, כך שיש תחולה תקדימית טובה לליבת הענישה, אבל עם צורך מובנה להבחנות ולהחמרה יחסית בתיק 1.

SIMILARITY_SCORE: 72","ok",""
"SH-16-11-7544-55","ME-16-10-12213-904",1,0,0,"הנאשם הורשע על פי הודאתו בעבירה של החזקת נשק שלא כדין בהתאם להוראת סעיף 144(א) רישא וסיפא לחוק העונשין.

על פי המתואר בעובדות כתב האישום, בתאריך 26.10.16, עת שנסע ברכבו במחלף להב-שומריה שבכביש 6 לכוון צפון, הבחין השוטר מיכאל אדרי (להלן: ""מיכאל"") בנאשם עומד מאחורי ארונות השקיה הצמודים לנתיבי הנסיעה. בהגיעו לנאשם, הבחין מיכאל כי הנאשם מחזיק בנשק מסוג רובה תת מקלע מאולתר ומחסנית המכילה 10 קליעים בקוטר 9 מ""מ. במעשיו האמורים החזיק הנאשם בנשק ובאבזר תחמושת ללא רשות על פי דין להחזיקם.","מוחמד ג'בארין, הנאשם שלפניי, הורשע על-סמך הודאתו, בעבירה של נשיאת נשק ותחמושת בניגוד לסעיף 144(ב) רישה וסיפה לחוק העונשין, התשל""ז - 1977 (להלן: ""חוק העונשין"").
חוק העונשין, תשל""ז-1977: סע'  29, 40ב, 40ג(א), 40ט, 144, 144(א), 144(ב), 287(א), 380, 40 יא, 40 יג(א), ב א'1 שבפרק ו'

הנאשם החזיק ברשותו ברכב מסוג סובארו, אשר היה רשום על-שם אחיו, מג'ד (להלן: ""הרכב"").

במהלך חודש ספטמבר 16', נשא והוביל הנאשם כלי נשק מאולתר מסוג ""קרל גוסטב"", שבתוכו מחסנית ריקה, מאזור מי-עמי ועד לבית אמו באום-אל-פחם, בו התגורר באותה עת (להלן: ""הבית""). בהגיעו לבית, עטף הנאשם  בחולצה לבנה את הנשק והמחסנית הריקה  והחביאם  מתחת לכיסא הנוסע שליד הנהג  ברכב, שחנה בסמוך לבית.

ביום 1 אוקטובר 16' בשעת אחר-צהריים, הזיז הנאשם את הרכב מפאת היותו בלתי תקין מאזור הבית ועד למוסך במורד הרחוב, כאשר כלי-הנשק והמחסנית הריקה מצויים בתוכו וכשבמכנסיו מצוי כדור 9 מ""מ התואם את הנשק. שוטרים, אשר הגיעו למקום וביצעו חיפוש ברכב מצאו בו את כלי-הנשק ואת המחסנית.",68.0,"1. סוג העבירה וחומרתה  
שני התיקים עוסקים בעבירות נשק לפי סעיף 144 לחוק העונשין ובשניהם מדובר בכלי נשק מאולתר מסוג תת־מקלע בקוטר 9 מ""מ – זהות מהותית בתחום העבירה. עם זאת, בתיק 1 מדובר ב""החזקה"" לפי 144(א) (עונש מירבי נמוך יותר), ובתיק 2 ב""נשיאה והובלה"" לפי 144(ב) הנחשב חמור יותר ומגלם מסוכנות גבוהה יותר, ולכן רמת החומרה המשפטית אינה זהה.

2. תפקיד הנאשם ומעורבותו  
בשני התיקים הנאשם הוא המחזיק הישיר והבלעדי בנשק, ללא טענת תיווך, שליחות או מעורבות כ""בורר"" בלבד – המעורבות היא ראשית וישירה. בתיק 2 יש אופי ""מוביל"" מובהק: הנאשם נושא ומעביר את הנשק בין מקומות שונים ומסתירו ברכב לאורך זמן, מה שמשקף מעורבות מתמשכת יותר מאשר האירוע הנקודתי בתיק 1.

3. שיטת הביצוע (MO)  
בשני המקרים מדובר בכלי נשק מאולתר מסוג דומה (תת־מקלע / ""קרל גוסטב"") וברכב כזירה מרכזית, מה שמצביע על דפוס כללי דומה של שימוש בכלי נשק מאולתרים ותחמושת 9 מ""מ. עם זאת, בתיק 1 הנאשם נתפס כשהוא מחזיק את הנשק בפועל ליד כביש, ללא תיאור של הסתרה או הובלה, בעוד שבתיק 2 קיימת הסוואה (עטיפה בחולצה, החבאה מתחת למושב) והובלה יזומה במהלך חודש שלם – שיטת ביצוע מתוחכמת ומתמשכת יותר.

4. נסיבות הליבה  
בשני התיקים מדובר בנשק אחד, ללא שימוש בפועל בו, ללא ירי, ללא פגיעה באדם וללא תיאור של הקשר עברייני מאורגן או של עסקת נשק. בתיק 1 המחסנית טעונה ב־10 כדורים, דבר המגביר את המסוכנות המיידית, ואילו בתיק 2 המחסנית ריקה אך יש כדור בודד במכנסי הנאשם, כאשר מנגד קיימת נסיבה מחמירה – הובלת הנשק למרחק, הסתרתו ושמירתו ברכב לתקופה, מה שמבטא תכנון והתמשכות ולא אחזקה מקרית בלבד.

5. ישימות כתקדים  
מבחינת מדיניות ענישה בעבירות נשק, שני התיקים נמצאים ""על אותו מגרש"": נשק חם מאולתר, בהחזקה פרטית, ללא שימוש בו – ולכן הם יכולים לשמש זה לזה כאסמכתא השוואתית לגזירת העונש. יחד עם זאת, בשל השוני בסעיף העבירה (החזקה לעומת נשיאה/הובלה) ובנסיבות (טעינה מלאה לעומת מחסנית ריקה אך הובלה והסתרה מתמשכת), בית המשפט יראה בהם תקדימים רלוונטיים אך לא ""תואמים"" לחלוטין, ויידרש להתאמות משמעותיות ברמת החומרה.

SIMILARITY_SCORE: 68","ok",""
"ME-15-02-9111-399","ME-14-07-13179-197",1,0,0,"ביום  18.3.15 הורשע הנאשם על סמך הודייתו, בעבירות שיוחסו לו בכתב אישום שתוקן במסגרת הסדר טיעון. ההסדר לא כלל הסכמה לענין העונש.

בכתב האישום המתוקן יוחסו לנאשם עבירות בנשק – לפי סעיף 144(א) + (ב) לחוק העונשין, התשל""ז-1977.

נאמר כי ביום 25.1.15, סמוך לשעה 15:00, הגיעו שוטרים לסוכת אבלים של משפחת חסארמה בכפר בענה במטרה לעכב את יוסף חסארמה לחקירה. הנאשם שהיה במתחם הבחין בשוטרים והחל במנוסה מהם, וזאת כשהוא נושא ומחזיק אקדח מסוג FN מספר 74423 ומחסנית עם 13 כדורים 9 מ""מ. זאת עשה הנאשם בלא רשות על פי דין לנשיאתם והחזקתם של האקדח והמחסנית. במהלך המנוסה מהשוטרים, זרק הנאשם את האקדח והמחסנית ובמעשיו המתוארים לעיל הוא החזיק ונשא  נשק שמסוגל לירות כדור שבכוחו להמית אדם, אביזר לנשק ותחמושת וזאת בלא רשות על פי דין להחזקתם ונשיאתם.","הנאשם לפניי הורשע, על-פי הודאתו בעובדות כתב-אישום מתוקן מיום 13.01.15, בעבירות של נשיאת נשק ותחמושת, לפי סעיף 144(ב)+(ג)(1) לחוק העונשין, התשל""ז-1977; ירי באזור מגורים, לפי סעיף 340א לחוק; שיבוש מהלכי משפט, לפי סעיף 244 לחוק; הפרת הוראה חוקית, לפי סעיף 287(א) לחוק; גניבה, לפי סעיף 384 לחוק; ואיומים, לפי סעיף 192 לחוק.
בנוסף הורשע הנאשם, לאחר הודאתו בעובדותיו של כתב אישום נוסף שאותו ביקש לצרף (ת""פ (שלום נצרת) 37290-02-13), בעבירות של החזקת נשק ותחמושת, לפי סעיף 144(א) רישא וסיפא לחוק.

על-פי המתואר בכתב האישום, עודאי חבשי (להלן: ""המתלונן"") והנאשם הינם בני דודים.

ביום 19.02.13 הוגש כנגד הנאשם כתב-האישום המצורף. בד בבד עם הגשת כתב האישום המצורף הוגשה בקשה למעצרו של הנאשם עד תום ההליכים המשפטיים נגדו. עוד באותו המועד הורה בית-המשפט שם על שחרורו של הנאשם לחלופת מעצר בתנאים של 'מעצר בית' מלא, בביתו שבכפר יפיע תחת פיקוחם, יחד ולחוד, של אמו וסבו (להלן: ""מעצר הבית""). מעצר הבית עמד בתוקפו במועדים בהם התרחשו האירועים המתוארים בכתב האישום הנוכחי.

כחודשיים עובר ליום 22.06.14 היה המתלונן אמור לשלם לנאשם סך של 2,000 ₪ (להלן: ""החוב""), סכום אותו לא הצליח לגייס. חוב זה עמד בבסיסי האירועים שיפורטו.

על רקע החוב התפתח עימות בין הנאשם למתלונן ביום 22.06.14 במהלכו גנב הנאשם את מכשיר הטלפון של המתלונן. בעקבות העימות יצר אביו של המתלונן, טארק חבשי (להלן: ""טארק""), הוא דודו של הנאשם, קשר עם הנאשם והשניים סיכמו להיפגש. ביום 23.06.14, בסמוך לשעה 22:30, הגיע הנאשם לבית המתלונן באכסאל, תוך שהוא מפר את תנאי מעצר הבית בו היה נתון, יחד עם בן-דודו נידאל בשארה (להלן: ""נידאל""), ופגש בטארק. אותה העת שהה המתלונן מחוץ לביתו.

טארק, נידאל והנאשם שוחחו אודות חובו של המתלונן לנאשם וניסו ליישב את הסכסוך ביניהם. כעבור זמן מה הגיע המתלונן לביתו ואז התפתח בינו לבין הנאשם דין ודברים. הנאשם דרש מהמתלונן כי ישלם לו את חובו בסך 2,000 ₪, אך המתלונן הודיע לנאשם כי אין ברשותו את הסכום האמור. בתגובה החל הנאשם לצעוק ולקלל את המתלונן. במהלך חילופי הדברים הקשים הזכיר המתלונן את שמו של שוטר המתגורר בכפר וסיפר כי עירב אותו בסיפור. או אז, שלף הנאשם אקדח ממכנסיו, דרך אותו וירה 3 יריות באוויר במטרה להפחיד או להקניט את המתלונן. בתום הירי אסף הנאשם את תרמילי האקדח, בכוונה למנוע או להכשיל הליך שיפוטי, וברח מן המקום יחד עם נידאל.

באשר לכתב האישום המצורף, זה מתייחס לאירועים שהתרחשו בשנת 2013, עת עבד הנאשם כשומר במגרש לפירוק כלי רכב (להלן: ""המגרש""). על-פי המתואר שם, עובר ליום 13.02.13, במועד מדויק שאינו ידוע, החזיק הנאשם בעת שהיה במגרש באקדח מסוג ""גלוק"", המסוגל לירות קלע שבכוחו להמית אדם, יחד עם שלוש מחסניות ובהן תחמושת. בלילה שבין 12.02.13 ל-13.02.13 שהה הנאשם במגרש יחד עם שניים נוספים, כשברשות השלושה האקדח, המחסניות והתחמושת. באותו הלילה, סמוך לשעה 00:12, ירו הנאשם וחבריו מספר יריות באקדח במתחם המגרש.",35.0,"1. **סוג העבירה וחומרתה**  
בשני התיקים מדובר בעבירות בנשק לפי סעיף 144 לחוק העונשין, כולל נשיאת אקדח ותחמושת ללא רישיון. אולם בתיק 2 מצטרפים לעבירות הנשק ירי באזור מגורים, שיבוש מהלכי משפט, הפרת הוראה חוקית, גניבה ואיומים, וכן כתב אישום מצורף על החזקת נשק וירי קודם – מכלול ההופך את תיק 2 לחמור בהרבה מבחינת רמת הפגיעה והמסוכנות.

2. **תפקיד הנאשם ומעורבותו**  
בתיק 1 הנאשם הוא מחזיק ונושא נשק, ללא תיאור של שימוש בו או איום בפועל, כשההתנהגות המרכזית היא מנוסה מהשוטרים והשלכת האקדח. בתיק 2 הנאשם הוא יוזם ומוביל: גובה חוב באמצעי לחץ, גונב טלפון, מפר מעצר בית, שולף אקדח, יורה להפחדה, אוסף תרמילים לשיבוש וקשור לאירוע נשק קודם – מעורבות אקטיבית, יזומה ומתמשכת.

3. **שיטת הביצוע (MO)**  
בתיק 1 דפוס הביצוע הוא נשיאת אקדח טעון במרחב ציבורי, ללא שימוש, ובריחה מהמשטרה תוך השלכת הנשק. בתיק 2 דפוס החזקת הנשק משולב בפתרון סכסוך אישי-כלכלי באמצעות אלימות ואיום – הגעה ליעד, שליפה, דריכה, ירי באוויר במקום יישוב, איסוף תרמילים, וכן ירי קודם במגרש רכבים – מדובר ב־MO אלים, מאיים ומתוחכם יותר (כולל שיבוש).

4. **נסיבות הליבה**  
בתיק 1: אירוע יחיד, אקדח אחד ומחסנית עם 13 כדורים, ללא ירי, ללא הפרת צו שיפוטי, ללא איומים קונקרטיים או נפגעים, והנאשם מנסה להתרחק מהמשטרה. בתיק 2: רצף אירועים, ירי בפועל באזור מגורים, הפרת מעצר בית, שיבוש ראיות, סכסוך משפחתי על רקע חוב, שימוש בנשק להטלת אימה, עבר נשק קודם וירי במתחם המגרש – מכלול נסיבות מחמירות מובהקות ומסוכנות גבוהה יותר.

5. **ישימות כתקדים**  
כתקדים ענישתי, שני התיקים רלוונטיים זה לזה רק ברמה הבסיסית של עקרונות ענישה בעבירות נשק (החומרה שבנשיאת אקדח ותחמושת ללא רישיון). בפועל, בית משפט יראה בתיק 2 ""מדרגה"" ענישתית גבוהה בהרבה בשל השילוב של ירי, הפרת הוראה חוקית, שיבוש ונסיבות מחמירות, ולכן השימוש ההדדי כתקדים יהיה מוגבל בעיקר לקביעת רף תחתון (תיק 1) מול רף גבוה ומחמיר (תיק 2), ולא כתקדימים מקבילים.

SIMILARITY_SCORE: 35","ok",""
"SH-20-02-52091-995","ME-17-05-35227-215",1,0,0,"הנאשם שלפני נותן את הדין בגין עבירת נשק (החזקה), בניגוד לסעיף 144 (א) רישא וסיפא לחוק העונשין, תשל""ז – 1977 (להלן: ""החוק"").

בהתאם לעובדות כתב האישום המתוקן כא/1, במועד שאינו ידוע במדויק למאשימה, קיבל הנאשם לידיו נשק תת מקלע מאולתר 9 מ""מ אשר יורה ובכוחו להמית (להלן: ""הנשק"") ובנוסף, כ-20 קליעי 9 מ""מ (להלן: ""התחמושת"").

מיום 14.02.20, החזיק הנאשם את הנשק והתחמושת הנ""ל בארון במטבח ביתו בשבט אלאעצם.

ביום 16.02.20, סמוך לשעה 15:00, במסגרת פעילות משטרתית יזומה, הגיעו שוטרי תחנת העיירות אל ביתו של הנאשם בשבת אלאעצם, בכדי לערוך חיפוש בבית. במהלך החיפוש, איתרו השוטרים את הנשק והתחמושת בארון במטבח.","ביום 7 במאי 2017 בשעת צהריים נהג הנאשם בתיק זה, דוד טבצ'ניקוב, באופנוע מסוג קואנג יאנג טיו כשהוא נושא ומוביל עמו בתוך תא המטען תת-מקלע מאולתר שבתוכו מחסנית. לפניי, הודה הנאשם בביצוע עבירה זו, בניגוד לסעיף 144(ב) רישא וסיפא לחוק העונשין, התשל""ז-1977 (להלן: ""חוק העונשין"") והוא הורשע בה.",65.0,"1. סוג העבירה וחומרתה  
שני התיקים עוסקים בעבירות נשק לפי סעיף 144, ובשניהם מדובר בתת־מקלע מאולתר – כלומר אותה קטגוריית עבירה (נשק חם משמעותי ולא תחמושת שולית). עם זאת, בתיק 1 מדובר ב""החזקה"" לפי 144(א), ובעוד שבתיק 2 מדובר ב""נשיאה והובלה"" לפי 144(ב) – עבירה הנחשבת חמורה יותר נורמטיבית.  

2. תפקיד הנאשם ומעורבותו  
בשני התיקים הנאשם הוא המחזיק הישיר בנשק, לא שליח ולא חוליה משנית בשרשרת סחר, אלא מחזיק/נושא עיקרי. בתיק 1 ההחזקה היא סטטית בבית, בתיק 2 ההחזקה היא פעילה במסגרת נשיאה והובלה, אך בשני המקרים מדובר במעורבות אישית וישירה בעבירת נשק.  

3. שיטת הביצוע (MO)  
בשני המקרים מדובר בתת־מקלע מאולתר, אשר יוצר סיכון גבוה, והנשק מוסתר (בארון מטבח בתיק 1, בתא מטען של אופנוע בתיק 2). ההבדל המהותי הוא שתיק 1 עוסק באחסון ביתי לאורך זמן, ותיק 2 בהובלה בכלי רכב במרחב הציבורי – דפוס התנהגות שונה (סטטי מול תנועתי), אך במסגרת אותה ""משפחה"" של עבירות נשק לא-חוקי.  

4. נסיבות הליבה  
בשני התיקים מדובר בנשק אחד מסוג דומה וכמות תחמושת שאינה חריגה (20 קליעים לעומת מחסנית אחת). עם זאת, בתיק 2 קיימת נסיבה מחמירה מהותית: נשיאת הנשק ברכב במרחב הציבורי בשעת צהריים, היוצרת סיכון מיידי יותר לציבור, לעומת אחסון בבית בתיק 1, שנתפס לרוב כדרגת מסוכנות נמוכה יותר.  

5. ישימות כתקדים  
בתי המשפט רואים בעבירות לפי סעיף 144 ""מקשה אחת"" לצורכי מדיניות ענישה, ולכן תיק של נשיאה/הובלה בהחלט יכול לשמש נקודת ייחוס/השוואה בתיק החזקה, במיוחד כשמדובר באותו סוג נשק (תת־מקלע מאולתר). עם זאת, מאחר שהסעיף שונה ורמת החומרה בתיק 2 גבוהה יותר, הדמיון אינו מלא והתקדימיות תהא חלקית – בעיקר לקביעת מתחם כללי לעבירות נשק, ופחות כאנלוגיה ישירה.  

SIMILARITY_SCORE: 65","ok",""
"SH-16-11-19417-55","SH-16-11-7544-55",3,1,1,"הנאשם שלפני נותן את הדין בגין עבירות של החזקת נשק ותחמושת שלא כדין, בניגוד לסעיף 144(א) רישא וסיפא לחוק העונשין, תשל""ז-1977.

בהתאם לעובדות כתב האישום המתוקן (תיקון פרוצדורלי) נתפס הנאשם, בתאריך 26.10.16, סמוך לשעה 05:00 בבוקר, מחזיק בנשק חם מסוג אקדח ברטה, חצי אוטומטי, מודל F84, קליבר 9 מ""מ קצר, מספר סידורי D79906Y, בצירוף מחסנית ובה כדורים.

הנשק הוחזק מתחת לכיסא הנהג ברכב אותו החזיק הנאשם, מסוג מרצדס, מ.ר. 53-321-59.","הנאשם הורשע על פי הודאתו בעבירה של החזקת נשק שלא כדין בהתאם להוראת סעיף 144(א) רישא וסיפא לחוק העונשין.

על פי המתואר בעובדות כתב האישום, בתאריך 26.10.16, עת שנסע ברכבו במחלף להב-שומריה שבכביש 6 לכוון צפון, הבחין השוטר מיכאל אדרי (להלן: ""מיכאל"") בנאשם עומד מאחורי ארונות השקיה הצמודים לנתיבי הנסיעה. בהגיעו לנאשם, הבחין מיכאל כי הנאשם מחזיק בנשק מסוג רובה תת מקלע מאולתר ומחסנית המכילה 10 קליעים בקוטר 9 מ""מ. במעשיו האמורים החזיק הנאשם בנשק ובאבזר תחמושת ללא רשות על פי דין להחזיקם.",80.0,"1. סוג העבירה וחומרתה  
בשני התיקים מדובר בעבירת החזקת נשק שלא כדין לפי סעיף 144(א) רישא וסיפא לאותו חוק, ובשניהם החזקה בצירוף תחמושת. ההבדל הוא בסוג הנשק (אקדח תקני לעומת תת-מקלע מאולתר), אך מבחינת סיווג העבירה ורמת החומרה העקרונית – מדובר באותה עבירת ליבה וברמת ענישה דומה, עם אפשרות להחמרה קלה בתיק 2 בשל סוג הנשק.

2. תפקיד הנאשם ומעורבותו  
בשני המקרים הנאשם הוא ""מחזיק נשק"" ולא סוחר, יצרן או יורה – ההחזקה היא ליבת המעשה הפלילי. בשני התיקים אין אינדיקציה ליזמות עבריינית רחבה יותר (אין הוכחה לסחר, תיווך או קשירת קשר), כך שמידת המעורבות דומה: החזקה עצמאית ובלעדית של הנשק.

3. שיטת הביצוע (MO)  
בתיק 1 הנשק מוסלק מתחת לכיסא הנהג ברכבו של הנאשם; בתיק 2 הנאשם נראה פיזית מחזיק בתת-מקלע ומחסנית מאחורי ארונות השקיה סמוך לכביש. בשני המקרים מדובר בהובלה/נשיאה של נשק במרחב הציבורי ללא רישיון, ללא שימוש בו, אך בתיק 1 הדגש הוא הסתרה ברכב ואילו בתיק 2 – החזקה גלויה-יחסית בשטח פתוח.

4. נסיבות הליבה  
בשני התיקים: נשק חם, תחמושת נלווית, ללא ירי וללא תיאור של שימוש התקפי או איומים, ללא אירוע חבלני וללא תכנון מתואר לפגיעה באדם מסוים. ההבדלים: בתיק 2 מדובר בתת-מקלע מאולתר (פוטנציאל אש רציפה ומטבעו נתפס כחמור יותר), ובתיק 1 הנשק הוא אקדח תקני המוסלק ברכב; לשני הצדדים יש פוטנציאל קטלני משמעותי, אך אין נסיבות מחמירות מובהקות מעבר לעצם ההחזקה.

5. ישימות כתקדים  
בית משפט יראה בשני התיקים פסיקה רלוונטית זה לזה לצורכי ענישה, שכן מדובר באותה עבירה, באותו סעיף, באותה ""משפחה"" של נסיבות – החזקת נשק חם בצירוף תחמושת ללא שימוש. יחד עם זאת, יובחנו ההבדלים בסוג הנשק, במיקום ההחזקה ובמידת החשיפה, אך הם יובאו כשיקולי משנה בתוך אותה מסגרת ענישה, לא כעבירות שונות מהותית.

SIMILARITY_SCORE: 80","ok",""
"ME-19-01-53615-8","SH-15-12-65958-120",1,0,0,"הנאשם הורשע בהתאם להודאתו בעובדות כתב האישום המתוקן בעבירות כדלקמן:

נשיאה והובלה של נשק, עבירה לפי סעיף 144 (ב) רישא בחוק העונשין, תשל""ז-1977 (להלן: ""החוק"").

ירי מנשק חם באזור מגורים, עבירה לפי סעיף 340א(ב)(1) בחוק.

על-פי המתואר בעובדות כתב האישום, ביום 8.1.19 בשעת לילה, נהג הנאשם ברכב מסוג מאזדה (להלן: ""הרכב"") בעיר לוד, כשברשותו תת מקלע מאולתר מסוג קרלו (להלן: ""הנשק""), שהוא דרוך ובו מחסנית טעונה בכדורים תואמים, אחד מהם בבית הבליעה. מסיבה שאינה ידועה, הנאשם ירה שני כדורים באזור מגורים והחל לנסוע מהמקום כשברשותו הנשק, עד שהגיע לחניית עפר סמוכה. לאחר נסיעה של עשרות מטרים באותו בלוק מבנים, עצר הנאשם ויצא מהרכב כשברשותו הנשק. הנאשם הבחין בשוטרים, אשר הגיעו למקום בעקבות דווח תושבים על האירוע למשטרה, השליך את הנשק מידיו ארצה ובהמשך נעצר במקום על ידי השוטרים.","הנאשם, יליד 1984, הורשע על יסוד הודאתו, בעובדות כתב האישום מתוקן, בשלוש עבירות של החזקת נשק ותחמושת לפי סעיף 144 (א) רישא וסיפא לחוק העונשין התשל""ז-1977.

לפי עובדות כתב האישום, ביום 24.12.15, החזיק הנאשם בביתו בטייבה אקדח זיג זאוור טעון במחסנית ו-8 כדורי אקדח בקוטר 9 מ""מ. עוד החזיק במקום מסתור מעל ארון במטבח ביתו, נשק מאולתר מסוג קרלו טעון במחסנית ובה 15 כדורי 9 מ""מ. באותו מועד, החזיק הנאשם אקדח נוסף ושתי מחסניות האחת ריקה ואחת מלאה ב-6 כדורי אקדח בקוטר 7.65 בתוך קופסה בספרייה בביתו.",40.0,"1. סוג העבירה וחומרתה  
שני התיקים עוסקים בעבירות נשק, אך בתיק 1 מדובר בנשיאה/הובלה וירי באזור מגורים (סעיף 144(ב) + 340א(ב)(1)), בעוד שבתיק 2 מדובר ב""החזקת"" נשק ותחמושת בבית (סעיף 144(א)). הירי באזור מגורים בתיק 1 מעלה את רמת החומרה ביחס לתיק 2, על אף שמספר כלי הנשק בתיק 2 גדול יותר.

2. תפקיד הנאשם ומעורבותו  
בתיק 1 הנאשם נמצא בעמדה אקטיבית: הוא נושא נשק טעון, נע איתו במרחב הציבורי ואף יורה בפועל. בתיק 2 התפקיד ""פסיבי"" יותר – החזקת נשק מוסתר בבית, ללא שימוש או נשיאה במרחב הציבורי בזמן האירוע.

3. שיטת הביצוע (MO)  
בתיק 1 מדובר בנשק בודד (קרלו) טעון ומוכן לירי, ברכב, בשעת לילה, עם ירי בפועל ובריחה קצרה עד השלכת הנשק לעיני שוטרים – דפוס של שימוש מיידי במרחב הציבורי. בתיק 2 מדובר באגירת שלושה כלי נשק ותחמושת במקומות מסתור בבית – דפוס של ""מחסן נשק"" ולא של שימוש מיידי.

4. נסיבות הליבה  
בתיק 1 יש נשק אחד אך ירי באזור מגורים, מה שמגלם סכנה ממשית ומיידית לציבור ונסיבה מחמירה ברורה. בתיק 2 אין שימוש או ירי, אך יש ריבוי כלי נשק ותחמושת והסתרתם, מה שמחמיר מבחינת היקף ההחזקה אך מקל יחסית בהיעדר מעשה שימוש אלים או הפגנת כוח.

5. ישימות כתקדים  
שני התיקים עשויים לשמש זה ביחס לזה לעניין עקרונות כלליים בענישה בעבירות נשק (הרתעה, מסוכנות, חשיבות של שליטה בנשק בלתי חוקי). עם זאת, ההבדלים בין שימוש ירי בפועל במרחב הציבורי (תיק 1) לבין החזקה סטטית בבית של מספר כלי נשק (תיק 2) יגבילו את המשקל של כל אחד כתקדים ישיר לאחר; הם רלוונטיים באופן חלקי בלבד.

SIMILARITY_SCORE: 40","ok",""
"SH-14-02-28659-762","SH-17-10-10556-234",3,1,1,"הנאשם הורשע על פי הודאתו בעבירה של החזקת נשק לפי סעיף 144(א) לחוק העונשין התשל""ז-1977, בכך שבמשך כשנתיים עובר ליום 11.2.14, החזיק הנאשם שבביתו שבעזריה נשק מאולתר מסוג ""קרל גוסטב"". הנאשם הסתיר את הנשק בעליית הגג של המקלחת בביתו וטען כי החזיקו לצורך הגנה עצמית.","הנאשם שלפני הורשע, על פי הודאתו במסגרת הסדר טיעון, בעבירות של החזקת נשק, על פי סעיף 144(א) רישא לחוק העונשין תשל""ז – 1977, והחזקת אביזר נשק לתחמושת, לפי סעיף 144(א) סיפא לחוק האמור.

עובר ליום 28/08/2017 החזיק הנאשם באקדח ובתוכו מחסנית ובה 10 קליעים בקוטר 8 מ""מ. האקדח היה בבעלותו של אחר והוחזק על ידי הנאשם בתוך שקית בחצר הסמוכה לביתו. עוד במועד האמור החזיק הנאשם באקדח ובתוכו מחסנית לא טעונה. הנאשם החזיק את האקדח בתוך כפפה מתחת למזרון בתוך ערימת זבל, במרחק של כ-100 מטרים מביתו.",75.0,"1. סוג העבירה וחומרתה  
שני התיקים עוסקים בעיקרם באותה עבירה – החזקת נשק לפי סעיף 144(א) לחוק העונשין; בתיק 2 נוסף אישום נלווה של החזקת אביזר נשק (תחמושת). בשני המקרים מדובר ברף דומה של חומרה נורמטיבית (החזקה ביתית/סמוכה לבית, ללא שימוש או סחר), כאשר בתיק 1 יש משך החזקה ארוך ונשק מאולתר מסוג ""קרל גוסטב"", ובתיק 2 תחמושת וייתכן מספר כלי נשק – כך שבמאזן הכולל החומרה דומה.  

2. תפקיד הנאשם ומעורבותו  
בשני התיקים הנאשם הוא המחזיק הפיזי של הנשק, ללא טענה למעורבות כסוחר, מתווך או חלק מארגון פשיעה. ההבדל הוא שבתיק 1 הנטען הוא החזקה ""לעצמו"" (הגנה עצמית), ובתיק 2 החזקה של נשק בבעלות אחר (כמעין ""מחסן נשק""), אך בשניהם מדובר במבצע עיקרי של עבירת ההחזקה.  

3. שיטת הביצוע (MO)  
בשני המקרים הנשק הוחזק במקומות מסתור בסביבת המגורים: בעליית גג בבית (תיק 1) ובחצר/ערימת זבל במרחק קצר מהבית (תיק 2). אין נשיאה גלויה, אין שימוש, אין העברה לאחרים במסגרת סחר – אלא החזקה והסתרה סטטית; דפוס הביצוע דומה מאוד.  

4. נסיבות הליבה  
בשני התיקים אין שימוש בנשק, אין ירי ואין תיאור של סכסוך או אלימות נלווית; עיקר העניין הוא עצם ההחזקה הבלתי חוקית. השוני: בתיק 1 – נשק מאולתר, החזקה ממושכת כשנתיים; בתיק 2 – אקדח/ים ""תקניים"" עם תחמושת ומרחק מסוים מהבית, ללא פירוט על משך ההחזקה; אלה הבדלים רלוונטיים לרמת החומרה בתוך אותה משפחה ענישתית.  

5. ישימות כתקדים  
בית משפט ישתמש בתיקים כאלה זה ביחס לזה כתקדימים רלוונטיים לקביעת מתחם ענישה בעבירות החזקת נשק ביתית/סמוכה לבית ללא שימוש. השוני בסוג הנשק, משך ההחזקה והתחמושת יחייב הבחנות, אך אין פער נורמטיבי מהותי שמונע היקש ענישתי.  

SIMILARITY_SCORE: 75","ok",""
"m07001074-98","ME-17-05-35227-215",1,0,0,"הנאשם הורשע על פי הודאתו בכתב אישום מתוקן שבמסגרתו נכללה עבירה של החזקת נשק -עבירה לפי סעיף 144 (א) רישא לחוק העונשין, התשל""ז-1977 (להלן: ""חוק העונשין"").

מהעובדות המופיעות בכתב האישום המתוקן עולה, כי בתאריך 31/1/07, מצא הנאשם בשטח אדמה הסמוך לכפר מגוריו נשק מסוג עוזי ושתי מחסניות (להלן: ""הנשק""). הנאשם נשא את הנשק והובילו עד לביתו, שם החביאו מעל ארון בגדים בכוונה להמשיך להחזיק בו מבלי שהיה בידיו היתר להחזקתו עפ""י דין. ביום 4/2/07 נערך חיפוש בביתו של הנאשם, על פי צו בית משפט, וכך אותר הנשק ונתפס, כשעד לאותו מועד נמנע הנאשם מלהסגיר את הנשק לגורמי החוק, וזאת חרף ידיעתו כי אין לו היתר להחזיק בנשק או להובילו.","ביום 7 במאי 2017 בשעת צהריים נהג הנאשם בתיק זה, דוד טבצ'ניקוב, באופנוע מסוג קואנג יאנג טיו כשהוא נושא ומוביל עמו בתוך תא המטען תת-מקלע מאולתר שבתוכו מחסנית. לפניי, הודה הנאשם בביצוע עבירה זו, בניגוד לסעיף 144(ב) רישא וסיפא לחוק העונשין, התשל""ז-1977 (להלן: ""חוק העונשין"") והוא הורשע בה.",62.0,"1. סוג העבירה וחומרתה  
שני התיקים עוסקים בעבירות נשק לפי סעיף 144 לחוק העונשין ובשניהם מדובר בהחזקה בלתי חוקית של תת־מקלע/עוזי אחד – אותה קטגוריית עבירות ואותה תכלית הגנה (סיכון בטחון הציבור). עם זאת, תיק 1 הוא החזקה לפי סעיף 144(א) בבית, ואילו תיק 2 הוא נשיאה/הובלה לפי סעיף 144(ב), שלרוב נתפסת כחמורה יותר בשל הסיכון המוגבר בציבור.  

2. תפקיד הנאשם ומעורבותו  
בתיק 1 הנאשם ""מוצא"" את הנשק בשטח, אך מקבל החלטה אקטיבית לקחתו, להביאו לביתו ולהסתירו למשך מספר ימים – זו החזקה מודעת ומתמשכת, אך ללא אינדיקציה למסחר/שימוש פלילי. בתיק 2 הנאשם נמצא כשהוא נושא ומוביל את הנשק ברכב דו-גלגלי בצהרי היום; זו התנהגות אקטיבית יותר של העברת נשק במרחב הציבורי, המעידה בדרך כלל על תפקיד דינמי יותר (כמוביל/שליח או מי שמייעד את הנשק למטרה כלשהי).  

3. שיטת הביצוע (MO)  
בתיק 1 השיטה היא מציאה, נטילה, הובלה חד־פעמית לבית והסתרה סטטית מעל ארון בגדים, ללא תנועה במרחב הציבורי לאחר מכן. בתיק 2 השיטה היא נשיאת הנשק בתא מטען של אופנוע במהלך נסיעה – הסתרה ניידת, במרחב פתוח, עם פוטנציאל מיידי לשימוש או למסירה. קיים דמיון בסיסי של אחזקת נשק מוסתר, אך דפוס הפעולה בפועל שונה.  

4. נסיבות הליבה  
בשני התיקים מדובר בנשק אחד מסוג תת־מקלע/עוזי עם מחסנית, ללא שימוש בפועל, ללא ירי, איומים או פגיעה, וללא תיאור של רקע עברייני מאורגן או כמות נשק גדולה – בכך יש דמיון מהותי. מנגד, בתיק 1 הנשק מוחבא בבית בכפר במשך מספר ימים, בעוד שבתיק 2 מדובר בנשיאת הנשק בצהרי היום בכביש ציבורי – נסיבה המחמירה את הסיכון בפועל ומקלה פחות.  

5. ישימות כתקדים  
בתי משפט יראו את שני התיקים כרלוונטיים זה לזה לצורכי גזירת הדין, שכן שניהם עוסקים בהחזקה בלתי חוקית של תת־מקלע יחיד ללא שימוש, וניתן להשוות רמות ענישה בסיסיות. עם זאת, ההבדל הנורמטיבי בין החזקה ""ביתית"" לפי 144(א) לנשיאה/הובלה בציבור לפי 144(ב), והיסוד הדינמי יותר בתיק 2, יגביל את מידת ההקבלה, ותיק 2 צפוי להיחשב חמור יותר.  

SIMILARITY_SCORE: 62","ok",""
"SH-18-07-52337-770","ME-16-06-50916-362",1,0,0,"הנאשם שלפני נותן את הדין בגין עבירה של החזקת נשק חם שלא כדין, בניגוד לסעיף 144 (א) רישא לחוק העונשין, תשל""ז – 1977.

בהתאם לעובדות כתב האישום המתוקן כא/1, בהן הודה הנאשם במסגרת הסדר טיעון, נתפס, בתאריך 15.07.18, בביתו בעיר רהט, מחזיק נשק חם מסוג תת מקלע מאולתר, בחדרו, מוסלק מתחת למיטה.

עוד צוין בכתב האישום, כי הנשק הגיע לידי הנאשם כעשרה ימים לפני המועד בו נתפס והחזיק בו בעבור אחר, שזהותו אינה ידועה למאשימה.","הנאשם הודה בתיק זה בעובדות כתב האישום שתוקן, במסגרת הסדר טיעון בין הצדדים, אשר לא כלל הסדר לעניין העונש והורשע בביצוע העבירות כדלקמן:  נשיאת נשק,  עבירה לפי סעיף 144(ב) רישא  לחוק העונשין, התשל""ז – 1977 (להלן: חוק העונשין), איומים, עבירה לפי סעיף 192  לחוק העונשין, יריות באזור מגורים, עבירה לפי סעיף 340א לחוק העונשין, מעשה פזיזות ורשלנות, עבירה לפי סעיף 338(א)(5) לחוק העונשין, נהיגה בזמן פסילה, עבירה לפי סעיף 67 לפקודת התעבורה תשכ""א – 1961 ונהיגה ללא רישיון נהיגה, עבירה לפי סעיף 10א וסעיף 62(1) לפקודת התעבורה [נוסח חדש],תשכ""א-1961 (להלן: פקודת התעבורה).

בין הנאשם לבין נאסר בסל (להלן: נאסר) ישנה היכרות מוקדמת. בשנת 2002 פקע תוקף רישיון הנהיגה של הנאשם ומאז לא חודש. בתאריך 3.2.15 פסל בית משפט השלום בעכו את הנאשם מלנהוג לתקופה של 24 חודשים, ובמועד הרלוונטי לכתב האישום היה הנאשם פסול מלנהוג. ביום 12.6.16, עובר לשעה 18:25, נסע הנאשם לביתו של אחיו משהור בכפר ג'דידה- מכר (להלן: הבית), כשהוא נוהג ברכב מסוג  סקודה ונושא עמו ברכב נשק מסוג קרל גוסטב, שהוא נשק שסוגל לירות כדור שבכוחו להמית אדם (להלן: הנשק), בלא רשות על פי דין. הנאשם החנה את הרכב ליד הבית, השאיר את הנשק ברכב, ונכנס לתוך הבית. מכתב האישום עולה, כי כעבור זמן קצר הגיע נאסר לבית והחל לשוחח עם הנאשם. במהלך השיחה התלהטו הרוחות. הנאשם אמר לנאסר, כי עכשיו ""נפתח  עניין"" ביניהם. בעקבות הצעקות התגודדו מספר אנשים מחוץ לבית. לאחר כמה דקות, יצאו הנאשם ונאסר מהבית, והנאשם נכנס לרכב. באותה עת היו מספר אנשים מחוץ לבית ואחד מהם אחז באלה. הנאשם נסע מספר מטרים, עצר את הרכב, הוציא את פלג גופו העליון מחלון הנהג, כשהוא מחזיק בנשק וניסה לירות לאזור בו עמדו נאסר וקבוצת האנשים. בהמשך לכך, פתח הנאשם את דלת הנהג, יצא מהרכב, וירה לא פחות משלושה כדורים לאזור בו עמדו נאסר וקבוצת האנשים, בדרך נמהרת שיש בה לסכן חיי אדם או לגרום לו חבלה, ובמטרה להפחיד את הנוכחים. לאחר מכן, נכנס הנאשם חזרה לרכב והמשיך בנסיעתו. מספר אנשים החלו לרוץ אחר הרכב, שאז הנאשם עצר שוב את רכבו וירה מספר כדורים בדרך נמהרת שיש בה לסכן חיי אדם או לגרום חבלה, ובמטרה להפחידם. לאחר מכן המשיך הנאשם בנסיעתו. במעשיו המתוארים לעיל, נשא והוביל הנאשם נשק ותחמושת בלא רשות על פי דין לנשיאתם ולהובלתם, ירה מספר פעמים מנשק חם באזור מגורים ללא הסבר סביר, בדרך נמהרת שיש בה לסכן את חייהם של נאסר וקבוצת האנשים או לגרום להם חבלה, זאת במטרה להפחיד או להקניט אותם. בנוסף, נהג הנאשם ברכב לאחר שהיה ידוע לו שהוא פסול מלקבל או מלהחזיק רישיון נהיגה וללא רישיון נהיגה תקף.",25.0,"1. סוג העבירה וחומרתה  
בשני התיקים מדובר בעבירות נשק, אך בתיק 1 העבירה היא ""החזקת נשק"" לפי סעיף 144(א) – החזקת נשק סטטית, ללא שימוש בו; בתיק 2 מדובר ב""נשיאת נשק"" לפי סעיף 144(ב) בצירוף ירי בפועל, איומים, ירי באזור מגורים ומעשה פזיזות ורשלנות. מדרג החומרה בתיק 2 גבוה משמעותית, הן מבחינת הסעיפים והן מבחינת ריבוי העבירות וסיכון חיי אדם בפועל.

2. תפקיד הנאשם ומעורבותו  
בתיק 1 הנאשם הוא מחזיק פסיבי יחסית – שומר את הנשק עבור אחר, בביתו, ללא יוזמה לשימוש וללא פעולה אקטיבית מעבר להחזקה מוסלקת. בתיק 2 הנאשם הוא הפועל המרכזי והיזום: נושא את הנשק, משתמש בו ביוזמתו, מבצע ירי לעבר אנשים על רקע סכסוך, תוך הפרת פסילה מנהיגה.

3. שיטת הביצוע (MO)  
בתיק 1 השיטה היא אחסון מוסתר של נשק מאולתר מתחת למיטה בבית, למשך כחצי חודש, ללא תנועה, ללא הפעלה וללא אינטראקציה עם צדדים שלישיים. בתיק 2 השיטה היא נשיאת נשק ברכב, יציאה לעימות, ולאחר מכן ירי ממכונית ובשטח פתוח לעבר אנשים, בשני מקטעי ירי, בסביבה מיושבת – דפוס אלים ודינמי במהותו, השונה מהחזקת מחסן/שומר.

4. נסיבות הליבה  
בתיק 1: נשק מאולתר מסוג תת‑מקלע, החזקה עבור אחר, בבית, ללא ירי, ללא סכסוך וללא תוצאה בפועל – נסיבות שמעמידות את המקרה ברף החזקת נשק ""יבשה"". בתיק 2: נשק קרל גוסטב, ירי של מספר כדורים באזור מגורים לעבר אדם וקבוצת אנשים, מתוך סכסוך, בליווי איומים ועבירות תעבורה חמורות (נהיגה בזמן פסילה), עם סיכון מובהק לחיי אדם – נסיבות מחמירות בצורה ניכרת.

5. ישימות כתקדים  
למרות ששני התיקים מצויים באותו תחום כללי של עבירות נשק, הפסיקה בתיק 2 תיתפס בדרך כלל כעוסקת ברף המחמיר של עבירות נשק (נשיאה וירי מסכן חיים) ולא כתקדים ענישתי ישיר לתיק של החזקה פאסיבית בלבד לפי 144(א). לכל היותר, בית משפט עשוי להשתמש בתיק 2 להמחשת מדרג חומרה כללי בעבירות נשק, אך לא כנקודת השוואה מרכזית לקביעת העונש בתיק 1.

SIMILARITY_SCORE: 25","ok",""
"SH-17-11-53539-235","m07001074-98",3,1,1,"הנאשם שלפניי הודה והורשע בעובדות כתב אישום מתוקן בהסדר טיעון ""פתוח"", בעבירות של החזקת נשק [עבירה לפי סעיף 144(א) רישא לחוק העונשין, התשל""ז-1977] ובעבירה של החזקת אביזר נשק ותחמושת [עבירה לפי סעיף 144(א) סיפא לחוק העונשין].

מעובדות כתב האישום המתוקן עולה, כי החל משנת 2012 ועד למעצרו ביום 15.11.2017, החזיק הנאשם בביתו בא-ראם אקדח שחור חצי אוטומטי מסוג אסטרה בקוטר 9 מ""מ ובתוכו מחסנית ריקה, ולצדו החזיק הנאשם 28 כדורי אקדח בקוטר 9 מ""מ.

נוסף על האקדח החזיק הנאשם בביתו שני קליעי ספוג בקוטר 40 מ""מ, אקדח אויר, אגרופן וכן סכין קומנדו.

לנאשם מעולם לא היה רישיון לשאת נשק, בוודאי לא את הנשק שהחזיק.","הנאשם הורשע על פי הודאתו בכתב אישום מתוקן שבמסגרתו נכללה עבירה של החזקת נשק -עבירה לפי סעיף 144 (א) רישא לחוק העונשין, התשל""ז-1977 (להלן: ""חוק העונשין"").

מהעובדות המופיעות בכתב האישום המתוקן עולה, כי בתאריך 31/1/07, מצא הנאשם בשטח אדמה הסמוך לכפר מגוריו נשק מסוג עוזי ושתי מחסניות (להלן: ""הנשק""). הנאשם נשא את הנשק והובילו עד לביתו, שם החביאו מעל ארון בגדים בכוונה להמשיך להחזיק בו מבלי שהיה בידיו היתר להחזקתו עפ""י דין. ביום 4/2/07 נערך חיפוש בביתו של הנאשם, על פי צו בית משפט, וכך אותר הנשק ונתפס, כשעד לאותו מועד נמנע הנאשם מלהסגיר את הנשק לגורמי החוק, וזאת חרף ידיעתו כי אין לו היתר להחזיק בנשק או להובילו.",70.0,"1. סוג העבירה וחומרתה  
בשני התיקים מדובר בעבירת החזקת נשק לפי סעיף 144(א) רישא לחוק העונשין – אותה עבירה ""ליבתית"". בתיק 1 נוספו גם החזקת אביזר נשק ותחמושת, וכן מספר פריטים נוספים, מה שמעצים את החומרה הכוללת, אך עדיין מדובר באותו סוג עבירה בסיסי של החזקה לא חוקית. חומרת הנשק עצמו דומה–נשק חם צבאי (אקדח 9 מ""מ לעומת עוזי) – שניהם במתחם החומרה הגבוהה של עבירות נשק.

2. תפקיד הנאשם ומעורבותו  
בשני המקרים הנאשם הוא ""מחזיק־קצה"" – אין תיאור של סחר, תיווך או פעילות עבריינית נלווית; ההרשעה היא על עצם ההחזקה. בתיק 2 קיימת נסיבה לכאורה מקלה בכך שהנאשם ""מצא"" את הנשק, אך ההחלטה לקחתו לביתו, להחביאו ולהמשיך להחזיק בו מבלי לדווח, הופכת אותו בפועל למחזיק יזום. בתיק 1 מדובר בהחזקה ממושכת ומתמשכת, המצביעה על מעורבות עמוקה ויציבה יותר בהחלטה להחזיק בנשק.

3. שיטת הביצוע (MO)  
בשני התיקים השיטה היא החזקה ואחסון של נשק חם במקום המגורים, ללא רישיון ותוך הסתרתו מהרשויות. אין שימוש מבצעי בנשק, אין הובלה מסחרית או חלק מ""תשתית"" נשק רחבה, אלא שמירת הנשק לצורך בלתי מוצהר. ההבדל הוא שבתיק 2 יש שלב של ""איתור בשטח והבאת הנשק לבית"", בעוד שבתיק 1 מדובר בהחזקה רבת שנים ללא תיאור של מקור הנשק.

4. נסיבות הליבה  
בתיק 1: החזקה רציפה במשך כ־5 שנים, אקדח 9 מ""מ עם 28 כדורים, אביזרי נשק נוספים ושורת אמצעי לחימה (אגרופן, סכין קומנדו, קליעי ספוג), מה שמייצר תמונה אגרבציונית של ""ארסנל"" ביתי. בתיק 2: נשק חמור מאוד מסוג עוזי ושתי מחסניות, אך משך החזקה קצר (כ־4 ימים) והנסיבה המקלה החלקית של מציאת הנשק, אל מול ההימנעות מהסגרתו. בשניהם אין שימוש בפועל, אין עבירות נלוות של אלימות או ירי, ואין תכנון לביצוע פיגוע/עבירה קונקרטית – שניהם במישור של ""החזקת נשק לשם החזקה"".

5. ישימות כתקדים  
שני התיקים רלוונטיים זה לזה כתקדימים ענייניים לענישה בעבירות החזקת נשק חם בבית ללא רישיון, ללא שימוש מבצעי וללא הקשר עברייני נלווה מובהק. עם זאת, בית משפט יבחין בין נסיבות מחמירות בתיק 1 (משך, ריבוי אמצעי לחימה) לבין חומרת סוג הנשק אך משך קצר ונסיבת ""מציאה"" בתיק 2, ולכן לא יראה בהם זהות מהותית מלאה אלא מקרי השוואה מאותה ""משפחה"" בסיסית של עבירות.  

SIMILARITY_SCORE: 70","ok",""
"ME-16-11-69158-529","ME-12-03-13401-281",3,1,1,"הנאשם הורשע בהתאם להודאתו בעובדות כתב האישום המתוקן בעבירות כדלקמן:

נשיאת נשק ותחמושת, עבירה לפי סעיף 144 (ב) רישא וסיפא בחוק העונשין, תשל""ז – 1977 (להלן: ""החוק"").

ירי באזור מגורים, עבירה לפי סעיף 340 א' בחוק.

עלי־פי המתואר בעובדות כתב האישום המתוקן, עובר לתאריך 23.11.16 טמן הנאשם באדמה, סמוך לביתו בטייבה תיק בד ובו נשק תת־מקלע מסוג ""קרלו"" (קרל גוסטב) (להלן: ""הנשק""), יחד עם מחסנית ותחמושת מסוג 9 מ""מ (להלן: ""התחמושת""). בתאריך 23.11.16 הוציא הנאשם את התיק, הכניסו לרכבו ובשעה 21:00 לערך הגיע ברכבו לאירוע משפחתי ברחבת בית משפחת ג'בארה בטייבה, שם הנאשם הוציא את הנשק והתחמושת מהרכב, ניגש לחצר הבית, כיוון את הנשק כלפי מעלה, וירה צרור כדורים. לאחר שסיים לירות, ניגש הנאשם לרכבו, החביא בו את הנשק מתחת למושב הנהג, ואת התחמושות החביא בתוך שקית מתחת למושב הסמוך למושב הנהג ברכב.","הנאשם הודה, טרם שמיעת ראיות, בעובדות כתב אישום מתוקן והורשע בביצוע העבירות: החזקת נשק שלא כדין - עבירה לפי סעיפים 144(א) (רישא + סיפא) + 144(ג) לחוק העונשין, תשל""ז-1977 (להלן: ""החוק""), נשיאת והובלת נשק - עבירה לפי סעיפים 144(ב) (רישא + סיפא) + 144(ג) לחוק ויריות באזור מגורים - עבירה לפי סעיף 340א לחוק.

מעובדות כתב האישום המתוקן עולה כי בליל 25 -26.2.12, הנאשם החזיק ונשא אקדח גנוב מסוג CZ קליבר 9 מ""מ, שתי מחסניות שבתוכן כדורי אקדח ו-11 כדורי אקדח 9 מ""מ נוספים. האקדח נגנב ב- 3.2.12 בהתפרצות לבית  ביישוב ציפורי.

סמוך לשעה 00:38, ברחוב שיבת ציון בחיפה שהינו ""איזור מגורים"", ירה הנאשם מהאקדח 11 כדורים, ללא הסבר סביר. לאחר מכן נכנס הנאשם עם האקדח, כשהוא טעון עם כדור בקנה ופטיש האקדח משוך לאחור, עם הכדורים ועם המחסניות לרכב, בו שהו אנשים נוספים. סמוך לשעה 1:50 הנאשם נעצר ברכב על ידי שוטרים.",78.0,"1. סוג העבירה וחומרתה  
בשני התיקים מדובר בעבירות נשק ""קלאסיות"" בצירוף ירי באזור מגורים לפי סעיף 340א – אותה משפחת עבירות ואותה רמת חומרה נורמטיבית בסיסית. בתיק 2 קיימות עבירות נוספות של החזקה (144(א)) ושל נשק גנוב (144(ג)), המעלות במעט את מדרג החומרה לעומת תיק 1, אך עדיין נשארים באותו מתחם ענישה עקרוני (נשק לא חוקי + ירי בשטח מיושב).

2. תפקיד הנאשם ומעורבותו  
בשני התיקים הנאשמים הם מבצעי העבירה המרכזיים: הם אלה שמחזיקים, נושאים ויורים בנשק בפועל – ללא גורם מתווך או ""בוס"" מעליהם. אין מדובר בשליחים או מחזיקים פאסיביים אלא ביוזמה אקטיבית של החזקת נשק וירי; בתיק 2 מצטייר אלמנט מודע יותר של התחמשות בנשק גנוב, אך גם בתיק 1 קיימת יוזמה מודעת של הסתרה, נשיאה וירי.

3. שיטת הביצוע (MO)  
בשני המקרים: החזקת נשק חם טעון, ירי בשעת לילה באזור מגורים, ולאחר מכן החזרת הנשק לרכב/הסתרתו ברכב. הדפוס של ""נשק ברכב – ירי באזור מגורים – חזרה לרכב כשהנשק עדיין זמין"" דומה מאוד. בתיק 1 הירי הוא במסגרת אירוע משפחתי ובכיוון מעלה; בתיק 2 הירי ברחוב עירוני ולאחר מכן נשק דרוך בתוך רכב עם אנשים נוספים – שניהם דפוסים מרתיעי-ציבור עם סיכון פוטנציאלי לחפים מפשע.

4. נסיבות הליבה  
בתיק 1 מדובר בתת־מקלע ""קרלו"" – נשק אוטומטי שמעצים את הפוטנציאל ההרסני, אך לא מדובר בשימוש המכוון לפגיעה באדם אלא בירי כלפי מעלה. בתיק 2 מדובר באקדח גנוב, עם ירי של 11 כדורים, נשק טעון ודרוך ברכב עם אנשים נוספים – נסיבות מחמירות מצד הסיכון המיידי והקשר לנשק גנוב. מכלול הנסיבות מציב את שני התיקים ברף חומרה דומה, כאשר כל אחד מכיל רכיבי החמרה מסוג שונה (סוג הנשק לעומת גניבתו ואופן אחזקתו).

5. ישימות כתקדים  
בית משפט יראה בשני התיקים תיקים רלוונטיים מאוד זה לזה לצורכי ענישה בעבירות נשק וירי באזור מגורים – אותה תשתית נורמטיבית, אותה מסוכנות כללית לציבור, ודפוס מעשים דומה. עם זאת, לצורך השוואה מדויקת של עונש, יהיה צורך לאזן בין ההבדלים: סוג הנשק (קרלו לעומת אקדח), סטטוס הנשק (גנוב בתיק 2), הכיוון וההקשר של הירי, ומידת הסיכון הקונקרטי. עדיין, כתיקי השוואה ענישתיים – הם קרובים מאוד במובן המהותי.  

SIMILARITY_SCORE: 78","ok",""
"ME-21-06-43085-219","SH-17-08-47445-166",1,0,0,"על יסוד הודאת הנאשם בעובדות כאמור, הוא הורשע בעבירות נשק (החזקה ונשיאת נשק ותחמושת), לפי סעיף 144(א) ו - (ב) רישא וסיפא בחוק העונשין התשל""ז – 1977 (להלן: ""חוק העונשין""); ירי מנשק חם, לפי סעיף 340א' (ב)(1) בחוק העונשין; היזק בזדון, לפי סעיף 452 בחוק העונשין; חבלה במזיד, לפי סעיף 413ה' בחוק העונשין; נהיגה ללא רישיון נהיגה, לפי סעיף 10(א) בפקודת התעבורה, התשכ""א – 1961; ונהיגה ללא פוליסת ביטוח בתוקף, לפי סעיף 2(א) ו – (ב) בפקודת ביטוח רכב מנועי [נוסח משולב] תש""ל – 1970.

בין הנאשם לבין מר עאמר אבו עראר, מנהל בית הספר הטכנולוגי בערוער (להלן: ""המנהל"" ו""בית הספר"") קיימת היכרות מוקדמת וקרבה משפחתית. בתאריך 23.05.21 בסמוך לשעה 11:50 הנאשם נהג ברכב כאשר אין ברשותו ומעולם לא היה לו רישיון נהיגה תקף, ומבלי שיש ברשותו פוליסת ביטוח ברת תוקף לנהיגה, והגיע לבית הספר על מנת להיפגש עם קרובת משפחתו הלומדת בו. בהמשך, הנאשם פגש במנהל והם דיברו ביניהם, ובמהלך השיחה התפתח ביניהם ויכוח והנאשם התעצבן על המנהל. המנהל ליווה את הנאשם לשער בית הספר והנאשם עזב את המקום כשהוא נוהג ברכב. בהמשך לכך, בסמוך לשעה 12:50, הנאשם הגיע לבית הספר, ברכב, כשהוא נושא עמו נשק ללא היתר כדין, יצא מהרכב, התקדם מספר צעדים והחל לירות באמצעות הנשק לכיוון רכבו של המנהל, אשר חנה בצמוד לקרוואן. באותה העת שהו בקרוואן שומר בית הספר ושניים נוספים, ובחצר בית הספר נכחו אנשים נוספים. כתוצאה מהירי של הנאשם, רכבו של המנהל נפגע ממספר כדורים בקוטר  9 מ""מ, וכדור אחד חדר לקרוואן ופגע בארון בתוך הקרוואן.","הנאשם שלפני נותן את הדין בגין עבירה של אחזקת נשק שלא כדין, בניגוד לסעיף 144 (א) רישא לחוק העונשין, תשל""ז – 1977.

בהתאם לעובדות כתב האישום המתוקן ת/1, אשר הוגש במסגרת הסדר טיעון, נתפש הנאשם, בתאריך 09.08.2018, מחזיק, בביתו, בפזורה סביב הישוב כסיפה, אקדח חצי אוטומטי מסוג FN וכן ""חפץ דמוי תת מקלע מאולתר"", כל זאת – שלא כדין.",30.0,"1. סוג העבירה וחומרתה  
בשני התיקים קיימת עבירת נשק לפי סעיף 144(א) – החזקה שלא כדין. עם זאת, תיק 1 כולל בנוסף ירי מנשק חם במקום ציבורי, היזק בזדון וחבלה במזיד, כך שמדרג החומרה בו גבוה משמעותית מתיק 2 שהוא ""החזקה גרידא"" ללא שימוש.  

2. תפקיד הנאשם ומעורבותו  
בשני התיקים הנאשם הוא המחזיק הישיר בנשק, ללא תיווך של אחרים. אולם בתיק 1 הנאשם הוא גם היורה ומבצע התקיפה בפועל, בעוד שבתיק 2 מעורבותו מסתכמת בהחזקה פסיבית בבית ללא מעשה תוקפני נלווה.  

3. שיטת הביצוע (MO)  
בתיק 1 הנאשם נושא נשק ברכב, מגיע פעמיים לבית ספר, ובפעם השנייה מבצע ירי לעבר רכב המנהל בסביבת בית ספר מאוכלס – דפוס אלים, פומבי ומיידי, על רקע סכסוך אישי. בתיק 2 הנשק מוחזק בבית בפזורה, ללא תנועה, ללא יעד קונקרטי וללא ירי – דפוס ""אחסון"" שונה מהותית משימוש התקפי.  

4. נסיבות הליבה  
בתיק 1 מדובר בירי בסביבת בית ספר, בזמן שיש אנשים בקרוואן ובחצר – מסוכנות גבוהה לציבור, היזק לרכוש, פגיעה בתחושת הביטחון ונסיבות מחמירות מובהקות. בתיק 2 יש אומנם החזקה של שני כלי נשק, אחד מהם דמוי תת-מקלע מאולתר (נסיבה מחמירה בכמות ובאופי הנשק), אך אין ירי, אין יעד ספציפי ואין פגיעה בפועל – מסוכנות ברקע אך לא ממומשת.  

5. ישימות כתקדים  
לצרכי ענישה, בתי משפט יראו בשני התיקים שייכים לאותו ""עולם"" של עבירות נשק, אך תיק 1 שייך לקטגוריה מחמירה בהרבה של ""שימוש וירי בפועל"", בעוד תיק 2 עוסק בהחזקה בלבד. כתוצאה מכך, תקדימים מתיק 1 יהיו מוגבלים ברלוונטיות לתיק 2 (ולא ישמשו מדד ישיר למתחם ענישה), ולהפך – הדמיון המהותי בינוני-נמוך.  

SIMILARITY_SCORE: 30","ok",""
"ME-16-05-19384-544","m08000207-175",1,0,0,"הנאשם הורשע על פי הודאתו, במסגרת הסדר טיעון בכתב אישום מתוקן, לאחר שחזר בו מכפירתו, בעבירת נשיאת נשק לפי סעיף 144(ב) לחוק העונשין התשל""ז-1977 (להלן חוק העונשין), בעבירת ניסיון לחבלה חמורה לפי סעיף 333 בצירוף סעיף 25 לחוק העונשין, בעבירת רכישת נשק לפי סעיף 144(א) לחוק העונשין ובשתי עבירות סחר בנשק לפי סעיף 144(ב2) לחוק העונשין.

מעובדות החלק הכללי של כתב האישום המתוקן עולה שהנאשם הוא אזרח ישראלי. בתקופה הרלבנטית לכתב האישום עסק הנאשם בקנייה ומכירה של כלי נשק ותחמושת מסוגים שונים. לפחות באחד המקרים שימש נשק שמכר הנאשם בידי קונהו לביצוע פיגוע בתחום מדינת ישראל והכל כמפורט להלן.

יוער כי, ב""כ המאשימה הודיע על חזרה מאישום מספר 1 בכתב האישום בדיון שנערך לפניי ביום 10.1.17 לאחר שהנאשם השיב לכתב האישום שהוגש נגדו. לפיכך ובהתאם לאמור בסעיף 94(א) לחוק סדר הדין הפלילי [נוסח משולב], תשמ""ב-1982(להלן חוק סדר הדין הפלילי), הוריתי על זיכוי הנאשם מאישום מספר 1.

מעובדות האישום השני בכתב האישום המתוקן עולה כי במועד ובדרך שאינה ידועה במדויק למאשימה, השיג הנאשם רובה מסוג ""תבור"" (להלן הנשק). הנאשם החביא את הנשק בשכונה הסמוכה למקום מגוריו.

ביום 14.11.15, בשעה 1:00 או בסמוך לכך, הגיעו כוחות הביטחון להרוס בית של מפגע בקלנדיה. בעקבות כך החלו התפרעויות נגד כוחות הביטחון, במסגרתן נהרגו שניים מהמתפרעים. בעקבות כך החליט הנאשם לירות על כוחות הביטחון. הנאשם הלך למחבוא בו החביא את הנשק ולקח את הנשק עימו. הנאשם חיפש מקום בו יעברו רכבים של כוחות הביטחון עליהם יוכל לירות. בשעה 2:00 או בסמוך לכך זיהה הנאשם שלושה רכבים של כוחות הביטחון, ולאחר שהרכבים התקרבו, ירה לעברם חמישה כדורים.

בתאריך שאינו ידוע במדויק למאשימה, בסביבות חודש מרץ 2016, ראה הנאשם כי כוחות הביטחון מבצעים חיפושים אחר נשקים בקלנדיה, ועל כן חשש כי כוחות הביטחון יאתרו את נשקו. נוכח זאת לקח הנאשם את הנשק, נתן אותו למחמוד זהאדה, וביקש ממנו לשמור על הנשק למשך מספר ימים.

במסגרת כתב האישום המתוקן, האישום השלישי נמחק.

על פי עובדות האישום הרביעי בכתב האישום המתוקן, בתאריך שאינו ידוע במדויק למאשימה, במהלך חודש פברואר 2016, פנה אל הנאשם מוראד מחיסן (להלן מחיסן) וביקש מהנאשם להשיג עבורו מספר כלי נשק. בעקבות כך, הלך הנאשם לאחר וקנה ממנו נשקים שונים אותם מכר למחיסן והכל כמפורט להלן: הנאשם מכר למחיסן שני נשקים מסוג קרל גוסטב, תמורת 4,000 ₪ לכל נשק. במעשיו המתוארים לעיל רכש הנאשם נשק וסחר או עשה עסקה אחרת שיש עמה מסירת החזקה בנשק לזולתו.

על פי עובדות האישום החמישי בכתב האישום המתוקן, בתאריך 8.3.16 או בסמוך לכך, הגיע אל הנאשם עבד חרוב (להלן חרוב) וביקש מהנאשם לקנות ממנו נשק מסוג קרל גוסטב. בעקבות כך הלך הנאשם לאחר וקנה נשק מסוג קרל גוסטב (להלן הנשק) במחיר של 3,000 ₪. לאחר מכן חזר הנאשם לחרוב ואמר לו כי מחיר הנשק הוא 3,500 ₪. חרוב הסכים למחיר והביא לנאשם סך של 3,000 ₪. בתמורה לכך מסר הנאשם את הנשק לחרוב. כמו כן, סמוך לאחר מכן, מכר הנאשם לחרוב כעשרה כדורי תחמושת לנשק.

בתאריך 9.3.16 השתמש חרוב בנשק לביצוע פיגוע ירי מתמשך בירושלים. במהלך פיגוע הירי ירה חרוב, ביחד עם אחר, לעבר נוסעים שעמדו בתחנת אוטובוס בצומת רמות בירושלים, לאחר מכן ניסה לירות לעבר שוטר משמר הגבול שעמד במעבר חצייה בסמוך לתחנת הרכבה הקלה ""שמעון הצדיק"" בירושלים והכל עד שחרוב והאחר נורו ונוטרלו בסמוך לשער החדש בירושלים. במעשיו המתוארים לעיל, רכש הנאשם נשק וסחר או עשה עסקה אחרת שיש עמה מסירת החזקה בנשק לזולתו.","נגד הנאשם הוגש כתב אישום. בשלב מאוחר יותר, הוגש כתב אישום מתוקן, ובו הודה הנאשם, ולאור הודאתו הרשעתי אותו בעבירה (ראה הכרעת דין מיום ב אב תשס""ח (3.8.08)).

על פי כתב האישום המתוקן, נשא הנאשם ביום 12.7.08 בשעה 00:55 לערך, בעת שנהג ברכב, סמוך לצומת הערבה, אקדח בקוטר 0.9 מ""מ, כשבתוכו מחסנית ובה 15 כדורים, וכן מחסנית ובה כ-10 כדורים. בנוסף לכך, החזיק הנאשם באותו אירוע חשיש במשקל 1.36 גרם נטו, לשימוש עצמי.

הנאשם הורשע על פי הודאתו בשתי עבירות של נשיאת נשק, עבירה לפי סעיף 144(ב) לחוק העונשין, התשל""ז-1977, והחזקת סם לצריכה עצמית בלבד, עבירה לפי סעיף 7(א) + (ג) סיפא לפקודת הסמים המסוכנים, התשל""ג-1973 (ראה הכרעת דין מיום ב אב תשס""ח (3.8.08)).",15.0,"1. סוג העבירה וחומרתה  
בשני התיקים קיימת עבירה לפי סעיף 144(ב) לחוק העונשין (נשיאת נשק), אך בתיק 1 מצטרפות עבירות חמורות בהרבה: ניסיון לחבלה חמורה בירי לעבר כוחות ביטחון, רכישת נשק וסחר בנשק, וחיבור ממשי לפיגוע ירי. תיק 2 עוסק בנשיאת אקדח טעון ברכב, לצד החזקת סם לשימוש עצמי – רמת חומרה נמוכה משמעותית ביחס לעבירות בתיק 1.

2. תפקיד הנאשם ומעורבותו  
בתיק 1 הנאשם הוא דמות יוזמת ומרכזית: סוחר נשק פעיל, רוכש ומוכר נשקים לאחרים, ומבצע בעצמו ירי לעבר כוחות ביטחון. בתיק 2 הנאשם הוא מחזיק/נושא נשק בודד, ללא כל אינדיקציה לסחר, למסירת הנשק לזולת או לשימוש אלים בו.

3. שיטת הביצוע (MO)  
בתיק 1 מדובר בפעילות עבריינית שיטתית בתחום הנשק: הסתרת נשק במסתורים, רכישה מאחרים ומכירה במספר עסקאות, והעברת נשק שנעשה בו שימוש בפיגוע – בצירוף אירוע ירי יזום לעבר כוחות ביטחון. בתיק 2 מדובר בהחזקת אקדח טעון ברכב בשעת לילה, ללא דפוס של סחר, ללא ריבוי עסקאות וללא שימוש בפועל בנשק.

4. נסיבות הליבה  
תיק 1 מאופיין בכמויות נשק גבוהות יותר, סוגי נשק צבאיים (תבור, קרל גוסטב), שימוש ממשי בירי לעבר כוחות ביטחון, קשר ישיר לפיגוע ירי בירושלים, ורמת תכנון והקשר ביטחוני-לאומני מחמיר. תיק 2 עוסק באקדח אחד, ללא שימוש, ללא פציעה, ללא נסיבות ביטחוניות או אידאולוגיות, ובצירוף סם בכמות מזערית לצריכה עצמית – נסיבות ליבה שונות בתכלית.

5. ישימות כתקדים  
למרות זהות חלקית בסעיף החיקוק (144(ב)), הפער בעובדות, בתפקיד, בריבוי העבירות ובהקשר הביטחוני-לאומני של תיק 1 הופך אותו לכמעט בלתי-רלוונטי כתקדים ענישתי לתיק 2, שהוא תיק ""החזקת נשק"" בסיסי ללא שימוש. בית משפט יראה בתיק 1 תקדים לקצה המחמיר של עבירות נשק חמורות, ולא כנקודת ייחוס ישירה למקרה של נשיאת אקדח בודד ברכב.

SIMILARITY_SCORE: 15","ok",""
"SH-11-05-24791-315","ME-16-02-59812-881",1,0,0,"על פי כתב האישום, ביום 19/07/09 בשעה 21:00 לערך החזיקה הנאשמת בביתה שבכפר עין-נקובא אקדח חצי אוטומטי אף-אן (FN) ושתי מחסניות תואמות.

על יסוד הודאתה זו הורשעה הנאשמת ביום 09/01/13  בעבירה של החזקת נשק לפי סעיף 144(א) רישא לחוק העונשין, התשל""ז-1977 (להלן: ""החוק"") ובעבירה של החזקת אביזר לנשק לפי סעיף 144(א) סיפא לחוק.","הנאשמת הורשעה בהתאם להודאתה בעובדות כתב האישום המתוקן בעבירות כדלקמן:

סחר בנשק, לפי סעיף 144(ב2) בחוק העונשין, תשל""ז – 1977 (להלן: ""החוק"").

מסירת ידיעה כוזבת על עבירת פשע, לפי סעיף 243 סיפא לחוק.

שיבוש הליכי משפט, לפי סעיף 244 לחוק.

בין החודשים יולי 2015 לפברואר 2016 עבדה הנאשמת כמאבטחת בבית ספר יסודי. במסגרת עבודתה קיבלה הנאשמת לחזקתה אקדח 9 מ""מ מסוג תארוס (להלן:""האקדח""), שתי מחסניות וכן 20 כדורים תואמים.

על פי האישום הראשון, בין החודשים אוגוסט 2014 לפברואר 2016, במספר רב של הזדמנויות רכשה הנאשמת ממחמוד צאלוק (להלן:""מחמוד"") סמים מסוכנים מסוג חשיש והרואין לצריכה עצמית. בחלק מההזדמנויות הציע מחמוד לנאשמת כי ירכוש ממנה את האקדח והיא סירבה. ביום 15.2.16, לאחר שאזלו לנאשמת הסמים והחלה לחוש תסמיני גמילה, מתוך מטרה להשיג סכום כסף לרכישת מנות סם נוספות, גמלה בליבה של הנאשמת החלטה למכור את האקדח שברשותה למחמוד. לצורך כך, פנתה הנאשמת למחמוד והציעה לו לרכוש ממנה את האקדח, המחסניות והכדורים תמורת 10,000 ₪. השניים סיכמו ביניהם כי הנאשמת תמכור למחמוד את האקדח תמורת סכום של 8,000 ₪ וכן כמות של סם מסוכן מסוג הרואין. בהמשך נפגשו השניים סמוך למקום מגוריו של מחמוד, שם מסרה לו הנאשמת את האקדח, המחסנית והכדורים ובתמורה שילם לה מחמוד 8,000 ₪ במזומן וכן מסר לה ארבע חבילות של סם מסוג הרואין לצריכתה העצמית.

על פי האישום השני, בהמשך למתואר, ובמטרה להתחמק מעונש, החליטה הנאשמת לרקום סיפור בדים לפיו נפלה קורבן לאירוע שוד במהלכו נגנב ממנה האקדח. ביום 18.2.16, פנתה הנאשמת למעבידה, שי יהושע לוי, ודיווחה על אירוע השוד. בתגובה פנה שי למשטרה באופן מידי ושוטרים רבים החלו בסריקות ובגביית הודעות מעדים שונים במטרה לאתר את מבצע השוד. באותו יום הגיעה הנאשמת לתחנת המשטרה ומסרה בפני חוקר הודעה בה פירטה את אירוע השוד. בהמשך נחקרה הנאשמת פעם נוספת, מספר שעות לאחר מכן, במהלך עדותה זו הודתה כי בדתה מליבה את אירוע השוד וטענה בכזב כי האקדח אבד לה, וזאת במטרה לחפות על מעשיה ומתוך רצון להתחמק מעונש.",25.0,"1. סוג העבירה וחומרתה  
בתיק 1 מדובר בהחזקה בלתי חוקית של נשק ואביזר לנשק – עבירה ""בסיסית"" יחסית בסל עבירות הנשק. בתיק 2 מדובר בסחר בנשק (ס' 144(ב2)) בתוספת מסירת ידיעה כוזבת ושיבוש מהלכי משפט – מכלול חמור בהרבה, עם מדרג ענישה גבוה יותר ומרכיב מובהק של פגיעה בביטחון הציבור ובמערכת אכיפת החוק.  

2. תפקיד הנאשם ומעורבותו  
בתיק 1 תפקיד הנאשמת הוא של מחזיקה/מאחסנת נשק, ללא יוזמה לשימוש בו או למסירתו לאחרים, כלומר מעורבות פסיבית יחסית. בתיק 2 הנאשמת היא היוזמת והמוציאה לפועל של עסקת נשק מלאה, וכן יוזמת תרחיש כוזב לשם התחמקות מאחריות – מעורבות אקטיבית, מתוחכמת ובעלת פן עברייני רב-שכבתי.  

3. שיטת הביצוע (MO)  
בתיק 1 אין ""שיטה"" מיוחדת – החזקת אקדח ומחסניות בבית, ללא אלמנט של תחכום, הסוואה או קשר לעבירות נוספות. בתיק 2 קיימת שיטה מובחנת: ניצול כלי נשק שהופקד בידי הנאשמת מכוח עבודתה, מכירתו לסוחר סמים, ולאחר מכן יצירת סיפור שוד מדומה והפעלת המשטרה לשווא – דפוס פעולה אחר לחלוטין.  

4. נסיבות הליבה  
בתיק 1: אירוע נקודתי, אין אזכור לשימוש בנשק, אין נסיבות מחמירות מיוחדות כמו הפרת אמון תעסוקתית, סחר או שיבוש. בתיק 2: הפרת אמון חמורה כמאבטחת, מכירת נשק תקני לסוחר סמים, מניע של מימון התמכרות, ריבוי הזדמנויות ברכישת סמים, ושיבוש חקירה באמצעות תלונת שווא – צבר נסיבות מחמירות שמעלה מאוד את חומרת המעשה.  

5. ישימות כתקדים  
בית משפט יראה בשני התיקים חלק מאותו ""משפחת"" עבירות נשק, אך יבחין בבירור בין החזקה גרידא לבין סחר וקשירת עבירות נלוות של שיבוש ותלונת שווא. תיק של סחר בנשק והפרת אמון מוסדי בקשר לנשק תורם מעט מאוד להלכה עניינית או למדיניות ענישה לגבי החזקה פסיבית בלבד, ולהיפך – כך שהשימוש ההדדי כתקדים מהותי בענישה יהיה מוגבל מאוד.  

SIMILARITY_SCORE: 25","ok",""
"ME-16-01-31498-921","ME-16-10-9348-780",1,0,0,"על רקע הודאת הנאשם בעובדות, כאמור, הוא הורשע בעבירות של גניבה, לפי סעיף 384 לחוק העונשין תשל""ז-1977 להלן: ""חוק העונשין""); ונשיאה והובלת נשק, לפי סעיף 144(ב) לחוק העונשין.

הנאשם חייל בשירות סדיר בצה""ל ובמועדים הרלוונטיים לכתב האישום שירות כלוחם בגדוד ""נצח יהודה"" בבסיס בנווה יאיר (להלן: ""הבסיס""). ביום 06.01.16 בשעות הערב גנב הנאשם מהבסיס ארבעה רימוני יד/מדוכה מספר 400 ושלושה רימוני יד הלם סינוור M7290 אשר נמצאים בשימוש צה""ל ובכוחם להזיק לאדם בעת פעולתם (להלן: ""הרימונים""), וזאת מתוך כוונה למכרם לשם רווח כספי.

הנאשם החביא את הרימונים שגנב בתיק הגב שלו וביום 07.01.16 בשעות אחר הצהריים, יצא מהבסיס עם התיק ונסע באוטובוס לביתו שבאשדוד.

בסמוך לשעה 20:00 נעצר הנאשם במסגרת פעילות משטרתית ובחיפוש בתיק שנשא עמו נתפסו הרימונים.","הנאשם הורשע על פי הודאתו בעבירה של נשיאת נשק ותחמושת, עבירה לפי סעיפים 144(ב) רישא ו-144(ב) סיפא לחוק העונשין, תשל""ז-1977.

בעובדות כתב האישום נטען כי הנאשם נכנס ביום 4.10.16, לחדר השינה של הוריו, זאת בעקבות ויכוח עם אביו ונטל את רובה הצייד מארון הבגדים (להלן: ""הנשק""), שהוחזק על ידי האב ברישיון ביחד עם קופסת כדורי צייד קליבר 12 מ""מ והמכילה 75 כדורים. הקופסה הייתה מונחת על מדף במחסן הבית (להלן: ""התחמושת""). עוד נטל הנאשם מכיס אביו כסף בסך של 3,500 ₪ ושיק על סך 500 ₪.

בהמשך הניח הנאשם את הנשק והתחמשות ברכב אחותו (להלן: ""הרכב""), ונהג בו עד סמוך לבית חברו מוחמד יונס (להלן: ""מוחמד""), שהצטרף אליו ומשם נסעו שניהם עד לביתו של הקטין פ. י. (להלן: ""הקטין""), המתגורר בערערה ומסרו לו הן את הנשק והן את התחמושת, תוך שהם מבקשים ממנו להשאיר אותם בביתו.

הנאשם המשיך לנסוע ברכב ורק במהלך הלילה אותר על ידי המשטרה באזור קריית גת ונעצר.",40.0,"1. סוג העבירה וחומרתה  
שני התיקים עוסקים בעבירה של נשיאת/הובלת נשק לפי סעיף 144(ב), אך בתיק 1 יש גם הרשעה נפרדת בגניבה (ס' 384), בעוד שבתיק 2 לא יוחסה עבירת גניבה. בתיק 1 מדובר בנשק מלחמתי (רימוני יד, כולל רימוני הלם/סינוור) שנגנבו מצה""ל, דבר שנחשב בדרך כלל לחמור יותר מאקדח/רובה ציד אזרחי שנלקח מבית האב ברישיון.  

2. תפקיד הנאשם ומעורבותו  
בשני המקרים הנאשם הוא הדמות המרכזית, היוזם והמבצע הישיר של נטילת הנשק והובלתו, ללא כפייה או מעורבות שולית. עם זאת, בתיק 1 יש יוזמה עבריינית מובהקת לשם רווח כספי מראש; בתיק 2 הרקע הוא ויכוח משפחתי, והנטילה נראית פחות כתוכנית עבריינית כלכלית ויותר כאקט נסיבתי, גם אם חמור.  

3. שיטת הביצוע (MO)  
תיק 1: ניצול מעמד כחייל לוחם, גישה לבסיס ולאמצעי לחימה צבאיים, גניבה מבסיס צה""ל, הסתרה בתיק ויציאה באוטובוס. תיק 2: נטילת נשק ציד אזרחי מבית ההורים, שימוש ברכב משפחתי, הובלת הנשק לבית חבר קטין והפקדתו אצלו. דפוס הפעולה, הסביבה והאמצעים שונים למדי (צבאי-מבצעי לעומת ביתי-משפחתי).  

4. נסיבות הליבה  
בתיק 1 הכמות והסוג (4 רימוני יד ו-3 רימוני הלם/סינוור) והעובדה שמדובר באמצעי לחימה צבאיים שנגנבו ממקום שירות, עם כוונה מוצהרת למכור לשם רווח, מהווים נסיבות מחמירות מובהקות. בתיק 2 מדובר ברובה ציד אחד ו־75 כדורים, ללא תכנון מכירה אלא העברה לקטין ""לשמור בביתו"", כשמצד שני גם כאן יש נסיבה מחמירה – מסירת נשק ותחמושת לקטין לאחר ויכוח עם האב.  

5. ישימות כתקדים  
לצורכי ענישה בעבירות נשיאת נשק, שני התיקים יכולים לשמש זה ביחס לזה ברמת השוואה כללית (היקף הסיכון הציבורי בנשיאת נשק שלא כדין), אך הדגש השיפוטי בתיק 1 צפוי להיות על גניבת אמל""ח מצה""ל למטרת הפצה, ובתיק 2 על פגיעה בסדר ובביטחון המשפחתי והעברתו לקטין. לכן, רמת הרלוונטיות כ""תקדים ענייני"" היא חלקית בלבד, ולא גבוהה.  

SIMILARITY_SCORE: 40","ok",""
"ME-09-11-7566-913","ME-16-06-50916-362",1,0,0,"הנאשם הורשע על פי הודאתו בכתב האישום, בעבירות לפי סעיף 144(א) רישא+ (ב) רישא + סעיף קטן (ג) לחוק העונשין תשל""ז-1977, קרי, עבירות בנשק.

ביום ה- 05.11.09 בסמוך לשעה 17:00 הנאשם נשא, הוביל והחזיק שלא כדין נשק ברכבו, אקדח תופי webiey, מתחת לריפוד במושב שליד הנהג.","הנאשם הודה בתיק זה בעובדות כתב האישום שתוקן, במסגרת הסדר טיעון בין הצדדים, אשר לא כלל הסדר לעניין העונש והורשע בביצוע העבירות כדלקמן:  נשיאת נשק,  עבירה לפי סעיף 144(ב) רישא  לחוק העונשין, התשל""ז – 1977 (להלן: חוק העונשין), איומים, עבירה לפי סעיף 192  לחוק העונשין, יריות באזור מגורים, עבירה לפי סעיף 340א לחוק העונשין, מעשה פזיזות ורשלנות, עבירה לפי סעיף 338(א)(5) לחוק העונשין, נהיגה בזמן פסילה, עבירה לפי סעיף 67 לפקודת התעבורה תשכ""א – 1961 ונהיגה ללא רישיון נהיגה, עבירה לפי סעיף 10א וסעיף 62(1) לפקודת התעבורה [נוסח חדש],תשכ""א-1961 (להלן: פקודת התעבורה).

בין הנאשם לבין נאסר בסל (להלן: נאסר) ישנה היכרות מוקדמת. בשנת 2002 פקע תוקף רישיון הנהיגה של הנאשם ומאז לא חודש. בתאריך 3.2.15 פסל בית משפט השלום בעכו את הנאשם מלנהוג לתקופה של 24 חודשים, ובמועד הרלוונטי לכתב האישום היה הנאשם פסול מלנהוג. ביום 12.6.16, עובר לשעה 18:25, נסע הנאשם לביתו של אחיו משהור בכפר ג'דידה- מכר (להלן: הבית), כשהוא נוהג ברכב מסוג  סקודה ונושא עמו ברכב נשק מסוג קרל גוסטב, שהוא נשק שסוגל לירות כדור שבכוחו להמית אדם (להלן: הנשק), בלא רשות על פי דין. הנאשם החנה את הרכב ליד הבית, השאיר את הנשק ברכב, ונכנס לתוך הבית. מכתב האישום עולה, כי כעבור זמן קצר הגיע נאסר לבית והחל לשוחח עם הנאשם. במהלך השיחה התלהטו הרוחות. הנאשם אמר לנאסר, כי עכשיו ""נפתח  עניין"" ביניהם. בעקבות הצעקות התגודדו מספר אנשים מחוץ לבית. לאחר כמה דקות, יצאו הנאשם ונאסר מהבית, והנאשם נכנס לרכב. באותה עת היו מספר אנשים מחוץ לבית ואחד מהם אחז באלה. הנאשם נסע מספר מטרים, עצר את הרכב, הוציא את פלג גופו העליון מחלון הנהג, כשהוא מחזיק בנשק וניסה לירות לאזור בו עמדו נאסר וקבוצת האנשים. בהמשך לכך, פתח הנאשם את דלת הנהג, יצא מהרכב, וירה לא פחות משלושה כדורים לאזור בו עמדו נאסר וקבוצת האנשים, בדרך נמהרת שיש בה לסכן חיי אדם או לגרום לו חבלה, ובמטרה להפחיד את הנוכחים. לאחר מכן, נכנס הנאשם חזרה לרכב והמשיך בנסיעתו. מספר אנשים החלו לרוץ אחר הרכב, שאז הנאשם עצר שוב את רכבו וירה מספר כדורים בדרך נמהרת שיש בה לסכן חיי אדם או לגרום חבלה, ובמטרה להפחידם. לאחר מכן המשיך הנאשם בנסיעתו. במעשיו המתוארים לעיל, נשא והוביל הנאשם נשק ותחמושת בלא רשות על פי דין לנשיאתם ולהובלתם, ירה מספר פעמים מנשק חם באזור מגורים ללא הסבר סביר, בדרך נמהרת שיש בה לסכן את חייהם של נאסר וקבוצת האנשים או לגרום להם חבלה, זאת במטרה להפחיד או להקניט אותם. בנוסף, נהג הנאשם ברכב לאחר שהיה ידוע לו שהוא פסול מלקבל או מלהחזיק רישיון נהיגה וללא רישיון נהיגה תקף.",30.0,"1. סוג העבירה וחומרתה  
שני התיקים עוסקים בעבירות נשק לפי סעיף 144, אך בתיק 2 נוסף ""זנב"" חמור של איומים, ירי באזור מגורים, פזיזות ורשלנות ונהיגה בעבירות חמורות, כך שמסגרת החומרה הכוללת שונה מהותית. בתיק 1 מדובר בעבירת החזקה/נשיאה ""יבשה"" ברכב, ללא שימוש או איום, בעוד שבתיק 2 יש שימוש אקטיבי בנשק ויצירת סיכון ממשי לחיי אדם.

2. תפקיד הנאשם ומעורבותו  
בתיק 1 הנאשם הוא מחזיק/נושא נשק באופן פסיבי יחסית – ""נשיאה שקטה"" של אקדח מוסתר ברכב ללא מעשה נוסף. בתיק 2 הנאשם הוא הגורם היוזם והאקטיבי – נושא את הנשק, מוציאו, מכוון ויורה לעבר אנשים בסיטואציה של סכסוך מתלהט, ובכך תפקידו הוא של מבצע עיקרי באירוע אלים.

3. שיטת הביצוע (MO)  
תיק 1: הסתרת אקדח מתחת לריפוד מושב ברכב, ללא הפעלה, ללא אינטראקציה עם צדדים נוספים, דפוס של החזקה מוסתרת. תיק 2: הגעה לבית, השארת נשק ברכב, יציאה לעימות, שימוש ברכב כפלטפורמה לירי, ירי חוזר במספר מוקדים בתוך אזור מגורים – דפוס של ""ירי מהאוטו"" (drive-by חלקי) בהקשר סכסוך.

4. נסיבות הליבה  
בתיק 1 אין ירי, אין איום, אין אינדיקציה לכוונה מיידית לשימוש בנשק, ואין ציון נסיבות מחמירות פרט לעצם ההחזקה ברכב. בתיק 2 קיימות נסיבות מחמירות רבות: נשק חם רציני (קרל גוסטב), מספר רב של יריות לעבר אנשים, באזור מגורים, לצורך הפחדה, תוך נהיגה בזמן פסילה וללא רישיון, וסיכון קונקרטי לחיי אדם – מדרגת חומרה גבוהה בהרבה.

5. ישימות כתקדים  
כתקדים ענישתי, בתי משפט יראו בתיק 2 מדרג חומרה גבוה בהרבה, המתאים לקשת העליונה‑בינונית של ענישה בעבירות נשק בשימוש אקטיבי, בעוד שתיק 1 משויך לקבוצת ה""נשיאה/החזקה ללא שימוש"". ניתן להיעזר בשני התיקים לצורך קביעת עקרונות כלליים בדבר חומרת עבירות נשק, אך השוואה ישירה לצורכי ענישה תהיה מוגבלת מאוד, ובית המשפט יראה אותם כשונים מהותית בנסיבות.  

SIMILARITY_SCORE: 30","ok",""
"ME-20-01-17935-7","SH-23-03-19819-247",2,0,1,"הנאשם הודה בביצוע עבירות של ניסיון להחזקה ונשיאת נשק לפי סעיף 144(א) + 144(ב) רישא בצירוף סעיף 25 לחוק העונשין, התשל""ז-1977 והפרעה לשוטר לפי סעיף 275 לחוק.

על פי האמור בכתב האישום, ביום 29.12.19 בסביבות השעה 22:00 הגיעו שוטרים שהיו בסיור שיגרתי באום אל פחם לאזור של חניון עפר פתוח סמוך לבית הוריו של הנאשם ולציר שכונת ""אלמדינה"". באותה עת שהו בבית הנאשם, אחיו קיס והייתם אג'באריה יחד עם רמי אג'באריה. קיס הבחין ברכב השוטרים ויצא לכיוונו. אחד השוטרים הזדהה בפניו כשוטר ומיד לאחר מכן קיס צעק לעבר הנאשם שהיה בבית שיזרוק דבר מה ולאחר מספר שניות יצאו הייתם ורמי מהבית ואחריהם הנאשם כשהוא נושא בידיו חפץ דימוי תת מקלע מאולתר על חלקיו השונים. השוטר הבחין שהנאשם נושא תת מקלע וקרא לעברו ""משטרה, זרוק את הנשק""  אך הנאשם לא ציית עד שהשוטר ירה באוויר באקדחו ואז הוא זרק את הנשק ונמלט מאחורי הבית. בהמשך, נתפסו הנאשם והחפץ.","הנאשם הורשע ביום 22.5.23, על פי הודאתו בעובדות כתב האישום המתוקן, בעבירה של החזקת נשק  בניגוד לסעיפים 144 (א) רישא + סיפא לחוק העונשין התשל""ז-1977.

על פי עובדות כתב האישום המתוקן, בתאריך 15.2.23 בסמוך לשעה 13:04 במסגרת חיפוש שנערך בביתו של הנאשם ברהט, נתפסו:

נשק דמוי רובה סער W300326 מסוג M-16 – רובה אויר שהוסב לירי תחמושת בקליבר 5.56X45 - עטוף בשקית שחורה מעל ארון, שהיה מעל מקרר המטבח בבית.

שלוש מחסניות המכילות כמה עשרות כדורי 5.56 מ""מ.",65.0,"1. סוג העבירה וחומרתה  
בשני התיקים מדובר בעבירות נשק לפי סעיף 144 – דמיון מהותי בתחום הנורמטיבי (החזקה בלתי חוקית של נשק חם). בתיק 1 יש ניסיון להחזקה ונשיאה + הפרעה לשוטר; בתיק 2 החזקת נשק מלאה + תחמושת, ללא נשיאה. חומרתית – בתיק 1 יש נשיאה בפועל ועימות עם שוטר המגבירים מסוכנות, אך מדובר בניסיון; בתיק 2 יש נשק מוסב תקני + מחסניות וכמות תחמושת, מה שמחמיר את חומרת ההחזקה הסטטית.

2. תפקיד הנאשם ומעורבותו  
בשני התיקים הנאשמים פועלים כנאשמים עיקריים כמחזיקי הנשק, לא כשליחים או דמויות שוליות. בתיק 1 הנאשם במעורבות אקטיבית מאוד – יוצא עם הנשק ביד, מתעלם מהוראת שוטר, משליך ונמלט; בתיק 2 המעורבות היא בעיקר כ""מחסן"" ומחזיק פסיבי של נשק מוסתר בבית.

3. שיטת הביצוע (MO)  
תיק 1 מתאפיין בנשיאה פיזית של תת-מקלע מאולתר מחוץ לבית, בעיתוי לילי, עם תגובה מיידית לנוכחות משטרה (אי ציות, זריקה, בריחה). תיק 2 מתאפיין בהסתרת רובה מוסב ותחמושת בשקית מעל ארון במטבח – דפוס של אחסון והסתרה, ללא אינטראקציה עם המשטרה עד לביצוע חיפוש. לפיכך, דפוסי הפעולה שונים: ""נשיאה ועימות"" לעומת ""החזקה והסתרה"".

4. נסיבות הליבה  
בשני המקרים מדובר בנשק מאולתר/מוסב לירי תחמושת חיה – דמיון משמעותי מסוג הנשק (לא אמצעי הדף חלש או צעצוע). בתיק 2 יש תוספת מהותית של שלוש מחסניות עם עשרות כדורי 5.56, המעצימה מאוד את הפוטנציאל המבצעי; בתיק 1 אין אזכור לתחמושת, אך יש נשיאה בפועל, אי-ציות לשוטר, ירי אזהרה מצד השוטר ובריחה – נסיבות מחמירות של מסוכנות מיידית לציבור ולעוסקים באכיפה. כך שמדובר באותן ""עבירות ליבה"" של נשק, אך עם דגשי חומרה שונים (כמות ונשק איכותי לעומת נשיאה ועימות).

5. ישימות כתקדים  
בתי משפט יראו בשני התיקים חלק מאותה משפחת עבירות (החזקה בלתי חוקית של נשק חם מוסב/מאולתר), ולכן יש רלוונטיות עניינית ביניהם לצורכי מדיניות ענישה כללית. יחד עם זאת, ההבדלים – ניסיון לעומת החזקה מלאה, נשיאה ועימות עם שוטר לעומת אחסון בבית עם תחמושת רבה – מחייבים הבחנות ברמת החומרה ובסוג ההשוואה, ולא ניתן לראות בהם ""מקרה מקביל"" כמעט זהה. לכן תיק אחד יכול לשמש תקדים רלוונטי למשנהו במידה בינונית-גבוהה, אך לא כמסגרת ענישה זהה.

SIMILARITY_SCORE: 65","ok",""
"SH-17-08-47445-166","SH-16-11-7544-55",3,1,1,"הנאשם שלפני נותן את הדין בגין עבירה של אחזקת נשק שלא כדין, בניגוד לסעיף 144 (א) רישא לחוק העונשין, תשל""ז – 1977.

בהתאם לעובדות כתב האישום המתוקן ת/1, אשר הוגש במסגרת הסדר טיעון, נתפש הנאשם, בתאריך 09.08.2018, מחזיק, בביתו, בפזורה סביב הישוב כסיפה, אקדח חצי אוטומטי מסוג FN וכן ""חפץ דמוי תת מקלע מאולתר"", כל זאת – שלא כדין.","הנאשם הורשע על פי הודאתו בעבירה של החזקת נשק שלא כדין בהתאם להוראת סעיף 144(א) רישא וסיפא לחוק העונשין.

על פי המתואר בעובדות כתב האישום, בתאריך 26.10.16, עת שנסע ברכבו במחלף להב-שומריה שבכביש 6 לכוון צפון, הבחין השוטר מיכאל אדרי (להלן: ""מיכאל"") בנאשם עומד מאחורי ארונות השקיה הצמודים לנתיבי הנסיעה. בהגיעו לנאשם, הבחין מיכאל כי הנאשם מחזיק בנשק מסוג רובה תת מקלע מאולתר ומחסנית המכילה 10 קליעים בקוטר 9 מ""מ. במעשיו האמורים החזיק הנאשם בנשק ובאבזר תחמושת ללא רשות על פי דין להחזיקם.",70.0,"1. סוג העבירה וחומרתה  
בשני התיקים מדובר בעבירה זהה של החזקת נשק שלא כדין לפי סעיף 144(א) לחוק העונשין, כשהתיק השני כולל גם תחמושת (סיפא), מה שמוסיף נדבך חומרה. בשניהם מדובר בנשק חם, לרבות נשק אוטומטי/מאולתר, כך שרמת החומרה העקרונית דומה ונמצאת ברף הבינוני-גבוה של עבירות החזקת נשק.

2. תפקיד הנאשם ומעורבותו  
בשני המקרים הנאשם הוא ""מחזיק"" ישיר של הנשק, לא סוחר, לא מתווך ולא חלק מרשת – התפקיד המהותי זהה. בשניהם מעורבות אקטיבית בהחזקה פיזית של הנשק, ללא הצגת נסיבות שמצמצמות את מעמדו (כגון שליח תמים).

3. שיטת הביצוע (MO)  
בתיק 1 ההחזקה היא בבית, בסביבה מוכרת ובעלת אופי ""סטטי""; בתיק 2 – החזקה בשטח פתוח, צמוד לכביש 6, במהלך תנועה, מה שמעיד על מוכנות פוטנציאלית לשימוש או להעברה. הדפוס הבסיסי (""החזקה פיזית לא חוקית של נשק מאולתר/אוטומטי"") דומה, אבל אופן ההחזקה (בבית מול מרחב ציבורי, נייד) שונה.

4. נסיבות הליבה  
בתיק 1 הוחזקו בבית אקדח חצי אוטומטי וחפץ דמוי תת-מקלע, ללא ציון תחמושת, מה שמעיד על כמות נשק גבוהה יותר אך אולי פחות ""מיידיות"" לשימוש. בתיק 2 מדובר בתת-מקלע מאולתר עם מחסנית ובה 10 כדורים, ובמיקום רגיש – סמוך לנתיבי נסיעה בכביש מרכזי – מה שמחמיר את פוטנציאל הסיכון לציבור. מכלול הנסיבות מציב את שני התיקים ברמת חומרה דומה, עם נטייה לראות בתיק 2 נסיבות מחמירות יותר נוכח התחמושת והמיקום.

5. ישימות כתקדים  
שני התיקים רלוונטיים זה לזה לצורכי ענישה כפסיקה בעבירת החזקת נשק חם (חלקו מאולתר) שלא כדין, וייתכן שבית משפט ייעזר באחד כדי לקבוע מתחם ענישה בשני. עם זאת, ההבדל בין החזקה ביתית לבין החזקה מזוינת בשטח ציבורי ובסמוך לכביש מהיר, וכן קיומה של תחמושת בתיק 2 לעומת שני כלי נשק ללא תחמושת בתיק 1, יצריך התאמות ולא יאפשר הקבלה מלאה.

SIMILARITY_SCORE: 70","ok",""
"ME-16-11-13999-863","m01008097-376",1,0,0,"הנאשם הורשע על פי הודאתו בעבירות בנשק (החזקה, נשיאה והובלה) לפי סעיפים 144(א) רישא וסיפא + 144(ב) רישא וסיפא לחוק העונשין, התשל""ז – 1977 (להלן: ""חוק העונשין"").

בהתאם לעובדות כתב האישום המתוקן אשר הוגש במסגרת הסדר טיעון, ביום 26.10.16 סמוך לשעה 20.00 נסע הנאשם מסכנין לאזור הישוב ראמה, ברכב מאזדה, בו נהג חברו זבידאת סלאמה (להלן: ""סלאמה""). הנאשם ישב ברכב ליד סלאמה, כשהוא מחזיק, נושא ומוביל, בלא רשות על פי דין, אקדח חצי אוטומטי מסוג ""STAR"", קליבר 9 מ""מ פאראבלום (להלן: ""האקדח""), ובתוכו מחסנית עם כדורים לאקדח וכן החזיק, נשא והוביל מחסנית נוספת עם כדורים לאקדח (להלן: ""המחסניות והכדורים""). בהמשך, התקרבו הנאשם וסלאמה עם הרכב למחסום משטרתי שהוצב בסמוך לצומת ראמה. בהבחינם בשוטר שעמד ליד המחסום ואותת להם לעצור את הרכב, פנו הנאשם וסלאמה עם הרכב לתוך תחנת דלק סמוכה והמשיכו בנסיעה לכיוון היציאה מתחנת הדלק. בהמשך נעצרו הנאשם וסלאמה על ידי השוטרים. במעשיו המתוארים לעיל, הנאשם החזיק, נשא והוביל נשק, תחמושת ואביזרים לנשק, בלא רשות על פי דין להחזקתם, לנשיאתם ולהובלתם.","הנאשם הורשע עפ""י הודאתו בכך כי בשעות הערב של 13.9.01 יצא מדירתו ברח' מבצע יואב שבבאר שבע, כשהוא שיכור ונושא רימון רסס בידיו, ירד במדרגות בנין מגוריו, יצא לרחבת החניה, שלף את ניצרת הרימון והטיל את הרימון ליד רחבת החניה.

הרימון התפוצץ – ולא נגרמה פגיעה כלשהי לאדם או לרכוש.

בתשובתו לכתב האישום הודה הנאשם בביצוע המעשים הנ""ל והוסיף כי בהיותו שיכור ומיד לאחר ששלף את ניצרת הרימון, ניסה להשיב את הניצרה למקומה ולמנוע את התפוצצות הרימון – ורק משלא הצליח בכך הטיל את הרימון למקום שומם מאדם – כדי להימנע מפגיעה בעוברי אורח – ואמנם למרבית המזל – איש לא נפגע.

התביעה הודיעה לביהמ""ש כי לא תביא ראיות לסתור תיאור דברים זה של הנאשם.

לאור הודאתו זו הורשע הנאשם בביצוע המעשים הנ""ל-המהווים עבירה לפי ס""ק 144 (ב) לחוק העונשין, ועבירת מעשה פזיזות ורשלנות כהגדרתם בס""ק 338 (5) לחוק העונשין.

עוד הורשע הנאשם עפ""י הודאתו באישום השני שיוחס לו בכתב האישום – כי במועד הנ""ל החזיק בדירתו כדורי רובה ושתי מחסניות – עבירה לפי ס""ק 144 (א) לחוק העונשין.",40.0,"1. סוג העבירה וחומרתה  
שני התיקים עוסקים בעבירות נשק לפי סעיף 144 לחוק העונשין (החזקה ונשיאה/הובלה). עם זאת, בתיק 2 נוסף רכיב מהותי של ""מעשה פזיזות ורשלנות"" (ס' 338(5)) ושימוש בפועל ברימון רסס שהתפוצץ – מה שמעלה משמעותית את מדרג החומרה ביחס לתיק 1, שבו מדובר בהחזקה/נשיאה/הובלה בלבד ללא שימוש.

2. תפקיד הנאשם ומעורבותו  
בשני התיקים הנאשמים הם מבצעי העבירה הראשיים, ולא ""שליחים"" או חוליות משניות, והם אלה שאוחזים בפועל בנשק. עם זאת, בתיק 1 מדובר במעורבות ""סטטית"" יחסית – החזקה והובלה של אקדח בזמן נסיעה, לעומת מעורבות אקטיבית ורשלנית בתיק 2 – שליפת ניצרת רימון, ניסיון כושל לנטרל אותו והטלתו במקום פתוח.

3. שיטת הביצוע (MO)  
תיק 1 מתאפיין בהובלת אקדח ומחסניות ברכב, תוך ניסיון התחמקות ממחסום משטרתי – דפוס טיפוסי של החזקת נשק בלתי חוקי בהקשר פלילי. תיק 2 מתאפיין בנשיאת רימון רסס כשהנאשם שיכור, שליפת הניצרה בתוך בניין מגורים והטלת הרימון בחצר – דפוס התנהגות מסוכן ובלתי מתוכנן, שונה מהותית מהעברה דיסקרטית של נשק ברכב.

4. נסיבות הליבה  
בתיק 1 מדובר באקדח 9 מ""מ ומחסניות – נשק חם ""קלאסי"" לעבירות נשק, ללא שימוש בפועל, אך עם ניסיון התחמקות משטרה (נסיבה מחמירה מסוימת). בתיק 2 מדובר ברימון רסס – אמצעי לחימה צבאי התקפי, שהופעל בפועל בסביבה אזרחית, עם פוטנציאל קטלני גבוה; מנגד, קיימת נסיבה מקלה מסוימת – ניסיון להחזיר את הניצרה והטלת הרימון למקום שומם. הפער במידת הסיכון הממשי לחיי אדם וקהלי היעד (שטח מגורים אזרחי לעומת החזקה ""לוגיסטית"") משמעותי.

5. ישימות כתקדים  
בית משפט יראה בשני התיקים כעוסקים באותו ""משפחה נורמטיבית"" של עבירות נשק, אך השימוש בפועל ברימון בתיק 2 יבדל אותו באופן מהותי מתיק של החזקה/נשיאה בלבד כמו בתיק 1. לפיכך, תיק 2 יכול לשמש בעיקר כתקדים כללי לדיון בחומרת נשק ואמצעי לחימה וסכנתם, אך הוא פחות מתאים כתקדים ישיר לקביעת רמת ענישה בתיק 1; הדמיון לענישה קונקרטית מוגבל.

SIMILARITY_SCORE: 40","ok",""
"ME-16-06-50916-362","ME-15-03-29911-554",3,1,1,"הנאשם הודה בתיק זה בעובדות כתב האישום שתוקן, במסגרת הסדר טיעון בין הצדדים, אשר לא כלל הסדר לעניין העונש והורשע בביצוע העבירות כדלקמן:  נשיאת נשק,  עבירה לפי סעיף 144(ב) רישא  לחוק העונשין, התשל""ז – 1977 (להלן: חוק העונשין), איומים, עבירה לפי סעיף 192  לחוק העונשין, יריות באזור מגורים, עבירה לפי סעיף 340א לחוק העונשין, מעשה פזיזות ורשלנות, עבירה לפי סעיף 338(א)(5) לחוק העונשין, נהיגה בזמן פסילה, עבירה לפי סעיף 67 לפקודת התעבורה תשכ""א – 1961 ונהיגה ללא רישיון נהיגה, עבירה לפי סעיף 10א וסעיף 62(1) לפקודת התעבורה [נוסח חדש],תשכ""א-1961 (להלן: פקודת התעבורה).

בין הנאשם לבין נאסר בסל (להלן: נאסר) ישנה היכרות מוקדמת. בשנת 2002 פקע תוקף רישיון הנהיגה של הנאשם ומאז לא חודש. בתאריך 3.2.15 פסל בית משפט השלום בעכו את הנאשם מלנהוג לתקופה של 24 חודשים, ובמועד הרלוונטי לכתב האישום היה הנאשם פסול מלנהוג. ביום 12.6.16, עובר לשעה 18:25, נסע הנאשם לביתו של אחיו משהור בכפר ג'דידה- מכר (להלן: הבית), כשהוא נוהג ברכב מסוג  סקודה ונושא עמו ברכב נשק מסוג קרל גוסטב, שהוא נשק שסוגל לירות כדור שבכוחו להמית אדם (להלן: הנשק), בלא רשות על פי דין. הנאשם החנה את הרכב ליד הבית, השאיר את הנשק ברכב, ונכנס לתוך הבית. מכתב האישום עולה, כי כעבור זמן קצר הגיע נאסר לבית והחל לשוחח עם הנאשם. במהלך השיחה התלהטו הרוחות. הנאשם אמר לנאסר, כי עכשיו ""נפתח  עניין"" ביניהם. בעקבות הצעקות התגודדו מספר אנשים מחוץ לבית. לאחר כמה דקות, יצאו הנאשם ונאסר מהבית, והנאשם נכנס לרכב. באותה עת היו מספר אנשים מחוץ לבית ואחד מהם אחז באלה. הנאשם נסע מספר מטרים, עצר את הרכב, הוציא את פלג גופו העליון מחלון הנהג, כשהוא מחזיק בנשק וניסה לירות לאזור בו עמדו נאסר וקבוצת האנשים. בהמשך לכך, פתח הנאשם את דלת הנהג, יצא מהרכב, וירה לא פחות משלושה כדורים לאזור בו עמדו נאסר וקבוצת האנשים, בדרך נמהרת שיש בה לסכן חיי אדם או לגרום לו חבלה, ובמטרה להפחיד את הנוכחים. לאחר מכן, נכנס הנאשם חזרה לרכב והמשיך בנסיעתו. מספר אנשים החלו לרוץ אחר הרכב, שאז הנאשם עצר שוב את רכבו וירה מספר כדורים בדרך נמהרת שיש בה לסכן חיי אדם או לגרום חבלה, ובמטרה להפחידם. לאחר מכן המשיך הנאשם בנסיעתו. במעשיו המתוארים לעיל, נשא והוביל הנאשם נשק ותחמושת בלא רשות על פי דין לנשיאתם ולהובלתם, ירה מספר פעמים מנשק חם באזור מגורים ללא הסבר סביר, בדרך נמהרת שיש בה לסכן את חייהם של נאסר וקבוצת האנשים או לגרום להם חבלה, זאת במטרה להפחיד או להקניט אותם. בנוסף, נהג הנאשם ברכב לאחר שהיה ידוע לו שהוא פסול מלקבל או מלהחזיק רישיון נהיגה וללא רישיון נהיגה תקף.","הנאשם הורשע ביום 2.7.15, על פי הודאתו בעובדות כתב האישום, בביצוע עבירות בנשק, עבירות  לפי סעיף 144(א) רישא וסיפא וסעיף 144(ב) רישא וסיפא לחוק העונשין, התשל""ז- 1977 (להלן: ""חוק העונשין"").

בכתב האישום נגד הנאשם נטען, כדלקמן: ביום 5.3.15 בשעות הערב בפוריידיס, החזיק ונשא הנאשם, בלא רשות על פי דין, אקדח מסוג ""יריחו"" (להלן: ""האקדח"") ובו מחסנית התואמת לאקדח שהכילה כדורים  (להלן: ""הנשק""). באותו מועד, סמוך לשעה 19:00 , ירה הנאשם ,באמצעות האקדח, מספר רב של כדורים בשטח חווה שבבעלותו, הממוקמת בשדות פוריידיס. בהמשך, כשהוא מחזיק ונושא בנשק שלא כדין, עזב הנאשם את החווה ברכב יחד עם אדם נוסף שזהותו אינה ידועה למאשימה, כאשר האחר נוהג ברכב והנאשם יושב לצדו. הנאשם והאחר נסעו ברחבי פוריידיס לכיוון ביתו של הנאשם ובמהלך הנסיעה, בשכונות מגורים, ירה הנאשם, באמצעות האקדח, מספר רב של כדורים. סמוך לשעה 19:14,ליד מגרש בית הספר התיכון בפוריידיס, הנמצא בתוך שכונת מגורים, עקפו הנאשם והאחר ברכבם רכב אחר שנסע לפניהם בכביש. מיד לאחר מכן ותוך כדי נסיעה, ירה הנאשם, באמצעות האקדח, שני כדורים נוספים מתוך הרכב. בהמשך למתואר לעיל, חזר הנאשם לחווה וממנה המשיך למקום סמוך, כשהוא מחזיק ונושא שלא כדין באקדח דרוך ומוכן לירי ובתוכו מחסנית ובה 12 כדורים. כמו כן, החזיק הנאשם מחסנית נוספת התואמת לאקדח, קופסא המכילה 20 כדורים נוספים ו- 24 כדורים נוספים המהווים תחמושת ואביזר של כלי נשק שבכוחם להמית אדם.",72.0,"1. סוג העבירה וחומרתה  
שני התיקים עוסקים בעבירות בנשק: החזקת/נשיאת נשק וירי מנשק חם, ללא רישיון, ובסביבה שיש בה סיכון ממשי לציבור. בתיק 1 נוספו עבירות נלוות (איומים, ירי באזור מגורים, מעשה פזיזות ורשלנות, עבירות תעבורה), ואילו בתיק 2 הריכוז הוא בעבירות נשק עם כמות תחמושת משמעותית וירי רב – כך שהחומרה הכוללת דומה, אך מתבטאת בצורה קצת שונה (בתיק 1 שילוב של אלימות ספציפית ותעבורה, בתיק 2 דגש על היקף ועוצמת עבירות הנשק).

2. תפקיד הנאשם ומעורבותו  
בשני התיקים הנאשם הוא היורה ומחזיק הנשק הבלעדי, ואין מדובר בשליח או ""מחזיק פאסיבי"". בתיק 1 הנאשם גם הנהג וגם היוזם של ההסלמה מול אדם ספציפי; בתיק 2 הנאשם ""רוכב"" ברכב שאדם אחר נוהג בו, אך הוא המוציא לפועל של הירי בכל שלבי האירוע – כך שמעורבותו הפעילה בעבירות הנשק דומה מאוד.

3. שיטת הביצוע (MO)  
בשני התיקים מדובר בנשק חם טעון, בירי חוזר ונשנה, בחלקו מתוך רכב נוסע ובאזורי מגורים. בתיק 1 הירי נובע מסכסוך קונקרטי ומופנה לאזור שבו עומד אדם מסוים וקבוצת אנשים; בתיק 2 דפוס של ""מסע ירי"" אקראי יותר – תחילה בחווה, לאחר מכן לאורך נסיעה בשכונות מגורים וליד בית ספר – אך בשניהם קיים דפוס של שימוש בנשק חם במרחב ציבורי בניגוד לחוק, כשהירי עצמו הוא חלק מרכזי בעבירה.

4. נסיבות הליבה  
בשני המקרים: נשק תקין, תחמושת חיה, ירי באזורי מגורים, בשעות הערב, עם פוטנציאל ממשי לפגיעה בחיי אדם, וללא פציעה בפועל. בתיק 1 יש נסיבות מחמירות ספציפיות של סכסוך אישי, איומים, ירי לעבר קבוצה מוגדרת ועבירות תעבורה בזמן פסילה; בתיק 2 יש החמרה אחרת – כמות גדולה של תחמושת, ירי במספר מוקדים, ""מספר רב של כדורים"" ובכלל זה בירי ליד בית ספר – נסיבות שמחזקות את מסוכנותו לציבור.

5. ישימות כתקדים  
לצורכי ענישה בעבירות נשק הכוללות החזקה/נשיאה לא חוקית וירי באזורי מגורים, בתי המשפט צפויים לראות בתיקים אלה תיקים מאותו ""משפחה נורמטיבית"" – שימוש בנשק חם במרחב ציבורי באופן המסכן חיי אדם. עם זאת, לצורך גזירת הדין יהיה צורך להדגיש את הבדלי הדגשים (סכסוך אישי ונהיגה בפסילה לעומת מסע ירי רחב והיקף התחמושת), ולכן התיק יכול לשמש תקדים רלוונטי ומשווה, אך לא ""תואם מושלם"" לעונש.

SIMILARITY_SCORE: 72","ok",""
"SH-16-11-49772-358","ME-17-02-54432-484",1,0,0,"הנאשם הורשע על פי הודאתו בביצוע עבירות של החזקת נשק ותחמושת בהתאם לסעיף 144(א) רישא וסיפא לחוק העונשין, התשל""ז – 1977, וגניבה בהתאם לסעיף 383(א)(1) וסעיף 384 לחוק העונשין, התשל""ז- 1977.

בתאריך  18.11.16 בסמוך לשעה 13:30, נכנס הנאשם לתא שירותים בחנות ""לארג' קפה"" ברחוב רוטשילד 62 בכפר סבא ונטל משם אקדח שנשכח בשגגה במקום על ידי אחר. הנאשם הסליק את האקדח באדנית עץ בסמטה הסמוכה לרחוב וייצמן 113 בכפר סבא.","הנאשם, יליד 1996, הורשע על פי הודאתו בעובדות כתב האישום המתוקן שסומן באות א', במספר עבירות של החזקה ונשיאת נשק, לפי סעיפים 144(א) רישא וסיפא ו- 144(ב) רישא וסיפא לחוק העונשין, תשל""ז-1977 (להלן: ""חוק העונשין"").

במסגרת הסדר טיעון, הוגש כתב אישום מתוקן בעובדותיו הודה הנאשם והורשע בעבירות המפורטות לעיל.

הנאשם מתגורר בביתו שנמצא בכפר קאסם (להלן: ""הבית"").

סמוך לפני יום 22.02.16 באופן שאינו ידוע למאשימה, הנאשם השיג אקדח מסוג ברטה מס.ד 	82233 (להלן: ""האקדח"") ביחד עם מחסנית תואמת שבה 7 כדורים 0.22 מ""מ (להלן: 	""המחסנית""). האקדח הינו כלי שסוגל לירות כדור שבכוחו להמית אדם.

מאז ועד יום 16.02.17, הנאשם החזיק באקדח ובמחסנית סמוך לביתו ובמשך מספר חודשים עד ליום 16.02.17 נשא אותם פעמים רבות מאוד, למקומות אליהם הלך או נסע.

ביום 16.02.17, בשעות הצהריים, הנאשם נסע מכפר קאסם אל נהריה, ברכב מסוג מאזדה (להלן: ""הרכב""), בו נהג חברו אחמד עיסא כשלנסיעה הצטרף גם עותמאן עיסא ומגארי יאסין. במהלך הנסיעה הנאשם החזיק באקדח ובמחסנית ונשא אותם עמו.

באותו יום, סמוך לפני השעה 16:00, בצומת הרחובות הגעתון והרצל בנהריה, שוטרים עצרו את הרכב לבדיקה. באותה העת, הנאשם אחז בידו את האקדח כשהוא טעון במחסנית ובה הכדורים ומשהבחין בשוטרים הכניס את האקדח הטעון לתחתוניו. מיד לאחר מכן, האקדח והמחסנית נתפסו על ידי המשטרה.",40.0,"1. סוג העבירה וחומרתה  
בשני התיקים מדובר בעבירות לפי סעיף 144(א) – החזקת נשק ותחמושת, שזה כן אותו “סוג” עבירה. עם זאת, בתיק 2 יש גם עבירות לפי סעיף 144(ב) (נשיאת נשק) וכן החזקה ממושכת ונשיאת אקדח טעון, בעוד שבתיק 1 מדובר באירוע נקודתי, בצירוף עבירת גניבה – כך שתיק 2 חמור באופן מהותי יותר בתחום הנשק.

2. תפקיד הנאשם ומעורבותו  
בתיק 1 הנאשם הוא ""מנצל הזדמנות"" – מוצא אקדח שנשכח, נוטל אותו וגונב/מסליק אותו; אין תיאור של השגה יזומה של הנשק או נשיאתו לאורך זמן. בתיק 2 הנאשם הוא מחזיק ונושא יזום וקבוע של נשק – השיג את האקדח, החזיק בו חודשים רבים ונשא אותו פעמים רבות, כולל טעון, מה שמעמיד אותו כעושה מרכזי עם מעורבות פעילה ומתמשכת.

3. שיטת הביצוע (MO)  
בתיק 1 דפוס הביצוע הוא חד‑פעמי, מזדמן: נטילת נשק שנשכח בשירותים והסלקתו בעציץ באזור סמוך. בתיק 2 דפוס הביצוע שיטתי ומתמשך: השגת אקדח, החזקתו בבית וסמוך לו, נשיאתו הרבות, נשיאתו הנסיעתית ברכב והסתרתו בתחתונים בעת מפגש עם המשטרה – MO שונה במהות (מתמשך, ""נשק צמוד"") לעומת ""גניבה והסלקה"" חד‑פעמית.

4. נסיבות הליבה  
בשני המקרים מדובר באקדח אחד ללא שימוש בפועל או ירי, וללא תיאור של תכנון פגיעה ספציפית, וזה יוצר דמיון מסוים ברמת ""היעדר שימוש התקפי"". עם זאת, בתיק 2 יש החזקה ממושכת, נשיאת נשק טעון בציבור, והסתרה אקטיבית מהמשטרה – נסיבות מחמירות משמעותית ביחס לתיק 1, שבו ההחזקה קצרה, לא נטען שהאקדח היה טעון, והעיקר הוא גניבה/הסלקה ולא נשיאת נשק שוטפת.

5. ישימות כתקדים  
בית משפט עשוי לראות בשני התיקים חלק מאותה ""משפחת"" עבירות של החזקת אקדח ללא שימוש, ולכן תיק 1 יכול לשמש לכל היותר כנקודת ייחוס כללית לרמת ענישה בעבירת החזקת נשק ללא נסיבות ביטחוניות וללא שימוש. יחד עם זאת, בשל ההבדל המהותי במשך ובאופי ההחזקה (מזדמנת מול מתמשכת ונשיאת נשק טעון), תיק 1 איננו תקדים חזק או ישיר לענישה בתיק 2, ורלוונטיותו כתקדים מוגבלת.

SIMILARITY_SCORE: 40","ok",""
"ME-14-02-51828-88","ME-14-03-48488-922",1,0,0,"בישיבת יום 17.6.14, הודיעו הצדדים, כי הגיעו להסדר טיעון, במסגרתו הוגש כנגד הנאשם כתב אישום מתוקן (סומן ""א""). הנאשם הודה בכתב האישום המתוקן והורשע, על פיו, בעבירות בנשק (נשיאה והובלה) – עבירה לפי סעיף 144(ב) רישא לחוק העונשין, התשל""ז-1977.

על פי עובדות כתב האישום, הוביל הנאשם ונשא נשק בלא רשות על פי דין, בכך שביום 19.2.14 בסמוך לשעה 23:12 לערך, נהג הנאשם ברכב מסוג רנו מגאן, מ.ר. 98-057-36 בכביש הכניסה לכפר חורפיש, כשברשותו שני רובי צייד מאולתרים, שסוגלו לירות כדור שבכוחו להמית אדם, בלא רשות על פי דין.","הנאשם הורשע עפ""י הודאתו, במסגרת הסדר טיעון, בביצוע עבירות של היזק בזדון בחומר נפיץ, החזקת נשק ונשיאת נשק- עבירות לפי סעיפים 454, 144(א) רישא ו- 144(ב) רישא לחוק העונשין התשל""ז- 1977.

על פי עובדות כתב האישום המתוקן בהן הודה הנאשם הוא ייצר סמוך לתאריך 4.1.14 מטען חבלה מצינור מתכת הסגור בשני צדדיו שבתוכו חומר נפיץ, פתיל ו-47 קליעי נק""ל, וזאת  באופן שתוכנן כך שיגרום למותו של אדם עם התפוצצותו.

בתאריך 4.1.2014 הגיע הנאשם למקום בו חנה רכבם של המתלוננים - יורם וגיל כהן, ברחוב מוהליבר 38 בת""א, הטמין את המטען מתחת למושב הנהג, הצית את הפתיל, ונמלט ממקום האירוע.

כתוצאה ממעשיו של הנאשם התפוצץ המטען וגרם נזק לתחתית וכסא נהג הרכב ונזקים לסביבה במרחק של כ-10 מטר ממקום חנית הרכב.

הנאשם אף הורשע על פי הודאתו, כי בתאריך 25.2.2014 החזיק בביתו מכשיר טלפון נייד המשמש בין היתר כמערכת הפעלה במטעני חבלה מאולתרים.",25.0,"1. סוג העבירה וחומרתה  
בשני התיקים יש עבירות נשק לפי סעיף 144 לחוק העונשין, כך שיש חפיפה מסוימת בסיווג המשפטי. עם זאת, בתיק 2 מדובר גם ב""היזק בזדון בחומר נפיץ"" ובהכנת מטען שנועד לגרום למוות, מה שמקפיץ את רמת החומרה לרף הגבוה ביותר (סמוך לניסיון רצח/פעילות חבלנית), לעומת תיק 1 שעוסק בהובלה ונשיאה בלבד ללא שימוש.  

2. תפקיד הנאשם ומעורבותו  
בתיק 1 תפקיד הנאשם הוא של מוביל/נושא נשק ברכב – ללא תיאור של יוזמה לשימוש, תכנון פעולה התקפית או זיקה ישירה לאירוע תקיפה. בתיק 2 הנאשם הוא היוזם והמוציא לפועל: מייצר את המטען, מטמין אותו ברכב הקורבנות, מצית את הפתיל וגורם לפיצוץ בפועל – מעורבות מלאה ופעילה.  

3. שיטת הביצוע (MO)  
בתיק 1 השיטה היא החזקת שני רובי ציד מאולתרים ברכב, בזמן נהיגה, ללא תיאור של מנגנוני הפעלה מיוחדים או תחכום מעבר לעצם האלתור של הנשק. בתיק 2 השיטה כוללת ייצור מטען צינור עם חומר נפץ ושב""שים, בחירת יעד ספציפי, הטמנה מתחת למושב נהג, הדלקת פתיל ושימוש גם באמצעי הפעלה טלפוני – דפוס טרוריסטי/עברייני מתוכנן ומורכב בהרבה.  

4. נסיבות הליבה  
בתיק 1: נשק מאולתר שסוגל להמית, אך ללא שימוש, ללא נפגעים, ללא תיאור של תכנון מוקדם לפגיעה במאן דהוא; הנסיבה המרכזית היא עצם ההחזקה וההובלה ללא רישיון. בתיק 2: מטען שנועד מלכתחילה לגרום למוות, פיצוץ שהתרחש בפועל, נזק משמעותי לרכב ולסביבה, סיכון חיי אדם בסביבת הפיצוץ, והחזקת אמצעי נוסף למטעני חבלה – מכלול נסיבות מחמירות באופן קיצוני.  

5. ישימות כתקדים  
לצורכי ענישה, בתי המשפט יראו בשני התיקים חלק מאותה ""משפחת"" עבירות נשק, כך שייתכן שימוש כללי בהשוואת רמות חומרה בסקאלה של עבירות נשק (החזקה בלבד לעומת שימוש קטלני). עם זאת, תיק 2 שייך לקטגוריה מהותית אחרת – שימוש חבלני/אלים בנשק – ולכן משמעותו כתקדים ענייני לתיק 1 (ולהפך) מוגבלת מאוד, ויעיל יותר רק לציון קצה עליון של חומרה, לא כתקדים דומה.  

SIMILARITY_SCORE: 25","ok",""
"ME-14-12-6904-57","ME-18-04-19642-504",1,0,0,"הנאשם 1, אוסיד כבהא (להלן: ""הנאשם"") הורשע, על יסוד הודאתו, בעבירות של נשיאה והובלת נשק, לפי סעיף 144(ב) לחוק העונשין, התשל""ז-1977 (להלן: ""החוק"") והחזקת סם לצריכה עצמית, לפי סעיף 7(א) לפקודת הסמים המסוכנים, התשל""ג-1973.

בתאריך 28.07.2014 עבר הנאשם להתגורר, יחד עם נאשם 2, סעיד אבו זנט, בדירת האחרון בתל אביב (להלן: ""הדירה"").

במועד שאינו ידוע במדויק למאשימה, כחודש ימים עובר ליום 18.11.2014, רכש הנאשם רובה מאולתר, מדגם ""קרל גוסטב"" יחד עם מחסנית וכדורים, בתמורה                  ל-4,000 ש""ח (להלן: ""הנשק"").

הנשק מסוגל לירות ובכוחו להמית.

בתאריך 18.11.2014, סמוך לשעה 16:40, בתל אביב, בתוך תיק גב, נשא והוביל הנאשם את הנשק כשהוא עטוף בבגדים. עוד נשא והוביל הנאשם כדורי תחמושת התואמים לנשק. הנאשם החזיק בכיסו 0.3027 גרם נטו קנאביס לצריכה עצמית.

בהמשך, בחיפוש שנערך בדירה, נמצאה מחסנית התואמת לנשק.

מספר ימים עובר ליום 18.11.2014, החזיקו הנאשמים את הנשק בדירה כשהוא מוטמן בארון בגדים בחדר השינה.","הנאשם הורשע, על פי הודייתו, בעבירות נשק בנוגע לאירוע שהתרחש ביער הסמוך לכפר קרע ביום 1.4.18.

בגין מעשיו אלה, הורשע הנאשם בנשיאת והובלת נשק, לפי ס' 144(א) רישא+סיפא וכן 144(ב) רישא+סיפא לחוק העונשין, תשל""ז – 1977; וכן במעשי פזיזות ורשלנות, לפי ס' 338(א)(5) לחוק.

על פי עובדות כתב האישום המתוקן והסכמות הצדדים שתוצגנה להלן, במהלך החודשים שקדמו לאירוע נושא כתב האישום ושהתרחש ביום 1.4.18 (להלן: יום האירוע), היתה ר.ק. (להלן: גם המתלוננת) חברתו של הנאשם. כשבועיים לפני יום האירוע התגלע בין השניים סכסוך.

ביום האירוע בסביבות השעה 17:00, הגיע הנאשם ברכבו ליער הסמוך לכפר קרע (להלן: היער) כשהוא נושא עמו אקדח מסוג FN בקוטר 9 מ""מ, שתי מחסניות ולא פחות מ 40 כדורים. על רקע הסכסוך עם ר.ק. הוא ביקש ממנה להגיע ליער ולאחר שהגיעה לשם ברכבה, ישבו השניים על האדמה בסמוך לרכבה של ר.ק. ושוחחו אודות מערכת היחסים ביניהם.

במהלך השיחה לעיל, אמר הנאשם לר.ק., בין היתר, את המשפטים הבאים: ""תגידי איפה היית, תתוודי איפה היית, איפה היית, עכשיו אני אגמור אותך פה""; ""באמא שלי אני אגמור עלייך עכשיו""; ""אגמור עלייך ועל אמא שלך ועל אבא שלך ועל האחים שלך ואחרי זה אני אכנס לכלא, אין לי בעיה"". בנוסף, במהלך השיחה לעיל שלף הנאשם את האקדח ממכנסיו, הראה אותו לר.ק. וירה, לסירוגין, 11 יריות באוויר.

באותה העת, הגיעו ליער 3 שוטרים בניידת וכשהתקרבו למקום בו ישבו ר.ק והנאשם, קם האחרון, רץ לעבר רכבה של ר.ק. כשהאקדח ברשותו, התיישב בכיסא הנהג וביקש ממנה שתאמר לו מה הקוד להתנעת הרכב על מנת להימלט מהשוטרים. כמו כן השליך הנאשם את האקדח מתחת למושב הרכב. השוטרים הורו לנאשם לצאת מהרכב והנאשם עשה כן.

בנוסף לעובדות כתב האישום המתוקן, הצדדים הסכימו (ר' הודעת הצדדים על פרטי הסדר הטיעון, עמ' 10 שורות 18-20 לפרוטוקול), כי במהלך האירוע היה הנאשם תחת השפעת משקאות אלכוהוליים. כמו כן הורשה הנאשם לטעון (בעוד המאשימה ציינה כי לא ניתן לסתור זאת), כי הנאשם אינו זוכר את כל פרטי האירוע.",30.0,"1. **סוג העבירה וחומרתה**  
בשני התיקים קיימת עבירת ליבה זהה פורמלית – נשיאה והובלת נשק לפי סעיף 144 לחוק העונשין. אולם בתיק 2 מתווספות עבירות של מעשי פזיזות ורשלנות ונסיבות של איומים חמורים על בת זוג וירי בפועל, מה שממקם אותו ברף חומרה גבוה בהרבה לעומת תיק 1, שעניינו החזקה/נשיאה ""יבשה"" של נשק וסם לשימוש עצמי בלבד.

2. **תפקיד הנאשם ומעורבותו**  
בתיק 1 הנאשם הוא מחזיק ורוכש נשק, שותף להחזקתו עם אחר, אך לא עושה בו שימוש פעיל כלפי אדם אחר – התפקיד שלו הוא של ""מחזיק/מוביל"" בלבד. בתיק 2 הנאשם הוא הדמות המרכזית באירוע אלים: הוא יוזם את המפגש, מביא נשק טעון, מאיים באופן מפורש להשתמש בו, ויורה בפועל – מעורבות אקטיבית ו""תוקפנית"" הרבה יותר.

3. **שיטת הביצוע (MO)**  
בתיק 1: רכישת רובה מאולתר, החזקתו בדירה והובלתו מוסתר בתוך תיק גב ברחוב, ללא כל אינטראקציה אלימה או שימוש. בתיק 2: נשיאת אקדח תקני עם כמות רבה של תחמושת, זימון מתלוננת למקום מבודד, שליפת הנשק, איומים מפורשים וירי של 11 כדורים באוויר, ניסיון להימלט מהשוטרים – דפוס פעולה שונה מהותית, אלים וראוותני יותר.

4. **נסיבות הליבה**  
בתיק 1 אין ירי, אין איומים, אין נפגעים ואין תכנון של שימוש קונקרטי – מדובר בהחזקה והובלה של נשק אחד ומחסנית, לצד החזקת קנאביס בכמות זעירה לצריכה עצמית. בתיק 2 יש נשק קצר תקני, שתי מחסניות, לפחות 40 כדורים, ירי בפועל, איומים קשים על רקע זוגי, שתיית אלכוהול, הגעת שוטרים וניסיון להימלט – נסיבות מחמירות מאוד מבחינת מסוכנות, איום על שלום הציבור ופגיעה נפשית במתלוננת.

5. **ישימות כתקדים לצורכי ענישה**  
למרות הזהות הפורמלית בעבירת הנשק, בתי משפט יראו בתיק 1 כעוסק ברף התחתון של עבירות נשק (החזקה/נשיאה ללא שימוש), ואילו תיק 2 כעוסק בשילוב של עבירת נשק עם אלימות כלפי בת זוג ומעשי פזיזות ברף גבוה. לפיכך, השימוש ההדדי כתקדים ענישתי יהיה מוגבל – ניתן להיעזר בהם רק לרמת העקרון (שחומרת ענישה בעבירות נשק נגזרת מהשימוש והמסוכנות), אך לא כתקדימים ישירים לקביעת מתחם ענישה דומה.

SIMILARITY_SCORE: 30","ok",""
"ME-18-10-30972-637","ME-14-11-7498-539",3,1,1,"על-פי הכרעת הדין מיום 14.3.2019, הנאשם הורשע בעבירה של ניסיון לעסקה בנשק, לפי סעיף 144(ב2) בצירוף סעיף 25 בחוק העונשין, התשל""ז-1977.

במועד כלשהו קודם ליום 8.9.2018, שוחח הנאשם עם סאמי, תושב השטחים, וזאת כדי לרכוש ממנו נשק. במהלך השיחה אמר סאמי לנאשם כי ברשותו רובה מסוג M-16 (להלן גם – הנשק). לשאלת הנאשם באשר למחירו, אמר סאמי שהמחיר הוא 8,000-7,000 ₪ (להלן – העסקה). הנאשם הסכים לרכוש את הנשק תמורת הסכום האמור והשניים שוחחו על פרטי העסקה והאופן שתיעשה.

בהמשך לכך וכדי להוציא לפועל את העסקה, ביקש סאמי שהנאשם יסיע אותו לשכם כדי להביא את הנשק. הנאשם אמר לסאמי שישלח אדם אחר כדי להסיעו לשם כך. הנאשם פנה אל אימן וביקש ממנו להסיע את סאמי לשכם כדי שישיג עבורו את הנשק. אימן הסכים לבקשת הנאשם ולכן הנאשם נתן לסאמי את מספר הטלפון של אימן כדי לתאם את הנסיעה.

ביום 8.9.2018 ובהתאם לסיכום המתואר בין הנאשם, אימן וסאמי, נסע אימן ברכב מירושלים לכיוון ג'בעה בדרך לשכם יחד עם אדם ששמו עמרו כשאן. סמוך לג'בעה אסף אימן את סאמי ואדם נוסף ששמו יוסף, כדי להסיעו לשכם. כל זאת כדי שסאמי ייקח את הנשק ויעבירו אל הנאשם תמורת הסכום שסוכם ביניהם, כמתואר לעיל. בדרכם לשכם, עצרו גורמי הרשות הפלסטינית את נוסעי הרכב ובהם אימן וסאמי.","על יסוד הודאת הנאשם בעובדות כתב האישום המתוקן כאמור, הוא הורשע בעבירות של קשירת קשר לביצוע פשע, לפי סעיף 499(א)(1) לחוק העונשין תשל""ז-1977 (להלן: ""חוק העונשין""); נשיאה והובלת נשק (שתי עבירות), לפי סעיף 144(ב) רישא וסיפא לחוק העונשין; החזקת נשק (שתי עבירות), לפי סעיף 144(א) רישא וסיפא לחוק העונשין; גניבה, לפי סעיף 384 לחוק העונשין; וניסיון לסחר בנשק, לפי סעיף 144(ב2) לחוק בצירוף סעיף 25 לחוק העונשין.

במועד הרלוונטי לאירועים המתוארים בכתב האישום, יוסף אלעביד (להלן: ""יוסף"") שירת כחייל בשירות חובה בבסיס צה""ל בבא""פ דרום הסמוך לצאלים (להלן: ""הבסיס""), ובינו לבין הנאשמים היתה היכרות מוקדמת. כשבוע לפני האירוע שיתואר להלן, יוסף קשר קשר עם הנאשם לגנוב מהבסיס רוס""ר מסוג ""תבור"" ולמכור אותו לאחרים תמורת 50,000 ₪. במסגרת הקשר ולשם קידומו, יוסף גנב מהבסיס רובה צה""לי מסוג ""מיקרו תבור"" עליו מורכבת כוונת צלפים ""טרג'יקון"", טעון במחסנית ובה 29 כדורי תחמושת 5.56 מ""מ (להלן: ""הנשק""). בהמשך, הוא יצר קשר עם הנאשם ואמר לו להגיע לבסיס       ולקחת ממנו את הנשק, והנאשם הגיע ברכבו לקרבת גדר הבסיס, קיבל מיוסף את הנשק ונסע מהמקום. בהמשך, הנאשם החזיק את הנשק בתא המטען ברכבו.

במסגרת הקשר ולקידומו, בתאריך 23.10.14 גנב יוסף מהבסיס רובה נוסף, מסוג ""מיקרו תבור"" שעליו כוונת ""מארס"" (להלן: ""הנשק הנוסף""). יוסף ניסה ליצור קשר עם הנאשם ומשלא הצליח, יצר קשר עם הנאשם 2 וביקש ממנו להגיע לקחת את הנשק הנוסף. בהתאם לכך, הנאשם 2 הגיע לבסיס, לקח את הנשק הנוסף מיוסף ונסע מהמקום, והנשק הנוסף נותר למשמורת בחזקתו.

בהמשך לאמור, ובמסגרת הקשר שקשרו יוסף והנאשם, בתאריך 26.10.14 בשעות הצהריים, הגיע יוסף מהבסיס לרהט ונפגש עם הנאשם כדי לאתר רוכשים לשני כלי הנשק. במהלך הערב, נסעו הנאשם ויוסף ברכב כשהם מובילים עמם את הנשק, אספו את הנשק הנוסף מהנאשם 2 ,ונסעו ברחובות רהט, כשהנשקים ברשותם. הנאשם שוחח עם מספר אחרים שהתעניינו ברכישת כלי הנשק ולאחר שהנאשם  ויוסף לא מצאו רוכש מתאים, הם הגיעו לביתו של הנאשם 3 ברהט ומסרו לחזקתו את שני כלי הנשק, על מנת שישמור אותם עבורם. לאחר זמן קצר, הנאשם קיבל הצעה כספית לרכישת אחד מכלי הנשק, והוא ויוסף לקחו את הנשק הנוסף מהנאשם 3 ונסעו עם הנשק הנוסף ברכב על מנת למכרו לאחר. בלשי מג""ב דרום שהיו באותה העת בפעילות משטרתית יזומה, עצרו את הרכב, תפסו את הנשק הנוסף ועצרו את יוסף ואת הנאשם. בהמשך לכך, הנאשם 3 הבחין בתנועת כלי רכב משטרתיים ערה בסביבת ביתו, נטל את הנשק, עטף אותו בבד, הגיע במהירות לביתו של הנאשם 4, מסר לו את הנשק וביקש ממנו שישמור עליו. הנאשם 4 הניח את הנשק בתוך שק והחביא אותו במחסן הסמוך לביתו. בהמשך לכך, יוסף הוביל את בלשי המשטרה לביתו של הנאשם 3 והורה לו למסור לידיהם את הנשק הנוסף. והנאשם 3 הוביל את הבלשים לביתו של הנאשם 4, הנשק הנוסף נתפס על ידי הבלשים, והנאשמים 3 ו-4 נעצרו.",40.0,"1. סוג העבירה וחומרתה  
בשני התיקים יש עבירת ניסיון לסחר/עסקה בנשק לפי סעיף 144(ב2)+25, כך שיש חפיפה נורמטיבית חלקית. עם זאת, תיק 2 כולל סל עבירות רחב בהרבה (קשירת קשר, גניבה, נשיאה והובלה, החזקת נשק – ובכמות כפולה), ובפועל מדובר ברמת חומרה גבוהה משמעותית מתיק 1, שבו מדובר רק בניסיון לעסקה שלא הבשילה להחזקת נשק בפועל.

2. תפקיד הנאשם ומעורבותו  
בתיק 1 הנאשם הוא היוזם והרוכש הפוטנציאלי, מארגן את ההסעה, אך מעורבותו נעצרת בשלב ההכנה והניסיון, ללא החזקה או סחר בפועל. בתיק 2 הנאשם הוא דמות מרכזית בקשר: מקבל נשק גנוב, מחזיק ומוביל אותו, מחפש רוכשים בפועל ומשתתף בסבב מסירה בין שותפים – מעורבות פעילה, מתמשכת ורבת־מימדים יותר.

3. שיטת הביצוע (MO)  
בתיק 1 השיטה מבוססת על יצירת קשר עם סוחר מן השטחים והפעלת נהג צד ג' כדי להביא נשק משכם – ללא מקור עברייני מובהק של הנשק עצמו (לא גניבה). בתיק 2 השיטה היא גניבת נשק מצה""ל באמצעות חייל, איסופו ליד הגדר, החזקתו והעברתו בין נאשמים שונים לשם מכירה – דפוס של ניצול נגישות למתקן צבאי וגיבוש קשר עברייני מאורגן יותר. הדפוסים שונים למדי, מעבר לכך שבשני המקרים מדובר במכירת נשק בשילוב שימוש ברכב.

4. נסיבות הליבה  
בתיק 1 מדובר בניסיון לרכישת רובה אחד (M-16) במחיר 7,000–8,000 ₪, ללא תפיסת נשק בפועל, ללא גניבה, וללא מעגל רחב של שותפים. בתיק 2 מדובר בשני כלי נשק צה""ליים (מיקרו־תבור עם כוונות ואמ""ל), גניבה מבסיס צה""ל, הובלה והחזקה בפועל, חיפוש אקטיבי אחר קונים, סכומים גבוהים בהרבה (50,000 ₪), וריבוי נאשמים – נסיבות מחמירות באופן ברור מבחינת מסוכנות ומידת הפגיעה באינטרס הציבורי.

5. ישימות כתקדים  
לצורכי ענישה, תיק 2 יוכר כקרוב נורמטיבית רק בהיבט של סעיף 144(ב2) (ניסיון לסחר/עסקה בנשק), אך מרבית מאפייני החומרה בתיק 2 (גניבה מצה""ל, ריבוי עבירות ונשקים, קשר עברייני רחב) יובילו להבחנה ברורה מטיק 1. לכן בית משפט עשוי להשתמש בתיק 2 כרף עליון להמחשת חומרה עקרונית של סחר בנשק, אך לא כתקדים ענישתי ישיר וקונקרטי למקרה של תיק 1.

SIMILARITY_SCORE: 40","ok",""
"ME-17-02-54432-484","ME-16-07-45228-25",3,1,1,"הנאשם, יליד 1996, הורשע על פי הודאתו בעובדות כתב האישום המתוקן שסומן באות א', במספר עבירות של החזקה ונשיאת נשק, לפי סעיפים 144(א) רישא וסיפא ו- 144(ב) רישא וסיפא לחוק העונשין, תשל""ז-1977 (להלן: ""חוק העונשין"").

במסגרת הסדר טיעון, הוגש כתב אישום מתוקן בעובדותיו הודה הנאשם והורשע בעבירות המפורטות לעיל.

הנאשם מתגורר בביתו שנמצא בכפר קאסם (להלן: ""הבית"").

סמוך לפני יום 22.02.16 באופן שאינו ידוע למאשימה, הנאשם השיג אקדח מסוג ברטה מס.ד 	82233 (להלן: ""האקדח"") ביחד עם מחסנית תואמת שבה 7 כדורים 0.22 מ""מ (להלן: 	""המחסנית""). האקדח הינו כלי שסוגל לירות כדור שבכוחו להמית אדם.

מאז ועד יום 16.02.17, הנאשם החזיק באקדח ובמחסנית סמוך לביתו ובמשך מספר חודשים עד ליום 16.02.17 נשא אותם פעמים רבות מאוד, למקומות אליהם הלך או נסע.

ביום 16.02.17, בשעות הצהריים, הנאשם נסע מכפר קאסם אל נהריה, ברכב מסוג מאזדה (להלן: ""הרכב""), בו נהג חברו אחמד עיסא כשלנסיעה הצטרף גם עותמאן עיסא ומגארי יאסין. במהלך הנסיעה הנאשם החזיק באקדח ובמחסנית ונשא אותם עמו.

באותו יום, סמוך לפני השעה 16:00, בצומת הרחובות הגעתון והרצל בנהריה, שוטרים עצרו את הרכב לבדיקה. באותה העת, הנאשם אחז בידו את האקדח כשהוא טעון במחסנית ובה הכדורים ומשהבחין בשוטרים הכניס את האקדח הטעון לתחתוניו. מיד לאחר מכן, האקדח והמחסנית נתפסו על ידי המשטרה.","על מעשיו הללו הוא הורשע בעבירה של נשיאת נשק שלא כדין, לפי סעיף 144(ב)(רישא וסיפא) לחוק העונשין, התשל""ז-1977 (להלן: ""חוק העונשין"").

מחמוד ג'בארין, הנאשם שלפניי, נותן את הדין על מעשה עבירה, שאותו ביצע ביום 19.7.16 עת שהה בסמוך לבית דודו בכפר זלפה בשעת ליל. הוא נתפס אותה עת כשהוא נושא על גופו אקדח מסוג FN, טעון במחסנית ובה עשרה כדורי אקדח בקוטר 9 מ""מ. שוטרים הגיעו אל סמוך לבית באותה שעה וכשהבחין בהם, הנאשם החל מתרחק מהם בהליכה מהירה. השוטרים דלקו אחריו; הוא נמלט מהם בריצה לתוך הבית. בבית, נכנס הנאשם לאחד מחדרי הבית והסליק את הנשק, המחסנית והכדורים מתחת לשמיכה שהיתה מונחת על מזרן בחדר.",72.0,"1. סוג העבירה וחומרתה  
בשני התיקים מדובר בעבירות נשיאת נשק חם טעון בניגוד לדין לפי סעיף 144(ב) לחוק העונשין – אותה קטגוריית עבירה ואותה מדרגת חומרה בסיסית. בתיק 1 נוספו גם עבירות של החזקה ולמשך תקופה ממושכת וב""ריבוי מקרים"", ולכן המכלול בו חמור יותר מהאירוע החד־פעמי בתיק 2.

2. תפקיד הנאשם ומעורבותו  
בשני המקרים הנאשמים הם ""מחרזים"" – מחזיקים/נושאים נשק עבור עצמם, לא סוחרים, לא שליחים ברשת ולא חלק מ""תיק ארגוני"". בתיק 1 מעורבות הנאשם אינטנסיבית ומתמשכת (החזקת הנשק לאורך חודשים ונשיאתו פעמים רבות), בעוד שבתיק 2 מדובר באירוע נקודתי, אך בשניהם מדובר במבצע ראשי, לא בדמות שולית.

3. שיטת הביצוע (MO)  
בשני התיקים הנשק נישא על הגוף כשהוא טעון, וההתנהגות בעת מפגש עם המשטרה דומה – ניסיון להתרחק ולהסתיר את הנשק (בתיק 1 בתחתונים, בתיק 2 מתחת לשמיכה בחדר). ההבדל הוא בזירה (רכב בין־עירוני עם נוספים בתיק 1 לעומת סביבה ביתית בתיק 2), אך דפוס ""נשיאה שקטה + הסלקה מהירה כשמופיעים שוטרים"" דומה.

4. נסיבות הליבה  
בשני המקרים אקדח טעון במספר כדורים, ללא ירי, איומים או שימוש בפועל – רק החזקה/נשיאה. עם זאת, בתיק 1 יש החזקה ממושכת לאורך כשנה, נשיאה ""פעמים רבות מאוד"" לרבות נסיעה בין־עירונית עם אחרים ברכב – נסיבות מחמירות יותר מאירוע בודד ליד בית דוד בתיק 2. ההבדל בקוטר/מספר הכדורים (0.22 עם 7 כדורים לעומת 9 מ""מ עם 10 כדורים) שולי לעומת משך וריבוי המקרים.

5. ישימות כתקדים  
בתי משפט יראו בשני המקרים חלק מאותה משפחת עבירות לעניין מדיניות ענישה בנשיאת נשק חם טעון, כך שתיק 1 רלוונטי כתקדים ענישתי לתיק 2. עם זאת, יתבצע בידול ברור: תיק 1 ישמש בדרך כלל כרף מחמיר יותר עקב ריבוי מקרים ותקופת החזקה ארוכה, בעוד שתיק 2 קרוב יותר לאירוע חד־פעמי.

SIMILARITY_SCORE: 72","ok",""
"ME-09-06-10774-130","SH-20-02-52091-995",1,0,0,"הנאשם הורשע על פי הודאתו בעבירות של החזקת ונשיאת נשק שלא כדין, עבירות לפי סעיפים 144(א) + (ב) לחוק העונשין.

על פי עובדות כתב האישום החזיק הנאשם נשק, אקדח מסוג ברטה, בעת שנסע עם אחר ברכב באזור כפר מושרייפה.","הנאשם שלפני נותן את הדין בגין עבירת נשק (החזקה), בניגוד לסעיף 144 (א) רישא וסיפא לחוק העונשין, תשל""ז – 1977 (להלן: ""החוק"").

בהתאם לעובדות כתב האישום המתוקן כא/1, במועד שאינו ידוע במדויק למאשימה, קיבל הנאשם לידיו נשק תת מקלע מאולתר 9 מ""מ אשר יורה ובכוחו להמית (להלן: ""הנשק"") ובנוסף, כ-20 קליעי 9 מ""מ (להלן: ""התחמושת"").

מיום 14.02.20, החזיק הנאשם את הנשק והתחמושת הנ""ל בארון במטבח ביתו בשבט אלאעצם.

ביום 16.02.20, סמוך לשעה 15:00, במסגרת פעילות משטרתית יזומה, הגיעו שוטרי תחנת העיירות אל ביתו של הנאשם בשבת אלאעצם, בכדי לערוך חיפוש בבית. במהלך החיפוש, איתרו השוטרים את הנשק והתחמושת בארון במטבח.",72.0,"1. סוג העבירה וחומרתה  
שני התיקים עוסקים בעבירות נשק לפי סעיף 144 לחוק העונשין – החזקת נשק שלא כדין, ובשניהם מדובר בעבירת ""נשק טהורה"" (ללא עבירות נלוות של שימוש, סחר, איומים וכד'). בתיק 1 קיימת גם עבירת נשיאת נשק (144(ב)), בעוד שבתיק 2 יש החזקת נשק ותחמושת (144(א) רישא וסיפא); מבחינת רמת החומרה המעשית – שניהם ברמת חומרה דומה, עם הבדל מסוים בסוג הנשק (אקדח מול תת-מקלע מאולתר) ובשילוב תחמושת בתיק 2.

2. תפקיד הנאשם ומעורבותו  
בשני התיקים הנאשמים הם המחזיקים הישירים בנשק – אין תיאור של תפקיד של ""שליח"", ""מוביל"" עבור אחרים, או חלק מרשת סחר, אלא החזקה אישית. בתיק 1 יש החזקה בזמן נסיעה ברכב, מה שמקרב לדימוי של ""נשיאה מבצעית"" יותר; בתיק 2 מדובר בהחזקת נשק ותחמושת מוסתרים בבית – מעורבות אקטיבית דומה ברמת האחריות הפלילית, אך פסיבית יותר מבחינת שימוש מיידי.

3. שיטת הביצוע (MO)  
בתיק 1 – הנשק נישא ברכב, תוך תנועה במרחב הציבורי; בתיק 2 – הנשק והתחמושת מוסתרים בארון במטבח בבית. אין אלמנטים מתוחכמים, לא מנגנון הסוואה מיוחד או שימוש באמצעים טכנולוגיים – שני המקרים הם ""החזקה פשוטה"" (Simple possession), אך בדפוס שונה: נייד (ברכב) מול סטטי (בבית).

4. נסיבות הליבה  
בתיק 1 – אקדח מסוג ברטה, ללא אזכור תחמושת, החזקה ונשיאה ברכב עם אדם נוסף, ללא תיאור של כוונה לשימוש, תכנון פלילי נוסף או נסיבות מחמירות מיוחדות. בתיק 2 – תת-מקלע מאולתר 9 מ""מ + כ-20 קליעים, החזקה בבית למשך מספר ימים עד חיפוש משטרתי יזום; סוג הנשק (אוטומטי/מאולתר) ואגירת תחמושת מעלים קמעא את החומרה, אך עדיין מדובר בהחזקה ללא שימוש, ללא אירוע אלים נלווה וללא תכנון עבירה קונקרטית שמתואר בכתב האישום.

5. ישימות כתקדים  
מבחינת ענישה, שני התיקים שייכים לאותה ""משפחת מקרים"": החזקת נשק שלא כדין ללא שימוש בפועל וללא עבירות נוספות (ירי, סחר, סחיטה וכו'). בית משפט צפוי לראות בהם פסיקה רלוונטית זה לזה בגזירת הדין, תוך הדגשת ההבדלים: בתיק 1 – אלמנט הנשיאה ברכב; בתיק 2 – סוג הנשק (תת-מקלע מאולתר) והחזקת תחמושת וכמותה. לפיכך, התיק השני יכול לשמש תקדים ענייני סביר לתיק הראשון (ולהיפך), אך לא כתקדים ""כמעט זהה"" המחייב התאמה קרובה של הרף העונשי.

SIMILARITY_SCORE: 72","ok",""
"SH-15-03-49530-992","ME-16-05-9983-155",2,0,1,"הנאשם, אחמד חגלה יליד 1992, הורשע על יסוד הודאתו בעובדות כתב אישום מתוקן, במסגרת הסדר דיוני שלא כלל הסכמה לעניין העונש, בביצוע עבירה של החזקת נשק שלא כדין.

לפי עובדות כתב האישום המתוקן, בין התאריכים 5.3.2015 – 11.3.2015 החזיק הנאשם בתיק על גג מחסן סמוך לביתו בג'לג'וליה ברובה מאולתר מסוג ""קרל גוסטב"" טעון במחסנית תואמת ובה כדורים. לצד הרובה החזיק הנאשם שקית ובה מחסנית טעונה בכדורים בקוטר 9 מ""מ וכדורים בקוטר 5.56 מ""מ בתפזורת.","הנאשם הודה במסגרת הסדר טיעון חלקי שלא כלל הסכמה לגבי העונש בעבירה של החזקה ונשיאת נשק לפי סעיף 144(א) + (ב) לחוק העונשין, התשל""ז-1977. 

על פי האמור בכתב האישום המתוקן, במחצית הראשונה של אפריל 2016, קרוב משפחתו של הנאשם ושל אדם אחר רכש שלא כדין תת מקלע מאולתר ומחסנית תמורת 7,300 ₪. לאחר מכן הגיע קרוב המשפחה לשכונת מגוריו ויצר קשר עם הנאשם וביקש ממנו שיקח את הנשק לחזקתו ויחביא אותו. הנאשם הגיע, לקח את הנשק והובילו למקום מסתור, שם החזיק את הנשק והמחסנית כשבוע. ביום 19.4.16 פנה האחר לקרוב המשפחה וביקש לקבל את התת מקלע לידיו. קרוב המשפחה הסכים והודיע לאחר שעליו לקחת את התת מקלע מהנאשם. כאשר האחר הגיע בסמוך לביתו של הנאשם, הוא העביר לו את התת מקלע והמחסנית. לאחר שקיבל אותם, הוא הובילם לגג בית חברו, שם החזיק בהם בתוך תיק ללא רשות.",80.0,"1. סוג העבירה וחומרתה  
בשני התיקים מדובר בעבירות לפי סעיף 144 לחוק העונשין, ובעבירות נשק ""טהורות"" (ללא שימוש, סחר או ירי). בתיק 1 מיוחסת ""החזקה"" בלבד, ובתיק 2 ""החזקה ונשיאה"", אך בשני המקרים מדובר בנשק אוטומטי מאולתר בתחום החומרה הגבוהה של עבירות הנשק. הפער ברמת החומרה קיים אך איננו מהותי – שני המקרים נמצאים באותה קטגוריית בסיס לענישה.  

2. תפקיד הנאשם ומעורבותו  
בתיק 1 הנאשם הוא המחזיק היחיד והעיקרי, היוזם-הבלעדי של ההחזקה (אין דמות ""מעליו"" בשרשרת). בתיק 2 לנאשם תפקיד של ""שומר/מסתיר"" עבור אחר – הוא לא רכש ולא יזם את הכנסת הנשק למעגל, אך לקח אותו לחזקתו ביודעין, החזיק כשבוע ואף נשא ומסר אותו הלאה. כלומר, בתיק 2 יש מימד של תווך אך גם הקלה מסוימת בכך שהנאשם איננו הרוכש או בעל הנשק המקורי.  

3. שיטת הביצוע (MO)  
בשני התיקים הדפוס דומה: נשק אוטומטי מאולתר, מוסתר בקרבת בית הנאשם/מגוריו, לתקופה של בערך שבוע, בתוך תיק ובמקום מחבוא (גג/גג מחסן). בתיק 2 נוסף אלמנט של הובלת הנשק ממקום למקום ומסירתו לאחר, אולם ליבת השיטה – החזקה מוסתרת של נשק מאולתר באזור מגורים – דומה מאוד.  

4. נסיבות הליבה  
בתיק 1 החזקה של רובה מאולתר טעון, עם מחסנית תואמת וכמות נוספת של תחמושת, לרבות בקליברים שונים – מהווה נסיבה מחמירה (נשק מוכן לשימוש + תחמושת מגוונת). בתיק 2 מדובר בתת־מקלע מאולתר ומחסנית אחת, ללא פירוט תחמושת, אך עם נסיבה מחמירה אחרת: העברה ונשיאה בפועל. בשני התיקים אין שימוש בנשק, אין רקע של סכסוך ספציפי, ומדובר בתקופת החזקה דומה; ההבדלים בנסיבות אינם קוטביים.  

5. ישימות כתקדים  
בית משפט הדן בעונש בתיק אחד בהחלט יראה בתיק האחר פסיקה השוואתית רלוונטית, שכן מדובר באותו סוג נשק (אוטומטי מאולתר), באותה משפחת עבירות (144 – החזקה/נשיאה), ובנסיבות זמן/מקום דומות. יחד עם זאת, יהיה צורך לכייל את העונש בהתאם לשוני ברמת היוזמה, בהיקף התחמושת ובאלמנט הנסיעה/מסירה בתיק 2. בסך הכול, פוטנציאל השימוש ההדדי כתקדימים לענישה גבוה.  

SIMILARITY_SCORE: 80","ok",""
