"verdict_1","verdict_2","similarity_scale","similarity_binary_0","similarity_binary_1","feature_vector_1","feature_vector_2","score","response","status","last_error"
"SH-16-04-30406-325","ME-16-02-59812-881",1,0,0,"{""אופן החזקת הנשק"": ""ברכב"", ""אופן קבלת הנשק"": ""רכש"", ""כמות תחמושת"": ""מחסנית ובה 0 כדורים, 2 מחסניות"", ""מספר עבירה"": ""144 א"", ""סוג הנשק [תת מקלע מאולתר]"": 2.0, ""סוג עבירה"": ""החזקה נשק"", ""סטטוס הנשק"": ""נשק מופרד מתחמושת"", ""תכנון"": ""לא"", ""תאריך המעצר"": ""06/04/16"", ""סוג הרכב"": ""רנו"", ""מספר רישוי של הרכב"": ""88-687-10"", ""מיקום הנשק ברכב"": ""תא מטען"", ""מספר כלי נשק"": 2, ""שימוש"": ""לא""}","{""אופן קבלת הנשק"": ""עבודה"", ""כמות תחמושת"": ""2 מחסניות, 20 כדורים"", ""מטרה-סיבת העבירה"": ""מימון סמים"", ""מספר עבירה"": ""144 ב"", ""סוג הנשק [אקדח]"": 1.0, ""סוג עבירה"": ""סחר בנשק"", ""סטטוס הנשק"": ""תקין"", ""עבירות נוספות"": ""מסירת ידיעה כוזבת על עבירת פשע, לפי סעיף 243 סיפא לחוק; שיבוש הליכי משפט, לפי סעיף 244 לחוק."", ""תכנון"": ""כן"", ""סוג הסמים"": ""חשיש, הרואין"", ""כמות הסמים"": ""ארבע חבילות של הרואין"", ""מחיר מכירת הנשק"": ""8,000 ₪"", ""מקום העבודה"": ""בית ספר יסודי"", ""תקופת העבירות"": ""אוגוסט 2014 - פברואר 2016"", ""שם הקונה"": ""מחמוד צאלוק"", ""שם המעביד"": ""שי יהושע לוי"", ""תיאור האירוע"": ""דיווח כוזב על שוד למעביד ולמשטרה"", ""הודאה בחקירה"": ""הודתה בבדיה את אירוע השוד"", ""שימוש"": ""לא""}",25.0,"1. **סוג העבירה וחומרתה:** תיק 1 עוסק בהחזקת נשק (144א), תיק 2 בסחר בנשק (144ב) ובנוסף עבירות של מסירת ידיעה כוזבת ושיבוש הליכי משפט. החומרה שונה משמעותית - סחר בנשק חמור בהרבה מהחזקה בלבד.

2. **תפקיד הנאשם ומעורבותו:** בתיק 1 הנאשם רכש נשק והחזיק בו, מעורבות יחסית פסיבית. בתיק 2 הנאשם סחר בנשק, כלומר מעורבות פעילה ומשמעותית יותר, כולל קשר עם קונה.

3. **שיטת הביצוע (MO):** בתיק 1 הנשק הוחזק ברכב, בתיק 2 הסחר התבצע דרך מקום עבודה (בית ספר). שיטות הביצוע שונות מאוד.

4. **נסיבות הליבה:** תיק 1 כולל נשק מופרד מתחמושת וכמות תחמושת מצומצמת. תיק 2 כולל נשק תקין, כמות תחמושת גדולה יותר, תכנון מוקדם, וקשר לעבירות סמים. הנסיבות מחמירות יותר בתיק 2.

5. **ישימות כתקדם:** לא סביר שבית משפט יראה בתיק 1 תקדים רלוונטי לתיק 2. ההבדלים בסוג העבירה (החזקה לעומת סחר), בחומרת העבירה, בתפקיד הנאשם ובנסיבות הליבה משמעותיים ביותר. תיק 1 לא יספק הכוונה לגבי ענישה בתיק של סחר בנשק עם עבירות נלוות.

SIMILARITY_SCORE: 25","ok",""
"ME-16-05-25902-514","ME-16-11-56385-886",3,1,1,"{""אופן החזקת הנשק"": ""בבית, על גופו"", ""אופן קבלת הנשק"": ""רכש"", ""כמות תחמושת"": ""מחסנית ובה 7 כדורים"", ""מטרה-סיבת העבירה"": ""הגנה עצמית"", ""מספר עבירה"": ""144 א, 144 ב"", ""סוג הנשק [אקדח]"": 1.0, ""סוג עבירה"": ""החזקה נשק, נשיאת נשק"", ""סטטוס הנשק"": ""נשק עם מחסנית בהכנס"", ""תכנון"": ""לא"", ""תאריך גניבת הנשק"": ""31.12.13"", ""מקום גניבת הנשק"": ""מביתו של דינו תמאם"", ""תאריך רכישת הנשק"": ""במהלך חודש פברואר 2016"", ""מקום החזקת הנשק"": ""במקלט ביתו בקלנסוואה"", ""תאריך נשיאת הנשק לעבודה"": ""מחודש פברואר 2016 ועד ליום 8.5.16"", ""שעה בה נשא הנאשם את הנשק"": ""בסמוך לשעה 06:00"", ""מספר סידורי של הנשק"": ""682663"", ""סוג הנשק"": ""אקדח מסוג ברטה"", ""שימוש"": ""לא""}","{""אופן החזקת הנשק"": ""על גופו"", ""אופן קבלת הנשק"": ""גנב"", ""מספר עבירה"": ""144 א"", ""סוג הנשק [אקדח]"": 1.0, ""סוג עבירה"": ""החזקה נשק"", ""סטטוס הנשק"": ""נשק עם כדור בקנה"", ""תכנון"": ""לא"", ""תאריך גניבת הנשק"": ""14.10.07"", ""תאריך החזקת הנשק"": ""18.11.16"", ""מותג הנשק"": ""יריחו"", ""מצב הנשק בעת המעצר"": ""דרוך, טעון ומוכן לירי"", ""שימוש"": ""לא"", ""כמות תחמושת"": ""ללא""}",45.0,"1. **סוג העבירה וחומרתה:** שני התיקים עוסקים בעבירות נשק לפי חוק העונשין, אך תיק 1 כולל גם נשיאת נשק (144(ב)) בעוד תיק 2 מתייחס רק להחזקה (144(א)). חומרת העבירה בתיק 1 גבוהה יותר בשל הנשיאה.
2. **תפקיד הנאשם ומעורבותו:** בשני התיקים הנאשם הוא מחזיק בנשק, אך בתיק 1 הוא רכש אותו בעוד בתיק 2 הוא גנב אותו. רכישה מעידה על יוזמה מסוימת, בעוד גניבה מצביעה על מעורבות פסיבית יותר בנסיבות קבלת הנשק.
3. **שיטת הביצוע (MO):** בשני התיקים הנשק הוחזק על גופו של הנאשם. עם זאת, בתיק 1 הנשק היה עם מחסנית מלאה, ובתיק 2 עם כדור בקנה, מה שמצביע על רמת מוכנות שונה.
4. **נסיבות הליבה:** תיק 1 כולל כמות תחמושת (7 כדורים) ומטרה של הגנה עצמית, בעוד בתיק 2 אין תחמושת והנסיבות אינן ברורות. מצב הנשק בעת המעצר שונה - דרוך ומוכן לירי בתיק 2, עם מחסנית בתיק 1.
5. **ישימות כתקדים:** בשל השילוב של עבירת הנשיאה בתיק 1 וההבדלים בנסיבות (תחמושת, מצב הנשק), סביר להניח שבית המשפט יראה את תיק 1 כתקדים חלקי בלבד לתיק 2. העובדה ששניהם עוסקים בהחזקת אקדח היא נקודת דמיון, אך ההבדלים המשמעותיים מפחיתים מישימותו כתקדים ענייני לצורכי ענישה.

SIMILARITY_SCORE: 45","ok",""
"ME-18-06-36728-73","ME-16-09-398-589",3,1,1,"{""מיקום האירוע"": ""כפר קרע"", ""תאריך האירוע"": ""24.5.18"", ""שעת האירוע"": ""בסמוך לשעה 14:00"", ""מקום עבודת המתלונן"": ""פנצ'רייה של משפחת עסלי"", ""סוג הרכב של המתלונן"": ""רכב פרטי"", ""מספר פגיעות"": 1, ""מיקום הפגיעה בגוף"": ""ירך רגל ימין"", ""תוצאת הפגיעה"": ""פצע ירי"", ""משך אשפוז המתלונן"": ""עד ליום 31.5.18"", ""מספר עבירה"": ""144 ב"", ""סוג עבירה"": ""נשיאת נשק"", ""עבירות נוספות"": ""עבירות של פציעה, לפי סעיף 334 לחוק העונשין, התשל\""ז-1977"", ""סוג הנשק [אקדח]"": 1.0, ""סטטוס הנשק"": ""נשק עם כדור בקנה"", ""תכנון"": ""לא"", ""אופן החזקת הנשק"": ""על גופו"", ""מטרה-סיבת העבירה"": ""סכסוך"", ""שימוש"": ""כן,ירי"", ""כמות תחמושת"": ""ללא""}","{""אופן החזקת הנשק"": ""על גופו"", ""מטרה-סיבת העבירה"": ""סכסוך"", ""מספר עבירה"": ""144 ב"", ""סוג הנשק [אקדח]"": 1.0, ""סוג עבירה"": ""נשיאת נשק"", ""סטטוס הנשק"": ""נשק עם כדור בקנה"", ""עבירות נוספות"": ""חבלה חמורה בנסיבות מחמירות, עבירה לפי סעיף 333 + 335(א)(2+1) לחוק העונשין, התשל\""ז-1977 (להלן: \""החוק\"");"", ""שימוש"": ""כן,ירי"", ""תכנון"": ""כן"", ""מיקום האירוע"": ""גינה ציבורית בבת-ים"", ""תאריך האירוע"": ""לילה שבין 10.8.16 ל-11.8.16"", ""מרחק ירי"": ""10 מטר"", ""פצעים"": ""פצעי כניסה ויציאה בשוק רגל ימנית"", ""טיפול רפואי"": ""טופל בבית חולים"", ""מספר נפגעים"": 1, ""זהות הנפגע"": ""וויליאם קניסופה"", ""זהות נוספת במקום"": ""אליאס וייסי ותמיר נגוסה"", ""זהות הנאשם"": ""לא ידועה למאשימה"", ""כמות תחמושת"": ""ללא""}",75.0,"1. **סוג העבירה וחומרתה:** שני התיקים עוסקים בעבירה של נשיאת נשק (סעיף 144(ב)) ובשימוש בו, עם עבירות נלוות של פציעה/חבלה. החומרה דומה, שכן בשני המקרים בוצע ירי בפועל, אך בתיק 2 מדובר בחבלה חמורה בנסיבות מחמירות, מה שמגביר את החומרה.

2. **תפקיד הנאשם ומעורבותו:** בשני התיקים הנאשם מחזיק בנשק על גופו ומשתמש בו לירי. לא ברור מהתיקים האם הנאשמים יזמו את האירוע או היו שליחים, אך המעורבות היא פעילה (ירי).

3. **שיטת הביצוע (MO):** שיטת הביצוע דומה מאוד - נשיאת אקדח טעון ושימוש בו לירי כתוצאה מסכסוך.

4. **נסיבות הליבה:** בשני המקרים מדובר בסכסוך שהוביל לירי. בתיק 2 יש תכנון מוקדם, מרחק ירי מוגדר, ופציעה חמורה יותר. העובדה שבשני התיקים לא מצוינת כמות תחמושת אינה רלוונטית, שכן מדובר בשימוש בנשק קנה.

5. **ישימות כתקדים:** בהחלט ייתכן שבית המשפט יראה בתיק 1 תקדים רלוונטי לתיק 2, בעיקר לצורך קביעת ענישה בסיסית בגין נשיאת נשק ושימוש בו. עם זאת, התכנון המוקדם והחומרה הגבוהה יותר של הפציעה בתיק 2 יצדיקו ענישה חמורה יותר.

SIMILARITY_SCORE: 75","ok",""
"SH-17-10-10556-234","ME-16-11-13999-863",1,0,0,"{""אופן החזקת הנשק"": ""מוסלק - מוסתר, סמוך לבית"", ""כמות תחמושת"": ""מחסנית ובה 10 כדורים"", ""מספר עבירה"": ""144 א"", ""סוג הנשק [אקדח]"": 2.0, ""סוג עבירה"": ""החזקה נשק"", ""סטטוס הנשק"": ""נשק עם מחסנית בהכנס"", ""תכנון"": ""לא"", ""קוטר הכדורים"": ""8 מ\""מ"", ""מיקום החזקת הנשק"": ""בתוך שקית בחצר, מתחת למזרון בערימת זבל"", ""מרחק החזקת הנשק מהבית"": ""כ-100 מטרים"", ""מצב המחסנית הנוספת"": ""לא טעונה"", ""שימוש"": ""לא""}","{""אופן החזקת הנשק"": ""ברכב"", ""כמות תחמושת"": ""2 מחסניות"", ""מספר עבירה"": ""144 א, 144 ב"", ""סוג הנשק [אקדח]"": 1.0, ""סוג עבירה"": ""החזקה נשק, נשיאת נשק, הובלת נשק"", ""סטטוס הנשק"": ""נשק עם מחסנית בהכנס"", ""תכנון"": ""לא"", ""סוג הרכב"": ""מאזדה"", ""שותף לעבירה"": ""זבידאת סלאמה"", ""מיקום האירוע"": ""מסכנין לראמה"", ""זמן האירוע"": ""26.10.16 סמוך לשעה 20.00"", ""סוג האקדח"": ""STAR"", ""קליבר האקדח"": ""9 מ\""מ פאראבלום"", ""מספר כדורים במחסנית"": ""לא צוין מספר מדויק"", ""תיאור המעשה"": ""נסיעה לכיוון מחסום משטרתי, נסיעה לתוך תחנת דלק, נסיעה לכיוון היציאה מתחנת הדלק"", ""תגובה למחסום משטרתי"": ""פנייה לתוך תחנת דלק והמשך נסיעה"", ""שימוש"": ""לא""}",35.0,"1. **סוג העבירה וחומרתה:** שני התיקים עוסקים בעבירות נשק, אך תיק 2 חמור יותר משמעותית, שכן הוא כולל גם נשיאה והובלה של נשק (144(ב)) בנוסף להחזקה (144(א)). תיק 1 מתייחס רק להחזקה.

2. **תפקיד הנאשם ומעורבותו:** בתיק 1 הנאשם מחזיק בנשק מוסלק, מה שמצביע על מעורבות יחסית פסיבית. בתיק 2 הנאשם נוהג ברכב עם הנשק, ויש שותף לעבירה, מה שמצביע על מעורבות אקטיבית יותר.

3. **שיטת הביצוע (MO):** בתיק 1 הנשק מוסלק במקום מבודד, בעוד שבתיק 2 הנשק נמצא ברכב בתנועה, עם תמרונים שמטרתם ככל הנראה להתחמק ממשטרה. שיטות הביצוע שונות מאוד.

4. **נסיבות הליבה:** שני התיקים כוללים אקדחים טעונים, אך תיק 2 כולל שותף לעבירה, נסיעה בכביש ציבורי, ותגובה למחסום משטרתי - נסיבות מחמירות בהשוואה לתיק 1. כמות התחמושת דומה (מחסנית אחת או שתיים).

5. **ישימות כתקדים:** לא סביר שבית משפט יראה בתיק 1 תקדים רלוונטי לתיק 2. העובדה שתיק 2 כולל נשיאה והובלה של נשק, יחד עם נסיבות מחמירות נוספות, הופכת אותו לחמור יותר באופן משמעותי. תקדים של החזקה בלבד (144(א)) לא יספק הכוונה משמעותית בענישה של נשיאה והובלה (144(ב)).

SIMILARITY_SCORE: 35","ok",""
"SH-17-10-10556-234","m08000207-175",1,0,0,"{""אופן החזקת הנשק"": ""מוסלק - מוסתר, סמוך לבית"", ""כמות תחמושת"": ""מחסנית ובה 10 כדורים"", ""מספר עבירה"": ""144 א"", ""סוג הנשק [אקדח]"": 2.0, ""סוג עבירה"": ""החזקה נשק"", ""סטטוס הנשק"": ""נשק עם מחסנית בהכנס"", ""תכנון"": ""לא"", ""קוטר הכדורים"": ""8 מ\""מ"", ""מיקום החזקת הנשק"": ""בתוך שקית בחצר, מתחת למזרון בערימת זבל"", ""מרחק החזקת הנשק מהבית"": ""כ-100 מטרים"", ""מצב המחסנית הנוספת"": ""לא טעונה"", ""שימוש"": ""לא""}","{""אופן החזקת הנשק"": ""ברכב"", ""אופן קבלת הנשק"": ""מצא"", ""כמות תחמושת"": ""מחסנית ובה 15 כדורים, מחסנית וסה 10 כדורים"", ""מספר עבירה"": ""144 ב"", ""סוג הנשק [אקדח]"": 1.0, ""סוג עבירה"": ""נשיאת נשק"", ""סטטוס הנשק"": ""נשק עם מחסנית בהכנס"", ""עבירות נוספות"": ""והחזקת סם לצריכה עצמית בלבד, עבירה לפי סעיף 7(א) + (ג) סיפא לפקודת הסמים המסוכנים, התשל\""ג-1973"", ""תכנון"": ""לא"", ""קוטר האקדח"": ""0.9 מ\""מ"", ""מיקום האירוע"": ""סמוך לצומת הערבה"", ""זמן האירוע"": ""12.7.08 בשעה 00:55"", ""סוג הסם"": ""חשיש"", ""משקל הסם"": ""1.36 גרם נטו"", ""שימוש"": ""לא""}",35.0,"להלן ניתוח הדמיון המהותי בין שני התיקים:

1. **סוג העבירה וחומרתה:** שני התיקים עוסקים בעבירות נשק, אך תיק 1 הוא החזקה בלבד (144(א)) בעוד תיק 2 הוא נשיאה (144(ב)). נשיאה היא עבירה חמורה יותר מהחזקה, ולכן יש הבדל משמעותי בחומרה.
2. **תפקיד הנאשם ומעורבותו:** בשני התיקים הנאשם הוא מחזיק בנשק, אך בתיק 2 ישנה גם נשיאה, המעידה על מידה מסוימת של שליטה ושימוש פוטנציאלי. בשני המקרים לא מדובר ביזום או סחר.
3. **שיטת הביצוע (MO):** שיטת ההחזקה שונה - הסלקה מוסתרת לעומת החזקה ברכב. זהו הבדל משמעותי בנסיבות הביצוע.
4. **נסיבות הליבה:** בשני התיקים מדובר באקדחים עם מחסניות טעונות, אך תיק 2 כולל גם החזקת סם, מה שמוסיף נסיבה נוספת. כמות התחמושת דומה, אך תיק 2 כולל שתי מחסניות. העובדה ששני התיקים אינם כוללים שימוש בנשק היא נקודת דמיון.
5. **ישימות כתקדים:** לא סביר שבית משפט יראה בתיק 1 תקדים רלוונטי לתיק 2, בעיקר בשל ההבדל המהותי בין החזקה לנשיאה. העובדה שתיק 2 כולל גם עבירת סמים מחלישה עוד יותר את הרלוונטיות של תיק 1.

SIMILARITY_SCORE: 35","ok",""
"SH-18-06-11098-353","ME-16-03-54615-517",1,0,0,"{""אופן החזקת הנשק"": ""מוסלק - מוסתר"", ""כמות תחמושת"": ""מספר מחסניות"", ""מספר עבירה"": ""144 א"", ""סוג הנשק [רובה סער ]"": 1.0, ""סוג עבירה"": ""החזקה נשק"", ""סטטוס הנשק"": ""נשק מופרד מתחמושת"", ""תכנון"": ""לא"", ""סוג רובה"": ""גליל"", ""מספר סידורי נשק"": ""נמחק"", ""תאריך המעצר"": ""23/05/18"", ""הודאה בעובדות"": ""כן"", ""שימוש"": ""לא""}","{""מטרה-סיבת העבירה"": ""בצע כסף"", ""מספר עבירה"": ""144 ב"", ""סוג הנשק [תת מקלע]"": 2.0, ""סוג עבירה"": ""סחר בנשק"", ""סטטוס הנשק"": ""תקול"", ""שימוש"": ""ניסיון לירי ללא הצלחה"", ""תכנון"": ""כן"", ""סוג תת-מקלע"": ""קרלו"", ""מספר תת-מקלעים"": 2, ""מחיר תת-מקלע"": 3000, ""מספר פגישות בין הנאשם למחמד"": 4, ""מיקום הפגישות"": ""סמוך לבית מחמד"", ""תקלות בנשק"": ""שני תת-מקלעים תקולים"", ""תגובת הנאשם לתקלה"": ""סירוב להחליף נשק לאחר החלפה ראשונה"", ""כמות תחמושת"": ""ללא""}",25.0,"להלן ניתוח הדמיון המהותי בין שני התיקים, ממד אחר ממד:

1. **סוג העבירה וחומרתה:** שני התיקים עוסקים בעבירות נשק, אך תיק 1 הוא החזקה בלבד (144(א)), בעוד תיק 2 הוא סחר בנשק (144(ב)). סחר בנשק חמור משמעותית מהחזקה, ולכן יש הבדל מהותי בחומרה.
2. **תפקיד הנאשם ומעורבותו:** בתיק 1 הנאשם מחזיק בנשק מוסלק, מה שמצביע על מעורבות יחסית פסיבית. בתיק 2 הנאשם מעורב בסחר, כלומר יזם או סוחר, מעורבות אקטיבית וחמורה יותר.
3. **שיטת הביצוע (MO):** בתיק 1 הנשק מוסלק, בעוד בתיק 2 מדובר בעסקת סחר עם ניסיון שימוש בנשק. שיטות הביצוע שונות לחלוטין.
4. **נסיבות הליבה:** תיק 1 כולל מספר מחסניות ונשק עם מספר סידורי שנמחק. תיק 2 כולל שני תת-מקלעים תקולים, ניסיון ירי כושל, ומניע כלכלי ברור. הכמויות שונות, וקיימת מעורבות של צד ג' (מחמד) בתיק 2, מה שמוסיף מורכבות.
5. **ישימות כתקדם:** לא סביר שבית משפט יראה בתיק 1 תקדים רלוונטי לתיק 2. ההבדל בין 144(א) ל-144(ב) הוא קריטי, והמעורבות השונה של הנאשם, שיטת הביצוע והנסיבות הליבה מחזקות את ההבדל.

SIMILARITY_SCORE: 25","ok",""
"ME-17-05-633-549","ME-19-04-1316-977",3,1,1,"{""אופן החזקת הנשק"": ""מוסלק - מוסתר"", ""אופן קבלת הנשק"": ""רכש"", ""כמות תחמושת"": ""2 מחסניות, מאות כדורים, 2 מחסניות ובהן 0 כדורים"", ""מטרה-סיבת העבירה"": ""בצע כסף"", ""מספר עבירה"": ""144 א, 144 ב"", ""סוג הנשק [אקדח]"": 2.0, ""סוג הנשק [תת מקלע מאולתר]"": 1.0, ""סוג עבירה"": ""החזקה נשק, סחר בנשק"", ""סטטוס הנשק"": ""נשק מופרד מתחמושת"", ""תכנון"": ""כן"", ""שמות נוספים מעורבים"": ""רביע חוסיין, נצרי ח'ליפה"", ""סוגי נשק נוספים"": ""קרלו-גוסטב, סירקיס, חלוואני"", ""מנגנון הדק"": ""חסר, מאולתר"", ""פרטי תשלום"": ""7,000 ₪ במועד נדחה, 14,000 ₪ במזומן"", ""שנת העבירה"": ""2013, 2015"", ""פרטי תמורה"": ""אקדח תמורת תת מקלע, נשק ומחסניות תמורת כסף"", ""שימוש"": ""לא""}","{""אופן החזקת הנשק"": ""ברכב"", ""אופן קבלת הנשק"": ""מאחר"", ""כמות תחמושת"": ""900 כדורים"", ""מטרה-סיבת העבירה"": ""בצע כסף"", ""מספר עבירה"": ""144 ב"", ""סוג הנשק [תת מקלע מאולתר]"": 1.0, ""סוג עבירה"": ""סחר בנשק, ניסיון לסחר"", ""סטטוס הנשק"": ""תקין"", ""תכנון"": ""כן"", ""סוג תחמושת"": ""כדורי M16 ו-5.56 מ\""מ"", ""מספר תחמושת"": ""1100 כדורים"", ""מחיר העסקה"": ""19000 ₪"", ""מיקום העסקה"": ""א-ראם"", ""זמן העסקה"": ""בין פברואר למרץ 2019"", ""סוג הנשק [אקדח]"": 1.0, ""סוג הנשק [קרלו]"": 1.0, ""סטטוס הנשק [מקולקל]"": 1.0, ""התקשרות עם צד שלישי"": ""האחר"", ""התקשרות עם סוכן"": ""מספר שיחות תיאום"", ""הבטחת נשק נוסף"": ""אקדח ותחמושת תואמת"", ""שימוש"": ""לא""}",75.0,"## ניתוח דמיון בין תיק 1 לתיק 2:

1. **סוג העבירה וחומרתה:** שני התיקים עוסקים בסחר בנשק (144ב) והחזקת נשק (144א בתיק 1). החומרה דומה, שכן מדובר בעבירות חמורות הכוללות סחר בנשק חם.
2. **תפקיד הנאשם ומעורבותו:** בשני התיקים הנאשם מעורב בסחר בנשק, כלומר לא מדובר במחזיק פסיבי. בתיק 1 יש גם אלמנט של רכישה, אך הליבה היא סחר.
3. **שיטת הביצוע (MO):** בשני התיקים מדובר בעסקאות מכירה/קנייה של נשק עבור בצע כסף. יש תכנון מראש בשני המקרים.
4. **נסיבות הליבה:** בשני התיקים מדובר בכמויות משמעותיות של תחמושת. בתיק 1 יש מגוון רחב יותר של סוגי נשק, אך בשני התיקים יש מעורבות של תת מקלעים מאולתרים.
5. **ישימות כתקדים:** בית המשפט עשוי לראות את שני התיקים כרלוונטיים זה לזה לצורכי ענישה, במיוחד בהינתן המטרה הדומה (בצע כסף) והמעורבות בסחר בנשק. העובדה ששניהם כוללים 144ב מחזקת את הרלוונטיות.

SIMILARITY_SCORE: 75","ok",""
"ME-16-04-12480-812","ME-13-10-28139-807",3,1,1,"{""מיקום האירועים"": ""טירת הכרמל, בית המתלונן, אתר בניה"", ""זמן האירועים"": ""פחות משעה וחצי לאחר הוויכוח, יומיים לאחר האירוע הראשון, יום לאחר הירי השני"", ""סוג הנשק הנוסף"": ""תת מקלע מאולתר"", ""מספר כדורים שנורו"": ""12 קליעים, 2 כדורים"", ""מיקום החזקת הנשק והתחמושת"": ""בזחל של כלי עבודה, מתחת לתקרה אקוסטית במכולה"", ""סכום החוב"": ""300 ₪"", ""סוג העסקה המובילה לסכסוך"": ""עסקת רכב"", ""מספר עבירה"": ""144 א, 144 ב"", ""סוג עבירה"": ""החזקה נשק, נשיאת נשק, הובלת נשק"", ""עבירות נוספות"": ""יסיון חבלה חמורה בנסיבות מחמירות, איומים"", ""סוג הנשק [תת מקלע מאולתר]"": 1.0, ""סטטוס הנשק"": ""נשק מופרד מתחמושת"", ""תכנון"": ""כן"", ""אופן החזקת הנשק"": ""ברכב, על גופו, מוסלק - מוסתר"", ""כמות תחמושת"": ""מחסנית + 17 כדורים"", ""מטרה-סיבת העבירה"": ""סכסוך"", ""שימוש"": ""כן,ירי""}","{""אופן החזקת הנשק"": ""על גופו"", ""מטרה-סיבת העבירה"": ""סכסוך"", ""מספר עבירה"": ""144 א"", ""סוג הנשק [אקדח]"": 1.0, ""סוג עבירה"": ""ביצוע עבירות בנשק"", ""סטטוס הנשק"": ""תקין"", ""עבירות נוספות"": ""ניסיון לחבלה חמורה בנסיבות מחמירות לפי סעיפים 333+335(א)(1) ו-25 לפי החוק."", ""שימוש"": ""כן,ירי"", ""תכנון"": ""כן"", ""מיקום האירוע"": ""רהט"", ""קורבנות"": ""המתלונן ובנו"", ""גיל הקטין"": 18, ""מספר קליעים שפגעו"": 3, ""התנהלות הנאשם לאחר האירוע"": ""נמלט מהמקום"", ""פגיעה ברכוש"": ""קליעים חדרו לדלת הנהג"", ""סוג הרכב"": ""רכב פרטי"", ""מיקום הירי"": ""לעבר דלת הנהג"", ""כמות תחמושת"": ""ללא""}",65.0,"להלן ניתוח הדמיון המהותי בין שני התיקים, ממד אחר ממד:

1. **סוג העבירה וחומרתה:** שני התיקים עוסקים בעבירות נשק, אך תיק 1 כולל גם עבירות של הובלה ונשיאה (144(ב)) בנוסף להחזקה, בעוד תיק 2 מתמקד בהחזקה בלבד (144(א)). חומרת התיקים דומה, שניהם כוללים ניסיון לחבלה חמורה, אך תיק 1 כולל גם איומים.
2. **תפקיד הנאשם ומעורבותו:** בשני התיקים הנאשם מעורב ישירות בירי, אך בתיק 1 ישנה אינדיקציה לתכנון מוקדם יותר ולשימוש בנשק מורכב יותר (תת מקלע מאולתר). בתיק 2, הנאשם נמלט מהמקום לאחר הירי, מה שמצביע על מעורבות ישירה אך אולי פחות מתוכננת.
3. **שיטת הביצוע (MO):** בשני התיקים בוצע ירי לעבר אדם/רכב, כתוצאה מסכסוך. עם זאת, אופי הסכסוך שונה (חוב כספי לעומת סכסוך כללי), ומיקום הירי שונה (בית/אתר בניה לעומת רכב).
4. **נסיבות הליבה:** בשני התיקים נעשה שימוש בנשק חם, וישנם קורבנות. תיק 1 כולל כמות תחמושת משמעותית יותר (17 כדורים + מחסנית) לעומת תיק 2 (ללא תחמושת מצוינת). תיק 1 מתאר תכנון מוקדם, בעוד תיק 2 מתאר נסיבות פחות ברורות.
5. **ישימות כתקדים:** בשל העובדה שתיק 1 כולל עבירות נשיאה והובלה (144(ב)) בנוסף להחזקה (144(א)), הוא עשוי לשמש כתקדים לענישה בתיק 2, אך רק באופן חלקי. העובדה ששני התיקים כוללים ניסיון לחבלה חמורה עשויה להשפיע על גזר הדין, אך ההבדלים בסוג הנשק, כמות התחמושת והתכנון המוקדם יצטרכו להילקח בחשבון.

SIMILARITY_SCORE: 65","ok",""
"ME-17-05-633-549","ME-09-05-16192-355",1,0,0,"{""אופן החזקת הנשק"": ""מוסלק - מוסתר"", ""אופן קבלת הנשק"": ""רכש"", ""כמות תחמושת"": ""2 מחסניות, מאות כדורים, 2 מחסניות ובהן 0 כדורים"", ""מטרה-סיבת העבירה"": ""בצע כסף"", ""מספר עבירה"": ""144 א, 144 ב"", ""סוג הנשק [אקדח]"": 2.0, ""סוג הנשק [תת מקלע מאולתר]"": 1.0, ""סוג עבירה"": ""החזקה נשק, סחר בנשק"", ""סטטוס הנשק"": ""נשק מופרד מתחמושת"", ""תכנון"": ""כן"", ""שמות נוספים מעורבים"": ""רביע חוסיין, נצרי ח'ליפה"", ""סוגי נשק נוספים"": ""קרלו-גוסטב, סירקיס, חלוואני"", ""מנגנון הדק"": ""חסר, מאולתר"", ""פרטי תשלום"": ""7,000 ₪ במועד נדחה, 14,000 ₪ במזומן"", ""שנת העבירה"": ""2013, 2015"", ""פרטי תמורה"": ""אקדח תמורת תת מקלע, נשק ומחסניות תמורת כסף"", ""שימוש"": ""לא""}","{""אופן החזקת הנשק"": ""ברכב"", ""כמות תחמושת"": ""מחסנית ובה 10 כדורים"", ""מספר עבירה"": ""144 ב"", ""סוג הנשק [תת מקלע]"": 1.0, ""סוג עבירה"": ""נשיאת נשק, הובלת נשק"", ""סטטוס הנשק"": ""נשק מופרד מתחמושת"", ""תכנון"": ""לא"", ""מיקום האירוע"": ""אום אל פחם"", ""זמן האירוע"": ""19.5.09 בשעה 23:30"", ""סוג הרכב"": ""טויוטה"", ""בעלות הרכב"": ""בן משפחת הנאשם, אחמד מחאג'נה"", ""פעולת הנאשם בעת עצירה"": ""ניסיון להימלט מהשוטרים"", ""תגובת השוטרים"": ""רדיפה אחר הרכב ודימום הרכב"", ""מצב המחסנית"": ""במצב הכנס"", ""שימוש"": ""לא""}",35.0,"להלן ניתוח הדמיון המהותי בין שני התיקים:

1. **סוג העבירה וחומרתה:** שני התיקים עוסקים בעבירות נשק לפי חוק העונשין, אך תיק 1 כולל גם סחר בנשק (144א + 144ב) בעוד תיק 2 מתמקד בנשיאה והובלה (144ב) בלבד. חומרת העבירה בתיק 1 גבוהה יותר בשל הסחר.
2. **תפקיד הנאשם ומעורבותו:** בתיק 1 הנאשם מעורב ברכישה, סחר ואף תכנון, מה שמצביע על תפקיד מרכזי. בתיק 2 הנאשם נראה כמי שמחזיק ומסיע את הנשק, ייתכן כחלק מפעילות פלילית אחרת, אך לא בהכרח כסוחר.
3. **שיטת הביצוע (MO):** בתיק 1 הנשק מוסלק, מה שמצביע על הסתרה ותכנון. בתיק 2 הנשק נמצא ברכב, מה שמצביע על הובלה. שיטות הביצוע שונות באופן מהותי.
4. **נסיבות הליבה:** תיק 1 כולל כמות תחמושת גדולה משמעותית, סוגי נשק מגוונים (כולל נשק מאולתר) ותשלום כספי. תיק 2 כולל כמות תחמושת קטנה ותת מקלע אחד. תיק 1 מעיד על פעילות ענפה ומתוכננת, בעוד תיק 2 מצביע על אירוע נקודתי.
5. **ישימות כתקדים:** בשל השוני המהותי בחומרת העבירה, תפקיד הנאשם וכמות התחמושת, סביר שבית המשפט לא יראה בתיק 2 תקדים רלוונטי לענישה בתיק 1. תיק 1 עשוי לשמש תקדים לתיקים דומים של סחר בנשק, אך לא לתיקים של נשיאת נשק בלבד.

SIMILARITY_SCORE: 35","ok",""
"ME-16-05-336-804","ME-15-12-39071-113",1,0,0,"{""אופן החזקת הנשק"": ""ברכב, על גופו"", ""כמות תחמושת"": ""מחסנית ריקה ובה 0 כדורים + מחסנית ריקה ובה 0 כדורים + 26 כדורים"", ""מספר עבירה"": ""144 ב"", ""סוג הנשק [תת מקלע מאולתר]"": 1.0, ""סוג עבירה"": ""נשיאת נשק, הובלת נשק"", ""סטטוס הנשק"": ""נשק מופרד מתחמושת"", ""שימוש"": ""כן,ירי"", ""תכנון"": ""לא"", ""זמן האירוע"": ""שעת ערב"", ""מיקום האירוע"": ""טקס חינה"", ""תאריך האירוע"": ""24/04/16"", ""סוג הנשק"": ""תת מקלע מאולתר מסוג קרל גוסטב"", ""התנהלות במהלך המעצר"": ""ניסיון להימלט, זריקת הנשק מהרכב"", ""מעורבות צד שלישי"": ""רדואן סמארה, נהג הרכב"", ""פעולת השוטרים"": ""רדיפה ותפיסת הנשק והתחמושת""}","{""אופן החזקת הנשק"": ""ברכב, מוסלק - מוסתר"", ""מטרה-סיבת העבירה"": ""הגנה עצמית"", ""מספר עבירה"": ""144 א"", ""סוג הנשק [אקדח]"": 1.0, ""סוג עבירה"": ""החזקה נשק"", ""סטטוס הנשק"": ""תקין"", ""תכנון"": ""לא"", ""סוג רכב"": ""מזדה 3"", ""מספר רישיון רכב"": ""71-098-16"", ""מיקום האירוע"": ""כביש מספר 1, בסמוך למחלף הראל"", ""זמן האירוע"": ""12.10.13, בשעה 22:30"", ""מיקום החזקת הנשק ברכב"": ""מתחת לשטיח שמתחת למושב הסמוך לנהג"", ""סוג הנשק"": ""אקדח חצי אוטומטי מסוג סטאר"", ""שימוש"": ""לא"", ""כמות תחמושת"": ""ללא""}",30.0,"1. **סוג העבירה וחומרתה:** תיק 1 עוסק בעבירות חמורות יותר של נשיאה והובלת נשק (144(ב)) ושימוש בו, בעוד תיק 2 עוסק בהחזקה בלבד (144(א)). הפער בחומרה משמעותי.
2. **תפקיד הנאשם ומעורבותו:** בתיק 1 הנאשם מעורב באופן פעיל יותר - ירי מנשק, ניסיון הימלטות. בתיק 2 מדובר בהחזקה פסיבית יחסית, הנשק מוסלק ברכב.
3. **שיטת הביצוע (MO):** בשני התיקים הנשק נמצא ברכב, אך בתיק 1 הנשק היה על גופו של הנאשם ושימש לירי, בעוד שבתיק 2 הנשק מוסלק. שיטת הביצוע שונה באופן מהותי.
4. **נסיבות הליבה:** תיק 1 כולל שימוש בנשק, כמות תחמושת (גם אם מוגבלת) ומתרחש באירוע המוני (טקס חינה). תיק 2 מתרחש בכביש מהיר, ללא שימוש בנשק וללא תחמושת. הנסיבות שונות מאוד.
5. **ישימות כתקדים:** לא סביר שבית משפט יראה בתיק 2 תקדים רלוונטי לתיק 1, לאור ההבדלים המשמעותיים בסוג העבירה, חומרתה, ושיטת הביצוע. תיק 1 עשוי לשמש תקדים לתיקים דומים של נשיאת נשק ושימוש בו, אך לא לתיקי החזקה בלבד.

SIMILARITY_SCORE: 30","ok",""
"ME-16-10-12213-904","ME-09-05-16192-355",3,1,1,"{""סוג רכב"": ""סובארו"", ""בעלות על הרכב"": ""רשום על שם אחיו, מג'ד"", ""מיקום החזקת הנשק"": ""מתחת לכיסא הנוסע שליד הנהג"", ""מיקום המחסנית"": ""מתחת לכיסא הנוסע שליד הנהג"", ""מקום מגורים"": ""אום-אל-פחם"", ""מקום החזקת הנשק"": ""בית אמו"", ""סוג התחמושת"": ""כדור 9 מ\""מ"", ""מקום התפיסה"": ""במוסך במורד הרחוב"", ""מספר עבירה"": ""144 ב"", ""סוג עבירה"": ""נשיאת נשק"", ""סוג הנשק [תת מקלע מאולתר]"": 1.0, ""סטטוס הנשק"": ""נשק מופרד מתחמושת"", ""תכנון"": ""כן"", ""אופן החזקת הנשק"": ""ברכב, מוסלק - מוסתר"", ""אופן קבלת הנשק"": ""מצא"", ""כמות תחמושת"": ""מחסנית ריקה ובה 0 כדורים + 1 כדור"", ""שימוש"": ""לא""}","{""אופן החזקת הנשק"": ""ברכב"", ""כמות תחמושת"": ""מחסנית ובה 10 כדורים"", ""מספר עבירה"": ""144 ב"", ""סוג הנשק [תת מקלע]"": 1.0, ""סוג עבירה"": ""נשיאת נשק, הובלת נשק"", ""סטטוס הנשק"": ""נשק מופרד מתחמושת"", ""תכנון"": ""לא"", ""מיקום האירוע"": ""אום אל פחם"", ""זמן האירוע"": ""19.5.09 בשעה 23:30"", ""סוג הרכב"": ""טויוטה"", ""בעלות הרכב"": ""בן משפחת הנאשם, אחמד מחאג'נה"", ""פעולת הנאשם בעת עצירה"": ""ניסיון להימלט מהשוטרים"", ""תגובת השוטרים"": ""רדיפה אחר הרכב ודימום הרכב"", ""מצב המחסנית"": ""במצב הכנס"", ""שימוש"": ""לא""}",65.0,"1. **סוג העבירה וחומרתה:** שני התיקים עוסקים בעבירה של נשיאת נשק (144ב), כאשר בתיק 2 מדובר גם בהובלה. רמת החומרה דומה, שכן מדובר בתת מקלע, אך תיק 2 כולל גם ניסיון התנגדות, מה שעשוי להחמיר את הענישה.
2. **תפקיד הנאשם ומעורבותו:** בשני התיקים הנאשם מחזיק בנשק ברכב שאינו בבעלותו, אך בתיק 2 ישנה מעורבות נוספת של ניסיון בריחה מהמשטרה. בשני המקרים מדובר בהחזקה פעילה, אך בתיק 2 יש גם אלמנט של הובלה וניסיון התחמקות.
3. **שיטת הביצוע (MO):** בשני התיקים הנשק מוסלק ברכב. בתיק 1 הנשק מוסתר מתחת לכיסא, ובתיק 2 הנשק נמצא ברכב באופן כללי. הדמיון בשיטת הביצוע קיים, אך לא זהה לחלוטין.
4. **נסיבות הליבה:** בשני התיקים מדובר בתת מקלע, הנשק מופרד מהתחמושת, והשימוש בנשק לא הוכח. תיק 1 כולל כמות תחמושת מזערית (כדור בודד), בעוד בתיק 2 יש מחסנית מלאה. תיק 2 כולל גם ניסיון בריחה, נסיבה מחמירה.
5. **ישימות כתקדים:** בהתחשב בדמיון בסוג העבירה, סוג הנשק וההחזקה ברכב, בית המשפט עשוי לראות בתיק 1 תקדים רלוונטי לתיק 2, אך יתייחס גם להבדלים המשמעותיים (כמות התחמושת, ניסיון הבריחה) בעת גזירת הדין.

SIMILARITY_SCORE: 65","ok",""
"ME-16-10-9348-780","SH-10-02-25802-731",1,0,0,"{""אופן החזקת הנשק"": ""בבית, ברכב"", ""אופן קבלת הנשק"": ""גנב"", ""כמות תחמושת"": ""75 כדורים"", ""מטרה-סיבת העבירה"": ""לעורר את אביו"", ""מספר עבירה"": ""144 ב"", ""סוג הנשק [רובה צייד]"": 1.0, ""סוג עבירה"": ""נשיאת נשק"", ""סטטוס הנשק"": ""נשק מופרד מתחמושת"", ""תכנון"": ""לא"", ""סוג תחמושת"": ""כדורי צייד קליבר 12 מ\""מ"", ""מקום החזקת התחמושת"": ""מחסן הבית"", ""סכום כסף גנוב"": ""3500 ₪"", ""סכום שיק גנוב"": ""500 ₪"", ""מקום העצירה"": ""קריית גת"", ""שותפים לעבירה"": ""מוחמד יונס, הקטין פ. י."", ""מקום מסירת הנשק והתחמושת"": ""בית הקטין בערערה"", ""שימוש"": ""לא""}","{""אופן החזקת הנשק"": ""בבית"", ""מספר עבירה"": ""144 א"", ""סוג הנשק [רובה צייד]"": 1.0, ""סוג עבירה"": ""החזקה נשק"", ""סטטוס הנשק"": ""תקול"", ""עבירות נוספות"": ""החזקת חלק-אבזר תחמושת של כלי נשק"", ""תכנון"": ""לא"", ""תאריך העבירה"": ""16/07/09"", ""שעת העבירה"": ""11:00"", ""מיקום העבירה"": ""כפר מגדל שמס"", ""סוג התחמושת"": ""כדור רובה צייד"", ""פוטנציאל הריגה"": ""כלי נשק ותחמושת בעלי כוח להמית אדם"", ""שימוש"": ""לא"", ""כמות תחמושת"": ""ללא""}",35.0,"להלן ניתוח הדמיון המהותי בין שני התיקים:

1. **סוג העבירה וחומרתה:** שני התיקים עוסקים ברובי צייד, אך תיק 1 הוא נשיאה (144(ב)) ותיק 2 הוא החזקה (144(א)). החומרה שונה משמעותית - נשיאה חמורה יותר מהחזקה בלבד.
2. **תפקיד הנאשם ומעורבותו:** בתיק 1 הנאשם מעורב עם שותפים, גנב את הנשק וייתכן שיש לו תפקיד פעיל יותר. בתיק 2 אין מידע על מעורבות של אחרים, וההחזקה היא בבית, מה שמרמז על מעורבות פחותה.
3. **שיטת הביצוע (MO):** בשני התיקים הנשק נמצא בבית, אך בתיק 1 יש גם החזקה ברכב. השיטה דומה בחלק מההיבטים, אך תיק 1 מורכב יותר.
4. **נסיבות הליבה:** תיק 1 כולל כמות תחמושת משמעותית (75 כדורים) ונסיבות מחמירות (גניבה, מטרה לעורר את האב). תיק 2 לא מציין כמות תחמושת, והנשק תקול, מה שעשוי להוות נסיבה מקלה.
5. **ישימות כתקדם:** בשל ההבדל המהותי בסוג העבירה (144(א) לעומת 144(ב)), בית המשפט לא יראה בתיק 2 תקדים רלוונטי לתיק 1. תיק 1 עשוי לשמש כתקדים לתיקים אחרים של נשיאת נשק, אך לא להיפך.

SIMILARITY_SCORE: 35","ok",""
"ME-16-05-25902-514","ME-12-05-33444-999",3,1,1,"{""אופן החזקת הנשק"": ""בבית, על גופו"", ""אופן קבלת הנשק"": ""רכש"", ""כמות תחמושת"": ""מחסנית ובה 7 כדורים"", ""מטרה-סיבת העבירה"": ""הגנה עצמית"", ""מספר עבירה"": ""144 א, 144 ב"", ""סוג הנשק [אקדח]"": 1.0, ""סוג עבירה"": ""החזקה נשק, נשיאת נשק"", ""סטטוס הנשק"": ""נשק עם מחסנית בהכנס"", ""תכנון"": ""לא"", ""תאריך גניבת הנשק"": ""31.12.13"", ""מקום גניבת הנשק"": ""מביתו של דינו תמאם"", ""תאריך רכישת הנשק"": ""במהלך חודש פברואר 2016"", ""מקום החזקת הנשק"": ""במקלט ביתו בקלנסוואה"", ""תאריך נשיאת הנשק לעבודה"": ""מחודש פברואר 2016 ועד ליום 8.5.16"", ""שעה בה נשא הנאשם את הנשק"": ""בסמוך לשעה 06:00"", ""מספר סידורי של הנשק"": ""682663"", ""סוג הנשק"": ""אקדח מסוג ברטה"", ""שימוש"": ""לא""}","{""אופן החזקת הנשק"": ""ברכב, מוסלק - מוסתר"", ""כמות תחמושת"": ""3 מחסניות"", ""מטרה-סיבת העבירה"": ""הגנה עצמית"", ""מספר עבירה"": ""144 א"", ""סוג הנשק [אקדח]"": 1.0, ""סוג עבירה"": ""החזקה נשק"", ""סטטוס הנשק"": ""נשק עם מחסנית בהכנס"", ""תכנון"": ""לא"", ""סוג האקדח"": ""ברטה"", ""מספר סידורי של האקדח"": ""D60383Y"", ""מיקום החזקת הנשק ברכב"": ""מתחת למושב הקדמי הימני, בתיק שחור ליד כיסא הנהג, בתא האחסון של דלת הנהג"", ""תאריך האירוע"": ""11.5.12"", ""מיקום האירוע"": ""רחובות"", ""שימוש"": ""לא""}",55.0,"להלן ניתוח הדמיון המהותי בין שני התיקים:

1. **סוג העבירה וחומרתה:** שני התיקים עוסקים בעבירות של החזקת נשק (144א). תיק 1 כולל גם נשיאת נשק (144ב), מה שמגדיל את חומרתו. עם זאת, העובדה ששני התיקים מתמקדים בהחזקה, ולאו דווקא בשימוש או סחר, מצביעה על דמיון מסוים.
2. **תפקיד הנאשם ומעורבותו:** בשני התיקים הנאשם הוא מחזיק בנשק, ולא יזם או סוחר. בתיק 1 יש מעורבות נוספת של נשיאת הנשק, אך בשני התיקים מדובר בהחזקה אישית.
3. **שיטת הביצוע (MO):** שיטת הביצוע שונה. בתיק 1 הנשק הוחזק בבית ובגוף, בעוד שבתיק 2 הוא הוסלק ברכב. זהו הבדל משמעותי באופן הסתרת הנשק.
4. **נסיבות הליבה:** בשני התיקים הנשק הוחזק עם מחסנית מלאה, והמטרה הייתה הגנה עצמית. כמות התחמושת שונה (7 כדורים לעומת 3 מחסניות), אך סדר הגודל דומה. העובדה שבשני התיקים לא נעשה שימוש בנשק היא נקודת דמיון.
5. **ישימות כתקדים:** בית המשפט עשוי לראות את שני התיקים כרלוונטיים בענישה, בעיקר בשל סוג העבירה (החזקת נשק) והמטרה (הגנה עצמית). עם זאת, העובדה שתיק 1 כולל גם נשיאת נשק, וההבדלים בשיטת הביצוע, יצמצמו את הרלוונטיות שלו כתקדים.

SIMILARITY_SCORE: 55","ok",""
"ME-15-08-44579-251","ME-14-12-6904-57",2,0,1,"{""אופן החזקת הנשק"": ""ברכב, מוסלק - מוסתר"", ""כמות תחמושת"": ""מחסנית ובה 0 כדורים"", ""מספר עבירה"": ""144 ב"", ""סוג הנשק [אקדח]"": 1.0, ""סוג עבירה"": ""נשיאת נשק"", ""סטטוס הנשק"": ""נשק מופרד מתחמושת"", ""תכנון"": ""לא"", ""סוג הרכב"": ""קטנוע"", ""מותג הרכב"": ""גוימקס"", ""מספר לוחית רישוי"": ""3689624"", ""מצב לוחית רישוי"": ""מזויפת"", ""מצב רישיון נהיגה של הנהג"": ""ללא רישיון נהיגה"", ""מיקום האירוע"": ""כביש 4, חדרה, קרבת אזור התעשייה הצפוני"", ""זמן האירוע"": ""10.08.15, 22:05"", ""סוג האקדח"": ""FN"", ""מספר סידורי של האקדח"": ""459238"", ""אופן אחסון הנשק"": ""עטוף בסמרטוט בתוך שקית אשפה"", ""פעולת השוטר"": ""הדלקת אורות כחולים, רדיפה, קריאה לעצור"", ""תגובת הנהג לשוטר"": ""המשך נסיעה, הגברת מהירות, נסיעה באור אדום"", ""תוצאת הרדיפה"": ""פגיעה בניידות משטרה, ניסיון בריחה רגלית, תפיסה של הנאשם והנהג"", ""שימוש"": ""לא""}","{""מיקום הדירה"": ""תל אביב"", ""תאריך רכישת הנשק"": ""18.11.2014"", ""מחיר הנשק"": ""4000 ש\""ח"", ""סוג הנשק"": ""רובה מאולתר מדגם קרל גוסטב"", ""תאריך העבירה"": ""18.11.2014"", ""שעת העבירה"": ""16:40"", ""אופן הסתרת הנשק"": ""עטוף בבגדים בתוך תיק גב"", ""כמות קנאביס"": ""0.3027 גרם נטו"", ""מיקום החזקת הנשק בדירה"": ""מוטמן בארון בגדים בחדר השינה"", ""מספר עבירה"": ""144 ב"", ""סוג עבירה"": ""נשיאת נשק, הובלת נשק"", ""עבירות נוספות"": ""החזקת סם לצריכה עצמית"", ""סוג הנשק [תת מקלע מאולתר]"": 1.0, ""סטטוס הנשק"": ""נשק מופרד מתחמושת"", ""תכנון"": ""כן"", ""אופן החזקת הנשק"": ""בבית, על גופו, מוסלק - מוסתר"", ""אופן קבלת הנשק"": ""רכש"", ""כמות תחמושת"": ""מחסנית"", ""מטרה-סיבת העבירה"": ""הגנה עצמית""}",65.0,"להלן ניתוח הדמיון המהותי בין שני התיקים:

1. **סוג העבירה וחומרתה:** שני התיקים עוסקים בעבירה של נשיאת נשק (144(ב)), אך תיק 2 מוסיף גם הובלה וכן עבירת סם נלווית. חומרת העבירה דומה, אך תיק 2 מעט חמור יותר בשל הובלת הנשק והעבירה הנוספת.
2. **תפקיד הנאשם ומעורבותו:** בשני התיקים הנאשם מחזיק בנשק, אך בתיק 2 יש רכישה מפורשת, המצביעה על מעורבות אקטיבית יותר (יזם/קונה) לעומת תיק 1 שבו הנשק מוסלק ברכב, מה שמרמז על הובלה או החזקה זמנית.
3. **שיטת הביצוע (MO):** בשני התיקים הנשק מוסלק (ברכב/בתיק גב/בארון), אך אופן ההסלקה שונה. בשניהם הנשק מופרד מהתחמושת.
4. **נסיבות הליבה:** בשני התיקים יש מחסנית, אך בתיק 2 מצוין גם כמות תחמושת (מחסנית), בעוד שבתיק 1 מצוין שהמחסנית ריקה. תיק 2 מציין תכנון מראש ומטרה של הגנה עצמית, בעוד בתיק 1 אין התייחסות לתכנון או למטרה. תיק 1 כולל מרדף משטרתי ופגיעה בניידת, נסיבות מחמירות שאינן קיימות בתיק 2.
5. **ישימות כתקדים:** בשל הדמיון בעבירה (144(ב)) ובעובדה שהנשק מוסלק, בית המשפט עשוי לראות בתיק 1 תקדים רלוונטי לענישה בתיק 2, אך הנסיבות הנוספות בתיק 2 (הובלה, עבירת סם, תכנון, הגנה עצמית) יבואו לידי ביטוי בגזר הדין.

SIMILARITY_SCORE: 65","ok",""
"ME-17-05-633-549","ME-16-03-54615-517",2,0,1,"{""אופן החזקת הנשק"": ""מוסלק - מוסתר"", ""אופן קבלת הנשק"": ""רכש"", ""כמות תחמושת"": ""2 מחסניות, מאות כדורים, 2 מחסניות ובהן 0 כדורים"", ""מטרה-סיבת העבירה"": ""בצע כסף"", ""מספר עבירה"": ""144 א, 144 ב"", ""סוג הנשק [אקדח]"": 2.0, ""סוג הנשק [תת מקלע מאולתר]"": 1.0, ""סוג עבירה"": ""החזקה נשק, סחר בנשק"", ""סטטוס הנשק"": ""נשק מופרד מתחמושת"", ""תכנון"": ""כן"", ""שמות נוספים מעורבים"": ""רביע חוסיין, נצרי ח'ליפה"", ""סוגי נשק נוספים"": ""קרלו-גוסטב, סירקיס, חלוואני"", ""מנגנון הדק"": ""חסר, מאולתר"", ""פרטי תשלום"": ""7,000 ₪ במועד נדחה, 14,000 ₪ במזומן"", ""שנת העבירה"": ""2013, 2015"", ""פרטי תמורה"": ""אקדח תמורת תת מקלע, נשק ומחסניות תמורת כסף"", ""שימוש"": ""לא""}","{""מטרה-סיבת העבירה"": ""בצע כסף"", ""מספר עבירה"": ""144 ב"", ""סוג הנשק [תת מקלע]"": 2.0, ""סוג עבירה"": ""סחר בנשק"", ""סטטוס הנשק"": ""תקול"", ""שימוש"": ""ניסיון לירי ללא הצלחה"", ""תכנון"": ""כן"", ""סוג תת-מקלע"": ""קרלו"", ""מספר תת-מקלעים"": 2, ""מחיר תת-מקלע"": 3000, ""מספר פגישות בין הנאשם למחמד"": 4, ""מיקום הפגישות"": ""סמוך לבית מחמד"", ""תקלות בנשק"": ""שני תת-מקלעים תקולים"", ""תגובת הנאשם לתקלה"": ""סירוב להחליף נשק לאחר החלפה ראשונה"", ""כמות תחמושת"": ""ללא""}",65.0,"להלן ניתוח הדמיון המהותי בין שני התיקים:

1. **סוג העבירה וחומרתה:** שני התיקים עוסקים בסחר בנשק (144ב), אך תיק 1 כולל גם עבירת החזקה (144א). חומרת התיקים דומה, שכן שניהם נוגעים לסחר, אך תיק 1 מורכב יותר בשל הכמות הגדולה של הנשק והתחמושת.
2. **תפקיד הנאשם ומעורבותו:** בשני התיקים הנאשם מעורב בסחר, אך בתיק 1 יש רמזים למעורבות רחבה יותר (רכישה, החלפה) ואף שותפים נוספים. בתיק 2, המעורבות מצומצמת יותר לעסקת מכירה של נשק תקול.
3. **שיטת הביצוע (MO):** בשני התיקים שיטת הביצוע כוללת פגישות לצורך סחר בנשק, וקבלת תמורה כספית. עם זאת, בתיק 1 יש מורכבות רבה יותר בעסקאות (החלפה, תשלומים מדורגים) ובסוגי הנשק.
4. **נסיבות הליבה:** שני התיקים מונעים על ידי בצע כסף, ותכנון מוקדם. תיק 1 כולל כמות תחמושת משמעותית, בעוד בתיק 2 אין תחמושת כלל. תיק 1 כולל גם נשק מוסלק, מה שמוסיף נסיבה מחמירה.
5. **ישימות כתקדים:** בית המשפט עשוי לראות את שני התיקים כרלוונטיים זה לזה לצורכי ענישה, בעיקר בשל היסוד של סחר בנשק. עם זאת, ההבדלים המשמעותיים בכמות הנשק, התחמושת, המעורבות של הנאשם והנסיבות הנוספות יבואו לידי ביטוי בגזר הדין. תיק 1, בהיותו מורכב יותר, עשוי להוות תקדים מחמיר יותר.

SIMILARITY_SCORE: 65","ok",""
"ME-20-01-62688-591","ME-16-09-398-589",3,1,1,"{""אופן החזקת הנשק"": ""ברכב, על גופו"", ""מטרה-סיבת העבירה"": ""סכסוך"", ""מספר עבירה"": ""144 ב"", ""סוג הנשק [אקדח]"": 1.0, ""סוג עבירה"": ""נשיאת נשק, הובלת נשק"", ""סטטוס הנשק"": ""נשק עם כדור בקנה"", ""עבירות נוספות"": ""חבלה בכוונה מחמירה - עבירה לפי סעיף 329 (א)(1) לחוק העונשין; החזקת סם מסוכן לצריכה עצמית - עבירה לפי סעיף 7(א) + (ג) סיפא לפקודת הסמים המסוכנים [נוסח חדש], התשל\""ג-1973."", ""שימוש"": ""כן,ירי"", ""תכנון"": ""כן"", ""זמן האירוע"": ""16.1.20 בשעה 14:55"", ""מקום האירוע"": ""עסק בו עבד המתלונן"", ""סוג הרכב"": ""הונדה בצבע שחור"", ""מספר רישוי של הרכב"": ""60-201-70"", ""זהות הנהג"": ""לא ידועה"", ""פגיעה פיזית"": ""שבר פמור שליש פרוקסימלי אספקט קדמי של להקורטקס, ספליט שנמשך עד כ 7 ס\""מ מתחת ל- LT"", ""טיפול רפואי"": ""אושפז ונותח לשחזור ולקיבוע השבר באמצעות מסמר, הקליע הושאר בגוף"", ""מקום האישפוז"": ""בית חולים רמב\""ם"", ""תאריך שחרור מהאשפוז"": ""21.1.20"", ""מקום מעצר הנאשם"": ""תחנת דלק פז בצומת האצטדיון בחיפה"", ""זמן מעצר הנאשם"": ""אותו יום, סמוך לשעה 15:50"", ""כמות הסם"": ""1.5 גרם נטו של קוקאין"", ""סכום הכסף שנמצא על הנאשם"": ""1,950 ₪"", ""כמות תחמושת"": ""ללא""}","{""אופן החזקת הנשק"": ""על גופו"", ""מטרה-סיבת העבירה"": ""סכסוך"", ""מספר עבירה"": ""144 ב"", ""סוג הנשק [אקדח]"": 1.0, ""סוג עבירה"": ""נשיאת נשק"", ""סטטוס הנשק"": ""נשק עם כדור בקנה"", ""עבירות נוספות"": ""חבלה חמורה בנסיבות מחמירות, עבירה לפי סעיף 333 + 335(א)(2+1) לחוק העונשין, התשל\""ז-1977 (להלן: \""החוק\"");"", ""שימוש"": ""כן,ירי"", ""תכנון"": ""כן"", ""מיקום האירוע"": ""גינה ציבורית בבת-ים"", ""תאריך האירוע"": ""לילה שבין 10.8.16 ל-11.8.16"", ""מרחק ירי"": ""10 מטר"", ""פצעים"": ""פצעי כניסה ויציאה בשוק רגל ימנית"", ""טיפול רפואי"": ""טופל בבית חולים"", ""מספר נפגעים"": 1, ""זהות הנפגע"": ""וויליאם קניסופה"", ""זהות נוספת במקום"": ""אליאס וייסי ותמיר נגוסה"", ""זהות הנאשם"": ""לא ידועה למאשימה"", ""כמות תחמושת"": ""ללא""}",85.0,"1. **סוג העבירה וחומרתה:** שני התיקים עוסקים בעבירה של נשיאת נשק (144(ב)), ובשניהם יש שימוש בנשק (ירי) ופציעה חמורה. חומרת העבירה דומה מאוד, שכן בשני המקרים מדובר בפציעה כתוצאה מירי.
2. **תפקיד הנאשם ומעורבותו:** בשני התיקים הנאשם מחזיק בנשק על גופו ומשתמש בו באופן פעיל (ירי). לא ברור מהתיקים האם הנאשמים יזמו את האירוע או היו שליחים, אך מעורבותם הפעילה דומה.
3. **שיטת הביצוע (MO):** שיטת הביצוע דומה - שימוש באקדח טעון (כדור בקנה) לירי לעבר אדם אחר, כתוצאה מסכסוך.
4. **נסיבות הליבה:** בשני התיקים מדובר בפציעה חמורה כתוצאה מירי, וקיימת נסיבת מחמירה של שימוש בנשק. בשני התיקים אין מידע על כמות תחמושת מעבר לכדור בקנה. בשני התיקים יש עבירות נלוות (סמים בתיק 1, חבלה חמורה בתיק 2).
5. **ישימות כתקדים:** בהחלט ייתכן שבית המשפט יראה את שני התיקים כרלוונטיים זה לזה לצורכי ענישה, במיוחד לאור הדמיון בסוג העבירה, חומרתה, שיטת הביצוע והנסיבות. העובדה שבשני המקרים מדובר בפציעה חמורה כתוצאה מירי תהווה שיקול משמעותי.

SIMILARITY_SCORE: 85","ok",""
"ME-16-06-42987-901","ME-16-06-44840-433",3,1,1,"{""אופן קבלת הנשק"": ""מאחר"", ""כמות תחמושת"": ""כדור"", ""מטרה-סיבת העבירה"": ""סכסוך"", ""מספר עבירה"": ""144 ב"", ""סוג הנשק - אם לא נמצא בטבלה"": ""כלי נשק מאולתר"", ""סוג הנשק [רימון הלם/גז]"": 4.0, ""סוג עבירה"": ""נשיאת נשק"", ""סטטוס הנשק"": ""נשק עם כדור בקנה"", ""עבירות נוספות"": ""איומים לפי סעיף 192 לחוק; חבלה מחמירה לפי סעיף 329(א)(2) לחוק וניסיון תקיפה בנסיבות מחמירות לפי סעיפים 382(א) + 25 לחוק העונשין. חמש עבירות של סחר בסמים לפי סעיפים 13+19א' לפקודת הסמים המסוכנים [נוסח חדש] תשל\""ג-1973 ובעבירה אחת של החזקת סם שלא לשימוש עצמי לפי סעיפים 7(א) + 7(ג) רישא לפקודה זו.עבירה של גניבה לפי סעיף 384 לחוק העונשין."", ""שימוש"": ""ניסיון לירי ללא הצלחה, זריקת רימון"", ""תכנון"": ""כן"", ""מקום האירוע"": ""שכונת גילה, ירושלים"", ""סוג הרימון"": ""רימון הלם"", ""תאריך האירוע"": ""לא צוין במפורש"", ""שותפים לעבירה"": ""אמיר סלמה"", ""סוג הסם בתיק הסמים"": ""חשיש"", ""כמות הסם"": ""גרמים בודדים"", ""מחיר הסם"": ""בין 100 ל-400 ש\""ח"", ""זמן המכירות"": ""מאי ויוני 2016"", ""סוג הפריט הגנוב"": ""אופניים חשמליים"", ""שווי הפריט הגנוב"": ""3,000 ש\""ח"", ""תאריך הגניבה"": ""17.5.16""}","{""שנת לידה"": ""1993"", ""מיקום האירוע"": ""רחוב האפרסמון, ירושלים"", ""תאריך האירוע"": ""5.6.16"", ""מעורבים נוספים"": ""אלירון גולד, רן אברג'יל, יוני אברג'יל, נתי קורקוס"", ""פרטי הסדר טיעון"": ""הודאה והרשעה בכתב אישום שתוקן"", ""פרטי הסתרת הנשק"": ""הטמנת רימוני הלם במקום סמוך, העברתם בין שני מקומות מסתור נוספים"", ""מספר עבירה"": ""144 א, 144 ב"", ""סוג עבירה"": ""החזקה נשק, נשיאת נשק"", ""עבירות נוספות"": ""סיוע לנסיון לתקיפה לפי סעיפים 379 + 25 + 31 לחוק"", ""סוג הנשק [רימון רסס]"": 1.0, ""סוג הנשק [רימון הלם/גז]"": 2.0, ""סטטוס הנשק"": ""תקין"", ""תכנון"": ""כן"", ""אופן החזקת הנשק"": ""ברכב, מוסלק - מוסתר"", ""אופן קבלת הנשק"": ""מאחר"", ""מטרה-סיבת העבירה"": ""סכסוך"", ""שימוש"": ""זריקת רימון"", ""כמות תחמושת"": ""ללא""}",65.0,"להלן ניתוח הדמיון המהותי בין שני התיקים, ממד אחר ממד:

1. **סוג העבירה וחומרתה:** שני התיקים עוסקים בעבירות נשק לפי חוק העונשין, כאשר תיק 1 כולל גם עבירות סמים וגניבה, ותיק 2 כולל סיוע לנסיון תקיפה. חומרת העבירה דומה - נשיאת נשק (144ב) בתיק 1 והחזקה ונשיאה (144א, 144ב) בתיק 2, בשני המקרים עם שימוש ברימונים.
2. **תפקיד הנאשם ומעורבותו:** בשני התיקים הנאשמים אינם רק מחזיקים בנשק אלא גם משתמשים בו (זריקת רימון, ניסיון ירי). תיק 1 מצביע על מעורבות רחבה יותר (סחר בסמים, גניבה), בעוד בתיק 2 המעורבות מצומצמת יותר לעבירות נשק וסיוע לתקיפה.
3. **שיטת הביצוע (MO):** בשני התיקים יש שימוש ברימונים כחלק מביצוע העבירה, וקשר לסכסוך. תיק 2 מציין גם הסלקה והעברה של רימונים, מה שמעיד על תכנון מוקדם.
4. **נסיבות הליבה:** בשני התיקים יש תכנון מוקדם של העבירה וקשר לסכסוך. תיק 1 כולל שימוש בכלי נשק מאולתר וכדור בקנה, בעוד תיק 2 מתמקד ברימונים. הכמות המדויקת של התחמושת אינה משמעותית (כדור אחד בתיק 1, ללא בתיק 2).
5. **ישימות כתקדים:** בית המשפט עשוי לראות את שני התיקים כרלוונטיים זה לזה לצורכי ענישה, בעיקר בשל השימוש ברימונים, התכנון המוקדם והקשר לסכסוך. העבירות הנלוות בתיק 1 (סמים, גניבה) עשויות להשפיע על גזר הדין, אך לא על הרלוונטיות של התיק כהשוואה לעבירות הנשק.

SIMILARITY_SCORE: 65","ok",""
"ME-21-10-18557-340","SH-11-01-41775-497",1,0,0,"{""אופן החזקת הנשק"": ""ברכב, על גופו"", ""כמות תחמושת"": ""מחסנית + 2 כדורים"", ""מטרה-סיבת העבירה"": ""סכסוך"", ""מספר עבירה"": ""144 א, 144 ב"", ""סוג הנשק [תת מקלע מאולתר]"": 1.0, ""סוג עבירה"": ""החזקה נשק, נשיאת נשק, הובלת נשק"", ""סטטוס הנשק"": ""נשק עם כדור בקנה"", ""עבירות נוספות"": ""ירי מנשק חם"", ""שימוש"": ""כן,ירי"", ""תכנון"": ""לא"", ""סוג רכב הנאשם"": ""מאזדה בצבע כחול"", ""מיקום האירוע"": ""כפר אבו סנאן"", ""זמן האירוע"": ""16.9.2021, סמוך לשעה 19:00"", ""סוג רכב המטרה"": ""מאזדה לבנה"", ""מעורבים נוספים"": ""ג'יהאד סואעד, מוחמד פעאור"", ""כוונת הירי"": ""להפחיד או להקניט"", ""מיקום ישיבת הנאשם ברכב"": ""מושב נוסע"", ""מיקום ישיבת ג'יהאד ברכב"": ""מושב נהג"", ""מיקום ישיבת א' במאזדה"": ""מושב נוסע ליד הנהג"", ""מיקום ישיבת מוחמד פעאור במאזדה"": ""מושב נהג"", ""סוג הכדורים"": ""קליבר 9 מ\""מ"", ""סוג המחסנית"": ""מחסנית תואמת לתת מקלע"", ""מיקום הירי"": ""באזור מגורים"", ""סכנה פוטנציאלית"": ""סכנה לחיי אדם""}","{""תקופת החזקת הנשק"": ""כשנה וחצי"", ""תאריך תחילת החזקת הנשק"": ""1.6.08"", ""סוג עבירה"": ""החזקה נשק, נשיאת נשק"", ""סוג הנשק [אקדח]"": 1.0, ""סטטוס הנשק"": ""נשק מופרד מתחמושת"", ""תכנון"": ""לא"", ""אופן החזקת הנשק"": ""בבית, ברכב"", ""כמות תחמושת"": ""מחסנית ריקה ובה 0 כדורים + 34 כדורים"", ""מטרה-סיבת העבירה"": ""הגנה עצמית"", ""שימוש"": ""לא""}",35.0,"להלן ניתוח הדמיון המהותי בין שני התיקים הפליליים, ממד אחר ממד:

1. **סוג העבירה וחומרתה:** שני התיקים עוסקים בהחזקה ונשיאת נשק, אך תיק 1 חמור יותר משמעותית בשל עבירות נוספות של ירי מנשק חם ושימוש בו. תיק 2 מתמקד בהחזקה בלבד, ללא שימוש.
2. **תפקיד הנאשם ומעורבותו:** בתיק 1 הנאשם מעורב באופן פעיל בירי, כנוסע ברכב בזמן ביצוע העבירה. בתיק 2 הנאשם מחזיק בנשק, אך לא ברור מהתיאור אם מדובר במעורבות פעילה או פסיבית באירוע אחר.
3. **שיטת הביצוע (MO):** בשני התיקים הנשק הוחזק ברכב, אך בתיק 1 מדובר בנשק טעון עם כדור בקנה, תוך כדי ביצוע עבירה של ירי. בתיק 2 הנשק הוחזק בבית וברכב, אך היה מופרד מהתחמושת.
4. **נסיבות הליבה:** תיק 1 כולל ירי באזור מגורים, סכנה לחיי אדם, סכסוך כסיבה לירי, ונשק עם כדור בקנה. תיק 2 מתייחס להגנה עצמית כסיבה להחזקה, ללא שימוש בנשק וללא נסיבות מחמירות. כמות התחמושת בתיק 2 גדולה יותר, אך העובדה שהיא ריקה מפחיתה מחומרת העבירה.
5. **ישימות כתקדים:** בשל החומרה הרבה של תיק 1 והעובדה שהוא כולל ירי מנשק חם, סביר להניח שהוא לא ישמש כתקדים ענישתי לתיק 2, המתמקד בהחזקה בלבד. תיק 2, לעומת זאת, עשוי לשמש כתקדים לתיקים דומים של החזקת נשק ללא שימוש, אך לא לתיקים הכוללים ירי.

SIMILARITY_SCORE: 35","ok",""
"ME-16-06-42987-901","ME-14-10-31218-522",1,0,0,"{""אופן קבלת הנשק"": ""מאחר"", ""כמות תחמושת"": ""כדור"", ""מטרה-סיבת העבירה"": ""סכסוך"", ""מספר עבירה"": ""144 ב"", ""סוג הנשק - אם לא נמצא בטבלה"": ""כלי נשק מאולתר"", ""סוג הנשק [רימון הלם/גז]"": 4.0, ""סוג עבירה"": ""נשיאת נשק"", ""סטטוס הנשק"": ""נשק עם כדור בקנה"", ""עבירות נוספות"": ""איומים לפי סעיף 192 לחוק; חבלה מחמירה לפי סעיף 329(א)(2) לחוק וניסיון תקיפה בנסיבות מחמירות לפי סעיפים 382(א) + 25 לחוק העונשין. חמש עבירות של סחר בסמים לפי סעיפים 13+19א' לפקודת הסמים המסוכנים [נוסח חדש] תשל\""ג-1973 ובעבירה אחת של החזקת סם שלא לשימוש עצמי לפי סעיפים 7(א) + 7(ג) רישא לפקודה זו.עבירה של גניבה לפי סעיף 384 לחוק העונשין."", ""שימוש"": ""ניסיון לירי ללא הצלחה, זריקת רימון"", ""תכנון"": ""כן"", ""מקום האירוע"": ""שכונת גילה, ירושלים"", ""סוג הרימון"": ""רימון הלם"", ""תאריך האירוע"": ""לא צוין במפורש"", ""שותפים לעבירה"": ""אמיר סלמה"", ""סוג הסם בתיק הסמים"": ""חשיש"", ""כמות הסם"": ""גרמים בודדים"", ""מחיר הסם"": ""בין 100 ל-400 ש\""ח"", ""זמן המכירות"": ""מאי ויוני 2016"", ""סוג הפריט הגנוב"": ""אופניים חשמליים"", ""שווי הפריט הגנוב"": ""3,000 ש\""ח"", ""תאריך הגניבה"": ""17.5.16""}","{""אופן החזקת הנשק"": ""על גופו"", ""מספר עבירה"": ""144 א"", ""סוג הנשק [רימון הלם/גז]"": 1.0, ""סוג עבירה"": ""החזקה נשק"", ""סטטוס הנשק"": ""תקין"", ""שימוש"": ""זריקת רימון"", ""תכנון"": ""לא"", ""שנת לידה"": 1983, ""תאריך האירוע"": ""29/5/14"", ""שעת האירוע"": ""02:45"", ""מיקום האירוע"": ""בית ד\""ר אמון חסן, דיר אל אסד"", ""סוג הרימון"": ""M7290"", ""צבע הרימון"": ""שחור"", ""פס כתוב על הרימון"": ""כן"", ""מספר סידורי של הרימון"": ""E386201"", ""פוטנציאל נזק"": ""גרימת פגיעה גופנית"", ""מיקום פיצוץ הרימון"": ""מרפסת בית המתלונן"", ""השפעת הפיצוץ"": ""קול נפץ עז שהעיר אנשים"", ""כמות תחמושת"": ""ללא""}",35.0,"להלן ניתוח הדמיון המהותי בין שני התיקים:

1. **סוג העבירה וחומרתה:** שני התיקים עוסקים בעבירות נשק, אך בדרגות חומרה שונות. תיק 1 כולל נשיאת נשק (144(ב)) עם שימוש בפועל, עבירות אלימות נוספות (איומים, חבלה, ניסיון תקיפה) ועבירות סמים וגניבה. תיק 2 עוסק בהחזקת נשק בלבד (144(א)). הפער בחומרה משמעותי.
2. **תפקיד הנאשם ומעורבותו:** בתיק 1 הנאשם מעורב באופן פעיל במספר עבירות, כולל שימוש בנשק, סחר בסמים וגניבה, וייתכן שיזם את הפעולה. בתיק 2 הנאשם מחזיק ברימון, אך לא ברור אם תכנן את השימוש בו או מעורב בפעולות נוספות.
3. **שיטת הביצוע (MO):** בשני התיקים נעשה שימוש ברימון, אך בתיק 1 מדובר בניסיון ירי וזריקת רימון, בעוד שבתיק 2 מדובר בזריקת רימון בלבד. הדמיון בשיטת הביצוע חלקי.
4. **נסיבות הליבה:** שני התיקים כוללים שימוש ברימון, אך בתיק 1 יש כדור בקנה הנשק, תכנון מוקדם, סכסוך כרקע, ועבירות נלוות מרובות. בתיק 2 אין תכנון, והרקע לא ברור. כמות התחמושת שונה (כדור לעומת ללא תחמושת).
5. **ישימות כתקדים:** לא סביר שבית משפט יראה בתיק 2 תקדים רלוונטי לתיק 1, בשל ההבדלים המשמעותיים בחומרת העבירה, מעורבות הנאשם והנסיבות הנלוות. תיק 1, לעומת זאת, עשוי לשמש כתקדים לתיקים דומים של נשיאת נשק עם שימוש, עבירות אלימות ועבירות סמים.

SIMILARITY_SCORE: 35","ok",""
"ME-18-05-32659-754","ME-15-02-9111-399",1,0,0,"{""אופן החזקת הנשק"": ""ברכב"", ""כמות תחמושת"": ""מחסנית ובה 0 כדורים, 9 כדורים, 10 כדורים"", ""מספר עבירה"": ""144 ב"", ""סוג הנשק [רימון הלם/גז]"": 2.0, ""סוג הנשק [תת מקלע מאולתר]"": 1.0, ""סוג עבירה"": ""נשיאת נשק, הובלת נשק"", ""סטטוס הנשק"": ""נשק מופרד מתחמושת"", ""עבירות נוספות"": ""הפרעה לשוטר במילוי תפקידו לפי סעיף 275 לחוק"", ""תכנון"": ""לא"", ""זמן האירוע"": ""00:25"", ""תאריך האירוע"": ""05.05.2018"", ""מיקום האירוע"": ""ירכא"", ""סוג הרכב"": ""לא צוין"", ""פרטי הנשק הנוספים"": ""תת-מקלע מאולתר פאראבלום 9 מילימטר, רימוני גז מדמיע, מחסנית ריקה לתת מקלע עוזי, כדורים לאקדח 9 מילימטר, ערכה לניקוי נשק עם 10 כדורים 5.56 מילימטר"", ""פעולת המשטרה"": ""הקמת מחסומים, זיהוי ועצירת הנאשם"", ""התנהגות הנאשם בעת המעצר"": ""סירוב לצאת מהרכב, דחיפת שוטרים, ניסיון להשתחרר מאחיזתם"", ""שימוש"": ""לא""}","{""אופן החזקת הנשק"": ""על גופו"", ""כמות תחמושת"": ""מחסנית ובה 13 כדורים"", ""מספר עבירה"": ""144 א"", ""סוג הנשק [אקדח]"": 1.0, ""סטטוס הנשק"": ""נשק מופרד מתחמושת"", ""תכנון"": ""לא"", ""תאריך העבירה"": ""25.1.15"", ""שעת העבירה"": ""סמוך לשעה 15:00"", ""מיקום העבירה"": ""כפר בענה"", ""סיבת הגעת השוטרים"": ""לעכב את יוסף חסארמה לחקירה"", ""פעולת הנאשם בעת העבירה"": ""מנוסה מהשוטרים"", ""סוג האקדח"": ""FN"", ""מספר האקדח"": ""74423"", ""סוג התחמושת"": ""9 מ\""מ"", ""פעולה במהלך המנוסה"": ""זריקת האקדח והמחסנית"", ""שימוש"": ""לא""}",35.0,"להלן ניתוח הדמיון המהותי בין שני התיקים:

1. **סוג העבירה וחומרתה:** תיק 1 עוסק בעבירות נשיאה והובלה של נשק (144(ב)) בנסיבות מחמירות (מספר סוגי נשק, תחמושת), בעוד תיק 2 עוסק בהחזקה בלבד (144(א)) של אקדח. החומרה שונה משמעותית - נשיאה/הובלה חמורה יותר מהחזקה.
2. **תפקיד הנאשם ומעורבותו:** בתיק 1 הנאשם התנגד למעצר באופן אקטיבי, מה שמרמז על מודעות ורצון להסתיר את הנשק. בתיק 2 הנאשם ניסה להימלט, אך לא ברור אם מתוך מודעות לאי-חוקיות ההחזקה או מסיבה אחרת.
3. **שיטת הביצוע (MO):** בשני התיקים הנשק הוחזק מופרד מהתחמושת. עם זאת, אופן ההחזקה שונה - ברכב לעומת על הגוף. פעולת הזריקה בתיק 2 שונה מהתנגדות למעצר בתיק 1.
4. **נסיבות הליבה:** תיק 1 כולל מגוון רחב של נשקים ותחמושת, וכן התנהגות אלימה כלפי שוטרים. תיק 2 מצומצם יותר - אקדח אחד עם מחסנית אחת. אין נסיבות מחמירות נוספות.
5. **ישימות כתקדים:** לא סביר שבית המשפט יראה בתיק 2 תקדים רלוונטי לתיק 1. העובדה שמדובר בהחזקה בלבד (144(א)) לעומת נשיאה/הובלה (144(ב)), בשילוב עם חומרת הנסיבות בתיק 1, הופכת את ההשוואה לבעייתית.

SIMILARITY_SCORE: 35","ok",""
"ME-16-05-336-804","ME-16-11-69158-529",2,0,1,"{""אופן החזקת הנשק"": ""ברכב, על גופו"", ""כמות תחמושת"": ""מחסנית ריקה ובה 0 כדורים + מחסנית ריקה ובה 0 כדורים + 26 כדורים"", ""מספר עבירה"": ""144 ב"", ""סוג הנשק [תת מקלע מאולתר]"": 1.0, ""סוג עבירה"": ""נשיאת נשק, הובלת נשק"", ""סטטוס הנשק"": ""נשק מופרד מתחמושת"", ""שימוש"": ""כן,ירי"", ""תכנון"": ""לא"", ""זמן האירוע"": ""שעת ערב"", ""מיקום האירוע"": ""טקס חינה"", ""תאריך האירוע"": ""24/04/16"", ""סוג הנשק"": ""תת מקלע מאולתר מסוג קרל גוסטב"", ""התנהלות במהלך המעצר"": ""ניסיון להימלט, זריקת הנשק מהרכב"", ""מעורבות צד שלישי"": ""רדואן סמארה, נהג הרכב"", ""פעולת השוטרים"": ""רדיפה ותפיסת הנשק והתחמושת""}","{""אופן החזקת הנשק"": ""ברכב, מוסלק - מוסתר, סמוך לבית"", ""כמות תחמושת"": ""מחסנית"", ""מטרה-סיבת העבירה"": ""חתונה"", ""מספר עבירה"": ""144 ב"", ""סוג הנשק [תת מקלע]"": 1.0, ""סוג עבירה"": ""נשיאת נשק"", ""סטטוס הנשק"": ""נשק עם כדור בקנה"", ""עבירות נוספות"": ""ירי באזור מגורים"", ""שימוש"": ""כן,ירי"", ""תכנון"": ""כן"", ""סוג תחמושת"": ""9 מ\""מ"", ""מיקום האירוע"": ""רחבת בית משפחת ג'בארה, טייבה"", ""זמן האירוע"": ""21:00"", ""מיקום החזקת הנשק לפני השימוש"": ""טמון באדמה"", ""מיקום החזקת הנשק לאחר השימוש"": ""מתחת למושב הנהג ובשקית מתחת למושב סמוך"", ""סוג האירוע"": ""משפחתי""}",65.0,"1. **סוג העבירה וחומרתה:** שני התיקים עוסקים בעבירה של נשיאת נשק (144(ב)), אך תיק 2 מוסיף עבירה של ירי באזור מגורים, מה שמגדיל את חומרתו. שני התיקים חמורים, אך תיק 2 חמור יותר.
2. **תפקיד הנאשם ומעורבותו:** בשני התיקים הנאשם מחזיק בנשק ומשתמש בו. בתיק 1 יש מעורבות של נהג, בעוד שבתיק 2 הנאשם פועל באופן עצמאי יותר. בשניהם מדובר במעורבות פעילה.
3. **שיטת הביצוע (MO):** בשני התיקים הנשק הוחזק ברכב ושימש לירי. תיק 2 מתאר הסלקה מתוחכמת יותר של הנשק לפני השימוש. הדמיון בשיטת הביצוע קיים, אך תיק 2 מציג תכנון מוקדם יותר.
4. **נסיבות הליבה:** בשני התיקים יש שימוש בנשק, אך תיק 2 כולל תכנון מוקדם וירי באזור מגורים, מה שמחמיר את הנסיבות. הכמות תחמושת בתיק 1 גדולה יותר, אך בתיק 2 הנשק היה טעון. שני האירועים התרחשו באירועים חברתיים (טקס חינה וחתונה).
5. **ישימות כתקדים:** בהתחשב בדמיון בסוג העבירה (144(ב)) ובשימוש בנשק, בית המשפט עשוי לראות בתיק 1 תקדים רלוונטי לתיק 2, אך יתייחס גם להבדלים המשמעותיים בחומרה (ירי באזור מגורים, תכנון מוקדם).

SIMILARITY_SCORE: 65","ok",""
"SH-17-10-10556-234","m07001074-98",2,0,1,"{""אופן החזקת הנשק"": ""מוסלק - מוסתר, סמוך לבית"", ""כמות תחמושת"": ""מחסנית ובה 10 כדורים"", ""מספר עבירה"": ""144 א"", ""סוג הנשק [אקדח]"": 2.0, ""סוג עבירה"": ""החזקה נשק"", ""סטטוס הנשק"": ""נשק עם מחסנית בהכנס"", ""תכנון"": ""לא"", ""קוטר הכדורים"": ""8 מ\""מ"", ""מיקום החזקת הנשק"": ""בתוך שקית בחצר, מתחת למזרון בערימת זבל"", ""מרחק החזקת הנשק מהבית"": ""כ-100 מטרים"", ""מצב המחסנית הנוספת"": ""לא טעונה"", ""שימוש"": ""לא""}","{""אופן החזקת הנשק"": ""בבית, מוסלק - מוסתר"", ""אופן קבלת הנשק"": ""מצא"", ""כמות תחמושת"": ""מחסנית ריקה ובה 0 כדורים + מחסנית ריקה ובה 0 כדורים"", ""מספר עבירה"": ""144 א"", ""סוג הנשק [תת מקלע]"": 1.0, ""סוג עבירה"": ""החזקה נשק"", ""סטטוס הנשק"": ""נשק מפורק, תקול"", ""תכנון"": ""לא"", ""מיקום מציאת הנשק"": ""שטח אדמה סמוך לכפר מגוריו"", ""תאריך מציאת הנשק"": ""31/1/07"", ""תאריך תפיסת הנשק"": ""4/2/07"", ""סוג הנשק"": ""עוזי"", ""מיקום החזקת הנשק"": ""מעל ארון בגדים"", ""סיבת חיפוש"": ""צו בית משפט"", ""שימוש"": ""לא""}",40.0,"להלן ניתוח הדמיון המהותי בין שני התיקים:

1. **סוג העבירה וחומרתה:** שני התיקים עוסקים בעבירה של החזקת נשק (סעיף 144 לחוק העונשין). עם זאת, תיק 1 עוסק באקדח טעון, בעוד תיק 2 עוסק בתת מקלע מפורק וריק. חומרת העבירה בתיק 1 גבוהה יותר בשל סוג הנשק ומצבו הטעון.

2. **תפקיד הנאשם ומעורבותו:** בשני התיקים הנאשם הוא מחזיק בנשק, ולא יזם או סוחר. בשני המקרים מדובר בהחזקה פסיבית, ללא ראיות לתכנון או שימוש.

3. **שיטת הביצוע (MO):** בשני התיקים הנשק הוחזק באופן מוסלק בבית או בסמוך אליו. עם זאת, מיקום ההסלקה שונה (חצר/ערימת זבל לעומת מעל ארון בגדים).

4. **נסיבות הליבה:** הכמות תחמושת שונה באופן משמעותי (10 כדורים לעומת מחסניות ריקות). בתיק 1 הנשק היה עם מחסנית בהכנס, בעוד שבתיק 2 הנשק היה מפורק ותקול. בשני התיקים אין נסיבות מחמירות או מקלות בולטות מעבר לפרטים אלו.

5. **ישימות כתקדם:** בשל העובדה שמדובר בשני תיקי 144(א) בלבד, וההבדלים המשמעותיים בסוג הנשק, מצבו וכמות התחמושת, סביר להניח שבית המשפט יראה את התיקים כבעלי רלוונטיות מוגבלת לצורכי ענישה. תיק 1, עם אקדח טעון, יהיה בעל משקל גבוה יותר בענישה.

SIMILARITY_SCORE: 40","ok",""
"SH-19-07-60805-168","ME-14-10-31218-522",1,0,0,"{""אופן החזקת הנשק"": ""ברכב, מוסלק - מוסתר"", ""כמות תחמושת"": ""מחסנית ובה 10 כדורים"", ""מספר עבירה"": ""144 א"", ""סוג הנשק [אקדח]"": 1.0, ""סוג עבירה"": ""החזקה נשק"", ""סטטוס הנשק"": ""נשק עם מחסנית בהכנס"", ""תכנון"": ""לא"", ""סוג הרכב"": ""לקסוס"", ""מספר רישוי"": ""72-111-79"", ""מיקום החזקת הנשק"": ""תא מטען, מתחת לשטיח הגלגל הרזרבי"", ""סוג האקדח"": ""גז/הזנקה"", ""שינוי בייעוד הנשק"": ""מסוגל לירות כדורי אקדח"", ""סוג המחסנית"": ""סמית' אנד ווסון"", ""קוטר הכדורים"": ""9 מ\""מ פאראבלום"", ""שימוש"": ""לא""}","{""אופן החזקת הנשק"": ""על גופו"", ""מספר עבירה"": ""144 א"", ""סוג הנשק [רימון הלם/גז]"": 1.0, ""סוג עבירה"": ""החזקה נשק"", ""סטטוס הנשק"": ""תקין"", ""שימוש"": ""זריקת רימון"", ""תכנון"": ""לא"", ""שנת לידה"": 1983, ""תאריך האירוע"": ""29/5/14"", ""שעת האירוע"": ""02:45"", ""מיקום האירוע"": ""בית ד\""ר אמון חסן, דיר אל אסד"", ""סוג הרימון"": ""M7290"", ""צבע הרימון"": ""שחור"", ""פס כתוב על הרימון"": ""כן"", ""מספר סידורי של הרימון"": ""E386201"", ""פוטנציאל נזק"": ""גרימת פגיעה גופנית"", ""מיקום פיצוץ הרימון"": ""מרפסת בית המתלונן"", ""השפעת הפיצוץ"": ""קול נפץ עז שהעיר אנשים"", ""כמות תחמושת"": ""ללא""}",35.0,"1. **סוג העבירה וחומרתה:** שני התיקים עוסקים בעבירה של החזקת נשק (144א), אך חומרתם שונה. תיק 1 עוסק באקדח (אפילו אם גז/הזנקה שעבר שינוי), בעוד תיק 2 עוסק ברימון הלם. רימון הלם, גם אם לא גרם לפציעה ממשית, טומן בחובו פוטנציאל פגיעה גבוה יותר מאקדח גז.

2. **תפקיד הנאשם ומעורבותו:** בשני התיקים הנאשם הוא מחזיק בנשק, אך בתיק 2 יש מעורבות נוספת - שימוש ברימון (זריקה). בתיק 1 ההחזקה היא פסיבית יחסית (מוסלק ברכב), בעוד בתיק 2 יש אלמנט אקטיבי של שימוש.

3. **שיטת הביצוע (MO):** שיטת הביצוע שונה מאוד. תיק 1 מתאפיין בהסלקה מתוחכמת, בעוד תיק 2 מתאפיין בהחזקה גלויה על הגוף ושימוש מיידי.

4. **נסיבות הליבה:** תיק 1 כולל כמות תחמושת מסוימת (10 כדורים), בעוד בתיק 2 אין תחמושת (הרימון עצמו הוא ""התחמושת""). בתיק 2 יש נסיבות מחמירות של שימוש ברימון וגרימת הפרעה (קול נפץ). בשני התיקים אין תכנון מוקדם.

5. **ישימות כתקדים:** בשל השוני בסוג הנשק, בשיטת הביצוע ובנסיבות השימוש, סביר להניח שבית המשפט לא יראה בתיק 1 תקדים רלוונטי לענישה בתיק 2. העובדה שמדובר בשני תיקי 144א בלבד אינה מספיקה כדי ליצור רלוונטיות משפטית.

SIMILARITY_SCORE: 35","ok",""
"ME-16-06-44840-433","SH-11-05-24791-315",1,0,0,"{""שנת לידה"": ""1993"", ""מיקום האירוע"": ""רחוב האפרסמון, ירושלים"", ""תאריך האירוע"": ""5.6.16"", ""מעורבים נוספים"": ""אלירון גולד, רן אברג'יל, יוני אברג'יל, נתי קורקוס"", ""פרטי הסדר טיעון"": ""הודאה והרשעה בכתב אישום שתוקן"", ""פרטי הסתרת הנשק"": ""הטמנת רימוני הלם במקום סמוך, העברתם בין שני מקומות מסתור נוספים"", ""מספר עבירה"": ""144 א, 144 ב"", ""סוג עבירה"": ""החזקה נשק, נשיאת נשק"", ""עבירות נוספות"": ""סיוע לנסיון לתקיפה לפי סעיפים 379 + 25 + 31 לחוק"", ""סוג הנשק [רימון רסס]"": 1.0, ""סוג הנשק [רימון הלם/גז]"": 2.0, ""סטטוס הנשק"": ""תקין"", ""תכנון"": ""כן"", ""אופן החזקת הנשק"": ""ברכב, מוסלק - מוסתר"", ""אופן קבלת הנשק"": ""מאחר"", ""מטרה-סיבת העבירה"": ""סכסוך"", ""שימוש"": ""זריקת רימון"", ""כמות תחמושת"": ""ללא""}","{""אופן החזקת הנשק"": ""בבית"", ""אופן קבלת הנשק"": ""מאחר"", ""כמות תחמושת"": ""2 מחסניות"", ""מספר עבירה"": ""144 א"", ""סוג הנשק [אקדח]"": 1.0, ""סוג עבירה"": ""החזקה נשק"", ""סטטוס הנשק"": ""נשק מופרד מתחמושת"", ""תכנון"": ""לא"", ""מיקום החזקת הנשק"": ""כפר עין-נקובא"", ""דגם הנשק"": ""אקדח חצי אוטומטי אף-אן (FN)"", ""תאריך האירוע"": ""19/07/09"", ""שעת האירוע"": ""21:00"", ""תאריך הרשעה"": ""09/01/13"", ""סעיף עבירה נוסף"": ""144 א סיפא"", ""סוג עבירה נוספת"": ""החזקת אביזר לנשק"", ""שימוש"": ""לא""}",35.0,"להלן ניתוח הדמיון המהותי בין שני התיקים:

1. **סוג העבירה וחומרתה:** שני התיקים עוסקים בעבירות נשק לפי חוק העונשין. עם זאת, תיק 1 כולל גם נשיאת נשק (144(ב)) וחומרה גבוהה יותר עקב שימוש ברימונים וסיוע לנסיון תקיפה, בעוד תיק 2 מתמקד בהחזקה בלבד (144(א)).

2. **תפקיד הנאשם ומעורבותו:** בתיק 1 הנאשם מעורב בסכסוך, ייתכן כחלק מקבוצה (מעורבים נוספים), ושימוש בנשק כבר בוצע. בתיק 2, הנאשם מחזיק בנשק בביתו, ללא מעורבות בסכסוך גלוי או שימוש מיידי. מעורבותו פחות אקטיבית.

3. **שיטת הביצוע (MO):** בתיק 1 שיטת הביצוע כוללת הסלקה מתוחכמת של רימונים והעברתם בין מקומות, ושימוש פעיל ברימון. בתיק 2, הנשק הוחזק בבית, ללא הסלקה מורכבת או שימוש. שיטות הביצוע שונות מאוד.

4. **נסיבות הליבה:** תיק 1 כולל שימוש בנשק (זריקת רימון), תכנון מוקדם, מעורבות של מספר אנשים, וסכסוך כרקע. תיק 2 מתייחס להחזקה בבית, ללא שימוש, ללא תכנון מוקדם, וללא נסיבות מחמירות אחרות. כמות התחמושת שונה (ללא בתיק 1, 2 מחסניות בתיק 2).

5. **ישימות כתקדים:** לאור ההבדלים המשמעותיים בחומרת העבירה, בנסיבות הליבה ובשיטת הביצוע, סביר להניח שבית המשפט לא יראה בתיק 2 תקדים רלוונטי לתיק 1 לצורכי ענישה. תיק 1 חמור משמעותית.

SIMILARITY_SCORE: 35","ok",""
"ME-16-08-229-604","ME-16-05-19384-544",1,0,0,"{""מספר עבירה"": ""144 א, 144 ב"", ""סוג עבירה"": ""החזקה נשק, נשיאת נשק, ייצור נשק"", ""עבירות נוספות"": ""בעבירה של חבלה בכוונה מחמירה, לפי סעיף 329(א)(2) בצירוף סעיף 29 לחוק העונשין תשל\""ז – 1977 (להלן: \""החוק\""); בעבירה של גניבת רכב, לפי סעיף 413ב(א) לחוק; בעבירה של ניסיון הצתה, לפי סעיף 448(א) רישא בצירוף סעיף 25 לחוק; ובעבירה של ירי בשטח בנוי, לפי סעיף 340 א לחוק."", ""סוג הנשק [אקדח]"": 1.0, ""סוג הנשק [בקבוק תבערה]"": 1.0, ""סוג הנשק [רובה סער]"": 1.0, ""סוג הנשק - אם לא נמצא בטבלה"": ""בקבוק תבערה"", ""סטטוס הנשק"": ""תקין"", ""תכנון"": ""כן"", ""אופן החזקת הנשק"": ""בבית, ברכב"", ""אופן קבלת הנשק"": ""מאחר"", ""מטרה-סיבת העבירה"": ""פיגוע, חגיגה"", ""שימוש"": ""כן,ירי"", ""כמות תחמושת"": ""ללא""}","{""מחיר נשק קרל גוסטב"": ""4000 ₪"", ""מחיר מכירה לחרוב"": ""3500 ₪"", ""מחיר רכישה מחרוב"": ""3000 ₪"", ""סוג נשק נוסף"": ""תבור"", ""מיקום החבייה"": ""שכונה סמוכה למקום מגוריו"", ""תאריך התקרית"": ""14.11.15"", ""שעת התקרית"": ""בין 1:00 ל-2:00"", ""מספר כדורים שנורו"": ""5"", ""מספר רכבי ביטחון שנפגעו"": ""3"", ""תאריך חיפושי כוחות הביטחון"": ""מרץ 2016"", ""שם השומר הנשק"": ""מחמוד זהאדה"", ""שם הקונה השני"": ""מוראד מחיסן"", ""שם הקונה השלישי"": ""עבד חרוב"", ""תאריך פיגוע ירי חרוב"": ""9.3.16"", ""מיקום פיגוע ירי חרוב"": ""ירושלים, צומת רמות ושמעון הצדיק"", ""מספר כדורי תחמושת שנמכרו לחרוב"": ""10"", ""מספר עבירה"": ""144 א, 144 ב"", ""סוג עבירה"": ""נשיאת נשק, סחר בנשק"", ""עבירות נוספות"": ""ניסיון לחבלה חמורה,רכישת נשק"", ""סוג הנשק [תת מקלע]"": 3.0, ""סוג הנשק [רובה סער]"": 1.0, ""סטטוס הנשק"": ""נשק עם כדור בקנה"", ""תכנון"": ""כן"", ""אופן החזקת הנשק"": ""מוסלק - מוסתר, סמוך לבית"", ""אופן קבלת הנשק"": ""רכש"", ""כמות תחמושת"": ""10 כדורים"", ""מטרה-סיבת העבירה"": ""בצע כסף"", ""שימוש"": ""כן,ירי""}",55.0,"להלן ניתוח הדמיון המהותי בין שני התיקים:

1. **סוג העבירה וחומרתה:** שני התיקים כוללים עבירות של החזקה ונשיאת נשק (144(א) ו-144(ב)). תיק 1 חמור יותר משמעותית בשל העבירות הנלוות של חבלה בכוונה מחמירה, גניבת רכב, ניסיון הצתה וירי בשטח בנוי. תיק 2 מתמקד בסחר בנשק וניסיון לחבלה.
2. **תפקיד הנאשם ומעורבותו:** בתיק 1 הנאשם מעורב במגוון רחב של עבירות, כולל שימוש בנשק, מה שמצביע על מעורבות פעילה ותכנון. בתיק 2, הנאשם מעורב בסחר בנשק, מה שמצביע על תפקיד של סוחר או מספק, אם כי יש גם מעורבות בירי.
3. **שיטת הביצוע (MO):** בשני התיקים יש תכנון מוקדם ושימוש בנשק. תיק 1 כולל שימוש במספר סוגי נשק (אקדח, בקבוק תבערה, רובה סער), בעוד שתיק 2 מתמקד ברובה סער ותת מקלע. אופן ההחזקה (בבית/ברכב לעומת מוסלק) שונה.
4. **נסיבות הליבה:** שני התיקים כוללים שימוש בנשק (ירי). תיק 1 מציין מטרה כפולה (פיגוע וחגיגה), בעוד שתיק 2 מציין בצע כסף כמטרה. תיק 2 מציין כמות תחמושת (10 כדורים) בעוד בתיק 1 הכמות לא מצוינת.
5. **ישימות כתקדים:** בשל החומרה הרבה יותר של תיק 1 והעבירות הנלוות, סביר להניח שהוא לא ישמש כתקדים ישיר לענישה בתיק 2. עם זאת, העובדה ששני התיקים כוללים עבירות של החזקה ונשיאת נשק, ושימוש בנשק, יכולה להוות שיקול בענישה בתיק 2, במיוחד בכל הנוגע לעבירת הסחר בנשק.

SIMILARITY_SCORE: 55","ok",""
"ME-16-02-18397-87","ME-20-01-62688-591",1,0,0,"{""אופן החזקת הנשק"": ""ברכב, מוסלק - מוסתר"", ""כמות תחמושת"": ""כדורים"", ""מספר עבירה"": ""144 ב"", ""סוג הנשק [אקדח]"": 1.0, ""סוג עבירה"": ""נשיאת נשק, הובלת נשק"", ""סטטוס הנשק"": ""תקול"", ""עבירות נוספות"": ""נהיגה ללא רישיון, נהיגה ללא ביטוח וללא רישיון רכב"", ""תכנון"": ""לא"", ""מיקום האירוע"": ""לפני הכניסה לכפר דבוריה"", ""תגובת הנאשם לבדיקת שוטרים"": ""סירוב לפתוח את תא האופנוע"", ""אופן גילוי הנשק"": ""בחיפוש על גופו ובתא האופנוע"", ""פרטי הנשק"": ""חסר חלק פנימי לפעולת ירי"", ""סוג הרכב"": ""קטנוע"", ""שימוש"": ""לא""}","{""אופן החזקת הנשק"": ""ברכב, על גופו"", ""מטרה-סיבת העבירה"": ""סכסוך"", ""מספר עבירה"": ""144 ב"", ""סוג הנשק [אקדח]"": 1.0, ""סוג עבירה"": ""נשיאת נשק, הובלת נשק"", ""סטטוס הנשק"": ""נשק עם כדור בקנה"", ""עבירות נוספות"": ""חבלה בכוונה מחמירה - עבירה לפי סעיף 329 (א)(1) לחוק העונשין; החזקת סם מסוכן לצריכה עצמית - עבירה לפי סעיף 7(א) + (ג) סיפא לפקודת הסמים המסוכנים [נוסח חדש], התשל\""ג-1973."", ""שימוש"": ""כן,ירי"", ""תכנון"": ""כן"", ""זמן האירוע"": ""16.1.20 בשעה 14:55"", ""מקום האירוע"": ""עסק בו עבד המתלונן"", ""סוג הרכב"": ""הונדה בצבע שחור"", ""מספר רישוי של הרכב"": ""60-201-70"", ""זהות הנהג"": ""לא ידועה"", ""פגיעה פיזית"": ""שבר פמור שליש פרוקסימלי אספקט קדמי של להקורטקס, ספליט שנמשך עד כ 7 ס\""מ מתחת ל- LT"", ""טיפול רפואי"": ""אושפז ונותח לשחזור ולקיבוע השבר באמצעות מסמר, הקליע הושאר בגוף"", ""מקום האישפוז"": ""בית חולים רמב\""ם"", ""תאריך שחרור מהאשפוז"": ""21.1.20"", ""מקום מעצר הנאשם"": ""תחנת דלק פז בצומת האצטדיון בחיפה"", ""זמן מעצר הנאשם"": ""אותו יום, סמוך לשעה 15:50"", ""כמות הסם"": ""1.5 גרם נטו של קוקאין"", ""סכום הכסף שנמצא על הנאשם"": ""1,950 ₪"", ""כמות תחמושת"": ""ללא""}",35.0,"1. **סוג העבירה וחומרתה:** שני התיקים עוסקים בעבירה של נשיאת/הובלת נשק (144(ב)), אך תיק 2 חמור משמעותית בשל השימוש בנשק בפועל וביצוע עבירות נוספות כמו חבלה בכוונה מחמירה והחזקת סם.
2. **תפקיד הנאשם ומעורבותו:** בשני התיקים הנאשם מחזיק בנשק, אך בתיק 2 יש מעורבות ישירה באירוע חבלה, מה שמצביע על תפקיד פעיל יותר. בתיק 1, ההחזקה היא נסתרת, מה שעשוי להצביע על כוונה פחות ישירה.
3. **שיטת הביצוע (MO):** בשני התיקים הנשק הוחזק ברכב, אך בתיק 1 הוא הוסלק, בעוד שבתיק 2 הוא היה על גופו של הנאשם. השימוש בנשק בתיק 2 מהווה הבדל משמעותי בשיטת הביצוע.
4. **נסיבות הליבה:** שני התיקים כוללים אקדח, אך הסטטוס שלו שונה (תקול לעומת תקין עם כדור בקנה). תיק 2 כולל שימוש בנשק, פציעה קשה, ותכנון מוקדם, בעוד שתיק 1 מתאפיין בסירוב לפתוח את תא האופנוע.
5. **ישימות כתקדים:** בשל החומרה הרבה יותר של תיק 2 (שימוש בנשק, חבלה, סם), סביר להניח שבית המשפט לא יראה בתיק 1 תקדים רלוונטי לענישה בתיק 2. תיק 1 עשוי לשמש כנקודת השוואה מוגבלת בנוגע לעונש על החזקת נשק בלבד, אך לא יותר מכך.

SIMILARITY_SCORE: 35","ok",""
"sh-10-05-7434-952","ME-15-06-12109-344",1,0,0,"{""אופן החזקת הנשק"": ""בבית, מוסלק - מוסתר"", ""כמות תחמושת"": ""מחסנית"", ""מספר עבירה"": ""144 א"", ""סוג הנשק [אקדח]"": 2.0, ""סוג עבירה"": ""החזקה נשק"", ""סטטוס הנשק"": ""נשק מופרד מתחמושת"", ""תכנון"": ""לא"", ""שם הנאשם"": ""איגור בן סמיון סבובסקי"", ""שנת לידה"": 1961, ""תאריך העבירה"": ""14.4.10"", ""כתובת האירוע"": ""רחוב אורלנסקי 11, פתח תקווה"", ""סוגי האקדחים"": [""ברטה חצי אוטומטי"", ""לאמה חצי אוטומטי""], ""שימוש"": ""לא""}","{""תאריך האירוע"": ""2.5.13"", ""מיקום האירוע"": ""כפר עזריה"", ""מעורבים נוספים"": ""עמאר זלום, אחיו של הנאשם"", ""סוג הנשק [אקדח]"": 1.0, ""מספר עבירה"": ""144 ב"", ""סוג עבירה"": ""נשיאת נשק, הובלת נשק"", ""סטטוס הנשק"": ""תקין"", ""תכנון"": ""כן"", ""אופן החזקת הנשק"": ""ברכב"", ""שימוש"": ""לא"", ""כמות תחמושת"": ""ללא""}",25.0,"ניתוח הדמיון המהותי בין שני התיקים:

1. **סוג העבירה וחומרתה:** תיק 1 עוסק בהחזקת נשק בלבד (144(א)), בעוד תיק 2 עוסק בנשיאה והובלת נשק (144(ב)). ההבדל בסוג העבירה הוא משמעותי ביותר מבחינת חומרתה, ומשפיע על טווח הענישה.

2. **תפקיד הנאשם ומעורבותו:** בתיק 1 הנאשם מחזיק בנשק בביתו, מה שמרמז על החזקה פסיבית יחסית. בתיק 2 הנאשם נושא/מוביל את הנשק, מה שמצביע על מעורבות אקטיבית יותר, ויתכן גם על קשר לפעילות פלילית נוספת (בהתחשב במעורבות אחיו).

3. **שיטת הביצוע (MO):** בתיק 1 הנשק מוסלק בבית, בעוד שבתיק 2 הנשק נמצא ברכב. שיטות הביצוע שונות לחלוטין, ואינן מצביעות על דפוס דומה.

4. **נסיבות הליבה:** תיק 1 כולל מחסנית תחמושת, בעוד בתיק 2 אין תחמושת כלל. תיק 2 כולל תכנון מראש, בעוד בתיק 1 לא היה תכנון. היעדר תחמושת בתיק 2 והתכנון המוקדם מחמירים את המצב.

5. **ישימות כתקדם:** בשל ההבדלים המשמעותיים בסוג העבירה (144(א) לעומת 144(ב)), רמת המעורבות, שיטת הביצוע והנסיבות הנלוות, סביר להניח שבית המשפט לא יראה בתיק 1 תקדים רלוונטי לתיק 2 לצורכי ענישה. תיק 1 עוסק בהחזקה פסיבית בבית, בעוד תיק 2 עוסק בנשיאה/הובלה פעילה עם תכנון מראש.

SIMILARITY_SCORE: 25","ok",""
"ME-16-06-44840-433","SH-09-05-9349-998",1,0,0,"{""שנת לידה"": ""1993"", ""מיקום האירוע"": ""רחוב האפרסמון, ירושלים"", ""תאריך האירוע"": ""5.6.16"", ""מעורבים נוספים"": ""אלירון גולד, רן אברג'יל, יוני אברג'יל, נתי קורקוס"", ""פרטי הסדר טיעון"": ""הודאה והרשעה בכתב אישום שתוקן"", ""פרטי הסתרת הנשק"": ""הטמנת רימוני הלם במקום סמוך, העברתם בין שני מקומות מסתור נוספים"", ""מספר עבירה"": ""144 א, 144 ב"", ""סוג עבירה"": ""החזקה נשק, נשיאת נשק"", ""עבירות נוספות"": ""סיוע לנסיון לתקיפה לפי סעיפים 379 + 25 + 31 לחוק"", ""סוג הנשק [רימון רסס]"": 1.0, ""סוג הנשק [רימון הלם/גז]"": 2.0, ""סטטוס הנשק"": ""תקין"", ""תכנון"": ""כן"", ""אופן החזקת הנשק"": ""ברכב, מוסלק - מוסתר"", ""אופן קבלת הנשק"": ""מאחר"", ""מטרה-סיבת העבירה"": ""סכסוך"", ""שימוש"": ""זריקת רימון"", ""כמות תחמושת"": ""ללא""}","{""מיקום החזקת הנשק"": ""מקפיא בבית"", ""מיקום התחמושת"": ""בתוך נעל בחדר"", ""סוג התחמושת"": ""כדורי אקדח 9 מ\""מ"", ""מספר סידורי של הנשק"": ""1066A"", ""יצרן הנשק"": ""CZ"", ""תאריך ושעה"": ""12/5/09, 12:00"", ""מספר עבירה"": ""144 א"", ""סוג עבירה"": ""החזקה נשק"", ""סוג הנשק [אקדח]"": 1.0, ""סטטוס הנשק"": ""נשק מופרד מתחמושת"", ""תכנון"": ""לא"", ""אופן החזקת הנשק"": ""בבית"", ""כמות תחמושת"": ""מחסנית ובה 0 כדורים, 26 כדורים"", ""שימוש"": ""לא""}",35.0,"## ניתוח דמיון מהותי בין התיקים:

1. **סוג העבירה וחומרתה:** שני התיקים עוסקים בעבירות נשק לפי חוק העונשין, אך תיק 1 כולל גם נשיאה (144(ב)) וסיוע לעבירה נוספת (תקיפה), בעוד תיק 2 מתמקד בהחזקה בלבד (144(א)). חומרת תיק 1 גבוהה משמעותית בשל הנשיאה והשימוש ברימונים.
2. **תפקיד הנאשם ומעורבותו:** בתיק 1 הנאשם מעורב בסכסוך, ייתכן כחלק מקבוצה (מעורבים נוספים), והחזקת הנשק קשורה לשימוש פעיל בו. בתיק 2 הנאשם מחזיק בנשק בביתו, ללא אינדיקציה למעורבות בסכסוך או כוונה לשימוש מיידי.
3. **שיטת הביצוע (MO):** בתיק 1 שיטת הביצוע כוללת הסלקה מתוחכמת, העברה בין מקומות, ותכנון מוקדם. בתיק 2 הנשק והתחמושת הוחזקו באופן פשוט יחסית בבית, ללא הסלקה מורכבת.
4. **נסיבות הליבה:** תיק 1 כולל שימוש בפועל בנשק (זריקת רימון) ורימונים מסוגים שונים, בעוד תיק 2 עוסק באקדח מופרד מתחמושת, ללא שימוש. הכמות של התחמושת בתיק 2 קטנה משמעותית.
5. **ישימות כתקדים:** לאור ההבדלים המשמעותיים בחומרת העבירה, בנסיבות הליבה ובשיטת הביצוע, סביר להניח שבית המשפט לא יראה בתיק 2 תקדים רלוונטי לתיק 1 לצורכי ענישה. תיק 1 עוסק בעבירה חמורה יותר עם אלמנטים של שימוש בנשק וסכסוך, בעוד תיק 2 מתמקד בהחזקה פשוטה.

SIMILARITY_SCORE: 35","ok",""
"ME-16-08-44157-713","ME-15-11-45465-294",3,1,1,"{""אופן החזקת הנשק"": ""בבית"", ""כמות תחמושת"": ""מחסנית"", ""מטרה-סיבת העבירה"": ""בצע כסף"", ""מספר עבירה"": ""144 ב"", ""סוג הנשק [תת מקלע מאולתר]"": 1.0, ""סוג הנשק [תת מקלע]"": 1.0, ""סוג עבירה"": ""סחר בנשק"", ""סטטוס הנשק"": ""נשק מופרד מתחמושת"", ""עבירות נוספות"": ""קשירת קשר לביצוע פשע"", ""תכנון"": ""כן"", ""סוגי נשק נוספים"": [""קרל גוסטב מאולתר"", ""מיני עוזי"", ""אקדח 14"", ""אקדח 7"", ""קאנס""], ""מקום המפגש לעסקת נשק"": ""ליד פסי הרכבת בעיר לוד"", ""מחיר נשק קרל גוסטב"": ""10500 שקלים"", ""מחיר נשק אקדח 7"": ""10000 שקלים"", ""תיאור נשק קאנס"": ""מצויד במשתיק קול, כוונת טלסקופית ומחסנית המכילה 100 כדורים"", ""מספר שותפים בעסקת הנשק"": ""מספר שותפים"", ""תפקיד הנאשם בעסקה"": ""העברת הנשק לאחר לצורך העברתו לסוכן"", ""שימוש"": ""לא""}","{""אופן החזקת הנשק"": ""ברכב"", ""כמות תחמושת"": ""3 מחסניות"", ""מטרה-סיבת העבירה"": ""בצע כסף"", ""מספר עבירה"": ""144 ב"", ""סוג הנשק [תת מקלע]"": ""קרל גוסטב"", ""סוג עבירה"": ""נשיאת נשק, סחר בנשק"", ""סטטוס הנשק"": ""נשק מופרד מתחמושת"", ""תכנון"": ""כן"", ""מיקום העסקה"": ""תחנת אוטובוס סמוכה לאוניברסיטת חיפה"", ""סוג המחסניות"": ""מחסניות מאולתרות, מחסנית צולבת"", ""זמן העסקה"": ""30.6.15 בשעת צהריים"", ""סכום העסקה"": ""8,000 ₪"", ""זמן הגעה למקום העסקה"": ""כשעה אחרי השיחה"", ""אופן האחסון ברכב"": ""תת-מקלע עטוף בבד, מונח בתיק"", ""שימוש"": ""לא""}",75.0,"1. **סוג העבירה וחומרתה:** שני התיקים עוסקים בסחר בנשק (144ב'), כאשר בתיק 2 מתווספת עבירת נשיאת נשק. רמת החומרה דומה, שכן מדובר בסחר בנשק קרל גוסטב בשני המקרים, נשק בעל פוטנציאל פגיעה גבוה.

2. **תפקיד הנאשם ומעורבותו:** בשני התיקים הנאשם אינו יזם העסקה אלא מעורב בהעברת הנשק. בתיק 1 הנאשם מעביר את הנשק לסוכן, ובתיק 2 הוא מגיע עם הנשק לעסקה. רמת המעורבות דומה - לא יזם, אך שותף פעיל בהעברה.

3. **שיטת הביצוע (MO):** בשני התיקים מדובר בעסקת סחר בנשק שמתבצעת מחוץ לבית, בנקודת מפגש מוסכמת. שני התיקים כוללים נשק מופרד מתחמושת.

4. **נסיבות הליבה:** בשני התיקים המטרה היא בצע כסף, והייתה תכנון מראש. הכמות תחמושת בתיק 2 גדולה יותר (3 מחסניות לעומת מחסנית אחת), אך סדר הגודל דומה. אין נסיבות מחמירות או מקלות בולטות שמבדילות באופן משמעותי בין התיקים.

5. **ישימות כתקדים:** בהחלט ייתכן שבית המשפט יראה בתיק 1 תקדים רלוונטי לתיק 2, בעיקר לצורך גזירת העונש. העובדה שמדובר בסחר בנשק קרל גוסטב בשני המקרים, יחד עם תפקיד הנאשם כמי שאינו יזם העסקה, מחזקת את הרלוונטיות.

SIMILARITY_SCORE: 75","ok",""
"ME-15-06-12109-344","ME-12-04-33577-700",1,0,0,"{""תאריך האירוע"": ""2.5.13"", ""מיקום האירוע"": ""כפר עזריה"", ""מעורבים נוספים"": ""עמאר זלום, אחיו של הנאשם"", ""סוג הנשק [אקדח]"": 1.0, ""מספר עבירה"": ""144 ב"", ""סוג עבירה"": ""נשיאת נשק, הובלת נשק"", ""סטטוס הנשק"": ""תקין"", ""תכנון"": ""כן"", ""אופן החזקת הנשק"": ""ברכב"", ""שימוש"": ""לא"", ""כמות תחמושת"": ""ללא""}","{""אופן החזקת הנשק"": ""על גופו"", ""מטרה-סיבת העבירה"": ""סכסוך"", ""מספר עבירה"": ""144 א, 144 ב"", ""סוג הנשק [אקדח]"": 1.0, ""סוג עבירה"": ""החזקה נשק, נשיאת נשק"", ""סטטוס הנשק"": ""תקין"", ""עבירות נוספות"": ""חבלה בכוונה מחמירה, עבירה לפי סעיף 329(א)(2) לחוק העונשין ויריות באזור מגורים, עבירה לפי סעיף 340(א) לחוק העונשין."", ""שימוש"": ""כן,ירי"", ""תכנון"": ""כן"", ""מיקום האירוע"": ""בית שאן"", ""תאריך האירוע"": ""13/4/12"", ""שעת האירוע"": ""02:00 לפנות בוקר"", ""פרטי המתלונן"": ""זרק כוס לעבר הנאשם"", ""תיאור התקרית"": ""במהלך ויכוח זרק המתלונן כוס לכיוון הנאשם, הנאשם שלף אקדח וירה שלוש יריות"", ""מספר יריות"": 3, ""מיקום פגיעות הירי"": ""אחת ליד הראש, אחת ליד הגב, שריטה בברך הימנית"", ""כמות תחמושת"": ""ללא""}",40.0,"1. **סוג העבירה וחומרתה:** שני התיקים עוסקים בעבירות נשק לפי חוק העונשין, אך תיק 2 חמור יותר משמעותית בשל השימוש בנשק וביצוע עבירות נוספות של חבלה ויריות. תיק 1 מתמקד בנשיאה והובלה, בעוד תיק 2 כולל גם החזקה ושימוש בפועל.

2. **תפקיד הנאשם ומעורבותו:** בשני התיקים הנאשם מחזיק/נושא בנשק. בתיק 1 אין מידע על מעורבות נוספת, בעוד שבתיק 2 הנאשם ביצע ירי לעבר אדם בעקבות סכסוך, מה שמצביע על מעורבות פעילה ואלימה יותר.

3. **שיטת הביצוע (MO):** בשני התיקים הנשק היה תקין. תיק 1 מתייחס להחזקה ברכב, בעוד תיק 2 מתייחס להחזקה על הגוף ושימוש בירי. אמצעי הביצוע שונים, אך שניהם כוללים נשיאת נשק.

4. **נסיבות הליבה:** שני התיקים כוללים תכנון מראש. תיק 2 חמור יותר בשל השימוש בנשק, מספר היריות, מיקום הפגיעות והנסיבות המצביעות על סכסוך שהוביל לירי. העובדה שבשני התיקים לא מצוינת כמות תחמושת אינה רלוונטית להשוואה.

5. **ישימות כתקדם:** בשל החומרה הרבה יותר של תיק 2, סביר להניח שבית המשפט לא יראה בתיק 1 תקדים רלוונטי לענישה בתיק 2. תיק 1 עוסק בנשיאה בלבד, בעוד תיק 2 כולל שימוש אלים בנשק ופגיעה בפועל. עם זאת, העובדה שמדובר בעבירות נשק דומות יכולה להשפיע על שיקולי הענישה באופן כללי.

SIMILARITY_SCORE: 40","ok",""
"ME-17-08-28615-573","ME-16-05-336-804",2,0,1,"{""אופן החזקת הנשק"": ""על גופו"", ""כמות תחמושת"": ""מחסנית ובה 9 כדורים, 50 כדורים"", ""מספר עבירה"": ""144 א, 144 ב"", ""סוג הנשק [רימון הלם/גז]"": 1.0, ""סוג הנשק [תת מקלע מאולתר]"": 1.0, ""סוג עבירה"": ""החזקה נשק, נשיאת נשק"", ""סטטוס הנשק"": ""נשק מופרד מתחמושת"", ""עבירות נוספות"": ""הפרעה לשוטר במילוי תפקידו, לפי סעיף 275 לחוק העונשין"", ""תכנון"": ""כן"", ""מיקום האירוע"": ""תחנת דלק ליד קיבוץ בית העמק"", ""זמן האירוע"": ""בין השעות 19:57 ל-23:04"", ""פעולות הנאשם במהלך האירוע"": ""הכניס את התיק לפח אשפה, שהה במקום, ניגש לפיצוצייה, רץ לכיוון הפח והמשיך בריצה עם התיק"", ""תגובת הנאשם להתקרבות שוטרים"": ""החל להימלט ושלח את התיק למיכל מחזור"", ""מספר שוטרים במעורבות"": ""5"", ""סוג הרכב המשטרתי"": ""ניידת משטרה"", ""מיקום המציאת הנאשם"": ""מסתתר בשיחים בקרבת מקום"", ""שימוש"": ""לא""}","{""אופן החזקת הנשק"": ""ברכב, על גופו"", ""כמות תחמושת"": ""מחסנית ריקה ובה 0 כדורים + מחסנית ריקה ובה 0 כדורים + 26 כדורים"", ""מספר עבירה"": ""144 ב"", ""סוג הנשק [תת מקלע מאולתר]"": 1.0, ""סוג עבירה"": ""נשיאת נשק, הובלת נשק"", ""סטטוס הנשק"": ""נשק מופרד מתחמושת"", ""שימוש"": ""כן,ירי"", ""תכנון"": ""לא"", ""זמן האירוע"": ""שעת ערב"", ""מיקום האירוע"": ""טקס חינה"", ""תאריך האירוע"": ""24/04/16"", ""סוג הנשק"": ""תת מקלע מאולתר מסוג קרל גוסטב"", ""התנהלות במהלך המעצר"": ""ניסיון להימלט, זריקת הנשק מהרכב"", ""מעורבות צד שלישי"": ""רדואן סמארה, נהג הרכב"", ""פעולת השוטרים"": ""רדיפה ותפיסת הנשק והתחמושת""}",65.0,"להלן ניתוח הדמיון המהותי בין שני התיקים:

1. **סוג העבירה וחומרתה:** שני התיקים עוסקים בעבירות של החזקה ונשיאת נשק (144 א' ו-144 ב'), אך תיק 1 כולל גם החזקה בלבד (144 א') בעוד תיק 2 מתמקד בנשיאה והובלה (144 ב'). תיק 2 חמור יותר בשל השימוש בנשק.
2. **תפקיד הנאשם ומעורבותו:** בשני התיקים הנאשם מחזיק בנשק באופן ישיר (על גופו או ברכב). בתיק 1 יש מעורבות נוספת של ניסיון להימלט והפרעה לשוטר, בעוד בתיק 2 יש מעורבות של נהג נוסף.
3. **שיטת הביצוע (MO):** בשני התיקים יש ניסיון להימלט מהשוטרים וזריקת הנשק. עם זאת, בתיק 1 יש סדרה של פעולות מורכבות יותר (הכנסה לפח, ריצה, הסתתרות) בעוד בתיק 2 מדובר בניסיון בריחה פשוט יותר.
4. **נסיבות הליבה:** שני התיקים כוללים נשק מאולתר (תת מקלע). תיק 1 כולל כמות תחמושת גדולה יותר (59 כדורים לעומת 26). תיק 2 חמור יותר בשל השימוש בנשק בירי. תיק 1 כולל תכנון מוקדם, בעוד תיק 2 מתרחש באופן ספונטני.
5. **ישימות כתקדים:** בשל העובדה ששני התיקים עוסקים בנשיאת נשק מאולתר, תיק 1 יכול לשמש כתקדים מסוים לתיק 2, בעיקר בכל הנוגע לענישה על נשיאת נשק. עם זאת, השימוש בנשק בתיק 2 והעובדה שמדובר בתת מקלע קרל גוסטב (נשק קטלני יותר) יבדילו אותו.

SIMILARITY_SCORE: 65","ok",""
"ME-16-05-25902-514","SH-17-08-47445-166",1,0,0,"{""אופן החזקת הנשק"": ""בבית, על גופו"", ""אופן קבלת הנשק"": ""רכש"", ""כמות תחמושת"": ""מחסנית ובה 7 כדורים"", ""מטרה-סיבת העבירה"": ""הגנה עצמית"", ""מספר עבירה"": ""144 א, 144 ב"", ""סוג הנשק [אקדח]"": 1.0, ""סוג עבירה"": ""החזקה נשק, נשיאת נשק"", ""סטטוס הנשק"": ""נשק עם מחסנית בהכנס"", ""תכנון"": ""לא"", ""תאריך גניבת הנשק"": ""31.12.13"", ""מקום גניבת הנשק"": ""מביתו של דינו תמאם"", ""תאריך רכישת הנשק"": ""במהלך חודש פברואר 2016"", ""מקום החזקת הנשק"": ""במקלט ביתו בקלנסוואה"", ""תאריך נשיאת הנשק לעבודה"": ""מחודש פברואר 2016 ועד ליום 8.5.16"", ""שעה בה נשא הנאשם את הנשק"": ""בסמוך לשעה 06:00"", ""מספר סידורי של הנשק"": ""682663"", ""סוג הנשק"": ""אקדח מסוג ברטה"", ""שימוש"": ""לא""}","{""אופן החזקת הנשק"": ""בבית"", ""מספר עבירה"": ""144 א"", ""סוג הנשק [אקדח]"": 1.0, ""סוג הנשק [תת מקלע מאולתר]"": 1.0, ""סוג עבירה"": ""החזקה נשק"", ""סטטוס הנשק"": ""תקין"", ""תכנון"": ""לא"", ""תאריך המעצר"": ""09.08.2018"", ""מיקום החזקת הנשק"": ""כסיפה"", ""סוג הנשק [FN]"": 1.0, ""פיזור הנשק"": ""סביב הישוב"", ""שימוש"": ""לא"", ""כמות תחמושת"": ""ללא""}",40.0,"להלן ניתוח הדמיון המהותי בין שני התיקים:

1. **סוג העבירה וחומרתה:** שני התיקים עוסקים בעבירות נשק, אך תיק 1 כולל גם נשיאת נשק (144(ב)) בעוד תיק 2 מתייחס רק להחזקה (144(א)). חומרת העבירה בתיק 1 גבוהה יותר בשל הנשיאה.
2. **תפקיד הנאשם ומעורבותו:** בשני התיקים הנאשם הוא מחזיק בנשק, אך בתיק 1 יש רכישה אקטיבית של הנשק, בעוד בתיק 2 לא מצוין מקור הנשק.
3. **שיטת הביצוע (MO):** בשני התיקים הנשק הוחזק בבית. עם זאת, בתיק 1 הנשק נשא על הגוף לתקופה ממושכת, דבר שאינו קיים בתיק 2.
4. **נסיבות הליבה:** תיק 1 כולל כמות תחמושת מוגדרת (7 כדורים) ומטרה של הגנה עצמית. תיק 2 מציין היעדר תחמושת ואינו מציין מטרה. העובדה שבתיק 1 הנשק היה עם מחסנית טעונה היא נסיבה מחמירה שאינה קיימת בתיק 2.
5. **ישימות כתקדם:** בשל השילוב של 144(ב) בתיק 1 והעובדה שהנאשם רכש את הנשק באופן אקטיבי, סביר להניח שבית המשפט יראה בתיק 1 תקדים חלש בלבד לתיק 2, המתמקד רק בהחזקה.

SIMILARITY_SCORE: 40","ok",""
"ME-16-05-336-804","ME-14-12-6904-57",3,1,1,"{""אופן החזקת הנשק"": ""ברכב, על גופו"", ""כמות תחמושת"": ""מחסנית ריקה ובה 0 כדורים + מחסנית ריקה ובה 0 כדורים + 26 כדורים"", ""מספר עבירה"": ""144 ב"", ""סוג הנשק [תת מקלע מאולתר]"": 1.0, ""סוג עבירה"": ""נשיאת נשק, הובלת נשק"", ""סטטוס הנשק"": ""נשק מופרד מתחמושת"", ""שימוש"": ""כן,ירי"", ""תכנון"": ""לא"", ""זמן האירוע"": ""שעת ערב"", ""מיקום האירוע"": ""טקס חינה"", ""תאריך האירוע"": ""24/04/16"", ""סוג הנשק"": ""תת מקלע מאולתר מסוג קרל גוסטב"", ""התנהלות במהלך המעצר"": ""ניסיון להימלט, זריקת הנשק מהרכב"", ""מעורבות צד שלישי"": ""רדואן סמארה, נהג הרכב"", ""פעולת השוטרים"": ""רדיפה ותפיסת הנשק והתחמושת""}","{""מיקום הדירה"": ""תל אביב"", ""תאריך רכישת הנשק"": ""18.11.2014"", ""מחיר הנשק"": ""4000 ש\""ח"", ""סוג הנשק"": ""רובה מאולתר מדגם קרל גוסטב"", ""תאריך העבירה"": ""18.11.2014"", ""שעת העבירה"": ""16:40"", ""אופן הסתרת הנשק"": ""עטוף בבגדים בתוך תיק גב"", ""כמות קנאביס"": ""0.3027 גרם נטו"", ""מיקום החזקת הנשק בדירה"": ""מוטמן בארון בגדים בחדר השינה"", ""מספר עבירה"": ""144 ב"", ""סוג עבירה"": ""נשיאת נשק, הובלת נשק"", ""עבירות נוספות"": ""החזקת סם לצריכה עצמית"", ""סוג הנשק [תת מקלע מאולתר]"": 1.0, ""סטטוס הנשק"": ""נשק מופרד מתחמושת"", ""תכנון"": ""כן"", ""אופן החזקת הנשק"": ""בבית, על גופו, מוסלק - מוסתר"", ""אופן קבלת הנשק"": ""רכש"", ""כמות תחמושת"": ""מחסנית"", ""מטרה-סיבת העבירה"": ""הגנה עצמית""}",65.0,"להלן ניתוח הדמיון המהותי בין שני התיקים:

1. **סוג העבירה וחומרתה:** שני התיקים עוסקים בעבירה של נשיאה/הובלה של נשק (144(ב)) וסוג הנשק זהה - תת מקלע מאולתר מסוג קרל גוסטב. חומרת העבירה דומה, שכן מדובר בנשק קטלני.
2. **תפקיד הנאשם ומעורבותו:** בתיק 1 הנאשם ירה בנשק וניסה להימלט, מה שמצביע על מעורבות פעילה. בתיק 2 הנאשם רכש את הנשק והחזיק בו, לכאורה לצורך הגנה עצמית, מה שמצביע על מעורבות ישירה אך פחות אקטיבית.
3. **שיטת הביצוע (MO):** בשני התיקים הנשק הוחזק על גופו של הנאשם, אך בתיק 1 הייתה נשיאה גלויה (ברכב) ושימוש בנשק, בעוד שבתיק 2 הייתה הסלקה.
4. **נסיבות הליבה:** בשני התיקים הנשק היה מופרד מהתחמושת. בתיק 1 הייתה כמות תחמושת גדולה יותר (26 כדורים) והיה שימוש בנשק, בעוד שבתיק 2 הייתה מחסנית אחת בלבד. בתיק 1 האירוע התרחש בטקס חינה, בעוד שבתיק 2 מדובר בהחזקה בדירה. בתיק 2 קיימת טענה למטרה של הגנה עצמית, שלא קיימת בתיק 1.
5. **ישימות כתקדים:** בית המשפט עשוי לראות את שני התיקים כרלוונטיים זה לזה לצורכי ענישה, בעיקר בשל סוג העבירה והנשק. עם זאת, ההבדלים בנסיבות (שימוש בנשק, כמות התחמושת, המטרה) עשויים להשפיע על גזר הדין.

SIMILARITY_SCORE: 65","ok",""
"SH-19-07-60805-168","ME-20-01-17935-7",1,0,0,"{""אופן החזקת הנשק"": ""ברכב, מוסלק - מוסתר"", ""כמות תחמושת"": ""מחסנית ובה 10 כדורים"", ""מספר עבירה"": ""144 א"", ""סוג הנשק [אקדח]"": 1.0, ""סוג עבירה"": ""החזקה נשק"", ""סטטוס הנשק"": ""נשק עם מחסנית בהכנס"", ""תכנון"": ""לא"", ""סוג הרכב"": ""לקסוס"", ""מספר רישוי"": ""72-111-79"", ""מיקום החזקת הנשק"": ""תא מטען, מתחת לשטיח הגלגל הרזרבי"", ""סוג האקדח"": ""גז/הזנקה"", ""שינוי בייעוד הנשק"": ""מסוגל לירות כדורי אקדח"", ""סוג המחסנית"": ""סמית' אנד ווסון"", ""קוטר הכדורים"": ""9 מ\""מ פאראבלום"", ""שימוש"": ""לא""}","{""אופן החזקת הנשק"": ""בבית"", ""מספר עבירה"": ""144 א, 144 ב"", ""סוג הנשק [תת מקלע מאולתר]"": 1.0, ""סוג עבירה"": ""החזקה נשק, נשיאת נשק"", ""סטטוס הנשק"": ""תקול"", ""עבירות נוספות"": ""הפרעה לשוטר"", ""תכנון"": ""לא"", ""מיקום האירוע"": ""חניון עפר פתוח באום אל פחם"", ""זמן האירוע"": ""29.12.19 בשעה 22:00"", ""הזדהות שוטר"": ""השוטר הזדהה בפני קיס"", ""תגובת הנאשם לקריאת השוטר"": ""לא ציית עד ירי באוויר"", ""מעורבים נוספים באירוע"": ""קיס אג'באריה, הייתם אג'באריה, רמי אג'באריה"", ""פעולת נמלט"": ""הנאשם נמלט מאחורי הבית"", ""שימוש"": ""לא"", ""כמות תחמושת"": ""ללא""}",30.0,"1. **סוג העבירה וחומרתה:** שני התיקים עוסקים בעבירות נשק, אך תיק 2 כולל גם נשיאת נשק (144(ב)) והפרעה לשוטר, מה שמגדיל את חומרתו. תיק 1 מתמקד בהחזקה בלבד (144(א)).
2. **תפקיד הנאשם ומעורבותו:** בתיק 1 הנאשם מחזיק בנשק מוסלק, מה שמרמז על מעורבות פסיבית יחסית. בתיק 2, הנאשם נמלט משוטר וסירב לציית לקריאה, מה שמצביע על מעורבות אקטיבית יותר ועימות עם רשויות החוק.
3. **שיטת הביצוע (MO):** בתיק 1 הנשק מוסלק ברכב, בעוד שבתיק 2 הנשק נמצא בבית. אין דמיון משמעותי בשיטת הביצוע.
4. **נסיבות הליבה:** תיק 1 כולל מחסנית עם כדורים, בעוד שבתיק 2 הנשק תקול וללא תחמושת. תיק 2 מתאפיין בעימות עם שוטר ונסיון בריחה, נסיבות מחמירות שאינן קיימות בתיק 1.
5. **ישימות כתקדם:** בשל השוני המשמעותי בסוג העבירה (הוספת 144(ב) והפרעה לשוטר בתיק 2), רמת המעורבות של הנאשם, ונסיבות הליבה, סביר שבית המשפט לא יראה בתיק 1 תקדים רלוונטי לענישה בתיק 2. העובדה שתיק 1 עוסק בהחזקה בלבד (144(א)) מקטינה מאוד את הרלוונטיות שלו לתיק הכולל גם נשיאה.

SIMILARITY_SCORE: 30","ok",""
"ME-15-12-39071-113","ME-09-11-7566-913",3,1,1,"{""אופן החזקת הנשק"": ""ברכב, מוסלק - מוסתר"", ""מטרה-סיבת העבירה"": ""הגנה עצמית"", ""מספר עבירה"": ""144 א"", ""סוג הנשק [אקדח]"": 1.0, ""סוג עבירה"": ""החזקה נשק"", ""סטטוס הנשק"": ""תקין"", ""תכנון"": ""לא"", ""סוג רכב"": ""מזדה 3"", ""מספר רישיון רכב"": ""71-098-16"", ""מיקום האירוע"": ""כביש מספר 1, בסמוך למחלף הראל"", ""זמן האירוע"": ""12.10.13, בשעה 22:30"", ""מיקום החזקת הנשק ברכב"": ""מתחת לשטיח שמתחת למושב הסמוך לנהג"", ""סוג הנשק"": ""אקדח חצי אוטומטי מסוג סטאר"", ""שימוש"": ""לא"", ""כמות תחמושת"": ""ללא""}","{""דגם הנשק"": ""webiey"", ""מיקום החזקת הנשק"": ""מתחת לריפוד במושב שליד הנהג"", ""תאריך העבירה"": ""05.11.09"", ""שעת העבירה"": ""17:00"", ""מספר עבירה"": ""144 א, 144 ב"", ""סוג עבירה"": ""ביצוע עבירות בנשק"", ""סוג הנשק [אקדח]"": 1.0, ""סטטוס הנשק"": ""תקול"", ""תכנון"": ""לא"", ""אופן החזקת הנשק"": ""ברכב"", ""אופן קבלת הנשק"": ""מצא"", ""שימוש"": ""לא"", ""כמות תחמושת"": ""ללא""}",45.0,"להלן ניתוח הדמיון המהותי בין שני התיקים:

1. **סוג העבירה וחומרתה:** שני התיקים עוסקים בעבירות נשק, אך תיק 2 כולל גם סעיף 144(ב) (נשיאה/הובלה) בנוסף ל-144(א) (החזקה), מה שמגדיל את חומרתו. תיק 1 עוסק בהחזקה בלבד.
2. **תפקיד הנאשם ומעורבותו:** בשני התיקים הנאשם הוא מחזיק בנשק, אך לא ברור האם מדובר ביזום או בקבלה (תיק 2 מציין ""מצא""). רמת המעורבות אינה ברורה בשני התיקים, אך נראה כי מדובר בהחזקה פסיבית.
3. **שיטת הביצוע (MO):** בשני התיקים הנשק הוחזק ברכב, מוסלק (מתחת לשטיח/ריפוד). זו נקודת דמיון משמעותית.
4. **נסיבות הליבה:** בשני התיקים לא נעשה שימוש בנשק, והכמות תחמושת היא אפסית. תיק 1 מציין ""הגנה עצמית"" כמטרה, בעוד תיק 2 לא מציין מטרה. סטטוס הנשק שונה (תקין לעומת תקול).
5. **ישימות כתקדים:** בשל העובדה שתיק 2 כולל גם סעיף 144(ב), הוא חמור יותר מתיק 1. עם זאת, הדמיון בשיטת ההחזקה (ברכב, מוסלק) עשוי להוות בסיס להשוואה בענישה, אך בעיקר בהקשר של החזקה בלבד (144(א)). העובדה שתיק 1 מציין הגנה עצמית כסיבה עשויה להשפיע על האופן שבו בית המשפט יתייחס אליו כתקדים.

SIMILARITY_SCORE: 45","ok",""
"ME-19-04-1316-977","SH-11-05-24791-315",1,0,0,"{""אופן החזקת הנשק"": ""ברכב"", ""אופן קבלת הנשק"": ""מאחר"", ""כמות תחמושת"": ""900 כדורים"", ""מטרה-סיבת העבירה"": ""בצע כסף"", ""מספר עבירה"": ""144 ב"", ""סוג הנשק [תת מקלע מאולתר]"": 1.0, ""סוג עבירה"": ""סחר בנשק, ניסיון לסחר"", ""סטטוס הנשק"": ""תקין"", ""תכנון"": ""כן"", ""סוג תחמושת"": ""כדורי M16 ו-5.56 מ\""מ"", ""מספר תחמושת"": ""1100 כדורים"", ""מחיר העסקה"": ""19000 ₪"", ""מיקום העסקה"": ""א-ראם"", ""זמן העסקה"": ""בין פברואר למרץ 2019"", ""סוג הנשק [אקדח]"": 1.0, ""סוג הנשק [קרלו]"": 1.0, ""סטטוס הנשק [מקולקל]"": 1.0, ""התקשרות עם צד שלישי"": ""האחר"", ""התקשרות עם סוכן"": ""מספר שיחות תיאום"", ""הבטחת נשק נוסף"": ""אקדח ותחמושת תואמת"", ""שימוש"": ""לא""}","{""אופן החזקת הנשק"": ""בבית"", ""אופן קבלת הנשק"": ""מאחר"", ""כמות תחמושת"": ""2 מחסניות"", ""מספר עבירה"": ""144 א"", ""סוג הנשק [אקדח]"": 1.0, ""סוג עבירה"": ""החזקה נשק"", ""סטטוס הנשק"": ""נשק מופרד מתחמושת"", ""תכנון"": ""לא"", ""מיקום החזקת הנשק"": ""כפר עין-נקובא"", ""דגם הנשק"": ""אקדח חצי אוטומטי אף-אן (FN)"", ""תאריך האירוע"": ""19/07/09"", ""שעת האירוע"": ""21:00"", ""תאריך הרשעה"": ""09/01/13"", ""סעיף עבירה נוסף"": ""144 א סיפא"", ""סוג עבירה נוספת"": ""החזקת אביזר לנשק"", ""שימוש"": ""לא""}",25.0,"להלן ניתוח הדמיון המהותי בין שני התיקים:

1. **סוג העבירה וחומרתה:** תיק 1 עוסק בסחר בנשק (144ב) ובניסיון לסחר, עבירות חמורות ביותר. תיק 2 עוסק בהחזקת נשק (144א) בלבד, עבירה פחות חמורה. הפער בחומרה משמעותי.
2. **תפקיד הנאשם ומעורבותו:** בתיק 1 הנאשם מעורב בסחר, כלומר תפקידו יזם או סוחר. בתיק 2 הנאשם מחזיק בנשק, תפקיד פסיבי יותר.
3. **שיטת הביצוע (MO):** בתיק 1 מדובר בעסקת סחר מתוכננת עם תיאומים וסוכן, בעוד שבתיק 2 מדובר בהחזקה בבית ללא תכנון מוקדם. שיטות הביצוע שונות מאוד.
4. **נסיבות הליבה:** תיק 1 כולל כמות תחמושת עצומה (1100 כדורים) וסוגי נשק מגוונים, בעוד תיק 2 כולל רק 2 מחסניות. תיק 1 כולל תכנון מוקדם, בעוד תיק 2 לא. הפער בנסיבות הליבה משמעותי.
5. **ישימות כתקדם:** לא סביר שבית משפט יראה בתיק 2 תקדים רלוונטי לתיק 1. העבירות שונות, רמת המעורבות שונה, והנסיבות שונות באופן מהותי. תיק 1 עוסק בסחר, תיק 2 בהחזקה בלבד.

SIMILARITY_SCORE: 25","ok",""
"ME-15-12-39071-113","ME-13-02-28360-614",1,0,0,"{""אופן החזקת הנשק"": ""ברכב, מוסלק - מוסתר"", ""מטרה-סיבת העבירה"": ""הגנה עצמית"", ""מספר עבירה"": ""144 א"", ""סוג הנשק [אקדח]"": 1.0, ""סוג עבירה"": ""החזקה נשק"", ""סטטוס הנשק"": ""תקין"", ""תכנון"": ""לא"", ""סוג רכב"": ""מזדה 3"", ""מספר רישיון רכב"": ""71-098-16"", ""מיקום האירוע"": ""כביש מספר 1, בסמוך למחלף הראל"", ""זמן האירוע"": ""12.10.13, בשעה 22:30"", ""מיקום החזקת הנשק ברכב"": ""מתחת לשטיח שמתחת למושב הסמוך לנהג"", ""סוג הנשק"": ""אקדח חצי אוטומטי מסוג סטאר"", ""שימוש"": ""לא"", ""כמות תחמושת"": ""ללא""}","{""אופן החזקת הנשק"": ""ברכב"", ""מספר עבירה"": ""144 ב"", ""סוג הנשק [אקדח]"": 1.0, ""סוג עבירה"": ""נשיאת נשק"", ""סטטוס הנשק"": ""נשק עם כדור בקנה"", ""עבירות נוספות"": ""הפרעה לשוטר במילוי תפקידו,נהיגה ללא רישיון,נהיגה ללא ביטוח',נהיגה תחת השפעת משקאות משכרים"", ""שימוש"": ""כן,ירי"", ""תכנון"": ""לא"", ""מקום האירוע"": ""רהט"", ""תאריך האירוע"": ""9/2/13"", ""התנהגות במהלך המעצר"": ""ניסיון להימלט, נסיעה מהירה, נסיעה על המדרכה"", ""מספר יריות"": 3, ""מקום הירי"": ""צריף ברהט"", ""זהות נוסע ברכב"": ""הלאל אבו זעילה"", ""סוג הרכב"": ""רכב גנוב"", ""סוג המשקאות המשכרים"": ""אלכוהוליים"", ""תגובת תושבים"": ""צעקות מתושב השכונה"", ""תגובת המשטרה"": ""ניידת עם אורות כחולים דולקים, סירנה והכריזה"", ""כמות תחמושת"": ""ללא""}",35.0,"1. **סוג העבירה וחומרתה:** שני התיקים עוסקים בעבירות נשק, אך תיק 1 הוא החזקה (144(א)) ותיק 2 הוא נשיאה (144(ב)). נשיאה חמורה יותר מהחזקה, ולכן יש הבדל משמעותי ברמת החומרה.
2. **תפקיד הנאשם ומעורבותו:** בשני התיקים הנאשם מחזיק/נושא בנשק, אך בתיק 2 יש מעורבות נוספת של עבירות תעבורה והפרעה לשוטר, וכן שימוש בנשק (ירי). בתיק 1 אין מעורבות נוספת מלבד ההחזקה.
3. **שיטת הביצוע (MO):** בשני התיקים הנשק היה ברכב, אך בתיק 1 הוא הוסלק, בעוד שבתיק 2 לא מצוין אופן ההחזקה הספציפי. השימוש בנשק בתיק 2 מהווה הבדל משמעותי.
4. **נסיבות הליבה:** תיק 1 מציין הגנה עצמית כמטרה, בעוד בתיק 2 אין ציון מטרה. תיק 2 כולל ירי שלוש יריות, נסיבות מחמירות כמו נהיגה בשכרות וברכב גנוב, וניסיון הימלטות. תיק 1 מתאפיין בהיעדר תחמושת.
5. **ישימות כתקדים:** בשל ההבדל המהותי בין החזקה לנשיאה, תיק 1 (החזקה) כמעט ולא יהווה תקדים לתיק 2 (נשיאה). העבירות הנלוות בתיק 2 והשימוש בנשק גם כן יקשו על ראייתו כתקדים רלוונטי.

SIMILARITY_SCORE: 35","ok",""
"ME-16-02-59812-881","ME-22-03-52964-443",3,1,1,"{""אופן קבלת הנשק"": ""עבודה"", ""כמות תחמושת"": ""2 מחסניות, 20 כדורים"", ""מטרה-סיבת העבירה"": ""מימון סמים"", ""מספר עבירה"": ""144 ב"", ""סוג הנשק [אקדח]"": 1.0, ""סוג עבירה"": ""סחר בנשק"", ""סטטוס הנשק"": ""תקין"", ""עבירות נוספות"": ""מסירת ידיעה כוזבת על עבירת פשע, לפי סעיף 243 סיפא לחוק; שיבוש הליכי משפט, לפי סעיף 244 לחוק."", ""תכנון"": ""כן"", ""סוג הסמים"": ""חשיש, הרואין"", ""כמות הסמים"": ""ארבע חבילות של הרואין"", ""מחיר מכירת הנשק"": ""8,000 ₪"", ""מקום העבודה"": ""בית ספר יסודי"", ""תקופת העבירות"": ""אוגוסט 2014 - פברואר 2016"", ""שם הקונה"": ""מחמוד צאלוק"", ""שם המעביד"": ""שי יהושע לוי"", ""תיאור האירוע"": ""דיווח כוזב על שוד למעביד ולמשטרה"", ""הודאה בחקירה"": ""הודתה בבדיה את אירוע השוד"", ""שימוש"": ""לא""}","{""אופן החזקת הנשק"": ""על גופו"", ""כמות תחמושת"": ""מחסנית ובה 16 כדורים, מחסנית ובה 16 כדורים"", ""מטרה-סיבת העבירה"": ""סכסוך"", ""מספר עבירה"": ""144 א, 144 ב"", ""סוג הנשק [אקדח]"": 1.0, ""סוג עבירה"": ""החזקה נשק, נשיאת נשק, הובלת נשק"", ""סטטוס הנשק"": ""נשק עם מחסנית בהכנס"", ""עבירות נוספות"": ""עבירת הפרעה לשוטר במילוי תפקידו לפי סעיף 275 לחוק."", ""תכנון"": ""כן"", ""מודל הנשק"": ""D.D.G מודל 19"", ""קליבר הנשק"": ""9 מ\""מ פרבלום"", ""מקום האירוע"": ""מפעל מזון בדיר אל אסד"", ""תאריך ושעה"": ""9.3.22 בשעה 12:10"", ""תיאור התנהגות הנאשם בעת המעצר"": ""ניסה להשליך את הנשק והתחמושת לתוך ארגז עופות"", ""שימוש"": ""לא""}",35.0,"להלן ניתוח הדמיון המהותי בין שני התיקים, ממד אחר ממד:

1. **סוג העבירה וחומרתה:** שני התיקים עוסקים בעבירות נשק לפי חוק העונשין, אך תיק 1 מתמקד בסחר בנשק (144ב) תוך שילוב עבירות נוספות חמורות (מסירת ידיעה כוזבת ושיבוש הליכי משפט), בעוד תיק 2 עוסק בהחזקה, נשיאה והובלה (144א, 144ב) בצירוף הפרעה לשוטר. חומרת תיק 1 גבוהה יותר בשל הסחר והעבירות הנלוות.

2. **תפקיד הנאשם ומעורבותו:** בתיק 1 הנאשמת היא סוחרת בנשק, מעורבות פעילה ומתוכננת. בתיק 2 הנאשם מחזיק בנשק, ונראה כי מדובר בנשיאה והובלה, אך לא ברור האם הוא יזם או רק מחזיק. מעורבותו נראית פעילה, אך לא בהכרח מתוכננת כמו בתיק 1.

3. **שיטת הביצוע (MO):** בתיק 1 שיטת הביצוע כוללת סחר בנשק לצורך מימון סמים, תוך שימוש בתחכום (דיווח כוזב). בתיק 2 שיטת הביצוע היא החזקה/נשיאה/הובלה של נשק, עם ניסיון להשליך אותו בעת מעצר. אין חפיפה משמעותית בשיטות הביצוע.

4. **נסיבות הליבה:** שני התיקים כוללים אקדח תקין ותחמושת. הכמות בתיק 1 (2 מחסניות, 20 כדורים) דומה לתיק 2 (2 מחסניות, 32 כדורים). בשני התיקים לא נעשה שימוש בנשק. תיק 1 כולל תכנון מוקדם, בעוד תיק 2 מציין תכנון אך לא מפרט. תיק 1 קשור לסחר בסמים, תיק 2 לסכסוך.

5. **ישימות כתקדים:** בשל ההבדלים המשמעותיים בסוג העבירה (סחר לעומת החזקה/נשיאה/הובלה) ובחומרתן, סביר להניח שבית המשפט לא יראה בתיק 1 תקדים רלוונטי לענישה בתיק 2, ולהיפך. העבירות הנלוות בתיק 1 (מסירת ידיעה כוזבת ושיבוש הליכי משפט) גם הן יפחיתו את הרלוונטיות שלו כתקדים.

SIMILARITY_SCORE: 35","ok",""
"ME-20-01-62688-591","ME-17-05-35227-215",1,0,0,"{""אופן החזקת הנשק"": ""ברכב, על גופו"", ""מטרה-סיבת העבירה"": ""סכסוך"", ""מספר עבירה"": ""144 ב"", ""סוג הנשק [אקדח]"": 1.0, ""סוג עבירה"": ""נשיאת נשק, הובלת נשק"", ""סטטוס הנשק"": ""נשק עם כדור בקנה"", ""עבירות נוספות"": ""חבלה בכוונה מחמירה - עבירה לפי סעיף 329 (א)(1) לחוק העונשין; החזקת סם מסוכן לצריכה עצמית - עבירה לפי סעיף 7(א) + (ג) סיפא לפקודת הסמים המסוכנים [נוסח חדש], התשל\""ג-1973."", ""שימוש"": ""כן,ירי"", ""תכנון"": ""כן"", ""זמן האירוע"": ""16.1.20 בשעה 14:55"", ""מקום האירוע"": ""עסק בו עבד המתלונן"", ""סוג הרכב"": ""הונדה בצבע שחור"", ""מספר רישוי של הרכב"": ""60-201-70"", ""זהות הנהג"": ""לא ידועה"", ""פגיעה פיזית"": ""שבר פמור שליש פרוקסימלי אספקט קדמי של להקורטקס, ספליט שנמשך עד כ 7 ס\""מ מתחת ל- LT"", ""טיפול רפואי"": ""אושפז ונותח לשחזור ולקיבוע השבר באמצעות מסמר, הקליע הושאר בגוף"", ""מקום האישפוז"": ""בית חולים רמב\""ם"", ""תאריך שחרור מהאשפוז"": ""21.1.20"", ""מקום מעצר הנאשם"": ""תחנת דלק פז בצומת האצטדיון בחיפה"", ""זמן מעצר הנאשם"": ""אותו יום, סמוך לשעה 15:50"", ""כמות הסם"": ""1.5 גרם נטו של קוקאין"", ""סכום הכסף שנמצא על הנאשם"": ""1,950 ₪"", ""כמות תחמושת"": ""ללא""}","{""אופן החזקת הנשק"": ""ברכב"", ""כמות תחמושת"": ""מחסנית"", ""מספר עבירה"": ""144 ב"", ""סוג הנשק [תת מקלע מאולתר]"": 1.0, ""סוג עבירה"": ""נשיאת נשק, הובלת נשק"", ""סטטוס הנשק"": ""נשק עם מחסנית בהכנס"", ""תכנון"": ""כן"", ""תאריך העבירה"": ""7 במאי 2017"", ""שעת העבירה"": ""צהריים"", ""סוג הרכב"": ""אופנוע"", ""דגם הרכב"": ""קואנג יאנג טיו"", ""הודאה בעבירה"": ""הודה"", ""סעיף העבירה"": ""144(ב) רישא וסיפא"", ""שנת החוק"": ""1977"", ""שימוש"": ""לא""}",65.0,"להלן ניתוח הדמיון המהותי בין שני התיקים:

1. **סוג העבירה וחומרתה:** שני התיקים עוסקים בעבירה של נשיאה/הובלת נשק (144(ב)), שהיא עבירה חמורה. עם זאת, תיק 1 כולל גם עבירות נוספות חמורות (חבלה בכוונה מחמירה) ושימוש בנשק, מה שמגדיל את חומרתו באופן משמעותי.
2. **תפקיד הנאשם ומעורבותו:** בשני התיקים הנאשם מחזיק/מוביל את הנשק ברכב. בתיק 1 יש מעורבות פעילה יותר (ירי, חבלה), בעוד שבתיק 2 מדובר בהחזקה/הובלה בלבד.
3. **שיטת הביצוע (MO):** בשני התיקים הנשק נמצא ברכב. עם זאת, סוג הרכב שונה (מכונית לעומת אופנוע) וסוג הנשק שונה (אקדח לעומת תת מקלע מאולתר).
4. **נסיבות הליבה:** שני התיקים כוללים תכנון מוקדם. תיק 1 כולל שימוש בנשק ופגיעה פיזית קשה, בעוד שבתיק 2 לא נעשה שימוש בנשק. תיק 1 כולל גם החזקת סם, שלא קיים בתיק 2.
5. **ישימות כתקדים:** בית המשפט עשוי לראות את שני התיקים כרלוונטיים זה לזה לצורכי ענישה, בעיקר בשל סעיף 144(ב). עם זאת, החומרה הרבה יותר של תיק 1 (שימוש בנשק, חבלה, סם) תבלוט ותשפיע על גזר הדין. העובדה שתיק 1 כולל פציעה קשה במיוחד תהווה הבדל משמעותי.

SIMILARITY_SCORE: 65","ok",""
"ME-16-06-64845-657","ME-12-03-13401-281",1,0,0,"{""אופן החזקת הנשק"": ""ברכב"", ""כמות תחמושת"": ""מחסנית ובה 0 כדורים, 11 כדורים"", ""מספר עבירה"": ""144 ב"", ""סוג הנשק [אקדח]"": 1.0, ""סוג עבירה"": ""נשיאת נשק, הובלת נשק"", ""סטטוס הנשק"": ""נשק מופרד מתחמושת"", ""תכנון"": ""לא"", ""מיקום האירוע"": ""אזור המשתלה בקצה הצפוני של כפר כנא"", ""זמן האירוע"": ""סמוך לשעה 22:30"", ""אופן החזקת תחמושת"": ""בכיס"", ""קוטר כדורי הרובה"": ""9 מ\""מ"", ""מקום החזקת הנשק"": ""תא הכפפות של הרכב"", ""שימוש"": ""לא""}","{""אופן החזקת הנשק"": ""ברכב"", ""כמות תחמושת"": ""2 מחסניות ובהן כדורים, 11 כדורים"", ""מספר עבירה"": ""144 א, 144 ב"", ""סוג הנשק [אקדח]"": 1.0, ""סוג עבירה"": ""החזקה נשק, נשיאת נשק, הובלת נשק"", ""סטטוס הנשק"": ""נשק עם כדור בקנה"", ""עבירות נוספות"": ""יריות באזור מגורים - עבירה לפי סעיף 340א לחוק."", ""שימוש"": ""כן,ירי"", ""תכנון"": ""לא"", ""סוג הנשק"": ""אקדח CZ קליבר 9 מ\""מ"", ""מקום האירוע"": ""רחוב שיבת ציון, חיפה"", ""זמן האירוע"": ""ליל 25-26.2.12, סמוך לשעה 00:38"", ""מקור הנשק"": ""נגנב בהתפרצות לבית ביישוב ציפורי ב-3.2.12"", ""זמן המעצר"": ""סמוך לשעה 1:50"", ""מקום המעצר"": ""ברכב על ידי שוטרים""}",65.0,"1. **סוג העבירה וחומרתה:** שני התיקים עוסקים בעבירות נשק לפי חוק העונשין, סעיפים 144(א) ו-144(ב). תיק 2 חמור יותר בשל הוספת עבירת ירי באזור מגורים (סעיף 340א) וקיום כדור בקנה, מה שמצביע על מוכנות לשימוש מיידי.
2. **תפקיד הנאשם ומעורבותו:** בשני התיקים הנאשם מחזיק/נושא את הנשק ברכב. לא ברור מהתיאור האם מדובר ביזום, סחר או שליחות, אך המעורבות היא ישירה בהחזקה והובלה.
3. **שיטת הביצוע (MO):** בשני המקרים הנשק והתחמושת נמצאו ברכב. תיק 2 מציין שהנשק נגנב, מה שמוסיף מימד נוסף לשיטת הביצוע (החזקת נשק גנוב).
4. **נסיבות הליבה:** שני התיקים כוללים אקדח קליבר 9 מ""מ וכמות תחמושת דומה. תיק 2 חמור יותר בשל שימוש בנשק (ירי) וקיום כדור בקנה. העובדה שהנשק בתיק 2 נגנב מוסיפה נסיבה מחמירה.
5. **ישימות כתקדים:** בית המשפט עשוי לראות את תיק 1 כרלוונטי לתיק 2 לצורך ענישה, אך יתייחס לחומרה הנוספת בתיק 2 (ירי, כדור בקנה, נשק גנוב) ויגזור עונש בהתאם. תיק 1 יכול לשמש כנקודת מוצא, אך לא כתקדים זהה.

SIMILARITY_SCORE: 65","ok",""
"SH-14-02-28659-762","ME-16-05-19384-544",1,0,0,"{""מיקום החזקת הנשק"": ""עליית גג של המקלחת"", ""משך זמן החזקת הנשק"": ""כשנתיים"", ""תאריך תחילת החזקת הנשק"": ""11.2.12"", ""מיקום הבית"": ""עזריה"", ""סוג הנשק המדויק"": ""קרל גוסטב"", ""מספר עבירה"": ""144 א"", ""סוג עבירה"": ""החזקה נשק"", ""סוג הנשק [תת מקלע]"": 1.0, ""סטטוס הנשק"": ""נשק מופרד מתחמושת"", ""תכנון"": ""לא"", ""אופן החזקת הנשק"": ""בבית"", ""כמות תחמושת"": ""מחסנית וכדורים"", ""מטרה-סיבת העבירה"": ""הגנה עצמית"", ""שימוש"": ""לא""}","{""מחיר נשק קרל גוסטב"": ""4000 ₪"", ""מחיר מכירה לחרוב"": ""3500 ₪"", ""מחיר רכישה מחרוב"": ""3000 ₪"", ""סוג נשק נוסף"": ""תבור"", ""מיקום החבייה"": ""שכונה סמוכה למקום מגוריו"", ""תאריך התקרית"": ""14.11.15"", ""שעת התקרית"": ""בין 1:00 ל-2:00"", ""מספר כדורים שנורו"": ""5"", ""מספר רכבי ביטחון שנפגעו"": ""3"", ""תאריך חיפושי כוחות הביטחון"": ""מרץ 2016"", ""שם השומר הנשק"": ""מחמוד זהאדה"", ""שם הקונה השני"": ""מוראד מחיסן"", ""שם הקונה השלישי"": ""עבד חרוב"", ""תאריך פיגוע ירי חרוב"": ""9.3.16"", ""מיקום פיגוע ירי חרוב"": ""ירושלים, צומת רמות ושמעון הצדיק"", ""מספר כדורי תחמושת שנמכרו לחרוב"": ""10"", ""מספר עבירה"": ""144 א, 144 ב"", ""סוג עבירה"": ""נשיאת נשק, סחר בנשק"", ""עבירות נוספות"": ""ניסיון לחבלה חמורה,רכישת נשק"", ""סוג הנשק [תת מקלע]"": 3.0, ""סוג הנשק [רובה סער]"": 1.0, ""סטטוס הנשק"": ""נשק עם כדור בקנה"", ""תכנון"": ""כן"", ""אופן החזקת הנשק"": ""מוסלק - מוסתר, סמוך לבית"", ""אופן קבלת הנשק"": ""רכש"", ""כמות תחמושת"": ""10 כדורים"", ""מטרה-סיבת העבירה"": ""בצע כסף"", ""שימוש"": ""כן,ירי""}",25.0,"להלן ניתוח הדמיון המהותי בין שני התיקים, ממד אחר ממד:

1. **סוג העבירה וחומרתה:** תיק 1 עוסק בהחזקת נשק בלבד (144(א)), בעוד תיק 2 עוסק בנשיאת נשק, סחר בנשק, ניסיון לחבלה ורכישת נשק (144(א) ו-144(ב)). חומרת תיק 2 גבוהה משמעותית, שכן הוא כולל שימוש בנשק וסחר בו, ולא רק החזקה.

2. **תפקיד הנאשם ומעורבותו:** בתיק 1 הנאשם הוא מחזיק בנשק, ככל הנראה לצורך הגנה עצמית. בתיק 2 הנאשם מעורב בסחר בנשק, רכישה ומכירה, וכן בשימוש בנשק בפיגוע ירי. מעורבותו של הנאשם בתיק 2 פעילה וחמורה יותר.

3. **שיטת הביצוע (MO):** בתיק 1 הנשק הוחזק בבית, בעוד שבתיק 2 הנשק הוסלק בסמוך לבית ושימש בפיגוע ירי. שיטת הביצוע שונה באופן מהותי, כאשר תיק 2 כולל שימוש אקטיבי בנשק.

4. **נסיבות הליבה:** תיק 1 כולל מחסנית וכדורים, ללא שימוש בנשק. תיק 2 כולל 10 כדורים, שימוש בנשק בירי לעבר רכבי ביטחון, ותכנון מראש של העבירה. הנסיבות בתיק 2 מחמירות משמעותית.

5. **ישימות כתקדים:** לאור ההבדלים המשמעותיים בסוג העבירה, תפקיד הנאשם, שיטת הביצוע ונסיבות הליבה, סביר להניח שבית המשפט לא יראה בתיק 1 תקדים רלוונטי לתיק 2. תיק 1 עוסק בהחזקה פסיבית של נשק, בעוד תיק 2 עוסק בסחר בנשק ושימוש בו לפעילות פלילית חמורה.

SIMILARITY_SCORE: 25","ok",""
"ME-20-01-62688-591","ME-22-03-52964-443",1,0,0,"{""אופן החזקת הנשק"": ""ברכב, על גופו"", ""מטרה-סיבת העבירה"": ""סכסוך"", ""מספר עבירה"": ""144 ב"", ""סוג הנשק [אקדח]"": 1.0, ""סוג עבירה"": ""נשיאת נשק, הובלת נשק"", ""סטטוס הנשק"": ""נשק עם כדור בקנה"", ""עבירות נוספות"": ""חבלה בכוונה מחמירה - עבירה לפי סעיף 329 (א)(1) לחוק העונשין; החזקת סם מסוכן לצריכה עצמית - עבירה לפי סעיף 7(א) + (ג) סיפא לפקודת הסמים המסוכנים [נוסח חדש], התשל\""ג-1973."", ""שימוש"": ""כן,ירי"", ""תכנון"": ""כן"", ""זמן האירוע"": ""16.1.20 בשעה 14:55"", ""מקום האירוע"": ""עסק בו עבד המתלונן"", ""סוג הרכב"": ""הונדה בצבע שחור"", ""מספר רישוי של הרכב"": ""60-201-70"", ""זהות הנהג"": ""לא ידועה"", ""פגיעה פיזית"": ""שבר פמור שליש פרוקסימלי אספקט קדמי של להקורטקס, ספליט שנמשך עד כ 7 ס\""מ מתחת ל- LT"", ""טיפול רפואי"": ""אושפז ונותח לשחזור ולקיבוע השבר באמצעות מסמר, הקליע הושאר בגוף"", ""מקום האישפוז"": ""בית חולים רמב\""ם"", ""תאריך שחרור מהאשפוז"": ""21.1.20"", ""מקום מעצר הנאשם"": ""תחנת דלק פז בצומת האצטדיון בחיפה"", ""זמן מעצר הנאשם"": ""אותו יום, סמוך לשעה 15:50"", ""כמות הסם"": ""1.5 גרם נטו של קוקאין"", ""סכום הכסף שנמצא על הנאשם"": ""1,950 ₪"", ""כמות תחמושת"": ""ללא""}","{""אופן החזקת הנשק"": ""על גופו"", ""כמות תחמושת"": ""מחסנית ובה 16 כדורים, מחסנית ובה 16 כדורים"", ""מטרה-סיבת העבירה"": ""סכסוך"", ""מספר עבירה"": ""144 א, 144 ב"", ""סוג הנשק [אקדח]"": 1.0, ""סוג עבירה"": ""החזקה נשק, נשיאת נשק, הובלת נשק"", ""סטטוס הנשק"": ""נשק עם מחסנית בהכנס"", ""עבירות נוספות"": ""עבירת הפרעה לשוטר במילוי תפקידו לפי סעיף 275 לחוק."", ""תכנון"": ""כן"", ""מודל הנשק"": ""D.D.G מודל 19"", ""קליבר הנשק"": ""9 מ\""מ פרבלום"", ""מקום האירוע"": ""מפעל מזון בדיר אל אסד"", ""תאריך ושעה"": ""9.3.22 בשעה 12:10"", ""תיאור התנהגות הנאשם בעת המעצר"": ""ניסה להשליך את הנשק והתחמושת לתוך ארגז עופות"", ""שימוש"": ""לא""}",65.0,"להלן ניתוח הדמיון המהותי בין שני התיקים, ממד אחר ממד:

1. **סוג העבירה וחומרתה:** שני התיקים עוסקים בעבירות נשק לפי חוק העונשין, כאשר תיק 2 כולל גם עבירה של הפרעה לשוטר. שני התיקים כוללים נשיאה/הובלה (144(ב)), אך תיק 2 גם כולל החזקה (144(א)). חומרת העבירה דומה, שכן בשני המקרים מדובר בנשיאת נשק.
2. **תפקיד הנאשם ומעורבותו:** בשני התיקים הנאשם מחזיק בנשק על גופו, מה שמצביע על מעורבות ישירה. תיק 1 כולל גם עבירות נוספות (חבלה והחזקת סם), מה שמצביע על מעורבות רחבה יותר.
3. **שיטת הביצוע (MO):** בשני המקרים הנאשם נתפס עם נשק על גופו, וקיים אלמנט של ניסיון התחמקות (תיק 2 - השלכת הנשק, תיק 1 - בריחה לאחר הירי).
4. **נסיבות הליבה:** בשני התיקים קיים סכסוך כרקע לעבירה, ותכנון מוקדם. תיק 1 חמור יותר בשל שימוש בנשק (ירי) ופגיעה פיזית קשה. תיק 2 כולל כמות תחמושת משמעותית.
5. **ישימות כתקדים:** בית המשפט עשוי לראות את שני התיקים כרלוונטיים זה לזה לצורכי ענישה, בעיקר בכל הנוגע לעבירות נשיאת/הובלת נשק. עם זאת, החומרה השונה (ירי ופציעה בתיק 1) תבוא לידי ביטוי בגזר הדין. העובדה שתיק 2 כולל גם עבירה של הפרעה לשוטר עשויה להשפיע על גזר הדין.

SIMILARITY_SCORE: 65","ok",""
"ME-19-01-53615-8","ME-16-11-69158-529",3,1,1,"{""אופן החזקת הנשק"": ""ברכב, על גופו"", ""כמות תחמושת"": ""מחסנית"", ""מטרה-סיבת העבירה"": ""תחושת חוסר אונים וצורך בקבלת עזרה חיצונית במצבו"", ""מספר עבירה"": ""144 ב"", ""סוג הנשק [תת מקלע מאולתר]"": 1.0, ""סוג עבירה"": ""נשיאת נשק, הובלת נשק"", ""סטטוס הנשק"": ""נשק עם כדור בקנה"", ""עבירות נוספות"": ""ירי מנשק חם באזור מגורים"", ""שימוש"": ""כן,ירי"", ""תכנון"": ""לא"", ""סוג הרכב"": ""מאזדה"", ""מיקום האירוע"": ""עיר לוד"", ""תאריך האירוע"": ""8.1.19"", ""זמן האירוע"": ""שעת לילה"", ""מרחק נסיעה לאחר ירי"": ""עשרות מטרים"", ""מקום עצירת הנאשם"": ""חניית עפר סמוכה"", ""סוג הנשק"": ""תת מקלע מאולתר מסוג קרלו"", ""תגובת הנאשם להגעת השוטרים"": ""השלך את הנשק ארצה ונעצר"", ""סיבת הגעת השוטרים"": ""דיווח תושבים""}","{""אופן החזקת הנשק"": ""ברכב, מוסלק - מוסתר, סמוך לבית"", ""כמות תחמושת"": ""מחסנית"", ""מטרה-סיבת העבירה"": ""חתונה"", ""מספר עבירה"": ""144 ב"", ""סוג הנשק [תת מקלע]"": 1.0, ""סוג עבירה"": ""נשיאת נשק"", ""סטטוס הנשק"": ""נשק עם כדור בקנה"", ""עבירות נוספות"": ""ירי באזור מגורים"", ""שימוש"": ""כן,ירי"", ""תכנון"": ""כן"", ""סוג תחמושת"": ""9 מ\""מ"", ""מיקום האירוע"": ""רחבת בית משפחת ג'בארה, טייבה"", ""זמן האירוע"": ""21:00"", ""מיקום החזקת הנשק לפני השימוש"": ""טמון באדמה"", ""מיקום החזקת הנשק לאחר השימוש"": ""מתחת למושב הנהג ובשקית מתחת למושב סמוך"", ""סוג האירוע"": ""משפחתי""}",65.0,"## ניתוח דמיון מהותי בין תיק 1 לתיק 2:

1. **סוג העבירה וחומרתה:** שני התיקים עוסקים בעבירה של נשיאת נשק (144(ב)), ובשניהם בוצע ירי באזור מגורים, מה שמחמיר את חומרת העבירה. עם זאת, הנסיבות סביב הירי שונות.
2. **תפקיד הנאשם ומעורבותו:** בשני התיקים הנאשם מחזיק בנשק ומבצע ירי. בתיק 1, הנאשם פועל מתוך מצוקה אישית, בעוד שבתיק 2 הירי קשור לאירוע משפחתי (חתונה) וישנה טענה לתכנון מראש.
3. **שיטת הביצוע (MO):** בשני התיקים הנשק הוחזק ברכב עם כדור בקנה, ובוצע ירי. עם זאת, אופן ההסלקה שונה (על הגוף לעומת מוסלק), וכן מיקום הנשק לאחר הירי שונה.
4. **נסיבות הליבה:** בשני התיקים מדובר בתת מקלע עם מחסנית אחת, ובוצע ירי. תיק 1 מתרחש בשעת לילה ומתאפיין בתגובה של השלכת הנשק, בעוד תיק 2 מתרחש באירוע משפחתי עם תכנון מראש.
5. **ישימות כתקדים:** בהתחשב בדמיון בסוג העבירה (144(ב) + ירי באזור מגורים) ובנסיבות הליבה (תת מקלע, מחסנית, ירי), בית המשפט עשוי לראות בתיק 1 תקדים רלוונטי לתיק 2, בעיקר לצורך קביעת ענישה. עם זאת, ההבדלים בנסיבות (מצוקה אישית לעומת אירוע משפחתי, תכנון מראש) יבואו לידי ביטוי בגזר הדין.

SIMILARITY_SCORE: 65","ok",""
"ME-15-12-39071-113","sh-10-05-7434-952",3,1,1,"{""אופן החזקת הנשק"": ""ברכב, מוסלק - מוסתר"", ""מטרה-סיבת העבירה"": ""הגנה עצמית"", ""מספר עבירה"": ""144 א"", ""סוג הנשק [אקדח]"": 1.0, ""סוג עבירה"": ""החזקה נשק"", ""סטטוס הנשק"": ""תקין"", ""תכנון"": ""לא"", ""סוג רכב"": ""מזדה 3"", ""מספר רישיון רכב"": ""71-098-16"", ""מיקום האירוע"": ""כביש מספר 1, בסמוך למחלף הראל"", ""זמן האירוע"": ""12.10.13, בשעה 22:30"", ""מיקום החזקת הנשק ברכב"": ""מתחת לשטיח שמתחת למושב הסמוך לנהג"", ""סוג הנשק"": ""אקדח חצי אוטומטי מסוג סטאר"", ""שימוש"": ""לא"", ""כמות תחמושת"": ""ללא""}","{""אופן החזקת הנשק"": ""בבית, מוסלק - מוסתר"", ""כמות תחמושת"": ""מחסנית"", ""מספר עבירה"": ""144 א"", ""סוג הנשק [אקדח]"": 2.0, ""סוג עבירה"": ""החזקה נשק"", ""סטטוס הנשק"": ""נשק מופרד מתחמושת"", ""תכנון"": ""לא"", ""שם הנאשם"": ""איגור בן סמיון סבובסקי"", ""שנת לידה"": 1961, ""תאריך העבירה"": ""14.4.10"", ""כתובת האירוע"": ""רחוב אורלנסקי 11, פתח תקווה"", ""סוגי האקדחים"": [""ברטה חצי אוטומטי"", ""לאמה חצי אוטומטי""], ""שימוש"": ""לא""}",65.0,"1. **סוג העבירה וחומרתה:** שני התיקים עוסקים בעבירה של החזקת נשק (144א'), שהיא עבירה פלילית. עם זאת, חומרת העבירה תלויה בנסיבות נוספות, ובהיעדר נסיבות מחמירות בשני התיקים, רמת החומרה דומה.

2. **תפקיד הנאשם ומעורבותו:** בשני התיקים הנאשם הוא מחזיק הנשק, ולא יזם או סוחר. המעורבות היא פסיבית - החזקה בלבד, ללא שימוש או הובלה.

3. **שיטת הביצוע (MO):** בשני המקרים הנשק הוסלק והוחזק באופן מוסתר - ברכב בתיק הראשון ובבית בתיק השני. זוהי נקודת דמיון משמעותית.

4. **נסיבות הליבה:** בשני התיקים הנשק לא שימש לפעולה כלשהי. תיק 1 מציין העדר תחמושת, בעוד בתיק 2 קיימת תחמושת (מחסנית) אך הנשק והתחמושת היו מופרדים. העובדה שתיק 1 ללא תחמושת עשויה להפחית את החומרה, אך לא באופן דרמטי.

5. **ישימות כתקדים:** בהינתן שמדובר בשני תיקים של החזקת נשק (144א') ללא שימוש, עם דפוס הסלקה דומה, בית המשפט עשוי לראות בתיק אחד כתקדים לשני לצורך קביעת גזר הדין. עם זאת, העובדה שתיק 1 ללא תחמושת ותיק 2 עם תחמושת (גם אם מופרדת) עשויה להשפיע על המשקל שיינתן לתקדים.

SIMILARITY_SCORE: 65","ok",""
"ME-16-06-44840-433","ME-12-09-51207-971",1,0,0,"{""שנת לידה"": ""1993"", ""מיקום האירוע"": ""רחוב האפרסמון, ירושלים"", ""תאריך האירוע"": ""5.6.16"", ""מעורבים נוספים"": ""אלירון גולד, רן אברג'יל, יוני אברג'יל, נתי קורקוס"", ""פרטי הסדר טיעון"": ""הודאה והרשעה בכתב אישום שתוקן"", ""פרטי הסתרת הנשק"": ""הטמנת רימוני הלם במקום סמוך, העברתם בין שני מקומות מסתור נוספים"", ""מספר עבירה"": ""144 א, 144 ב"", ""סוג עבירה"": ""החזקה נשק, נשיאת נשק"", ""עבירות נוספות"": ""סיוע לנסיון לתקיפה לפי סעיפים 379 + 25 + 31 לחוק"", ""סוג הנשק [רימון רסס]"": 1.0, ""סוג הנשק [רימון הלם/גז]"": 2.0, ""סטטוס הנשק"": ""תקין"", ""תכנון"": ""כן"", ""אופן החזקת הנשק"": ""ברכב, מוסלק - מוסתר"", ""אופן קבלת הנשק"": ""מאחר"", ""מטרה-סיבת העבירה"": ""סכסוך"", ""שימוש"": ""זריקת רימון"", ""כמות תחמושת"": ""ללא""}","{""אופן החזקת הנשק"": ""בבית"", ""אופן קבלת הנשק"": ""ייצר"", ""מטרה-סיבת העבירה"": ""חתונה"", ""מספר עבירה"": ""144 א, 144 ב"", ""סוג עבירה"": ""החזקה נשק, ייצור נשק"", ""סטטוס הנשק"": ""נשק עם כדור בקנה"", ""עבירות נוספות"": ""יריות באזור מגורים - עבירה לפי סעיף 340א לחוק."", ""שימוש"": ""כן,ירי"", ""תכנון"": ""לא"", ""מקום עבודה"": ""מפעל אם. סי. במעלות"", ""תקופת ייצור הנשק"": ""אוגוסט 2008"", ""תקופת החזקת הנשק"": ""עד 15/8/11"", ""מקום המעצר"": ""בית הנאשם"", ""תאריך המעצר"": ""15/8/11"", ""מקום הירי"": ""אזור מגורים"", ""תאריך הירי"": ""11/8/11"", ""סוג הנשק"": ""נשק חם"", ""כמות תחמושת"": ""ללא""}",40.0,"להלן ניתוח הדמיון המהותי בין שני התיקים הפליליים, ממד אחר ממד:

1. **סוג העבירה וחומרתה:** שני התיקים עוסקים בעבירות של החזקת נשק (144(א)) ונשיאת/הובלת נשק (144(ב)). עם זאת, תיק 1 כולל גם סיוע לנסיון תקיפה, בעוד תיק 2 כולל ירי באזור מגורים - עבירה חמורה יותר. חומרת העבירה בתיק 2 גבוהה יותר בשל הירי.
2. **תפקיד הנאשם ומעורבותו:** בתיק 1 הנאשם מעורב עם מספר שותפים, והמעורבות נראית כחלק משרשרת פעולות (הטמנה, העברה). בתיק 2 הנאשם ייצר את הנשק והחזיק בו, מה שמצביע על מעורבות ישירה יותר בתחילת שרשרת האירועים.
3. **שיטת הביצוע (MO):** בתיק 1 שיטת הביצוע כוללת הסלקה והעברה של רימונים, ושימוש בהם (זריקה). בתיק 2 מדובר בייצור נשק חם וירי ממנו. שיטות הביצוע שונות באופן משמעותי.
4. **נסיבות הליבה:** בשני התיקים אין פירוט לגבי כמות התחמושת. תיק 1 מציין שימוש ברימונים, בעוד תיק 2 מציין ירי מנשק חם. תיק 1 מונע מסכסוך, בעוד תיק 2 מונע מחתונה (נסיבה מעט חריגה). תיק 1 כולל תכנון מוקדם, בעוד תיק 2 לא.
5. **ישימות כתקדים:** בשל השוני בשיטת הביצוע, בחומרת העבירות הנלוות (ירי באזור מגורים לעומת סיוע לתקיפה), ובנסיבות הליבה (תכנון לעומת אי תכנון), סביר להניח שבית המשפט יראה את התיקים כפחות רלוונטיים זה לזה לצורכי ענישה. העובדה ששניהם כוללים 144(א) ו-144(ב) אינה מספיקה כדי ליצור תקדים משמעותי.

SIMILARITY_SCORE: 40","ok",""
"ME-16-05-19384-544","ME-16-03-54615-517",3,1,1,"{""מחיר נשק קרל גוסטב"": ""4000 ₪"", ""מחיר מכירה לחרוב"": ""3500 ₪"", ""מחיר רכישה מחרוב"": ""3000 ₪"", ""סוג נשק נוסף"": ""תבור"", ""מיקום החבייה"": ""שכונה סמוכה למקום מגוריו"", ""תאריך התקרית"": ""14.11.15"", ""שעת התקרית"": ""בין 1:00 ל-2:00"", ""מספר כדורים שנורו"": ""5"", ""מספר רכבי ביטחון שנפגעו"": ""3"", ""תאריך חיפושי כוחות הביטחון"": ""מרץ 2016"", ""שם השומר הנשק"": ""מחמוד זהאדה"", ""שם הקונה השני"": ""מוראד מחיסן"", ""שם הקונה השלישי"": ""עבד חרוב"", ""תאריך פיגוע ירי חרוב"": ""9.3.16"", ""מיקום פיגוע ירי חרוב"": ""ירושלים, צומת רמות ושמעון הצדיק"", ""מספר כדורי תחמושת שנמכרו לחרוב"": ""10"", ""מספר עבירה"": ""144 א, 144 ב"", ""סוג עבירה"": ""נשיאת נשק, סחר בנשק"", ""עבירות נוספות"": ""ניסיון לחבלה חמורה,רכישת נשק"", ""סוג הנשק [תת מקלע]"": 3.0, ""סוג הנשק [רובה סער]"": 1.0, ""סטטוס הנשק"": ""נשק עם כדור בקנה"", ""תכנון"": ""כן"", ""אופן החזקת הנשק"": ""מוסלק - מוסתר, סמוך לבית"", ""אופן קבלת הנשק"": ""רכש"", ""כמות תחמושת"": ""10 כדורים"", ""מטרה-סיבת העבירה"": ""בצע כסף"", ""שימוש"": ""כן,ירי""}","{""מטרה-סיבת העבירה"": ""בצע כסף"", ""מספר עבירה"": ""144 ב"", ""סוג הנשק [תת מקלע]"": 2.0, ""סוג עבירה"": ""סחר בנשק"", ""סטטוס הנשק"": ""תקול"", ""שימוש"": ""ניסיון לירי ללא הצלחה"", ""תכנון"": ""כן"", ""סוג תת-מקלע"": ""קרלו"", ""מספר תת-מקלעים"": 2, ""מחיר תת-מקלע"": 3000, ""מספר פגישות בין הנאשם למחמד"": 4, ""מיקום הפגישות"": ""סמוך לבית מחמד"", ""תקלות בנשק"": ""שני תת-מקלעים תקולים"", ""תגובת הנאשם לתקלה"": ""סירוב להחליף נשק לאחר החלפה ראשונה"", ""כמות תחמושת"": ""ללא""}",65.0,"להלן ניתוח הדמיון המהותי בין שני התיקים, ממד אחר ממד:

1. **סוג העבירה וחומרתה:** שני התיקים עוסקים בסחר בנשק (144ב), אך תיק 1 כולל גם החזקה (144א) וניסיון לחבלה חמורה, מה שמצביע על חומרה גבוהה יותר. תיק 2 מתמקד בסחר בלבד, בנשק תקול, מה שמפחית את החומרה הפוטנציאלית.
2. **תפקיד הנאשם ומעורבותו:** בשני התיקים הנאשם הוא סוחר בנשק. בתיק 1 יש מעורבות רחבה יותר - רכישה, מכירה, הסלקה, ואף שימוש בנשק. בתיק 2 המעורבות מצומצמת יותר למכירת נשק תקול.
3. **שיטת הביצוע (MO):** בשני התיקים מדובר במכירת נשק תת-מקלע, וקיימת מעורבות של צדדים שלישיים (קונים). עם זאת, בתיק 1 יש אלמנט של הסלקה ושימוש בנשק, שאינם קיימים בתיק 2.
4. **נסיבות הליבה:** תיק 1 כולל שימוש בנשק בירי, פגיעה ברכבי ביטחון, ותכנון מוקדם. תיק 2 עוסק בנשק תקול, ללא שימוש מבצעי, ומתמקד בבעיות שהתעוררו עקב התקלה. כמות התחמושת בתיק 1 משמעותית יותר (10 כדורים) לעומת היעדר תחמושת בתיק 2.
5. **ישימות כתקדים:** בית המשפט עשוי לראות את שני התיקים כרלוונטיים זה לזה לצורך ענישה על סחר בנשק, אך החומרה השונה והנסיבות הנוספות בתיק 1 (שימוש בנשק, פגיעה ברכבים) יבדילו אותו. תיק 2, עם הנשק התקול והיעדר שימוש, יהווה תקדים חלש יותר לתיק 1.

SIMILARITY_SCORE: 65","ok",""
"ME-12-05-33444-999","ME-17-04-613-913",1,0,0,"{""אופן החזקת הנשק"": ""ברכב, מוסלק - מוסתר"", ""כמות תחמושת"": ""3 מחסניות"", ""מטרה-סיבת העבירה"": ""הגנה עצמית"", ""מספר עבירה"": ""144 א"", ""סוג הנשק [אקדח]"": 1.0, ""סוג עבירה"": ""החזקה נשק"", ""סטטוס הנשק"": ""נשק עם מחסנית בהכנס"", ""תכנון"": ""לא"", ""סוג האקדח"": ""ברטה"", ""מספר סידורי של האקדח"": ""D60383Y"", ""מיקום החזקת הנשק ברכב"": ""מתחת למושב הקדמי הימני, בתיק שחור ליד כיסא הנהג, בתא האחסון של דלת הנהג"", ""תאריך האירוע"": ""11.5.12"", ""מיקום האירוע"": ""רחובות"", ""שימוש"": ""לא""}","{""שנת לידה"": ""1994"", ""מקום האירוע"": ""מכפר סאלם אל אום אל פחם"", ""זמן האירוע"": ""18.3.17, סמוך לשעה 22:00"", ""סוג הרכב"": ""מאזדה"", ""שמות נוספים ברכב"": ""מוחמד גמאסייה, בדרן מחאמיד"", ""מיקום הנאשם ברכב"": ""מושב אחורי"", ""סוג האקדח"": ""ברטה"", ""קליבר האקדח"": ""9 מ\""מ פאראבלום"", ""אופן הסתרת הנשק"": ""מוסתר בתוך חם צוואר"", ""מספר עבירה"": ""144 ב"", ""סוג עבירה"": ""נשיאת נשק, הובלת נשק"", ""סוג הנשק [אקדח]"": 1.0, ""סטטוס הנשק"": ""נשק עם מחסנית בהכנס"", ""תכנון"": ""לא"", ""אופן החזקת הנשק"": ""ברכב, על גופו"", ""כמות תחמושת"": ""מחסנית ובה 15 כדורים"", ""שימוש"": ""לא""}",35.0,"להלן ניתוח הדמיון המהותי בין שני התיקים:

1. **סוג העבירה וחומרתה:** תיק 1 עוסק בהחזקת נשק (144(א)), בעוד תיק 2 עוסק בנשיאה והובלת נשק (144(ב)). ההבדל בסוג העבירה הוא משמעותי מבחינת החומרה, כאשר נשיאה והובלה נחשבות לחמורות יותר מהחזקה בלבד.

2. **תפקיד הנאשם ומעורבותו:** בתיק 1 הנאשם מחזיק בנשק ברכבו, ככל הנראה באופן עצמאי. בתיק 2 הנאשם נמצא ברכב עם אנשים נוספים, והנשק מוסתר על גופו, מה שמצביע על מעורבות אפשרית בפעילות פלילית נוספת.

3. **שיטת הביצוע (MO):** בשני התיקים הנשק מוסתר ברכב, אך בתיק 1 ההסלקה היא מתחת למושב, בעוד שבתיק 2 הנשק מוסתר על גופו של הנאשם. אמנם יש דמיון בשימוש ברכב, אך אופן ההסתרה שונה.

4. **נסיבות הליבה:** בשני התיקים מדובר באקדח ברטה עם מחסנית מלאה. תיק 2 כולל כמות תחמושת גדולה יותר (15 כדורים לעומת 3 מחסניות בתיק 1, כאשר לא ברור כמה כדורים בכל מחסנית). בשני התיקים אין ראיות לשימוש בנשק, והתכנון לא היה מוקדם. המטרה בתיק 1 היא הגנה עצמית, בעוד שבתיק 2 המטרה אינה ידועה.

5. **ישימות כתקדים:** בשל ההבדל המשמעותי בסוג העבירה (144(א) לעומת 144(ב)), בית המשפט לא יראה בתיק 1 תקדים רלוונטי לענישה בתיק 2. העובדה שמדובר באותו סוג נשק ושימוש ברכב אינה מספיקה כדי להתגבר על ההבדל המהותי בחומרת העבירה.

SIMILARITY_SCORE: 35","ok",""
"ME-17-04-613-913","ME-12-04-33577-700",1,0,0,"{""שנת לידה"": ""1994"", ""מקום האירוע"": ""מכפר סאלם אל אום אל פחם"", ""זמן האירוע"": ""18.3.17, סמוך לשעה 22:00"", ""סוג הרכב"": ""מאזדה"", ""שמות נוספים ברכב"": ""מוחמד גמאסייה, בדרן מחאמיד"", ""מיקום הנאשם ברכב"": ""מושב אחורי"", ""סוג האקדח"": ""ברטה"", ""קליבר האקדח"": ""9 מ\""מ פאראבלום"", ""אופן הסתרת הנשק"": ""מוסתר בתוך חם צוואר"", ""מספר עבירה"": ""144 ב"", ""סוג עבירה"": ""נשיאת נשק, הובלת נשק"", ""סוג הנשק [אקדח]"": 1.0, ""סטטוס הנשק"": ""נשק עם מחסנית בהכנס"", ""תכנון"": ""לא"", ""אופן החזקת הנשק"": ""ברכב, על גופו"", ""כמות תחמושת"": ""מחסנית ובה 15 כדורים"", ""שימוש"": ""לא""}","{""אופן החזקת הנשק"": ""על גופו"", ""מטרה-סיבת העבירה"": ""סכסוך"", ""מספר עבירה"": ""144 א, 144 ב"", ""סוג הנשק [אקדח]"": 1.0, ""סוג עבירה"": ""החזקה נשק, נשיאת נשק"", ""סטטוס הנשק"": ""תקין"", ""עבירות נוספות"": ""חבלה בכוונה מחמירה, עבירה לפי סעיף 329(א)(2) לחוק העונשין ויריות באזור מגורים, עבירה לפי סעיף 340(א) לחוק העונשין."", ""שימוש"": ""כן,ירי"", ""תכנון"": ""כן"", ""מיקום האירוע"": ""בית שאן"", ""תאריך האירוע"": ""13/4/12"", ""שעת האירוע"": ""02:00 לפנות בוקר"", ""פרטי המתלונן"": ""זרק כוס לעבר הנאשם"", ""תיאור התקרית"": ""במהלך ויכוח זרק המתלונן כוס לכיוון הנאשם, הנאשם שלף אקדח וירה שלוש יריות"", ""מספר יריות"": 3, ""מיקום פגיעות הירי"": ""אחת ליד הראש, אחת ליד הגב, שריטה בברך הימנית"", ""כמות תחמושת"": ""ללא""}",35.0,"להלן ניתוח הדמיון המהותי בין שני התיקים:

1. **סוג העבירה וחומרתה:** שני התיקים עוסקים בעבירות נשק לפי חוק העונשין, אך תיק 2 חמור יותר משמעותית בשל השימוש בנשק וביצוע עבירות נוספות של חבלה וירי באזור מגורים. תיק 1 מתמקד בהחזקה והובלה, בעוד תיק 2 כולל גם שימוש בפועל.

2. **תפקיד הנאשם ומעורבותו:** בתיק 1 הנאשם הוא אחד מנוסעים ברכב, ומיקום הנשק מצביע על מעורבות פסיבית יחסית (החזקה מוסתרת). בתיק 2 הנאשם הוא זה ששלף ויורה, מעורבות אקטיבית ומשמעותית הרבה יותר.

3. **שיטת הביצוע (MO):** בשני התיקים הנשק הוחזק על גופו של הנאשם. עם זאת, בתיק 1 מדובר בהסלקה, בעוד שבתיק 2 הנשק נשלף ונעשה בו שימוש באופן מיידי בתגובה לאירוע.

4. **נסיבות הליבה:** תיק 1 כולל מחסנית מלאה, אך לא נעשה שימוש בנשק. תיק 2 כולל ירי שלוש יריות, פגיעות בגוף המתלונן, ונסיבות מחמירות של ויכוח שהוביל לירי. כמות התחמושת בתיק 1 ידועה (15 כדורים), בתיק 2 לא ידועה.

5. **ישימות כתקדים:** בשל ההבדלים המשמעותיים בחומרת העבירה, בתפקיד הנאשם ובנסיבות הליבה, סביר להניח שבית המשפט יראה את שני התיקים כפחות רלוונטיים זה לזה לצורכי ענישה. תיק 1, בהיותו עבירה פחות חמורה, לא יהווה תקדים משמעותי לתיק 2.

SIMILARITY_SCORE: 35","ok",""
"ME-21-10-18557-340","ME-16-10-9348-780",1,0,0,"{""אופן החזקת הנשק"": ""ברכב, על גופו"", ""כמות תחמושת"": ""מחסנית + 2 כדורים"", ""מטרה-סיבת העבירה"": ""סכסוך"", ""מספר עבירה"": ""144 א, 144 ב"", ""סוג הנשק [תת מקלע מאולתר]"": 1.0, ""סוג עבירה"": ""החזקה נשק, נשיאת נשק, הובלת נשק"", ""סטטוס הנשק"": ""נשק עם כדור בקנה"", ""עבירות נוספות"": ""ירי מנשק חם"", ""שימוש"": ""כן,ירי"", ""תכנון"": ""לא"", ""סוג רכב הנאשם"": ""מאזדה בצבע כחול"", ""מיקום האירוע"": ""כפר אבו סנאן"", ""זמן האירוע"": ""16.9.2021, סמוך לשעה 19:00"", ""סוג רכב המטרה"": ""מאזדה לבנה"", ""מעורבים נוספים"": ""ג'יהאד סואעד, מוחמד פעאור"", ""כוונת הירי"": ""להפחיד או להקניט"", ""מיקום ישיבת הנאשם ברכב"": ""מושב נוסע"", ""מיקום ישיבת ג'יהאד ברכב"": ""מושב נהג"", ""מיקום ישיבת א' במאזדה"": ""מושב נוסע ליד הנהג"", ""מיקום ישיבת מוחמד פעאור במאזדה"": ""מושב נהג"", ""סוג הכדורים"": ""קליבר 9 מ\""מ"", ""סוג המחסנית"": ""מחסנית תואמת לתת מקלע"", ""מיקום הירי"": ""באזור מגורים"", ""סכנה פוטנציאלית"": ""סכנה לחיי אדם""}","{""אופן החזקת הנשק"": ""בבית, ברכב"", ""אופן קבלת הנשק"": ""גנב"", ""כמות תחמושת"": ""75 כדורים"", ""מטרה-סיבת העבירה"": ""לעורר את אביו"", ""מספר עבירה"": ""144 ב"", ""סוג הנשק [רובה צייד]"": 1.0, ""סוג עבירה"": ""נשיאת נשק"", ""סטטוס הנשק"": ""נשק מופרד מתחמושת"", ""תכנון"": ""לא"", ""סוג תחמושת"": ""כדורי צייד קליבר 12 מ\""מ"", ""מקום החזקת התחמושת"": ""מחסן הבית"", ""סכום כסף גנוב"": ""3500 ₪"", ""סכום שיק גנוב"": ""500 ₪"", ""מקום העצירה"": ""קריית גת"", ""שותפים לעבירה"": ""מוחמד יונס, הקטין פ. י."", ""מקום מסירת הנשק והתחמושת"": ""בית הקטין בערערה"", ""שימוש"": ""לא""}",35.0,"להלן ניתוח הדמיון המהותי בין שני התיקים, ממד אחר ממד:

1. **סוג העבירה וחומרתה:** שני התיקים עוסקים בעבירות נשק, אך תיק 1 כולל גם ירי מנשק חם, מה שמגדיל משמעותית את חומרתו. תיק 2 מתמקד בנשיאת נשק בלבד (144(ב)).
2. **תפקיד הנאשם ומעורבותו:** בתיק 1 הנאשם מעורב באופן פעיל בירי, בעוד שבתיק 2 הנאשם מחזיק בנשק לאחר גניבה, ומטרתו שונה (לעורר את אביו). בתיק 1 יש מעורבים נוספים באופן פעיל, בתיק 2 יש שותפים לעבירה הגניבה.
3. **שיטת הביצוע (MO):** בתיק 1 שיטת הביצוע כוללת נשיאת נשק טעון ברכב, שימוש בו בירי, ומיקום הירי באזור מגורים. בתיק 2 הנשק הוחזק בבית וברכב לאחר גניבה, ללא שימוש. שיטות הביצוע שונות באופן מהותי.
4. **נסיבות הליבה:** תיק 1 כולל נשק עם כדור בקנה, ירי, סכנה לחיי אדם, וסכסוך כרקע. תיק 2 כולל כמות גדולה של תחמושת, נשק מופרד מתחמושת, גניבה כרקע, ושימוש שונה (לעורר את האב). ההבדלים בנסיבות הליבה משמעותיים.
5. **ישימות כתקדים:** לאור חומרת העבירה בתיק 1 (ירי מנשק חם) והמעורבות הפעילה של הנאשם, סביר להניח שתיק 2 לא ייחשב כתקדים רלוונטי לצורך ענישה בתיק 1. תיק 1 עשוי לשמש תקדים לתיקים דומים של נשיאת נשק עם שימוש, אך לא לתיק 2.

SIMILARITY_SCORE: 35","ok",""
"SH-16-04-30406-325","SH-16-11-7544-55",3,1,1,"{""אופן החזקת הנשק"": ""ברכב"", ""אופן קבלת הנשק"": ""רכש"", ""כמות תחמושת"": ""מחסנית ובה 0 כדורים, 2 מחסניות"", ""מספר עבירה"": ""144 א"", ""סוג הנשק [תת מקלע מאולתר]"": 2.0, ""סוג עבירה"": ""החזקה נשק"", ""סטטוס הנשק"": ""נשק מופרד מתחמושת"", ""תכנון"": ""לא"", ""תאריך המעצר"": ""06/04/16"", ""סוג הרכב"": ""רנו"", ""מספר רישוי של הרכב"": ""88-687-10"", ""מיקום הנשק ברכב"": ""תא מטען"", ""מספר כלי נשק"": 2, ""שימוש"": ""לא""}","{""אופן החזקת הנשק"": ""על גופו"", ""כמות תחמושת"": ""מחסנית ובה 10 כדורים"", ""מספר עבירה"": ""144 א"", ""סוג הנשק [תת מקלע מאולתר]"": 1.0, ""סוג עבירה"": ""החזקה נשק"", ""סטטוס הנשק"": ""נשק מופרד מתחמושת"", ""תכנון"": ""לא"", ""תאריך האירוע"": ""26.10.16"", ""מיקום האירוע"": ""מחלף להב-שומריה, כביש 6 לכוון צפון"", ""סוג הרכב"": ""רכב פרטי"", ""זיהוי הנאשם"": ""על ידי שוטר"", ""שם השוטר"": ""מיכאל אדרי"", ""קוטר הקליעים"": ""9 מ\""מ"", ""שימוש"": ""לא""}",45.0,"להלן ניתוח הדמיון המהותי בין שני התיקים:

1. **סוג העבירה וחומרתה:** שני התיקים עוסקים בעבירה של החזקת נשק (144א'), אך חומרתה מושפעת מנסיבות נוספות. העובדה שמדובר בתת מקלע מאולתר בשני המקרים מעלה את רמת החומרה, אך החזקה בלבד (144א') מגבילה את חומרת העבירה בהשוואה לנשיאה או הובלה.

2. **תפקיד הנאשם ומעורבותו:** התיקים אינם מפרטים את תפקיד הנאשם (יזם/שליח). עם זאת, רכישת הנשק בתיק 1 מרמזת על מעורבות מעט יותר פעילה מאשר החזקה על הגוף בתיק 2, אך לא בהכרח.

3. **שיטת הביצוע (MO):** שיטת הביצוע שונה. בתיק 1 הנשק הוחזק בתא מטען, בעוד שבתיק 2 הוא הוחזק על גופו של הנאשם. הבדל זה מצביע על הבדל בנסיבות ההחזקה ובאופן הסתרת הנשק.

4. **נסיבות הליבה:** כמות התחמושת דומה (מחסנית עם מספר כדורים). בשני המקרים הנשק היה מופרד מהתחמושת. העובדה שאין תכנון מראש בשני התיקים היא נקודת דמיון.

5. **ישימות כתקדים:** בשל העובדה שמדובר בשני תיקים של החזקת נשק (144א') בלבד, ובהינתן ההבדלים בשיטת הביצוע, סביר להניח שבית המשפט יראה את התיקים כבעלי רלוונטיות מוגבלת לצורכי ענישה. עם זאת, העובדה שמדובר בתת מקלע מאולתר בשני המקרים עשויה להוות שיקול מסוים.

SIMILARITY_SCORE: 45","ok",""
"SH-16-11-7544-55","ME-13-10-28139-807",1,0,0,"{""אופן החזקת הנשק"": ""על גופו"", ""כמות תחמושת"": ""מחסנית ובה 10 כדורים"", ""מספר עבירה"": ""144 א"", ""סוג הנשק [תת מקלע מאולתר]"": 1.0, ""סוג עבירה"": ""החזקה נשק"", ""סטטוס הנשק"": ""נשק מופרד מתחמושת"", ""תכנון"": ""לא"", ""תאריך האירוע"": ""26.10.16"", ""מיקום האירוע"": ""מחלף להב-שומריה, כביש 6 לכוון צפון"", ""סוג הרכב"": ""רכב פרטי"", ""זיהוי הנאשם"": ""על ידי שוטר"", ""שם השוטר"": ""מיכאל אדרי"", ""קוטר הקליעים"": ""9 מ\""מ"", ""שימוש"": ""לא""}","{""אופן החזקת הנשק"": ""על גופו"", ""מטרה-סיבת העבירה"": ""סכסוך"", ""מספר עבירה"": ""144 א"", ""סוג הנשק [אקדח]"": 1.0, ""סוג עבירה"": ""ביצוע עבירות בנשק"", ""סטטוס הנשק"": ""תקין"", ""עבירות נוספות"": ""ניסיון לחבלה חמורה בנסיבות מחמירות לפי סעיפים 333+335(א)(1) ו-25 לפי החוק."", ""שימוש"": ""כן,ירי"", ""תכנון"": ""כן"", ""מיקום האירוע"": ""רהט"", ""קורבנות"": ""המתלונן ובנו"", ""גיל הקטין"": 18, ""מספר קליעים שפגעו"": 3, ""התנהלות הנאשם לאחר האירוע"": ""נמלט מהמקום"", ""פגיעה ברכוש"": ""קליעים חדרו לדלת הנהג"", ""סוג הרכב"": ""רכב פרטי"", ""מיקום הירי"": ""לעבר דלת הנהג"", ""כמות תחמושת"": ""ללא""}",25.0,"להלן ניתוח הדמיון המהותי בין שני התיקים:

1. **סוג העבירה וחומרתה:** שני התיקים עוסקים בעבירות נשק, אך תיק 1 הוא החזקה בלבד (144(א)) בעוד תיק 2 כולל ביצוע עבירות בנשק (144א) בשילוב ניסיון לחבלה חמורה. חומרת תיק 2 גבוהה משמעותית מתיק 1, בשל השימוש בנשק והפגיעה בפועל.

2. **תפקיד הנאשם ומעורבותו:** בשני התיקים הנאשם מחזיק בנשק על גופו. עם זאת, בתיק 1 מדובר בהחזקה פשוטה, בעוד שבתיק 2 הנאשם השתמש בנשק באופן אקטיבי (ירי) וביצע עבירה חמורה נוספת.

3. **שיטת הביצוע (MO):** בשני התיקים הנשק נמצא על גופו של הנאשם. עם זאת, מעבר לכך, שיטת הביצוע שונה לחלוטין - תיק 1 מתמקד בהחזקה בלבד, בעוד תיק 2 כולל ירי מכוון לעבר אדם.

4. **נסיבות הליבה:** תיק 1 מתייחס להחזקת מחסנית עם 10 כדורים, ללא שימוש בנשק או תכנון מוקדם. תיק 2 כולל ירי לעבר אדם, תכנון מוקדם, סכסוך כרקע, ונסיבות מחמירות (פגיעה בקטין). כמות התחמושת בתיק 1 רלוונטית, אך בתיק 2 הכמות אינה מצוינת.

5. **ישימות כתקדים:** לא סביר שבית משפט יראה בתיק 1 תקדים רלוונטי לתיק 2. תיק 1 עוסק בהחזקה בלבד, בעוד תיק 2 כולל שימוש בנשק, ניסיון לחבלה חמורה, ונסיבות מחמירות. העונש בתיק 2 יהיה גבוה משמעותית, ושיקולי הענישה יהיו שונים.

SIMILARITY_SCORE: 25","ok",""
"ME-16-04-12480-812","SH-16-05-42991-439",1,0,0,"{""מיקום האירועים"": ""טירת הכרמל, בית המתלונן, אתר בניה"", ""זמן האירועים"": ""פחות משעה וחצי לאחר הוויכוח, יומיים לאחר האירוע הראשון, יום לאחר הירי השני"", ""סוג הנשק הנוסף"": ""תת מקלע מאולתר"", ""מספר כדורים שנורו"": ""12 קליעים, 2 כדורים"", ""מיקום החזקת הנשק והתחמושת"": ""בזחל של כלי עבודה, מתחת לתקרה אקוסטית במכולה"", ""סכום החוב"": ""300 ₪"", ""סוג העסקה המובילה לסכסוך"": ""עסקת רכב"", ""מספר עבירה"": ""144 א, 144 ב"", ""סוג עבירה"": ""החזקה נשק, נשיאת נשק, הובלת נשק"", ""עבירות נוספות"": ""יסיון חבלה חמורה בנסיבות מחמירות, איומים"", ""סוג הנשק [תת מקלע מאולתר]"": 1.0, ""סטטוס הנשק"": ""נשק מופרד מתחמושת"", ""תכנון"": ""כן"", ""אופן החזקת הנשק"": ""ברכב, על גופו, מוסלק - מוסתר"", ""כמות תחמושת"": ""מחסנית + 17 כדורים"", ""מטרה-סיבת העבירה"": ""סכסוך"", ""שימוש"": ""כן,ירי""}","{""דגם הנשק"": ""בראונינג"", ""קליבר התחמושת"": ""9 מ\""מ"", ""התערבות צד שלישי"": ""נאשמת 2 ניסתה להעלים את הנשק"", ""אופן ההעלמה"": ""הסלקת הנשק מתחת לחצאית"", ""מספר עבירה"": ""144 א"", ""סוג עבירה"": ""החזקה נשק"", ""עבירות נוספות"": ""שיבוש הליכי משפט, לפי סעיף 244 לחוק"", ""סוג הנשק [אקדח]"": 1.0, ""סטטוס הנשק"": ""נשק עם מחסנית בהכנס"", ""תכנון"": ""כן"", ""אופן החזקת הנשק"": ""בבית, על גופו"", ""כמות תחמושת"": ""מחסנית ובה 13 כדורים"", ""מטרה-סיבת העבירה"": ""סכסוך"", ""שימוש"": ""לא""}",35.0,"להלן ניתוח הדמיון המהותי בין שני התיקים הפליליים, ממד אחר ממד:

1. **סוג העבירה וחומרתה:** שני התיקים עוסקים בעבירות נשק, אך תיק 1 כולל גם עבירות חמורות יותר כמו ניסיון חבלה ואיומים. תיק 2 מתמקד בהחזקת נשק בלבד (144(א)), בעוד תיק 1 כולל גם נשיאה והובלה (144(ב)). חומרת תיק 1 גבוהה משמעותית.
2. **תפקיד הנאשם ומעורבותו:** בשני התיקים הנאשם מחזיק בנשק, אך בתיק 1 יש מעורבות אקטיבית יותר - ירי בפועל, תכנון, והובלה. בתיק 2, ההתמקדות היא בהחזקה בלבד, עם ניסיון להעלים את הנשק על ידי צד שלישי.
3. **שיטת הביצוע (MO):** בשני התיקים הנשק מוחזק באופן מוסלק (ברכב/על הגוף בתיק 1, בבית/על הגוף בתיק 2). עם זאת, בתיק 1 יש שימוש בנשק, בעוד שבתיק 2 הנשק לא שימש.
4. **נסיבות הליבה:** בשני התיקים קיים סכסוך כרקע לעבירה, ושניהם כוללים מחסנית עם כדורים (17 בתיק 1, 13 בתיק 2). תיק 1 כולל גם ירי של 14 קליעים, מה שמצביע על סדר גודל חמור יותר.
5. **ישימות כתקדים:** בשל העובדה שתיק 2 עוסק בהחזקה בלבד (144(א)) ותיק 1 כולל גם נשיאה, הובלה, שימוש בנשק ועבירות חמורות נוספות, סביר להניח שבית המשפט יראה את תיק 2 כבעל רלוונטיות מוגבלת מאוד כתקדים לתיק 1. תיק 1 עשוי לשמש כתקדים לתיקים דומים לו, אך לא להפך.

SIMILARITY_SCORE: 35","ok",""
"ME-16-05-9968-487","ME-13-04-35007-454",3,1,1,"{""מיקום רכישת הנשק"": ""ברטעה"", ""מחיר רכישת הנשק"": ""7300 שקלים"", ""תאריך רכישת הנשק"": ""חודש אפריל 2016"", ""מיקום החזקת הנשק"": ""גג בית חברו אחסאן דיב"", ""תאריך גילוי הנשק"": ""22.4.16"", ""מספר סידורי של הנשק"": ""41814"", ""מעורבות קרובי משפחה"": ""כן"", ""מספר מעורבים"": ""3"", ""שמות המעורבים"": ""מהדי בסל, סמיר בסל, אחסאן דיב"", ""מספר עבירה"": ""144 א, 144 ב"", ""סוג עבירה"": ""החזקה נשק, נשיאת נשק"", ""סוג הנשק [תת מקלע מאולתר]"": 1.0, ""סטטוס הנשק"": ""נשק עם מחסנית בהכנס"", ""תכנון"": ""לא"", ""אופן החזקת הנשק"": ""בבית, מוסלק - מוסתר"", ""אופן קבלת הנשק"": ""מאחר"", ""כמות תחמושת"": ""מחסנית"", ""שימוש"": ""לא""}","{""אופן החזקת הנשק"": ""על גופו"", ""מטרה-סיבת העבירה"": ""סכסוך"", ""מספר עבירה"": ""144 א, 144 ב"", ""סוג הנשק [אקדח]"": 1.0, ""סוג עבירה"": ""החזקה נשק, נשיאת נשק"", ""סטטוס הנשק"": ""נשק עם מחסנית בהכנס"", ""תכנון"": ""כן"", ""תאריך האירוע"": ""6/4/13"", ""שעת האירוע"": ""16:30"", ""מיקום האירוע"": ""מרכז הכפר דבוריה"", ""התנהלות הנאשם לאחר האירוע"": ""נמלט במהירות מהמקום"", ""מטרת הנשיאה"": ""להפחיד אחרים מעורבים בסכסוך"", ""שימוש"": ""לא"", ""כמות תחמושת"": ""ללא""}",45.0,"להלן ניתוח הדמיון המהותי בין שני התיקים:

1. **סוג העבירה וחומרתה:** שני התיקים עוסקים בעבירות של החזקת נשק (144(א)) ונשיאת נשק (144(ב)). חומרת העבירה דומה, שכן בשני המקרים מדובר בנשק עם מחסנית, אך תיק 2 מצביע על כוונה להפחיד, מה שעשוי להחמיר את החומרה.
2. **תפקיד הנאשם ומעורבותו:** בתיק 1, הנאשמים הם חלק מקבוצה, וייתכן שאחד מהם יזם את ההחזקה. בתיק 2, הנאשם פועל באופן עצמאי ומטרתו להפחיד. ההבדל ברמת המעורבות משפיע על הערכת הדמיון.
3. **שיטת הביצוע (MO):** בתיק 1 הנשק מוסלק בבית, בעוד שבתיק 2 הנשק נמצא על גופו של הנאשם. אופן ההחזקה שונה משמעותית, וכן הנסיבות - תיק 1 מתייחס להחזקה בבית חבר, בעוד תיק 2 מתייחס להחזקה במרחב ציבורי.
4. **נסיבות הליבה:** בשני התיקים הנשק לא שימש בפועל. תיק 1 מציין מחסנית אחת, בעוד תיק 2 מציין היעדר תחמושת. תיק 2 מצביע על תכנון מראש ועל מניע של סכסוך, בעוד תיק 1 אינו מציין תכנון או מניע ברור.
5. **ישימות כתקדים:** בשל השוני בנסיבות (החזקה מוסלקת לעומת נשיאה גלויה, תכנון מראש, מניע של סכסוך), סביר להניח שבית המשפט יראה את התיקים כבעלי רלוונטיות מוגבלת זה לזה לצורכי ענישה. העובדה שמדובר בשתי עבירות זהות (144(א) ו-144(ב)) תהיה רלוונטית, אך לא מכרעת.

SIMILARITY_SCORE: 45","ok",""
"ME-16-11-69158-529","ME-14-12-6904-57",2,0,1,"{""אופן החזקת הנשק"": ""ברכב, מוסלק - מוסתר, סמוך לבית"", ""כמות תחמושת"": ""מחסנית"", ""מטרה-סיבת העבירה"": ""חתונה"", ""מספר עבירה"": ""144 ב"", ""סוג הנשק [תת מקלע]"": 1.0, ""סוג עבירה"": ""נשיאת נשק"", ""סטטוס הנשק"": ""נשק עם כדור בקנה"", ""עבירות נוספות"": ""ירי באזור מגורים"", ""שימוש"": ""כן,ירי"", ""תכנון"": ""כן"", ""סוג תחמושת"": ""9 מ\""מ"", ""מיקום האירוע"": ""רחבת בית משפחת ג'בארה, טייבה"", ""זמן האירוע"": ""21:00"", ""מיקום החזקת הנשק לפני השימוש"": ""טמון באדמה"", ""מיקום החזקת הנשק לאחר השימוש"": ""מתחת למושב הנהג ובשקית מתחת למושב סמוך"", ""סוג האירוע"": ""משפחתי""}","{""מיקום הדירה"": ""תל אביב"", ""תאריך רכישת הנשק"": ""18.11.2014"", ""מחיר הנשק"": ""4000 ש\""ח"", ""סוג הנשק"": ""רובה מאולתר מדגם קרל גוסטב"", ""תאריך העבירה"": ""18.11.2014"", ""שעת העבירה"": ""16:40"", ""אופן הסתרת הנשק"": ""עטוף בבגדים בתוך תיק גב"", ""כמות קנאביס"": ""0.3027 גרם נטו"", ""מיקום החזקת הנשק בדירה"": ""מוטמן בארון בגדים בחדר השינה"", ""מספר עבירה"": ""144 ב"", ""סוג עבירה"": ""נשיאת נשק, הובלת נשק"", ""עבירות נוספות"": ""החזקת סם לצריכה עצמית"", ""סוג הנשק [תת מקלע מאולתר]"": 1.0, ""סטטוס הנשק"": ""נשק מופרד מתחמושת"", ""תכנון"": ""כן"", ""אופן החזקת הנשק"": ""בבית, על גופו, מוסלק - מוסתר"", ""אופן קבלת הנשק"": ""רכש"", ""כמות תחמושת"": ""מחסנית"", ""מטרה-סיבת העבירה"": ""הגנה עצמית""}",65.0,"להלן ניתוח הדמיון המהותי בין שני התיקים:

1. **סוג העבירה וחומרתה:** שני התיקים עוסקים בעבירה של נשיאת נשק (144(ב)), אך תיק 1 כולל גם ירי באזור מגורים, מה שמגביר משמעותית את חומרתו. שני התיקים חמורים, אך תיק 1 חמור יותר באופן ניכר.
2. **תפקיד הנאשם ומעורבותו:** בשני התיקים הנאשם מחזיק בנשק באופן פעיל, אך בתיק 1 יש שימוש פעיל בנשק (ירי) בעוד שבתיק 2 מדובר בהחזקה והובלה בלבד. בתיק 2 הנאשם רכש את הנשק, מה שמצביע על מעורבות גבוהה יותר מאשר החזקה בלבד.
3. **שיטת הביצוע (MO):** בשני התיקים הנשק מוסלק, אך בתיק 1 ההסלקה מורכבת יותר (טמון באדמה, מתחת למושב). בתיק 2 הנשק מוסלק בתוך תיק גב בבית. יש דמיון בשיטת ההסלקה, אך רמת המורכבות שונה.
4. **נסיבות הליבה:** בשני התיקים יש מחסנית תחמושת. תיק 1 כולל ירי, בעוד תיק 2 מתמקד בהחזקה והובלה. המטרה בתיק 1 היא חתונה (נסיבות חברתיות), בעוד שבתיק 2 המטרה היא הגנה עצמית (נסיבות אישיות). תיק 1 כולל נשק עם כדור בקנה, מה שמחמיר את הנסיבות.
5. **ישימות כתקדים:** בית המשפט עשוי לראות את שני התיקים כרלוונטיים זה לזה לצורך ענישה, בעיקר בשל סעיף העבירה המשותף (144(ב)). עם זאת, חומרת העבירה בתיק 1 (ירי באזור מגורים) תבלוט ותשפיע על גזר הדין. תיק 2, עם העבירה הנלווית של החזקת סם, עשוי להוות תקדים פחות ישיר.

SIMILARITY_SCORE: 65","ok",""
"SH-11-05-24791-315","ME-16-10-9348-780",1,0,0,"{""אופן החזקת הנשק"": ""בבית"", ""אופן קבלת הנשק"": ""מאחר"", ""כמות תחמושת"": ""2 מחסניות"", ""מספר עבירה"": ""144 א"", ""סוג הנשק [אקדח]"": 1.0, ""סוג עבירה"": ""החזקה נשק"", ""סטטוס הנשק"": ""נשק מופרד מתחמושת"", ""תכנון"": ""לא"", ""מיקום החזקת הנשק"": ""כפר עין-נקובא"", ""דגם הנשק"": ""אקדח חצי אוטומטי אף-אן (FN)"", ""תאריך האירוע"": ""19/07/09"", ""שעת האירוע"": ""21:00"", ""תאריך הרשעה"": ""09/01/13"", ""סעיף עבירה נוסף"": ""144 א סיפא"", ""סוג עבירה נוספת"": ""החזקת אביזר לנשק"", ""שימוש"": ""לא""}","{""אופן החזקת הנשק"": ""בבית, ברכב"", ""אופן קבלת הנשק"": ""גנב"", ""כמות תחמושת"": ""75 כדורים"", ""מטרה-סיבת העבירה"": ""לעורר את אביו"", ""מספר עבירה"": ""144 ב"", ""סוג הנשק [רובה צייד]"": 1.0, ""סוג עבירה"": ""נשיאת נשק"", ""סטטוס הנשק"": ""נשק מופרד מתחמושת"", ""תכנון"": ""לא"", ""סוג תחמושת"": ""כדורי צייד קליבר 12 מ\""מ"", ""מקום החזקת התחמושת"": ""מחסן הבית"", ""סכום כסף גנוב"": ""3500 ₪"", ""סכום שיק גנוב"": ""500 ₪"", ""מקום העצירה"": ""קריית גת"", ""שותפים לעבירה"": ""מוחמד יונס, הקטין פ. י."", ""מקום מסירת הנשק והתחמושת"": ""בית הקטין בערערה"", ""שימוש"": ""לא""}",35.0,"להלן ניתוח הדמיון המהותי בין שני התיקים:

1. **סוג העבירה וחומרתה:** שני התיקים עוסקים בעבירות נשק, אך תיק 1 הוא החזקה בלבד (144(א)), בעוד תיק 2 הוא נשיאה (144(ב)). נשיאה חמורה יותר מהחזקה, ולכן יש הבדל משמעותי ברמת החומרה.
2. **תפקיד הנאשם ומעורבותו:** בשני התיקים הנאשם הוא מחזיק בנשק, אך בתיק 2 יש שותפים לעבירה ורקע של גניבה, מה שמצביע על מעורבות רחבה יותר. בתיק 1 אין אינדיקציה לשותפים או לפעילות פלילית נוספת מלבד ההחזקה.
3. **שיטת הביצוע (MO):** בשני התיקים הנשק הוחזק בבית, אך בתיק 2 יש גם החזקה ברכב. אופן קבלת הנשק שונה (מאחר לעומת גניבה). הדמיון בשיטת הביצוע מוגבל.
4. **נסיבות הליבה:** כמות התחמושת שונה באופן משמעותי (2 מחסניות לעומת 75 כדורים). בתיק 2 יש גם גניבה של כסף ושיקים, מה שמוסיף נסיבות מחמירות. אין אינדיקציה לשימוש בנשק בשני התיקים, אך תיק 2 כולל מטרה מוגדרת (לעורר את האב).
5. **ישימות כתקדים:** בשל ההבדל המהותי בין 144(א) ל-144(ב), תיק 1 (החזקה בלבד) לא יהווה תקדים רלוונטי לענישה בתיק 2 (נשיאה). ההבדלים בנסיבות, כמות התחמושת והמעורבות הנוספת מחזקים את המסקנה הזו.

SIMILARITY_SCORE: 35","ok",""
"ME-15-12-39071-113","ME-10-08-17917-313",3,1,1,"{""אופן החזקת הנשק"": ""ברכב, מוסלק - מוסתר"", ""מטרה-סיבת העבירה"": ""הגנה עצמית"", ""מספר עבירה"": ""144 א"", ""סוג הנשק [אקדח]"": 1.0, ""סוג עבירה"": ""החזקה נשק"", ""סטטוס הנשק"": ""תקין"", ""תכנון"": ""לא"", ""סוג רכב"": ""מזדה 3"", ""מספר רישיון רכב"": ""71-098-16"", ""מיקום האירוע"": ""כביש מספר 1, בסמוך למחלף הראל"", ""זמן האירוע"": ""12.10.13, בשעה 22:30"", ""מיקום החזקת הנשק ברכב"": ""מתחת לשטיח שמתחת למושב הסמוך לנהג"", ""סוג הנשק"": ""אקדח חצי אוטומטי מסוג סטאר"", ""שימוש"": ""לא"", ""כמות תחמושת"": ""ללא""}","{""מקור הנשק"": ""קיבל מאחר"", ""מיקום החבייה הראשוני"": ""מחסן ביתו"", ""תאריכים של החזקת הנשק"": ""23.7.10 עד 24.7.10"", ""מקום השימוש בנשק"": ""עתלית"", ""סוג הסם"": ""קנבוס"", ""כמות הסם"": ""15.05 גרם"", ""מחיר הסם"": ""150 שקלים"", ""מקום תפיסת הסם"": ""בבית הנאשם"", ""תקופות קבלת הסם"": ""קודם לחודש יולי 2010"", ""סוג עבירה"": ""החזקה נשק"", ""סוג הנשק [אקדח]"": 1.0, ""סטטוס הנשק"": ""נשק מופרד מתחמושת"", ""תכנון"": ""לא"", ""אופן החזקת הנשק"": ""מוסלק - מוסתר"", ""כמות תחמושת"": ""3 כדורים"", ""מטרה-סיבת העבירה"": ""הגנה עצמית"", ""שימוש"": ""לא""}",65.0,"1. **סוג העבירה וחומרתה:** שני התיקים עוסקים בעבירה של החזקת נשק (144א), אך תיק 2 כולל גם עבירת סמים. חומרת העבירה דומה, שכן בשני המקרים מדובר בהחזקה בלבד ולא בשימוש או סחר.
2. **תפקיד הנאשם ומעורבותו:** בשני התיקים הנאשם הוא מחזיק בנשק, ולא יזם או סוחר. בשניהם מדובר בהחזקה לצורך הגנה עצמית, מה שמצביע על מעורבות אישית דומה.
3. **שיטת הביצוע (MO):** בשני התיקים הנשק הוחזק בצורה מוסלקת ומוסתרת. זהו דפוס דומה, המצביע על זהירות ורצון להימנע מחשיפה.
4. **נסיבות הליבה:** בשני התיקים הנשק תקין, לא נעשה בו שימוש, וההחזקה לא תוכננה מראש. תיק 2 כולל כמות קטנה של תחמושת (3 כדורים), בעוד בתיק 1 לא נמצאה תחמושת כלל. העובדה ששניהם מציינים הגנה עצמית כמטרה היא נסיבה ליבה משותפת.
5. **ישימות כתקדים:** בית המשפט עשוי לראות את שני התיקים כרלוונטיים זה לזה לצורכי ענישה, בעיקר בשל הדמיון בסוג העבירה, אופן ההחזקה והמטרה (הגנה עצמית). עם זאת, עבירת הסמים בתיק 2 עשויה להשפיע על גזר הדין ולהפחית מהרלוונטיות של התיק כפס""ד תקדימי לענישה בעבירת נשק בלבד.

SIMILARITY_SCORE: 65","ok",""
"ME-22-03-52964-443","SH-17-08-47445-166",1,0,0,"{""אופן החזקת הנשק"": ""על גופו"", ""כמות תחמושת"": ""מחסנית ובה 16 כדורים, מחסנית ובה 16 כדורים"", ""מטרה-סיבת העבירה"": ""סכסוך"", ""מספר עבירה"": ""144 א, 144 ב"", ""סוג הנשק [אקדח]"": 1.0, ""סוג עבירה"": ""החזקה נשק, נשיאת נשק, הובלת נשק"", ""סטטוס הנשק"": ""נשק עם מחסנית בהכנס"", ""עבירות נוספות"": ""עבירת הפרעה לשוטר במילוי תפקידו לפי סעיף 275 לחוק."", ""תכנון"": ""כן"", ""מודל הנשק"": ""D.D.G מודל 19"", ""קליבר הנשק"": ""9 מ\""מ פרבלום"", ""מקום האירוע"": ""מפעל מזון בדיר אל אסד"", ""תאריך ושעה"": ""9.3.22 בשעה 12:10"", ""תיאור התנהגות הנאשם בעת המעצר"": ""ניסה להשליך את הנשק והתחמושת לתוך ארגז עופות"", ""שימוש"": ""לא""}","{""אופן החזקת הנשק"": ""בבית"", ""מספר עבירה"": ""144 א"", ""סוג הנשק [אקדח]"": 1.0, ""סוג הנשק [תת מקלע מאולתר]"": 1.0, ""סוג עבירה"": ""החזקה נשק"", ""סטטוס הנשק"": ""תקין"", ""תכנון"": ""לא"", ""תאריך המעצר"": ""09.08.2018"", ""מיקום החזקת הנשק"": ""כסיפה"", ""סוג הנשק [FN]"": 1.0, ""פיזור הנשק"": ""סביב הישוב"", ""שימוש"": ""לא"", ""כמות תחמושת"": ""ללא""}",35.0,"להלן ניתוח הדמיון המהותי בין שני התיקים:

1. **סוג העבירה וחומרתה:** שני התיקים עוסקים בעבירות נשק, אך תיק 1 כולל גם נשיאה והובלה (144(ב)) בנוסף להחזקה (144(א)), בעוד תיק 2 עוסק רק בהחזקה (144(א)). חומרת התיק הראשון גבוהה יותר בשל הריבוי העבירות והנשיאה/הובלה.
2. **תפקיד הנאשם ומעורבותו:** בתיק 1 הנאשם ניסה להשליך את הנשק בעת מעצרו, מה שמצביע על מעורבות אקטיבית וניסיון להסתיר את הנשק. בתיק 2 אין מידע על התנהגות הנאשם בעת המעצר, אך עצם החזקת הנשק בבית מצביעה על מעורבות פחות אקטיבית.
3. **שיטת הביצוע (MO):** בתיק 1 הנשק היה על גופו של הנאשם, עם מחסניות מלאות, וניסיון להשליך אותו. בתיק 2 הנשק היה בבית, ללא תחמושת. שיטות הביצוע שונות מאוד.
4. **נסיבות הליבה:** תיק 1 כולל כמות תחמושת משמעותית (32 כדורים), תכנון מראש, סכסוך כסיבה להחזקה, והתנהגות בעת מעצר המעידה על הסתרה. תיק 2 חסר תחמושת, ללא תכנון, ומיקום החזקה רחב יותר (""סביב הישוב""). הפער בנסיבות הליבה משמעותי.
5. **ישימות כתקדים:** בשל ההבדלים המשמעותיים בחומרת העבירה (נשיאה/הובלה לעומת החזקה בלבד), שיטת הביצוע, ונסיבות הליבה, סביר להניח שבית המשפט לא יראה בתיק 2 תקדים רלוונטי לתיק 1 לצורכי ענישה. תיק 1 עשוי לשמש תקדים לתיקים דומים לו, אך לא לתיק 2.

SIMILARITY_SCORE: 35","ok",""
"ME-15-12-39071-113","SH-11-12-35552-181",3,1,1,"{""אופן החזקת הנשק"": ""ברכב, מוסלק - מוסתר"", ""מטרה-סיבת העבירה"": ""הגנה עצמית"", ""מספר עבירה"": ""144 א"", ""סוג הנשק [אקדח]"": 1.0, ""סוג עבירה"": ""החזקה נשק"", ""סטטוס הנשק"": ""תקין"", ""תכנון"": ""לא"", ""סוג רכב"": ""מזדה 3"", ""מספר רישיון רכב"": ""71-098-16"", ""מיקום האירוע"": ""כביש מספר 1, בסמוך למחלף הראל"", ""זמן האירוע"": ""12.10.13, בשעה 22:30"", ""מיקום החזקת הנשק ברכב"": ""מתחת לשטיח שמתחת למושב הסמוך לנהג"", ""סוג הנשק"": ""אקדח חצי אוטומטי מסוג סטאר"", ""שימוש"": ""לא"", ""כמות תחמושת"": ""ללא""}","{""מיקום החזקת הנשק"": ""בארון הבגדים בחדר השינה"", ""אופן אריזת הנשק"": ""עטוף בגרב"", ""עיר מגורים"": ""לוד"", ""תאריך העבירה"": ""14/12/11"", ""מספר עבירה"": ""144 א"", ""סוג עבירה"": ""החזקה נשק"", ""סוג הנשק [אקדח]"": 1.0, ""סטטוס הנשק"": ""תקין"", ""תכנון"": ""כן"", ""אופן החזקת הנשק"": ""בבית"", ""אופן קבלת הנשק"": ""רכש"", ""שימוש"": ""לא"", ""כמות תחמושת"": ""ללא""}",45.0,"להלן ניתוח הדמיון המהותי בין שני התיקים:

1. **סוג העבירה וחומרתה:** שני התיקים עוסקים בעבירה של החזקת נשק (144א) ולכן זהים בסוג העבירה. חומרת העבירה דומה, שכן בשני המקרים מדובר בהחזקה של אקדח תקין ללא שימוש, וללא תחמושת.

2. **תפקיד הנאשם ומעורבותו:** בשני התיקים הנאשם הוא המחזיק הישיר בנשק. לא ברור מהתיאור האם מדובר ברכישה עצמאית או קבלה מאחר, אך בשני המקרים אין אינדיקציה לתפקיד של יזם או סוחר.

3. **שיטת הביצוע (MO):** שיטת הביצוע שונה. תיק 1 מתייחס להחזקה מוסלקת ברכב, בעוד תיק 2 מתייחס להחזקה בבית, בארון בגדים. אופן האריזה (גרב) בתיק 2 מהווה פרט נוסף השונה מתיק 1.

4. **נסיבות הליבה:** בשני התיקים אין שימוש בנשק ואין תחמושת. תיק 1 מציין ""הגנה עצמית"" כמטרה, בעוד תיק 2 מציין ""רכש"" כאופן קבלת הנשק. תיק 2 מציין תכנון מראש, בעוד תיק 1 מציין העדר תכנון.

5. **ישימות כתקדים:** בשני התיקים מדובר בהחזקה בלבד (144א) ללא שימוש או נשיאה. עם זאת, ההבדלים בנסיבות (הגנה עצמית לעומת רכש, תכנון לעומת העדר תכנון, הסלקה ברכב לעומת החזקה בבית) עשויים להפחית את הרלוונטיות של תיק אחד כתקדים לשני. בית המשפט עשוי להתייחס לשניהם כעבירות דומות מבחינת סוג העבירה, אך יבחין בנסיבות הייחודיות של כל תיק בעת גזירת הדין.

SIMILARITY_SCORE: 45","ok",""
"ME-16-11-69158-529","ME-16-10-12213-904",1,0,0,"{""אופן החזקת הנשק"": ""ברכב, מוסלק - מוסתר, סמוך לבית"", ""כמות תחמושת"": ""מחסנית"", ""מטרה-סיבת העבירה"": ""חתונה"", ""מספר עבירה"": ""144 ב"", ""סוג הנשק [תת מקלע]"": 1.0, ""סוג עבירה"": ""נשיאת נשק"", ""סטטוס הנשק"": ""נשק עם כדור בקנה"", ""עבירות נוספות"": ""ירי באזור מגורים"", ""שימוש"": ""כן,ירי"", ""תכנון"": ""כן"", ""סוג תחמושת"": ""9 מ\""מ"", ""מיקום האירוע"": ""רחבת בית משפחת ג'בארה, טייבה"", ""זמן האירוע"": ""21:00"", ""מיקום החזקת הנשק לפני השימוש"": ""טמון באדמה"", ""מיקום החזקת הנשק לאחר השימוש"": ""מתחת למושב הנהג ובשקית מתחת למושב סמוך"", ""סוג האירוע"": ""משפחתי""}","{""סוג רכב"": ""סובארו"", ""בעלות על הרכב"": ""רשום על שם אחיו, מג'ד"", ""מיקום החזקת הנשק"": ""מתחת לכיסא הנוסע שליד הנהג"", ""מיקום המחסנית"": ""מתחת לכיסא הנוסע שליד הנהג"", ""מקום מגורים"": ""אום-אל-פחם"", ""מקום החזקת הנשק"": ""בית אמו"", ""סוג התחמושת"": ""כדור 9 מ\""מ"", ""מקום התפיסה"": ""במוסך במורד הרחוב"", ""מספר עבירה"": ""144 ב"", ""סוג עבירה"": ""נשיאת נשק"", ""סוג הנשק [תת מקלע מאולתר]"": 1.0, ""סטטוס הנשק"": ""נשק מופרד מתחמושת"", ""תכנון"": ""כן"", ""אופן החזקת הנשק"": ""ברכב, מוסלק - מוסתר"", ""אופן קבלת הנשק"": ""מצא"", ""כמות תחמושת"": ""מחסנית ריקה ובה 0 כדורים + 1 כדור"", ""שימוש"": ""לא""}",65.0,"להלן ניתוח הדמיון המהותי בין שני התיקים:

1. **סוג העבירה וחומרתה:** שני התיקים עוסקים בעבירה של נשיאת נשק (144(ב)), שהיא עבירה חמורה. שני התיקים כוללים תת מקלע, מה שמגביר את החומרה.
2. **תפקיד הנאשם ומעורבותו:** בשני התיקים הנאשם מחזיק בנשק, אך מידת המעורבות הפעילה שונה. בתיק 1 הנאשם השתמש בנשק ויורה, בעוד שבתיק 2 הנשק נמצא ברשותו אך לא נעשה בו שימוש.
3. **שיטת הביצוע (MO):** בשני התיקים הנשק מוסלק ברכב. בתיק 1 ההסלקה מתוחכמת יותר (טמון באדמה ואח""כ מתחת למושב), אך העיקרון דומה.
4. **נסיבות הליבה:** בשני התיקים מדובר בתחמושת 9 מ""מ ומחסנית. בתיק 1 יש ירי באזור מגורים, נסיבה מחמירה משמעותית שאינה קיימת בתיק 2. בתיק 1 הנשק היה עם כדור בקנה, בעוד שבתיק 2 הנשק מופרד מהתחמושת.
5. **ישימות כתקדים:** בית המשפט עשוי לראות את שני התיקים כרלוונטיים זה לזה לצורכי ענישה, בעיקר בשל סוג העבירה (144(ב)) והעובדה שמדובר בתת מקלעים. עם זאת, השימוש בנשק בתיק 1 והירי באזור מגורים יבדילו אותו באופן משמעותי ויצדיקו ענישה חמורה יותר.

SIMILARITY_SCORE: 65","ok",""
"ME-16-03-59260-279","ME-16-08-54879-35",2,0,1,"{""מיקום החזקת הנשק"": ""חנות דגים, רחוב נווה שאנן 37, תל-אביב"", ""סוג האקדח"": ""גלוק"", ""צבע האקדח"": ""שחור"", ""מספר רישום האקדח"": ""F.V.458"", ""זמן האירוע"": ""23.3.16, סמוך לשעה 7:30"", ""מיקום הירי"": ""רחוב התחייה 19, תל אביב-יפו"", ""סוג הרכב"": ""מרצדס"", ""מיקום נוסף"": ""רחוב המנוע 2, תל אביב-יפו"", ""מספר עבירה"": ""144 א, 144 ב"", ""סוג עבירה"": ""החזקה נשק, נשיאת נשק"", ""סוג הנשק [אקדח]"": 1.0, ""סטטוס הנשק"": ""נשק עם מחסנית בהכנס"", ""תכנון"": ""כן"", ""אופן החזקת הנשק"": ""ברכב, מחסן"", ""כמות תחמושת"": ""מחסנית ובה 14 כדורים"", ""מטרה-סיבת העבירה"": ""סכסוך"", ""שימוש"": ""לא""}","{""אופן החזקת הנשק"": ""על גופו, סמוך לבית"", ""כמות תחמושת"": ""מחסנית ובה 7 כדורים"", ""מספר עבירה"": ""144 ב"", ""סוג הנשק [תת מקלע מאולתר]"": 1.0, ""סוג עבירה"": ""נשיאת נשק, הובלת נשק"", ""סטטוס הנשק"": ""נשק מופרד מתחמושת"", ""תכנון"": ""לא"", ""תאריך האירוע"": ""17.8.16"", ""שעת האירוע"": ""סמוך לשעה 11:00"", ""מיקום האירוע"": ""רחוב ברזילי 12, חיפה"", ""קוטר הנשק"": ""9 מ\""מ"", ""כוח הכדור"": ""בכוחו להמית אדם"", ""מצב הנשק"": ""נשק מאולתר"", ""הודאת הנאשם"": ""הנאשם הודה בעובדות כתב האישום"", ""שימוש"": ""לא""}",45.0,"להלן ניתוח הדמיון המהותי בין שני התיקים:

1. **סוג העבירה וחומרתה:** שני התיקים עוסקים בעבירות נשיאת נשק (144ב), אך תיק 1 כולל גם עבירת החזקה (144א). חומרת העבירה דומה, אך תיק 1 מעיד על תכנון מוקדם, מה שעשוי להחמיר את הענישה.
2. **תפקיד הנאשם ומעורבותו:** בשני התיקים הנאשם מחזיק/נושא בנשק, אך בתיק 1 הנשק הוחזק גם ברכב ובמחסן, מה שמרמז על מעורבות רחבה יותר. בתיק 2 ההחזקה היא אישית וסמוך לבית.
3. **שיטת הביצוע (MO):** שיטת הביצוע שונה. תיק 1 כולל רכב ומספר מיקומים, מה שמרמז על פעילות מתוכננת. תיק 2 מתמקד בהחזקה על גופו סמוך לבית.
4. **נסיבות הליבה:** כמות התחמושת דומה (14 כדורים בתיק 1, 7 בתיק 2). בתיק 1 הנשק טעון, בתיק 2 מופרד מהתחמושת. תיק 1 מציין סכסוך כמניע, בעוד בתיק 2 אין מידע על מניע. תיק 1 כולל תכנון, תיק 2 לא.
5. **ישימות כתקדים:** בשל העובדה ששני התיקים עוסקים בנשיאת נשק (144ב), בית המשפט עשוי להתייחס לתיק 1 כבעל רלוונטיות מסוימת, אך ההבדלים המשמעותיים בנסיבות (תכנון, מיקום, כמות מיקומים) יצמצמו את משקלו כתקדים.

SIMILARITY_SCORE: 45","ok",""
"SH-18-07-52337-770","SH-16-11-7544-55",3,1,1,"{""אופן החזקת הנשק"": ""בבית, מוסלק - מוסתר"", ""אופן קבלת הנשק"": ""מאחר"", ""מספר עבירה"": ""144 א"", ""סוג הנשק [תת מקלע מאולתר]"": 1.0, ""סוג עבירה"": ""החזקה נשק"", ""סטטוס הנשק"": ""תקין"", ""תכנון"": ""לא"", ""תאריך המעצר"": ""15.07.18"", ""מיקום המעצר"": ""בית הנאשם, רהט"", ""משך זמן החזקת הנשק לפני המעצר"": ""עשרה ימים"", ""זהות מסר הנשק"": ""לא ידועה"", ""שימוש"": ""לא"", ""כמות תחמושת"": ""ללא""}","{""אופן החזקת הנשק"": ""על גופו"", ""כמות תחמושת"": ""מחסנית ובה 10 כדורים"", ""מספר עבירה"": ""144 א"", ""סוג הנשק [תת מקלע מאולתר]"": 1.0, ""סוג עבירה"": ""החזקה נשק"", ""סטטוס הנשק"": ""נשק מופרד מתחמושת"", ""תכנון"": ""לא"", ""תאריך האירוע"": ""26.10.16"", ""מיקום האירוע"": ""מחלף להב-שומריה, כביש 6 לכוון צפון"", ""סוג הרכב"": ""רכב פרטי"", ""זיהוי הנאשם"": ""על ידי שוטר"", ""שם השוטר"": ""מיכאל אדרי"", ""קוטר הקליעים"": ""9 מ\""מ"", ""שימוש"": ""לא""}",35.0,"להלן ניתוח הדמיון המהותי בין שני התיקים:

1. **סוג העבירה וחומרתה:** שני התיקים עוסקים בעבירה של החזקת נשק (סעיף 144(א) לחוק העונשין). עם זאת, החזקה בבית (תיק 1) שונה מהחזקה על הגוף (תיק 2) מבחינת הפוטנציאל לשימוש מיידי, ולכן חומרתה עשויה להיות שונה.

2. **תפקיד הנאשם ומעורבותו:** בשני התיקים הנאשם הוא מחזיק בנשק, אך אופן ההחזקה מעיד על רמת מעורבות שונה. החזקה מוסלקת בבית עשויה להעיד על מעורבות פחות ישירה מאשר החזקה על הגוף, במיוחד כאשר מדובר בתחמושת.

3. **שיטת הביצוע (MO):** שיטת הביצוע שונה באופן משמעותי. תיק 1 מתייחס להחזקה בבית, בעוד תיק 2 מתייחס להחזקה תוך כדי נסיעה ברכב. זהו הבדל מהותי בדפוס ההתנהגות.

4. **נסיבות הליבה:** תיק 1 מתייחס להחזקה ללא תחמושת, בעוד תיק 2 מתייחס להחזקה עם תחמושת. זהו הבדל משמעותי, שכן נוכחות תחמושת מגבירה את הפוטנציאל לשימוש בנשק. העובדה שתיק 2 התרחש במרחב ציבורי (כביש 6) מוסיפה נסיבה מחמירה שאינה קיימת בתיק 1.

5. **ישימות כתקדים:** בשל ההבדלים המשמעותיים בנסיבות, סביר להניח שבית המשפט יראה את התיקים כפחות רלוונטיים זה לזה לצורכי ענישה. העובדה ששני התיקים הם 144(א) לבדו אינה מספיקה כדי ליצור תקדים משמעותי, במיוחד לאור ההבדלים בנסיבות ההחזקה (בבית לעומת על הגוף, עם/בלי תחמושת).

SIMILARITY_SCORE: 35","ok",""
"ME-16-06-42987-901","ME-12-03-13401-281",1,0,0,"{""אופן קבלת הנשק"": ""מאחר"", ""כמות תחמושת"": ""כדור"", ""מטרה-סיבת העבירה"": ""סכסוך"", ""מספר עבירה"": ""144 ב"", ""סוג הנשק - אם לא נמצא בטבלה"": ""כלי נשק מאולתר"", ""סוג הנשק [רימון הלם/גז]"": 4.0, ""סוג עבירה"": ""נשיאת נשק"", ""סטטוס הנשק"": ""נשק עם כדור בקנה"", ""עבירות נוספות"": ""איומים לפי סעיף 192 לחוק; חבלה מחמירה לפי סעיף 329(א)(2) לחוק וניסיון תקיפה בנסיבות מחמירות לפי סעיפים 382(א) + 25 לחוק העונשין. חמש עבירות של סחר בסמים לפי סעיפים 13+19א' לפקודת הסמים המסוכנים [נוסח חדש] תשל\""ג-1973 ובעבירה אחת של החזקת סם שלא לשימוש עצמי לפי סעיפים 7(א) + 7(ג) רישא לפקודה זו.עבירה של גניבה לפי סעיף 384 לחוק העונשין."", ""שימוש"": ""ניסיון לירי ללא הצלחה, זריקת רימון"", ""תכנון"": ""כן"", ""מקום האירוע"": ""שכונת גילה, ירושלים"", ""סוג הרימון"": ""רימון הלם"", ""תאריך האירוע"": ""לא צוין במפורש"", ""שותפים לעבירה"": ""אמיר סלמה"", ""סוג הסם בתיק הסמים"": ""חשיש"", ""כמות הסם"": ""גרמים בודדים"", ""מחיר הסם"": ""בין 100 ל-400 ש\""ח"", ""זמן המכירות"": ""מאי ויוני 2016"", ""סוג הפריט הגנוב"": ""אופניים חשמליים"", ""שווי הפריט הגנוב"": ""3,000 ש\""ח"", ""תאריך הגניבה"": ""17.5.16""}","{""אופן החזקת הנשק"": ""ברכב"", ""כמות תחמושת"": ""2 מחסניות ובהן כדורים, 11 כדורים"", ""מספר עבירה"": ""144 א, 144 ב"", ""סוג הנשק [אקדח]"": 1.0, ""סוג עבירה"": ""החזקה נשק, נשיאת נשק, הובלת נשק"", ""סטטוס הנשק"": ""נשק עם כדור בקנה"", ""עבירות נוספות"": ""יריות באזור מגורים - עבירה לפי סעיף 340א לחוק."", ""שימוש"": ""כן,ירי"", ""תכנון"": ""לא"", ""סוג הנשק"": ""אקדח CZ קליבר 9 מ\""מ"", ""מקום האירוע"": ""רחוב שיבת ציון, חיפה"", ""זמן האירוע"": ""ליל 25-26.2.12, סמוך לשעה 00:38"", ""מקור הנשק"": ""נגנב בהתפרצות לבית ביישוב ציפורי ב-3.2.12"", ""זמן המעצר"": ""סמוך לשעה 1:50"", ""מקום המעצר"": ""ברכב על ידי שוטרים""}",65.0,"להלן ניתוח הדמיון המהותי בין שני התיקים:

1. **סוג העבירה וחומרתה:** שני התיקים עוסקים בעבירות נשק לפי חוק העונשין, כולל נשיאת נשק (144ב) והחזקת נשק. תיק 1 כולל גם עבירות סחר בסמים וחבלה, מה שמגדיל את חומרתו, בעוד תיק 2 מתמקד יותר בעבירות הנשק עצמן וירי באזור מגורים.
2. **תפקיד הנאשם ומעורבותו:** בתיק 1 הנאשם מעורב במספר רב של עבירות, כולל אלימות, סחר בסמים וגניבה, מה שמצביע על תפקיד מרכזי יותר. בתיק 2, המעורבות נראית מצומצמת יותר לעבירות הנשק, אם כי יש ירי.
3. **שיטת הביצוע (MO):** בשני התיקים יש שימוש בנשק (ירי או ניסיון ירי). תיק 1 כולל גם זריקת רימון, מה שמוסיף מימד נוסף. בשני המקרים הנשק היה טעון.
4. **נסיבות הליבה:** שני התיקים כוללים נשק טעון. תיק 1 כולל כדור אחד, בעוד תיק 2 כולל מחסניות עם כדורים רבים יותר. תיק 1 כולל תכנון מוקדם, בעוד תיק 2 מתרחש באופן ספונטני יותר. תיק 1 כולל סכסוך כרקע, בעוד תיק 2 קשור לגניבת הנשק.
5. **ישימות כתקדים:** בשל השילוב של עבירות נשק דומות (144ב בשני התיקים), העובדה שהנשק היה טעון בשניהם, והשימוש בנשק, בית המשפט עשוי לראות בתיק 1 תקדים רלוונטי לתיק 2, בעיקר לצורך קביעת ענישה. עם זאת, העבירות הנוספות בתיק 1 (סמים, חבלה) עשויות להוביל להבחנה.

SIMILARITY_SCORE: 65","ok",""
"SH-20-02-52091-995","SH-16-11-7544-55",3,1,1,"{""אופן החזקת הנשק"": ""בבית"", ""כמות תחמושת"": ""20 כדורים"", ""מספר עבירה"": ""144 א"", ""סוג הנשק [תת מקלע מאולתר]"": 1.0, ""סוג עבירה"": ""החזקה נשק"", ""סטטוס הנשק"": ""נשק מופרד מתחמושת"", ""תכנון"": ""לא"", ""סוג הנשק"": ""תת מקלע מאולתר 9 מ\""מ"", ""מיקום החזקת הנשק"": ""ארון במטבח"", ""מיקום הבית"": ""שבט אלאעצם"", ""תאריך החזקת הנשק"": ""מיום 14.02.20"", ""תאריך התגלית"": ""16.02.20"", ""שעת התגלית"": ""סמוך לשעה 15:00"", ""סוג הפעילות המשטרתית"": ""חיפוש יזום"", ""שימוש"": ""לא""}","{""אופן החזקת הנשק"": ""על גופו"", ""כמות תחמושת"": ""מחסנית ובה 10 כדורים"", ""מספר עבירה"": ""144 א"", ""סוג הנשק [תת מקלע מאולתר]"": 1.0, ""סוג עבירה"": ""החזקה נשק"", ""סטטוס הנשק"": ""נשק מופרד מתחמושת"", ""תכנון"": ""לא"", ""תאריך האירוע"": ""26.10.16"", ""מיקום האירוע"": ""מחלף להב-שומריה, כביש 6 לכוון צפון"", ""סוג הרכב"": ""רכב פרטי"", ""זיהוי הנאשם"": ""על ידי שוטר"", ""שם השוטר"": ""מיכאל אדרי"", ""קוטר הקליעים"": ""9 מ\""מ"", ""שימוש"": ""לא""}",45.0,"1. **סוג העבירה וחומרתה:** שני התיקים עוסקים בעבירה של החזקת נשק (144א'), אך חומרתה מושפעת מאוד מנסיבות ההחזקה. העובדה שמדובר בתת מקלע מאולתר מעלה את רמת החומרה בשני המקרים, אך עדיין מדובר בהחזקה בלבד ולא בשימוש או נשיאה.

2. **תפקיד הנאשם ומעורבותו:** בשני התיקים הנאשם הוא המחזיק הישיר בנשק, אך בתיק 2 ההחזקה היא על גופו, מה שמצביע על נכונות להשתמש או להוביל את הנשק, בעוד שבתיק 1 ההחזקה היא בבית, מה שמצביע על מעורבות פחות ישירה.

3. **שיטת הביצוע (MO):** שיטת הביצוע שונה. תיק 1 מתייחס להחזקה בבית, בתוך ארון, בעוד תיק 2 מתייחס להחזקה על גופו של הנאשם במרחב הציבורי.

4. **נסיבות הליבה:** כמות התחמושת דומה (20 כדורים לעומת 10 כדורים במחסנית), אך מיקום ההחזקה שונה באופן משמעותי. בשני המקרים הנשק מופרד מהתחמושת, ואין עדות לתכנון מוקדם.

5. **ישימות כתקדים:** בשל העובדה שמדובר בשני תיקים של החזקה בלבד (144א'), בית המשפט עשוי להתייחס אליהם כרלוונטיים לצורך ענישה, אך ההבדלים בנסיבות ההחזקה (בבית לעומת על גופו) יצמצמו את המשקל שיינתן לתיק כעניין תקדימי. העובדה שהנשק נמצא על גופו בתיק 2 עשויה להוביל לענישה חמורה יותר, ולכן תקדים של החזקה בבית יהיה פחות רלוונטי.

SIMILARITY_SCORE: 45","ok",""
"SH-14-02-28659-762","SH-16-05-42991-439",2,0,1,"{""מיקום החזקת הנשק"": ""עליית גג של המקלחת"", ""משך זמן החזקת הנשק"": ""כשנתיים"", ""תאריך תחילת החזקת הנשק"": ""11.2.12"", ""מיקום הבית"": ""עזריה"", ""סוג הנשק המדויק"": ""קרל גוסטב"", ""מספר עבירה"": ""144 א"", ""סוג עבירה"": ""החזקה נשק"", ""סוג הנשק [תת מקלע]"": 1.0, ""סטטוס הנשק"": ""נשק מופרד מתחמושת"", ""תכנון"": ""לא"", ""אופן החזקת הנשק"": ""בבית"", ""כמות תחמושת"": ""מחסנית וכדורים"", ""מטרה-סיבת העבירה"": ""הגנה עצמית"", ""שימוש"": ""לא""}","{""דגם הנשק"": ""בראונינג"", ""קליבר התחמושת"": ""9 מ\""מ"", ""התערבות צד שלישי"": ""נאשמת 2 ניסתה להעלים את הנשק"", ""אופן ההעלמה"": ""הסלקת הנשק מתחת לחצאית"", ""מספר עבירה"": ""144 א"", ""סוג עבירה"": ""החזקה נשק"", ""עבירות נוספות"": ""שיבוש הליכי משפט, לפי סעיף 244 לחוק"", ""סוג הנשק [אקדח]"": 1.0, ""סטטוס הנשק"": ""נשק עם מחסנית בהכנס"", ""תכנון"": ""כן"", ""אופן החזקת הנשק"": ""בבית, על גופו"", ""כמות תחמושת"": ""מחסנית ובה 13 כדורים"", ""מטרה-סיבת העבירה"": ""סכסוך"", ""שימוש"": ""לא""}",45.0,"להלן ניתוח הדמיון המהותי בין שני התיקים:

1. **סוג העבירה וחומרתה:** שני התיקים עוסקים בעבירה של החזקת נשק לפי סעיף 144(א) לחוק העונשין. עם זאת, חומרת התיקים שונה – תיק 2 כולל גם עבירת שיבוש הליכי משפט, מה שמגדיל את חומרתו.

2. **תפקיד הנאשם ומעורבותו:** בשני התיקים הנאשם הוא המחזיק הישיר בנשק. בתיק 2 יש מעורבות של צד שלישי בניסיון להעלים את הנשק, מה שמצביע על מעורבות מורכבת יותר.

3. **שיטת הביצוע (MO):** בשני התיקים הנשק הוחזק בבית, אך אופן ההחזקה שונה – בתיק 1 הנשק הוחזק בעליית גג, בעוד שבתיק 2 הנשק היה על גופו של הנאשם. בתיק 2 יש גם אלמנט של ניסיון הסלקה.

4. **נסיבות הליבה:** בשני התיקים מדובר בכמות תחמושת דומה (מחסנית וכדורים). בתיק 1 הנשק היה מופרד מתחמושת, בעוד שבתיק 2 הנשק היה עם מחסנית בהכנס. המטרה שונה – הגנה עצמית בתיק 1 וסכסוך בתיק 2. תיק 2 כולל תכנון מראש, בעוד בתיק 1 לא היה תכנון.

5. **ישימות כתקדים:** בשל העובדה שמדובר בשני תיקים של החזקת נשק לפי סעיף 144(א), בית המשפט עשוי להתייחס לתיק 1 כבעל רלוונטיות מסוימת לתיק 2, אך ההבדלים המשמעותיים בנסיבות (תכנון, מעורבות צד ג', עבירה נוספת) יצמצמו את המשקל שיינתן לו.

SIMILARITY_SCORE: 45","ok",""
"ME-14-10-31218-522","ME-17-05-35227-215",1,0,0,"{""אופן החזקת הנשק"": ""על גופו"", ""מספר עבירה"": ""144 א"", ""סוג הנשק [רימון הלם/גז]"": 1.0, ""סוג עבירה"": ""החזקה נשק"", ""סטטוס הנשק"": ""תקין"", ""שימוש"": ""זריקת רימון"", ""תכנון"": ""לא"", ""שנת לידה"": 1983, ""תאריך האירוע"": ""29/5/14"", ""שעת האירוע"": ""02:45"", ""מיקום האירוע"": ""בית ד\""ר אמון חסן, דיר אל אסד"", ""סוג הרימון"": ""M7290"", ""צבע הרימון"": ""שחור"", ""פס כתוב על הרימון"": ""כן"", ""מספר סידורי של הרימון"": ""E386201"", ""פוטנציאל נזק"": ""גרימת פגיעה גופנית"", ""מיקום פיצוץ הרימון"": ""מרפסת בית המתלונן"", ""השפעת הפיצוץ"": ""קול נפץ עז שהעיר אנשים"", ""כמות תחמושת"": ""ללא""}","{""אופן החזקת הנשק"": ""ברכב"", ""כמות תחמושת"": ""מחסנית"", ""מספר עבירה"": ""144 ב"", ""סוג הנשק [תת מקלע מאולתר]"": 1.0, ""סוג עבירה"": ""נשיאת נשק, הובלת נשק"", ""סטטוס הנשק"": ""נשק עם מחסנית בהכנס"", ""תכנון"": ""כן"", ""תאריך העבירה"": ""7 במאי 2017"", ""שעת העבירה"": ""צהריים"", ""סוג הרכב"": ""אופנוע"", ""דגם הרכב"": ""קואנג יאנג טיו"", ""הודאה בעבירה"": ""הודה"", ""סעיף העבירה"": ""144(ב) רישא וסיפא"", ""שנת החוק"": ""1977"", ""שימוש"": ""לא""}",25.0,"ניתוח הדמיון המהותי בין שני התיקים:

1. **סוג העבירה וחומרתה:** שני התיקים עוסקים בעבירות נשק, אך תיק 1 הוא החזקה בלבד (144(א)) ותיק 2 הוא נשיאה/הובלה (144(ב)). ההבדל הזה הוא קריטי, שכן 144(ב) חמורה משמעותית.
2. **תפקיד הנאשם ומעורבותו:** בתיק 1 הנאשם השליך רימון, מה שמצביע על מעורבות אקטיבית. בתיק 2 הנאשם החזיק נשק ברכב, מה שיכול להעיד על מעורבות פסיבית יותר (הובלה).
3. **שיטת הביצוע (MO):** שיטות הביצוע שונות לחלוטין - זריקת רימון לעומת החזקת נשק ברכב. אין חפיפה משמעותית בדפוסי הפעולה.
4. **נסיבות הליבה:** תיק 1 כולל שימוש ברימון וגרימת נזק (פוטנציאלי), בעוד תיק 2 מתמקד בהחזקה והובלה של נשק מאולתר. תיק 2 כולל תכנון מוקדם, בעוד בתיק 1 לא מצוין תכנון. הכמות תחמושת שונה (ללא לעומת מחסנית).
5. **ישימות כתקדם:** לא סביר שבית המשפט יראה בתיק 1 תקדים רלוונטי לתיק 2, בעיקר בשל ההבדל המשמעותי בסוג העבירה (החזקה לעומת נשיאה/הובלה) ובחומרתה. העובדה שתיק 2 כולל הודאה בעבירה וגם תכנון מוקדם מחזקת את ההבדל.

SIMILARITY_SCORE: 25","ok",""
"SH-16-11-7544-55","SH-15-03-49530-992",3,1,1,"{""אופן החזקת הנשק"": ""על גופו"", ""כמות תחמושת"": ""מחסנית ובה 10 כדורים"", ""מספר עבירה"": ""144 א"", ""סוג הנשק [תת מקלע מאולתר]"": 1.0, ""סוג עבירה"": ""החזקה נשק"", ""סטטוס הנשק"": ""נשק מופרד מתחמושת"", ""תכנון"": ""לא"", ""תאריך האירוע"": ""26.10.16"", ""מיקום האירוע"": ""מחלף להב-שומריה, כביש 6 לכוון צפון"", ""סוג הרכב"": ""רכב פרטי"", ""זיהוי הנאשם"": ""על ידי שוטר"", ""שם השוטר"": ""מיכאל אדרי"", ""קוטר הקליעים"": ""9 מ\""מ"", ""שימוש"": ""לא""}","{""אופן החזקת הנשק"": ""מוסלק - מוסתר, סמוך לבית"", ""כמות תחמושת"": ""2 מחסניות"", ""מספר עבירה"": ""144 א"", ""סוג הנשק [תת מקלע מאולתר]"": 1.0, ""סוג עבירה"": ""החזקה נשק"", ""סטטוס הנשק"": ""נשק עם מחסנית בהכנס"", ""תכנון"": ""לא"", ""תאריך התחלת העבירה"": ""5.3.2015"", ""תאריך סיום העבירה"": ""11.3.2015"", ""מיקום החזקת הנשק"": ""גג מחסן סמוך לבית"", ""מקום מגורים"": ""ג'לג'וליה"", ""סוג הרובה"": ""קרל גוסטב"", ""קוטר כדורים במחסנית ראשונה"": ""לא צוין"", ""קוטר כדורים במחסנית שנייה"": ""9 מ\""מ"", ""קוטר כדורים בתפזורת"": ""5.56 מ\""מ"", ""שימוש"": ""לא""}",55.0,"1. **סוג העבירה וחומרתה:** שני התיקים עוסקים בעבירה של החזקת נשק (144א) ולכן זהים בסוג העבירה. עם זאת, חומרת העבירה יכולה להשתנות בהתאם לנסיבות נוספות, אך בשלב זה, ההחזקה בלבד מצביעה על רמת חומרה דומה.
2. **תפקיד הנאשם ומעורבותו:** בשני התיקים הנאשם הוא מחזיק בנשק, ולא סוחר או יזם. רמת המעורבות אינה מצוינת בפירוט, אך ניתן להניח שהיא פסיבית יחסית בהיעדר תכנון או שימוש בנשק.
3. **שיטת הביצוע (MO):** שיטת הביצוע שונה. תיק 1 כולל החזקה על הגוף, בעוד תיק 2 כולל הסלקה. זהו הבדל משמעותי בדרך ההחזקה.
4. **נסיבות הליבה:** בשני התיקים מדובר בתת מקלע מאולתר, אך תיק 2 כולל גם רובה קרל גוסטב. כמות התחמושת דומה (מחסנית אחת בתיק 1 ושתיים בתיק 2). העובדה שבתיק 2 הנשק היה עם מחסנית טעונה עשויה להחמיר את המצב.
5. **ישימות כתקדים:** בשל הדמיון בסוג העבירה (החזקה בלבד) ובנסיבות מסוימות (תת מקלע מאולתר), בית המשפט עשוי לראות בתיק 1 תקדים לתיק 2, אך ההבדלים בשיטת ההחזקה ובסוג הנשק הנוסף עשויים להפחית מהרלוונטיות שלו.

SIMILARITY_SCORE: 55","ok",""
"ME-16-11-13999-863","ME-21-10-18557-340",1,0,0,"{""אופן החזקת הנשק"": ""ברכב"", ""כמות תחמושת"": ""2 מחסניות"", ""מספר עבירה"": ""144 א, 144 ב"", ""סוג הנשק [אקדח]"": 1.0, ""סוג עבירה"": ""החזקה נשק, נשיאת נשק, הובלת נשק"", ""סטטוס הנשק"": ""נשק עם מחסנית בהכנס"", ""תכנון"": ""לא"", ""סוג הרכב"": ""מאזדה"", ""שותף לעבירה"": ""זבידאת סלאמה"", ""מיקום האירוע"": ""מסכנין לראמה"", ""זמן האירוע"": ""26.10.16 סמוך לשעה 20.00"", ""סוג האקדח"": ""STAR"", ""קליבר האקדח"": ""9 מ\""מ פאראבלום"", ""מספר כדורים במחסנית"": ""לא צוין מספר מדויק"", ""תיאור המעשה"": ""נסיעה לכיוון מחסום משטרתי, נסיעה לתוך תחנת דלק, נסיעה לכיוון היציאה מתחנת הדלק"", ""תגובה למחסום משטרתי"": ""פנייה לתוך תחנת דלק והמשך נסיעה"", ""שימוש"": ""לא""}","{""אופן החזקת הנשק"": ""ברכב, על גופו"", ""כמות תחמושת"": ""מחסנית + 2 כדורים"", ""מטרה-סיבת העבירה"": ""סכסוך"", ""מספר עבירה"": ""144 א, 144 ב"", ""סוג הנשק [תת מקלע מאולתר]"": 1.0, ""סוג עבירה"": ""החזקה נשק, נשיאת נשק, הובלת נשק"", ""סטטוס הנשק"": ""נשק עם כדור בקנה"", ""עבירות נוספות"": ""ירי מנשק חם"", ""שימוש"": ""כן,ירי"", ""תכנון"": ""לא"", ""סוג רכב הנאשם"": ""מאזדה בצבע כחול"", ""מיקום האירוע"": ""כפר אבו סנאן"", ""זמן האירוע"": ""16.9.2021, סמוך לשעה 19:00"", ""סוג רכב המטרה"": ""מאזדה לבנה"", ""מעורבים נוספים"": ""ג'יהאד סואעד, מוחמד פעאור"", ""כוונת הירי"": ""להפחיד או להקניט"", ""מיקום ישיבת הנאשם ברכב"": ""מושב נוסע"", ""מיקום ישיבת ג'יהאד ברכב"": ""מושב נהג"", ""מיקום ישיבת א' במאזדה"": ""מושב נוסע ליד הנהג"", ""מיקום ישיבת מוחמד פעאור במאזדה"": ""מושב נהג"", ""סוג הכדורים"": ""קליבר 9 מ\""מ"", ""סוג המחסנית"": ""מחסנית תואמת לתת מקלע"", ""מיקום הירי"": ""באזור מגורים"", ""סכנה פוטנציאלית"": ""סכנה לחיי אדם""}",45.0,"להלן ניתוח הדמיון המהותי בין שני התיקים, ממד אחר ממד:

1. **סוג העבירה וחומרתה:** שני התיקים עוסקים בעבירות של החזקה, נשיאה והובלה של נשק (144(א) ו-144(ב)). עם זאת, תיק 2 חמור יותר משמעותית בשל ביצוע ירי מנשק חם, מה שמייצר הבדל משמעותי ברמת החומרה.
2. **תפקיד הנאשם ומעורבותו:** בשני התיקים הנאשם נמצא ברכב עם נשק. בתיק 1, לא ברור אם הנאשם הוא הנהג או הנוסע, אך הוא נסע עם אדם נוסף. בתיק 2, הנאשם ישב במושב הנוסע בזמן שהאחר נהג, והיה מעורב ישירות בירי. תיק 2 מעיד על מעורבות אקטיבית יותר.
3. **שיטת הביצוע (MO):** בשני המקרים הנשק הוחזק ברכב. תיק 2 מוסיף אלמנט של ירי, ומיקום הירי באזור מגורים מעיד על דפוס פעולה מסוכן יותר.
4. **נסיבות הליבה:** שני התיקים כוללים החזקת נשק עם תחמושת. תיק 2 חמור יותר בשל הירי, הסכסוך שהוביל לירי, והסכנה לחיי אדם. הכמות תחמושת דומה, אך העובדה שבתיק 2 הנשק היה טעון עם כדור בקנה מגבירה את החומרה.
5. **ישימות כתקדים:** בשל החומרה המשמעותית של תיק 2 (הירי), סביר להניח שהוא לא ישמש כתקדים להקלה בענישה בתיק 1. תיק 1, לעומת זאת, עשוי לשמש כתקדים לתיקים דומים של החזקה ונשיאת נשק ברכב, אך לא לתיקים הכוללים ירי.

SIMILARITY_SCORE: 45","ok",""
"ME-16-10-12213-904","ME-16-01-189-123",3,1,1,"{""סוג רכב"": ""סובארו"", ""בעלות על הרכב"": ""רשום על שם אחיו, מג'ד"", ""מיקום החזקת הנשק"": ""מתחת לכיסא הנוסע שליד הנהג"", ""מיקום המחסנית"": ""מתחת לכיסא הנוסע שליד הנהג"", ""מקום מגורים"": ""אום-אל-פחם"", ""מקום החזקת הנשק"": ""בית אמו"", ""סוג התחמושת"": ""כדור 9 מ\""מ"", ""מקום התפיסה"": ""במוסך במורד הרחוב"", ""מספר עבירה"": ""144 ב"", ""סוג עבירה"": ""נשיאת נשק"", ""סוג הנשק [תת מקלע מאולתר]"": 1.0, ""סטטוס הנשק"": ""נשק מופרד מתחמושת"", ""תכנון"": ""כן"", ""אופן החזקת הנשק"": ""ברכב, מוסלק - מוסתר"", ""אופן קבלת הנשק"": ""מצא"", ""כמות תחמושת"": ""מחסנית ריקה ובה 0 כדורים + 1 כדור"", ""שימוש"": ""לא""}","{""אופן החזקת הנשק"": ""ברכב, מוסלק - מוסתר"", ""אופן קבלת הנשק"": ""רכש"", ""כמות תחמושת"": ""מחסנית ריקה ובה 0 כדורים + 50 כדורים"", ""מטרה-סיבת העבירה"": ""ציד"", ""מספר עבירה"": ""144 א, 144 ב"", ""סוג הנשק [תת מקלע מאולתר]"": 1.0, ""סוג עבירה"": ""נשיאת נשק, הובלת נשק, רכישת נשק"", ""סטטוס הנשק"": ""נשק מופרד מתחמושת"", ""עבירות נוספות"": ""קשירת קשר לסחר בסם מסוכן"", ""תכנון"": ""לא"", ""סוג הסם"": ""אקסטזי"", ""כמות הסם המבוקשת"": ""20-30 כדורים"", ""מחיר לכדור ברכישה קטנה"": ""50 ₪"", ""מחיר לכדור ברכישה גדולה"": ""35 ₪"", ""כמות כדורים ברכישה גדולה"": ""100 כדורים"", ""מיקום העבירה הראשונה"": ""לא ידוע"", ""מיקום העבירה השנייה"": ""טול-כרם"", ""מיקום המעצר"": ""מחסום תאנים"", ""זמן המעצר"": ""21:25"", ""סוג הנשק המדויק"": ""תת-מקלע מאולתר קרלו"", ""סוג התחמושת"": ""9 מ\""מ"", ""כמות התחמושת"": ""50 כדורים"", ""שימוש"": ""לא""}",65.0,"להלן ניתוח הדמיון המהותי בין שני התיקים, ממד אחר ממד:

1. **סוג העבירה וחומרתה:** שני התיקים עוסקים בעבירות נשיאת נשק (144ב). תיק 2 מוסיף גם הובלה ורכישה, מה שמגדיל את חומרת העבירה. עם זאת, הליבה של שני התיקים היא נשיאת נשק, ולכן הדמיון כאן גבוה.
2. **תפקיד הנאשם ומעורבותו:** בתיק 1 הנאשם מצא את הנשק, בתיק 2 הוא רכש אותו. רכישה מעידה על מעורבות אקטיבית יותר, בעוד שמציאה יכולה להצביע על מעורבות פסיבית יותר. זהו הבדל משמעותי.
3. **שיטת הביצוע (MO):** בשני התיקים הנשק מוסלק ברכב. זהו דפוס דומה מאוד, המצביע על שיטת ביצוע דומה.
4. **נסיבות הליבה:** שני התיקים כוללים תת מקלע מאולתר, תחמושת 9 מ""מ, ונשק מופרד מתחמושת. תיק 2 כולל כמות תחמושת גדולה משמעותית (50 כדורים לעומת כדור אחד בתיק 1). תיק 2 גם כולל מעורבות בסחר בסמים, מה שמוסיף נסיבה מחמירה.
5. **ישימות כתקדים:** בית המשפט עשוי לראות את שני התיקים כרלוונטיים זה לזה לצורכי ענישה, בעיקר בשל סוג העבירה (נשיאת נשק) ושיטת הביצוע (הסלקה ברכב). עם זאת, ההבדלים במעורבות הנאשם (מציאה לעומת רכישה) ובכמות התחמושת עשויים להשפיע על גזר הדין. העובדה שתיק 2 כולל גם סחר בסמים תרחיק אותו מלהוות תקדים ישיר לענישה בתיק 1.

SIMILARITY_SCORE: 65","ok",""
"SH-15-12-65958-120","ME-16-05-9983-155",2,0,1,"{""אופן החזקת הנשק"": ""בבית, מוסלק - מוסתר"", ""כמות תחמושת"": ""מחסנית ובה 8 כדורים + מחסנית ובה 15 כדורים + מחסנית ריקה ובה 0 כדורים + מחסנית ובה 6 כדורים"", ""מטרה-סיבת העבירה"": ""הגנה עצמית"", ""מספר עבירה"": ""144 א"", ""סוג הנשק [אקדח]"": 2.0, ""סוג הנשק [תת מקלע מאולתר]"": 1.0, ""סוג עבירה"": ""החזקה נשק"", ""סטטוס הנשק"": ""נשק עם מחסנית בהכנס"", ""תכנון"": ""כן"", ""תאריך העבירה"": ""24.12.15"", ""מיקום העבירה"": ""בית הנאשם בטייבה"", ""סוגי הנשק הנוספים"": ""אקדח זיג זאוור, קרלו"", ""קוטר תחמושת"": ""9 מ\""מ, 7.65 מ\""מ"", ""מספר נשקים"": 3, ""מספר מחסניות"": 4, ""שימוש"": ""לא""}","{""אופן החזקת הנשק"": ""מוסלק - מוסתר"", ""אופן קבלת הנשק"": ""מאחר"", ""כמות תחמושת"": ""מחסנית"", ""מספר עבירה"": ""144 א, 144 ב"", ""סוג הנשק [תת מקלע מאולתר]"": 1.0, ""סוג עבירה"": ""החזקה נשק, נשיאת נשק"", ""סטטוס הנשק"": ""נשק מופרד מתחמושת"", ""תכנון"": ""לא"", ""מחיר הנשק"": ""7300 שקלים"", ""תאריך העבירה"": ""אפריל 2016"", ""מיקום החזקת הנשק"": ""גג בית חבר"", ""מיקום קבלת הנשק"": ""ליד בית הנאשם"", ""משך החזקת הנשק"": ""כשבוע"", ""קשר עם קרוב משפחה"": ""קרוב משפחה רכש והעביר את הנשק"", ""שימוש"": ""לא""}",45.0,"להלן ניתוח הדמיון המהותי בין שני התיקים:

1. **סוג העבירה וחומרתה:** שני התיקים עוסקים בעבירות נשק, אך תיק 2 כולל גם נשיאת נשק (144(ב)) בנוסף להחזקה (144(א)), מה שמגדיל את חומרתו. תיק 1 מתמקד בהחזקה בלבד.
2. **תפקיד הנאשם ומעורבותו:** בתיק 1 הנאשם מחזיק בנשק בביתו, מה שמרמז על שליטה ובעלות. בתיק 2 הנאשם קיבל את הנשק מאחר, מה שמצביע על תפקיד פסיבי יותר, לפחות מבחינת ההשגה.
3. **שיטת הביצוע (MO):** בשני התיקים הנשק מוסלק ומוסתר. עם זאת, בתיק 2 יש אלמנט של העברה בין אנשים, שלא קיים בתיק 1.
4. **נסיבות הליבה:** שני התיקים כוללים תת מקלע מאולתר. תיק 1 כולל כמות תחמושת גדולה יותר ומספר נשקים גבוה יותר. תיק 1 מציין תכנון, בעוד שתיק 2 לא. המטרה בתיק 1 היא הגנה עצמית, בעוד שבתיק 2 המטרה אינה מפורטת.
5. **ישימות כתקדם:** בשל העובדה שתיק 2 כולל גם נשיאת נשק, הוא חמור יותר מתיק 1. בית המשפט עשוי להתייחס לתיק 1 כבעל משקל מועט יותר לצורך גזירת דין בתיק 2, במיוחד בכל הנוגע לענישה על סעיף הנשיאה. העובדה ששניהם עוסקים בהחזקה של תת מקלע מאולתר יכולה להוות נקודת השקה מסוימת.

SIMILARITY_SCORE: 45","ok",""
"ME-18-04-19642-504","ME-16-07-45228-25",1,0,0,"{""אופן החזקת הנשק"": ""ברכב, על גופו"", ""כמות תחמושת"": ""2 מחסניות, 40 כדורים"", ""מטרה-סיבת העבירה"": ""אלימות כלפי נשים"", ""מספר עבירה"": ""144 א, 144 ב"", ""סוג הנשק [אקדח]"": 1.0, ""סוג עבירה"": ""נשיאת נשק, הובלת נשק"", ""סטטוס הנשק"": ""נשק עם כדור בקנה"", ""עבירות נוספות"": ""במעשי פזיזות ורשלנות, לפי ס' 338(א)(5) לחוק."", ""שימוש"": ""כן,ירי"", ""תכנון"": ""לא"", ""מיקום האירוע"": ""יער הסמוך לכפר קרע"", ""תאריך האירוע"": ""1.4.18"", ""זמן האירוע"": ""17:00"", ""השפעת אלכוהול"": ""הנאשם היה תחת השפעת משקאות אלכוהוליים"", ""זיכרון הנאשם"": ""הנאשם אינו זוכר את כל פרטי האירוע"", ""מספר יריות"": ""11 יריות באוויר"", ""אופן השימוש בנשק"": ""שליפה והצגה לפני ר.ק. וירי באוויר"", ""התנהלות במהלך המעצר"": ""ניסיון להימלט, השלכת הנשק תחת מושב הרכב"", ""מערכת יחסים עם המתלוננת"": ""הנאשם ור.ק. היו זוג לפני האירוע"", ""סכסוך עם המתלוננת"": ""סכסוך כשבועיים לפני האירוע""}","{""מיקום האירוע"": ""כפר זלפה"", ""זמן האירוע"": ""שעת ליל"", ""תאריך האירוע"": ""19.7.16"", ""פעולת הנאשם בעת גילוי"": ""ניסיון להימלט מהשוטרים"", ""מקום החביית הנשק"": ""תחת שמיכה על מזרן בחדר"", ""מספר עבירה"": ""144 ב"", ""סוג עבירה"": ""נשיאת נשק"", ""סוג הנשק [אקדח]"": 1.0, ""סטטוס הנשק"": ""נשק עם מחסנית בהכנס"", ""תכנון"": ""כן"", ""אופן החזקת הנשק"": ""בבית, על גופו, מוסלק - מוסתר"", ""כמות תחמושת"": ""מחסנית ובה 10 כדורים"", ""שימוש"": ""לא""}",45.0,"להלן ניתוח הדמיון המהותי בין שני התיקים:

1. **סוג העבירה וחומרתה:** שני התיקים עוסקים בעבירות נשיאת נשק (144 ב' בתיק 2, וגם 144 ב' בתיק 1 בנוסף ל-144 א'). תיק 1 חמור יותר בשל השימוש בנשק וירי בפועל, וכן בשל העבירות הנלוות של פזיזות ורשלנות.
2. **תפקיד הנאשם ומעורבותו:** בשני התיקים הנאשם מחזיק בנשק על גופו. בתיק 1 יש מעורבות אקטיבית יותר - ירי באוויר, בעוד שבתיק 2 מדובר בהחזקה והסלקה.
3. **שיטת הביצוע (MO):** בשני המקרים הנשק הוחזק על גופו של הנאשם, אך אופן ההסלקה שונה (ברכב בתיק 1, מתחת לשמיכה בתיק 2). תיק 1 כולל גם מרדף משטרתי לאחר ניסיון הימלטות, בדומה לתיק 2.
4. **נסיבות הליבה:** הכמות תחמושת שונה (40 כדורים בתיק 1 לעומת 10 בתיק 2). בתיק 1 יש שימוש בנשק וירי, בעוד שבתיק 2 לא נעשה שימוש. תיק 1 כולל נסיבות מחמירות (אלימות כלפי אישה, השפעת אלכוהול, ירי באוויר), בעוד שבתיק 2 הנסיבות פחות ברורות. תיק 1 כולל תכנון מועט, בעוד שבתיק 2 יש תכנון מובהק.
5. **ישימות כתקדים:** בית המשפט עשוי להתייחס לתיק 2 כבעל רלוונטיות מסוימת לתיק 1, בעיקר בכל הנוגע לענישת עבירת נשיאת הנשק הבסיסית (144 ב'). עם זאת, החומרה הרבה יותר של תיק 1 (שימוש בנשק, ירי, אלימות כלפי אישה) תבלוט ותשפיע על גזר הדין באופן משמעותי. תיק 1 לא יהווה תקדים טוב לתיק 2, בשל החומרה הרבה יותר.

SIMILARITY_SCORE: 45","ok",""
"ME-15-03-29911-554","ME-16-02-18397-87",1,0,0,"{""אופן החזקת הנשק"": ""ברכב, על גופו"", ""כמות תחמושת"": ""מחסנית ובה 12 כדורים, מחסנית, 20 כדורים, 24 כדורים"", ""מספר עבירה"": ""144 א, 144 ב"", ""סוג הנשק [אקדח]"": 1.0, ""סוג עבירה"": ""ביצוע עבירות בנשק"", ""סטטוס הנשק"": ""נשק עם כדור בקנה"", ""שימוש"": ""כן,ירי"", ""תכנון"": ""לא"", ""מיקום האירועים"": ""פוריידיס, חווה בבעלות הנאשם, שכונות מגורים, ליד מגרש בית הספר התיכון"", ""זמן האירועים"": ""5.3.15, שעות הערב, סמוך לשעה 19:00, סמוך לשעה 19:14"", ""סוג האקדח"": ""יריחו"", ""מספר כדורים שנורו"": ""מספר רב של כדורים, שני כדורים נוספים"", ""התנהלות במהלך האירוע"": ""ירי בשטח חווה, ירי במהלך נסיעה ברכב, ירי ליד מגרש בית הספר"", ""מעורבות אדם נוסף"": ""אדם נוסף נוהג ברכב, זהותו אינה ידועה למאשימה""}","{""אופן החזקת הנשק"": ""ברכב, מוסלק - מוסתר"", ""כמות תחמושת"": ""כדורים"", ""מספר עבירה"": ""144 ב"", ""סוג הנשק [אקדח]"": 1.0, ""סוג עבירה"": ""נשיאת נשק, הובלת נשק"", ""סטטוס הנשק"": ""תקול"", ""עבירות נוספות"": ""נהיגה ללא רישיון, נהיגה ללא ביטוח וללא רישיון רכב"", ""תכנון"": ""לא"", ""מיקום האירוע"": ""לפני הכניסה לכפר דבוריה"", ""תגובת הנאשם לבדיקת שוטרים"": ""סירוב לפתוח את תא האופנוע"", ""אופן גילוי הנשק"": ""בחיפוש על גופו ובתא האופנוע"", ""פרטי הנשק"": ""חסר חלק פנימי לפעולת ירי"", ""סוג הרכב"": ""קטנוע"", ""שימוש"": ""לא""}",35.0,"1. **סוג העבירה וחומרתה:** שני התיקים עוסקים בעבירות נשק, אך תיק 1 כולל גם ירי בפועל, מה שמגדיל משמעותית את חומרתו. תיק 2 מתמקד בהחזקה והובלה של נשק תקול.
2. **תפקיד הנאשם ומעורבותו:** בתיק 1 הנאשם יורה בפועל, מעורבות פעילה ומשמעותית. בתיק 2 הנאשם מחזיק בנשק מוסלק, ייתכן כתפקיד של הובלה אך לא בהכרח יזום.
3. **שיטת הביצוע (MO):** בשני התיקים הנשק נמצא ברכב, אך בתיק 1 מדובר בהחזקה גלויה ואף שימוש, בעוד שבתיק 2 הנשק מוסלק. דפוס ההתנהגות שונה באופן מהותי.
4. **נסיבות הליבה:** תיק 1 כולל שימוש בנשק, ירי, כמות תחמושת גדולה יחסית, וירי בשטח ציבורי (ליד בית ספר). תיק 2 עוסק בנשק תקול, ללא שימוש, וכמות התחמושת אינה מפורטת.
5. **ישימות כתקדם:** בשל חומרת העבירה בתיק 1 (ירי) והשימוש בנשק, סביר להניח שבית המשפט לא יראה בתיק 2 תקדים רלוונטי לצורך ענישה בתיק 1. תיק 2 עשוי לשמש כתקדים לתיקים דומים של החזקה והובלה של נשק תקול, אך לא לתיקים הכוללים שימוש בנשק.

SIMILARITY_SCORE: 35","ok",""
"ME-16-11-69158-529","ME-16-01-3772-806",3,1,1,"{""אופן החזקת הנשק"": ""ברכב, מוסלק - מוסתר, סמוך לבית"", ""כמות תחמושת"": ""מחסנית"", ""מטרה-סיבת העבירה"": ""חתונה"", ""מספר עבירה"": ""144 ב"", ""סוג הנשק [תת מקלע]"": 1.0, ""סוג עבירה"": ""נשיאת נשק"", ""סטטוס הנשק"": ""נשק עם כדור בקנה"", ""עבירות נוספות"": ""ירי באזור מגורים"", ""שימוש"": ""כן,ירי"", ""תכנון"": ""כן"", ""סוג תחמושת"": ""9 מ\""מ"", ""מיקום האירוע"": ""רחבת בית משפחת ג'בארה, טייבה"", ""זמן האירוע"": ""21:00"", ""מיקום החזקת הנשק לפני השימוש"": ""טמון באדמה"", ""מיקום החזקת הנשק לאחר השימוש"": ""מתחת למושב הנהג ובשקית מתחת למושב סמוך"", ""סוג האירוע"": ""משפחתי""}","{""אופן החזקת הנשק"": ""מוסלק - מוסתר, סמוך לבית"", ""אופן קבלת הנשק"": ""רכש"", ""כמות תחמושת"": ""מחסנית"", ""מספר עבירה"": ""144 א, 144 ב"", ""סוג הנשק [רובה סער ]"": 1.0, ""סוג הנשק [תת מקלע מאולתר]"": 1.0, ""סוג עבירה"": ""החזקה נשק, נשיאת נשק, הובלת נשק"", ""סטטוס הנשק"": ""נשק עם כדור בקנה"", ""שימוש"": ""לא"", ""תכנון"": ""לא"", ""מיקום האירועים"": ""אלרוחה, מעאוויה"", ""שותף לעבירות"": ""מחמד ג'בארין"", ""תאריך תפיסת הנשק"": ""20.12.15"", ""כמות כדורים שנורתה"": ""כ-20 כדורים"", ""מיקום תפיסת הנשק"": ""בסמוך לבית הנאשם"", ""סוג תחמושת"": ""כדורים""}",65.0,"להלן ניתוח הדמיון המהותי בין שני התיקים:

1. **סוג העבירה וחומרתה:** שני התיקים עוסקים בעבירות נשק לפי חוק העונשין, אך תיק 1 מתמקד בנשיאה ושימוש (144ב) עם עבירה נלווית של ירי, בעוד תיק 2 כולל גם החזקה (144א) והובלה. חומרת תיק 1 גבוהה יותר בשל השימוש בנשק וירי באזור מגורים.
2. **תפקיד הנאשם ומעורבותו:** בתיק 1 הנאשם השתמש בנשק באופן פעיל, וירי באזור מגורים מעיד על מעורבות ישירה באירוע. בתיק 2, המעורבות פחות ברורה - רכישה והחזקה, אך לא שימוש. ייתכן שמדובר בשליח או מחזיק, ולא יזם.
3. **שיטת הביצוע (MO):** בשני התיקים הנשק הוסלק בסמוך לבית. עם זאת, בתיק 1 הנשק הוסתר ברכב לאחר השימוש, בעוד בתיק 2 תפיסת הנשק הייתה בסמוך לבית הנאשם.
4. **נסיבות הליבה:** בשני התיקים מדובר בתחמושת למקלע (תת מקלע או רובה סער), והנשק היה טעון. תיק 1 כולל ירי של כמות לא מבוטלת של כדורים (לא מצוין מספר מדויק) בנסיבות מחמירות (חתונה, אזור מגורים). תיק 2 מתאר רכישה ללא שימוש מיידי.
5. **ישימות כתקדים:** בשל השימוש בנשק וירי באזור מגורים בתיק 1, הוא עשוי לשמש כתקדים לענישה בתיקים דומים של נשיאת נשק ושימוש בו. תיק 2, עם דגש על החזקה והובלה ללא שימוש, פחות רלוונטי כתקדים לתיק 1, אך עשוי להיות רלוונטי לתיקים אחרים של החזקה בלבד.

SIMILARITY_SCORE: 65","ok",""
"ME-17-02-54432-484","ME-16-05-25902-514",3,1,1,"{""אופן החזקת הנשק"": ""ברכב, על גופו"", ""כמות תחמושת"": ""מחסנית ובה 7 כדורים"", ""מטרה-סיבת העבירה"": ""הגנה עצמית"", ""מספר עבירה"": ""144 א, 144 ב"", ""סוג הנשק [אקדח]"": 1.0, ""סוג עבירה"": ""החזקה נשק, נשיאת נשק"", ""סטטוס הנשק"": ""נשק עם מחסנית בהכנס"", ""תכנון"": ""כן"", ""סוג האקדח"": ""ברטה"", ""מספר סידורי של האקדח"": ""82233"", ""קליבר הכדורים"": ""0.22 מ\""מ"", ""מיקום החזקת הנשק"": ""סמוך לבית הנאשם"", ""תאריך החזקת הנשק"": ""מאז ועד יום 16.02.17"", ""מסלול הנסיעה"": ""מכפר קאסם לנהריה"", ""סוג הרכב"": ""מאזדה"", ""שמות הנוסעים ברכב"": ""אחמד עיסא, עותמאן עיסא, מגארי יאסין"", ""מיקום התפיסה"": ""צומת הרחובות הגעתון והרצל בנהריה"", ""שעת התפיסה"": ""סמוך לפני השעה 16:00"", ""שימוש"": ""לא""}","{""אופן החזקת הנשק"": ""בבית, על גופו"", ""אופן קבלת הנשק"": ""רכש"", ""כמות תחמושת"": ""מחסנית ובה 7 כדורים"", ""מטרה-סיבת העבירה"": ""הגנה עצמית"", ""מספר עבירה"": ""144 א, 144 ב"", ""סוג הנשק [אקדח]"": 1.0, ""סוג עבירה"": ""החזקה נשק, נשיאת נשק"", ""סטטוס הנשק"": ""נשק עם מחסנית בהכנס"", ""תכנון"": ""לא"", ""תאריך גניבת הנשק"": ""31.12.13"", ""מקום גניבת הנשק"": ""מביתו של דינו תמאם"", ""תאריך רכישת הנשק"": ""במהלך חודש פברואר 2016"", ""מקום החזקת הנשק"": ""במקלט ביתו בקלנסוואה"", ""תאריך נשיאת הנשק לעבודה"": ""מחודש פברואר 2016 ועד ליום 8.5.16"", ""שעה בה נשא הנאשם את הנשק"": ""בסמוך לשעה 06:00"", ""מספר סידורי של הנשק"": ""682663"", ""סוג הנשק"": ""אקדח מסוג ברטה"", ""שימוש"": ""לא""}",75.0,"להלן ניתוח הדמיון המהותי בין שני התיקים:

1. **סוג העבירה וחומרתה:** שני התיקים עוסקים בעבירות של החזקת נשק (144(א)) ונשיאת נשק (144(ב)). רמת החומרה דומה, שכן מדובר בהחזקה של אקדח טעון.
2. **תפקיד הנאשם ומעורבותו:** בשני התיקים הנאשם הוא המחזיק והנושא את הנשק. עם זאת, בתיק 1 יש מעורבות נוספת של נוסעים ברכב, מה שעשוי להעיד על תפקיד רחב יותר (אפשרי, אך לא ודאי).
3. **שיטת הביצוע (MO):** בשני התיקים הנשק הוחזק טעון ונגיש (על הגוף או ברכב). הדמיון בשיטת הביצוע גבוה, שכן מדובר בנשיאת נשק טעון באופן המאפשר שימוש מיידי.
4. **נסיבות הליבה:** בשני התיקים מדובר באקדח ברטה עם מחסנית מלאה (7 כדורים). המטרה המוצהרת בשני המקרים היא הגנה עצמית. ההבדל העיקרי הוא בנסיבות התכנון - תיק 1 מציין תכנון, בעוד תיק 2 לא.
5. **ישימות כתקדים:** בהתחשב בדמיון בסוג העבירה, בנסיבות ההחזקה והנשיאה, ובכמות התחמושת, בית המשפט עשוי לראות בתיק 1 תקדים רלוונטי לתיק 2, בעיקר לצורך גזירת העונש. עם זאת, העובדה שתיק 1 כולל מעורבות של נוסעים ברכב ותכנון מראש עשויה להוביל להבחנה בענישה.

SIMILARITY_SCORE: 75","ok",""
"SH-17-10-10556-234","ME-09-06-10774-130",2,0,1,"{""אופן החזקת הנשק"": ""מוסלק - מוסתר, סמוך לבית"", ""כמות תחמושת"": ""מחסנית ובה 10 כדורים"", ""מספר עבירה"": ""144 א"", ""סוג הנשק [אקדח]"": 2.0, ""סוג עבירה"": ""החזקה נשק"", ""סטטוס הנשק"": ""נשק עם מחסנית בהכנס"", ""תכנון"": ""לא"", ""קוטר הכדורים"": ""8 מ\""מ"", ""מיקום החזקת הנשק"": ""בתוך שקית בחצר, מתחת למזרון בערימת זבל"", ""מרחק החזקת הנשק מהבית"": ""כ-100 מטרים"", ""מצב המחסנית הנוספת"": ""לא טעונה"", ""שימוש"": ""לא""}","{""אופן החזקת הנשק"": ""ברכב"", ""מספר עבירה"": ""144 א, 144 ב"", ""סוג הנשק [אקדח]"": 1.0, ""סוג עבירה"": ""החזקה נשק, נשיאת נשק"", ""סטטוס הנשק"": ""תקין"", ""תכנון"": ""לא"", ""מותג הנשק"": ""ברטה"", ""מיקום האירוע"": ""כפר מושרייפה"", ""שימוש"": ""לא"", ""כמות תחמושת"": ""ללא""}",35.0,"להלן ניתוח הדמיון המהותי בין שני התיקים:

1. **סוג העבירה וחומרתה:** שני התיקים עוסקים בעבירות נשק, אך תיק 2 חמור יותר משמעותית, שכן הוא כולל גם נשיאה/הובלה של נשק (144(ב)) בנוסף להחזקה (144(א)). תיק 1 מתייחס רק להחזקה.

2. **תפקיד הנאשם ומעורבותו:** בשני התיקים לא מצוין תפקיד הנאשם (יזם/שליח). עם זאת, עצם ההחזקה, גם אם לא ברור אם היא פעילה או פסיבית, מצביעה על מעורבות ישירה.

3. **שיטת הביצוע (MO):** שיטות ההחזקה שונות מאוד - הסלקה מוסתרת בחצר לעומת החזקה ברכב. זהו הבדל משמעותי בדפוס הפעולה.

4. **נסיבות הליבה:** תיק 1 כולל תחמושת (10 כדורים) ונשק עם מחסנית הכנסה, בעוד בתיק 2 אין תחמושת כלל. העובדה שתיק 1 כולל תחמושת מגבירה את החומרה שלו, אך עדיין הוא פחות חמור מתיק 2 הכולל גם נשיאה.

5. **ישימות כתקדים:** בשל השוני המשמעותי בסוג העבירה (הוספת 144(ב) בתיק 2) ובשיטת הביצוע, סביר להניח שבית המשפט יראה את תיק 1 כפחות רלוונטי לצורכי ענישה בתיק 2. תיק 1 עשוי לשמש כנקודת התחלה, אך לא כתקדים ישיר.

SIMILARITY_SCORE: 35","ok",""
"sh-10-05-7434-952","ME-21-10-18557-340",1,0,0,"{""אופן החזקת הנשק"": ""בבית, מוסלק - מוסתר"", ""כמות תחמושת"": ""מחסנית"", ""מספר עבירה"": ""144 א"", ""סוג הנשק [אקדח]"": 2.0, ""סוג עבירה"": ""החזקה נשק"", ""סטטוס הנשק"": ""נשק מופרד מתחמושת"", ""תכנון"": ""לא"", ""שם הנאשם"": ""איגור בן סמיון סבובסקי"", ""שנת לידה"": 1961, ""תאריך העבירה"": ""14.4.10"", ""כתובת האירוע"": ""רחוב אורלנסקי 11, פתח תקווה"", ""סוגי האקדחים"": [""ברטה חצי אוטומטי"", ""לאמה חצי אוטומטי""], ""שימוש"": ""לא""}","{""אופן החזקת הנשק"": ""ברכב, על גופו"", ""כמות תחמושת"": ""מחסנית + 2 כדורים"", ""מטרה-סיבת העבירה"": ""סכסוך"", ""מספר עבירה"": ""144 א, 144 ב"", ""סוג הנשק [תת מקלע מאולתר]"": 1.0, ""סוג עבירה"": ""החזקה נשק, נשיאת נשק, הובלת נשק"", ""סטטוס הנשק"": ""נשק עם כדור בקנה"", ""עבירות נוספות"": ""ירי מנשק חם"", ""שימוש"": ""כן,ירי"", ""תכנון"": ""לא"", ""סוג רכב הנאשם"": ""מאזדה בצבע כחול"", ""מיקום האירוע"": ""כפר אבו סנאן"", ""זמן האירוע"": ""16.9.2021, סמוך לשעה 19:00"", ""סוג רכב המטרה"": ""מאזדה לבנה"", ""מעורבים נוספים"": ""ג'יהאד סואעד, מוחמד פעאור"", ""כוונת הירי"": ""להפחיד או להקניט"", ""מיקום ישיבת הנאשם ברכב"": ""מושב נוסע"", ""מיקום ישיבת ג'יהאד ברכב"": ""מושב נהג"", ""מיקום ישיבת א' במאזדה"": ""מושב נוסע ליד הנהג"", ""מיקום ישיבת מוחמד פעאור במאזדה"": ""מושב נהג"", ""סוג הכדורים"": ""קליבר 9 מ\""מ"", ""סוג המחסנית"": ""מחסנית תואמת לתת מקלע"", ""מיקום הירי"": ""באזור מגורים"", ""סכנה פוטנציאלית"": ""סכנה לחיי אדם""}",25.0,"ניתוח הדמיון המהותי בין שני התיקים:

1. **סוג העבירה וחומרתה:** שני התיקים עוסקים בעבירות נשק, אך תיק 2 חמור משמעותית. תיק 1 הוא החזקה בלבד (144(א)), בעוד תיק 2 כולל גם נשיאה והובלה (144(ב)) וכן עבירת ירי מנשק חם. חומרת העבירה בתיק 2 גבוהה בהרבה.

2. **תפקיד הנאשם ומעורבותו:** בתיק 1 הנאשם החזיק בנשק מוסלק בביתו, מעורבות יחסית פסיבית. בתיק 2 הנאשם נשא את הנשק ברכב, השתמש בו לירי, ופעל במסגרת סכסוך עם מעורבים נוספים - מעורבות פעילה ומשמעותית הרבה יותר.

3. **שיטת הביצוע (MO):** שיטת הביצוע שונה מאוד. תיק 1 מתייחס להחזקה נסתרת בבית, בעוד תיק 2 מתייחס לנשיאת נשק ברכב, שימוש בו בירי, וקשר לסכסוך. אין דמיון משמעותי בדפוסי הפעולה.

4. **נסיבות הליבה:** תיק 1 כולל מחסנית אחת, נשק מופרד מתחמושת, ללא שימוש בנשק. תיק 2 כולל מחסנית וכדורים, נשק טעון, שימוש בירי, סכסוך, ירי באזור מגורים וסכנה לחיי אדם. הנסיבות בתיק 2 מחמירות באופן משמעותי.

5. **ישימות כתקדים:** לא סביר שבית משפט יראה בתיק 1 תקדים רלוונטי לתיק 2. העובדה ששניהם עוסקים בעבירות נשק אינה מספיקה, לאור ההבדלים המשמעותיים בחומרת העבירה, בתפקיד הנאשם, בשיטת הביצוע ובנסיבות הליבה. תיק 1 (החזקה בלבד) כמעט אף פעם לא ישמש כתקדים לתיק הכולל נשיאה, הובלה וירי.

SIMILARITY_SCORE: 25","ok",""
"SH-10-02-25802-731","ME-13-04-35007-454",1,0,0,"{""אופן החזקת הנשק"": ""בבית"", ""מספר עבירה"": ""144 א"", ""סוג הנשק [רובה צייד]"": 1.0, ""סוג עבירה"": ""החזקה נשק"", ""סטטוס הנשק"": ""תקול"", ""עבירות נוספות"": ""החזקת חלק-אבזר תחמושת של כלי נשק"", ""תכנון"": ""לא"", ""תאריך העבירה"": ""16/07/09"", ""שעת העבירה"": ""11:00"", ""מיקום העבירה"": ""כפר מגדל שמס"", ""סוג התחמושת"": ""כדור רובה צייד"", ""פוטנציאל הריגה"": ""כלי נשק ותחמושת בעלי כוח להמית אדם"", ""שימוש"": ""לא"", ""כמות תחמושת"": ""ללא""}","{""אופן החזקת הנשק"": ""על גופו"", ""מטרה-סיבת העבירה"": ""סכסוך"", ""מספר עבירה"": ""144 א, 144 ב"", ""סוג הנשק [אקדח]"": 1.0, ""סוג עבירה"": ""החזקה נשק, נשיאת נשק"", ""סטטוס הנשק"": ""נשק עם מחסנית בהכנס"", ""תכנון"": ""כן"", ""תאריך האירוע"": ""6/4/13"", ""שעת האירוע"": ""16:30"", ""מיקום האירוע"": ""מרכז הכפר דבוריה"", ""התנהלות הנאשם לאחר האירוע"": ""נמלט במהירות מהמקום"", ""מטרת הנשיאה"": ""להפחיד אחרים מעורבים בסכסוך"", ""שימוש"": ""לא"", ""כמות תחמושת"": ""ללא""}",25.0,"להלן ניתוח הדמיון המהותי בין שני התיקים:

1. **סוג העבירה וחומרתה:** שני התיקים עוסקים בעבירות נשק, אך תיק 2 חמור יותר משמעותית. תיק 1 מתייחס להחזקה בלבד (144(א)), בעוד תיק 2 כולל גם נשיאה (144(ב)), מה שמצביע על סיכון גבוה יותר.

2. **תפקיד הנאשם ומעורבותו:** בתיק 1 הנאשם החזיק את הנשק בביתו, מה שמרמז על מעורבות פסיבית יחסית. בתיק 2, הנאשם נשא את הנשק על גופו, במטרה להפחיד אחרים, מה שמצביע על מעורבות אקטיבית וכוונת שימוש.

3. **שיטת הביצוע (MO):** שיטת הביצוע שונה מאוד. תיק 1 מתייחס להחזקה בבית, בעוד תיק 2 מתייחס לנשיאה במרחב הציבורי, תוך ניסיון התחמקות.

4. **נסיבות הליבה:** תיק 1 מתייחס לנשק תקול וללא תחמושת, בעוד תיק 2 מתייחס לנשק תקין עם מחסנית מלאה, שנשא מתוך מטרה להפחיד. תיק 2 כולל גם נסיבות מחמירות של סכסוך ותכנון מראש.

5. **ישימות כתקדים:** לא סביר שבית המשפט יראה בתיק 1 תקדים רלוונטי לתיק 2. העובדה שתיק 2 כולל נשיאת נשק (144(ב)) והנסיבות המחמירות שלו (סכסוך, תכנון, נשיאה במרחב ציבורי) מייחדות אותו באופן משמעותי מתיק 1, העוסק בהחזקה בלבד של נשק תקול.

SIMILARITY_SCORE: 25","ok",""
"ME-16-10-12213-904","ME-15-02-9111-399",1,0,0,"{""סוג רכב"": ""סובארו"", ""בעלות על הרכב"": ""רשום על שם אחיו, מג'ד"", ""מיקום החזקת הנשק"": ""מתחת לכיסא הנוסע שליד הנהג"", ""מיקום המחסנית"": ""מתחת לכיסא הנוסע שליד הנהג"", ""מקום מגורים"": ""אום-אל-פחם"", ""מקום החזקת הנשק"": ""בית אמו"", ""סוג התחמושת"": ""כדור 9 מ\""מ"", ""מקום התפיסה"": ""במוסך במורד הרחוב"", ""מספר עבירה"": ""144 ב"", ""סוג עבירה"": ""נשיאת נשק"", ""סוג הנשק [תת מקלע מאולתר]"": 1.0, ""סטטוס הנשק"": ""נשק מופרד מתחמושת"", ""תכנון"": ""כן"", ""אופן החזקת הנשק"": ""ברכב, מוסלק - מוסתר"", ""אופן קבלת הנשק"": ""מצא"", ""כמות תחמושת"": ""מחסנית ריקה ובה 0 כדורים + 1 כדור"", ""שימוש"": ""לא""}","{""אופן החזקת הנשק"": ""על גופו"", ""כמות תחמושת"": ""מחסנית ובה 13 כדורים"", ""מספר עבירה"": ""144 א"", ""סוג הנשק [אקדח]"": 1.0, ""סטטוס הנשק"": ""נשק מופרד מתחמושת"", ""תכנון"": ""לא"", ""תאריך העבירה"": ""25.1.15"", ""שעת העבירה"": ""סמוך לשעה 15:00"", ""מיקום העבירה"": ""כפר בענה"", ""סיבת הגעת השוטרים"": ""לעכב את יוסף חסארמה לחקירה"", ""פעולת הנאשם בעת העבירה"": ""מנוסה מהשוטרים"", ""סוג האקדח"": ""FN"", ""מספר האקדח"": ""74423"", ""סוג התחמושת"": ""9 מ\""מ"", ""פעולה במהלך המנוסה"": ""זריקת האקדח והמחסנית"", ""שימוש"": ""לא""}",35.0,"להלן ניתוח הדמיון המהותי בין שני התיקים הפליליים:

1. **סוג העבירה וחומרתה:** תיק 1 עוסק בעבירה של נשיאת נשק (144(ב)), חמורה יותר מהחזקת נשק (144(א)) בתיק 2. ההבדל בסוג העבירה הוא משמעותי ומשפיע על הערכת הדמיון.
2. **תפקיד הנאשם ומעורבותו:** בתיק 1 הנאשם מצא את הנשק והחזיק בו ברכב, מה שמרמז על מעורבות מסוימת, גם אם לא יזם את ההחזקה. בתיק 2 הנאשם נמלט מהשוטרים תוך שהוא מחזיק באקדח, מה שמצביע על מעורבות אקטיבית יותר וניסיון להתחמק מחקירה.
3. **שיטת הביצוע (MO):** בשני התיקים הנשק הוחזק באופן לא חוקי, אך אופן ההחזקה שונה - מוסלק ברכב בתיק 1, ועל הגוף בתיק 2. פעולת הזריקה בתיק 2 מוסיפה אלמנט של התנגדות לרשויות.
4. **נסיבות הליבה:** שני התיקים עוסקים בתחמושת 9 מ""מ, אך הכמות שונה (מחסנית ריקה וכדור אחד בתיק 1, מחסנית מלאה בתיק 2). תיק 1 מציין תכנון מראש, בעוד שתיק 2 מתאר אירוע ספונטני. העובדה שבתיק 1 הנשק היה מופרד מהתחמושת היא פרט רלוונטי, אך לא מכריע.
5. **ישימות כתקדים:** בשל ההבדל המשמעותי בסוג העבירה (144(ב) לעומת 144(א)), סביר שבית המשפט לא יראה בתיק 2 תקדים רלוונטי לתיק 1. תיק 1, העוסק בנשיאה, עשוי לשמש תקדים לתיקים אחרים של נשיאה, אך לא להחזקה בלבד.

SIMILARITY_SCORE: 35","ok",""
"ME-16-05-25902-514","SH-11-01-41775-497",3,1,1,"{""אופן החזקת הנשק"": ""בבית, על גופו"", ""אופן קבלת הנשק"": ""רכש"", ""כמות תחמושת"": ""מחסנית ובה 7 כדורים"", ""מטרה-סיבת העבירה"": ""הגנה עצמית"", ""מספר עבירה"": ""144 א, 144 ב"", ""סוג הנשק [אקדח]"": 1.0, ""סוג עבירה"": ""החזקה נשק, נשיאת נשק"", ""סטטוס הנשק"": ""נשק עם מחסנית בהכנס"", ""תכנון"": ""לא"", ""תאריך גניבת הנשק"": ""31.12.13"", ""מקום גניבת הנשק"": ""מביתו של דינו תמאם"", ""תאריך רכישת הנשק"": ""במהלך חודש פברואר 2016"", ""מקום החזקת הנשק"": ""במקלט ביתו בקלנסוואה"", ""תאריך נשיאת הנשק לעבודה"": ""מחודש פברואר 2016 ועד ליום 8.5.16"", ""שעה בה נשא הנאשם את הנשק"": ""בסמוך לשעה 06:00"", ""מספר סידורי של הנשק"": ""682663"", ""סוג הנשק"": ""אקדח מסוג ברטה"", ""שימוש"": ""לא""}","{""תקופת החזקת הנשק"": ""כשנה וחצי"", ""תאריך תחילת החזקת הנשק"": ""1.6.08"", ""סוג עבירה"": ""החזקה נשק, נשיאת נשק"", ""סוג הנשק [אקדח]"": 1.0, ""סטטוס הנשק"": ""נשק מופרד מתחמושת"", ""תכנון"": ""לא"", ""אופן החזקת הנשק"": ""בבית, ברכב"", ""כמות תחמושת"": ""מחסנית ריקה ובה 0 כדורים + 34 כדורים"", ""מטרה-סיבת העבירה"": ""הגנה עצמית"", ""שימוש"": ""לא""}",65.0,"להלן ניתוח הדמיון המהותי בין שני התיקים:

1. **סוג העבירה וחומרתה:** שני התיקים עוסקים בעבירות של החזקת נשק (144א) ונשיאת נשק (144ב). רמת החומרה דומה, שכן מדובר בהחזקה/נשיאה של אקדח.
2. **תפקיד הנאשם ומעורבותו:** בשני התיקים הנאשם הוא מחזיק/נושא הנשק, ולא יזם או סוחר. המעורבות היא ישירה, אך לא מצוין האם פעילה או פסיבית מעבר להחזקה/נשיאה.
3. **שיטת הביצוע (MO):** בשני התיקים הנשק הוחזק בבית, ובתיק 1 גם נשא הנאשם אותו. שיטת הביצוע דומה מבחינת מקום ההחזקה, אך תיק 1 כולל גם נשיאה.
4. **נסיבות הליבה:** בשני התיקים הנשק הוחזק לצורך הגנה עצמית, ואין שימוש בנשק. תיק 1 כולל מחסנית עם 7 כדורים, בעוד תיק 2 כולל מחסנית ריקה ו-34 כדורים בנפרד. הכמות הכוללת של התחמושת דומה, אך הפיזור שונה. אין נסיבות מחמירות או מקלות בולטות בשני התיקים.
5. **ישימות כתקדם:** בהתחשב בדמיון בסוג העבירה, הנסיבות (הגנה עצמית), והעובדה שמדובר בשני תיקים של 144א ו-144ב, בית המשפט עשוי לראות את תיק 1 כרלוונטי לענישה בתיק 2, ולהיפך. עם זאת, ההבדלים בכמות התחמושת ובנשיאת הנשק בתיק 1 עשויים להשפיע על המשקל שיינתן לתקדים.

SIMILARITY_SCORE: 65","ok",""
"ME-18-05-32659-754","ME-16-08-54879-35",3,1,1,"{""אופן החזקת הנשק"": ""ברכב"", ""כמות תחמושת"": ""מחסנית ובה 0 כדורים, 9 כדורים, 10 כדורים"", ""מספר עבירה"": ""144 ב"", ""סוג הנשק [רימון הלם/גז]"": 2.0, ""סוג הנשק [תת מקלע מאולתר]"": 1.0, ""סוג עבירה"": ""נשיאת נשק, הובלת נשק"", ""סטטוס הנשק"": ""נשק מופרד מתחמושת"", ""עבירות נוספות"": ""הפרעה לשוטר במילוי תפקידו לפי סעיף 275 לחוק"", ""תכנון"": ""לא"", ""זמן האירוע"": ""00:25"", ""תאריך האירוע"": ""05.05.2018"", ""מיקום האירוע"": ""ירכא"", ""סוג הרכב"": ""לא צוין"", ""פרטי הנשק הנוספים"": ""תת-מקלע מאולתר פאראבלום 9 מילימטר, רימוני גז מדמיע, מחסנית ריקה לתת מקלע עוזי, כדורים לאקדח 9 מילימטר, ערכה לניקוי נשק עם 10 כדורים 5.56 מילימטר"", ""פעולת המשטרה"": ""הקמת מחסומים, זיהוי ועצירת הנאשם"", ""התנהגות הנאשם בעת המעצר"": ""סירוב לצאת מהרכב, דחיפת שוטרים, ניסיון להשתחרר מאחיזתם"", ""שימוש"": ""לא""}","{""אופן החזקת הנשק"": ""על גופו, סמוך לבית"", ""כמות תחמושת"": ""מחסנית ובה 7 כדורים"", ""מספר עבירה"": ""144 ב"", ""סוג הנשק [תת מקלע מאולתר]"": 1.0, ""סוג עבירה"": ""נשיאת נשק, הובלת נשק"", ""סטטוס הנשק"": ""נשק מופרד מתחמושת"", ""תכנון"": ""לא"", ""תאריך האירוע"": ""17.8.16"", ""שעת האירוע"": ""סמוך לשעה 11:00"", ""מיקום האירוע"": ""רחוב ברזילי 12, חיפה"", ""קוטר הנשק"": ""9 מ\""מ"", ""כוח הכדור"": ""בכוחו להמית אדם"", ""מצב הנשק"": ""נשק מאולתר"", ""הודאת הנאשם"": ""הנאשם הודה בעובדות כתב האישום"", ""שימוש"": ""לא""}",65.0,"להלן ניתוח הדמיון המהותי בין שני התיקים:

1. **סוג העבירה וחומרתה:** שני התיקים עוסקים בעבירות של נשיאה והובלה של נשק (סעיף 144(ב) לחוק העונשין), וכן החזקת נשק. רמת החומרה דומה, שכן מדובר בנשק מאולתר.
2. **תפקיד הנאשם ומעורבותו:** בשני התיקים הנאשם מחזיק בנשק, אך התיק הראשון כולל גם התנגדות למעצר, מה שמצביע על מעורבות אקטיבית יותר. עם זאת, בשני המקרים אין אינדיקציה לכך שהנאשמים היו יזמים או סוחרים, אלא מחזיקים בנשק.
3. **שיטת הביצוע (MO):** בשני התיקים הנשק הוחזק באופן לא חוקי, אך אופן ההחזקה שונה (ברכב לעומת על הגוף). עם זאת, העובדה שהנשק מופרד מהתחמושת היא נקודת דמיון.
4. **נסיבות הליבה:** בשני התיקים מדובר בתת מקלע מאולתר, אך התיק הראשון כולל מגוון רחב יותר של אמצעי לחימה (רימוני גז, כדורים בקליברים שונים, ערכת ניקוי). כמות התחמושת דומה יחסית. אין נסיבות מחמירות או מקלות בולטות בשני התיקים.
5. **ישימות כתקדים:** בהתחשב בסוג העבירה, סוג הנשק (תת מקלע מאולתר) והעובדה שמדובר בנשיאה/הובלה של נשק, בית המשפט עשוי לראות את שני התיקים כרלוונטיים זה לזה לצורכי ענישה. עם זאת, ההתנגדות למעצר בתיק הראשון והמגוון הרחב יותר של אמצעי לחימה עשויים להוביל לענישה חמורה יותר.

SIMILARITY_SCORE: 65","ok",""
"ME-17-05-35227-215","ME-15-02-9111-399",1,0,0,"{""אופן החזקת הנשק"": ""ברכב"", ""כמות תחמושת"": ""מחסנית"", ""מספר עבירה"": ""144 ב"", ""סוג הנשק [תת מקלע מאולתר]"": 1.0, ""סוג עבירה"": ""נשיאת נשק, הובלת נשק"", ""סטטוס הנשק"": ""נשק עם מחסנית בהכנס"", ""תכנון"": ""כן"", ""תאריך העבירה"": ""7 במאי 2017"", ""שעת העבירה"": ""צהריים"", ""סוג הרכב"": ""אופנוע"", ""דגם הרכב"": ""קואנג יאנג טיו"", ""הודאה בעבירה"": ""הודה"", ""סעיף העבירה"": ""144(ב) רישא וסיפא"", ""שנת החוק"": ""1977"", ""שימוש"": ""לא""}","{""אופן החזקת הנשק"": ""על גופו"", ""כמות תחמושת"": ""מחסנית ובה 13 כדורים"", ""מספר עבירה"": ""144 א"", ""סוג הנשק [אקדח]"": 1.0, ""סטטוס הנשק"": ""נשק מופרד מתחמושת"", ""תכנון"": ""לא"", ""תאריך העבירה"": ""25.1.15"", ""שעת העבירה"": ""סמוך לשעה 15:00"", ""מיקום העבירה"": ""כפר בענה"", ""סיבת הגעת השוטרים"": ""לעכב את יוסף חסארמה לחקירה"", ""פעולת הנאשם בעת העבירה"": ""מנוסה מהשוטרים"", ""סוג האקדח"": ""FN"", ""מספר האקדח"": ""74423"", ""סוג התחמושת"": ""9 מ\""מ"", ""פעולה במהלך המנוסה"": ""זריקת האקדח והמחסנית"", ""שימוש"": ""לא""}",30.0,"ניתוח הדמיון המהותי בין שני התיקים:

1. **סוג העבירה וחומרתה:** שני התיקים עוסקים בעבירות נשק, אך תיק 1 הוא נשיאה/הובלה (144(ב)), חמורה יותר, בעוד תיק 2 הוא החזקה בלבד (144(א)). הפער בחומרה משמעותי.
2. **תפקיד הנאשם ומעורבותו:** בתיק 1 הנאשם החזיק נשק מוכן לשימוש ברכב, מה שמרמז על מעורבות אקטיבית יותר. בתיק 2 הנאשם נמלט עם הנשק וזרק אותו, מה שמצביע על ניסיון להסתיר ולאו דווקא על שימוש מיידי.
3. **שיטת הביצוע (MO):** בתיק 1 הנשק היה מוכן לשימוש ברכב, בעוד שבתיק 2 הנשק היה מופרד מהתחמושת והנאשם ניסה להימלט. שיטות הביצוע שונות באופן מהותי.
4. **נסיבות הליבה:** בשני התיקים יש מחסנית, אך הכמות בתיק 2 גדולה יותר (13 כדורים). תיק 1 כולל תכנון מראש, בעוד תיק 2 מתרחש באופן ספונטני במהלך מעצר.
5. **ישימות כתקדים:** בשל ההבדל המשמעותי בסוג העבירה (144(א) לעומת 144(ב)), בית המשפט לא יראה בתיק 2 תקדים רלוונטי לתיק 1. תיק 1 עוסק בנשיאה/הובלה של נשק מוכן לשימוש, בעוד תיק 2 עוסק בהחזקה בלבד.

SIMILARITY_SCORE: 30","ok",""
"ME-16-04-12480-812","ME-12-03-15148-775",1,0,0,"{""מיקום האירועים"": ""טירת הכרמל, בית המתלונן, אתר בניה"", ""זמן האירועים"": ""פחות משעה וחצי לאחר הוויכוח, יומיים לאחר האירוע הראשון, יום לאחר הירי השני"", ""סוג הנשק הנוסף"": ""תת מקלע מאולתר"", ""מספר כדורים שנורו"": ""12 קליעים, 2 כדורים"", ""מיקום החזקת הנשק והתחמושת"": ""בזחל של כלי עבודה, מתחת לתקרה אקוסטית במכולה"", ""סכום החוב"": ""300 ₪"", ""סוג העסקה המובילה לסכסוך"": ""עסקת רכב"", ""מספר עבירה"": ""144 א, 144 ב"", ""סוג עבירה"": ""החזקה נשק, נשיאת נשק, הובלת נשק"", ""עבירות נוספות"": ""יסיון חבלה חמורה בנסיבות מחמירות, איומים"", ""סוג הנשק [תת מקלע מאולתר]"": 1.0, ""סטטוס הנשק"": ""נשק מופרד מתחמושת"", ""תכנון"": ""כן"", ""אופן החזקת הנשק"": ""ברכב, על גופו, מוסלק - מוסתר"", ""כמות תחמושת"": ""מחסנית + 17 כדורים"", ""מטרה-סיבת העבירה"": ""סכסוך"", ""שימוש"": ""כן,ירי""}","{""אופן החזקת הנשק"": ""ברכב"", ""כמות תחמושת"": ""מחסנית ובה 11 כדורים"", ""מספר עבירה"": ""144 א"", ""סוג הנשק - אם לא נמצא בטבלה"": ""משתיק קול"", ""סוג הנשק [אקדח]"": 2.0, ""סוג עבירה"": ""החזקה נשק"", ""סטטוס הנשק"": ""נשק מופרד מתחמושת"", ""עבירות נוספות"": ""שינוי זהות של כלי רכב, עבירה לפי סעיף 413ט' לחוק העונשין, תשל\""ז - 1977."", ""תכנון"": ""כן"", ""סוג הרכב"": ""הונדה סיוויק"", ""סוג האקדח"": ""ברטה"", ""קוטר האקדח"": ""9 מ\""מ"", ""פריטים נוספים ברכב"": ""כפפות בד"", ""מספר עבירה נוספת"": ""413ט"", ""תאריך העבירה"": ""2.3.2012"", ""פרטי הזיוף"": ""הסרת לוחות זיהוי מקוריות והתקנת לוחות זיהוי שונות"", ""שימוש"": ""לא""}",45.0,"להלן ניתוח הדמיון המהותי בין שני התיקים, ממד אחר ממד:

1. **סוג העבירה וחומרתה:** שני התיקים עוסקים בעבירות נשק, אך תיק 1 כולל גם עבירות חמורות יותר כמו ניסיון חבלה ואיומים. תיק 2 מתמקד בהחזקת נשק בלבד (144א). חומרת תיק 1 גבוהה משמעותית.
2. **תפקיד הנאשם ומעורבותו:** בשני התיקים הנאשם מחזיק בנשק, אך בתיק 1 יש מעורבות אקטיבית יותר - ירי בפועל, בעוד שבתיק 2 מדובר בהחזקה בלבד. תיק 1 מעיד על תפקיד פעיל יותר בסכסוך.
3. **שיטת הביצוע (MO):** בשני התיקים הנשק הוחזק ברכב, אך תיק 1 כולל גם הסלקה של הנשק במקומות נוספים. שיטת הביצוע דומה בחלק מההיבטים, אך תיק 1 מורכב יותר.
4. **נסיבות הליבה:** בשני התיקים מדובר בתכנון מראש, אך תיק 1 כולל סכסוך כספי קטן יחסית (300 ש""ח) שהוביל לאלימות חמורה, בעוד שבתיק 2 הנסיבות אינן מפורטות באותה מידה. כמות התחמושת דומה, אך תיק 1 כולל שימוש בנשק.
5. **ישימות כתקדים:** בשל העובדה שתיק 1 כולל עבירות חמורות יותר (ניסיון חבלה, ירי) וסיווג של 144ב, הוא עשוי לשמש כתקדים לענישה בתיקים דומים. תיק 2, המתמקד בהחזקה בלבד (144א), פחות רלוונטי כתקדים לתיק 1.

SIMILARITY_SCORE: 45","ok",""
"ME-16-02-59812-881","ME-16-03-54615-517",1,0,0,"{""אופן קבלת הנשק"": ""עבודה"", ""כמות תחמושת"": ""2 מחסניות, 20 כדורים"", ""מטרה-סיבת העבירה"": ""מימון סמים"", ""מספר עבירה"": ""144 ב"", ""סוג הנשק [אקדח]"": 1.0, ""סוג עבירה"": ""סחר בנשק"", ""סטטוס הנשק"": ""תקין"", ""עבירות נוספות"": ""מסירת ידיעה כוזבת על עבירת פשע, לפי סעיף 243 סיפא לחוק; שיבוש הליכי משפט, לפי סעיף 244 לחוק."", ""תכנון"": ""כן"", ""סוג הסמים"": ""חשיש, הרואין"", ""כמות הסמים"": ""ארבע חבילות של הרואין"", ""מחיר מכירת הנשק"": ""8,000 ₪"", ""מקום העבודה"": ""בית ספר יסודי"", ""תקופת העבירות"": ""אוגוסט 2014 - פברואר 2016"", ""שם הקונה"": ""מחמוד צאלוק"", ""שם המעביד"": ""שי יהושע לוי"", ""תיאור האירוע"": ""דיווח כוזב על שוד למעביד ולמשטרה"", ""הודאה בחקירה"": ""הודתה בבדיה את אירוע השוד"", ""שימוש"": ""לא""}","{""מטרה-סיבת העבירה"": ""בצע כסף"", ""מספר עבירה"": ""144 ב"", ""סוג הנשק [תת מקלע]"": 2.0, ""סוג עבירה"": ""סחר בנשק"", ""סטטוס הנשק"": ""תקול"", ""שימוש"": ""ניסיון לירי ללא הצלחה"", ""תכנון"": ""כן"", ""סוג תת-מקלע"": ""קרלו"", ""מספר תת-מקלעים"": 2, ""מחיר תת-מקלע"": 3000, ""מספר פגישות בין הנאשם למחמד"": 4, ""מיקום הפגישות"": ""סמוך לבית מחמד"", ""תקלות בנשק"": ""שני תת-מקלעים תקולים"", ""תגובת הנאשם לתקלה"": ""סירוב להחליף נשק לאחר החלפה ראשונה"", ""כמות תחמושת"": ""ללא""}",65.0,"להלן ניתוח הדמיון המהותי בין שני התיקים:

1. **סוג העבירה וחומרתה:** שני התיקים עוסקים בסחר בנשק לפי סעיף 144(ב) לחוק העונשין, מה שמצביע על חומרה דומה. עם זאת, סוג הנשק שונה (אקדח לעומת תת מקלע), וייתכן שזה משפיע על הערכת החומרה הספציפית.
2. **תפקיד הנאשם ומעורבותו:** בשני התיקים הנאשם מעורב בסחר בנשק, כלומר לא מדובר בהחזקה פסיבית. בשני המקרים יש תכנון מוקדם של העבירה, מה שמצביע על מעורבות אקטיבית.
3. **שיטת הביצוע (MO):** בשני התיקים מדובר במכירת נשק עבור מטרות כלכליות (מימון סמים לעומת בצע כסף). שני התיקים כוללים פגישות עם קונים.
4. **נסיבות הליבה:** התיק הראשון כולל כמות תחמושת משמעותית, בעוד שהתיק השני לא כולל תחמושת כלל. התיק הראשון כולל עבירות נלוות של מסירת ידיעה כוזבת ושיבוש הליכי משפט, מה שמחמיר את הנסיבות. התיק השני מתייחס לנשק תקול ולניסיון ירי כושל.
5. **ישימות כתקדים:** למרות הדמיון בסוג העבירה, השוני בסוג הנשק, בכמות התחמושת, ובנסיבות הנלוות עשוי להגביל את הישימות של תיק אחד כתקדים לשני. העובדה שבתיק הראשון יש עבירות נלוות משמעותיות עשויה להשפיע על גזר הדין, ולכן הוא פחות רלוונטי כהשוואה לתיק השני.

SIMILARITY_SCORE: 65","ok",""
"SH-23-03-19819-247","SH-16-11-7544-55",3,1,1,"{""אופן החזקת הנשק"": ""בבית, מוסלק - מוסתר"", ""כמות תחמושת"": ""3 מחסניות"", ""מספר עבירה"": ""144 א"", ""סוג הנשק [רובה סער ]"": 1.0, ""סוג עבירה"": ""החזקה נשק"", ""סטטוס הנשק"": ""נשק מופרד מתחמושת"", ""תכנון"": ""כן"", ""מיקום החזקת הנשק"": ""מעל מקרר המטבח"", ""סוג הנשק"": ""רובה אויר שהוסב לירי תחמושת"", ""קליבר התחמושת"": ""5.56X45"", ""כמות כדורים"": ""כמה עשרות כדורי 5.56 מ\""מ"", ""מיקום המעצר"": ""בית הנאשם ברהט"", ""תאריך המעצר"": ""15.2.23"", ""שעת המעצר"": ""13:04"", ""שימוש"": ""לא""}","{""אופן החזקת הנשק"": ""על גופו"", ""כמות תחמושת"": ""מחסנית ובה 10 כדורים"", ""מספר עבירה"": ""144 א"", ""סוג הנשק [תת מקלע מאולתר]"": 1.0, ""סוג עבירה"": ""החזקה נשק"", ""סטטוס הנשק"": ""נשק מופרד מתחמושת"", ""תכנון"": ""לא"", ""תאריך האירוע"": ""26.10.16"", ""מיקום האירוע"": ""מחלף להב-שומריה, כביש 6 לכוון צפון"", ""סוג הרכב"": ""רכב פרטי"", ""זיהוי הנאשם"": ""על ידי שוטר"", ""שם השוטר"": ""מיכאל אדרי"", ""קוטר הקליעים"": ""9 מ\""מ"", ""שימוש"": ""לא""}",35.0,"להלן ניתוח הדמיון המהותי בין שני התיקים:

1. **סוג העבירה וחומרתה:** שני התיקים עוסקים בעבירה של החזקת נשק (סעיף 144 לחוק העונשין). עם זאת, תיק 1 עוסק ברובה אויר שהוסב, בעוד תיק 2 בתת מקלע מאולתר - הבדל משמעותי בחומרת הנשק. שני התיקים הם סעיף 144(א) - החזקה בלבד, מה שמפחית את החומרה הפוטנציאלית.

2. **תפקיד הנאשם ומעורבותו:** בשני התיקים הנאשם הוא מחזיק בנשק, אך בתיק 2 ההחזקה היא על גופו, מה שמרמז על נשיאה אפשרית (גם אם לא הוכחה). בתיק 1 ההחזקה היא בבית, מוסלקת. הבדל זה משפיע על הערכת המסוכנות.

3. **שיטת הביצוע (MO):** שיטת הביצוע שונה מאוד. תיק 1 מתאפיין בהסלקה בבית, בעוד תיק 2 בהחזקה גלויה על גופו. אין דמיון בדפוס הפעולה.

4. **נסיבות הליבה:** כמות התחמושת שונה (3 מחסניות לעומת מחסנית אחת). בשני התיקים לא נעשה שימוש בנשק. תיק 1 מציין תכנון, בעוד תיק 2 לא. מיקום המעצר/אירוע שונה לחלוטין.

5. **ישימות כתקדם:** בשל ההבדלים המשמעותיים בסוג הנשק, אופן ההחזקה, והעובדה שמדובר בשני תיקי 144(א) בלבד, סביר שבית המשפט לא יראה בתיק 1 תקדים רלוונטי לתיק 2, או להיפך. העובדה ששניהם עוסקים בהחזקה בלבד לא מספיקה כדי ליצור רלוונטיות משפטית.

SIMILARITY_SCORE: 35","ok",""
"ME-15-12-39071-113","ME-16-10-12213-904",1,0,0,"{""אופן החזקת הנשק"": ""ברכב, מוסלק - מוסתר"", ""מטרה-סיבת העבירה"": ""הגנה עצמית"", ""מספר עבירה"": ""144 א"", ""סוג הנשק [אקדח]"": 1.0, ""סוג עבירה"": ""החזקה נשק"", ""סטטוס הנשק"": ""תקין"", ""תכנון"": ""לא"", ""סוג רכב"": ""מזדה 3"", ""מספר רישיון רכב"": ""71-098-16"", ""מיקום האירוע"": ""כביש מספר 1, בסמוך למחלף הראל"", ""זמן האירוע"": ""12.10.13, בשעה 22:30"", ""מיקום החזקת הנשק ברכב"": ""מתחת לשטיח שמתחת למושב הסמוך לנהג"", ""סוג הנשק"": ""אקדח חצי אוטומטי מסוג סטאר"", ""שימוש"": ""לא"", ""כמות תחמושת"": ""ללא""}","{""סוג רכב"": ""סובארו"", ""בעלות על הרכב"": ""רשום על שם אחיו, מג'ד"", ""מיקום החזקת הנשק"": ""מתחת לכיסא הנוסע שליד הנהג"", ""מיקום המחסנית"": ""מתחת לכיסא הנוסע שליד הנהג"", ""מקום מגורים"": ""אום-אל-פחם"", ""מקום החזקת הנשק"": ""בית אמו"", ""סוג התחמושת"": ""כדור 9 מ\""מ"", ""מקום התפיסה"": ""במוסך במורד הרחוב"", ""מספר עבירה"": ""144 ב"", ""סוג עבירה"": ""נשיאת נשק"", ""סוג הנשק [תת מקלע מאולתר]"": 1.0, ""סטטוס הנשק"": ""נשק מופרד מתחמושת"", ""תכנון"": ""כן"", ""אופן החזקת הנשק"": ""ברכב, מוסלק - מוסתר"", ""אופן קבלת הנשק"": ""מצא"", ""כמות תחמושת"": ""מחסנית ריקה ובה 0 כדורים + 1 כדור"", ""שימוש"": ""לא""}",35.0,"1. **סוג העבירה וחומרתה:** תיק 1 עוסק בהחזקת נשק (144(א)), תיק 2 בנשיאת נשק (144(ב)). ההבדל בין העבירות מהותי מבחינת חומרתן, כאשר נשיאה/הובלה חמורה יותר מהחזקה בלבד.

2. **תפקיד הנאשם ומעורבותו:** בשני התיקים הנאשם הוא המחזיק בפועל, אך בתיק 2 יש רמז למעורבות נוספת (אחיו בעל הרכב). בתיק 1 המטרה היא הגנה עצמית, בעוד שבתיק 2 המטרה אינה מפורטת, אך העובדה שהנשק תוכנן להחזקה מעידה על כוונה מוקדמת.

3. **שיטת הביצוע (MO):** בשני התיקים הנשק מוסלק ברכב, מתחת למושב. עם זאת, בתיק 2 יש גם מחסנית, והנשק הוא תת מקלע מאולתר, בעוד שבתיק 1 מדובר באקדח תקין.

4. **נסיבות הליבה:** תיק 1 מתאפיין בהיעדר תחמושת, בעוד שבתיק 2 יש מחסנית ריקה וכדור בודד. בתיק 2 יש תכנון מוקדם, בעוד שבתיק 1 אין תכנון. המיקום שונה (כביש לעומת בית אמו ומוסך).

5. **ישימות כתקדים:** בשל ההבדל המהותי בסוג העבירה (144(א) לעומת 144(ב)), בית המשפט לא יראה בתיק 1 תקדים רלוונטי לתיק 2. העובדה שהנשק מוסלק ברכב היא נקודת דמיון, אך אינה מספיקה כדי להפוך את התיקים לרלוונטיים זה לזה לצורכי ענישה.

SIMILARITY_SCORE: 35","ok",""
"ME-16-08-44157-713","ME-17-05-35227-215",2,0,1,"{""אופן החזקת הנשק"": ""בבית"", ""כמות תחמושת"": ""מחסנית"", ""מטרה-סיבת העבירה"": ""בצע כסף"", ""מספר עבירה"": ""144 ב"", ""סוג הנשק [תת מקלע מאולתר]"": 1.0, ""סוג הנשק [תת מקלע]"": 1.0, ""סוג עבירה"": ""סחר בנשק"", ""סטטוס הנשק"": ""נשק מופרד מתחמושת"", ""עבירות נוספות"": ""קשירת קשר לביצוע פשע"", ""תכנון"": ""כן"", ""סוגי נשק נוספים"": [""קרל גוסטב מאולתר"", ""מיני עוזי"", ""אקדח 14"", ""אקדח 7"", ""קאנס""], ""מקום המפגש לעסקת נשק"": ""ליד פסי הרכבת בעיר לוד"", ""מחיר נשק קרל גוסטב"": ""10500 שקלים"", ""מחיר נשק אקדח 7"": ""10000 שקלים"", ""תיאור נשק קאנס"": ""מצויד במשתיק קול, כוונת טלסקופית ומחסנית המכילה 100 כדורים"", ""מספר שותפים בעסקת הנשק"": ""מספר שותפים"", ""תפקיד הנאשם בעסקה"": ""העברת הנשק לאחר לצורך העברתו לסוכן"", ""שימוש"": ""לא""}","{""אופן החזקת הנשק"": ""ברכב"", ""כמות תחמושת"": ""מחסנית"", ""מספר עבירה"": ""144 ב"", ""סוג הנשק [תת מקלע מאולתר]"": 1.0, ""סוג עבירה"": ""נשיאת נשק, הובלת נשק"", ""סטטוס הנשק"": ""נשק עם מחסנית בהכנס"", ""תכנון"": ""כן"", ""תאריך העבירה"": ""7 במאי 2017"", ""שעת העבירה"": ""צהריים"", ""סוג הרכב"": ""אופנוע"", ""דגם הרכב"": ""קואנג יאנג טיו"", ""הודאה בעבירה"": ""הודה"", ""סעיף העבירה"": ""144(ב) רישא וסיפא"", ""שנת החוק"": ""1977"", ""שימוש"": ""לא""}",45.0,"1. **סוג העבירה וחומרתה:** שני התיקים עוסקים בעבירות נשק לפי סעיף 144(ב) לחוק העונשין, אך תיק 1 מתמקד בסחר בנשק (בנוסף לקשירת קשר), בעוד תיק 2 מתמקד בנשיאה והובלה. חומרת הסחר בנשק גבוהה יותר מנשיאה והובלה, אך שניהם נופלים תחת אותה מסגרת חקיקתית.
2. **תפקיד הנאשם ומעורבותו:** בתיק 1 הנאשם מעביר נשק לאחר, תפקיד המעיד על מעורבות בסחר. בתיק 2 הנאשם נושא/מוביל את הנשק בעצמו. ההבדל ברמת המעורבות משמעותי - סוחר לעומת נושא.
3. **שיטת הביצוע (MO):** בשני התיקים מדובר בהחזקת תת מקלע מאולתר עם מחסנית. עם זאת, אופן ההחזקה שונה (בית לעומת רכב), ורק בתיק 1 יש מעורבות של מספר שותפים וארגון מובנה של סחר.
4. **נסיבות הליבה:** בשני התיקים יש מחסנית אחת, תכנון מראש, ואי שימוש בנשק. תיק 1 מציג מגוון רחב של נשקים ומחירים, דבר שאינו קיים בתיק 2.
5. **ישימות כתקדים:** בית המשפט עשוי להתייחס לתיק 2 כבעל רלוונטיות מסוימת לתיק 1, בעיקר בכל הנוגע לענישה בגין החזקת תת מקלע מאולתר. עם זאת, ההבדלים המשמעותיים בסוג העבירה (סחר לעומת נשיאה) ובתפקיד הנאשם יצמצמו את המשקל שיינתן לתיק 2 כעניין ענישה.

SIMILARITY_SCORE: 45","ok",""
"ME-10-08-17917-313","ME-16-04-12480-812",1,0,0,"{""מקור הנשק"": ""קיבל מאחר"", ""מיקום החבייה הראשוני"": ""מחסן ביתו"", ""תאריכים של החזקת הנשק"": ""23.7.10 עד 24.7.10"", ""מקום השימוש בנשק"": ""עתלית"", ""סוג הסם"": ""קנבוס"", ""כמות הסם"": ""15.05 גרם"", ""מחיר הסם"": ""150 שקלים"", ""מקום תפיסת הסם"": ""בבית הנאשם"", ""תקופות קבלת הסם"": ""קודם לחודש יולי 2010"", ""סוג עבירה"": ""החזקה נשק"", ""סוג הנשק [אקדח]"": 1.0, ""סטטוס הנשק"": ""נשק מופרד מתחמושת"", ""תכנון"": ""לא"", ""אופן החזקת הנשק"": ""מוסלק - מוסתר"", ""כמות תחמושת"": ""3 כדורים"", ""מטרה-סיבת העבירה"": ""הגנה עצמית"", ""שימוש"": ""לא""}","{""מיקום האירועים"": ""טירת הכרמל, בית המתלונן, אתר בניה"", ""זמן האירועים"": ""פחות משעה וחצי לאחר הוויכוח, יומיים לאחר האירוע הראשון, יום לאחר הירי השני"", ""סוג הנשק הנוסף"": ""תת מקלע מאולתר"", ""מספר כדורים שנורו"": ""12 קליעים, 2 כדורים"", ""מיקום החזקת הנשק והתחמושת"": ""בזחל של כלי עבודה, מתחת לתקרה אקוסטית במכולה"", ""סכום החוב"": ""300 ₪"", ""סוג העסקה המובילה לסכסוך"": ""עסקת רכב"", ""מספר עבירה"": ""144 א, 144 ב"", ""סוג עבירה"": ""החזקה נשק, נשיאת נשק, הובלת נשק"", ""עבירות נוספות"": ""יסיון חבלה חמורה בנסיבות מחמירות, איומים"", ""סוג הנשק [תת מקלע מאולתר]"": 1.0, ""סטטוס הנשק"": ""נשק מופרד מתחמושת"", ""תכנון"": ""כן"", ""אופן החזקת הנשק"": ""ברכב, על גופו, מוסלק - מוסתר"", ""כמות תחמושת"": ""מחסנית + 17 כדורים"", ""מטרה-סיבת העבירה"": ""סכסוך"", ""שימוש"": ""כן,ירי""}",30.0,"להלן ניתוח הדמיון המהותי בין שני התיקים:

1. **סוג העבירה וחומרתה:** שני התיקים עוסקים בעבירות נשק, אך תיק 2 חמור משמעותית. תיק 1 מתייחס להחזקה בלבד, בעוד תיק 2 כולל נשיאה, הובלה, ניסיון חבלה ואיומים. חומרת העבירות בתיק 2 גבוהה משמעותית.
2. **תפקיד הנאשם ומעורבותו:** בתיק 1 הנאשם מחזיק בנשק מוסלק, ייתכן לצורך הגנה עצמית. בתיק 2 הנאשם נושא את הנשק, משתמש בו (ירי) ומעורב בסכסוך אלים. מעורבותו של הנאשם בתיק 2 פעילה ואקטיבית יותר.
3. **שיטת הביצוע (MO):** בשני התיקים הנשק מוסלק בשלב מסוים, אך בתיק 2 יש גם נשיאה על הגוף ושימוש פעיל בנשק. שיטת הביצוע בתיק 2 מורכבת וכוללת מספר מיקומים ופעולות.
4. **נסיבות הליבה:** תיק 1 כולל כמות קטנה של תחמושת (3 כדורים) ואין שימוש בנשק. תיק 2 כולל כמות תחמושת גדולה יותר (17 כדורים + מחסנית), שימוש בנשק (ירי) ותכנון מוקדם. הנסיבות בתיק 2 מחמירות משמעותית.
5. **ישימות כתקדים:** לא סביר שבית משפט יראה בתיק 1 תקדים רלוונטי לתיק 2. תיק 1 עוסק בהחזקה פשוטה, בעוד תיק 2 כולל עבירות חמורות יותר כמו נשיאה, הובלה, ניסיון חבלה ואיומים. הענישה הצפויה בתיק 2 תהיה גבוהה משמעותית.

SIMILARITY_SCORE: 30","ok",""
"ME-20-07-29529-567","ME-16-08-54879-35",2,0,1,"{""מיקום האירוע"": ""כביש 70 לכיוון צפון"", ""תאריך האירוע"": ""30.06.2020"", ""שעת האירוע"": ""שעת ערב"", ""זהות הנהג"": ""פאדי"", ""מיקום הנשק ברכב"": ""מוסלק בין רגלי הנאשם"", ""סיבת עצירת הרכב"": ""חשד להימצאות נשק"", ""השפעה על תנועה"": ""יצירת פקק תנועה"", ""מספר עבירה"": ""144 ב"", ""סוג עבירה"": ""נשיאת נשק, הובלת נשק"", ""סוג הנשק [אקדח]"": 1.0, ""סטטוס הנשק"": ""נשק מופרד מתחמושת"", ""תכנון"": ""כן"", ""אופן החזקת הנשק"": ""ברכב"", ""כמות תחמושת"": ""2 מחסניות"", ""שימוש"": ""לא""}","{""אופן החזקת הנשק"": ""על גופו, סמוך לבית"", ""כמות תחמושת"": ""מחסנית ובה 7 כדורים"", ""מספר עבירה"": ""144 ב"", ""סוג הנשק [תת מקלע מאולתר]"": 1.0, ""סוג עבירה"": ""נשיאת נשק, הובלת נשק"", ""סטטוס הנשק"": ""נשק מופרד מתחמושת"", ""תכנון"": ""לא"", ""תאריך האירוע"": ""17.8.16"", ""שעת האירוע"": ""סמוך לשעה 11:00"", ""מיקום האירוע"": ""רחוב ברזילי 12, חיפה"", ""קוטר הנשק"": ""9 מ\""מ"", ""כוח הכדור"": ""בכוחו להמית אדם"", ""מצב הנשק"": ""נשק מאולתר"", ""הודאת הנאשם"": ""הנאשם הודה בעובדות כתב האישום"", ""שימוש"": ""לא""}",65.0,"ניתוח הדמיון המהותי בין שני התיקים:

1. **סוג העבירה וחומרתה:** שני התיקים עוסקים בעבירה של נשיאת והובלת נשק לפי סעיף 144(ב) לחוק העונשין, שהיא עבירה חמורה. עם זאת, סוג הנשק שונה (אקדח לעומת תת מקלע מאולתר), מה שיכול להשפיע על חומרת העבירה בעיני בית המשפט.
2. **תפקיד הנאשם ומעורבותו:** בשני התיקים הנאשם מחזיק/מוביל את הנשק, אך רמת המעורבות אינה ברורה לחלוטין. בתיק 1 הנשק מוסלק, מה שעשוי לרמז על תפקיד של שליח, בעוד שבתיק 2 הנשק נמצא על גופו של הנאשם סמוך לביתו, מה שעשוי להעיד על תכנון מוקדם יותר.
3. **שיטת הביצוע (MO):** בשני המקרים מדובר בהחזקה/הובלה של נשק מופרד מתחמושת. עם זאת, אופן ההחזקה שונה (ברכב לעומת על הגוף), ומיקום האירוע שונה (כביש לעומת רחוב).
4. **נסיבות הליבה:** בשני התיקים הנשק לא שימש לפעולה פלילית. כמות התחמושת דומה (2 מחסניות בתיק 1, מחסנית אחת עם 7 כדורים בתיק 2). בתיק 1 יש ראיה לתכנון, בעוד שבתיק 2 אין ראיה כזו.
5. **ישימות כתקדם:** בהתחשב בכך שמדובר באותה עבירה (144(ב)), בית המשפט עשוי לראות את שני התיקים כרלוונטיים זה לזה לצורכי ענישה, אך השוני בסוג הנשק, אופן ההחזקה והיעדר ראיות לתכנון בתיק 2 עשוי להפחית את המשקל של התיק הראשון כפס""ד תקדימי.

SIMILARITY_SCORE: 65","ok",""
"SH-09-05-9349-998","ME-20-07-29529-567",1,0,0,"{""מיקום החזקת הנשק"": ""מקפיא בבית"", ""מיקום התחמושת"": ""בתוך נעל בחדר"", ""סוג התחמושת"": ""כדורי אקדח 9 מ\""מ"", ""מספר סידורי של הנשק"": ""1066A"", ""יצרן הנשק"": ""CZ"", ""תאריך ושעה"": ""12/5/09, 12:00"", ""מספר עבירה"": ""144 א"", ""סוג עבירה"": ""החזקה נשק"", ""סוג הנשק [אקדח]"": 1.0, ""סטטוס הנשק"": ""נשק מופרד מתחמושת"", ""תכנון"": ""לא"", ""אופן החזקת הנשק"": ""בבית"", ""כמות תחמושת"": ""מחסנית ובה 0 כדורים, 26 כדורים"", ""שימוש"": ""לא""}","{""מיקום האירוע"": ""כביש 70 לכיוון צפון"", ""תאריך האירוע"": ""30.06.2020"", ""שעת האירוע"": ""שעת ערב"", ""זהות הנהג"": ""פאדי"", ""מיקום הנשק ברכב"": ""מוסלק בין רגלי הנאשם"", ""סיבת עצירת הרכב"": ""חשד להימצאות נשק"", ""השפעה על תנועה"": ""יצירת פקק תנועה"", ""מספר עבירה"": ""144 ב"", ""סוג עבירה"": ""נשיאת נשק, הובלת נשק"", ""סוג הנשק [אקדח]"": 1.0, ""סטטוס הנשק"": ""נשק מופרד מתחמושת"", ""תכנון"": ""כן"", ""אופן החזקת הנשק"": ""ברכב"", ""כמות תחמושת"": ""2 מחסניות"", ""שימוש"": ""לא""}",30.0,"להלן ניתוח הדמיון המהותי בין שני התיקים:

1. **סוג העבירה וחומרתה:** תיק 1 עוסק בהחזקת נשק בלבד (144(א)), בעוד תיק 2 עוסק בנשיאה והובלת נשק (144(ב)). ההבדל בסוג העבירה הוא משמעותי ביותר, שכן נשיאה/הובלה נתפסת כחמורה יותר מהחזקה בלבד.

2. **תפקיד הנאשם ומעורבותו:** בתיק 1 הנאשם החזיק בנשק בביתו, מה שמרמז על מעורבות פסיבית יחסית. בתיק 2 הנאשם נשא והוביל את הנשק ברכב, מה שמצביע על מעורבות אקטיבית יותר.

3. **שיטת הביצוע (MO):** בתיק 1 הנשק היה מוסתר בבית, בעוד שבתיק 2 הוא הוסלק ברכב. שיטות ההסלקה שונות, אך שתיהן מצביעות על ניסיון להסתיר את הנשק.

4. **נסיבות הליבה:** בשני התיקים הנשק היה מופרד מהתחמושת. תיק 1 כלל מחסנית ריקה ו-26 כדורים, בעוד תיק 2 כלל 2 מחסניות (לא מצוין אם מלאות). תיק 2 כולל תכנון מראש, בעוד תיק 1 לא.

5. **ישימות כתקדם:** בשל ההבדל המהותי בסוג העבירה (144(א) לעומת 144(ב)) ורמת המעורבות של הנאשם, סביר להניח שבית המשפט לא יראה בתיק 1 תקדים רלוונטי לתיק 2 לצורכי ענישה. תיק 1 עוסק בהחזקה פסיבית בבית, בעוד תיק 2 עוסק בנשיאה אקטיבית של נשק.

SIMILARITY_SCORE: 30","ok",""
"ME-22-03-46930-359","ME-16-03-59260-279",1,0,0,"{""אופן קבלת הנשק"": ""רכש"", ""כמות תחמושת"": ""מחסנית"", ""מטרה-סיבת העבירה"": ""בצע כסף"", ""מספר עבירה"": ""144 א, 144 ב"", ""סוג הנשק [אקדח]"": 1.0, ""סוג עבירה"": ""החזקה נשק, סחר בנשק"", ""סטטוס הנשק"": ""נשק מופרד מתחמושת"", ""תכנון"": ""כן"", ""תאריך לידה הנאשם"": ""2/8/82"", ""סכום רכישת הנשק"": 12000, ""מיקום החזקת הנשק"": ""שטח פתוח מכפר מגוריו"", ""סוג הנשק"": ""אקדח גלוק"", ""תאריך הפגישה"": ""אוגוסט 2016"", ""סכום תשלום סופי לעטאללה"": 16000, ""תאריך תפיסת הנשק"": ""9/2/17"", ""תאריך גילוי העבירות"": ""פברואר - מרץ 2022"", ""תאריך מעצר הנאשם"": ""2/3/22"", ""תאריך הגשת כתב אישום"": ""22/3/22"", ""סוג הרכב בתמורה לנשק"": ""יגואר"", ""מספר רישוי הרכב"": ""65-947-64"", ""שימוש"": ""לא""}","{""מיקום החזקת הנשק"": ""חנות דגים, רחוב נווה שאנן 37, תל-אביב"", ""סוג האקדח"": ""גלוק"", ""צבע האקדח"": ""שחור"", ""מספר רישום האקדח"": ""F.V.458"", ""זמן האירוע"": ""23.3.16, סמוך לשעה 7:30"", ""מיקום הירי"": ""רחוב התחייה 19, תל אביב-יפו"", ""סוג הרכב"": ""מרצדס"", ""מיקום נוסף"": ""רחוב המנוע 2, תל אביב-יפו"", ""מספר עבירה"": ""144 א, 144 ב"", ""סוג עבירה"": ""החזקה נשק, נשיאת נשק"", ""סוג הנשק [אקדח]"": 1.0, ""סטטוס הנשק"": ""נשק עם מחסנית בהכנס"", ""תכנון"": ""כן"", ""אופן החזקת הנשק"": ""ברכב, מחסן"", ""כמות תחמושת"": ""מחסנית ובה 14 כדורים"", ""מטרה-סיבת העבירה"": ""סכסוך"", ""שימוש"": ""לא""}",65.0,"להלן ניתוח הדמיון המהותי בין שני התיקים הפליליים:

1. **סוג העבירה וחומרתה:** שני התיקים עוסקים בעבירות של החזקת נשק (144(א)) ונשיאת נשק (144(ב)). חומרת העבירה דומה, שכן בשני המקרים מדובר בהחזקה של אקדח.
2. **תפקיד הנאשם ומעורבותו:** בתיק 1 הנאשם רכש את הנשק, מה שמרמז על מעורבות בסחר. בתיק 2 לא מצוין אם הנאשם רכש את הנשק, אך העובדה שהנשק היה ברשותו (ברכב ובמחסן) מצביעה על החזקה. בשני המקרים מדובר במעורבות ישירה, ולא רק בהחזקה פסיבית.
3. **שיטת הביצוע (MO):** בשני התיקים מדובר בהחזקת אקדח גלוק. בתיק 1 הנשק היה מופרד מהתחמושת, בעוד שבתיק 2 הנשק היה עם מחסנית טעונה. זהו הבדל, אך הדמיון בסוג הנשק ובנשיאה/החזקה הוא משמעותי.
4. **נסיבות הליבה:** בשני התיקים מדובר במחסנית אחת. בתיק 1 הכמות המדויקת לא מצוינת, אך בתיק 2 מצוין מספר הכדורים (14). בשני המקרים לא נעשה שימוש בנשק. בשני התיקים יש תכנון מוקדם. המניע שונה (בצע כסף לעומת סכסוך).
5. **ישימות כתקדים:** בהתחשב בדמיון בסוג העבירה, סוג הנשק, העובדה שמדובר ב-144(א) ו-144(ב) בשני המקרים, והתכנון המוקדם, בית המשפט עשוי לראות את שני התיקים כרלוונטיים זה לזה לצורכי ענישה. עם זאת, ההבדלים במניע ובסטטוס הנשק (מופרד/טעון) עשויים להשפיע על המשקל שיינתן לתקדים.

SIMILARITY_SCORE: 65","ok",""
"ME-16-02-18397-87","ME-12-03-13401-281",1,0,0,"{""אופן החזקת הנשק"": ""ברכב, מוסלק - מוסתר"", ""כמות תחמושת"": ""כדורים"", ""מספר עבירה"": ""144 ב"", ""סוג הנשק [אקדח]"": 1.0, ""סוג עבירה"": ""נשיאת נשק, הובלת נשק"", ""סטטוס הנשק"": ""תקול"", ""עבירות נוספות"": ""נהיגה ללא רישיון, נהיגה ללא ביטוח וללא רישיון רכב"", ""תכנון"": ""לא"", ""מיקום האירוע"": ""לפני הכניסה לכפר דבוריה"", ""תגובת הנאשם לבדיקת שוטרים"": ""סירוב לפתוח את תא האופנוע"", ""אופן גילוי הנשק"": ""בחיפוש על גופו ובתא האופנוע"", ""פרטי הנשק"": ""חסר חלק פנימי לפעולת ירי"", ""סוג הרכב"": ""קטנוע"", ""שימוש"": ""לא""}","{""אופן החזקת הנשק"": ""ברכב"", ""כמות תחמושת"": ""2 מחסניות ובהן כדורים, 11 כדורים"", ""מספר עבירה"": ""144 א, 144 ב"", ""סוג הנשק [אקדח]"": 1.0, ""סוג עבירה"": ""החזקה נשק, נשיאת נשק, הובלת נשק"", ""סטטוס הנשק"": ""נשק עם כדור בקנה"", ""עבירות נוספות"": ""יריות באזור מגורים - עבירה לפי סעיף 340א לחוק."", ""שימוש"": ""כן,ירי"", ""תכנון"": ""לא"", ""סוג הנשק"": ""אקדח CZ קליבר 9 מ\""מ"", ""מקום האירוע"": ""רחוב שיבת ציון, חיפה"", ""זמן האירוע"": ""ליל 25-26.2.12, סמוך לשעה 00:38"", ""מקור הנשק"": ""נגנב בהתפרצות לבית ביישוב ציפורי ב-3.2.12"", ""זמן המעצר"": ""סמוך לשעה 1:50"", ""מקום המעצר"": ""ברכב על ידי שוטרים""}",65.0,"1. **סוג העבירה וחומרתה:** שני התיקים עוסקים בעבירות נשק לפי חוק העונשין, סעיפים 144(א) ו/או 144(ב). תיק 2 חמור יותר בשל עבירת הירי (340א) והעובדה שהנשק היה טעון.
2. **תפקיד הנאשם ומעורבותו:** בשני התיקים הנאשם מחזיק/נושא/מוביל את הנשק ברכב. לא ברור מהתיקים האם מדובר ביזום או בהובלה עבור אחרים, אך המעורבות היא ישירה.
3. **שיטת הביצוע (MO):** בשני המקרים הנשק הוחזק/הובל ברכב. תיק 2 כולל שימוש פעיל בנשק (ירי), בעוד בתיק 1 הנשק היה תקול ולא נעשה בו שימוש.
4. **נסיבות הליבה:** בשני התיקים מדובר באקדחים. תיק 2 כולל כמות תחמושת גדולה יותר (2 מחסניות + 11 כדורים) והנשק היה טעון, מה שמחמיר את הנסיבות. תיק 2 גם כולל נסיבה מחמירה של גניבת הנשק.
5. **ישימות כתקדים:** בית המשפט עשוי לראות בתיק 1 תקדים חלקי לתיק 2, בעיקר בכל הנוגע לענישת עבירות נשיאה/הובלה של נשק. עם זאת, עבירת הירי בתיק 2 והעובדה שהנשק היה טעון יבדילו אותו באופן משמעותי ויצדיקו ענישה חמורה יותר. העובדה שהנשק בתיק 1 היה תקול עשויה להוות נסיבה מקלה.

SIMILARITY_SCORE: 65","ok",""
"ME-17-10-62597-895","SH-15-12-65958-120",1,0,0,"{""אופן החזקת הנשק"": ""על גופו"", ""כמות תחמושת"": ""מחסנית, כדורים"", ""מספר עבירה"": ""144 ב"", ""סוג הנשק [אקדח]"": 1.0, ""סוג עבירה"": ""נשיאת נשק, הובלת נשק"", ""סטטוס הנשק"": ""תקין"", ""תכנון"": ""לא"", ""תאריך העבירה"": ""דצמבר 2016"", ""מיקום העבירה"": ""מחוץ ליישוב לקיה"", ""סוג האקדח"": ""FN"", ""מורכבות הפרשייה"": ""מעורבות בפרשייה מורכבת ומסובכת יותר"", ""תאריך לידה"": ""23.2.1998"", ""שימוש"": ""לא""}","{""אופן החזקת הנשק"": ""בבית, מוסלק - מוסתר"", ""כמות תחמושת"": ""מחסנית ובה 8 כדורים + מחסנית ובה 15 כדורים + מחסנית ריקה ובה 0 כדורים + מחסנית ובה 6 כדורים"", ""מטרה-סיבת העבירה"": ""הגנה עצמית"", ""מספר עבירה"": ""144 א"", ""סוג הנשק [אקדח]"": 2.0, ""סוג הנשק [תת מקלע מאולתר]"": 1.0, ""סוג עבירה"": ""החזקה נשק"", ""סטטוס הנשק"": ""נשק עם מחסנית בהכנס"", ""תכנון"": ""כן"", ""תאריך העבירה"": ""24.12.15"", ""מיקום העבירה"": ""בית הנאשם בטייבה"", ""סוגי הנשק הנוספים"": ""אקדח זיג זאוור, קרלו"", ""קוטר תחמושת"": ""9 מ\""מ, 7.65 מ\""מ"", ""מספר נשקים"": 3, ""מספר מחסניות"": 4, ""שימוש"": ""לא""}",30.0,"להלן ניתוח הדמיון המהותי בין שני התיקים:

1. **סוג העבירה וחומרתה:** תיק 1 עוסק בנשיאה והובלה של נשק (144(ב)), עבירה חמורה יותר מהחזקה בלבד (144(א)) בתיק 2. החומרה שונה באופן משמעותי.
2. **תפקיד הנאשם ומעורבותו:** בתיק 1 הנאשם מעורב בפרשייה מורכבת, מה שמרמז על מעורבות פעילה יותר מאשר בתיק 2, שם ההחזקה היא בבית הנאשם. לא ברור האם בתיק 2 הנאשם יזם את ההחזקה או רק החזיק בנשק.
3. **שיטת הביצוע (MO):** בתיק 1 הנשק היה על גופו של הנאשם, בעוד שבתיק 2 הוא היה מוסלק בבית. שיטות הביצוע שונות מאוד.
4. **נסיבות הליבה:** תיק 1 כולל מחסנית אחת עם כדורים, בעוד שתיק 2 כולל מספר מחסניות עם כמות תחמושת גדולה יותר, וגם נשקים נוספים. בתיק 2 קיימת טענה להגנה עצמית, בעוד שבתיק 1 לא מצוין שימוש או מטרה. תיק 2 כולל תכנון מראש, בעוד שבתיק 1 לא.
5. **ישימות כתקדם:** בשל ההבדלים המשמעותיים בסוג העבירה (144(א) לעומת 144(ב)), שיטת הביצוע, ונסיבות הליבה, סביר להניח שבית המשפט לא יראה בתיק 2 תקדים רלוונטי לתיק 1, במיוחד לצורך קביעת ענישה. העובדה שתיק 2 כולל מספר נשקים ותחמושת רבה יותר עשויה להחמיר את הענישה, בעוד שתיק 1 מתמקד בנשיאה והובלה, שהיא עבירה חמורה יותר כשלעצמה.

SIMILARITY_SCORE: 30","ok",""
"ME-13-02-28360-614","ME-16-06-44840-433",1,0,0,"{""אופן החזקת הנשק"": ""ברכב"", ""מספר עבירה"": ""144 ב"", ""סוג הנשק [אקדח]"": 1.0, ""סוג עבירה"": ""נשיאת נשק"", ""סטטוס הנשק"": ""נשק עם כדור בקנה"", ""עבירות נוספות"": ""הפרעה לשוטר במילוי תפקידו,נהיגה ללא רישיון,נהיגה ללא ביטוח',נהיגה תחת השפעת משקאות משכרים"", ""שימוש"": ""כן,ירי"", ""תכנון"": ""לא"", ""מקום האירוע"": ""רהט"", ""תאריך האירוע"": ""9/2/13"", ""התנהגות במהלך המעצר"": ""ניסיון להימלט, נסיעה מהירה, נסיעה על המדרכה"", ""מספר יריות"": 3, ""מקום הירי"": ""צריף ברהט"", ""זהות נוסע ברכב"": ""הלאל אבו זעילה"", ""סוג הרכב"": ""רכב גנוב"", ""סוג המשקאות המשכרים"": ""אלכוהוליים"", ""תגובת תושבים"": ""צעקות מתושב השכונה"", ""תגובת המשטרה"": ""ניידת עם אורות כחולים דולקים, סירנה והכריזה"", ""כמות תחמושת"": ""ללא""}","{""שנת לידה"": ""1993"", ""מיקום האירוע"": ""רחוב האפרסמון, ירושלים"", ""תאריך האירוע"": ""5.6.16"", ""מעורבים נוספים"": ""אלירון גולד, רן אברג'יל, יוני אברג'יל, נתי קורקוס"", ""פרטי הסדר טיעון"": ""הודאה והרשעה בכתב אישום שתוקן"", ""פרטי הסתרת הנשק"": ""הטמנת רימוני הלם במקום סמוך, העברתם בין שני מקומות מסתור נוספים"", ""מספר עבירה"": ""144 א, 144 ב"", ""סוג עבירה"": ""החזקה נשק, נשיאת נשק"", ""עבירות נוספות"": ""סיוע לנסיון לתקיפה לפי סעיפים 379 + 25 + 31 לחוק"", ""סוג הנשק [רימון רסס]"": 1.0, ""סוג הנשק [רימון הלם/גז]"": 2.0, ""סטטוס הנשק"": ""תקין"", ""תכנון"": ""כן"", ""אופן החזקת הנשק"": ""ברכב, מוסלק - מוסתר"", ""אופן קבלת הנשק"": ""מאחר"", ""מטרה-סיבת העבירה"": ""סכסוך"", ""שימוש"": ""זריקת רימון"", ""כמות תחמושת"": ""ללא""}",40.0,"ניתוח הדמיון המהותי בין שני התיקים:

1. **סוג העבירה וחומרתה:** שני התיקים עוסקים בעבירות נשק לפי חוק העונשין, אך תיק 1 מתמקד בנשיאת נשק (144(ב)) עם שימוש בירי, בעוד תיק 2 כולל גם החזקה (144(א)) וגם נשיאה, עם שימוש בזריקת רימון. חומרת תיק 1 גבוהה יותר בשל השימוש בפועל באקדח וירי, בעוד תיק 2 מתמקד בהחזקה ובהכנה לשימוש.

2. **תפקיד הנאשם ומעורבותו:** בתיק 1 הנאשם נראה כמי שביצע את העבירה בעצמו, כולל נהיגה מסוכנת וניסיון הימלטות. בתיק 2 הנאשם מעורב עם מספר אנשים נוספים, וייתכן שמדובר בתפקיד פחות מרכזי (סיוע).

3. **שיטת הביצוע (MO):** בשני התיקים הנשק הוחזק ברכב, אך בתיק 1 הנשק היה טעון ושימש לירי, בעוד בתיק 2 הנשק הוסלק והועבר בין מקומות מסתור. שיטת הביצוע שונה באופן משמעותי.

4. **נסיבות הליבה:** שני התיקים כוללים שימוש בנשק, אך סוג הנשק שונה (אקדח לעומת רימונים). תיק 1 כולל נסיבות מחמירות כמו נהיגה בשכרות וניסיון הימלטות, בעוד תיק 2 מצביע על תכנון מראש וסכסוך כרקע.

5. **ישימות כתקדים:** בשל השוני בסוג הנשק, בנסיבות השימוש, ובתפקיד הנאשם, בית המשפט עשוי לראות את התיקים כבעלי רלוונטיות מוגבלת לצורכי ענישה. העובדה ששני התיקים עוסקים בעבירות נשק היא נקודת דמיון, אך השוני המהותי מצמצם את הישימות כתקדים.

SIMILARITY_SCORE: 40","ok",""
"SH-18-06-11098-353","SH-16-11-7544-55",3,1,1,"{""אופן החזקת הנשק"": ""מוסלק - מוסתר"", ""כמות תחמושת"": ""מספר מחסניות"", ""מספר עבירה"": ""144 א"", ""סוג הנשק [רובה סער ]"": 1.0, ""סוג עבירה"": ""החזקה נשק"", ""סטטוס הנשק"": ""נשק מופרד מתחמושת"", ""תכנון"": ""לא"", ""סוג רובה"": ""גליל"", ""מספר סידורי נשק"": ""נמחק"", ""תאריך המעצר"": ""23/05/18"", ""הודאה בעובדות"": ""כן"", ""שימוש"": ""לא""}","{""אופן החזקת הנשק"": ""על גופו"", ""כמות תחמושת"": ""מחסנית ובה 10 כדורים"", ""מספר עבירה"": ""144 א"", ""סוג הנשק [תת מקלע מאולתר]"": 1.0, ""סוג עבירה"": ""החזקה נשק"", ""סטטוס הנשק"": ""נשק מופרד מתחמושת"", ""תכנון"": ""לא"", ""תאריך האירוע"": ""26.10.16"", ""מיקום האירוע"": ""מחלף להב-שומריה, כביש 6 לכוון צפון"", ""סוג הרכב"": ""רכב פרטי"", ""זיהוי הנאשם"": ""על ידי שוטר"", ""שם השוטר"": ""מיכאל אדרי"", ""קוטר הקליעים"": ""9 מ\""מ"", ""שימוש"": ""לא""}",40.0,"1. **סוג העבירה וחומרתה:** שני התיקים עוסקים בעבירה של החזקת נשק (סעיף 144א' לחוק העונשין). עם זאת, סוג הנשק שונה (רובה סער מול תת מקלע מאולתר), וייתכן שזה משפיע על הערכת החומרה.

2. **תפקיד הנאשם ומעורבותו:** בשני התיקים הנאשם הוא מחזיק הנשק, אך אופן ההחזקה שונה (מוסלק לעומת על הגוף), מה שעשוי לרמז על רמת מעורבות שונה. בשני המקרים אין אינדיקציה למעורבות מעבר להחזקה.

3. **שיטת הביצוע (MO):** שיטת הביצוע שונה באופן משמעותי - הסלקה לעומת נשיאה על הגוף. העובדה שהנשק מופרד מהתחמושת בשני המקרים היא נקודת דמיון קטנה.

4. **נסיבות הליבה:** כמות התחמושת שונה (מספר מחסניות לעומת מחסנית אחת). בשני המקרים אין שימוש בנשק, אין תכנון מוקדם, ואין נסיבות מחמירות או מקלות מפורטות.

5. **ישימות כתקדים:** בשל העובדה שמדובר בשני תיקי 144א' בלבד, וההבדלים בשיטת ההחזקה ובסוג הנשק, סביר להניח שבית המשפט יראה את התיקים כבעלי רלוונטיות מוגבלת לצורך קביעת ענישה.

SIMILARITY_SCORE: 40","ok",""
"ME-14-07-13179-197","m08000207-175",1,0,0,"{""אופן החזקת הנשק"": ""על גופו"", ""אופן קבלת הנשק"": ""מאחר"", ""כמות תחמושת"": ""3 מחסניות"", ""מטרה-סיבת העבירה"": ""סכסוך"", ""מספר עבירה"": ""144 א, 144 ב"", ""סוג הנשק [אקדח]"": 1.0, ""סוג עבירה"": ""החזקה נשק, נשיאת נשק"", ""סטטוס הנשק"": ""נשק עם כדור בקנה"", ""עבירות נוספות"": ""ירי באזור מגורים, לפי סעיף 340א לחוק; שיבוש מהלכי משפט, לפי סעיף 244 לחוק; הפרת הוראה חוקית, לפי סעיף 287(א) לחוק; גניבה, לפי סעיף 384 לחוק; ואיומים, לפי סעיף 192 לחוק."", ""שימוש"": ""כן,ירי"", ""תכנון"": ""כן"", ""מיקום האירועים"": ""כפר יפיע, אכסאל, מגרש לפירוק כלי רכב"", ""זמן האירועים"": ""22.06.14, 23.06.14, 13.02.13"", ""קרבה משפחתית"": ""הנאשם והמתלונן הם בני דודים"", ""סוג האקדח"": ""גלוק"", ""כמות היריות"": ""3 יריות באוויר"", ""סכום החוב"": ""2,000 ₪"", ""מעצר הבית"": ""בכפר יפיע תחת פיקוח אמו וסבו"", ""הפרת תנאי מעצר"": ""הנאשם הפר את תנאי מעצר הבית בעת האירועים"", ""מטרת הירי"": ""להפחיד או להקניט את המתלונן"", ""איסוף תרמילים"": ""הנאשם אסף את תרמילי האקדח לאחר הירי""}","{""אופן החזקת הנשק"": ""ברכב"", ""אופן קבלת הנשק"": ""מצא"", ""כמות תחמושת"": ""מחסנית ובה 15 כדורים, מחסנית וסה 10 כדורים"", ""מספר עבירה"": ""144 ב"", ""סוג הנשק [אקדח]"": 1.0, ""סוג עבירה"": ""נשיאת נשק"", ""סטטוס הנשק"": ""נשק עם מחסנית בהכנס"", ""עבירות נוספות"": ""והחזקת סם לצריכה עצמית בלבד, עבירה לפי סעיף 7(א) + (ג) סיפא לפקודת הסמים המסוכנים, התשל\""ג-1973"", ""תכנון"": ""לא"", ""קוטר האקדח"": ""0.9 מ\""מ"", ""מיקום האירוע"": ""סמוך לצומת הערבה"", ""זמן האירוע"": ""12.7.08 בשעה 00:55"", ""סוג הסם"": ""חשיש"", ""משקל הסם"": ""1.36 גרם נטו"", ""שימוש"": ""לא""}",35.0,"להלן ניתוח הדמיון המהותי בין שני התיקים, ממד אחר ממד:

1. **סוג העבירה וחומרתה:** שני התיקים עוסקים בעבירות נשק, אך תיק 1 כולל גם עבירות חמורות נוספות (ירי, שיבוש הליכים, איומים). תיק 2 מתמקד בנשיאת נשק והחזקת סם קל. חומרת תיק 1 גבוהה משמעותית.
2. **תפקיד הנאשם ומעורבותו:** בתיק 1 הנאשם מעורב באופן פעיל בירי, שיבוש הליכים ואף גניבה, מה שמצביע על תפקיד מרכזי. בתיק 2 הנאשם מחזיק בנשק ברכב, ייתכן שמצא אותו, וגם מחזיק בסם קל - מעורבות פחות אקטיבית.
3. **שיטת הביצוע (MO):** בתיק 1 שיטת הביצוע כוללת ירי באזור מגורים, תכנון מראש וניסיון להסתיר ראיות (איסוף תרמילים). בתיק 2 מדובר בהחזקת נשק ברכב ללא תכנון מיוחד. שיטות הביצוע שונות מאוד.
4. **נסיבות הליבה:** תיק 1 כולל שימוש בנשק, תכנון, סכסוך אישי, וירי באזור מיושב - נסיבות מחמירות. תיק 2 מתאפיין במציאת הנשק, ללא שימוש בו, וללא נסיבות מחמירות מיוחדות מלבד החזקת סם. כמות התחמושת דומה יחסית, אך ההקשר שונה.
5. **ישימות כתקדים:** לא סביר שבית משפט יראה בתיק 2 תקדים רלוונטי לתיק 1, בשל חומרת העבירות הנוספות בתיק 1, המעורבות הפעילה של הנאשם, ונסיבות הליבה המחמירות. תיק 2 עשוי לשמש כנקודת השוואה לענישה בגין נשיאת נשק בלבד, אך לא בהקשר של תיק 1.

SIMILARITY_SCORE: 35","ok",""
"SH-17-04-19242-11","SH-16-11-7544-55",3,1,1,"{""אופן החזקת הנשק"": ""בבית, מוסלק - מוסתר"", ""אופן קבלת הנשק"": ""מאחר"", ""כמות תחמושת"": ""2 מחסניות"", ""מספר עבירה"": ""144 א"", ""סוג הנשק [רובה סער ]"": 1.0, ""סוג עבירה"": ""החזקה נשק"", ""סטטוס הנשק"": ""תקין"", ""תכנון"": ""לא"", ""סוג רובה סער"": ""קלאצ'ניקוב"", ""מיקום החזקת הנשק"": ""ארון בחדר שינה"", ""מקור הנשק"": ""דודו של הנאשם"", ""שנת קבלת הנשק"": ""2000"", ""תאריך המעצר"": ""02/04/17"", ""סוג הפעילות המשטרתית"": ""חיפוש יזום"", ""שימוש"": ""לא""}","{""אופן החזקת הנשק"": ""על גופו"", ""כמות תחמושת"": ""מחסנית ובה 10 כדורים"", ""מספר עבירה"": ""144 א"", ""סוג הנשק [תת מקלע מאולתר]"": 1.0, ""סוג עבירה"": ""החזקה נשק"", ""סטטוס הנשק"": ""נשק מופרד מתחמושת"", ""תכנון"": ""לא"", ""תאריך האירוע"": ""26.10.16"", ""מיקום האירוע"": ""מחלף להב-שומריה, כביש 6 לכוון צפון"", ""סוג הרכב"": ""רכב פרטי"", ""זיהוי הנאשם"": ""על ידי שוטר"", ""שם השוטר"": ""מיכאל אדרי"", ""קוטר הקליעים"": ""9 מ\""מ"", ""שימוש"": ""לא""}",35.0,"להלן ניתוח הדמיון המהותי בין שני התיקים:

1. **סוג העבירה וחומרתה:** שני התיקים עוסקים בעבירה של החזקת נשק (144א), אך חומרת העבירה עשויה להיות שונה. תיק 2, בו הנשק היה על גופו של הנאשם במרחב הציבורי, מעיד על פוטנציאל סיכון גבוה יותר מאשר תיק 1, בו הנשק היה מוסלק בבית.

2. **תפקיד הנאשם ומעורבותו:** בשני התיקים הנאשם הוא מחזיק בנשק, אך בתיק 2 ישנה אינדיקציה לחשיפה גדולה יותר (החזקה על הגוף במרחב ציבורי). לא מדובר ביזום או סחר, אלא בהחזקה בלבד.

3. **שיטת הביצוע (MO):** שיטת הביצוע שונה באופן משמעותי. תיק 1 מתייחס להחזקה נסתרת בבית, בעוד תיק 2 מתייחס להחזקה גלויה (יחסית) על גופו של הנאשם תוך כדי נסיעה ברכב.

4. **נסיבות הליבה:** שני התיקים אינם מצביעים על תכנון מוקדם. כמות התחמושת דומה (2 מחסניות בתיק 1, מחסנית אחת בתיק 2). עם זאת, המיקום של ההחזקה (בית לעומת מרחב ציבורי) והעובדה שהנשק בתיק 2 היה מופרד מהתחמושת, יוצרים הבדלים משמעותיים.

5. **ישימות כתקדם:** בשל השוני בנסיבות ההחזקה (בית לעומת מרחב ציבורי, נשק מוסלק לעומת נשק על הגוף), סביר להניח שבית המשפט יראה את התיקים כפחות רלוונטיים זה לזה לצורכי ענישה. העובדה שמדובר בשני תיקי 144(א) לבד אינה מספיקה כדי ליצור תקדים חזק.

SIMILARITY_SCORE: 35","ok",""
"ME-14-10-31218-522","ME-14-12-6904-57",1,0,0,"{""אופן החזקת הנשק"": ""על גופו"", ""מספר עבירה"": ""144 א"", ""סוג הנשק [רימון הלם/גז]"": 1.0, ""סוג עבירה"": ""החזקה נשק"", ""סטטוס הנשק"": ""תקין"", ""שימוש"": ""זריקת רימון"", ""תכנון"": ""לא"", ""שנת לידה"": 1983, ""תאריך האירוע"": ""29/5/14"", ""שעת האירוע"": ""02:45"", ""מיקום האירוע"": ""בית ד\""ר אמון חסן, דיר אל אסד"", ""סוג הרימון"": ""M7290"", ""צבע הרימון"": ""שחור"", ""פס כתוב על הרימון"": ""כן"", ""מספר סידורי של הרימון"": ""E386201"", ""פוטנציאל נזק"": ""גרימת פגיעה גופנית"", ""מיקום פיצוץ הרימון"": ""מרפסת בית המתלונן"", ""השפעת הפיצוץ"": ""קול נפץ עז שהעיר אנשים"", ""כמות תחמושת"": ""ללא""}","{""מיקום הדירה"": ""תל אביב"", ""תאריך רכישת הנשק"": ""18.11.2014"", ""מחיר הנשק"": ""4000 ש\""ח"", ""סוג הנשק"": ""רובה מאולתר מדגם קרל גוסטב"", ""תאריך העבירה"": ""18.11.2014"", ""שעת העבירה"": ""16:40"", ""אופן הסתרת הנשק"": ""עטוף בבגדים בתוך תיק גב"", ""כמות קנאביס"": ""0.3027 גרם נטו"", ""מיקום החזקת הנשק בדירה"": ""מוטמן בארון בגדים בחדר השינה"", ""מספר עבירה"": ""144 ב"", ""סוג עבירה"": ""נשיאת נשק, הובלת נשק"", ""עבירות נוספות"": ""החזקת סם לצריכה עצמית"", ""סוג הנשק [תת מקלע מאולתר]"": 1.0, ""סטטוס הנשק"": ""נשק מופרד מתחמושת"", ""תכנון"": ""כן"", ""אופן החזקת הנשק"": ""בבית, על גופו, מוסלק - מוסתר"", ""אופן קבלת הנשק"": ""רכש"", ""כמות תחמושת"": ""מחסנית"", ""מטרה-סיבת העבירה"": ""הגנה עצמית""}",30.0,"להלן ניתוח הדמיון המהותי בין שני התיקים:

1. **סוג העבירה וחומרתה:** תיק 1 עוסק בהחזקת נשק (144א) ושימוש בו, בעוד תיק 2 עוסק בנשיאה והובלת נשק (144ב) בתוספת החזקת סם. החומרה שונה - שימוש ברימון (תיק 1) חמור יותר מהחזקת רובה מאולתר ללא תחמושת (תיק 2), אך נשיאה/הובלה חמורה מהחזקה בלבד.
2. **תפקיד הנאשם ומעורבותו:** בתיק 1 הנאשם השתמש ברימון, מה שמצביע על מעורבות פעילה. בתיק 2 הנאשם רכש והחזיק בנשק, וטען להגנה עצמית, מה שמצביע על מעורבות מוגדרת יותר (לא רק החזקה פסיבית).
3. **שיטת הביצוע (MO):** בתיק 1 שיטת הביצוע היא זריקת רימון, בעוד שבתיק 2 מדובר בהחזקה והסלקה של נשק. אין דמיון משמעותי בשיטת הביצוע.
4. **נסיבות הליבה:** תיק 1 כולל שימוש ברימון שגרם לקול נפץ, בעוד תיק 2 כולל רובה מאולתר ללא תחמושת, עם כוונה להגנה עצמית. יש הבדל משמעותי בסדר גודל הפגיעה הפוטנציאלית ובנסיבות הליבה.
5. **ישימות כתקדים:** בשל ההבדלים המשמעותיים בסוג העבירה (144א לעומת 144ב), בשיטת הביצוע ובנסיבות הליבה, סביר להניח שבית המשפט לא יראה בתיק 1 תקדים רלוונטי לתיק 2, ולהיפך. העובדה ששני התיקים עוסקים בנשק אינה מספיקה כדי ליצור רלוונטיות משפטית.

SIMILARITY_SCORE: 30","ok",""
"ME-16-10-9348-780","ME-17-05-35227-215",1,0,0,"{""אופן החזקת הנשק"": ""בבית, ברכב"", ""אופן קבלת הנשק"": ""גנב"", ""כמות תחמושת"": ""75 כדורים"", ""מטרה-סיבת העבירה"": ""לעורר את אביו"", ""מספר עבירה"": ""144 ב"", ""סוג הנשק [רובה צייד]"": 1.0, ""סוג עבירה"": ""נשיאת נשק"", ""סטטוס הנשק"": ""נשק מופרד מתחמושת"", ""תכנון"": ""לא"", ""סוג תחמושת"": ""כדורי צייד קליבר 12 מ\""מ"", ""מקום החזקת התחמושת"": ""מחסן הבית"", ""סכום כסף גנוב"": ""3500 ₪"", ""סכום שיק גנוב"": ""500 ₪"", ""מקום העצירה"": ""קריית גת"", ""שותפים לעבירה"": ""מוחמד יונס, הקטין פ. י."", ""מקום מסירת הנשק והתחמושת"": ""בית הקטין בערערה"", ""שימוש"": ""לא""}","{""אופן החזקת הנשק"": ""ברכב"", ""כמות תחמושת"": ""מחסנית"", ""מספר עבירה"": ""144 ב"", ""סוג הנשק [תת מקלע מאולתר]"": 1.0, ""סוג עבירה"": ""נשיאת נשק, הובלת נשק"", ""סטטוס הנשק"": ""נשק עם מחסנית בהכנס"", ""תכנון"": ""כן"", ""תאריך העבירה"": ""7 במאי 2017"", ""שעת העבירה"": ""צהריים"", ""סוג הרכב"": ""אופנוע"", ""דגם הרכב"": ""קואנג יאנג טיו"", ""הודאה בעבירה"": ""הודה"", ""סעיף העבירה"": ""144(ב) רישא וסיפא"", ""שנת החוק"": ""1977"", ""שימוש"": ""לא""}",55.0,"## ניתוח דמיון מהותי בין תיק 1 לתיק 2:

1. **סוג העבירה וחומרתה:** שני התיקים עוסקים בעבירה של נשיאת נשק לפי סעיף 144(ב) לחוק העונשין, אך תיק 2 כולל גם הובלה. חומרת העבירה דומה, אך תיק 2 עשוי להיתפס כחמור יותר בשל ההובלה והתכנון המוקדם.
2. **תפקיד הנאשם ומעורבותו:** בשני התיקים הנאשם מחזיק בנשק, אך בתיק 1 יש שותפים לעבירה (גנבה של הנשק), בעוד שבתיק 2 אין פרטים על מעורבות של אחרים. בתיק 1 הנאשם הוא יותר ""צרכן"" של הנשק (גנבה), בעוד שבתיק 2 הוא מחזיק בו באופן פעיל יותר.
3. **שיטת הביצוע (MO):** בשני התיקים הנשק הוחזק ברכב, אך בתיק 2 מדובר באופנוע. ההבדל בסוג הנשק (רובה צייד מול תת מקלע מאולתר) והסטטוס שלו (מופרד מתחמושת לעומת עם מחסנית) מצביעים על הבדלים בשיטת הביצוע.
4. **נסיבות הליבה:** כמות התחמושת שונה באופן משמעותי (75 כדורים לעומת מחסנית). בתיק 2 יש תכנון מוקדם, בעוד שבתיק 1 אין. העובדה שבתיק 1 הנשק נגנב מוסיפה נסיבה ייחודית.
5. **ישימות כתקדם:** בשל הדמיון בסוג העבירה (144(ב)), בית המשפט עשוי להתייחס לתיק 2 כבעל רלוונטיות מסוימת לצורך ענישה בתיק 1. עם זאת, ההבדלים המשמעותיים בנסיבות (תכנון, כמות תחמושת, סוג הנשק) יצמצמו את המשקל שיינתן לתקדים.

SIMILARITY_SCORE: 55","ok",""
"ME-16-06-42987-901","ME-12-04-33577-700",1,0,0,"{""אופן קבלת הנשק"": ""מאחר"", ""כמות תחמושת"": ""כדור"", ""מטרה-סיבת העבירה"": ""סכסוך"", ""מספר עבירה"": ""144 ב"", ""סוג הנשק - אם לא נמצא בטבלה"": ""כלי נשק מאולתר"", ""סוג הנשק [רימון הלם/גז]"": 4.0, ""סוג עבירה"": ""נשיאת נשק"", ""סטטוס הנשק"": ""נשק עם כדור בקנה"", ""עבירות נוספות"": ""איומים לפי סעיף 192 לחוק; חבלה מחמירה לפי סעיף 329(א)(2) לחוק וניסיון תקיפה בנסיבות מחמירות לפי סעיפים 382(א) + 25 לחוק העונשין. חמש עבירות של סחר בסמים לפי סעיפים 13+19א' לפקודת הסמים המסוכנים [נוסח חדש] תשל\""ג-1973 ובעבירה אחת של החזקת סם שלא לשימוש עצמי לפי סעיפים 7(א) + 7(ג) רישא לפקודה זו.עבירה של גניבה לפי סעיף 384 לחוק העונשין."", ""שימוש"": ""ניסיון לירי ללא הצלחה, זריקת רימון"", ""תכנון"": ""כן"", ""מקום האירוע"": ""שכונת גילה, ירושלים"", ""סוג הרימון"": ""רימון הלם"", ""תאריך האירוע"": ""לא צוין במפורש"", ""שותפים לעבירה"": ""אמיר סלמה"", ""סוג הסם בתיק הסמים"": ""חשיש"", ""כמות הסם"": ""גרמים בודדים"", ""מחיר הסם"": ""בין 100 ל-400 ש\""ח"", ""זמן המכירות"": ""מאי ויוני 2016"", ""סוג הפריט הגנוב"": ""אופניים חשמליים"", ""שווי הפריט הגנוב"": ""3,000 ש\""ח"", ""תאריך הגניבה"": ""17.5.16""}","{""אופן החזקת הנשק"": ""על גופו"", ""מטרה-סיבת העבירה"": ""סכסוך"", ""מספר עבירה"": ""144 א, 144 ב"", ""סוג הנשק [אקדח]"": 1.0, ""סוג עבירה"": ""החזקה נשק, נשיאת נשק"", ""סטטוס הנשק"": ""תקין"", ""עבירות נוספות"": ""חבלה בכוונה מחמירה, עבירה לפי סעיף 329(א)(2) לחוק העונשין ויריות באזור מגורים, עבירה לפי סעיף 340(א) לחוק העונשין."", ""שימוש"": ""כן,ירי"", ""תכנון"": ""כן"", ""מיקום האירוע"": ""בית שאן"", ""תאריך האירוע"": ""13/4/12"", ""שעת האירוע"": ""02:00 לפנות בוקר"", ""פרטי המתלונן"": ""זרק כוס לעבר הנאשם"", ""תיאור התקרית"": ""במהלך ויכוח זרק המתלונן כוס לכיוון הנאשם, הנאשם שלף אקדח וירה שלוש יריות"", ""מספר יריות"": 3, ""מיקום פגיעות הירי"": ""אחת ליד הראש, אחת ליד הגב, שריטה בברך הימנית"", ""כמות תחמושת"": ""ללא""}",65.0,"להלן ניתוח הדמיון המהותי בין שני התיקים, ממד אחר ממד:

1. **סוג העבירה וחומרתה:** שני התיקים עוסקים בעבירות נשק (144(א) ו/או 144(ב)), אך תיק 1 כולל גם עבירות סחר בסמים וגניבה, מה שמגדיל את מורכבותו וחומרתו. שני התיקים כוללים גם עבירות אלימות (חבלה, איומים).
2. **תפקיד הנאשם ומעורבותו:** בשני התיקים הנאשם מעורב ישירות בשימוש בנשק (ירי או ניסיון ירי). בתיק 1 יש שותף לעבירה, בעוד שבתיק 2 הנאשם פעל לבדו.
3. **שיטת הביצוע (MO):** בשני התיקים יש שימוש בנשק בעקבות סכסוך. תיק 1 כולל שימוש ברימון הלם בנוסף לנשק חם, בעוד תיק 2 מתמקד בירי באקדח.
4. **נסיבות הליבה:** שני התיקים מתרחשים על רקע סכסוך. תיק 1 כולל תכנון מוקדם, שימוש במספר סוגי נשק (מאולתר ורימון), וגם עבירות נוספות. תיק 2 מתמקד באירוע ירי ספציפי בעקבות זריקת כוס. כמות התחמושת בתיק 2 אינה ידועה, בעוד שבתיק 1 מדובר בכדור אחד.
5. **ישימות כתקדים:** בשל העובדה ששני התיקים עוסקים בעבירות נשק על רקע סכסוך, וכוללים שימוש בנשק, בית המשפט עשוי לראות בתיק 1 תקדים רלוונטי לתיק 2, בעיקר בכל הנוגע לענישה בגין עבירות נשק. עם זאת, העבירות הנוספות בתיק 1 (סמים, גניבה) יצרו הבחנה מסוימת.

SIMILARITY_SCORE: 65","ok",""
"ME-15-08-44579-251","SH-17-04-19242-11",1,0,0,"{""אופן החזקת הנשק"": ""ברכב, מוסלק - מוסתר"", ""כמות תחמושת"": ""מחסנית ובה 0 כדורים"", ""מספר עבירה"": ""144 ב"", ""סוג הנשק [אקדח]"": 1.0, ""סוג עבירה"": ""נשיאת נשק"", ""סטטוס הנשק"": ""נשק מופרד מתחמושת"", ""תכנון"": ""לא"", ""סוג הרכב"": ""קטנוע"", ""מותג הרכב"": ""גוימקס"", ""מספר לוחית רישוי"": ""3689624"", ""מצב לוחית רישוי"": ""מזויפת"", ""מצב רישיון נהיגה של הנהג"": ""ללא רישיון נהיגה"", ""מיקום האירוע"": ""כביש 4, חדרה, קרבת אזור התעשייה הצפוני"", ""זמן האירוע"": ""10.08.15, 22:05"", ""סוג האקדח"": ""FN"", ""מספר סידורי של האקדח"": ""459238"", ""אופן אחסון הנשק"": ""עטוף בסמרטוט בתוך שקית אשפה"", ""פעולת השוטר"": ""הדלקת אורות כחולים, רדיפה, קריאה לעצור"", ""תגובת הנהג לשוטר"": ""המשך נסיעה, הגברת מהירות, נסיעה באור אדום"", ""תוצאת הרדיפה"": ""פגיעה בניידות משטרה, ניסיון בריחה רגלית, תפיסה של הנאשם והנהג"", ""שימוש"": ""לא""}","{""אופן החזקת הנשק"": ""בבית, מוסלק - מוסתר"", ""אופן קבלת הנשק"": ""מאחר"", ""כמות תחמושת"": ""2 מחסניות"", ""מספר עבירה"": ""144 א"", ""סוג הנשק [רובה סער ]"": 1.0, ""סוג עבירה"": ""החזקה נשק"", ""סטטוס הנשק"": ""תקין"", ""תכנון"": ""לא"", ""סוג רובה סער"": ""קלאצ'ניקוב"", ""מיקום החזקת הנשק"": ""ארון בחדר שינה"", ""מקור הנשק"": ""דודו של הנאשם"", ""שנת קבלת הנשק"": ""2000"", ""תאריך המעצר"": ""02/04/17"", ""סוג הפעילות המשטרתית"": ""חיפוש יזום"", ""שימוש"": ""לא""}",35.0,"להלן ניתוח הדמיון המהותי בין שני התיקים, ממד אחר ממד:

1. **סוג העבירה וחומרתה:** תיק 1 עוסק בנשיאת נשק (144(ב)), עבירה חמורה יותר מהחזקת נשק (144(א)) בתיק 2. ההבדל בסוג העבירה הוא משמעותי ומשפיע על הענישה.
2. **תפקיד הנאשם ומעורבותו:** בתיק 1 הנאשם מעורב בנסיעה ברכב עם נשק מוסלק, תוך ביצוע עבירות נוספות (נהיגה ללא רישיון, לוחית רישוי מזויפת, בריחה מהמשטרה). בתיק 2 הנאשם מחזיק בנשק בביתו, ללא מעורבות נוספת. תיק 1 מעיד על מעורבות אקטיבית יותר.
3. **שיטת הביצוע (MO):** בשני התיקים הנשק מוסלק, אך ההקשר שונה - רכב לעומת בית. בתיק 1 יש אלמנט של הסתרה וניסיון התחמקות, שאינו קיים בתיק 2.
4. **נסיבות הליבה:** תיק 1 כולל נשק מופרד מתחמושת, רדיפה משטרתית, פגיעה בניידת משטרה וניסיון בריחה. תיק 2 כולל רובה סער, אך ללא נסיבות מחמירות דומות. כמות התחמושת שונה (מחסנית ריקה לעומת שתי מחסניות).
5. **ישימות כתקדים:** לא סביר שבית משפט יראה בתיק 2 תקדים רלוונטי לתיק 1, בעיקר בשל ההבדל המשמעותי בסוג העבירה (נשיאה לעומת החזקה) ובנסיבות המחמירות בתיק 1. תיק 1 עשוי לשמש תקדים לתיקים דומים של נשיאת נשק בנסיבות דומות, אך לא לתיק של החזקה בלבד.

SIMILARITY_SCORE: 35","ok",""
"ME-15-06-12109-344","SH-14-11-8987-965",1,0,0,"{""תאריך האירוע"": ""2.5.13"", ""מיקום האירוע"": ""כפר עזריה"", ""מעורבים נוספים"": ""עמאר זלום, אחיו של הנאשם"", ""סוג הנשק [אקדח]"": 1.0, ""מספר עבירה"": ""144 ב"", ""סוג עבירה"": ""נשיאת נשק, הובלת נשק"", ""סטטוס הנשק"": ""תקין"", ""תכנון"": ""כן"", ""אופן החזקת הנשק"": ""ברכב"", ""שימוש"": ""לא"", ""כמות תחמושת"": ""ללא""}","{""אופן קבלת הנשק"": ""גנב"", ""מספר עבירה"": ""144 א"", ""סוג הנשק [אקדח]"": 1.0, ""סוג עבירה"": ""החזקה נשק"", ""סטטוס הנשק"": ""תקול"", ""עבירות נוספות"": ""גניבה לפי סעיפים 384"", ""תכנון"": ""לא"", ""שנת לידה"": 1985, ""מקום מגורים"": ""ירושלים"", ""סוג האקדח"": ""קולט 45"", ""מיקום האירוע"": ""רח' דוד רזיאל 28, ירושלים"", ""תאריך האירוע"": ""מאי 2014"", ""הקשר למתלונן"": ""היה אמור לנקות את הבית"", ""משך זמן עד להודאה"": ""חודש ימים"", ""שימוש"": ""לא"", ""כמות תחמושת"": ""ללא""}",35.0,"1. **סוג העבירה וחומרתה:** תיק 1 עוסק בעבירה חמורה יותר - נשיאה והובלה של נשק (144(ב)), בעוד תיק 2 עוסק בהחזקה בלבד (144(א)). הפער בחומרה משמעותי ומשפיע על הערכת הדמיון.

2. **תפקיד הנאשם ומעורבותו:** בתיק 1 הנאשם מעורב יחד עם אחיו, מה שמרמז על מעורבות אקטיבית יותר. בתיק 2, הנאשם מחזיק בנשק גנוב, אך לא ברור מה הייתה תכליתו או מעורבותו בנסיבות הגניבה.

3. **שיטת הביצוע (MO):** בשני התיקים הנשק הוא אקדח, אך אופן ההחזקה שונה - ברכב בתיק 1, ובבית בתיק 2. העובדה שבשני המקרים לא נעשה שימוש בנשק היא נקודת דמיון מסוימת.

4. **נסיבות הליבה:** בשני התיקים אין תחמושת, אך הסטטוס של הנשק שונה (תקין לעומת תקול). תיק 1 כולל תכנון מראש, בעוד תיק 2 מתייחס לגניבה ספונטנית. היעדר תכנון בתיק 2 מפחית את הדמיון.

5. **ישימות כתקדים:** לא סביר שבית משפט יראה בתיק 1 תקדים רלוונטי לתיק 2, בעיקר בשל ההבדל המשמעותי בסוג העבירה (144(ב) לעומת 144(א)). תיק 1 עוסק בפעולה אקטיבית יותר, בעוד תיק 2 מתמקד בהחזקה של נשק גנוב.

SIMILARITY_SCORE: 35","ok",""
"ME-21-10-18557-340","ME-16-12-50986-619",3,1,1,"{""אופן החזקת הנשק"": ""ברכב, על גופו"", ""כמות תחמושת"": ""מחסנית + 2 כדורים"", ""מטרה-סיבת העבירה"": ""סכסוך"", ""מספר עבירה"": ""144 א, 144 ב"", ""סוג הנשק [תת מקלע מאולתר]"": 1.0, ""סוג עבירה"": ""החזקה נשק, נשיאת נשק, הובלת נשק"", ""סטטוס הנשק"": ""נשק עם כדור בקנה"", ""עבירות נוספות"": ""ירי מנשק חם"", ""שימוש"": ""כן,ירי"", ""תכנון"": ""לא"", ""סוג רכב הנאשם"": ""מאזדה בצבע כחול"", ""מיקום האירוע"": ""כפר אבו סנאן"", ""זמן האירוע"": ""16.9.2021, סמוך לשעה 19:00"", ""סוג רכב המטרה"": ""מאזדה לבנה"", ""מעורבים נוספים"": ""ג'יהאד סואעד, מוחמד פעאור"", ""כוונת הירי"": ""להפחיד או להקניט"", ""מיקום ישיבת הנאשם ברכב"": ""מושב נוסע"", ""מיקום ישיבת ג'יהאד ברכב"": ""מושב נהג"", ""מיקום ישיבת א' במאזדה"": ""מושב נוסע ליד הנהג"", ""מיקום ישיבת מוחמד פעאור במאזדה"": ""מושב נהג"", ""סוג הכדורים"": ""קליבר 9 מ\""מ"", ""סוג המחסנית"": ""מחסנית תואמת לתת מקלע"", ""מיקום הירי"": ""באזור מגורים"", ""סכנה פוטנציאלית"": ""סכנה לחיי אדם""}","{""אופן החזקת הנשק"": ""ברכב"", ""מטרה-סיבת העבירה"": ""סכסוך"", ""מספר עבירה"": ""144 ב"", ""סוג הנשק - אם לא נמצא בטבלה"": ""כלי נשק"", ""סוג עבירה"": ""נשיאת נשק, הובלת נשק"", ""סטטוס הנשק"": ""נשק עם כדור בקנה"", ""עבירות נוספות"": ""בעבירות של קשירת קשר לפשע, לפי סעיף 449(א)(1) לחוק העונשין; איומים, לפי סעיף 192 לחוק העונשין;  וירי באזור מגורים, לפי סעיף 340 א' לחוק העונשין."", ""שימוש"": ""כן,ירי"", ""תכנון"": ""לא"", ""זמן האירוע"": ""15.12.16 בסמוך לשעה 14:45"", ""מיקום האירוע"": ""שכונה 20 ברהט"", ""כלי רכב מעורב"": ""ב.מ.וו"", ""זיהוי נאשמים"": ""הנאשם ואחרים שזהותם אינה ידועה"", ""קרבה משפחתית"": ""המתלוננים הם קרובי משפחה"", ""כיסוי פנים"": ""חבשו כובעים וחם-צוואר להקשות על זיהוי"", ""פעולת האיום"": ""הוצאת פלג גופו העליון מחלון הגג וירי באוויר"", ""תגובת המתלוננים"": ""ניסו להסתתר מפני הנאשם והאחרים"", ""כמות תחמושת"": ""ללא""}",65.0,"להלן ניתוח הדמיון המהותי בין שני התיקים, ממד אחר ממד:

1. **סוג העבירה וחומרתה:** שני התיקים עוסקים בעבירות נשק לפי סעיפים 144(א) ו-(ב) לחוק העונשין, כולל נשיאה והובלה. שני התיקים כוללים גם עבירות נלוות של ירי, מה שמגביר את החומרה.
2. **תפקיד הנאשם ומעורבותו:** בשני התיקים הנאשם מעורב באופן פעיל בנשיאת/הובלת הנשק ובירי. בתיק 1 יש מעורבים נוספים, אך גם בתיק 2 יש ""אחרים שזהותם אינה ידועה"".
3. **שיטת הביצוע (MO):** בשני התיקים הנשק נמצא ברכב, ויש שימוש בירי. בתיק 2 יש אלמנט של איום מובהק (ירי באוויר), בעוד שבתיק 1 המטרה היא ""להפחיד או להקניט"".
4. **נסיבות הליבה:** שני התיקים מתרחשים על רקע סכסוך. בתיק 1 מצוין כמות תחמושת ספציפית, בעוד שבתיק 2 הכמות אינה ידועה. בשני התיקים הנשק היה עם כדור בקנה, מה שמגביר את הסכנה.
5. **ישימות כתקדים:** בהתחשב בדמיון בסוג העבירה, בנסיבות הסכסוך, ובשימוש בנשק חם, בית משפט עשוי לראות את תיק 1 כרלוונטי לענישה בתיק 2, במיוחד בכל הנוגע לעבירות הנלוות של ירי ואיומים. עם זאת, העובדה שבתיק 1 יש מעורבים נוספים ופירוט רב יותר של הנסיבות עשויה להוביל להבחנה.

SIMILARITY_SCORE: 65","ok",""
"ME-13-10-53169-537","ME-13-10-28139-807",2,0,1,"{""אופן החזקת הנשק"": ""על גופו"", ""כמות תחמושת"": ""מחסנית ריקה ובה 0 כדורים + 2 כדורים + 17 כדורים"", ""מספר עבירה"": ""144 ב"", ""סוג הנשק [אקדח]"": 1.0, ""סוג עבירה"": ""נשיאת נשק"", ""סטטוס הנשק"": ""נשק עם מחסנית בהכנס"", ""שימוש"": ""כן,ירי"", ""תכנון"": ""כן"", ""מיקום התחמושת"": ""בכיס האחורי ומתחת לכיסא הנהג"", ""כמות יריות"": ""15 יריות"", ""כיוון הירי"": ""לא ידוע למאשימה""}","{""אופן החזקת הנשק"": ""על גופו"", ""מטרה-סיבת העבירה"": ""סכסוך"", ""מספר עבירה"": ""144 א"", ""סוג הנשק [אקדח]"": 1.0, ""סוג עבירה"": ""ביצוע עבירות בנשק"", ""סטטוס הנשק"": ""תקין"", ""עבירות נוספות"": ""ניסיון לחבלה חמורה בנסיבות מחמירות לפי סעיפים 333+335(א)(1) ו-25 לפי החוק."", ""שימוש"": ""כן,ירי"", ""תכנון"": ""כן"", ""מיקום האירוע"": ""רהט"", ""קורבנות"": ""המתלונן ובנו"", ""גיל הקטין"": 18, ""מספר קליעים שפגעו"": 3, ""התנהלות הנאשם לאחר האירוע"": ""נמלט מהמקום"", ""פגיעה ברכוש"": ""קליעים חדרו לדלת הנהג"", ""סוג הרכב"": ""רכב פרטי"", ""מיקום הירי"": ""לעבר דלת הנהג"", ""כמות תחמושת"": ""ללא""}",35.0,"ניתוח הדמיון המהותי בין שני התיקים:

1. **סוג העבירה וחומרתה:** שני התיקים עוסקים בעבירות נשק, אך תיק 1 הוא נשיאת נשק (144ב) ותיק 2 הוא ביצוע עבירות בנשק (144א) בשילוב ניסיון לחבלה חמורה. חומרת העבירה בתיק 2 גבוהה משמעותית, בשל הניסיון לחבלה והפגיעה בפועל.

2. **תפקיד הנאשם ומעורבותו:** בשני התיקים הנאשם מחזיק בנשק על גופו ומשתמש בו בירי. עם זאת, בתיק 2 יש אלמנט של מטרה מוגדרת (סכסוך) ופגיעה ממשית באנשים, מה שמצביע על מעורבות אקטיבית יותר וכוונת פגיעה.

3. **שיטת הביצוע (MO):** בשני התיקים הנשק היה תקין ושימש לירי. עם זאת, בתיק 1 לא ידוע כיוון הירי, בעוד שבתיק 2 הירי כוון לדלת הנהג, מה שמצביע על שיטת ביצוע ממוקדת יותר.

4. **נסיבות הליבה:** שני התיקים כוללים שימוש בנשק וגם תכנון. תיק 1 כולל כמות תחמושת מסוימת (אם כי מחסנית ריקה), בעוד שבתיק 2 לא נמצאה תחמושת. תיק 2 כולל נסיבות מחמירות של פגיעה בקורבנות ונסיבות נוספות כמו נמלטות מהמקום.

5. **ישימות כתקדם:** בשל ההבדלים המשמעותיים בסוג העבירה (144ב לעומת 144א + עבירות חמורות נוספות) ובחומרתה, תיק 1 הוא תקדים חלש מאוד לתיק 2. העובדה ששניהם כוללים ירי ושימוש בנשק אינה מספיקה כדי להצדיק ראייה בתקדים ענישה.

SIMILARITY_SCORE: 35","ok",""
"SH-15-12-65958-120","SH-16-09-33552-535",3,1,1,"{""אופן החזקת הנשק"": ""בבית, מוסלק - מוסתר"", ""כמות תחמושת"": ""מחסנית ובה 8 כדורים + מחסנית ובה 15 כדורים + מחסנית ריקה ובה 0 כדורים + מחסנית ובה 6 כדורים"", ""מטרה-סיבת העבירה"": ""הגנה עצמית"", ""מספר עבירה"": ""144 א"", ""סוג הנשק [אקדח]"": 2.0, ""סוג הנשק [תת מקלע מאולתר]"": 1.0, ""סוג עבירה"": ""החזקה נשק"", ""סטטוס הנשק"": ""נשק עם מחסנית בהכנס"", ""תכנון"": ""כן"", ""תאריך העבירה"": ""24.12.15"", ""מיקום העבירה"": ""בית הנאשם בטייבה"", ""סוגי הנשק הנוספים"": ""אקדח זיג זאוור, קרלו"", ""קוטר תחמושת"": ""9 מ\""מ, 7.65 מ\""מ"", ""מספר נשקים"": 3, ""מספר מחסניות"": 4, ""שימוש"": ""לא""}","{""מספר עבירה"": ""144 א"", ""סוג עבירה"": ""החזקה נשק"", ""סוג הנשק [אקדח]"": 1.0, ""סוג הנשק [רובה סער מאולתר]"": 1.0, ""סטטוס הנשק"": ""נשק מופרד מתחמושת"", ""תכנון"": ""כן"", ""אופן החזקת הנשק"": ""מוסלק - מוסתר"", ""כמות תחמושת"": ""מחסנית, מחסנית ובה 0 כדורים, 4 כדורים, 60 כדורים"", ""שימוש"": ""לא""}",65.0,"להלן ניתוח הדמיון המהותי בין שני התיקים:

1. **סוג העבירה וחומרתה:** שני התיקים עוסקים בעבירה של החזקת נשק (סעיף 144 לחוק העונשין). עם זאת, תיק 1 כולל מספר רב יותר של נשקים ותחמושת, מה שמצביע על חומרה פוטנציאלית גבוהה יותר.

2. **תפקיד הנאשם ומעורבותו:** בשני התיקים, הנאשם מחזיק בנשק באופן מוסלק, מה שמצביע על מעורבות ישירה. לא ניתן להסיק מהנתונים האם הנאשם יזם את ההחזקה או פעל כשליח.

3. **שיטת הביצוע (MO):** בשני התיקים הנשק הוחזק באופן מוסלק, מה שמצביע על דפוס דומה של הסתרה.

4. **נסיבות הליבה:** שני התיקים כוללים החזקת נשק מוסלק, אך תיק 1 כולל כמות תחמושת גדולה יותר ומגוון רחב יותר של נשקים (אקדח וקרלו). תיק 2 כולל רובה סער מאולתר, מה שעלול להצביע על פוטנציאל פלילי גבוה יותר. בשני התיקים לא נעשה שימוש בנשק.

5. **ישימות כתקדם:** בשני התיקים מדובר בהחזקה (144(א)), אך כמות הנשקים והתחמושת בתיק 1 גבוהה משמעותית. בית המשפט עשוי להתייחס לתיק 2 כבעל רלוונטיות מסוימת, אך ייתן משקל רב יותר לנסיבות הייחודיות של כל תיק, ובפרט לכמות הנשקים והתחמושת.

SIMILARITY_SCORE: 65","ok",""
"ME-16-05-9968-487","SH-11-01-41775-497",2,0,1,"{""מיקום רכישת הנשק"": ""ברטעה"", ""מחיר רכישת הנשק"": ""7300 שקלים"", ""תאריך רכישת הנשק"": ""חודש אפריל 2016"", ""מיקום החזקת הנשק"": ""גג בית חברו אחסאן דיב"", ""תאריך גילוי הנשק"": ""22.4.16"", ""מספר סידורי של הנשק"": ""41814"", ""מעורבות קרובי משפחה"": ""כן"", ""מספר מעורבים"": ""3"", ""שמות המעורבים"": ""מהדי בסל, סמיר בסל, אחסאן דיב"", ""מספר עבירה"": ""144 א, 144 ב"", ""סוג עבירה"": ""החזקה נשק, נשיאת נשק"", ""סוג הנשק [תת מקלע מאולתר]"": 1.0, ""סטטוס הנשק"": ""נשק עם מחסנית בהכנס"", ""תכנון"": ""לא"", ""אופן החזקת הנשק"": ""בבית, מוסלק - מוסתר"", ""אופן קבלת הנשק"": ""מאחר"", ""כמות תחמושת"": ""מחסנית"", ""שימוש"": ""לא""}","{""תקופת החזקת הנשק"": ""כשנה וחצי"", ""תאריך תחילת החזקת הנשק"": ""1.6.08"", ""סוג עבירה"": ""החזקה נשק, נשיאת נשק"", ""סוג הנשק [אקדח]"": 1.0, ""סטטוס הנשק"": ""נשק מופרד מתחמושת"", ""תכנון"": ""לא"", ""אופן החזקת הנשק"": ""בבית, ברכב"", ""כמות תחמושת"": ""מחסנית ריקה ובה 0 כדורים + 34 כדורים"", ""מטרה-סיבת העבירה"": ""הגנה עצמית"", ""שימוש"": ""לא""}",55.0,"להלן ניתוח הדמיון המהותי בין שני התיקים:

1. **סוג העבירה וחומרתה:** שני התיקים עוסקים בעבירות של החזקת נשק (144א) ונשיאת נשק (144ב), מה שמצביע על נקודת דמיון משמעותית. עם זאת, סוג הנשק שונה (תת מקלע מאולתר לעומת אקדח), וזה יכול להשפיע על חומרת העבירה בעיני בית המשפט.

2. **תפקיד הנאשם ומעורבותו:** בתיק 1 ישנם שלושה מעורבים, מה שמצביע על מעורבות רחבה יותר, ייתכן סחר או שיתוף פעולה. בתיק 2 מדובר ככל הנראה בהחזקה עצמאית. זהו הבדל משמעותי, שכן תפקיד הנאשם משפיע על הענישה.

3. **שיטת הביצוע (MO):** בשני התיקים הנשק הוחזק בבית, אך בתיק 2 הוא הוחזק גם ברכב. אופן ההחזקה (מוסלק לעומת פשוט בבית/ברכב) שונה, אך לא באופן דרמטי.

4. **נסיבות הליבה:** כמות התחמושת שונה (מחסנית אחת לעומת מחסנית ריקה + 34 כדורים). בתיק 2 מצוינת מטרה של הגנה עצמית, בעוד שבתיק 1 לא מצוינת מטרה. העובדה שבתיק 1 הנשק היה עם מחסנית בהכנס היא נסיבה מחמירה משמעותית.

5. **ישימות כתקדים:** בית המשפט עשוי להתייחס לשני התיקים כרלוונטיים זה לזה, בעיקר בשל העבירות הדומות (144א ו-144ב). עם זאת, ההבדלים בתפקיד הנאשם, כמות התחמושת, הנסיבות (הגנה עצמית) וסטטוס הנשק (עם מחסנית בהכנס) יצמצמו את המשקל שיינתן לתיק 1 כענישה בתיק 2.

SIMILARITY_SCORE: 55","ok",""
"ME-19-04-1316-977","ME-16-05-19384-544",1,0,0,"{""אופן החזקת הנשק"": ""ברכב"", ""אופן קבלת הנשק"": ""מאחר"", ""כמות תחמושת"": ""900 כדורים"", ""מטרה-סיבת העבירה"": ""בצע כסף"", ""מספר עבירה"": ""144 ב"", ""סוג הנשק [תת מקלע מאולתר]"": 1.0, ""סוג עבירה"": ""סחר בנשק, ניסיון לסחר"", ""סטטוס הנשק"": ""תקין"", ""תכנון"": ""כן"", ""סוג תחמושת"": ""כדורי M16 ו-5.56 מ\""מ"", ""מספר תחמושת"": ""1100 כדורים"", ""מחיר העסקה"": ""19000 ₪"", ""מיקום העסקה"": ""א-ראם"", ""זמן העסקה"": ""בין פברואר למרץ 2019"", ""סוג הנשק [אקדח]"": 1.0, ""סוג הנשק [קרלו]"": 1.0, ""סטטוס הנשק [מקולקל]"": 1.0, ""התקשרות עם צד שלישי"": ""האחר"", ""התקשרות עם סוכן"": ""מספר שיחות תיאום"", ""הבטחת נשק נוסף"": ""אקדח ותחמושת תואמת"", ""שימוש"": ""לא""}","{""מחיר נשק קרל גוסטב"": ""4000 ₪"", ""מחיר מכירה לחרוב"": ""3500 ₪"", ""מחיר רכישה מחרוב"": ""3000 ₪"", ""סוג נשק נוסף"": ""תבור"", ""מיקום החבייה"": ""שכונה סמוכה למקום מגוריו"", ""תאריך התקרית"": ""14.11.15"", ""שעת התקרית"": ""בין 1:00 ל-2:00"", ""מספר כדורים שנורו"": ""5"", ""מספר רכבי ביטחון שנפגעו"": ""3"", ""תאריך חיפושי כוחות הביטחון"": ""מרץ 2016"", ""שם השומר הנשק"": ""מחמוד זהאדה"", ""שם הקונה השני"": ""מוראד מחיסן"", ""שם הקונה השלישי"": ""עבד חרוב"", ""תאריך פיגוע ירי חרוב"": ""9.3.16"", ""מיקום פיגוע ירי חרוב"": ""ירושלים, צומת רמות ושמעון הצדיק"", ""מספר כדורי תחמושת שנמכרו לחרוב"": ""10"", ""מספר עבירה"": ""144 א, 144 ב"", ""סוג עבירה"": ""נשיאת נשק, סחר בנשק"", ""עבירות נוספות"": ""ניסיון לחבלה חמורה,רכישת נשק"", ""סוג הנשק [תת מקלע]"": 3.0, ""סוג הנשק [רובה סער]"": 1.0, ""סטטוס הנשק"": ""נשק עם כדור בקנה"", ""תכנון"": ""כן"", ""אופן החזקת הנשק"": ""מוסלק - מוסתר, סמוך לבית"", ""אופן קבלת הנשק"": ""רכש"", ""כמות תחמושת"": ""10 כדורים"", ""מטרה-סיבת העבירה"": ""בצע כסף"", ""שימוש"": ""כן,ירי""}",65.0,"להלן ניתוח הדמיון המהותי בין שני התיקים, ממד אחר ממד:

1. **סוג העבירה וחומרתה:** שני התיקים עוסקים בסחר בנשק (144ב בתיק 1 ו-144א/ב בתיק 2). תיק 1 מתמקד בסחר מובהק, בעוד תיק 2 כולל גם נשיאה (144א) ושימוש בנשק. חומרת העבירה דומה, אך תיק 2 חמור יותר בשל השימוש בנשק.
2. **תפקיד הנאשם ומעורבותו:** בתיק 1 הנאשם מעורב בסחר ישיר, יזם/סוחר. בתיק 2 יש מספר דמויות (קונה, מוכר, שומר נשק) והמעורבות מורכבת יותר, אך גם שם יש אלמנט של סחר.
3. **שיטת הביצוע (MO):** בשני התיקים מדובר בעסקאות מכירה/רכישה של נשק עבור בצע כסף. תיק 1 מתאר תיאום טלפוני, בעוד תיק 2 מתאר רכישה והסלקה. הדמיון קיים ברעיון הבסיסי של עסקת סחר.
4. **נסיבות הליבה:** תיק 1 כולל כמות גדולה של תחמושת (1100 כדורים) ומספר סוגי נשק. תיק 2 כולל כמות קטנה של תחמושת (10 כדורים) ושימוש בנשק בירי. תיק 2 כולל גם נסיבות מחמירות של שימוש בנשק בפיגוע ירי.
5. **ישימות כתקדים:** בית המשפט עשוי לראות את שני התיקים כרלוונטיים זה לזה לצורכי ענישה, בעיקר בכל הנוגע לסחר בנשק. עם זאת, השימוש בנשק בתיק 2 והכמות הגדולה של התחמושת בתיק 1 יובילו להבחנה בענישה.

SIMILARITY_SCORE: 65","ok",""
"SH-16-02-10948-419","SH-16-11-19417-55",3,1,1,"{""אופן החזקת הנשק"": ""בבית, מוסלק - מוסתר"", ""מספר עבירה"": ""144 א"", ""סוג הנשק [אקדח]"": 1.0, ""סוג עבירה"": ""החזקה נשק"", ""סטטוס הנשק"": ""תקין"", ""תכנון"": ""לא"", ""קוטר הנשק"": ""9 מ\""מ"", ""מיקום החזקת הנשק"": ""ארון הבגדים"", ""סוג הנשק"": ""אוטומטי"", ""שימוש"": ""לא"", ""כמות תחמושת"": ""ללא""}","{""אופן החזקת הנשק"": ""ברכב"", ""כמות תחמושת"": ""מחסנית ובה כדורים"", ""מספר עבירה"": ""144 א"", ""סוג הנשק [אקדח]"": 1.0, ""סוג עבירה"": ""החזקה נשק"", ""סטטוס הנשק"": ""נשק מופרד מתחמושת"", ""תכנון"": ""לא"", ""סוג הרכב"": ""מרצדס"", ""מספר רישוי הרכב"": ""53-321-59"", ""דגם הנשק"": ""ברטה F84"", ""קליבר הנשק"": ""9 מ\""מ קצר"", ""מספר סידורי של הנשק"": ""D79906Y"", ""זמן המעצר"": ""26.10.16, 05:00 בבוקר"", ""מיקום החזקת הנשק"": ""מתחת לכיסא הנהג"", ""שימוש"": ""לא""}",65.0,"1. **סוג העבירה וחומרתה:** שני התיקים עוסקים בעבירה של החזקת נשק (144א) ולכן דומים בסוג העבירה. עם זאת, החזקה ברכב (תיק 2) עשויה להעיד על פוטנציאל גבוה יותר לשימוש, ולכן חומרתה עשויה להיות מעט גבוהה יותר.
2. **תפקיד הנאשם ומעורבותו:** בשני התיקים לא מצוין תפקיד הנאשם, אך ניתן להניח שמדובר בהחזקה אישית ולא יזמות או סחר. המעורבות נראית פסיבית - החזקה בלבד, ללא שימוש או תכנון.
3. **שיטת הביצוע (MO):** שיטת הביצוע שונה - הסלקה בבית (תיק 1) לעומת החזקה ברכב (תיק 2). עם זאת, בשני המקרים הנשק הוסתר.
4. **נסיבות הליבה:** בשני התיקים לא נעשה שימוש בנשק ולא תוכנן מעשה פלילי. תיק 2 כולל תחמושת, בעוד תיק 1 לא, מה שמגדיל את החומרה של תיק 2. העובדה שהנשק בתיק 2 הוחזק מופרד מתחמושת עשויה להצביע על זהירות מסוימת.
5. **ישימות כתקדים:** בית המשפט עשוי לראות את שני התיקים כרלוונטיים זה לזה לצורכי ענישה, אך לא באופן מלא. העובדה ששניהם עוסקים בהחזקה בלבד (144א) היא נקודת דמיון משמעותית, אך ההבדלים במיקום ההחזקה ובקיום תחמושת בתיק 2 עשויים להשפיע על גזר הדין.

SIMILARITY_SCORE: 65","ok",""
"ME-22-03-52964-443","ME-17-05-35227-215",2,0,1,"{""אופן החזקת הנשק"": ""על גופו"", ""כמות תחמושת"": ""מחסנית ובה 16 כדורים, מחסנית ובה 16 כדורים"", ""מטרה-סיבת העבירה"": ""סכסוך"", ""מספר עבירה"": ""144 א, 144 ב"", ""סוג הנשק [אקדח]"": 1.0, ""סוג עבירה"": ""החזקה נשק, נשיאת נשק, הובלת נשק"", ""סטטוס הנשק"": ""נשק עם מחסנית בהכנס"", ""עבירות נוספות"": ""עבירת הפרעה לשוטר במילוי תפקידו לפי סעיף 275 לחוק."", ""תכנון"": ""כן"", ""מודל הנשק"": ""D.D.G מודל 19"", ""קליבר הנשק"": ""9 מ\""מ פרבלום"", ""מקום האירוע"": ""מפעל מזון בדיר אל אסד"", ""תאריך ושעה"": ""9.3.22 בשעה 12:10"", ""תיאור התנהגות הנאשם בעת המעצר"": ""ניסה להשליך את הנשק והתחמושת לתוך ארגז עופות"", ""שימוש"": ""לא""}","{""אופן החזקת הנשק"": ""ברכב"", ""כמות תחמושת"": ""מחסנית"", ""מספר עבירה"": ""144 ב"", ""סוג הנשק [תת מקלע מאולתר]"": 1.0, ""סוג עבירה"": ""נשיאת נשק, הובלת נשק"", ""סטטוס הנשק"": ""נשק עם מחסנית בהכנס"", ""תכנון"": ""כן"", ""תאריך העבירה"": ""7 במאי 2017"", ""שעת העבירה"": ""צהריים"", ""סוג הרכב"": ""אופנוע"", ""דגם הרכב"": ""קואנג יאנג טיו"", ""הודאה בעבירה"": ""הודה"", ""סעיף העבירה"": ""144(ב) רישא וסיפא"", ""שנת החוק"": ""1977"", ""שימוש"": ""לא""}",65.0,"ניתוח הדמיון המהותי בין שני התיקים:

1. **סוג העבירה וחומרתה:** שני התיקים עוסקים בעבירות של החזקה, נשיאה והובלה של נשק (סעיפים 144(א) ו-144(ב) לחוק העונשין). תיק 1 כולל גם עבירה נוספת של הפרעה לשוטר, אך הליבה הפלילית דומה. חומרת העבירה דומה, שכן מדובר בנשק חם.
2. **תפקיד הנאשם ומעורבותו:** בשני התיקים הנאשם מחזיק בנשק באופן ישיר, אך בתיק 1 יש ניסיון להשליך את הנשק בעת המעצר, מה שמצביע על מעורבות אקטיבית יותר בניסיון להסתיר את העבירה. בשני המקרים לא מדובר על יזם או סוחר, אלא על מחזיק.
3. **שיטת הביצוע (MO):** בשני התיקים הנשק נמצא עם מחסנית טעונה. עם זאת, אופן ההחזקה שונה - על הגוף בתיק 1 ובתוך רכב (אופנוע) בתיק 2.
4. **נסיבות הליבה:** בשני התיקים יש תכנון מראש. תיק 1 מציין סכסוך כמטרה/סיבה לעבירה, בעוד שתיק 2 אינו מציין זאת. הכמות תחמושת בתיק 1 גדולה יותר (שתי מחסניות מלאות) מאשר בתיק 2 (מחסנית אחת).
5. **ישימות כתקדם:** בית המשפט עשוי לראות את שני התיקים כרלוונטיים זה לזה לצורכי ענישה, בעיקר בשל סוג העבירה (החזקה/נשיאה/הובלה של נשק חם) והעובדה שמדובר בנשק עם מחסנית טעונה. עם זאת, ההבדלים באופי ההחזקה, כמות התחמושת והנסיבות הנלוות עשויים להשפיע על גזר הדין.

SIMILARITY_SCORE: 65","ok",""
"ME-18-04-19642-504","ME-21-10-18557-340",2,0,1,"{""אופן החזקת הנשק"": ""ברכב, על גופו"", ""כמות תחמושת"": ""2 מחסניות, 40 כדורים"", ""מטרה-סיבת העבירה"": ""אלימות כלפי נשים"", ""מספר עבירה"": ""144 א, 144 ב"", ""סוג הנשק [אקדח]"": 1.0, ""סוג עבירה"": ""נשיאת נשק, הובלת נשק"", ""סטטוס הנשק"": ""נשק עם כדור בקנה"", ""עבירות נוספות"": ""במעשי פזיזות ורשלנות, לפי ס' 338(א)(5) לחוק."", ""שימוש"": ""כן,ירי"", ""תכנון"": ""לא"", ""מיקום האירוע"": ""יער הסמוך לכפר קרע"", ""תאריך האירוע"": ""1.4.18"", ""זמן האירוע"": ""17:00"", ""השפעת אלכוהול"": ""הנאשם היה תחת השפעת משקאות אלכוהוליים"", ""זיכרון הנאשם"": ""הנאשם אינו זוכר את כל פרטי האירוע"", ""מספר יריות"": ""11 יריות באוויר"", ""אופן השימוש בנשק"": ""שליפה והצגה לפני ר.ק. וירי באוויר"", ""התנהלות במהלך המעצר"": ""ניסיון להימלט, השלכת הנשק תחת מושב הרכב"", ""מערכת יחסים עם המתלוננת"": ""הנאשם ור.ק. היו זוג לפני האירוע"", ""סכסוך עם המתלוננת"": ""סכסוך כשבועיים לפני האירוע""}","{""אופן החזקת הנשק"": ""ברכב, על גופו"", ""כמות תחמושת"": ""מחסנית + 2 כדורים"", ""מטרה-סיבת העבירה"": ""סכסוך"", ""מספר עבירה"": ""144 א, 144 ב"", ""סוג הנשק [תת מקלע מאולתר]"": 1.0, ""סוג עבירה"": ""החזקה נשק, נשיאת נשק, הובלת נשק"", ""סטטוס הנשק"": ""נשק עם כדור בקנה"", ""עבירות נוספות"": ""ירי מנשק חם"", ""שימוש"": ""כן,ירי"", ""תכנון"": ""לא"", ""סוג רכב הנאשם"": ""מאזדה בצבע כחול"", ""מיקום האירוע"": ""כפר אבו סנאן"", ""זמן האירוע"": ""16.9.2021, סמוך לשעה 19:00"", ""סוג רכב המטרה"": ""מאזדה לבנה"", ""מעורבים נוספים"": ""ג'יהאד סואעד, מוחמד פעאור"", ""כוונת הירי"": ""להפחיד או להקניט"", ""מיקום ישיבת הנאשם ברכב"": ""מושב נוסע"", ""מיקום ישיבת ג'יהאד ברכב"": ""מושב נהג"", ""מיקום ישיבת א' במאזדה"": ""מושב נוסע ליד הנהג"", ""מיקום ישיבת מוחמד פעאור במאזדה"": ""מושב נהג"", ""סוג הכדורים"": ""קליבר 9 מ\""מ"", ""סוג המחסנית"": ""מחסנית תואמת לתת מקלע"", ""מיקום הירי"": ""באזור מגורים"", ""סכנה פוטנציאלית"": ""סכנה לחיי אדם""}",65.0,"להלן ניתוח הדמיון המהותי בין שני התיקים, ממד אחר ממד:

1. **סוג העבירה וחומרתה:** שני התיקים עוסקים בעבירות של החזקה, נשיאה והובלה של נשק (144 א+ב), וכן בירי מנשק. החומרה דומה, שכן בשני המקרים הנשק היה טעון ונעשה בו שימוש (ירי).
2. **תפקיד הנאשם ומעורבותו:** בשני התיקים הנאשם מחזיק בנשק ומשתמש בו באופן פעיל (ירי). עם זאת, בתיק 2 יש מעורבים נוספים, מה שמצביע על מעורבות רחבה יותר, אולי כחלק מקבוצה.
3. **שיטת הביצוע (MO):** בשני המקרים הנשק נמצא ברכב, על גופו של הנאשם, והשימוש בנשק כולל ירי. אופן השימוש (ירי באוויר בתיק 1, ירי לעבר רכב בתיק 2) שונה, אך הבסיס דומה.
4. **נסיבות הליבה:** בשני התיקים יש כמות תחמושת משמעותית (אם כי בתיק 1 הכמות גדולה יותר). בשניהם הנשק היה עם כדור בקנה. בתיק 1 יש נסיבה מחמירה של אלימות כלפי נשים, בעוד שבתיק 2 מדובר בסכסוך כללי יותר. בתיק 2 קיימת סכנה פוטנציאלית לחיי אדם עקב מיקום הירי.
5. **ישימות כתקדים:** בהתחשב בדמיון בסוג העבירה, בנשיאת הנשק ובירי, בית המשפט עשוי לראות את שני התיקים כרלוונטיים זה לזה לצורכי ענישה, במיוחד בכל הנוגע לעונש על החזקה ונשיאת נשק עם כדור בקנה, ושימוש בו. עם זאת, ההבדלים בנסיבות (אלימות כלפי נשים לעומת סכסוך כללי, מעורבות נוספת בתיק 2) עשויים להשפיע על גובה העונש.

SIMILARITY_SCORE: 65","ok",""
"ME-16-03-59260-279","SH-11-12-35552-181",2,0,1,"{""מיקום החזקת הנשק"": ""חנות דגים, רחוב נווה שאנן 37, תל-אביב"", ""סוג האקדח"": ""גלוק"", ""צבע האקדח"": ""שחור"", ""מספר רישום האקדח"": ""F.V.458"", ""זמן האירוע"": ""23.3.16, סמוך לשעה 7:30"", ""מיקום הירי"": ""רחוב התחייה 19, תל אביב-יפו"", ""סוג הרכב"": ""מרצדס"", ""מיקום נוסף"": ""רחוב המנוע 2, תל אביב-יפו"", ""מספר עבירה"": ""144 א, 144 ב"", ""סוג עבירה"": ""החזקה נשק, נשיאת נשק"", ""סוג הנשק [אקדח]"": 1.0, ""סטטוס הנשק"": ""נשק עם מחסנית בהכנס"", ""תכנון"": ""כן"", ""אופן החזקת הנשק"": ""ברכב, מחסן"", ""כמות תחמושת"": ""מחסנית ובה 14 כדורים"", ""מטרה-סיבת העבירה"": ""סכסוך"", ""שימוש"": ""לא""}","{""מיקום החזקת הנשק"": ""בארון הבגדים בחדר השינה"", ""אופן אריזת הנשק"": ""עטוף בגרב"", ""עיר מגורים"": ""לוד"", ""תאריך העבירה"": ""14/12/11"", ""מספר עבירה"": ""144 א"", ""סוג עבירה"": ""החזקה נשק"", ""סוג הנשק [אקדח]"": 1.0, ""סטטוס הנשק"": ""תקין"", ""תכנון"": ""כן"", ""אופן החזקת הנשק"": ""בבית"", ""אופן קבלת הנשק"": ""רכש"", ""שימוש"": ""לא"", ""כמות תחמושת"": ""ללא""}",35.0,"להלן ניתוח הדמיון המהותי בין שני התיקים:

1. **סוג העבירה וחומרתה:** שני התיקים עוסקים בעבירות נשק, אך תיק 1 כולל גם נשיאת נשק (144(ב)) בעוד תיק 2 מתייחס רק להחזקה (144(א)). החומרה בתיק 1 גבוהה יותר בשל הנשיאה והשימוש הפוטנציאלי.
2. **תפקיד הנאשם ומעורבותו:** בשני התיקים הנאשם הוא מחזיק הנשק, אך בתיק 1 יש רמזים למעורבות בסכסוך, מה שעשוי להעיד על תפקיד פעיל יותר. בתיק 2, ההחזקה היא בבית, ללא אינדיקציה למעורבות חיצונית.
3. **שיטת הביצוע (MO):** שיטות ההחזקה שונות מאוד - ברכב ובמחסן בתיק 1, לעומת ארון בחדר השינה בתיק 2. אופן האריזה שונה גם הוא.
4. **נסיבות הליבה:** תיק 1 כולל תחמושת (14 כדורים) ותכנון, בעוד בתיק 2 אין תחמושת. העובדה שתיק 1 מתייחס לסכסוך היא נסיבה מחמירה שאינה קיימת בתיק 2.
5. **ישימות כתקדם:** בשל השוני המשמעותי בחומרת העבירה (נשיאה לעומת החזקה בלבד), בנסיבות הליבה (תחמושת, סכסוך) ובשיטת הביצוע, סביר להניח שבית המשפט יראה את התיקים כפחות רלוונטיים זה לזה לצורכי ענישה. תיק 1, הכולל נשיאה, לא יסתמך על תקדים של החזקה בלבד.

SIMILARITY_SCORE: 35","ok",""
"ME-16-06-44840-433","ME-14-10-31218-522",1,0,0,"{""שנת לידה"": ""1993"", ""מיקום האירוע"": ""רחוב האפרסמון, ירושלים"", ""תאריך האירוע"": ""5.6.16"", ""מעורבים נוספים"": ""אלירון גולד, רן אברג'יל, יוני אברג'יל, נתי קורקוס"", ""פרטי הסדר טיעון"": ""הודאה והרשעה בכתב אישום שתוקן"", ""פרטי הסתרת הנשק"": ""הטמנת רימוני הלם במקום סמוך, העברתם בין שני מקומות מסתור נוספים"", ""מספר עבירה"": ""144 א, 144 ב"", ""סוג עבירה"": ""החזקה נשק, נשיאת נשק"", ""עבירות נוספות"": ""סיוע לנסיון לתקיפה לפי סעיפים 379 + 25 + 31 לחוק"", ""סוג הנשק [רימון רסס]"": 1.0, ""סוג הנשק [רימון הלם/גז]"": 2.0, ""סטטוס הנשק"": ""תקין"", ""תכנון"": ""כן"", ""אופן החזקת הנשק"": ""ברכב, מוסלק - מוסתר"", ""אופן קבלת הנשק"": ""מאחר"", ""מטרה-סיבת העבירה"": ""סכסוך"", ""שימוש"": ""זריקת רימון"", ""כמות תחמושת"": ""ללא""}","{""אופן החזקת הנשק"": ""על גופו"", ""מספר עבירה"": ""144 א"", ""סוג הנשק [רימון הלם/גז]"": 1.0, ""סוג עבירה"": ""החזקה נשק"", ""סטטוס הנשק"": ""תקין"", ""שימוש"": ""זריקת רימון"", ""תכנון"": ""לא"", ""שנת לידה"": 1983, ""תאריך האירוע"": ""29/5/14"", ""שעת האירוע"": ""02:45"", ""מיקום האירוע"": ""בית ד\""ר אמון חסן, דיר אל אסד"", ""סוג הרימון"": ""M7290"", ""צבע הרימון"": ""שחור"", ""פס כתוב על הרימון"": ""כן"", ""מספר סידורי של הרימון"": ""E386201"", ""פוטנציאל נזק"": ""גרימת פגיעה גופנית"", ""מיקום פיצוץ הרימון"": ""מרפסת בית המתלונן"", ""השפעת הפיצוץ"": ""קול נפץ עז שהעיר אנשים"", ""כמות תחמושת"": ""ללא""}",45.0,"להלן ניתוח הדמיון המהותי בין שני התיקים:

1. **סוג העבירה וחומרתה:** שני התיקים עוסקים בעבירות נשק לפי חוק העונשין. עם זאת, תיק 1 כולל גם נשיאה (144(ב)) בנוסף להחזקה (144(א)), בעוד תיק 2 עוסק רק בהחזקה (144(א)). חומרת העבירה בתיק 1 גבוהה יותר בשל הנשיאה והשימוש ברימון.

2. **תפקיד הנאשם ומעורבותו:** בתיק 1 הנאשם מעורב עם מספר שותפים, וישנה אינדיקציה לסיוע לאחרים. בתיק 2 הנאשם פועל לבדו, והמעורבות שלו מצומצמת יותר להחזקה בלבד.

3. **שיטת הביצוע (MO):** בשני התיקים נעשה שימוש ברימוני הלם/גז, והרימונים נזרקו. עם זאת, בתיק 1 הייתה הסלקה מורכבת יותר, והעברה בין מקומות מסתור, בעוד בתיק 2 הרימון הוחזק על גופו של הנאשם.

4. **נסיבות הליבה:** בשני התיקים אין כמות תחמושת מוגדרת (מלבד הרימון עצמו). בשני התיקים נעשה שימוש ברימון, אך בתיק 1 ישנה אינדיקציה לתכנון מוקדם, בעוד בתיק 2 אין. בשני התיקים יש פוטנציאל לפגיעה גופנית.

5. **ישימות כתקדים:** בשל העובדה שתיק 1 כולל נשיאה (144(ב)) ושימוש, הוא עשוי להיות רלוונטי יותר כרקע לענישה בתיקים דומים. תיק 2, העוסק רק בהחזקה, פחות רלוונטי כתקדים לתיקים הכוללים נשיאה או שימוש בנשק. עם זאת, העובדה שבשני התיקים נעשה שימוש ברימון הלם/גז עשויה להוות נקודת השקה מסוימת.

SIMILARITY_SCORE: 45","ok",""
"sh-10-05-7434-952","SH-18-06-11098-353",1,0,0,"{""אופן החזקת הנשק"": ""בבית, מוסלק - מוסתר"", ""כמות תחמושת"": ""מחסנית"", ""מספר עבירה"": ""144 א"", ""סוג הנשק [אקדח]"": 2.0, ""סוג עבירה"": ""החזקה נשק"", ""סטטוס הנשק"": ""נשק מופרד מתחמושת"", ""תכנון"": ""לא"", ""שם הנאשם"": ""איגור בן סמיון סבובסקי"", ""שנת לידה"": 1961, ""תאריך העבירה"": ""14.4.10"", ""כתובת האירוע"": ""רחוב אורלנסקי 11, פתח תקווה"", ""סוגי האקדחים"": [""ברטה חצי אוטומטי"", ""לאמה חצי אוטומטי""], ""שימוש"": ""לא""}","{""אופן החזקת הנשק"": ""מוסלק - מוסתר"", ""כמות תחמושת"": ""מספר מחסניות"", ""מספר עבירה"": ""144 א"", ""סוג הנשק [רובה סער ]"": 1.0, ""סוג עבירה"": ""החזקה נשק"", ""סטטוס הנשק"": ""נשק מופרד מתחמושת"", ""תכנון"": ""לא"", ""סוג רובה"": ""גליל"", ""מספר סידורי נשק"": ""נמחק"", ""תאריך המעצר"": ""23/05/18"", ""הודאה בעובדות"": ""כן"", ""שימוש"": ""לא""}",65.0,"1. **סוג העבירה וחומרתה:** שני התיקים עוסקים בעבירה של החזקת נשק (144א), אך סוג הנשק שונה (אקדח לעומת רובה סער). רובה סער נחשב לנשק קטלני יותר, אך העבירה עצמה היא החזקה בלבד, ולכן רמת החומרה הבסיסית דומה.
2. **תפקיד הנאשם ומעורבותו:** בשני התיקים הנאשם הוא מחזיק בנשק, ולא יזם או סוחר. אופן ההחזקה (מוסלק) מצביע על מעורבות פסיבית יחסית, אך לא ניתן להסיק מסקנות חד משמעיות ללא מידע נוסף.
3. **שיטת הביצוע (MO):** שיטת הביצוע דומה - הסלקת הנשק. העובדה שהנשק מופרד מהתחמושת בשני המקרים מחזקת את הדמיון בשיטה.
4. **נסיבות הליבה:** בשני התיקים אין תכנון מוקדם לשימוש בנשק. תיק 2 כולל כמות תחמושת גדולה יותר (""מספר מחסניות"" לעומת ""מחסנית""), אך זהו הבדל כמותי ולא איכותי.
5. **ישימות כתקדים:** בהתחשב בכך שמדובר בשני תיקי 144א, ושיטת ההחזקה דומה, בית המשפט עשוי לראות בתיק 1 תקדים רלוונטי לתיק 2, אך יש לקחת בחשבון את ההבדל בסוג הנשק (רובה סער חמור יותר מאקדח) ואת כמות התחמושת.

SIMILARITY_SCORE: 65","ok",""
"SH-19-07-60805-168","SH-16-11-7544-55",2,0,1,"{""אופן החזקת הנשק"": ""ברכב, מוסלק - מוסתר"", ""כמות תחמושת"": ""מחסנית ובה 10 כדורים"", ""מספר עבירה"": ""144 א"", ""סוג הנשק [אקדח]"": 1.0, ""סוג עבירה"": ""החזקה נשק"", ""סטטוס הנשק"": ""נשק עם מחסנית בהכנס"", ""תכנון"": ""לא"", ""סוג הרכב"": ""לקסוס"", ""מספר רישוי"": ""72-111-79"", ""מיקום החזקת הנשק"": ""תא מטען, מתחת לשטיח הגלגל הרזרבי"", ""סוג האקדח"": ""גז/הזנקה"", ""שינוי בייעוד הנשק"": ""מסוגל לירות כדורי אקדח"", ""סוג המחסנית"": ""סמית' אנד ווסון"", ""קוטר הכדורים"": ""9 מ\""מ פאראבלום"", ""שימוש"": ""לא""}","{""אופן החזקת הנשק"": ""על גופו"", ""כמות תחמושת"": ""מחסנית ובה 10 כדורים"", ""מספר עבירה"": ""144 א"", ""סוג הנשק [תת מקלע מאולתר]"": 1.0, ""סוג עבירה"": ""החזקה נשק"", ""סטטוס הנשק"": ""נשק מופרד מתחמושת"", ""תכנון"": ""לא"", ""תאריך האירוע"": ""26.10.16"", ""מיקום האירוע"": ""מחלף להב-שומריה, כביש 6 לכוון צפון"", ""סוג הרכב"": ""רכב פרטי"", ""זיהוי הנאשם"": ""על ידי שוטר"", ""שם השוטר"": ""מיכאל אדרי"", ""קוטר הקליעים"": ""9 מ\""מ"", ""שימוש"": ""לא""}",40.0,"1. **סוג העבירה וחומרתה:** שני התיקים עוסקים בעבירה של החזקת נשק (144א), אך סוג הנשק שונה (אקדח גז לעומת תת מקלע מאולתר). תת מקלע מאולתר נחשב לחמור יותר מאקדח גז, גם אם מדובר באקדח גז שעבר שינוי.

2. **תפקיד הנאשם ומעורבותו:** בשני התיקים הנאשם מחזיק בנשק, אך אופן ההחזקה שונה (מוסלק ברכב לעומת על הגוף). החזקה על הגוף מעידה על נגישות מיידית ועלולה להצביע על כוונה להשתמש בנשק, בעוד שהחזקה מוסלקת ברכב עשויה להעיד על החזקה לצורך אחר.

3. **שיטת הביצוע (MO):** שיטת הביצוע שונה. הסלקת הנשק בתא המטען שונה מהחזקה על הגוף. עם זאת, בשני המקרים מדובר בהחזקה לא חוקית של נשק.

4. **נסיבות הליבה:** בשני התיקים מדובר בכמות תחמושת זהה (מחסנית עם 10 כדורים). בשני המקרים הנשק לא שימש לפעולה פלילית. העובדה שבתיק הראשון הנשק היה עם מחסנית בהכנס, בעוד שבתיק השני הנשק היה מופרד מהתחמושת, היא הבדל משמעותי.

5. **ישימות כתקדם:** בשל השוני בסוג הנשק ובאופן ההחזקה, סביר להניח שבית המשפט יראה את התיקים כבעלי רלוונטיות מוגבלת לצורך ענישה. העובדה שמדובר בשני תיקי 144א בלבד, ללא נסיבות מחמירות נוספות, מצמצמת עוד יותר את הרלוונטיות.

SIMILARITY_SCORE: 40","ok",""
"SH-14-11-8987-965","ME-16-12-50986-619",1,0,0,"{""אופן קבלת הנשק"": ""גנב"", ""מספר עבירה"": ""144 א"", ""סוג הנשק [אקדח]"": 1.0, ""סוג עבירה"": ""החזקה נשק"", ""סטטוס הנשק"": ""תקול"", ""עבירות נוספות"": ""גניבה לפי סעיפים 384"", ""תכנון"": ""לא"", ""שנת לידה"": 1985, ""מקום מגורים"": ""ירושלים"", ""סוג האקדח"": ""קולט 45"", ""מיקום האירוע"": ""רח' דוד רזיאל 28, ירושלים"", ""תאריך האירוע"": ""מאי 2014"", ""הקשר למתלונן"": ""היה אמור לנקות את הבית"", ""משך זמן עד להודאה"": ""חודש ימים"", ""שימוש"": ""לא"", ""כמות תחמושת"": ""ללא""}","{""אופן החזקת הנשק"": ""ברכב"", ""מטרה-סיבת העבירה"": ""סכסוך"", ""מספר עבירה"": ""144 ב"", ""סוג הנשק - אם לא נמצא בטבלה"": ""כלי נשק"", ""סוג עבירה"": ""נשיאת נשק, הובלת נשק"", ""סטטוס הנשק"": ""נשק עם כדור בקנה"", ""עבירות נוספות"": ""בעבירות של קשירת קשר לפשע, לפי סעיף 449(א)(1) לחוק העונשין; איומים, לפי סעיף 192 לחוק העונשין;  וירי באזור מגורים, לפי סעיף 340 א' לחוק העונשין."", ""שימוש"": ""כן,ירי"", ""תכנון"": ""לא"", ""זמן האירוע"": ""15.12.16 בסמוך לשעה 14:45"", ""מיקום האירוע"": ""שכונה 20 ברהט"", ""כלי רכב מעורב"": ""ב.מ.וו"", ""זיהוי נאשמים"": ""הנאשם ואחרים שזהותם אינה ידועה"", ""קרבה משפחתית"": ""המתלוננים הם קרובי משפחה"", ""כיסוי פנים"": ""חבשו כובעים וחם-צוואר להקשות על זיהוי"", ""פעולת האיום"": ""הוצאת פלג גופו העליון מחלון הגג וירי באוויר"", ""תגובת המתלוננים"": ""ניסו להסתתר מפני הנאשם והאחרים"", ""כמות תחמושת"": ""ללא""}",20.0,"להלן ניתוח הדמיון המהותי בין שני התיקים:

1. **סוג העבירה וחומרתה:** תיק 1 עוסק בהחזקת נשק תקול (144(א)), עבירה יחסית קלה. תיק 2 עוסק בנשיאה והובלה של נשק טעון, ירי באזור מגורים, קשירת קשר לפשע ואיומים (144(ב) + עבירות נוספות), עבירות חמורות בהרבה. הפער בחומרה משמעותי.
2. **תפקיד הנאשם ומעורבותו:** בתיק 1 הנאשם גנב את הנשק, אך לא ברור מה הייתה כוונתו. בתיק 2 הנאשם מעורב בירי, ככל הנראה כחלק מסכסוך, ופעל יחד עם אחרים. מעורבותו של הנאשם בתיק 2 אקטיבית ומשמעותית יותר.
3. **שיטת הביצוע (MO):** בתיק 1 אין שיטת ביצוע מובהקת מעבר לגניבה. בתיק 2 שיטת הביצוע כוללת ירי באוויר, הסתרה, ושימוש ברכב – דפוס אלימות מובהק.
4. **נסיבות הליבה:** בתיק 1 אין תחמושת, הנשק תקול, ואין נסיבות מחמירות. בתיק 2 יש נשק טעון, ירי בפועל, סכסוך, קשירת קשר, ואיומים. הנסיבות בתיק 2 מחמירות משמעותית.
5. **ישימות כתקדים:** לא סביר שבית משפט יראה בתיק 1 תקדים רלוונטי לתיק 2. העבירות שונות מהותית, רמת החומרה שונה, והנסיבות שונות. תיק 1 עשוי לשמש כהשוואה לצורך הפחתת עונש בנסיבות מאוד ספציפיות (למשל, נשק תקול, היעדר כוונה פלילית), אך לא כתקדים ענייני.

SIMILARITY_SCORE: 20","ok",""
"SH-16-09-33552-535","ME-16-11-56385-886",1,0,0,"{""מספר עבירה"": ""144 א"", ""סוג עבירה"": ""החזקה נשק"", ""סוג הנשק [אקדח]"": 1.0, ""סוג הנשק [רובה סער מאולתר]"": 1.0, ""סטטוס הנשק"": ""נשק מופרד מתחמושת"", ""תכנון"": ""כן"", ""אופן החזקת הנשק"": ""מוסלק - מוסתר"", ""כמות תחמושת"": ""מחסנית, מחסנית ובה 0 כדורים, 4 כדורים, 60 כדורים"", ""שימוש"": ""לא""}","{""אופן החזקת הנשק"": ""על גופו"", ""אופן קבלת הנשק"": ""גנב"", ""מספר עבירה"": ""144 א"", ""סוג הנשק [אקדח]"": 1.0, ""סוג עבירה"": ""החזקה נשק"", ""סטטוס הנשק"": ""נשק עם כדור בקנה"", ""תכנון"": ""לא"", ""תאריך גניבת הנשק"": ""14.10.07"", ""תאריך החזקת הנשק"": ""18.11.16"", ""מותג הנשק"": ""יריחו"", ""מצב הנשק בעת המעצר"": ""דרוך, טעון ומוכן לירי"", ""שימוש"": ""לא"", ""כמות תחמושת"": ""ללא""}",35.0,"ניתוח הדמיון המהותי בין שני התיקים:

1. **סוג העבירה וחומרתה:** שני התיקים עוסקים בעבירה של החזקת נשק (סעיף 144א' לחוק העונשין). עם זאת, חומרת התיקים שונה – תיק 1 כולל החזקת רובה סער מאולתר וכמות תחמושת משמעותית, בעוד תיק 2 מתייחס לאקדח בלבד וללא תחמושת.

2. **תפקיד הנאשם ומעורבותו:** בשני התיקים הנאשם הוא מחזיק בנשק, אך בתיק 2 מצוין שהנשק נגנב, מה שעשוי להשפיע על הערכת מידת המעורבות והאשמה. בתיק 1 ישנה אינדיקציה לתכנון, מה שמצביע על מעורבות אקטיבית יותר.

3. **שיטת הביצוע (MO):** שיטת ההחזקה שונה – מוסלק בתיק 1 ועל הגוף בתיק 2. העובדה שבתיק 1 הנשק הופרד מהתחמושת, ובתיק 2 היה טעון ומוכן לירי, מעידה על הבדלים בנסיבות ההחזקה.

4. **נסיבות הליבה:** הכמות והסטטוס של התחמושת שונים באופן משמעותי. תיק 1 כולל כמות תחמושת גדולה (60 כדורים) ואף מחסניות ריקות, בעוד בתיק 2 אין תחמושת כלל. העובדה שבתיק 2 הנשק היה דרוך ומוכן לירי מעידה על פוטנציאל מסוכן יותר, אך היעדר תחמושת מפחית מכך.

5. **ישימות כתקדים:** בשל ההבדלים המשמעותיים בחומרת העבירה (רובה סער לעומת אקדח), בכמות התחמושת ובסטטוס הנשק, סביר להניח שבית המשפט לא יראה בתיק 1 תקדים רלוונטי לענישה בתיק 2, ולהיפך. העובדה שבשני התיקים מדובר בהחזקה בלבד (144א') מגבילה את הרלוונטיות ההדדית.

SIMILARITY_SCORE: 35","ok",""
"ME-17-08-28615-573","ME-17-05-35227-215",2,0,1,"{""אופן החזקת הנשק"": ""על גופו"", ""כמות תחמושת"": ""מחסנית ובה 9 כדורים, 50 כדורים"", ""מספר עבירה"": ""144 א, 144 ב"", ""סוג הנשק [רימון הלם/גז]"": 1.0, ""סוג הנשק [תת מקלע מאולתר]"": 1.0, ""סוג עבירה"": ""החזקה נשק, נשיאת נשק"", ""סטטוס הנשק"": ""נשק מופרד מתחמושת"", ""עבירות נוספות"": ""הפרעה לשוטר במילוי תפקידו, לפי סעיף 275 לחוק העונשין"", ""תכנון"": ""כן"", ""מיקום האירוע"": ""תחנת דלק ליד קיבוץ בית העמק"", ""זמן האירוע"": ""בין השעות 19:57 ל-23:04"", ""פעולות הנאשם במהלך האירוע"": ""הכניס את התיק לפח אשפה, שהה במקום, ניגש לפיצוצייה, רץ לכיוון הפח והמשיך בריצה עם התיק"", ""תגובת הנאשם להתקרבות שוטרים"": ""החל להימלט ושלח את התיק למיכל מחזור"", ""מספר שוטרים במעורבות"": ""5"", ""סוג הרכב המשטרתי"": ""ניידת משטרה"", ""מיקום המציאת הנאשם"": ""מסתתר בשיחים בקרבת מקום"", ""שימוש"": ""לא""}","{""אופן החזקת הנשק"": ""ברכב"", ""כמות תחמושת"": ""מחסנית"", ""מספר עבירה"": ""144 ב"", ""סוג הנשק [תת מקלע מאולתר]"": 1.0, ""סוג עבירה"": ""נשיאת נשק, הובלת נשק"", ""סטטוס הנשק"": ""נשק עם מחסנית בהכנס"", ""תכנון"": ""כן"", ""תאריך העבירה"": ""7 במאי 2017"", ""שעת העבירה"": ""צהריים"", ""סוג הרכב"": ""אופנוע"", ""דגם הרכב"": ""קואנג יאנג טיו"", ""הודאה בעבירה"": ""הודה"", ""סעיף העבירה"": ""144(ב) רישא וסיפא"", ""שנת החוק"": ""1977"", ""שימוש"": ""לא""}",65.0,"## ניתוח דמיון מהותי בין התיקים:

1. **סוג העבירה וחומרתה:** שני התיקים עוסקים בעבירות נשיאת נשק (144(ב)), אך תיק 1 כולל גם עבירת החזקה (144(א)). חומרת העבירה דומה, אך תיק 1 כולל גם עבירה נוספת (הפרעה לשוטר) המגדילה את חומרתו.
2. **תפקיד הנאשם ומעורבותו:** בשני התיקים הנאשם הוא נושא הנשק, אך בתיק 1 ישנה התנהגות אקטיבית יותר של ניסיון התחמקות והסתרת הנשק, בעוד שבתיק 2 מדובר בהובלה ברכב והודאה.
3. **שיטת הביצוע (MO):** בשני התיקים מדובר בנשיאת תת מקלע מאולתר, אך אופן ההחזקה שונה (על הגוף לעומת ברכב). תיק 1 כולל אלמנט של ניסיון הסתרה וזריקה של הנשק, שאינו קיים בתיק 2.
4. **נסיבות הליבה:** שני התיקים כוללים תכנון מראש. תיק 1 כולל כמות תחמושת גדולה יותר (9+50 כדורים לעומת מחסנית אחת) ומתרחש במרחב ציבורי (תחנת דלק) עם מעורבות של מספר שוטרים. תיק 2 מתרחש בהובלה על אופנוע.
5. **ישימות כתקדים:** בית המשפט עשוי לראות את שני התיקים כרלוונטיים זה לזה לצורכי ענישה, בעיקר בשל סוג הנשק (תת מקלע מאולתר) והעבירה המרכזית (144(ב)). עם זאת, ההבדלים בנסיבות (כמות התחמושת, התנהגות הנאשם, מעורבות שוטרים) עשויים להשפיע על גזר הדין.

SIMILARITY_SCORE: 65","ok",""
"SH-16-11-7544-55","ME-16-10-12213-904",1,0,0,"{""אופן החזקת הנשק"": ""על גופו"", ""כמות תחמושת"": ""מחסנית ובה 10 כדורים"", ""מספר עבירה"": ""144 א"", ""סוג הנשק [תת מקלע מאולתר]"": 1.0, ""סוג עבירה"": ""החזקה נשק"", ""סטטוס הנשק"": ""נשק מופרד מתחמושת"", ""תכנון"": ""לא"", ""תאריך האירוע"": ""26.10.16"", ""מיקום האירוע"": ""מחלף להב-שומריה, כביש 6 לכוון צפון"", ""סוג הרכב"": ""רכב פרטי"", ""זיהוי הנאשם"": ""על ידי שוטר"", ""שם השוטר"": ""מיכאל אדרי"", ""קוטר הקליעים"": ""9 מ\""מ"", ""שימוש"": ""לא""}","{""סוג רכב"": ""סובארו"", ""בעלות על הרכב"": ""רשום על שם אחיו, מג'ד"", ""מיקום החזקת הנשק"": ""מתחת לכיסא הנוסע שליד הנהג"", ""מיקום המחסנית"": ""מתחת לכיסא הנוסע שליד הנהג"", ""מקום מגורים"": ""אום-אל-פחם"", ""מקום החזקת הנשק"": ""בית אמו"", ""סוג התחמושת"": ""כדור 9 מ\""מ"", ""מקום התפיסה"": ""במוסך במורד הרחוב"", ""מספר עבירה"": ""144 ב"", ""סוג עבירה"": ""נשיאת נשק"", ""סוג הנשק [תת מקלע מאולתר]"": 1.0, ""סטטוס הנשק"": ""נשק מופרד מתחמושת"", ""תכנון"": ""כן"", ""אופן החזקת הנשק"": ""ברכב, מוסלק - מוסתר"", ""אופן קבלת הנשק"": ""מצא"", ""כמות תחמושת"": ""מחסנית ריקה ובה 0 כדורים + 1 כדור"", ""שימוש"": ""לא""}",35.0,"להלן ניתוח הדמיון המהותי בין שני התיקים:

1. **סוג העבירה וחומרתה:** שני התיקים עוסקים בעבירות נשק, אך תיק 1 הוא החזקה (144(א)) ותיק 2 הוא נשיאה (144(ב)). נשיאה חמורה יותר מהחזקה, ולכן יש הבדל משמעותי ברמת החומרה.
2. **תפקיד הנאשם ומעורבותו:** בתיק 1 הנאשם מחזיק בנשק על גופו, מה שמצביע על שליטה ישירה. בתיק 2 הנשק מוסלק ברכב, וייתכן שהנאשם אינו בעל השליטה הבלעדית עליו (הרכב רשום על שם אחיו).
3. **שיטת הביצוע (MO):** בשני התיקים מדובר בתת מקלע מאולתר, אך אופן ההחזקה שונה - על הגוף לעומת הסלקה ברכב. ההסלקה מצביעה על כוונה להשתמש בנשק, או לפחות להחזיקו באופן שאינו גלוי.
4. **נסיבות הליבה:** כמות התחמושת שונה (10 כדורים לעומת מחסנית ריקה וכדור בודד). בתיק 2 יש אלמנט של תכנון מראש, בעוד שבתיק 1 לא מצוין תכנון. מיקום האירוע שונה (כביש לעומת בית אמו ומוסך).
5. **ישימות כתקדם:** בשל ההבדל המהותי בסוג העבירה (144(א) לעומת 144(ב)), תיק 1 לא יהווה תקדים ישיר לתיק 2. בית המשפט יתייחס לתיקים אלו כנפרדים, וייתכן שישווה רק את סוג הנשק ואת העובדה שלא נעשה שימוש בנשק.

SIMILARITY_SCORE: 35","ok",""
"ME-15-02-9111-399","ME-14-07-13179-197",1,0,0,"{""אופן החזקת הנשק"": ""על גופו"", ""כמות תחמושת"": ""מחסנית ובה 13 כדורים"", ""מספר עבירה"": ""144 א"", ""סוג הנשק [אקדח]"": 1.0, ""סטטוס הנשק"": ""נשק מופרד מתחמושת"", ""תכנון"": ""לא"", ""תאריך העבירה"": ""25.1.15"", ""שעת העבירה"": ""סמוך לשעה 15:00"", ""מיקום העבירה"": ""כפר בענה"", ""סיבת הגעת השוטרים"": ""לעכב את יוסף חסארמה לחקירה"", ""פעולת הנאשם בעת העבירה"": ""מנוסה מהשוטרים"", ""סוג האקדח"": ""FN"", ""מספר האקדח"": ""74423"", ""סוג התחמושת"": ""9 מ\""מ"", ""פעולה במהלך המנוסה"": ""זריקת האקדח והמחסנית"", ""שימוש"": ""לא""}","{""אופן החזקת הנשק"": ""על גופו"", ""אופן קבלת הנשק"": ""מאחר"", ""כמות תחמושת"": ""3 מחסניות"", ""מטרה-סיבת העבירה"": ""סכסוך"", ""מספר עבירה"": ""144 א, 144 ב"", ""סוג הנשק [אקדח]"": 1.0, ""סוג עבירה"": ""החזקה נשק, נשיאת נשק"", ""סטטוס הנשק"": ""נשק עם כדור בקנה"", ""עבירות נוספות"": ""ירי באזור מגורים, לפי סעיף 340א לחוק; שיבוש מהלכי משפט, לפי סעיף 244 לחוק; הפרת הוראה חוקית, לפי סעיף 287(א) לחוק; גניבה, לפי סעיף 384 לחוק; ואיומים, לפי סעיף 192 לחוק."", ""שימוש"": ""כן,ירי"", ""תכנון"": ""כן"", ""מיקום האירועים"": ""כפר יפיע, אכסאל, מגרש לפירוק כלי רכב"", ""זמן האירועים"": ""22.06.14, 23.06.14, 13.02.13"", ""קרבה משפחתית"": ""הנאשם והמתלונן הם בני דודים"", ""סוג האקדח"": ""גלוק"", ""כמות היריות"": ""3 יריות באוויר"", ""סכום החוב"": ""2,000 ₪"", ""מעצר הבית"": ""בכפר יפיע תחת פיקוח אמו וסבו"", ""הפרת תנאי מעצר"": ""הנאשם הפר את תנאי מעצר הבית בעת האירועים"", ""מטרת הירי"": ""להפחיד או להקניט את המתלונן"", ""איסוף תרמילים"": ""הנאשם אסף את תרמילי האקדח לאחר הירי""}",35.0,"1. **סוג העבירה וחומרתה:** שני התיקים עוסקים בעבירות נשק, אך תיק 2 חמור משמעותית. תיק 1 הוא החזקה בלבד (144(א)), בעוד תיק 2 כולל גם נשיאה (144(ב)) ועבירות נלוות חמורות כמו ירי באזור מגורים, שיבוש הליכים ואיומים.

2. **תפקיד הנאשם ומעורבותו:** בתיק 1 הנאשם מנסה להימלט מהשוטרים, מה שמצביע על מודעות לאי-חוקיות ההחזקה. בתיק 2 הנאשם מקבל את הנשק מאחר, מעורב בסכסוך, יורה באוויר ואף אוסף תרמילים – מעורבות אקטיבית וחמורה יותר.

3. **שיטת הביצוע (MO):** בשני התיקים הנשק הוחזק על גופו של הנאשם. עם זאת, תיק 2 כולל שימוש בנשק (ירי) וניסיון הסתרה (איסוף תרמילים), בעוד תיק 1 מתמקד במנוסה וזריקת הנשק.

4. **נסיבות הליבה:** תיק 1 כולל מחסנית אחת עם 13 כדורים, בעוד תיק 2 כולל 3 מחסניות. תיק 2 מתרחש על רקע סכסוך משפחתי, כולל ירי באזור מגורים ותכנון מראש, מה שמוסיף נסיבות מחמירות משמעותיות.

5. **ישימות כתקדים:** בשל ההבדלים המשמעותיים בחומרת העבירות, המעורבות של הנאשם והנסיבות הנלוות, סביר להניח שבית המשפט לא יראה בתיק 1 תקדים רלוונטי לענישה בתיק 2. תיק 1 עוסק בהחזקה פשוטה, בעוד תיק 2 כולל מגוון עבירות חמורות.

SIMILARITY_SCORE: 35","ok",""
"SH-20-02-52091-995","ME-17-05-35227-215",1,0,0,"{""אופן החזקת הנשק"": ""בבית"", ""כמות תחמושת"": ""20 כדורים"", ""מספר עבירה"": ""144 א"", ""סוג הנשק [תת מקלע מאולתר]"": 1.0, ""סוג עבירה"": ""החזקה נשק"", ""סטטוס הנשק"": ""נשק מופרד מתחמושת"", ""תכנון"": ""לא"", ""סוג הנשק"": ""תת מקלע מאולתר 9 מ\""מ"", ""מיקום החזקת הנשק"": ""ארון במטבח"", ""מיקום הבית"": ""שבט אלאעצם"", ""תאריך החזקת הנשק"": ""מיום 14.02.20"", ""תאריך התגלית"": ""16.02.20"", ""שעת התגלית"": ""סמוך לשעה 15:00"", ""סוג הפעילות המשטרתית"": ""חיפוש יזום"", ""שימוש"": ""לא""}","{""אופן החזקת הנשק"": ""ברכב"", ""כמות תחמושת"": ""מחסנית"", ""מספר עבירה"": ""144 ב"", ""סוג הנשק [תת מקלע מאולתר]"": 1.0, ""סוג עבירה"": ""נשיאת נשק, הובלת נשק"", ""סטטוס הנשק"": ""נשק עם מחסנית בהכנס"", ""תכנון"": ""כן"", ""תאריך העבירה"": ""7 במאי 2017"", ""שעת העבירה"": ""צהריים"", ""סוג הרכב"": ""אופנוע"", ""דגם הרכב"": ""קואנג יאנג טיו"", ""הודאה בעבירה"": ""הודה"", ""סעיף העבירה"": ""144(ב) רישא וסיפא"", ""שנת החוק"": ""1977"", ""שימוש"": ""לא""}",30.0,"להלן ניתוח הדמיון המהותי בין שני התיקים:

1. **סוג העבירה וחומרתה:** שני התיקים עוסקים בעבירות נשק, אך תיק 1 הוא החזקה בלבד (144(א)) בעוד תיק 2 הוא נשיאה/הובלה (144(ב)). ההבדל בסוג העבירה הוא קריטי וחומרה של 144(ב) גבוהה משמעותית.
2. **תפקיד הנאשם ומעורבותו:** לא ניתן להסיק מהנתונים על תפקיד הנאשם (יזם/שליח). עם זאת, נשיאה/הובלה (תיק 2) מרמזת על מעורבות אקטיבית יותר מאשר החזקה בבית (תיק 1).
3. **שיטת הביצוע (MO):** בשני התיקים מדובר בתת מקלע מאולתר, אך אופן ההחזקה שונה - בבית לעומת ברכב. זהו דמיון חלקי, אך לא מספיק כדי להצביע על דמיון מהותי בשיטת הביצוע.
4. **נסיבות הליבה:** הכמות תחמושת שונה (20 כדורים לעומת מחסנית). תיק 2 כולל תכנון מוקדם, בעוד בתיק 1 לא מצוין תכנון. העובדה שהנשק בתיק 2 היה עם מחסנית טעונה מוסיפה לחומרה.
5. **ישימות כתקדם:** בשל ההבדל המהותי בסוג העבירה (144(א) לעומת 144(ב)), בית המשפט לא יראה בתיק 1 תקדים רלוונטי לתיק 2. תיק 1 לא יכול לשמש בסיס לקביעת ענישה בתיק 2.

SIMILARITY_SCORE: 30","ok",""
"SH-16-11-19417-55","SH-16-11-7544-55",3,1,1,"{""אופן החזקת הנשק"": ""ברכב"", ""כמות תחמושת"": ""מחסנית ובה כדורים"", ""מספר עבירה"": ""144 א"", ""סוג הנשק [אקדח]"": 1.0, ""סוג עבירה"": ""החזקה נשק"", ""סטטוס הנשק"": ""נשק מופרד מתחמושת"", ""תכנון"": ""לא"", ""סוג הרכב"": ""מרצדס"", ""מספר רישוי הרכב"": ""53-321-59"", ""דגם הנשק"": ""ברטה F84"", ""קליבר הנשק"": ""9 מ\""מ קצר"", ""מספר סידורי של הנשק"": ""D79906Y"", ""זמן המעצר"": ""26.10.16, 05:00 בבוקר"", ""מיקום החזקת הנשק"": ""מתחת לכיסא הנהג"", ""שימוש"": ""לא""}","{""אופן החזקת הנשק"": ""על גופו"", ""כמות תחמושת"": ""מחסנית ובה 10 כדורים"", ""מספר עבירה"": ""144 א"", ""סוג הנשק [תת מקלע מאולתר]"": 1.0, ""סוג עבירה"": ""החזקה נשק"", ""סטטוס הנשק"": ""נשק מופרד מתחמושת"", ""תכנון"": ""לא"", ""תאריך האירוע"": ""26.10.16"", ""מיקום האירוע"": ""מחלף להב-שומריה, כביש 6 לכוון צפון"", ""סוג הרכב"": ""רכב פרטי"", ""זיהוי הנאשם"": ""על ידי שוטר"", ""שם השוטר"": ""מיכאל אדרי"", ""קוטר הקליעים"": ""9 מ\""מ"", ""שימוש"": ""לא""}",45.0,"1. **סוג העבירה וחומרתה:** שני התיקים עוסקים בעבירה של החזקת נשק (144א) ולכן זהים בסוג העבירה. עם זאת, חומרת העבירה יכולה להשתנות בהתאם לסוג הנשק, ולכן העובדה שאחד הוא אקדח והשני תת מקלע מאולתר יוצרת הבדל מסוים.

2. **תפקיד הנאשם ומעורבותו:** בשני התיקים הנאשם מחזיק בנשק, אך אופן ההחזקה שונה (ברכב לעומת על הגוף). זה מצביע על הבדל ברמת המעורבות – החזקה על הגוף עשויה להעיד על נכונות להשתמש בנשק באופן מיידי יותר.

3. **שיטת הביצוע (MO):** שיטת הביצוע שונה – החזקה נסתרת ברכב לעומת החזקה גלויה על הגוף. אמצעי הביצוע (רכב) דומים, אך אופן ההחזקה שונה באופן מהותי.

4. **נסיבות הליבה:** כמות התחמושת דומה (מחסנית עם כדורים). בשני התיקים הנשק היה מופרד מהתחמושת, ואין עדות לשימוש בנשק או לתכנון מוקדם.

5. **ישימות כתקדם:** בשל העובדה שמדובר בשני תיקים של החזקת נשק (144א) בלבד, ובהיעדר נסיבות מחמירות (כגון שימוש בנשק או תכנון), בית המשפט עשוי לראות את התיקים כרלוונטיים זה לזה לצורכי ענישה, אך ההבדלים בסוג הנשק ובאופן ההחזקה יצמצמו את המשקל שיינתן לתקדים.

SIMILARITY_SCORE: 45","ok",""
"ME-19-01-53615-8","SH-15-12-65958-120",1,0,0,"{""אופן החזקת הנשק"": ""ברכב, על גופו"", ""כמות תחמושת"": ""מחסנית"", ""מטרה-סיבת העבירה"": ""תחושת חוסר אונים וצורך בקבלת עזרה חיצונית במצבו"", ""מספר עבירה"": ""144 ב"", ""סוג הנשק [תת מקלע מאולתר]"": 1.0, ""סוג עבירה"": ""נשיאת נשק, הובלת נשק"", ""סטטוס הנשק"": ""נשק עם כדור בקנה"", ""עבירות נוספות"": ""ירי מנשק חם באזור מגורים"", ""שימוש"": ""כן,ירי"", ""תכנון"": ""לא"", ""סוג הרכב"": ""מאזדה"", ""מיקום האירוע"": ""עיר לוד"", ""תאריך האירוע"": ""8.1.19"", ""זמן האירוע"": ""שעת לילה"", ""מרחק נסיעה לאחר ירי"": ""עשרות מטרים"", ""מקום עצירת הנאשם"": ""חניית עפר סמוכה"", ""סוג הנשק"": ""תת מקלע מאולתר מסוג קרלו"", ""תגובת הנאשם להגעת השוטרים"": ""השלך את הנשק ארצה ונעצר"", ""סיבת הגעת השוטרים"": ""דיווח תושבים""}","{""אופן החזקת הנשק"": ""בבית, מוסלק - מוסתר"", ""כמות תחמושת"": ""מחסנית ובה 8 כדורים + מחסנית ובה 15 כדורים + מחסנית ריקה ובה 0 כדורים + מחסנית ובה 6 כדורים"", ""מטרה-סיבת העבירה"": ""הגנה עצמית"", ""מספר עבירה"": ""144 א"", ""סוג הנשק [אקדח]"": 2.0, ""סוג הנשק [תת מקלע מאולתר]"": 1.0, ""סוג עבירה"": ""החזקה נשק"", ""סטטוס הנשק"": ""נשק עם מחסנית בהכנס"", ""תכנון"": ""כן"", ""תאריך העבירה"": ""24.12.15"", ""מיקום העבירה"": ""בית הנאשם בטייבה"", ""סוגי הנשק הנוספים"": ""אקדח זיג זאוור, קרלו"", ""קוטר תחמושת"": ""9 מ\""מ, 7.65 מ\""מ"", ""מספר נשקים"": 3, ""מספר מחסניות"": 4, ""שימוש"": ""לא""}",35.0,"להלן ניתוח הדמיון המהותי בין שני התיקים:

1. **סוג העבירה וחומרתה:** תיק 1 עוסק בנשיאה והובלה של נשק (144(ב)) וכן בירי מנשק, עבירות חמורות יותר מתיק 2 העוסק בהחזקה בלבד (144(א)). חומרת העבירה בתיק 1 גבוהה משמעותית.
2. **תפקיד הנאשם ומעורבותו:** בתיק 1 הנאשם ביצע ירי, כלומר מעורבות פעילה ומשמעותית. בתיק 2, ההחזקה היא בבית, מוסלקת, מה שמצביע על מעורבות פחות ישירה ופחות אקטיבית.
3. **שיטת הביצוע (MO):** בשני התיקים יש החזקת נשק, אך אופן ההחזקה שונה - ברכב ובגוף לעומת הסלקה בבית. תיק 1 כולל גם ירי, אלמנט שאינו קיים בתיק 2.
4. **נסיבות הליבה:** תיק 1 כולל ירי באזור מגורים, נסיבה מחמירה ביותר, ומרחק נסיעה קצר לאחר הירי. תיק 2 כולל כמות תחמושת גדולה יותר, אך הנסיבות אינן מחמירות כמו בתיק 1. המטרה המוצהרת שונה (חוסר אונים לעומת הגנה עצמית).
5. **ישימות כתקדים:** בשל ההבדלים המשמעותיים בסוג העבירה (144(ב) לעומת 144(א)), בחומרת העבירה (ירי לעומת החזקה בלבד) ובנסיבות הליבה, סביר להניח שבית המשפט לא יראה בתיק 2 תקדים רלוונטי לענישה בתיק 1. תיק 1 עשוי לשמש תקדים לתיקים דומים של נשיאת נשק וירי, אך לא לתיקי החזקה בלבד.

SIMILARITY_SCORE: 35","ok",""
"SH-14-02-28659-762","SH-17-10-10556-234",3,1,1,"{""מיקום החזקת הנשק"": ""עליית גג של המקלחת"", ""משך זמן החזקת הנשק"": ""כשנתיים"", ""תאריך תחילת החזקת הנשק"": ""11.2.12"", ""מיקום הבית"": ""עזריה"", ""סוג הנשק המדויק"": ""קרל גוסטב"", ""מספר עבירה"": ""144 א"", ""סוג עבירה"": ""החזקה נשק"", ""סוג הנשק [תת מקלע]"": 1.0, ""סטטוס הנשק"": ""נשק מופרד מתחמושת"", ""תכנון"": ""לא"", ""אופן החזקת הנשק"": ""בבית"", ""כמות תחמושת"": ""מחסנית וכדורים"", ""מטרה-סיבת העבירה"": ""הגנה עצמית"", ""שימוש"": ""לא""}","{""אופן החזקת הנשק"": ""מוסלק - מוסתר, סמוך לבית"", ""כמות תחמושת"": ""מחסנית ובה 10 כדורים"", ""מספר עבירה"": ""144 א"", ""סוג הנשק [אקדח]"": 2.0, ""סוג עבירה"": ""החזקה נשק"", ""סטטוס הנשק"": ""נשק עם מחסנית בהכנס"", ""תכנון"": ""לא"", ""קוטר הכדורים"": ""8 מ\""מ"", ""מיקום החזקת הנשק"": ""בתוך שקית בחצר, מתחת למזרון בערימת זבל"", ""מרחק החזקת הנשק מהבית"": ""כ-100 מטרים"", ""מצב המחסנית הנוספת"": ""לא טעונה"", ""שימוש"": ""לא""}",65.0,"1. **סוג העבירה וחומרתה:** שני התיקים עוסקים בעבירה של החזקת נשק לפי סעיף 144(א) לחוק העונשין, אך סוג הנשק שונה (קרל גוסטב לעומת אקדח). קרל גוסטב נחשב לנשק בעל פוטנציאל פגיעה גבוה יותר, ולכן חומרת העבירה בתיק 1 עשויה להיחשב גבוהה יותר, אך שניהם עדיין בגדר החזקה בלבד.

2. **תפקיד הנאשם ומעורבותו:** בשני התיקים הנאשם הוא מחזיק בנשק, ולא יזם או סוחר. אופן ההחזקה מעיד על מעורבות פסיבית יחסית - החזקה בבית או הסלקה סמוך לבית, ללא שימוש מיידי.

3. **שיטת הביצוע (MO):** בשני המקרים מדובר בהחזקה נסתרת של נשק, אך מיקום ההחזקה שונה (עליית גג לעומת חצר). העובדה שהנשק בתיק 2 הוסלק באופן מוסתר יותר עשויה להצביע על כוונה להסתיר אותו, אך לא משנה באופן מהותי את ה-MO.

4. **נסיבות הליבה:** בשני התיקים מדובר בכמות תחמושת דומה (מחסנית וכדורים). בשני המקרים אין שימוש בנשק, ואין תכנון מוקדם. המניע בתיק 1 הוא הגנה עצמית, בעוד שבתיק 2 המניע אינו מצוין.

5. **ישימות כתקדים:** בשל העובדה שמדובר בשני תיקים של החזקת נשק לפי סעיף 144(א), בית המשפט עשוי להתייחס לתיק אחד כתקדים לשני, בעיקר לצורך גזירת העונש. עם זאת, השוני בסוג הנשק ובמיקום ההחזקה עשוי להפחית מהרלוונטיות של התיק.

SIMILARITY_SCORE: 65","ok",""
"m07001074-98","ME-17-05-35227-215",1,0,0,"{""אופן החזקת הנשק"": ""בבית, מוסלק - מוסתר"", ""אופן קבלת הנשק"": ""מצא"", ""כמות תחמושת"": ""מחסנית ריקה ובה 0 כדורים + מחסנית ריקה ובה 0 כדורים"", ""מספר עבירה"": ""144 א"", ""סוג הנשק [תת מקלע]"": 1.0, ""סוג עבירה"": ""החזקה נשק"", ""סטטוס הנשק"": ""נשק מפורק, תקול"", ""תכנון"": ""לא"", ""מיקום מציאת הנשק"": ""שטח אדמה סמוך לכפר מגוריו"", ""תאריך מציאת הנשק"": ""31/1/07"", ""תאריך תפיסת הנשק"": ""4/2/07"", ""סוג הנשק"": ""עוזי"", ""מיקום החזקת הנשק"": ""מעל ארון בגדים"", ""סיבת חיפוש"": ""צו בית משפט"", ""שימוש"": ""לא""}","{""אופן החזקת הנשק"": ""ברכב"", ""כמות תחמושת"": ""מחסנית"", ""מספר עבירה"": ""144 ב"", ""סוג הנשק [תת מקלע מאולתר]"": 1.0, ""סוג עבירה"": ""נשיאת נשק, הובלת נשק"", ""סטטוס הנשק"": ""נשק עם מחסנית בהכנס"", ""תכנון"": ""כן"", ""תאריך העבירה"": ""7 במאי 2017"", ""שעת העבירה"": ""צהריים"", ""סוג הרכב"": ""אופנוע"", ""דגם הרכב"": ""קואנג יאנג טיו"", ""הודאה בעבירה"": ""הודה"", ""סעיף העבירה"": ""144(ב) רישא וסיפא"", ""שנת החוק"": ""1977"", ""שימוש"": ""לא""}",25.0,"להלן ניתוח הדמיון המהותי בין שני התיקים:

1. **סוג העבירה וחומרתה:** שני התיקים עוסקים בעבירות נשק, אך תיק 1 הוא החזקה בלבד (144(א)), בעוד תיק 2 הוא נשיאה/הובלה (144(ב)). ההבדל בסוג העבירה הוא משמעותי מבחינת חומרתה, כאשר 144(ב) חמורה יותר.
2. **תפקיד הנאשם ומעורבותו:** בתיק 1 הנאשם מצא את הנשק, מה שמרמז על מעורבות פסיבית יחסית. בתיק 2 הנאשם נשא/הוביל את הנשק, מה שמצביע על מעורבות אקטיבית יותר, וכן הודאה בעבירה.
3. **שיטת הביצוע (MO):** בתיק 1 הנשק הוסלק בבית, בעוד שבתיק 2 הוא היה ברכב. שיטות הביצוע שונות, ואין חפיפה משמעותית.
4. **נסיבות הליבה:** תיק 1 כולל נשק מפורק ותקול, ללא תחמושת, שנמצא בשטח פתוח. תיק 2 כולל נשק תקין עם תחמושת, שהוחזק ברכב. הפערים בכמות התחמושת, סטטוס הנשק והנסיבות הנלוות משמעותיים. תיק 2 כולל גם אלמנט של תכנון מראש.
5. **ישימות כתקדם:** לאור ההבדלים המשמעותיים בסוג העבירה (144(א) לעומת 144(ב)), רמת המעורבות, נסיבות הליבה ושיטת הביצוע, סביר להניח שבית המשפט לא יראה בתיק 1 תקדים רלוונטי לתיק 2. תיק 1 עוסק בהחזקה פסיבית של נשק לא תקין, בעוד תיק 2 עוסק בנשיאה/הובלה אקטיבית של נשק תקין.

SIMILARITY_SCORE: 25","ok",""
"SH-18-07-52337-770","ME-16-06-50916-362",1,0,0,"{""אופן החזקת הנשק"": ""בבית, מוסלק - מוסתר"", ""אופן קבלת הנשק"": ""מאחר"", ""מספר עבירה"": ""144 א"", ""סוג הנשק [תת מקלע מאולתר]"": 1.0, ""סוג עבירה"": ""החזקה נשק"", ""סטטוס הנשק"": ""תקין"", ""תכנון"": ""לא"", ""תאריך המעצר"": ""15.07.18"", ""מיקום המעצר"": ""בית הנאשם, רהט"", ""משך זמן החזקת הנשק לפני המעצר"": ""עשרה ימים"", ""זהות מסר הנשק"": ""לא ידועה"", ""שימוש"": ""לא"", ""כמות תחמושת"": ""ללא""}","{""אופן החזקת הנשק"": ""ברכב"", ""מטרה-סיבת העבירה"": ""סכסוך"", ""מספר עבירה"": ""144 ב"", ""סוג הנשק [תת מקלע]"": 1.0, ""סוג עבירה"": ""נשיאת נשק"", ""סטטוס הנשק"": ""נשק עם כדור בקנה"", ""עבירות נוספות"": ""איומים, עבירה לפי סעיף 192  לחוק העונשין, יריות באזור מגורים, עבירה לפי סעיף 340א לחוק העונשין, מעשה פזיזות ורשלנות, עבירה לפי סעיף 338(א)(5) לחוק העונשין, נהיגה בזמן פסילה, עבירה לפי סעיף 67 לפקודת התעבורה תשכ\""א – 1961 ונהיגה ללא רישיון נהיגה, עבירה לפי סעיף 10א וסעיף 62(1) לפקודת התעבורה [נוסח חדש],תשכ\""א-1961."", ""שימוש"": ""כן,ירי"", ""תכנון"": ""לא"", ""סוג הנשק"": ""קרל גוסטב"", ""מיקום הירי"": ""מחוץ לבית"", ""מספר כדורים שנורו"": ""לפחות שלושה"", ""היכרות עם הנאסר"": ""קיימת"", ""סטטוס רישיון הנהיגה"": ""פסול"", ""תאריך פסילת רישיון הנהיגה"": ""3.2.15"", ""תקופת פסילת רישיון הנהיגה"": ""24 חודשים"", ""מועד העבירה"": ""12.6.16"", ""זמן העבירה"": ""18:25"", ""מקום העבירה"": ""כפר ג'דידה-מכר"", ""סוג הרכב"": ""סקודה"", ""התנהלות במהלך העבירה"": ""נסיעה, עצירה, ירי, נסיעה נוספת, עצירה וירי שנית"", ""תוצאת הירי"": ""הפחדה והקנטת הנוכחים"", ""כמות תחמושת"": ""ללא""}",25.0,"1. **סוג העבירה וחומרתה:** שני התיקים עוסקים בעבירות נשק, אך תיק 1 הוא החזקה (144(א)) ותיק 2 הוא נשיאה (144(ב)) עם שימוש בנשק וירי. נשיאה עם שימוש חמורה משמעותית מהחזקה בלבד.
2. **תפקיד הנאשם ומעורבותו:** בתיק 1 הנאשם מחזיק בנשק מוסלק, בעוד שבתיק 2 הנאשם נושא בנשק ומשתמש בו באופן פעיל בירי. תיק 2 מעיד על מעורבות אקטיבית ופוטנציאלית מסוכנת יותר.
3. **שיטת הביצוע (MO):** בתיק 1 הנשק מוסלק בבית, בעוד שבתיק 2 הנשק נמצא ברכב ומשמש לירי. שיטות הביצוע שונות מאוד.
4. **נסיבות הליבה:** תיק 1 מתייחס להחזקה ללא שימוש, ללא תחמושת ידועה וללא נסיבות מחמירות. תיק 2 כולל ירי, איומים, נהיגה בזמן פסילה, סכסוך כרקע, וירי באזור מגורים - נסיבות מחמירות משמעותית.
5. **ישימות כתקדים:** בשל ההבדלים המשמעותיים בסוג העבירה (144(א) לעומת 144(ב)), בחומרת המעשה, ובנסיבות הליבה, תיק 1 לא יהווה תקדים רלוונטי לענישה בתיק 2. בית המשפט יראה בתיקים אלו שונים מהותית.

SIMILARITY_SCORE: 25","ok",""
"SH-17-11-53539-235","m07001074-98",3,1,1,"{""אופן החזקת הנשק"": ""בבית"", ""כמות תחמושת"": ""מחסנית ובה 0 כדורים, 28 כדורים"", ""מספר עבירה"": ""144 א"", ""סוג הנשק [אקדח]"": 1.0, ""סוג עבירה"": ""החזקה נשק"", ""סטטוס הנשק"": ""נשק מופרד מתחמושת"", ""תכנון"": ""כן"", ""סוגי נשק נוספים"": ""קליעי ספוג, אקדח אויר, אגרופן, סכין קומנדו"", ""קוטר תחמושת"": ""9 ממ, 40 ממ"", ""תקופת החזקת הנשק"": ""2012-2017"", ""מיקום החזקת הנשק"": ""ביתו בא-ראם"", ""חוסר רישיון נשק"": ""לא היה רישיון לשאת נשק"", ""שימוש"": ""לא""}","{""אופן החזקת הנשק"": ""בבית, מוסלק - מוסתר"", ""אופן קבלת הנשק"": ""מצא"", ""כמות תחמושת"": ""מחסנית ריקה ובה 0 כדורים + מחסנית ריקה ובה 0 כדורים"", ""מספר עבירה"": ""144 א"", ""סוג הנשק [תת מקלע]"": 1.0, ""סוג עבירה"": ""החזקה נשק"", ""סטטוס הנשק"": ""נשק מפורק, תקול"", ""תכנון"": ""לא"", ""מיקום מציאת הנשק"": ""שטח אדמה סמוך לכפר מגוריו"", ""תאריך מציאת הנשק"": ""31/1/07"", ""תאריך תפיסת הנשק"": ""4/2/07"", ""סוג הנשק"": ""עוזי"", ""מיקום החזקת הנשק"": ""מעל ארון בגדים"", ""סיבת חיפוש"": ""צו בית משפט"", ""שימוש"": ""לא""}",45.0,"ניתוח הדמיון המהותי בין שני התיקים:

1. **סוג העבירה וחומרתה:** שני התיקים עוסקים בעבירה של החזקת נשק (סעיף 144(א) לחוק העונשין). עם זאת, סוג הנשק שונה (אקדח לעומת תת מקלע), וייתכן שזה משפיע על הערכת החומרה.
2. **תפקיד הנאשם ומעורבותו:** בשני התיקים הנאשם הוא מחזיק בנשק, אך בתיק 1 יש רמזים לתכנון מוקדם, בעוד שבתיק 2 הנשק נמצא באופן אקראי. זה מצביע על מעורבות שונה.
3. **שיטת הביצוע (MO):** בשני התיקים הנשק הוחזק בבית, אך בתיק 2 הוא הוסלק, מה שמצביע על ניסיון הסתרה. אופן קבלת הנשק שונה (תקופה ארוכה של החזקה לעומת מציאה חד פעמית).
4. **נסיבות הליבה:** בשני התיקים לא נעשה שימוש בנשק. כמות התחמושת בתיק 1 גדולה יותר (28 כדורים לעומת מחסניות ריקות). הסטטוס של הנשק שונה (מופרד מתחמושת לעומת מפורק ותקול).
5. **ישימות כתקדם:** בשל העובדה שמדובר בשני תיקי החזקת נשק (144(א)), בית המשפט עשוי לשקול את התיקים זה לצד זה בעת גזירת הדין, אך השוני בסוג הנשק, כמות התחמושת, אופן ההחזקה והמעורבות של הנאשם יצמצמו את הרלוונטיות של התיק האחד כפס""ד מחייב.

SIMILARITY_SCORE: 45","ok",""
"ME-16-11-69158-529","ME-12-03-13401-281",3,1,1,"{""אופן החזקת הנשק"": ""ברכב, מוסלק - מוסתר, סמוך לבית"", ""כמות תחמושת"": ""מחסנית"", ""מטרה-סיבת העבירה"": ""חתונה"", ""מספר עבירה"": ""144 ב"", ""סוג הנשק [תת מקלע]"": 1.0, ""סוג עבירה"": ""נשיאת נשק"", ""סטטוס הנשק"": ""נשק עם כדור בקנה"", ""עבירות נוספות"": ""ירי באזור מגורים"", ""שימוש"": ""כן,ירי"", ""תכנון"": ""כן"", ""סוג תחמושת"": ""9 מ\""מ"", ""מיקום האירוע"": ""רחבת בית משפחת ג'בארה, טייבה"", ""זמן האירוע"": ""21:00"", ""מיקום החזקת הנשק לפני השימוש"": ""טמון באדמה"", ""מיקום החזקת הנשק לאחר השימוש"": ""מתחת למושב הנהג ובשקית מתחת למושב סמוך"", ""סוג האירוע"": ""משפחתי""}","{""אופן החזקת הנשק"": ""ברכב"", ""כמות תחמושת"": ""2 מחסניות ובהן כדורים, 11 כדורים"", ""מספר עבירה"": ""144 א, 144 ב"", ""סוג הנשק [אקדח]"": 1.0, ""סוג עבירה"": ""החזקה נשק, נשיאת נשק, הובלת נשק"", ""סטטוס הנשק"": ""נשק עם כדור בקנה"", ""עבירות נוספות"": ""יריות באזור מגורים - עבירה לפי סעיף 340א לחוק."", ""שימוש"": ""כן,ירי"", ""תכנון"": ""לא"", ""סוג הנשק"": ""אקדח CZ קליבר 9 מ\""מ"", ""מקום האירוע"": ""רחוב שיבת ציון, חיפה"", ""זמן האירוע"": ""ליל 25-26.2.12, סמוך לשעה 00:38"", ""מקור הנשק"": ""נגנב בהתפרצות לבית ביישוב ציפורי ב-3.2.12"", ""זמן המעצר"": ""סמוך לשעה 1:50"", ""מקום המעצר"": ""ברכב על ידי שוטרים""}",75.0,"להלן ניתוח הדמיון המהותי בין שני התיקים:

1. **סוג העבירה וחומרתה:** שני התיקים עוסקים בעבירות נשיאת נשק (144ב) וירי באזור מגורים. תיק 2 כולל גם עבירת החזקה (144א) והובלה, מה שמגדיל את חומרתו. שני התיקים חמורים מאוד בשל השימוש בנשק וירי באזור מיושב.
2. **תפקיד הנאשם ומעורבותו:** בשני התיקים הנאשם הוא זה הנושא/משתמש בנשק, ולא שליח או מחזיק פסיבי. בשניהם יש מעורבות פעילה בירי.
3. **שיטת הביצוע (MO):** בשני התיקים הנשק הוחזק ברכב, ובוצע ירי. עם זאת, בתיק 1 הנשק הוסלק, בעוד שבתיק 2 הנשק היה פשוט ברכב.
4. **נסיבות הליבה:** בשני התיקים מדובר בנשק טעון (כדור בקנה) ושימוש בירי. תיק 1 מציין מטרה של חתונה, בעוד תיק 2 מציין נשק גנוב. הכמות תחמושת דומה (מחסנית אחת לעומת שתיים + כדורים בודדים).
5. **ישימות כתקדים:** בשל הדמיון בסוג העבירה (נשיאת נשק וירי), השימוש בנשק, והנסיבות הכלליות (ירי באזור מגורים), בית המשפט עשוי לראות בתיק 1 תקדים רלוונטי לתיק 2, בעיקר לצורך גזירת העונש. העובדה שתיק 2 כולל גם עבירת הובלה וגניבה עשויה להשפיע על גזר הדין, אך לא לשלול את הרלוונטיות של תיק 1.

SIMILARITY_SCORE: 75","ok",""
"ME-21-06-43085-219","SH-17-08-47445-166",1,0,0,"{""אופן החזקת הנשק"": ""ברכב"", ""מטרה-סיבת העבירה"": ""סכסוך"", ""מספר עבירה"": ""144 א, 144 ב"", ""סוג הנשק [אקדח]"": 1.0, ""סוג עבירה"": ""החזקה נשק, נשיאת נשק"", ""סטטוס הנשק"": ""נשק עם כדור בקנה"", ""עבירות נוספות"": ""ירי מנשק חם, לפי סעיף 340א' (ב)(1) בחוק העונשין; היזק בזדון, לפי סעיף 452 בחוק העונשין; חבלה במזיד, לפי סעיף 413ה' בחוק העונשין; נהיגה ללא רישיון נהיגה, לפי סעיף 10(א) בפקודת התעבורה, התשכ\""א – 1961; ונהיגה ללא פוליסת ביטוח בתוקף, לפי סעיף 2(א) ו – (ב) בפקודת ביטוח רכב מנועי [נוסח משולב] תש\""ל – 1970."", ""שימוש"": ""כן,ירי"", ""תכנון"": ""כן"", ""קליבר הכדורים"": ""9 מ\""מ"", ""מספר נפגעים"": 0, ""מספר עדים במקום"": ""מספר אנשים בחצר, שומר ושניים נוספים בקרוואן"", ""זיקה משפחתית למנהל"": ""קיימת"", ""מיקום האירוע"": ""בית ספר טכנולוגי בערוער"", ""זמן האירוע"": ""23.05.21, סמוך לשעה 12:50"", ""פגיעה ברכוש"": ""רכב המנהל נפגע מכדורים, כדור חדר לקרוואן ופגע בארון"", ""סוג הרכב"": ""לא מצוין"", ""סוג הקרוואן"": ""לא מצוין"", ""כמות תחמושת"": ""ללא""}","{""אופן החזקת הנשק"": ""בבית"", ""מספר עבירה"": ""144 א"", ""סוג הנשק [אקדח]"": 1.0, ""סוג הנשק [תת מקלע מאולתר]"": 1.0, ""סוג עבירה"": ""החזקה נשק"", ""סטטוס הנשק"": ""תקין"", ""תכנון"": ""לא"", ""תאריך המעצר"": ""09.08.2018"", ""מיקום החזקת הנשק"": ""כסיפה"", ""סוג הנשק [FN]"": 1.0, ""פיזור הנשק"": ""סביב הישוב"", ""שימוש"": ""לא"", ""כמות תחמושת"": ""ללא""}",30.0,"להלן ניתוח הדמיון המהותי בין שני התיקים:

1. **סוג העבירה וחומרתה:** שני התיקים עוסקים בעבירות נשק, אך תיק 1 כולל עבירות חמורות נוספות (ירי, חבלה, היזק) וכן נשיאה והובלה (144(ב)), בעוד תיק 2 מתמקד בהחזקה בלבד (144(א)). חומרת תיק 1 גבוהה משמעותית.
2. **תפקיד הנאשם ומעורבותו:** בתיק 1, הנאשם ביצע ירי, מה שמצביע על מעורבות פעילה ותכנון. בתיק 2, מדובר בהחזקה בבית, ללא אינדיקציה למעורבות פעילה או תכנון.
3. **שיטת הביצוע (MO):** שיטת הביצוע שונה מאוד. תיק 1 כולל ירי ברשות הרבים, בעוד תיק 2 מתייחס להחזקה בבית. אין דמיון בדפוס הפעולה.
4. **נסיבות הליבה:** תיק 1 כולל שימוש בנשק, פגיעה ברכוש, סכסוך כרקע, ונוכחות עדים. תיק 2 מתייחס להחזקה ללא שימוש, ללא נסיבות מחמירות או מקלות מפורטות. היעדר מידע על כמות התחמושת בשני התיקים מקשה על השוואה.
5. **ישימות כתקדים:** לאור השוני המשמעותי בחומרה, במעורבות הנאשם ובנסיבות, סביר להניח שבית המשפט לא יראה בתיק 2 תקדים רלוונטי לתיק 1. תיק 1 עשוי לשמש תקדים לתיקים דומים של החזקה ונשיאת נשק עם שימוש, אך לא לתיק של החזקה בלבד.

SIMILARITY_SCORE: 30","ok",""
"ME-16-05-19384-544","m08000207-175",1,0,0,"{""מחיר נשק קרל גוסטב"": ""4000 ₪"", ""מחיר מכירה לחרוב"": ""3500 ₪"", ""מחיר רכישה מחרוב"": ""3000 ₪"", ""סוג נשק נוסף"": ""תבור"", ""מיקום החבייה"": ""שכונה סמוכה למקום מגוריו"", ""תאריך התקרית"": ""14.11.15"", ""שעת התקרית"": ""בין 1:00 ל-2:00"", ""מספר כדורים שנורו"": ""5"", ""מספר רכבי ביטחון שנפגעו"": ""3"", ""תאריך חיפושי כוחות הביטחון"": ""מרץ 2016"", ""שם השומר הנשק"": ""מחמוד זהאדה"", ""שם הקונה השני"": ""מוראד מחיסן"", ""שם הקונה השלישי"": ""עבד חרוב"", ""תאריך פיגוע ירי חרוב"": ""9.3.16"", ""מיקום פיגוע ירי חרוב"": ""ירושלים, צומת רמות ושמעון הצדיק"", ""מספר כדורי תחמושת שנמכרו לחרוב"": ""10"", ""מספר עבירה"": ""144 א, 144 ב"", ""סוג עבירה"": ""נשיאת נשק, סחר בנשק"", ""עבירות נוספות"": ""ניסיון לחבלה חמורה,רכישת נשק"", ""סוג הנשק [תת מקלע]"": 3.0, ""סוג הנשק [רובה סער]"": 1.0, ""סטטוס הנשק"": ""נשק עם כדור בקנה"", ""תכנון"": ""כן"", ""אופן החזקת הנשק"": ""מוסלק - מוסתר, סמוך לבית"", ""אופן קבלת הנשק"": ""רכש"", ""כמות תחמושת"": ""10 כדורים"", ""מטרה-סיבת העבירה"": ""בצע כסף"", ""שימוש"": ""כן,ירי""}","{""אופן החזקת הנשק"": ""ברכב"", ""אופן קבלת הנשק"": ""מצא"", ""כמות תחמושת"": ""מחסנית ובה 15 כדורים, מחסנית וסה 10 כדורים"", ""מספר עבירה"": ""144 ב"", ""סוג הנשק [אקדח]"": 1.0, ""סוג עבירה"": ""נשיאת נשק"", ""סטטוס הנשק"": ""נשק עם מחסנית בהכנס"", ""עבירות נוספות"": ""והחזקת סם לצריכה עצמית בלבד, עבירה לפי סעיף 7(א) + (ג) סיפא לפקודת הסמים המסוכנים, התשל\""ג-1973"", ""תכנון"": ""לא"", ""קוטר האקדח"": ""0.9 מ\""מ"", ""מיקום האירוע"": ""סמוך לצומת הערבה"", ""זמן האירוע"": ""12.7.08 בשעה 00:55"", ""סוג הסם"": ""חשיש"", ""משקל הסם"": ""1.36 גרם נטו"", ""שימוש"": ""לא""}",30.0,"להלן ניתוח הדמיון המהותי בין שני התיקים:

1. **סוג העבירה וחומרתה:** שני התיקים עוסקים בעבירות נשק, אך תיק 1 כולל גם סחר בנשק ועבירות חמורות נוספות (ניסיון לחבלה), בעוד תיק 2 מתמקד בנשיאת נשק בלבד, בצירוף עבירת סמים קלה. חומרת תיק 1 גבוהה משמעותית.
2. **תפקיד הנאשם ומעורבותו:** בתיק 1 הנאשם מעורב בסחר בנשק, רכישה ומכירה, ושימוש פעיל בנשק. בתיק 2 הנאשם רק נושא את הנשק, ומדובר במציאה ולא ברכישה מכוונת. מעורבותו של הנאשם בתיק 1 פעילה וחמורה יותר.
3. **שיטת הביצוע (MO):** בתיק 1 מדובר בהסלקה של נשק ושימוש בו לפיגוע ירי, בעוד בתיק 2 הנשק נמצא ברכב. שיטות הביצוע שונות מאוד.
4. **נסיבות הליבה:** תיק 1 כולל שימוש בנשק, תכנון מוקדם, כמות תחמושת משמעותית (10 כדורים), ומעורבות בפיגוע ירי. תיק 2 כולל כמות תחמושת קטנה יותר (15+10 כדורים), ללא שימוש בנשק, ללא תכנון, וללא נסיבות מחמירות אחרות. הפער בנסיבות הליבה משמעותי.
5. **ישימות כתקדים:** לאור ההבדלים המשמעותיים בחומרה, בתפקיד הנאשם ובנסיבות הליבה, סביר להניח שבית המשפט לא יראה בתיק 2 תקדים רלוונטי לתיק 1 לצורכי ענישה. תיק 1 עוסק בסחר בנשק ושימוש בו לפעילות טרור, בעוד תיק 2 עוסק בנשיאת נשק בלבד, בנסיבות פחות חמורות.

SIMILARITY_SCORE: 30","ok",""
"SH-11-05-24791-315","ME-16-02-59812-881",1,0,0,"{""אופן החזקת הנשק"": ""בבית"", ""אופן קבלת הנשק"": ""מאחר"", ""כמות תחמושת"": ""2 מחסניות"", ""מספר עבירה"": ""144 א"", ""סוג הנשק [אקדח]"": 1.0, ""סוג עבירה"": ""החזקה נשק"", ""סטטוס הנשק"": ""נשק מופרד מתחמושת"", ""תכנון"": ""לא"", ""מיקום החזקת הנשק"": ""כפר עין-נקובא"", ""דגם הנשק"": ""אקדח חצי אוטומטי אף-אן (FN)"", ""תאריך האירוע"": ""19/07/09"", ""שעת האירוע"": ""21:00"", ""תאריך הרשעה"": ""09/01/13"", ""סעיף עבירה נוסף"": ""144 א סיפא"", ""סוג עבירה נוספת"": ""החזקת אביזר לנשק"", ""שימוש"": ""לא""}","{""אופן קבלת הנשק"": ""עבודה"", ""כמות תחמושת"": ""2 מחסניות, 20 כדורים"", ""מטרה-סיבת העבירה"": ""מימון סמים"", ""מספר עבירה"": ""144 ב"", ""סוג הנשק [אקדח]"": 1.0, ""סוג עבירה"": ""סחר בנשק"", ""סטטוס הנשק"": ""תקין"", ""עבירות נוספות"": ""מסירת ידיעה כוזבת על עבירת פשע, לפי סעיף 243 סיפא לחוק; שיבוש הליכי משפט, לפי סעיף 244 לחוק."", ""תכנון"": ""כן"", ""סוג הסמים"": ""חשיש, הרואין"", ""כמות הסמים"": ""ארבע חבילות של הרואין"", ""מחיר מכירת הנשק"": ""8,000 ₪"", ""מקום העבודה"": ""בית ספר יסודי"", ""תקופת העבירות"": ""אוגוסט 2014 - פברואר 2016"", ""שם הקונה"": ""מחמוד צאלוק"", ""שם המעביד"": ""שי יהושע לוי"", ""תיאור האירוע"": ""דיווח כוזב על שוד למעביד ולמשטרה"", ""הודאה בחקירה"": ""הודתה בבדיה את אירוע השוד"", ""שימוש"": ""לא""}",30.0,"להלן ניתוח הדמיון המהותי בין שני התיקים:

1. **סוג העבירה וחומרתה:** תיק 1 עוסק בהחזקת נשק בלבד (144(א)), בעוד תיק 2 עוסק בסחר בנשק (144(ב)) ובנוסף עבירות של מסירת ידיעה כוזבת ושיבוש הליכי משפט. חומרת העבירה בתיק 2 גבוהה משמעותית.
2. **תפקיד הנאשם ומעורבותו:** בתיק 1 הנאשם מחזיק בנשק, ללא פירוט על תפקידו. בתיק 2 הנאשמת מעורבת בסחר בנשק, כלומר תפקידה פעיל ומשמעותי יותר.
3. **שיטת הביצוע (MO):** בתיק 1 הנשק הוחזק בבית, בתיק 2 הסחר התבצע דרך מקום עבודה (בית ספר). שיטות הביצוע שונות.
4. **נסיבות הליבה:** בשני התיקים יש כמות דומה של תחמושת (2 מחסניות). בתיק 2 יש תכנון מראש של העבירה, שימוש בנשק לצורך מימון סמים, וקשר לקנייה ומכירה. בתיק 1 אין נסיבות מחמירות דומות.
5. **ישימות כתקדם:** לאור השוני המהותי בסוג העבירה (החזקה לעומת סחר), חומרתה, ותפקיד הנאשם, סביר להניח שבית המשפט לא יראה בתיק 1 תקדים רלוונטי לענישה בתיק 2. העובדה שמדובר בשני תיקי נשק אינה מספיקה כדי ליצור רלוונטיות משפטית.

SIMILARITY_SCORE: 30","ok",""
"ME-16-01-31498-921","ME-16-10-9348-780",1,0,0,"{""תפקיד הנאשם"": ""חייל סדיר ולוחם בגדוד נצח יהודה"", ""מיקום העבירה"": ""בסיס צה\""ל בנווה יאיר"", ""תאריך העבירה"": ""06.01.16"", ""שעת העבירה"": ""שעות הערב"", ""תאריך ושעת המעצר"": ""07.01.16, אחר הצהריים סמוך לשעה 20:00"", ""אופן המעצר"": ""פעילות משטרתית"", ""מיקום המעצר"": ""בדרך לביתו באשדוד"", ""אופן החזקת הנשק בעת המעצר"": ""בתיק גב"", ""מספר עבירה"": ""144 ב"", ""סוג עבירה"": ""נשיאת נשק, הובלת נשק"", ""עבירות נוספות"": ""עבירות של גניבה, לפי סעיף 384 לחוק העונשין תשל\""ז-1977 להלן: \""חוק העונשין\"")"", ""סוג הנשק [רימון רסס]"": 4.0, ""סוג הנשק [רימון הלם/גז]"": 3.0, ""סטטוס הנשק"": ""תקין"", ""תכנון"": ""כן"", ""אופן החזקת הנשק"": ""באוטובוס"", ""אופן קבלת הנשק"": ""גנב"", ""מטרה-סיבת העבירה"": ""בצע כסף"", ""שימוש"": ""לא"", ""כמות תחמושת"": ""ללא""}","{""אופן החזקת הנשק"": ""בבית, ברכב"", ""אופן קבלת הנשק"": ""גנב"", ""כמות תחמושת"": ""75 כדורים"", ""מטרה-סיבת העבירה"": ""לעורר את אביו"", ""מספר עבירה"": ""144 ב"", ""סוג הנשק [רובה צייד]"": 1.0, ""סוג עבירה"": ""נשיאת נשק"", ""סטטוס הנשק"": ""נשק מופרד מתחמושת"", ""תכנון"": ""לא"", ""סוג תחמושת"": ""כדורי צייד קליבר 12 מ\""מ"", ""מקום החזקת התחמושת"": ""מחסן הבית"", ""סכום כסף גנוב"": ""3500 ₪"", ""סכום שיק גנוב"": ""500 ₪"", ""מקום העצירה"": ""קריית גת"", ""שותפים לעבירה"": ""מוחמד יונס, הקטין פ. י."", ""מקום מסירת הנשק והתחמושת"": ""בית הקטין בערערה"", ""שימוש"": ""לא""}",65.0,"להלן ניתוח הדמיון המהותי בין שני התיקים:

1. **סוג העבירה וחומרתה:** שני התיקים עוסקים בעבירה של נשיאת נשק (144(ב)). עם זאת, תיק 1 כולל גם עבירות גניבה, מה שמגדיל את חומרת העבירה הכוללת. סוגי הנשק שונים (רימונים לעומת רובה צייד), אך שניהם נחשבים לנשק.
2. **תפקיד הנאשם ומעורבותו:** בתיק 1 הנאשם הוא חייל, מה שמוסיף נסיבות מחמירות. בשני התיקים הנאשם גנב את הנשק, מה שמצביע על מעורבות דומה (לא יזם, אלא מקבל).
3. **שיטת הביצוע (MO):** בשני המקרים הנשק נגנב. עם זאת, אופן ההובלה שונה (תיק גב לעומת רכב/בית).
4. **נסיבות הליבה:** תיק 1 כולל תכנון מוקדם, בעוד שתיק 2 מתאר מעשה ספונטני. תיק 2 כולל כמות תחמושת משמעותית (75 כדורים), בעוד שבתיק 1 אין תחמושת. המטרה שונה - בצע כסף לעומת ניסיון לעורר את האב.
5. **ישימות כתקדים:** בית המשפט עשוי לראות את שני התיקים כרלוונטיים זה לזה לצורך ענישה, בעיקר בשל סעיף העבירה המשותף (144(ב)). עם זאת, ההבדלים בנסיבות (תכנון, כמות תחמושת, תפקיד הנאשם) יבואו לידי ביטוי בגזר הדין.

SIMILARITY_SCORE: 65","ok",""
"ME-09-11-7566-913","ME-16-06-50916-362",1,0,0,"{""דגם הנשק"": ""webiey"", ""מיקום החזקת הנשק"": ""מתחת לריפוד במושב שליד הנהג"", ""תאריך העבירה"": ""05.11.09"", ""שעת העבירה"": ""17:00"", ""מספר עבירה"": ""144 א, 144 ב"", ""סוג עבירה"": ""ביצוע עבירות בנשק"", ""סוג הנשק [אקדח]"": 1.0, ""סטטוס הנשק"": ""תקול"", ""תכנון"": ""לא"", ""אופן החזקת הנשק"": ""ברכב"", ""אופן קבלת הנשק"": ""מצא"", ""שימוש"": ""לא"", ""כמות תחמושת"": ""ללא""}","{""אופן החזקת הנשק"": ""ברכב"", ""מטרה-סיבת העבירה"": ""סכסוך"", ""מספר עבירה"": ""144 ב"", ""סוג הנשק [תת מקלע]"": 1.0, ""סוג עבירה"": ""נשיאת נשק"", ""סטטוס הנשק"": ""נשק עם כדור בקנה"", ""עבירות נוספות"": ""איומים, עבירה לפי סעיף 192  לחוק העונשין, יריות באזור מגורים, עבירה לפי סעיף 340א לחוק העונשין, מעשה פזיזות ורשלנות, עבירה לפי סעיף 338(א)(5) לחוק העונשין, נהיגה בזמן פסילה, עבירה לפי סעיף 67 לפקודת התעבורה תשכ\""א – 1961 ונהיגה ללא רישיון נהיגה, עבירה לפי סעיף 10א וסעיף 62(1) לפקודת התעבורה [נוסח חדש],תשכ\""א-1961."", ""שימוש"": ""כן,ירי"", ""תכנון"": ""לא"", ""סוג הנשק"": ""קרל גוסטב"", ""מיקום הירי"": ""מחוץ לבית"", ""מספר כדורים שנורו"": ""לפחות שלושה"", ""היכרות עם הנאסר"": ""קיימת"", ""סטטוס רישיון הנהיגה"": ""פסול"", ""תאריך פסילת רישיון הנהיגה"": ""3.2.15"", ""תקופת פסילת רישיון הנהיגה"": ""24 חודשים"", ""מועד העבירה"": ""12.6.16"", ""זמן העבירה"": ""18:25"", ""מקום העבירה"": ""כפר ג'דידה-מכר"", ""סוג הרכב"": ""סקודה"", ""התנהלות במהלך העבירה"": ""נסיעה, עצירה, ירי, נסיעה נוספת, עצירה וירי שנית"", ""תוצאת הירי"": ""הפחדה והקנטת הנוכחים"", ""כמות תחמושת"": ""ללא""}",35.0,"1. **סוג העבירה וחומרתה:** שני התיקים עוסקים בעבירות נשק, אך תיק 2 חמור משמעותית. תיק 1 כולל החזקה (144א) ונשיאה (144ב) של נשק תקול, בעוד תיק 2 עוסק בנשיאה (144ב) של נשק תקין, ירי ממנו, ואף כולל עבירות נלוות חמורות כמו איומים וירי באזור מגורים.

2. **תפקיד הנאשם ומעורבותו:** בשני התיקים הנאשם מחזיק בנשק ברכב. עם זאת, בתיק 2 המעורבות פעילה בהרבה - הנאשם יורה מנשק, בעוד שבתיק 1 מדובר בהחזקה בלבד.

3. **שיטת הביצוע (MO):** בשני התיקים הנשק נמצא ברכב. בתיק 2 יש דפוס ברור של נסיעה, עצירה וירי, המעיד על ביצוע מכוון. בתיק 1 אין תיאור של שיטת ביצוע מעבר להחזקה ברכב.

4. **נסיבות הליבה:** תיק 2 כולל שימוש בנשק, ירי, סכסוך כרקע, ותוצאה של הפחדת הסביבה. תיק 1 מתייחס לנשק תקול וללא תחמושת, ללא נסיבות מחמירות או מקלות מפורטות. ההבדל בסדר הגודל של החומרה משמעותי.

5. **ישימות כתקדים:** בית המשפט יתייחס לתיק 1 כבעל רלוונטיות מוגבלת מאוד לתיק 2. העובדה ששניהם עוסקים בעבירות נשק אינה מספיקה, לאור ההבדלים המשמעותיים בחומרת העבירה, בנסיבות הליבה ובמעורבות הנאשם. תיק 1 עשוי לשמש לכל היותר כנקודת ייחוס לענישה על החזקת נשק תקול, אך לא ישפיע על הענישה בתיק 2.

SIMILARITY_SCORE: 35","ok",""
"ME-20-01-17935-7","SH-23-03-19819-247",2,0,1,"{""אופן החזקת הנשק"": ""בבית"", ""מספר עבירה"": ""144 א, 144 ב"", ""סוג הנשק [תת מקלע מאולתר]"": 1.0, ""סוג עבירה"": ""החזקה נשק, נשיאת נשק"", ""סטטוס הנשק"": ""תקול"", ""עבירות נוספות"": ""הפרעה לשוטר"", ""תכנון"": ""לא"", ""מיקום האירוע"": ""חניון עפר פתוח באום אל פחם"", ""זמן האירוע"": ""29.12.19 בשעה 22:00"", ""הזדהות שוטר"": ""השוטר הזדהה בפני קיס"", ""תגובת הנאשם לקריאת השוטר"": ""לא ציית עד ירי באוויר"", ""מעורבים נוספים באירוע"": ""קיס אג'באריה, הייתם אג'באריה, רמי אג'באריה"", ""פעולת נמלט"": ""הנאשם נמלט מאחורי הבית"", ""שימוש"": ""לא"", ""כמות תחמושת"": ""ללא""}","{""אופן החזקת הנשק"": ""בבית, מוסלק - מוסתר"", ""כמות תחמושת"": ""3 מחסניות"", ""מספר עבירה"": ""144 א"", ""סוג הנשק [רובה סער ]"": 1.0, ""סוג עבירה"": ""החזקה נשק"", ""סטטוס הנשק"": ""נשק מופרד מתחמושת"", ""תכנון"": ""כן"", ""מיקום החזקת הנשק"": ""מעל מקרר המטבח"", ""סוג הנשק"": ""רובה אויר שהוסב לירי תחמושת"", ""קליבר התחמושת"": ""5.56X45"", ""כמות כדורים"": ""כמה עשרות כדורי 5.56 מ\""מ"", ""מיקום המעצר"": ""בית הנאשם ברהט"", ""תאריך המעצר"": ""15.2.23"", ""שעת המעצר"": ""13:04"", ""שימוש"": ""לא""}",35.0,"להלן ניתוח הדמיון המהותי בין שני התיקים:

1. **סוג העבירה וחומרתה:** שני התיקים עוסקים בעבירות נשק, אך תיק 1 כולל גם נשיאת נשק (144(ב)) בעוד תיק 2 מתמקד בהחזקה בלבד (144(א)). חומרת התיק הראשון גבוהה יותר בשל הנשיאה, אך שניהם נוגעים בהחזקה לא חוקית.
2. **תפקיד הנאשם ומעורבותו:** בשני התיקים הנאשם הוא המחזיק בנשק. בתיק 1 יש מעורבים נוספים ומרדף משטרתי, מה שמצביע על מעורבות פוטנציאלית רחבה יותר, בעוד בתיק 2 מדובר במעצר בביתו של הנאשם, מה שמצביע על מעורבות אישית יותר אך פחות דינמית.
3. **שיטת הביצוע (MO):** בשני המקרים הנשק הוחזק בבית, אך בתיק 2 הוא הוסלק. זהו הבדל משמעותי, שכן הסלקה מעידה על כוונה להסתיר את הנשק, מה שיכול להשפיע על השופט.
4. **נסיבות הליבה:** תיק 1 מתייחס לתת מקלע מאולתר תקול וללא תחמושת, בעוד תיק 2 עוסק ברובה סער שהוסב לירי תחמושת, עם תחמושת רבה. הבדל זה משמעותי מאוד מבחינת חומרת העבירה והפוטנציאל הפלילי. תיק 2 כולל תכנון מוקדם, בעוד בתיק 1 אין ראיות לתכנון.
5. **ישימות כתקדים:** בשל השוני בחומרת העבירה (נשיאה לעומת החזקה בלבד), סוג הנשק, כמות התחמושת והעובדה שתיק 1 כולל גם הפרעה לשוטר ומרדף, סביר להניח שבית המשפט יראה את התיקים כפחות רלוונטיים זה לזה לצורכי ענישה. תיק 1 עשוי לשמש תקדים לתיקי נשיאת נשק, אך לא לתיקי החזקה בלבד כמו תיק 2.

SIMILARITY_SCORE: 35","ok",""
"SH-17-08-47445-166","SH-16-11-7544-55",3,1,1,"{""אופן החזקת הנשק"": ""בבית"", ""מספר עבירה"": ""144 א"", ""סוג הנשק [אקדח]"": 1.0, ""סוג הנשק [תת מקלע מאולתר]"": 1.0, ""סוג עבירה"": ""החזקה נשק"", ""סטטוס הנשק"": ""תקין"", ""תכנון"": ""לא"", ""תאריך המעצר"": ""09.08.2018"", ""מיקום החזקת הנשק"": ""כסיפה"", ""סוג הנשק [FN]"": 1.0, ""פיזור הנשק"": ""סביב הישוב"", ""שימוש"": ""לא"", ""כמות תחמושת"": ""ללא""}","{""אופן החזקת הנשק"": ""על גופו"", ""כמות תחמושת"": ""מחסנית ובה 10 כדורים"", ""מספר עבירה"": ""144 א"", ""סוג הנשק [תת מקלע מאולתר]"": 1.0, ""סוג עבירה"": ""החזקה נשק"", ""סטטוס הנשק"": ""נשק מופרד מתחמושת"", ""תכנון"": ""לא"", ""תאריך האירוע"": ""26.10.16"", ""מיקום האירוע"": ""מחלף להב-שומריה, כביש 6 לכוון צפון"", ""סוג הרכב"": ""רכב פרטי"", ""זיהוי הנאשם"": ""על ידי שוטר"", ""שם השוטר"": ""מיכאל אדרי"", ""קוטר הקליעים"": ""9 מ\""מ"", ""שימוש"": ""לא""}",40.0,"ניתוח הדמיון המהותי בין שני התיקים:

1. **סוג העבירה וחומרתה:** שני התיקים עוסקים בעבירה של החזקת נשק (144א' לחוק העונשין). עם זאת, החזקה בבית (תיק 1) שונה מהחזקה על הגוף (תיק 2) מבחינת הפוטנציאל הסיכון המיידי, ולכן רמת החומרה עשויה להיות שונה.

2. **תפקיד הנאשם ומעורבותו:** שני התיקים מצביעים על החזקה בלבד, ללא ראיות ליזמות או סחר. עם זאת, החזקה על הגוף (תיק 2) עשויה להעיד על מוכנות לשימוש מיידי, מה שמגביר את רמת המעורבות הפוטנציאלית.

3. **שיטת הביצוע (MO):** שיטת הביצוע שונה באופן משמעותי. החזקה בבית מצביעה על הסתרה, בעוד שהחזקה על הגוף מצביעה על נשיאה גלויה או מוסתרת.

4. **נסיבות הליבה:** תיק 1 מציין פיזור נשק בסביבת הישוב, מה שמעיד על פוטנציאל נזק רחב יותר. תיק 2 כולל תחמושת, מה שמגביר את הפוטנציאל לשימוש מיידי בנשק. העובדה שתיק 1 מציין ""ללא תחמושת"" היא הבדל משמעותי.

5. **ישימות כתקדים:** בשל העובדה שמדובר בשני תיקי 144א', בית המשפט עשוי לשקול את שני התיקים בענישה, אך ההבדלים המשמעותיים בנסיבות (מיקום ההחזקה, קיום תחמושת, פיזור הנשק) יצמצמו את הרלוונטיות של תיק 1 כפס""ד תקדימי לתיק 2. העובדה שתיק 2 כולל תחמושת, בעוד שתיק 1 לא, היא קריטית.

SIMILARITY_SCORE: 40","ok",""
"ME-16-11-13999-863","m01008097-376",1,0,0,"{""אופן החזקת הנשק"": ""ברכב"", ""כמות תחמושת"": ""2 מחסניות"", ""מספר עבירה"": ""144 א, 144 ב"", ""סוג הנשק [אקדח]"": 1.0, ""סוג עבירה"": ""החזקה נשק, נשיאת נשק, הובלת נשק"", ""סטטוס הנשק"": ""נשק עם מחסנית בהכנס"", ""תכנון"": ""לא"", ""סוג הרכב"": ""מאזדה"", ""שותף לעבירה"": ""זבידאת סלאמה"", ""מיקום האירוע"": ""מסכנין לראמה"", ""זמן האירוע"": ""26.10.16 סמוך לשעה 20.00"", ""סוג האקדח"": ""STAR"", ""קליבר האקדח"": ""9 מ\""מ פאראבלום"", ""מספר כדורים במחסנית"": ""לא צוין מספר מדויק"", ""תיאור המעשה"": ""נסיעה לכיוון מחסום משטרתי, נסיעה לתוך תחנת דלק, נסיעה לכיוון היציאה מתחנת הדלק"", ""תגובה למחסום משטרתי"": ""פנייה לתוך תחנת דלק והמשך נסיעה"", ""שימוש"": ""לא""}","{""אופן החזקת הנשק"": ""בבית, על גופו"", ""כמות תחמושת"": ""כדורים, 2 מחסניות"", ""מספר עבירה"": ""144 א, 144 ב"", ""סוג הנשק [רימון רסס]"": 1.0, ""סטטוס הנשק"": ""תקין"", ""עבירות נוספות"": ""עבירת מעשה פזיזות ורשלנות כהגדרתם בס\""ק 338 (5) לחוק העונשין"", ""שימוש"": ""זריקת רימון"", ""תכנון"": ""לא"", ""מיקום האירוע"": ""באר שבע, רח' מבצע יואב"", ""מצב הנאשם בזמן האירוע"": ""שיכור"", ""ניסיון למנוע את האירוע"": ""ניסה להשיב את ניצרת הרימון למקומה"", ""מקום זריקת הרימון"": ""למקום שומם מאדם"", ""תוצאת האירוע"": ""לא נגרמה פגיעה באדם או רכוש"", ""הודאה בביצוע המעשים"": ""הודה בביצוע המעשים ובחזקת הנשק והתחמושת"", ""תגובת התביעה"": ""לא תביא ראיות לסתור""}",35.0,"להלן ניתוח הדמיון המהותי בין שני התיקים, ממד אחר ממד:

1. **סוג העבירה וחומרתה:** שני התיקים עוסקים בעבירות של החזקה ונשיאה/הובלה של נשק (144(א) ו-144(ב)). עם זאת, תיק 1 עוסק באקדח, בעוד תיק 2 עוסק ברימון רסס - נשקים שונים מבחינת הסכנה הטמונה בהם. חומרת העבירה בתיק 2 עולה על זו שבתיק 1 בשל השימוש ברימון, גם אם לא נגרם נזק.

2. **תפקיד הנאשם ומעורבותו:** בשני התיקים הנאשם מחזיק בנשק באופן ישיר. בתיק 1 יש שותף לעבירה, מה שמצביע על מעורבות רחבה יותר, בעוד בתיק 2 הנאשם פועל לבדו.

3. **שיטת הביצוע (MO):** שיטת הביצוע שונה מאוד. תיק 1 מתאר נסיעה ברכב עם נשק, תוך ניסיון להתחמק ממחסום משטרתי. תיק 2 מתאר החזקת רימון בבית וזריקתו למקום שומם. אין דמיון משמעותי בדפוסי הפעולה.

4. **נסיבות הליבה:** בשני התיקים מדובר בכמות תחמושת דומה (2 מחסניות). בתיק 2 יש נסיבה מחמירה של שימוש בנשק (זריקת רימון) ונסיבה מקלה של מצב שיכרות. בתיק 1 אין שימוש בנשק, אך יש ניסיון התחמקות מהמשטרה.

5. **ישימות כתקדים:** בשל השוני בסוג הנשק, שיטת הביצוע והנסיבות, סביר להניח שבית המשפט לא יראה בתיק 1 תקדים רלוונטי לענישה בתיק 2, ולהיפך. העובדה ששניהם כוללים 144(ב) אינה מספיקה להתגבר על השוני המהותי.

SIMILARITY_SCORE: 35","ok",""
"ME-16-06-50916-362","ME-15-03-29911-554",3,1,1,"{""אופן החזקת הנשק"": ""ברכב"", ""מטרה-סיבת העבירה"": ""סכסוך"", ""מספר עבירה"": ""144 ב"", ""סוג הנשק [תת מקלע]"": 1.0, ""סוג עבירה"": ""נשיאת נשק"", ""סטטוס הנשק"": ""נשק עם כדור בקנה"", ""עבירות נוספות"": ""איומים, עבירה לפי סעיף 192  לחוק העונשין, יריות באזור מגורים, עבירה לפי סעיף 340א לחוק העונשין, מעשה פזיזות ורשלנות, עבירה לפי סעיף 338(א)(5) לחוק העונשין, נהיגה בזמן פסילה, עבירה לפי סעיף 67 לפקודת התעבורה תשכ\""א – 1961 ונהיגה ללא רישיון נהיגה, עבירה לפי סעיף 10א וסעיף 62(1) לפקודת התעבורה [נוסח חדש],תשכ\""א-1961."", ""שימוש"": ""כן,ירי"", ""תכנון"": ""לא"", ""סוג הנשק"": ""קרל גוסטב"", ""מיקום הירי"": ""מחוץ לבית"", ""מספר כדורים שנורו"": ""לפחות שלושה"", ""היכרות עם הנאסר"": ""קיימת"", ""סטטוס רישיון הנהיגה"": ""פסול"", ""תאריך פסילת רישיון הנהיגה"": ""3.2.15"", ""תקופת פסילת רישיון הנהיגה"": ""24 חודשים"", ""מועד העבירה"": ""12.6.16"", ""זמן העבירה"": ""18:25"", ""מקום העבירה"": ""כפר ג'דידה-מכר"", ""סוג הרכב"": ""סקודה"", ""התנהלות במהלך העבירה"": ""נסיעה, עצירה, ירי, נסיעה נוספת, עצירה וירי שנית"", ""תוצאת הירי"": ""הפחדה והקנטת הנוכחים"", ""כמות תחמושת"": ""ללא""}","{""אופן החזקת הנשק"": ""ברכב, על גופו"", ""כמות תחמושת"": ""מחסנית ובה 12 כדורים, מחסנית, 20 כדורים, 24 כדורים"", ""מספר עבירה"": ""144 א, 144 ב"", ""סוג הנשק [אקדח]"": 1.0, ""סוג עבירה"": ""ביצוע עבירות בנשק"", ""סטטוס הנשק"": ""נשק עם כדור בקנה"", ""שימוש"": ""כן,ירי"", ""תכנון"": ""לא"", ""מיקום האירועים"": ""פוריידיס, חווה בבעלות הנאשם, שכונות מגורים, ליד מגרש בית הספר התיכון"", ""זמן האירועים"": ""5.3.15, שעות הערב, סמוך לשעה 19:00, סמוך לשעה 19:14"", ""סוג האקדח"": ""יריחו"", ""מספר כדורים שנורו"": ""מספר רב של כדורים, שני כדורים נוספים"", ""התנהלות במהלך האירוע"": ""ירי בשטח חווה, ירי במהלך נסיעה ברכב, ירי ליד מגרש בית הספר"", ""מעורבות אדם נוסף"": ""אדם נוסף נוהג ברכב, זהותו אינה ידועה למאשימה""}",65.0,"1. **סוג העבירה וחומרתה:** שני התיקים עוסקים בעבירות נשיאת נשק (144ב בתיק 1 ו-144א ו-144ב בתיק 2) ושימוש בנשק (ירי). חומרת העבירה דומה, שכן בשני המקרים נעשה שימוש בנשק, אך תיק 1 כולל עבירות נוספות חמורות (איומים, יריות באזור מגורים) המגבירות את חומרתו.

2. **תפקיד הנאשם ומעורבותו:** בשני התיקים הנאשם מעורב ישירות בשימוש בנשק. בתיק 1, מעורבותו נראית אקטיבית יותר (ירי מחוץ לבית, נסיעה וירי חוזר), בעוד שבתיק 2 ישנה אפשרות של מעורבות נוספת (נהג לא מזוהה).

3. **שיטת הביצוע (MO):** בשני התיקים הנשק נמצא ברכב והשימוש בנשק כולל ירי. בתיק 2 ישנם מספר אירועי ירי במקומות שונים, בעוד שבתיק 1 מתואר דפוס של נסיעה, עצירה וירי. הדמיון בשיטת הביצוע קיים, אך לא זהה לחלוטין.

4. **נסיבות הליבה:** בשני התיקים נעשה שימוש בנשק טעון. תיק 1 מציין סכסוך כמניע, בעוד שבתיק 2 המניע אינו מפורט. תיק 1 כולל יריות באזור מגורים, מהווה נסיבה מחמירה שאינה קיימת בתיק 2. כמות התחמושת בתיק 2 גדולה יותר.

5. **ישימות כתקדים:** בית המשפט עשוי לראות את שני התיקים כרלוונטיים זה לזה לצורכי ענישה, בעיקר בשל העבירה של נשיאת ונשיאת נשק ושימוש בו. עם זאת, העבירות הנוספות בתיק 1 והנסיבות המחמירות (יריות באזור מגורים) יבדילו אותו מתיק 2 ויצדיקו ענישה חמורה יותר.

SIMILARITY_SCORE: 65","ok",""
"SH-16-11-49772-358","ME-17-02-54432-484",1,0,0,"{""אופן החזקת הנשק"": ""מוסלק - מוסתר"", ""אופן קבלת הנשק"": ""גנב"", ""מטרה-סיבת העבירה"": ""בצע כסף"", ""מספר עבירה"": ""144 א"", ""סוג עבירה"": ""החזקה נשק"", ""סטטוס הנשק"": ""תקין"", ""עבירות נוספות"": ""גניבה"", ""תכנון"": ""לא"", ""מיקום האירוע"": ""חנות לארג' קפה, רחוב רוטשילד 62, כפר סבא"", ""זמן האירוע"": ""18.11.16 בסמוך לשעה 13:30"", ""מיקום הסלקת הנשק"": ""אדנית עץ בסמטה הסמוכה לרחוב וייצמן 113 בכפר סבא"", ""סוג הנשק"": ""אקדח"", ""מקור הנשק"": ""נשכח בשגגה בתא שירותים"", ""שימוש"": ""לא"", ""כמות תחמושת"": ""ללא""}","{""אופן החזקת הנשק"": ""ברכב, על גופו"", ""כמות תחמושת"": ""מחסנית ובה 7 כדורים"", ""מטרה-סיבת העבירה"": ""הגנה עצמית"", ""מספר עבירה"": ""144 א, 144 ב"", ""סוג הנשק [אקדח]"": 1.0, ""סוג עבירה"": ""החזקה נשק, נשיאת נשק"", ""סטטוס הנשק"": ""נשק עם מחסנית בהכנס"", ""תכנון"": ""כן"", ""סוג האקדח"": ""ברטה"", ""מספר סידורי של האקדח"": ""82233"", ""קליבר הכדורים"": ""0.22 מ\""מ"", ""מיקום החזקת הנשק"": ""סמוך לבית הנאשם"", ""תאריך החזקת הנשק"": ""מאז ועד יום 16.02.17"", ""מסלול הנסיעה"": ""מכפר קאסם לנהריה"", ""סוג הרכב"": ""מאזדה"", ""שמות הנוסעים ברכב"": ""אחמד עיסא, עותמאן עיסא, מגארי יאסין"", ""מיקום התפיסה"": ""צומת הרחובות הגעתון והרצל בנהריה"", ""שעת התפיסה"": ""סמוך לפני השעה 16:00"", ""שימוש"": ""לא""}",30.0,"להלן ניתוח הדמיון המהותי בין שני התיקים:

1. **סוג העבירה וחומרתה:** שני התיקים עוסקים בעבירות נשק לפי חוק העונשין. עם זאת, תיק 2 חמור יותר משמעותית, שכן הוא כולל גם נשיאה/הובלה של נשק (144(ב)) בנוסף להחזקה (144(א)), בעוד תיק 1 עוסק בהחזקה בלבד.

2. **תפקיד הנאשם ומעורבותו:** בתיק 1 הנאשם גנב את הנשק, מה שמצביע על מעורבות פסיבית יחסית בהשגת הנשק. בתיק 2 הנאשם החזיק בנשק ברכב, עם תחמושת, וייתכן שתכנן את ההחזקה, מה שמצביע על מעורבות אקטיבית יותר.

3. **שיטת הביצוע (MO):** שיטות הביצוע שונות מאוד. תיק 1 כולל הסלקה של נשק, בעוד תיק 2 כולל החזקה גלויה של נשק ברכב.

4. **נסיבות הליבה:** תיק 1 מתאפיין בהעדר תחמושת, נשק תקין שהושאר בשגגה, והיעדר תכנון. תיק 2 כולל תחמושת, נשק מוכן לשימוש, תכנון מוקדם, ומסלול נסיעה מוגדר. המטרה בתיק 1 היא בצע כסף, בעוד שבתיק 2 מדובר בהגנה עצמית (טענה שיש לבחון).

5. **ישימות כתקדים:** לא סביר שבית המשפט יראה בתיק 1 תקדים רלוונטי לתיק 2. העובדה שתיק 2 כולל נשיאת נשק (144(ב)) והחזקת תחמושת, יחד עם נסיבות מחמירות יותר, הופכת אותו לחמור משמעותית מתיק 1. תקדים של החזקה בלבד (144(א)) ללא נשיאה או תחמושת כמעט ולא ישפיע על גזר הדין בתיק הכולל 144(ב) ותחמושת.

SIMILARITY_SCORE: 30","ok",""
"ME-14-02-51828-88","ME-14-03-48488-922",1,0,0,"{""תאריך העבירה"": ""19.2.14"", ""שעת העבירה"": ""23:12"", ""סוג הרכב"": ""רנו מגאן"", ""מספר רכב"": ""98-057-36"", ""מיקום העבירה"": ""כביש הכניסה לכפר חורפיש"", ""סוג הכדורים"": ""כדור שבכוחו להמית אדם"", ""מספר עבירה"": ""144 ב"", ""סוג עבירה"": ""נשיאת נשק, הובלת נשק"", ""סוג הנשק [רובה צייד]"": 2.0, ""סטטוס הנשק"": ""תקין"", ""תכנון"": ""לא"", ""אופן החזקת הנשק"": ""ברכב"", ""שימוש"": ""לא"", ""כמות תחמושת"": ""ללא""}","{""אופן החזקת הנשק"": ""על גופו"", ""אופן קבלת הנשק"": ""ייצר"", ""מטרה-סיבת העבירה"": ""בצע כסף"", ""מספר עבירה"": ""144 א, 144 ב"", ""סוג הנשק [מטען חבלה]"": 1.0, ""סוג עבירה"": ""החזקה נשק, נשיאת נשק"", ""סטטוס הנשק"": ""תקין"", ""עבירות נוספות"": ""היזק בזדון בחומר נפיץ"", ""שימוש"": ""הפעלת מטען"", ""תכנון"": ""כן"", ""תאריך יצירת המטען"": ""סמוך ל-4.1.14"", ""תיאור המטען"": ""מטען חבלה מצינור מתכת סגור בשני צדדיו עם חומר נפיץ, פתיל ו-47 קליעי נק'ל"", ""מטרת המטען"": ""לגרום למותו של אדם"", ""מיקום הטמנת המטען"": ""מתחת למושב הנהג"", ""תאריך הפעלת המטען"": ""4.1.2014"", ""מיקום האירוע"": ""רחוב מוהליבר 38, תל אביב"", ""תוצאות התפוצצות המטען"": ""נזק לתחתית וכסא נהג הרכב ונזקים לסביבה ברדיוס של כ-10 מטר"", ""תאריך החזקת נשק נוסף"": ""25.2.2014"", ""תיאור הנשק הנוסף"": ""מכשיר טלפון נייד המשמש כמערכת הפעלה למטעני חבלה מאולתרים"", ""כמות תחמושת"": ""ללא""}",25.0,"להלן ניתוח הדמיון המהותי בין שני התיקים, ממד אחר ממד:

1. **סוג העבירה וחומרתה:** שני התיקים עוסקים בעבירות נשק לפי חוק העונשין, אך תיק 2 חמור משמעותית. תיק 1 עוסק בנשיאה/הובלה של רובה צייד, בעוד תיק 2 כולל החזקה, נשיאה, ייצור של מטען חבלה, שימוש בו, ועבירות נוספות של היזק בזדון. החומרה בתיק 2 גבוהה משמעותית.

2. **תפקיד הנאשם ומעורבותו:** בתיק 1 הנאשם נראה כשליח או מחזיק (הובלה ברכב), בעוד בתיק 2 הנאשם הוא יזם - הוא ייצר את המטען, תכנן את השימוש בו, והפעיל אותו. רמת המעורבות בתיק 2 גבוהה בהרבה.

3. **שיטת הביצוע (MO):** שיטת הביצוע שונה לחלוטין. תיק 1 כולל הובלה של נשק ברכב, בעוד תיק 2 כולל ייצור מטען חבלה, הטמנה ברכב, והפעלה. אין חפיפה משמעותית בדפוסי הפעולה.

4. **נסיבות הליבה:** תיק 1 מתייחס לנשיאת נשק תקין ללא שימוש, ללא תכנון מוקדם וללא תחמושת. תיק 2 כולל תכנון מוקדם, שימוש במטען חבלה, מטען מורכב עם חומר נפיץ וכדורים, ומטרה לגרום למות אדם. הנסיבות בתיק 2 מחמירות באופן משמעותי.

5. **ישימות כתקדים:** לא סביר שבית משפט יראה בתיק 1 תקדים רלוונטי לתיק 2. החומרה, המעורבות, שיטת הביצוע והנסיבות שונות באופן מהותי. תיק 1 עשוי לשמש כנקודת השוואה לצורך ענישה בתיקים דומים של נשיאת נשק בלבד, אך לא במקרה של ייצור והפעלת מטען חבלה.

SIMILARITY_SCORE: 25","ok",""
"ME-14-12-6904-57","ME-18-04-19642-504",1,0,0,"{""מיקום הדירה"": ""תל אביב"", ""תאריך רכישת הנשק"": ""18.11.2014"", ""מחיר הנשק"": ""4000 ש\""ח"", ""סוג הנשק"": ""רובה מאולתר מדגם קרל גוסטב"", ""תאריך העבירה"": ""18.11.2014"", ""שעת העבירה"": ""16:40"", ""אופן הסתרת הנשק"": ""עטוף בבגדים בתוך תיק גב"", ""כמות קנאביס"": ""0.3027 גרם נטו"", ""מיקום החזקת הנשק בדירה"": ""מוטמן בארון בגדים בחדר השינה"", ""מספר עבירה"": ""144 ב"", ""סוג עבירה"": ""נשיאת נשק, הובלת נשק"", ""עבירות נוספות"": ""החזקת סם לצריכה עצמית"", ""סוג הנשק [תת מקלע מאולתר]"": 1.0, ""סטטוס הנשק"": ""נשק מופרד מתחמושת"", ""תכנון"": ""כן"", ""אופן החזקת הנשק"": ""בבית, על גופו, מוסלק - מוסתר"", ""אופן קבלת הנשק"": ""רכש"", ""כמות תחמושת"": ""מחסנית"", ""מטרה-סיבת העבירה"": ""הגנה עצמית""}","{""אופן החזקת הנשק"": ""ברכב, על גופו"", ""כמות תחמושת"": ""2 מחסניות, 40 כדורים"", ""מטרה-סיבת העבירה"": ""אלימות כלפי נשים"", ""מספר עבירה"": ""144 א, 144 ב"", ""סוג הנשק [אקדח]"": 1.0, ""סוג עבירה"": ""נשיאת נשק, הובלת נשק"", ""סטטוס הנשק"": ""נשק עם כדור בקנה"", ""עבירות נוספות"": ""במעשי פזיזות ורשלנות, לפי ס' 338(א)(5) לחוק."", ""שימוש"": ""כן,ירי"", ""תכנון"": ""לא"", ""מיקום האירוע"": ""יער הסמוך לכפר קרע"", ""תאריך האירוע"": ""1.4.18"", ""זמן האירוע"": ""17:00"", ""השפעת אלכוהול"": ""הנאשם היה תחת השפעת משקאות אלכוהוליים"", ""זיכרון הנאשם"": ""הנאשם אינו זוכר את כל פרטי האירוע"", ""מספר יריות"": ""11 יריות באוויר"", ""אופן השימוש בנשק"": ""שליפה והצגה לפני ר.ק. וירי באוויר"", ""התנהלות במהלך המעצר"": ""ניסיון להימלט, השלכת הנשק תחת מושב הרכב"", ""מערכת יחסים עם המתלוננת"": ""הנאשם ור.ק. היו זוג לפני האירוע"", ""סכסוך עם המתלוננת"": ""סכסוך כשבועיים לפני האירוע""}",45.0,"להלן ניתוח הדמיון המהותי בין שני התיקים:

1. **סוג העבירה וחומרתה:** שני התיקים עוסקים בעבירות נשיאה והובלה של נשק (144ב), אך תיק 2 מוסיף עבירה של שימוש בנשק וירי, מה שמגדיל משמעותית את חומרתו. תיק 1 כולל גם החזקת סם, אך זהו אלמנט משני בהשוואה לעבירות הנשק.
2. **תפקיד הנאשם ומעורבותו:** בשני התיקים הנאשם הוא מחזיק/נושא את הנשק. בתיק 1 מדובר ברכישה לצורך הגנה עצמית, בעוד שבתיק 2 הנשק שימש לאלימות כלפי אישה, מה שמצביע על מעורבות אקטיבית יותר ועל כוונה פלילית חמורה יותר.
3. **שיטת הביצוע (MO):** בשני התיקים הנשק הוסלק (בתיק 1 בבית, בתיק 2 ברכב). עם זאת, בתיק 2 יש אלמנט של ירי באוויר וניסיון הימלטות, שאינם קיימים בתיק 1.
4. **נסיבות הליבה:** תיק 2 חמור יותר מבחינת כמות התחמושת (2 מחסניות ו-40 כדורים לעומת מחסנית אחת בתיק 1), העובדה שהנשק היה טעון, השימוש בפועל בנשק (ירי), וההשפעה של אלכוהול על הנאשם. תיק 1 מציין תכנון מראש, בעוד בתיק 2 מדובר באירוע ספונטני יותר.
5. **ישימות כתקדים:** בשל חומרת העבירה בתיק 2 (שימוש בנשק, ירי, אלימות כלפי אישה), סביר להניח שבית המשפט לא יראה בתיק 1 תקדים רלוונטי לצורך ענישה. תיק 1 עשוי לשמש כנקודת השוואה לגבי ההחזקה וההובלה בלבד, אך לא לגבי ההיבטים החמורים יותר של תיק 2.

SIMILARITY_SCORE: 45","ok",""
"ME-18-10-30972-637","ME-14-11-7498-539",3,1,1,"{""אופן החזקת הנשק"": ""ברכב"", ""אופן קבלת הנשק"": ""רכש"", ""מספר עבירה"": ""144 ב"", ""סוג הנשק [רובה סער ]"": 1.0, ""סוג עבירה"": ""ניסיון לסחר"", ""סטטוס הנשק"": ""תקין"", ""תכנון"": ""כן"", ""מחיר הנשק"": ""7,000-8,000 ₪"", ""מיקום העסקה"": ""שכם"", ""שיטת הובלת הנשק"": ""הסעה על ידי צד שלישי"", ""שם המוכר"": ""סאמי"", ""שם הנהג המוביל"": ""אימן"", ""שם נוסף ברכב"": ""עמרו כשאן"", ""שם נוסף ברכב 2"": ""יוסף"", ""תאריך העסקה"": ""8.9.2018"", ""מקום איסוף הנשק"": ""ג'בעה"", ""סוג הנשק"": ""M-16"", ""שימוש"": ""לא"", ""מטרה-סיבת העבירה"": ""בצע כסף"", ""כמות תחמושת"": ""ללא""}","{""אופן החזקת הנשק"": ""ברכב, מוסלק - מוסתר"", ""אופן קבלת הנשק"": ""מאחר"", ""כמות תחמושת"": ""מחסנית ובה 29 כדורים"", ""מטרה-סיבת העבירה"": ""בצע כסף"", ""מספר עבירה"": ""144 א, 144 ב"", ""סוג הנשק [רובה סער ]"": 2.0, ""סוג עבירה"": ""החזקה נשק, נשיאת נשק, הובלת נשק, ניסיון לסחר"", ""סטטוס הנשק"": ""נשק עם מחסנית בהכנס"", ""עבירות נוספות"": ""עבירות של קשירת קשר לביצוע פשע, גניבה,"", ""תכנון"": ""כן"", ""מקום השירות של יוסף"": ""בסיס צה\""ל בבא\""פ דרום סמוך לצאלים"", ""סוג הנשק הנוסף"": ""מיקרו תבור עם כוונת מארס"", ""מספר נאשמים מעורבים"": 4, ""מקום המפגש למכירת הנשק"": ""רהט"", ""פעולת עצירה"": ""בלשי מג\""ב דרום תפסו את הנשק ועצרו את יוסף והנאשם"", ""מקום החביאה של הנשק הנוסף"": ""במחסן סמוך לבית הנאשם 4"", ""סוג הכוונת על הנשק הראשון"": ""טרג'יקון"", ""תאריך האירועים"": ""23.10.14 ו-26.10.14"", ""סוג הרכב להובלת הנשק"": ""רכב פרטי"", ""שימוש"": ""לא""}",65.0,"להלן ניתוח הדמיון המהותי בין שני התיקים, ממד אחר ממד:

1. **סוג העבירה וחומרתה:** שני התיקים עוסקים בעבירות נשק, כאשר תיק 2 כולל גם עבירות נוספות (קשירת קשר, גניבה). שני התיקים כוללים ניסיון לסחר, אך תיק 2 מוסיף עבירות של החזקה ונשיאה. רמת החומרה דומה, שכן מדובר ברובי סער.
2. **תפקיד הנאשם ומעורבותו:** בתיק 1 הנאשם רכש את הנשק וניסה לסחור בו, בעוד בתיק 2 הנאשם מעורב בהחזקה, נשיאה, הובלה וניסיון לסחר. בתיק 2 ישנם מספר נאשמים, מה שמצביע על מעורבות רחבה יותר. בשני התיקים יש מעורבות של צדדים שלישיים בהובלה.
3. **שיטת הביצוע (MO):** בשני התיקים הנשק הוסע ברכב, ותוכנן מראש לבצע עסקה. תיק 2 מציין הסלקה של הנשק, פרט שאינו מופיע בתיק 1.
4. **נסיבות הליבה:** שני התיקים מונעים על ידי בצע כסף. תיק 2 מציין כמות תחמושת (29 כדורים) וסוגי נשק נוספים (מיקרו תבור). תיק 1 לא מציין כמות תחמושת. שני התיקים לא מציינים שימוש בנשק.
5. **ישימות כתקדים:** בית המשפט עשוי לראות את שני התיקים כרלוונטיים זה לזה לצורכי ענישה, במיוחד לאור העובדה שמדובר בניסיון לסחר ברובי סער. עם זאת, העובדה שתיק 2 כולל עבירות נוספות ומספר נאשמים עשויה להשפיע על גזר הדין. העובדה שתיק 2 כולל גם עבירת החזקה (144א) עשויה להוסיף מימד של רלוונטיות, אך לא באופן מכריע.

SIMILARITY_SCORE: 65","ok",""
"ME-17-02-54432-484","ME-16-07-45228-25",3,1,1,"{""אופן החזקת הנשק"": ""ברכב, על גופו"", ""כמות תחמושת"": ""מחסנית ובה 7 כדורים"", ""מטרה-סיבת העבירה"": ""הגנה עצמית"", ""מספר עבירה"": ""144 א, 144 ב"", ""סוג הנשק [אקדח]"": 1.0, ""סוג עבירה"": ""החזקה נשק, נשיאת נשק"", ""סטטוס הנשק"": ""נשק עם מחסנית בהכנס"", ""תכנון"": ""כן"", ""סוג האקדח"": ""ברטה"", ""מספר סידורי של האקדח"": ""82233"", ""קליבר הכדורים"": ""0.22 מ\""מ"", ""מיקום החזקת הנשק"": ""סמוך לבית הנאשם"", ""תאריך החזקת הנשק"": ""מאז ועד יום 16.02.17"", ""מסלול הנסיעה"": ""מכפר קאסם לנהריה"", ""סוג הרכב"": ""מאזדה"", ""שמות הנוסעים ברכב"": ""אחמד עיסא, עותמאן עיסא, מגארי יאסין"", ""מיקום התפיסה"": ""צומת הרחובות הגעתון והרצל בנהריה"", ""שעת התפיסה"": ""סמוך לפני השעה 16:00"", ""שימוש"": ""לא""}","{""מיקום האירוע"": ""כפר זלפה"", ""זמן האירוע"": ""שעת ליל"", ""תאריך האירוע"": ""19.7.16"", ""פעולת הנאשם בעת גילוי"": ""ניסיון להימלט מהשוטרים"", ""מקום החביית הנשק"": ""תחת שמיכה על מזרן בחדר"", ""מספר עבירה"": ""144 ב"", ""סוג עבירה"": ""נשיאת נשק"", ""סוג הנשק [אקדח]"": 1.0, ""סטטוס הנשק"": ""נשק עם מחסנית בהכנס"", ""תכנון"": ""כן"", ""אופן החזקת הנשק"": ""בבית, על גופו, מוסלק - מוסתר"", ""כמות תחמושת"": ""מחסנית ובה 10 כדורים"", ""שימוש"": ""לא""}",65.0,"להלן ניתוח הדמיון המהותי בין שני התיקים:

1. **סוג העבירה וחומרתה:** שני התיקים עוסקים בעבירות נשיאת נשק (144(ב)), אך תיק 1 כולל גם עבירת החזקה (144(א)). חומרת העבירה דומה, אך תיק 1 מעט חמור יותר בשל השילוב של שתי העבירות.
2. **תפקיד הנאשם ומעורבותו:** בשני התיקים הנאשם מחזיק בנשק על גופו, מה שמצביע על מעורבות ישירה. בתיק 1 ישנם נוסעים ברכב, מה שמעלה אפשרות של שיתוף פעולה או תפקיד נוסף, אך זה לא בהכרח משנה את מעורבות הנאשם עצמו.
3. **שיטת הביצוע (MO):** בשני התיקים הנשק הוחזק עם מחסנית מלאה, ואין ראיות לשימוש בנשק. ההבדל הוא במיקום ההחזקה - ברכב (תיק 1) לעומת בבית (תיק 2).
4. **נסיבות הליבה:** בשני התיקים מדובר באקדחים עם מחסניות מלאות (7 ו-10 כדורים בהתאמה). בשני התיקים אין שימוש בנשק. תיק 1 מציין תכנון מראש, גם תיק 2 מציין תכנון. תיק 1 מציין נסיבות של הגנה עצמית, בעוד שתיק 2 לא מציין זאת.
5. **ישימות כתקדים:** בית המשפט עשוי לראות את שני התיקים כרלוונטיים זה לזה לצורכי ענישה, בעיקר בשל הדמיון בעבירה (נשיאת נשק), סטטוס הנשק (מחסנית מלאה) והעובדה שאין שימוש בנשק. עם זאת, ההבדלים בנסיבות (הגנה עצמית בתיק 1, מיקום ההחזקה) עשויים להשפיע על גזר הדין.

SIMILARITY_SCORE: 65","ok",""
"ME-09-06-10774-130","SH-20-02-52091-995",1,0,0,"{""אופן החזקת הנשק"": ""ברכב"", ""מספר עבירה"": ""144 א, 144 ב"", ""סוג הנשק [אקדח]"": 1.0, ""סוג עבירה"": ""החזקה נשק, נשיאת נשק"", ""סטטוס הנשק"": ""תקין"", ""תכנון"": ""לא"", ""מותג הנשק"": ""ברטה"", ""מיקום האירוע"": ""כפר מושרייפה"", ""שימוש"": ""לא"", ""כמות תחמושת"": ""ללא""}","{""אופן החזקת הנשק"": ""בבית"", ""כמות תחמושת"": ""20 כדורים"", ""מספר עבירה"": ""144 א"", ""סוג הנשק [תת מקלע מאולתר]"": 1.0, ""סוג עבירה"": ""החזקה נשק"", ""סטטוס הנשק"": ""נשק מופרד מתחמושת"", ""תכנון"": ""לא"", ""סוג הנשק"": ""תת מקלע מאולתר 9 מ\""מ"", ""מיקום החזקת הנשק"": ""ארון במטבח"", ""מיקום הבית"": ""שבט אלאעצם"", ""תאריך החזקת הנשק"": ""מיום 14.02.20"", ""תאריך התגלית"": ""16.02.20"", ""שעת התגלית"": ""סמוך לשעה 15:00"", ""סוג הפעילות המשטרתית"": ""חיפוש יזום"", ""שימוש"": ""לא""}",40.0,"1. **סוג העבירה וחומרתה:** שני התיקים עוסקים בהחזקת נשק, אך תיק 1 כולל גם נשיאת נשק (144(ב)), מה שמגדיל את חומרתו. תיק 2 מתמקד בהחזקה בלבד (144(א)).
2. **תפקיד הנאשם ומעורבותו:** התיקים אינם מפרטים את תפקיד הנאשם, אך ניתן להניח שמדובר בהחזקה אישית בשני המקרים. היעדר מידע מונע השוואה מעמיקה.
3. **שיטת הביצוע (MO):** אופן ההחזקה שונה - ברכב לעומת בבית. זהו הבדל משמעותי בנסיבות ההחזקה.
4. **נסיבות הליבה:** תיק 1 מציין היעדר תחמושת, בעוד בתיק 2 יש 20 כדורים. סוג הנשק שונה (אקדח תקין לעומת תת מקלע מאולתר). תיק 1 לא מציין תכנון, גם תיק 2 לא.
5. **ישימות כתקדם:** בשל העובדה שתיק 1 כולל גם נשיאת נשק (144(ב)), הוא עשוי להיות רלוונטי יותר כנקודת מוצא, אך השוני בסוג הנשק, אופן ההחזקה והימצאות התחמושת מצמצמים את הרלוונטיות. תיק 1 לא יהווה תקדים ישיר לתיק 2, אך עשוי להוות בסיס לדיון בענישה.

SIMILARITY_SCORE: 40","ok",""
"SH-15-03-49530-992","ME-16-05-9983-155",2,0,1,"{""אופן החזקת הנשק"": ""מוסלק - מוסתר, סמוך לבית"", ""כמות תחמושת"": ""2 מחסניות"", ""מספר עבירה"": ""144 א"", ""סוג הנשק [תת מקלע מאולתר]"": 1.0, ""סוג עבירה"": ""החזקה נשק"", ""סטטוס הנשק"": ""נשק עם מחסנית בהכנס"", ""תכנון"": ""לא"", ""תאריך התחלת העבירה"": ""5.3.2015"", ""תאריך סיום העבירה"": ""11.3.2015"", ""מיקום החזקת הנשק"": ""גג מחסן סמוך לבית"", ""מקום מגורים"": ""ג'לג'וליה"", ""סוג הרובה"": ""קרל גוסטב"", ""קוטר כדורים במחסנית ראשונה"": ""לא צוין"", ""קוטר כדורים במחסנית שנייה"": ""9 מ\""מ"", ""קוטר כדורים בתפזורת"": ""5.56 מ\""מ"", ""שימוש"": ""לא""}","{""אופן החזקת הנשק"": ""מוסלק - מוסתר"", ""אופן קבלת הנשק"": ""מאחר"", ""כמות תחמושת"": ""מחסנית"", ""מספר עבירה"": ""144 א, 144 ב"", ""סוג הנשק [תת מקלע מאולתר]"": 1.0, ""סוג עבירה"": ""החזקה נשק, נשיאת נשק"", ""סטטוס הנשק"": ""נשק מופרד מתחמושת"", ""תכנון"": ""לא"", ""מחיר הנשק"": ""7300 שקלים"", ""תאריך העבירה"": ""אפריל 2016"", ""מיקום החזקת הנשק"": ""גג בית חבר"", ""מיקום קבלת הנשק"": ""ליד בית הנאשם"", ""משך החזקת הנשק"": ""כשבוע"", ""קשר עם קרוב משפחה"": ""קרוב משפחה רכש והעביר את הנשק"", ""שימוש"": ""לא""}",65.0,"להלן ניתוח הדמיון המהותי בין שני התיקים:

1. **סוג העבירה וחומרתה:** שני התיקים עוסקים בעבירות נשק, אך תיק 2 חמור יותר משום שהוא כולל גם נשיאה/הובלה (144(ב)) בנוסף להחזקה (144(א)). תיק 1 עוסק בהחזקה בלבד.
2. **תפקיד הנאשם ומעורבותו:** בשני התיקים הנאשם הוא מחזיק בנשק, אך בתיק 2 יש מעורבות של צד שלישי (קרוב משפחה) ברכישה והעברה, מה שמצביע על קשר רחב יותר. בשני המקרים לא מדובר ביזום או סחר.
3. **שיטת הביצוע (MO):** בשני התיקים הנשק מוסלק ומוסתר. עם זאת, המיקום שונה (סמוך לבית לעומת גג בית חבר) ומשך ההחזקה שונה (טווח קצר לעומת כשבוע).
4. **נסיבות הליבה:** שני התיקים כוללים תת מקלע מאולתר, אך הכמות והסוג של התחמושת שונים (2 מחסניות עם קטרים שונים בתיק 1 לעומת מחסנית אחת בתיק 2). בשני התיקים אין שימוש בנשק ותכנון העבירה הוא ספונטני.
5. **ישימות כתקדם:** בשל העובדה שתיק 2 כולל גם עבירה של נשיאה/הובלה (144(ב)), הוא חמור יותר מתיק 1. עם זאת, הדמיון בסוג הנשק, אופן ההחזקה והעובדה שמדובר בהחזקה בלבד בבסיסה, עשוי להפוך את תיק 1 לרלוונטי לענישה בתיק 2, אך לא באופן מכריע.

SIMILARITY_SCORE: 65","ok",""
