"verdict_1","verdict_2","similarity_scale","similarity_binary_0","similarity_binary_1","feature_vector_1","feature_vector_2","score","response","status","last_error"
"SH-16-04-30406-325","ME-16-02-59812-881",1,0,0,"{""מספר עבירה"": ""144 א"", ""סוג עבירה"": ""החזקה נשק"", ""סוג הנשק [תת מקלע מאולתר]"": 1.0, ""סטטוס הנשק"": ""נשק מופרד מתחמושת"", ""תכנון"": ""לא"", ""אופן החזקת הנשק"": ""ברכב"", ""אופן קבלת הנשק"": ""רכש"", ""כמות תחמושת"": ""מחסנית ריקה ובה 0 כדורים, 2 מחסניות"", ""שימוש"": ""לא""}","{""מספר עבירה"": ""144 ב"", ""סוג עבירה"": ""סחר בנשק"", ""עבירות נוספות"": ""הנאשם הואשם והורשע בנוסף לעבירת נשק (סחר בנשק לפי סעיף 144(ב2)), גם בעבירות מסירת ידיעה כוזבת על עבירת פשע (סעיף 243 לחוק העונשין) ושיבוש הליכי משפט (סעיף 244 לחוק העונשין). אלו אינן עבירות נשק."", ""סוג הנשק [אקדח]"": 1.0, ""סטטוס הנשק"": ""נשק מופרד מתחמושת"", ""תכנון"": ""לא"", ""אופן החזקת הנשק"": ""בבית"", ""כמות תחמושת"": ""2 מחסניות, 20 כדורים"", ""מטרה-סיבת העבירה"": ""בצע כסף"", ""שימוש"": ""לא""}",20.0,"1. **סוג העבירה וחומרתה**: קיים פער משפטי מהותי. תיק 1 עוסק בהחזקה בלבד (144א), בעוד תיק 2 עוסק בסחר (144ב), עבירה חמורה משמעותית עם טווח ענישה גבוה יותר, ובנוסף כולל עבירות של שיבוש הליכים.

2. **תפקיד הנאשם ומעורבותו**: בתיק 1 הנאשם הוא מחזיק (רכש את הנשק), בעוד שבתיק 2 הנאשם פעל כסוחר (""בצע כסף""), מה שמעמיד אותו במעמד של יזם פלילי לעומת משתמש/מחזיק.

3. **שיטת הביצוע (MO)**: אין דמיון. תיק 1 מתאר החזקה ברכב, בעוד תיק 2 מתאר פעילות של סחר והחזקה בבית, לצד ניסיונות להטעות את החוק (מסירת ידיעה כוזבת).

4. **נסיבות הליבה**: סוגי הנשק שונים (תת-מקלע מאולתר מול אקדח). מבחינת תחמושת, בתיק 1 אין כדורים כלל, בעוד בתיק 2 ישנן 20 פליריות, מה שמעלה את רמת המסוכנות והחומרה בתיק השני.

5. **ישימות כתקדים**: בית המשפט לא יראה בתיק 1 תקדים לענישה בתיק 2. ההבדל בין סעיף 144(א) ל-144(ב), יחד עם המעבר מהחזקה לסחר, הופך את תיק 1 לבלתי רלוונטי לצורכי קביעת עונש בתיק 2.

SIMILARITY_SCORE: 20","ok",""
"ME-16-05-25902-514","ME-16-11-56385-886",3,1,1,"{""מספר עבירה"": ""144 א, 144 ב"", ""סוג עבירה"": ""החזקה נשק, נשיאת נשק"", ""סוג הנשק [אקדח]"": 1.0, ""סטטוס הנשק"": ""נשק עם מחסנית בהכנס"", ""תכנון"": ""לא"", ""אופן החזקת הנשק"": ""בבית, על גופו"", ""אופן קבלת הנשק"": ""רכש"", ""כמות תחמושת"": ""מחסנית ובה 7 כדורים"", ""מטרה-סיבת העבירה"": ""הגנה עצמית"", ""שימוש"": ""לא""}","{""מספר עבירה"": ""144 א"", ""סוג עבירה"": ""החזקה נשק"", ""סוג הנשק [אקדח]"": 1.0, ""סטטוס הנשק"": ""נשק עם כדור בקנה"", ""תכנון"": ""לא"", ""אופן החזקת הנשק"": ""על גופו"", ""שימוש"": ""לא"", ""כמות תחמושת"": ""ללא""}",40.0,"1. **סוג העבירה וחומרתה**: תיק 1 כולל גם נשיאה/הובלה (144ב) וגם החזקה (144א), בעוד תיק 2 עוסק בהחזקה בלבד (144א). מבחינה משפטית, נשיאת נשק נתפסת כחמורה יותר מהחזקה בלבד, מה שיוצר פער משמעותי בחומרת העבירה.

2. **תפקיד הנאשם ומעורבותו**: בשני התיקים מדובר במחזיק בודד ללא מעורבות של סחר, תיווך או ארגון פשע. רמת המעורבות בשני המקרים היא אישית ופסיבית (ללא שימוש בפועל).

3. **שיטת הביצוע (MO)**: בתיק 1 הנשק נרכש למטרת הגנה עצמית ונשמר בבית ועל הגוף. בתיק 2 הנשק נמצא על הגוף. הדפוס דומה במובן של החזקה אישית, אך חסר מידע על מקור הנשק בתיק 2.

4. **נסיבות הליבה**: בתיק 1 ישנה מחסנית מלאה (7 כדורים), בעוד בתיק 2 יש כדור אחד בקנה ללא תחמושת נוספת. עם זאת, ""כדור בקנה"" בתיק 2 מהווה נסיבה מחמירה של מוכנות מיידית לשימוש, שמאזנת חלקית את כמות התחמושת בתיק 1.

5. **ישימות כתקדים**: כפי שצוין בהנחיות, תיק של 144(א) לבדו אינו מהווה תקדים רלוונטי לתיק הכולל 144(ב). הפער בין ""החזקה"" ל""נשיאה"" הוא קריטי לצורכי ענישה וקביעת עונש בבתי המשפט.

SIMILARITY_SCORE: 40","ok",""
"ME-18-06-36728-73","ME-16-09-398-589",3,1,1,"{""מספר עבירה"": ""144 ב"", ""סוג עבירה"": ""נשיאת נשק"", ""עבירות נוספות"": ""הנאשם הורשע בנוסף לעבירת נשק (סעיף 144(ב)), גם בעבירת פציעה לפי סעיף 334 לחוק העונשין. עבירה זו אינה עבירת נשק ומהווה עבירה נוספת."", ""סוג הנשק [אקדח]"": 1.0, ""סטטוס הנשק"": ""נשק עם כדור בקנה"", ""תכנון"": ""לא"", ""אופן החזקת הנשק"": ""על גופו, מוסלק - מוסתר"", ""מטרה-סיבת העבירה"": ""סגירת חשבון"", ""שימוש"": ""לא"", ""כמות תחמושת"": ""ללא""}","{""מספר עבירה"": ""144 ב"", ""סוג עבירה"": ""נשיאת נשק"", ""עבירות נוספות"": ""הנאשם הורשע בנוסף לעבירת נשק (נשיאת נשק שלא כדין לפי סעיף 144(ב)), גם בעבירה של חבלה חמורה בנסיבות מחמירות לפי סעיפים 333 + 335(א)(2+1) לחוק העונשין. זוהי עבירת אלימות חמורה שאינה עבירת נשק."", ""סוג הנשק [אקדח]"": 1.0, ""סטטוס הנשק"": ""נשק עם כדור בקנה"", ""תכנון"": ""כן"", ""אופן החזקת הנשק"": ""על גופו"", ""שימוש"": ""לא"", ""כמות תחמושת"": ""ללא""}",92.0,"להלן ניתוח הדמיון המהותי בין שני התיקים:

1. **סוג העבירה וחומרתה** — בשני התיקים מדובר בעבירה לפי סעיף 144(ב) (נשיאה), שהיא חמורה יותר מהחזקה בלבד. שניהם כוללים עבירות אלימות נלוות (פציעה/חבלה חמורה), מה שמעלה את רמת החומרה הכללית של שני התיקים לרמה דומה מאוד.

2. **תפקיד הנאשם ומעורבותו** — בשני המקרים הנאשם הוא המבצע הישיר של העבירה (נשיאה על הגוף). אין כאן הבחנה בין סוחר/שליח, אלא מדובר בשימוש אישי בנשק לצורך ביצוע עבירה פלילית.

3. **שיטת הביצוע (MO)** — דפוס הביצוע זהה: נשיאת אקדח טעון על הגוף תוך כדי ביצוע מעשה אלימות. ההבדל היחיד הוא שהנשק בתיק 1 היה מוסתר, בעוד שבתיק 2 הוא היה על הגוף (פרט טכני שאינו משנה את מהות הנשיאה).

4. **נסיבות הליבה** — שני התיקים כוללים אקדח עם כדור בקנה (נשק מוכן לשימוש), ללא תחמושת נוספת. בעוד שבתיק 1 לא צוין תכנון ובתיק 2 כן, שניהם קשורים ל""סגירת חשבון"" או אלימות מכוונת, מה שיוצר נסיבות ליבה דומות מאוד.

5. **ישימות כתקדים** — בית המשפט יראה את התיקים כרלוונטיים מאוד זה לזה. שניהם עוסקים בנשיאת נשק (144ב) ככלי עזר לביצוע עבירת אלימות חמורה, וסוג הנשק והמצב שלו (טעון) זהים.

SIMILARITY_SCORE: 92","ok",""
"SH-17-10-10556-234","ME-16-11-13999-863",1,0,0,"{""מספר עבירה"": ""144 א"", ""סוג עבירה"": ""החזקה נשק"", ""סוג הנשק [אקדח]"": 1.0, ""סטטוס הנשק"": ""נשק עם מחסנית בהכנס"", ""תכנון"": ""לא"", ""אופן החזקת הנשק"": ""מוסלק - מוסתר"", ""כמות תחמושת"": ""מחסנית ובה 10 כדורים, מחסנית ריקה ובה 0 כדורים"", ""שימוש"": ""לא""}","{""מספר עבירה"": ""144 א, 144 ב"", ""סוג עבירה"": ""החזקה נשק, נשיאת נשק, הובלת נשק"", ""סוג הנשק [אקדח]"": 1.0, ""סטטוס הנשק"": ""נשק עם מחסנית בהכנס"", ""תכנון"": ""לא"", ""אופן החזקת הנשק"": ""ברכב, על גופו"", ""כמות תחמושת"": ""מחסנית ובה כדורים, מחסנית נוספת ובה כדורים"", ""שימוש"": ""לא""}",35.0,"1. **סוג העבירה וחומרתה**: קיים פער משפטי מהותי. תיק 1 עוסק בהחזקה בלבד (144א), בעוד תיק 2 כולל נשיאה והובלה (144ב), עבירות שנחשבות לחמורות יותר ובעלות השלכות שונות על טווח הענישה.

2. **תפקיד הנאשם ומעורבותו**: בשני המקרים מדובר במחזיק בנשק ללא אינדיקציה לסחר או תפקיד של ספק, אך בתיק 2 המעורבות היא אקטיבית יותר (נשיאה/הובלה) לעומת החזקה פסיבית בתיק 1.

3. **שיטת הביצוע (MO)**: דפוסים שונים לחלוטין. בתיק 1 הנשק היה מוסלק (הסתרה), בעוד בתיק 2 הנשק היה נגיש (על הגוף וברכב), מה שמעלה את רמת הסיכון המיידי.

4. **נסיבות הליבה**: סוג הנשק (אקדח) ומצב התחמושת (מחסנית בהכנס) דומים מאוד. עם זאת, נסיבת ה""הסלקה"" בתיק 1 לעומת ה""נשיאה"" בתיק 2 יוצרת הבחנה משפטית משמעותית.

5. **ישימות כתקדים**: בית המשפט יראה בתיק 1 תקדים חלש מאוד עבור תיק 2. כפי שצוין בהנחיות, תיק של 144(א) לבדו אינו מהווה תקדים רלוונטי לתיק הכולל 144(ב), שכן רף הענישה בנשיאה גבוה משמעותית מהחזקה מוסלקת.

SIMILARITY_SCORE: 35","ok",""
"SH-17-10-10556-234","m08000207-175",1,0,0,"{""מספר עבירה"": ""144 א"", ""סוג עבירה"": ""החזקה נשק"", ""סוג הנשק [אקדח]"": 1.0, ""סטטוס הנשק"": ""נשק עם מחסנית בהכנס"", ""תכנון"": ""לא"", ""אופן החזקת הנשק"": ""מוסלק - מוסתר"", ""כמות תחמושת"": ""מחסנית ובה 10 כדורים, מחסנית ריקה ובה 0 כדורים"", ""שימוש"": ""לא""}","{""מספר עבירה"": ""144 ב"", ""סוג עבירה"": ""נשיאת נשק"", ""עבירות נוספות"": ""הנאשם הורשע בנוסף לעבירות נשק (סעיף 144(ב) לחוק העונשין) גם בשתי עבירות של החזקת סם לצריכה עצמית בלבד, לפי סעיף 7(א)+(ג) סיפא לפקודת הסמים המסוכנים."", ""סוג הנשק [אקדח]"": 1.0, ""סטטוס הנשק"": ""נשק עם מחסנית בהכנס"", ""תכנון"": ""לא"", ""אופן החזקת הנשק"": ""ברכב"", ""כמות תחמושת"": ""מחסנית ובה 15 כדורים, מחסנית ובה 10 כדורים"", ""שימוש"": ""לא""}",35.0,"1. **סוג העבירה וחומרתה** — קיים הבדל משפטי מהותי בין סעיף 144(א) (החזקה) לסעיף 144(ב) (נשיאה/הובלה). נשיאת נשק נתפסת כעבירה חמורה יותר בשל הפוטנציאל המיידי למסביב ולסכנה הציבורית.

2. **תפקיד הנאשם ומעורבותו** — בשני המקרים מדובר במחזיק/נושא בודד ללא אינדיקציה לסחר או תפקיד של ספק. עם זאת, בתיק 2 מופיע רקע פלילי נוסף (סמים), המגביר את רמת החומרה של הנאשם.

3. **שיטת הביצוע (MO)** — בתיק 1 הנשק היה מוסלק (הסתרה), בעוד בתיק 2 הנשק היה ברכב. נשיאה ברכב נחשבת לרוב כחלק ממעגל של ""נשיאה"" (144ב) ולא רק ""החזקה"" (144א).

4. **נסיבות הליבה** — שני התיקים כוללים אקדח עם מחסנית בפנים ללא שימוש אקטיבי. כמות התחמושת דומה בסדרי גודל, אך בתיק 2 ישנה כמות גדולה יותר של כדורים ועבירות נלוות.

5. **ישימות כתקדים** — בשל ההבחנה החדה בין 144(א) ל-144(ב), בית המשפט לא יראה בתיק 1 (החזקה בלבד) תקדים מקל רלוונטי לתיק 2 (נשיאה), שכן רף הענישה והנסיבות המשפטיות שונים מהותית.

SIMILARITY_SCORE: 35","ok",""
"SH-18-06-11098-353","ME-16-03-54615-517",1,0,0,"{""מספר עבירה"": ""144 א"", ""סוג עבירה"": ""החזקה נשק"", ""סוג הנשק [רובה סער]"": 1.0, ""סטטוס הנשק"": ""נשק מופרד מתחמושת"", ""תכנון"": ""לא"", ""אופן החזקת הנשק"": ""בבית, מוסלק - מוסתר"", ""שימוש"": ""לא"", ""כמות תחמושת"": ""ללא""}","{""מספר עבירה"": ""144 ב"", ""סוג עבירה"": ""סחר בנשק"", ""סוג הנשק [תת מקלע]"": 1.0, ""סטטוס הנשק"": ""תקול"", ""תכנון"": ""כן"", ""מטרה-סיבת העבירה"": ""בצע כסף"", ""שימוש"": ""לא"", ""כמות תחמושת"": ""ללא""}",15.0,"1. **סוג העבירה וחומרתה** — קיים הבדל מהותי וחד בין סעיף 144(א) (החזקה) לסעיף 144(ב) (סחר/נשיאה). סעיף 144(ב) נחשב לחמור משמעותית מבחינת נורמה חברתית ומשפטית.

2. **תפקיד הנאשם ומעורבותו** — בתיק 1 מדובר במחזיק פסיבי (הסלקה בבית), בעוד שבתיק 2 מדובר ביזם/סוחר הפועל למטרת רווח כספי, מה שמעלה את רמת המעורבות הפלילית.

3. **שיטת הביצוע (MO)** — אין דמיון; תיק 1 הוא החזקה סטטית ומוסתרת בבית, בעוד תיק 2 כולל תכנון פעיל למטרת סחר.

4. **נסיבות הליבה** — שני התיקים חולקים את העובדה שלא הייתה תחמושת ולא היה שימוש בפועל, אך סוגי הנשק שונים (רובה סער מול תת-מקלע) והנסיבות המקליות בתיק 1 (הסלקה) עומדות בניגוד לנסיבות המחמירות בתיק 2 (מניע כספי ותכנון).

5. **ישימות כתקדים** — בהתאם להנחיות, תיק 144(א) אינו מהווה תקדים רלוונטי לתיק 144(ב). בית המשפט יבחין ביניהם באופן חד-משמעי לצורכי ענישה בשל ההבדל בין החזקה לסחר.

SIMILARITY_SCORE: 15","ok",""
"ME-17-05-633-549","ME-19-04-1316-977",3,1,1,"{""מספר עבירה"": ""144 א, 144 ב"", ""סוג עבירה"": ""החזקה נשק, סחר בנשק"", ""סוג הנשק [אקדח]"": 1.0, ""סוג הנשק [תת מקלע מאולתר]"": 1.0, ""סטטוס הנשק"": ""נשק מופרד מתחמושת"", ""תכנון"": ""כן"", ""אופן החזקת הנשק"": ""מוסלק - מוסתר"", ""אופן קבלת הנשק"": ""רכש"", ""כמות תחמושת"": ""2 מחסניות, מאות כדורים, 2 מחסניות ריקה ובהן 0 כדורים"", ""מטרה-סיבת העבירה"": ""בצע כסף"", ""שימוש"": ""לא""}","{""מספר עבירה"": ""144 ב"", ""סוג עבירה"": ""סחר בנשק, ניסיון לסחר בנשק"", ""סוג הנשק [אקדח]"": 1.0, ""סוג הנשק [תת מקלע מאולתר]"": 1.0, ""סטטוס הנשק"": ""תקול"", ""תכנון"": ""לא"", ""אופן החזקת הנשק"": ""ברכב"", ""כמות תחמושת"": ""מחסנית, 900 כדורים"", ""מטרה-סיבת העבירה"": ""בצע כסף"", ""שימוש"": ""לא""}",85.0,"1. **סוג העבירה וחומרתה**: שני התיקים כוללים את עבירת 144(ב) (נשיאה/סחר), שהיא החמרה יותר מהחזקה בלבד. שניהם עוסקים בסחר בנשק, מה שמעלה את רמת החומרה של שניהם באופן משמעותי.

2. **תפקיד הנאשם ומעורבותו**: בשני המקרים מדובר בנאשמים שפעלו מתוך מניע של בצע כסף (סחר), מה שמעיד על תפקיד של סוחר/מפיץ ולא סתם מחזיק פסיבי.

3. **שיטת הביצוע (MO)**: יש דמיון בשימוש בנשקים דומים (אקדח ותת-מקלע מאולתר), אך קיים הבדל בשיטת ההחזקה: בתיק 1 הנשק היה מוסלק/מוסתר, בעוד בתיק 2 הוא היה ברכב.

4. **נסיבות הליבה**: כמות התחמושת בשני התיקים היא גבוהה מאוד (מאות עד אלפי כדורים), מה שמעיד על היקף פעילות רחב. עם זאת, בתיק 1 הנשק היה מופרד מתחמושת ובתיק 2 הנשק היה תקול, נסיבות שעשויות להשפיע מעט על רמת המסוכנות המיידית.

5. **ישימות כתקדים**: שני התיקים עוסקים בסחר בנשק חם (כולל נשק מאולתר) עם כמויות תחמושת משמעותיות. בית המשפט יראה אותם כרלוונטיים מאוד זה לזה לצורכי קביעת ענישה, שכן שניהם חורגים מהחזקה פשוטה ועוסקים בפשיעה מאורגנת/כלכלית של נשק.

SIMILARITY_SCORE: 85","ok",""
"ME-16-04-12480-812","ME-13-10-28139-807",3,1,1,"{""מספר עבירה"": ""144 א, 144 ב"", ""סוג עבירה"": ""החזקה נשק, נשיאת נשק, הובלת נשק"", ""עבירות נוספות"": ""הנאשם הורשע בנוסף לעבירות נשק (סעיף 144) גם בעבירות של ניסיון חבלה חמורה בנסיבות מחמירות (סעיפים 25 + 335 + 333 לחוק העונשין) ואיומים (סעיף 192 לחוק העונשין)."", ""סוג הנשק [תת מקלע מאולתר]"": 1.0, ""סוג הנשק - אם לא נמצא בטבלה"": ""נשק"", ""סטטוס הנשק"": ""נשק עם כדור בקנה"", ""תכנון"": ""כן"", ""אופן החזקת הנשק"": ""ברכב, על גופו, מוסלק - מוסתר"", ""כמות תחמושת"": ""17 כדורים"", ""שימוש"": ""לא""}","{""מספר עבירה"": ""144 א"", ""סוג עבירה"": ""החזקה נשק"", ""עבירות נוספות"": ""הנאשם הורשע, בנוסף לעבירות נשק לפי סעיף 144(א), גם בעבירת ניסיון לחבלה חמורה בנסיבות מחמירות לפי סעיפים 333+335(א)(1) ו-25 לחוק העונשין. מדובר בעבירת אלימות חמורה שאינה עבירת נשק."", ""סוג הנשק [אקדח]"": 1.0, ""סטטוס הנשק"": ""נשק עם כדור בקנה"", ""תכנון"": ""כן"", ""אופן החזקת הנשק"": ""על גופו"", ""מטרה-סיבת העבירה"": ""פגיעה בכבוד"", ""שימוש"": ""לא"", ""כמות תחמושת"": ""ללא""}",45.0,"1. **סוג העבירה וחומרתה** — תיק 1 כולל נשיאה והובלה (144ב), בעוד תיק 2 הוא החזקה בלבד (144א). פער זה הוא מהותי מבחינה משפטית ומשפיע ישירות על רף הענישה.

2. **תפקיד הנאשם ומעורבותו** — בשני התיקים הנאשם הוא המחזיק/נושא בנשק באופן אישי. שניהם פועלים באופן אקטיבי (תכנון), אך בתיק 1 ישנה רמה גבוהה יותר של סיכון ציבורי בשל הנשיאה/הובלה.

3. **שיטת הביצוע (MO)** — בתיק 1 מדובר בנשק מאולתר (תת-מקלע) המוסתר ברכב/גוף, בעוד בתיק 2 מדובר באקדח על הגוף. סוג הנשק בתיק 1 (תת-מקלע) נחשב למסוכן וחמור יותר מאקדח סטנדרטי.

4. **נסיבות הליבה** — שני התיקים דומים מאוד בנסיבות הנלוות (ניסיון לחבלה חמורה בנסיבות מחמירות ותכנון), אך בתיק 1 ישנה כמות תחמושת משמעותית (17 כדורים) לעומת חוסר בתחמושת בתיק 2.

5. **ישימות כתקדים** — למרות הדמיון הרב בעבירות הנלוות (חבלה חמורה), ההבדל בין 144(א) ל-144(ב) וסוג הנשק (תת-מקלע מול אקדח) הופך את תיק 1 לחמור משמעותית. בית משפט יראה בתיק 1 תקדים לענישה מחמירה יותר, אך לא כבסיס ישיר לענישה בתיק 2.

SIMILARITY_SCORE: 45","ok",""
"ME-17-05-633-549","ME-09-05-16192-355",1,0,0,"{""מספר עבירה"": ""144 א, 144 ב"", ""סוג עבירה"": ""החזקה נשק, סחר בנשק"", ""סוג הנשק [אקדח]"": 1.0, ""סוג הנשק [תת מקלע מאולתר]"": 1.0, ""סטטוס הנשק"": ""נשק מופרד מתחמושת"", ""תכנון"": ""כן"", ""אופן החזקת הנשק"": ""מוסלק - מוסתר"", ""אופן קבלת הנשק"": ""רכש"", ""כמות תחמושת"": ""2 מחסניות, מאות כדורים, 2 מחסניות ריקה ובהן 0 כדורים"", ""מטרה-סיבת העבירה"": ""בצע כסף"", ""שימוש"": ""לא""}","{""מספר עבירה"": ""144 ב"", ""סוג עבירה"": ""נשיאת נשק, הובלת נשק"", ""סוג הנשק [תת מקלע]"": 1.0, ""סטטוס הנשק"": ""נשק עם מחסנית בהכנס"", ""תכנון"": ""לא"", ""אופן החזקת הנשק"": ""ברכב"", ""כמות תחמושת"": ""מחסנית ובה 10 כדורים"", ""שימוש"": ""לא""}",35.0,"1. **סוג העבירה וחומרתה**: שני התיקים כוללים את עבירת 144(ב) (נשיאה/הובלה), שהיא חמורה יותר מהחזקה בלבד. עם זאת, תיק 1 כולל גם סחר בנשק, מה שמעלה את רמת החומרה הפלילית באופן משמעותי לעומת תיק 2.

2. **תפקיד הנאשם ומעורבותו**: בתיק 1 הנאשם פעל כיזם/סוחר (""בצע כסף"", ""רכש""), בעוד שבתיק 2 מדובר בנשיאה/הובלה בלבד ללא אינדיקציה לסחר, מה שמעיד על מעמד פלילי שונה לחלוטין.

3. **שיטת הביצוע (MO)**: בתיק 1 מדובר בהסלקה מתוכננת של כמות נשק גדולה, בעוד שבתיק 2 מדובר בנשיאה ברכב ללא תכנון מוקדם מוכח, מה שמעיד על דפוסי ביצוע שונים.

4. **נסיבות הליבה**: קיים פער עצום בכמות התחמושת (מאות כדורים מול 10 כדורים) ובסוג הנשק (שילוב של אקדח ותת-מקלע מול תת-מקלע בודד). בנוסף, בתיק 2 הנשק היה מוכן לשימוש מיידי (מחסנית בפנים), בעוד שבתיק 1 הנשק היה מופרד מהתחמושת.

5. **ישימות כתקדים**: למרות ששניהם עוסקים בנשק ובסעיף 144(ב), הפער בין ""סחר והסלקה"" לבין ""נשיאה ברכב"" הוא מהותי. בית המשפט יראה בתיק 1 נסיבות מחמירות בהרבה, ולכן הוא לא ישמש כתקדים מקל או מקביל לתיק 2.

SIMILARITY_SCORE: 35","ok",""
"ME-16-05-336-804","ME-15-12-39071-113",1,0,0,"{""מספר עבירה"": ""144 ב"", ""סוג עבירה"": ""נשיאת נשק, הובלת נשק"", ""סוג הנשק [תת מקלע מאולתר]"": 1.0, ""סטטוס הנשק"": ""נשק מופרד מתחמושת"", ""תכנון"": ""לא"", ""אופן החזקת הנשק"": ""ברכב, על גופו"", ""כמות תחמושת"": ""2 מחסניות ריקות ובהן 0 כדורים, 26 כדורים"", ""שימוש"": ""לא""}","{""מספר עבירה"": ""144 א"", ""סוג עבירה"": ""החזקה נשק"", ""סוג הנשק [אקדח]"": 1.0, ""סטטוס הנשק"": ""תקין"", ""תכנון"": ""לא"", ""אופן החזקת הנשק"": ""ברכב, מוסלק - מוסתר"", ""מטרה-סיבת העבירה"": ""הגנה עצמית"", ""שימוש"": ""לא"", ""כמות תחמושת"": ""ללא""}",20.0,"1. **סוג העבירה וחומרתה** — קיים הבדל משפטי מהותי בין סעיף 144(ב) (נשיאה והובלה) לבין סעיף 144(א) (החזקה בלבד). נשיאה נחשבת לעבירה חמורה יותר משמעותית מהחזקה, שכן היא מעלה את רמת הסיכון למפגש אקראי עם הציבור.

2. **תפקיד הנאשם ומעורבותו** — בשני המקרים מדובר בנאשם בודד המחזיק בנשק, אך בתיק 1 הנשק היה ""על גופו"" (מעורבות אקטיבית של נשיאה), בעוד בתיק 2 הנשק היה ""מוסלק"" ברכב (מעורבות פסיבית של החזקה).

3. **שיטת הביצוע (MO)** — בתיק 1 מדובר בהובלה אקטיבית של נשק ותחמושת ברכב ועל הגוף. בתיק 2 מדובר בהסתרת נשק ברכב למטרת הגנה עצמית, ללא נשיאה אקטיבית.

4. **נסיבות הליבה** — יש הבדל בסוג הנשק (תת-מקלע מאולתר מול אקדח) ובכמות התחמושת (בתיק 1 יש תחמושת משמעותית, בתיק 2 אין תחמושת כלל). נשק ללא תחמושת (תיק 2) מקל משמעותית על הענישה לעומת נשק עם תחמושת (תיק 1).

5. **ישימות כתקדים** — בית המשפט לא יראה בתיק 144(א) (החזקה בלבד, ללא תחמושת, מוסלק) תקדים רלוונטי לתיק 144(ב) (נשיאה והובלה, עם תחמושת, על הגוף). הפערים המשפטיים והעובדתיים הם מהותיים.

SIMILARITY_SCORE: 20","ok",""
"ME-16-10-12213-904","ME-09-05-16192-355",3,1,1,"{""מספר עבירה"": ""144 ב"", ""סוג עבירה"": ""נשיאת נשק"", ""סוג הנשק [תת מקלע מאולתר]"": 1.0, ""סטטוס הנשק"": ""נשק מופרד מתחמושת"", ""תכנון"": ""כן"", ""אופן החזקת הנשק"": ""ברכב, מוסלק - מוסתר"", ""כמות תחמושת"": ""מחסנית ריקה ובה 0 כדורים, 1 כדור"", ""שימוש"": ""לא""}","{""מספר עבירה"": ""144 ב"", ""סוג עבירה"": ""נשיאת נשק, הובלת נשק"", ""סוג הנשק [תת מקלע]"": 1.0, ""סטטוס הנשק"": ""נשק עם מחסנית בהכנס"", ""תכנון"": ""לא"", ""אופן החזקת הנשק"": ""ברכב"", ""כמות תחמושת"": ""מחסנית ובה 10 כדורים"", ""שימוש"": ""לא""}",85.0,"1. **סוג העבירה וחומרתה**: שני התיקים עוסקים בעבירה על סעיף 144(ב) לחוק הנשק (נשיאה/הובלה), שהיא חמורה יותר מהחזקה בלבד. רמת החומרה המשפטית של סוג העבירה זהה.

2. **תפקיד הנאשם ומעורבותו**: בשני המקרים הנאשם הוא זה שהוביל/נשא את הנשק ברכבו. לא מצוין תפקיד של סחר או יזמות, כך שהמעורבות הפעילה דומה בשני המקרים.

3. **שיטת הביצוע (MO)**: הדפוס זהה – הובלת נשק מסוג תת-מקלע בתוך רכב. בתיק 1 הנשק היה מוסלק ובתיק 2 הוא פשוט היה ברכב, הבדל זה הוא מינורי בתוך מסגרת ה-MO.

4. **נסיבות הליבה**: קיים הבדל משמעותי במידת המוכנות לשימוש: בתיק 1 הנשק מופרד מתחמושת עם כדור בודד, בעוד בתיק 2 הנשק טעון במחסנית עם 10 כדורים. עם זאת, סוג הנשק (תת-מקלע) זהה בשניהם, ושני הנאשמים לא השתמשו בנשק בפועל.

5. **ישימות כתקדים**: בית המשפט יראה את התיקים כרלוונטיים מאוד לצורכי ענישה, שכן שניהם עוסקים בהובלת נשק חם ומסוכן (תת-מקלע) ברכב. ההבדל בכמות התחמושת ישפיע על גובה העונש, אך לא על העיקרון המשפטי של הדמיון בין המקרים.

SIMILARITY_SCORE: 85","ok",""
"ME-16-10-9348-780","SH-10-02-25802-731",1,0,0,"{""מספר עבירה"": ""144 ב"", ""סוג עבירה"": ""נשיאת נשק"", ""סוג הנשק [רובה צייד]"": 1.0, ""סטטוס הנשק"": ""נשק מופרד מתחמושת"", ""תכנון"": ""לא"", ""אופן החזקת הנשק"": ""בבית, ברכב"", ""כמות תחמושת"": ""75 כדורים"", ""שימוש"": ""לא""}","{""מספר עבירה"": ""144 א"", ""סוג עבירה"": ""החזקה נשק"", ""סוג הנשק [רובה צייד]"": 1.0, ""סוג הנשק - אם לא נמצא בטבלה"": ""אבזר ותחמושת של כלי נשק"", ""סטטוס הנשק"": ""תקול"", ""תכנון"": ""לא"", ""אופן החזקת הנשק"": ""בבית"", ""שימוש"": ""לא"", ""כמות תחמושת"": ""ללא""}",20.0,"1. **סוג העבירה וחומרתה** — קיים הבדל משפטי מהותי: תיק 1 הוא עבירה של נשיאה/הובלה (144ב), בעוד תיק 2 הוא עבירה של החזקה בלבד (144א). רמת החומרה של נשיאה גבוהה משמעותית מהחזקה בבית.

2. **תפקיד הנאשם ומעורבותו** — בשני המקרים נראה כי מדובר במחזיק/נושא פסיבי ללא מעורבות ברשת סחר או יזמות, אך בתיק 1 המעורבות היא אקטיבית יותר בשל הובלת הנשק ברכב.

3. **שיטת הביצוע (MO)** — אין דמיון בשיטת הביצוע; בתיק 1 ישנה תנועה של הנשק (בית ורכב), בעוד בתיק 2 מדובר בהחזקה סטטית בבית של נשק תקול.

4. **נסיבות הליבה** — פערים משמעותיים: בתיק 1 ישנה כמות תחמושת ניכרת (75 כדורים), בעוד בתיק 2 הנשק תקול וללא תחמושת כלל. נסיבות אלו הופכות את תיק 1 למסוכן ומחמיר בהרבה.

5. **ישימות כתקדים** — בהתאם להנחיות, תיק 144(א) אינו מהווה תקדים רלוונטי לתיק 144(ב). השילוב של נשק תקול ללא תחמושת מול נשק תקין עם תחמושת רבה יוצר פער ענישתי תהומי.

SIMILARITY_SCORE: 20","ok",""
"ME-16-05-25902-514","ME-12-05-33444-999",3,1,1,"{""מספר עבירה"": ""144 א, 144 ב"", ""סוג עבירה"": ""החזקה נשק, נשיאת נשק"", ""סוג הנשק [אקדח]"": 1.0, ""סטטוס הנשק"": ""נשק עם מחסנית בהכנס"", ""תכנון"": ""לא"", ""אופן החזקת הנשק"": ""בבית, על גופו"", ""אופן קבלת הנשק"": ""רכש"", ""כמות תחמושת"": ""מחסנית ובה 7 כדורים"", ""מטרה-סיבת העבירה"": ""הגנה עצמית"", ""שימוש"": ""לא""}","{""מספר עבירה"": ""144 א"", ""סוג עבירה"": ""החזקה נשק"", ""סוג הנשק [אקדח]"": 1.0, ""סטטוס הנשק"": ""נשק עם מחסנית בהכנס"", ""תכנון"": ""לא"", ""אופן החזקת הנשק"": ""ברכב, מוסלק - מוסתר"", ""כמות תחמושת"": ""מחסנית ובה כדורים, מחסנית ובה כדורים, מחסנית ובה כדורים"", ""מטרה-סיבת העבירה"": ""הגנה עצמית"", ""שימוש"": ""לא""}",40.0,"1. **סוג העבירה וחומרתה**: תיק 1 כולל נשיאה (144ב) שהיא עבירה חמורה יותר מהחזקה בלבד. תיק 2 עוסק בהחזקה בלבד (144א), מה שיוצר פער משפטי מהותי ברמת החומרה.

2. **תפקיד הנאשם ומעורבותו**: בשני המקרים מדובר במחזיק בודד לצרכים אישיים (הגנה עצמית), ללא מעורבות בסחר או תפקיד של ספק/יזם.

3. **שיטת הביצוע (MO)**: בתיק 1 הנשק היה על הגוף (נשיאה אקטיבית), בעוד בתיק 2 הנשק היה מוסלק ברכב. מדובר בדפוסי החזקה שונים המשפיעים על סיווג העבירה.

4. **נסיבות הליבה**: שני התיקים עוסקים באקדח למטרת הגנה עצמית ללא שימוש. עם זאת, בתיק 2 ישנה כמות תחמושת גדולה משמעותית (שלוש מחסניות לעומת אחת), מה שעשוי להחמיר את נסיבות ההחזקה בתיק 2.

5. **ישימות כתקדים**: בשל ההבדל המהותי בין 144(א) ל-144(ב), תיק 2 (החזקה בלבד) אינו יכול לשמש כתקדים מקל לתיק 1 (נשיאה), שכן נשיאה נתפסת כסכנה מיידית ובולטת יותר למרחב הציבורי.

SIMILARITY_SCORE: 40","ok",""
"ME-15-08-44579-251","ME-14-12-6904-57",2,0,1,"{""מספר עבירה"": ""144 ב"", ""סוג עבירה"": ""נשיאת נשק"", ""סוג הנשק [אקדח]"": 1.0, ""סטטוס הנשק"": ""נשק מופרד מתחמושת"", ""תכנון"": ""לא"", ""אופן החזקת הנשק"": ""על גופו, מוסלק - מוסתר"", ""כמות תחמושת"": ""מחסנית ריקה ובה 0 כדורים"", ""שימוש"": ""לא""}","{""מספר עבירה"": ""144 ב"", ""סוג עבירה"": ""נשיאת נשק, הובלת נשק"", ""עבירות נוספות"": ""הנאשם הואשם והורשע בנוסף לעבירת נשק (סעיף 144(ב) לחוק העונשין) גם בעבירה של החזקת סם לצריכה עצמית לפי סעיף 7(א) לפקודת הסמים המסוכנים."", ""סוג הנשק [תת מקלע מאולתר]"": 1.0, ""סטטוס הנשק"": ""נשק מופרד מתחמושת"", ""תכנון"": ""כן"", ""אופן החזקת הנשק"": ""בבית, על גופו, מוסלק - מוסתר"", ""אופן קבלת הנשק"": ""רכש"", ""כמות תחמושת"": ""מחסנית וכדורים, כדורים"", ""שימוש"": ""לא""}",45.0,"1. **סוג העבירה וחומרתה**: שני התיקים עוסקים בסעיף 144(ב) (נשיאה/הובלה), מה שיוצר בסיס משפטי זהה. עם זאת, בתיק 2 מדובר בעבירה מורכבת יותר הכוללת גם הובלה ועבירת סמים נלווית, מה שמעלה את רמת החומרה הכללית.

2. **תפקיד הנאשם ומעורבותו**: בתיק 1 מדובר בנשיאה פשוטה. בתיק 2 יש אינדיקציה למעורבות אקטיבית יותר (רכישת הנשק) וריבוי עבירות, מה שמעיד על פרופיל פלילי רחב יותר.

3. **שיטת הביצוע (MO)**: בשני המקרים הנשק היה מוסלק/מוסתר ועל גוף הנאשם. עם זאת, בתיק 2 יש אלמנט של תכנון מוקדם שאינו קיים בתיק 1.

4. **נסיבות הליבה**: קיים פער משמעותי בסוג הנשק (אקדח לעומת תת-מקלע מאולתר, שנתפס לרוב כחמור ומסוכן יותר) ובכמות התחמושת (מחסנית ריקה לעומת כדורים זמינים). בתיק 1 הנשק היה למעשה לא תפעולי ברגע התפיסה, בעוד בתיק 2 הוא היה פוטנציאלי לשימוש.

5. **ישימות כתקדים**: למרות ששניהם תחת סעיף 144(ב), הפערים בסוג הנשק, קיומה של תחמושת, עבירות נלוות ותכנון הופכים את תיק 2 לחמור משמעותית. בית משפט יראה בתיק 1 מקרה קל בהרבה, ולכן תיק 2 לא ישמש כתקדים מקל לתיק 1, ותיק 1 לא ישמש כתקדים מייצג לחומרת תיק 2.

SIMILARITY_SCORE: 45","ok",""
"ME-17-05-633-549","ME-16-03-54615-517",2,0,1,"{""מספר עבירה"": ""144 א, 144 ב"", ""סוג עבירה"": ""החזקה נשק, סחר בנשק"", ""סוג הנשק [אקדח]"": 1.0, ""סוג הנשק [תת מקלע מאולתר]"": 1.0, ""סטטוס הנשק"": ""נשק מופרד מתחמושת"", ""תכנון"": ""כן"", ""אופן החזקת הנשק"": ""מוסלק - מוסתר"", ""אופן קבלת הנשק"": ""רכש"", ""כמות תחמושת"": ""2 מחסניות, מאות כדורים, 2 מחסניות ריקה ובהן 0 כדורים"", ""מטרה-סיבת העבירה"": ""בצע כסף"", ""שימוש"": ""לא""}","{""מספר עבירה"": ""144 ב"", ""סוג עבירה"": ""סחר בנשק"", ""סוג הנשק [תת מקלע]"": 1.0, ""סטטוס הנשק"": ""תקול"", ""תכנון"": ""כן"", ""מטרה-סיבת העבירה"": ""בצע כסף"", ""שימוש"": ""לא"", ""כמות תחמושת"": ""ללא""}",65.0,"1. **סוג העבירה וחומרתה**: שני התיקים כוללים את עבירת סחר בנשק (144ב), שהיא עבירה חמורה יותר מהחזקה בלבד. עם זאת, תיק 1 כולל גם החזקה (144א) ומגוון נשקים רחב יותר, מה שמעלה את רמת החומרה הכללית שלו.

2. **תפקיד הנאשם ומעורבותו**: בשני המקרים מדובר בנאשמים שפעלו מתוך מניע של בצע כסף (סחר), מה שמעיד על מעורבות פעילה כיזמים/סוחרים ולא כשליחים פסיביים.

3. **שיטת הביצוע (MO)**: בשני התיקים קיים אלמנט של תכנון מוקדם למטרות רווח. עם זאת, בתיק 1 יש דגש על הסלקה והסתרה, פרט שאינו מופיע בתיק 2.

4. **נסיבות הליבה**: קיים פער משמעותי בכמות התחמושת (מאות כדורים בתיק 1 לעומת אפס בתיק 2) ובמצב הנשק (נשק תקין בתיק 1 לעומת נשק תקול בתיק 2). נשק תקול ללא תחמושת נחשב לנסיבה מקלה משמעותית לעומת ארסנל תקין ומלא.

5. **ישימות כתקדים**: שני התיקים עוסקים בסחר בנשק ארוך (תת-מקלע), ולכן תיק 1 יכול לשמש כ""תקרת ענישה"" או כנקודת השוואה לתיק 2, אך הפערים במצב הנשק ובכמות התחמושת יגרמו לבית המשפט להבחין ביניהם באופן מהותי בעת קביעת העונש.

SIMILARITY_SCORE: 65","ok",""
"ME-20-01-62688-591","ME-16-09-398-589",3,1,1,"{""מספר עבירה"": ""144 ב"", ""סוג עבירה"": ""נשיאת נשק, הובלת נשק"", ""עבירות נוספות"": ""הנאשם הורשע, בנוסף לעבירות נשק לפי סעיף 144, גם בעבירה של חבלה בכוונה מחמירה לפי סעיף 329(א)(1) לחוק העונשין, ובעבירה של החזקת סם מסוכן לצריכה עצמית לפי סעיפים 7(א) + 7(ג) סיפא לפקודת הסמים המסוכנים."", ""סוג הנשק [אקדח]"": 1.0, ""סטטוס הנשק"": ""נשק עם כדור בקנה"", ""תכנון"": ""כן"", ""אופן החזקת הנשק"": ""ברכב, על גופו"", ""שימוש"": ""לא"", ""כמות תחמושת"": ""ללא""}","{""מספר עבירה"": ""144 ב"", ""סוג עבירה"": ""נשיאת נשק"", ""עבירות נוספות"": ""הנאשם הורשע בנוסף לעבירת נשק (נשיאת נשק שלא כדין לפי סעיף 144(ב)), גם בעבירה של חבלה חמורה בנסיבות מחמירות לפי סעיפים 333 + 335(א)(2+1) לחוק העונשין. זוהי עבירת אלימות חמורה שאינה עבירת נשק."", ""סוג הנשק [אקדח]"": 1.0, ""סטטוס הנשק"": ""נשק עם כדור בקנה"", ""תכנון"": ""כן"", ""אופן החזקת הנשק"": ""על גופו"", ""שימוש"": ""לא"", ""כמות תחמושת"": ""ללא""}",92.0,"1. **סוג העבירה וחומרתה** — שני התיקים עוסקים בעבירה לפי סעיף 144(ב) (נשיאה/הובלה), שהיא חמורה יותר מהחזקה בלבד. רמת החומרה של עבירת הנשק בשני המקרים זהה.

2. **תפקיד הנאשם ומעורבותו** — בשני המקרים מדובר בנשיאה אישית של הנשק על גוף הנאשם. אין אינדיקציה לסחר או תפקיד של ""שליח"" באחד מהם; שניהם נשאיים פעילים.

3. **שיטת הביצוע (MO)** — דפוס הביצוע זהה לחלוטין: נשיאת אקדח טעון (כדור בקנה) על הגוף, תוך תכנון מוקדם.

4. **נסיבות הליבה** — שני התיקים כוללים נשק מסוג אקדח, ללא תחמושת נוספת, ללא שימוש בפועל בנשק. שניהם משולבים עם עבירות אלימות חמורות (חבלה בכוונה מחמירה מול חבלה חמורה בנסיבות מחמירות), מה שיוצר הקשר של מסוכנות גבוהה בשני המקרים.

5. **ישימות כתקדים** — בית המשפט יראה את התיקים כדומים מאוד לצורכי ענישה. השילוב של סעיף 144(ב) עם עבירת אלימות חמורה (חבלה) יוצר נסיבות מקבילות שמשפיעות באופן דומה על קביעת העונש.

SIMILARITY_SCORE: 92","ok",""
"ME-16-06-42987-901","ME-16-06-44840-433",3,1,1,"{""מספר עבירה"": ""144 ב"", ""סוג עבירה"": ""נשיאת נשק"", ""עבירות נוספות"": ""הנאשם הורשע בנוסף לעבירות נשק (סעיף 144) גם בעבירות נוספות: איומים (סעיף 192), ניסיון לחבלה מחמירה (סעיף 329(א)(2)), ניסיון תקיפה בנסיבות מחמירות (סעיפים 382(א)+25), חמש עבירות של סחר בסמים (סעיפים 13+19א' לפקודת הסמים המסוכנים), החזקת סם שלא לשימוש עצמי (סעיפים 7(א)+7(ג) לפקודת הסמים המסוכנים), ועבירת גניבה (סעיף 384)."", ""סוג הנשק [רימון הלם/גז]"": 1.0, ""סוג הנשק - אם לא נמצא בטבלה"": ""כלי נשק מאולתר שבו כדור בקליבר 9 מ\""מ"", ""סטטוס הנשק"": ""תקול"", ""תכנון"": ""לא"", ""אופן החזקת הנשק"": ""על גופו"", ""שימוש"": ""לא"", ""כמות תחמושת"": ""ללא""}","{""מספר עבירה"": ""144 א, 144 ב"", ""סוג עבירה"": ""החזקה נשק, נשיאת נשק"", ""עבירות נוספות"": ""הנאשם הורשע בנוסף לעבירות נשק (סעיף 144) גם בסיוע לנסיון לתקיפה לפי סעיפים 379 + 25 + 31 לחוק העונשין. זוהי עבירה שאינה עבירת נשק."", ""סוג הנשק [רימון הלם/גז]"": 1.0, ""סטטוס הנשק"": ""נשק מופרד מתחמושת"", ""תכנון"": ""כן"", ""אופן החזקת הנשק"": ""מוסלק - מוסתר"", ""שימוש"": ""זריקת רימון"", ""כמות תחמושת"": ""ללא""}",45.0,"1. **סוג העבירה וחומרתה** — שני התיקים כוללים הרשעה לפי סעיף 144(ב) (נשיאה), מה שיוצר בסיס משפטי משותף. עם זאת, תיק 1 כולל רשימה ארוכה ומגוונת של עבירות חמורות (סחר בסמים, חבלה מחמירה), בעוד תיק 2 מתמקד בסיוע לתקיפה.

2. **תפקיד הנאשם ומעורבותו** — בתיק 1 הנאשם נראה כדמות פלילית רב-תחומית (סוחר סמים ואדם אלים). בתיק 2 המעורבות היא סביב אירוע תקיפה ספציפי שבו שימש הנשק כאמצעי ביצוע.

3. **שיטת הביצוע (MO)** — קיים שוני מהותי: בתיק 1 הנשק היה על הגוף אך תקול ולא נעשה בו שימוש. בתיק 2 הנשק היה מוסלק, אך בוצע בו שימוש אקטיבי (זריקת רימון), מה שמעלה את רמת המסוכנות בפועל.

4. **נסיבות הליבה** — שני התיקים עוסקים ברימוני הלם/גז (סוג נשק דומה), אך הנסיבות סביבם שונות: בתיק 1 מדובר בנשיאה של נשק תקול לצד עבירות סמים, ובתיק 2 מדובר בתכנון מוקדם וביצוע של זריקת רימון.

5. **ישימות כתקדים** — למרות ששניהם תחת סעיף 144(ב), השוני בשימוש בנשק (שימוש בפועל מול נשק תקול) ובסוג העבירות הנלוות (סחר בסמים מול סיוע לתקיפה) הופך את תיק 1 לפחות רלוונטי כבסיס לענישה בתיק 2, שכן בתיק 2 יש נסיבה מחמירה של שימוש בפועל.

SIMILARITY_SCORE: 45","ok",""
"ME-21-10-18557-340","SH-11-01-41775-497",1,0,0,"{""מספר עבירה"": ""144 א, 144 ב"", ""סוג עבירה"": ""החזקה נשק, נשיאת נשק, הובלת נשק"", ""עבירות נוספות"": ""הנאשם הורשע בנוסף לעבירות נשק (סעיף 144(א) ו-144(ב) לחוק העונשין) גם בעבירה של ירי מנשק חם לפי סעיף 340א(ב)(1) ו-(2) לחוק העונשין, שהיא עבירה שאינה לפי סעיף 144 ולכן נחשבת לעבירה נוספת."", ""סוג הנשק [תת מקלע מאולתר]"": 1.0, ""סטטוס הנשק"": ""נשק עם כדור בקנה"", ""תכנון"": ""לא"", ""אופן החזקת הנשק"": ""בבית, ברכב"", ""כמות תחמושת"": ""מחסנית ולכל הפחות 2 כדורים"", ""מטרה-סיבת העבירה"": ""הפחדה/הקנטה"", ""שימוש"": ""לא""}","{""מספר עבירה"": ""144 א, 144 ב"", ""סוג עבירה"": ""החזקה נשק"", ""סוג הנשק [אקדח]"": 1.0, ""סטטוס הנשק"": ""נשק מופרד מתחמושת"", ""תכנון"": ""לא"", ""אופן החזקת הנשק"": ""בבית, ברכב"", ""כמות תחמושת"": ""מחסנית, 34 כדורים"", ""שימוש"": ""לא""}",35.0,"1. **סוג העבירה וחומרתה**: שני התיקים כוללים את סעיפים 144(א) ו-144(ב), אך תיק 1 חמור משמעותית בשל הרשעה נוספת בעבירת ירי (סעיף 340א), שהיא עבירה פשע חמורה בהרבה מהחזקה בלבד.

2. **תפקיד הנאשם ומעורבותו**: בשני המקרים מדובר במחזיק/נושא, אך בתיק 1 המעורבות היא אקטיבית ואלימה (ירי), בעוד שבתיק 2 מדובר במעורבות פסיבית של החזקה בלבד.

3. **שיטת הביצוע (MO)**: בתיק 1 ישנו דפוס של שימוש בנשק להפחדה/הקנטה כולל ירי, בעוד שבתיק 2 אין עדות לשימוש או לניסיון שימוש, והנשק אף היה מופרד מתחמושת.

4. **נסיבות הליבה**: קיים פער מהותי בסטטוס הנשק (כדור בקנה בתיק 1 לעומת נשק מופרד בתיק 2) ובסוג הנשק (תת-מקלע מאולתר לעומת אקדח). כמות התחמושת בתיק 2 גבוהה יותר, אך חומרת הנסיבות בתיק 1 (ירי) גוברת על כך.

5. **ישימות כתקדים**: בית המשפט יראה את תיק 1 כתיק של ""שימוש בנשק"" ואת תיק 2 כתיק של ""החזקה"". בשל עבירת הירי והנשק הטעון, תיק 1 אינו יכול לשמש כתקדים מקל או דומה לענישה בתיק 2, ולהיפך.

SIMILARITY_SCORE: 35","ok",""
"ME-16-06-42987-901","ME-14-10-31218-522",1,0,0,"{""מספר עבירה"": ""144 ב"", ""סוג עבירה"": ""נשיאת נשק"", ""עבירות נוספות"": ""הנאשם הורשע בנוסף לעבירות נשק (סעיף 144) גם בעבירות נוספות: איומים (סעיף 192), ניסיון לחבלה מחמירה (סעיף 329(א)(2)), ניסיון תקיפה בנסיבות מחמירות (סעיפים 382(א)+25), חמש עבירות של סחר בסמים (סעיפים 13+19א' לפקודת הסמים המסוכנים), החזקת סם שלא לשימוש עצמי (סעיפים 7(א)+7(ג) לפקודת הסמים המסוכנים), ועבירת גניבה (סעיף 384)."", ""סוג הנשק [רימון הלם/גז]"": 1.0, ""סוג הנשק - אם לא נמצא בטבלה"": ""כלי נשק מאולתר שבו כדור בקליבר 9 מ\""מ"", ""סטטוס הנשק"": ""תקול"", ""תכנון"": ""לא"", ""אופן החזקת הנשק"": ""על גופו"", ""שימוש"": ""לא"", ""כמות תחמושת"": ""ללא""}","{""מספר עבירה"": ""144 א"", ""סוג עבירה"": ""החזקה נשק"", ""סוג הנשק [רימון הלם/גז]"": 1.0, ""תכנון"": ""לא"", ""שימוש"": ""זריקת רימון"", ""סטטוס הנשק"": ""נשק עם כדור בקנה"", ""כמות תחמושת"": ""ללא""}",20.0,"1. **סוג העבירה וחומרתה** — קיים הבדל משפטי מהותי בין סעיף 144(ב) (נשיאה) לבין 144(א) (החזקה). בנוסף, תיק 1 כולל רשימה ארוכה של עבירות חמורות נוספות (סחר בסמים, ניסיון לחבלה, איומים), בעוד תיק 2 עוסק בנשק בלבד.

2. **תפקיד הנאשם ומעורבותו** — בתיק 1 הנאשם נראה כפלילי רב-עברייני עם מעורבות פעילה בעבירות אלימות וסמים. בתיק 2 המידע על תפקידו מוגבל, אך מדובר באירוע בודד של החזקה ושימוש.

3. **שיטת הביצוע (MO)** — בתיק 1 הנשק היה על הגוף אך תקול ולא נעשה בו שימוש. בתיק 2 נעשה שימוש אקטיבי בנשק (זריקת רימון), מה שמעלה את רמת המסוכנות המיידית למרות סיווג העבירה.

4. **נסיבות הליבה** — בתיק 1 מדובר בנשק מאולתר תקול ללא תחמושת, אך בהקשר של פשיעה רחבה. בתיק 2 מדובר בנשק תקין (כדור בקנה) עם ביצוע בפועל של זריקה, נסיבה מחמירה מאוד שאינה קיימת בתיק 1.

5. **ישימות כתקדים** — בית המשפט לא יראה את תיק 1 כתקדים לענישה בתיק 2. ההבדל בין 144(א) ל-144(ב), השוני בין נשק תקול לנשק ששימש לתקיפה, והפער בין עבריינות רב-תחומית לעבירה בודדת, הופכים את התיקים לבלתי רלוונטיים זה לזה.

SIMILARITY_SCORE: 20","ok",""
"ME-18-05-32659-754","ME-15-02-9111-399",1,0,0,"{""מספר עבירה"": ""144 ב"", ""סוג עבירה"": ""נשיאת נשק, הובלת נשק"", ""עבירות נוספות"": ""הנאשם הורשע בנוסף לעבירות נשק (סעיף 144) גם בעבירה של הפרעה לשוטר במילוי תפקידו לפי סעיף 275 לחוק העונשין."", ""סוג הנשק [תת מקלע מאולתר]"": 1.0, ""סוג הנשק [רימון הלם/גז]"": 1.0, ""סטטוס הנשק"": ""נשק מופרד מתחמושת"", ""תכנון"": ""לא"", ""אופן החזקת הנשק"": ""ברכב"", ""כמות תחמושת"": ""מחסנית ריקה ובה 0 כדורים, 9 כדורים, 10 כדורים"", ""שימוש"": ""לא""}","{""מספר עבירה"": ""144 א, 144 ב"", ""סוג עבירה"": ""החזקה נשק, נשיאת נשק"", ""סוג הנשק [אקדח]"": 1.0, ""סטטוס הנשק"": ""נשק מופרד מתחמושת"", ""תכנון"": ""לא"", ""אופן החזקת הנשק"": ""על גופו"", ""כמות תחמושת"": ""מחסנית ובה 13 כדורים"", ""שימוש"": ""לא""}",75.0,"1. **סוג העבירה וחומרתה** — שני התיקים כוללים את סעיף 144(ב) (נשיאה/הובלה), שהיא העבירה המרכזית והחמורה יותר. תיק 1 כולל עבירה נוספת (הפרעה לשוטר), אך בליבת עבירת הנשק מדובר ברמה דומה של חומרה פלילית.

2. **תפקיד הנאשם ומעורבותו** — בשני המקרים מדובר במחזיק/נושא של הנשק ללא אינדיקציה לתפקיד של סוחר או יזם. המעורבות היא ישירה ואקטיבית בשני התיקים.

3. **שיטת הביצוע (MO)** — ישנו הבדל במיקום הנשק (ברכב לעומת על הגוף), אך שניהם נכנסים תחת הגדרת ""נשיאה/הובלה"". אין דפוס ביצוע מורכב או תכנון מוקדם באף אחד מהם.

4. **נסיבות הליבה** — קיים הבדל משמעותי בסוג הנשק: בתיק 1 מדובר בתת-מקלע מאולתר ורימון (נשקים בעלי פוטנציאל פגיעה רב יותר), בעוד בתיק 2 מדובר באקדח. עם זאת, בשני המקרים הנשק היה מופרד מהתחמושת והכמות הייתה נמוכה (מחסנית אחת).

5. **ישימות כתקדים** — מכיוון ששני התיקים עוסקים ב-144(ב) ובנשק מופרד מתחמושת ללא שימוש, הם רלוונטיים זה לזה לצורכי ענישה. ההבדל בסוג הנשק (מאולתר מול אקדח) ישפיע על גובה העונש, אך לא על העיקרון המשפטי של הטיפול בתיק.

SIMILARITY_SCORE: 75","ok",""
"ME-16-05-336-804","ME-16-11-69158-529",2,0,1,"{""מספר עבירה"": ""144 ב"", ""סוג עבירה"": ""נשיאת נשק, הובלת נשק"", ""סוג הנשק [תת מקלע מאולתר]"": 1.0, ""סטטוס הנשק"": ""נשק מופרד מתחמושת"", ""תכנון"": ""לא"", ""אופן החזקת הנשק"": ""ברכב, על גופו"", ""כמות תחמושת"": ""2 מחסניות ריקות ובהן 0 כדורים, 26 כדורים"", ""שימוש"": ""לא""}","{""מספר עבירה"": ""144 ב"", ""סוג עבירה"": ""נשיאת נשק"", ""עבירות נוספות"": ""הנאשם הורשע בנוסף לעבירות נשק (סעיף 144) גם בעבירה של ירי באזור מגורים לפי סעיף 340א לחוק העונשין."", ""סוג הנשק [תת מקלע]"": 1.0, ""סטטוס הנשק"": ""נשק עם כדור בקנה"", ""תכנון"": ""כן"", ""אופן החזקת הנשק"": ""בבית, ברכב, מוסלק - מוסתר"", ""שימוש"": ""לא"", ""כמות תחמושת"": ""ללא""}",35.0,"1. **סוג העבירה וחומרתה** — שני התיקים עוסקים בסעיף 144(ב) (נשיאה/הובלה), אך רמת החומרה בתיק 2 גבוהה משמעותית בשל ההרשעה הנוספת בירי באזור מגורים (סעיף 340א), שהיא עבירה חמורה מאוד.

2. **תפקיד הנאשם ומעורבותו** — בשני המקרים מדובר בנשיאה/הובלה, אך בתיק 2 ניכרת מעורבות אקטיבית ומסוכנת יותר (ירי בפועל), בעוד בתיק 1 מדובר בהובלה בלבד ללא שימוש.

3. **שיטת הביצוע (MO)** — בתיק 1 הנשק היה על הגוף וברכב; בתיק 2 הנשק היה מוסלק, בבית וברכב. יש דמיון בשימוש ברכב, אך בתיק 2 יש אלמנט של הסתרה ותכנון.

4. **נסיבות הליבה** — פער מהותי: בתיק 1 הנשק מופרד מתחמושת; בתיק 2 הנשק טעון (""כדור בקנה""), מה שמעלה את רמת המסוכנות באופן דרמטי. בנוסף, בתיק 2 קיים תכנון מוקדם ובתיק 1 לא.

5. **ישימות כתקדים** — בית המשפט יראה את תיק 2 כחמור בהרבה בשל השילוב של נשק טעון, תכנון, ועבירת ירי. תיק 1 אינו יכול לשמש כתקדים מקל לתיק 2, ותיק 2 אינו רלוונטי כבסיס לענישה בתיק 1 בשל הפערים בנסיבות הנסיבתיות.

SIMILARITY_SCORE: 35","ok",""
"SH-17-10-10556-234","m07001074-98",2,0,1,"{""מספר עבירה"": ""144 א"", ""סוג עבירה"": ""החזקה נשק"", ""סוג הנשק [אקדח]"": 1.0, ""סטטוס הנשק"": ""נשק עם מחסנית בהכנס"", ""תכנון"": ""לא"", ""אופן החזקת הנשק"": ""מוסלק - מוסתר"", ""כמות תחמושת"": ""מחסנית ובה 10 כדורים, מחסנית ריקה ובה 0 כדורים"", ""שימוש"": ""לא""}","{""מספר עבירה"": ""144 א"", ""סוג עבירה"": ""החזקה נשק"", ""סוג הנשק [תת מקלע]"": 1.0, ""סטטוס הנשק"": ""נשק מפורק"", ""תכנון"": ""לא"", ""אופן החזקת הנשק"": ""בבית, מוסלק - מוסתר"", ""אופן קבלת הנשק"": ""מצא"", ""כמות תחמושת"": ""2 מחסניות ריקות ובהן 0 כדורים"", ""שימוש"": ""לא""}",65.0,"1. **סוג העבירה וחומרתה**: שני התיקים עוסקים בעבירה על סעיף 144(א) לחוק כלי הנשק (החזקה בלבד). רמת החומרה הבסיסית דומה, אך סוג הנשק בתיק 2 (תת-מקלע) נחשב לחמור יותר מאקדח.

2. **תפקיד הנאשם ומעורבותו**: בשני המקרים מדובר במחזיק פסיבי ללא מעורבות בסחר או יזמות. בתיק 2 מצוין כי הנשק ""נמצא"", נסיבה שעשויה להקל על האחריות הפלילית בהשוואה לרכישה אקטיבית.

3. **שיטת הביצוע (MO)**: דפוס דומה של הסתרה (הסלקה). אין כאן ""ביצוע"" אקטיבי אלא מצב של החזקה סטטית בבית/במקום מוסתר.

4. **נסיבות הליבה**: קיים הבדל מהותי במוכנות הנשק: בתיק 1 הנשק תקין עם מחסנית מלאה (מוכן לשימוש), בעוד בתיק 2 הנשק מפורק והתחמושת ריקה. עם זאת, סוג הנשק בתיק 2 (נשק אוטומטי) מאזן חלקית את חומרת המוכנות בתיק 1.

5. **ישימות כתקדים**: שני התיקים עומדים תחת אותה הגדרה משפטית (144א) ועוסקים בהסלקה ביתית. בית המשפט עשוי להשוות ביניהם לצורכי ענישה, אך יבצע התאמה בין סוג הנשק (תת-מקלע מול אקדח) לבין מידת המוכנות לשימוש (מפורק מול טעון).

SIMILARITY_SCORE: 65","ok",""
"SH-19-07-60805-168","ME-14-10-31218-522",1,0,0,"{""מספר עבירה"": ""144 א"", ""סוג עבירה"": ""החזקה נשק"", ""סוג הנשק [אקדח]"": 1.0, ""סטטוס הנשק"": ""נשק עם מחסנית בהכנס"", ""תכנון"": ""לא"", ""אופן החזקת הנשק"": ""ברכב, מוסלק - מוסתר"", ""כמות תחמושת"": ""מחסנית ובה 10 כדורים"", ""שימוש"": ""לא""}","{""מספר עבירה"": ""144 א"", ""סוג עבירה"": ""החזקה נשק"", ""סוג הנשק [רימון הלם/גז]"": 1.0, ""תכנון"": ""לא"", ""שימוש"": ""זריקת רימון"", ""סטטוס הנשק"": ""נשק עם כדור בקנה"", ""כמות תחמושת"": ""ללא""}",20.0,"1. **סוג העבירה וחומרתה**: שני התיקים עוסקים בסעיף 144(א) (החזקה), אך רמת החומרה שונה משמעותית. תיק 1 הוא החזקה פסיבית של אקדח, בעוד תיק 2 כולל שימוש בפועל בנשק (זריקת רימון), מה שמעלה את רמת המסוכנות והחומרה.

2. **תפקיד הנאשם ומעורבותו**: בתיק 1 הנאשם הוא מחזיק פסיבי (הסלקה ברכב). בתיק 2 הנאשם הוא פעלים אקטיבי שביצע מעשה של זריקת נשק, מה שמעביר את המעורבות מרמה של החזקה לרמה של ביצוע.

3. **שיטת הביצוע (MO)**: אין דמיון. תיק 1 מאופיין בהסלקה והסתרה ברכב, בעוד תיק 2 מאופיין בשימוש אקטיבי בנשק במרחב.

4. **נסיבות הליבה**: סוגי הנשק שונים לחלוטין (אקדח מול רימון הלם/גז). בתיק 1 יש תחמושת אך אין שימוש; בתיק 2 אין תחמושת (במובן של כדורים) אך יש שימוש בפועל בנשק.

5. **ישימות כתקדים**: למרות ששני התיקים רשומים תחת 144(א), הפער בין ""החזקה מוסלקת"" לבין ""שימוש בנשק"" הוא תהומי לצורכי ענישה. בית המשפט לא יראה בתיק החזקה פסיבית תקדים רלוונטי לתיק שבו בוצע מעשה של זריקת רימון.

SIMILARITY_SCORE: 20","ok",""
"ME-16-06-44840-433","SH-11-05-24791-315",1,0,0,"{""מספר עבירה"": ""144 א, 144 ב"", ""סוג עבירה"": ""החזקה נשק, נשיאת נשק"", ""עבירות נוספות"": ""הנאשם הורשע בנוסף לעבירות נשק (סעיף 144) גם בסיוע לנסיון לתקיפה לפי סעיפים 379 + 25 + 31 לחוק העונשין. זוהי עבירה שאינה עבירת נשק."", ""סוג הנשק [רימון הלם/גז]"": 1.0, ""סטטוס הנשק"": ""נשק מופרד מתחמושת"", ""תכנון"": ""כן"", ""אופן החזקת הנשק"": ""מוסלק - מוסתר"", ""שימוש"": ""זריקת רימון"", ""כמות תחמושת"": ""ללא""}","{""מספר עבירה"": ""144 א"", ""סוג עבירה"": ""החזקה נשק"", ""סוג הנשק [אקדח]"": 1.0, ""סטטוס הנשק"": ""נשק מופרד מתחמושת"", ""תכנון"": ""לא"", ""אופן החזקת הנשק"": ""בבית"", ""אופן קבלת הנשק"": ""מאחר"", ""כמות תחמושת"": ""2 מחסניות"", ""שימוש"": ""לא""}",15.0,"1. **סוג העבירה וחומרתה** — תיק 1 כולל נשיאה (144ב) וסיוע לתקיפה, מה שמעלה את רמת החומרה משמעותית. תיק 2 עוסק בהחזקה בלבד (144א), שהיא עבירה פחות חמורה מהנשיאה והשימוש המעשי.

2. **תפקיד הנאשם ומעורבותו** — בתיק 1 הנאשם לוקח חלק פעיל באירוע אלימות (סיוע לתקיפה וזריקה), בעוד שבתיק 2 מדובר במחזיק פסיבי שהנשק נמצא בביתו.

3. **שיטת הביצוע (MO)** — אין דמיון; תיק 1 מתאר אירוע אופרטיבי של תקיפה ושימוש בנשק, בעוד תיק 2 מתאר החזקה סטטית של נשק בבית.

4. **נסיבות הליבה** — סוגי הנשק שונים (רימון הלם מול אקדח), והנסיבות שונות בתכלית: בתיק 1 יש תכנון ושימוש בפועל, ובתיק 2 אין תכנון ואין שימוש.

5. **ישימות כתקדים** — בית המשפט יראה את תיק 1 כתיק של ""נשק לצורך ביצוע פשע"", בעוד תיק 2 הוא תיק ""החזקה פשוטה"". כפי שצוין בהנחיות, תיק 144(א) אינו מהווה תקדים רלוונטי לתיק הכולל 144(ב) ושימוש בנשק.

SIMILARITY_SCORE: 15","ok",""
"ME-16-08-229-604","ME-16-05-19384-544",1,0,0,"{""מספר עבירה"": ""144 א, 144 ב"", ""סוג עבירה"": ""החזקה נשק, נשיאת נשק, ייצור נשק"", ""עבירות נוספות"": ""הנאשם הורשע, בנוסף לעבירות נשק לפי סעיף 144, גם בעבירות נוספות שאינן עבירות נשק: חבלה בכוונה מחמירה (סעיף 329(א)(2)), גניבת רכב (סעיף 413ב(א)), הפרעה לשוטר בנסיבות מחמירות (סעיף 275א), ניסיון הצתה (סעיף 448(א)), וירי בשטח בנוי (סעיף 340א)."", ""סוג הנשק [אקדח]"": 1.0, ""סוג הנשק [בקבוק תבערה]"": 1.0, ""סוג הנשק [רובה סער]"": 1.0, ""סטטוס הנשק"": ""נשק עם כדור בקנה"", ""תכנון"": ""כן"", ""אופן החזקת הנשק"": ""בבית, ברכב, מוסלק - מוסתר"", ""אופן קבלת הנשק"": ""מאחר"", ""מטרה-סיבת העבירה"": ""פיגוע"", ""שימוש"": ""לא"", ""כמות תחמושת"": ""ללא""}","{""מספר עבירה"": ""144 א, 144 ב"", ""סוג עבירה"": ""נשיאת נשק, סחר בנשק"", ""עבירות נוספות"": ""הנאשם הורשע גם בעבירת ניסיון לחבלה חמורה לפי סעיף 333 בצירוף סעיף 25 לחוק העונשין, שאינה עבירת נשק לפי סעיף 144."", ""סוג הנשק - אם לא נמצא בטבלה"": ""רובה מסוג תבור, קרל גוסטב"", ""סטטוס הנשק"": ""נשק מופרד מתחמושת"", ""תכנון"": ""כן"", ""אופן החזקת הנשק"": ""בבית, על גופו, מוסלק - מוסתר"", ""אופן קבלת הנשק"": ""רכש"", ""כמות תחמושת"": ""10 כדורים"", ""מטרה-סיבת העבירה"": ""בצע כסף"", ""שימוש"": ""לא""}",65.0,"1. **סוג העבירה וחומרתה** — שני התיקים כוללים את סעיפים 144(א) ו-144(ב), מה שמעלה את רמת החומרה מעבר להחזקה פסיבית. שניהם כוללים עבירות אלימות חמורות נוספות (חבלה), אך תיק 1 כולל מגוון רחב ומסוכן יותר של עבירות נלוות (הצתה, ירי בשטח בנוי).

2. **תפקיד הנאשם ומעורבותו** — בתיק 1 מדובר בנאשם שפעל למטרת פיגוע (טרור/אלימות פוליטית), בעוד בתיק 2 מדובר בסחר בנשק למטרות בצע כסף. מדובר במוטיבציות שונות מהותית המשפיעות על תפיסת בית המשפט לגבי מסוכנות הנאשם.

3. **שיטת הביצוע (MO)** — שני הנאשמים תכננו את מעשיהם והשתמשו בשיטות הסתרה (הסלקה) של הנשק בבית וברכב/על הגוף. דפוס ההסלקה והתכנון דומה, אך סוגי הנשקים בתיק 2 (קרל גוסטב) מעידים על רמה אחרת של לוגיסטיקה.

4. **נסיבות הליבה** — בתיק 1 הנשק היה ""עם כדור בקנה"" (מוכן לשימוש מיידי) והמטרה הייתה פיגוע, נסיבות מחמירות ביותר. בתיק 2 הנשק היה מופרד מתחמושת והמטרה הייתה כלכלית, אם כי סוגי הנשק (נשק כבד) הם חמורים מאוד.

5. **ישימות כתקדים** — למרות הדמיון בסעיפי החוק (144א,ב), הפער בין ""מטרת פיגוע"" ל""בצע כסף"" ובין ""כדור בקנה"" ל""נשק מופרד"" הוא משמעותי בענישה. עם זאת, השילוב של נשיאה, הסלקה ועבירות חבלה הופך את התיקים לרלוונטיים כבסיס להשוואה של עבירות נשק חמורות.

SIMILARITY_SCORE: 65","ok",""
"ME-16-02-18397-87","ME-20-01-62688-591",1,0,0,"{""מספר עבירה"": ""144 ב"", ""סוג עבירה"": ""נשיאת נשק, הובלת נשק"", ""עבירות נוספות"": ""הנאשם הורשע בנוסף לעבירות נשק (סעיף 144(ב) לחוק העונשין) גם בעבירות תעבורה: נהיגה ללא רישיון נהיגה (סעיף 10(א) לפקודת התעבורה), נהיגה ללא ביטוח (סעיף 2(א)(ב) לפקודת ביטוח רכב מנועי), וללא רישיון רכב (סעיף 2 לפקודת התעבורה)."", ""סוג הנשק [אקדח]"": 1.0, ""סטטוס הנשק"": ""תקול"", ""תכנון"": ""לא"", ""אופן החזקת הנשק"": ""ברכב, על גופו, מוסלק - מוסתר"", ""כמות תחמושת"": ""כדורים"", ""שימוש"": ""לא""}","{""מספר עבירה"": ""144 ב"", ""סוג עבירה"": ""נשיאת נשק, הובלת נשק"", ""עבירות נוספות"": ""הנאשם הורשע, בנוסף לעבירות נשק לפי סעיף 144, גם בעבירה של חבלה בכוונה מחמירה לפי סעיף 329(א)(1) לחוק העונשין, ובעבירה של החזקת סם מסוכן לצריכה עצמית לפי סעיפים 7(א) + 7(ג) סיפא לפקודת הסמים המסוכנים."", ""סוג הנשק [אקדח]"": 1.0, ""סטטוס הנשק"": ""נשק עם כדור בקנה"", ""תכנון"": ""כן"", ""אופן החזקת הנשק"": ""ברכב, על גופו"", ""שימוש"": ""לא"", ""כמות תחמושת"": ""ללא""}",35.0,"1. **סוג העבירה וחומרתה** — שני התיקים עוסקים בסעיף 144(ב) (נשיאה והובלה), שהיא עבירה חמורה יותר מהחזקה בלבד. עם זאת, רמת החומרה הכוללת של תיק 2 גבוהה משמעותית בשל הצטרפות עבירה פלילית חמורה (חבלה בכוונה מחמירה).

2. **תפקיד הנאשם ומעורבותו** — בשני המקרים מדובר בנשיאה/הובלה אישית. עם זאת, בתיק 2 קיימת מעורבות אקטיבית ואלימה יותר (חבלה), בעוד בתיק 1 מדובר בעבירות נלוות של תעבורה בלבד.

3. **שיטת הביצוע (MO)** — דפוס דומה של נשיאת אקדח על הגוף וברכב. בתיק 1 הנשק היה מוסתר, ובתיק 2 הנשק היה מוכן לשימוש (כדור בקנה), מה שמעלה את רמת המסוכנות.

4. **נסיבות הליבה** — פער מהותי בסטטוס הנשק: בתיק 1 הנשק היה תקול (גורם מקל משמעותי), בעוד בתיק 2 הנשק היה תקין ואף טעון. כמו כן, בתיק 2 קיים רכיב של תכנון שאינו קיים בתיק 1.

5. **ישימות כתקדים** — למרות ששניהם תחת סעיף 144(ב), הפערים בסטטוס הנשק (תקול מול טעון) ובנסיבות הנלוות (תעבורה מול חבלה וסמים) הם קריטיים. בית המשפט יראה בתיק 2 נסיבות מחמירות בהרבה, ולכן תיק 1 לא ישמש כתקדים רלוונטי לענישה בתיק 2.

SIMILARITY_SCORE: 35","ok",""
"sh-10-05-7434-952","ME-15-06-12109-344",1,0,0,"{""מספר עבירה"": ""144 א"", ""סוג עבירה"": ""החזקה נשק"", ""סוג הנשק [אקדח]"": 1.0, ""סטטוס הנשק"": ""נשק מפורק"", ""תכנון"": ""לא"", ""אופן החזקת הנשק"": ""בבית, מוסלק - מוסתר"", ""מטרה-סיבת העבירה"": ""אספנות"", ""שימוש"": ""לא"", ""כמות תחמושת"": ""ללא""}","{""מספר עבירה"": ""144 ב"", ""סוג עבירה"": ""נשיאת נשק, הובלת נשק"", ""סוג הנשק [אקדח]"": 1.0, ""סטטוס הנשק"": ""תקין"", ""תכנון"": ""כן"", ""אופן החזקת הנשק"": ""ברכב, מוסלק - מוסתר"", ""שימוש"": ""לא"", ""כמות תחמושת"": ""ללא""}",20.0,"1. **סוג העבירה וחומרתה** — קיים הבדל משפטי מהותי בין סעיף 144(א) (החזקה) לסעיף 144(ב) (נשיאה/הובלה). נשיאה נחשבת לעבירה חמורה יותר משמעותית מהחזקה בבית, שכן היא מהווה סכנה מיידית וגבוהה יותר לביטחון הציבור.

2. **תפקיד הנאשם ומעורבותו** — בתיק 1 מדובר באספן המחזיק נשק בביתו (מעורבות פסיבית/סטטית), בעוד שבתיק 2 מדובר באדם שהוביל נשק ברכב (מעורבות אקטיבית), מה שמעלה את רמת המסוכנות והנסיבות המחמירות.

3. **שיטת הביצוע (MO)** — דפוסים שונים לחלוטין: הסתרה בבית למטרות אספנות לעומת הסתרה ברכב תוך תכנון מוקדם. הנשק בתיק 1 מפורק, בעוד שבתיק 2 הוא תקין ומוכן לשימוש.

4. **נסיבות הליבה** — בתיק 1 הנסיבות מקלות (נשק מפורק, אספנות, בבית). בתיק 2 הנסיבות מחמירות יותר (נשק תקין, תכנון, הובלה במרחב הציבורי/רכב).

5. **ישימות כתקדים** — בית המשפט לא יראה בתיק 1 תקדים לענישה בתיק 2. הפער בין החזקה של נשק מפורק בבית לבין נשיאה של נשק תקין ברכב הוא פער עמוק מדי מבחינת מדיניות הענישה.

SIMILARITY_SCORE: 20","ok",""
"ME-16-06-44840-433","SH-09-05-9349-998",1,0,0,"{""מספר עבירה"": ""144 א, 144 ב"", ""סוג עבירה"": ""החזקה נשק, נשיאת נשק"", ""עבירות נוספות"": ""הנאשם הורשע בנוסף לעבירות נשק (סעיף 144) גם בסיוע לנסיון לתקיפה לפי סעיפים 379 + 25 + 31 לחוק העונשין. זוהי עבירה שאינה עבירת נשק."", ""סוג הנשק [רימון הלם/גז]"": 1.0, ""סטטוס הנשק"": ""נשק מופרד מתחמושת"", ""תכנון"": ""כן"", ""אופן החזקת הנשק"": ""מוסלק - מוסתר"", ""שימוש"": ""זריקת רימון"", ""כמות תחמושת"": ""ללא""}","{""מספר עבירה"": ""144 א"", ""סוג עבירה"": ""החזקה נשק"", ""סוג הנשק [אקדח]"": 1.0, ""סטטוס הנשק"": ""נשק מופרד מתחמושת"", ""תכנון"": ""לא"", ""אופן החזקת הנשק"": ""בבית, מוסלק - מוסתר"", ""כמות תחמושת"": ""מחסנית ריקה ובה 0 כדורים, 26 כדורים"", ""שימוש"": ""לא""}",20.0,"1. **סוג העבירה וחומרתה** — תיק 1 כולל נשיאה (144ב) וסיוע לתקיפה, מה שמעלה את רמת החומרה משמעותית. תיק 2 הוא החזקה בלבד (144א), עבירה פסיבית יותר ופחות חמורה.

2. **תפקיד הנאשם ומעורבותו** — בתיק 1 הנאשם הוא שותף פעיל למעשה אלימות (סיוע לתקיפה), בעוד שבתיק 2 מדובר במחזיק פסיבי של נשק בביתו ללא מעורבות בפשע נוסף.

3. **שיטת הביצוע (MO)** — קיים פער תהומי: בתיק 1 נעשה שימוש בפועל בנשק (זריקת רימון) כחלק מאירוע אלימות, בעוד שבתיק 2 הנשק הוסלק בבית ולא נעשה בו כל שימוש.

4. **נסיבות הליבה** — סוגי הנשק שונים (רימון הלם מול אקדח). בתיק 1 יש תכנון וביצוע של עבירה פלילית חמורה, בעוד בתיק 2 מדובר בהחזקה ביתית ללא תכנון מוכח למעשה פשע מיידי.

5. **ישימות כתקדים** — בית המשפט לא יראה בתיק 2 תקדים לענישה בתיק 1, שכן תיק 1 כולל נשיאה (144ב) ושימוש בנשק לצורך תקיפה, נסיבות מחמירות שאינן קיימות כלל בתיק 2 (החזקה בלבד).

SIMILARITY_SCORE: 20","ok",""
"ME-16-08-44157-713","ME-15-11-45465-294",3,1,1,"{""מספר עבירה"": ""144 ב"", ""סוג עבירה"": ""סחר בנשק"", ""עבירות נוספות"": ""הנאשם הורשע בנוסף לעבירות נשק (סחר בנשק לפי סעיף 144(ב2)), גם בעבירה של קשירת קשר לביצוע פשע לפי סעיף 449(א)(1) לחוק העונשין, שהיא עבירה שאינה עבירת נשק."", ""סוג הנשק [רובה צלפים]"": 1.0, ""סוג הנשק - אם לא נמצא בטבלה"": ""קרל גוסטב מאולתר, מיני עוזי, אקדח 14, אקדח 7"", ""סטטוס הנשק"": ""נשק מופרד מתחמושת"", ""תכנון"": ""כן"", ""אופן החזקת הנשק"": ""בבית"", ""כמות תחמושת"": ""מחסנית"", ""מטרה-סיבת העבירה"": ""בצע כסף"", ""שימוש"": ""לא""}","{""מספר עבירה"": ""144 ב"", ""סוג עבירה"": ""נשיאת נשק, סחר בנשק"", ""סוג הנשק [תת מקלע]"": 1.0, ""סוג הנשק - אם לא נמצא בטבלה"": ""מחסניות מאולתרות (המותאמות לקרל גוסטב) ומחסנית צולבת (לעוזי)"", ""סטטוס הנשק"": ""נשק מופרד מתחמושת"", ""תכנון"": ""כן"", ""אופן החזקת הנשק"": ""ברכב"", ""כמות תחמושת"": ""2 מחסניות מאולתרות + מחסנית צולבת"", ""מטרה-סיבת העבירה"": ""בצע כסף"", ""שימוש"": ""לא""}",92.0,"1. **סוג העבירה וחומרתה**: שני התיקים עוסקים בסעיף 144(ב) (סחר/נשיאה), שהיא עבירה חמורה משמעותית מהחזקה בלבד. שניהם כוללים מרכיב של סחר בנשק, מה שמעלה את רמת החומרה בשני המקרים לרמה דומה.

2. **תפקיד הנאשם ומעורבותו**: בשני התיקים מדובר במעורבות פעילה של סחר למטרת בצע כסף, ולא רק החזקה פסיבית. הנאשמים פועלים כיזמים/סוחרים בנשק, מה שיוצר דמיון מהותי בתפקידם הפלילי.

3. **שיטת הביצוע (MO)**: קיימת התאמה גבוהה מאוד בדפוס הביצוע; שני התיקים כוללים נשק מאולתר מסוג ""קרל גוסטב"" (או אביזרים המותאמים לו), תכנון מוקדם ומטרה כלכלית.

4. **נסיבות הליבה**: שני התיקים עוסקים בנשק חם ומסוכן (רובה צלפים/תת-מקלע), נשק מופרד מתחמושת, ללא שימוש בפועל. ההבדל בין החזקה בבית להחזקה ברכב הוא זניח אל מול העובדה ששני התיקים עומדים תחת סעיף 144(ב).

5. **ישימות כתקדים**: בית המשפט יראה את התיקים כרלוונטיים מאוד זה לזה. השילוב של סעיף 144(ב), סוגי הנשק המיוחדים (קרל גוסטב/מאולתרים) והמניע הכלכלי הופך את תיק אחד לתקדים ענייני מאוד לענישה בתיק השני.

SIMILARITY_SCORE: 92","ok",""
"ME-15-06-12109-344","ME-12-04-33577-700",1,0,0,"{""מספר עבירה"": ""144 ב"", ""סוג עבירה"": ""נשיאת נשק, הובלת נשק"", ""סוג הנשק [אקדח]"": 1.0, ""סטטוס הנשק"": ""תקין"", ""תכנון"": ""כן"", ""אופן החזקת הנשק"": ""ברכב, מוסלק - מוסתר"", ""שימוש"": ""לא"", ""כמות תחמושת"": ""ללא""}","{""מספר עבירה"": ""144 א, 144 ב"", ""סוג עבירה"": ""החזקה נשק, נשיאת נשק"", ""עבירות נוספות"": ""הנאשם הורשע בנוסף לעבירות נשק (סעיף 144(א) ו-144(ב)), גם בעבירות של חבלה בכוונה מחמירה (סעיף 329(א)(2)) ויריות באזור מגורים (סעיף 340(א)), שהן אינן עבירות נשק לפי סעיף 144."", ""סוג הנשק [אקדח]"": 1.0, ""סטטוס הנשק"": ""נשק עם כדור בקנה"", ""תכנון"": ""כן"", ""אופן החזקת הנשק"": ""על גופו"", ""שימוש"": ""לא"", ""כמות תחמושת"": ""ללא""}",35.0,"1. **סוג העבירה וחומרתה** — שני התיקים כוללים את סעיף 144(ב) (נשיאה/הובלה), אך תיק 2 חמור משמעותית בשל הצטרפותן של עבירות אלימות קשות (חבלה ויריות), המעבירות את התיק מרמה של עבירת נשק ""יבשה"" לעבירה פלילית חמורה עם פגיעה גופנית.

2. **תפקיד הנאשם ומעורבותו** — בשני המקרים מדובר בנשיאה אקטיבית של הנשק, אך בתיק 2 המעורבות היא אגרסיבית וישירה יותר (שימוש בנשק לצורך ביצוע עבירות אחרות), בעוד בתיק 1 מדובר בהובלה בלבד.

3. **שיטת הביצוע (MO)** — קיים הבדל מהותי: בתיק 1 הנשק היה מוסלק ברכב (הסוואה), בעוד בתיק 2 הנשק היה על גוף הנאשם ומוכן לשימוש מיידי (כדור בקנה), מה שמעיד על רמת סיכון גבוהה יותר.

4. **נסיבות הליבה** — שני התיקים עוסקים באקדח תקין עם תכנון מוקדם. עם זאת, בתיק 2 קיימות נסיבות מחמירות ביותר (ירי באזור מגורים וחבלה) שאינן קיימות בתיק 1, מה שמשנה לחלוטין את מרכז הכובד של התיק.

5. **ישימות כתקדים** — למרות ששניהם כוללים 144(ב), בית המשפט יראה את תיק 2 כתיק של ""פשיעה אלימה"" ואת תיק 1 כתיק של ""הובלת נשק"". תיק 2 לא ישמש כתקדים מקל לתיק 1, ותיק 1 לא יהווה בסיס לענישה בתיק 2 בשל הפער העצום בחומרת הנסיבות.

SIMILARITY_SCORE: 35","ok",""
"ME-17-08-28615-573","ME-16-05-336-804",2,0,1,"{""מספר עבירה"": ""144 א, 144 ב"", ""סוג עבירה"": ""החזקה נשק, נשיאת נשק"", ""עבירות נוספות"": ""הנאשם הורשע בנוסף לעבירות נשק (סעיף 144) גם בעבירת הפרעה לשוטר במילוי תפקידו לפי סעיף 275 לחוק העונשין."", ""סוג הנשק [תת מקלע מאולתר]"": 1.0, ""סוג הנשק [רימון הלם/גז]"": 1.0, ""סטטוס הנשק"": ""נשק עם מחסנית בהכנס"", ""תכנון"": ""לא"", ""אופן החזקת הנשק"": ""מוסלק - מוסתר"", ""כמות תחמושת"": ""מחסנית ובה 9 כדורים, 50 כדורים"", ""שימוש"": ""לא""}","{""מספר עבירה"": ""144 ב"", ""סוג עבירה"": ""נשיאת נשק, הובלת נשק"", ""סוג הנשק [תת מקלע מאולתר]"": 1.0, ""סטטוס הנשק"": ""נשק מופרד מתחמושת"", ""תכנון"": ""לא"", ""אופן החזקת הנשק"": ""ברכב, על גופו"", ""כמות תחמושת"": ""2 מחסניות ריקות ובהן 0 כדורים, 26 כדורים"", ""שימוש"": ""לא""}",85.0,"1. **סוג העבירה וחומרתה**: שני התיקים עוסקים בעבירות נשק חמורות לפי סעיף 144. תיק 1 כולל גם החזקה (א) וגם נשיאה (ב), בעוד תיק 2 מתמקד בנשיאה/הובלה (ב), מה שיוצר בסיס משפטי דומה מאוד מבחינת חומרת העבירה.

2. **תפקיד הנאשם ומעורבותו**: בשני המקרים מדובר בנשיאה/החזקה אקטיבית של הנשק ללא אינדיקציה לסחר או תפקיד של ""ספק"". רמת המעורבות בשני התיקים היא של מחזיק/נושא.

3. **שיטת הביצוע (MO)**: קיים דמיון גבוה מאוד; בשני המקרים מדובר בנשק מסוג תת-מקלע מאולתר. ההבדל הוא במיקום (מוסלק בתיק 1 לעומת רכב/גוף בתיק 2), אך שניהם מהווים נשיאה של נשק חם.

4. **נסיבות הליבה**: בתיק 1 הנשק היה ""מוכן לשימוש"" (מחסנית בפנים) והיה רימון הלם, מה שמהווה נסיבה מחמירה. בתיק 2 הנשק היה מופרד מתחמושת. כמות התחמושת בשני התיקים היא בסדר גודל דומה (עשרות כדורים).

5. **ישימות כתקדים**: בית המשפט יראה את התיקים כרלוונטיים מאוד לצורכי ענישה, שכן שניהם עוסקים בנשיאת תת-מקלע מאולתר (סעיף 144ב). תיק 1 עשוי לשמש כ""תקרת ענישה"" (בשל הרימון והמחסנית בפנים) ותיק 2 כ""רצפת ענישה"" (בשל הפרדת התחמושת).

SIMILARITY_SCORE: 85","ok",""
"ME-16-05-25902-514","SH-17-08-47445-166",1,0,0,"{""מספר עבירה"": ""144 א, 144 ב"", ""סוג עבירה"": ""החזקה נשק, נשיאת נשק"", ""סוג הנשק [אקדח]"": 1.0, ""סטטוס הנשק"": ""נשק עם מחסנית בהכנס"", ""תכנון"": ""לא"", ""אופן החזקת הנשק"": ""בבית, על גופו"", ""אופן קבלת הנשק"": ""רכש"", ""כמות תחמושת"": ""מחסנית ובה 7 כדורים"", ""מטרה-סיבת העבירה"": ""הגנה עצמית"", ""שימוש"": ""לא""}","{""מספר עבירה"": ""144 א"", ""סוג עבירה"": ""החזקה נשק"", ""סוג הנשק [אקדח]"": 1.0, ""סוג הנשק - אם לא נמצא בטבלה"": ""חפץ דמוי תת מקלע מאולתר"", ""סטטוס הנשק"": ""תקין"", ""תכנון"": ""לא"", ""אופן החזקת הנשק"": ""בבית"", ""שימוש"": ""לא"", ""כמות תחמושת"": ""ללא""}",25.0,"1. **סוג העבירה וחומרתה** — תיק 1 כולל נשיאה (144ב) שהיא עבירה חמורה יותר, בעוד תיק 2 עוסק בהחזקה בלבד (144א). קיים פער משפטי מהותי ברמת החומרה ובסיווג העבירות.

2. **תפקיד הנאשם ומעורבותו** — בשני המקרים מדובר במחזיק בודד ללא מעורבות בסחר או הפצה, אך בתיק 1 ישנה פעולה אקטיבית יותר של נשיאת הנשק על הגוף.

3. **שיטת הביצוע (MO)** — בתיק 1 הנשק נרכש ונשא על הגוף, בעוד בתיק 2 מדובר בהחזקה פסיבית של נשק מאולתר בבית. דפוסי ההתנהגות שונים.

4. **נסיבות הליבה** — פער משמעותי: בתיק 1 ישנו נשק תקין עם תחמושת (מחסנית מלאה), בעוד בתיק 2 מדובר בנשק מאולתר ללא תחמושת כלל. נסיבות אלו משנות לחלוטין את רמת המסוכנות.

5. **ישימות כתקדים** — בית המשפט לא יראה בתיק 2 תקדים לענישה בתיק 1, שכן נשיאת נשק תקין עם תחמושת (144ב) נחשבת לנסיבה מחמירה משמעותית לעומת החזקת נשק מאולתר ללא תחמושת בבית (144א).

SIMILARITY_SCORE: 25","ok",""
"ME-16-05-336-804","ME-14-12-6904-57",3,1,1,"{""מספר עבירה"": ""144 ב"", ""סוג עבירה"": ""נשיאת נשק, הובלת נשק"", ""סוג הנשק [תת מקלע מאולתר]"": 1.0, ""סטטוס הנשק"": ""נשק מופרד מתחמושת"", ""תכנון"": ""לא"", ""אופן החזקת הנשק"": ""ברכב, על גופו"", ""כמות תחמושת"": ""2 מחסניות ריקות ובהן 0 כדורים, 26 כדורים"", ""שימוש"": ""לא""}","{""מספר עבירה"": ""144 ב"", ""סוג עבירה"": ""נשיאת נשק, הובלת נשק"", ""עבירות נוספות"": ""הנאשם הואשם והורשע בנוסף לעבירת נשק (סעיף 144(ב) לחוק העונשין) גם בעבירה של החזקת סם לצריכה עצמית לפי סעיף 7(א) לפקודת הסמים המסוכנים."", ""סוג הנשק [תת מקלע מאולתר]"": 1.0, ""סטטוס הנשק"": ""נשק מופרד מתחמושת"", ""תכנון"": ""כן"", ""אופן החזקת הנשק"": ""בבית, על גופו, מוסלק - מוסתר"", ""אופן קבלת הנשק"": ""רכש"", ""כמות תחמושת"": ""מחסנית וכדורים, כדורים"", ""שימוש"": ""לא""}",85.0,"1. **סוג העבירה וחומרתה** — שני התיקים עוסקים בעבירה על סעיף 144(ב) (נשיאה והובלה), שהיא חמורה יותר מהחזקה פשוטה. רמת החומרה הבסיסית של העבירה זהה בשני המקרים.

2. **תפקיד הנאשם ומעורבותו** — בשני המקרים מדובר במחזיק/נושא של נשק. בתיק 2 ישנה עבירה נלווית של סמים לצריכה, אך היא אינה משנה מהותית את תפקידו של הנאשם ביחס לנשק (אינו סוחר/יזם).

3. **שיטת הביצוע (MO)** — קיים דמיון גבוה: בשני המקרים הנשק נמצא על גופו של הנאשם. ההבדל הוא במיקום הנוסף (רכב בתיק 1 מול בית/הסלקה בתיק 2), אך דפוס הנשיאה דומה.

4. **נסיבות הליבה** — שני התיקים עוסקים באותו סוג נשק (תת-מקלע מאולתר) ובמצב זהה (מופרד מתחמושת). כמות התחמושת בתיק 1 מפורטת יותר אך סדרי הגודל דומים, ושני הנאשמים לא עשו שימוש בנשק.

5. **ישימות כתקדים** — בית המשפט יראה את התיקים כרלוונטיים מאוד לצורכי ענישה, שכן מדובר באותה עבירה, אותו סוג נשק מסוכן (מאולתר) ונסיבות נשיאה דומות, ללא שימוש בפועל.

SIMILARITY_SCORE: 85","ok",""
"SH-19-07-60805-168","ME-20-01-17935-7",1,0,0,"{""מספר עבירה"": ""144 א"", ""סוג עבירה"": ""החזקה נשק"", ""סוג הנשק [אקדח]"": 1.0, ""סטטוס הנשק"": ""נשק עם מחסנית בהכנס"", ""תכנון"": ""לא"", ""אופן החזקת הנשק"": ""ברכב, מוסלק - מוסתר"", ""כמות תחמושת"": ""מחסנית ובה 10 כדורים"", ""שימוש"": ""לא""}","{""מספר עבירה"": ""144 א, 144 ב"", ""סוג עבירה"": ""החזקה נשק, נשיאת נשק"", ""עבירות נוספות"": ""הנאשם הואשם והורשע בנוסף לעבירות נשק (סעיפים 144(א) ו-144(ב) בצירוף סעיף 25), גם בעבירה של הפרעה לשוטר במילוי תפקידו לפי סעיף 275 לחוק העונשין. זוהי עבירה שאינה עבירת נשק."", ""סוג הנשק [תת מקלע מאולתר]"": 1.0, ""סטטוס הנשק"": ""תקול"", ""תכנון"": ""לא"", ""אופן החזקת הנשק"": ""על גופו"", ""שימוש"": ""לא"", ""כמות תחמושת"": ""ללא""}",25.0,"1. **סוג העבירה וחומרתה**: תיק 1 עוסק בהחזקה בלבד (144א), בעוד תיק 2 כולל נשיאה/הובלה (144ב) ועבירה נוספת של הפרעה לשוטר. מבחינה משפטית, השילוב של 144(ב) והעבירה הנלווית מעלה את חומרת המעשה בתיק 2 באופן משמעותי.

2. **תפקיד הנאשם ומעורבותו**: בשני התיקים מדובר במחזיק/נושא, אך בתיק 2 המעורבות היא אקטיבית יותר (נשיאה על הגוף ומגע עם שוטרים), לעומת החזקה פסיבית יותר ברכב בתיק 1.

3. **שיטת הביצוע (MO)**: דפוסים שונים לחלוטין; בתיק 1 הנשק מוסלק ברכב (הסתרה), ובתיק 2 הנשק מונח על הגוף (נשיאה גלויה/מידית).

4. **נסיבות הליבה**: פערים מהותיים בסוג הנשק (אקדח תקין עם תחמושת מול תת-מקלע מאולתר ותקול ללא תחמושת). בעוד שהנשק בתיק 1 מסוכן יותר באופן מיידי, הנסיבות בתיק 2 (סוג הנשק והעבירות הנלוות) יוצרות פרופיל פלילי שונה.

5. **ישימות כתקדים**: בהתאם להנחיה, תיק 1 (144א בלבד) אינו יכול לשמש כתקדים לתיק 2 הכולל 144(ב). ההבדל בין החזקה לנשיאה הוא קריטי לצורכי ענישה בבתי המשפט.

SIMILARITY_SCORE: 25","ok",""
"ME-15-12-39071-113","ME-09-11-7566-913",3,1,1,"{""מספר עבירה"": ""144 א"", ""סוג עבירה"": ""החזקה נשק"", ""סוג הנשק [אקדח]"": 1.0, ""סטטוס הנשק"": ""תקין"", ""תכנון"": ""לא"", ""אופן החזקת הנשק"": ""ברכב, מוסלק - מוסתר"", ""מטרה-סיבת העבירה"": ""הגנה עצמית"", ""שימוש"": ""לא"", ""כמות תחמושת"": ""ללא""}","{""מספר עבירה"": ""144 א, 144 ב"", ""סוג עבירה"": ""החזקה נשק, נשיאת נשק, הובלת נשק"", ""סוג הנשק [אקדח]"": 1.0, ""סטטוס הנשק"": ""תקול"", ""תכנון"": ""לא"", ""אופן החזקת הנשק"": ""ברכב, מוסלק - מוסתר"", ""שימוש"": ""לא"", ""כמות תחמושת"": ""ללא""}",40.0,"1. **סוג העבירה וחומרתה** — קיים פער משפטי מהותי. תיק 1 עוסק בהחזקה בלבד (144א), בעוד תיק 2 כולל נשיאה והובלה (144ב), עבירות הנחשבות לחמורות יותר ובעלות טווח ענישה גבוה יותר.

2. **תפקיד הנאשם ומעורבותו** — בשני המקרים מדובר במחזיק בודד ללא מעורבות של סחר או ארגון פשע, אך בתיק 2 המעורבות היא אקטיבית יותר (הובלה) לעומת החזקה סטטית.

3. **שיטת הביצוע (MO)** — דפוס דומה מאוד; בשני המקרים הנשק נמצא מוסלק בתוך רכב.

4. **נסיבות הליבה** — סוג הנשק זהה (אקדח) ואין תחמושת בשני המקרים. עם זאת, בתיק 2 הנשק תקול (נסיבה מקלה), בעוד בתיק 1 הנשק תקין (נסיבה מחמירה יותר).

5. **ישימות כתקדים** — בשל ההבחנה המהותית בין 144(א) ל-144(ב), בית המשפט לא יראה בתיק 1 תקדים רלוונטי לענישה בתיק 2, שכן נשיאה והובלה נתפסות כסיכון ביטחוני גבוה יותר מהחזקה בלבד.

SIMILARITY_SCORE: 40","ok",""
"ME-19-04-1316-977","SH-11-05-24791-315",1,0,0,"{""מספר עבירה"": ""144 ב"", ""סוג עבירה"": ""סחר בנשק, ניסיון לסחר בנשק"", ""סוג הנשק [אקדח]"": 1.0, ""סוג הנשק [תת מקלע מאולתר]"": 1.0, ""סטטוס הנשק"": ""תקול"", ""תכנון"": ""לא"", ""אופן החזקת הנשק"": ""ברכב"", ""כמות תחמושת"": ""מחסנית, 900 כדורים"", ""מטרה-סיבת העבירה"": ""בצע כסף"", ""שימוש"": ""לא""}","{""מספר עבירה"": ""144 א"", ""סוג עבירה"": ""החזקה נשק"", ""סוג הנשק [אקדח]"": 1.0, ""סטטוס הנשק"": ""נשק מופרד מתחמושת"", ""תכנון"": ""לא"", ""אופן החזקת הנשק"": ""בבית"", ""אופן קבלת הנשק"": ""מאחר"", ""כמות תחמושת"": ""2 מחסניות"", ""שימוש"": ""לא""}",15.0,"1. **סוג העבירה וחומרתה** — פער מהותי. תיק 1 עוסק בסחר וניסיון לסחר (144ב), עבירה חמורה בהרבה, בעוד תיק 2 עוסק בהחזקה בלבד (144א).

2. **תפקיד הנאשם ומעורבותו** — בתיק 1 הנאשם פעל כסוחר/מפיץ למטרת רווח כספי (מעורבות אקטיבית), בעוד בתיק 2 מדובר במחזיק פסיבי שקיבל את הנשק מאחר.

3. **שיטת הביצוע (MO)** — שונה לחלוטין. תיק 1 כולל הובלה ברכב לצורך מכירה, בעוד תיק 2 כולל אחסון סטטי של נשק בבית.

4. **נסיבות הליבה** — פער עצום בכמות התחמושת (900 כדורים ותת-מקלע בתיק 1 לעומת 2 מחסניות ואקדח בתיק 2). סדר הגודל של תיק 1 מעיד על פעילות פלילית רחבה, בעוד תיק 2 הוא מקרה של החזקה נקודתית.

5. **ישימות כתקדים** — בית המשפט לא יראה בתיק 2 תקדים לענישה בתיק 1 (או להיפך), שכן ההבדל בין 144(א) ל-144(ב) וההבדל בין החזקה לסחר הם קריטיים לקביעת העונש.

SIMILARITY_SCORE: 15","ok",""
"ME-15-12-39071-113","ME-13-02-28360-614",1,0,0,"{""מספר עבירה"": ""144 א"", ""סוג עבירה"": ""החזקה נשק"", ""סוג הנשק [אקדח]"": 1.0, ""סטטוס הנשק"": ""תקין"", ""תכנון"": ""לא"", ""אופן החזקת הנשק"": ""ברכב, מוסלק - מוסתר"", ""מטרה-סיבת העבירה"": ""הגנה עצמית"", ""שימוש"": ""לא"", ""כמות תחמושת"": ""ללא""}","{""מספר עבירה"": ""144 ב"", ""סוג עבירה"": ""נשיאת נשק"", ""עבירות נוספות"": ""הנאשם הורשע בנוסף לעבירות נשק (סעיף 144(ב) לחוק העונשין) גם בעבירות נוספות: הפרעה לשוטר במילוי תפקידו (סעיף 275 לחוק העונשין), נהיגה ללא רישיון (סעיף 10(א) לפקודת התעבורה), נהיגה ללא ביטוח (סעיף 2 לפקודת ביטוח רכב מנועי), ונהיגה תחת השפעת משקאות משכרים (תקנה 26(2) לתקנות התעבורה)."", ""סוג הנשק - אם לא נמצא בטבלה"": ""נשק"", ""סטטוס הנשק"": ""נשק עם כדור בקנה"", ""תכנון"": ""לא"", ""אופן החזקת הנשק"": ""ברכב"", ""שימוש"": ""לא"", ""כמות תחמושת"": ""ללא""}",20.0,"1. **סוג העבירה וחומרתה** — קיים הבדל משפטי מהותי בין סעיף 144(א) (החזקה) לסעיף 144(ב) (נשיאה/הובלה). נשיאת נשק נתפסת כעבירה חמורה יותר מהחזקה בלבד, ובמיוחד כאשר הנשק הוא ""עם כדור בקנה"".

2. **תפקיד הנאשם ומעורבותו** — בשני המקרים מדובר במחזיק/נושא בודד ללא עדות לסחר או תיווך, אך בתיק 2 המעורבות הפלילית רחבה בהרבה בשל שרשרת עבירות נלוות.

3. **שיטת הביצוע (MO)** — בשני המקרים הנשק נמצא ברכב, אך בתיק 1 הנשק היה מוסלק (הסתרה), בעוד שבתיק 2 הנשק היה מוכן לשימוש מיידי (כדור בקנה), מה שמעלה את רמת המסוכנות.

4. **נסיבות הליבה** — תיק 1 הוא תיק נשק ""נקי"" למטרת הגנה עצמית. תיק 2 כולל נסיבות מחמירות משמעותיות: נהיגה בשכרות, הפרעה לשוטר ועבירות תעבורה, מה שמשנה לחלוטין את תמונת הנאשם ואת נסיבות המקרה.

5. **ישימות כתקדים** — בית המשפט לא יראה בתיק 1 תקדים רלוונטי לתיק 2. ההבדל בין 144(א) ל-144(ב), יחד עם העבירות הנלוות בתיק 2, יובילו לטווח ענישה שונה לחלוטין.

SIMILARITY_SCORE: 20","ok",""
"ME-16-02-59812-881","ME-22-03-52964-443",3,1,1,"{""מספר עבירה"": ""144 ב"", ""סוג עבירה"": ""סחר בנשק"", ""עבירות נוספות"": ""הנאשם הואשם והורשע בנוסף לעבירת נשק (סחר בנשק לפי סעיף 144(ב2)), גם בעבירות מסירת ידיעה כוזבת על עבירת פשע (סעיף 243 לחוק העונשין) ושיבוש הליכי משפט (סעיף 244 לחוק העונשין). אלו אינן עבירות נשק."", ""סוג הנשק [אקדח]"": 1.0, ""סטטוס הנשק"": ""נשק מופרד מתחמושת"", ""תכנון"": ""לא"", ""אופן החזקת הנשק"": ""בבית"", ""כמות תחמושת"": ""2 מחסניות, 20 כדורים"", ""מטרה-סיבת העבירה"": ""בצע כסף"", ""שימוש"": ""לא""}","{""מספר עבירה"": ""144 א, 144 ב"", ""סוג עבירה"": ""החזקה נשק, נשיאת נשק, הובלת נשק"", ""עבירות נוספות"": ""הנאשם הורשע בנוסף לעבירות נשק גם בעבירת הפרעה לשוטר במילוי תפקידו לפי סעיף 275 לחוק העונשין. לא צוינו עבירות נוספות שאינן עבירות נשק או הפרעה לשוטר."", ""סוג הנשק [אקדח]"": 1.0, ""סטטוס הנשק"": ""נשק עם מחסנית בהכנס"", ""תכנון"": ""כן"", ""אופן החזקת הנשק"": ""על גופו, מוסלק - מוסתר"", ""כמות תחמושת"": ""מחסנית ובה 16 כדורים, מחסנית נוספת ובה 16 כדורים"", ""מטרה-סיבת העבירה"": ""הגנה עצמית"", ""שימוש"": ""לא""}",65.0,"1. **סוג העבירה וחומרתה** — שני התיקים כוללים את סעיף 144(ב), המהווה את גרעין החומרה (נשיאה/הובלה/סחר). עם זאת, תיק 1 מתמקד בסחר (בצע כסף) בעוד תיק 2 משלב החזקה ונשיאה, מה שמעמיד אותם באותה רמת חומרה פלילית כללית.

2. **תפקיד הנאשם ומעורבותו** — בתיק 1 הנאשם פעל כסוחר (מניע כלכלי), תפקיד נתפס כחמור יותר מהנאשם בתיק 2 שפעל למטרת הגנה עצמית. עם זאת, שניהם היו מעורבים באופן פעיל בשימוש בנשק לא חוקי.

3. **שיטת הביצוע (MO)** — קיים שוני מהותי: בתיק 1 הנשק היה בבית (החזקה לצורך סחר), בעוד בתיק 2 הנשק היה על הגוף ומוסלק (נשיאה אקטיבית). דפוס ההסלקה בתיק 2 מעיד על רצון להסתיר את הנשק במרחב הציבורי.

4. **נסיבות הליבה** — סוג הנשק זהה (אקדח) וכמות התחמושת דומה (סדר גודל של 20-30 כדורים). עם זאת, בתיק 2 הנשק היה ""מוכן לשימוש"" (מחסנית בפנים) ובתיק 1 הנשק היה מופרד מהתחמושת, נסיבה המקלה בדרך כלל בתיק 1.

5. **ישימות כתקדים** — שני התיקים עוסקים ב-144(ב), מה שהופך אותם לרלוונטיים לצורכי ענישה. עם זאת, השוני בין ""סחר בבית"" ל""נשיאה על הגוף להגנה עצמית"" יוצר פערים בנסיבות המקלילות/מחמירות, אך הם עדיין נעים באותו מישור משפטי.

SIMILARITY_SCORE: 65","ok",""
"ME-20-01-62688-591","ME-17-05-35227-215",1,0,0,"{""מספר עבירה"": ""144 ב"", ""סוג עבירה"": ""נשיאת נשק, הובלת נשק"", ""עבירות נוספות"": ""הנאשם הורשע, בנוסף לעבירות נשק לפי סעיף 144, גם בעבירה של חבלה בכוונה מחמירה לפי סעיף 329(א)(1) לחוק העונשין, ובעבירה של החזקת סם מסוכן לצריכה עצמית לפי סעיפים 7(א) + 7(ג) סיפא לפקודת הסמים המסוכנים."", ""סוג הנשק [אקדח]"": 1.0, ""סטטוס הנשק"": ""נשק עם כדור בקנה"", ""תכנון"": ""כן"", ""אופן החזקת הנשק"": ""ברכב, על גופו"", ""שימוש"": ""לא"", ""כמות תחמושת"": ""ללא""}","{""מספר עבירה"": ""144 ב"", ""סוג עבירה"": ""נשיאת נשק, הובלת נשק"", ""סוג הנשק [תת מקלע מאולתר]"": 1.0, ""סטטוס הנשק"": ""נשק עם מחסנית בהכנס"", ""תכנון"": ""כן"", ""אופן החזקת הנשק"": ""ברכב"", ""שימוש"": ""לא"", ""כמות תחמושת"": ""ללא""}",75.0,"1. **סוג העבירה וחומרתה** — שני התיקים עוסקים בסעיף 144(ב) (נשיאה והובלה), שהיא עבירה חמורה יותר מהחזקה בלבד. עם זאת, בתיק 1 ישנה חומרה משמעותית יותר בשל הצטרפות של עבירת חבלה בכוונה מחמירה וסמים.

2. **תפקיד הנאשם ומעורבותו** — בשני המקרים מדובר בנשיאה/הובלה אקטיבית של נשק. לא מצוין תפקיד של סחר או יזמות, אך שניהם פעלים כמי שמחזיקים את הנשק לשימוש או להעברה.

3. **שיטת הביצוע (MO)** — דפוס דומה מאוד: נשיאת נשק ברכב (ובתיק 1 גם על הגוף) עם כוונה מתוכננת. שני הנאשמים נתפסו עם נשק מוכן לשימוש (כדור בקנה/מחסנית בהכנס).

4. **נסיבות הליבה** — קיים הבדל מהותי בסוג הנשק: אקדח (תיק 1) לעומת תת-מקלע מאולתר (תיק 2), כאשר האחרון נחשב בדרך כלל למסוכן וחמור יותר. עם זאת, בתיק 1 ישנן נסיבות מחמירות חיצוניות (חבלה) שאינן קיימות בתיק 2.

5. **ישימות כתקדים** — שני התיקים עומדים תחת אותו סעיף מהותי (144ב) ודפוס נשיאה דומה. למרות ההבדל בסוג הנשק והעבירות הנלוות, הם רלוונטיים זה לזה לצורכי בחינת טווח הענישה לנשיאת נשק מוכן לשימוש ברכב.

SIMILARITY_SCORE: 75","ok",""
"ME-16-06-64845-657","ME-12-03-13401-281",1,0,0,"{""מספר עבירה"": ""144 ב"", ""סוג עבירה"": ""נשיאת נשק, הובלת נשק"", ""סוג הנשק [אקדח]"": 1.0, ""סטטוס הנשק"": ""נשק מופרד מתחמושת"", ""תכנון"": ""לא"", ""אופן החזקת הנשק"": ""ברכב, על גופו, מוסלק - מוסתר"", ""כמות תחמושת"": ""מחסנית ריקה ובה 0 כדורים, 11 כדורים"", ""שימוש"": ""לא""}","{""מספר עבירה"": ""144 א, 144 ב"", ""סוג עבירה"": ""החזקה נשק, נשיאת נשק, הובלת נשק"", ""עבירות נוספות"": ""הנאשם הורשע גם בעבירה של ירי באזור מגורים לפי סעיף 340א לחוק העונשין, שהיא עבירה שאינה לפי סעיף 144."", ""סוג הנשק [אקדח]"": 1.0, ""סטטוס הנשק"": ""נשק עם כדור בקנה"", ""תכנון"": ""לא"", ""אופן החזקת הנשק"": ""ברכב"", ""כמות תחמושת"": ""2 מחסניות ובהן כדורים, 11 כדורים"", ""שימוש"": ""לא""}",35.0,"1. **סוג העבירה וחומרתה** — שני התיקים כוללים את סעיף 144(ב) (נשיאה והובלה), אך תיק 2 חמור משמעותית בשל ההרשעה הנוספת בירי באזור מגורים (סעיף 340א), המעלה את רמת המסוכנות והחומרה באופן דרמטי.

2. **תפקיד הנאשם ומעורבותו** — בשני המקרים מדובר בנשיאה/הובלה של אקדח, אך בתיק 2 המעורבות היא אקטיבית ואלימה יותר (ביצוע ירי), בעוד בתיק 1 מדובר בנשיאה פסיבית ללא שימוש.

3. **שיטת הביצוע (MO)** — קיימת דמיון בסיסי בכך שהנשק נמצא ברכב, אך בתיק 2 הנשק היה ""מוכן לשימוש"" (כדור בקנה), בניגוד לתיק 1 שבו הנשק היה מופרד מהתחמושת.

4. **נסיבות הליבה** — כמות התחמושת דומה (סדר גודל של כ-11 כדורים), אך נסיבות הליבה שונות לחלוטין: בתיק 1 מדובר בהסלקה ללא שימוש, ובתיק 2 מדובר בנשק טעון ובביצוע עבירת ירי בפועל.

5. **ישימות כתקדים** — בית המשפט יראה את תיק 1 כבלתי רלוונטי כ""תקדים מקל"" עבור תיק 2, שכן עבירת הירי והנשק הטעון בתיק 2 יוצרים נסיבות מחמירות שאינן קיימות בתיק 1.

SIMILARITY_SCORE: 35","ok",""
"SH-14-02-28659-762","ME-16-05-19384-544",1,0,0,"{""מספר עבירה"": ""144 א"", ""סוג עבירה"": ""החזקה נשק"", ""סוג הנשק [תת מקלע מאולתר]"": 1.0, ""סטטוס הנשק"": ""נשק מופרד מתחמושת"", ""תכנון"": ""לא"", ""אופן החזקת הנשק"": ""בבית, מוסלק - מוסתר"", ""כמות תחמושת"": ""מחסנית וכדורים"", ""מטרה-סיבת העבירה"": ""הגנה עצמית"", ""שימוש"": ""לא""}","{""מספר עבירה"": ""144 א, 144 ב"", ""סוג עבירה"": ""נשיאת נשק, סחר בנשק"", ""עבירות נוספות"": ""הנאשם הורשע גם בעבירת ניסיון לחבלה חמורה לפי סעיף 333 בצירוף סעיף 25 לחוק העונשין, שאינה עבירת נשק לפי סעיף 144."", ""סוג הנשק - אם לא נמצא בטבלה"": ""רובה מסוג תבור, קרל גוסטב"", ""סטטוס הנשק"": ""נשק מופרד מתחמושת"", ""תכנון"": ""כן"", ""אופן החזקת הנשק"": ""בבית, על גופו, מוסלק - מוסתר"", ""אופן קבלת הנשק"": ""רכש"", ""כמות תחמושת"": ""10 כדורים"", ""מטרה-סיבת העבירה"": ""בצע כסף"", ""שימוש"": ""לא""}",15.0,"1. **סוג העבירה וחומרתה**: קיים פער מהותי. תיק 1 עוסק בהחזקה בלבד (144א), בעוד תיק 2 כולל נשיאה (144ב), סחר, ובנוסף עבירה חמורה של ניסיון לחבלה חמורה. רמת החומרה בתיק 2 גבוהה משמעותית.

2. **תפקיד הנאשם ומעורבותו**: בתיק 1 הנאשם הוא מחזיק פסיבי למטרות הגנה. בתיק 2 הנאשם הוא יזם/סוחר (""בצע כסף"") המעורב בפעילות פלילית אקטיבית ואלימה.

3. **שיטת הביצוע (MO)**: שונה לחלוטין. תיק 1 הוא החזקה סטטית בבית, בעוד תיק 2 כולל רכישה, נשיאה על הגוף וסחר, מה שמעיד על דפוס פעולה פלילי רחב יותר.

4. **נסיבות הליבה**: סוגי הנשק שונים (מאולתר לעומת נשק צבאי תקני/כבד), והמניעים מנוגדים (הגנה עצמית לעומת רווח כספי). כמו כן, בתיק 2 יש תכנון מוקדם ובתיק 1 לא.

5. **ישימות כתקדים**: בית המשפט לא יראה בתיק 1 תקדים לענישה בתיק 2. ההבדל בין 144(א) ל-144(ב), בתוספת עבירות הסחר והחבלה, הופך את תיק 1 לבלתי רלוונטי לצורכי קביעת עונש בתיק 2.

SIMILARITY_SCORE: 15","ok",""
"ME-20-01-62688-591","ME-22-03-52964-443",1,0,0,"{""מספר עבירה"": ""144 ב"", ""סוג עבירה"": ""נשיאת נשק, הובלת נשק"", ""עבירות נוספות"": ""הנאשם הורשע, בנוסף לעבירות נשק לפי סעיף 144, גם בעבירה של חבלה בכוונה מחמירה לפי סעיף 329(א)(1) לחוק העונשין, ובעבירה של החזקת סם מסוכן לצריכה עצמית לפי סעיפים 7(א) + 7(ג) סיפא לפקודת הסמים המסוכנים."", ""סוג הנשק [אקדח]"": 1.0, ""סטטוס הנשק"": ""נשק עם כדור בקנה"", ""תכנון"": ""כן"", ""אופן החזקת הנשק"": ""ברכב, על גופו"", ""שימוש"": ""לא"", ""כמות תחמושת"": ""ללא""}","{""מספר עבירה"": ""144 א, 144 ב"", ""סוג עבירה"": ""החזקה נשק, נשיאת נשק, הובלת נשק"", ""עבירות נוספות"": ""הנאשם הורשע בנוסף לעבירות נשק גם בעבירת הפרעה לשוטר במילוי תפקידו לפי סעיף 275 לחוק העונשין. לא צוינו עבירות נוספות שאינן עבירות נשק או הפרעה לשוטר."", ""סוג הנשק [אקדח]"": 1.0, ""סטטוס הנשק"": ""נשק עם מחסנית בהכנס"", ""תכנון"": ""כן"", ""אופן החזקת הנשק"": ""על גופו, מוסלק - מוסתר"", ""כמות תחמושת"": ""מחסנית ובה 16 כדורים, מחסנית נוספת ובה 16 כדורים"", ""מטרה-סיבת העבירה"": ""הגנה עצמית"", ""שימוש"": ""לא""}",45.0,"1. **סוג העבירה וחומרתה** — שני התיקים כוללים את סעיף 144(ב) (נשיאה והובלה), שהיא העבירה המרכזית והחמורה יותר. עם זאת, תיק 1 כולל עבירה חמורה מאוד של חבלה בכוונה מחמירה, מה שמעלה את רמת החומרה הכללית של התיק משמעותית לעומת תיק 2.

2. **תפקיד הנאשם ומעורבותו** — בשני המקרים מדובר בנשיאה אישית של הנאשם (לא סחר או תיווך). המעורבות היא פעילה בשני המקרים (נשיאה על הגוף/ברכב), אך בתיק 1 היא קשורה לאלימות פיזית (חבלה).

3. **שיטת הביצוע (MO)** — דפוס דומה של נשיאת אקדח על הגוף או ברכב. בתיק 2 יש דגש על הסתרה (מוסלק), בעוד בתיק 1 הנשק היה זמין יותר (על הגוף/ברכב) לצד ביצוע עבירה פלילית נוספת.

4. **נסיבות הליבה** — בשני המקרים מדובר באקדח טעון (כדור בקנה לעומת מחסנית בהכנס). עם זאת, בתיק 1 יש נסיבה מחמירה של עבירת אלימות קשה, בעוד בתיק 2 יש נסיבה מקלה של טענה ל""הגנה עצמית"" וכמות תחמושת מוגדרת.

5. **ישימות כתקדים** — למרות ששני התיקים עוסקים ב-144(ב), הפער בעבירות הנלוות (חבלה בכוונה מחמירה לעומת הפרעה לשוטר) הוא תהומי. בית המשפט יראה בתיק 1 מקרה של פשיעה אלימה ובתיק 2 מקרה של נשיאת נשק ""סטנדרטית"" יותר, ולכן השפעתם על הענישה תהיה שונה מאוד.

SIMILARITY_SCORE: 45","ok",""
"ME-19-01-53615-8","ME-16-11-69158-529",3,1,1,"{""מספר עבירה"": ""144 ב"", ""סוג עבירה"": ""נשיאת נשק, הובלת נשק"", ""עבירות נוספות"": ""הנאשם הורשע בנוסף לעבירת נשק (סעיף 144) גם בעבירה של ירי מנשק חם באזור מגורים, לפי סעיף 340א(ב)(1) לחוק העונשין."", ""סוג הנשק [תת מקלע מאולתר]"": 1.0, ""סטטוס הנשק"": ""נשק עם כדור בקנה"", ""תכנון"": ""לא"", ""אופן החזקת הנשק"": ""ברכב, על גופו"", ""כמות תחמושת"": ""מחסנית טעונה בכדורים"", ""שימוש"": ""לא""}","{""מספר עבירה"": ""144 ב"", ""סוג עבירה"": ""נשיאת נשק"", ""עבירות נוספות"": ""הנאשם הורשע בנוסף לעבירות נשק (סעיף 144) גם בעבירה של ירי באזור מגורים לפי סעיף 340א לחוק העונשין."", ""סוג הנשק [תת מקלע]"": 1.0, ""סטטוס הנשק"": ""נשק עם כדור בקנה"", ""תכנון"": ""כן"", ""אופן החזקת הנשק"": ""בבית, ברכב, מוסלק - מוסתר"", ""שימוש"": ""לא"", ""כמות תחמושת"": ""ללא""}",90.0,"1. **סוג העבירה וחומרתה** — שני התיקים עוסקים בסעיף 144(ב) (נשיאה/הובלה) ובשילוב עם עבירה חמורה של ירי באזור מגורים (סעיף 340א). רמת החומרה בדווקא זהה מאוד בשל השילוב בין נשיאת נשק לבין ביצוע ירי בפועל.

2. **תפקיד הנאשם ומעורבותו** — בשני המקרים הנאשם הוא הגורם הפעיל המבצע את הנשיאה ואת הירי. אין הבחנה בין סוחר/יזם לשליח, שניהם פועלים כנשאי נשק פעילים.

3. **שיטת הביצוע (MO)** — דפוס הביצוע דומה מאוד: נשיאת נשק מסוג תת-מקלע (מאולתר בתיק 1) וביצוע ירי באזור מגורים. שניהם השתמשו ברכב כחלק מהנשיאה/ביצוע.

4. **נסיבות הליבה** — שני התיקים כוללים נשק עם כדור בקנה (נסיבה מחמירה). ההבדל המרכזי הוא בכמות התחמושת המפורשת (מחסנית טעונה בתיק 1 לעומת ""ללא"" בתיק 2) ובאלמנט התכנון, אך סוג הנשק והתוצאה (ירי) דומיננטיים יותר.

5. **ישימות כתקדים** — בית המשפט יראה את התיקים כרלוונטיים מאוד לצורכי ענישה, שכן שניהם עומדים ב""ליבה"" של עבירת נשיאה המלווה בירי באזור מגורים עם נשק חם מסוג תת-מקלע.

SIMILARITY_SCORE: 90","ok",""
"ME-15-12-39071-113","sh-10-05-7434-952",3,1,1,"{""מספר עבירה"": ""144 א"", ""סוג עבירה"": ""החזקה נשק"", ""סוג הנשק [אקדח]"": 1.0, ""סטטוס הנשק"": ""תקין"", ""תכנון"": ""לא"", ""אופן החזקת הנשק"": ""ברכב, מוסלק - מוסתר"", ""מטרה-סיבת העבירה"": ""הגנה עצמית"", ""שימוש"": ""לא"", ""כמות תחמושת"": ""ללא""}","{""מספר עבירה"": ""144 א"", ""סוג עבירה"": ""החזקה נשק"", ""סוג הנשק [אקדח]"": 1.0, ""סטטוס הנשק"": ""נשק מפורק"", ""תכנון"": ""לא"", ""אופן החזקת הנשק"": ""בבית, מוסלק - מוסתר"", ""מטרה-סיבת העבירה"": ""אספנות"", ""שימוש"": ""לא"", ""כמות תחמושת"": ""ללא""}",45.0,"1. **סוג העבירה וחומרתה**: שני התיקים עוסקים בעבירה על סעיף 144(א) לחוק כלי הנשק (החזקה בלבד). רמת החומרה המשפטית של הסעיף זהה בשני המקרים.

2. **תפקיד הנאשם ומעורבותו**: בשני המקרים מדובר במחזיק פסיבי של נשק בודד. אין עדות לסחר, תיווך או מעורבות של מספר אנשים, מה שיוצר דמיון מלא בתפקיד הנאשם.

3. **שיטת הביצוע (MO)**: בשני המקרים הנשק היה מוסלק/מוסתר. ההבדל הוא במיקום (רכב לעומת בית), אך דפוס ההסתרה דומה.

4. **נסיבות הליבה**: קיימים הבדלים מהותיים בנסיבות: בתיק 1 הנשק תקין והמטרה היא הגנה עצמית (נסיבה שעלולה להיתפס כחמורה יותר או כמעידה על סכנה), בעוד בתיק 2 הנשק מפורק והמטרה היא אספנות (נסיבה מקלה משמעותית). בשני המקרים אין תחמושת ולא היה שימוש.

5. **ישימות כתקדים**: למרות ששני התיקים הם 144(א), הפער בין ""נשק תקין להגנה עצמית ברכב"" לבין ""נשק מפורק לאספנות בבית"" הוא משמעותי מאוד לצורכי קביעת הענישה. בית המשפט יראה בתיק 2 נסיבות מקלות בהרבה מאשר בתיק 1.

SIMILARITY_SCORE: 45","ok",""
"ME-16-06-44840-433","ME-12-09-51207-971",1,0,0,"{""מספר עבירה"": ""144 א, 144 ב"", ""סוג עבירה"": ""החזקה נשק, נשיאת נשק"", ""עבירות נוספות"": ""הנאשם הורשע בנוסף לעבירות נשק (סעיף 144) גם בסיוע לנסיון לתקיפה לפי סעיפים 379 + 25 + 31 לחוק העונשין. זוהי עבירה שאינה עבירת נשק."", ""סוג הנשק [רימון הלם/גז]"": 1.0, ""סטטוס הנשק"": ""נשק מופרד מתחמושת"", ""תכנון"": ""כן"", ""אופן החזקת הנשק"": ""מוסלק - מוסתר"", ""שימוש"": ""זריקת רימון"", ""כמות תחמושת"": ""ללא""}","{""מספר עבירה"": ""144 א, 144 ב"", ""סוג עבירה"": ""החזקה נשק, ייצור נשק"", ""עבירות נוספות"": ""הנאשם הואשם והורשע גם בעבירה של ירי באזור מגורים לפי סעיף 340א לחוק העונשין, שהיא עבירה שאינה לפי סעיף 144 (עבירות נשק)."", ""סוג הנשק - אם לא נמצא בטבלה"": ""נשק (כלי שסוגל לירות קליע שבכוחו להמית אדם, שיוצר על ידי הנאשם)"", ""סטטוס הנשק"": ""נשק עם כדור בקנה"", ""תכנון"": ""לא"", ""אופן החזקת הנשק"": ""בבית"", ""אופן קבלת הנשק"": ""ייצר"", ""מטרה-סיבת העבירה"": ""ציד"", ""שימוש"": ""לא"", ""כמות תחמושת"": ""ללא""}",35.0,"1. **סוג העבירה וחומרתה**: שני התיקים כוללים את סעיפים 144(א) ו-144(ב), אך רמת החומרה שונה. בתיק 1 מדובר בנשיאה לצורך תקיפה, ובתיק 2 בייצור נשק וירי באזור מגורים.

2. **תפקיד הנאשם ומעורבותו**: בתיק 1 הנאשם הוא מבצע/סוכן פעיל בתקיפה. בתיק 2 הנאשם הוא יצרן של הנשק, מה שמעלה את רמת המסוכנות והמעורבות הפלילית בהקשר של חוק הנשק.

3. **שיטת הביצוע (MO)**: דפוסים שונים לחלוטין. תיק 1 עוסק בהסלקה ושימוש ברימון הלם כחלק מאירוע אלימות מתוכנן. תיק 2 עוסק בייצור עצמי של נשק חם לצרכי ציד וירי באזור מגורים.

4. **נסיבות הליבה**: בתיק 1 יש תכנון מוקדם ושימוש בפועל בנשק (זריקה). בתיק 2 אין תכנון מוקדם של פשע, אך הנשק היה טעון (""כדור בקנה"") והיה מעורב באירוע ירי. סוגי הנשק (רימון לעומת נשק חם) שונים מהותית.

5. **ישימות כתקדים**: למרות הדמיון בסעיפי האישום (144א,ב), הנסיבות המקריות והמטרות (תקיפה מתוכננת מול ייצור לציד/ירי) שונות מדי. בית משפט יראה את הנסיבות המקליות/מחמירות כשונות, ולכן לא ישמשו כתקדי ענישה הדדיים.

SIMILARITY_SCORE: 35","ok",""
"ME-16-05-19384-544","ME-16-03-54615-517",3,1,1,"{""מספר עבירה"": ""144 א, 144 ב"", ""סוג עבירה"": ""נשיאת נשק, סחר בנשק"", ""עבירות נוספות"": ""הנאשם הורשע גם בעבירת ניסיון לחבלה חמורה לפי סעיף 333 בצירוף סעיף 25 לחוק העונשין, שאינה עבירת נשק לפי סעיף 144."", ""סוג הנשק - אם לא נמצא בטבלה"": ""רובה מסוג תבור, קרל גוסטב"", ""סטטוס הנשק"": ""נשק מופרד מתחמושת"", ""תכנון"": ""כן"", ""אופן החזקת הנשק"": ""בבית, על גופו, מוסלק - מוסתר"", ""אופן קבלת הנשק"": ""רכש"", ""כמות תחמושת"": ""10 כדורים"", ""מטרה-סיבת העבירה"": ""בצע כסף"", ""שימוש"": ""לא""}","{""מספר עבירה"": ""144 ב"", ""סוג עבירה"": ""סחר בנשק"", ""סוג הנשק [תת מקלע]"": 1.0, ""סטטוס הנשק"": ""תקול"", ""תכנון"": ""כן"", ""מטרה-סיבת העבירה"": ""בצע כסף"", ""שימוש"": ""לא"", ""כמות תחמושת"": ""ללא""}",40.0,"1. **סוג העבירה וחומרתה** — שני התיקים כוללים עבירה על סעיף 144(ב) (נשיאה/סחר), אך תיק 1 חמור משמעותית בשל הצירוף של ניסיון לחבלה חמורה (סעיף 333), מה שמעלה את רמת המסוכנות של הנאשם באופן דרמטי.

2. **תפקיד הנאשם ומעורבותו** — בשני המקרים מדובר בנאשמים שפעלו מתוך מניע של בצע כסף (סחר), מה שמעיד על מעורבות פעילה ויזמית ולא רק החזקה פסיבית.

3. **שיטת הביצוע (MO)** — שני התיקים מאופיינים בתכנון מוקדם ובמטרה כלכלית, אך בתיק 1 ישנו מרכיב של הסתרה (הסלקה) ובתיק 2 מדובר בנשק תקול.

4. **נסיבות הליבה** — קיים פער מהותי: בתיק 1 מדובר בנשק תקין עם תחמושת ובנשק כבד (קרל גוסטב), בעוד בתיק 2 הנשק תקול וללא תחמושת כלל, מה שמקטין משמעותית את פוטנציאל הנזק בתיק 2.

5. **ישימות כתקדים** — בית המשפט יראה בתיק 1 כ""תיק חמור"" בהרבה בשל השילוב של נשק תקין, תחמושת ועבירת אלימות חמורה. תיק 1 לא ישמש כתקדים מקל לתיק 2, ותיק 2 לא ישמש כתקדים מייצג לחומרת תיק 1.

SIMILARITY_SCORE: 40","ok",""
"ME-12-05-33444-999","ME-17-04-613-913",1,0,0,"{""מספר עבירה"": ""144 א"", ""סוג עבירה"": ""החזקה נשק"", ""סוג הנשק [אקדח]"": 1.0, ""סטטוס הנשק"": ""נשק עם מחסנית בהכנס"", ""תכנון"": ""לא"", ""אופן החזקת הנשק"": ""ברכב, מוסלק - מוסתר"", ""כמות תחמושת"": ""מחסנית ובה כדורים, מחסנית ובה כדורים, מחסנית ובה כדורים"", ""מטרה-סיבת העבירה"": ""הגנה עצמית"", ""שימוש"": ""לא""}","{""מספר עבירה"": ""144 ב"", ""סוג עבירה"": ""נשיאת נשק, הובלת נשק"", ""סוג הנשק [אקדח]"": 1.0, ""סטטוס הנשק"": ""נשק עם מחסנית בהכנס"", ""תכנון"": ""לא"", ""אופן החזקת הנשק"": ""ברכב, על גופו, מוסלק - מוסתר"", ""כמות תחמושת"": ""מחסנית ובה 15 כדורים"", ""שימוש"": ""לא""}",35.0,"1. **סוג העבירה וחומרתה**: קיים הבדל משפטי מהותי בין סעיף 144(א) (החזקה) לסעיף 144(ב) (נשיאה והובלה). נשיאה והובלה נתפסות כעבירות חמורות יותר בשל הסיכון המוגבר לסביבה ולביטחון הציבור.

2. **תפקיד הנאשם ומעורבותו**: בשני המקרים מדובר במחזיק/נושא בודד ללא אינדיקציה לסחר או תפקיד ארגוני. רמת המעורבות היא אישית ודומה בשני התיקים.

3. **שיטת הביצוע (MO)**: בתיק 1 הנשק מוסלק ברכב, בעוד שבתיק 2 הנשק נמצא גם על הגוף וגם מוסלק ברכב. המעבר מהסלקה ברכב לנשיאה על הגוף משנה את אופי הביצוע והחומרה.

4. **נסיבות הליבה**: שני התיקים עוסקים באקדח עם מחסנית בפנים ללא שימוש בפועל. עם זאת, כמות התחמושת בתיק 1 (שלוש מחסניות) גבוהה יותר מאשר בתיק 2 (מחסנית אחת), אך הדבר אינו גובר על ההבדל בסוג העבירה.

5. **ישימות כתקדים**: בהתאם להנחיות, תיק של 144(א) לבדו אינו מהווה תקדים רלוונטי לתיק של 144(ב). ההבחנה המשפטית בין החזקה לנשיאה היא קריטית לצורכי ענישה וקביעת חומרת המעשה.

SIMILARITY_SCORE: 35","ok",""
"ME-17-04-613-913","ME-12-04-33577-700",1,0,0,"{""מספר עבירה"": ""144 ב"", ""סוג עבירה"": ""נשיאת נשק, הובלת נשק"", ""סוג הנשק [אקדח]"": 1.0, ""סטטוס הנשק"": ""נשק עם מחסנית בהכנס"", ""תכנון"": ""לא"", ""אופן החזקת הנשק"": ""ברכב, על גופו, מוסלק - מוסתר"", ""כמות תחמושת"": ""מחסנית ובה 15 כדורים"", ""שימוש"": ""לא""}","{""מספר עבירה"": ""144 א, 144 ב"", ""סוג עבירה"": ""החזקה נשק, נשיאת נשק"", ""עבירות נוספות"": ""הנאשם הורשע בנוסף לעבירות נשק (סעיף 144(א) ו-144(ב)), גם בעבירות של חבלה בכוונה מחמירה (סעיף 329(א)(2)) ויריות באזור מגורים (סעיף 340(א)), שהן אינן עבירות נשק לפי סעיף 144."", ""סוג הנשק [אקדח]"": 1.0, ""סטטוס הנשק"": ""נשק עם כדור בקנה"", ""תכנון"": ""כן"", ""אופן החזקת הנשק"": ""על גופו"", ""שימוש"": ""לא"", ""כמות תחמושת"": ""ללא""}",30.0,"1. **סוג העבירה וחומרתה**: שני התיקים כוללים את סעיף 144(ב) (נשיאה/הובלה), אך תיק 2 חמור משמעותית בשל הצטרפות של עבירות אלימות קשות (חבלה ויריות), מה שמעלה את רמת החומרה הכללית של התיק לרמה שונה לחלוטין.

2. **תפקיד הנאשם ומעורבותו**: בתיק 1 מדובר בנשיאה/הובלה סטנדרטית. בתיק 2, הנאשם אינו רק מחזיק/נושא, אלא משתמש בנשק לביצוע פשעים אלימים, מה שמעיד על מעורבות אקטיבית ומסוכבת הרבה יותר.

3. **שיטת הביצוע (MO)**: בתיק 1 הנשק מוסתר ברכב/על הגוף ללא תכנון מוקדם של פשע. בתיק 2 ישנו תכנון מוקדם ושימוש בנשק ככלי לביצוע עבירות חמורות, מה שיוצר דפוס ביצוע שונה מהותית.

4. **נסיבות הליבה**: בתיק 1 ישנה תחמושת רבה אך ללא שימוש. בתיק 2, הנשק היה ""מוכן לשימוש"" (כדור בקנה) ולווה בביצוע עבירות ירי וחבלה, נסיבות מחמירות ביותר שאינן קיימות בתיק 1.

5. **ישימות כתקדים**: בית המשפט לא יראה בתיק 2 תקדים לענישה בתיק 1, שכן תיק 2 הוא תיק של ""נשק ואלימות"" בעוד תיק 1 הוא תיק של ""נשיאת נשק"" בלבד. הפער בנסיבות המקריות ובחומרת העבירות הנספחות הופך את תיק 2 לבלתי רלוונטי לצורכי התאמה ענישתית לתיק 1.

SIMILARITY_SCORE: 30","ok",""
"ME-21-10-18557-340","ME-16-10-9348-780",1,0,0,"{""מספר עבירה"": ""144 א, 144 ב"", ""סוג עבירה"": ""החזקה נשק, נשיאת נשק, הובלת נשק"", ""עבירות נוספות"": ""הנאשם הורשע בנוסף לעבירות נשק (סעיף 144(א) ו-144(ב) לחוק העונשין) גם בעבירה של ירי מנשק חם לפי סעיף 340א(ב)(1) ו-(2) לחוק העונשין, שהיא עבירה שאינה לפי סעיף 144 ולכן נחשבת לעבירה נוספת."", ""סוג הנשק [תת מקלע מאולתר]"": 1.0, ""סטטוס הנשק"": ""נשק עם כדור בקנה"", ""תכנון"": ""לא"", ""אופן החזקת הנשק"": ""בבית, ברכב"", ""כמות תחמושת"": ""מחסנית ולכל הפחות 2 כדורים"", ""מטרה-סיבת העבירה"": ""הפחדה/הקנטה"", ""שימוש"": ""לא""}","{""מספר עבירה"": ""144 ב"", ""סוג עבירה"": ""נשיאת נשק"", ""סוג הנשק [רובה צייד]"": 1.0, ""סטטוס הנשק"": ""נשק מופרד מתחמושת"", ""תכנון"": ""לא"", ""אופן החזקת הנשק"": ""בבית, ברכב"", ""כמות תחמושת"": ""75 כדורים"", ""שימוש"": ""לא""}",30.0,"1. **סוג העבירה וחומרתה**: בתיק 1 מדובר בשילוב של החזקה, נשיאה והובלה, ובנוסף עבירה חמורה מאוד של ירי מנשק חם. תיק 2 עוסק בנשיאה בלבד. פער החומרה משמעותי מאוד בשל עבירת הירי בתיק 1.

2. **תפקיד הנאשם ומעורבותו**: בשני התיקים הנאשם הוא המחזיק/נושא בפועל, אך בתיק 1 המעורבות היא אקטיבית ואלימה (ירי), בעוד שבתיק 2 מדובר במעורבות פסיבית של החזקה/נשיאה ללא שימוש.

3. **שיטת הביצוע (MO)**: בתיק 1 הנשק היה מוכן לשימוש מיידי (כדור בקנה) ושימש להפחדה/ירי. בתיק 2 הנשק היה מופרד מהתחמושת, מה שמעיד על דפוס התנהגות שונה לחלוטין ופחות מסוכן ברגע התפיסה.

4. **נסיבות הליבה**: סוגי הנשק שונים (תת-מקלע מאולתר מול רובה צייד). בעוד שבתיק 2 יש כמות תחמושת גדולה יותר, בתיק 1 יש נסיבות מחמירות קריטיות: נשק טעון ועבירת ירי בפועל.

5. **ישימות כתקדים**: בית המשפט יראה את תיק 1 כתיק חמור בהרבה בשל עבירת הירי והנשק הטעון. תיק 2, שבו הנשק מופרד מהתחמושת ולא בוצע שימוש, לא יכול להישען על תיק 1 לצורכי הקלה, ותיק 1 לא ישמש כתקדים לתיק 2 בשל השוני המהותי ברמת המסוכנות.

SIMILARITY_SCORE: 30","ok",""
"SH-16-04-30406-325","SH-16-11-7544-55",3,1,1,"{""מספר עבירה"": ""144 א"", ""סוג עבירה"": ""החזקה נשק"", ""סוג הנשק [תת מקלע מאולתר]"": 1.0, ""סטטוס הנשק"": ""נשק מופרד מתחמושת"", ""תכנון"": ""לא"", ""אופן החזקת הנשק"": ""ברכב"", ""אופן קבלת הנשק"": ""רכש"", ""כמות תחמושת"": ""מחסנית ריקה ובה 0 כדורים, 2 מחסניות"", ""שימוש"": ""לא""}","{""מספר עבירה"": ""144 א"", ""סוג עבירה"": ""החזקה נשק"", ""סוג הנשק [תת מקלע מאולתר]"": 1.0, ""סטטוס הנשק"": ""נשק מופרד מתחמושת"", ""תכנון"": ""לא"", ""אופן החזקת הנשק"": ""על גופו, מוסלק - מוסתר"", ""כמות תחמושת"": ""מחסנית ובה 10 כדורים"", ""שימוש"": ""לא""}",85.0,"1. **סוג העבירה וחומרתה**: שני התיקים עוסקים בעבירה על סעיף 144(א) לחוק הנשק (החזקה בלבד). רמת החומרה הבסיסית זהה, שכן שניהם אינם עולים לרמה של נשיאה או הובלה (144ב).

2. **תפקיד הנאשם ומעורבותו**: בשני המקרים מדובר במחזיק פסיבי של הנשק. אין אינדיקציה לסחר, תיווך או תפקיד של ""ספק"" באף אחד מהתיקים.

3. **שיטת הביצוע (MO)**: קיימת הבחנה במיקום ההחזקה (רכב לעומת הסתרה על הגוף), אך שניהם מייצגים דפוס של החזקה ללא שימוש אקטיבי או תכנון פשע נוסף.

4. **נסיבות הליבה**: שני התיקים כוללים תת-מקלע מאולתר המופרד מתחמושת. ההבדל המהותי הוא בכמות התחמושת (מחסניות ריקות בתיק 1 לעומת 10 כדורים בתיק 2), אך שניהם נשארים בטווח של ""החזקה ללא מוכנות מיידית לירי"".

5. **ישימות כתקדים**: בית המשפט יראה את התיקים כרלוונטיים מאוד לצורכי ענישה, שכן מדובר באותו סוג נשק (מאולתר), אותה עבירה (144א) ונסיבות דומות של הפרדה בין הנשק לתחמושת.

SIMILARITY_SCORE: 85","ok",""
"SH-16-11-7544-55","ME-13-10-28139-807",1,0,0,"{""מספר עבירה"": ""144 א"", ""סוג עבירה"": ""החזקה נשק"", ""סוג הנשק [תת מקלע מאולתר]"": 1.0, ""סטטוס הנשק"": ""נשק מופרד מתחמושת"", ""תכנון"": ""לא"", ""אופן החזקת הנשק"": ""על גופו, מוסלק - מוסתר"", ""כמות תחמושת"": ""מחסנית ובה 10 כדורים"", ""שימוש"": ""לא""}","{""מספר עבירה"": ""144 א"", ""סוג עבירה"": ""החזקה נשק"", ""עבירות נוספות"": ""הנאשם הורשע, בנוסף לעבירות נשק לפי סעיף 144(א), גם בעבירת ניסיון לחבלה חמורה בנסיבות מחמירות לפי סעיפים 333+335(א)(1) ו-25 לחוק העונשין. מדובר בעבירת אלימות חמורה שאינה עבירת נשק."", ""סוג הנשק [אקדח]"": 1.0, ""סטטוס הנשק"": ""נשק עם כדור בקנה"", ""תכנון"": ""כן"", ""אופן החזקת הנשק"": ""על גופו"", ""מטרה-סיבת העבירה"": ""פגיעה בכבוד"", ""שימוש"": ""לא"", ""כמות תחמושת"": ""ללא""}",30.0,"1. **סוג העבירה וחומרתה** — שני התיקים עוסקים בסעיף 144(א) (החזקה), אך רמת החומרה בתיק 2 גבוהה משמעותית בשל השילוב עם עבירת ניסיון לחבלה חמורה, שהיא עבירה פשע חמורה.

2. **תפקיד הנאשם ומעורבותו** — בשני המקרים מדובר במחזיק בנשק על גופו, אך בתיק 2 המעורבות היא אקטיבית ותכליתית (מטרה של פגיעה בכבוד) לעומת החזקה פסיבית יותר בתיק 1.

3. **שיטת הביצוע (MO)** — בתיק 1 הנשק היה מוסלק/מוסתר, בעוד בתיק 2 הנשק היה מוכן לשימוש מיידי (כדור בקנה) כחלק מתוכנית פלילית רחבה יותר.

4. **נסיבות הליבה** — קיים הבדל מהותי: בתיק 1 מדובר בתת-מקלע מאולתר עם תחמושת נפרדת, ובתיק 2 באקדח טעון. הנסיבות המקליות בתיק 1 (הסלקה, חוסר תכנון) עומדות בניגוד לנסיבות המחמירות בתיק 2 (תכנון, כדור בקנה, עבירת אלימות נלווית).

5. **ישימות כתקדים** — בית המשפט לא יראה בתיק 1 תקדים רלוונטי לענישה בתיק 2. השילוב של ""כדור בקנה"" ועבירת חבלה חמורה בתיק 2 מקפיץ את רף הענישה לרמה שאינה קיימת בתיק 1.

SIMILARITY_SCORE: 30","ok",""
"ME-16-04-12480-812","SH-16-05-42991-439",1,0,0,"{""מספר עבירה"": ""144 א, 144 ב"", ""סוג עבירה"": ""החזקה נשק, נשיאת נשק, הובלת נשק"", ""עבירות נוספות"": ""הנאשם הורשע בנוסף לעבירות נשק (סעיף 144) גם בעבירות של ניסיון חבלה חמורה בנסיבות מחמירות (סעיפים 25 + 335 + 333 לחוק העונשין) ואיומים (סעיף 192 לחוק העונשין)."", ""סוג הנשק [תת מקלע מאולתר]"": 1.0, ""סוג הנשק - אם לא נמצא בטבלה"": ""נשק"", ""סטטוס הנשק"": ""נשק עם כדור בקנה"", ""תכנון"": ""כן"", ""אופן החזקת הנשק"": ""ברכב, על גופו, מוסלק - מוסתר"", ""כמות תחמושת"": ""17 כדורים"", ""שימוש"": ""לא""}","{""מספר עבירה"": ""144 א"", ""סוג עבירה"": ""החזקה נשק"", ""עבירות נוספות"": ""הנאשם הורשע בנוסף לעבירות נשק (סעיף 144(א)), גם בעבירה של שיבוש הליכי משפט לפי סעיף 244 לחוק העונשין."", ""סוג הנשק [אקדח]"": 1.0, ""סטטוס הנשק"": ""נשק עם מחסנית בהכנס"", ""תכנון"": ""כן"", ""אופן החזקת הנשק"": ""בבית, מוסלק - מוסתר"", ""כמות תחמושת"": ""מחסנית ובה 13 כדורים"", ""שימוש"": ""לא""}",20.0,"1. **סוג העבירה וחומרתה** — פער משמעותי. תיק 1 כולל נשיאה והובלה (144ב) לצד החזקה, בעוד תיק 2 הוא החזקה בלבד (144א). בנוסף, תיק 1 כולל עבירות אלימות חמורות (חבלה חמורה ואיומים), בעוד תיק 2 כולל עבירה של שיבוש הליכים.

2. **תפקיד הנאשם ומעורבותו** — בתיק 1 הנאשם פעל באופן אקטיבי (נשיאה/הובלה) כחלק מביצוע פשע אלים. בתיק 2 מדובר בהחזקה פסיבית בבית, ללא עדות למעורבות בפעילות פלילית אלימה רחבה יותר.

3. **שיטת הביצוע (MO)** — שונה מהותית. תיק 1 מאופיין בנשיאת נשק ברכב ועל הגוף לצורך ביצוע עבירות אלימות. תיק 2 מאופיין בהסתרת נשק בתוך מגורי הנאשם.

4. **נסיבות הליבה** — סוג הנשק בתיק 1 (תת-מקלע מאולתר) חמור משמעותית מאקדח בתיק 2. כמו כן, העובדה שבתיק 1 הנשק היה עם ""כדור בקנה"" מעידה על מוכנות מיידית לשימוש, בניגוד למחסנית בתיק 2.

5. **ישימות כתקדים** — נמוכה מאוד. בשל ההבדל המהותי בין 144(א) ל-144(ב) והשילוב של עבירות אלימות קשות בתיק 1, בית המשפט יראה בתיק 1 נסיבות מחמירות בהרבה שלא רלוונטיות לענישה בתיק 2.

SIMILARITY_SCORE: 20","ok",""
"ME-16-05-9968-487","ME-13-04-35007-454",3,1,1,"{""מספר עבירה"": ""144 א, 144 ב"", ""סוג עבירה"": ""החזקה נשק, נשיאת נשק"", ""סוג הנשק [תת מקלע מאולתר]"": 1.0, ""סטטוס הנשק"": ""נשק עם מחסנית בהכנס"", ""תכנון"": ""לא"", ""אופן החזקת הנשק"": ""מוסלק - מוסתר"", ""אופן קבלת הנשק"": ""מאחר"", ""כמות תחמושת"": ""מחסנית"", ""מטרה-סיבת העבירה"": ""ירי בחתונה"", ""שימוש"": ""לא""}","{""מספר עבירה"": ""144 א, 144 ב"", ""סוג עבירה"": ""החזקה נשק, נשיאת נשק"", ""סוג הנשק [אקדח]"": 1.0, ""סטטוס הנשק"": ""נשק עם כדור בקנה"", ""תכנון"": ""כן"", ""אופן החזקת הנשק"": ""על גופו"", ""מטרה-סיבת העבירה"": ""הפחדה"", ""שימוש"": ""לא"", ""כמות תחמושת"": ""ללא""}",75.0,"1. **סוג העבירה וחומרתה**: שני התיקים עוסקים בעבירות של החזקה ונשיאה (144א ו-144ב). רמת החומרה גבוהה בשניהם בשל העובדה שהנשקים היו תקינים ומוכנים לשימוש מיידי.

2. **תפקיד הנאשם ומעורבותו**: בשני המקרים מדובר בנשיאה אישית של הנשק. אין אינדיקציה לסחר או תיווך, אלא מעורבות ישירה של הנאשם כמי שמחזיק בנשק למטרות אישיות.

3. **שיטת הביצוע (MO)**: קיים הבדל בשיטת ההסלקה (מוסתר לעומת נשיאה על הגוף), אך שניהם מייצגים נשיאה אקטיבית במרחב הציבורי/חצי-ציבורי.

4. **נסיבות הליבה**: ישנם הבדלים מהותיים בסוג הנשק (תת-מקלע מאולתר, שנחשב למסוכן וחמור יותר, לעומת אקדח) ובמטרה (חגיגה/ירי בחתונה לעומת כוונה להפחדה). עם זאת, שניהם כוללים נשק ""טעון"" (מחסנית בפנים/כדור בקנה).

5. **ישימות כתקדים**: שני התיקים עומדים תחת אותם סעיפי חוק (כולל 144ב) וכוללים נסיבות של נשק מוכן לשימוש. למרות ההבדל בסוג הנשק, הם רלוונטיים זה לזה לצורכי קביעת טווח ענישה לנשיאת נשק לא חוקי.

SIMILARITY_SCORE: 75","ok",""
"ME-16-11-69158-529","ME-14-12-6904-57",2,0,1,"{""מספר עבירה"": ""144 ב"", ""סוג עבירה"": ""נשיאת נשק"", ""עבירות נוספות"": ""הנאשם הורשע בנוסף לעבירות נשק (סעיף 144) גם בעבירה של ירי באזור מגורים לפי סעיף 340א לחוק העונשין."", ""סוג הנשק [תת מקלע]"": 1.0, ""סטטוס הנשק"": ""נשק עם כדור בקנה"", ""תכנון"": ""כן"", ""אופן החזקת הנשק"": ""בבית, ברכב, מוסלק - מוסתר"", ""שימוש"": ""לא"", ""כמות תחמושת"": ""ללא""}","{""מספר עבירה"": ""144 ב"", ""סוג עבירה"": ""נשיאת נשק, הובלת נשק"", ""עבירות נוספות"": ""הנאשם הואשם והורשע בנוסף לעבירת נשק (סעיף 144(ב) לחוק העונשין) גם בעבירה של החזקת סם לצריכה עצמית לפי סעיף 7(א) לפקודת הסמים המסוכנים."", ""סוג הנשק [תת מקלע מאולתר]"": 1.0, ""סטטוס הנשק"": ""נשק מופרד מתחמושת"", ""תכנון"": ""כן"", ""אופן החזקת הנשק"": ""בבית, על גופו, מוסלק - מוסתר"", ""אופן קבלת הנשק"": ""רכש"", ""כמות תחמושת"": ""מחסנית וכדורים, כדורים"", ""שימוש"": ""לא""}",35.0,"1. **סוג העבירה וחומרתה** — שני התיקים עוסקים בסעיף 144(ב) (נשיאה/הובלה), אך רמת החומרה שונה משמעותית. בתיק 1 מדובר בעבירה חמורה מאוד של ירי באזור מגורים (340א), בעוד שבתיק 2 מדובר בעבירה קלה יחסית של סמים לצריכה עצמית.

2. **תפקיד הנאשם ומעורבותו** — בשני המקרים מדובר בנשיאה/החזקה של נשק מסוג תת-מקלע. עם זאת, בתיק 1 המעורבות היא אקטיבית ואלימה (ירי), בעוד שבתיק 2 המעורבות היא פסיבית יותר (רכישה והחזקה).

3. **שיטת הביצוע (MO)** — קיים דמיון בשיטת ההסלקה (הסתרה בבית/רכב), אך קיים פער תהומי בביצוע: בתיק 1 הנשק היה מוכן לשימוש מיידי (כדור בקנה) ושימש לירי, ובתיק 2 הנשק היה מופרד מתחמושת.

4. **נסיבות הליבה** — בתיק 1 הנסיבות מחמירות ביותר בשל הירי והסכנה לחיי אדם. בתיק 2, למרות קיום תחמושת, אין עדות לשימוש או לכוונת פגיעה מיידית, והעבירה הנלווית (סמים) אינה מעלה את רמת החומרה לאותה דרגה.

5. **ישימות כתקדים** — בית המשפט לא יראה בתיק 2 תקדים רלוונטי לענישה בתיק 1 (וההפך), שכן עבירת ירי באזור מגורים מעבירה את התיק לדרגת חומרה שונה לחלוטין מתיק של נשיאת נשק לצד סמים לצריכה.

SIMILARITY_SCORE: 35","ok",""
"SH-11-05-24791-315","ME-16-10-9348-780",1,0,0,"{""מספר עבירה"": ""144 א"", ""סוג עבירה"": ""החזקה נשק"", ""סוג הנשק [אקדח]"": 1.0, ""סטטוס הנשק"": ""נשק מופרד מתחמושת"", ""תכנון"": ""לא"", ""אופן החזקת הנשק"": ""בבית"", ""אופן קבלת הנשק"": ""מאחר"", ""כמות תחמושת"": ""2 מחסניות"", ""שימוש"": ""לא""}","{""מספר עבירה"": ""144 ב"", ""סוג עבירה"": ""נשיאת נשק"", ""סוג הנשק [רובה צייד]"": 1.0, ""סטטוס הנשק"": ""נשק מופרד מתחמושת"", ""תכנון"": ""לא"", ""אופן החזקת הנשק"": ""בבית, ברכב"", ""כמות תחמושת"": ""75 כדורים"", ""שימוש"": ""לא""}",20.0,"1. **סוג העבירה וחומרתה** — קיים הבדל משפטי מהותי בין סעיף 144(א) (החזקה) לסעיף 144(ב) (נשיאה/הובלה). נשיאה נחשבת לעבירה חמורה יותר משמעותית מהחזקה בבית.

2. **תפקיד הנאשם ומעורבותו** — בשני המקרים מדובר במחזיק/נושא פסיבי ללא עדות לסחר או יזמות, אך בתיק 2 ישנה מעורבות אקטיבית יותר של הוצאת הנשק מהבית לרכב.

3. **שיטת הביצוע (MO)** — דפוסים שונים; תיק 1 הוא החזקה סטטית בבית, בעוד תיק 2 כולל ניידות (רכב), מה שמשנה את רמת הסיכון הציבורי.

4. **נסיבות הליבה** — סוגי נשק שונים (אקדח מול רובה צייד) ופער משמעותי בכמות התחמושת (2 מחסניות מול 75 כדורים), מה שמעלה את רמת החומרה בתיק 2.

5. **ישימות כתקדים** — בהתאם להנחיות, תיק 144(א) אינו מהווה תקדים רלוונטי לתיק 144(ב). בית המשפט יבחין ביניהם באופן חד-משמעי לצורכי ענישה.

SIMILARITY_SCORE: 20","ok",""
"ME-15-12-39071-113","ME-10-08-17917-313",3,1,1,"{""מספר עבירה"": ""144 א"", ""סוג עבירה"": ""החזקה נשק"", ""סוג הנשק [אקדח]"": 1.0, ""סטטוס הנשק"": ""תקין"", ""תכנון"": ""לא"", ""אופן החזקת הנשק"": ""ברכב, מוסלק - מוסתר"", ""מטרה-סיבת העבירה"": ""הגנה עצמית"", ""שימוש"": ""לא"", ""כמות תחמושת"": ""ללא""}","{""מספר עבירה"": ""144 א"", ""סוג עבירה"": ""החזקה נשק"", ""עבירות נוספות"": ""הנאשם הורשע בנוסף לעבירות נשק גם בעבירה של החזקת סם מסוכן לצריכה עצמית."", ""סוג הנשק [אקדח]"": 1.0, ""סוג הנשק - אם לא נמצא בטבלה"": ""אקדח עט"", ""סטטוס הנשק"": ""נשק מופרד מתחמושת"", ""תכנון"": ""לא"", ""אופן החזקת הנשק"": ""בבית, מוסלק - מוסתר"", ""אופן קבלת הנשק"": ""מאחר"", ""כמות תחמושת"": ""3 כדורים"", ""מטרה-סיבת העבירה"": ""הגנה עצמית"", ""שימוש"": ""לא""}",85.0,"1. **סוג העבירה וחומרתה**: שני התיקים עוסקים בעבירה של החזקה בלבד לפי סעיף 144(א). רמת החומרה המשפטית של הסעיף זהה בשני המקרים.

2. **תפקיד הנאשם ומעורבותו**: בשני המקרים מדובר במחזיק פסיבי למטרות הגנה עצמית. אין עדות לסחר, תיווך או מעורבות של הנאשמים כספקים/יזמים.

3. **שיטת הביצוע (MO)**: הדפוס דומה מאוד – הסתרה של הנשק (מוסלק) כדי למנוע גילוי. ההבדל הוא במיקום (רכב לעומת בית), אך המהות של ""החזקה מוסתרת"" נשמרת.

4. **נסיבות הליבה**: שני הנאשמים החזיקו באקדח לצורך הגנה עצמית ללא שימוש בפועל. בתיק 2 ישנה כמות מזערית של תחמושת (3 כדורים) ועבירת סמים לצריכה, אך אלו נסיבות שאינן משנות מהותית את גרעין עבירת הנשק.

5. **ישימות כתקדים**: בית המשפט יראה את התיקים כרלוונטיים מאוד לצורכי ענישה, שכן שניהם עוסקים בהחזקה בלבד (144א) של אקדח להגנה עצמית ללא שימוש, ללא תכנון פשע וללא מעורבות פלילית רחבה.

SIMILARITY_SCORE: 85","ok",""
"ME-22-03-52964-443","SH-17-08-47445-166",1,0,0,"{""מספר עבירה"": ""144 א, 144 ב"", ""סוג עבירה"": ""החזקה נשק, נשיאת נשק, הובלת נשק"", ""עבירות נוספות"": ""הנאשם הורשע בנוסף לעבירות נשק גם בעבירת הפרעה לשוטר במילוי תפקידו לפי סעיף 275 לחוק העונשין. לא צוינו עבירות נוספות שאינן עבירות נשק או הפרעה לשוטר."", ""סוג הנשק [אקדח]"": 1.0, ""סטטוס הנשק"": ""נשק עם מחסנית בהכנס"", ""תכנון"": ""כן"", ""אופן החזקת הנשק"": ""על גופו, מוסלק - מוסתר"", ""כמות תחמושת"": ""מחסנית ובה 16 כדורים, מחסנית נוספת ובה 16 כדורים"", ""מטרה-סיבת העבירה"": ""הגנה עצמית"", ""שימוש"": ""לא""}","{""מספר עבירה"": ""144 א"", ""סוג עבירה"": ""החזקה נשק"", ""סוג הנשק [אקדח]"": 1.0, ""סוג הנשק - אם לא נמצא בטבלה"": ""חפץ דמוי תת מקלע מאולתר"", ""סטטוס הנשק"": ""תקין"", ""תכנון"": ""לא"", ""אופן החזקת הנשק"": ""בבית"", ""שימוש"": ""לא"", ""כמות תחמושת"": ""ללא""}",20.0,"1. **סוג העבירה וחומרתה**: קיים פער משפטי מהותי. תיק 1 כולל נשיאה והובלה (144ב), נחשבות לעבירות חמורות יותר מהחזקה בלבד (144א) המופיעה בתיק 2. בנוסף, בתיק 1 יש הרשעה נלווית של הפרעה לשוטר, מה שמעלה את חומרת התיק.

2. **תפקיד הנאשם ומעורבותו**: בתיק 1 מדובר במעורבות פעילה (נשיאה על הגוף) עם כוונה מוגדרת (הגנה עצמית). בתיק 2 מדובר בהחזקה פסיבית בבית, ללא אינדיקציה לפעילות אקטיבית.

3. **שיטת הביצוע (MO)**: אין דמיון. תיק 1 מאופיין בהסלקה של נשק על הגוף במרחב הציבורי, בעוד תיק 2 מאופיין בהחזקה סטטית של נשק בתוך מעון מגורים.

4. **נסיבות הליבה**: פער משמעותי בכמות התחמושת (32 כדורים בתיק 1 לעומת אפס בתיק 2). כמו כן, בתיק 1 יש אלמנט של תכנון, בעוד שבתיק 2 לא נמצא תכנון.

5. **ישימות כתקדים**: בית המשפט לא יראה בתיק 2 תקדים רלוונטי לתיק 1. ההבדל בין החזקה בבית ללא תחמושת לבין נשיאה של נשק טעון בבית במרחב הציבורי הוא תהומי לצורכי קביעת ענישה.

SIMILARITY_SCORE: 20","ok",""
"ME-15-12-39071-113","SH-11-12-35552-181",3,1,1,"{""מספר עבירה"": ""144 א"", ""סוג עבירה"": ""החזקה נשק"", ""סוג הנשק [אקדח]"": 1.0, ""סטטוס הנשק"": ""תקין"", ""תכנון"": ""לא"", ""אופן החזקת הנשק"": ""ברכב, מוסלק - מוסתר"", ""מטרה-סיבת העבירה"": ""הגנה עצמית"", ""שימוש"": ""לא"", ""כמות תחמושת"": ""ללא""}","{""מספר עבירה"": ""144 א"", ""סוג עבירה"": ""החזקה נשק"", ""סוג הנשק [אקדח]"": 1.0, ""סטטוס הנשק"": ""תקין"", ""תכנון"": ""כן"", ""אופן החזקת הנשק"": ""בבית, מוסלק - מוסתר"", ""אופן קבלת הנשק"": ""רכש"", ""שימוש"": ""לא"", ""כמות תחמושת"": ""ללא""}",90.0,"1. **סוג העבירה וחומרתה**: שני התיקים עוסקים בעבירה על סעיף 144(א) לחוק כלי הנשק (החזקה בלבד). רמת החומרה המשפטית של הסעיף זהה בשני המקרים.

2. **תפקיד הנאשם ומעורבותו**: בשני המקרים מדובר במחזיק בנשק. אין עדות לסחר, תיווך או תפקיד של ""שליח"", ושני הנאשמים פועלים באופן עצמאי.

3. **שיטת הביצוע (MO)**: בשני המקרים הנשק היה מוסלק/מוסתר. ההבדל הוא במיקום (רכב לעומת בית), אך הדפוס של הסתרה הוא זהה.

4. **נסיבות הליבה**: שני הנאשמים החזיקו באקדח תקין ללא תחמושת וללא שימוש בפועל. קיים הבדל קל בטענה למטרה (הגנה עצמית בתיק 1) ובאלמנט התכנון (שקיים בתיק 2), אך אלו נסיבות שאינן משנות את מהות העבירה.

5. **ישימות כתקדים**: מכיוון ששני התיקים עוסקים בהחזקה בלבד (144א) של נשק בודד ותקין ללא תחמושת, בית המשפט יראה אותם כרלוונטיים מאוד זה לזה לצורכי קביעת טווח הענישה.

SIMILARITY_SCORE: 90","ok",""
"ME-16-11-69158-529","ME-16-10-12213-904",1,0,0,"{""מספר עבירה"": ""144 ב"", ""סוג עבירה"": ""נשיאת נשק"", ""עבירות נוספות"": ""הנאשם הורשע בנוסף לעבירות נשק (סעיף 144) גם בעבירה של ירי באזור מגורים לפי סעיף 340א לחוק העונשין."", ""סוג הנשק [תת מקלע]"": 1.0, ""סטטוס הנשק"": ""נשק עם כדור בקנה"", ""תכנון"": ""כן"", ""אופן החזקת הנשק"": ""בבית, ברכב, מוסלק - מוסתר"", ""שימוש"": ""לא"", ""כמות תחמושת"": ""ללא""}","{""מספר עבירה"": ""144 ב"", ""סוג עבירה"": ""נשיאת נשק"", ""סוג הנשק [תת מקלע מאולתר]"": 1.0, ""סטטוס הנשק"": ""נשק מופרד מתחמושת"", ""תכנון"": ""כן"", ""אופן החזקת הנשק"": ""ברכב, מוסלק - מוסתר"", ""כמות תחמושת"": ""מחסנית ריקה ובה 0 כדורים, 1 כדור"", ""שימוש"": ""לא""}",45.0,"1. **סוג העבירה וחומרתה**: שני התיקים עוסקים בסעיף 144(ב) (נשיאה/הובלה), אך בתיק 1 החומרה גבוהה משמעותית בשל הרשעה נלווית של ירי באזור מגורים (סעיף 340א), מה שמעלה את רמת המסוכנות של הנאשם.

2. **תפקיד הנאשם ומעורבותו**: בשני המקרים מדובר במעורבות פעילה של נשיאה והסלקה של נשק חם, ללא הבחנה ברורה בין סוחר לשליח, אך בתיק 1 המעורבות כוללת ביצוע בפועל של ירי.

3. **שיטת הביצוע (MO)**: דפוס דומה של הסתרה ומוסלק (ברכב), מה שמעיד על כוונה להסתיר את הנשק מהרשויות בשני המקרים.

4. **נסיבות הליבה**: קיים פער מהותי במצב הנשק: בתיק 1 הנשק היה ""מוכן לשימוש"" (כדור בקנה), בעוד בתיק 2 הנשק היה מופרד מתחמושת והתחמושת הייתה מינימלית (כדור אחד). כמו כן, סוג הנשק בתיק 2 הוא ""מאולתר"", מה שעשוי להשפיע על תפיסת המסוכנות.

5. **ישימות כתקדים**: למרות ששניהם תחת סעיף 144(ב), תיק 1 מייצג נסיבות מחמירות מאוד (ירי + נשק טעון), בעוד תיק 2 הוא מקרה של נשיאה ""טכנית"" ללא מוכנות מיידית לירי. בית המשפט יראה בתיק 1 תקרה עונשית גבוהה בהרבה, אך לאו דווקא תקדים מקל או מקביל לתיק 2.

SIMILARITY_SCORE: 45","ok",""
"ME-16-03-59260-279","ME-16-08-54879-35",2,0,1,"{""מספר עבירה"": ""144 א, 144 ב"", ""סוג עבירה"": ""החזקה נשק, נשיאת נשק"", ""סוג הנשק [אקדח]"": 1.0, ""סטטוס הנשק"": ""נשק עם מחסנית בהכנס"", ""תכנון"": ""כן"", ""אופן החזקת הנשק"": ""ברכב, על גופו, מוסלק - מוסתר"", ""כמות תחמושת"": ""מחסנית ובה 14 כדורים"", ""שימוש"": ""לא""}","{""מספר עבירה"": ""144 ב"", ""סוג עבירה"": ""נשיאת נשק, הובלת נשק"", ""סוג הנשק [תת מקלע מאולתר]"": 1.0, ""סטטוס הנשק"": ""נשק מופרד מתחמושת"", ""תכנון"": ""לא"", ""כמות תחמושת"": ""מחסנית ובה 7 כדורים"", ""שימוש"": ""לא"", ""אופן החזקת הנשק"": ""על גופו""}",45.0,"1. **סוג העבירה וחומרתה**: שני התיקים כוללים את עבירת נשיאת הנשק (144ב), שהיא העבירה המרכזית והחמורה יותר. עם זאת, בתיק 1 יש גם החזקה (144א), בעוד בתיק 2 מדובר בהובלה ונשיאה.

2. **תפקיד הנאשם ומעורבותו**: בשני המקרים מדובר בנשיאה אישית (""על גופו""), אך בתיק 1 מופיע רכיב של ""תכנון"" שאינו קיים בתיק 2, מה שמעיד על מעורבות אקטיבית ומכוונת יותר.

3. **שיטת הביצוע (MO)**: בתיק 1 הנשק היה מוסתר ומוסלק ברכב ועל הגוף, בעוד בתיק 2 הנשיאה הייתה ישירה על הגוף. יש דמיון בסיסי בנשיאה, אך שוני במידת ההסוואה.

4. **נסיבות הליבה**: קיים פער משמעותי בסוג הנשק ובמוכנותו: בתיק 1 מדובר באקדח עם מחסנית בפנים (מוכן לשימוש), בעוד בתיק 2 מדובר בתת-מקלע מאולתר (נשק חמור יותר מסוגו אך מופרד מתחמושת). כמות התחמושת בתיק 1 כפולה מזו שבתיק 2.

5. **ישימות כתקדים**: למרות ששני התיקים עוסקים ב-144(ב), השוני בין אקדח תקין ומוכן לשימוש לבין נשק מאולתר מופרד מתחמושת, וההבדל בנוכחות תכנון מוקדם, יגרמו לבית המשפט להתייחס אליהם כשונה מבחינת נסיבות מקלינות/מקלות.

SIMILARITY_SCORE: 45","ok",""
"SH-18-07-52337-770","SH-16-11-7544-55",3,1,1,"{""מספר עבירה"": ""144 א"", ""סוג עבירה"": ""החזקה נשק"", ""סוג הנשק [תת מקלע מאולתר]"": 1.0, ""סטטוס הנשק"": ""תקין"", ""תכנון"": ""לא"", ""אופן החזקת הנשק"": ""בבית, מוסלק - מוסתר"", ""שימוש"": ""לא"", ""כמות תחמושת"": ""ללא""}","{""מספר עבירה"": ""144 א"", ""סוג עבירה"": ""החזקה נשק"", ""סוג הנשק [תת מקלע מאולתר]"": 1.0, ""סטטוס הנשק"": ""נשק מופרד מתחמושת"", ""תכנון"": ""לא"", ""אופן החזקת הנשק"": ""על גופו, מוסלק - מוסתר"", ""כמות תחמושת"": ""מחסנית ובה 10 כדורים"", ""שימוש"": ""לא""}",75.0,"1. **סוג העבירה וחומרתה**: שני התיקים עוסקים בעבירה על סעיף 144(א) לחוק הנשק (החזקה). רמת החומרה דומה מאוד שכן מדובר בנשק מסוג תת-מקלע מאולתר בשני המקרים.

2. **תפקיד הנאשם ומעורבותו**: בשני המקרים מדובר במחזיק פסיבי (אין עדות לסחר או תיווך). המעורבות היא אישית וישירה בשני התיקים.

3. **שיטת הביצוע (MO)**: קיים דמיון בשיטת ההסתרה (שני הנשקים היו מוסלקים/מוסתרים), אך קיים הבדל במיקום: בתיק 1 בבית ובתיק 2 על הגוף.

4. **נסיבות הליבה**: בתיק 1 אין תחמושת והנשק בבית, בעוד בתיק 2 יש תחמושת (10 כדורים) והנשק על הגוף. נוכחות התחמושת והמיקום (על הגוף) מהווים נסיבה מחמירה יותר בתיק 2, אך שניהם נשארים תחת הגדרת ""החזקה"".

5. **ישימות כתקדים**: שני התיקים עוסקים באותה עבירה בדיוק (144א) ובאותו סוג נשק חריג (תת-מקלע מאולתר). למרות ההבדל בכמות התחמושת ובמיקום, בית המשפט יראה אותם כרלוונטיים לצורכי ענישה, כאשר תיק 1 עשוי לשמש כנקודת ייחוס למקרה קל יותר מתיק 2.

SIMILARITY_SCORE: 75","ok",""
"ME-16-06-42987-901","ME-12-03-13401-281",1,0,0,"{""מספר עבירה"": ""144 ב"", ""סוג עבירה"": ""נשיאת נשק"", ""עבירות נוספות"": ""הנאשם הורשע בנוסף לעבירות נשק (סעיף 144) גם בעבירות נוספות: איומים (סעיף 192), ניסיון לחבלה מחמירה (סעיף 329(א)(2)), ניסיון תקיפה בנסיבות מחמירות (סעיפים 382(א)+25), חמש עבירות של סחר בסמים (סעיפים 13+19א' לפקודת הסמים המסוכנים), החזקת סם שלא לשימוש עצמי (סעיפים 7(א)+7(ג) לפקודת הסמים המסוכנים), ועבירת גניבה (סעיף 384)."", ""סוג הנשק [רימון הלם/גז]"": 1.0, ""סוג הנשק - אם לא נמצא בטבלה"": ""כלי נשק מאולתר שבו כדור בקליבר 9 מ\""מ"", ""סטטוס הנשק"": ""תקול"", ""תכנון"": ""לא"", ""אופן החזקת הנשק"": ""על גופו"", ""שימוש"": ""לא"", ""כמות תחמושת"": ""ללא""}","{""מספר עבירה"": ""144 א, 144 ב"", ""סוג עבירה"": ""החזקה נשק, נשיאת נשק, הובלת נשק"", ""עבירות נוספות"": ""הנאשם הורשע גם בעבירה של ירי באזור מגורים לפי סעיף 340א לחוק העונשין, שהיא עבירה שאינה לפי סעיף 144."", ""סוג הנשק [אקדח]"": 1.0, ""סטטוס הנשק"": ""נשק עם כדור בקנה"", ""תכנון"": ""לא"", ""אופן החזקת הנשק"": ""ברכב"", ""כמות תחמושת"": ""2 מחסניות ובהן כדורים, 11 כדורים"", ""שימוש"": ""לא""}",35.0,"1. **סוג העבירה וחומרתה** — שני התיקים כוללים את סעיף 144(ב) (נשיאה), אך תיק 2 כולל גם 144(א) וירי באזור מגורים. רמת החומרה בתיק 1 גבוהה משמעותית בשל שילוב של עבירות אלימות קשות (חבלה, תקיפה) וסחר בסמים.

2. **תפקיד הנאשם ומעורבותו** — בתיק 1 הנאשם נראה כדמות פלילית רב-עבירתית (סוחר סמים ואדם אלים). בתיק 2 המעורבות מתמקדת בנשק ובשימוש בו (ירי), ללא אינדיקציה לסחר או פשיעה מאורגנת רחבה.

3. **שיטת הביצוע (MO)** — בתיק 1 הנשק היה על הגוף (נשיאה קלאסית), בעוד בתיק 2 הנשק היה ברכב (הובלה/נשיאה). בתיק 1 מדובר בנשק מאולתר ותקול, ובתיק 2 בנשק תקין (אקדח) עם תחמושת.

4. **נסיבות הליבה** — פער מהותי בסטטוס הנשק: בתיק 1 הנשק תקול וללא תחמושת, מה שמהווה נסיבה מקלה משמעותית. בתיק 2 הנשק תקין, טעון, ולווה במעשה ירי בפועל, מה שמעלה את רמת המסוכנות באופן דרמטי.

5. **ישימות כתקדים** — בית המשפט יראה את התיקים כשונים מאוד לצורכי ענישה. תיק 1 יידון כחלק מ""חבילה"" של פשיעה רחבה אך עם נשק לא תקין, בעוד תיק 2 יידון כעבירת נשק חמורה בשל הירי והתקינות של הכלי.

SIMILARITY_SCORE: 35","ok",""
"SH-20-02-52091-995","SH-16-11-7544-55",3,1,1,"{""מספר עבירה"": ""144 א"", ""סוג עבירה"": ""החזקה נשק"", ""סוג הנשק [תת מקלע מאולתר]"": 1.0, ""סטטוס הנשק"": ""נשק מופרד מתחמושת"", ""תכנון"": ""לא"", ""אופן החזקת הנשק"": ""בבית, מוסלק - מוסתר"", ""כמות תחמושת"": ""20 כדורים"", ""שימוש"": ""לא""}","{""מספר עבירה"": ""144 א"", ""סוג עבירה"": ""החזקה נשק"", ""סוג הנשק [תת מקלע מאולתר]"": 1.0, ""סטטוס הנשק"": ""נשק מופרד מתחמושת"", ""תכנון"": ""לא"", ""אופן החזקת הנשק"": ""על גופו, מוסלק - מוסתר"", ""כמות תחמושת"": ""מחסנית ובה 10 כדורים"", ""שימוש"": ""לא""}",90.0,"1. **סוג העבירה וחומרתה** — שני התיקים עוסקים בעבירה על סעיף 144(א) לחוק הנשק (החזקה בלבד). רמת החומרה המשפטית של הסעיף זהה בשני המקרים.

2. **תפקיד הנאשם ומעורבותו** — בשני המקרים מדובר במחזיק פסיבי של הנשק. אין אינדיקציה לסחר, תיווך או תפקיד של יזם באחד מהתיקים.

3. **שיטת הביצוע (MO)** — קיים דמיון רב: בשני המקרים הנשק היה מוסלק/מוסתר. ההבדל הוא במיקום ההסלקה (בית לעומת הגוף), אך שניהם אינם מעידים על נשיאה אקטיבית למטרה מיידית.

4. **נסיבות הליבה** — סוג הנשק זהה לחלוטין (תת מקלע מאולתר), בשני המקרים הנשק היה מופרד מהתחמושת ולא נעשה בו שימוש. כמות התחמושת דומה בסדרי גודל (10 לעומת 20 כדורים), מה שאינו משנה מהותית את חומרת המעשה.

5. **ישימות כתקדים** — בית המשפט יראה את התיקים כרלוונטיים מאוד לצורכי ענישה, שכן מדובר באותה עבירה, אותו סוג נשק מסוכן, ונסיבות דומות של החזקה ללא שימוש.

SIMILARITY_SCORE: 90","ok",""
"SH-14-02-28659-762","SH-16-05-42991-439",2,0,1,"{""מספר עבירה"": ""144 א"", ""סוג עבירה"": ""החזקה נשק"", ""סוג הנשק [תת מקלע מאולתר]"": 1.0, ""סטטוס הנשק"": ""נשק מופרד מתחמושת"", ""תכנון"": ""לא"", ""אופן החזקת הנשק"": ""בבית, מוסלק - מוסתר"", ""כמות תחמושת"": ""מחסנית וכדורים"", ""מטרה-סיבת העבירה"": ""הגנה עצמית"", ""שימוש"": ""לא""}","{""מספר עבירה"": ""144 א"", ""סוג עבירה"": ""החזקה נשק"", ""עבירות נוספות"": ""הנאשם הורשע בנוסף לעבירות נשק (סעיף 144(א)), גם בעבירה של שיבוש הליכי משפט לפי סעיף 244 לחוק העונשין."", ""סוג הנשק [אקדח]"": 1.0, ""סטטוס הנשק"": ""נשק עם מחסנית בהכנס"", ""תכנון"": ""כן"", ""אופן החזקת הנשק"": ""בבית, מוסלק - מוסתר"", ""כמות תחמושת"": ""מחסנית ובה 13 כדורים"", ""שימוש"": ""לא""}",75.0,"1. **סוג העבירה וחומרתה**: שני התיקים עוסקים בסעיף 144(א) (החזקה בלבד). רמת החומרה דומה כבסיס, אך בתיק 2 ישנה חומרה מוגברת בשל עבירה נוספת של שיבוש הליכי משפט.

2. **תפקיד הנאשם ומעורבותו**: בשני המקרים מדובר במחזיק פסיבי (הנשק מוסתר בבית). אין עדות לסחר או תיווך, ושני הנאשמים פעלו באופן אישי.

3. **שיטת הביצוע (MO)**: דפוס זהה של הסתרה בתוך הבית. ההבדל הוא במוכנות הנשק (בתיק 2 המחסנית בפנים, בתיק 1 הנשק מופרד), מה שמעלה מעט את רמת המסוכנות בתיק 2.

4. **נסיבות הליבה**: סדר גודל התחמושת דומה (מחסנית אחת). עם זאת, בתיק 1 מופיעה נסיבה מקלה של ""הגנה עצמית"", בעוד בתיק 2 מופיע ""תכנון"" ועבירה נלווית של שיבוש הליכים, המהוות נסיבות מחמירות.

5. **ישימות כתקדים**: שני התיקים עומדים תחת אותה הגדרה משפטית (144א) ובאותן נסיבות מקום (בית). למרות ההבדלים בנסיבות המקלות/מחמירות, הם רלוונטיים זה לזה לצורכי קביעת טווח הענישה הבסיסי להחזקה ביתית.

SIMILARITY_SCORE: 75","ok",""
"ME-14-10-31218-522","ME-17-05-35227-215",1,0,0,"{""מספר עבירה"": ""144 א"", ""סוג עבירה"": ""החזקה נשק"", ""סוג הנשק [רימון הלם/גז]"": 1.0, ""תכנון"": ""לא"", ""שימוש"": ""זריקת רימון"", ""סטטוס הנשק"": ""נשק עם כדור בקנה"", ""כמות תחמושת"": ""ללא""}","{""מספר עבירה"": ""144 ב"", ""סוג עבירה"": ""נשיאת נשק, הובלת נשק"", ""סוג הנשק [תת מקלע מאולתר]"": 1.0, ""סטטוס הנשק"": ""נשק עם מחסנית בהכנס"", ""תכנון"": ""כן"", ""אופן החזקת הנשק"": ""ברכב"", ""שימוש"": ""לא"", ""כמות תחמושת"": ""ללא""}",20.0,"1. **סוג העבירה וחומרתה**: קיים הבדל משפטי מהותי בין סעיף 144(א) (החזקה) לסעיף 144(ב) (נשיאה/הובלה). נשיאה נחשבת לעבירה חמורה יותר משמעותית מהחזקה בלבד.

2. **תפקיד הנאשם ומעורבותו**: בתיק 1 הנאשם ביצע פעולה אקטיבית של שימוש (זריקה), בעוד בתיק 2 מדובר בנשיאה/הובלה ברכב עם תכנון מוקדם, אך ללא מימוש של שימוש בנשק.

3. **שיטת הביצוע (MO)**: דפוסים שונים לחלוטין; תיק 1 עוסק באירוע נקודתי של זריקת רימון, בעוד תיק 2 עוסק בהובלת נשק ארוך (תת-מקלע) ברכב.

4. **נסיבות הליבה**: סוגי הנשק שונים לחלוטין (רימון הלם לעומת תת-מקלע מאולתר). בעוד שבתיק 1 היה שימוש בפועל, בתיק 2 היה תכנון מוקדם, אך מדובר בנשקים בעלי פוטנציאל פגיעה שונה לחלוטין.

5. **ישימות כתקדים**: בשל ההבדל בין 144(א) ל-144(ב), השוני בסוג הנשק וההבדל בין ""שימוש"" ל""הובלה"", בית המשפט לא יראה בתיק 1 תקדים ענישתי רלוונטי לתיק 2.

SIMILARITY_SCORE: 20","ok",""
"SH-16-11-7544-55","SH-15-03-49530-992",3,1,1,"{""מספר עבירה"": ""144 א"", ""סוג עבירה"": ""החזקה נשק"", ""סוג הנשק [תת מקלע מאולתר]"": 1.0, ""סטטוס הנשק"": ""נשק מופרד מתחמושת"", ""תכנון"": ""לא"", ""אופן החזקת הנשק"": ""על גופו, מוסלק - מוסתר"", ""כמות תחמושת"": ""מחסנית ובה 10 כדורים"", ""שימוש"": ""לא""}","{""מספר עבירה"": ""144 א"", ""סוג עבירה"": ""החזקה נשק"", ""סוג הנשק [תת מקלע מאולתר]"": 1.0, ""סטטוס הנשק"": ""נשק עם מחסנית בהכנס"", ""תכנון"": ""לא"", ""אופן החזקת הנשק"": ""מוסלק - מוסתר"", ""כמות תחמושת"": ""מחסנית ובה כדורים, מחסנית טעונה בכדורים, כדורים"", ""שימוש"": ""לא""}",90.0,"1. **סוג העבירה וחומרתה**: שני התיקים עוסקים בעבירה על סעיף 144(א) לחוק הנשק (החזקה). רמת החומרה דומה מאוד שכן מדובר בנשק מסוג תת-מקלע מאולתר בשני המקרים.

2. **תפקיד הנאשם ומעורבותו**: בשני המקרים מדובר במחזיק בנשק. אין אינדיקציה לסחר, תיווך או תפקיד של ""ספק"", ושני הנאשמים פועלים באופן אינדיבידואלי בהחזקה.

3. **שיטת הביצוע (MO)**: דפוס דומה של הסתרה (הנשק היה מוסלק/מוסתר). אין כאן ביצוע של פשע נוסף או שימוש אקטיבי בנשק.

4. **נסיבות הליבה**: קיים הבדל קטן במוכנות הנשק (בתיק 1 הנשק מופרד מהתחמושת, בתיק 2 יש מחסנית בפנים), אך סדר הגודל של התחמושת דומה (מחסנית/כמה כדורים). שניהם לא תכננו מעשה פלילי ולא השתמשו בנשק.

5. **ישימות כתקדים**: שני התיקים עומדים באותה קטגוריה משפטית (144א) עם סוג נשק זהה ומסוכן (תת-מקלע). בית המשפט יראה אותם כרלוונטיים מאוד לצורכי קביעת טווח ענישה.

SIMILARITY_SCORE: 90","ok",""
"ME-16-11-13999-863","ME-21-10-18557-340",1,0,0,"{""מספר עבירה"": ""144 א, 144 ב"", ""סוג עבירה"": ""החזקה נשק, נשיאת נשק, הובלת נשק"", ""סוג הנשק [אקדח]"": 1.0, ""סטטוס הנשק"": ""נשק עם מחסנית בהכנס"", ""תכנון"": ""לא"", ""אופן החזקת הנשק"": ""ברכב, על גופו"", ""כמות תחמושת"": ""מחסנית ובה כדורים, מחסנית נוספת ובה כדורים"", ""שימוש"": ""לא""}","{""מספר עבירה"": ""144 א, 144 ב"", ""סוג עבירה"": ""החזקה נשק, נשיאת נשק, הובלת נשק"", ""עבירות נוספות"": ""הנאשם הורשע בנוסף לעבירות נשק (סעיף 144(א) ו-144(ב) לחוק העונשין) גם בעבירה של ירי מנשק חם לפי סעיף 340א(ב)(1) ו-(2) לחוק העונשין, שהיא עבירה שאינה לפי סעיף 144 ולכן נחשבת לעבירה נוספת."", ""סוג הנשק [תת מקלע מאולתר]"": 1.0, ""סטטוס הנשק"": ""נשק עם כדור בקנה"", ""תכנון"": ""לא"", ""אופן החזקת הנשק"": ""בבית, ברכב"", ""כמות תחמושת"": ""מחסנית ולכל הפחות 2 כדורים"", ""מטרה-סיבת העבירה"": ""הפחדה/הקנטה"", ""שימוש"": ""לא""}",35.0,"1. **סוג העבירה וחומרתה**: שני התיקים כוללים את סעיפים 144(א) ו-144(ב), אך תיק 2 חמור משמעותית בשל הרשעה נוספת בירי מנשק חם (סעיף 340א), המעלה את רמת המסוכנות והחומרה באופן דרמטי.

2. **תפקיד הנאשם ומעורבותו**: בשני המקרים מדובר במחזיק/נושא של הנשק, אך בתיק 2 המעורבות היא אקטיבית ואגרסיבית יותר (שימוש לנשיאה לצורך הפחדה וירי בפועל).

3. **שיטת הביצוע (MO)**: קיים דמיון בנשיאת הנשק ברכב, אך סוג הנשק בתיק 2 (תת-מקלע מאולתר) מעיד על רמת מסוכנות גבוהה יותר מאשר אקדח בתיק 1.

4. **נסיבות הליבה**: בתיק 1 מדובר בהחזקה/נשיאה ""סטנדרטית"" ללא שימוש. בתיק 2 ישנו נשק עם כדור בקנה (מוכן לשימוש מיידי), נשק אוטומטי/מאולתר, ועובדה מרכזית של ביצוע ירי, מה שמשנה את מהות התיק.

5. **ישימות כתקדים**: בית המשפט יראה את תיק 1 כבלתי רלוונטי כ""תקדים מקל"" לתיק 2, שכן עבירת הירי והסוג של תת-המקלע יוצרים פער תהומי בטווח הענישה. תיק 2 אינו יכול לשמש כתקדים לתיק 1 בשל חומרתו המופרזת ביחס לנסיבות.

SIMILARITY_SCORE: 35","ok",""
"ME-16-10-12213-904","ME-16-01-189-123",3,1,1,"{""מספר עבירה"": ""144 ב"", ""סוג עבירה"": ""נשיאת נשק"", ""סוג הנשק [תת מקלע מאולתר]"": 1.0, ""סטטוס הנשק"": ""נשק מופרד מתחמושת"", ""תכנון"": ""כן"", ""אופן החזקת הנשק"": ""ברכב, מוסלק - מוסתר"", ""כמות תחמושת"": ""מחסנית ריקה ובה 0 כדורים, 1 כדור"", ""שימוש"": ""לא""}","{""מספר עבירה"": ""144 א, 144 ב"", ""סוג עבירה"": ""נשיאת נשק, הובלת נשק"", ""עבירות נוספות"": ""הנאשם הורשע גם בעבירה של קשירת קשר לסחר בסם מסוכן לפי סעיפים 13+19א לפקודת הסמים המסוכנים, יחד עם סעיף 499(א)(1) לחוק העונשין. זוהי עבירה שאינה עבירת נשק לפי סעיף 144."", ""סוג הנשק [תת מקלע מאולתר]"": 1.0, ""סטטוס הנשק"": ""נשק מופרד מתחמושת"", ""תכנון"": ""לא"", ""אופן החזקת הנשק"": ""ברכב, מוסלק - מוסתר"", ""אופן קבלת הנשק"": ""רכש"", ""כמות תחמושת"": ""מחסנית ריקה ובה 0 כדורים, 50 כדורים"", ""שימוש"": ""לא""}",65.0,"1. **סוג העבירה וחומרתה** — שני התיקים עוסקים בסעיף 144(ב) (נשיאה/הובלה), שהיא עבירה חמורה יותר מהחזקה בלבד. עם זאת, בתיק 2 מדובר בשילוב של 144(א) ו-144(ב), מה שמעלה את רמת החומרה הכללית.

2. **תפקיד הנאשם ומעורבותו** — בתיק 1 המעורבות היא נשיאה/הסלקה. בתיק 2, הנאשם הוא חלק מארגון פשע (קשירת קשר לסחר בסמים), מה שהופך את תפקידו למשמעותי ומסוכן הרבה יותר מאשר בתיק 1.

3. **שיטת הביצוע (MO)** — דפוס ביצוע זהה לחלוטין: נשק מסוג תת-מקלע מאולתר, מוסלק/מוסתר בתוך רכב, כאשר הנשק מופרד מהתחמושת.

4. **נסיבות הליבה** — סוג הנשק זהה, אך יש פער משמעותי בכמות התחמושת (כדור אחד לעומת 50 כדורים). בנוסף, בתיק 2 קיימת עבירה נלווית חמורה (סמים וקשירת קשר) שמשנה את תמונת הנסיבות המקליות/מחמירות.

5. **ישימות כתקדים** — למרות הדמיון הטכני בנשק ובאופן ההסלקה, בית המשפט יראה בתיק 2 נסיבות מחמירות בהרבה בשל הקשר לסחר בסמים וכמות התחמושת. תיק 1 עשוי לשמש כבסיס להשוואה, אך לא כתקדים מחייב לענישה בתיק 2.

SIMILARITY_SCORE: 65","ok",""
"SH-15-12-65958-120","ME-16-05-9983-155",2,0,1,"{""מספר עבירה"": ""144 א"", ""סוג עבירה"": ""החזקה נשק"", ""סוג הנשק [אקדח]"": 1.0, ""סוג הנשק [תת מקלע מאולתר]"": 1.0, ""סטטוס הנשק"": ""נשק עם מחסנית בהכנס"", ""תכנון"": ""כן"", ""אופן החזקת הנשק"": ""בבית, מוסלק - מוסתר"", ""אופן קבלת הנשק"": ""רכש"", ""כמות תחמושת"": ""מחסנית ובה 8 כדורים, מחסנית ובה 15 כדורים, מחסנית ריקה ובה 0 כדורים, מחסנית ובה 6 כדורים"", ""מטרה-סיבת העבירה"": ""הגנה עצמית"", ""שימוש"": ""לא""}","{""מספר עבירה"": ""144 א, 144 ב"", ""סוג עבירה"": ""החזקה נשק, נשיאת נשק"", ""סוג הנשק [תת מקלע מאולתר]"": 1.0, ""סטטוס הנשק"": ""נשק מופרד מתחמושת"", ""תכנון"": ""לא"", ""אופן החזקת הנשק"": ""מוסלק - מוסתר"", ""אופן קבלת הנשק"": ""מאחר"", ""כמות תחמושת"": ""מחסנית"", ""שימוש"": ""לא""}",35.0,"1. **סוג העבירה וחומרתה** — תיק 1 עוסק בהחזקה בלבד (144א), בעוד תיק 2 כולל גם נשיאה/הובלה (144ב). כפי שצוין בהנחיות, ההבחנה בין החזקה לנשיאה היא מהותית ומעלה את רמת החומרה בתיק 2.

2. **תפקיד הנאשם ומעורבותו** — בשני המקרים מדובר במחזיקים/נושאים של נשק ללא מעורבות בסחר או יזמות. עם זאת, בתיק 1 יש רכישה אקטיבית ובתיק 2 קבלה מאחר.

3. **שיטת הביצוע (MO)** — שני התיקים כוללים הסלקה של נשק, אך בתיק 1 מדובר על החזקה בבית ובתיק 2 על נשיאה (מעבר של הנשק במרחב), מה שמשנה את אופי הסיכון הציבורי.

4. **נסיבות הליבה** — בתיק 1 יש כמות תחמושת משמעותית יותר (3 מחסניות טעונות) ונשק מוכן לשימוש (מחסנית בפנים), בעוד בתיק 2 הנשק מופרד מתחמושת. עם זאת, שני התיקים כוללים תת-מקלע מאולתר, שנחשב לנשק חמור.

5. **ישימות כתקדים** — בשל השילוב של עבירת נשיאה (144ב) בתיק 2 מול החזקה בלבד בתיק 1, בית המשפט יראה את תיק 1 כבלתי רלוונטי כבסיס לענישה בתיק 2 (הענישה ב-144ב גבוהה משמעותית).

SIMILARITY_SCORE: 35","ok",""
"ME-18-04-19642-504","ME-16-07-45228-25",1,0,0,"{""מספר עבירה"": ""144 א, 144 ב"", ""סוג עבירה"": ""נשיאת נשק, הובלת נשק"", ""עבירות נוספות"": ""הנאשם הורשע בנוסף לעבירות נשק (סעיפים 144(א) ו-144(ב) לחוק העונשין) גם בעבירה של מעשי פזיזות ורשלנות לפי סעיף 338(א)(5) לחוק העונשין, שהיא עבירה שאינה עבירת נשק."", ""סוג הנשק [אקדח]"": 1.0, ""סטטוס הנשק"": ""נשק עם כדור בקנה"", ""תכנון"": ""לא"", ""אופן החזקת הנשק"": ""ברכב, על גופו, מוסלק - מוסתר"", ""כמות תחמושת"": ""2 מחסניות, 40 כדורים"", ""מטרה-סיבת העבירה"": ""אלימות במשפחה"", ""שימוש"": ""לא""}","{""מספר עבירה"": ""144 ב"", ""סוג עבירה"": ""נשיאת נשק"", ""סוג הנשק [אקדח]"": 1.0, ""סטטוס הנשק"": ""נשק עם מחסנית בהכנס"", ""תכנון"": ""לא"", ""אופן החזקת הנשק"": ""על גופו, מוסלק - מוסתר"", ""כמות תחמושת"": ""מחסנית ובה 10 כדורים"", ""שימוש"": ""לא""}",85.0,"1. **סוג העבירה וחומרתה**: שני התיקים עוסקים בעבירות נשק חמורות (סעיף 144ב). תיק 1 רחב יותר וכולל גם החזקה (144א) ועבירה של רשלנות, אך הגרעין הפלילי של נשיאה/הובלה זהה.

2. **תפקיד הנאשם ומעורבותו**: בשני המקרים מדובר בנשיאה אישית של הנאשם (על הגוף/ברכב). אין אינדיקציה לסחר או תפקיד של שליח באף אחד מהתיקים; מדובר במעורבות פעילה ישירה.

3. **שיטת הביצוע (MO)**: דפוס דומה מאוד – נשיאת אקדח באופן מוסתר על הגוף (ובתיק 1 גם ברכב). שני הנאשמים בחרו להסתיר את הנשק.

4. **נסיבות הליבה**: בתיק 1 כמות התחמושת גבוהה משמעותית (40 כדורים לעומת 10) והנשק היה במצב ""מוכן"" יותר (כדור בקנה). עם זאת, בשני המקרים לא היה שימוש בפועל בנשק ולא הוכח תכנון מוקדם של פשע.

5. **ישימות כתקדים**: שני התיקים עומדים תחת סעיף 144(ב), מה שהופך אותם לרלוונטיים מאוד לצורכי ענישה. ההבדלים בכמות התחמושת ובנסיבות הנלוות (אלימות במשפחה בתיק 1) עשויים להשפיע על גובה העונש, אך לא על מהות העבירה.

SIMILARITY_SCORE: 85","ok",""
"ME-15-03-29911-554","ME-16-02-18397-87",1,0,0,"{""מספר עבירה"": ""144 א, 144 ב"", ""סוג עבירה"": ""החזקה נשק, נשיאת נשק"", ""עבירות נוספות"": ""מעובדות כתב האישום ודברי השופט עולה כי הנאשם הורשע גם בעבירה של ירי באזור מגורים לפי סעיף 340א לחוק העונשין, בנוסף לעבירות הנשק לפי סעיף 144."", ""סוג הנשק [אקדח]"": 1.0, ""סטטוס הנשק"": ""נשק עם כדור בקנה"", ""תכנון"": ""לא"", ""אופן החזקת הנשק"": ""ברכב, על גופו"", ""כמות תחמושת"": ""מחסנית ובה 12 כדורים, מחסנית נוספת, 20 כדורים, 24 כדורים"", ""שימוש"": ""לא""}","{""מספר עבירה"": ""144 ב"", ""סוג עבירה"": ""נשיאת נשק, הובלת נשק"", ""עבירות נוספות"": ""הנאשם הורשע בנוסף לעבירות נשק (סעיף 144(ב) לחוק העונשין) גם בעבירות תעבורה: נהיגה ללא רישיון נהיגה (סעיף 10(א) לפקודת התעבורה), נהיגה ללא ביטוח (סעיף 2(א)(ב) לפקודת ביטוח רכב מנועי), וללא רישיון רכב (סעיף 2 לפקודת התעבורה)."", ""סוג הנשק [אקדח]"": 1.0, ""סטטוס הנשק"": ""תקול"", ""תכנון"": ""לא"", ""אופן החזקת הנשק"": ""ברכב, על גופו, מוסלק - מוסתר"", ""כמות תחמושת"": ""כדורים"", ""שימוש"": ""לא""}",35.0,"1. **סוג העבירה וחומרתה** — שני התיקים כוללים את סעיף 144(ב) (נשיאה/הובלה), אך תיק 1 חמור משמעותית בשל הרשעה נוספת של ירי באזור מגורים (סעיף 340א), בעוד בתיק 2 מדובר בעבירות תעבורה בלבד.

2. **תפקיד הנאשם ומעורבותו** — בשני המקרים מדובר במחזיק/נושא של נשק ללא אינדיקציה לסחר או תפקיד של ספק, אך בתיק 1 המעורבות היא אקטיבית ואלימה יותר (ירי).

3. **שיטת הביצוע (MO)** — דפוס דומה של נשיאת אקדח על הגוף וברכב, אך בתיק 2 יש דגש על הסלקה (הסתרה), בעוד בתיק 1 הנשק היה מוכן לשימוש מיידי (כדור בקנה).

4. **נסיבות הליבה** — פער מהותי במצב הנשק ובחומרת הנסיבות: בתיק 1 הנשק תקין עם כדור בקנה וכמות תחמושת משמעותית, בעוד בתיק 2 הנשק היה תקול (מה שמהווה נסיבה מקלה משמעותית בענישה).

5. **ישימות כתקדים** — בית המשפט יראה בתיק 1 כתקדים של ""חומרה"" ובתיק 2 כתקדים של ""הקלה"". בשל השילוב של ירי בתיק 1 מול נשק תקול בתיק 2, הם אינם רלוונטיים זה לזה לצורכי קביעת ענישה דומה.

SIMILARITY_SCORE: 35","ok",""
"ME-16-11-69158-529","ME-16-01-3772-806",3,1,1,"{""מספר עבירה"": ""144 ב"", ""סוג עבירה"": ""נשיאת נשק"", ""עבירות נוספות"": ""הנאשם הורשע בנוסף לעבירות נשק (סעיף 144) גם בעבירה של ירי באזור מגורים לפי סעיף 340א לחוק העונשין."", ""סוג הנשק [תת מקלע]"": 1.0, ""סטטוס הנשק"": ""נשק עם כדור בקנה"", ""תכנון"": ""כן"", ""אופן החזקת הנשק"": ""בבית, ברכב, מוסלק - מוסתר"", ""שימוש"": ""לא"", ""כמות תחמושת"": ""ללא""}","{""מספר עבירה"": ""144 א, 144 ב"", ""סוג עבירה"": ""החזקה נשק, נשיאת נשק, הובלת נשק"", ""סוג הנשק [תת מקלע מאולתר]"": 1.0, ""סוג הנשק - אם לא נמצא בטבלה"": ""רובה MP5"", ""סטטוס הנשק"": ""נשק עם כדור בקנה"", ""תכנון"": ""כן"", ""אופן החזקת הנשק"": ""מוסלק - מוסתר"", ""כמות תחמושת"": ""מחסנית וכדורים, מחסנית וכדורים"", ""שימוש"": ""לא""}",65.0,"1. **סוג העבירה וחומרתה** — שני התיקים עוסקים בסעיף 144(ב) (נשיאה/הובלה), שהיא עבירה חמורה יותר מהחזקה בלבד. עם זאת, בתיק 1 ישנה הרשעה נוספת על ירי באזור מגורים (340א), מה שמעלה את רמת החומרה הפלילית של תיק 1 באופן משמעותי.

2. **תפקיד הנאשם ומעורבותו** — בשני המקרים מדובר בנשיאה/הובלה של נשק חם, מה שמעיד על מעורבות פעילה. אין מידע המעיד על סחר או תפקיד של ""ספק"" באף אחד מהתיקים, אך בתיק 1 המעורבות היא אלימה יותר בשל הירי.

3. **שיטת הביצוע (MO)** — דפוס דומה מאוד: שני הנאשמים השתמשו בשיטת הסלקה/הסתרה של הנשק. שניהם תכננו את מעשיהם מראש.

4. **נסיבות הליבה** — שני התיקים כוללים נשק מסוג תת-מקלע עם כדור בקנה (נסיבה מחמירה). ההבדל המהותי הוא שבתיק 1 בוצע שימוש בנשק (ירי), בעוד שבתיק 2 הנשק נתפס ללא שימוש, אך עם כמות תחמושת מוגדרת (מחסניות).

5. **ישימות כתקדים** — למרות הדמיון בסוג הנשק ובסעיף 144(ב), תיק 1 כולל עבירת ירי (340א) שהיא ""משנה משחק"" מבחינת ענישה. עם זאת, לצורך קביעת טווח ענישה לנשיאת תת-מקלע טעון ומוסלק, תיק 1 יכול לשמש כ""גג"" (מקרה חמור יותר) ותיק 2 כבסיס לנשיאה ללא שימוש.

SIMILARITY_SCORE: 65","ok",""
"ME-17-02-54432-484","ME-16-05-25902-514",3,1,1,"{""מספר עבירה"": ""144 א, 144 ב"", ""סוג עבירה"": ""החזקה נשק, נשיאת נשק"", ""סוג הנשק [אקדח]"": 1.0, ""סטטוס הנשק"": ""נשק עם מחסנית בהכנס"", ""תכנון"": ""כן"", ""אופן החזקת הנשק"": ""ברכב, על גופו, מוסלק - מוסתר"", ""כמות תחמושת"": ""מחסנית ובה 7 כדורים"", ""מטרה-סיבת העבירה"": ""הגנה עצמית"", ""שימוש"": ""לא""}","{""מספר עבירה"": ""144 א, 144 ב"", ""סוג עבירה"": ""החזקה נשק, נשיאת נשק"", ""סוג הנשק [אקדח]"": 1.0, ""סטטוס הנשק"": ""נשק עם מחסנית בהכנס"", ""תכנון"": ""לא"", ""אופן החזקת הנשק"": ""בבית, על גופו"", ""אופן קבלת הנשק"": ""רכש"", ""כמות תחמושת"": ""מחסנית ובה 7 כדורים"", ""מטרה-סיבת העבירה"": ""הגנה עצמית"", ""שימוש"": ""לא""}",92.0,"1. **סוג העבירה וחומרתה**: זהים לחלוטין. שני התיקים עוסקים בעבירות של החזקה ונשיאה (144א ו-144ב), מה שמעלה את רמת החומרה מעבר להחזקה פסיבית בלבד.

2. **תפקיד הנאשם ומעורבותו**: דומים מאוד. בשני המקרים מדובר במחזיק/נושא בודד של נשק אישי, ללא אינדיקציה לסחר או תפקיד של ספק/מתווך.

3. **שיטת הביצוע (MO)**: דמיון גבוה. בשני המקרים הנשק היה מוכן לשימוש (מחסנית בפנים) ונשא על גוף הנאשם, אם כי בתיק 1 יש דגש על הסתרה ברכב.

4. **נסיבות הליבה**: דמיון רב מאוד. סוג הנשק (אקדח), כמות התחמושת (7 כדורים) והמטרה המוצהרת (הגנה עצמית) זהים. ההבדל היחיד הוא בטענת התכנון, אך הוא אינו משנה את מהות העבירה.

5. **ישימות כתקדים**: רלוונטיות גבוהה מאוד. בית המשפט יראה בשני המקרים נסיבות דומות של נשיאת נשק אישי לצרכי הגנה, ללא שימוש בפועל, מה שהופך את הענישה בתיק אחד למדד משמעותי עבור השני.

SIMILARITY_SCORE: 92","ok",""
"SH-17-10-10556-234","ME-09-06-10774-130",2,0,1,"{""מספר עבירה"": ""144 א"", ""סוג עבירה"": ""החזקה נשק"", ""סוג הנשק [אקדח]"": 1.0, ""סטטוס הנשק"": ""נשק עם מחסנית בהכנס"", ""תכנון"": ""לא"", ""אופן החזקת הנשק"": ""מוסלק - מוסתר"", ""כמות תחמושת"": ""מחסנית ובה 10 כדורים, מחסנית ריקה ובה 0 כדורים"", ""שימוש"": ""לא""}","{""מספר עבירה"": ""144 א, 144 ב"", ""סוג עבירה"": ""החזקה נשק, נשיאת נשק"", ""סוג הנשק [אקדח]"": 1.0, ""סטטוס הנשק"": ""תקין"", ""תכנון"": ""לא"", ""אופן החזקת הנשק"": ""ברכב"", ""שימוש"": ""לא"", ""כמות תחמושת"": ""ללא""}",30.0,"1. **סוג העבירה וחומרתה** — קיים פער משפטי מהותי. תיק 1 עוסק בהחזקה בלבד (144א), בעוד תיק 2 כולל נשיאה/הובלה (144ב), עבירה חמורה יותר המשקפת סכנה מיידיתית גבוהה יותר למרחב הציבורי.

2. **תפקיד הנאשם ומעורבותו** — בשני המקרים מדובר במחזיק/נושא בודד ללא אינדיקציה לסחר או תפקיד ארגוני, אך בתיק 2 המעורבות היא אקטיבית יותר (נשיאה ברכב לעומת הסתרה).

3. **שיטת הביצוע (MO)** — דפוסים שונים: בתיק 1 הנשק היה מוסלק (הסתרה), בעוד בתיק 2 הנשק נמצא ברכב, מה שמעלה את רמת הסיכון והזמינות של הנשק.

4. **נסיבות הליבה** — בתיק 1 ישנה תחמושת זמינה (מחסנית בפנים), מה שמעלה את חומרת ההחזקה, אך בתיק 2 העבירה היא נשיאה. שני התיקים חולקים את העובדה שלא היה שימוש בפועל ולא היה תכנון מוקדם.

5. **ישימות כתקדים** — בית המשפט יראה בתיק 1 כבלתי רלוונטי כמעט לחלוטין לצורכי ענישה עבור תיק 2, שכן ההבחנה בין 144(א) ל-144(ב) היא קריטית וקובעת את טווח הענישה והנסיבות המקליות/מחמירות.

SIMILARITY_SCORE: 30","ok",""
"sh-10-05-7434-952","ME-21-10-18557-340",1,0,0,"{""מספר עבירה"": ""144 א"", ""סוג עבירה"": ""החזקה נשק"", ""סוג הנשק [אקדח]"": 1.0, ""סטטוס הנשק"": ""נשק מפורק"", ""תכנון"": ""לא"", ""אופן החזקת הנשק"": ""בבית, מוסלק - מוסתר"", ""מטרה-סיבת העבירה"": ""אספנות"", ""שימוש"": ""לא"", ""כמות תחמושת"": ""ללא""}","{""מספר עבירה"": ""144 א, 144 ב"", ""סוג עבירה"": ""החזקה נשק, נשיאת נשק, הובלת נשק"", ""עבירות נוספות"": ""הנאשם הורשע בנוסף לעבירות נשק (סעיף 144(א) ו-144(ב) לחוק העונשין) גם בעבירה של ירי מנשק חם לפי סעיף 340א(ב)(1) ו-(2) לחוק העונשין, שהיא עבירה שאינה לפי סעיף 144 ולכן נחשבת לעבירה נוספת."", ""סוג הנשק [תת מקלע מאולתר]"": 1.0, ""סטטוס הנשק"": ""נשק עם כדור בקנה"", ""תכנון"": ""לא"", ""אופן החזקת הנשק"": ""בבית, ברכב"", ""כמות תחמושת"": ""מחסנית ולכל הפחות 2 כדורים"", ""מטרה-סיבת העבירה"": ""הפחדה/הקנטה"", ""שימוש"": ""לא""}",10.0,"1. **סוג העבירה וחומרתה** — פער משמעותי. תיק 1 עוסק בהחזקה בלבד (144א), בעוד תיק 2 כולל נשיאה והובלה (144ב) ובנוסף עבירה חמורה מאוד של ירי מנשק חם (340א), מה שמעלה את רמת החומרה באופן דרסטי.

2. **תפקיד הנאשם ומעורבותו** — בתיק 1 מדובר במחזיק פסיבי למטרות אספנות. בתיק 2 מדובר בנשיאה אקטיבית של נשק למטרות הפחדה/הקנטה, מה שמעיד על מעורבות פלילית אקטיבית ומסוכנת יותר.

3. **שיטת הביצוע (MO)** — אין דמיון. תיק 1 מתאר הסתרה של נשק מפורק בבית; תיק 2 מתאר נשיאה של נשק תפעולי (עם כדור בקנה) ברכב ובבית, כולל ביצוע של ירי.

4. **נסיבות הליבה** — הבדל מהותי בסוג הנשק (אקדח מפורק לעומת תת-מקלע מאולתר), במצב הנשק (מפורק לעומת מוכן לשימוש) ובנסיבות המקלות/מחמירות (אספנות לעומת ירי והפחדה).

5. **ישימות כתקדים** — בית המשפט לא יראה בתיק 1 תקדים לענישה בתיק 2. ההבדל בין 144(א) ל-144(ב), ובמיוחד הוספת עבירת הירי, הופכים את תיק 1 לבלתי רלוונטי עבור תיק 2.

SIMILARITY_SCORE: 10","ok",""
"SH-10-02-25802-731","ME-13-04-35007-454",1,0,0,"{""מספר עבירה"": ""144 א"", ""סוג עבירה"": ""החזקה נשק"", ""סוג הנשק [רובה צייד]"": 1.0, ""סוג הנשק - אם לא נמצא בטבלה"": ""אבזר ותחמושת של כלי נשק"", ""סטטוס הנשק"": ""תקול"", ""תכנון"": ""לא"", ""אופן החזקת הנשק"": ""בבית"", ""שימוש"": ""לא"", ""כמות תחמושת"": ""ללא""}","{""מספר עבירה"": ""144 א, 144 ב"", ""סוג עבירה"": ""החזקה נשק, נשיאת נשק"", ""סוג הנשק [אקדח]"": 1.0, ""סטטוס הנשק"": ""נשק עם כדור בקנה"", ""תכנון"": ""כן"", ""אופן החזקת הנשק"": ""על גופו"", ""מטרה-סיבת העבירה"": ""הפחדה"", ""שימוש"": ""לא"", ""כמות תחמושת"": ""ללא""}",15.0,"1. **סוג העבירה וחומרתה**: תיק 1 עוסק בהחזקה בלבד (144א), בעוד תיק 2 כולל נשיאה/הובלה (144ב). פער זה הוא מהותי מבחינה משפטית ומשנה את רמת החומרה של העבירה באופן משמעותי.

2. **תפקיד הנאשם ומעורבותו**: בתיק 1 מדובר בהחזקה פסיבית בבית, בעוד שבתיק 2 מדובר במעורבות אקטיבית (נשיאה על הגוף) עם כוונה מוגדרת (הפחדה).

3. **שיטת הביצוע (MO)**: אין דמיון; תיק 1 הוא אחסון סטטי של נשק תקול בבית, בעוד תיק 2 הוא נשיאה אקטיבית של נשק תקין במרחב הציבורי/על הגוף.

4. **נסיבות הליבה**: פערים תהומיים: נשק תקול מול נשק עם כדור בקנה; רובה צייד בבית מול אקדח לנשיאה; היעדר תכנון מול תכנון מוקדם למטרת הפחדה.

5. **ישימות כתקדים**: בית המשפט לא יראה בתיק 1 תקדים לענישה בתיק 2. תיק 1 מייצג עבירה של ""החזקה רגבנית"" בנשק לא תקין, בעוד תיק 2 מייצג סכנה ממשית ובביצוע של עבירת נשיאה.

SIMILARITY_SCORE: 15","ok",""
"ME-16-10-12213-904","ME-15-02-9111-399",1,0,0,"{""מספר עבירה"": ""144 ב"", ""סוג עבירה"": ""נשיאת נשק"", ""סוג הנשק [תת מקלע מאולתר]"": 1.0, ""סטטוס הנשק"": ""נשק מופרד מתחמושת"", ""תכנון"": ""כן"", ""אופן החזקת הנשק"": ""ברכב, מוסלק - מוסתר"", ""כמות תחמושת"": ""מחסנית ריקה ובה 0 כדורים, 1 כדור"", ""שימוש"": ""לא""}","{""מספר עבירה"": ""144 א, 144 ב"", ""סוג עבירה"": ""החזקה נשק, נשיאת נשק"", ""סוג הנשק [אקדח]"": 1.0, ""סטטוס הנשק"": ""נשק מופרד מתחמושת"", ""תכנון"": ""לא"", ""אופן החזקת הנשק"": ""על גופו"", ""כמות תחמושת"": ""מחסנית ובה 13 כדורים"", ""שימוש"": ""לא""}",55.0,"1. **סוג העבירה וחומרתה**: שני התיקים כוללים את עבירת נשיאת הנשק (144ב), שהיא העבירה המרכזית והחמורה יותר. למרות שבתיק 2 מופיע גם 144א, המהות הפלילית של נשיאה משותפת לשניהם.

2. **תפקיד הנאשם ומעורבותו**: בשני המקרים מדובר בנשיאה/החזקה אישית ללא אינדיקציה לסחר או תפקיד של ספק. רמת המעורבות דומה (מחזיק/נושא).

3. **שיטת הביצוע (MO)**: קיים הבדל משמעותי; בתיק 1 הנשק מוסלק ברכב (מעיד על ניסיון הסתרה/תכנון), בעוד בתיק 2 הנשק נשא על הגוף (נשיאה גלויה/מידית יותר).

4. **נסיבות הליבה**: פערים מהותיים בסוג הנשק ובמוכנותו: בתיק 1 מדובר בתת-מקלע מאולתר (נשק חמור יותר) אך ללא תחמושת כמעט בכלל. בתיק 2 מדובר באקדח עם מחסנית מלאה (13 כדורים), מה שהופך את הנשק למסוכן ומוכן לשימוש מיידי.

5. **ישימות כתקדים**: למרות ששניהם תחת סעיף 144ב, השילוב של ""תת-מקלע מוסלק ללא כדורים"" מול ""אקדח על הגוף עם מחסנית מלאה"" יוצר פרופילים של סיכון שונים. בית המשפט יראה בהם נקודות פתיחה שונות לענישה, אך הם רלוונטיים כבסיס להשוואה של נשיאת נשק ללא שימוש.

SIMILARITY_SCORE: 55","ok",""
"ME-16-05-25902-514","SH-11-01-41775-497",3,1,1,"{""מספר עבירה"": ""144 א, 144 ב"", ""סוג עבירה"": ""החזקה נשק, נשיאת נשק"", ""סוג הנשק [אקדח]"": 1.0, ""סטטוס הנשק"": ""נשק עם מחסנית בהכנס"", ""תכנון"": ""לא"", ""אופן החזקת הנשק"": ""בבית, על גופו"", ""אופן קבלת הנשק"": ""רכש"", ""כמות תחמושת"": ""מחסנית ובה 7 כדורים"", ""מטרה-סיבת העבירה"": ""הגנה עצמית"", ""שימוש"": ""לא""}","{""מספר עבירה"": ""144 א, 144 ב"", ""סוג עבירה"": ""החזקה נשק"", ""סוג הנשק [אקדח]"": 1.0, ""סטטוס הנשק"": ""נשק מופרד מתחמושת"", ""תכנון"": ""לא"", ""אופן החזקת הנשק"": ""בבית, ברכב"", ""כמות תחמושת"": ""מחסנית, 34 כדורים"", ""שימוש"": ""לא""}",85.0,"1. **סוג העבירה וחומרתה**: שני התיקים כוללים את סעיפים 144(א) ו-144(ב). מדובר באותה רמת חומרה עקרונית של נשיאה והחזקה בנשק ללא היתר.

2. **תפקיד הנאשם ומעורבותו**: בשני המקרים מדובר במחזיק/נושא בודד. אין עדות לסחר או תיווך, ושני הנאשמים פועלים באופן עצמאי.

3. **שיטת הביצוע (MO)**: דפוס דומה של החזקה בבית ובמרחב הנייד (על הגוף/ברכב). בשני המקרים לא בוצע שימוש אקטיבי בנשק לצורך ביצוע פשע נוסף.

4. **נסיבות הליבה**: קיים הבדל משמעותי בכמות התחמושת (7 כדורים לעומת 34) ובמוכנות הנשק (מחסנית בפנים לעומת נשק מופרד). עם זאת, שניהם מדוברים באקדח בודד ללא תכנון פשע מוקדם.

5. **ישימות כתקדים**: בית המשפט יראה את התיקים כרלוונטיים מאוד לצורכי ענישה, שכן שניהם עוסקים בנשיאה והחזקה של אקדח בודד ללא שימוש, וההבדלים בכמות התחמושת אינם משנים את מהות העבירה.

SIMILARITY_SCORE: 85","ok",""
"ME-18-05-32659-754","ME-16-08-54879-35",3,1,1,"{""מספר עבירה"": ""144 ב"", ""סוג עבירה"": ""נשיאת נשק, הובלת נשק"", ""עבירות נוספות"": ""הנאשם הורשע בנוסף לעבירות נשק (סעיף 144) גם בעבירה של הפרעה לשוטר במילוי תפקידו לפי סעיף 275 לחוק העונשין."", ""סוג הנשק [תת מקלע מאולתר]"": 1.0, ""סוג הנשק [רימון הלם/גז]"": 1.0, ""סטטוס הנשק"": ""נשק מופרד מתחמושת"", ""תכנון"": ""לא"", ""אופן החזקת הנשק"": ""ברכב"", ""כמות תחמושת"": ""מחסנית ריקה ובה 0 כדורים, 9 כדורים, 10 כדורים"", ""שימוש"": ""לא""}","{""מספר עבירה"": ""144 ב"", ""סוג עבירה"": ""נשיאת נשק, הובלת נשק"", ""סוג הנשק [תת מקלע מאולתר]"": 1.0, ""סטטוס הנשק"": ""נשק מופרד מתחמושת"", ""תכנון"": ""לא"", ""כמות תחמושת"": ""מחסנית ובה 7 כדורים"", ""שימוש"": ""לא"", ""אופן החזקת הנשק"": ""על גופו""}",85.0,"1. **סוג העבירה וחומרתה** — שני התיקים עוסקים בסעיף 144(ב) (נשיאה והובלה), שהיא עבירה חמורה יותר מהחזקה בלבד. רמת החומרה הבסיסית זהה, למרות שבתיק 1 יש עבירה נלווית של הפרעה לשוטר.

2. **תפקיד הנאשם ומעורבותו** — בשני המקרים מדובר בנשיאה/הובלה של נשק. אין אינדיקציה לסחר או תפקיד של ""ספק"", ושני הנאשמים פועלים כמי שמחזיקים בנשק לשימושם או להובלתו.

3. **שיטת הביצוע (MO)** — דפוס דומה של נשיאת נשק ללא שימוש בפועל. ההבדל הוא במיקום הנשיאה (ברכב לעומת על הגוף), אך מבחינה משפטית שניהם נכנסים תחת הגדרת ""נשיאה/הובלה"".

4. **נסיבות הליבה** — סוג הנשק זהה (תת מקלע מאולתר) ובשני המקרים הנשק היה מופרד מהתחמושת. כמות התחמושת נמוכה בשני המקרים (סדר גודל של עשרות כדורים בודדים), ללא תכנון מוקדם או שימוש אליים.

5. **ישימות כתקדים** — שני התיקים דומים מאוד במרכיבי הליבה שלהם (סעיף 144ב, נשק מאולתר, הפרדה מתחמושת, כמות קטנה). בית משפט יראה אותם כרלוונטיים מאוד לצורכי קביעת טווח ענישה.

SIMILARITY_SCORE: 85","ok",""
"ME-17-05-35227-215","ME-15-02-9111-399",1,0,0,"{""מספר עבירה"": ""144 ב"", ""סוג עבירה"": ""נשיאת נשק, הובלת נשק"", ""סוג הנשק [תת מקלע מאולתר]"": 1.0, ""סטטוס הנשק"": ""נשק עם מחסנית בהכנס"", ""תכנון"": ""כן"", ""אופן החזקת הנשק"": ""ברכב"", ""שימוש"": ""לא"", ""כמות תחמושת"": ""ללא""}","{""מספר עבירה"": ""144 א, 144 ב"", ""סוג עבירה"": ""החזקה נשק, נשיאת נשק"", ""סוג הנשק [אקדח]"": 1.0, ""סטטוס הנשק"": ""נשק מופרד מתחמושת"", ""תכנון"": ""לא"", ""אופן החזקת הנשק"": ""על גופו"", ""כמות תחמושת"": ""מחסנית ובה 13 כדורים"", ""שימוש"": ""לא""}",65.0,"1. **סוג העבירה וחומרתה**: שני התיקים כוללים את עבירת 144(ב) (נשיאה/הובלה), שהיא העבירה המרכזית והחמורה יותר. למרות שבתיק 2 מופיע גם 144(א), השכיבות של 144(ב) בשניהם יוצרת בסיס משפטי דומה.

2. **תפקיד הנאשם ומעורבותו**: בשני המקרים מדובר בנשיאה/הובלה אקטיבית של נשק. לא עולה מהנתונים כי מדובר בסוחר או יזם, אלא במחזיק/נושא של יחידה אחת.

3. **שיטת הביצוע (MO)**: יש הבדל במיקום הנשק (ברכב לעומת על הגוף), אך שניהם נכנסים תחת הגדרת ""נשיאה"" לצורכי חוק. עם זאת, בתיק 1 יש רכיב של תכנון שאינו קיים בתיק 2.

4. **נסיבות הליבה**: קיים פער משמעותי בסוג הנשק (תת-מקלע מאולתר, שנחשב למסוכן וחמור יותר, לעומת אקדח) ובמצב המוכנות (נשק עם מחסנית בפנים בתיק 1, לעומת נשק מופרד מתחמושת בתיק 2).

5. **ישימות כתקדים**: בית המשפט יראה את שני התיקים כרלוונטיים כבסיס לעבירת נשיאה, אך יבחין ביניהם במישור הענישה בשל סוג הנשק (מאולתר/תת-מקלע) והמוכנות לשימוש המיידי בתיק 1.

SIMILARITY_SCORE: 65","ok",""
"ME-16-04-12480-812","ME-12-03-15148-775",1,0,0,"{""מספר עבירה"": ""144 א, 144 ב"", ""סוג עבירה"": ""החזקה נשק, נשיאת נשק, הובלת נשק"", ""עבירות נוספות"": ""הנאשם הורשע בנוסף לעבירות נשק (סעיף 144) גם בעבירות של ניסיון חבלה חמורה בנסיבות מחמירות (סעיפים 25 + 335 + 333 לחוק העונשין) ואיומים (סעיף 192 לחוק העונשין)."", ""סוג הנשק [תת מקלע מאולתר]"": 1.0, ""סוג הנשק - אם לא נמצא בטבלה"": ""נשק"", ""סטטוס הנשק"": ""נשק עם כדור בקנה"", ""תכנון"": ""כן"", ""אופן החזקת הנשק"": ""ברכב, על גופו, מוסלק - מוסתר"", ""כמות תחמושת"": ""17 כדורים"", ""שימוש"": ""לא""}","{""מספר עבירה"": ""144 א"", ""סוג עבירה"": ""החזקה נשק"", ""עבירות נוספות"": ""הנאשם הורשע בנוסף לעבירת החזקת נשק שלא כדין (סעיף 144(א)), גם בעבירה של שינוי זהות של כלי רכב לפי סעיף 413ט' לחוק העונשין. זו עבירה שאינה עבירת נשק."", ""סוג הנשק [אקדח]"": 1.0, ""סטטוס הנשק"": ""נשק מופרד מתחמושת"", ""תכנון"": ""לא"", ""אופן החזקת הנשק"": ""ברכב"", ""כמות תחמושת"": ""מחסנית ובה 11 כדורים"", ""שימוש"": ""לא""}",20.0,"1. **סוג העבירה וחומרתה** — פער משמעותי. תיק 1 כולל נשיאה והובלה (144ב) לצד החזקה, בעוד תיק 2 הוא החזקה בלבד (144א). בנוסף, תיק 1 כולל עבירות אלימות חמורות (חבלה חמורה ואיומים), בעוד בתיק 2 מדובר בעבירה מנהלית/פלילית של שינוי זהות רכב.

2. **תפקיד הנאשם ומעורבותו** — בתיק 1 הנאשם פעל באופן אקטיבי ואגרסיבי (ניסיון חבלה), מה שמעיד על מסוכנות גבוהה. בתיק 2 המעורבות היא פסיבית יותר (החזקה ברכב) ללא עבירות אלימות נלוות.

3. **שיטת הביצוע (MO)** — שונים לחלוטין. תיק 1 מאופיין בתכנון מוקדם ובשימוש בנשק כחלק מביצוע פשע אלים. תיק 2 הוא מקרה של החזקה ללא תכנון מוכח לביצוע עבירה אלימה.

4. **נסיבות הליבה** — פערים מהותיים: בתיק 1 מדובר בתת-מקלע מאולתר (נשק קטלני יותר) עם כדור בקנה (מוכן לשימוש מיידי). בתיק 2 מדובר באקדח כשהוא מופרד מהתחמושת, מה שמקטין משמעותית את רמת המסוכנות המיידית.

5. **ישימות כתקדים** — נמוכה מאוד. בשל ההבדל בין 144(א) ל-144(ב), השילוב עם עבירות אלימות קשות בתיק 1, וההבדל במוכנות הנשק (כדור בקנה מול נשק מופרד), בית המשפט יראה את תיק 1 כחמור משמעותית ולא כבסיס להשוואה לענישה בתיק 2.

SIMILARITY_SCORE: 20","ok",""
"ME-16-02-59812-881","ME-16-03-54615-517",1,0,0,"{""מספר עבירה"": ""144 ב"", ""סוג עבירה"": ""סחר בנשק"", ""עבירות נוספות"": ""הנאשם הואשם והורשע בנוסף לעבירת נשק (סחר בנשק לפי סעיף 144(ב2)), גם בעבירות מסירת ידיעה כוזבת על עבירת פשע (סעיף 243 לחוק העונשין) ושיבוש הליכי משפט (סעיף 244 לחוק העונשין). אלו אינן עבירות נשק."", ""סוג הנשק [אקדח]"": 1.0, ""סטטוס הנשק"": ""נשק מופרד מתחמושת"", ""תכנון"": ""לא"", ""אופן החזקת הנשק"": ""בבית"", ""כמות תחמושת"": ""2 מחסניות, 20 כדורים"", ""מטרה-סיבת העבירה"": ""בצע כסף"", ""שימוש"": ""לא""}","{""מספר עבירה"": ""144 ב"", ""סוג עבירה"": ""סחר בנשק"", ""סוג הנשק [תת מקלע]"": 1.0, ""סטטוס הנשק"": ""תקול"", ""תכנון"": ""כן"", ""מטרה-סיבת העבירה"": ""בצע כסף"", ""שימוש"": ""לא"", ""כמות תחמושת"": ""ללא""}",65.0,"1. **סוג העבירה וחומרתה**: שני התיקים עוסקים בסעיף 144(ב) (סחר בנשק), שהיא עבירה חמורה יותר מהחזקה פשוטה. רמת החומרה המשפטית של הסעיף זהה, אך סוג הנשק משפיע על תפיסת החומרה.

2. **תפקיד הנאשם ומעורבותו**: בשני המקרים מדובר ב""סחר"" למטרת בצע כסף, מה שמעיד על תפקיד אקטיבי של סוחר/מתווך ולא רק מחזיק פסיבי.

3. **שיטת הביצוע (MO)**: קיים דמיון במניע (כלכלי), אך הבדל בביצוע; תיק 1 כולל עבירות נלוות של שיבוש הליכים ומסירת ידיעה כוזבת, בעוד תיק 2 מאופיין בתכנון מוקדם.

4. **נסיבות הליבה**: ישנם הבדלים מהותיים בסוג הנשק (אקדח מול תת-מקלע) ובמצב הנשק (תקין מול תקול). כמו כן, בתיק 1 יש תחמושת ובתיק 2 אין, מה שמשנה את רמת המסוכנות המיידית.

5. **ישימות כתקדים**: למרות השוני בסוג הנשק, העובדה ששני התיקים עוסקים בסחר (144ב) למטרת רווח הופכת אותם לרלוונטיים לצורכי ענישה, שכן בית המשפט בוחן את ה""סחר"" כמרכיב מרכזי.

SIMILARITY_SCORE: 65","ok",""
"SH-23-03-19819-247","SH-16-11-7544-55",3,1,1,"{""מספר עבירה"": ""144 א"", ""סוג עבירה"": ""החזקה נשק"", ""סוג הנשק - אם לא נמצא בטבלה"": ""רובה דמוי רובה סער W300326 מסוג M-16 – רובה אויר שהוסב לירי תחמושת בקליבר 5.56X45"", ""סטטוס הנשק"": ""נשק מופרד מתחמושת"", ""תכנון"": ""לא"", ""אופן החזקת הנשק"": ""בבית, מוסלק - מוסתר"", ""כמות תחמושת"": ""3 מחסניות ובהן כמה עשרות כדורים"", ""שימוש"": ""לא""}","{""מספר עבירה"": ""144 א"", ""סוג עבירה"": ""החזקה נשק"", ""סוג הנשק [תת מקלע מאולתר]"": 1.0, ""סטטוס הנשק"": ""נשק מופרד מתחמושת"", ""תכנון"": ""לא"", ""אופן החזקת הנשק"": ""על גופו, מוסלק - מוסתר"", ""כמות תחמושת"": ""מחסנית ובה 10 כדורים"", ""שימוש"": ""לא""}",85.0,"1. **סוג העבירה וחומרתה**: שני התיקים עוסקים בעבירה על סעיף 144(א) לחוק כלי הנשק (החזקה בלבד). רמת החומרה דומה שכן בשני המקרים מדובר בהחזקה של נשק חם ללא שימוש בפועל.

2. **תפקיד הנאשם ומעורבותו**: בשני המקרים מדובר במחזיק פסיבי. אין עדות לתפקיד של סוחר, מתווך או יזם, ושני הנאשמים נמצאו עם הנשק ללא מעורבות פעילה בעבירה אחרת באותו רגע.

3. **שיטת הביצוע (MO)**: קיים דמיון בבסיס (הסלקה/הסתרה), אך יש הבדל במיקום: בתיק 1 הנשק הוסתר בבית (החזקה סטטית), ובתיק 2 הנשק היה על הגוף (מה שגובל בנשיאה, אך תויג כהחזקה).

4. **נסיבות הליבה**: שני הנשקים הם נשקים ""לא סטנדרטיים"" (הסבה של רובה אוויר לעומת תת-מקלע מאולתר). כמות התחמושת בתיק 1 גבוהה משמעותית (מספר מחסניות) לעומת תיק 2 (מחסנית אחת), אך בשני המקרים הנשק היה מופרד מהתחמושת.

5. **ישימות כתקדים**: שני התיקים עומדים תחת אותה הגדרה משפטית (144א) ועוסקים בנשקים מאולתרים/מוסבים. למרות ההבדל במיקום ההחזקה ובכמות התחמושת, הם רלוונטיים מאוד לצורכי ענישה על החזקת נשק לא חוקי בבית/על הגוף ללא כוונת שימוש מיידית.

SIMILARITY_SCORE: 85","ok",""
"ME-15-12-39071-113","ME-16-10-12213-904",1,0,0,"{""מספר עבירה"": ""144 א"", ""סוג עבירה"": ""החזקה נשק"", ""סוג הנשק [אקדח]"": 1.0, ""סטטוס הנשק"": ""תקין"", ""תכנון"": ""לא"", ""אופן החזקת הנשק"": ""ברכב, מוסלק - מוסתר"", ""מטרה-סיבת העבירה"": ""הגנה עצמית"", ""שימוש"": ""לא"", ""כמות תחמושת"": ""ללא""}","{""מספר עבירה"": ""144 ב"", ""סוג עבירה"": ""נשיאת נשק"", ""סוג הנשק [תת מקלע מאולתר]"": 1.0, ""סטטוס הנשק"": ""נשק מופרד מתחמושת"", ""תכנון"": ""כן"", ""אופן החזקת הנשק"": ""ברכב, מוסלק - מוסתר"", ""כמות תחמושת"": ""מחסנית ריקה ובה 0 כדורים, 1 כדור"", ""שימוש"": ""לא""}",25.0,"1. **סוג העבירה וחומרתה** — קיים הבדל משפטי מהותי בין סעיף 144(א) (החזקה) לסעיף 144(ב) (נשיאה/הובלה). נשיאת נשק נתפסת כעבירה חמורה יותר בשל הפוטנציאל המיידי למסביב.

2. **תפקיד הנאשם ומעורבותו** — בשני המקרים מדובר במחזיק/נושא בודד ללא אינדיקציה לסחר או תיווך, אך בתיק 2 ישנו רכיב של תכנון שאינו קיים בתיק 1.

3. **שיטת הביצוע (MO)** — קיים דמיון במיקום ההסלקה (רכב, מוסתר), אך סוג הנשק שונה מהותית (אקדח סטנדרטי מול תת-מקלע מאולתר), כאשר נשק מאולתר מעלה את רמת החומרה.

4. **נסיבות הליבה** — בתיק 1 מדובר בנשק תקין להגנה עצמית ללא תחמושת; בתיק 2 מדובר בנשק חמור יותר (תת-מקלע) עם תחמושת מינימלית ותכנון מוקדם.

5. **ישימות כתקדים** — בשל ההבחנה החדה בין 144(א) ל-144(ב), ובשל ההבדל בין אקדח לתת-מקלע מאולתר, בית המשפט לא יראה בתיק 1 תקדים מקל רלוונטי לתיק 2.

SIMILARITY_SCORE: 25","ok",""
"ME-16-08-44157-713","ME-17-05-35227-215",2,0,1,"{""מספר עבירה"": ""144 ב"", ""סוג עבירה"": ""סחר בנשק"", ""עבירות נוספות"": ""הנאשם הורשע בנוסף לעבירות נשק (סחר בנשק לפי סעיף 144(ב2)), גם בעבירה של קשירת קשר לביצוע פשע לפי סעיף 449(א)(1) לחוק העונשין, שהיא עבירה שאינה עבירת נשק."", ""סוג הנשק [רובה צלפים]"": 1.0, ""סוג הנשק - אם לא נמצא בטבלה"": ""קרל גוסטב מאולתר, מיני עוזי, אקדח 14, אקדח 7"", ""סטטוס הנשק"": ""נשק מופרד מתחמושת"", ""תכנון"": ""כן"", ""אופן החזקת הנשק"": ""בבית"", ""כמות תחמושת"": ""מחסנית"", ""מטרה-סיבת העבירה"": ""בצע כסף"", ""שימוש"": ""לא""}","{""מספר עבירה"": ""144 ב"", ""סוג עבירה"": ""נשיאת נשק, הובלת נשק"", ""סוג הנשק [תת מקלע מאולתר]"": 1.0, ""סטטוס הנשק"": ""נשק עם מחסנית בהכנס"", ""תכנון"": ""כן"", ""אופן החזקת הנשק"": ""ברכב"", ""שימוש"": ""לא"", ""כמות תחמושת"": ""ללא""}",35.0,"1. **סוג העבירה וחומרתה**: שני התיקים עוסקים בסעיף 144(ב), המהווה עבירה חמורה יותר מהחזקה פשוטה. עם זאת, תיק 1 כולל סחר וקשירת קשר לביצוע פשע, מה שמעלה את רמת החומרה הפלילית באופן משמעותי לעומת נשיאה/הובלה בתיק 2.

2. **תפקיד הנאשם ומעורבותו**: בתיק 1 הנאשם פועל כסוחר/יזם (בצע כסף) עם רשת קשרים, בעוד שבתיק 2 מדובר בנשיאה/הובלה, שמעידה על תפקיד של ביצוע או שינוע, ללא הוכחה לסחר.

3. **שיטת הביצוע (MO)**: בתיק 1 מדובר באספקה/החזקה ביתית של ארסנל מגוון ומתוכנן. בתיק 2 מדובר בנשיאה אקטיבית ברכב, דפוס ביצוע שונה מהותית מהחזקה בבית לצורכי סחר.

4. **נסיבות הליבה**: קיים פער עצום בכמות ובסוג הנשק; תיק 1 כולל ארסנל כבד ומגוון (רובה צלפים, קרל גוסטב, מספר אקדחים), בעוד תיק 2 כולל נשק בודד (תת מקלע). עם זאת, שניהם מאופיינים בתכנון ומבלי שבוצע שימוש בפועל.

5. **ישימות כתקדים**: למרות ששניהם תחת סעיף 144(ב), הפער בין ""סחר בארסנל"" לבין ""נשיאת נשק בודד"" הוא מהותי לצורכי ענישה. בית המשפט יראה בתיק 1 נסיבות מחמירות בהרבה, ולכן הוא לא ישמש כתקדים מדויק לענישה בתיק 2.

SIMILARITY_SCORE: 35","ok",""
"ME-10-08-17917-313","ME-16-04-12480-812",1,0,0,"{""מספר עבירה"": ""144 א"", ""סוג עבירה"": ""החזקה נשק"", ""עבירות נוספות"": ""הנאשם הורשע בנוסף לעבירות נשק גם בעבירה של החזקת סם מסוכן לצריכה עצמית."", ""סוג הנשק [אקדח]"": 1.0, ""סוג הנשק - אם לא נמצא בטבלה"": ""אקדח עט"", ""סטטוס הנשק"": ""נשק מופרד מתחמושת"", ""תכנון"": ""לא"", ""אופן החזקת הנשק"": ""בבית, מוסלק - מוסתר"", ""אופן קבלת הנשק"": ""מאחר"", ""כמות תחמושת"": ""3 כדורים"", ""מטרה-סיבת העבירה"": ""הגנה עצמית"", ""שימוש"": ""לא""}","{""מספר עבירה"": ""144 א, 144 ב"", ""סוג עבירה"": ""החזקה נשק, נשיאת נשק, הובלת נשק"", ""עבירות נוספות"": ""הנאשם הורשע בנוסף לעבירות נשק (סעיף 144) גם בעבירות של ניסיון חבלה חמורה בנסיבות מחמירות (סעיפים 25 + 335 + 333 לחוק העונשין) ואיומים (סעיף 192 לחוק העונשין)."", ""סוג הנשק [תת מקלע מאולתר]"": 1.0, ""סוג הנשק - אם לא נמצא בטבלה"": ""נשק"", ""סטטוס הנשק"": ""נשק עם כדור בקנה"", ""תכנון"": ""כן"", ""אופן החזקת הנשק"": ""ברכב, על גופו, מוסלק - מוסתר"", ""כמות תחמושת"": ""17 כדורים"", ""שימוש"": ""לא""}",15.0,"1. **סוג העבירה וחומרתה** — פער משמעותי. תיק 1 עוסק בהחזקה בלבד (144א), בעוד תיק 2 כולל נשיאה והובלה (144ב), שהן עבירות חמורות יותר, ובנוסף עבירות אלימות קשות (חבלה חמורה ואיומים).

2. **תפקיד הנאשם ומעורבותו** — בתיק 1 מדובר במחזיק פסיבי לצורכי הגנה עצמית. בתיק 2 מדובר בנאשם פעיל, מתכנן, שמעורב באירוע פלילי אליים ומשמעותי.

3. **שיטת הביצוע (MO)** — שונה לחלוטין. תיק 1 הוא החזקה סטטית בבית (מוסלק). תיק 2 הוא נשיאה דינמית ברכב ועל הגוף, כחלק מביצוע עבירות נוספות.

4. **נסיבות הליבה** — פערים תהומיים: סוג הנשק (אקדח עט מול תת-מקלע מאולתר), מצב הנשק (מופרד מתחמושת מול כדור בקנה), וכמות התחמושת (3 מול 17). בתיק 2 יש תכנון מוקדם ובתיק 1 אין.

5. **ישימות כתקדים** — בית המשפט לא יראה בתיק 1 תקדים לענישה בתיק 2. ההבדל בין 144(א) ל-144(ב), יחד עם השילוב של עבירות אלימות ונשק חם מסוכן יותר, הופך את תיק 2 לחמור פי כמה.

SIMILARITY_SCORE: 15","ok",""
"ME-20-07-29529-567","ME-16-08-54879-35",2,0,1,"{""מספר עבירה"": ""144 ב"", ""סוג עבירה"": ""נשיאת נשק, הובלת נשק"", ""סוג הנשק [אקדח]"": 1.0, ""סטטוס הנשק"": ""נשק מופרד מתחמושת"", ""תכנון"": ""כן"", ""אופן החזקת הנשק"": ""ברכב, על גופו, מוסלק - מוסתר"", ""כמות תחמושת"": ""2 מחסניות"", ""שימוש"": ""לא""}","{""מספר עבירה"": ""144 ב"", ""סוג עבירה"": ""נשיאת נשק, הובלת נשק"", ""סוג הנשק [תת מקלע מאולתר]"": 1.0, ""סטטוס הנשק"": ""נשק מופרד מתחמושת"", ""תכנון"": ""לא"", ""כמות תחמושת"": ""מחסנית ובה 7 כדורים"", ""שימוש"": ""לא"", ""אופן החזקת הנשק"": ""על גופו""}",65.0,"1. **סוג העבירה וחומרתה**: שני התיקים עוסקים בעבירה על סעיף 144(ב) (נשיאה והובלה), שהיא חמורה יותר מהחזקה בלבד. רמת החומרה המשפטית הבסיסית זהה.

2. **תפקיד הנאשם ומעורבותו**: בשני המקרים מדובר בנשיאה אקטיבית של הנשק (על הגוף/ברכב), ללא אינדיקציה לתפקיד של סוחר או יזם, אלא כמי שמוביל את הנשק בפועל.

3. **שיטת הביצוע (MO)**: קיים דמיון בביצוע (נשיאה פיזית), אך בתיק 1 יש אלמנט של הסתרה/הסלקה שאינו מופיע בתיק 2, מה שמעיד על רמת זהירות שונה.

4. **נסיבות הליבה**: קיים הבדל מהותי בסוג הנשק: אקדח (תיק 1) לעומת תת-מקלע מאולתר (תיק 2), כאשר האחרון נחשב בדרך כלל למסוכן וחמור יותר. כמו כן, בתיק 1 הוכח תכנון, בעוד שבתיק 2 לא, מה שמהווה נסיבה מחמירה בתיק 1.

5. **ישימות כתקדים**: למרות ההבדל בסוג הנשק ובסוגיית התכנון, שני התיקים עומדים תחת אותה הגדרה משפטית (144ב) ודפוס התנהגות דומה (נשיאה ללא שימוש). בית המשפט עשוי להשתמש בהם כבסיס להשוואה, אך יבצע התאמה משמעותית בשל סוג הנשק.

SIMILARITY_SCORE: 65","ok",""
"SH-09-05-9349-998","ME-20-07-29529-567",1,0,0,"{""מספר עבירה"": ""144 א"", ""סוג עבירה"": ""החזקה נשק"", ""סוג הנשק [אקדח]"": 1.0, ""סטטוס הנשק"": ""נשק מופרד מתחמושת"", ""תכנון"": ""לא"", ""אופן החזקת הנשק"": ""בבית, מוסלק - מוסתר"", ""כמות תחמושת"": ""מחסנית ריקה ובה 0 כדורים, 26 כדורים"", ""שימוש"": ""לא""}","{""מספר עבירה"": ""144 ב"", ""סוג עבירה"": ""נשיאת נשק, הובלת נשק"", ""סוג הנשק [אקדח]"": 1.0, ""סטטוס הנשק"": ""נשק מופרד מתחמושת"", ""תכנון"": ""כן"", ""אופן החזקת הנשק"": ""ברכב, על גופו, מוסלק - מוסתר"", ""כמות תחמושת"": ""2 מחסניות"", ""שימוש"": ""לא""}",25.0,"1. **סוג העבירה וחומרתה** — קיים הבדל משפטי מהותי בין סעיף 144(א) (החזקה) לסעיף 144(ב) (נשיאה/הובלה). נשיאה נחשבת לעבירה חמורה יותר משמעותית מהחזקה בבית, שכן היא מהווה סכנה מיידיתית ובולטת יותר למרחב הציבורי.

2. **תפקיד הנאשם ומעורבותו** — בתיק 1 מדובר בהחזקה פסיבית בתוך מעון מגורים. בתיק 2 מדובר במעורבות אקטיבית יותר (נשיאה/הובלה ברכב ועל הגוף), מה שמעלה את רמת האחריות הפלילית של הנאשם.

3. **שיטת הביצוע (MO)** — הדפוסים שונים: בתיק 1 הנשק מוסתר בבית (סטטי), בעוד שבתיק 2 הנשק נמצא בתנועה (דינמי) ועל גופו של הנאשם, מה שמעיד על כוונה שונה לחלוטין.

4. **נסיבות הליבה** — שני התיקים עוסקים באקדח מופרד מתחמושת, אך בתיק 2 קיים רכיב של ""תכנון"" שאינו קיים בתיק 1. כמות התחמושת דומה בסדרי גודל, אך מיקום הנשק (בית מול רכב/גוף) הוא נסיבה מחמירה בתיק 2.

5. **ישימות כתקדים** — בהתאם להנחיות, תיק של החזקה בלבד (144א) אינו מהווה תקדים ענישתי רלוונטי לתיק של נשיאה/הובלה (144ב). פער הענישה בין השניים הוא משמעותי ובית המשפט לא יראה בהם מקרי מקבילים.

SIMILARITY_SCORE: 25","ok",""
"ME-22-03-46930-359","ME-16-03-59260-279",1,0,0,"{""מספר עבירה"": ""144 א, 144 ב"", ""סוג עבירה"": ""החזקה נשק, סחר בנשק"", ""סוג הנשק [אקדח]"": 1.0, ""סטטוס הנשק"": ""נשק מופרד מתחמושת"", ""תכנון"": ""כן"", ""אופן קבלת הנשק"": ""רכש"", ""כמות תחמושת"": ""מחסנית"", ""מטרה-סיבת העבירה"": ""בצע כסף"", ""שימוש"": ""לא""}","{""מספר עבירה"": ""144 א, 144 ב"", ""סוג עבירה"": ""החזקה נשק, נשיאת נשק"", ""סוג הנשק [אקדח]"": 1.0, ""סטטוס הנשק"": ""נשק עם מחסנית בהכנס"", ""תכנון"": ""כן"", ""אופן החזקת הנשק"": ""ברכב, על גופו, מוסלק - מוסתר"", ""כמות תחמושת"": ""מחסנית ובה 14 כדורים"", ""שימוש"": ""לא""}",75.0,"1. **סוג העבירה וחומרתה**: שני התיקים כוללים את סעיפים 144(א) ו-144(ב), מה שמעלה את רמת החומרה מעבר להחזקה פסיבית לנשיאה/הובלה. שניהם עוסקים בהחזקה של אקדח, שהם עבירות בעלות משקל משפטי דומה.

2. **תפקיד הנאשם ומעורבותו**: בתיק 1 מדובר ב""סחר"" (מטרה של בצע כסף), מה שמעיד על תפקיד יזמי/סוחר. בתיק 2 המעורבות היא נשיאה/הסלקה, ללא ציון מפורש של סחר, אך שניהם מפגינים מעורבות פעילה ותכנון.

3. **שיטת הביצוע (MO)**: בתיק 1 הדגש הוא על רכישה לצורך מכירה. בתיק 2 הדגש הוא על הסלקה ונשיאה פיזית (ברכב/על הגוף). יש דמיון בשימוש בנשק חם (אקדח) אך שוני במטרת ההחזקה.

4. **נסיבות הליבה**: שני התיקים כוללים אקדח ומחסנית אחת (כמות תחמושת נמוכה/סטנדרטית). בתיק 2 הנשק מוכן לשימוש מיידי (מחסנית בפנים), בעוד בתיק 1 הוא מופרד, אך שניהם לא השתמשו בנשק בפועל.

5. **ישימות כתקדים**: מכיוון ששני התיקים כוללים את סעיף 144(ב) ועוסקים באותו סוג נשק ובכמות תחמושת דומה, הם רלוונטיים מאוד לצורכי ענישה. ההבדל בין ""סחר"" ל""נשיאה"" הוא משמעותי, אך השילוב של סעיפי העבירה והנסיבות הפיזיות הופך את תיק 1 לתקדים ענייני לתיק 2 (ובהיפך).

SIMILARITY_SCORE: 75","ok",""
"ME-16-02-18397-87","ME-12-03-13401-281",1,0,0,"{""מספר עבירה"": ""144 ב"", ""סוג עבירה"": ""נשיאת נשק, הובלת נשק"", ""עבירות נוספות"": ""הנאשם הורשע בנוסף לעבירות נשק (סעיף 144(ב) לחוק העונשין) גם בעבירות תעבורה: נהיגה ללא רישיון נהיגה (סעיף 10(א) לפקודת התעבורה), נהיגה ללא ביטוח (סעיף 2(א)(ב) לפקודת ביטוח רכב מנועי), וללא רישיון רכב (סעיף 2 לפקודת התעבורה)."", ""סוג הנשק [אקדח]"": 1.0, ""סטטוס הנשק"": ""תקול"", ""תכנון"": ""לא"", ""אופן החזקת הנשק"": ""ברכב, על גופו, מוסלק - מוסתר"", ""כמות תחמושת"": ""כדורים"", ""שימוש"": ""לא""}","{""מספר עבירה"": ""144 א, 144 ב"", ""סוג עבירה"": ""החזקה נשק, נשיאת נשק, הובלת נשק"", ""עבירות נוספות"": ""הנאשם הורשע גם בעבירה של ירי באזור מגורים לפי סעיף 340א לחוק העונשין, שהיא עבירה שאינה לפי סעיף 144."", ""סוג הנשק [אקדח]"": 1.0, ""סטטוס הנשק"": ""נשק עם כדור בקנה"", ""תכנון"": ""לא"", ""אופן החזקת הנשק"": ""ברכב"", ""כמות תחמושת"": ""2 מחסניות ובהן כדורים, 11 כדורים"", ""שימוש"": ""לא""}",25.0,"1. **סוג העבירה וחומרתה** — שני התיקים כוללים את סעיף 144(ב) (נשיאה והובלה), אך תיק 2 חמור משמעותית בשל ההרשעה הנוספת בירי באזור מגורים (סעיף 340א), שהיא עבירה פלילית חמורה בהרבה מעבירות תעבורה.

2. **תפקיד הנאשם ומעורבותו** — בשני המקרים מדובר בנשיאה/הובלה של אקדח, אך בתיק 2 המעורבות היא אקטיבית ומסוכנת יותר (ירי) לעומת תיק 1 שבו מדובר בהובלה פסיבית של נשק.

3. **שיטת הביצוע (MO)** — דמיון בשיטת ההובלה (ברכב), אך בתיק 1 הנשק היה מוסתר/מוסלק, בעוד בתיק 2 הנשק היה מוכן לשימוש מיידי (כדור בקנה).

4. **נסיבות הליבה** — פער מהותי במצב הנשק: בתיק 1 הנשק היה **תקול** (גורם מקל משמעותי בענישה), בעוד בתיק 2 הנשק היה תקין, טעון ושימש לירי (נסיבה מחמירה מאוד).

5. **ישימות כתקדים** — בית המשפט יראה את תיק 1 כבלתי רלוונטי כמעט לחלוטין לתיק 2; נשק תקול ועבירות תעבורה אינם מהווים בסיס להשוואה לעבירת ירי באזור מגורים ונשק תקין.

SIMILARITY_SCORE: 25","ok",""
"ME-17-10-62597-895","SH-15-12-65958-120",1,0,0,"{""מספר עבירה"": ""144 ב"", ""סוג עבירה"": ""נשיאת נשק, הובלת נשק"", ""סוג הנשק [אקדח]"": 1.0, ""סטטוס הנשק"": ""נשק מופרד מתחמושת"", ""תכנון"": ""לא"", ""אופן החזקת הנשק"": ""על גופו"", ""כמות תחמושת"": ""מחסנית, כדורים"", ""שימוש"": ""לא""}","{""מספר עבירה"": ""144 א"", ""סוג עבירה"": ""החזקה נשק"", ""סוג הנשק [אקדח]"": 1.0, ""סוג הנשק [תת מקלע מאולתר]"": 1.0, ""סטטוס הנשק"": ""נשק עם מחסנית בהכנס"", ""תכנון"": ""כן"", ""אופן החזקת הנשק"": ""בבית, מוסלק - מוסתר"", ""אופן קבלת הנשק"": ""רכש"", ""כמות תחמושת"": ""מחסנית ובה 8 כדורים, מחסנית ובה 15 כדורים, מחסנית ריקה ובה 0 כדורים, מחסנית ובה 6 כדורים"", ""מטרה-סיבת העבירה"": ""הגנה עצמית"", ""שימוש"": ""לא""}",20.0,"1. **סוג העבירה וחומרתה** — קיים הבדל משפטי מהותי: תיק 1 הוא 144(ב) (נשיאה/הובלה), הנחשבת לחמורה יותר, בעוד תיק 2 הוא 144(א) (החזקה בלבד). מדובר בסיווגים שונים של חוק הנשק עם השלכות שונות על טווח הענישה.

2. **תפקיד הנאשם ומעורבותו** — בתיק 1 הנאשם נשא את הנשק על גופו (מעורבות אקטיבית במרחב הציבורי), בעוד בתיק 2 הנאשם החזיק נשק מוסלק בביתו (מעורבות פסיבית/סטטית).

3. **שיטת הביצוע (MO)** — אין דמיון בדפוס הביצוע: נשיאה על הגוף לעומת הסתרה בבית. כמו כן, בתיק 2 יש רכישה מתוכננת של מספר כלי נשק, בניגוד לתיק 1.

4. **נסיבות הליבה** — בתיק 1 מדובר באקדח בודד עם תחמושת מופרדת. בתיק 2 מדובר בארסנל משמעותי יותר (אקדח ותת-מקלע מאולתר) עם כמות תחמושת גדולה יותר ומצב של ""נשק מוכן לשימוש"" (מחסנית בפנים).

5. **ישימות כתקדים** — בית המשפט לא יראה בתיק 1 תקדים לתיק 2 (או להיפך), שכן ההבחנה בין 144(א) ל-144(ב) היא קריטית, והנסיבות (נשיאה בחוץ מול החזקה בבית) יוצרות עולמות תוכן שונים לצורכי קביעת ענישה.

SIMILARITY_SCORE: 20","ok",""
"ME-13-02-28360-614","ME-16-06-44840-433",1,0,0,"{""מספר עבירה"": ""144 ב"", ""סוג עבירה"": ""נשיאת נשק"", ""עבירות נוספות"": ""הנאשם הורשע בנוסף לעבירות נשק (סעיף 144(ב) לחוק העונשין) גם בעבירות נוספות: הפרעה לשוטר במילוי תפקידו (סעיף 275 לחוק העונשין), נהיגה ללא רישיון (סעיף 10(א) לפקודת התעבורה), נהיגה ללא ביטוח (סעיף 2 לפקודת ביטוח רכב מנועי), ונהיגה תחת השפעת משקאות משכרים (תקנה 26(2) לתקנות התעבורה)."", ""סוג הנשק - אם לא נמצא בטבלה"": ""נשק"", ""סטטוס הנשק"": ""נשק עם כדור בקנה"", ""תכנון"": ""לא"", ""אופן החזקת הנשק"": ""ברכב"", ""שימוש"": ""לא"", ""כמות תחמושת"": ""ללא""}","{""מספר עבירה"": ""144 א, 144 ב"", ""סוג עבירה"": ""החזקה נשק, נשיאת נשק"", ""עבירות נוספות"": ""הנאשם הורשע בנוסף לעבירות נשק (סעיף 144) גם בסיוע לנסיון לתקיפה לפי סעיפים 379 + 25 + 31 לחוק העונשין. זוהי עבירה שאינה עבירת נשק."", ""סוג הנשק [רימון הלם/גז]"": 1.0, ""סטטוס הנשק"": ""נשק מופרד מתחמושת"", ""תכנון"": ""כן"", ""אופן החזקת הנשק"": ""מוסלק - מוסתר"", ""שימוש"": ""זריקת רימון"", ""כמות תחמושת"": ""ללא""}",30.0,"1. **סוג העבירה וחומרתה** — שני התיקים כוללים את סעיף 144(ב) (נשיאה), אך תיק 2 חמור משמעותית בשל השילוב של סעיף 144(א) ועבירות אלימות קשות (סיוע לתקיפה), לעומת עבירות תעבורה והפרעה לשוטר בתיק 1.

2. **תפקיד הנאשם ומעורבותו** — בתיק 1 מדובר בנשיאה ברכב (ייתכן שספונטנית או כחלק משרשרת עבירות תעבורה), בעוד שבתיק 2 יש מעורבות פעילה, תכנון מוקדם וביצוע של מעשה אלימות.

3. **שיטת הביצוע (MO)** — דפוסים שונים לחלוטין: בתיק 1 הנשק נמצא ברכב, בתיק 2 הנשק היה מוסלק ושימש לביצוע התקפה אקטיבית (זריקה).

4. **נסיבות הליבה** — פער מהותי בנסיבות: בתיק 1 הנשק היה טעון (""כדור בקנה"") אך ללא שימוש, בתיק 2 מדובר ברימון הלם/גז ששימש בפועל לתקיפה, מה שמעלה את רמת המסוכנות והחומרה של המעשה.

5. **ישימות כתקדים** — בית המשפט יראה את התיקים כשונים מהותית; תיק 1 הוא תיק ""נשיאה"" קלאסי עם נסיבות נלוות של שיכרות/תעבורה, בעוד תיק 2 הוא תיק של אלימות פלילית שבה הנשק היה כלי לביצוע עבירה חמורה.

SIMILARITY_SCORE: 30","ok",""
"SH-18-06-11098-353","SH-16-11-7544-55",3,1,1,"{""מספר עבירה"": ""144 א"", ""סוג עבירה"": ""החזקה נשק"", ""סוג הנשק [רובה סער]"": 1.0, ""סטטוס הנשק"": ""נשק מופרד מתחמושת"", ""תכנון"": ""לא"", ""אופן החזקת הנשק"": ""בבית, מוסלק - מוסתר"", ""שימוש"": ""לא"", ""כמות תחמושת"": ""ללא""}","{""מספר עבירה"": ""144 א"", ""סוג עבירה"": ""החזקה נשק"", ""סוג הנשק [תת מקלע מאולתר]"": 1.0, ""סטטוס הנשק"": ""נשק מופרד מתחמושת"", ""תכנון"": ""לא"", ""אופן החזקת הנשק"": ""על גופו, מוסלק - מוסתר"", ""כמות תחמושת"": ""מחסנית ובה 10 כדורים"", ""שימוש"": ""לא""}",75.0,"1. **סוג העבירה וחומרתה**: שני התיקים עוסקים בעבירה על סעיף 144(א) לחוק כלי הנשק (החזקה). רמת החומרה הבסיסית דומה, שכן שניהם עוסקים בהחזקה של נשק חם מסוכן.

2. **תפקיד הנאשם ומעורבותו**: בשני המקרים מדובר במחזיק פסיבי (אין עדות לסחר או תיווך). רמת המעורבות זהה – החזקה בלבד ללא שימוש אקטיבי.

3. **שיטת הביצוע (MO)**: קיים הבדל במיקום ההחזקה: בתיק 1 הנשק הוסתר בבית, בעוד בתיק 2 הנשק היה על גופו. עם זאת, שניהם השתמשו בשיטת הסתרה (""מוסלק"").

4. **נסיבות הליבה**: ישנו הבדל מהותי בכמות התחמושת; בתיק 1 אין תחמושת כלל, בעוד בתיק 2 ישנה מחסנית טעונה. כמו כן, סוג הנשק שונה (רובה סער מול תת-מקלע מאולתר), אך שניהם נשקים אוטומטיים/חצי-אוטומטיים מסוכנים.

5. **ישימות כתקדים**: שני התיקים עומדים תחת סעיף 144(א) בלבד. למרות ההבדל בתחמושת ובמיקום, הם דומים מאוד במבנה המשפטי שלהם (החזקה ללא נשיאה/הובלה), ולכן תיק אחד יכול לשמש כנקודת ייחוס לענישה בתיק השני.

SIMILARITY_SCORE: 75","ok",""
"ME-14-07-13179-197","m08000207-175",1,0,0,"{""מספר עבירה"": ""144 א, 144 ב"", ""סוג עבירה"": ""החזקה נשק, נשיאת נשק"", ""עבירות נוספות"": ""הנאשם הורשע, בנוסף לעבירות נשק לפי סעיף 144, גם בעבירות נוספות: ירי באזור מגורים (סעיף 340א), שיבוש מהלכי משפט (סעיף 244), הפרת הוראה חוקית (סעיף 287(א)), גניבה (סעיף 384), ואיומים (סעיף 192)."", ""סוג הנשק [אקדח]"": 1.0, ""סטטוס הנשק"": ""נשק עם כדור בקנה"", ""תכנון"": ""לא"", ""אופן החזקת הנשק"": ""על גופו"", ""כמות תחמושת"": ""שלוש מחסניות ובהן כדורים"", ""מטרה-סיבת העבירה"": ""בצע כסף"", ""שימוש"": ""לא""}","{""מספר עבירה"": ""144 ב"", ""סוג עבירה"": ""נשיאת נשק"", ""עבירות נוספות"": ""הנאשם הורשע בנוסף לעבירות נשק (סעיף 144(ב) לחוק העונשין) גם בשתי עבירות של החזקת סם לצריכה עצמית בלבד, לפי סעיף 7(א)+(ג) סיפא לפקודת הסמים המסוכנים."", ""סוג הנשק [אקדח]"": 1.0, ""סטטוס הנשק"": ""נשק עם מחסנית בהכנס"", ""תכנון"": ""לא"", ""אופן החזקת הנשק"": ""ברכב"", ""כמות תחמושת"": ""מחסנית ובה 15 כדורים, מחסנית ובה 10 כדורים"", ""שימוש"": ""לא""}",35.0,"1. **סוג העבירה וחומרתה** — שני התיקים כוללים את סעיף 144(ב) (נשיאה), אך תיק 1 חמור משמעותית בשל שילוב של עבירות אלימות ופשיעה (ירי, איומים, גניבה) לעומת תיק 2 שכולל עבירות סמים קלות לצריכה עצמית.

2. **תפקיד הנאשם ומעורבותו** — בתיק 1 הנאשם מופיע כדמות פלילית אקטיבית ומסוכנת יותר (מעורבות בירי ובשיבוש הליכים), בעוד שבתיק 2 מדובר בנשיאה של נשק לצד צריכת סמים, ללא עדות לפעילות פשיעתית רחבה.

3. **שיטת הביצוע (MO)** — בתיק 1 הנשק היה על הגוף (נשיאה צמודה), ובתיק 2 הנשק היה ברכב. שניהם נכנסים תחת סעיף 144(ב), אך רמת הסיכון המיידית בתיק 1 גבוהה יותר.

4. **נסיבות הליבה** — שני התיקים עוסקים באקדח עם תחמושת. עם זאת, בתיק 1 יש כמות תחמושת גדולה יותר (3 מחסניות) ונסיבות מחמירות של ירי באזור מגורים, בעוד בתיק 2 הנסיבות הן של נשיאה פסיבית יחסית.

5. **ישימות כתקדים** — בית המשפט יראה את תיק 1 כתיק של ""פשיעה חמורה"" ואת תיק 2 כתיק של ""נשיאה/סמים"". בשל הפער העצום בעבירות הנלוות (ירי ואיומים לעומת צריכה עצמית), תיק 1 לא ישמש כתקדים מקל לתיק 2, ותיק 2 לא ישמש כתקדים מייצג לחומרת תיק 1.

SIMILARITY_SCORE: 35","ok",""
"SH-17-04-19242-11","SH-16-11-7544-55",3,1,1,"{""מספר עבירה"": ""144 א"", ""סוג עבירה"": ""החזקה נשק"", ""סוג הנשק [רובה סער]"": 1.0, ""סטטוס הנשק"": ""נשק מופרד מתחמושת"", ""תכנון"": ""לא"", ""אופן החזקת הנשק"": ""בבית, מוסלק - מוסתר"", ""אופן קבלת הנשק"": ""מאחר"", ""כמות תחמושת"": ""2 מחסניות ובהן כדורים"", ""שימוש"": ""לא""}","{""מספר עבירה"": ""144 א"", ""סוג עבירה"": ""החזקה נשק"", ""סוג הנשק [תת מקלע מאולתר]"": 1.0, ""סטטוס הנשק"": ""נשק מופרד מתחמושת"", ""תכנון"": ""לא"", ""אופן החזקת הנשק"": ""על גופו, מוסלק - מוסתר"", ""כמות תחמושת"": ""מחסנית ובה 10 כדורים"", ""שימוש"": ""לא""}",85.0,"1. **סוג העבירה וחומרתה** — שני התיקים עוסקים בעבירה על סעיף 144(א) לחוק כלי הנשק (החזקה בלבד). רמת החומרה המשפטית של הסעיף זהה בשני המקרים.

2. **תפקיד הנאשם ומעורבותו** — בשני המקרים מדובר במחזיק פסיבי של נשק. אין עדות לתפקיד של סוחר, מתווך או יזם, ושני הנאשמים נמצאו במצב של החזקה בלבד.

3. **שיטת הביצוע (MO)** — קיים הבדל במיקום ההסלקה: בתיק 1 הנשק הוסתר בבית, בעוד בתיק 2 הנשק הוסתר על גוף הנאשם. עם זאת, שני המקרים כוללים ניסיון להסתיר את הנשק (מוסלק).

4. **נסיבות הליבה** — שני הנשקים היו מופרדים מתחמושת ולא נעשה בהם שימוש. סוגי הנשק שונים (רובה סער מול תת-מקלע מאולתר), אך שניהם נשקים ארוכים/חבליים בעלי פוטנציאל פגיעה גבוה. כמות התחמושת נמוכה בשני המקרים.

5. **ישימות כתקדים** — מכיוון ששני התיקים עוסקים ב-144(א) בלבד, ללא נשיאה (144ב) וללא שימוש, הם רלוונטיים מאוד זה לזה לצורכי ענישה. ההבדל בין הסתרה בבית להסתרה על הגוף הוא רלוונטי, אך לא משנה את מהות העבירה כ""החזקה"".

SIMILARITY_SCORE: 85","ok",""
"ME-14-10-31218-522","ME-14-12-6904-57",1,0,0,"{""מספר עבירה"": ""144 א"", ""סוג עבירה"": ""החזקה נשק"", ""סוג הנשק [רימון הלם/גז]"": 1.0, ""תכנון"": ""לא"", ""שימוש"": ""זריקת רימון"", ""סטטוס הנשק"": ""נשק עם כדור בקנה"", ""כמות תחמושת"": ""ללא""}","{""מספר עבירה"": ""144 ב"", ""סוג עבירה"": ""נשיאת נשק, הובלת נשק"", ""עבירות נוספות"": ""הנאשם הואשם והורשע בנוסף לעבירת נשק (סעיף 144(ב) לחוק העונשין) גם בעבירה של החזקת סם לצריכה עצמית לפי סעיף 7(א) לפקודת הסמים המסוכנים."", ""סוג הנשק [תת מקלע מאולתר]"": 1.0, ""סטטוס הנשק"": ""נשק מופרד מתחמושת"", ""תכנון"": ""כן"", ""אופן החזקת הנשק"": ""בבית, על גופו, מוסלק - מוסתר"", ""אופן קבלת הנשק"": ""רכש"", ""כמות תחמושת"": ""מחסנית וכדורים, כדורים"", ""שימוש"": ""לא""}",15.0,"1. **סוג העבירה וחומרתה** — קיים הבדל משפטי מהותי: תיק 1 עוסק בהחזקה (144א), בעוד תיק 2 עוסק בנשיאה והובלה (144ב), שהיא עבירה חמורה יותר. כמו כן, בתיק 2 ישנה עבירה נלווית של סמים, מה שמעלה את חומרת התיק הכוללת.

2. **תפקיד הנאשם ומעורבותו** — בתיק 1 הנאשם ביצע פעולה אקטיבית של שימוש (זריקה), בעוד בתיק 2 הנאשם רכש את הנשק והסתירו, מה שמעיד על תפקיד של בעלות/רכישה מול ביצוע רגעי.

3. **שיטת הביצוע (MO)** — אין דמיון. תיק 1 מתאר אירוע של שימוש בנשק (זריקת רימון), בעוד תיק 2 מתאר דפוס של רכישה, הסתרה ונשיאה של נשק אש.

4. **נסיבות הליבה** — סוגי הנשק שונים לחלוטין (רימון הלם/גז לעומת תת-מקלע מאולתר). בתיק 1 יש שימוש בפועל אך ללא תחמושת נלווית, ובתיק 2 יש תחמושת ותכנון מוקדם אך ללא שימוש.

5. **ישימות כתקדים** — בית המשפט לא יראה את תיק 1 כתקדים לענישה בתיק 2. ההבדל בין סעיף 144(א) ל-144(ב), יחד עם ההבדל התהומי בין רימון גז לתת-מקלע, הופך את התיקים לבלתי רלוונטיים זה לזה.

SIMILARITY_SCORE: 15","ok",""
"ME-16-10-9348-780","ME-17-05-35227-215",1,0,0,"{""מספר עבירה"": ""144 ב"", ""סוג עבירה"": ""נשיאת נשק"", ""סוג הנשק [רובה צייד]"": 1.0, ""סטטוס הנשק"": ""נשק מופרד מתחמושת"", ""תכנון"": ""לא"", ""אופן החזקת הנשק"": ""בבית, ברכב"", ""כמות תחמושת"": ""75 כדורים"", ""שימוש"": ""לא""}","{""מספר עבירה"": ""144 ב"", ""סוג עבירה"": ""נשיאת נשק, הובלת נשק"", ""סוג הנשק [תת מקלע מאולתר]"": 1.0, ""סטטוס הנשק"": ""נשק עם מחסנית בהכנס"", ""תכנון"": ""כן"", ""אופן החזקת הנשק"": ""ברכב"", ""שימוש"": ""לא"", ""כמות תחמושת"": ""ללא""}",45.0,"1. **סוג העבירה וחומרתה**: שני התיקים עוסקים בסעיף 144(ב) (נשיאה/הובלה), מה שיוצר בסיס משפטי זהה. עם זאת, חומרת הנשק שונה משמעותית: רובה צייד (תיק 1) לעומת תת-מקלע מאולתר (תיק 2), כאשר האחרון נתפס כנשק מסוכן ופלילי יותר.

2. **תפקיד הנאשם ומעורבותו**: בשני המקרים מדובר בנשיאה/הובלה, אך בתיק 2 קיימת מעורבות אקטיבית יותר המעידה על כוונה פלילית מובהקת (תכנון), בעוד בתיק 1 המעורבות נראית פסיבית או מקרית יותר.

3. **שיטת הביצוע (MO)**: קיים דמיון בשימוש ברכב להובלת הנשק. עם זאת, בתיק 2 הנשק היה מוכן לשימוש מיידי (מחסנית בפנים), בעוד בתיק 1 הנשק היה מופרד מהתחמושת.

4. **נסיבות הליבה**: פערים מהותיים בנסיבות: בתיק 1 יש כמות תחמושת משמעותית אך נשק פחות ""צבאי"", ובתיק 2 יש נשק קטלני ומתוכנן אך ללא תחמושת נוספת. רמת הסיכון המיידית בתיק 2 גבוהה יותר בשל סוג הנשק והמוכנות שלו.

5. **ישימות כתקדים**: למרות ששניהם תחת 144(ב), ההבדל בין רובה צייד לתת-מקלע מאולתר, ובין נשק מופרד לתכנון מוקדם, הוא קריטי בענישה. בית המשפט יראה בתיק 2 נסיבות מחמירות יותר באופן מהותי.

SIMILARITY_SCORE: 45","ok",""
"ME-16-06-42987-901","ME-12-04-33577-700",1,0,0,"{""מספר עבירה"": ""144 ב"", ""סוג עבירה"": ""נשיאת נשק"", ""עבירות נוספות"": ""הנאשם הורשע בנוסף לעבירות נשק (סעיף 144) גם בעבירות נוספות: איומים (סעיף 192), ניסיון לחבלה מחמירה (סעיף 329(א)(2)), ניסיון תקיפה בנסיבות מחמירות (סעיפים 382(א)+25), חמש עבירות של סחר בסמים (סעיפים 13+19א' לפקודת הסמים המסוכנים), החזקת סם שלא לשימוש עצמי (סעיפים 7(א)+7(ג) לפקודת הסמים המסוכנים), ועבירת גניבה (סעיף 384)."", ""סוג הנשק [רימון הלם/גז]"": 1.0, ""סוג הנשק - אם לא נמצא בטבלה"": ""כלי נשק מאולתר שבו כדור בקליבר 9 מ\""מ"", ""סטטוס הנשק"": ""תקול"", ""תכנון"": ""לא"", ""אופן החזקת הנשק"": ""על גופו"", ""שימוש"": ""לא"", ""כמות תחמושת"": ""ללא""}","{""מספר עבירה"": ""144 א, 144 ב"", ""סוג עבירה"": ""החזקה נשק, נשיאת נשק"", ""עבירות נוספות"": ""הנאשם הורשע בנוסף לעבירות נשק (סעיף 144(א) ו-144(ב)), גם בעבירות של חבלה בכוונה מחמירה (סעיף 329(א)(2)) ויריות באזור מגורים (סעיף 340(א)), שהן אינן עבירות נשק לפי סעיף 144."", ""סוג הנשק [אקדח]"": 1.0, ""סטטוס הנשק"": ""נשק עם כדור בקנה"", ""תכנון"": ""כן"", ""אופן החזקת הנשק"": ""על גופו"", ""שימוש"": ""לא"", ""כמות תחמושת"": ""ללא""}",45.0,"1. **סוג העבירה וחומרתה** — שני התיקים כוללים את סעיף 144(ב) (נשיאה), מה שיוצר בסיס משפטי משותף. עם זאת, תיק 2 כולל גם 144(א) ועבירה חמורה של יריות באזור מגורים, בעוד תיק 1 כולל רשימה ארוכה של עבירות סמים וגניבה.

2. **תפקיד הנאשם ומעורבותו** — בשני המקרים הנאשם הוא המחזיק/נושא הפעיל של הנשק על גופו. אין אינדיקציה לסחר בנשק באף אחד מהתיקים, אך בתיק 1 יש אינדיקציה לסחר בסמים.

3. **שיטת הביצוע (MO)** — בשני המקרים הנשק נשא על הגוף. עם זאת, בתיק 1 מדובר בנשק מאולתר ותקול, בעוד בתיק 2 מדובר באקדח תקין עם כדור בקנה, מה שמעלה את רמת המסוכנות הפוטנציאלית בתיק 2.

4. **נסיבות הליבה** — קיים פער משמעותי: בתיק 1 הנשק היה תקול (מפחית חומרה), בעוד בתיק 2 הנשק היה תקין והיה תכנון מוקדם. כמו כן, השילוב של נשק עם יריות (תיק 2) שונה מהשילוב של נשק עם סמים ואיומים (תיק 1).

5. **ישימות כתקדים** — למרות ששניהם עוסקים ב-144(ב), הנסיבות המקליות בתיק 1 (נשק תקול/מאולתר) מול הנסיבות המחמירות בתיק 2 (נשק תקין/תכנון/יריות) הופכות אותם לפחות רלוונטיים לצורכי ענישה הדדיים.

SIMILARITY_SCORE: 45","ok",""
"ME-15-08-44579-251","SH-17-04-19242-11",1,0,0,"{""מספר עבירה"": ""144 ב"", ""סוג עבירה"": ""נשיאת נשק"", ""סוג הנשק [אקדח]"": 1.0, ""סטטוס הנשק"": ""נשק מופרד מתחמושת"", ""תכנון"": ""לא"", ""אופן החזקת הנשק"": ""על גופו, מוסלק - מוסתר"", ""כמות תחמושת"": ""מחסנית ריקה ובה 0 כדורים"", ""שימוש"": ""לא""}","{""מספר עבירה"": ""144 א"", ""סוג עבירה"": ""החזקה נשק"", ""סוג הנשק [רובה סער]"": 1.0, ""סטטוס הנשק"": ""נשק מופרד מתחמושת"", ""תכנון"": ""לא"", ""אופן החזקת הנשק"": ""בבית, מוסלק - מוסתר"", ""אופן קבלת הנשק"": ""מאחר"", ""כמות תחמושת"": ""2 מחסניות ובהן כדורים"", ""שימוש"": ""לא""}",20.0,"1. **סוג העבירה וחומרתה**: קיים הבדל משפטי מהותי בין סעיף 144(ב) (נשיאה) לסעיף 144(א) (החזקה). נשיאת נשק על הגוף נתפסת כחמורה ומסוכנת יותר מהחזקה של נשק בבית.

2. **תפקיד הנאשם ומעורבותו**: בשני המקרים מדובר במחזיקים/נושאים ללא עדות לתפקיד של סוחר או יזם, אך בתיק 1 המעורבות היא אקטיבית יותר (נשיאה על הגוף) לעומת מעורבות פסיבית בבית בתיק 2.

3. **שיטת הביצוע (MO)**: אין דמיון בשיטה; תיק 1 עוסק בהסלקה על הגוף לצורך ניידות, בעוד תיק 2 עוסק בהסלקה סטטית בתוך מגורי הנאשם.

4. **נסיבות הליבה**: סוג הנשק שונה (אקדח מול רובה סער). בתיק 1 אין תחמושת כלל, בעוד שבתיק 2 יש כמות משמעותית של תחמושת (שתי מחסניות מלאות), מה שמשנה את רמת הסיכון הפוטנציאלי.

5. **ישימות כתקדים**: בהתאם להנחיות, ההבחנה בין 144(א) ל-144(ב) היא קריטית. בית המשפט לא יראה בתיק של החזקה בבית (144א) תקדים רלוונטי לענישה של נשיאת נשק על הגוף (144ב), ולהיפך.

SIMILARITY_SCORE: 20","ok",""
"ME-15-06-12109-344","SH-14-11-8987-965",1,0,0,"{""מספר עבירה"": ""144 ב"", ""סוג עבירה"": ""נשיאת נשק, הובלת נשק"", ""סוג הנשק [אקדח]"": 1.0, ""סטטוס הנשק"": ""תקין"", ""תכנון"": ""כן"", ""אופן החזקת הנשק"": ""ברכב, מוסלק - מוסתר"", ""שימוש"": ""לא"", ""כמות תחמושת"": ""ללא""}","{""מספר עבירה"": ""144 א"", ""סוג עבירה"": ""החזקה נשק"", ""עבירות נוספות"": ""הנאשם הורשע גם בעבירת גניבה לפי סעיף 384 לחוק העונשין, בנוסף לעבירת החזקת נשק שלא כדין לפי סעיף 144(א)."", ""סוג הנשק [אקדח]"": 1.0, ""סטטוס הנשק"": ""תקול"", ""תכנון"": ""לא"", ""אופן החזקת הנשק"": ""בבית, על גופו"", ""אופן קבלת הנשק"": ""גנב"", ""שימוש"": ""לא"", ""כמות תחמושת"": ""ללא""}",20.0,"1. **סוג העבירה וחומרתה**: קיים הבדל משפטי מהותי בין סעיף 144(ב) (נשיאה והובלה), הנחשב לחמור יותר בשל הסיכון המיידי למרחב הציבורי, לבין סעיף 144(א) (החזקה בלבד). רמת החומרה של תיק 1 גבוהה משמעותית מזו של תיק 2.

2. **תפקיד הנאשם ומעורבותו**: בתיק 1 מדובר בנשיאה תכנונית ומוסלקת (מעורבות אקטיבית), בעוד שבתיק 2 הנשק נגנב והחזקתו היא פסיבית יותר, תוך שילוב של עבירה רכושנית (גניבה).

3. **שיטת הביצוע (MO)**: דפוסי הביצוע שונים לחלוטין; בתיק 1 ישנו אלמנט של הסלקה ברכב ותכנון מוקדם, בעוד שבתיק 2 מדובר בהחזקה בבית/על הגוף לאחר גניבה, ללא תכנון מוקדם של נשיאה.

4. **נסיבות הליבה**: בתיק 1 הנשק תקין ומוסלק (נסיבה מחמירה), בעוד שבתיק 2 הנשק תקול (נסיבה מקלה משמעותית) והוא נגנב. שני התיקים חולקים את העובדה שאין תחמושת ולא היה שימוש בפועל.

5. **ישימות כתקדים**: בית המשפט לא יראה בתיק 144(א) (במיוחד עם נשק תקול) תקדים רלוונטי לענישה של תיק 144(ב) (עם נשק תקין ומוסלק), שכן מדובר בדרגות מסוכנות שונות של עבירות נשק.

SIMILARITY_SCORE: 20","ok",""
"ME-21-10-18557-340","ME-16-12-50986-619",3,1,1,"{""מספר עבירה"": ""144 א, 144 ב"", ""סוג עבירה"": ""החזקה נשק, נשיאת נשק, הובלת נשק"", ""עבירות נוספות"": ""הנאשם הורשע בנוסף לעבירות נשק (סעיף 144(א) ו-144(ב) לחוק העונשין) גם בעבירה של ירי מנשק חם לפי סעיף 340א(ב)(1) ו-(2) לחוק העונשין, שהיא עבירה שאינה לפי סעיף 144 ולכן נחשבת לעבירה נוספת."", ""סוג הנשק [תת מקלע מאולתר]"": 1.0, ""סטטוס הנשק"": ""נשק עם כדור בקנה"", ""תכנון"": ""לא"", ""אופן החזקת הנשק"": ""בבית, ברכב"", ""כמות תחמושת"": ""מחסנית ולכל הפחות 2 כדורים"", ""מטרה-סיבת העבירה"": ""הפחדה/הקנטה"", ""שימוש"": ""לא""}","{""מספר עבירה"": ""144 ב"", ""סוג עבירה"": ""נשיאת נשק, הובלת נשק"", ""עבירות נוספות"": ""הנאשם הורשע גם בעבירות שאינן לפי סעיף 144 לחוק העונשין: קשירת קשר לפשע (סעיף 449(א)(1)), איומים (סעיף 192), וירי באזור מגורים (סעיף 340א')."", ""סוג הנשק - אם לא נמצא בטבלה"": ""נשק"", ""סטטוס הנשק"": ""נשק עם כדור בקנה"", ""תכנון"": ""כן"", ""אופן החזקת הנשק"": ""ברכב, על גופו"", ""מטרה-סיבת העבירה"": ""הפחדה ואיומים"", ""שימוש"": ""לא"", ""כמות תחמושת"": ""ללא""}",85.0,"1. **סוג העבירה וחומרתה** — שני התיקים כוללים את סעיף 144(ב) (נשיאה והובלה), שהיא עבירה חמורה יותר מהחזקה בלבד. שניהם כוללים עבירות נלוות חמורות של ירי (340א), מה שמעלה את רמת החומרה של שני התיקים לרמה דומה מאוד.

2. **תפקיד הנאשם ומעורבותו** — בשני המקרים מדובר בנשיאה אקטיבית של נשק לצורך ביצוע פעולה (הפחדה/איומים). אין אינדיקציה לסחר או תפקיד של ""שליח"" בלבד, אלא מעורבות פעילה בשימוש בנשק ככלי להשפעה.

3. **שיטת הביצוע (MO)** — דפוס דומה מאוד: נשיאת נשק ברכב/על הגוף לצורך הפחדה. שני הנאשמים השתמשו בנשק כחלק מאירוע של איומים או ירי, מה שמעיד על דפוס התנהגות פלילי דומה.

4. **נסיבות הליבה** — בשני התיקים הנשק היה ""מוכן לשימוש"" (כדור בקנה). בעוד שבתיק 1 צוין סוג נשק ספציפי (תת-מקלע מאולתר) ובתיק 2 צוין תכנון מוקדם, שתי הנסיבות הללו מחמירות את התיקים באופן מקביל. כמות התחמושת בתיק 1 נמוכה, ובתיק 2 לא צוינה, כך שזהו אינו גורם מבדל משמעותי.

5. **ישימות כתקדים** — בית המשפט יראה את התיקים כרלוונטיים מאוד. שניהם עוסקים בנשיאת נשק (144ב) המשולבת עם עבירות אלימות/ירי, מה שהופך את נסיבות הענישה בתיק אחד למדד ענייני ורלוונטי עבור השני.

SIMILARITY_SCORE: 85","ok",""
"ME-13-10-53169-537","ME-13-10-28139-807",2,0,1,"{""מספר עבירה"": ""144 ב"", ""סוג עבירה"": ""נשיאת נשק"", ""עבירות נוספות"": ""הנאשם הורשע גם בירי בנשק (כ-15 יריות לכיוון שאינו ידוע), שהיא עבירה לפי סעיף 340א לחוק העונשין (ירי באזור מגורים או ירי מנשק חם), בנוסף לעבירות הנשק לפי סעיף 144."", ""סוג הנשק [אקדח]"": 1.0, ""סטטוס הנשק"": ""נשק עם כדור בקנה"", ""תכנון"": ""כן"", ""אופן החזקת הנשק"": ""ברכב, על גופו, מוסלק - מוסתר"", ""כמות תחמושת"": ""מחסנית ריקה ובה 0 כדורים, 2 כדורים, 17 כדורים, מחסנית"", ""שימוש"": ""לא""}","{""מספר עבירה"": ""144 א"", ""סוג עבירה"": ""החזקה נשק"", ""עבירות נוספות"": ""הנאשם הורשע, בנוסף לעבירות נשק לפי סעיף 144(א), גם בעבירת ניסיון לחבלה חמורה בנסיבות מחמירות לפי סעיפים 333+335(א)(1) ו-25 לחוק העונשין. מדובר בעבירת אלימות חמורה שאינה עבירת נשק."", ""סוג הנשק [אקדח]"": 1.0, ""סטטוס הנשק"": ""נשק עם כדור בקנה"", ""תכנון"": ""כן"", ""אופן החזקת הנשק"": ""על גופו"", ""מטרה-סיבת העבירה"": ""פגיעה בכבוד"", ""שימוש"": ""לא"", ""כמות תחמושת"": ""ללא""}",35.0,"1. **סוג העבירה וחומרתה** — קיים הבדל משפטי מהותי בין סעיף 144(ב) (נשיאה/הובלה) לבין 144(א) (החזקה בלבד). בעוד ששני התיקים כוללים עבירות נלוות חמורות, אופי עבירת הנשק שונה מיסודו.

2. **תפקיד הנאשם ומעורבותו** — בשני המקרים הנאשם הוא המחזיק/נושא בפועל. עם זאת, בתיק 1 ישנה מעורבות אקטיבית יותר בשימוש בנשק (ירי), בעוד בתיק 2 המעורבות האלימה היא ניסיון לחבלה שאינה בהכרח קשורה לשימוש בנשק.

3. **שיטת הביצוע (MO)** — בתיק 1 ישנו דפוס של נשיאה ברכב וביצוע יריים, בעוד בתיק 2 מדובר בהחזקה על הגוף לצורך פגיעה בכבוד. הדפוסים שונים: אחד הוא ""ביצועי"" (ירי) והשני הוא ""הרתעתי/אלימות פיזית"".

4. **נסיבות הליבה** — בתיק 1 ישנה כמות תחמושת מוגדרת וביצוע בפועל של ירי (נסיבה מחמירה מאוד). בתיק 2 אין תחמושת מצוינת, אך יש ניסיון לחבלה חמורה. רמת החומרה הכללית גבוהה בשניהם, אך מקור החומרה שונה (ירי לעומת חבלה).

5. **ישימות כתקדים** — בשל ההבחנה המהותית בין 144(א) ל-144(ב), וכן בשל העובדה שבתיק 1 בוצע ירי בפועל (שמשנה את מרכז הכובד של הענישה), בית המשפט לא יראה בתיק 1 תקדים ענישתי רלוונטי לתיק 2.

SIMILARITY_SCORE: 35","ok",""
"SH-15-12-65958-120","SH-16-09-33552-535",3,1,1,"{""מספר עבירה"": ""144 א"", ""סוג עבירה"": ""החזקה נשק"", ""סוג הנשק [אקדח]"": 1.0, ""סוג הנשק [תת מקלע מאולתר]"": 1.0, ""סטטוס הנשק"": ""נשק עם מחסנית בהכנס"", ""תכנון"": ""כן"", ""אופן החזקת הנשק"": ""בבית, מוסלק - מוסתר"", ""אופן קבלת הנשק"": ""רכש"", ""כמות תחמושת"": ""מחסנית ובה 8 כדורים, מחסנית ובה 15 כדורים, מחסנית ריקה ובה 0 כדורים, מחסנית ובה 6 כדורים"", ""מטרה-סיבת העבירה"": ""הגנה עצמית"", ""שימוש"": ""לא""}","{""מספר עבירה"": ""144 א"", ""סוג עבירה"": ""החזקה נשק"", ""סוג הנשק [אקדח]"": 1.0, ""סוג הנשק [רובה סער מאולתר]"": 1.0, ""סטטוס הנשק"": ""נשק מופרד מתחמושת"", ""תכנון"": ""כן"", ""אופן החזקת הנשק"": ""מוסלק - מוסתר"", ""כמות תחמושת"": ""מחסנית, מחסנית ריקה ובה 0 כדורים, 4 כדורים, 60 כדורים"", ""שימוש"": ""לא""}",85.0,"1. **סוג העבירה וחומרתה** — שני התיקים עוסקים בעבירה על סעיף 144(א) לחוק כלי הנשק (החזקה בלבד). רמת החומרה דומה מאוד שכן בשני המקרים מדובר בהחזקה של נשק חם וסוגי נשק מסוכנים.

2. **תפקיד הנאשם ומעורבותו** — בשני המקרים הנאשם הוא המחזיק בנשק. אין אינדיקציה לסחר או תיווך, ושני הנאשמים פועלים באופן עצמאי להסתרת הנשק.

3. **שיטת הביצוע (MO)** — דפוס הביצוע זהה: רכישה/השגה של נשק והסלקתו (הסתרה) במקום מגורים או מקום מוסתר. בשני המקרים לא היה שימוש בפועל בנשק.

4. **נסיבות הליבה** — קיימת דמיון רב: שניהם מחזיקים באקדח ובנשק מאולתר (תת-מקלע מול רובה סער). עם זאת, בתיק 1 הנשק היה עם מחסנית בהכנס (מוכן לשימוש), בעוד בתיק 2 הנשק היה מופרד מתחמושת, מה שמהווה נסיבה מקלה יחסית בתיק 2. כמות התחמושת בתיק 2 גבוהה יותר באופן משמעותי (60 כדורים).

5. **ישימות כתקדים** — שני התיקים עומדים באותה הגדרה משפטית (144א) ובעלי נסיבות עובדתיות דומות מאוד (שילוב של אקדח ונשק מאולתר מוסלק). בית המשפט יראה אותם כרלוונטיים מאוד לצורכי קביעת טווח ענישה.

SIMILARITY_SCORE: 85","ok",""
"ME-16-05-9968-487","SH-11-01-41775-497",2,0,1,"{""מספר עבירה"": ""144 א, 144 ב"", ""סוג עבירה"": ""החזקה נשק, נשיאת נשק"", ""סוג הנשק [תת מקלע מאולתר]"": 1.0, ""סטטוס הנשק"": ""נשק עם מחסנית בהכנס"", ""תכנון"": ""לא"", ""אופן החזקת הנשק"": ""מוסלק - מוסתר"", ""אופן קבלת הנשק"": ""מאחר"", ""כמות תחמושת"": ""מחסנית"", ""מטרה-סיבת העבירה"": ""ירי בחתונה"", ""שימוש"": ""לא""}","{""מספר עבירה"": ""144 א, 144 ב"", ""סוג עבירה"": ""החזקה נשק"", ""סוג הנשק [אקדח]"": 1.0, ""סטטוס הנשק"": ""נשק מופרד מתחמושת"", ""תכנון"": ""לא"", ""אופן החזקת הנשק"": ""בבית, ברכב"", ""כמות תחמושת"": ""מחסנית, 34 כדורים"", ""שימוש"": ""לא""}",45.0,"1. **סוג העבירה וחומרתה**: שני התיקים כוללים את סעיפים 144(א) ו-144(ב), מה שמעיד על מעבר מהחזקה פסיבית לנשיאה/הובלה פעילה. רמת החומרה דומה מבחינה סטטוטורית, אך סוג הנשק בתיק 1 (תת-מקלע) נחשב לחמור יותר מאקדח.

2. **תפקיד הנאשם ומעורבותו**: בשני המקרים מדובר במחזיק/נושא בודד ללא אינדיקציה לסחר או תפקיד של ספק. המעורבות היא אישית וישירה בשני התיקים.

3. **שיטת הביצוע (MO)**: בתיק 1 הנשק היה מוסלק (הסתרה אקטיבית), בעוד בתיק 2 הנשק היה בבית וברכב. יש דמיון בבסיס העבירה, אך שיטת ההסתרה בתיק 1 מעידה על רצון גבוה יותר להעלים את העבירה מהרשויות.

4. **נסיבות הליבה**: קיים הבדל מהותי במוכנות הנשק: בתיק 1 הנשק היה עם מחסנית בפנים למטרת ירי (סיכון מיידי), בעוד בתיק 2 הנשק היה מופרד מתחמושת. כמו כן, המטרה בתיק 1 (ירי בחתונה) היא נסיבה מחמירה המעידה על כוונה לשימוש, בניגוד לתיק 2.

5. **ישימות כתקדים**: למרות ששני התיקים עוסקים ב-144(א,ב), הפער בין תת-מקלע טעון לבין אקדח מופרד, וההבדל בין כוונה לירי לבין החזקה ""סטטית"", יגרמו לבית המשפט להבחין ביניהם משמעותית בענישה. תיק 1 מייצג רמת מסוכנות גבוהה בהרבה.

SIMILARITY_SCORE: 45","ok",""
"ME-19-04-1316-977","ME-16-05-19384-544",1,0,0,"{""מספר עבירה"": ""144 ב"", ""סוג עבירה"": ""סחר בנשק, ניסיון לסחר בנשק"", ""סוג הנשק [אקדח]"": 1.0, ""סוג הנשק [תת מקלע מאולתר]"": 1.0, ""סטטוס הנשק"": ""תקול"", ""תכנון"": ""לא"", ""אופן החזקת הנשק"": ""ברכב"", ""כמות תחמושת"": ""מחסנית, 900 כדורים"", ""מטרה-סיבת העבירה"": ""בצע כסף"", ""שימוש"": ""לא""}","{""מספר עבירה"": ""144 א, 144 ב"", ""סוג עבירה"": ""נשיאת נשק, סחר בנשק"", ""עבירות נוספות"": ""הנאשם הורשע גם בעבירת ניסיון לחבלה חמורה לפי סעיף 333 בצירוף סעיף 25 לחוק העונשין, שאינה עבירת נשק לפי סעיף 144."", ""סוג הנשק - אם לא נמצא בטבלה"": ""רובה מסוג תבור, קרל גוסטב"", ""סטטוס הנשק"": ""נשק מופרד מתחמושת"", ""תכנון"": ""כן"", ""אופן החזקת הנשק"": ""בבית, על גופו, מוסלק - מוסתר"", ""אופן קבלת הנשק"": ""רכש"", ""כמות תחמושת"": ""10 כדורים"", ""מטרה-סיבת העבירה"": ""בצע כסף"", ""שימוש"": ""לא""}",35.0,"1. **סוג העבירה וחומרתה**: שני התיקים כוללים את סעיף 144(ב) (סחר/נשיאה), אך תיק 2 חמור משמעותית בשל הצירוף של ניסיון לחבלה חמורה (סעיף 333), מה שמעלה את רמת המסוכנות הפוטנציאלית של הנאשם.

2. **תפקיד הנאשם ומעורבותו**: בשני המקרים מדובר במעורבות פעילה למטרת רווח כספי (סחר), אך בתיק 2 ישנה רכישה אקטיבית של נשק קשה יותר, בעוד בתיק 1 מדובר בניסיון סחר בנשק תקול.

3. **שיטת הביצוע (MO)**: בתיק 1 הנשק נמצא ברכב (הובלה/סחר), בעוד בתיק 2 ישנו דפוס מורכב יותר של הסתרה בבית ונשיאה על הגוף, לצד תכנון מוקדם שאינו קיים בתיק 1.

4. **נסיבות הליבה**: קיים פער עצום בסוג הנשק והתחמושת; תיק 1 כולל כמות תחמושת אדירה (900 כדורים) אך נשק תקול, בעוד תיק 2 כולל נשק קשה ומסוכן מאוד (תבור, קרל גוסטב) ותכנון פלילי רחב יותר.

5. **ישימות כתקדים**: למרות ששניהם תחת סעיף 144(ב), השוני בנסיבות המחמירות (חבלה חמורה בתיק 2) ובסוגי הנשק הופך את תיק 2 לבלתי רלוונטי כבסיס לענישה בתיק 1, שבו הנשק היה תקול והעבירה מוגבלת לסחר.

SIMILARITY_SCORE: 35","ok",""
"SH-16-02-10948-419","SH-16-11-19417-55",3,1,1,"{""מספר עבירה"": ""144 א"", ""סוג עבירה"": ""החזקה נשק"", ""סוג הנשק [אקדח]"": 1.0, ""סטטוס הנשק"": ""תקין"", ""תכנון"": ""לא"", ""אופן החזקת הנשק"": ""בבית"", ""שימוש"": ""לא"", ""כמות תחמושת"": ""ללא""}","{""מספר עבירה"": ""144 א"", ""סוג עבירה"": ""החזקה נשק"", ""סוג הנשק [אקדח]"": 1.0, ""סטטוס הנשק"": ""נשק מופרד מתחמושת"", ""תכנון"": ""לא"", ""אופן החזקת הנשק"": ""ברכב, מוסלק - מוסתר"", ""כמות תחמושת"": ""מחסנית ובה כדורים"", ""שימוש"": ""לא""}",75.0,"1. **סוג העבירה וחומרתה**: שני התיקים עוסקים בעבירה על סעיף 144(א) לחוק הנשק (החזקה בלבד). רמת החומרה הבסיסית דומה, שכן שניהם אינם כוללים נשיאה או הובלה (144ב).

2. **תפקיד הנאשם ומעורבותו**: בשני המקרים מדובר במחזיק פסיבי של נשק בודד. אין עדות לתפקיד של סוחר, מתווך או יזם באספקת הנשק.

3. **שיטת הביצוע (MO)**: קיים הבדל במיקום ההחזקה – בבית (תיק 1) לעומת רכב עם הסתרה (תיק 2). עם זאת, שניהם אינם כוללים שימוש אקטיבי בנשק או תכנון של פשע נוסף.

4. **נסיבות הליבה**: בתיק 1 אין תחמושת, בעוד בתיק 2 יש תחמושת אך היא מופרדת מהנשק. ההסתרה ברכב בתיק 2 עשויה להיחשב כנסיבה מחמירה יותר מאשר החזקה בבית, אך שניהם נשארים במסגרת של ""החזקה"".

5. **ישימות כתקדים**: שני התיקים עומדים תחת אותה הגדרה משפטית (144א) ועוסקים באקדח בודד ללא שימוש. בית המשפט יראה אותם כרלוונטיים לצורכי ענישה, תוך התאמה קלה בגלל נושא התחמושת והמיקום.

SIMILARITY_SCORE: 75","ok",""
"ME-22-03-52964-443","ME-17-05-35227-215",2,0,1,"{""מספר עבירה"": ""144 א, 144 ב"", ""סוג עבירה"": ""החזקה נשק, נשיאת נשק, הובלת נשק"", ""עבירות נוספות"": ""הנאשם הורשע בנוסף לעבירות נשק גם בעבירת הפרעה לשוטר במילוי תפקידו לפי סעיף 275 לחוק העונשין. לא צוינו עבירות נוספות שאינן עבירות נשק או הפרעה לשוטר."", ""סוג הנשק [אקדח]"": 1.0, ""סטטוס הנשק"": ""נשק עם מחסנית בהכנס"", ""תכנון"": ""כן"", ""אופן החזקת הנשק"": ""על גופו, מוסלק - מוסתר"", ""כמות תחמושת"": ""מחסנית ובה 16 כדורים, מחסנית נוספת ובה 16 כדורים"", ""מטרה-סיבת העבירה"": ""הגנה עצמית"", ""שימוש"": ""לא""}","{""מספר עבירה"": ""144 ב"", ""סוג עבירה"": ""נשיאת נשק, הובלת נשק"", ""סוג הנשק [תת מקלע מאולתר]"": 1.0, ""סטטוס הנשק"": ""נשק עם מחסנית בהכנס"", ""תכנון"": ""כן"", ""אופן החזקת הנשק"": ""ברכב"", ""שימוש"": ""לא"", ""כמות תחמושת"": ""ללא""}",45.0,"1. **סוג העבירה וחומרתה**: שני התיקים כוללים את סעיף 144(ב) (נשיאה והובלה), שהיא עבירה חמורה יותר מהחזקה בלבד. עם זאת, בתיק 2 מדובר בנשק מסוג תת-מקלע מאולתר, שנחשב לחמור משמעותית מאקדח בתיק 1 מבחינת פוטנציאל פגיעה וסיווג משפטי.

2. **תפקיד הנאשם ומעורבותו**: בשני המקרים מדובר בנשיאה/הובלה פעילה של הנשק (על הגוף/ברכב), מה שמעיד על מעורבות אקטיבית. לא מצוין בתיק 2 אם הנאשם הוא סוחר או מחזיק, אך רמת הפעילות דומה.

3. **שיטת הביצוע (MO)**: קיימת דמיון בסיסי בכך ששני הנאשמים תכננו את המעשה והסתירו את הנשק (הסלקה/רכב). עם זאת, סוג הנשק משנה את אופי הביצוע (נשק קטן ומוסתר לעומת נשק ארוך/מאולתר).

4. **נסיבות הליבה**: פער משמעותי בכמות התחמושת (בתיק 1 יש כמות נכבדה של 32 כדורים, בתיק 2 ללא תחמושת). מנגד, בתיק 1 מופיעה טענת ""הגנה עצמית"" ועבירת הפרעה לשוטר, נסיבות שאינן קיימות בתיק 2.

5. **ישימות כתקדים**: למרות ששניהם תחת סעיף 144(ב), הפער בין אקדח לתת-מקלע מאולתר הוא מהותי בענישה. בית המשפט יראה בנשק מאולתר נסיבה מחמירה יותר, אך בתיק 1 התחמושת הרבה והעבירות הנלוות עשויות להעלות את רף הענישה. הם רלוונטיים כבסיס, אך לא כזהים.

SIMILARITY_SCORE: 45","ok",""
"ME-18-04-19642-504","ME-21-10-18557-340",2,0,1,"{""מספר עבירה"": ""144 א, 144 ב"", ""סוג עבירה"": ""נשיאת נשק, הובלת נשק"", ""עבירות נוספות"": ""הנאשם הורשע בנוסף לעבירות נשק (סעיפים 144(א) ו-144(ב) לחוק העונשין) גם בעבירה של מעשי פזיזות ורשלנות לפי סעיף 338(א)(5) לחוק העונשין, שהיא עבירה שאינה עבירת נשק."", ""סוג הנשק [אקדח]"": 1.0, ""סטטוס הנשק"": ""נשק עם כדור בקנה"", ""תכנון"": ""לא"", ""אופן החזקת הנשק"": ""ברכב, על גופו, מוסלק - מוסתר"", ""כמות תחמושת"": ""2 מחסניות, 40 כדורים"", ""מטרה-סיבת העבירה"": ""אלימות במשפחה"", ""שימוש"": ""לא""}","{""מספר עבירה"": ""144 א, 144 ב"", ""סוג עבירה"": ""החזקה נשק, נשיאת נשק, הובלת נשק"", ""עבירות נוספות"": ""הנאשם הורשע בנוסף לעבירות נשק (סעיף 144(א) ו-144(ב) לחוק העונשין) גם בעבירה של ירי מנשק חם לפי סעיף 340א(ב)(1) ו-(2) לחוק העונשין, שהיא עבירה שאינה לפי סעיף 144 ולכן נחשבת לעבירה נוספת."", ""סוג הנשק [תת מקלע מאולתר]"": 1.0, ""סטטוס הנשק"": ""נשק עם כדור בקנה"", ""תכנון"": ""לא"", ""אופן החזקת הנשק"": ""בבית, ברכב"", ""כמות תחמושת"": ""מחסנית ולכל הפחות 2 כדורים"", ""מטרה-סיבת העבירה"": ""הפחדה/הקנטה"", ""שימוש"": ""לא""}",65.0,"1. **סוג העבירה וחומרתה** — שני התיקים כוללים את סעיפים 144(א) ו-144(ב), מה שמעמיד אותם באותה רמה של חומרה בסיסית (נשיאה והובלה). עם זאת, העבירות הנלוות שונות משמעותית: רשלנות בתיק 1 לעומת ירי מנשק חם בתיק 2, כאשר האחרונה חמורה בהרבה.

2. **תפקיד הנאשם ומעורבותו** — בשני המקרים מדובר בנשיאה/הובלה אישית ללא אינדיקציה לסחר או תפקיד של ספק. המעורבות היא פעילה בשני המקרים (נשיאה ברכב).

3. **שיטת הביצוע (MO)** — דפוס דומה של נשיאת נשק ברכב עם כדור בקנה. ההבדל המהותי הוא בסוג הנשק: אקדח (נשק סטנדרטי) בתיק 1 לעומת תת-מקלע מאולתר (נשק חמור ומסוכן יותר) בתיק 2.

4. **נסיבות הליבה** — כמות התחמושת בתיק 1 גבוהה משמעותית (40 כדורים), אך סוג הנשק בתיק 2 חמור יותר. המטרות (אלימות במשפחה מול הפחדה) הן נסיבות מחמירות דומות של שימוש בנשק לצורכי פשיעה/אלימות.

5. **ישימות כתקדים** — שני התיקים עוסקים בנשיאה והובלה (144ב), מה שהופך אותם לרלוונטיים. עם זאת, הפער בין אקדח לתת-מקלע מאולתר, ובין רשלנות לירי, יוצר הבדל משמעותי בטווח הענישה הצפוי.

SIMILARITY_SCORE: 65","ok",""
"ME-16-03-59260-279","SH-11-12-35552-181",2,0,1,"{""מספר עבירה"": ""144 א, 144 ב"", ""סוג עבירה"": ""החזקה נשק, נשיאת נשק"", ""סוג הנשק [אקדח]"": 1.0, ""סטטוס הנשק"": ""נשק עם מחסנית בהכנס"", ""תכנון"": ""כן"", ""אופן החזקת הנשק"": ""ברכב, על גופו, מוסלק - מוסתר"", ""כמות תחמושת"": ""מחסנית ובה 14 כדורים"", ""שימוש"": ""לא""}","{""מספר עבירה"": ""144 א"", ""סוג עבירה"": ""החזקה נשק"", ""סוג הנשק [אקדח]"": 1.0, ""סטטוס הנשק"": ""תקין"", ""תכנון"": ""כן"", ""אופן החזקת הנשק"": ""בבית, מוסלק - מוסתר"", ""אופן קבלת הנשק"": ""רכש"", ""שימוש"": ""לא"", ""כמות תחמושת"": ""ללא""}",35.0,"1. **סוג העבירה וחומרתה**: תיק 1 כולל הן החזקה והן נשיאה (144 א' וב'), בעוד תיק 2 עוסק בהחזקה בלבד (144 א'). פער זה הוא מהותי מבחינה משפטית, שכן נשיאה נחשבת לעבירה חמורה יותר המשקפת סכנה מיידית יותר לציבור.

2. **תפקיד הנאשם ומעורבותו**: בשני התיקים מדובר במחזיקים של נשק (אקדח), אך בתיק 1 הנאשם נשא את הנשק על גופו/ברכב, מה שמעיד על מעורבות אקטיבית יותר מאשר החזקה פסיבית בבית כפי שמופיע בתיק 2.

3. **שיטת הביצוע (MO)**: בתיק 1 הנשק היה נייד ומוסלק בדרכים, בעוד בתיק 2 הנשק היה מוסלק בתוך מגורי הנאשם. דפוס ההסלקה דומה, אך המיקום משנה את רמת הסיכון.

4. **נסיבות הליבה**: קיים פער משמעותי בכמות התחמושת; בתיק 1 הנשק היה מוכן לשימוש (מחסנית עם 14 כדורים), בעוד בתיק 2 לא נמצאה תחמושת כלל. נסיבה זו מקלה משמעותית את תיק 2 לעומת תיק 1.

5. **ישימות כתקדים**: בשל ההבדל בין 144(א) ל-144(ב) והעובדה שבתיק 2 אין תחמושת והנשק לא יצא מהבית, בית המשפט לא יראה בתיק 2 תקדים רלוונטי להפחתת ענישה בתיק 1.

SIMILARITY_SCORE: 35","ok",""
"ME-16-06-44840-433","ME-14-10-31218-522",1,0,0,"{""מספר עבירה"": ""144 א, 144 ב"", ""סוג עבירה"": ""החזקה נשק, נשיאת נשק"", ""עבירות נוספות"": ""הנאשם הורשע בנוסף לעבירות נשק (סעיף 144) גם בסיוע לנסיון לתקיפה לפי סעיפים 379 + 25 + 31 לחוק העונשין. זוהי עבירה שאינה עבירת נשק."", ""סוג הנשק [רימון הלם/גז]"": 1.0, ""סטטוס הנשק"": ""נשק מופרד מתחמושת"", ""תכנון"": ""כן"", ""אופן החזקת הנשק"": ""מוסלק - מוסתר"", ""שימוש"": ""זריקת רימון"", ""כמות תחמושת"": ""ללא""}","{""מספר עבירה"": ""144 א"", ""סוג עבירה"": ""החזקה נשק"", ""סוג הנשק [רימון הלם/גז]"": 1.0, ""תכנון"": ""לא"", ""שימוש"": ""זריקת רימון"", ""סטטוס הנשק"": ""נשק עם כדור בקנה"", ""כמות תחמושת"": ""ללא""}",35.0,"1. **סוג העבירה וחומרתה**: תיק 1 כולל נשיאה (144ב) וסיוע לתקיפה, מה שמעלה את רמת החומרה משמעותית. תיק 2 עוסק בהחזקה בלבד (144א), שהיא עבירה פחות חמורה מהנשיאה והשימוש הפעיל בתיק 1.

2. **תפקיד הנאשם ומעורבותו**: בתיק 1 הנאשם הוא שותף פעיל למעשה אלימות (סיוע לתקיפה), בעוד שבתיק 2 המעורבות מוגדרת כהחזקה בלבד, ללא עבירות נלוות של פגיעה בזולת.

3. **שיטת הביצוע (MO)**: שני התיקים כוללים שימוש ברימון (זריקה), אך בתיק 1 ישנו אלמנט של הסלקה ותכנון מוקדם, בעוד שבתיק 2 לא נמצא תכנון.

4. **נסיבות הליבה**: שני התיקים עוסקים ברימון הלם/גז, אך בתיק 1 הנשק היה מוסלק והוא חלק מאירוע פלילי רחב יותר. בתיק 2 מדובר בהחזקה פשוטה יותר, למרות הציון של ""כדור בקנה"" (שאינו רלוונטי לרימון אך מעיד על מוכנות).

5. **ישימות כתקדים**: בשל ההבדל המהותי בין 144(א) ל-144(ב) והעובדה שתיק 1 כולל עבירות אלימות (תקיפה), בית המשפט יראה בתיק 1 נסיבות מחמירות בהרבה. תיק 2 אינו יכול לשמש כתקדים לענישה בתיק 1, ולהיפך, תיק 1 ייתפס כחמור בהרבה.

SIMILARITY_SCORE: 35","ok",""
"sh-10-05-7434-952","SH-18-06-11098-353",1,0,0,"{""מספר עבירה"": ""144 א"", ""סוג עבירה"": ""החזקה נשק"", ""סוג הנשק [אקדח]"": 1.0, ""סטטוס הנשק"": ""נשק מפורק"", ""תכנון"": ""לא"", ""אופן החזקת הנשק"": ""בבית, מוסלק - מוסתר"", ""מטרה-סיבת העבירה"": ""אספנות"", ""שימוש"": ""לא"", ""כמות תחמושת"": ""ללא""}","{""מספר עבירה"": ""144 א"", ""סוג עבירה"": ""החזקה נשק"", ""סוג הנשק [רובה סער]"": 1.0, ""סטטוס הנשק"": ""נשק מופרד מתחמושת"", ""תכנון"": ""לא"", ""אופן החזקת הנשק"": ""בבית, מוסלק - מוסתר"", ""שימוש"": ""לא"", ""כמות תחמושת"": ""ללא""}",85.0,"1. **סוג העבירה וחומרתה**: שני התיקים עוסקים בעבירה על סעיף 144(א) לחוק הנשק (החזקה בלבד). רמת החומרה הבסיסית דומה, אם כי רובה סער נתפס לרוב כנשק מסוכן יותר מאקדח.

2. **תפקיד הנאשם ומעורבותו**: בשני המקרים מדובר במחזיק פסיבי. אין עדות לסחר, תיווך או תפקיד של ""ספק"", אלא החזקה אישית בבית.

3. **שיטת הביצוע (MO)**: דפוס זהה לחלוטין – הנשק נמצא בבית הנאשם באופן מוסלק/מוסתר, ללא שימוש אקטיבי.

4. **נסיבות הליבה**: בשני התיקים אין תחמושת, אין תכנון לפשע ואין שימוש בנשק. ההבדל המהותי הוא סוג הנשק (אקדח מפורק מול רובה סער), אך שניהם במצב שאינו מוכן לשימוש מיידי.

5. **ישימות כתקדים**: בית המשפט יראה את התיקים כרלוונטיים מאוד לצורכי ענישה, שכן שניהם מייצגים ""החזקה פסיבית בבית ללא תחמושת"", שהיא קטגוריה של נסיבות מקלות יחסית בתוך סעיף 144(א).

SIMILARITY_SCORE: 85","ok",""
"SH-19-07-60805-168","SH-16-11-7544-55",2,0,1,"{""מספר עבירה"": ""144 א"", ""סוג עבירה"": ""החזקה נשק"", ""סוג הנשק [אקדח]"": 1.0, ""סטטוס הנשק"": ""נשק עם מחסנית בהכנס"", ""תכנון"": ""לא"", ""אופן החזקת הנשק"": ""ברכב, מוסלק - מוסתר"", ""כמות תחמושת"": ""מחסנית ובה 10 כדורים"", ""שימוש"": ""לא""}","{""מספר עבירה"": ""144 א"", ""סוג עבירה"": ""החזקה נשק"", ""סוג הנשק [תת מקלע מאולתר]"": 1.0, ""סטטוס הנשק"": ""נשק מופרד מתחמושת"", ""תכנון"": ""לא"", ""אופן החזקת הנשק"": ""על גופו, מוסלק - מוסתר"", ""כמות תחמושת"": ""מחסנית ובה 10 כדורים"", ""שימוש"": ""לא""}",65.0,"1. **סוג העבירה וחומרתה**: שני התיקים עוסקים בעבירה על סעיף 144(א) לחוק הנשק (החזקה בלבד). עם זאת, חומרת הנשק שונה מהותית: אקדח (נשק חם סטנדרטי) לעומת תת-מקלע מאולתר, שנחשב לנשק מסוכן וחמור יותר במבטו של בית המשפט.

2. **תפקיד הנאשם ומעורבותו**: בשני המקרים מדובר במחזיק פסיבי (ללא עדות לסחר או יזמות). רמת המעורבות דומה, שכן שניהם נתפסו עם הנשק ללא שימוש פעיל.

3. **שיטת הביצוע (MO)**: קיימת דמיון בבסיס (הסלקה/הסתרה), אך מיקום ההסלקה שונה: ברכב לעומת על הגוף. ההבדל אינו דרמטי אך משפיע על רמת הנגישות לנשק.

4. **נסיבות הליבה**: כמות התחמושת זהה (10 כדורים), אך המצב התפעולי שונה: בתיק 1 הנשק מוכן לשימוש (מחסנית בפנים), בעוד בתיק 2 הוא מופרד מתחמושת. עם זאת, סוג הנשק בתיק 2 (תת-מקלע) מעלה את רמת החומרה למרות ההפרדה.

5. **ישימות כתקדים**: שני התיקים עומדים תחת אותה הגדרה משפטית (144א), אך הפערים בסוג הנשק (אקדח מול תת-מקלע מאולתר) והמצב התפעולי יוצרים הבדלים משמעותיים בטווח הענישה. הם רלוונטיים כבסיס, אך לא כסממנים זהים.

SIMILARITY_SCORE: 65","ok",""
"SH-14-11-8987-965","ME-16-12-50986-619",1,0,0,"{""מספר עבירה"": ""144 א"", ""סוג עבירה"": ""החזקה נשק"", ""עבירות נוספות"": ""הנאשם הורשע גם בעבירת גניבה לפי סעיף 384 לחוק העונשין, בנוסף לעבירת החזקת נשק שלא כדין לפי סעיף 144(א)."", ""סוג הנשק [אקדח]"": 1.0, ""סטטוס הנשק"": ""תקול"", ""תכנון"": ""לא"", ""אופן החזקת הנשק"": ""בבית, על גופו"", ""אופן קבלת הנשק"": ""גנב"", ""שימוש"": ""לא"", ""כמות תחמושת"": ""ללא""}","{""מספר עבירה"": ""144 ב"", ""סוג עבירה"": ""נשיאת נשק, הובלת נשק"", ""עבירות נוספות"": ""הנאשם הורשע גם בעבירות שאינן לפי סעיף 144 לחוק העונשין: קשירת קשר לפשע (סעיף 449(א)(1)), איומים (סעיף 192), וירי באזור מגורים (סעיף 340א')."", ""סוג הנשק - אם לא נמצא בטבלה"": ""נשק"", ""סטטוס הנשק"": ""נשק עם כדור בקנה"", ""תכנון"": ""כן"", ""אופן החזקת הנשק"": ""ברכב, על גופו"", ""מטרה-סיבת העבירה"": ""הפחדה ואיומים"", ""שימוש"": ""לא"", ""כמות תחמושת"": ""ללא""}",10.0,"1. **סוג העבירה וחומרתה** — קיים הבדל משפטי מהותי: תיק 1 עוסק בהחזקה בלבד (144א), בעוד תיק 2 עוסק בנשיאה והובלה (144ב), שהן עבירות חמורות יותר. רמת החומרה בתיק 2 גבוהה משמעותית בשל השילוב עם עבירות אלימות.

2. **תפקיד הנאשם ומעורבותו** — בתיק 1 הנאשם הוא גנב שהחזיק בנשק, בעוד בתיק 2 הנאשם הוא חלק מקשירת קשר לפשע ומשתמש בנשק ככלי להפחדה. מדובר במעורבות פלילית שונה לחלוטין (עבריינות נזיקית/גניבה מול פשיעה מאורגנת/אלימה).

3. **שיטת הביצוע (MO)** — אין דמיון. תיק 1 הוא מקרי/תוצאה של גניבה, בעוד תיק 2 מעיד על דפוס פעולה תכנוני של איומים והפחדה במרחב הציבורי.

4. **נסיבות הליבה** — פערים תהומיים: בתיק 1 הנשק תקול וללא תחמושת; בתיק 2 הנשק תקין עם כדור בקנה. בנוסף, בתיק 2 ישנן עבירות נלוות חמורות (ירי באזור מגורים) שאינן קיימות בתיק 1.

5. **ישימות כתקדים** — בית המשפט לא יראה בתיק 1 תקדים לענישה בתיק 2. ההבדל בין 144(א) ל-144(ב), יחד עם סטטוס הנשק (תקול מול תקין) והנסיבות הנלוות, הופכים את תיק 1 לבלתי רלוונטי עבור תיק 2.

SIMILARITY_SCORE: 10","ok",""
"SH-16-09-33552-535","ME-16-11-56385-886",1,0,0,"{""מספר עבירה"": ""144 א"", ""סוג עבירה"": ""החזקה נשק"", ""סוג הנשק [אקדח]"": 1.0, ""סוג הנשק [רובה סער מאולתר]"": 1.0, ""סטטוס הנשק"": ""נשק מופרד מתחמושת"", ""תכנון"": ""כן"", ""אופן החזקת הנשק"": ""מוסלק - מוסתר"", ""כמות תחמושת"": ""מחסנית, מחסנית ריקה ובה 0 כדורים, 4 כדורים, 60 כדורים"", ""שימוש"": ""לא""}","{""מספר עבירה"": ""144 א"", ""סוג עבירה"": ""החזקה נשק"", ""סוג הנשק [אקדח]"": 1.0, ""סטטוס הנשק"": ""נשק עם כדור בקנה"", ""תכנון"": ""לא"", ""אופן החזקת הנשק"": ""על גופו"", ""שימוש"": ""לא"", ""כמות תחמושת"": ""ללא""}",40.0,"1. **סוג העבירה וחומרתה**: שני התיקים עוסקים בסעיף 144(א) (החזקה בלבד), מה שיוצר בסיס משפטי זהה. עם זאת, חומרת התיק הראשון גבוהה יותר בשל ריבוי הנשקים (אקדח ורובה סער מאולתר).

2. **תפקיד הנאשם ומעורבותו**: בשני המקרים מדובר במחזיקים, אך בתיק 1 ניכרת מעורבות אקטיבית יותר של תכנון והסלקה, בעוד בתיק 2 מדובר בהחזקה פסיבית/ספונטנית על הגוף.

3. **שיטת הביצוע (MO)**: קיים שוני מהותי; תיק 1 מאופיין בהסלקה מתוכננת של ארסנל קטן, בעוד תיק 2 הוא נשיאה/החזקה פשוטה של נשק בודד על הגוף ללא תכנון מוקדם.

4. **נסיבות הליבה**: פער משמעותי בכמות התחמושת ובסוג הנשק (רובה סער מול אקדח בלבד). מנגד, בתיק 2 הנשק היה ""מוכן לשימוש"" (כדור בקנה), נסיבה מחמירה שמאזנת חלקית את כמות התחמושת הגדולה בתיק 1.

5. **ישימות כתקדים**: למרות ששניהם תחת 144(א), השוני בין ""ארסנל מוסלק ומתוכנן"" לבין ""נשק בודד על הגוף"" הוא משמעותי לצורכי ענישה. בית המשפט יראה אותם כנסיבות שונות מהותית.

SIMILARITY_SCORE: 40","ok",""
"ME-17-08-28615-573","ME-17-05-35227-215",2,0,1,"{""מספר עבירה"": ""144 א, 144 ב"", ""סוג עבירה"": ""החזקה נשק, נשיאת נשק"", ""עבירות נוספות"": ""הנאשם הורשע בנוסף לעבירות נשק (סעיף 144) גם בעבירת הפרעה לשוטר במילוי תפקידו לפי סעיף 275 לחוק העונשין."", ""סוג הנשק [תת מקלע מאולתר]"": 1.0, ""סוג הנשק [רימון הלם/גז]"": 1.0, ""סטטוס הנשק"": ""נשק עם מחסנית בהכנס"", ""תכנון"": ""לא"", ""אופן החזקת הנשק"": ""מוסלק - מוסתר"", ""כמות תחמושת"": ""מחסנית ובה 9 כדורים, 50 כדורים"", ""שימוש"": ""לא""}","{""מספר עבירה"": ""144 ב"", ""סוג עבירה"": ""נשיאת נשק, הובלת נשק"", ""סוג הנשק [תת מקלע מאולתר]"": 1.0, ""סטטוס הנשק"": ""נשק עם מחסנית בהכנס"", ""תכנון"": ""כן"", ""אופן החזקת הנשק"": ""ברכב"", ""שימוש"": ""לא"", ""כמות תחמושת"": ""ללא""}",85.0,"1. **סוג העבירה וחומרתה**: שני התיקים כוללים את סעיף 144(ב) (נשיאה/הובלה), שהיא העבירה המרכזית והחמורה יותר. תיק 1 כולל גם 144(א) ועבירה נלווית של הפרעה לשוטר, אך הליבה הפלילית של נשיאת נשק זהה.

2. **תפקיד הנאשם ומעורבותו**: בשני המקרים מדובר בנשיאה אקטיבית של נשק. אין מידע על סחר או תיווך, כך ששני הנאשמים נתפסים כמי שהחזיקו את הנשק לשימושם או להובלתו.

3. **שיטת הביצוע (MO)**: קיים דמיון גבוה מאוד – בשני המקרים מדובר בנשיאה של תת-מקלע מאולתר עם מחסנית בהכנס. ההבדל הוא במיקום (מוסלק לעומת רכב), אך שניהם מהווים נשיאה ניידת.

4. **נסיבות הליבה**: בתיק 1 יש נסיבות מחמירות יותר (כמות תחמושת משמעותית ורימון הלם), בעוד בתיק 2 יש נסיבת תכנון. עם זאת, סוג הנשק (תת-מקלע מאולתר) הוא גורם משמעותי שמאחד את שני התיקים.

5. **ישימות כתקדים**: בית המשפט יראה את התיקים כרלוונטיים מאוד לצורכי ענישה, שכן שניהם עוסקים בנשיאת נשק מסוכן ומסוג דומה (תת-מקלע מאולתר). תיק 1 עשוי לשמש כ""רף עליון"" בשל התחמושת והרימון, ותיק 2 כ""רף תחתון"" או בינוני.

SIMILARITY_SCORE: 85","ok",""
"SH-16-11-7544-55","ME-16-10-12213-904",1,0,0,"{""מספר עבירה"": ""144 א"", ""סוג עבירה"": ""החזקה נשק"", ""סוג הנשק [תת מקלע מאולתר]"": 1.0, ""סטטוס הנשק"": ""נשק מופרד מתחמושת"", ""תכנון"": ""לא"", ""אופן החזקת הנשק"": ""על גופו, מוסלק - מוסתר"", ""כמות תחמושת"": ""מחסנית ובה 10 כדורים"", ""שימוש"": ""לא""}","{""מספר עבירה"": ""144 ב"", ""סוג עבירה"": ""נשיאת נשק"", ""סוג הנשק [תת מקלע מאולתר]"": 1.0, ""סטטוס הנשק"": ""נשק מופרד מתחמושת"", ""תכנון"": ""כן"", ""אופן החזקת הנשק"": ""ברכב, מוסלק - מוסתר"", ""כמות תחמושת"": ""מחסנית ריקה ובה 0 כדורים, 1 כדור"", ""שימוש"": ""לא""}",35.0,"1. **סוג העבירה וחומרתה**: קיים הבדל משפטי מהותי בין סעיף 144(א) (החזקה) לסעיף 144(ב) (נשיאה/הובלה). נשיאה נחשבת לעבירה חמורה יותר מהחזקה סטטית, שכן היא מעלה את רמת הסיכון לביצוע פשע.

2. **תפקיד הנאשם ומעורבותו**: בשני המקרים מדובר במחזיק/נושא של נשק, ללא אינדיקציה לסחר או תיווך. עם זאת, בתיק 2 ישנו רכיב של ""תכנון"", מה שמעיד על מעורבות אקטיבית ומכוונת יותר מאשר בתיק 1.

3. **שיטת הביצוע (MO)**: דפוס ההסלקה דומה (הסתרה), אך המיקום שונה (על הגוף לעומת רכב). ההבדל בין החזקה לבין הובלה ברכב מחזק את ההבחנה בין סעיף (א) לסעיף (ב).

4. **נסיבות הליבה**: סוג הנשק זהה (תת מקלע מאולתר) ושניו מופרדים מתחמושת. כמות התחמושת בתיק 1 גבוהה יותר (10 כדורים לעומת 1), אך בתיק 2 קיים תכנון מוקדם, נסיבה מחמירה שמאזנת את כמות התחמושת.

5. **ישימות כתקדים**: בהתאם להנחיות, תיק 144(א) אינו מהווה תקדים רלוונטי לתיק 144(ב). בית המשפט יבחין בין העבירות בשל רמת המסוכנות והמרכיב הפלילי השונה של ""נשיאה"".

SIMILARITY_SCORE: 35","ok",""
"ME-15-02-9111-399","ME-14-07-13179-197",1,0,0,"{""מספר עבירה"": ""144 א, 144 ב"", ""סוג עבירה"": ""החזקה נשק, נשיאת נשק"", ""סוג הנשק [אקדח]"": 1.0, ""סטטוס הנשק"": ""נשק מופרד מתחמושת"", ""תכנון"": ""לא"", ""אופן החזקת הנשק"": ""על גופו"", ""כמות תחמושת"": ""מחסנית ובה 13 כדורים"", ""שימוש"": ""לא""}","{""מספר עבירה"": ""144 א, 144 ב"", ""סוג עבירה"": ""החזקה נשק, נשיאת נשק"", ""עבירות נוספות"": ""הנאשם הורשע, בנוסף לעבירות נשק לפי סעיף 144, גם בעבירות נוספות: ירי באזור מגורים (סעיף 340א), שיבוש מהלכי משפט (סעיף 244), הפרת הוראה חוקית (סעיף 287(א)), גניבה (סעיף 384), ואיומים (סעיף 192)."", ""סוג הנשק [אקדח]"": 1.0, ""סטטוס הנשק"": ""נשק עם כדור בקנה"", ""תכנון"": ""לא"", ""אופן החזקת הנשק"": ""על גופו"", ""כמות תחמושת"": ""שלוש מחסניות ובהן כדורים"", ""מטרה-סיבת העבירה"": ""בצע כסף"", ""שימוש"": ""לא""}",35.0,"1. **סוג העבירה וחומרתה** — שני התיקים עוסקים בסעיפים 144(א) ו-144(ב), אך רמת החומרה בתיק 2 גבוהה משמעותית בשל שרשרת עבירות נלוות חמורות (ירי, איומים, גניבה).

2. **תפקיד הנאשם ומעורבותו** — בשני המקרים מדובר בנשיאה אישית על הגוף, אך בתיק 2 הנאשם מוצג כדמות פלילית אקטיבית ומסוכנת יותר, בעוד בתיק 1 מדובר בעבירת נשק ""נקייה"" יחסית.

3. **שיטת הביצוע (MO)** — הדמיון הוא בנשיאה על הגוף, אך בתיק 2 הנשק היה במצב מוכן לשימוש מיידי (כדור בקנה), מה שמעיד על רמת סיכון גבוהה יותר מאשר נשק מופרד מתחמושת.

4. **נסיבות הליבה** — קיים פער משמעותי בכמות התחמושת (מחסנית אחת לעומת שלוש) ובנסיבות המחמירות; תיק 2 כולל עבירות אלימות ופשיעה רב-זירה, בעוד תיק 1 הוא מקרה של החזקה/נשיאה בלבד.

5. **ישימות כתקדים** — בית המשפט יראה בתיק 1 תקדים למקרה של נשיאה ""פשוטה"", אך לא ימצא אותו רלוונטי לענישה בתיק 2, שבו הנסיבות המחמירות והעבירות הנלוות יובילו לענישה חמורה בהרבה.

SIMILARITY_SCORE: 35","ok",""
"SH-20-02-52091-995","ME-17-05-35227-215",1,0,0,"{""מספר עבירה"": ""144 א"", ""סוג עבירה"": ""החזקה נשק"", ""סוג הנשק [תת מקלע מאולתר]"": 1.0, ""סטטוס הנשק"": ""נשק מופרד מתחמושת"", ""תכנון"": ""לא"", ""אופן החזקת הנשק"": ""בבית, מוסלק - מוסתר"", ""כמות תחמושת"": ""20 כדורים"", ""שימוש"": ""לא""}","{""מספר עבירה"": ""144 ב"", ""סוג עבירה"": ""נשיאת נשק, הובלת נשק"", ""סוג הנשק [תת מקלע מאולתר]"": 1.0, ""סטטוס הנשק"": ""נשק עם מחסנית בהכנס"", ""תכנון"": ""כן"", ""אופן החזקת הנשק"": ""ברכב"", ""שימוש"": ""לא"", ""כמות תחמושת"": ""ללא""}",20.0,"1. **סוג העבירה וחומרתה**: קיים הבדל משפטי מהותי בין סעיף 144(א) (החזקה) לסעיף 144(ב) (נשיאה/הובלה). נשיאה נחשבת לעבירה חמורה יותר משמעותית מהחזקה סטטית בבית.

2. **תפקיד הנאשם ומעורבותו**: בתיק 1 מדובר בהחזקה פסיבית בבית, בעוד שבתיק 2 מדובר במעורבות פעילה של הובלה ברכב, מה שמעלה את רמת הסיכון הציבורי.

3. **שיטת הביצוע (MO)**: דפוסים שונים לחלוטין; בתיק אחד הנשק מוסלק בבית (הסתרה), ובתיק השני הנשק נמצא בתנועה ברכב ובמצב מוכן לשימוש.

4. **נסיבות הליבה**: בתיק 1 הנשק מופרד מתחמושת, בעוד שבתיק 2 הנשק כולל מחסנית מוכנסת (מוכנות מבצעית גבוהה), למרות שאין תחמושת נוספת. כמו כן, בתיק 2 קיים אלמנט של תכנון שאינו קיים בתיק 1.

5. **ישימות כתקדים**: בשל ההבחנה החדה בין החזקה (א) לנשיאה (ב), ובין נשק מוסלק בבית לנשק מוכן להפעלה ברכב, בית המשפט לא יראה בתיק 1 תקדים רלוונטי לענישה בתיק 2.

SIMILARITY_SCORE: 20","ok",""
"SH-16-11-19417-55","SH-16-11-7544-55",3,1,1,"{""מספר עבירה"": ""144 א"", ""סוג עבירה"": ""החזקה נשק"", ""סוג הנשק [אקדח]"": 1.0, ""סטטוס הנשק"": ""נשק מופרד מתחמושת"", ""תכנון"": ""לא"", ""אופן החזקת הנשק"": ""ברכב, מוסלק - מוסתר"", ""כמות תחמושת"": ""מחסנית ובה כדורים"", ""שימוש"": ""לא""}","{""מספר עבירה"": ""144 א"", ""סוג עבירה"": ""החזקה נשק"", ""סוג הנשק [תת מקלע מאולתר]"": 1.0, ""סטטוס הנשק"": ""נשק מופרד מתחמושת"", ""תכנון"": ""לא"", ""אופן החזקת הנשק"": ""על גופו, מוסלק - מוסתר"", ""כמות תחמושת"": ""מחסנית ובה 10 כדורים"", ""שימוש"": ""לא""}",45.0,"1. **סוג העבירה וחומרתה**: שני התיקים עוסקים בעבירה על סעיף 144(א) לחוק הנשק (החזקה בלבד). עם זאת, רמת החומרה שונה משמעותית בשל סוג הנשק: אקדח (נשק קצר) לעומת תת-מקלע מאולתר (נשק קטלני ומסוכן יותר).

2. **תפקיד הנאשם ומעורבותו**: בשני המקרים מדובר במחזיק פסיבי (אין עדות לסחר או יזמות). רמת המעורבות דומה, אך ההחזקה על הגוף (תיק 2) נחשבת בדרך כלל לחמורה יותר מהחזקה ברכב (תיק 1).

3. **שיטת הביצוע (MO)**: דפוס דומה של הסתרה/הסלקה של הנשק. בשני המקרים הנשק לא היה מוכן לשימוש מיידי (מופרד מתחמושת).

4. **נסיבות הליבה**: כמות התחמושת דומה (מחסנית אחת). ההבדל המהותי הוא סוג הנשק (אקדח מול תת-מקלע מאולתר), כאשר נשק מאולתר ותת-מקלע נתפסים כנסיבות מחמירות משמעותית בבית המשפט.

5. **ישימות כתקדים**: למרות ששני התיקים הם 144(א), הפער בין אקדח לתת-מקלע מאולתר הוא פער משפטי וענישתי רב. בית המשפט יראה בתיק 2 עבירה חמורה בהרבה, ולכן תיק 1 לא ישמש כתקדים מקל רלוונטי לתיק 2.

SIMILARITY_SCORE: 45","ok",""
"ME-19-01-53615-8","SH-15-12-65958-120",1,0,0,"{""מספר עבירה"": ""144 ב"", ""סוג עבירה"": ""נשיאת נשק, הובלת נשק"", ""עבירות נוספות"": ""הנאשם הורשע בנוסף לעבירת נשק (סעיף 144) גם בעבירה של ירי מנשק חם באזור מגורים, לפי סעיף 340א(ב)(1) לחוק העונשין."", ""סוג הנשק [תת מקלע מאולתר]"": 1.0, ""סטטוס הנשק"": ""נשק עם כדור בקנה"", ""תכנון"": ""לא"", ""אופן החזקת הנשק"": ""ברכב, על גופו"", ""כמות תחמושת"": ""מחסנית טעונה בכדורים"", ""שימוש"": ""לא""}","{""מספר עבירה"": ""144 א"", ""סוג עבירה"": ""החזקה נשק"", ""סוג הנשק [אקדח]"": 1.0, ""סוג הנשק [תת מקלע מאולתר]"": 1.0, ""סטטוס הנשק"": ""נשק עם מחסנית בהכנס"", ""תכנון"": ""כן"", ""אופן החזקת הנשק"": ""בבית, מוסלק - מוסתר"", ""אופן קבלת הנשק"": ""רכש"", ""כמות תחמושת"": ""מחסנית ובה 8 כדורים, מחסנית ובה 15 כדורים, מחסנית ריקה ובה 0 כדורים, מחסנית ובה 6 כדורים"", ""מטרה-סיבת העבירה"": ""הגנה עצמית"", ""שימוש"": ""לא""}",20.0,"1. **סוג העבירה וחומרתה** — פער מהותי. תיק 1 עוסק בנשיאה והובלה (144ב) ובנוסף בעבירה חמורה של ירי באזור מגורים (340א), בעוד תיק 2 עוסק בהחזקה בלבד (144א). רמת החומרה בתיק 1 גבוהה משמעותית.

2. **תפקיד הנאשם ומעורבותו** — בתיק 1 הנאשם הוא פעלול פעיל (נשיאה וירי), בעוד בתיק 2 מדובר במחזיק פסיבי שהנשק מוסלק בביתו למטרת הגנה עצמית.

3. **שיטת הביצוע (MO)** — שונה לחלוטין. תיק 1 מאופיין בנשיאה אקטיבית ברכב ועל הגוף, בעוד תיק 2 מאופיין בהסלקה ביתית של נשקים.

4. **נסיבות הליבה** — בתיק 1 יש שימוש בפועל בנשק (ירי), מה שמשנה את פני התיק. בתיק 2 יש כמות תחמושת גדולה יותר ומספר נשקים, אך ללא שימוש או נשיאה במרחב הציבורי.

5. **ישימות כתקדים** — נמוכה מאוד. כפי שצוין בהנחיות, הבחנה בין 144(א) ל-144(ב) היא מהותית, ובתוספת עבירת הירי בתיק 1, בית המשפט לא יראה בתיק ההחזקה הביתית (תיק 2) תקדים רלוונטי לענישה של תיק נשיאה וירי.

SIMILARITY_SCORE: 20","ok",""
"SH-14-02-28659-762","SH-17-10-10556-234",3,1,1,"{""מספר עבירה"": ""144 א"", ""סוג עבירה"": ""החזקה נשק"", ""סוג הנשק [תת מקלע מאולתר]"": 1.0, ""סטטוס הנשק"": ""נשק מופרד מתחמושת"", ""תכנון"": ""לא"", ""אופן החזקת הנשק"": ""בבית, מוסלק - מוסתר"", ""כמות תחמושת"": ""מחסנית וכדורים"", ""מטרה-סיבת העבירה"": ""הגנה עצמית"", ""שימוש"": ""לא""}","{""מספר עבירה"": ""144 א"", ""סוג עבירה"": ""החזקה נשק"", ""סוג הנשק [אקדח]"": 1.0, ""סטטוס הנשק"": ""נשק עם מחסנית בהכנס"", ""תכנון"": ""לא"", ""אופן החזקת הנשק"": ""מוסלק - מוסתר"", ""כמות תחמושת"": ""מחסנית ובה 10 כדורים, מחסנית ריקה ובה 0 כדורים"", ""שימוש"": ""לא""}",85.0,"1. **סוג העבירה וחומרתה**: שני התיקים עוסקים בעבירה על סעיף 144(א) לחוק כלי הנשק (החזקה בלבד). רמת החומרה המשפטית של הסעיף זהה בשני המקרים.

2. **תפקיד הנאשם ומעורבותו**: בשני המקרים מדובר במחזיק פסיבי של הנשק (החזקה בבית/הסלקה). אין עדות לסחר, תיווך או תפקיד של ""ספק"".

3. **שיטת הביצוע (MO)**: דפוס דומה מאוד; בשני המקרים הנשק היה מוסלק/מוסתר, ללא שימוש בפועל וללא תכנון של ביצוע פשע נוסף.

4. **נסיבות הליבה**: קיים הבדל בסוג הנשק (תת-מקלע מאולתר מול אקדח) ובמצב המוכנות (נשק מופרד מתחמושת מול נשק עם מחסנית בפנים). עם זאת, סדר גודל התחמושת דומה (מחסנית בודדת) ושני הנשקים היו מוסתרים.

5. **ישימות כתקדים**: בית המשפט יראה את התיקים כרלוונטיים לצורכי ענישה, שכן שניהם עוסקים בהחזקה בלבד (144א) ללא נשיאה (144ב). ההבדל בסוג הנשק עשוי להשפיע על גובה העונש, אך לא על מהות התקדים המשפטי.

SIMILARITY_SCORE: 85","ok",""
"m07001074-98","ME-17-05-35227-215",1,0,0,"{""מספר עבירה"": ""144 א"", ""סוג עבירה"": ""החזקה נשק"", ""סוג הנשק [תת מקלע]"": 1.0, ""סטטוס הנשק"": ""נשק מפורק"", ""תכנון"": ""לא"", ""אופן החזקת הנשק"": ""בבית, מוסלק - מוסתר"", ""אופן קבלת הנשק"": ""מצא"", ""כמות תחמושת"": ""2 מחסניות ריקות ובהן 0 כדורים"", ""שימוש"": ""לא""}","{""מספר עבירה"": ""144 ב"", ""סוג עבירה"": ""נשיאת נשק, הובלת נשק"", ""סוג הנשק [תת מקלע מאולתר]"": 1.0, ""סטטוס הנשק"": ""נשק עם מחסנית בהכנס"", ""תכנון"": ""כן"", ""אופן החזקת הנשק"": ""ברכב"", ""שימוש"": ""לא"", ""כמות תחמושת"": ""ללא""}",20.0,"1. **סוג העבירה וחומרתה** — קיים הבדל משפטי מהותי בין סעיף 144(א) (החזקה) לסעיף 144(ב) (נשיאה/הובלה). נשיאה ברכב נחשבת לחמורה יותר מהחזקה בבית בשל הפוטנציאל למסביב וסיכון מיידי.

2. **תפקיד הנאשם ומעורבותו** — בתיק 1 הנאשם מצא את הנשק והחזיק אותו באופן פסיבי בבית. בתיק 2 ישנה מעורבות אקטיבית יותר הכוללת תכנון ונשיאה של הנשק במרחב הציבורי (רכב).

3. **שיטת הביצוע (MO)** — דפוסים שונים לחלוטין: הסתרה בבית (תיק 1) לעומת הובלה ברכב (תיק 2). בתיק 2 הנשק היה במצב מוכן יותר לפעולה (מחסנית בהכנס) לעומת נשק מפורק בתיק 1.

4. **נסיבות הליבה** — בתיק 1 מדובר בנשק מפורק ללא תחמושת שהוסתר בבית. בתיק 2 מדובר בנשק מאולתר עם מחסנית בהכנס, תוך רכיב של תכנון מוקדם, מה שמעלה את רמת המסוכנות.

5. **ישימות כתקדים** — בית המשפט יבחין באופן חד-משמעי בין החזקה פסיבית בבית לנשיאה אקטיבית ברכב. תיק 1 אינו יכול לשמש כתקדים מקל לתיק 2 בשל ההבדל בין סעיפי העבירה והנסיבות המקרינות על רמת הסיכון.

SIMILARITY_SCORE: 20","ok",""
"SH-18-07-52337-770","ME-16-06-50916-362",1,0,0,"{""מספר עבירה"": ""144 א"", ""סוג עבירה"": ""החזקה נשק"", ""סוג הנשק [תת מקלע מאולתר]"": 1.0, ""סטטוס הנשק"": ""תקין"", ""תכנון"": ""לא"", ""אופן החזקת הנשק"": ""בבית, מוסלק - מוסתר"", ""שימוש"": ""לא"", ""כמות תחמושת"": ""ללא""}","{""מספר עבירה"": ""144 ב"", ""סוג עבירה"": ""נשיאת נשק, הובלת נשק"", ""עבירות נוספות"": ""הנאשם הורשע, בנוסף לעבירות נשק לפי סעיף 144, גם בעבירות נוספות שאינן עבירות נשק: איומים (סעיף 192 לחוק העונשין), ירי באזור מגורים (סעיף 340א לחוק העונשין), מעשה פזיזות ורשלנות (סעיף 338(א)(5) לחוק העונשין), נהיגה בזמן פסילה (סעיף 67 לפקודת התעבורה), ונהיגה ללא רישיון נהיגה (סעיפים 10א ו-62(1) לפקודת התעבורה)."", ""סוג הנשק [תת מקלע]"": 1.0, ""סטטוס הנשק"": ""נשק עם כדור בקנה"", ""תכנון"": ""לא"", ""אופן החזקת הנשק"": ""בבית, ברכב, על גופו"", ""מטרה-סיבת העבירה"": ""הפחדה"", ""שימוש"": ""לא"", ""כמות תחמושת"": ""ללא""}",15.0,"1. **סוג העבירה וחומרתה** — קיים הבדל משפטי מהותי בין סעיף 144(א) (החזקה) לסעיף 144(ב) (נשיאה/הובלה). תיק 2 חמור משמעותית בשל סוג העבירה ובשל הצטרפות של עבירות פליליות חמורות נוספות (ירי, איומים).

2. **תפקיד הנאשם ומעורבותו** — בתיק 1 מדובר בהחזקה פסיבית של נשק מוסתר בבית. בתיק 2 מדובר במעורבות אקטיבית הכוללת נשיאה על הגוף, הובלה ברכב ושימוש בנשק לצורך הפחדה.

3. **שיטת הביצוע (MO)** — אין דמיון. תיק 1 מתאפיין בהסלקה (הסתרה), בעוד תיק 2 מתאפיין בחשיפה, ניידות ושימוש אקטיבי בנשק ככלי להפחדה.

4. **נסיבות הליבה** — בתיק 1 הנשק מוסתר ללא תחמושת. בתיק 2 הנשק היה ""עם כדור בקנה"" (מוכן לשימוש מיידי), והנסיבות מחמירות מאוד בשל הירי באזור מגורים והאיומים.

5. **ישימות כתקדים** — בית המשפט לא יראה בתיק 1 תקדים רלוונטי לתיק 2. הפער בין החזקה פסיבית בבית לבין נשיאה אקטיבית המלווה בעבירות אלימות הוא פער תהומי לצורכי קביעת ענישה.

SIMILARITY_SCORE: 15","ok",""
"SH-17-11-53539-235","m07001074-98",3,1,1,"{""מספר עבירה"": ""144 א"", ""סוג עבירה"": ""החזקה נשק"", ""סוג הנשק [אקדח]"": 1.0, ""סוג הנשק - אם לא נמצא בטבלה"": ""אקדח אויר"", ""סטטוס הנשק"": ""נשק מופרד מתחמושת"", ""תכנון"": ""כן"", ""אופן החזקת הנשק"": ""בבית, מוסלק - מוסתר"", ""כמות תחמושת"": ""מחסנית ריקה ובה 0 כדורים, 28 כדורים"", ""מטרה-סיבת העבירה"": ""הגנה עצמית"", ""שימוש"": ""לא""}","{""מספר עבירה"": ""144 א"", ""סוג עבירה"": ""החזקה נשק"", ""סוג הנשק [תת מקלע]"": 1.0, ""סטטוס הנשק"": ""נשק מפורק"", ""תכנון"": ""לא"", ""אופן החזקת הנשק"": ""בבית, מוסלק - מוסתר"", ""אופן קבלת הנשק"": ""מצא"", ""כמות תחמושת"": ""2 מחסניות ריקות ובהן 0 כדורים"", ""שימוש"": ""לא""}",45.0,"1. **סוג העבירה וחומרתה**: שני התיקים עוסקים בעבירה על סעיף 144(א) לחוק הנשק (החזקה בלבד). רמת החומרה הבסיסית דומה, שכן שניהם עוסקים בהחזקה בבית ללא נשיאה במרחב הציבורי.

2. **תפקיד הנאשם ומעורבותו**: בשני המקרים מדובר במחזיק פסיבי בביתו. עם זאת, בתיק 1 יש אלמנט של תכנון (רכישה/השגה למטרה), בעוד בתיק 2 הנשק נמצא במקרה, מה שמעיד על רמת מעורבות פחות אקטיבית.

3. **שיטת הביצוע (MO)**: דפוס ההחזקה זהה לחלוטין – הנשק היה מוסלק/מוסתר בתוך בית הנאשם.

4. **נסיבות הליבה**: קיים הבדל מהותי בסוג הנשק (אקדח אוויר בתיק 1 לעומת תת-מקלע בתיק 2) ובכמות התחמושת (28 כדורים בתיק 1 לעומת מחסניות ריקות בתיק 2). תת-מקלע נחשב לנשק חמור משמעותית מאקדח אוויר, אך היותו מפורק ללא תחמושת מקל את הנסיבות.

5. **ישימות כתקדים**: למרות ששני התיקים הם 144(א) וההחזקה היא ביתית, הפער בין ""אקדח אוויר"" ל""תת-מקלע"" הוא פער משפטי וסניגורי משמעותי בענישה. בית המשפט יתייחס אליהם כשני סוגים שונים של סכנה פוטנציאלית.

SIMILARITY_SCORE: 45","ok",""
"ME-16-11-69158-529","ME-12-03-13401-281",3,1,1,"{""מספר עבירה"": ""144 ב"", ""סוג עבירה"": ""נשיאת נשק"", ""עבירות נוספות"": ""הנאשם הורשע בנוסף לעבירות נשק (סעיף 144) גם בעבירה של ירי באזור מגורים לפי סעיף 340א לחוק העונשין."", ""סוג הנשק [תת מקלע]"": 1.0, ""סטטוס הנשק"": ""נשק עם כדור בקנה"", ""תכנון"": ""כן"", ""אופן החזקת הנשק"": ""בבית, ברכב, מוסלק - מוסתר"", ""שימוש"": ""לא"", ""כמות תחמושת"": ""ללא""}","{""מספר עבירה"": ""144 א, 144 ב"", ""סוג עבירה"": ""החזקה נשק, נשיאת נשק, הובלת נשק"", ""עבירות נוספות"": ""הנאשם הורשע גם בעבירה של ירי באזור מגורים לפי סעיף 340א לחוק העונשין, שהיא עבירה שאינה לפי סעיף 144."", ""סוג הנשק [אקדח]"": 1.0, ""סטטוס הנשק"": ""נשק עם כדור בקנה"", ""תכנון"": ""לא"", ""אופן החזקת הנשק"": ""ברכב"", ""כמות תחמושת"": ""2 מחסניות ובהן כדורים, 11 כדורים"", ""שימוש"": ""לא""}",85.0,"1. **סוג העבירה וחומרתה** — שני התיקים כוללים את סעיף 144(ב) (נשיאה/הובלה) ואת סעיף 340א (ירי באזור מגורים). מדובר ברמת חומרה גבוהה מאוד בשני המקרים בשל השילוב של נשק ועבירת ירי.

2. **תפקיד הנאשם ומעורבותו** — בשני המקרים הנאשם הוא בעל השליטה בנשק והמבצע של עבירת הירי. אין אינדיקציה לשליחות או תפקיד פסיבי, ושניהם פעלו כיוזמים.

3. **שיטת הביצוע (MO)** — דפוס דומה מאוד: נשיאת נשק ברכב (בתיק 1 גם בבית/מוסלק) תוך שילוב של עבירת ירי. שני הנשקים היו במצב מוכן לשימוש (כדור בקנה).

4. **נסיבות הליבה** — קיים הבדל בסוג הנשק (תת-מקלע בתיק 1 מול אקדח בתיק 2), כאשר תת-מקלע נחשב בדרך כלל כחמור יותר. עם זאת, שניהם כוללים נשק טעון ועבירת ירי, מה שמשקיף על ההבדל בכמות התחמושת המפורשת.

5. **ישימות כתקדים** — בית המשפט יראה את התיקים כרלוונטיים מאוד לצורכי ענישה, שכן הגורם המקליט המרכזי בשניהם הוא השילוב של נשיאת נשק (144ב) עם ביצוע ירי באזור מגורים (340א).

SIMILARITY_SCORE: 85","ok",""
"ME-21-06-43085-219","SH-17-08-47445-166",1,0,0,"{""מספר עבירה"": ""144 א, 144 ב"", ""סוג עבירה"": ""החזקה נשק, נשיאת נשק"", ""עבירות נוספות"": ""הנאשם הורשע בנוסף לעבירות נשק (סעיף 144) גם בעבירות נוספות: ירי מנשק חם (סעיף 340א(ב)(1)), היזק בזדון (סעיף 452), חבלה במזיד (סעיף 413ה'), נהיגה ללא רישיון נהיגה (פקודת התעבורה סעיף 10(א)), ונהיגה ללא פוליסת ביטוח בתוקף (פקודת ביטוח רכב מנועי סעיפים 2(א) ו-2(ב))."", ""סוג הנשק [אקדח]"": 1.0, ""סטטוס הנשק"": ""נשק עם כדור בקנה"", ""תכנון"": ""כן"", ""אופן החזקת הנשק"": ""ברכב, על גופו"", ""שימוש"": ""לא"", ""כמות תחמושת"": ""ללא""}","{""מספר עבירה"": ""144 א"", ""סוג עבירה"": ""החזקה נשק"", ""סוג הנשק [אקדח]"": 1.0, ""סוג הנשק - אם לא נמצא בטבלה"": ""חפץ דמוי תת מקלע מאולתר"", ""סטטוס הנשק"": ""תקין"", ""תכנון"": ""לא"", ""אופן החזקת הנשק"": ""בבית"", ""שימוש"": ""לא"", ""כמות תחמושת"": ""ללא""}",15.0,"1. **סוג העבירה וחומרתה** — פער משמעותי. תיק 1 כולל נשיאה (144ב) ועבירות חמורות מאוד של ירי, חבלה והיזק, בעוד תיק 2 עוסק בהחזקה בלבד (144א) ללא עבירות נלוות.

2. **תפקיד הנאשם ומעורבותו** — בתיק 1 הנאשם הוא פעלים אקטיבי שביצע עבירות אלימות, בעוד בתיק 2 מדובר במחזיק פסיבי של נשק בביתו.

3. **שיטת הביצוע (MO)** — אין דמיון. תיק 1 מאופיין בנשיאת נשק ברכב ושימוש אלימוני במרחב הציבורי, בעוד תיק 2 הוא מקרה של אחסון נשק בבית.

4. **נסיבות הליבה** — פער תהומי. בתיק 1 יש נשק עם כדור בקנה (מוכנות מיידית לירי) ותכנון מוקדם, בעוד בתיק 2 מדובר בנשק מאולתר בבית ללא עדות לתכנון או כוונה מיידית לביצוע עבירה.

5. **ישימות כתקדים** — נמוכה מאוד. כפי שצוין בהנחיות, תיק 144(א) לבדו אינו מהווה תקדים לתיק הכולל 144(ב) ועבירות אלימות; רמות הענישה בשני המקרים יהיו שונות מהותית.

SIMILARITY_SCORE: 15","ok",""
"ME-16-05-19384-544","m08000207-175",1,0,0,"{""מספר עבירה"": ""144 א, 144 ב"", ""סוג עבירה"": ""נשיאת נשק, סחר בנשק"", ""עבירות נוספות"": ""הנאשם הורשע גם בעבירת ניסיון לחבלה חמורה לפי סעיף 333 בצירוף סעיף 25 לחוק העונשין, שאינה עבירת נשק לפי סעיף 144."", ""סוג הנשק - אם לא נמצא בטבלה"": ""רובה מסוג תבור, קרל גוסטב"", ""סטטוס הנשק"": ""נשק מופרד מתחמושת"", ""תכנון"": ""כן"", ""אופן החזקת הנשק"": ""בבית, על גופו, מוסלק - מוסתר"", ""אופן קבלת הנשק"": ""רכש"", ""כמות תחמושת"": ""10 כדורים"", ""מטרה-סיבת העבירה"": ""בצע כסף"", ""שימוש"": ""לא""}","{""מספר עבירה"": ""144 ב"", ""סוג עבירה"": ""נשיאת נשק"", ""עבירות נוספות"": ""הנאשם הורשע בנוסף לעבירות נשק (סעיף 144(ב) לחוק העונשין) גם בשתי עבירות של החזקת סם לצריכה עצמית בלבד, לפי סעיף 7(א)+(ג) סיפא לפקודת הסמים המסוכנים."", ""סוג הנשק [אקדח]"": 1.0, ""סטטוס הנשק"": ""נשק עם מחסנית בהכנס"", ""תכנון"": ""לא"", ""אופן החזקת הנשק"": ""ברכב"", ""כמות תחמושת"": ""מחסנית ובה 15 כדורים, מחסנית ובה 10 כדורים"", ""שימוש"": ""לא""}",25.0,"1. **סוג העבירה וחומרתה** — תיק 1 כולל סחר בנשק וניסיון לחבלה חמורה (עבירה פשעה חמורה מאוד), בעוד תיק 2 עוסק בנשיאה בלבד לצד סמים לצריכה. רמת החומרה בתיק 1 גבוהה משמעותית.

2. **תפקיד הנאשם ומעורבותו** — בתיק 1 הנאשם פעל כסוחר/רכש עם תכנון מוקדם למטרה פלילית חמורה. בתיק 2 מדובר במחזיק/נושא, ללא אינדיקציה לסחר או תכנון של פשע נוסף.

3. **שיטת הביצוע (MO)** — בתיק 1 ישנו דפוס של הסתרה ותכנון מוקדם. בתיק 2 מדובר בנשיאה ברכב, דפוס נפוץ יותר ופחות מתוכנן.

4. **נסיבות הליבה** — בתיק 1 מדובר בנשק כבד (תבור, קרל גוסטב) המעיד על מסוכנות גבוהה, למרות שהיה מופרד מתחמושת. בתיק 2 מדובר באקדח עם מחסנית מוכנסת, אך ללא נסיבות מחמירות של תכנון פשע.

5. **ישימות כתקדים** — בית המשפט יראה את תיק 1 כתיק של ""פשיעה חמורה"" (סחר וחבלה), בעוד תיק 2 הוא תיק ""נשיאה קלאסי"". השוני בנסיבות המחמירות ובסוג הנשק הופך את תיק 1 לבלתי רלוונטי כבסיס לענישה בתיק 2.

SIMILARITY_SCORE: 25","ok",""
"SH-11-05-24791-315","ME-16-02-59812-881",1,0,0,"{""מספר עבירה"": ""144 א"", ""סוג עבירה"": ""החזקה נשק"", ""סוג הנשק [אקדח]"": 1.0, ""סטטוס הנשק"": ""נשק מופרד מתחמושת"", ""תכנון"": ""לא"", ""אופן החזקת הנשק"": ""בבית"", ""אופן קבלת הנשק"": ""מאחר"", ""כמות תחמושת"": ""2 מחסניות"", ""שימוש"": ""לא""}","{""מספר עבירה"": ""144 ב"", ""סוג עבירה"": ""סחר בנשק"", ""עבירות נוספות"": ""הנאשם הואשם והורשע בנוסף לעבירת נשק (סחר בנשק לפי סעיף 144(ב2)), גם בעבירות מסירת ידיעה כוזבת על עבירת פשע (סעיף 243 לחוק העונשין) ושיבוש הליכי משפט (סעיף 244 לחוק העונשין). אלו אינן עבירות נשק."", ""סוג הנשק [אקדח]"": 1.0, ""סטטוס הנשק"": ""נשק מופרד מתחמושת"", ""תכנון"": ""לא"", ""אופן החזקת הנשק"": ""בבית"", ""כמות תחמושת"": ""2 מחסניות, 20 כדורים"", ""מטרה-סיבת העבירה"": ""בצע כסף"", ""שימוש"": ""לא""}",20.0,"1. **סוג העבירה וחומרתה** — קיים פער משפטי מהותי: תיק 1 עוסק בהחזקה בלבד (144א), בעוד תיק 2 עוסק בסחר (144ב), עבירה חמורה משמעותית עם טווח ענישה גבוה יותר. בנוסף, בתיק 2 ישנן עבירות נלוות של שיבוש הליכים ומסירת ידיעה כוזבת.

2. **תפקיד הנאשם ומעורבותו** — בתיק 1 הנאשם הוא מחזיק פסיבי (קיבל את הנשק מאחר), בעוד בתיק 2 הנאשם פעל כסוחר (מטרה: בצע כסף), מה שמעמיד אותו בתפקיד יזם/ספק פעיל.

3. **שיטת הביצוע (MO)** — בתיק 1 מדובר בהחזקה ביתית פשוטה. בתיק 2 מדובר בפעילות של סחר, שכוללת מרכיב של העברה לצד שלישי תמורת תמורה, דפוס ביצוע שונה לחלוטין.

4. **נסיבות הליבה** — שני התיקים דומים בפרטים הטכניים (אקדח, נשק מופרד מתחמושת, כמות תחמושת דומה, אחסון בבית), אך נסיבות הליבה המשפטיות (סחר מול החזקה) הופכות את הדמיון הטכני לבלתי רלוונטי.

5. **ישימות כתקדים** — בהתאם להנחיות, ההבחנה בין 144(א) ל-144(ב) היא קריטית. בית משפט לא יראה בתיק של החזקה ביתית תקדים לענישה בתיק של סחר בנשק ועבירות שיבוש.

SIMILARITY_SCORE: 20","ok",""
"ME-16-01-31498-921","ME-16-10-9348-780",1,0,0,"{""מספר עבירה"": ""144 ב"", ""סוג עבירה"": ""נשיאת נשק, הובלת נשק"", ""עבירות נוספות"": ""הנאשם הורשע גם בעבירת גניבה לפי סעיף 384 לחוק העונשין, בנוסף לעבירות נשק לפי סעיף 144."", ""סוג הנשק [רימון הלם/גז]"": 1.0, ""סוג הנשק - אם לא נמצא בטבלה"": ""ארבעה רימוני יד/מדוכה מספר 400 ושלושה רימוני יד הלם סינוור M7290"", ""סטטוס הנשק"": ""נשק מופרד מתחמושת"", ""תכנון"": ""כן"", ""אופן החזקת הנשק"": ""מוסלק - מוסתר"", ""אופן קבלת הנשק"": ""גנב"", ""מטרה-סיבת העבירה"": ""בצע כסף"", ""שימוש"": ""לא"", ""כמות תחמושת"": ""ללא""}","{""מספר עבירה"": ""144 ב"", ""סוג עבירה"": ""נשיאת נשק"", ""סוג הנשק [רובה צייד]"": 1.0, ""סטטוס הנשק"": ""נשק מופרד מתחמושת"", ""תכנון"": ""לא"", ""אופן החזקת הנשק"": ""בבית, ברכב"", ""כמות תחמושת"": ""75 כדורים"", ""שימוש"": ""לא""}",35.0,"1. **סוג העבירה וחומרתה**: שני התיקים עוסקים בסעיף 144(ב) (נשיאה/הובלה), מה שיוצר בסיס משפטי זהה. עם זאת, בתיק 1 מדובר בנשק קטלני מסוג רימונים (נשק פיצוץ), בעוד בתיק 2 מדובר ברובה צייד, מה שמשנה את רמת החומרה הנתפסת.

2. **תפקיד הנאשם ומעורבותו**: בתיק 1 הנאשם הוא יזם פעיל שגנב את הנשק למטרות רווח (בצע כסף), בעוד שבתיק 2 התפקיד פסיבי יותר (החזקה בבית/רכב) ללא אינדיקציה למסחר או גניבה.

3. **שיטת הביצוע (MO)**: קיים פער משמעותי; תיק 1 כולל תכנון, הסתרה (הסלקה) וביצוע עבירה נלווית (גניבה), בעוד תיק 2 הוא מקרה של נשיאה/החזקה ללא דפוס ביצוע מתוכנן.

4. **נסיבות הליבה**: בתיק 1 מדובר בכמות גדולה של רימונים (7 יחידות) ללא תחמושת, ובתיק 2 ברובה אחד עם כמות תחמושת משמעותית (75 כדורים). הנסיבות המקליות/מחמירות שונות: גניבה ותכנון בתיק 1 לעומת החזקה ביתית בתיק 2.

5. **ישימות כתקדים**: למרות ששניהם תחת סעיף 144(ב), השוני בין נשק פיצוץ גנוב ומתוכנן לבין רובה צייד בבית הוא מהותי. בית המשפט יראה בתיק 1 נסיבות מחמירות בהרבה, ולכן הוא לא ישמש כתקדים ענייני לענישה בתיק 2.

SIMILARITY_SCORE: 35","ok",""
"ME-09-11-7566-913","ME-16-06-50916-362",1,0,0,"{""מספר עבירה"": ""144 א, 144 ב"", ""סוג עבירה"": ""החזקה נשק, נשיאת נשק, הובלת נשק"", ""סוג הנשק [אקדח]"": 1.0, ""סטטוס הנשק"": ""תקול"", ""תכנון"": ""לא"", ""אופן החזקת הנשק"": ""ברכב, מוסלק - מוסתר"", ""שימוש"": ""לא"", ""כמות תחמושת"": ""ללא""}","{""מספר עבירה"": ""144 ב"", ""סוג עבירה"": ""נשיאת נשק, הובלת נשק"", ""עבירות נוספות"": ""הנאשם הורשע, בנוסף לעבירות נשק לפי סעיף 144, גם בעבירות נוספות שאינן עבירות נשק: איומים (סעיף 192 לחוק העונשין), ירי באזור מגורים (סעיף 340א לחוק העונשין), מעשה פזיזות ורשלנות (סעיף 338(א)(5) לחוק העונשין), נהיגה בזמן פסילה (סעיף 67 לפקודת התעבורה), ונהיגה ללא רישיון נהיגה (סעיפים 10א ו-62(1) לפקודת התעבורה)."", ""סוג הנשק [תת מקלע]"": 1.0, ""סטטוס הנשק"": ""נשק עם כדור בקנה"", ""תכנון"": ""לא"", ""אופן החזקת הנשק"": ""בבית, ברכב, על גופו"", ""מטרה-סיבת העבירה"": ""הפחדה"", ""שימוש"": ""לא"", ""כמות תחמושת"": ""ללא""}",20.0,"1. **סוג העבירה וחומרתה**: שני התיקים כוללים את סעיף 144(ב) (נשיאה והובלה), אך תיק 2 חמור משמעותית בשל שילוב של עבירות אלימות קשות (ירי באזור מגורים, איומים) ונהיגה פלילית, בעוד תיק 1 עוסק בנשק בלבד.

2. **תפקיד הנאשם ומעורבותו**: בתיק 1 מדובר בהחזקה/הובלה פסיבית יחסית (נשק מוסלק ברכב). בתיק 2 המעורבות אקטיבית ואגרסיבית הרבה יותר, עם נשיאה על הגוף ומטרה מוגדרת של הפחדה.

3. **שיטת הביצוע (MO)**: בתיק 1 הנשק היה מוסתר ברכב. בתיק 2 הנשק היה נגיש (על הגוף) ושימש כחלק משרשרת של עבירות אלימות, מה שמעיד על דפוס התנהגות פלילי רחב ומסוכן יותר.

4. **נסיבות הליבה**: פערים מהותיים: בתיק 1 הנשק היה **תקול** (מפחית חומרה), בעוד בתיק 2 מדובר בתת-מקלע (נשק קטלני יותר) עם **כדור בקנה** (מוכן לשימוש מיידי). כמו כן, בתיק 2 יש שימוש בנשק להפחדה וירי בפועל.

5. **ישימות כתקדים**: בית המשפט יראה את תיק 1 כבלתי רלוונטי כמעט לחלוטין לצורכי ענישה עבור תיק 2. הנסיבות בתיק 2 (נשק תקין, סוג נשק חמור, עבירות נלוות של ירי ואיומים) מציבות אותו בדרגה של חומרה שונה לחלוטין מנשק תקול מוסלק ברכב.

SIMILARITY_SCORE: 20","ok",""
"ME-20-01-17935-7","SH-23-03-19819-247",2,0,1,"{""מספר עבירה"": ""144 א, 144 ב"", ""סוג עבירה"": ""החזקה נשק, נשיאת נשק"", ""עבירות נוספות"": ""הנאשם הואשם והורשע בנוסף לעבירות נשק (סעיפים 144(א) ו-144(ב) בצירוף סעיף 25), גם בעבירה של הפרעה לשוטר במילוי תפקידו לפי סעיף 275 לחוק העונשין. זוהי עבירה שאינה עבירת נשק."", ""סוג הנשק [תת מקלע מאולתר]"": 1.0, ""סטטוס הנשק"": ""תקול"", ""תכנון"": ""לא"", ""אופן החזקת הנשק"": ""על גופו"", ""שימוש"": ""לא"", ""כמות תחמושת"": ""ללא""}","{""מספר עבירה"": ""144 א"", ""סוג עבירה"": ""החזקה נשק"", ""סוג הנשק - אם לא נמצא בטבלה"": ""רובה דמוי רובה סער W300326 מסוג M-16 – רובה אויר שהוסב לירי תחמושת בקליבר 5.56X45"", ""סטטוס הנשק"": ""נשק מופרד מתחמושת"", ""תכנון"": ""לא"", ""אופן החזקת הנשק"": ""בבית, מוסלק - מוסתר"", ""כמות תחמושת"": ""3 מחסניות ובהן כמה עשרות כדורים"", ""שימוש"": ""לא""}",30.0,"1. **סוג העבירה וחומרתה** — תיק 1 כולל נשיאה (144ב) והפרעה לשוטר, בעוד תיק 2 הוא החזקה בלבד (144א). קיים פער משפטי מהותי בין נשיאה על הגוף לבין החזקה בבית.

2. **תפקיד הנאשם ומעורבותו** — בשני המקרים מדובר במחזיקים/נושאים ללא אינדיקציה לסחר או יזמות, אך בתיק 1 המעורבות אקטיבית יותר בשל הנשיאה וההתנגדות לשוטר.

3. **שיטת הביצוע (MO)** — דפוסים שונים לחלוטין: בתיק 1 הנשק היה על הגוף (נשיאה), ובתיק 2 הנשק היה מוסלק בבית (החזקה סטטית).

4. **נסיבות הליבה** — בתיק 1 הנשק היה תקול וללא תחמושת, מה שמרכך את החומרה. בתיק 2 הנשק היה תקין (מוסב) ולווה בכמות משמעותית של תחמושת, אך היה מופרד ממנו.

5. **ישימות כתקדים** — בשל ההבחנה המהותית בין 144(א) ל-144(ב), ובשל השוני בין נשיאה על הגוף להסלקה בבית, בית המשפט לא יראה בתיק 2 תקדים ענישתי רלוונטי לתיק 1 (ולהיפך).

SIMILARITY_SCORE: 30","ok",""
"SH-17-08-47445-166","SH-16-11-7544-55",3,1,1,"{""מספר עבירה"": ""144 א"", ""סוג עבירה"": ""החזקה נשק"", ""סוג הנשק [אקדח]"": 1.0, ""סוג הנשק - אם לא נמצא בטבלה"": ""חפץ דמוי תת מקלע מאולתר"", ""סטטוס הנשק"": ""תקין"", ""תכנון"": ""לא"", ""אופן החזקת הנשק"": ""בבית"", ""שימוש"": ""לא"", ""כמות תחמושת"": ""ללא""}","{""מספר עבירה"": ""144 א"", ""סוג עבירה"": ""החזקה נשק"", ""סוג הנשק [תת מקלע מאולתר]"": 1.0, ""סטטוס הנשק"": ""נשק מופרד מתחמושת"", ""תכנון"": ""לא"", ""אופן החזקת הנשק"": ""על גופו, מוסלק - מוסתר"", ""כמות תחמושת"": ""מחסנית ובה 10 כדורים"", ""שימוש"": ""לא""}",65.0,"1. **סוג העבירה וחומרתה**: שני התיקים עוסקים בעבירה על סעיף 144(א) לחוק הנשק (החזקה בלבד). רמת החומרה הבסיסית דומה, שכן שניהם אינם כוללים נשיאה או הובלה (144ב).

2. **תפקיד הנאשם ומעורבותו**: בשני המקרים מדובר במחזיק פסיבי. אין אינדיקציה לסחר, תיווך או תפקיד של יזם באספקת הנשק.

3. **שיטת הביצוע (MO)**: קיים הבדל במיקום ההחזקה – בתיק 1 הנשק נמצא בבית (החזקה סטטית), ובתיק 2 הנשק היה מוסלק על הגוף. עם זאת, שניהם נחשבים להחזקה ללא שימוש אקטיבי.

4. **נסיבות הליבה**: ישנו הבדל מהותי בכמות התחמושת (בתיק 1 ללא תחמושת, בתיק 2 יש מחסנית מלאה). כמו כן, סוג הנשק בתיק 2 (תת-מקלע מאולתר) נתפס לרוב כחמור יותר מאקדח או חפץ דמוי נשק, אם כי שניהם נשקים לא חוקיים.

5. **ישימות כתקדים**: שני התיקים עומדים תחת אותה הגדרה משפטית (144א). למרות ההבדלים במיקום ובסוג הנשק, הם רלוונטיים זה לזה לצורכי ענישה כבסיס להחזקה ביתית/אישית ללא כוונת פשיעה רחבה.

SIMILARITY_SCORE: 65","ok",""
"ME-16-11-13999-863","m01008097-376",1,0,0,"{""מספר עבירה"": ""144 א, 144 ב"", ""סוג עבירה"": ""החזקה נשק, נשיאת נשק, הובלת נשק"", ""סוג הנשק [אקדח]"": 1.0, ""סטטוס הנשק"": ""נשק עם מחסנית בהכנס"", ""תכנון"": ""לא"", ""אופן החזקת הנשק"": ""ברכב, על גופו"", ""כמות תחמושת"": ""מחסנית ובה כדורים, מחסנית נוספת ובה כדורים"", ""שימוש"": ""לא""}","{""מספר עבירה"": ""144 א, 144 ב"", ""סוג עבירה"": ""החזקה נשק, נשיאת נשק"", ""עבירות נוספות"": ""הנאשם הורשע בנוסף לעבירות נשק (סעיף 144(א) ו-144(ב)), גם בעבירת מעשה פזיזות ורשלנות לפי סעיף 338(5) לחוק העונשין, שהיא עבירה שאינה עבירת נשק."", ""סוג הנשק [רימון רסס]"": 1.0, ""סוג הנשק - אם לא נמצא בטבלה"": ""כדורי רובה ושתי מחסניות"", ""סטטוס הנשק"": ""נשק מופרד מתחמושת"", ""תכנון"": ""לא"", ""אופן החזקת הנשק"": ""בבית, על גופו"", ""כמות תחמושת"": ""כדורים, 2 מחסניות"", ""שימוש"": ""זריקת רימון""}",25.0,"1. **סוג העבירה וחומרתה**: שני התיקים כוללים את סעיפים 144(א) ו-144(ב), אך רמת החומרה בתיק 2 גבוהה משמעותית בשל סוג הנשק (רימון רסס) והעובדה שהנשק שימש לביצוע עבירה פלילית נוספת (מעשה פזיזות ורשלנות).

2. **תפקיד הנאשם ומעורבותו**: בשני המקרים מדובר במחזיק/נושא, אך בתיק 1 מדובר בהחזקה פסיבית (ללא שימוש), בעוד בתיק 2 מדובר במעורבות פעילה ואלימה (זריקת רימון).

3. **שיטת הביצוע (MO)**: אין דמיון מהותי. תיק 1 עוסק בנשיאה ברכב/על הגוף (דפוס של נשיאה למטרות לא ידועות), בעוד תיק 2 עוסק בשימוש אקטיבי בנשק מתפוצץ.

4. **נסיבות הליבה**: פער תהומי בסוג הנשק (אקדח מול רימון רסס) ובנסיבות המקריות (נשיאה שגרתית מול זריקת רימון). כמות התחמושת דומה סדרית, אך סוגה שונה לחלוטין.

5. **ישימות כתקדים**: בית המשפט לא יראה בתיק 1 תקדים לענישה בתיק 2. נשיאת אקדח ללא שימוש אינה רלוונטית למקרה של שימוש ברימון רסס שגרם לסכנה או נזק, שכן נסיבות ההחמרה בתיק 2 משנות את מהות הדיון בענישה.

SIMILARITY_SCORE: 25","ok",""
"ME-16-06-50916-362","ME-15-03-29911-554",3,1,1,"{""מספר עבירה"": ""144 ב"", ""סוג עבירה"": ""נשיאת נשק, הובלת נשק"", ""עבירות נוספות"": ""הנאשם הורשע, בנוסף לעבירות נשק לפי סעיף 144, גם בעבירות נוספות שאינן עבירות נשק: איומים (סעיף 192 לחוק העונשין), ירי באזור מגורים (סעיף 340א לחוק העונשין), מעשה פזיזות ורשלנות (סעיף 338(א)(5) לחוק העונשין), נהיגה בזמן פסילה (סעיף 67 לפקודת התעבורה), ונהיגה ללא רישיון נהיגה (סעיפים 10א ו-62(1) לפקודת התעבורה)."", ""סוג הנשק [תת מקלע]"": 1.0, ""סטטוס הנשק"": ""נשק עם כדור בקנה"", ""תכנון"": ""לא"", ""אופן החזקת הנשק"": ""בבית, ברכב, על גופו"", ""מטרה-סיבת העבירה"": ""הפחדה"", ""שימוש"": ""לא"", ""כמות תחמושת"": ""ללא""}","{""מספר עבירה"": ""144 א, 144 ב"", ""סוג עבירה"": ""החזקה נשק, נשיאת נשק"", ""עבירות נוספות"": ""מעובדות כתב האישום ודברי השופט עולה כי הנאשם הורשע גם בעבירה של ירי באזור מגורים לפי סעיף 340א לחוק העונשין, בנוסף לעבירות הנשק לפי סעיף 144."", ""סוג הנשק [אקדח]"": 1.0, ""סטטוס הנשק"": ""נשק עם כדור בקנה"", ""תכנון"": ""לא"", ""אופן החזקת הנשק"": ""ברכב, על גופו"", ""כמות תחמושת"": ""מחסנית ובה 12 כדורים, מחסנית נוספת, 20 כדורים, 24 כדורים"", ""שימוש"": ""לא""}",85.0,"1. **סוג העבירה וחומרתה** — שני התיקים כוללים הרשעה לפי סעיף 144(ב) (נשיאה/הובלה), שהיא העבירה המרכזית והחמורה יותר. שניהם כוללים גם הרשעה חמורה של ירי באזור מגורים (סעיף 340א), מה שמעלה את רמת החומרה של שני התיקים לרמה דומה מאוד.

2. **תפקיד הנאשם ומעורבותו** — בשני המקרים מדובר בנשיאה אישית של הנשק (על הגוף וברכב) ללא אינדיקציה לסחר או תיווך. מדובר במעורבות פעילה של החזקה ונשיאה לצורך שימוש אישי/פלילי.

3. **שיטת הביצוע (MO)** — דפוס הביצוע דומה מאוד: נשיאת נשק טעון (""כדור בקנה"") ברכב ועל הגוף, תוך שילוב של עבירות אלימות/סכנה לציבור (ירי באזור מגורים).

4. **נסיבות הליבה** — קיימת התאמה בסטטוס הנשק (טעון) ובמיקום הנשיאה. ההבדל הוא בסוג הנשק (תת-מקלע מול אקדח) ובכמות התחמושת המפורטת, אך שניהם מהווים סכנה משמעותית ואינם נחשבים למקרים של ""החזקה פסיבית"" בבית.

5. **ישימות כתקדים** — בית המשפט יראה את התיקים כרלוונטיים מאוד לצורכי ענישה, שכן שניהם עומדים בצומת של נשיאת נשק טעון (144ב) בשילוב עם עבירת ירי באזור מגורים, נסיבה מחמירה ששולטת בשיקולי הגזירה בשני המקרים.

SIMILARITY_SCORE: 85","ok",""
"SH-16-11-49772-358","ME-17-02-54432-484",1,0,0,"{""מספר עבירה"": ""144 א"", ""סוג עבירה"": ""החזקה נשק"", ""עבירות נוספות"": ""הנאשם הורשע גם בעבירת גניבה לפי סעיפים 383(א)(1) ו-384 לחוק העונשין, בנוסף לעבירות הנשק לפי סעיף 144."", ""סוג הנשק [אקדח]"": 1.0, ""סטטוס הנשק"": ""תקין"", ""תכנון"": ""לא"", ""אופן החזקת הנשק"": ""מוסלק - מוסתר"", ""אופן קבלת הנשק"": ""גנב"", ""שימוש"": ""לא"", ""כמות תחמושת"": ""ללא""}","{""מספר עבירה"": ""144 א, 144 ב"", ""סוג עבירה"": ""החזקה נשק, נשיאת נשק"", ""סוג הנשק [אקדח]"": 1.0, ""סטטוס הנשק"": ""נשק עם מחסנית בהכנס"", ""תכנון"": ""כן"", ""אופן החזקת הנשק"": ""ברכב, על גופו, מוסלק - מוסתר"", ""כמות תחמושת"": ""מחסנית ובה 7 כדורים"", ""מטרה-סיבת העבירה"": ""הגנה עצמית"", ""שימוש"": ""לא""}",30.0,"1. **סוג העבירה וחומרתה** — תיק 1 עוסק בהחזקה בלבד (144א), בעוד תיק 2 כולל גם נשיאה/הובלה (144ב). מבחינה משפטית, נשיאה נחשבת לחמורה משמעותית מהחזקה פסיבית, מה שיוצר פער מהותי בחומרת העבירה.

2. **תפקיד הנאשם ומעורבותו** — בתיק 1 הנאשם הוא גנב שהחזיק בנשק (מעורבות פלילית רחבה יותר אך פסיבית ביחס לנשק). בתיק 2 הנאשם נשא את הנשק באופן פעיל על גופו וברכבו, מה שמעיד על נכונות גבוהה יותר לשימוש.

3. **שיטת הביצוע (MO)** — בתיק 1 הנשק היה מוסלק בלבד. בתיק 2 יש דפוס של נשיאה אקטיבית (על הגוף וברכב) לצד הסלקה, מה שמעיד על מוביליות וזמינות של הנשק.

4. **נסיבות הליבה** — בתיק 1 הנשק היה ללא תחמושת. בתיק 2 הנשק היה תקין, עם מחסנית ו-7 כדורים, ובנוסף קיים אלמנט של תכנון ומטרה מוגדרת (הגנה עצמית), מה שמעלה את רמת המסוכנות.

5. **ישימות כתקדים** — כפי שצוין בהנחיות, תיק של 144(א) לבדו כמעט אף פעם לא מהווה תקדים לתיק של 144(ב). השילוב של נשיאה, תחמושת ותכנון בתיק 2 הופך אותו לתיק חמור בהרבה שאינו ניתן להשוואה לתיק 1 לצורכי ענישה.

SIMILARITY_SCORE: 30","ok",""
"ME-14-02-51828-88","ME-14-03-48488-922",1,0,0,"{""מספר עבירה"": ""144 ב"", ""סוג עבירה"": ""נשיאת נשק, הובלת נשק"", ""סוג הנשק - אם לא נמצא בטבלה"": ""שני רובי ציד מאולתרים"", ""סטטוס הנשק"": ""תקין"", ""תכנון"": ""לא"", ""אופן החזקת הנשק"": ""ברכב"", ""מטרה-סיבת העבירה"": ""נסיבות כלכליות"", ""שימוש"": ""לא"", ""כמות תחמושת"": ""ללא""}","{""מספר עבירה"": ""144 א, 144 ב"", ""סוג עבירה"": ""החזקה נשק, נשיאת נשק"", ""עבירות נוספות"": ""הנאשם הורשע גם בעבירה של היזק בזדון בחומר נפיץ לפי סעיף 454 לחוק העונשין, שהיא עבירה שאינה לפי סעיף 144 (עבירות נשק)."", ""סוג הנשק [מטען חבלה]"": 1.0, ""סוג הנשק [מטען חבלה מאולתר]"": 1.0, ""סוג הנשק - אם לא נמצא בטבלה"": ""מכשיר טלפון נייד המשמש בין היתר כמערכת הפעלה במטעני חבלה מאולתרים"", ""סטטוס הנשק"": ""נשק מופרד מתחמושת"", ""תכנון"": ""כן"", ""אופן החזקת הנשק"": ""בבית, ברכב, מוסלק - מוסתר"", ""אופן קבלת הנשק"": ""ייצר"", ""מטרה-סיבת העבירה"": ""אות אזהרה"", ""שימוש"": ""הפעלת מטען"", ""כמות תחמושת"": ""ללא""}",25.0,"1. **סוג העבירה וחומרתה**: שני התיקים כוללים את סעיף 144(ב), אך תיק 2 חמור משמעותית בשל שילוב של החזקה (144א) ועבירה חמורה של היזק בזדון בחומר נפיץ (סעיף 454), מה שמעלה את רמת המסוכנות הפלילית.

2. **תפקיד הנאשם ומעורבותו**: בתיק 1 הנאשם הוא מחזיק/נושא פסיבי יחסית (נסיבות כלכליות). בתיק 2 הנאשם הוא יזם אקטיבי שייצר את המכשיר בעצמו, מה שמעיד על רמה גבוהה יותר של מעורבות ופליליות.

3. **שיטת הביצוע (MO)**: בתיק 1 מדובר בהובלה פשוטה ברכב. בתיק 2 מדובר בייצור של מערכת הפעלה למטעני חבלה, הסתרה של נשק והפעלה בפועל של מטען, דפוס ביצוע מתוחכם ומסוכן בהרבה.

4. **נסיבות הליבה**: בתיק 1 מדובר ברובי ציד מאולתרים ללא תחמושת ללא שימוש. בתיק 2 מדובר במטעני חבלה, תכנון מוקדם, שימוש בפועל בנשק (""הפעלת מטען"") ומטרה של איום (""אות אזהרה"").

5. **ישימות כתקדים**: בית המשפט יראה את תיק 1 כעבירת נשק ""טכנית"" יחסית, בעוד תיק 2 הוא תיק של טרור/פשיעה חמורה הכולל שימוש בנשק. תיק 1 אינו יכול לשמש כתקדים מקל לתיק 2, ותיק 2 חמור מכדי להוות בסיס לענישה בתיק 1.

SIMILARITY_SCORE: 25","ok",""
"ME-14-12-6904-57","ME-18-04-19642-504",1,0,0,"{""מספר עבירה"": ""144 ב"", ""סוג עבירה"": ""נשיאת נשק, הובלת נשק"", ""עבירות נוספות"": ""הנאשם הואשם והורשע בנוסף לעבירת נשק (סעיף 144(ב) לחוק העונשין) גם בעבירה של החזקת סם לצריכה עצמית לפי סעיף 7(א) לפקודת הסמים המסוכנים."", ""סוג הנשק [תת מקלע מאולתר]"": 1.0, ""סטטוס הנשק"": ""נשק מופרד מתחמושת"", ""תכנון"": ""כן"", ""אופן החזקת הנשק"": ""בבית, על גופו, מוסלק - מוסתר"", ""אופן קבלת הנשק"": ""רכש"", ""כמות תחמושת"": ""מחסנית וכדורים, כדורים"", ""שימוש"": ""לא""}","{""מספר עבירה"": ""144 א, 144 ב"", ""סוג עבירה"": ""נשיאת נשק, הובלת נשק"", ""עבירות נוספות"": ""הנאשם הורשע בנוסף לעבירות נשק (סעיפים 144(א) ו-144(ב) לחוק העונשין) גם בעבירה של מעשי פזיזות ורשלנות לפי סעיף 338(א)(5) לחוק העונשין, שהיא עבירה שאינה עבירת נשק."", ""סוג הנשק [אקדח]"": 1.0, ""סטטוס הנשק"": ""נשק עם כדור בקנה"", ""תכנון"": ""לא"", ""אופן החזקת הנשק"": ""ברכב, על גופו, מוסלק - מוסתר"", ""כמות תחמושת"": ""2 מחסניות, 40 כדורים"", ""מטרה-סיבת העבירה"": ""אלימות במשפחה"", ""שימוש"": ""לא""}",65.0,"1. **סוג העבירה וחומרתה**: שני התיקים כוללים הרשעה לפי סעיף 144(ב) (נשיאה/הובלה), שהיא עבירה חמורה יותר מהחזקה בלבד. רמת החומרה הבסיסית דומה, אם כי בתיק 2 מדובר בשילוב של (א) ו-(ב).

2. **תפקיד הנאשם ומעורבותו**: בשני המקרים הנאשם הוא המחזיק/נושא של הנשק. אין עדות לתפקיד של סוחר או יזם באף אחד מהתיקים, ושניהם נחשבים למעורבות אישית ישירה.

3. **שיטת הביצוע (MO)**: דפוס דומה של הסתרה (מוסלק) ונשיאה על הגוף. בתיק 1 הנשק היה בבית ובתיק 2 ברכב, אך שניהם כוללים נשיאה אקטיבית.

4. **נסיבות הליבה**: קיים הבדל מהותי במידת הסכנה: בתיק 1 הנשק מופרד מתחמושת, בעוד בתיק 2 הנשק טעון (כדור בקנה) עם כמות תחמושת משמעותית יותר. כמו כן, בתיק 2 יש נסיבה מחמירה של רקע של אלימות במשפחה, לעומת רקע של סמים בתיק 1.

5. **ישימות כתקדים**: מכיוון ששני התיקים עוסקים בסעיף 144(ב), הם רלוונטיים זה לזה. עם זאת, הפער בין נשק מופרד מתחמושת לנשק טעון עם כדור בקנה הוא משמעותי מאוד בענישה פלילית, מה שמקטין את רמת הדמיון המהותי.

SIMILARITY_SCORE: 65","ok",""
"ME-18-10-30972-637","ME-14-11-7498-539",3,1,1,"{""מספר עבירה"": ""144 ב"", ""סוג עבירה"": ""ניסיון לסחר בנשק"", ""סוג הנשק [רובה סער]"": 1.0, ""סטטוס הנשק"": ""תקין"", ""תכנון"": ""לא"", ""אופן קבלת הנשק"": ""רכש"", ""שימוש"": ""לא"", ""מטרה-סיבת העבירה"": ""בצע כסף"", ""כמות תחמושת"": ""ללא""}","{""מספר עבירה"": ""144 א, 144 ב"", ""סוג עבירה"": ""החזקה נשק, נשיאת נשק, הובלת נשק, ניסיון לסחר בנשק"", ""עבירות נוספות"": ""הנאשם הורשע גם בעבירת קשירת קשר לביצוע פשע (סעיף 499(א)(1) לחוק העונשין) ובעבירת גניבה (סעיף 384 לחוק העונשין), שהן אינן עבירות נשק לפי סעיף 144."", ""סוג הנשק [רובה סער]"": 1.0, ""סטטוס הנשק"": ""נשק עם מחסנית בהכנס"", ""תכנון"": ""כן"", ""אופן החזקת הנשק"": ""ברכב"", ""אופן קבלת הנשק"": ""מאחר"", ""כמות תחמושת"": ""מחסנית ובה 29 כדורים"", ""מטרה-סיבת העבירה"": ""בצע כסף"", ""שימוש"": ""לא""}",65.0,"1. **סוג העבירה וחומרתה**: שני התיקים כוללים את סעיף 144(ב) וניסיון לסחר בנשק, שהם עבירות חמורות. עם זאת, תיק 2 רחב בהרבה וכולל גם החזקה (144א) ועבירות נלוות חמורות (קשירת קשר וגניבה), מה שמעלה את רמת החומרה הכוללת של התיק השני.

2. **תפקיד הנאשם ומעורבותו**: בשני המקרים מדובר במעורבות פעילה למטרת רווח כספי (סחר). עם זאת, בתיק 2 קיימת ראיה לקשירת קשר, מה שמעיד על תפקיד מורכב יותר מאשר רכישה פשוטה של נשק כפי שמופיע בתיק 1.

3. **שיטת הביצוע (MO)**: בתיק 1 מדובר ברכישה לצורך סחר, בעוד בתיק 2 מדובר בהובלה ברכב ובקבלת הנשק מאחר. הדפוסים דומים במובן של ""שרשרת אספקה"" של נשק בלתי חוקי, אך תיק 2 מציג ביצוע אקטיבי יותר (הובלה).

4. **נסיבות הליבה**: קיים הבדל מהותי בכמות התחמושת ובמוכנות הנשק; בתיק 1 אין תחמושת, בעוד בתיק 2 הנשק טעון במחסנית של 29 כדורים. כמו כן, בתיק 2 יש תכנון מוקדם, בניגוד לתיק 1.

5. **ישימות כתקדים**: מכיוון ששני התיקים כוללים את סעיף 144(ב) וניסיון לסחר ברובה סער למטרת בצע, תיק 2 יכול לשמש כ""גבול עליון"" לענישה עבור תיק 1. עם זאת, הנסיבות המקליות בתיק 1 (ללא תחמושת, ללא תכנון, ללא עבירות נלוות) יביאו להבחנה משפטית משמעותית.

SIMILARITY_SCORE: 65","ok",""
"ME-17-02-54432-484","ME-16-07-45228-25",3,1,1,"{""מספר עבירה"": ""144 א, 144 ב"", ""סוג עבירה"": ""החזקה נשק, נשיאת נשק"", ""סוג הנשק [אקדח]"": 1.0, ""סטטוס הנשק"": ""נשק עם מחסנית בהכנס"", ""תכנון"": ""כן"", ""אופן החזקת הנשק"": ""ברכב, על גופו, מוסלק - מוסתר"", ""כמות תחמושת"": ""מחסנית ובה 7 כדורים"", ""מטרה-סיבת העבירה"": ""הגנה עצמית"", ""שימוש"": ""לא""}","{""מספר עבירה"": ""144 ב"", ""סוג עבירה"": ""נשיאת נשק"", ""סוג הנשק [אקדח]"": 1.0, ""סטטוס הנשק"": ""נשק עם מחסנית בהכנס"", ""תכנון"": ""לא"", ""אופן החזקת הנשק"": ""על גופו, מוסלק - מוסתר"", ""כמות תחמושת"": ""מחסנית ובה 10 כדורים"", ""שימוש"": ""לא""}",85.0,"1. **סוג העבירה וחומרתה**: שני התיקים עוסקים בעבירות על חוק הנשק, כאשר שניהם כוללים את סעיף 144(ב) (נשיאה), שנחשב לחמור יותר מהחזקה בלבד. רמת החומרה דומה מאוד.

2. **תפקיד הנאשם ומעורבותו**: בשני המקרים מדובר בנשיאה אישית של הנשק על ידי הנאשם. אין אינדיקציה לסחר או תיווך, ושני הנאשמים פועלים כ""מחזיקים/נושאים"" סופיים.

3. **שיטת הביצוע (MO)**: דפוס דומה מאוד; בשני המקרים הנשק היה מוסתר/מוסלק ועל גוף הנאשם (בתיק 1 גם ברכב), מה שמעיד על ניסיון להסתיר את הנשק מהרשויות.

4. **נסיבות הליבה**: סוג הנשק זהה (אקדח), שניהם עם מחסנית בפנים וכמות תחמושת דומה (7 לעומת 10 כדורים). ההבדל המרכזי הוא בתיק 1 קיימת טענה להגנה עצמית ותכנון, בעוד בתיק 2 לא צוינו נסיבות אלו.

5. **ישימות כתקדים**: בית המשפט יראה את התיקים כרלוונטיים מאוד לצורכי ענישה, שכן שניהם עוסקים בנשיאת אקדח טעון על הגוף ללא שימוש בפועל. ההבדלים בנסיבות המקלות/מחמירות הם מינוריים ביחס לליבת העבירה.

SIMILARITY_SCORE: 85","ok",""
"ME-09-06-10774-130","SH-20-02-52091-995",1,0,0,"{""מספר עבירה"": ""144 א, 144 ב"", ""סוג עבירה"": ""החזקה נשק, נשיאת נשק"", ""סוג הנשק [אקדח]"": 1.0, ""סטטוס הנשק"": ""תקין"", ""תכנון"": ""לא"", ""אופן החזקת הנשק"": ""ברכב"", ""שימוש"": ""לא"", ""כמות תחמושת"": ""ללא""}","{""מספר עבירה"": ""144 א"", ""סוג עבירה"": ""החזקה נשק"", ""סוג הנשק [תת מקלע מאולתר]"": 1.0, ""סטטוס הנשק"": ""נשק מופרד מתחמושת"", ""תכנון"": ""לא"", ""אופן החזקת הנשק"": ""בבית, מוסלק - מוסתר"", ""כמות תחמושת"": ""20 כדורים"", ""שימוש"": ""לא""}",30.0,"1. **סוג העבירה וחומרתה**: תיק 1 כולל נשיאה (144ב) שהיא עבירה חמורה יותר מהחזקה בלבד. תיק 2 עוסק בהחזקה בלבד (144א), מה שיוצר פער משפטי מהותי ברמת החומרה.

2. **תפקיד הנאשם ומעורבותו**: בשני המקרים מדובר במחזיקים/נושאים ללא עדות לסחר או יזמות, אך בתיק 1 המעורבות היא אקטיבית יותר (נשיאה ברכב) לעומת החזקה פסיבית בבית בתיק 2.

3. **שיטת הביצוע (MO)**: דפוסים שונים לחלוטין; נשיאה ניידת ברכב לעומת הסתרה של נשק בתוך מגורי הנאשם.

4. **נסיבות הליבה**: סוגי הנשק שונים מהותית (אקדח תקין מול תת-מקלע מאולתר). בעוד שבתיק 1 אין תחמושת, בתיק 2 יש תחמושת אך היא מופרדת מהנשק, מה שמשנה את רמת הסכנה המיידית.

5. **ישימות כתקדים**: בית המשפט יבחין בין נשיאה (144ב) להחזקה (144א). תיק של החזקה בבית (תיק 2) לא ישמש כתקדים מקל לנשיאה ברכב (תיק 1), ולהיפך, חומרת הנשיאה בתיק 1 אינה רלוונטית לתיק 2.

SIMILARITY_SCORE: 30","ok",""
"SH-15-03-49530-992","ME-16-05-9983-155",2,0,1,"{""מספר עבירה"": ""144 א"", ""סוג עבירה"": ""החזקה נשק"", ""סוג הנשק [תת מקלע מאולתר]"": 1.0, ""סטטוס הנשק"": ""נשק עם מחסנית בהכנס"", ""תכנון"": ""לא"", ""אופן החזקת הנשק"": ""מוסלק - מוסתר"", ""כמות תחמושת"": ""מחסנית ובה כדורים, מחסנית טעונה בכדורים, כדורים"", ""שימוש"": ""לא""}","{""מספר עבירה"": ""144 א, 144 ב"", ""סוג עבירה"": ""החזקה נשק, נשיאת נשק"", ""סוג הנשק [תת מקלע מאולתר]"": 1.0, ""סטטוס הנשק"": ""נשק מופרד מתחמושת"", ""תכנון"": ""לא"", ""אופן החזקת הנשק"": ""מוסלק - מוסתר"", ""אופן קבלת הנשק"": ""מאחר"", ""כמות תחמושת"": ""מחסנית"", ""שימוש"": ""לא""}",40.0,"1. **סוג העבירה וחומרתה**: תיק 1 עוסק בהחזקה בלבד (144א), בעוד תיק 2 כולל גם נשיאה/הובלה (144ב). מבחינה משפטית, נשיאה נחשבת לחמורה יותר מהחזקה בבית/במקום מוסתר, מה שיוצר פער משמעותי בחומרת העבירה.

2. **תפקיד הנאשם ומעורבותו**: בשני המקרים מדובר במחזיקים של נשק מוסלק ללא עדות לתפקיד של סוחר או יזם. רמת המעורבות נראית דומה (פסיבית/שמירה), אך בתיק 2 יש אלמנט של תנועה (נשיאה).

3. **שיטת הביצוע (MO)**: שני התיקים דומים בדפוס ההסלקה (נשק מוסתר). עם זאת, בתיק 2 מופיע נסיב של ""מאחר"" (קבלת הנשק), מה שמעיד על מעגל הפצה/העברה שאינו מופיע בתיק 1.

4. **נסיבות הליבה**: סוג הנשק זהה (תת מקלע מאולתר), אך רמת המוכנות שונה: בתיק 1 הנשק היה טעון/עם מחסנית בהכנס (מוכנות גבוהה לתקיפה), בעוד בתיק 2 הנשק היה מופרד מהתחמושת.

5. **ישימות כתקדים**: בשל ההבדל המהותי בין סעיף 144(א) ל-144(ב), תיק 1 (החזקה בלבד) אינו יכול לשמש כתקדים מקל לתיק 2. בית המשפט רואה בנשיאה נשק סכנה מיידית גדולה יותר מאשר החזקה מוסלקת.

SIMILARITY_SCORE: 40","ok",""
